  0
SECTION
  2
HEADER
  9
$ACADVER
  1
AC1027
  9
$ACADMAINTVER
 70
   105
  9
$DWGCODEPAGE
  3
ANSI_1252
  9
$LASTSAVEDBY
  1
Oliver
  9
$REQUIREDVERSIONS
160
                 0
  9
$INSBASE
 10
0.0
 20
0.0
 30
0.0
  9
$EXTMIN
 10
-0.4999999999999999
 20
-0.236
 30
0.0
  9
$EXTMAX
 10
7.999999999999999
 20
5.486
 30
0.0
  9
$LIMMIN
 10
0.0
 20
0.0
  9
$LIMMAX
 10
12.0
 20
9.0
  9
$ORTHOMODE
 70
     0
  9
$REGENMODE
 70
     1
  9
$FILLMODE
 70
     1
  9
$QTEXTMODE
 70
     0
  9
$MIRRTEXT
 70
     0
  9
$LTSCALE
 40
1.0
  9
$ATTMODE
 70
     1
  9
$TEXTSIZE
 40
0.2
  9
$TRACEWID
 40
0.05
  9
$TEXTSTYLE
  7
Standard
  9
$CLAYER
  8
PCB
  9
$CELTYPE
  6
ByLayer
  9
$CECOLOR
 62
   256
  9
$CELTSCALE
 40
1.0
  9
$DISPSILH
 70
     0
  9
$DIMSCALE
 40
1.0
  9
$DIMASZ
 40
2.5
  9
$DIMEXO
 40
0.625
  9
$DIMDLI
 40
5.0
  9
$DIMRND
 40
0.0
  9
$DIMDLE
 40
0.0
  9
$DIMEXE
 40
1.25
  9
$DIMTP
 40
0.0
  9
$DIMTM
 40
0.0
  9
$DIMTXT
 40
2.5
  9
$DIMCEN
 40
0.09
  9
$DIMTSZ
 40
0.0
  9
$DIMTOL
 70
     0
  9
$DIMLIM
 70
     0
  9
$DIMTIH
 70
     0
  9
$DIMTOH
 70
     1
  9
$DIMSE1
 70
     0
  9
$DIMSE2
 70
     0
  9
$DIMTAD
 70
     1
  9
$DIMZIN
 70
     8
  9
$DIMBLK
  1

  9
$DIMASO
 70
     1
  9
$DIMSHO
 70
     1
  9
$DIMPOST
  1

  9
$DIMAPOST
  1

  9
$DIMALT
 70
     0
  9
$DIMALTD
 70
     2
  9
$DIMALTF
 40
25.4
  9
$DIMLFAC
 40
1.0
  9
$DIMTOFL
 70
     0
  9
$DIMTVP
 40
0.0
  9
$DIMTIX
 70
     0
  9
$DIMSOXD
 70
     0
  9
$DIMSAH
 70
     0
  9
$DIMBLK1
  1

  9
$DIMBLK2
  1

  9
$DIMSTYLE
  2
Standard
  9
$DIMCLRD
 70
     0
  9
$DIMCLRE
 70
     0
  9
$DIMCLRT
 70
     0
  9
$DIMTFAC
 40
1.0
  9
$DIMGAP
 40
0.625
  9
$DIMJUST
 70
     0
  9
$DIMSD1
 70
     0
  9
$DIMSD2
 70
     0
  9
$DIMTOLJ
 70
     1
  9
$DIMTZIN
 70
     0
  9
$DIMALTZ
 70
     0
  9
$DIMALTTZ
 70
     0
  9
$DIMUPT
 70
     0
  9
$DIMDEC
 70
     4
  9
$DIMTDEC
 70
     4
  9
$DIMALTU
 70
     2
  9
$DIMALTTD
 70
     2
  9
$DIMTXSTY
  7
Standard
  9
$DIMAUNIT
 70
     0
  9
$DIMADEC
 70
     0
  9
$DIMALTRND
 40
0.0
  9
$DIMAZIN
 70
     2
  9
$DIMDSEP
 70
    46
  9
$DIMATFIT
 70
     0
  9
$DIMFRAC
 70
     0
  9
$DIMLDRBLK
  1

  9
$DIMLUNIT
 70
     2
  9
$DIMLWD
 70
    -2
  9
$DIMLWE
 70
    -2
  9
$DIMTMOVE
 70
     0
  9
$DIMFXL
 40
1.0
  9
$DIMFXLON
 70
     0
  9
$DIMJOGANG
 40
0.7853981633974483
  9
$DIMTFILL
 70
     0
  9
$DIMTFILLCLR
 70
     0
  9
$DIMARCSYM
 70
     0
  9
$DIMLTYPE
  6

  9
$DIMLTEX1
  6

  9
$DIMLTEX2
  6

  9
$DIMTXTDIRECTION
 70
     0
  9
$LUNITS
 70
     2
  9
$LUPREC
 70
     4
  9
$SKETCHINC
 40
0.1
  9
$FILLETRAD
 40
0.0
  9
$AUNITS
 70
     0
  9
$AUPREC
 70
     0
  9
$MENU
  1
.
  9
$ELEVATION
 40
0.0
  9
$PELEVATION
 40
0.0
  9
$THICKNESS
 40
0.0
  9
$LIMCHECK
 70
     0
  9
$CHAMFERA
 40
0.0
  9
$CHAMFERB
 40
0.0
  9
$CHAMFERC
 40
0.0
  9
$CHAMFERD
 40
0.0
  9
$SKPOLY
 70
     0
  9
$TDCREATE
 40
2461241.393363507
  9
$TDUCREATE
 40
2461241.35169684
  9
$TDUPDATE
 40
2461241.393363808
  9
$TDUUPDATE
 40
2461241.351697141
  9
$TDINDWG
 40
0.0000000116
  9
$TDUSRTIMER
 40
0.0000000116
  9
$USRTIMER
 70
     1
  9
$ANGBASE
 50
0.0
  9
$ANGDIR
 70
     0
  9
$PDMODE
 70
     0
  9
$PDSIZE
 40
0.0
  9
$PLINEWID
 40
0.0
  9
$SPLFRAME
 70
     0
  9
$SPLINETYPE
 70
     6
  9
$SPLINESEGS
 70
     8
  9
$HANDSEED
  5
395
  9
$SURFTAB1
 70
     6
  9
$SURFTAB2
 70
     6
  9
$SURFTYPE
 70
     6
  9
$SURFU
 70
     6
  9
$SURFV
 70
     6
  9
$UCSBASE
  2

  9
$UCSNAME
  2

  9
$UCSORG
 10
0.0
 20
0.0
 30
0.0
  9
$UCSXDIR
 10
1.0
 20
0.0
 30
0.0
  9
$UCSYDIR
 10
0.0
 20
1.0
 30
0.0
  9
$UCSORTHOREF
  2

  9
$UCSORTHOVIEW
 70
     0
  9
$UCSORGTOP
 10
0.0
 20
0.0
 30
0.0
  9
$UCSORGBOTTOM
 10
0.0
 20
0.0
 30
0.0
  9
$UCSORGLEFT
 10
0.0
 20
0.0
 30
0.0
  9
$UCSORGRIGHT
 10
0.0
 20
0.0
 30
0.0
  9
$UCSORGFRONT
 10
0.0
 20
0.0
 30
0.0
  9
$UCSORGBACK
 10
0.0
 20
0.0
 30
0.0
  9
$PUCSBASE
  2

  9
$PUCSNAME
  2

  9
$PUCSORG
 10
0.0
 20
0.0
 30
0.0
  9
$PUCSXDIR
 10
1.0
 20
0.0
 30
0.0
  9
$PUCSYDIR
 10
0.0
 20
1.0
 30
0.0
  9
$PUCSORTHOREF
  2

  9
$PUCSORTHOVIEW
 70
     0
  9
$PUCSORGTOP
 10
0.0
 20
0.0
 30
0.0
  9
$PUCSORGBOTTOM
 10
0.0
 20
0.0
 30
0.0
  9
$PUCSORGLEFT
 10
0.0
 20
0.0
 30
0.0
  9
$PUCSORGRIGHT
 10
0.0
 20
0.0
 30
0.0
  9
$PUCSORGFRONT
 10
0.0
 20
0.0
 30
0.0
  9
$PUCSORGBACK
 10
0.0
 20
0.0
 30
0.0
  9
$USERI1
 70
     0
  9
$USERI2
 70
     0
  9
$USERI3
 70
     0
  9
$USERI4
 70
     0
  9
$USERI5
 70
     0
  9
$USERR1
 40
0.0
  9
$USERR2
 40
0.0
  9
$USERR3
 40
0.0
  9
$USERR4
 40
0.0
  9
$USERR5
 40
0.0
  9
$WORLDVIEW
 70
     1
  9
$SHADEDGE
 70
     3
  9
$SHADEDIF
 70
    70
  9
$TILEMODE
 70
     1
  9
$MAXACTVP
 70
    64
  9
$PINSBASE
 10
0.0
 20
0.0
 30
0.0
  9
$PLIMCHECK
 70
     0
  9
$PEXTMIN
 10
0.0
 20
0.0
 30
0.0
  9
$PEXTMAX
 10
0.0
 20
0.0
 30
0.0
  9
$PLIMMIN
 10
-20.0
 20
-7.5
  9
$PLIMMAX
 10
277.0
 20
202.5
  9
$UNITMODE
 70
     0
  9
$VISRETAIN
 70
     1
  9
$PLINEGEN
 70
     0
  9
$PSLTSCALE
 70
     1
  9
$TREEDEPTH
 70
  3020
  9
$CMLSTYLE
  2
Standard
  9
$CMLJUST
 70
     0
  9
$CMLSCALE
 40
1.0
  9
$PROXYGRAPHICS
 70
     1
  9
$MEASUREMENT
 70
     1
  9
$CELWEIGHT
370
    -1
  9
$ENDCAPS
280
     0
  9
$JOINSTYLE
280
     0
  9
$LWDISPLAY
290
     0
  9
$INSUNITS
 70
     1
  9
$HYPERLINKBASE
  1

  9
$STYLESHEET
  1

  9
$XEDIT
290
     1
  9
$CEPSNTYPE
380
     0
  9
$PSTYLEMODE
290
     1
  9
$FINGERPRINTGUID
  2
{289850d5-1b61-4575-a78a-73b78adb3b3e}
  9
$VERSIONGUID
  2
{FAEB1C32-E019-11D5-929B-00C0DF256EC4}
  9
$EXTNAMES
290
     1
  9
$PSVPSCALE
 40
0.0
  9
$OLESTARTUP
290
     0
  9
$SORTENTS
280
   127
  9
$INDEXCTL
280
     0
  9
$HIDETEXT
280
     1
  9
$XCLIPFRAME
280
     2
  9
$HALOGAP
280
     0
  9
$OBSCOLOR
 70
   257
  9
$OBSLTYPE
280
     0
  9
$INTERSECTIONDISPLAY
280
     0
  9
$INTERSECTIONCOLOR
 70
   257
  9
$DIMASSOC
280
     2
  9
$PROJECTNAME
  1

  9
$CAMERADISPLAY
290
     0
  9
$LENSLENGTH
 40
50.0
  9
$CAMERAHEIGHT
 40
0.0
  9
$STEPSPERSEC
 40
2.0
  9
$STEPSIZE
 40
6.0
  9
$3DDWFPREC
 40
2.0
  9
$PSOLWIDTH
 40
0.25
  9
$PSOLHEIGHT
 40
4.0
  9
$LOFTANG1
 40
1.570796326794897
  9
$LOFTANG2
 40
1.570796326794897
  9
$LOFTMAG1
 40
0.0
  9
$LOFTMAG2
 40
0.0
  9
$LOFTPARAM
 70
     7
  9
$LOFTNORMALS
280
     1
  9
$LATITUDE
 40
37.795
  9
$LONGITUDE
 40
-122.394
  9
$NORTHDIRECTION
 40
0.0
  9
$TIMEZONE
 70
 -8000
  9
$LIGHTGLYPHDISPLAY
280
     1
  9
$TILEMODELIGHTSYNCH
280
     1
  9
$CMATERIAL
347
2EE
  9
$SOLIDHIST
280
     0
  9
$SHOWHIST
280
     1
  9
$DWFFRAME
280
     2
  9
$DGNFRAME
280
     2
  9
$REALWORLDSCALE
290
     1
  9
$INTERFERECOLOR
 62
   256
  9
$CSHADOW
280
     0
  9
$SHADOWPLANELOCATION
 40
0.0
  0
ENDSEC
  0
SECTION
  2
CLASSES
  0
CLASS
  1
ACDBDICTIONARYWDFLT
  2
AcDbDictionaryWithDefault
  3
ObjectDBX Classes
 90
        0
 91
        3
280
     0
281
     0
  0
CLASS
  1
VISUALSTYLE
  2
AcDbVisualStyle
  3
ObjectDBX Classes
 90
     4095
 91
        3
280
     0
281
     0
  0
CLASS
  1
MATERIAL
  2
AcDbMaterial
  3
ObjectDBX Classes
 90
     1153
 91
        3
280
     0
281
     0
  0
CLASS
  1
SCALE
  2
AcDbScale
  3
ObjectDBX Classes
 90
     1153
 91
        3
280
     0
281
     0
  0
CLASS
  1
TABLESTYLE
  2
AcDbTableStyle
  3
ObjectDBX Classes
 90
     4095
 91
        3
280
     0
281
     0
  0
CLASS
  1
MLEADERSTYLE
  2
AcDbMLeaderStyle
  3
ACDB_MLEADERSTYLE_CLASS
 90
     4095
 91
        3
280
     0
281
     0
  0
CLASS
  1
SUN
  2
AcDbSun
  3
SCENEOE
 90
     1153
 91
        3
280
     0
281
     0
  0
CLASS
  1
RASTERVARIABLES
  2
AcDbRasterVariables
  3
ISM
 90
        0
 91
        3
280
     0
281
     0
  0
CLASS
  1
DICTIONARYVAR
  2
AcDbDictionaryVar
  3
ObjectDBX Classes
 90
        0
 91
        3
280
     0
281
     0
  0
CLASS
  1
CELLSTYLEMAP
  2
AcDbCellStyleMap
  3
ObjectDBX Classes
 90
     1152
 91
        3
280
     0
281
     0
  0
ENDSEC
  0
SECTION
  2
TABLES
  0
TABLE
  2
VPORT
  5
2B3
330
0
100
AcDbSymbolTable
 70
     1
  0
VPORT
  5
2D3
330
2B3
100
AcDbSymbolTableRecord
100
AcDbViewportTableRecord
  2
*Active
 70
     0
 10
0.0
 20
0.0
 11
1.0
 21
1.0
 12
2.840615238956852
 22
4.087702514297282
 13
0.0
 23
0.0
 14
0.5
 24
0.5
 15
0.5
 25
0.5
 16
0.0
 26
0.0
 36
1.0
 17
0.0
 27
0.0
 37
0.0
 40
11.43218562650766
 41
1.954044117647059
 42
50.0
 43
0.0
 44
0.0
 50
0.0
 51
0.0
 71
     0
 72
   100
 73
     1
 74
     3
 75
     0
 76
     0
 77
     0
 78
     0
281
     0
 65
     1
110
0.0
120
0.0
130
0.0
111
1.0
121
0.0
131
0.0
112
0.0
122
1.0
132
0.0
 79
     0
146
0.0
348
2D9
 60
     3
 61
     5
292
     1
282
     1
141
0.0
142
0.0
 63
   250
361
307
  0
ENDTAB
  0
TABLE
  2
LTYPE
  5
2B0
330
0
100
AcDbSymbolTable
 70
    51
  0
LTYPE
  5
2BE
330
2B0
100
AcDbSymbolTableRecord
100
AcDbLinetypeTableRecord
  2
ByBlock
 70
     0
  3

 72
    65
 73
     0
 40
0.0
  0
LTYPE
  5
2BF
330
2B0
100
AcDbSymbolTableRecord
100
AcDbLinetypeTableRecord
  2
ByLayer
 70
     0
  3

 72
    65
 73
     0
 40
0.0
  0
LTYPE
  5
2C0
330
2B0
100
AcDbSymbolTableRecord
100
AcDbLinetypeTableRecord
  2
Continuous
 70
     0
  3
Solid line
 72
    65
 73
     0
 40
0.0
  0
LTYPE
  5
34B
330
2B0
100
AcDbSymbolTableRecord
100
AcDbLinetypeTableRecord
  2
HIDDEN
 70
     0
  3
Hidden __ __ __ __ __ __ __ __ __ __ __ __ __ __
 72
    65
 73
     2
 40
0.375
 49
0.25
 74
     0
 49
-0.125
 74
     0
  0
LTYPE
  5
34D
330
2B0
100
AcDbSymbolTableRecord
100
AcDbLinetypeTableRecord
  2
GAS_LINE
 70
     0
  3
Gas line ----GAS----GAS----GAS----GAS----GAS----GAS--
 72
    65
 73
     3
 40
0.95
 49
0.5
 74
     0
 49
-0.2
 74
     2
 75
     0
340
34C
 46
0.1
 50
0.0
 44
-0.1
 45
-0.05
  9
GAS
 49
-0.25
 74
     0
  0
LTYPE
  5
34E
330
2B0
100
AcDbSymbolTableRecord
100
AcDbLinetypeTableRecord
  2
DOTX2
 70
     0
  3
Dot (2x) .  .  .  .  .  .  .  .  .  .  .  .  .  .
 72
    65
 73
     2
 40
0.5
 49
0.0
 74
     0
 49
-0.5
 74
     0
  0
LTYPE
  5
34F
330
2B0
100
AcDbSymbolTableRecord
100
AcDbLinetypeTableRecord
  2
DOT2
 70
     0
  3
Dot (.5x) ........................................
 72
    65
 73
     2
 40
0.125
 49
0.0
 74
     0
 49
-0.125
 74
     0
  0
LTYPE
  5
351
330
2B0
100
AcDbSymbolTableRecord
100
AcDbLinetypeTableRecord
  2
DRAINAGE2
 70
     0
  3
Drainage reversed ----<----<----<----
 72
    65
 73
     2
 40
0.4
 49
0.2
 74
     2
 75
     0
340
350
 46
0.2
 50
0.0
 44
0.0
 45
0.0
  9
RIGHT_ARROW
 49
0.2
 74
     0
  0
LTYPE
  5
352
330
2B0
100
AcDbSymbolTableRecord
100
AcDbLinetypeTableRecord
  2
DRAINAGE
 70
     0
  3
Drainage ---->---->---->----
 72
    65
 73
     2
 40
0.4
 49
0.2
 74
     2
 75
     0
340
350
 46
0.2
 50
180.0
 44
0.0
 45
0.0
  9
RIGHT_ARROW
 49
0.2
 74
     0
  0
LTYPE
  5
353
330
2B0
100
AcDbSymbolTableRecord
100
AcDbLinetypeTableRecord
  2
ACAD_ISO14W100
 70
     0
  3
ISO dash triple-dot __ . . . __ . . . __ . . . _
 72
    65
 73
     8
 40
24.0
 49
12.0
 74
     0
 49
-3.0
 74
     0
 49
0.0
 74
     0
 49
-3.0
 74
     0
 49
0.0
 74
     0
 49
-3.0
 74
     0
 49
0.0
 74
     0
 49
-3.0
 74
     0
  0
LTYPE
  5
354
330
2B0
100
AcDbSymbolTableRecord
100
AcDbLinetypeTableRecord
  2
ACAD_ISO13W100
 70
     0
  3
ISO double-dash double-dot __ __ . . __ __ . . _
 72
    65
 73
     8
 40
36.0
 49
12.0
 74
     0
 49
-3.0
 74
     0
 49
12.0
 74
     0
 49
-3.0
 74
     0
 49
0.0
 74
     0
 49
-3.0
 74
     0
 49
0.0
 74
     0
 49
-3.0
 74
     0
  0
LTYPE
  5
356
330
2B0
100
AcDbSymbolTableRecord
100
AcDbLinetypeTableRecord
  2
BATTING
 70
     0
  3
Batting SSSSSSSSSSSSSSSSSSSSSSSSSSSSSSSSSSSSSSSSSSSSSSS
 72
    65
 73
     4
 40
0.4001
 49
0.0001
 74
     0
 49
-0.1
 74
     2
 75
     0
340
355
 46
0.1
 50
0.0
 44
-0.1
 45
0.0
  9
BAT
 49
-0.2
 74
     2
 75
     0
340
355
 46
0.1
 50
180.0
 44
0.1
 45
0.0
  9
BAT
 49
-0.1
 74
     0
  0
LTYPE
  5
357
330
2B0
100
AcDbSymbolTableRecord
100
AcDbLinetypeTableRecord
  2
ACAD_ISO15W100
 70
     0
  3
ISO double-dash triple-dot __ __ . . . __ __ . .
 72
    65
 73
    10
 40
39.0
 49
12.0
 74
     0
 49
-3.0
 74
     0
 49
12.0
 74
     0
 49
-3.0
 74
     0
 49
0.0
 74
     0
 49
-3.0
 74
     0
 49
0.0
 74
     0
 49
-3.0
 74
     0
 49
0.0
 74
     0
 49
-3.0
 74
     0
  0
LTYPE
  5
358
330
2B0
100
AcDbSymbolTableRecord
100
AcDbLinetypeTableRecord
  2
ACAD_ISO10W100
 70
     0
  3
ISO dash dot __ . __ . __ . __ . __ . __ . __ . 
 72
    65
 73
     4
 40
18.0
 49
12.0
 74
     0
 49
-3.0
 74
     0
 49
0.0
 74
     0
 49
-3.0
 74
     0
  0
LTYPE
  5
359
330
2B0
100
AcDbSymbolTableRecord
100
AcDbLinetypeTableRecord
  2
ACAD_ISO09W100
 70
     0
  3
ISO long-dash double-short-dash ____ __ __ ____
 72
    65
 73
     6
 40
45.0
 49
24.0
 74
     0
 49
-3.0
 74
     0
 49
6.0
 74
     0
 49
-3.0
 74
     0
 49
6.0
 74
     0
 49
-3.0
 74
     0
  0
LTYPE
  5
35A
330
2B0
100
AcDbSymbolTableRecord
100
AcDbLinetypeTableRecord
  2
ACAD_ISO12W100
 70
     0
  3
ISO dash double-dot __ . . __ . . __ . . __ . . 
 72
    65
 73
     6
 40
21.0
 49
12.0
 74
     0
 49
-3.0
 74
     0
 49
0.0
 74
     0
 49
-3.0
 74
     0
 49
0.0
 74
     0
 49
-3.0
 74
     0
  0
LTYPE
  5
35B
330
2B0
100
AcDbSymbolTableRecord
100
AcDbLinetypeTableRecord
  2
ACAD_ISO11W100
 70
     0
  3
ISO double-dash dot __ __ . __ __ . __ __ . __ _
 72
    65
 73
     6
 40
33.0
 49
12.0
 74
     0
 49
-3.0
 74
     0
 49
12.0
 74
     0
 49
-3.0
 74
     0
 49
0.0
 74
     0
 49
-3.0
 74
     0
  0
LTYPE
  5
35C
330
2B0
100
AcDbSymbolTableRecord
100
AcDbLinetypeTableRecord
  2
CENTERX2
 70
     0
  3
Center (2x) ________  __  ________  __  _____
 72
    65
 73
     4
 40
4.0
 49
2.5
 74
     0
 49
-0.5
 74
     0
 49
0.5
 74
     0
 49
-0.5
 74
     0
  0
LTYPE
  5
35D
330
2B0
100
AcDbSymbolTableRecord
100
AcDbLinetypeTableRecord
  2
CENTER2
 70
     0
  3
Center (.5x) ___ _ ___ _ ___ _ ___ _ ___ _ ___
 72
    65
 73
     4
 40
1.125
 49
0.75
 74
     0
 49
-0.125
 74
     0
 49
0.125
 74
     0
 49
-0.125
 74
     0
  0
LTYPE
  5
35E
330
2B0
100
AcDbSymbolTableRecord
100
AcDbLinetypeTableRecord
  2
DASHDOT2
 70
     0
  3
Dash dot (.5x) _._._._._._._._._._._._._._._.
 72
    65
 73
     4
 40
0.5
 49
0.25
 74
     0
 49
-0.125
 74
     0
 49
0.0
 74
     0
 49
-0.125
 74
     0
  0
LTYPE
  5
35F
330
2B0
100
AcDbSymbolTableRecord
100
AcDbLinetypeTableRecord
  2
DASHDOT
 70
     0
  3
Dash dot __ . __ . __ . __ . __ . __ . __ . __
 72
    65
 73
     4
 40
1.0
 49
0.5
 74
     0
 49
-0.25
 74
     0
 49
0.0
 74
     0
 49
-0.25
 74
     0
  0
LTYPE
  5
360
330
2B0
100
AcDbSymbolTableRecord
100
AcDbLinetypeTableRecord
  2
BORDER2
 70
     0
  3
Border (.5x) __.__.__.__.__.__.__.__.__.__.__.
 72
    65
 73
     6
 40
0.875
 49
0.25
 74
     0
 49
-0.125
 74
     0
 49
0.25
 74
     0
 49
-0.125
 74
     0
 49
0.0
 74
     0
 49
-0.125
 74
     0
  0
LTYPE
  5
361
330
2B0
100
AcDbSymbolTableRecord
100
AcDbLinetypeTableRecord
  2
BORDER
 70
     0
  3
Border __ __ . __ __ . __ __ . __ __ . __ __ .
 72
    65
 73
     6
 40
1.75
 49
0.5
 74
     0
 49
-0.25
 74
     0
 49
0.5
 74
     0
 49
-0.25
 74
     0
 49
0.0
 74
     0
 49
-0.25
 74
     0
  0
LTYPE
  5
362
330
2B0
100
AcDbSymbolTableRecord
100
AcDbLinetypeTableRecord
  2
CENTER
 70
     0
  3
Center ____ _ ____ _ ____ _ ____ _ ____ _ ____
 72
    65
 73
     4
 40
2.0
 49
1.25
 74
     0
 49
-0.25
 74
     0
 49
0.25
 74
     0
 49
-0.25
 74
     0
  0
LTYPE
  5
363
330
2B0
100
AcDbSymbolTableRecord
100
AcDbLinetypeTableRecord
  2
BORDERX2
 70
     0
  3
Border (2x) ____  ____  .  ____  ____  .  ___
 72
    65
 73
     6
 40
3.5
 49
1.0
 74
     0
 49
-0.5
 74
     0
 49
1.0
 74
     0
 49
-0.5
 74
     0
 49
0.0
 74
     0
 49
-0.5
 74
     0
  0
LTYPE
  5
364
330
2B0
100
AcDbSymbolTableRecord
100
AcDbLinetypeTableRecord
  2
ACAD_ISO06W100
 70
     0
  3
ISO long-dash triple-dot ____ ... ____ ... ____
 72
    65
 73
     8
 40
36.0
 49
24.0
 74
     0
 49
-3.0
 74
     0
 49
0.0
 74
     0
 49
-3.0
 74
     0
 49
0.0
 74
     0
 49
-3.0
 74
     0
 49
0.0
 74
     0
 49
-3.0
 74
     0
  0
LTYPE
  5
365
330
2B0
100
AcDbSymbolTableRecord
100
AcDbLinetypeTableRecord
  2
ACAD_ISO05W100
 70
     0
  3
ISO long-dash double-dot ____ .. ____ .. ____ . 
 72
    65
 73
     6
 40
33.0
 49
24.0
 74
     0
 49
-3.0
 74
     0
 49
0.0
 74
     0
 49
-3.0
 74
     0
 49
0.0
 74
     0
 49
-3.0
 74
     0
  0
LTYPE
  5
366
330
2B0
100
AcDbSymbolTableRecord
100
AcDbLinetypeTableRecord
  2
ACAD_ISO08W100
 70
     0
  3
ISO long-dash short-dash ____ __ ____ __ ____ _
 72
    65
 73
     4
 40
36.0
 49
24.0
 74
     0
 49
-3.0
 74
     0
 49
6.0
 74
     0
 49
-3.0
 74
     0
  0
LTYPE
  5
367
330
2B0
100
AcDbSymbolTableRecord
100
AcDbLinetypeTableRecord
  2
ACAD_ISO07W100
 70
     0
  3
ISO dot . . . . . . . . . . . . . . . . . . . . 
 72
    65
 73
     2
 40
3.0
 49
0.0
 74
     0
 49
-3.0
 74
     0
  0
LTYPE
  5
368
330
2B0
100
AcDbSymbolTableRecord
100
AcDbLinetypeTableRecord
  2
ACAD_ISO02W100
 70
     0
  3
ISO dash __ __ __ __ __ __ __ __ __ __ __ __ __
 72
    65
 73
     2
 40
15.0
 49
12.0
 74
     0
 49
-3.0
 74
     0
  0
LTYPE
  5
369
330
2B0
100
AcDbSymbolTableRecord
100
AcDbLinetypeTableRecord
  2
ACAD_ISO04W100
 70
     0
  3
ISO long-dash dot ____ . ____ . ____ . ____ . _
 72
    65
 73
     4
 40
30.0
 49
24.0
 74
     0
 49
-3.0
 74
     0
 49
0.0
 74
     0
 49
-3.0
 74
     0
  0
LTYPE
  5
36A
330
2B0
100
AcDbSymbolTableRecord
100
AcDbLinetypeTableRecord
  2
ACAD_ISO03W100
 70
     0
  3
ISO dash space __    __    __    __    __    __
 72
    65
 73
     2
 40
30.0
 49
12.0
 74
     0
 49
-18.0
 74
     0
  0
LTYPE
  5
36B
330
2B0
100
AcDbSymbolTableRecord
100
AcDbLinetypeTableRecord
  2
PHANTOMX2
 70
     0
  3
Phantom (2x) ____________    ____    ____   _
 72
    65
 73
     6
 40
5.0
 49
2.5
 74
     0
 49
-0.5
 74
     0
 49
0.5
 74
     0
 49
-0.5
 74
     0
 49
0.5
 74
     0
 49
-0.5
 74
     0
  0
LTYPE
  5
36C
330
2B0
100
AcDbSymbolTableRecord
100
AcDbLinetypeTableRecord
  2
PHANTOM2
 70
     0
  3
Phantom (.5x) ___ _ _ ___ _ _ ___ _ _ ___ _ _
 72
    65
 73
     6
 40
1.25
 49
0.625
 74
     0
 49
-0.125
 74
     0
 49
0.125
 74
     0
 49
-0.125
 74
     0
 49
0.125
 74
     0
 49
-0.125
 74
     0
  0
LTYPE
  5
36D
330
2B0
100
AcDbSymbolTableRecord
100
AcDbLinetypeTableRecord
  2
POINT1
 70
     0
  3
----/\-----/\---
 72
    65
 73
     2
 40
1.2308
 49
1.0
 74
     2
 75
     0
340
355
 46
0.2
 50
0.0
 44
0.0
 45
0.0
  9
PT1
 49
-0.2308
 74
     0
  0
LTYPE
  5
36E
330
2B0
100
AcDbSymbolTableRecord
100
AcDbLinetypeTableRecord
  2
PLANT
 70
     0
  3
_/^ \_\^ \_
 72
    65
 73
     7
 40
0.8644000000000001
 49
0.001
 74
     2
 75
     0
340
355
 46
0.04
 50
0.0
 44
0.0
 45
0.0
  9
PLANT1
 49
-0.118
 74
     2
 75
     0
340
355
 46
0.04
 50
0.0
 44
0.0
 45
0.0
  9
PLANT2
 49
-0.124
 74
     2
 75
     0
340
355
 46
0.04
 50
0.0
 44
0.0
 45
0.0
  9
PLANT3
 49
-0.167
 74
     2
 75
     0
340
355
 46
0.04
 50
0.0
 44
0.0
 45
0.0
  9
PLANT4
 49
-0.182
 74
     2
 75
     0
340
355
 46
0.04
 50
0.0
 44
0.0
 45
0.0
  9
PLANT5
 49
-0.0984
 74
     2
 75
     0
340
355
 46
0.04
 50
0.0
 44
0.0
 45
0.0
  9
PLANT6
 49
-0.174
 74
     0
  0
LTYPE
  5
36F
330
2B0
100
AcDbSymbolTableRecord
100
AcDbLinetypeTableRecord
  2
HIDDENX2
 70
     0
  3
Hidden (2x) ____ ____ ____ ____ ____ ____ ____ 
 72
    65
 73
     2
 40
0.75
 49
0.5
 74
     0
 49
-0.25
 74
     0
  0
LTYPE
  5
370
330
2B0
100
AcDbSymbolTableRecord
100
AcDbLinetypeTableRecord
  2
HIDDEN2
 70
     0
  3
Hidden (.5x) _ _ _ _ _ _ _ _ _ _ _ _ _ _ _ _ _ 
 72
    65
 73
     2
 40
0.1875
 49
0.125
 74
     0
 49
-0.0625
 74
     0
  0
LTYPE
  5
371
330
2B0
100
AcDbSymbolTableRecord
100
AcDbLinetypeTableRecord
  2
PHANTOM
 70
     0
  3
Phantom ______  __  __  ______  __  __  ______ 
 72
    65
 73
     6
 40
2.5
 49
1.25
 74
     0
 49
-0.25
 74
     0
 49
0.25
 74
     0
 49
-0.25
 74
     0
 49
0.25
 74
     0
 49
-0.25
 74
     0
  0
LTYPE
  5
372
330
2B0
100
AcDbSymbolTableRecord
100
AcDbLinetypeTableRecord
  2
HOT_WATER_SUPPLY
 70
     0
  3
Hot water supply ---- HW ---- HW ---- HW ----
 72
    65
 73
     3
 40
0.8999999999999999
 49
0.5
 74
     0
 49
-0.2
 74
     2
 75
     0
340
34C
 46
0.1
 50
0.0
 44
-0.1
 45
-0.05
  9
HW
 49
-0.2
 74
     0
  0
LTYPE
  5
373
330
2B0
100
AcDbSymbolTableRecord
100
AcDbLinetypeTableRecord
  2
TRACKS
 70
     0
  3
Tracks -|-|-|-|-|-|-|-|-|-|-|-|-|-|-|-|-|-|-|-|-|-|-|-|-
 72
    65
 73
     2
 40
0.3
 49
0.15
 74
     2
 75
     0
340
355
 46
0.25
 50
0.0
 44
0.0
 45
0.0
  9
TRACK1
 49
0.15
 74
     0
  0
LTYPE
  5
374
330
2B0
100
AcDbSymbolTableRecord
100
AcDbLinetypeTableRecord
  2
POINT2
 70
     0
  3
----\/-----\/---
 72
    65
 73
     2
 40
1.2308
 49
1.0
 74
     2
 75
     0
340
355
 46
0.2
 50
0.0
 44
0.0
 45
0.0
  9
PT2
 49
-0.2308
 74
     0
  0
LTYPE
  5
375
330
2B0
100
AcDbSymbolTableRecord
100
AcDbLinetypeTableRecord
  2
ZIGZAG
 70
     0
  3
Zig zag /\/\/\/\/\/\/\/\/\/\/\/\/\/\/\/\/\/\/\/\/\/\/\/
 72
    65
 73
     4
 40
0.8001
 49
0.0001
 74
     0
 49
-0.2
 74
     2
 75
     0
340
355
 46
0.2
 50
0.0
 44
-0.2
 45
0.0
  9
ZIG
 49
-0.4
 74
     2
 75
     0
340
355
 46
0.2
 50
180.0
 44
0.2
 45
0.0
  9
ZIG
 49
-0.2
 74
     0
  0
LTYPE
  5
376
330
2B0
100
AcDbSymbolTableRecord
100
AcDbLinetypeTableRecord
  2
DIVIDE2
 70
     0
  3
Divide (.5x) __..__..__..__..__..__..__..__.._
 72
    65
 73
     6
 40
0.625
 49
0.25
 74
     0
 49
-0.125
 74
     0
 49
0.0
 74
     0
 49
-0.125
 74
     0
 49
0.0
 74
     0
 49
-0.125
 74
     0
  0
LTYPE
  5
377
330
2B0
100
AcDbSymbolTableRecord
100
AcDbLinetypeTableRecord
  2
DIVIDE
 70
     0
  3
Divide ____ . . ____ . . ____ . . ____ . . ____
 72
    65
 73
     6
 40
1.25
 49
0.5
 74
     0
 49
-0.25
 74
     0
 49
0.0
 74
     0
 49
-0.25
 74
     0
 49
0.0
 74
     0
 49
-0.25
 74
     0
  0
LTYPE
  5
378
330
2B0
100
AcDbSymbolTableRecord
100
AcDbLinetypeTableRecord
  2
DOT
 70
     0
  3
Dot . . . . . . . . . . . . . . . . . . . . . . . .
 72
    65
 73
     2
 40
0.25
 49
0.0
 74
     0
 49
-0.25
 74
     0
  0
LTYPE
  5
379
330
2B0
100
AcDbSymbolTableRecord
100
AcDbLinetypeTableRecord
  2
DIVIDEX2
 70
     0
  3
Divide (2x) ________  .  .  ________  .  .  _
 72
    65
 73
     6
 40
2.5
 49
1.0
 74
     0
 49
-0.5
 74
     0
 49
0.0
 74
     0
 49
-0.5
 74
     0
 49
0.0
 74
     0
 49
-0.5
 74
     0
  0
LTYPE
  5
37A
330
2B0
100
AcDbSymbolTableRecord
100
AcDbLinetypeTableRecord
  2
DASHED
 70
     0
  3
Dashed __ __ __ __ __ __ __ __ __ __ __ __ __ _
 72
    65
 73
     2
 40
0.75
 49
0.5
 74
     0
 49
-0.25
 74
     0
  0
LTYPE
  5
37B
330
2B0
100
AcDbSymbolTableRecord
100
AcDbLinetypeTableRecord
  2
DASHDOTX2
 70
     0
  3
Dash dot (2x) ____  .  ____  .  ____  .  ___
 72
    65
 73
     4
 40
2.0
 49
1.0
 74
     0
 49
-0.5
 74
     0
 49
0.0
 74
     0
 49
-0.5
 74
     0
  0
LTYPE
  5
37C
330
2B0
100
AcDbSymbolTableRecord
100
AcDbLinetypeTableRecord
  2
DASHEDX2
 70
     0
  3
Dashed (2x) ____  ____  ____  ____  ____  ___
 72
    65
 73
     2
 40
1.5
 49
1.0
 74
     0
 49
-0.5
 74
     0
  0
LTYPE
  5
37D
330
2B0
100
AcDbSymbolTableRecord
100
AcDbLinetypeTableRecord
  2
DASHED2
 70
     0
  3
Dashed (.5x) _ _ _ _ _ _ _ _ _ _ _ _ _ _ _ _ _ 
 72
    65
 73
     2
 40
0.375
 49
0.25
 74
     0
 49
-0.125
 74
     0
  0
LTYPE
  5
37E
330
2B0
100
AcDbSymbolTableRecord
100
AcDbLinetypeTableRecord
  2
FENCELINE2
 70
     0
  3
Fenceline square ----[]-----[]----[]-----[]----[]---
 72
    65
 73
     4
 40
1.45
 49
0.25
 74
     0
 49
-0.1
 74
     2
 75
     0
340
355
 46
0.1
 50
0.0
 44
-0.1
 45
0.0
  9
BOX
 49
-0.1
 74
     0
 49
1.0
 74
     0
  0
LTYPE
  5
37F
330
2B0
100
AcDbSymbolTableRecord
100
AcDbLinetypeTableRecord
  2
FENCELINE1
 70
     0
  3
Fenceline circle ----0-----0----0-----0----0-----0--
 72
    65
 73
     4
 40
1.45
 49
0.25
 74
     0
 49
-0.1
 74
     2
 75
     0
340
355
 46
0.1
 50
0.0
 44
-0.1
 45
0.0
  9
CIRC1
 49
-0.1
 74
     0
 49
1.0
 74
     0
  0
ENDTAB
  0
TABLE
  2
LAYER
  5
2AE
330
0
100
AcDbSymbolTable
 70
     7
  0
LAYER
  5
2BB
330
2AE
100
AcDbSymbolTableRecord
100
AcDbLayerTableRecord
  2
0
 70
     0
 62
     7
  6
Continuous
370
    25
390
2BA
347
2F0
348
0
  0
LAYER
  5
380
330
2AE
100
AcDbSymbolTableRecord
100
AcDbLayerTableRecord
  2
Case
 70
     1
 62
    -6
  6
Continuous
370
    25
390
2BA
347
2F0
348
0
  0
LAYER
  5
381
330
2AE
100
AcDbSymbolTableRecord
100
AcDbLayerTableRecord
  2
Cuts
 70
     0
 62
     1
  6
Continuous
370
    25
390
2BA
347
2F0
348
0
  0
LAYER
  5
382
330
2AE
100
AcDbSymbolTableRecord
100
AcDbLayerTableRecord
  2
Legend
 70
     0
 62
     4
  6
Continuous
370
    25
390
2BA
347
2F0
348
0
  0
LAYER
  5
383
330
2AE
100
AcDbSymbolTableRecord
100
AcDbLayerTableRecord
  2
Legend 2
 70
     0
 62
     4
  6
Continuous
370
    25
390
2BA
347
2F0
348
0
  0
LAYER
  5
384
330
2AE
100
AcDbSymbolTableRecord
100
AcDbLayerTableRecord
  2
Module
 70
     0
 62
     2
  6
Continuous
370
    25
390
2BA
347
2F0
348
0
  0
LAYER
  5
385
330
2AE
100
AcDbSymbolTableRecord
100
AcDbLayerTableRecord
  2
PCB
 70
     0
 62
     3
  6
Continuous
370
    25
390
2BA
347
2F0
348
0
  0
ENDTAB
  0
TABLE
  2
STYLE
  5
2AF
330
0
100
AcDbSymbolTable
 70
     5
  0
STYLE
  5
2BC
330
2AF
100
AcDbSymbolTableRecord
100
AcDbTextStyleTableRecord
  2
Standard
 70
     0
 40
0.0
 41
1.0
 50
0.0
 71
     0
 42
0.2
  3
txt
  4

  0
STYLE
  5
34C
330
2AF
100
AcDbSymbolTableRecord
100
AcDbTextStyleTableRecord
  2
textstyle0
 70
     0
 40
0.0
 41
1.0
 50
0.0
 71
     0
 42
0.2
  3
STANDARD
  4

  0
STYLE
  5
350
330
2AF
100
AcDbSymbolTableRecord
100
AcDbTextStyleTableRecord
  2
textstyle1
 70
     0
 40
0.0
 41
1.0
 50
0.0
 71
     0
 42
0.2
  3
qcadshp.shx
  4

  0
STYLE
  5
355
330
2AF
100
AcDbSymbolTableRecord
100
AcDbTextStyleTableRecord
  2
textstyle2
 70
     0
 40
0.0
 41
1.0
 50
0.0
 71
     0
 42
0.2
  3
ltypeshp.shx
  4

  0
STYLE
  5
38B
330
2AF
100
AcDbSymbolTableRecord
100
AcDbTextStyleTableRecord
  2
textstyle3
 70
     0
 40
0.0
 41
1.0
 50
0.0
 71
     0
 42
0.2
  3
arial.ttf
  4

1001
ACAD
1000
Arial
1071
        0
  0
ENDTAB
  0
TABLE
  2
VIEW
  5
2B1
330
0
100
AcDbSymbolTable
 70
     0
  0
ENDTAB
  0
TABLE
  2
UCS
  5
2B2
330
0
100
AcDbSymbolTable
 70
     0
  0
ENDTAB
  0
TABLE
  2
APPID
  5
2B4
330
0
100
AcDbSymbolTable
 70
     2
  0
APPID
  5
2BD
330
2B4
100
AcDbSymbolTableRecord
100
AcDbRegAppTableRecord
  2
ACAD
 70
     0
  0
APPID
  5
308
330
2B4
100
AcDbSymbolTableRecord
100
AcDbRegAppTableRecord
  2
QCAD
 70
     0
  0
ENDTAB
  0
TABLE
  2
DIMSTYLE
  5
2B5
330
0
100
AcDbSymbolTable
 70
     2
100
AcDbDimStyleTable
  0
DIMSTYLE
105
2D1
330
2B5
100
AcDbSymbolTableRecord
100
AcDbDimStyleTableRecord
  2
Standard
 70
     0
178
     0
340
2BC
  0
DIMSTYLE
105
34A
330
2B5
100
AcDbSymbolTableRecord
100
AcDbDimStyleTableRecord
  2
QCADDimStyle
 70
     0
 41
2.5
 42
0.625
 43
5.0
 44
1.25
 73
     0
 77
     1
 78
     8
 79
     2
140
2.5
147
0.625
178
     0
279
     2
340
2BC
  0
ENDTAB
  0
TABLE
  2
BLOCK_RECORD
  5
2AD
330
0
100
AcDbSymbolTable
 70
     1
  0
BLOCK_RECORD
  5
2C9
330
2AD
100
AcDbSymbolTableRecord
100
AcDbBlockTableRecord
  2
*Model_Space
340
2CC
 70
     0
280
     1
281
     0
  0
BLOCK_RECORD
  5
2C5
330
2AD
100
AcDbSymbolTableRecord
100
AcDbBlockTableRecord
  2
*Paper_Space
340
2C8
 70
     0
280
     1
281
     0
  0
BLOCK_RECORD
  5
388
330
2AD
100
AcDbSymbolTableRecord
100
AcDbBlockTableRecord
  2
Display
340
0
102
{BLKREFS
331
AC
102
}
 70
     0
280
     1
281
     0
  0
ENDTAB
  0
ENDSEC
  0
SECTION
  2
BLOCKS
  0
BLOCK
  5
2CA
330
2C9
100
AcDbEntity
  8
0
100
AcDbBlockBegin
  2
*Model_Space
 70
     0
 10
0.0
 20
0.0
 30
0.0
  3
*Model_Space
  1

  0
ENDBLK
  5
2CB
330
2C9
100
AcDbEntity
  8
0
100
AcDbBlockEnd
  0
BLOCK
  5
2C6
330
2C5
100
AcDbEntity
 67
     1
  8
0
100
AcDbBlockBegin
  2
*Paper_Space
 70
     0
 10
0.0
 20
0.0
 30
0.0
  3
*Paper_Space
  1

  0
ENDBLK
  5
2C7
330
2C5
100
AcDbEntity
 67
     1
  8
0
100
AcDbBlockEnd
  0
BLOCK
  5
389
330
388
100
AcDbEntity
  8
0
100
AcDbBlockBegin
  2
Display
 70
     0
 10
0.0
 20
0.0
 30
0.0
  3
Display
  1

  0
CIRCLE
  5
89
330
388
100
AcDbEntity
  8
Module
100
AcDbCircle
 10
-0.7421
 20
0.0
 30
0.0
 40
0.03937
  0
CIRCLE
  5
8B
330
388
100
AcDbEntity
  8
Module
100
AcDbCircle
 10
-0.7461
 20
2.5906
 30
0.0
 40
0.03937
  0
CIRCLE
  5
8A
330
388
100
AcDbEntity
  8
Module
100
AcDbCircle
 10
0.7421
 20
0.0
 30
0.0
 40
0.03937
  0
CIRCLE
  5
8C
330
388
100
AcDbEntity
  8
Module
100
AcDbCircle
 10
0.7461
 20
2.5906
 30
0.0
 40
0.03937
  0
LINE
  5
97
330
388
100
AcDbEntity
  8
Module
100
AcDbLine
 10
-0.8661000000000003
 20
0.0827
 30
0.0
 11
-0.8661000000000001
 21
2.4882
 31
0.0
  0
LINE
  5
98
330
388
100
AcDbEntity
  8
Module
100
AcDbLine
 10
-0.8661000000000001
 20
2.4882
 30
0.0
 11
0.8660999999999999
 21
2.4882
 31
0.0
  0
LINE
  5
99
330
388
100
AcDbEntity
  8
Module
100
AcDbLine
 10
0.8660999999999999
 20
2.4882
 30
0.0
 11
0.8660999999999996
 21
0.0827
 31
0.0
  0
LINE
  5
9A
330
388
100
AcDbEntity
  8
Module
100
AcDbLine
 10
0.8660999999999996
 20
0.0827
 30
0.0
 11
-0.8661000000000003
 21
0.0827
 31
0.0
  0
LINE
  5
A0
330
388
100
AcDbEntity
  8
Module
100
AcDbLine
 10
-0.9322
 20
2.693
 30
0.0
 11
-0.9322000000000004
 21
-0.1023000000000005
 31
0.0
  0
LINE
  5
A1
330
388
100
AcDbEntity
  8
Module
100
AcDbLine
 10
-0.9322000000000004
 20
-0.1023000000000005
 30
0.0
 11
0.9321999999999997
 21
-0.1023000000000005
 31
0.0
  0
LINE
  5
A2
330
388
100
AcDbEntity
  8
Module
100
AcDbLine
 10
0.9321999999999997
 20
-0.1023000000000005
 30
0.0
 11
0.9322
 21
2.693
 31
0.0
  0
LINE
  5
A3
330
388
100
AcDbEntity
  8
Module
100
AcDbLine
 10
0.9322
 20
2.693
 30
0.0
 11
-0.9322000000000001
 21
2.693
 31
0.0
  0
LINE
  5
A4
330
388
100
AcDbEntity
  8
Cuts
100
AcDbLine
 10
-1.1023
 20
0.0965000000000001
 30
0.0
 11
-1.1023
 21
2.4744
 31
0.0
  0
LINE
  5
A5
330
388
100
AcDbEntity
  8
Cuts
100
AcDbLine
 10
0.8522999999999998
 20
-0.1535
 30
0.0
 11
-0.8523000000000003
 21
-0.1535
 31
0.0
  0
LINE
  5
A6
330
388
100
AcDbEntity
  8
Cuts
100
AcDbLine
 10
1.1023
 20
2.4744
 30
0.0
 11
1.1023
 21
0.0964999999999998
 31
0.0
  0
LINE
  5
A7
330
388
100
AcDbEntity
  8
Cuts
100
AcDbLine
 10
-0.8523000000000003
 20
2.7244
 30
0.0
 11
0.8523000000000003
 21
2.7244
 31
0.0
  0
ARC
  5
A8
330
388
100
AcDbEntity
  8
Cuts
100
AcDbCircle
 10
0.8523000000000001
 20
2.4744
 30
0.0
 40
0.25
100
AcDbArc
 50
0.0
 51
89.99999999999994
1001
QCAD
1000
reversed:1
  0
ARC
  5
A9
330
388
100
AcDbEntity
  8
Cuts
100
AcDbCircle
 10
-0.8523000000000003
 20
2.4744
 30
0.0
 40
0.25
100
AcDbArc
 50
90.0
 51
180.0
  0
ARC
  5
AA
330
388
100
AcDbEntity
  8
Cuts
100
AcDbCircle
 10
-0.8523000000000002
 20
0.0965
 30
0.0
 40
0.25
100
AcDbArc
 50
180.0
 51
270.0
  0
ARC
  5
AB
330
388
100
AcDbEntity
  8
Cuts
100
AcDbCircle
 10
0.8522999999999998
 20
0.0965
 30
0.0
 40
0.25
100
AcDbArc
 50
270.0
 51
0.0
  0
ENDBLK
  5
38A
330
388
100
AcDbEntity
  8
0
100
AcDbBlockEnd
  0
ENDSEC
  0
SECTION
  2
ENTITIES
  0
LINE
  5
3C
330
2C9
100
AcDbEntity
  8
0
100
AcDbLine
 10
-0.4999999999999999
 20
0.0
 30
0.0
 11
7.999999999999998
 21
0.0
 31
0.0
  0
LINE
  5
3D
330
2C9
100
AcDbEntity
  8
0
100
AcDbLine
 10
7.999999999999999
 20
0.0
 30
0.0
 11
7.999999999999999
 21
5.25
 31
0.0
  0
LINE
  5
3E
330
2C9
100
AcDbEntity
  8
0
100
AcDbLine
 10
7.999999999999998
 20
5.25
 30
0.0
 11
-0.4999999999999999
 21
5.25
 31
0.0
  0
LINE
  5
3F
330
2C9
100
AcDbEntity
  8
0
100
AcDbLine
 10
-0.4999999999999999
 20
5.25
 30
0.0
 11
-0.4999999999999999
 21
0.0
 31
0.0
  0
CIRCLE
  5
40
330
2C9
100
AcDbEntity
  8
0
100
AcDbCircle
 10
0.5
 20
3.4803
 30
0.0
 40
0.137795
  0
CIRCLE
  5
41
330
2C9
100
AcDbEntity
  8
0
100
AcDbCircle
 10
1.25
 20
3.480300000000001
 30
0.0
 40
0.137795
  0
CIRCLE
  5
42
330
2C9
100
AcDbEntity
  8
0
100
AcDbCircle
 10
2.0
 20
3.480300000000001
 30
0.0
 40
0.137795
  0
CIRCLE
  5
43
330
2C9
100
AcDbEntity
  8
0
100
AcDbCircle
 10
0.5000000000000002
 20
2.730300000000001
 30
0.0
 40
0.137795
  0
CIRCLE
  5
44
330
2C9
100
AcDbEntity
  8
0
100
AcDbCircle
 10
1.25
 20
2.730300000000001
 30
0.0
 40
0.137795
  0
CIRCLE
  5
45
330
2C9
100
AcDbEntity
  8
0
100
AcDbCircle
 10
2.0
 20
2.730300000000002
 30
0.0
 40
0.137795
  0
CIRCLE
  5
46
330
2C9
100
AcDbEntity
  8
0
100
AcDbCircle
 10
0.5000000000000004
 20
1.980300000000001
 30
0.0
 40
0.137795
  0
CIRCLE
  5
47
330
2C9
100
AcDbEntity
  8
0
100
AcDbCircle
 10
2.0
 20
1.980300000000002
 30
0.0
 40
0.137795
  0
CIRCLE
  5
48
330
2C9
100
AcDbEntity
  8
0
100
AcDbCircle
 10
0.4999999999999999
 20
1.125
 30
0.0
 40
0.06875
  0
CIRCLE
  5
49
330
2C9
100
AcDbEntity
  8
0
100
AcDbCircle
 10
0.9999999999999999
 20
1.125
 30
0.0
 40
0.06875
  0
CIRCLE
  5
4A
330
2C9
100
AcDbEntity
  8
0
100
AcDbCircle
 10
1.5
 20
1.125
 30
0.0
 40
0.06875
  0
CIRCLE
  5
4B
330
2C9
100
AcDbEntity
  8
0
100
AcDbCircle
 10
2.0
 20
1.125
 30
0.0
 40
0.06875
  0
CIRCLE
  5
4C
330
2C9
100
AcDbEntity
  8
0
100
AcDbCircle
 10
0.15
 20
0.15
 30
0.0
 40
0.06
  0
CIRCLE
  5
4E
330
2C9
100
AcDbEntity
  8
0
100
AcDbCircle
 10
0.15
 20
5.100000000000001
 30
0.0
 40
0.06
  0
CIRCLE
  5
4D
330
2C9
100
AcDbEntity
  8
0
100
AcDbCircle
 10
7.350000000000001
 20
0.15
 30
0.0
 40
0.0599999999999996
  0
CIRCLE
  5
4F
330
2C9
100
AcDbEntity
  8
0
100
AcDbCircle
 10
7.350000000000001
 20
5.100000000000001
 30
0.0
 40
0.0599999999999996
  0
MTEXT
  5
55
330
2C9
100
AcDbEntity
  8
Legend
100
AcDbMText
 10
5.449999999999998
 20
3.480300000000001
 30
0.0
 40
2.0
 41
0.0
 46
0.0
 71
     5
 72
     1
  1
\H0.15;K1
  7
textstyle3
 73
     1
 44
1.0
  0
MTEXT
  5
56
330
2C9
100
AcDbEntity
  8
Legend
100
AcDbMText
 10
6.199999999999998
 20
3.4803
 30
0.0
 40
2.0
 41
0.0
 46
0.0
 71
     5
 72
     1
  1
\H0.15;K2
  7
textstyle3
 73
     1
 44
1.0
  0
MTEXT
  5
57
330
2C9
100
AcDbEntity
  8
Legend
100
AcDbMText
 10
6.949999999999998
 20
3.480300000000002
 30
0.0
 40
2.0
 41
0.0
 46
0.0
 71
     5
 72
     1
  1
\H0.15;K3
  7
textstyle3
 73
     1
 44
1.0
  0
MTEXT
  5
58
330
2C9
100
AcDbEntity
  8
Legend
100
AcDbMText
 10
5.449999999999998
 20
2.730300000000001
 30
0.0
 40
2.0
 41
0.0
 46
0.0
 71
     5
 72
     1
  1
\H0.15;K4
  7
textstyle3
 73
     1
 44
1.0
  0
MTEXT
  5
59
330
2C9
100
AcDbEntity
  8
Legend
100
AcDbMText
 10
6.199999999999999
 20
2.730300000000002
 30
0.0
 40
2.0
 41
0.0
 46
0.0
 71
     5
 72
     1
  1
\H0.15;K5
  7
textstyle3
 73
     1
 44
1.0
  0
MTEXT
  5
5A
330
2C9
100
AcDbEntity
  8
Legend
100
AcDbMText
 10
6.949999999999998
 20
2.730300000000002
 30
0.0
 40
2.0
 41
0.0
 46
0.0
 71
     5
 72
     1
  1
\H0.15;K6
  7
textstyle3
 73
     1
 44
1.0
  0
MTEXT
  5
5B
330
2C9
100
AcDbEntity
  8
Legend
100
AcDbMText
 10
5.449999999999998
 20
1.980300000000001
 30
0.0
 40
2.0
 41
0.0
 46
0.0
 71
     5
 72
     1
  1
\H0.15;E1
  7
textstyle3
 73
     1
 44
1.0
  0
MTEXT
  5
19F
330
2C9
100
AcDbEntity
  8
Legend
100
AcDbMText
 10
6.350481787293353
 20
1.523269725256522
 30
0.0
 40
2.0
 41
0.0
 46
0.0
 71
     5
 72
     1
  1
\H0.15;EP=Expression Pedal
  7
textstyle3
 73
     1
 44
1.0
  0
MTEXT
  5
5C
330
2C9
100
AcDbEntity
  8
Legend
100
AcDbMText
 10
6.949999999999998
 20
1.980300000000001
 30
0.0
 40
2.0
 41
0.0
 46
0.0
 71
     5
 72
     1
  1
\H0.15;E2
  7
textstyle3
 73
     1
 44
1.0
  0
MTEXT
  5
61
330
2C9
100
AcDbEntity
  8
Legend 2
100
AcDbMText
 10
0.7500000000000002
 20
0.3999999999999999
 30
0.0
 40
2.0
 41
0.0
 46
0.0
 71
     5
 72
     1
  1
\H0.15;EP
  7
textstyle3
 73
     1
 44
1.0
  0
MTEXT
  5
62
330
2C9
100
AcDbEntity
  8
Legend 2
100
AcDbMText
 10
1.75
 20
0.3999999999999994
 30
0.0
 40
2.0
 41
0.0
 46
0.0
 71
     5
 72
     1
  1
\H0.15;FS
  7
textstyle3
 73
     1
 44
1.0
  0
MTEXT
  5
64
330
2C9
100
AcDbEntity
  8
Legend 2
100
AcDbMText
 10
3.75
 20
0.4000000000000023
 30
0.0
 40
2.0
 41
0.0
 46
0.0
 71
     5
 72
     1
  1
\H0.15;L In
  7
textstyle3
 73
     1
 44
1.0
  0
MTEXT
  5
65
330
2C9
100
AcDbEntity
  8
Legend 2
100
AcDbMText
 10
4.75
 20
0.4000000000000014
 30
0.0
 40
2.0
 41
0.0
 46
0.0
 71
     5
 72
     1
  1
\H0.15;R In
  7
textstyle3
 73
     1
 44
1.0
  0
MTEXT
  5
66
330
2C9
100
AcDbEntity
  8
Legend 2
100
AcDbMText
 10
5.749999999999999
 20
0.4000000000000088
 30
0.0
 40
2.0
 41
0.0
 46
0.0
 71
     5
 72
     1
  1
\H0.15;L Out
  7
textstyle3
 73
     1
 44
1.0
  0
MTEXT
  5
67
330
2C9
100
AcDbEntity
  8
Legend 2
100
AcDbMText
 10
6.749999999999999
 20
0.400000000000011
 30
0.0
 40
2.0
 41
0.0
 46
0.0
 71
     5
 72
     1
  1
\H0.15;R Out
  7
textstyle3
 73
     1
 44
1.0
  0
MTEXT
  5
6C
330
2C9
100
AcDbEntity
  8
Legend
100
AcDbMText
 10
0.4999999999999991
 20
0.8446999999999995
 30
0.0
 40
2.0
 41
0.0
 46
0.0
 71
     5
 72
     1
  1
\H0.15;Up
  7
textstyle3
 73
     1
 44
1.0
  0
MTEXT
  5
6D
330
2C9
100
AcDbEntity
  8
Legend
100
AcDbMText
 10
0.9999999999999991
 20
0.8446999999999992
 30
0.0
 40
2.0
 41
0.0
 46
0.0
 71
     5
 72
     1
  1
\H0.15;Dn
  7
textstyle3
 73
     1
 44
1.0
  0
MTEXT
  5
6E
330
2C9
100
AcDbEntity
  8
Legend
100
AcDbMText
 10
1.499999999999999
 20
0.8446999999999992
 30
0.0
 40
2.0
 41
0.0
 46
0.0
 71
     5
 72
     1
  1
\H0.15;BP
  7
textstyle3
 73
     1
 44
1.0
  0
MTEXT
  5
6F
330
2C9
100
AcDbEntity
  8
Legend
100
AcDbMText
 10
1.999999999999999
 20
0.8446999999999995
 30
0.0
 40
2.0
 41
0.0
 46
0.0
 71
     5
 72
     1
  1
\H0.15;TT
  7
textstyle3
 73
     1
 44
1.0
  0
CIRCLE
  5
6A
330
2C9
100
AcDbEntity
  8
0
100
AcDbCircle
 10
0.9999999999999999
 20
1.505
 30
0.0
 40
0.0590000000000001
  0
CIRCLE
  5
6B
330
2C9
100
AcDbEntity
  8
0
100
AcDbCircle
 10
1.5
 20
1.505
 30
0.0
 40
0.0590000000000001
  0
INSERT
  5
AC
330
2C9
100
AcDbEntity
  8
Cuts
100
AcDbBlockReference
  2
Display
 10
3.75
 20
1.195
 30
0.0
  0
LINE
  5
AF
330
2C9
100
AcDbEntity
  8
Case
100
AcDbLine
 10
0.0999999999999999
 20
0.3
 30
0.0
 11
7.399999999999999
 21
0.3
 31
0.0
  0
LINE
  5
B0
330
2C9
100
AcDbEntity
  8
Case
100
AcDbLine
 10
7.4
 20
4.95
 30
0.0
 11
0.0999999999999996
 21
4.95
 31
0.0
  0
LINE
  5
BE
330
2C9
100
AcDbEntity
  8
Case
100
AcDbLine
 10
-0.15
 20
4.699999999999999
 30
0.0
 11
-0.15
 21
0.5499999999999998
 31
0.0
  0
LINE
  5
BF
330
2C9
100
AcDbEntity
  8
Case
100
AcDbLine
 10
7.65
 20
0.55
 30
0.0
 11
7.65
 21
4.7
 31
0.0
  0
ARC
  5
C0
330
2C9
100
AcDbEntity
  8
Case
100
AcDbCircle
 10
0.1
 20
4.699999999999999
 30
0.0
 40
0.25
100
AcDbArc
 50
90.00000000000009
 51
180.0
1001
QCAD
1000
reversed:1
  0
ARC
  5
C1
330
2C9
100
AcDbEntity
  8
Case
100
AcDbCircle
 10
7.4
 20
4.7
 30
0.0
 40
0.25
100
AcDbArc
 50
0.0
 51
90.0
1001
QCAD
1000
reversed:1
  0
ARC
  5
C2
330
2C9
100
AcDbEntity
  8
Case
100
AcDbCircle
 10
7.399999999999999
 20
0.55
 30
0.0
 40
0.25
100
AcDbArc
 50
269.9999999999998
 51
0.0
  0
ARC
  5
C3
330
2C9
100
AcDbEntity
  8
Case
100
AcDbCircle
 10
0.1
 20
0.5500000000000002
 30
0.0
 40
0.25
100
AcDbArc
 50
180.0
 51
269.9999999999999
  0
LINE
  5
27D
330
2C9
100
AcDbEntity
  8
PCB
100
AcDbLine
 10
0.0
 20
0.0
 30
0.0
 11
0.0
 21
5.25
 31
0.0
  0
LINE
  5
27E
330
2C9
100
AcDbEntity
  8
PCB
100
AcDbLine
 10
7.499999999999999
 20
0.0
 30
0.0
 11
7.499999999999999
 21
5.25
 31
0.0
  0
LINE
  5
27F
330
2C9
100
AcDbEntity
  8
PCB
100
AcDbLine
 10
7.499999999999999
 20
5.25
 30
0.0
 11
7.499999999999998
 21
5.25
 31
0.0
  0
LINE
  5
280
330
2C9
100
AcDbEntity
  8
PCB
100
AcDbLine
 10
7.499999999999998
 20
5.25
 30
0.0
 11
0.0
 21
5.25
 31
0.0
  0
LINE
  5
281
330
2C9
100
AcDbEntity
  8
PCB
100
AcDbLine
 10
0.0
 20
0.0
 30
0.0
 11
7.499999999999998
 21
0.0
 31
0.0
  0
LINE
  5
282
330
2C9
100
AcDbEntity
  8
0
100
AcDbLine
 10
-0.4999999999999999
 20
-0.236
 30
0.0
 11
7.999999999999998
 21
-0.236
 31
0.0
  0
LINE
  5
283
330
2C9
100
AcDbEntity
  8
0
100
AcDbLine
 10
-0.2639999999999999
 20
5.25
 30
0.0
 11
-0.2639999999999999
 21
-0.0000000000000001
 31
0.0
  0
LINE
  5
284
330
2C9
100
AcDbEntity
  8
0
100
AcDbLine
 10
7.999999999999998
 20
5.486
 30
0.0
 11
-0.4999999999999999
 21
5.486
 31
0.0
  0
LINE
  5
285
330
2C9
100
AcDbEntity
  8
0
100
AcDbLine
 10
7.763999999999999
 20
0.0
 30
0.0
 11
7.763999999999999
 21
5.25
 31
0.0
  0
LINE
  5
286
330
2C9
100
AcDbEntity
  8
0
100
AcDbLine
 10
-0.4999999999999999
 20
-0.236
 30
0.0
 11
-0.4999999999999999
 21
0.0
 31
0.0
  0
LINE
  5
287
330
2C9
100
AcDbEntity
  8
0
100
AcDbLine
 10
7.999999999999998
 20
-0.236
 30
0.0
 11
7.999999999999999
 21
0.0
 31
0.0
  0
LINE
  5
288
330
2C9
100
AcDbEntity
  8
0
100
AcDbLine
 10
7.999999999999999
 20
5.25
 30
0.0
 11
7.999999999999998
 21
5.486
 31
0.0
  0
LINE
  5
289
330
2C9
100
AcDbEntity
  8
0
100
AcDbLine
 10
-0.4999999999999999
 20
5.25
 30
0.0
 11
-0.4999999999999999
 21
5.486
 31
0.0
  0
LINE
  5
29E
330
2C9
100
AcDbEntity
  8
PCB
100
AcDbLine
 10
5.037
 20
3.25
 30
0.0
 11
5.037
 21
5.2
 31
0.0
  0
LINE
  5
295
330
2C9
100
AcDbEntity
  8
PCB
100
AcDbLine
 10
5.037
 20
3.25
 30
0.0
 11
5.736999999999999
 21
3.25
 31
0.0
  0
LINE
  5
29F
330
2C9
100
AcDbEntity
  8
PCB
100
AcDbLine
 10
5.736999999999999
 20
3.25
 30
0.0
 11
5.736999999999999
 21
5.2
 31
0.0
  0
LINE
  5
297
330
2C9
100
AcDbEntity
  8
PCB
100
AcDbLine
 10
6.666499999999999
 20
5.25
 30
0.0
 11
6.666499999999999
 21
4.819999999999999
 31
0.0
  0
LINE
  5
298
330
2C9
100
AcDbEntity
  8
PCB
100
AcDbLine
 10
6.666499999999999
 20
4.819999999999999
 30
0.0
 11
7.0265
 21
4.819999999999999
 31
0.0
  0
LINE
  5
299
330
2C9
100
AcDbEntity
  8
PCB
100
AcDbLine
 10
7.0265
 20
4.819999999999999
 30
0.0
 11
7.0265
 21
5.25
 31
0.0
  0
LINE
  5
2A4
330
2C9
100
AcDbEntity
  8
PCB
100
AcDbLine
 10
5.236999999999999
 20
5.2
 30
0.0
 11
5.037
 21
5.2
 31
0.0
  0
LINE
  5
2A7
330
2C9
100
AcDbEntity
  8
PCB
100
AcDbLine
 10
5.737
 20
5.2
 30
0.0
 11
5.537000000000001
 21
5.2
 31
0.0
  0
LINE
  5
2A8
330
2C9
100
AcDbEntity
  8
PCB
100
AcDbLine
 10
7.026500000000001
 20
4.82
 30
0.0
 11
6.6665
 21
4.82
 31
0.0
  0
LINE
  5
2AB
330
2C9
100
AcDbEntity
  8
PCB
100
AcDbLine
 10
5.537
 20
4.82
 30
0.0
 11
5.236999999999999
 21
4.82
 31
0.0
  0
LINE
  5
29C
330
2C9
100
AcDbEntity
  8
PCB
100
AcDbLine
 10
5.236999999999999
 20
4.819999999999999
 30
0.0
 11
5.236999999999999
 21
5.25
 31
0.0
  0
LINE
  5
29D
330
2C9
100
AcDbEntity
  8
PCB
100
AcDbLine
 10
5.537
 20
4.819999999999999
 30
0.0
 11
5.536999999999999
 21
5.25
 31
0.0
  0
VIEWPORT
  5
386
330
2C5
100
AcDbEntity
 67
     1
  8
0
100
AcDbViewport
 10
128.5
 20
97.5
 30
0.0
 40
314.226
 41
222.18
 68
     1
 69
     1
 12
128.5
 22
97.5
 13
0.0
 23
0.0
 14
10.0
 24
10.0
 15
10.0
 25
10.0
 16
0.0
 26
0.0
 36
1.0
 17
0.0
 27
0.0
 37
0.0
 42
50.0
 43
0.0
 44
0.0
 45
222.18
 50
0.0
 51
0.0
 72
   100
 90
   557152
  1

281
     0
 71
     1
 74
     0
110
0.0
120
0.0
130
0.0
111
1.0
121
0.0
131
0.0
112
0.0
122
1.0
132
0.0
 79
     0
146
0.0
170
     0
 61
     5
348
2D9
292
     1
282
     1
141
0.0
142
0.0
 63
   256
361
387
  0
ENDSEC
  0
SECTION
  2
OBJECTS
  0
DICTIONARY
  5
2B7
330
0
100
AcDbDictionary
281
     1
  3
ACAD_DETAILVIEWSTYLE
350
393
  3
ACAD_GROUP
350
2B8
  3
ACAD_IMAGE_VARS
350
349
  3
ACAD_LAYOUT
350
2C4
  3
ACAD_MATERIAL
350
2ED
  3
ACAD_MLEADERSTYLE
350
305
  3
ACAD_MLINESTYLE
350
2C1
  3
ACAD_PLOTSETTINGS
350
2C3
  3
ACAD_PLOTSTYLENAME
350
2B9
  3
ACAD_SCALELIST
350
2F1
  3
ACAD_SECTIONVIEWSTYLE
350
394
  3
ACAD_TABLESTYLE
350
303
  3
ACAD_VISUALSTYLE
350
2D4
  3
ACDB_RECOMPOSE_DATA
350
390
  3
AcDbVariableDictionary
350
38C
  3
QCAD_OBJECTS
350
309
  0
SUN
  5
307
330
2D3
100
AcDbSun
 90
        1
290
     0
 63
     7
421
 16777215
 40
1.0
291
     1
 91
  2455826
 92
 54000000
292
     0
 70
     2
 71
   256
280
     1
  0
SUN
  5
387
330
386
100
AcDbSun
 90
        1
290
     0
 63
     7
421
 16777215
 40
1.0
291
     1
 91
  2455826
 92
 54000000
292
     0
 70
     2
 71
   256
280
     1
  0
DICTIONARY
  5
393
102
{ACAD_REACTORS
330
2B7
102
}
330
2B7
100
AcDbDictionary
281
     1
  0
DICTIONARY
  5
2B8
102
{ACAD_REACTORS
330
2B7
102
}
330
2B7
100
AcDbDictionary
281
     1
  0
RASTERVARIABLES
  5
349
102
{ACAD_REACTORS
330
2B7
102
}
330
2B7
100
AcDbRasterVariables
 90
        0
 70
     1
 71
     1
 72
     5
  0
DICTIONARY
  5
2C4
102
{ACAD_REACTORS
330
2B7
102
}
330
2B7
100
AcDbDictionary
281
     1
  3
Layout1
350
2C8
  3
Model
350
2CC
  0
DICTIONARY
  5
2ED
102
{ACAD_REACTORS
330
2B7
102
}
330
2B7
100
AcDbDictionary
281
     1
  3
ByBlock
350
2EF
  3
ByLayer
350
2EE
  3
Global
350
2F0
  0
DICTIONARY
  5
305
102
{ACAD_REACTORS
330
2B7
102
}
330
2B7
100
AcDbDictionary
281
     1
  3
Standard
350
306
  0
DICTIONARY
  5
2C1
102
{ACAD_REACTORS
330
2B7
102
}
330
2B7
100
AcDbDictionary
281
     1
  3
Standard
350
2C2
  0
DICTIONARY
  5
2C3
102
{ACAD_REACTORS
330
2B7
102
}
330
2B7
100
AcDbDictionary
281
     1
  0
ACDBDICTIONARYWDFLT
  5
2B9
102
{ACAD_REACTORS
330
2B7
102
}
330
2B7
100
AcDbDictionary
281
     1
  3
Normal
350
2BA
100
AcDbDictionaryWithDefault
340
2BA
  0
DICTIONARY
  5
2F1
102
{ACAD_REACTORS
330
2B7
102
}
330
2B7
100
AcDbDictionary
281
     1
  3
A0
350
2F2
  3
A1
350
2F3
  3
A2
350
2F4
  3
A3
350
2F5
  3
A4
350
2F6
  3
A5
350
2F7
  3
A6
350
2F8
  3
A7
350
2F9
  3
A8
350
2FA
  3
A9
350
2FB
  3
B1
350
2FC
  3
B2
350
2FD
  3
B3
350
2FE
  3
B4
350
2FF
  3
B5
350
300
  3
B6
350
301
  3
B7
350
302
  0
DICTIONARY
  5
394
102
{ACAD_REACTORS
330
2B7
102
}
330
2B7
100
AcDbDictionary
281
     1
  0
DICTIONARY
  5
303
102
{ACAD_REACTORS
330
2B7
102
}
330
2B7
100
AcDbDictionary
281
     1
  3
Standard
350
304
  0
DICTIONARY
  5
2D4
102
{ACAD_REACTORS
330
2B7
102
}
330
2B7
100
AcDbDictionary
281
     1
  3
2dWireframe
350
2D9
  3
Basic
350
2DC
  3
Brighten
350
2E0
  3
ColorChange
350
2E4
  3
Conceptual
350
2DE
  3
Dim
350
2DF
  3
EdgeColorOff
350
2E7
  3
Facepattern
350
2E3
  3
Flat
350
2D5
  3
FlatWithEdges
350
2D6
  3
Gouraud
350
2D7
  3
GouraudWithEdges
350
2D8
  3
Hidden
350
2DB
  3
JitterOff
350
2E5
  3
Linepattern
350
2E2
  3
OverhangOff
350
2E6
  3
Realistic
350
2DD
  3
Shaded
350
2EC
  3
Shaded with edges
350
2EB
  3
Shades of Gray
350
2E8
  3
Sketchy
350
2E9
  3
Thicken
350
2E1
  3
Wireframe
350
2DA
  3
X-Ray
350
2EA
  0
XRECORD
  5
390
102
{ACAD_REACTORS
330
2B7
102
}
330
2B7
100
AcDbXrecord
280
     1
 90
        1
330
304
  0
DICTIONARY
  5
38C
102
{ACAD_REACTORS
330
2B7
102
}
330
2B7
100
AcDbDictionary
281
     1
  3
CANNOSCALE
350
38D
  3
CMLEADERSTYLE
350
392
  3
CTABLESTYLE
350
391
  0
DICTIONARY
  5
309
102
{ACAD_REACTORS
330
2B7
102
}
330
2B7
100
AcDbDictionary
281
     1
  3
ColorSettings/BackgroundColor
350
30B
  3
ColorSettings/ColorMode
350
30C
  3
DimensionSettings/AngularFormat
350
30D
  3
DimensionSettings/AngularPrecision
350
30E
  3
DimensionSettings/DecimalPoint
350
30F
  3
DimensionSettings/DimensionFont
350
310
  3
DimensionSettings/DimensionTextColor
350
311
  3
DimensionSettings/KeepProportions
350
312
  3
DimensionSettings/LinearFormat
350
313
  3
DimensionSettings/LinearPrecision
350
314
  3
Grid/DisplayGrid00
350
315
  3
Grid/DisplayGrid01
350
316
  3
Grid/DisplayGrid02
350
317
  3
Grid/DisplayGrid03
350
318
  3
Grid/GridSpacingX00
350
319
  3
Grid/GridSpacingX01
350
31A
  3
Grid/GridSpacingX02
350
31B
  3
Grid/GridSpacingX03
350
31C
  3
Grid/GridSpacingY00
350
31D
  3
Grid/GridSpacingY01
350
31E
  3
Grid/GridSpacingY02
350
31F
  3
Grid/GridSpacingY03
350
320
  3
Grid/IsometricGrid00
350
321
  3
Grid/IsometricGrid01
350
322
  3
Grid/IsometricGrid02
350
323
  3
Grid/IsometricGrid03
350
324
  3
Grid/IsometricProjection00
350
325
  3
Grid/IsometricProjection01
350
326
  3
Grid/IsometricProjection02
350
327
  3
Grid/IsometricProjection03
350
328
  3
Grid/MetaGridSpacingX00
350
329
  3
Grid/MetaGridSpacingX01
350
32A
  3
Grid/MetaGridSpacingX02
350
32B
  3
Grid/MetaGridSpacingX03
350
32C
  3
Grid/MetaGridSpacingY00
350
32D
  3
Grid/MetaGridSpacingY01
350
32E
  3
Grid/MetaGridSpacingY02
350
32F
  3
Grid/MetaGridSpacingY03
350
330
  3
MultiPageSettings/Columns
350
331
  3
MultiPageSettings/GlueMarginsBottom
350
332
  3
MultiPageSettings/GlueMarginsLeft
350
333
  3
MultiPageSettings/GlueMarginsRight
350
334
  3
MultiPageSettings/GlueMarginsTop
350
335
  3
MultiPageSettings/PrintCropMarks
350
336
  3
MultiPageSettings/Rows
350
337
  3
PageSettings/OffsetX
350
338
  3
PageSettings/OffsetY
350
339
  3
PageSettings/PageOrientation
350
33A
  3
PageSettings/PaperHeight
350
33B
  3
PageSettings/PaperWidth
350
33C
  3
PageSettings/Scale
350
33D
  3
PageSettings/ShowPaperBorders
350
33E
  3
PageTagSettings/EnablePageTags
350
33F
  3
PageTagSettings/TagAlignment
350
340
  3
PageTagSettings/TagFont
350
341
  3
PageTagSettings/TagPosition
350
342
  3
QCADVersion
350
343
  3
UnitSettings/Measurement
350
344
  3
UnitSettings/PaperUnit
350
345
  3
ViewportCenter
350
346
  3
ViewportHeight
350
347
  3
ViewportWidth
350
348
  0
LAYOUT
  5
2C8
102
{ACAD_REACTORS
330
2C4
102
}
330
2C4
100
AcDbPlotSettings
  1

  2
none_device
  4
ISO_A4_(210.00_x_297.00_MM)
  6

 40
7.5
 41
20.0
 42
7.5
 43
20.0
 44
210.0
 45
297.0
 46
0.0
 47
0.0
 48
0.0
 49
0.0
140
0.0
141
0.0
142
1.0
143
1.0
 70
   688
 72
     1
 73
     1
 74
     5
  7

 75
    16
 76
     0
 77
     2
 78
   300
147
1.0
148
0.0
149
0.0
100
AcDbLayout
  1
Layout1
 70
     1
 71
     0
 10
-20.0
 20
-7.5
 11
277.0
 21
202.5
 12
0.0
 22
0.0
 32
0.0
 14
0.0
 24
0.0
 34
0.0
 15
0.0
 25
0.0
 35
0.0
146
0.0
 13
0.0
 23
0.0
 33
0.0
 16
1.0
 26
0.0
 36
0.0
 17
0.0
 27
1.0
 37
0.0
 76
     0
330
2C5
331
386
  0
LAYOUT
  5
2CC
102
{ACAD_REACTORS
330
2C4
102
}
330
2C4
100
AcDbPlotSettings
  1

  2
none_device
  4
Letter_(8.50_x_11.00_Inches)
  6

 40
6.35
 41
6.35
 42
6.35000508
 43
6.35000508
 44
215.9
 45
279.4
 46
0.0
 47
0.0
 48
0.0
 49
0.0
140
0.0
141
0.0
142
1.0
143
1.0
 70
  1712
 72
     0
 73
     0
 74
     0
  7

 75
     0
 76
     0
 77
     2
 78
   300
147
1.0
148
0.0
149
0.0
100
AcDbLayout
  1
Model
 70
     1
 71
     0
 10
0.0
 20
0.0
 11
12.0
 21
9.0
 12
0.0
 22
0.0
 32
0.0
 14
-0.4999999999999999
 24
-0.236
 34
0.0
 15
7.999999999999999
 25
5.486
 35
0.0
146
0.0
 13
0.0
 23
0.0
 33
0.0
 16
1.0
 26
0.0
 36
0.0
 17
0.0
 27
1.0
 37
0.0
 76
     0
330
2C9
331
2D3
  0
MATERIAL
  5
2EF
102
{ACAD_REACTORS
330
2ED
102
}
330
2ED
100
AcDbMaterial
  1
ByBlock
 72
     1
 94
      127
  0
MATERIAL
  5
2EE
102
{ACAD_REACTORS
330
2ED
102
}
330
2ED
100
AcDbMaterial
  1
ByLayer
 72
     1
 94
      127
  0
MATERIAL
  5
2F0
102
{ACAD_REACTORS
330
2ED
102
}
330
2ED
100
AcDbMaterial
  1
Global
 72
     1
 94
      127
  0
MLEADERSTYLE
  5
306
102
{ACAD_REACTORS
330
305
102
}
330
305
100
AcDbMLeaderStyle
179
     2
170
     2
171
     1
172
     0
 90
        2
 40
0.0
 41
0.0
173
     1
 91
-1056964608
340
2BE
 92
       -2
290
     1
 42
0.09
291
     1
 43
0.36
  3
Standard
341
0
 44
0.18
300

342
2BC
174
     1
178
     6
175
     1
176
     0
 93
-1056964608
 45
0.18
292
     0
297
     0
 46
0.18
343
0
 94
-1056964608
 47
1.0
 49
1.0
140
1.0
293
     1
141
0.0
294
     1
177
     0
142
1.0
295
     0
296
     0
143
0.125
271
     0
272
     9
273
     9
298
     0
  0
MLINESTYLE
  5
2C2
102
{ACAD_REACTORS
330
2C1
102
}
330
2C1
100
AcDbMlineStyle
  2
Standard
 70
     0
  3

 62
   256
 51
90.0
 52
90.0
 71
     2
 49
0.5
 62
   256
  6
BYLAYER
 49
-0.5
 62
   256
  6
BYLAYER
  0
ACDBPLACEHOLDER
  5
2BA
102
{ACAD_REACTORS
330
2B9
102
}
330
2B9
  0
SCALE
  5
2F2
102
{ACAD_REACTORS
330
2F1
102
}
330
2F1
100
AcDbScale
 70
     0
300
1:1
140
1.0
141
1.0
290
     1
  0
SCALE
  5
2F3
102
{ACAD_REACTORS
330
2F1
102
}
330
2F1
100
AcDbScale
 70
     0
300
1/128" = 1'-0"
140
0.0078125
141
12.0
290
     0
  0
SCALE
  5
2F4
102
{ACAD_REACTORS
330
2F1
102
}
330
2F1
100
AcDbScale
 70
     0
300
1/64" = 1'-0"
140
0.015625
141
12.0
290
     0
  0
SCALE
  5
2F5
102
{ACAD_REACTORS
330
2F1
102
}
330
2F1
100
AcDbScale
 70
     0
300
1/32" = 1'-0"
140
0.03125
141
12.0
290
     0
  0
SCALE
  5
2F6
102
{ACAD_REACTORS
330
2F1
102
}
330
2F1
100
AcDbScale
 70
     0
300
1/16" = 1'-0"
140
0.0625
141
12.0
290
     0
  0
SCALE
  5
2F7
102
{ACAD_REACTORS
330
2F1
102
}
330
2F1
100
AcDbScale
 70
     0
300
3/32" = 1'-0"
140
0.09375
141
12.0
290
     0
  0
SCALE
  5
2F8
102
{ACAD_REACTORS
330
2F1
102
}
330
2F1
100
AcDbScale
 70
     0
300
1/8" = 1'-0"
140
0.125
141
12.0
290
     0
  0
SCALE
  5
2F9
102
{ACAD_REACTORS
330
2F1
102
}
330
2F1
100
AcDbScale
 70
     0
300
3/16" = 1'-0"
140
0.1875
141
12.0
290
     0
  0
SCALE
  5
2FA
102
{ACAD_REACTORS
330
2F1
102
}
330
2F1
100
AcDbScale
 70
     0
300
1/4" = 1'-0"
140
0.25
141
12.0
290
     0
  0
SCALE
  5
2FB
102
{ACAD_REACTORS
330
2F1
102
}
330
2F1
100
AcDbScale
 70
     0
300
3/8" = 1'-0"
140
0.375
141
12.0
290
     0
  0
SCALE
  5
2FC
102
{ACAD_REACTORS
330
2F1
102
}
330
2F1
100
AcDbScale
 70
     0
300
1/2" = 1'-0"
140
0.5
141
12.0
290
     0
  0
SCALE
  5
2FD
102
{ACAD_REACTORS
330
2F1
102
}
330
2F1
100
AcDbScale
 70
     0
300
3/4" = 1'-0"
140
0.75
141
12.0
290
     0
  0
SCALE
  5
2FE
102
{ACAD_REACTORS
330
2F1
102
}
330
2F1
100
AcDbScale
 70
     0
300
1" = 1'-0"
140
1.0
141
12.0
290
     0
  0
SCALE
  5
2FF
102
{ACAD_REACTORS
330
2F1
102
}
330
2F1
100
AcDbScale
 70
     0
300
1-1/2" = 1'-0"
140
1.5
141
12.0
290
     0
  0
SCALE
  5
300
102
{ACAD_REACTORS
330
2F1
102
}
330
2F1
100
AcDbScale
 70
     0
300
3" = 1'-0"
140
3.0
141
12.0
290
     0
  0
SCALE
  5
301
102
{ACAD_REACTORS
330
2F1
102
}
330
2F1
100
AcDbScale
 70
     0
300
6" = 1'-0"
140
6.0
141
12.0
290
     0
  0
SCALE
  5
302
102
{ACAD_REACTORS
330
2F1
102
}
330
2F1
100
AcDbScale
 70
     0
300
1'-0" = 1'-0"
140
12.0
141
12.0
290
     0
  0
TABLESTYLE
  5
304
102
{ACAD_REACTORS
330
303
102
}
102
{ACAD_XDICTIONARY
360
38E
102
}
330
303
100
AcDbTableStyle
  3
Standard
 70
     0
 71
     0
 40
0.06
 41
0.06
280
     0
281
     0
  7
Standard
140
0.18
170
     2
 62
     0
 63
   257
283
     0
 90
        4
 91
        0
  1

274
    -2
284
     1
 64
     0
275
    -2
285
     1
 65
     0
276
    -2
286
     1
 66
     0
277
    -2
287
     1
 67
     0
278
    -2
288
     1
 68
     0
279
    -2
289
     1
 69
     0
  7
Standard
140
0.25
170
     5
 62
     0
 63
   257
283
     0
 90
        4
 91
        0
  1

274
    -2
284
     1
 64
     0
275
    -2
285
     1
 65
     0
276
    -2
286
     1
 66
     0
277
    -2
287
     1
 67
     0
278
    -2
288
     1
 68
     0
279
    -2
289
     1
 69
     0
  7
Standard
140
0.18
170
     5
 62
     0
 63
   257
283
     0
 90
        4
 91
        0
  1

274
    -2
284
     1
 64
     0
275
    -2
285
     1
 65
     0
276
    -2
286
     1
 66
     0
277
    -2
287
     1
 67
     0
278
    -2
288
     1
 68
     0
279
    -2
289
     1
 69
     0
  0
VISUALSTYLE
  5
2D9
102
{ACAD_REACTORS
330
2D4
102
}
330
2D4
100
AcDbVisualStyle
  2
2dWireframe
 70
     4
177
     3
291
     0
 70
    58
 90
        0
176
     1
 90
        2
176
     1
 90
        0
176
     1
 90
        0
176
     1
 40
0.6
176
     1
 40
30.0
176
     1
 62
     7
420
 16777215
176
     1
 90
        1
176
     1
 90
        4
176
     1
 62
     7
176
     1
 62
   257
176
     1
 90
        1
176
     1
 90
        1
176
     1
 40
1.0
176
     1
 90
        0
176
     1
 62
   257
176
     1
 40
1.0
176
     1
 90
        1
176
     1
 90
        6
176
     1
 90
        2
176
     1
 62
     7
176
     1
 90
        5
176
     1
 90
        0
176
     1
 90
        0
176
     1
290
     0
176
     1
 90
        1
176
     1
 40
0.0
176
     1
 90
        0
176
     1
290
     1
176
     1
290
     1
176
     1
290
     0
176
     1
290
     0
176
     1
290
     0
176
     1
290
     0
176
     1
290
     0
176
     1
290
     0
176
     1
290
     0
176
     1
 90
       50
176
     1
 40
0.0
176
     1
 40
1.0
176
     1
 90
        0
176
     1
 62
    18
420
        0
176
     1
 90
       50
176
     1
 90
        3
176
     1
 62
     5
420
      255
176
     1
290
     0
176
     1
 90
       50
176
     1
 90
       50
176
     1
 90
       50
176
     1
290
     0
176
     1
 90
       50
176
     1
 62
   256
176
     0
 40
1.0
176
     0
 90
        2
176
     1
  1
strokes_ogs.tif
176
     1
290
     0
176
     1
 40
1.0
176
     1
 40
1.0
176
     1
  0
VISUALSTYLE
  5
2DC
102
{ACAD_REACTORS
330
2D4
102
}
330
2D4
100
AcDbVisualStyle
  2
Basic
 70
     7
177
     3
291
     1
 70
    58
 90
        1
176
     1
 90
        0
176
     1
 90
        1
176
     1
 90
        0
176
     1
 40
0.6
176
     1
 40
30.0
176
     1
 62
     7
420
 16777215
176
     1
 90
        0
176
     1
 90
        4
176
     1
 62
     7
176
     1
 62
   257
176
     1
 90
        1
176
     1
 90
        1
176
     1
 40
1.0
176
     1
 90
        8
176
     1
 62
     7
176
     1
 40
1.0
176
     1
 90
        1
176
     1
 90
        6
176
     1
 90
        2
176
     1
 62
     7
176
     1
 90
        5
176
     1
 90
        0
176
     1
 90
        0
176
     1
290
     0
176
     1
 90
        1
176
     1
 40
0.0
176
     1
 90
        0
176
     1
290
     0
176
     1
290
     1
176
     1
290
     1
176
     1
290
     0
176
     1
290
     0
176
     1
290
     0
176
     1
290
     0
176
     1
290
     0
176
     1
290
     0
176
     1
 90
       50
176
     1
 40
0.0
176
     1
 40
1.0
176
     1
 90
        0
176
     1
 62
    18
420
        0
176
     1
 90
       50
176
     1
 90
        3
176
     1
 62
     5
420
      255
176
     1
290
     0
176
     1
 90
       50
176
     1
 90
       50
176
     1
 90
       50
176
     1
290
     0
176
     1
 90
       50
176
     1
 62
   256
176
     0
 40
1.0
176
     0
 90
        2
176
     1
  1
strokes_ogs.tif
176
     1
290
     0
176
     1
 40
1.0
176
     1
 40
1.0
176
     1
  0
VISUALSTYLE
  5
2E0
102
{ACAD_REACTORS
330
2D4
102
}
330
2D4
100
AcDbVisualStyle
  2
Brighten
 70
    12
177
     3
291
     1
 70
    58
 90
        2
176
     1
 90
        2
176
     1
 90
        0
176
     1
 90
        0
176
     1
 40
0.6
176
     1
 40
30.0
176
     1
 62
     7
420
 16777215
176
     1
 90
        1
176
     1
 90
        4
176
     1
 62
     7
176
     1
 62
   257
176
     1
 90
        1
176
     1
 90
        1
176
     1
 40
1.0
176
     1
 90
        8
176
     1
 62
     7
176
     1
 40
1.0
176
     1
 90
        1
176
     1
 90
        6
176
     1
 90
        2
176
     1
 62
     7
176
     1
 90
        5
176
     1
 90
        0
176
     1
 90
        0
176
     1
290
     0
176
     1
 90
        1
176
     1
 40
50.0
176
     1
 90
        0
176
     1
290
     0
176
     1
290
     1
176
     1
290
     1
176
     1
290
     0
176
     1
290
     0
176
     1
290
     0
176
     1
290
     0
176
     1
290
     0
176
     1
290
     0
176
     1
 90
       50
176
     1
 40
0.0
176
     1
 40
1.0
176
     1
 90
        0
176
     1
 62
    18
420
        0
176
     1
 90
       50
176
     1
 90
        3
176
     1
 62
     5
420
      255
176
     1
290
     0
176
     1
 90
       50
176
     1
 90
       50
176
     1
 90
       50
176
     1
290
     0
176
     1
 90
       50
176
     1
 62
   256
176
     0
 40
1.0
176
     0
 90
        2
176
     1
  1
strokes_ogs.tif
176
     1
290
     0
176
     1
 40
1.0
176
     1
 40
1.0
176
     1
  0
VISUALSTYLE
  5
2E4
102
{ACAD_REACTORS
330
2D4
102
}
330
2D4
100
AcDbVisualStyle
  2
ColorChange
 70
    16
177
     3
291
     1
 70
    58
 90
        2
176
     1
 90
        2
176
     1
 90
        3
176
     1
 90
        0
176
     1
 40
0.6
176
     1
 40
30.0
176
     1
 62
     8
420
  8421504
176
     1
 90
        1
176
     1
 90
        4
176
     1
 62
     7
176
     1
 62
   257
176
     1
 90
        1
176
     1
 90
        1
176
     1
 40
1.0
176
     1
 90
        8
176
     1
 62
     8
420
  8421504
176
     1
 40
1.0
176
     1
 90
        1
176
     1
 90
        6
176
     1
 90
        2
176
     1
 62
     7
176
     1
 90
        5
176
     1
 90
        0
176
     1
 90
        0
176
     1
290
     0
176
     1
 90
        1
176
     1
 40
0.0
176
     1
 90
        0
176
     1
290
     0
176
     1
290
     1
176
     1
290
     1
176
     1
290
     0
176
     1
290
     0
176
     1
290
     0
176
     1
290
     0
176
     1
290
     0
176
     1
290
     0
176
     1
 90
       50
176
     1
 40
0.0
176
     1
 40
1.0
176
     1
 90
        0
176
     1
 62
    18
420
        0
176
     1
 90
       50
176
     1
 90
        3
176
     1
 62
     5
420
      255
176
     1
290
     0
176
     1
 90
       50
176
     1
 90
       50
176
     1
 90
       50
176
     1
290
     0
176
     1
 90
       50
176
     1
 62
   256
176
     0
 40
1.0
176
     0
 90
        2
176
     1
  1
strokes_ogs.tif
176
     1
290
     0
176
     1
 40
1.0
176
     1
 40
1.0
176
     1
  0
VISUALSTYLE
  5
2DE
102
{ACAD_REACTORS
330
2D4
102
}
330
2D4
100
AcDbVisualStyle
  2
Conceptual
 70
     9
177
     3
291
     0
 70
    58
 90
        3
176
     1
 90
        2
176
     1
 90
        0
176
     1
 90
        0
176
     1
 40
0.6
176
     1
 40
30.0
176
     1
 62
     7
420
 16777215
176
     1
 90
        2
176
     1
 90
        2
176
     1
 62
     7
176
     1
 62
   257
176
     1
 90
        1
176
     1
 90
        1
176
     1
 40
179.0
176
     1
 90
        8
176
     1
 62
     7
176
     1
 40
1.0
176
     1
 90
        1
176
     1
 90
        6
176
     1
 90
        2
176
     1
 62
     7
176
     1
 90
        3
176
     1
 90
        0
176
     1
 90
        0
176
     1
290
     0
176
     1
 90
        1
176
     1
 40
0.0
176
     1
 90
        0
176
     1
290
     0
176
     1
290
     1
176
     1
290
     1
176
     1
290
     0
176
     1
290
     0
176
     1
290
     0
176
     1
290
     0
176
     1
290
     0
176
     1
290
     0
176
     1
 90
       50
176
     1
 40
0.0
176
     1
 40
1.0
176
     1
 90
        0
176
     1
 62
    18
420
        0
176
     1
 90
       50
176
     1
 90
        3
176
     1
 62
     5
420
      255
176
     1
290
     0
176
     1
 90
       50
176
     1
 90
       50
176
     1
 90
       50
176
     1
290
     0
176
     1
 90
       50
176
     1
 62
   256
176
     0
 40
1.0
176
     0
 90
        2
176
     1
  1
strokes_ogs.tif
176
     1
290
     0
176
     1
 40
1.0
176
     1
 40
1.0
176
     1
  0
VISUALSTYLE
  5
2DF
102
{ACAD_REACTORS
330
2D4
102
}
330
2D4
100
AcDbVisualStyle
  2
Dim
 70
    11
177
     3
291
     1
 70
    58
 90
        2
176
     1
 90
        2
176
     1
 90
        0
176
     1
 90
        0
176
     1
 40
0.6
176
     1
 40
30.0
176
     1
 62
     7
420
 16777215
176
     1
 90
        1
176
     1
 90
        4
176
     1
 62
     7
176
     1
 62
   257
176
     1
 90
        1
176
     1
 90
        1
176
     1
 40
1.0
176
     1
 90
        8
176
     1
 62
     7
176
     1
 40
1.0
176
     1
 90
        1
176
     1
 90
        6
176
     1
 90
        2
176
     1
 62
     7
176
     1
 90
        5
176
     1
 90
        0
176
     1
 90
        0
176
     1
290
     0
176
     1
 90
        1
176
     1
 40
-50.0
176
     1
 90
        0
176
     1
290
     0
176
     1
290
     1
176
     1
290
     1
176
     1
290
     0
176
     1
290
     0
176
     1
290
     0
176
     1
290
     0
176
     1
290
     0
176
     1
290
     0
176
     1
 90
       50
176
     1
 40
0.0
176
     1
 40
1.0
176
     1
 90
        0
176
     1
 62
    18
420
        0
176
     1
 90
       50
176
     1
 90
        3
176
     1
 62
     5
420
      255
176
     1
290
     0
176
     1
 90
       50
176
     1
 90
       50
176
     1
 90
       50
176
     1
290
     0
176
     1
 90
       50
176
     1
 62
   256
176
     0
 40
1.0
176
     0
 90
        2
176
     1
  1
strokes_ogs.tif
176
     1
290
     0
176
     1
 40
1.0
176
     1
 40
1.0
176
     1
  0
VISUALSTYLE
  5
2E7
102
{ACAD_REACTORS
330
2D4
102
}
330
2D4
100
AcDbVisualStyle
  2
EdgeColorOff
 70
    22
177
     3
291
     1
 70
    58
 90
        2
176
     0
 90
        2
176
     0
 90
        0
176
     0
 90
        0
176
     0
 40
0.6
176
     0
 40
30.0
176
     0
 62
     7
420
 16777215
176
     0
 90
        1
176
     0
 90
        4
176
     0
 62
     7
176
     0
 62
   257
176
     0
 90
        1
176
     0
 90
        1
176
     0
 40
1.0
176
     0
 90
        8
176
     2
 62
     7
176
     0
 40
1.0
176
     0
 90
        1
176
     0
 90
        6
176
     0
 90
        2
176
     0
 62
     7
176
     0
 90
        5
176
     0
 90
        0
176
     0
 90
        0
176
     0
290
     0
176
     0
 90
        1
176
     0
 40
0.0
176
     0
 90
        0
176
     0
290
     0
176
     0
290
     1
176
     0
290
     1
176
     0
290
     0
176
     0
290
     0
176
     0
290
     0
176
     0
290
     0
176
     0
290
     0
176
     0
290
     0
176
     0
 90
       50
176
     0
 40
0.0
176
     0
 40
1.0
176
     0
 90
        0
176
     0
 62
    18
420
        0
176
     0
 90
       50
176
     0
 90
        3
176
     0
 62
     5
420
      255
176
     0
290
     0
176
     0
 90
       50
176
     0
 90
       50
176
     0
 90
       50
176
     0
290
     0
176
     0
 90
       50
176
     0
 62
   256
176
     0
 40
1.0
176
     0
 90
        2
176
     0
  1
strokes_ogs.tif
176
     0
290
     0
176
     0
 40
1.0
176
     0
 40
1.0
176
     0
  0
VISUALSTYLE
  5
2E3
102
{ACAD_REACTORS
330
2D4
102
}
330
2D4
100
AcDbVisualStyle
  2
Facepattern
 70
    15
177
     3
291
     1
 70
    58
 90
        2
176
     1
 90
        2
176
     1
 90
        0
176
     1
 90
        0
176
     1
 40
0.6
176
     1
 40
30.0
176
     1
 62
     7
420
 16777215
176
     1
 90
        1
176
     1
 90
        4
176
     1
 62
     7
176
     1
 62
   257
176
     1
 90
        1
176
     1
 90
        1
176
     1
 40
1.0
176
     1
 90
        8
176
     1
 62
     7
176
     1
 40
1.0
176
     1
 90
        1
176
     1
 90
        6
176
     1
 90
        2
176
     1
 62
     7
176
     1
 90
        5
176
     1
 90
        0
176
     1
 90
        0
176
     1
290
     0
176
     1
 90
        1
176
     1
 40
0.0
176
     1
 90
        0
176
     1
290
     0
176
     1
290
     1
176
     1
290
     1
176
     1
290
     0
176
     1
290
     0
176
     1
290
     0
176
     1
290
     0
176
     1
290
     0
176
     1
290
     0
176
     1
 90
       50
176
     1
 40
0.0
176
     1
 40
1.0
176
     1
 90
        0
176
     1
 62
    18
420
        0
176
     1
 90
       50
176
     1
 90
        3
176
     1
 62
     5
420
      255
176
     1
290
     0
176
     1
 90
       50
176
     1
 90
       50
176
     1
 90
       50
176
     1
290
     0
176
     1
 90
       50
176
     1
 62
   256
176
     0
 40
1.0
176
     0
 90
        2
176
     1
  1
strokes_ogs.tif
176
     1
290
     0
176
     1
 40
1.0
176
     1
 40
1.0
176
     1
  0
VISUALSTYLE
  5
2D5
102
{ACAD_REACTORS
330
2D4
102
}
330
2D4
100
AcDbVisualStyle
  2
Flat
 70
     0
177
     3
291
     1
 70
    58
 90
        2
176
     1
 90
        1
176
     1
 90
        1
176
     1
 90
        2
176
     1
 40
0.6
176
     1
 40
30.0
176
     1
 62
     7
420
 16777215
176
     1
 90
        0
176
     1
 90
        0
176
     1
 62
     7
176
     1
 62
   257
176
     1
 90
        1
176
     1
 90
        1
176
     1
 40
1.0
176
     1
 90
        8
176
     1
 62
     7
176
     1
 40
1.0
176
     1
 90
        1
176
     1
 90
        6
176
     1
 90
        2
176
     1
 62
     7
176
     1
 90
        5
176
     1
 90
        0
176
     1
 90
        0
176
     1
290
     0
176
     1
 90
       13
176
     1
 40
0.0
176
     1
 90
        0
176
     1
290
     0
176
     1
290
     1
176
     1
290
     1
176
     1
290
     0
176
     1
290
     0
176
     1
290
     0
176
     1
290
     0
176
     1
290
     0
176
     1
290
     0
176
     1
 90
       50
176
     1
 40
0.0
176
     1
 40
1.0
176
     1
 90
        0
176
     1
 62
    18
420
        0
176
     1
 90
       50
176
     1
 90
        3
176
     1
 62
     5
420
      255
176
     1
290
     0
176
     1
 90
       50
176
     1
 90
       50
176
     1
 90
       50
176
     1
290
     0
176
     1
 90
       50
176
     1
 62
   256
176
     0
 40
1.0
176
     0
 90
        2
176
     1
  1
strokes_ogs.tif
176
     1
290
     0
176
     1
 40
1.0
176
     1
 40
1.0
176
     1
  0
VISUALSTYLE
  5
2D6
102
{ACAD_REACTORS
330
2D4
102
}
330
2D4
100
AcDbVisualStyle
  2
FlatWithEdges
 70
     1
177
     3
291
     1
 70
    58
 90
        2
176
     1
 90
        1
176
     1
 90
        1
176
     1
 90
        2
176
     1
 40
0.6
176
     1
 40
30.0
176
     1
 62
     7
420
 16777215
176
     1
 90
        1
176
     1
 90
        0
176
     1
 62
     7
176
     1
 62
   257
176
     1
 90
        1
176
     1
 90
        1
176
     1
 40
1.0
176
     1
 90
        0
176
     1
 62
   257
176
     1
 40
1.0
176
     1
 90
        1
176
     1
 90
        6
176
     1
 90
        2
176
     1
 62
     7
176
     1
 90
        5
176
     1
 90
        0
176
     1
 90
        0
176
     1
290
     0
176
     1
 90
       13
176
     1
 40
0.0
176
     1
 90
        0
176
     1
290
     0
176
     1
290
     1
176
     1
290
     1
176
     1
290
     0
176
     1
290
     0
176
     1
290
     0
176
     1
290
     0
176
     1
290
     0
176
     1
290
     0
176
     1
 90
       50
176
     1
 40
0.0
176
     1
 40
1.0
176
     1
 90
        0
176
     1
 62
    18
420
        0
176
     1
 90
       50
176
     1
 90
        3
176
     1
 62
     5
420
      255
176
     1
290
     0
176
     1
 90
       50
176
     1
 90
       50
176
     1
 90
       50
176
     1
290
     0
176
     1
 90
       50
176
     1
 62
   256
176
     0
 40
1.0
176
     0
 90
        2
176
     1
  1
strokes_ogs.tif
176
     1
290
     0
176
     1
 40
1.0
176
     1
 40
1.0
176
     1
  0
VISUALSTYLE
  5
2D7
102
{ACAD_REACTORS
330
2D4
102
}
330
2D4
100
AcDbVisualStyle
  2
Gouraud
 70
     2
177
     3
291
     1
 70
    58
 90
        2
176
     1
 90
        2
176
     1
 90
        1
176
     1
 90
        2
176
     1
 40
0.6
176
     1
 40
30.0
176
     1
 62
     7
420
 16777215
176
     1
 90
        0
176
     1
 90
        0
176
     1
 62
     7
176
     1
 62
   257
176
     1
 90
        1
176
     1
 90
        1
176
     1
 40
1.0
176
     1
 90
        0
176
     1
 62
     7
176
     1
 40
1.0
176
     1
 90
        1
176
     1
 90
        6
176
     1
 90
        2
176
     1
 62
     7
176
     1
 90
        5
176
     1
 90
        0
176
     1
 90
        0
176
     1
290
     0
176
     1
 90
       13
176
     1
 40
0.0
176
     1
 90
        0
176
     1
290
     0
176
     1
290
     1
176
     1
290
     1
176
     1
290
     0
176
     1
290
     0
176
     1
290
     0
176
     1
290
     0
176
     1
290
     0
176
     1
290
     0
176
     1
 90
       50
176
     1
 40
0.0
176
     1
 40
1.0
176
     1
 90
        0
176
     1
 62
    18
420
        0
176
     1
 90
       50
176
     1
 90
        3
176
     1
 62
     5
420
      255
176
     1
290
     0
176
     1
 90
       50
176
     1
 90
       50
176
     1
 90
       50
176
     1
290
     0
176
     1
 90
       50
176
     1
 62
   256
176
     0
 40
1.0
176
     0
 90
        2
176
     1
  1
strokes_ogs.tif
176
     1
290
     0
176
     1
 40
1.0
176
     1
 40
1.0
176
     1
  0
VISUALSTYLE
  5
2D8
102
{ACAD_REACTORS
330
2D4
102
}
330
2D4
100
AcDbVisualStyle
  2
GouraudWithEdges
 70
     3
177
     3
291
     1
 70
    58
 90
        2
176
     1
 90
        2
176
     1
 90
        1
176
     1
 90
        2
176
     1
 40
0.6
176
     1
 40
30.0
176
     1
 62
     7
420
 16777215
176
     1
 90
        1
176
     1
 90
        0
176
     1
 62
     7
176
     1
 62
   257
176
     1
 90
        1
176
     1
 90
        1
176
     1
 40
1.0
176
     1
 90
        0
176
     1
 62
   257
176
     1
 40
1.0
176
     1
 90
        1
176
     1
 90
        6
176
     1
 90
        2
176
     1
 62
     7
176
     1
 90
        5
176
     1
 90
        0
176
     1
 90
        0
176
     1
290
     0
176
     1
 90
       13
176
     1
 40
0.0
176
     1
 90
        0
176
     1
290
     0
176
     1
290
     1
176
     1
290
     1
176
     1
290
     0
176
     1
290
     0
176
     1
290
     0
176
     1
290
     0
176
     1
290
     0
176
     1
290
     0
176
     1
 90
       50
176
     1
 40
0.0
176
     1
 40
1.0
176
     1
 90
        0
176
     1
 62
    18
420
        0
176
     1
 90
       50
176
     1
 90
        3
176
     1
 62
     5
420
      255
176
     1
290
     0
176
     1
 90
       50
176
     1
 90
       50
176
     1
 90
       50
176
     1
290
     0
176
     1
 90
       50
176
     1
 62
   256
176
     0
 40
1.0
176
     0
 90
        2
176
     1
  1
strokes_ogs.tif
176
     1
290
     0
176
     1
 40
1.0
176
     1
 40
1.0
176
     1
  0
VISUALSTYLE
  5
2DB
102
{ACAD_REACTORS
330
2D4
102
}
330
2D4
100
AcDbVisualStyle
  2
Hidden
 70
     6
177
     3
291
     0
 70
    58
 90
        1
176
     1
 90
        2
176
     1
 90
        2
176
     1
 90
        0
176
     1
 40
0.6
176
     1
 40
30.0
176
     1
 62
     7
420
 16777215
176
     1
 90
        2
176
     1
 90
        2
176
     1
 62
     7
176
     1
 62
   257
176
     1
 90
        2
176
     1
 90
        1
176
     1
 40
40.0
176
     1
 90
        0
176
     1
 62
   257
176
     1
 40
1.0
176
     1
 90
        1
176
     1
 90
        6
176
     1
 90
        2
176
     1
 62
     7
176
     1
 90
        3
176
     1
 90
        0
176
     1
 90
        0
176
     1
290
     0
176
     1
 90
        1
176
     1
 40
0.0
176
     1
 90
        0
176
     1
290
     0
176
     1
290
     1
176
     1
290
     1
176
     1
290
     0
176
     1
290
     0
176
     1
290
     0
176
     1
290
     0
176
     1
290
     0
176
     1
290
     0
176
     1
 90
       50
176
     1
 40
0.0
176
     1
 40
1.0
176
     1
 90
        0
176
     1
 62
    18
420
        0
176
     1
 90
       50
176
     1
 90
        3
176
     1
 62
     5
420
      255
176
     1
290
     0
176
     1
 90
       50
176
     1
 90
       50
176
     1
 90
       50
176
     1
290
     0
176
     1
 90
       50
176
     1
 62
   256
176
     0
 40
1.0
176
     0
 90
        2
176
     1
  1
strokes_ogs.tif
176
     1
290
     0
176
     1
 40
1.0
176
     1
 40
1.0
176
     1
  0
VISUALSTYLE
  5
2E5
102
{ACAD_REACTORS
330
2D4
102
}
330
2D4
100
AcDbVisualStyle
  2
JitterOff
 70
    20
177
     3
291
     1
 70
    58
 90
        2
176
     0
 90
        2
176
     0
 90
        0
176
     0
 90
        0
176
     0
 40
0.6
176
     0
 40
30.0
176
     0
 62
     7
420
 16777215
176
     0
 90
        1
176
     0
 90
        4
176
     0
 62
     7
176
     0
 62
   257
176
     0
 90
        1
176
     0
 90
        1
176
     0
 40
1.0
176
     0
 90
       10
176
     2
 62
     7
176
     0
 40
1.0
176
     0
 90
        1
176
     0
 90
        6
176
     0
 90
        2
176
     0
 62
     7
176
     0
 90
        5
176
     0
 90
        0
176
     0
 90
        0
176
     0
290
     0
176
     0
 90
        1
176
     0
 40
0.0
176
     0
 90
        0
176
     0
290
     0
176
     0
290
     1
176
     0
290
     1
176
     0
290
     0
176
     0
290
     0
176
     0
290
     0
176
     0
290
     0
176
     0
290
     0
176
     0
290
     0
176
     0
 90
       50
176
     0
 40
0.0
176
     0
 40
1.0
176
     0
 90
        0
176
     0
 62
    18
420
        0
176
     0
 90
       50
176
     0
 90
        3
176
     0
 62
     5
420
      255
176
     0
290
     0
176
     0
 90
       50
176
     0
 90
       50
176
     0
 90
       50
176
     0
290
     0
176
     0
 90
       50
176
     0
 62
   256
176
     0
 40
1.0
176
     0
 90
        2
176
     0
  1
strokes_ogs.tif
176
     0
290
     0
176
     0
 40
1.0
176
     0
 40
1.0
176
     0
  0
VISUALSTYLE
  5
2E2
102
{ACAD_REACTORS
330
2D4
102
}
330
2D4
100
AcDbVisualStyle
  2
Linepattern
 70
    14
177
     3
291
     1
 70
    58
 90
        2
176
     1
 90
        2
176
     1
 90
        0
176
     1
 90
        0
176
     1
 40
0.6
176
     1
 40
30.0
176
     1
 62
     7
420
 16777215
176
     1
 90
        1
176
     1
 90
        4
176
     1
 62
     7
176
     1
 62
   257
176
     1
 90
        7
176
     1
 90
        7
176
     1
 40
1.0
176
     1
 90
        8
176
     1
 62
     7
176
     1
 40
1.0
176
     1
 90
        1
176
     1
 90
        6
176
     1
 90
        2
176
     1
 62
     7
176
     1
 90
        5
176
     1
 90
        0
176
     1
 90
        0
176
     1
290
     0
176
     1
 90
        1
176
     1
 40
0.0
176
     1
 90
        0
176
     1
290
     0
176
     1
290
     1
176
     1
290
     1
176
     1
290
     0
176
     1
290
     0
176
     1
290
     0
176
     1
290
     0
176
     1
290
     0
176
     1
290
     0
176
     1
 90
       50
176
     1
 40
0.0
176
     1
 40
1.0
176
     1
 90
        0
176
     1
 62
    18
420
        0
176
     1
 90
       50
176
     1
 90
        3
176
     1
 62
     5
420
      255
176
     1
290
     0
176
     1
 90
       50
176
     1
 90
       50
176
     1
 90
       50
176
     1
290
     0
176
     1
 90
       50
176
     1
 62
   256
176
     0
 40
1.0
176
     0
 90
        2
176
     1
  1
strokes_ogs.tif
176
     1
290
     0
176
     1
 40
1.0
176
     1
 40
1.0
176
     1
  0
VISUALSTYLE
  5
2E6
102
{ACAD_REACTORS
330
2D4
102
}
330
2D4
100
AcDbVisualStyle
  2
OverhangOff
 70
    21
177
     3
291
     1
 70
    58
 90
        2
176
     0
 90
        2
176
     0
 90
        0
176
     0
 90
        0
176
     0
 40
0.6
176
     0
 40
30.0
176
     0
 62
     7
420
 16777215
176
     0
 90
        1
176
     0
 90
        4
176
     0
 62
     7
176
     0
 62
   257
176
     0
 90
        1
176
     0
 90
        1
176
     0
 40
1.0
176
     0
 90
        9
176
     2
 62
     7
176
     0
 40
1.0
176
     0
 90
        1
176
     0
 90
        6
176
     0
 90
        2
176
     0
 62
     7
176
     0
 90
        5
176
     0
 90
        0
176
     0
 90
        0
176
     0
290
     0
176
     0
 90
        1
176
     0
 40
0.0
176
     0
 90
        0
176
     0
290
     0
176
     0
290
     1
176
     0
290
     1
176
     0
290
     0
176
     0
290
     0
176
     0
290
     0
176
     0
290
     0
176
     0
290
     0
176
     0
290
     0
176
     0
 90
       50
176
     0
 40
0.0
176
     0
 40
1.0
176
     0
 90
        0
176
     0
 62
    18
420
        0
176
     0
 90
       50
176
     0
 90
        3
176
     0
 62
     5
420
      255
176
     0
290
     0
176
     0
 90
       50
176
     0
 90
       50
176
     0
 90
       50
176
     0
290
     0
176
     0
 90
       50
176
     0
 62
   256
176
     0
 40
1.0
176
     0
 90
        2
176
     0
  1
strokes_ogs.tif
176
     0
290
     0
176
     0
 40
1.0
176
     0
 40
1.0
176
     0
  0
VISUALSTYLE
  5
2DD
102
{ACAD_REACTORS
330
2D4
102
}
330
2D4
100
AcDbVisualStyle
  2
Realistic
 70
     8
177
     3
291
     0
 70
    58
 90
        2
176
     1
 90
        3
176
     1
 90
        0
176
     1
 90
        2
176
     1
 40
0.6
176
     1
 40
30.0
176
     1
 62
     7
420
 16777215
176
     1
 90
        0
176
     1
 90
        0
176
     1
 62
     7
176
     1
 62
   257
176
     1
 90
        1
176
     1
 90
        1
176
     1
 40
1.0
176
     1
 90
        8
176
     1
 62
   257
176
     1
 40
1.0
176
     1
 90
        1
176
     1
 90
        6
176
     1
 90
        2
176
     1
 62
     7
176
     1
 90
        3
176
     1
 90
        0
176
     1
 90
        0
176
     1
290
     0
176
     1
 90
       13
176
     1
 40
0.0
176
     1
 90
        0
176
     1
290
     0
176
     1
290
     1
176
     1
290
     1
176
     1
290
     0
176
     1
290
     0
176
     1
290
     0
176
     1
290
     0
176
     1
290
     0
176
     1
290
     0
176
     1
 90
       50
176
     1
 40
0.0
176
     1
 40
1.0
176
     1
 90
        0
176
     1
 62
    18
420
        0
176
     1
 90
       50
176
     1
 90
        3
176
     1
 62
     5
420
      255
176
     1
290
     0
176
     1
 90
       50
176
     1
 90
       50
176
     1
 90
       50
176
     1
290
     0
176
     1
 90
       50
176
     1
 62
   256
176
     0
 40
1.0
176
     0
 90
        2
176
     1
  1
strokes_ogs.tif
176
     1
290
     0
176
     1
 40
1.0
176
     1
 40
1.0
176
     1
  0
VISUALSTYLE
  5
2EC
102
{ACAD_REACTORS
330
2D4
102
}
330
2D4
100
AcDbVisualStyle
  2
Shaded
 70
    27
177
     3
291
     0
 70
    58
 90
        2
176
     1
 90
        2
176
     1
 90
        1
176
     1
 90
        2
176
     1
 40
0.6
176
     1
 40
30.0
176
     1
 62
     7
420
 16777215
176
     1
 90
        0
176
     1
 90
        4
176
     1
 62
     7
176
     1
 62
   257
176
     1
 90
        1
176
     1
 90
        1
176
     1
 40
1.0
176
     1
 90
        8
176
     1
 62
   257
176
     1
 40
1.0
176
     1
 90
        1
176
     1
 90
        6
176
     1
 90
        2
176
     1
 62
     8
420
  7895160
176
     1
 90
        3
176
     1
 90
        0
176
     1
 90
        0
176
     1
290
     0
176
     1
 90
        5
176
     1
 40
0.0
176
     1
 90
        0
176
     1
290
     0
176
     1
290
     1
176
     1
290
     1
176
     1
290
     0
176
     1
290
     0
176
     1
290
     0
176
     1
290
     0
176
     1
290
     0
176
     1
290
     0
176
     1
 90
       50
176
     1
 40
0.0
176
     1
 40
1.0
176
     1
 90
        0
176
     1
 62
    18
420
        0
176
     1
 90
       50
176
     1
 90
        3
176
     1
 62
     5
420
      255
176
     1
290
     0
176
     1
 90
       50
176
     1
 90
       50
176
     1
 90
       50
176
     1
290
     0
176
     1
 90
       50
176
     1
 62
   256
176
     0
 40
1.0
176
     0
 90
        2
176
     1
  1
strokes_ogs.tif
176
     1
290
     0
176
     1
 40
1.0
176
     1
 40
1.0
176
     1
  0
VISUALSTYLE
  5
2EB
102
{ACAD_REACTORS
330
2D4
102
}
330
2D4
100
AcDbVisualStyle
  2
Shaded with edges
 70
    26
177
     3
291
     0
 70
    58
 90
        2
176
     1
 90
        2
176
     1
 90
        1
176
     1
 90
        2
176
     1
 40
0.6
176
     1
 40
30.0
176
     1
 62
     7
420
 16777215
176
     1
 90
        1
176
     1
 90
       10
176
     1
 62
     7
176
     1
 62
   257
176
     1
 90
        2
176
     1
 90
        1
176
     1
 40
1.0
176
     1
 90
        8
176
     1
 62
   257
176
     1
 40
1.0
176
     1
 90
        1
176
     1
 90
        6
176
     1
 90
        2
176
     1
 62
     7
176
     1
 90
        3
176
     1
 90
        0
176
     1
 90
        0
176
     1
290
     0
176
     1
 90
        5
176
     1
 40
0.0
176
     1
 90
        0
176
     1
290
     0
176
     1
290
     1
176
     1
290
     1
176
     1
290
     0
176
     1
290
     0
176
     1
290
     0
176
     1
290
     0
176
     1
290
     0
176
     1
290
     0
176
     1
 90
       50
176
     1
 40
0.0
176
     1
 40
1.0
176
     1
 90
        0
176
     1
 62
    18
420
        0
176
     1
 90
       50
176
     1
 90
        3
176
     1
 62
     5
420
      255
176
     1
290
     0
176
     1
 90
       50
176
     1
 90
       50
176
     1
 90
       50
176
     1
290
     0
176
     1
 90
       50
176
     1
 62
   256
176
     0
 40
1.0
176
     0
 90
        2
176
     1
  1
strokes_ogs.tif
176
     1
290
     0
176
     1
 40
1.0
176
     1
 40
1.0
176
     1
  0
VISUALSTYLE
  5
2E8
102
{ACAD_REACTORS
330
2D4
102
}
330
2D4
100
AcDbVisualStyle
  2
Shades of Gray
 70
    23
177
     3
291
     0
 70
    58
 90
        2
176
     1
 90
        2
176
     1
 90
        3
176
     1
 90
        0
176
     1
 40
0.6
176
     1
 40
30.0
176
     1
 62
     7
420
 16777215
176
     1
 90
        2
176
     1
 90
        2
176
     1
 62
     7
176
     1
 62
     7
176
     1
 90
        1
176
     1
 90
        1
176
     1
 40
40.0
176
     1
 90
        8
176
     1
 62
     7
176
     1
 40
1.0
176
     1
 90
        1
176
     1
 90
        6
176
     1
 90
        2
176
     1
 62
     7
176
     1
 90
        3
176
     1
 90
        0
176
     1
 90
        0
176
     1
290
     0
176
     1
 90
        1
176
     1
 40
0.0
176
     1
 90
        0
176
     1
290
     0
176
     1
290
     1
176
     1
290
     1
176
     1
290
     0
176
     1
290
     0
176
     1
290
     0
176
     1
290
     0
176
     1
290
     0
176
     1
290
     0
176
     1
 90
       50
176
     1
 40
0.0
176
     1
 40
1.0
176
     1
 90
        0
176
     1
 62
    18
420
        0
176
     1
 90
       50
176
     1
 90
        3
176
     1
 62
     5
420
      255
176
     1
290
     0
176
     1
 90
       50
176
     1
 90
       50
176
     1
 90
       50
176
     1
290
     0
176
     1
 90
       50
176
     1
 62
   256
176
     0
 40
1.0
176
     0
 90
        2
176
     1
  1
strokes_ogs.tif
176
     1
290
     0
176
     1
 40
1.0
176
     1
 40
1.0
176
     1
  0
VISUALSTYLE
  5
2E9
102
{ACAD_REACTORS
330
2D4
102
}
330
2D4
100
AcDbVisualStyle
  2
Sketchy
 70
    24
177
     3
291
     0
 70
    58
 90
        1
176
     1
 90
        2
176
     1
 90
        2
176
     1
 90
        0
176
     1
 40
0.6
176
     1
 40
30.0
176
     1
 62
     7
420
 16777215
176
     1
 90
        2
176
     1
 90
        2
176
     1
 62
     7
176
     1
 62
     7
176
     1
 90
        1
176
     1
 90
        1
176
     1
 40
40.0
176
     1
 90
       11
176
     1
 62
     7
176
     1
 40
1.0
176
     1
 90
        1
176
     1
 90
        6
176
     1
 90
        2
176
     1
 62
     7
176
     1
 90
        6
176
     1
 90
        0
176
     1
 90
        0
176
     1
290
     0
176
     1
 90
        1
176
     1
 40
0.0
176
     1
 90
        0
176
     1
290
     0
176
     1
290
     1
176
     1
290
     1
176
     1
290
     0
176
     1
290
     0
176
     1
290
     0
176
     1
290
     0
176
     1
290
     0
176
     1
290
     0
176
     1
 90
       50
176
     1
 40
0.0
176
     1
 40
1.0
176
     1
 90
        0
176
     1
 62
    18
420
        0
176
     1
 90
       50
176
     1
 90
        3
176
     1
 62
     5
420
      255
176
     1
290
     0
176
     1
 90
       50
176
     1
 90
       50
176
     1
 90
       50
176
     1
290
     0
176
     1
 90
       50
176
     1
 62
   256
176
     0
 40
1.0
176
     0
 90
        2
176
     1
  1
strokes_ogs.tif
176
     1
290
     0
176
     1
 40
1.0
176
     1
 40
1.0
176
     1
  0
VISUALSTYLE
  5
2E1
102
{ACAD_REACTORS
330
2D4
102
}
330
2D4
100
AcDbVisualStyle
  2
Thicken
 70
    13
177
     3
291
     1
 70
    58
 90
        2
176
     1
 90
        2
176
     1
 90
        0
176
     1
 90
        0
176
     1
 40
0.6
176
     1
 40
30.0
176
     1
 62
     7
420
 16777215
176
     1
 90
        1
176
     1
 90
        4
176
     1
 62
     7
176
     1
 62
   257
176
     1
 90
        1
176
     1
 90
        1
176
     1
 40
1.0
176
     1
 90
       12
176
     1
 62
     7
176
     1
 40
1.0
176
     1
 90
        1
176
     1
 90
        6
176
     1
 90
        2
176
     1
 62
     7
176
     1
 90
        5
176
     1
 90
        0
176
     1
 90
        0
176
     1
290
     0
176
     1
 90
        1
176
     1
 40
0.0
176
     1
 90
        0
176
     1
290
     0
176
     1
290
     1
176
     1
290
     1
176
     1
290
     0
176
     1
290
     0
176
     1
290
     0
176
     1
290
     0
176
     1
290
     0
176
     1
290
     0
176
     1
 90
       50
176
     1
 40
0.0
176
     1
 40
1.0
176
     1
 90
        0
176
     1
 62
    18
420
        0
176
     1
 90
       50
176
     1
 90
        3
176
     1
 62
     5
420
      255
176
     1
290
     0
176
     1
 90
       50
176
     1
 90
       50
176
     1
 90
       50
176
     1
290
     0
176
     1
 90
       50
176
     1
 62
   256
176
     0
 40
1.0
176
     0
 90
        2
176
     1
  1
strokes_ogs.tif
176
     1
290
     0
176
     1
 40
1.0
176
     1
 40
1.0
176
     1
  0
VISUALSTYLE
  5
2DA
102
{ACAD_REACTORS
330
2D4
102
}
330
2D4
100
AcDbVisualStyle
  2
Wireframe
 70
     5
177
     3
291
     0
 70
    58
 90
        0
176
     1
 90
        2
176
     1
 90
        0
176
     1
 90
        0
176
     1
 40
0.6
176
     1
 40
30.0
176
     1
 62
     7
420
 16777215
176
     1
 90
        1
176
     1
 90
        4
176
     1
 62
     7
176
     1
 62
   257
176
     1
 90
        1
176
     1
 90
        1
176
     1
 40
1.0
176
     1
 90
        0
176
     1
 62
   257
176
     1
 40
1.0
176
     1
 90
        1
176
     1
 90
        6
176
     1
 90
        2
176
     1
 62
     7
176
     1
 90
        3
176
     1
 90
        0
176
     1
 90
        0
176
     1
290
     0
176
     1
 90
        1
176
     1
 40
0.0
176
     1
 90
        0
176
     1
290
     0
176
     1
290
     1
176
     1
290
     1
176
     1
290
     0
176
     1
290
     0
176
     1
290
     0
176
     1
290
     0
176
     1
290
     0
176
     1
290
     0
176
     1
 90
       50
176
     1
 40
0.0
176
     1
 40
1.0
176
     1
 90
        0
176
     1
 62
    18
420
        0
176
     1
 90
       50
176
     1
 90
        3
176
     1
 62
     5
420
      255
176
     1
290
     0
176
     1
 90
       50
176
     1
 90
       50
176
     1
 90
       50
176
     1
290
     0
176
     1
 90
       50
176
     1
 62
   256
176
     0
 40
1.0
176
     0
 90
        2
176
     1
  1
strokes_ogs.tif
176
     1
290
     0
176
     1
 40
1.0
176
     1
 40
1.0
176
     1
  0
VISUALSTYLE
  5
2EA
102
{ACAD_REACTORS
330
2D4
102
}
330
2D4
100
AcDbVisualStyle
  2
X-Ray
 70
    25
177
     3
291
     0
 70
    58
 90
        2
176
     1
 90
        2
176
     1
 90
        1
176
     1
 90
        1
176
     1
 40
0.5
176
     1
 40
30.0
176
     1
 62
     7
420
 16777215
176
     1
 90
        1
176
     1
 90
        0
176
     1
 62
     7
176
     1
 62
   257
176
     1
 90
        1
176
     1
 90
        1
176
     1
 40
1.0
176
     1
 90
        8
176
     1
 62
     7
176
     1
 40
1.0
176
     1
 90
        1
176
     1
 90
        6
176
     1
 90
        2
176
     1
 62
     7
176
     1
 90
        3
176
     1
 90
        0
176
     1
 90
        0
176
     1
290
     0
176
     1
 90
       13
176
     1
 40
0.0
176
     1
 90
        0
176
     1
290
     0
176
     1
290
     1
176
     1
290
     1
176
     1
290
     0
176
     1
290
     0
176
     1
290
     0
176
     1
290
     0
176
     1
290
     0
176
     1
290
     0
176
     1
 90
       50
176
     1
 40
0.0
176
     1
 40
1.0
176
     1
 90
        0
176
     1
 62
    18
420
        0
176
     1
 90
       50
176
     1
 90
        3
176
     1
 62
     5
420
      255
176
     1
290
     0
176
     1
 90
       50
176
     1
 90
       50
176
     1
 90
       50
176
     1
290
     0
176
     1
 90
       50
176
     1
 62
   256
176
     0
 40
1.0
176
     0
 90
        2
176
     1
  1
strokes_ogs.tif
176
     1
290
     0
176
     1
 40
1.0
176
     1
 40
1.0
176
     1
  0
DICTIONARYVAR
  5
38D
102
{ACAD_REACTORS
330
38C
102
}
330
38C
100
DictionaryVariables
280
     0
  1
1:1
  0
DICTIONARYVAR
  5
392
102
{ACAD_REACTORS
330
38C
102
}
330
38C
100
DictionaryVariables
280
     0
  1
Standard
  0
DICTIONARYVAR
  5
391
102
{ACAD_REACTORS
330
38C
102
}
330
38C
100
DictionaryVariables
280
     0
  1
Standard
  0
XRECORD
  5
30B
102
{ACAD_REACTORS
330
309
102
}
330
309
100
AcDbXrecord
280
     1
1000
#ffffff
  0
XRECORD
  5
30C
102
{ACAD_REACTORS
330
309
102
}
330
309
100
AcDbXrecord
280
     1
1000
FullColor
  0
XRECORD
  5
30D
102
{ACAD_REACTORS
330
309
102
}
330
309
100
AcDbXrecord
280
     1
 90
        0
  0
XRECORD
  5
30E
102
{ACAD_REACTORS
330
309
102
}
330
309
100
AcDbXrecord
280
     1
 90
        0
  0
XRECORD
  5
30F
102
{ACAD_REACTORS
330
309
102
}
330
309
100
AcDbXrecord
280
     1
 90
       46
  0
XRECORD
  5
310
102
{ACAD_REACTORS
330
309
102
}
330
309
100
AcDbXrecord
280
     1
1000
Standard
  0
XRECORD
  5
311
102
{ACAD_REACTORS
330
309
102
}
330
309
100
AcDbXrecord
280
     1
1000
#000000
  0
XRECORD
  5
312
102
{ACAD_REACTORS
330
309
102
}
330
309
100
AcDbXrecord
280
     1
290
     1
  0
XRECORD
  5
313
102
{ACAD_REACTORS
330
309
102
}
330
309
100
AcDbXrecord
280
     1
 90
        2
  0
XRECORD
  5
314
102
{ACAD_REACTORS
330
309
102
}
330
309
100
AcDbXrecord
280
     1
 90
        4
  0
XRECORD
  5
315
102
{ACAD_REACTORS
330
309
102
}
330
309
100
AcDbXrecord
280
     1
290
     1
  0
XRECORD
  5
316
102
{ACAD_REACTORS
330
309
102
}
330
309
100
AcDbXrecord
280
     1
290
     1
  0
XRECORD
  5
317
102
{ACAD_REACTORS
330
309
102
}
330
309
100
AcDbXrecord
280
     1
290
     1
  0
XRECORD
  5
318
102
{ACAD_REACTORS
330
309
102
}
330
309
100
AcDbXrecord
280
     1
290
     1
  0
XRECORD
  5
319
102
{ACAD_REACTORS
330
309
102
}
330
309
100
AcDbXrecord
280
     1
1000
auto
  0
XRECORD
  5
31A
102
{ACAD_REACTORS
330
309
102
}
330
309
100
AcDbXrecord
280
     1
1000
auto
  0
XRECORD
  5
31B
102
{ACAD_REACTORS
330
309
102
}
330
309
100
AcDbXrecord
280
     1
1000
auto
  0
XRECORD
  5
31C
102
{ACAD_REACTORS
330
309
102
}
330
309
100
AcDbXrecord
280
     1
1000
auto
  0
XRECORD
  5
31D
102
{ACAD_REACTORS
330
309
102
}
330
309
100
AcDbXrecord
280
     1
1000
auto
  0
XRECORD
  5
31E
102
{ACAD_REACTORS
330
309
102
}
330
309
100
AcDbXrecord
280
     1
1000
auto
  0
XRECORD
  5
31F
102
{ACAD_REACTORS
330
309
102
}
330
309
100
AcDbXrecord
280
     1
1000
auto
  0
XRECORD
  5
320
102
{ACAD_REACTORS
330
309
102
}
330
309
100
AcDbXrecord
280
     1
1000
auto
  0
XRECORD
  5
321
102
{ACAD_REACTORS
330
309
102
}
330
309
100
AcDbXrecord
280
     1
290
     0
  0
XRECORD
  5
322
102
{ACAD_REACTORS
330
309
102
}
330
309
100
AcDbXrecord
280
     1
290
     0
  0
XRECORD
  5
323
102
{ACAD_REACTORS
330
309
102
}
330
309
100
AcDbXrecord
280
     1
290
     0
  0
XRECORD
  5
324
102
{ACAD_REACTORS
330
309
102
}
330
309
100
AcDbXrecord
280
     1
290
     0
  0
XRECORD
  5
325
102
{ACAD_REACTORS
330
309
102
}
330
309
100
AcDbXrecord
280
     1
 90
    65537
  0
XRECORD
  5
326
102
{ACAD_REACTORS
330
309
102
}
330
309
100
AcDbXrecord
280
     1
 90
    65537
  0
XRECORD
  5
327
102
{ACAD_REACTORS
330
309
102
}
330
309
100
AcDbXrecord
280
     1
 90
    65537
  0
XRECORD
  5
328
102
{ACAD_REACTORS
330
309
102
}
330
309
100
AcDbXrecord
280
     1
 90
    65537
  0
XRECORD
  5
329
102
{ACAD_REACTORS
330
309
102
}
330
309
100
AcDbXrecord
280
     1
1000
auto
  0
XRECORD
  5
32A
102
{ACAD_REACTORS
330
309
102
}
330
309
100
AcDbXrecord
280
     1
1000
auto
  0
XRECORD
  5
32B
102
{ACAD_REACTORS
330
309
102
}
330
309
100
AcDbXrecord
280
     1
1000
auto
  0
XRECORD
  5
32C
102
{ACAD_REACTORS
330
309
102
}
330
309
100
AcDbXrecord
280
     1
1000
auto
  0
XRECORD
  5
32D
102
{ACAD_REACTORS
330
309
102
}
330
309
100
AcDbXrecord
280
     1
1000
auto
  0
XRECORD
  5
32E
102
{ACAD_REACTORS
330
309
102
}
330
309
100
AcDbXrecord
280
     1
1000
auto
  0
XRECORD
  5
32F
102
{ACAD_REACTORS
330
309
102
}
330
309
100
AcDbXrecord
280
     1
1000
auto
  0
XRECORD
  5
330
102
{ACAD_REACTORS
330
309
102
}
330
309
100
AcDbXrecord
280
     1
1000
auto
  0
XRECORD
  5
331
102
{ACAD_REACTORS
330
309
102
}
330
309
100
AcDbXrecord
280
     1
 90
        1
  0
XRECORD
  5
332
102
{ACAD_REACTORS
330
309
102
}
330
309
100
AcDbXrecord
280
     1
 40
10.0
  0
XRECORD
  5
333
102
{ACAD_REACTORS
330
309
102
}
330
309
100
AcDbXrecord
280
     1
 40
10.0
  0
XRECORD
  5
334
102
{ACAD_REACTORS
330
309
102
}
330
309
100
AcDbXrecord
280
     1
 40
10.0
  0
XRECORD
  5
335
102
{ACAD_REACTORS
330
309
102
}
330
309
100
AcDbXrecord
280
     1
 40
10.0
  0
XRECORD
  5
336
102
{ACAD_REACTORS
330
309
102
}
330
309
100
AcDbXrecord
280
     1
290
     0
  0
XRECORD
  5
337
102
{ACAD_REACTORS
330
309
102
}
330
309
100
AcDbXrecord
280
     1
 90
        1
  0
XRECORD
  5
338
102
{ACAD_REACTORS
330
309
102
}
330
309
100
AcDbXrecord
280
     1
 40
0.0
  0
XRECORD
  5
339
102
{ACAD_REACTORS
330
309
102
}
330
309
100
AcDbXrecord
280
     1
 40
0.0
  0
XRECORD
  5
33A
102
{ACAD_REACTORS
330
309
102
}
330
309
100
AcDbXrecord
280
     1
1000
Portrait
  0
XRECORD
  5
33B
102
{ACAD_REACTORS
330
309
102
}
330
309
100
AcDbXrecord
280
     1
 40
594.0
  0
XRECORD
  5
33C
102
{ACAD_REACTORS
330
309
102
}
330
309
100
AcDbXrecord
280
     1
 40
420.0
  0
XRECORD
  5
33D
102
{ACAD_REACTORS
330
309
102
}
330
309
100
AcDbXrecord
280
     1
1000
1:1
  0
XRECORD
  5
33E
102
{ACAD_REACTORS
330
309
102
}
330
309
100
AcDbXrecord
280
     1
290
     1
  0
XRECORD
  5
33F
102
{ACAD_REACTORS
330
309
102
}
330
309
100
AcDbXrecord
280
     1
290
     0
  0
XRECORD
  5
340
102
{ACAD_REACTORS
330
309
102
}
330
309
100
AcDbXrecord
280
     1
1000
Inside
  0
XRECORD
  5
341
102
{ACAD_REACTORS
330
309
102
}
330
309
100
AcDbXrecord
280
     1
1000
Arial,10,-1,5,50,0,0,0,0,0
  0
XRECORD
  5
342
102
{ACAD_REACTORS
330
309
102
}
330
309
100
AcDbXrecord
280
     1
1000
TopLeft
  0
XRECORD
  5
343
102
{ACAD_REACTORS
330
309
102
}
330
309
100
AcDbXrecord
280
     1
1000
3.32.6
  0
XRECORD
  5
344
102
{ACAD_REACTORS
330
309
102
}
330
309
100
AcDbXrecord
280
     1
 90
        1
  0
XRECORD
  5
345
102
{ACAD_REACTORS
330
309
102
}
330
309
100
AcDbXrecord
280
     1
 90
        1
  0
XRECORD
  5
346
102
{ACAD_REACTORS
330
309
102
}
330
309
100
AcDbXrecord
280
     1
  0
XRECORD
  5
347
102
{ACAD_REACTORS
330
309
102
}
330
309
100
AcDbXrecord
280
     1
 40
11.43218562650766
  0
XRECORD
  5
348
102
{ACAD_REACTORS
330
309
102
}
330
309
100
AcDbXrecord
280
     1
 40
22.33899507532655
  0
DICTIONARY
  5
38E
330
304
100
AcDbDictionary
280
     1
281
     1
  3
ACAD_ROUNDTRIP_2008_TABLESTYLE_CELLSTYLEMAP
360
38F
  0
CELLSTYLEMAP
  5
38F
102
{ACAD_REACTORS
330
38E
102
}
330
38E
100
AcDbCellStyleMap
 90
        3
300
CELLSTYLE
  1
TABLEFORMAT_BEGIN
 90
        5
170
     1
 91
        0
 92
    32768
 62
   257
 93
        1
300
CONTENTFORMAT
  1
CONTENTFORMAT_BEGIN
 90
        0
 91
        0
 92
        4
 93
        0
300

 40
0.0
140
1.0
 94
        5
 62
     0
340
2BC
144
0.25
309
CONTENTFORMAT_END
171
     1
301
MARGIN
  1
CELLMARGIN_BEGIN
 40
0.06
 40
0.06
 40
0.06
 40
0.06
 40
0.06
 40
0.06
309
CELLMARGIN_END
 94
        6
 95
        1
302
GRIDFORMAT
  1
GRIDFORMAT_BEGIN
 90
        0
 91
        1
 62
     0
 92
       -2
340
2BE
 93
        0
 40
0.045
309
GRIDFORMAT_END
 95
        2
302
GRIDFORMAT
  1
GRIDFORMAT_BEGIN
 90
        0
 91
        1
 62
     0
 92
       -2
340
2BE
 93
        0
 40
0.045
309
GRIDFORMAT_END
 95
        4
302
GRIDFORMAT
  1
GRIDFORMAT_BEGIN
 90
        0
 91
        1
 62
     0
 92
       -2
340
2BE
 93
        0
 40
0.045
309
GRIDFORMAT_END
 95
        8
302
GRIDFORMAT
  1
GRIDFORMAT_BEGIN
 90
        0
 91
        1
 62
     0
 92
       -2
340
2BE
 93
        0
 40
0.045
309
GRIDFORMAT_END
 95
       16
302
GRIDFORMAT
  1
GRIDFORMAT_BEGIN
 90
        0
 91
        1
 62
     0
 92
       -2
340
2BE
 93
        0
 40
0.045
309
GRIDFORMAT_END
 95
       32
302
GRIDFORMAT
  1
GRIDFORMAT_BEGIN
 90
        0
 91
        1
 62
     0
 92
       -2
340
2BE
 93
        0
 40
0.045
309
GRIDFORMAT_END
309
TABLEFORMAT_END
  1
CELLSTYLE_BEGIN
 90
        1
 91
        1
300
_TITLE
309
CELLSTYLE_END
300
CELLSTYLE
  1
TABLEFORMAT_BEGIN
 90
        5
170
     1
 91
        0
 92
        0
 62
   257
 93
        1
300
CONTENTFORMAT
  1
CONTENTFORMAT_BEGIN
 90
        0
 91
        0
 92
        4
 93
        0
300

 40
0.0
140
1.0
 94
        5
 62
     0
340
2BC
144
0.18
309
CONTENTFORMAT_END
171
     1
301
MARGIN
  1
CELLMARGIN_BEGIN
 40
0.06
 40
0.06
 40
0.06
 40
0.06
 40
0.06
 40
0.06
309
CELLMARGIN_END
 94
        6
 95
        1
302
GRIDFORMAT
  1
GRIDFORMAT_BEGIN
 90
        0
 91
        1
 62
     0
 92
       -2
340
2BE
 93
        0
 40
0.045
309
GRIDFORMAT_END
 95
        2
302
GRIDFORMAT
  1
GRIDFORMAT_BEGIN
 90
        0
 91
        1
 62
     0
 92
       -2
340
2BE
 93
        0
 40
0.045
309
GRIDFORMAT_END
 95
        4
302
GRIDFORMAT
  1
GRIDFORMAT_BEGIN
 90
        0
 91
        1
 62
     0
 92
       -2
340
2BE
 93
        0
 40
0.045
309
GRIDFORMAT_END
 95
        8
302
GRIDFORMAT
  1
GRIDFORMAT_BEGIN
 90
        0
 91
        1
 62
     0
 92
       -2
340
2BE
 93
        0
 40
0.045
309
GRIDFORMAT_END
 95
       16
302
GRIDFORMAT
  1
GRIDFORMAT_BEGIN
 90
        0
 91
        1
 62
     0
 92
       -2
340
2BE
 93
        0
 40
0.045
309
GRIDFORMAT_END
 95
       32
302
GRIDFORMAT
  1
GRIDFORMAT_BEGIN
 90
        0
 91
        1
 62
     0
 92
       -2
340
2BE
 93
        0
 40
0.045
309
GRIDFORMAT_END
309
TABLEFORMAT_END
  1
CELLSTYLE_BEGIN
 90
        2
 91
        1
300
_HEADER
309
CELLSTYLE_END
300
CELLSTYLE
  1
TABLEFORMAT_BEGIN
 90
        5
170
     1
 91
        0
 92
        0
 62
   257
 93
        1
300
CONTENTFORMAT
  1
CONTENTFORMAT_BEGIN
 90
        0
 91
        0
 92
        4
 93
        0
300

 40
0.0
140
1.0
 94
        2
 62
     0
340
2BC
144
0.18
309
CONTENTFORMAT_END
171
     1
301
MARGIN
  1
CELLMARGIN_BEGIN
 40
0.06
 40
0.06
 40
0.06
 40
0.06
 40
0.06
 40
0.06
309
CELLMARGIN_END
 94
        6
 95
        1
302
GRIDFORMAT
  1
GRIDFORMAT_BEGIN
 90
        0
 91
        1
 62
     0
 92
       -2
340
2BE
 93
        0
 40
0.045
309
GRIDFORMAT_END
 95
        2
302
GRIDFORMAT
  1
GRIDFORMAT_BEGIN
 90
        0
 91
        1
 62
     0
 92
       -2
340
2BE
 93
        0
 40
0.045
309
GRIDFORMAT_END
 95
        4
302
GRIDFORMAT
  1
GRIDFORMAT_BEGIN
 90
        0
 91
        1
 62
     0
 92
       -2
340
2BE
 93
        0
 40
0.045
309
GRIDFORMAT_END
 95
        8
302
GRIDFORMAT
  1
GRIDFORMAT_BEGIN
 90
        0
 91
        1
 62
     0
 92
       -2
340
2BE
 93
        0
 40
0.045
309
GRIDFORMAT_END
 95
       16
302
GRIDFORMAT
  1
GRIDFORMAT_BEGIN
 90
        0
 91
        1
 62
     0
 92
       -2
340
2BE
 93
        0
 40
0.045
309
GRIDFORMAT_END
 95
       32
302
GRIDFORMAT
  1
GRIDFORMAT_BEGIN
 90
        0
 91
        1
 62
     0
 92
       -2
340
2BE
 93
        0
 40
0.045
309
GRIDFORMAT_END
309
TABLEFORMAT_END
  1
CELLSTYLE_BEGIN
 90
        3
 91
        2
300
_DATA
309
CELLSTYLE_END
  0
ENDSEC
  0
EOF
