ARM GAS  C:\Users\Oliver\AppData\Local\Temp\ccb1Hde1.s 			page 1


   1              		.cpu cortex-m7
   2              		.arch armv7e-m
   3              		.fpu fpv5-d16
   4              		.eabi_attribute 28, 1
   5              		.eabi_attribute 20, 1
   6              		.eabi_attribute 21, 1
   7              		.eabi_attribute 23, 3
   8              		.eabi_attribute 24, 1
   9              		.eabi_attribute 25, 1
  10              		.eabi_attribute 26, 1
  11              		.eabi_attribute 30, 2
  12              		.eabi_attribute 34, 1
  13              		.eabi_attribute 18, 4
  14              		.file	"motorwaheffect.cpp"
  15              		.text
  16              	.Ltext0:
  17              		.cfi_sections	.debug_frame
  18              		.file 1 "effects/motorwaheffect.cpp"
  19              		.section	.text._ZNK11perspective14MotorWahEffect23GetTempoPulseBrightnessEv,"ax",%progbits
  20              		.align	1
  21              		.p2align 2,,3
  22              		.global	_ZNK11perspective14MotorWahEffect23GetTempoPulseBrightnessEv
  23              		.syntax unified
  24              		.thumb
  25              		.thumb_func
  27              	_ZNK11perspective14MotorWahEffect23GetTempoPulseBrightnessEv:
  28              	.LVL0:
  29              	.LFB6895:
   1:effects/motorwaheffect.cpp **** #include "motorwaheffect.h"
   2:effects/motorwaheffect.cpp **** 
   3:effects/motorwaheffect.cpp **** #include "../controls.h"
   4:effects/motorwaheffect.cpp **** 
   5:effects/motorwaheffect.cpp **** #include <cmath>
   6:effects/motorwaheffect.cpp **** 
   7:effects/motorwaheffect.cpp **** using namespace perspective;
   8:effects/motorwaheffect.cpp **** using namespace daisysp;
   9:effects/motorwaheffect.cpp **** 
  10:effects/motorwaheffect.cpp **** namespace {
  11:effects/motorwaheffect.cpp **** 
  12:effects/motorwaheffect.cpp **** static const char* lfoWaveShapes[8] = {
  13:effects/motorwaheffect.cpp ****     "Sin", "Tri", "Saw", "Ramp", "Square", "PB Tri", "PB Saw", "PB Sq"
  14:effects/motorwaheffect.cpp **** };
  15:effects/motorwaheffect.cpp **** 
  16:effects/motorwaheffect.cpp **** } // namespace
  17:effects/motorwaheffect.cpp **** 
  18:effects/motorwaheffect.cpp **** MotorWahEffect::MotorWahEffect()
  19:effects/motorwaheffect.cpp ****     : AutowahV2Effect("Motor Wah") {
  20:effects/motorwaheffect.cpp **** }
  21:effects/motorwaheffect.cpp **** 
  22:effects/motorwaheffect.cpp **** MotorWahEffect::~MotorWahEffect() {
  23:effects/motorwaheffect.cpp **** }
  24:effects/motorwaheffect.cpp **** 
  25:effects/motorwaheffect.cpp **** void MotorWahEffect::Init(float sampleRate) {
  26:effects/motorwaheffect.cpp ****     InitFilterState(sampleRate, 850.0f);
  27:effects/motorwaheffect.cpp **** 
  28:effects/motorwaheffect.cpp ****     lfo_.Init(sampleRate_);
  29:effects/motorwaheffect.cpp ****     lfo_.SetAmp(1.0f);
ARM GAS  C:\Users\Oliver\AppData\Local\Temp\ccb1Hde1.s 			page 2


  30:effects/motorwaheffect.cpp ****     lfo_.SetWaveform(Oscillator::WAVE_SIN);
  31:effects/motorwaheffect.cpp ****     lfo_.SetFreq(0.8f);
  32:effects/motorwaheffect.cpp **** 
  33:effects/motorwaheffect.cpp ****     AddParameter(new PotentiometerParameter("K1 Mix", 0.0f, 1.0f, 0.6f, PotCurve::LIN, KNOB_1_IDX))
  34:effects/motorwaheffect.cpp ****     AddParameter(new PotentiometerParameter("K2 Resonance", 0.0f, 1.0f, 0.9f, PotCurve::LIN, KNOB_2
  35:effects/motorwaheffect.cpp ****     AddParameter(new PotentiometerParameter("K3 Frequency", 250.0f, 2000.0f, 850.0f, PotCurve::LOG,
  36:effects/motorwaheffect.cpp ****     AddParameter(new PotentiometerParameter("K4 Rate Hz", 0.05f, 12.0f, 0.8f, PotCurve::LOG, KNOB_4
  37:effects/motorwaheffect.cpp ****     AddParameter(new PotentiometerParameter("K5 Depth", 0.0f, 3000.0f, 1800.0f, PotCurve::LIN, KNOB
  38:effects/motorwaheffect.cpp ****     AddParameter(new EncoderParameter("E2 Wave", 0.0f, static_cast<float>(Oscillator::WAVE_LAST - 1
  39:effects/motorwaheffect.cpp ****     parameters_.back()->SetDisplayType(DisplayType::DISCRETE);
  40:effects/motorwaheffect.cpp ****     parameters_.back()->SetDiscreteValues(lfoWaveShapes, 8);
  41:effects/motorwaheffect.cpp **** 
  42:effects/motorwaheffect.cpp ****     Update();
  43:effects/motorwaheffect.cpp **** }
  44:effects/motorwaheffect.cpp **** 
  45:effects/motorwaheffect.cpp **** void MotorWahEffect::Process(float* in, float* out, size_t size) {
  46:effects/motorwaheffect.cpp ****     if (!enabled_) {
  47:effects/motorwaheffect.cpp ****         detectorInput_ = 0.0f;
  48:effects/motorwaheffect.cpp ****         for (size_t i = 0; i < size; ++i) {
  49:effects/motorwaheffect.cpp ****             out[i] = in[i];
  50:effects/motorwaheffect.cpp ****         }
  51:effects/motorwaheffect.cpp ****         return;
  52:effects/motorwaheffect.cpp ****     }
  53:effects/motorwaheffect.cpp **** 
  54:effects/motorwaheffect.cpp ****     float mix = parameters_.size() > 0 ? parameters_[0]->GetValue() : 0.6f;
  55:effects/motorwaheffect.cpp ****     float resonance = parameters_.size() > 1 ? parameters_[1]->GetValue() : 0.9f;
  56:effects/motorwaheffect.cpp ****     float baseFreq = parameters_.size() > 2 ? parameters_[2]->GetValue() : 850.0f;
  57:effects/motorwaheffect.cpp ****     float depthHz = parameters_.size() > 4 ? parameters_[4]->GetValue() : 1800.0f;
  58:effects/motorwaheffect.cpp **** 
  59:effects/motorwaheffect.cpp ****     for (size_t i = 0; i < size; ++i) {
  60:effects/motorwaheffect.cpp ****         float lfoValue = 0.5f * (lfo_.Process() + 1.0f);
  61:effects/motorwaheffect.cpp ****         detectorInput_ = lfoValue;
  62:effects/motorwaheffect.cpp **** 
  63:effects/motorwaheffect.cpp ****         float targetCutoff = ComputeTargetCutoffHz(baseFreq, depthHz, lfoValue);
  64:effects/motorwaheffect.cpp ****         ProcessWahSample(in[i], mix, resonance, targetCutoff, out[i]);
  65:effects/motorwaheffect.cpp ****     }
  66:effects/motorwaheffect.cpp **** }
  67:effects/motorwaheffect.cpp **** 
  68:effects/motorwaheffect.cpp **** void MotorWahEffect::ProcessStereo(float* inL, float* inR, float* outL, float* outR, size_t size) {
  69:effects/motorwaheffect.cpp ****     if (!enabled_) {
  70:effects/motorwaheffect.cpp ****         detectorInput_ = 0.0f;
  71:effects/motorwaheffect.cpp ****         for (size_t i = 0; i < size; ++i) {
  72:effects/motorwaheffect.cpp ****             outL[i] = inL[i];
  73:effects/motorwaheffect.cpp ****             outR[i] = inR[i];
  74:effects/motorwaheffect.cpp ****         }
  75:effects/motorwaheffect.cpp ****         return;
  76:effects/motorwaheffect.cpp ****     }
  77:effects/motorwaheffect.cpp **** 
  78:effects/motorwaheffect.cpp ****     float mix = parameters_.size() > 0 ? parameters_[0]->GetValue() : 0.6f;
  79:effects/motorwaheffect.cpp ****     float resonance = parameters_.size() > 1 ? parameters_[1]->GetValue() : 0.9f;
  80:effects/motorwaheffect.cpp ****     float baseFreq = parameters_.size() > 2 ? parameters_[2]->GetValue() : 850.0f;
  81:effects/motorwaheffect.cpp ****     float depthHz = parameters_.size() > 4 ? parameters_[4]->GetValue() : 1800.0f;
  82:effects/motorwaheffect.cpp **** 
  83:effects/motorwaheffect.cpp ****     for (size_t i = 0; i < size; ++i) {
  84:effects/motorwaheffect.cpp ****         float lfoValue = 0.5f * (lfo_.Process() + 1.0f);
  85:effects/motorwaheffect.cpp ****         detectorInput_ = lfoValue;
  86:effects/motorwaheffect.cpp **** 
ARM GAS  C:\Users\Oliver\AppData\Local\Temp\ccb1Hde1.s 			page 3


  87:effects/motorwaheffect.cpp ****         float targetCutoff = ComputeTargetCutoffHz(baseFreq, depthHz, lfoValue);
  88:effects/motorwaheffect.cpp ****         ProcessWahStereoSample(inL[i], inR[i], mix, resonance, targetCutoff, outL[i], outR[i]);
  89:effects/motorwaheffect.cpp ****     }
  90:effects/motorwaheffect.cpp **** }
  91:effects/motorwaheffect.cpp **** 
  92:effects/motorwaheffect.cpp **** void MotorWahEffect::Update() {
  93:effects/motorwaheffect.cpp ****     if (parameters_.size() >= 6) {
  94:effects/motorwaheffect.cpp ****         float rateHz = parameters_[3]->GetValue();
  95:effects/motorwaheffect.cpp ****         int waveform = static_cast<int>(std::round(parameters_[5]->GetValue()));
  96:effects/motorwaheffect.cpp **** 
  97:effects/motorwaheffect.cpp ****         lfo_.SetFreq(rateHz);
  98:effects/motorwaheffect.cpp ****         lfo_.SetWaveform(static_cast<uint8_t>(waveform));
  99:effects/motorwaheffect.cpp ****     }
 100:effects/motorwaheffect.cpp **** 
 101:effects/motorwaheffect.cpp ****     AutowahV2Effect::Update();
 102:effects/motorwaheffect.cpp **** }
 103:effects/motorwaheffect.cpp **** 
 104:effects/motorwaheffect.cpp **** float MotorWahEffect::GetTempoPulseBrightness() const {
  30              		.loc 1 104 55 view -0
  31              		.cfi_startproc
  32              		@ args = 0, pretend = 0, frame = 0
  33              		@ frame_needed = 0, uses_anonymous_args = 0
  34              		@ link register save eliminated.
 105:effects/motorwaheffect.cpp ****     return detectorInput_;
  35              		.loc 1 105 5 view .LVU1
 106:effects/motorwaheffect.cpp **** }
  36              		.loc 1 106 1 is_stmt 0 view .LVU2
  37 0000 90ED330A 		vldr.32	s0, [r0, #204]
  38 0004 7047     		bx	lr
  39              		.cfi_endproc
  40              	.LFE6895:
  42 0006 00BF     		.section	.text._ZN11perspective14MotorWahEffectD2Ev,"ax",%progbits
  43              		.align	1
  44              		.p2align 2,,3
  45              		.global	_ZN11perspective14MotorWahEffectD2Ev
  46              		.syntax unified
  47              		.thumb
  48              		.thumb_func
  50              	_ZN11perspective14MotorWahEffectD2Ev:
  51              	.LVL1:
  52              	.LFB6888:
  22:effects/motorwaheffect.cpp **** }
  53              		.loc 1 22 1 is_stmt 1 view -0
  54              		.cfi_startproc
  55              		@ args = 0, pretend = 0, frame = 0
  56              		@ frame_needed = 0, uses_anonymous_args = 0
  57              	.LBB151:
  22:effects/motorwaheffect.cpp **** }
  58              		.loc 1 22 33 is_stmt 0 view .LVU4
  59 0000 034B     		ldr	r3, .L5
  60              	.LBE151:
  22:effects/motorwaheffect.cpp **** }
  61              		.loc 1 22 1 view .LVU5
  62 0002 10B5     		push	{r4, lr}
  63              		.cfi_def_cfa_offset 8
  64              		.cfi_offset 4, -8
  65              		.cfi_offset 14, -4
ARM GAS  C:\Users\Oliver\AppData\Local\Temp\ccb1Hde1.s 			page 4


  22:effects/motorwaheffect.cpp **** }
  66              		.loc 1 22 1 view .LVU6
  67 0004 0446     		mov	r4, r0
  68              	.LBB153:
  22:effects/motorwaheffect.cpp **** }
  69              		.loc 1 22 33 view .LVU7
  70 0006 0360     		str	r3, [r0]
  71              	.LVL2:
  72              	.LBB152:
  73              	.LBI152:
  74              		.file 2 "dependencies/DaisySP/Source/Synthesis/oscillator.h"
   1:dependencies/DaisySP/Source/Synthesis/oscillator.h **** /*
   2:dependencies/DaisySP/Source/Synthesis/oscillator.h **** Copyright (c) 2020 Electrosmith, Corp
   3:dependencies/DaisySP/Source/Synthesis/oscillator.h **** 
   4:dependencies/DaisySP/Source/Synthesis/oscillator.h **** Use of this source code is governed by an MIT-style
   5:dependencies/DaisySP/Source/Synthesis/oscillator.h **** license that can be found in the LICENSE file or at
   6:dependencies/DaisySP/Source/Synthesis/oscillator.h **** https://opensource.org/licenses/MIT.
   7:dependencies/DaisySP/Source/Synthesis/oscillator.h **** */
   8:dependencies/DaisySP/Source/Synthesis/oscillator.h **** 
   9:dependencies/DaisySP/Source/Synthesis/oscillator.h **** #pragma once
  10:dependencies/DaisySP/Source/Synthesis/oscillator.h **** #ifndef DSY_OSCILLATOR_H
  11:dependencies/DaisySP/Source/Synthesis/oscillator.h **** #define DSY_OSCILLATOR_H
  12:dependencies/DaisySP/Source/Synthesis/oscillator.h **** #include <stdint.h>
  13:dependencies/DaisySP/Source/Synthesis/oscillator.h **** #include "Utility/dsp.h"
  14:dependencies/DaisySP/Source/Synthesis/oscillator.h **** #ifdef __cplusplus
  15:dependencies/DaisySP/Source/Synthesis/oscillator.h **** 
  16:dependencies/DaisySP/Source/Synthesis/oscillator.h **** namespace daisysp
  17:dependencies/DaisySP/Source/Synthesis/oscillator.h **** {
  18:dependencies/DaisySP/Source/Synthesis/oscillator.h **** /** Synthesis of several waveforms, including polyBLEP bandlimited waveforms.
  19:dependencies/DaisySP/Source/Synthesis/oscillator.h **** */
  20:dependencies/DaisySP/Source/Synthesis/oscillator.h **** class Oscillator
  21:dependencies/DaisySP/Source/Synthesis/oscillator.h **** {
  22:dependencies/DaisySP/Source/Synthesis/oscillator.h ****   public:
  23:dependencies/DaisySP/Source/Synthesis/oscillator.h ****     Oscillator() {}
  24:dependencies/DaisySP/Source/Synthesis/oscillator.h ****     ~Oscillator() {}
  75              		.loc 2 24 5 is_stmt 1 view .LVU8
  76              		.loc 2 24 5 is_stmt 0 view .LVU9
  77              	.LBE152:
  23:effects/motorwaheffect.cpp **** 
  78              		.loc 1 23 1 discriminator 1 view .LVU10
  79 0008 FFF7FEFF 		bl	_ZN11perspective15AutowahV2EffectD2Ev
  80              	.LVL3:
  23:effects/motorwaheffect.cpp **** 
  81              		.loc 1 23 1 discriminator 1 view .LVU11
  82              	.LBE153:
  23:effects/motorwaheffect.cpp **** 
  83              		.loc 1 23 1 view .LVU12
  84 000c 2046     		mov	r0, r4
  85 000e 10BD     		pop	{r4, pc}
  86              	.LVL4:
  87              	.L6:
  23:effects/motorwaheffect.cpp **** 
  88              		.loc 1 23 1 view .LVU13
  89              		.align	2
  90              	.L5:
  91 0010 08000000 		.word	_ZTVN11perspective14MotorWahEffectE+8
  92              		.cfi_endproc
ARM GAS  C:\Users\Oliver\AppData\Local\Temp\ccb1Hde1.s 			page 5


  93              	.LFE6888:
  95              		.global	_ZN11perspective14MotorWahEffectD1Ev
  96              		.thumb_set _ZN11perspective14MotorWahEffectD1Ev,_ZN11perspective14MotorWahEffectD2Ev
  97              		.section	.text._ZN11perspective14MotorWahEffectD0Ev,"ax",%progbits
  98              		.align	1
  99              		.p2align 2,,3
 100              		.global	_ZN11perspective14MotorWahEffectD0Ev
 101              		.syntax unified
 102              		.thumb
 103              		.thumb_func
 105              	_ZN11perspective14MotorWahEffectD0Ev:
 106              	.LVL5:
 107              	.LFB6890:
  22:effects/motorwaheffect.cpp **** }
 108              		.loc 1 22 1 is_stmt 1 view -0
 109              		.cfi_startproc
 110              		@ args = 0, pretend = 0, frame = 0
 111              		@ frame_needed = 0, uses_anonymous_args = 0
 112              	.LBB154:
 113              	.LBB155:
  22:effects/motorwaheffect.cpp **** }
 114              		.loc 1 22 33 is_stmt 0 view .LVU15
 115 0000 064B     		ldr	r3, .L9
 116              	.LBE155:
 117              	.LBE154:
  22:effects/motorwaheffect.cpp **** }
 118              		.loc 1 22 1 view .LVU16
 119 0002 10B5     		push	{r4, lr}
 120              		.cfi_def_cfa_offset 8
 121              		.cfi_offset 4, -8
 122              		.cfi_offset 14, -4
  22:effects/motorwaheffect.cpp **** }
 123              		.loc 1 22 1 view .LVU17
 124 0004 0446     		mov	r4, r0
 125              	.LVL6:
 126              	.LBB158:
 127              	.LBI154:
  22:effects/motorwaheffect.cpp **** }
 128              		.loc 1 22 1 is_stmt 1 view .LVU18
 129              	.LBB157:
  22:effects/motorwaheffect.cpp **** }
 130              		.loc 1 22 33 is_stmt 0 view .LVU19
 131 0006 0360     		str	r3, [r0]
 132              	.LVL7:
 133              	.LBB156:
 134              	.LBI156:
 135              		.loc 2 24 5 is_stmt 1 view .LVU20
 136              		.loc 2 24 5 is_stmt 0 view .LVU21
 137              	.LBE156:
  23:effects/motorwaheffect.cpp **** 
 138              		.loc 1 23 1 discriminator 1 view .LVU22
 139 0008 FFF7FEFF 		bl	_ZN11perspective15AutowahV2EffectD2Ev
 140              	.LVL8:
  23:effects/motorwaheffect.cpp **** 
 141              		.loc 1 23 1 discriminator 1 view .LVU23
 142              	.LBE157:
 143              	.LBE158:
ARM GAS  C:\Users\Oliver\AppData\Local\Temp\ccb1Hde1.s 			page 6


 144 000c 4FF48871 		mov	r1, #272
 145 0010 2046     		mov	r0, r4
 146 0012 FFF7FEFF 		bl	_ZdlPvj
 147              	.LVL9:
  23:effects/motorwaheffect.cpp **** 
 148              		.loc 1 23 1 view .LVU24
 149 0016 2046     		mov	r0, r4
 150 0018 10BD     		pop	{r4, pc}
 151              	.LVL10:
 152              	.L10:
  23:effects/motorwaheffect.cpp **** 
 153              		.loc 1 23 1 view .LVU25
 154 001a 00BF     		.align	2
 155              	.L9:
 156 001c 08000000 		.word	_ZTVN11perspective14MotorWahEffectE+8
 157              		.cfi_endproc
 158              	.LFE6890:
 160              		.section	.text._ZN11perspective14MotorWahEffect7ProcessEPfS1_j,"ax",%progbits
 161              		.align	1
 162              		.p2align 2,,3
 163              		.global	_ZN11perspective14MotorWahEffect7ProcessEPfS1_j
 164              		.syntax unified
 165              		.thumb
 166              		.thumb_func
 168              	_ZN11perspective14MotorWahEffect7ProcessEPfS1_j:
 169              	.LVL11:
 170              	.LFB6892:
  45:effects/motorwaheffect.cpp ****     if (!enabled_) {
 171              		.loc 1 45 66 is_stmt 1 view -0
 172              		.cfi_startproc
 173              		@ args = 0, pretend = 0, frame = 0
 174              		@ frame_needed = 0, uses_anonymous_args = 0
  46:effects/motorwaheffect.cpp ****         detectorInput_ = 0.0f;
 175              		.loc 1 46 5 view .LVU27
  45:effects/motorwaheffect.cpp ****     if (!enabled_) {
 176              		.loc 1 45 66 is_stmt 0 view .LVU28
 177 0000 2DE9F843 		push	{r3, r4, r5, r6, r7, r8, r9, lr}
 178              		.cfi_def_cfa_offset 32
 179              		.cfi_offset 3, -32
 180              		.cfi_offset 4, -28
 181              		.cfi_offset 5, -24
 182              		.cfi_offset 6, -20
 183              		.cfi_offset 7, -16
 184              		.cfi_offset 8, -12
 185              		.cfi_offset 9, -8
 186              		.cfi_offset 14, -4
 187 0004 9946     		mov	r9, r3
 188              	.LBB185:
  46:effects/motorwaheffect.cpp ****         detectorInput_ = 0.0f;
 189              		.loc 1 46 5 view .LVU29
 190 0006 037D     		ldrb	r3, [r0, #20]	@ zero_extendqisi2
 191              	.LVL12:
  46:effects/motorwaheffect.cpp ****         detectorInput_ = 0.0f;
 192              		.loc 1 46 5 view .LVU30
 193              	.LBE185:
  45:effects/motorwaheffect.cpp ****     if (!enabled_) {
 194              		.loc 1 45 66 view .LVU31
ARM GAS  C:\Users\Oliver\AppData\Local\Temp\ccb1Hde1.s 			page 7


 195 0008 8046     		mov	r8, r0
 196 000a 0E46     		mov	r6, r1
 197 000c 1546     		mov	r5, r2
 198 000e 2DED048B 		vpush.64	{d8, d9}
 199              		.cfi_def_cfa_offset 48
 200              		.cfi_offset 80, -48
 201              		.cfi_offset 81, -44
 202              		.cfi_offset 82, -40
 203              		.cfi_offset 83, -36
 204              	.LBB188:
  46:effects/motorwaheffect.cpp ****         detectorInput_ = 0.0f;
 205              		.loc 1 46 5 view .LVU32
 206 0012 002B     		cmp	r3, #0
 207 0014 68D0     		beq	.L28
 208              	.LVL13:
  46:effects/motorwaheffect.cpp ****         detectorInput_ = 0.0f;
 209              		.loc 1 46 5 view .LVU33
 210              	.LBE188:
 211              	.LBB189:
 212              	.LBI189:
  45:effects/motorwaheffect.cpp ****     if (!enabled_) {
 213              		.loc 1 45 6 is_stmt 1 view .LVU34
 214              	.LBB190:
  54:effects/motorwaheffect.cpp ****     float resonance = parameters_.size() > 1 ? parameters_[1]->GetValue() : 0.9f;
 215              		.loc 1 54 5 view .LVU35
 216              	.LBB191:
 217              	.LBI191:
 218              		.file 3 "C:/Program Files (x86)/Arm GNU Toolchain arm-none-eabi/14.3 rel1/arm-none-eabi/include/c+
   1:C:/Program Files (x86)/Arm GNU Toolchain arm-none-eabi/14.3 rel1/arm-none-eabi/include/c++/14.3.1/bits\stl_vector.h **** // Vector implementation -*- C++ -*-
   2:C:/Program Files (x86)/Arm GNU Toolchain arm-none-eabi/14.3 rel1/arm-none-eabi/include/c++/14.3.1/bits\stl_vector.h **** 
   3:C:/Program Files (x86)/Arm GNU Toolchain arm-none-eabi/14.3 rel1/arm-none-eabi/include/c++/14.3.1/bits\stl_vector.h **** // Copyright (C) 2001-2024 Free Software Foundation, Inc.
   4:C:/Program Files (x86)/Arm GNU Toolchain arm-none-eabi/14.3 rel1/arm-none-eabi/include/c++/14.3.1/bits\stl_vector.h **** //
   5:C:/Program Files (x86)/Arm GNU Toolchain arm-none-eabi/14.3 rel1/arm-none-eabi/include/c++/14.3.1/bits\stl_vector.h **** // This file is part of the GNU ISO C++ Library.  This library is free
   6:C:/Program Files (x86)/Arm GNU Toolchain arm-none-eabi/14.3 rel1/arm-none-eabi/include/c++/14.3.1/bits\stl_vector.h **** // software; you can redistribute it and/or modify it under the
   7:C:/Program Files (x86)/Arm GNU Toolchain arm-none-eabi/14.3 rel1/arm-none-eabi/include/c++/14.3.1/bits\stl_vector.h **** // terms of the GNU General Public License as published by the
   8:C:/Program Files (x86)/Arm GNU Toolchain arm-none-eabi/14.3 rel1/arm-none-eabi/include/c++/14.3.1/bits\stl_vector.h **** // Free Software Foundation; either version 3, or (at your option)
   9:C:/Program Files (x86)/Arm GNU Toolchain arm-none-eabi/14.3 rel1/arm-none-eabi/include/c++/14.3.1/bits\stl_vector.h **** // any later version.
  10:C:/Program Files (x86)/Arm GNU Toolchain arm-none-eabi/14.3 rel1/arm-none-eabi/include/c++/14.3.1/bits\stl_vector.h **** 
  11:C:/Program Files (x86)/Arm GNU Toolchain arm-none-eabi/14.3 rel1/arm-none-eabi/include/c++/14.3.1/bits\stl_vector.h **** // This library is distributed in the hope that it will be useful,
  12:C:/Program Files (x86)/Arm GNU Toolchain arm-none-eabi/14.3 rel1/arm-none-eabi/include/c++/14.3.1/bits\stl_vector.h **** // but WITHOUT ANY WARRANTY; without even the implied warranty of
  13:C:/Program Files (x86)/Arm GNU Toolchain arm-none-eabi/14.3 rel1/arm-none-eabi/include/c++/14.3.1/bits\stl_vector.h **** // MERCHANTABILITY or FITNESS FOR A PARTICULAR PURPOSE.  See the
  14:C:/Program Files (x86)/Arm GNU Toolchain arm-none-eabi/14.3 rel1/arm-none-eabi/include/c++/14.3.1/bits\stl_vector.h **** // GNU General Public License for more details.
  15:C:/Program Files (x86)/Arm GNU Toolchain arm-none-eabi/14.3 rel1/arm-none-eabi/include/c++/14.3.1/bits\stl_vector.h **** 
  16:C:/Program Files (x86)/Arm GNU Toolchain arm-none-eabi/14.3 rel1/arm-none-eabi/include/c++/14.3.1/bits\stl_vector.h **** // Under Section 7 of GPL version 3, you are granted additional
  17:C:/Program Files (x86)/Arm GNU Toolchain arm-none-eabi/14.3 rel1/arm-none-eabi/include/c++/14.3.1/bits\stl_vector.h **** // permissions described in the GCC Runtime Library Exception, version
  18:C:/Program Files (x86)/Arm GNU Toolchain arm-none-eabi/14.3 rel1/arm-none-eabi/include/c++/14.3.1/bits\stl_vector.h **** // 3.1, as published by the Free Software Foundation.
  19:C:/Program Files (x86)/Arm GNU Toolchain arm-none-eabi/14.3 rel1/arm-none-eabi/include/c++/14.3.1/bits\stl_vector.h **** 
  20:C:/Program Files (x86)/Arm GNU Toolchain arm-none-eabi/14.3 rel1/arm-none-eabi/include/c++/14.3.1/bits\stl_vector.h **** // You should have received a copy of the GNU General Public License and
  21:C:/Program Files (x86)/Arm GNU Toolchain arm-none-eabi/14.3 rel1/arm-none-eabi/include/c++/14.3.1/bits\stl_vector.h **** // a copy of the GCC Runtime Library Exception along with this program;
  22:C:/Program Files (x86)/Arm GNU Toolchain arm-none-eabi/14.3 rel1/arm-none-eabi/include/c++/14.3.1/bits\stl_vector.h **** // see the files COPYING3 and COPYING.RUNTIME respectively.  If not, see
  23:C:/Program Files (x86)/Arm GNU Toolchain arm-none-eabi/14.3 rel1/arm-none-eabi/include/c++/14.3.1/bits\stl_vector.h **** // <http://www.gnu.org/licenses/>.
  24:C:/Program Files (x86)/Arm GNU Toolchain arm-none-eabi/14.3 rel1/arm-none-eabi/include/c++/14.3.1/bits\stl_vector.h **** 
  25:C:/Program Files (x86)/Arm GNU Toolchain arm-none-eabi/14.3 rel1/arm-none-eabi/include/c++/14.3.1/bits\stl_vector.h **** /*
  26:C:/Program Files (x86)/Arm GNU Toolchain arm-none-eabi/14.3 rel1/arm-none-eabi/include/c++/14.3.1/bits\stl_vector.h ****  *
  27:C:/Program Files (x86)/Arm GNU Toolchain arm-none-eabi/14.3 rel1/arm-none-eabi/include/c++/14.3.1/bits\stl_vector.h ****  * Copyright (c) 1994
  28:C:/Program Files (x86)/Arm GNU Toolchain arm-none-eabi/14.3 rel1/arm-none-eabi/include/c++/14.3.1/bits\stl_vector.h ****  * Hewlett-Packard Company
  29:C:/Program Files (x86)/Arm GNU Toolchain arm-none-eabi/14.3 rel1/arm-none-eabi/include/c++/14.3.1/bits\stl_vector.h ****  *
ARM GAS  C:\Users\Oliver\AppData\Local\Temp\ccb1Hde1.s 			page 8


  30:C:/Program Files (x86)/Arm GNU Toolchain arm-none-eabi/14.3 rel1/arm-none-eabi/include/c++/14.3.1/bits\stl_vector.h ****  * Permission to use, copy, modify, distribute and sell this software
  31:C:/Program Files (x86)/Arm GNU Toolchain arm-none-eabi/14.3 rel1/arm-none-eabi/include/c++/14.3.1/bits\stl_vector.h ****  * and its documentation for any purpose is hereby granted without fee,
  32:C:/Program Files (x86)/Arm GNU Toolchain arm-none-eabi/14.3 rel1/arm-none-eabi/include/c++/14.3.1/bits\stl_vector.h ****  * provided that the above copyright notice appear in all copies and
  33:C:/Program Files (x86)/Arm GNU Toolchain arm-none-eabi/14.3 rel1/arm-none-eabi/include/c++/14.3.1/bits\stl_vector.h ****  * that both that copyright notice and this permission notice appear
  34:C:/Program Files (x86)/Arm GNU Toolchain arm-none-eabi/14.3 rel1/arm-none-eabi/include/c++/14.3.1/bits\stl_vector.h ****  * in supporting documentation.  Hewlett-Packard Company makes no
  35:C:/Program Files (x86)/Arm GNU Toolchain arm-none-eabi/14.3 rel1/arm-none-eabi/include/c++/14.3.1/bits\stl_vector.h ****  * representations about the suitability of this software for any
  36:C:/Program Files (x86)/Arm GNU Toolchain arm-none-eabi/14.3 rel1/arm-none-eabi/include/c++/14.3.1/bits\stl_vector.h ****  * purpose.  It is provided "as is" without express or implied warranty.
  37:C:/Program Files (x86)/Arm GNU Toolchain arm-none-eabi/14.3 rel1/arm-none-eabi/include/c++/14.3.1/bits\stl_vector.h ****  *
  38:C:/Program Files (x86)/Arm GNU Toolchain arm-none-eabi/14.3 rel1/arm-none-eabi/include/c++/14.3.1/bits\stl_vector.h ****  *
  39:C:/Program Files (x86)/Arm GNU Toolchain arm-none-eabi/14.3 rel1/arm-none-eabi/include/c++/14.3.1/bits\stl_vector.h ****  * Copyright (c) 1996
  40:C:/Program Files (x86)/Arm GNU Toolchain arm-none-eabi/14.3 rel1/arm-none-eabi/include/c++/14.3.1/bits\stl_vector.h ****  * Silicon Graphics Computer Systems, Inc.
  41:C:/Program Files (x86)/Arm GNU Toolchain arm-none-eabi/14.3 rel1/arm-none-eabi/include/c++/14.3.1/bits\stl_vector.h ****  *
  42:C:/Program Files (x86)/Arm GNU Toolchain arm-none-eabi/14.3 rel1/arm-none-eabi/include/c++/14.3.1/bits\stl_vector.h ****  * Permission to use, copy, modify, distribute and sell this software
  43:C:/Program Files (x86)/Arm GNU Toolchain arm-none-eabi/14.3 rel1/arm-none-eabi/include/c++/14.3.1/bits\stl_vector.h ****  * and its documentation for any purpose is hereby granted without fee,
  44:C:/Program Files (x86)/Arm GNU Toolchain arm-none-eabi/14.3 rel1/arm-none-eabi/include/c++/14.3.1/bits\stl_vector.h ****  * provided that the above copyright notice appear in all copies and
  45:C:/Program Files (x86)/Arm GNU Toolchain arm-none-eabi/14.3 rel1/arm-none-eabi/include/c++/14.3.1/bits\stl_vector.h ****  * that both that copyright notice and this permission notice appear
  46:C:/Program Files (x86)/Arm GNU Toolchain arm-none-eabi/14.3 rel1/arm-none-eabi/include/c++/14.3.1/bits\stl_vector.h ****  * in supporting documentation.  Silicon Graphics makes no
  47:C:/Program Files (x86)/Arm GNU Toolchain arm-none-eabi/14.3 rel1/arm-none-eabi/include/c++/14.3.1/bits\stl_vector.h ****  * representations about the suitability of this  software for any
  48:C:/Program Files (x86)/Arm GNU Toolchain arm-none-eabi/14.3 rel1/arm-none-eabi/include/c++/14.3.1/bits\stl_vector.h ****  * purpose.  It is provided "as is" without express or implied warranty.
  49:C:/Program Files (x86)/Arm GNU Toolchain arm-none-eabi/14.3 rel1/arm-none-eabi/include/c++/14.3.1/bits\stl_vector.h ****  */
  50:C:/Program Files (x86)/Arm GNU Toolchain arm-none-eabi/14.3 rel1/arm-none-eabi/include/c++/14.3.1/bits\stl_vector.h **** 
  51:C:/Program Files (x86)/Arm GNU Toolchain arm-none-eabi/14.3 rel1/arm-none-eabi/include/c++/14.3.1/bits\stl_vector.h **** /** @file bits/stl_vector.h
  52:C:/Program Files (x86)/Arm GNU Toolchain arm-none-eabi/14.3 rel1/arm-none-eabi/include/c++/14.3.1/bits\stl_vector.h ****  *  This is an internal header file, included by other library headers.
  53:C:/Program Files (x86)/Arm GNU Toolchain arm-none-eabi/14.3 rel1/arm-none-eabi/include/c++/14.3.1/bits\stl_vector.h ****  *  Do not attempt to use it directly. @headername{vector}
  54:C:/Program Files (x86)/Arm GNU Toolchain arm-none-eabi/14.3 rel1/arm-none-eabi/include/c++/14.3.1/bits\stl_vector.h ****  */
  55:C:/Program Files (x86)/Arm GNU Toolchain arm-none-eabi/14.3 rel1/arm-none-eabi/include/c++/14.3.1/bits\stl_vector.h **** 
  56:C:/Program Files (x86)/Arm GNU Toolchain arm-none-eabi/14.3 rel1/arm-none-eabi/include/c++/14.3.1/bits\stl_vector.h **** #ifndef _STL_VECTOR_H
  57:C:/Program Files (x86)/Arm GNU Toolchain arm-none-eabi/14.3 rel1/arm-none-eabi/include/c++/14.3.1/bits\stl_vector.h **** #define _STL_VECTOR_H 1
  58:C:/Program Files (x86)/Arm GNU Toolchain arm-none-eabi/14.3 rel1/arm-none-eabi/include/c++/14.3.1/bits\stl_vector.h **** 
  59:C:/Program Files (x86)/Arm GNU Toolchain arm-none-eabi/14.3 rel1/arm-none-eabi/include/c++/14.3.1/bits\stl_vector.h **** #include <bits/stl_iterator_base_funcs.h>
  60:C:/Program Files (x86)/Arm GNU Toolchain arm-none-eabi/14.3 rel1/arm-none-eabi/include/c++/14.3.1/bits\stl_vector.h **** #include <bits/functexcept.h>
  61:C:/Program Files (x86)/Arm GNU Toolchain arm-none-eabi/14.3 rel1/arm-none-eabi/include/c++/14.3.1/bits\stl_vector.h **** #include <bits/concept_check.h>
  62:C:/Program Files (x86)/Arm GNU Toolchain arm-none-eabi/14.3 rel1/arm-none-eabi/include/c++/14.3.1/bits\stl_vector.h **** #if __cplusplus >= 201103L
  63:C:/Program Files (x86)/Arm GNU Toolchain arm-none-eabi/14.3 rel1/arm-none-eabi/include/c++/14.3.1/bits\stl_vector.h **** #include <initializer_list>
  64:C:/Program Files (x86)/Arm GNU Toolchain arm-none-eabi/14.3 rel1/arm-none-eabi/include/c++/14.3.1/bits\stl_vector.h **** #endif
  65:C:/Program Files (x86)/Arm GNU Toolchain arm-none-eabi/14.3 rel1/arm-none-eabi/include/c++/14.3.1/bits\stl_vector.h **** #if __cplusplus >= 202002L
  66:C:/Program Files (x86)/Arm GNU Toolchain arm-none-eabi/14.3 rel1/arm-none-eabi/include/c++/14.3.1/bits\stl_vector.h **** # include <compare>
  67:C:/Program Files (x86)/Arm GNU Toolchain arm-none-eabi/14.3 rel1/arm-none-eabi/include/c++/14.3.1/bits\stl_vector.h **** #endif
  68:C:/Program Files (x86)/Arm GNU Toolchain arm-none-eabi/14.3 rel1/arm-none-eabi/include/c++/14.3.1/bits\stl_vector.h **** #if __glibcxx_concepts // C++ >= C++20
  69:C:/Program Files (x86)/Arm GNU Toolchain arm-none-eabi/14.3 rel1/arm-none-eabi/include/c++/14.3.1/bits\stl_vector.h **** # include <bits/ranges_base.h>          // ranges::distance
  70:C:/Program Files (x86)/Arm GNU Toolchain arm-none-eabi/14.3 rel1/arm-none-eabi/include/c++/14.3.1/bits\stl_vector.h **** #endif
  71:C:/Program Files (x86)/Arm GNU Toolchain arm-none-eabi/14.3 rel1/arm-none-eabi/include/c++/14.3.1/bits\stl_vector.h **** 
  72:C:/Program Files (x86)/Arm GNU Toolchain arm-none-eabi/14.3 rel1/arm-none-eabi/include/c++/14.3.1/bits\stl_vector.h **** #include <debug/assertions.h>
  73:C:/Program Files (x86)/Arm GNU Toolchain arm-none-eabi/14.3 rel1/arm-none-eabi/include/c++/14.3.1/bits\stl_vector.h **** 
  74:C:/Program Files (x86)/Arm GNU Toolchain arm-none-eabi/14.3 rel1/arm-none-eabi/include/c++/14.3.1/bits\stl_vector.h **** #if _GLIBCXX_SANITIZE_STD_ALLOCATOR && _GLIBCXX_SANITIZE_VECTOR
  75:C:/Program Files (x86)/Arm GNU Toolchain arm-none-eabi/14.3 rel1/arm-none-eabi/include/c++/14.3.1/bits\stl_vector.h **** extern "C" void
  76:C:/Program Files (x86)/Arm GNU Toolchain arm-none-eabi/14.3 rel1/arm-none-eabi/include/c++/14.3.1/bits\stl_vector.h **** __sanitizer_annotate_contiguous_container(const void*, const void*,
  77:C:/Program Files (x86)/Arm GNU Toolchain arm-none-eabi/14.3 rel1/arm-none-eabi/include/c++/14.3.1/bits\stl_vector.h **** 					  const void*, const void*);
  78:C:/Program Files (x86)/Arm GNU Toolchain arm-none-eabi/14.3 rel1/arm-none-eabi/include/c++/14.3.1/bits\stl_vector.h **** #endif
  79:C:/Program Files (x86)/Arm GNU Toolchain arm-none-eabi/14.3 rel1/arm-none-eabi/include/c++/14.3.1/bits\stl_vector.h **** 
  80:C:/Program Files (x86)/Arm GNU Toolchain arm-none-eabi/14.3 rel1/arm-none-eabi/include/c++/14.3.1/bits\stl_vector.h **** namespace std _GLIBCXX_VISIBILITY(default)
  81:C:/Program Files (x86)/Arm GNU Toolchain arm-none-eabi/14.3 rel1/arm-none-eabi/include/c++/14.3.1/bits\stl_vector.h **** {
  82:C:/Program Files (x86)/Arm GNU Toolchain arm-none-eabi/14.3 rel1/arm-none-eabi/include/c++/14.3.1/bits\stl_vector.h **** _GLIBCXX_BEGIN_NAMESPACE_VERSION
  83:C:/Program Files (x86)/Arm GNU Toolchain arm-none-eabi/14.3 rel1/arm-none-eabi/include/c++/14.3.1/bits\stl_vector.h **** _GLIBCXX_BEGIN_NAMESPACE_CONTAINER
  84:C:/Program Files (x86)/Arm GNU Toolchain arm-none-eabi/14.3 rel1/arm-none-eabi/include/c++/14.3.1/bits\stl_vector.h **** 
  85:C:/Program Files (x86)/Arm GNU Toolchain arm-none-eabi/14.3 rel1/arm-none-eabi/include/c++/14.3.1/bits\stl_vector.h ****   /// See bits/stl_deque.h's _Deque_base for an explanation.
  86:C:/Program Files (x86)/Arm GNU Toolchain arm-none-eabi/14.3 rel1/arm-none-eabi/include/c++/14.3.1/bits\stl_vector.h ****   template<typename _Tp, typename _Alloc>
ARM GAS  C:\Users\Oliver\AppData\Local\Temp\ccb1Hde1.s 			page 9


  87:C:/Program Files (x86)/Arm GNU Toolchain arm-none-eabi/14.3 rel1/arm-none-eabi/include/c++/14.3.1/bits\stl_vector.h ****     struct _Vector_base
  88:C:/Program Files (x86)/Arm GNU Toolchain arm-none-eabi/14.3 rel1/arm-none-eabi/include/c++/14.3.1/bits\stl_vector.h ****     {
  89:C:/Program Files (x86)/Arm GNU Toolchain arm-none-eabi/14.3 rel1/arm-none-eabi/include/c++/14.3.1/bits\stl_vector.h ****       typedef typename __gnu_cxx::__alloc_traits<_Alloc>::template
  90:C:/Program Files (x86)/Arm GNU Toolchain arm-none-eabi/14.3 rel1/arm-none-eabi/include/c++/14.3.1/bits\stl_vector.h **** 	rebind<_Tp>::other _Tp_alloc_type;
  91:C:/Program Files (x86)/Arm GNU Toolchain arm-none-eabi/14.3 rel1/arm-none-eabi/include/c++/14.3.1/bits\stl_vector.h ****       typedef typename __gnu_cxx::__alloc_traits<_Tp_alloc_type>::pointer
  92:C:/Program Files (x86)/Arm GNU Toolchain arm-none-eabi/14.3 rel1/arm-none-eabi/include/c++/14.3.1/bits\stl_vector.h ****        	pointer;
  93:C:/Program Files (x86)/Arm GNU Toolchain arm-none-eabi/14.3 rel1/arm-none-eabi/include/c++/14.3.1/bits\stl_vector.h **** 
  94:C:/Program Files (x86)/Arm GNU Toolchain arm-none-eabi/14.3 rel1/arm-none-eabi/include/c++/14.3.1/bits\stl_vector.h ****       struct _Vector_impl_data
  95:C:/Program Files (x86)/Arm GNU Toolchain arm-none-eabi/14.3 rel1/arm-none-eabi/include/c++/14.3.1/bits\stl_vector.h ****       {
  96:C:/Program Files (x86)/Arm GNU Toolchain arm-none-eabi/14.3 rel1/arm-none-eabi/include/c++/14.3.1/bits\stl_vector.h **** 	pointer _M_start;
  97:C:/Program Files (x86)/Arm GNU Toolchain arm-none-eabi/14.3 rel1/arm-none-eabi/include/c++/14.3.1/bits\stl_vector.h **** 	pointer _M_finish;
  98:C:/Program Files (x86)/Arm GNU Toolchain arm-none-eabi/14.3 rel1/arm-none-eabi/include/c++/14.3.1/bits\stl_vector.h **** 	pointer _M_end_of_storage;
  99:C:/Program Files (x86)/Arm GNU Toolchain arm-none-eabi/14.3 rel1/arm-none-eabi/include/c++/14.3.1/bits\stl_vector.h **** 
 100:C:/Program Files (x86)/Arm GNU Toolchain arm-none-eabi/14.3 rel1/arm-none-eabi/include/c++/14.3.1/bits\stl_vector.h **** 	_GLIBCXX20_CONSTEXPR
 101:C:/Program Files (x86)/Arm GNU Toolchain arm-none-eabi/14.3 rel1/arm-none-eabi/include/c++/14.3.1/bits\stl_vector.h **** 	_Vector_impl_data() _GLIBCXX_NOEXCEPT
 102:C:/Program Files (x86)/Arm GNU Toolchain arm-none-eabi/14.3 rel1/arm-none-eabi/include/c++/14.3.1/bits\stl_vector.h **** 	: _M_start(), _M_finish(), _M_end_of_storage()
 103:C:/Program Files (x86)/Arm GNU Toolchain arm-none-eabi/14.3 rel1/arm-none-eabi/include/c++/14.3.1/bits\stl_vector.h **** 	{ }
 104:C:/Program Files (x86)/Arm GNU Toolchain arm-none-eabi/14.3 rel1/arm-none-eabi/include/c++/14.3.1/bits\stl_vector.h **** 
 105:C:/Program Files (x86)/Arm GNU Toolchain arm-none-eabi/14.3 rel1/arm-none-eabi/include/c++/14.3.1/bits\stl_vector.h **** #if __cplusplus >= 201103L
 106:C:/Program Files (x86)/Arm GNU Toolchain arm-none-eabi/14.3 rel1/arm-none-eabi/include/c++/14.3.1/bits\stl_vector.h **** 	_GLIBCXX20_CONSTEXPR
 107:C:/Program Files (x86)/Arm GNU Toolchain arm-none-eabi/14.3 rel1/arm-none-eabi/include/c++/14.3.1/bits\stl_vector.h **** 	_Vector_impl_data(_Vector_impl_data&& __x) noexcept
 108:C:/Program Files (x86)/Arm GNU Toolchain arm-none-eabi/14.3 rel1/arm-none-eabi/include/c++/14.3.1/bits\stl_vector.h **** 	: _M_start(__x._M_start), _M_finish(__x._M_finish),
 109:C:/Program Files (x86)/Arm GNU Toolchain arm-none-eabi/14.3 rel1/arm-none-eabi/include/c++/14.3.1/bits\stl_vector.h **** 	  _M_end_of_storage(__x._M_end_of_storage)
 110:C:/Program Files (x86)/Arm GNU Toolchain arm-none-eabi/14.3 rel1/arm-none-eabi/include/c++/14.3.1/bits\stl_vector.h **** 	{ __x._M_start = __x._M_finish = __x._M_end_of_storage = pointer(); }
 111:C:/Program Files (x86)/Arm GNU Toolchain arm-none-eabi/14.3 rel1/arm-none-eabi/include/c++/14.3.1/bits\stl_vector.h **** #endif
 112:C:/Program Files (x86)/Arm GNU Toolchain arm-none-eabi/14.3 rel1/arm-none-eabi/include/c++/14.3.1/bits\stl_vector.h **** 
 113:C:/Program Files (x86)/Arm GNU Toolchain arm-none-eabi/14.3 rel1/arm-none-eabi/include/c++/14.3.1/bits\stl_vector.h **** 	_GLIBCXX20_CONSTEXPR
 114:C:/Program Files (x86)/Arm GNU Toolchain arm-none-eabi/14.3 rel1/arm-none-eabi/include/c++/14.3.1/bits\stl_vector.h **** 	void
 115:C:/Program Files (x86)/Arm GNU Toolchain arm-none-eabi/14.3 rel1/arm-none-eabi/include/c++/14.3.1/bits\stl_vector.h **** 	_M_copy_data(_Vector_impl_data const& __x) _GLIBCXX_NOEXCEPT
 116:C:/Program Files (x86)/Arm GNU Toolchain arm-none-eabi/14.3 rel1/arm-none-eabi/include/c++/14.3.1/bits\stl_vector.h **** 	{
 117:C:/Program Files (x86)/Arm GNU Toolchain arm-none-eabi/14.3 rel1/arm-none-eabi/include/c++/14.3.1/bits\stl_vector.h **** 	  _M_start = __x._M_start;
 118:C:/Program Files (x86)/Arm GNU Toolchain arm-none-eabi/14.3 rel1/arm-none-eabi/include/c++/14.3.1/bits\stl_vector.h **** 	  _M_finish = __x._M_finish;
 119:C:/Program Files (x86)/Arm GNU Toolchain arm-none-eabi/14.3 rel1/arm-none-eabi/include/c++/14.3.1/bits\stl_vector.h **** 	  _M_end_of_storage = __x._M_end_of_storage;
 120:C:/Program Files (x86)/Arm GNU Toolchain arm-none-eabi/14.3 rel1/arm-none-eabi/include/c++/14.3.1/bits\stl_vector.h **** 	}
 121:C:/Program Files (x86)/Arm GNU Toolchain arm-none-eabi/14.3 rel1/arm-none-eabi/include/c++/14.3.1/bits\stl_vector.h **** 
 122:C:/Program Files (x86)/Arm GNU Toolchain arm-none-eabi/14.3 rel1/arm-none-eabi/include/c++/14.3.1/bits\stl_vector.h **** 	_GLIBCXX20_CONSTEXPR
 123:C:/Program Files (x86)/Arm GNU Toolchain arm-none-eabi/14.3 rel1/arm-none-eabi/include/c++/14.3.1/bits\stl_vector.h **** 	void
 124:C:/Program Files (x86)/Arm GNU Toolchain arm-none-eabi/14.3 rel1/arm-none-eabi/include/c++/14.3.1/bits\stl_vector.h **** 	_M_swap_data(_Vector_impl_data& __x) _GLIBCXX_NOEXCEPT
 125:C:/Program Files (x86)/Arm GNU Toolchain arm-none-eabi/14.3 rel1/arm-none-eabi/include/c++/14.3.1/bits\stl_vector.h **** 	{
 126:C:/Program Files (x86)/Arm GNU Toolchain arm-none-eabi/14.3 rel1/arm-none-eabi/include/c++/14.3.1/bits\stl_vector.h **** 	  // Do not use std::swap(_M_start, __x._M_start), etc as it loses
 127:C:/Program Files (x86)/Arm GNU Toolchain arm-none-eabi/14.3 rel1/arm-none-eabi/include/c++/14.3.1/bits\stl_vector.h **** 	  // information used by TBAA.
 128:C:/Program Files (x86)/Arm GNU Toolchain arm-none-eabi/14.3 rel1/arm-none-eabi/include/c++/14.3.1/bits\stl_vector.h **** 	  _Vector_impl_data __tmp;
 129:C:/Program Files (x86)/Arm GNU Toolchain arm-none-eabi/14.3 rel1/arm-none-eabi/include/c++/14.3.1/bits\stl_vector.h **** 	  __tmp._M_copy_data(*this);
 130:C:/Program Files (x86)/Arm GNU Toolchain arm-none-eabi/14.3 rel1/arm-none-eabi/include/c++/14.3.1/bits\stl_vector.h **** 	  _M_copy_data(__x);
 131:C:/Program Files (x86)/Arm GNU Toolchain arm-none-eabi/14.3 rel1/arm-none-eabi/include/c++/14.3.1/bits\stl_vector.h **** 	  __x._M_copy_data(__tmp);
 132:C:/Program Files (x86)/Arm GNU Toolchain arm-none-eabi/14.3 rel1/arm-none-eabi/include/c++/14.3.1/bits\stl_vector.h **** 	}
 133:C:/Program Files (x86)/Arm GNU Toolchain arm-none-eabi/14.3 rel1/arm-none-eabi/include/c++/14.3.1/bits\stl_vector.h ****       };
 134:C:/Program Files (x86)/Arm GNU Toolchain arm-none-eabi/14.3 rel1/arm-none-eabi/include/c++/14.3.1/bits\stl_vector.h **** 
 135:C:/Program Files (x86)/Arm GNU Toolchain arm-none-eabi/14.3 rel1/arm-none-eabi/include/c++/14.3.1/bits\stl_vector.h ****       struct _Vector_impl
 136:C:/Program Files (x86)/Arm GNU Toolchain arm-none-eabi/14.3 rel1/arm-none-eabi/include/c++/14.3.1/bits\stl_vector.h **** 	: public _Tp_alloc_type, public _Vector_impl_data
 137:C:/Program Files (x86)/Arm GNU Toolchain arm-none-eabi/14.3 rel1/arm-none-eabi/include/c++/14.3.1/bits\stl_vector.h ****       {
 138:C:/Program Files (x86)/Arm GNU Toolchain arm-none-eabi/14.3 rel1/arm-none-eabi/include/c++/14.3.1/bits\stl_vector.h **** 	_GLIBCXX20_CONSTEXPR
 139:C:/Program Files (x86)/Arm GNU Toolchain arm-none-eabi/14.3 rel1/arm-none-eabi/include/c++/14.3.1/bits\stl_vector.h **** 	_Vector_impl() _GLIBCXX_NOEXCEPT_IF(
 140:C:/Program Files (x86)/Arm GNU Toolchain arm-none-eabi/14.3 rel1/arm-none-eabi/include/c++/14.3.1/bits\stl_vector.h **** 	    is_nothrow_default_constructible<_Tp_alloc_type>::value)
 141:C:/Program Files (x86)/Arm GNU Toolchain arm-none-eabi/14.3 rel1/arm-none-eabi/include/c++/14.3.1/bits\stl_vector.h **** #if __cpp_lib_concepts
 142:C:/Program Files (x86)/Arm GNU Toolchain arm-none-eabi/14.3 rel1/arm-none-eabi/include/c++/14.3.1/bits\stl_vector.h **** 	requires is_default_constructible_v<_Tp_alloc_type>
 143:C:/Program Files (x86)/Arm GNU Toolchain arm-none-eabi/14.3 rel1/arm-none-eabi/include/c++/14.3.1/bits\stl_vector.h **** #endif
ARM GAS  C:\Users\Oliver\AppData\Local\Temp\ccb1Hde1.s 			page 10


 144:C:/Program Files (x86)/Arm GNU Toolchain arm-none-eabi/14.3 rel1/arm-none-eabi/include/c++/14.3.1/bits\stl_vector.h **** 	: _Tp_alloc_type()
 145:C:/Program Files (x86)/Arm GNU Toolchain arm-none-eabi/14.3 rel1/arm-none-eabi/include/c++/14.3.1/bits\stl_vector.h **** 	{ }
 146:C:/Program Files (x86)/Arm GNU Toolchain arm-none-eabi/14.3 rel1/arm-none-eabi/include/c++/14.3.1/bits\stl_vector.h **** 
 147:C:/Program Files (x86)/Arm GNU Toolchain arm-none-eabi/14.3 rel1/arm-none-eabi/include/c++/14.3.1/bits\stl_vector.h **** 	_GLIBCXX20_CONSTEXPR
 148:C:/Program Files (x86)/Arm GNU Toolchain arm-none-eabi/14.3 rel1/arm-none-eabi/include/c++/14.3.1/bits\stl_vector.h **** 	_Vector_impl(_Tp_alloc_type const& __a) _GLIBCXX_NOEXCEPT
 149:C:/Program Files (x86)/Arm GNU Toolchain arm-none-eabi/14.3 rel1/arm-none-eabi/include/c++/14.3.1/bits\stl_vector.h **** 	: _Tp_alloc_type(__a)
 150:C:/Program Files (x86)/Arm GNU Toolchain arm-none-eabi/14.3 rel1/arm-none-eabi/include/c++/14.3.1/bits\stl_vector.h **** 	{ }
 151:C:/Program Files (x86)/Arm GNU Toolchain arm-none-eabi/14.3 rel1/arm-none-eabi/include/c++/14.3.1/bits\stl_vector.h **** 
 152:C:/Program Files (x86)/Arm GNU Toolchain arm-none-eabi/14.3 rel1/arm-none-eabi/include/c++/14.3.1/bits\stl_vector.h **** #if __cplusplus >= 201103L
 153:C:/Program Files (x86)/Arm GNU Toolchain arm-none-eabi/14.3 rel1/arm-none-eabi/include/c++/14.3.1/bits\stl_vector.h **** 	// Not defaulted, to enforce noexcept(true) even when
 154:C:/Program Files (x86)/Arm GNU Toolchain arm-none-eabi/14.3 rel1/arm-none-eabi/include/c++/14.3.1/bits\stl_vector.h **** 	// !is_nothrow_move_constructible<_Tp_alloc_type>.
 155:C:/Program Files (x86)/Arm GNU Toolchain arm-none-eabi/14.3 rel1/arm-none-eabi/include/c++/14.3.1/bits\stl_vector.h **** 	_GLIBCXX20_CONSTEXPR
 156:C:/Program Files (x86)/Arm GNU Toolchain arm-none-eabi/14.3 rel1/arm-none-eabi/include/c++/14.3.1/bits\stl_vector.h **** 	_Vector_impl(_Vector_impl&& __x) noexcept
 157:C:/Program Files (x86)/Arm GNU Toolchain arm-none-eabi/14.3 rel1/arm-none-eabi/include/c++/14.3.1/bits\stl_vector.h **** 	: _Tp_alloc_type(std::move(__x)), _Vector_impl_data(std::move(__x))
 158:C:/Program Files (x86)/Arm GNU Toolchain arm-none-eabi/14.3 rel1/arm-none-eabi/include/c++/14.3.1/bits\stl_vector.h **** 	{ }
 159:C:/Program Files (x86)/Arm GNU Toolchain arm-none-eabi/14.3 rel1/arm-none-eabi/include/c++/14.3.1/bits\stl_vector.h **** 
 160:C:/Program Files (x86)/Arm GNU Toolchain arm-none-eabi/14.3 rel1/arm-none-eabi/include/c++/14.3.1/bits\stl_vector.h **** 	_GLIBCXX20_CONSTEXPR
 161:C:/Program Files (x86)/Arm GNU Toolchain arm-none-eabi/14.3 rel1/arm-none-eabi/include/c++/14.3.1/bits\stl_vector.h **** 	_Vector_impl(_Tp_alloc_type&& __a) noexcept
 162:C:/Program Files (x86)/Arm GNU Toolchain arm-none-eabi/14.3 rel1/arm-none-eabi/include/c++/14.3.1/bits\stl_vector.h **** 	: _Tp_alloc_type(std::move(__a))
 163:C:/Program Files (x86)/Arm GNU Toolchain arm-none-eabi/14.3 rel1/arm-none-eabi/include/c++/14.3.1/bits\stl_vector.h **** 	{ }
 164:C:/Program Files (x86)/Arm GNU Toolchain arm-none-eabi/14.3 rel1/arm-none-eabi/include/c++/14.3.1/bits\stl_vector.h **** 
 165:C:/Program Files (x86)/Arm GNU Toolchain arm-none-eabi/14.3 rel1/arm-none-eabi/include/c++/14.3.1/bits\stl_vector.h **** 	_GLIBCXX20_CONSTEXPR
 166:C:/Program Files (x86)/Arm GNU Toolchain arm-none-eabi/14.3 rel1/arm-none-eabi/include/c++/14.3.1/bits\stl_vector.h **** 	_Vector_impl(_Tp_alloc_type&& __a, _Vector_impl&& __rv) noexcept
 167:C:/Program Files (x86)/Arm GNU Toolchain arm-none-eabi/14.3 rel1/arm-none-eabi/include/c++/14.3.1/bits\stl_vector.h **** 	: _Tp_alloc_type(std::move(__a)), _Vector_impl_data(std::move(__rv))
 168:C:/Program Files (x86)/Arm GNU Toolchain arm-none-eabi/14.3 rel1/arm-none-eabi/include/c++/14.3.1/bits\stl_vector.h **** 	{ }
 169:C:/Program Files (x86)/Arm GNU Toolchain arm-none-eabi/14.3 rel1/arm-none-eabi/include/c++/14.3.1/bits\stl_vector.h **** #endif
 170:C:/Program Files (x86)/Arm GNU Toolchain arm-none-eabi/14.3 rel1/arm-none-eabi/include/c++/14.3.1/bits\stl_vector.h **** 
 171:C:/Program Files (x86)/Arm GNU Toolchain arm-none-eabi/14.3 rel1/arm-none-eabi/include/c++/14.3.1/bits\stl_vector.h **** #if _GLIBCXX_SANITIZE_STD_ALLOCATOR && _GLIBCXX_SANITIZE_VECTOR
 172:C:/Program Files (x86)/Arm GNU Toolchain arm-none-eabi/14.3 rel1/arm-none-eabi/include/c++/14.3.1/bits\stl_vector.h **** 	template<typename = _Tp_alloc_type>
 173:C:/Program Files (x86)/Arm GNU Toolchain arm-none-eabi/14.3 rel1/arm-none-eabi/include/c++/14.3.1/bits\stl_vector.h **** 	  struct _Asan
 174:C:/Program Files (x86)/Arm GNU Toolchain arm-none-eabi/14.3 rel1/arm-none-eabi/include/c++/14.3.1/bits\stl_vector.h **** 	  {
 175:C:/Program Files (x86)/Arm GNU Toolchain arm-none-eabi/14.3 rel1/arm-none-eabi/include/c++/14.3.1/bits\stl_vector.h **** 	    typedef typename __gnu_cxx::__alloc_traits<_Tp_alloc_type>
 176:C:/Program Files (x86)/Arm GNU Toolchain arm-none-eabi/14.3 rel1/arm-none-eabi/include/c++/14.3.1/bits\stl_vector.h **** 	      ::size_type size_type;
 177:C:/Program Files (x86)/Arm GNU Toolchain arm-none-eabi/14.3 rel1/arm-none-eabi/include/c++/14.3.1/bits\stl_vector.h **** 
 178:C:/Program Files (x86)/Arm GNU Toolchain arm-none-eabi/14.3 rel1/arm-none-eabi/include/c++/14.3.1/bits\stl_vector.h **** 	    static _GLIBCXX20_CONSTEXPR void
 179:C:/Program Files (x86)/Arm GNU Toolchain arm-none-eabi/14.3 rel1/arm-none-eabi/include/c++/14.3.1/bits\stl_vector.h **** 	    _S_shrink(_Vector_impl&, size_type) { }
 180:C:/Program Files (x86)/Arm GNU Toolchain arm-none-eabi/14.3 rel1/arm-none-eabi/include/c++/14.3.1/bits\stl_vector.h **** 	    static _GLIBCXX20_CONSTEXPR void
 181:C:/Program Files (x86)/Arm GNU Toolchain arm-none-eabi/14.3 rel1/arm-none-eabi/include/c++/14.3.1/bits\stl_vector.h **** 	    _S_on_dealloc(_Vector_impl&) { }
 182:C:/Program Files (x86)/Arm GNU Toolchain arm-none-eabi/14.3 rel1/arm-none-eabi/include/c++/14.3.1/bits\stl_vector.h **** 
 183:C:/Program Files (x86)/Arm GNU Toolchain arm-none-eabi/14.3 rel1/arm-none-eabi/include/c++/14.3.1/bits\stl_vector.h **** 	    typedef _Vector_impl& _Reinit;
 184:C:/Program Files (x86)/Arm GNU Toolchain arm-none-eabi/14.3 rel1/arm-none-eabi/include/c++/14.3.1/bits\stl_vector.h **** 
 185:C:/Program Files (x86)/Arm GNU Toolchain arm-none-eabi/14.3 rel1/arm-none-eabi/include/c++/14.3.1/bits\stl_vector.h **** 	    struct _Grow
 186:C:/Program Files (x86)/Arm GNU Toolchain arm-none-eabi/14.3 rel1/arm-none-eabi/include/c++/14.3.1/bits\stl_vector.h **** 	    {
 187:C:/Program Files (x86)/Arm GNU Toolchain arm-none-eabi/14.3 rel1/arm-none-eabi/include/c++/14.3.1/bits\stl_vector.h **** 	      _GLIBCXX20_CONSTEXPR _Grow(_Vector_impl&, size_type) { }
 188:C:/Program Files (x86)/Arm GNU Toolchain arm-none-eabi/14.3 rel1/arm-none-eabi/include/c++/14.3.1/bits\stl_vector.h **** 	      _GLIBCXX20_CONSTEXPR void _M_grew(size_type) { }
 189:C:/Program Files (x86)/Arm GNU Toolchain arm-none-eabi/14.3 rel1/arm-none-eabi/include/c++/14.3.1/bits\stl_vector.h **** 	    };
 190:C:/Program Files (x86)/Arm GNU Toolchain arm-none-eabi/14.3 rel1/arm-none-eabi/include/c++/14.3.1/bits\stl_vector.h **** 	  };
 191:C:/Program Files (x86)/Arm GNU Toolchain arm-none-eabi/14.3 rel1/arm-none-eabi/include/c++/14.3.1/bits\stl_vector.h **** 
 192:C:/Program Files (x86)/Arm GNU Toolchain arm-none-eabi/14.3 rel1/arm-none-eabi/include/c++/14.3.1/bits\stl_vector.h **** 	// Enable ASan annotations for memory obtained from std::allocator.
 193:C:/Program Files (x86)/Arm GNU Toolchain arm-none-eabi/14.3 rel1/arm-none-eabi/include/c++/14.3.1/bits\stl_vector.h **** 	template<typename _Up>
 194:C:/Program Files (x86)/Arm GNU Toolchain arm-none-eabi/14.3 rel1/arm-none-eabi/include/c++/14.3.1/bits\stl_vector.h **** 	  struct _Asan<allocator<_Up> >
 195:C:/Program Files (x86)/Arm GNU Toolchain arm-none-eabi/14.3 rel1/arm-none-eabi/include/c++/14.3.1/bits\stl_vector.h **** 	  {
 196:C:/Program Files (x86)/Arm GNU Toolchain arm-none-eabi/14.3 rel1/arm-none-eabi/include/c++/14.3.1/bits\stl_vector.h **** 	    typedef typename __gnu_cxx::__alloc_traits<_Tp_alloc_type>
 197:C:/Program Files (x86)/Arm GNU Toolchain arm-none-eabi/14.3 rel1/arm-none-eabi/include/c++/14.3.1/bits\stl_vector.h **** 	      ::size_type size_type;
 198:C:/Program Files (x86)/Arm GNU Toolchain arm-none-eabi/14.3 rel1/arm-none-eabi/include/c++/14.3.1/bits\stl_vector.h **** 
 199:C:/Program Files (x86)/Arm GNU Toolchain arm-none-eabi/14.3 rel1/arm-none-eabi/include/c++/14.3.1/bits\stl_vector.h **** 	    // Adjust ASan annotation for [_M_start, _M_end_of_storage) to
 200:C:/Program Files (x86)/Arm GNU Toolchain arm-none-eabi/14.3 rel1/arm-none-eabi/include/c++/14.3.1/bits\stl_vector.h **** 	    // mark end of valid region as __curr instead of __prev.
ARM GAS  C:\Users\Oliver\AppData\Local\Temp\ccb1Hde1.s 			page 11


 201:C:/Program Files (x86)/Arm GNU Toolchain arm-none-eabi/14.3 rel1/arm-none-eabi/include/c++/14.3.1/bits\stl_vector.h **** 	    static _GLIBCXX20_CONSTEXPR void
 202:C:/Program Files (x86)/Arm GNU Toolchain arm-none-eabi/14.3 rel1/arm-none-eabi/include/c++/14.3.1/bits\stl_vector.h **** 	    _S_adjust(_Vector_impl& __impl, pointer __prev, pointer __curr)
 203:C:/Program Files (x86)/Arm GNU Toolchain arm-none-eabi/14.3 rel1/arm-none-eabi/include/c++/14.3.1/bits\stl_vector.h **** 	    {
 204:C:/Program Files (x86)/Arm GNU Toolchain arm-none-eabi/14.3 rel1/arm-none-eabi/include/c++/14.3.1/bits\stl_vector.h **** #if __cpp_lib_is_constant_evaluated
 205:C:/Program Files (x86)/Arm GNU Toolchain arm-none-eabi/14.3 rel1/arm-none-eabi/include/c++/14.3.1/bits\stl_vector.h **** 	      if (std::is_constant_evaluated())
 206:C:/Program Files (x86)/Arm GNU Toolchain arm-none-eabi/14.3 rel1/arm-none-eabi/include/c++/14.3.1/bits\stl_vector.h **** 		return;
 207:C:/Program Files (x86)/Arm GNU Toolchain arm-none-eabi/14.3 rel1/arm-none-eabi/include/c++/14.3.1/bits\stl_vector.h **** #endif
 208:C:/Program Files (x86)/Arm GNU Toolchain arm-none-eabi/14.3 rel1/arm-none-eabi/include/c++/14.3.1/bits\stl_vector.h **** 	      __sanitizer_annotate_contiguous_container(__impl._M_start,
 209:C:/Program Files (x86)/Arm GNU Toolchain arm-none-eabi/14.3 rel1/arm-none-eabi/include/c++/14.3.1/bits\stl_vector.h **** 		  __impl._M_end_of_storage, __prev, __curr);
 210:C:/Program Files (x86)/Arm GNU Toolchain arm-none-eabi/14.3 rel1/arm-none-eabi/include/c++/14.3.1/bits\stl_vector.h **** 	    }
 211:C:/Program Files (x86)/Arm GNU Toolchain arm-none-eabi/14.3 rel1/arm-none-eabi/include/c++/14.3.1/bits\stl_vector.h **** 
 212:C:/Program Files (x86)/Arm GNU Toolchain arm-none-eabi/14.3 rel1/arm-none-eabi/include/c++/14.3.1/bits\stl_vector.h **** 	    static _GLIBCXX20_CONSTEXPR void
 213:C:/Program Files (x86)/Arm GNU Toolchain arm-none-eabi/14.3 rel1/arm-none-eabi/include/c++/14.3.1/bits\stl_vector.h **** 	    _S_grow(_Vector_impl& __impl, size_type __n)
 214:C:/Program Files (x86)/Arm GNU Toolchain arm-none-eabi/14.3 rel1/arm-none-eabi/include/c++/14.3.1/bits\stl_vector.h **** 	    { _S_adjust(__impl, __impl._M_finish, __impl._M_finish + __n); }
 215:C:/Program Files (x86)/Arm GNU Toolchain arm-none-eabi/14.3 rel1/arm-none-eabi/include/c++/14.3.1/bits\stl_vector.h **** 
 216:C:/Program Files (x86)/Arm GNU Toolchain arm-none-eabi/14.3 rel1/arm-none-eabi/include/c++/14.3.1/bits\stl_vector.h **** 	    static _GLIBCXX20_CONSTEXPR void
 217:C:/Program Files (x86)/Arm GNU Toolchain arm-none-eabi/14.3 rel1/arm-none-eabi/include/c++/14.3.1/bits\stl_vector.h **** 	    _S_shrink(_Vector_impl& __impl, size_type __n)
 218:C:/Program Files (x86)/Arm GNU Toolchain arm-none-eabi/14.3 rel1/arm-none-eabi/include/c++/14.3.1/bits\stl_vector.h **** 	    { _S_adjust(__impl, __impl._M_finish + __n, __impl._M_finish); }
 219:C:/Program Files (x86)/Arm GNU Toolchain arm-none-eabi/14.3 rel1/arm-none-eabi/include/c++/14.3.1/bits\stl_vector.h **** 
 220:C:/Program Files (x86)/Arm GNU Toolchain arm-none-eabi/14.3 rel1/arm-none-eabi/include/c++/14.3.1/bits\stl_vector.h **** 	    static _GLIBCXX20_CONSTEXPR void
 221:C:/Program Files (x86)/Arm GNU Toolchain arm-none-eabi/14.3 rel1/arm-none-eabi/include/c++/14.3.1/bits\stl_vector.h **** 	    _S_on_dealloc(_Vector_impl& __impl)
 222:C:/Program Files (x86)/Arm GNU Toolchain arm-none-eabi/14.3 rel1/arm-none-eabi/include/c++/14.3.1/bits\stl_vector.h **** 	    {
 223:C:/Program Files (x86)/Arm GNU Toolchain arm-none-eabi/14.3 rel1/arm-none-eabi/include/c++/14.3.1/bits\stl_vector.h **** 	      if (__impl._M_start)
 224:C:/Program Files (x86)/Arm GNU Toolchain arm-none-eabi/14.3 rel1/arm-none-eabi/include/c++/14.3.1/bits\stl_vector.h **** 		_S_adjust(__impl, __impl._M_finish, __impl._M_end_of_storage);
 225:C:/Program Files (x86)/Arm GNU Toolchain arm-none-eabi/14.3 rel1/arm-none-eabi/include/c++/14.3.1/bits\stl_vector.h **** 	    }
 226:C:/Program Files (x86)/Arm GNU Toolchain arm-none-eabi/14.3 rel1/arm-none-eabi/include/c++/14.3.1/bits\stl_vector.h **** 
 227:C:/Program Files (x86)/Arm GNU Toolchain arm-none-eabi/14.3 rel1/arm-none-eabi/include/c++/14.3.1/bits\stl_vector.h **** 	    // Used on reallocation to tell ASan unused capacity is invalid.
 228:C:/Program Files (x86)/Arm GNU Toolchain arm-none-eabi/14.3 rel1/arm-none-eabi/include/c++/14.3.1/bits\stl_vector.h **** 	    struct _Reinit
 229:C:/Program Files (x86)/Arm GNU Toolchain arm-none-eabi/14.3 rel1/arm-none-eabi/include/c++/14.3.1/bits\stl_vector.h **** 	    {
 230:C:/Program Files (x86)/Arm GNU Toolchain arm-none-eabi/14.3 rel1/arm-none-eabi/include/c++/14.3.1/bits\stl_vector.h **** 	      explicit _GLIBCXX20_CONSTEXPR
 231:C:/Program Files (x86)/Arm GNU Toolchain arm-none-eabi/14.3 rel1/arm-none-eabi/include/c++/14.3.1/bits\stl_vector.h **** 	      _Reinit(_Vector_impl& __impl) : _M_impl(__impl)
 232:C:/Program Files (x86)/Arm GNU Toolchain arm-none-eabi/14.3 rel1/arm-none-eabi/include/c++/14.3.1/bits\stl_vector.h **** 	      {
 233:C:/Program Files (x86)/Arm GNU Toolchain arm-none-eabi/14.3 rel1/arm-none-eabi/include/c++/14.3.1/bits\stl_vector.h **** 		// Mark unused capacity as valid again before deallocating it.
 234:C:/Program Files (x86)/Arm GNU Toolchain arm-none-eabi/14.3 rel1/arm-none-eabi/include/c++/14.3.1/bits\stl_vector.h **** 		_S_on_dealloc(_M_impl);
 235:C:/Program Files (x86)/Arm GNU Toolchain arm-none-eabi/14.3 rel1/arm-none-eabi/include/c++/14.3.1/bits\stl_vector.h **** 	      }
 236:C:/Program Files (x86)/Arm GNU Toolchain arm-none-eabi/14.3 rel1/arm-none-eabi/include/c++/14.3.1/bits\stl_vector.h **** 
 237:C:/Program Files (x86)/Arm GNU Toolchain arm-none-eabi/14.3 rel1/arm-none-eabi/include/c++/14.3.1/bits\stl_vector.h **** 	      _GLIBCXX20_CONSTEXPR
 238:C:/Program Files (x86)/Arm GNU Toolchain arm-none-eabi/14.3 rel1/arm-none-eabi/include/c++/14.3.1/bits\stl_vector.h **** 	      ~_Reinit()
 239:C:/Program Files (x86)/Arm GNU Toolchain arm-none-eabi/14.3 rel1/arm-none-eabi/include/c++/14.3.1/bits\stl_vector.h **** 	      {
 240:C:/Program Files (x86)/Arm GNU Toolchain arm-none-eabi/14.3 rel1/arm-none-eabi/include/c++/14.3.1/bits\stl_vector.h **** 		// Mark unused capacity as invalid after reallocation.
 241:C:/Program Files (x86)/Arm GNU Toolchain arm-none-eabi/14.3 rel1/arm-none-eabi/include/c++/14.3.1/bits\stl_vector.h **** 		if (_M_impl._M_start)
 242:C:/Program Files (x86)/Arm GNU Toolchain arm-none-eabi/14.3 rel1/arm-none-eabi/include/c++/14.3.1/bits\stl_vector.h **** 		  _S_adjust(_M_impl, _M_impl._M_end_of_storage,
 243:C:/Program Files (x86)/Arm GNU Toolchain arm-none-eabi/14.3 rel1/arm-none-eabi/include/c++/14.3.1/bits\stl_vector.h **** 			    _M_impl._M_finish);
 244:C:/Program Files (x86)/Arm GNU Toolchain arm-none-eabi/14.3 rel1/arm-none-eabi/include/c++/14.3.1/bits\stl_vector.h **** 	      }
 245:C:/Program Files (x86)/Arm GNU Toolchain arm-none-eabi/14.3 rel1/arm-none-eabi/include/c++/14.3.1/bits\stl_vector.h **** 
 246:C:/Program Files (x86)/Arm GNU Toolchain arm-none-eabi/14.3 rel1/arm-none-eabi/include/c++/14.3.1/bits\stl_vector.h **** 	      _Vector_impl& _M_impl;
 247:C:/Program Files (x86)/Arm GNU Toolchain arm-none-eabi/14.3 rel1/arm-none-eabi/include/c++/14.3.1/bits\stl_vector.h **** 
 248:C:/Program Files (x86)/Arm GNU Toolchain arm-none-eabi/14.3 rel1/arm-none-eabi/include/c++/14.3.1/bits\stl_vector.h **** #if __cplusplus >= 201103L
 249:C:/Program Files (x86)/Arm GNU Toolchain arm-none-eabi/14.3 rel1/arm-none-eabi/include/c++/14.3.1/bits\stl_vector.h **** 	      _Reinit(const _Reinit&) = delete;
 250:C:/Program Files (x86)/Arm GNU Toolchain arm-none-eabi/14.3 rel1/arm-none-eabi/include/c++/14.3.1/bits\stl_vector.h **** 	      _Reinit& operator=(const _Reinit&) = delete;
 251:C:/Program Files (x86)/Arm GNU Toolchain arm-none-eabi/14.3 rel1/arm-none-eabi/include/c++/14.3.1/bits\stl_vector.h **** #endif
 252:C:/Program Files (x86)/Arm GNU Toolchain arm-none-eabi/14.3 rel1/arm-none-eabi/include/c++/14.3.1/bits\stl_vector.h **** 	    };
 253:C:/Program Files (x86)/Arm GNU Toolchain arm-none-eabi/14.3 rel1/arm-none-eabi/include/c++/14.3.1/bits\stl_vector.h **** 
 254:C:/Program Files (x86)/Arm GNU Toolchain arm-none-eabi/14.3 rel1/arm-none-eabi/include/c++/14.3.1/bits\stl_vector.h **** 	    // Tell ASan when unused capacity is initialized to be valid.
 255:C:/Program Files (x86)/Arm GNU Toolchain arm-none-eabi/14.3 rel1/arm-none-eabi/include/c++/14.3.1/bits\stl_vector.h **** 	    struct _Grow
 256:C:/Program Files (x86)/Arm GNU Toolchain arm-none-eabi/14.3 rel1/arm-none-eabi/include/c++/14.3.1/bits\stl_vector.h **** 	    {
 257:C:/Program Files (x86)/Arm GNU Toolchain arm-none-eabi/14.3 rel1/arm-none-eabi/include/c++/14.3.1/bits\stl_vector.h **** 	      _GLIBCXX20_CONSTEXPR
ARM GAS  C:\Users\Oliver\AppData\Local\Temp\ccb1Hde1.s 			page 12


 258:C:/Program Files (x86)/Arm GNU Toolchain arm-none-eabi/14.3 rel1/arm-none-eabi/include/c++/14.3.1/bits\stl_vector.h **** 	      _Grow(_Vector_impl& __impl, size_type __n)
 259:C:/Program Files (x86)/Arm GNU Toolchain arm-none-eabi/14.3 rel1/arm-none-eabi/include/c++/14.3.1/bits\stl_vector.h **** 	      : _M_impl(__impl), _M_n(__n)
 260:C:/Program Files (x86)/Arm GNU Toolchain arm-none-eabi/14.3 rel1/arm-none-eabi/include/c++/14.3.1/bits\stl_vector.h **** 	      { _S_grow(_M_impl, __n); }
 261:C:/Program Files (x86)/Arm GNU Toolchain arm-none-eabi/14.3 rel1/arm-none-eabi/include/c++/14.3.1/bits\stl_vector.h **** 
 262:C:/Program Files (x86)/Arm GNU Toolchain arm-none-eabi/14.3 rel1/arm-none-eabi/include/c++/14.3.1/bits\stl_vector.h **** 	      _GLIBCXX20_CONSTEXPR
 263:C:/Program Files (x86)/Arm GNU Toolchain arm-none-eabi/14.3 rel1/arm-none-eabi/include/c++/14.3.1/bits\stl_vector.h **** 	      ~_Grow() { if (_M_n) _S_shrink(_M_impl, _M_n); }
 264:C:/Program Files (x86)/Arm GNU Toolchain arm-none-eabi/14.3 rel1/arm-none-eabi/include/c++/14.3.1/bits\stl_vector.h **** 
 265:C:/Program Files (x86)/Arm GNU Toolchain arm-none-eabi/14.3 rel1/arm-none-eabi/include/c++/14.3.1/bits\stl_vector.h **** 	      _GLIBCXX20_CONSTEXPR
 266:C:/Program Files (x86)/Arm GNU Toolchain arm-none-eabi/14.3 rel1/arm-none-eabi/include/c++/14.3.1/bits\stl_vector.h **** 	      void _M_grew(size_type __n) { _M_n -= __n; }
 267:C:/Program Files (x86)/Arm GNU Toolchain arm-none-eabi/14.3 rel1/arm-none-eabi/include/c++/14.3.1/bits\stl_vector.h **** 
 268:C:/Program Files (x86)/Arm GNU Toolchain arm-none-eabi/14.3 rel1/arm-none-eabi/include/c++/14.3.1/bits\stl_vector.h **** #if __cplusplus >= 201103L
 269:C:/Program Files (x86)/Arm GNU Toolchain arm-none-eabi/14.3 rel1/arm-none-eabi/include/c++/14.3.1/bits\stl_vector.h **** 	      _Grow(const _Grow&) = delete;
 270:C:/Program Files (x86)/Arm GNU Toolchain arm-none-eabi/14.3 rel1/arm-none-eabi/include/c++/14.3.1/bits\stl_vector.h **** 	      _Grow& operator=(const _Grow&) = delete;
 271:C:/Program Files (x86)/Arm GNU Toolchain arm-none-eabi/14.3 rel1/arm-none-eabi/include/c++/14.3.1/bits\stl_vector.h **** #endif
 272:C:/Program Files (x86)/Arm GNU Toolchain arm-none-eabi/14.3 rel1/arm-none-eabi/include/c++/14.3.1/bits\stl_vector.h **** 	    private:
 273:C:/Program Files (x86)/Arm GNU Toolchain arm-none-eabi/14.3 rel1/arm-none-eabi/include/c++/14.3.1/bits\stl_vector.h **** 	      _Vector_impl& _M_impl;
 274:C:/Program Files (x86)/Arm GNU Toolchain arm-none-eabi/14.3 rel1/arm-none-eabi/include/c++/14.3.1/bits\stl_vector.h **** 	      size_type _M_n;
 275:C:/Program Files (x86)/Arm GNU Toolchain arm-none-eabi/14.3 rel1/arm-none-eabi/include/c++/14.3.1/bits\stl_vector.h **** 	    };
 276:C:/Program Files (x86)/Arm GNU Toolchain arm-none-eabi/14.3 rel1/arm-none-eabi/include/c++/14.3.1/bits\stl_vector.h **** 	  };
 277:C:/Program Files (x86)/Arm GNU Toolchain arm-none-eabi/14.3 rel1/arm-none-eabi/include/c++/14.3.1/bits\stl_vector.h **** 
 278:C:/Program Files (x86)/Arm GNU Toolchain arm-none-eabi/14.3 rel1/arm-none-eabi/include/c++/14.3.1/bits\stl_vector.h **** #define _GLIBCXX_ASAN_ANNOTATE_REINIT \
 279:C:/Program Files (x86)/Arm GNU Toolchain arm-none-eabi/14.3 rel1/arm-none-eabi/include/c++/14.3.1/bits\stl_vector.h ****   typename _Base::_Vector_impl::template _Asan<>::_Reinit const \
 280:C:/Program Files (x86)/Arm GNU Toolchain arm-none-eabi/14.3 rel1/arm-none-eabi/include/c++/14.3.1/bits\stl_vector.h **** 	__attribute__((__unused__)) __reinit_guard(this->_M_impl)
 281:C:/Program Files (x86)/Arm GNU Toolchain arm-none-eabi/14.3 rel1/arm-none-eabi/include/c++/14.3.1/bits\stl_vector.h **** #define _GLIBCXX_ASAN_ANNOTATE_GROW(n) \
 282:C:/Program Files (x86)/Arm GNU Toolchain arm-none-eabi/14.3 rel1/arm-none-eabi/include/c++/14.3.1/bits\stl_vector.h ****   typename _Base::_Vector_impl::template _Asan<>::_Grow \
 283:C:/Program Files (x86)/Arm GNU Toolchain arm-none-eabi/14.3 rel1/arm-none-eabi/include/c++/14.3.1/bits\stl_vector.h **** 	__attribute__((__unused__)) __grow_guard(this->_M_impl, (n))
 284:C:/Program Files (x86)/Arm GNU Toolchain arm-none-eabi/14.3 rel1/arm-none-eabi/include/c++/14.3.1/bits\stl_vector.h **** #define _GLIBCXX_ASAN_ANNOTATE_GREW(n) __grow_guard._M_grew(n)
 285:C:/Program Files (x86)/Arm GNU Toolchain arm-none-eabi/14.3 rel1/arm-none-eabi/include/c++/14.3.1/bits\stl_vector.h **** #define _GLIBCXX_ASAN_ANNOTATE_SHRINK(n) \
 286:C:/Program Files (x86)/Arm GNU Toolchain arm-none-eabi/14.3 rel1/arm-none-eabi/include/c++/14.3.1/bits\stl_vector.h ****   _Base::_Vector_impl::template _Asan<>::_S_shrink(this->_M_impl, n)
 287:C:/Program Files (x86)/Arm GNU Toolchain arm-none-eabi/14.3 rel1/arm-none-eabi/include/c++/14.3.1/bits\stl_vector.h **** #define _GLIBCXX_ASAN_ANNOTATE_BEFORE_DEALLOC \
 288:C:/Program Files (x86)/Arm GNU Toolchain arm-none-eabi/14.3 rel1/arm-none-eabi/include/c++/14.3.1/bits\stl_vector.h ****   _Base::_Vector_impl::template _Asan<>::_S_on_dealloc(this->_M_impl)
 289:C:/Program Files (x86)/Arm GNU Toolchain arm-none-eabi/14.3 rel1/arm-none-eabi/include/c++/14.3.1/bits\stl_vector.h **** #else // ! (_GLIBCXX_SANITIZE_STD_ALLOCATOR && _GLIBCXX_SANITIZE_VECTOR)
 290:C:/Program Files (x86)/Arm GNU Toolchain arm-none-eabi/14.3 rel1/arm-none-eabi/include/c++/14.3.1/bits\stl_vector.h **** #define _GLIBCXX_ASAN_ANNOTATE_REINIT
 291:C:/Program Files (x86)/Arm GNU Toolchain arm-none-eabi/14.3 rel1/arm-none-eabi/include/c++/14.3.1/bits\stl_vector.h **** #define _GLIBCXX_ASAN_ANNOTATE_GROW(n)
 292:C:/Program Files (x86)/Arm GNU Toolchain arm-none-eabi/14.3 rel1/arm-none-eabi/include/c++/14.3.1/bits\stl_vector.h **** #define _GLIBCXX_ASAN_ANNOTATE_GREW(n)
 293:C:/Program Files (x86)/Arm GNU Toolchain arm-none-eabi/14.3 rel1/arm-none-eabi/include/c++/14.3.1/bits\stl_vector.h **** #define _GLIBCXX_ASAN_ANNOTATE_SHRINK(n)
 294:C:/Program Files (x86)/Arm GNU Toolchain arm-none-eabi/14.3 rel1/arm-none-eabi/include/c++/14.3.1/bits\stl_vector.h **** #define _GLIBCXX_ASAN_ANNOTATE_BEFORE_DEALLOC
 295:C:/Program Files (x86)/Arm GNU Toolchain arm-none-eabi/14.3 rel1/arm-none-eabi/include/c++/14.3.1/bits\stl_vector.h **** #endif // _GLIBCXX_SANITIZE_STD_ALLOCATOR && _GLIBCXX_SANITIZE_VECTOR
 296:C:/Program Files (x86)/Arm GNU Toolchain arm-none-eabi/14.3 rel1/arm-none-eabi/include/c++/14.3.1/bits\stl_vector.h ****       };
 297:C:/Program Files (x86)/Arm GNU Toolchain arm-none-eabi/14.3 rel1/arm-none-eabi/include/c++/14.3.1/bits\stl_vector.h **** 
 298:C:/Program Files (x86)/Arm GNU Toolchain arm-none-eabi/14.3 rel1/arm-none-eabi/include/c++/14.3.1/bits\stl_vector.h ****     public:
 299:C:/Program Files (x86)/Arm GNU Toolchain arm-none-eabi/14.3 rel1/arm-none-eabi/include/c++/14.3.1/bits\stl_vector.h ****       typedef _Alloc allocator_type;
 300:C:/Program Files (x86)/Arm GNU Toolchain arm-none-eabi/14.3 rel1/arm-none-eabi/include/c++/14.3.1/bits\stl_vector.h **** 
 301:C:/Program Files (x86)/Arm GNU Toolchain arm-none-eabi/14.3 rel1/arm-none-eabi/include/c++/14.3.1/bits\stl_vector.h ****       _GLIBCXX20_CONSTEXPR
 302:C:/Program Files (x86)/Arm GNU Toolchain arm-none-eabi/14.3 rel1/arm-none-eabi/include/c++/14.3.1/bits\stl_vector.h ****       _Tp_alloc_type&
 303:C:/Program Files (x86)/Arm GNU Toolchain arm-none-eabi/14.3 rel1/arm-none-eabi/include/c++/14.3.1/bits\stl_vector.h ****       _M_get_Tp_allocator() _GLIBCXX_NOEXCEPT
 304:C:/Program Files (x86)/Arm GNU Toolchain arm-none-eabi/14.3 rel1/arm-none-eabi/include/c++/14.3.1/bits\stl_vector.h ****       { return this->_M_impl; }
 305:C:/Program Files (x86)/Arm GNU Toolchain arm-none-eabi/14.3 rel1/arm-none-eabi/include/c++/14.3.1/bits\stl_vector.h **** 
 306:C:/Program Files (x86)/Arm GNU Toolchain arm-none-eabi/14.3 rel1/arm-none-eabi/include/c++/14.3.1/bits\stl_vector.h ****       _GLIBCXX20_CONSTEXPR
 307:C:/Program Files (x86)/Arm GNU Toolchain arm-none-eabi/14.3 rel1/arm-none-eabi/include/c++/14.3.1/bits\stl_vector.h ****       const _Tp_alloc_type&
 308:C:/Program Files (x86)/Arm GNU Toolchain arm-none-eabi/14.3 rel1/arm-none-eabi/include/c++/14.3.1/bits\stl_vector.h ****       _M_get_Tp_allocator() const _GLIBCXX_NOEXCEPT
 309:C:/Program Files (x86)/Arm GNU Toolchain arm-none-eabi/14.3 rel1/arm-none-eabi/include/c++/14.3.1/bits\stl_vector.h ****       { return this->_M_impl; }
 310:C:/Program Files (x86)/Arm GNU Toolchain arm-none-eabi/14.3 rel1/arm-none-eabi/include/c++/14.3.1/bits\stl_vector.h **** 
 311:C:/Program Files (x86)/Arm GNU Toolchain arm-none-eabi/14.3 rel1/arm-none-eabi/include/c++/14.3.1/bits\stl_vector.h ****       _GLIBCXX20_CONSTEXPR
 312:C:/Program Files (x86)/Arm GNU Toolchain arm-none-eabi/14.3 rel1/arm-none-eabi/include/c++/14.3.1/bits\stl_vector.h ****       allocator_type
 313:C:/Program Files (x86)/Arm GNU Toolchain arm-none-eabi/14.3 rel1/arm-none-eabi/include/c++/14.3.1/bits\stl_vector.h ****       get_allocator() const _GLIBCXX_NOEXCEPT
 314:C:/Program Files (x86)/Arm GNU Toolchain arm-none-eabi/14.3 rel1/arm-none-eabi/include/c++/14.3.1/bits\stl_vector.h ****       { return allocator_type(_M_get_Tp_allocator()); }
ARM GAS  C:\Users\Oliver\AppData\Local\Temp\ccb1Hde1.s 			page 13


 315:C:/Program Files (x86)/Arm GNU Toolchain arm-none-eabi/14.3 rel1/arm-none-eabi/include/c++/14.3.1/bits\stl_vector.h **** 
 316:C:/Program Files (x86)/Arm GNU Toolchain arm-none-eabi/14.3 rel1/arm-none-eabi/include/c++/14.3.1/bits\stl_vector.h **** #if __cplusplus >= 201103L
 317:C:/Program Files (x86)/Arm GNU Toolchain arm-none-eabi/14.3 rel1/arm-none-eabi/include/c++/14.3.1/bits\stl_vector.h ****       _Vector_base() = default;
 318:C:/Program Files (x86)/Arm GNU Toolchain arm-none-eabi/14.3 rel1/arm-none-eabi/include/c++/14.3.1/bits\stl_vector.h **** #else
 319:C:/Program Files (x86)/Arm GNU Toolchain arm-none-eabi/14.3 rel1/arm-none-eabi/include/c++/14.3.1/bits\stl_vector.h ****       _Vector_base() { }
 320:C:/Program Files (x86)/Arm GNU Toolchain arm-none-eabi/14.3 rel1/arm-none-eabi/include/c++/14.3.1/bits\stl_vector.h **** #endif
 321:C:/Program Files (x86)/Arm GNU Toolchain arm-none-eabi/14.3 rel1/arm-none-eabi/include/c++/14.3.1/bits\stl_vector.h **** 
 322:C:/Program Files (x86)/Arm GNU Toolchain arm-none-eabi/14.3 rel1/arm-none-eabi/include/c++/14.3.1/bits\stl_vector.h ****       _GLIBCXX20_CONSTEXPR
 323:C:/Program Files (x86)/Arm GNU Toolchain arm-none-eabi/14.3 rel1/arm-none-eabi/include/c++/14.3.1/bits\stl_vector.h ****       _Vector_base(const allocator_type& __a) _GLIBCXX_NOEXCEPT
 324:C:/Program Files (x86)/Arm GNU Toolchain arm-none-eabi/14.3 rel1/arm-none-eabi/include/c++/14.3.1/bits\stl_vector.h ****       : _M_impl(__a) { }
 325:C:/Program Files (x86)/Arm GNU Toolchain arm-none-eabi/14.3 rel1/arm-none-eabi/include/c++/14.3.1/bits\stl_vector.h **** 
 326:C:/Program Files (x86)/Arm GNU Toolchain arm-none-eabi/14.3 rel1/arm-none-eabi/include/c++/14.3.1/bits\stl_vector.h ****       // Kept for ABI compatibility.
 327:C:/Program Files (x86)/Arm GNU Toolchain arm-none-eabi/14.3 rel1/arm-none-eabi/include/c++/14.3.1/bits\stl_vector.h **** #if !_GLIBCXX_INLINE_VERSION
 328:C:/Program Files (x86)/Arm GNU Toolchain arm-none-eabi/14.3 rel1/arm-none-eabi/include/c++/14.3.1/bits\stl_vector.h ****       _GLIBCXX20_CONSTEXPR
 329:C:/Program Files (x86)/Arm GNU Toolchain arm-none-eabi/14.3 rel1/arm-none-eabi/include/c++/14.3.1/bits\stl_vector.h ****       _Vector_base(size_t __n)
 330:C:/Program Files (x86)/Arm GNU Toolchain arm-none-eabi/14.3 rel1/arm-none-eabi/include/c++/14.3.1/bits\stl_vector.h ****       : _M_impl()
 331:C:/Program Files (x86)/Arm GNU Toolchain arm-none-eabi/14.3 rel1/arm-none-eabi/include/c++/14.3.1/bits\stl_vector.h ****       { _M_create_storage(__n); }
 332:C:/Program Files (x86)/Arm GNU Toolchain arm-none-eabi/14.3 rel1/arm-none-eabi/include/c++/14.3.1/bits\stl_vector.h **** #endif
 333:C:/Program Files (x86)/Arm GNU Toolchain arm-none-eabi/14.3 rel1/arm-none-eabi/include/c++/14.3.1/bits\stl_vector.h **** 
 334:C:/Program Files (x86)/Arm GNU Toolchain arm-none-eabi/14.3 rel1/arm-none-eabi/include/c++/14.3.1/bits\stl_vector.h ****       _GLIBCXX20_CONSTEXPR
 335:C:/Program Files (x86)/Arm GNU Toolchain arm-none-eabi/14.3 rel1/arm-none-eabi/include/c++/14.3.1/bits\stl_vector.h ****       _Vector_base(size_t __n, const allocator_type& __a)
 336:C:/Program Files (x86)/Arm GNU Toolchain arm-none-eabi/14.3 rel1/arm-none-eabi/include/c++/14.3.1/bits\stl_vector.h ****       : _M_impl(__a)
 337:C:/Program Files (x86)/Arm GNU Toolchain arm-none-eabi/14.3 rel1/arm-none-eabi/include/c++/14.3.1/bits\stl_vector.h ****       { _M_create_storage(__n); }
 338:C:/Program Files (x86)/Arm GNU Toolchain arm-none-eabi/14.3 rel1/arm-none-eabi/include/c++/14.3.1/bits\stl_vector.h **** 
 339:C:/Program Files (x86)/Arm GNU Toolchain arm-none-eabi/14.3 rel1/arm-none-eabi/include/c++/14.3.1/bits\stl_vector.h **** #if __cplusplus >= 201103L
 340:C:/Program Files (x86)/Arm GNU Toolchain arm-none-eabi/14.3 rel1/arm-none-eabi/include/c++/14.3.1/bits\stl_vector.h ****       _Vector_base(_Vector_base&&) = default;
 341:C:/Program Files (x86)/Arm GNU Toolchain arm-none-eabi/14.3 rel1/arm-none-eabi/include/c++/14.3.1/bits\stl_vector.h **** 
 342:C:/Program Files (x86)/Arm GNU Toolchain arm-none-eabi/14.3 rel1/arm-none-eabi/include/c++/14.3.1/bits\stl_vector.h ****       // Kept for ABI compatibility.
 343:C:/Program Files (x86)/Arm GNU Toolchain arm-none-eabi/14.3 rel1/arm-none-eabi/include/c++/14.3.1/bits\stl_vector.h **** # if !_GLIBCXX_INLINE_VERSION
 344:C:/Program Files (x86)/Arm GNU Toolchain arm-none-eabi/14.3 rel1/arm-none-eabi/include/c++/14.3.1/bits\stl_vector.h ****       _GLIBCXX20_CONSTEXPR
 345:C:/Program Files (x86)/Arm GNU Toolchain arm-none-eabi/14.3 rel1/arm-none-eabi/include/c++/14.3.1/bits\stl_vector.h ****       _Vector_base(_Tp_alloc_type&& __a) noexcept
 346:C:/Program Files (x86)/Arm GNU Toolchain arm-none-eabi/14.3 rel1/arm-none-eabi/include/c++/14.3.1/bits\stl_vector.h ****       : _M_impl(std::move(__a)) { }
 347:C:/Program Files (x86)/Arm GNU Toolchain arm-none-eabi/14.3 rel1/arm-none-eabi/include/c++/14.3.1/bits\stl_vector.h **** 
 348:C:/Program Files (x86)/Arm GNU Toolchain arm-none-eabi/14.3 rel1/arm-none-eabi/include/c++/14.3.1/bits\stl_vector.h ****       _GLIBCXX20_CONSTEXPR
 349:C:/Program Files (x86)/Arm GNU Toolchain arm-none-eabi/14.3 rel1/arm-none-eabi/include/c++/14.3.1/bits\stl_vector.h ****       _Vector_base(_Vector_base&& __x, const allocator_type& __a)
 350:C:/Program Files (x86)/Arm GNU Toolchain arm-none-eabi/14.3 rel1/arm-none-eabi/include/c++/14.3.1/bits\stl_vector.h ****       : _M_impl(__a)
 351:C:/Program Files (x86)/Arm GNU Toolchain arm-none-eabi/14.3 rel1/arm-none-eabi/include/c++/14.3.1/bits\stl_vector.h ****       {
 352:C:/Program Files (x86)/Arm GNU Toolchain arm-none-eabi/14.3 rel1/arm-none-eabi/include/c++/14.3.1/bits\stl_vector.h **** 	if (__x.get_allocator() == __a)
 353:C:/Program Files (x86)/Arm GNU Toolchain arm-none-eabi/14.3 rel1/arm-none-eabi/include/c++/14.3.1/bits\stl_vector.h **** 	  this->_M_impl._M_swap_data(__x._M_impl);
 354:C:/Program Files (x86)/Arm GNU Toolchain arm-none-eabi/14.3 rel1/arm-none-eabi/include/c++/14.3.1/bits\stl_vector.h **** 	else
 355:C:/Program Files (x86)/Arm GNU Toolchain arm-none-eabi/14.3 rel1/arm-none-eabi/include/c++/14.3.1/bits\stl_vector.h **** 	  {
 356:C:/Program Files (x86)/Arm GNU Toolchain arm-none-eabi/14.3 rel1/arm-none-eabi/include/c++/14.3.1/bits\stl_vector.h **** 	    size_t __n = __x._M_impl._M_finish - __x._M_impl._M_start;
 357:C:/Program Files (x86)/Arm GNU Toolchain arm-none-eabi/14.3 rel1/arm-none-eabi/include/c++/14.3.1/bits\stl_vector.h **** 	    _M_create_storage(__n);
 358:C:/Program Files (x86)/Arm GNU Toolchain arm-none-eabi/14.3 rel1/arm-none-eabi/include/c++/14.3.1/bits\stl_vector.h **** 	  }
 359:C:/Program Files (x86)/Arm GNU Toolchain arm-none-eabi/14.3 rel1/arm-none-eabi/include/c++/14.3.1/bits\stl_vector.h ****       }
 360:C:/Program Files (x86)/Arm GNU Toolchain arm-none-eabi/14.3 rel1/arm-none-eabi/include/c++/14.3.1/bits\stl_vector.h **** # endif
 361:C:/Program Files (x86)/Arm GNU Toolchain arm-none-eabi/14.3 rel1/arm-none-eabi/include/c++/14.3.1/bits\stl_vector.h **** 
 362:C:/Program Files (x86)/Arm GNU Toolchain arm-none-eabi/14.3 rel1/arm-none-eabi/include/c++/14.3.1/bits\stl_vector.h ****       _GLIBCXX20_CONSTEXPR
 363:C:/Program Files (x86)/Arm GNU Toolchain arm-none-eabi/14.3 rel1/arm-none-eabi/include/c++/14.3.1/bits\stl_vector.h ****       _Vector_base(const allocator_type& __a, _Vector_base&& __x)
 364:C:/Program Files (x86)/Arm GNU Toolchain arm-none-eabi/14.3 rel1/arm-none-eabi/include/c++/14.3.1/bits\stl_vector.h ****       : _M_impl(_Tp_alloc_type(__a), std::move(__x._M_impl))
 365:C:/Program Files (x86)/Arm GNU Toolchain arm-none-eabi/14.3 rel1/arm-none-eabi/include/c++/14.3.1/bits\stl_vector.h ****       { }
 366:C:/Program Files (x86)/Arm GNU Toolchain arm-none-eabi/14.3 rel1/arm-none-eabi/include/c++/14.3.1/bits\stl_vector.h **** #endif
 367:C:/Program Files (x86)/Arm GNU Toolchain arm-none-eabi/14.3 rel1/arm-none-eabi/include/c++/14.3.1/bits\stl_vector.h **** 
 368:C:/Program Files (x86)/Arm GNU Toolchain arm-none-eabi/14.3 rel1/arm-none-eabi/include/c++/14.3.1/bits\stl_vector.h ****       _GLIBCXX20_CONSTEXPR
 369:C:/Program Files (x86)/Arm GNU Toolchain arm-none-eabi/14.3 rel1/arm-none-eabi/include/c++/14.3.1/bits\stl_vector.h ****       ~_Vector_base() _GLIBCXX_NOEXCEPT
 370:C:/Program Files (x86)/Arm GNU Toolchain arm-none-eabi/14.3 rel1/arm-none-eabi/include/c++/14.3.1/bits\stl_vector.h ****       {
 371:C:/Program Files (x86)/Arm GNU Toolchain arm-none-eabi/14.3 rel1/arm-none-eabi/include/c++/14.3.1/bits\stl_vector.h **** 	_M_deallocate(_M_impl._M_start,
ARM GAS  C:\Users\Oliver\AppData\Local\Temp\ccb1Hde1.s 			page 14


 372:C:/Program Files (x86)/Arm GNU Toolchain arm-none-eabi/14.3 rel1/arm-none-eabi/include/c++/14.3.1/bits\stl_vector.h **** 		      _M_impl._M_end_of_storage - _M_impl._M_start);
 373:C:/Program Files (x86)/Arm GNU Toolchain arm-none-eabi/14.3 rel1/arm-none-eabi/include/c++/14.3.1/bits\stl_vector.h ****       }
 374:C:/Program Files (x86)/Arm GNU Toolchain arm-none-eabi/14.3 rel1/arm-none-eabi/include/c++/14.3.1/bits\stl_vector.h **** 
 375:C:/Program Files (x86)/Arm GNU Toolchain arm-none-eabi/14.3 rel1/arm-none-eabi/include/c++/14.3.1/bits\stl_vector.h ****     public:
 376:C:/Program Files (x86)/Arm GNU Toolchain arm-none-eabi/14.3 rel1/arm-none-eabi/include/c++/14.3.1/bits\stl_vector.h ****       _Vector_impl _M_impl;
 377:C:/Program Files (x86)/Arm GNU Toolchain arm-none-eabi/14.3 rel1/arm-none-eabi/include/c++/14.3.1/bits\stl_vector.h **** 
 378:C:/Program Files (x86)/Arm GNU Toolchain arm-none-eabi/14.3 rel1/arm-none-eabi/include/c++/14.3.1/bits\stl_vector.h ****       _GLIBCXX20_CONSTEXPR
 379:C:/Program Files (x86)/Arm GNU Toolchain arm-none-eabi/14.3 rel1/arm-none-eabi/include/c++/14.3.1/bits\stl_vector.h ****       pointer
 380:C:/Program Files (x86)/Arm GNU Toolchain arm-none-eabi/14.3 rel1/arm-none-eabi/include/c++/14.3.1/bits\stl_vector.h ****       _M_allocate(size_t __n)
 381:C:/Program Files (x86)/Arm GNU Toolchain arm-none-eabi/14.3 rel1/arm-none-eabi/include/c++/14.3.1/bits\stl_vector.h ****       {
 382:C:/Program Files (x86)/Arm GNU Toolchain arm-none-eabi/14.3 rel1/arm-none-eabi/include/c++/14.3.1/bits\stl_vector.h **** 	typedef __gnu_cxx::__alloc_traits<_Tp_alloc_type> _Tr;
 383:C:/Program Files (x86)/Arm GNU Toolchain arm-none-eabi/14.3 rel1/arm-none-eabi/include/c++/14.3.1/bits\stl_vector.h **** 	return __n != 0 ? _Tr::allocate(_M_impl, __n) : pointer();
 384:C:/Program Files (x86)/Arm GNU Toolchain arm-none-eabi/14.3 rel1/arm-none-eabi/include/c++/14.3.1/bits\stl_vector.h ****       }
 385:C:/Program Files (x86)/Arm GNU Toolchain arm-none-eabi/14.3 rel1/arm-none-eabi/include/c++/14.3.1/bits\stl_vector.h **** 
 386:C:/Program Files (x86)/Arm GNU Toolchain arm-none-eabi/14.3 rel1/arm-none-eabi/include/c++/14.3.1/bits\stl_vector.h ****       _GLIBCXX20_CONSTEXPR
 387:C:/Program Files (x86)/Arm GNU Toolchain arm-none-eabi/14.3 rel1/arm-none-eabi/include/c++/14.3.1/bits\stl_vector.h ****       void
 388:C:/Program Files (x86)/Arm GNU Toolchain arm-none-eabi/14.3 rel1/arm-none-eabi/include/c++/14.3.1/bits\stl_vector.h ****       _M_deallocate(pointer __p, size_t __n)
 389:C:/Program Files (x86)/Arm GNU Toolchain arm-none-eabi/14.3 rel1/arm-none-eabi/include/c++/14.3.1/bits\stl_vector.h ****       {
 390:C:/Program Files (x86)/Arm GNU Toolchain arm-none-eabi/14.3 rel1/arm-none-eabi/include/c++/14.3.1/bits\stl_vector.h **** 	typedef __gnu_cxx::__alloc_traits<_Tp_alloc_type> _Tr;
 391:C:/Program Files (x86)/Arm GNU Toolchain arm-none-eabi/14.3 rel1/arm-none-eabi/include/c++/14.3.1/bits\stl_vector.h **** 	if (__p)
 392:C:/Program Files (x86)/Arm GNU Toolchain arm-none-eabi/14.3 rel1/arm-none-eabi/include/c++/14.3.1/bits\stl_vector.h **** 	  _Tr::deallocate(_M_impl, __p, __n);
 393:C:/Program Files (x86)/Arm GNU Toolchain arm-none-eabi/14.3 rel1/arm-none-eabi/include/c++/14.3.1/bits\stl_vector.h ****       }
 394:C:/Program Files (x86)/Arm GNU Toolchain arm-none-eabi/14.3 rel1/arm-none-eabi/include/c++/14.3.1/bits\stl_vector.h **** 
 395:C:/Program Files (x86)/Arm GNU Toolchain arm-none-eabi/14.3 rel1/arm-none-eabi/include/c++/14.3.1/bits\stl_vector.h ****     protected:
 396:C:/Program Files (x86)/Arm GNU Toolchain arm-none-eabi/14.3 rel1/arm-none-eabi/include/c++/14.3.1/bits\stl_vector.h **** 
 397:C:/Program Files (x86)/Arm GNU Toolchain arm-none-eabi/14.3 rel1/arm-none-eabi/include/c++/14.3.1/bits\stl_vector.h ****       _GLIBCXX20_CONSTEXPR
 398:C:/Program Files (x86)/Arm GNU Toolchain arm-none-eabi/14.3 rel1/arm-none-eabi/include/c++/14.3.1/bits\stl_vector.h ****       void
 399:C:/Program Files (x86)/Arm GNU Toolchain arm-none-eabi/14.3 rel1/arm-none-eabi/include/c++/14.3.1/bits\stl_vector.h ****       _M_create_storage(size_t __n)
 400:C:/Program Files (x86)/Arm GNU Toolchain arm-none-eabi/14.3 rel1/arm-none-eabi/include/c++/14.3.1/bits\stl_vector.h ****       {
 401:C:/Program Files (x86)/Arm GNU Toolchain arm-none-eabi/14.3 rel1/arm-none-eabi/include/c++/14.3.1/bits\stl_vector.h **** 	this->_M_impl._M_start = this->_M_allocate(__n);
 402:C:/Program Files (x86)/Arm GNU Toolchain arm-none-eabi/14.3 rel1/arm-none-eabi/include/c++/14.3.1/bits\stl_vector.h **** 	this->_M_impl._M_finish = this->_M_impl._M_start;
 403:C:/Program Files (x86)/Arm GNU Toolchain arm-none-eabi/14.3 rel1/arm-none-eabi/include/c++/14.3.1/bits\stl_vector.h **** 	this->_M_impl._M_end_of_storage = this->_M_impl._M_start + __n;
 404:C:/Program Files (x86)/Arm GNU Toolchain arm-none-eabi/14.3 rel1/arm-none-eabi/include/c++/14.3.1/bits\stl_vector.h ****       }
 405:C:/Program Files (x86)/Arm GNU Toolchain arm-none-eabi/14.3 rel1/arm-none-eabi/include/c++/14.3.1/bits\stl_vector.h ****     };
 406:C:/Program Files (x86)/Arm GNU Toolchain arm-none-eabi/14.3 rel1/arm-none-eabi/include/c++/14.3.1/bits\stl_vector.h **** 
 407:C:/Program Files (x86)/Arm GNU Toolchain arm-none-eabi/14.3 rel1/arm-none-eabi/include/c++/14.3.1/bits\stl_vector.h ****   /**
 408:C:/Program Files (x86)/Arm GNU Toolchain arm-none-eabi/14.3 rel1/arm-none-eabi/include/c++/14.3.1/bits\stl_vector.h ****    *  @brief A standard container which offers fixed time access to
 409:C:/Program Files (x86)/Arm GNU Toolchain arm-none-eabi/14.3 rel1/arm-none-eabi/include/c++/14.3.1/bits\stl_vector.h ****    *  individual elements in any order.
 410:C:/Program Files (x86)/Arm GNU Toolchain arm-none-eabi/14.3 rel1/arm-none-eabi/include/c++/14.3.1/bits\stl_vector.h ****    *
 411:C:/Program Files (x86)/Arm GNU Toolchain arm-none-eabi/14.3 rel1/arm-none-eabi/include/c++/14.3.1/bits\stl_vector.h ****    *  @ingroup sequences
 412:C:/Program Files (x86)/Arm GNU Toolchain arm-none-eabi/14.3 rel1/arm-none-eabi/include/c++/14.3.1/bits\stl_vector.h ****    *  @headerfile vector
 413:C:/Program Files (x86)/Arm GNU Toolchain arm-none-eabi/14.3 rel1/arm-none-eabi/include/c++/14.3.1/bits\stl_vector.h ****    *  @since C++98
 414:C:/Program Files (x86)/Arm GNU Toolchain arm-none-eabi/14.3 rel1/arm-none-eabi/include/c++/14.3.1/bits\stl_vector.h ****    *
 415:C:/Program Files (x86)/Arm GNU Toolchain arm-none-eabi/14.3 rel1/arm-none-eabi/include/c++/14.3.1/bits\stl_vector.h ****    *  @tparam _Tp  Type of element.
 416:C:/Program Files (x86)/Arm GNU Toolchain arm-none-eabi/14.3 rel1/arm-none-eabi/include/c++/14.3.1/bits\stl_vector.h ****    *  @tparam _Alloc  Allocator type, defaults to allocator<_Tp>.
 417:C:/Program Files (x86)/Arm GNU Toolchain arm-none-eabi/14.3 rel1/arm-none-eabi/include/c++/14.3.1/bits\stl_vector.h ****    *
 418:C:/Program Files (x86)/Arm GNU Toolchain arm-none-eabi/14.3 rel1/arm-none-eabi/include/c++/14.3.1/bits\stl_vector.h ****    *  Meets the requirements of a <a href="tables.html#65">container</a>, a
 419:C:/Program Files (x86)/Arm GNU Toolchain arm-none-eabi/14.3 rel1/arm-none-eabi/include/c++/14.3.1/bits\stl_vector.h ****    *  <a href="tables.html#66">reversible container</a>, and a
 420:C:/Program Files (x86)/Arm GNU Toolchain arm-none-eabi/14.3 rel1/arm-none-eabi/include/c++/14.3.1/bits\stl_vector.h ****    *  <a href="tables.html#67">sequence</a>, including the
 421:C:/Program Files (x86)/Arm GNU Toolchain arm-none-eabi/14.3 rel1/arm-none-eabi/include/c++/14.3.1/bits\stl_vector.h ****    *  <a href="tables.html#68">optional sequence requirements</a> with the
 422:C:/Program Files (x86)/Arm GNU Toolchain arm-none-eabi/14.3 rel1/arm-none-eabi/include/c++/14.3.1/bits\stl_vector.h ****    *  %exception of @c push_front and @c pop_front.
 423:C:/Program Files (x86)/Arm GNU Toolchain arm-none-eabi/14.3 rel1/arm-none-eabi/include/c++/14.3.1/bits\stl_vector.h ****    *
 424:C:/Program Files (x86)/Arm GNU Toolchain arm-none-eabi/14.3 rel1/arm-none-eabi/include/c++/14.3.1/bits\stl_vector.h ****    *  In some terminology a %vector can be described as a dynamic
 425:C:/Program Files (x86)/Arm GNU Toolchain arm-none-eabi/14.3 rel1/arm-none-eabi/include/c++/14.3.1/bits\stl_vector.h ****    *  C-style array, it offers fast and efficient access to individual
 426:C:/Program Files (x86)/Arm GNU Toolchain arm-none-eabi/14.3 rel1/arm-none-eabi/include/c++/14.3.1/bits\stl_vector.h ****    *  elements in any order and saves the user from worrying about
 427:C:/Program Files (x86)/Arm GNU Toolchain arm-none-eabi/14.3 rel1/arm-none-eabi/include/c++/14.3.1/bits\stl_vector.h ****    *  memory and size allocation.  Subscripting ( @c [] ) access is
 428:C:/Program Files (x86)/Arm GNU Toolchain arm-none-eabi/14.3 rel1/arm-none-eabi/include/c++/14.3.1/bits\stl_vector.h ****    *  also provided as with C-style arrays.
ARM GAS  C:\Users\Oliver\AppData\Local\Temp\ccb1Hde1.s 			page 15


 429:C:/Program Files (x86)/Arm GNU Toolchain arm-none-eabi/14.3 rel1/arm-none-eabi/include/c++/14.3.1/bits\stl_vector.h ****   */
 430:C:/Program Files (x86)/Arm GNU Toolchain arm-none-eabi/14.3 rel1/arm-none-eabi/include/c++/14.3.1/bits\stl_vector.h ****   template<typename _Tp, typename _Alloc = std::allocator<_Tp> >
 431:C:/Program Files (x86)/Arm GNU Toolchain arm-none-eabi/14.3 rel1/arm-none-eabi/include/c++/14.3.1/bits\stl_vector.h ****     class vector : protected _Vector_base<_Tp, _Alloc>
 432:C:/Program Files (x86)/Arm GNU Toolchain arm-none-eabi/14.3 rel1/arm-none-eabi/include/c++/14.3.1/bits\stl_vector.h ****     {
 433:C:/Program Files (x86)/Arm GNU Toolchain arm-none-eabi/14.3 rel1/arm-none-eabi/include/c++/14.3.1/bits\stl_vector.h **** #ifdef _GLIBCXX_CONCEPT_CHECKS
 434:C:/Program Files (x86)/Arm GNU Toolchain arm-none-eabi/14.3 rel1/arm-none-eabi/include/c++/14.3.1/bits\stl_vector.h ****       // Concept requirements.
 435:C:/Program Files (x86)/Arm GNU Toolchain arm-none-eabi/14.3 rel1/arm-none-eabi/include/c++/14.3.1/bits\stl_vector.h ****       typedef typename _Alloc::value_type		_Alloc_value_type;
 436:C:/Program Files (x86)/Arm GNU Toolchain arm-none-eabi/14.3 rel1/arm-none-eabi/include/c++/14.3.1/bits\stl_vector.h **** # if __cplusplus < 201103L
 437:C:/Program Files (x86)/Arm GNU Toolchain arm-none-eabi/14.3 rel1/arm-none-eabi/include/c++/14.3.1/bits\stl_vector.h ****       __glibcxx_class_requires(_Tp, _SGIAssignableConcept)
 438:C:/Program Files (x86)/Arm GNU Toolchain arm-none-eabi/14.3 rel1/arm-none-eabi/include/c++/14.3.1/bits\stl_vector.h **** # endif
 439:C:/Program Files (x86)/Arm GNU Toolchain arm-none-eabi/14.3 rel1/arm-none-eabi/include/c++/14.3.1/bits\stl_vector.h ****       __glibcxx_class_requires2(_Tp, _Alloc_value_type, _SameTypeConcept)
 440:C:/Program Files (x86)/Arm GNU Toolchain arm-none-eabi/14.3 rel1/arm-none-eabi/include/c++/14.3.1/bits\stl_vector.h **** #endif
 441:C:/Program Files (x86)/Arm GNU Toolchain arm-none-eabi/14.3 rel1/arm-none-eabi/include/c++/14.3.1/bits\stl_vector.h **** 
 442:C:/Program Files (x86)/Arm GNU Toolchain arm-none-eabi/14.3 rel1/arm-none-eabi/include/c++/14.3.1/bits\stl_vector.h **** #if __cplusplus >= 201103L
 443:C:/Program Files (x86)/Arm GNU Toolchain arm-none-eabi/14.3 rel1/arm-none-eabi/include/c++/14.3.1/bits\stl_vector.h ****       static_assert(is_same<typename remove_cv<_Tp>::type, _Tp>::value,
 444:C:/Program Files (x86)/Arm GNU Toolchain arm-none-eabi/14.3 rel1/arm-none-eabi/include/c++/14.3.1/bits\stl_vector.h **** 	  "std::vector must have a non-const, non-volatile value_type");
 445:C:/Program Files (x86)/Arm GNU Toolchain arm-none-eabi/14.3 rel1/arm-none-eabi/include/c++/14.3.1/bits\stl_vector.h **** # if __cplusplus > 201703L || defined __STRICT_ANSI__
 446:C:/Program Files (x86)/Arm GNU Toolchain arm-none-eabi/14.3 rel1/arm-none-eabi/include/c++/14.3.1/bits\stl_vector.h ****       static_assert(is_same<typename _Alloc::value_type, _Tp>::value,
 447:C:/Program Files (x86)/Arm GNU Toolchain arm-none-eabi/14.3 rel1/arm-none-eabi/include/c++/14.3.1/bits\stl_vector.h **** 	  "std::vector must have the same value_type as its allocator");
 448:C:/Program Files (x86)/Arm GNU Toolchain arm-none-eabi/14.3 rel1/arm-none-eabi/include/c++/14.3.1/bits\stl_vector.h **** # endif
 449:C:/Program Files (x86)/Arm GNU Toolchain arm-none-eabi/14.3 rel1/arm-none-eabi/include/c++/14.3.1/bits\stl_vector.h **** #endif
 450:C:/Program Files (x86)/Arm GNU Toolchain arm-none-eabi/14.3 rel1/arm-none-eabi/include/c++/14.3.1/bits\stl_vector.h **** 
 451:C:/Program Files (x86)/Arm GNU Toolchain arm-none-eabi/14.3 rel1/arm-none-eabi/include/c++/14.3.1/bits\stl_vector.h ****       typedef _Vector_base<_Tp, _Alloc>			_Base;
 452:C:/Program Files (x86)/Arm GNU Toolchain arm-none-eabi/14.3 rel1/arm-none-eabi/include/c++/14.3.1/bits\stl_vector.h ****       typedef typename _Base::_Tp_alloc_type		_Tp_alloc_type;
 453:C:/Program Files (x86)/Arm GNU Toolchain arm-none-eabi/14.3 rel1/arm-none-eabi/include/c++/14.3.1/bits\stl_vector.h ****       typedef __gnu_cxx::__alloc_traits<_Tp_alloc_type>	_Alloc_traits;
 454:C:/Program Files (x86)/Arm GNU Toolchain arm-none-eabi/14.3 rel1/arm-none-eabi/include/c++/14.3.1/bits\stl_vector.h **** 
 455:C:/Program Files (x86)/Arm GNU Toolchain arm-none-eabi/14.3 rel1/arm-none-eabi/include/c++/14.3.1/bits\stl_vector.h ****     public:
 456:C:/Program Files (x86)/Arm GNU Toolchain arm-none-eabi/14.3 rel1/arm-none-eabi/include/c++/14.3.1/bits\stl_vector.h ****       typedef _Tp					value_type;
 457:C:/Program Files (x86)/Arm GNU Toolchain arm-none-eabi/14.3 rel1/arm-none-eabi/include/c++/14.3.1/bits\stl_vector.h ****       typedef typename _Base::pointer			pointer;
 458:C:/Program Files (x86)/Arm GNU Toolchain arm-none-eabi/14.3 rel1/arm-none-eabi/include/c++/14.3.1/bits\stl_vector.h ****       typedef typename _Alloc_traits::const_pointer	const_pointer;
 459:C:/Program Files (x86)/Arm GNU Toolchain arm-none-eabi/14.3 rel1/arm-none-eabi/include/c++/14.3.1/bits\stl_vector.h ****       typedef typename _Alloc_traits::reference		reference;
 460:C:/Program Files (x86)/Arm GNU Toolchain arm-none-eabi/14.3 rel1/arm-none-eabi/include/c++/14.3.1/bits\stl_vector.h ****       typedef typename _Alloc_traits::const_reference	const_reference;
 461:C:/Program Files (x86)/Arm GNU Toolchain arm-none-eabi/14.3 rel1/arm-none-eabi/include/c++/14.3.1/bits\stl_vector.h ****       typedef __gnu_cxx::__normal_iterator<pointer, vector> iterator;
 462:C:/Program Files (x86)/Arm GNU Toolchain arm-none-eabi/14.3 rel1/arm-none-eabi/include/c++/14.3.1/bits\stl_vector.h ****       typedef __gnu_cxx::__normal_iterator<const_pointer, vector>
 463:C:/Program Files (x86)/Arm GNU Toolchain arm-none-eabi/14.3 rel1/arm-none-eabi/include/c++/14.3.1/bits\stl_vector.h ****       const_iterator;
 464:C:/Program Files (x86)/Arm GNU Toolchain arm-none-eabi/14.3 rel1/arm-none-eabi/include/c++/14.3.1/bits\stl_vector.h ****       typedef std::reverse_iterator<const_iterator>	const_reverse_iterator;
 465:C:/Program Files (x86)/Arm GNU Toolchain arm-none-eabi/14.3 rel1/arm-none-eabi/include/c++/14.3.1/bits\stl_vector.h ****       typedef std::reverse_iterator<iterator>		reverse_iterator;
 466:C:/Program Files (x86)/Arm GNU Toolchain arm-none-eabi/14.3 rel1/arm-none-eabi/include/c++/14.3.1/bits\stl_vector.h ****       typedef size_t					size_type;
 467:C:/Program Files (x86)/Arm GNU Toolchain arm-none-eabi/14.3 rel1/arm-none-eabi/include/c++/14.3.1/bits\stl_vector.h ****       typedef ptrdiff_t					difference_type;
 468:C:/Program Files (x86)/Arm GNU Toolchain arm-none-eabi/14.3 rel1/arm-none-eabi/include/c++/14.3.1/bits\stl_vector.h ****       typedef _Alloc					allocator_type;
 469:C:/Program Files (x86)/Arm GNU Toolchain arm-none-eabi/14.3 rel1/arm-none-eabi/include/c++/14.3.1/bits\stl_vector.h **** 
 470:C:/Program Files (x86)/Arm GNU Toolchain arm-none-eabi/14.3 rel1/arm-none-eabi/include/c++/14.3.1/bits\stl_vector.h ****     private:
 471:C:/Program Files (x86)/Arm GNU Toolchain arm-none-eabi/14.3 rel1/arm-none-eabi/include/c++/14.3.1/bits\stl_vector.h **** #if __cplusplus >= 201103L
 472:C:/Program Files (x86)/Arm GNU Toolchain arm-none-eabi/14.3 rel1/arm-none-eabi/include/c++/14.3.1/bits\stl_vector.h ****       static constexpr bool
 473:C:/Program Files (x86)/Arm GNU Toolchain arm-none-eabi/14.3 rel1/arm-none-eabi/include/c++/14.3.1/bits\stl_vector.h ****       _S_nothrow_relocate(true_type)
 474:C:/Program Files (x86)/Arm GNU Toolchain arm-none-eabi/14.3 rel1/arm-none-eabi/include/c++/14.3.1/bits\stl_vector.h ****       {
 475:C:/Program Files (x86)/Arm GNU Toolchain arm-none-eabi/14.3 rel1/arm-none-eabi/include/c++/14.3.1/bits\stl_vector.h **** 	return noexcept(std::__relocate_a(std::declval<pointer>(),
 476:C:/Program Files (x86)/Arm GNU Toolchain arm-none-eabi/14.3 rel1/arm-none-eabi/include/c++/14.3.1/bits\stl_vector.h **** 					  std::declval<pointer>(),
 477:C:/Program Files (x86)/Arm GNU Toolchain arm-none-eabi/14.3 rel1/arm-none-eabi/include/c++/14.3.1/bits\stl_vector.h **** 					  std::declval<pointer>(),
 478:C:/Program Files (x86)/Arm GNU Toolchain arm-none-eabi/14.3 rel1/arm-none-eabi/include/c++/14.3.1/bits\stl_vector.h **** 					  std::declval<_Tp_alloc_type&>()));
 479:C:/Program Files (x86)/Arm GNU Toolchain arm-none-eabi/14.3 rel1/arm-none-eabi/include/c++/14.3.1/bits\stl_vector.h ****       }
 480:C:/Program Files (x86)/Arm GNU Toolchain arm-none-eabi/14.3 rel1/arm-none-eabi/include/c++/14.3.1/bits\stl_vector.h **** 
 481:C:/Program Files (x86)/Arm GNU Toolchain arm-none-eabi/14.3 rel1/arm-none-eabi/include/c++/14.3.1/bits\stl_vector.h ****       static constexpr bool
 482:C:/Program Files (x86)/Arm GNU Toolchain arm-none-eabi/14.3 rel1/arm-none-eabi/include/c++/14.3.1/bits\stl_vector.h ****       _S_nothrow_relocate(false_type)
 483:C:/Program Files (x86)/Arm GNU Toolchain arm-none-eabi/14.3 rel1/arm-none-eabi/include/c++/14.3.1/bits\stl_vector.h ****       { return false; }
 484:C:/Program Files (x86)/Arm GNU Toolchain arm-none-eabi/14.3 rel1/arm-none-eabi/include/c++/14.3.1/bits\stl_vector.h **** 
 485:C:/Program Files (x86)/Arm GNU Toolchain arm-none-eabi/14.3 rel1/arm-none-eabi/include/c++/14.3.1/bits\stl_vector.h ****       static constexpr bool
ARM GAS  C:\Users\Oliver\AppData\Local\Temp\ccb1Hde1.s 			page 16


 486:C:/Program Files (x86)/Arm GNU Toolchain arm-none-eabi/14.3 rel1/arm-none-eabi/include/c++/14.3.1/bits\stl_vector.h ****       _S_use_relocate()
 487:C:/Program Files (x86)/Arm GNU Toolchain arm-none-eabi/14.3 rel1/arm-none-eabi/include/c++/14.3.1/bits\stl_vector.h ****       {
 488:C:/Program Files (x86)/Arm GNU Toolchain arm-none-eabi/14.3 rel1/arm-none-eabi/include/c++/14.3.1/bits\stl_vector.h **** 	// Instantiating std::__relocate_a might cause an error outside the
 489:C:/Program Files (x86)/Arm GNU Toolchain arm-none-eabi/14.3 rel1/arm-none-eabi/include/c++/14.3.1/bits\stl_vector.h **** 	// immediate context (in __relocate_object_a's noexcept-specifier),
 490:C:/Program Files (x86)/Arm GNU Toolchain arm-none-eabi/14.3 rel1/arm-none-eabi/include/c++/14.3.1/bits\stl_vector.h **** 	// so only do it if we know the type can be move-inserted into *this.
 491:C:/Program Files (x86)/Arm GNU Toolchain arm-none-eabi/14.3 rel1/arm-none-eabi/include/c++/14.3.1/bits\stl_vector.h **** 	return _S_nothrow_relocate(__is_move_insertable<_Tp_alloc_type>{});
 492:C:/Program Files (x86)/Arm GNU Toolchain arm-none-eabi/14.3 rel1/arm-none-eabi/include/c++/14.3.1/bits\stl_vector.h ****       }
 493:C:/Program Files (x86)/Arm GNU Toolchain arm-none-eabi/14.3 rel1/arm-none-eabi/include/c++/14.3.1/bits\stl_vector.h **** 
 494:C:/Program Files (x86)/Arm GNU Toolchain arm-none-eabi/14.3 rel1/arm-none-eabi/include/c++/14.3.1/bits\stl_vector.h ****       static pointer
 495:C:/Program Files (x86)/Arm GNU Toolchain arm-none-eabi/14.3 rel1/arm-none-eabi/include/c++/14.3.1/bits\stl_vector.h ****       _S_do_relocate(pointer __first, pointer __last, pointer __result,
 496:C:/Program Files (x86)/Arm GNU Toolchain arm-none-eabi/14.3 rel1/arm-none-eabi/include/c++/14.3.1/bits\stl_vector.h **** 		     _Tp_alloc_type& __alloc, true_type) noexcept
 497:C:/Program Files (x86)/Arm GNU Toolchain arm-none-eabi/14.3 rel1/arm-none-eabi/include/c++/14.3.1/bits\stl_vector.h ****       {
 498:C:/Program Files (x86)/Arm GNU Toolchain arm-none-eabi/14.3 rel1/arm-none-eabi/include/c++/14.3.1/bits\stl_vector.h **** 	return std::__relocate_a(__first, __last, __result, __alloc);
 499:C:/Program Files (x86)/Arm GNU Toolchain arm-none-eabi/14.3 rel1/arm-none-eabi/include/c++/14.3.1/bits\stl_vector.h ****       }
 500:C:/Program Files (x86)/Arm GNU Toolchain arm-none-eabi/14.3 rel1/arm-none-eabi/include/c++/14.3.1/bits\stl_vector.h **** 
 501:C:/Program Files (x86)/Arm GNU Toolchain arm-none-eabi/14.3 rel1/arm-none-eabi/include/c++/14.3.1/bits\stl_vector.h ****       static pointer
 502:C:/Program Files (x86)/Arm GNU Toolchain arm-none-eabi/14.3 rel1/arm-none-eabi/include/c++/14.3.1/bits\stl_vector.h ****       _S_do_relocate(pointer, pointer, pointer __result,
 503:C:/Program Files (x86)/Arm GNU Toolchain arm-none-eabi/14.3 rel1/arm-none-eabi/include/c++/14.3.1/bits\stl_vector.h **** 		     _Tp_alloc_type&, false_type) noexcept
 504:C:/Program Files (x86)/Arm GNU Toolchain arm-none-eabi/14.3 rel1/arm-none-eabi/include/c++/14.3.1/bits\stl_vector.h ****       { return __result; }
 505:C:/Program Files (x86)/Arm GNU Toolchain arm-none-eabi/14.3 rel1/arm-none-eabi/include/c++/14.3.1/bits\stl_vector.h **** 
 506:C:/Program Files (x86)/Arm GNU Toolchain arm-none-eabi/14.3 rel1/arm-none-eabi/include/c++/14.3.1/bits\stl_vector.h ****       static _GLIBCXX20_CONSTEXPR pointer
 507:C:/Program Files (x86)/Arm GNU Toolchain arm-none-eabi/14.3 rel1/arm-none-eabi/include/c++/14.3.1/bits\stl_vector.h ****       _S_relocate(pointer __first, pointer __last, pointer __result,
 508:C:/Program Files (x86)/Arm GNU Toolchain arm-none-eabi/14.3 rel1/arm-none-eabi/include/c++/14.3.1/bits\stl_vector.h **** 		  _Tp_alloc_type& __alloc) noexcept
 509:C:/Program Files (x86)/Arm GNU Toolchain arm-none-eabi/14.3 rel1/arm-none-eabi/include/c++/14.3.1/bits\stl_vector.h ****       {
 510:C:/Program Files (x86)/Arm GNU Toolchain arm-none-eabi/14.3 rel1/arm-none-eabi/include/c++/14.3.1/bits\stl_vector.h **** #if __cpp_if_constexpr
 511:C:/Program Files (x86)/Arm GNU Toolchain arm-none-eabi/14.3 rel1/arm-none-eabi/include/c++/14.3.1/bits\stl_vector.h **** 	// All callers have already checked _S_use_relocate() so just do it.
 512:C:/Program Files (x86)/Arm GNU Toolchain arm-none-eabi/14.3 rel1/arm-none-eabi/include/c++/14.3.1/bits\stl_vector.h **** 	return std::__relocate_a(__first, __last, __result, __alloc);
 513:C:/Program Files (x86)/Arm GNU Toolchain arm-none-eabi/14.3 rel1/arm-none-eabi/include/c++/14.3.1/bits\stl_vector.h **** #else
 514:C:/Program Files (x86)/Arm GNU Toolchain arm-none-eabi/14.3 rel1/arm-none-eabi/include/c++/14.3.1/bits\stl_vector.h **** 	using __do_it = __bool_constant<_S_use_relocate()>;
 515:C:/Program Files (x86)/Arm GNU Toolchain arm-none-eabi/14.3 rel1/arm-none-eabi/include/c++/14.3.1/bits\stl_vector.h **** 	return _S_do_relocate(__first, __last, __result, __alloc, __do_it{});
 516:C:/Program Files (x86)/Arm GNU Toolchain arm-none-eabi/14.3 rel1/arm-none-eabi/include/c++/14.3.1/bits\stl_vector.h **** #endif
 517:C:/Program Files (x86)/Arm GNU Toolchain arm-none-eabi/14.3 rel1/arm-none-eabi/include/c++/14.3.1/bits\stl_vector.h ****       }
 518:C:/Program Files (x86)/Arm GNU Toolchain arm-none-eabi/14.3 rel1/arm-none-eabi/include/c++/14.3.1/bits\stl_vector.h **** #endif // C++11
 519:C:/Program Files (x86)/Arm GNU Toolchain arm-none-eabi/14.3 rel1/arm-none-eabi/include/c++/14.3.1/bits\stl_vector.h **** 
 520:C:/Program Files (x86)/Arm GNU Toolchain arm-none-eabi/14.3 rel1/arm-none-eabi/include/c++/14.3.1/bits\stl_vector.h ****     protected:
 521:C:/Program Files (x86)/Arm GNU Toolchain arm-none-eabi/14.3 rel1/arm-none-eabi/include/c++/14.3.1/bits\stl_vector.h ****       using _Base::_M_allocate;
 522:C:/Program Files (x86)/Arm GNU Toolchain arm-none-eabi/14.3 rel1/arm-none-eabi/include/c++/14.3.1/bits\stl_vector.h ****       using _Base::_M_deallocate;
 523:C:/Program Files (x86)/Arm GNU Toolchain arm-none-eabi/14.3 rel1/arm-none-eabi/include/c++/14.3.1/bits\stl_vector.h ****       using _Base::_M_impl;
 524:C:/Program Files (x86)/Arm GNU Toolchain arm-none-eabi/14.3 rel1/arm-none-eabi/include/c++/14.3.1/bits\stl_vector.h ****       using _Base::_M_get_Tp_allocator;
 525:C:/Program Files (x86)/Arm GNU Toolchain arm-none-eabi/14.3 rel1/arm-none-eabi/include/c++/14.3.1/bits\stl_vector.h **** 
 526:C:/Program Files (x86)/Arm GNU Toolchain arm-none-eabi/14.3 rel1/arm-none-eabi/include/c++/14.3.1/bits\stl_vector.h ****     public:
 527:C:/Program Files (x86)/Arm GNU Toolchain arm-none-eabi/14.3 rel1/arm-none-eabi/include/c++/14.3.1/bits\stl_vector.h ****       // [23.2.4.1] construct/copy/destroy
 528:C:/Program Files (x86)/Arm GNU Toolchain arm-none-eabi/14.3 rel1/arm-none-eabi/include/c++/14.3.1/bits\stl_vector.h ****       // (assign() and get_allocator() are also listed in this section)
 529:C:/Program Files (x86)/Arm GNU Toolchain arm-none-eabi/14.3 rel1/arm-none-eabi/include/c++/14.3.1/bits\stl_vector.h **** 
 530:C:/Program Files (x86)/Arm GNU Toolchain arm-none-eabi/14.3 rel1/arm-none-eabi/include/c++/14.3.1/bits\stl_vector.h ****       /**
 531:C:/Program Files (x86)/Arm GNU Toolchain arm-none-eabi/14.3 rel1/arm-none-eabi/include/c++/14.3.1/bits\stl_vector.h ****        *  @brief  Creates a %vector with no elements.
 532:C:/Program Files (x86)/Arm GNU Toolchain arm-none-eabi/14.3 rel1/arm-none-eabi/include/c++/14.3.1/bits\stl_vector.h ****        */
 533:C:/Program Files (x86)/Arm GNU Toolchain arm-none-eabi/14.3 rel1/arm-none-eabi/include/c++/14.3.1/bits\stl_vector.h **** #if __cplusplus >= 201103L
 534:C:/Program Files (x86)/Arm GNU Toolchain arm-none-eabi/14.3 rel1/arm-none-eabi/include/c++/14.3.1/bits\stl_vector.h ****       vector() = default;
 535:C:/Program Files (x86)/Arm GNU Toolchain arm-none-eabi/14.3 rel1/arm-none-eabi/include/c++/14.3.1/bits\stl_vector.h **** #else
 536:C:/Program Files (x86)/Arm GNU Toolchain arm-none-eabi/14.3 rel1/arm-none-eabi/include/c++/14.3.1/bits\stl_vector.h ****       vector() { }
 537:C:/Program Files (x86)/Arm GNU Toolchain arm-none-eabi/14.3 rel1/arm-none-eabi/include/c++/14.3.1/bits\stl_vector.h **** #endif
 538:C:/Program Files (x86)/Arm GNU Toolchain arm-none-eabi/14.3 rel1/arm-none-eabi/include/c++/14.3.1/bits\stl_vector.h **** 
 539:C:/Program Files (x86)/Arm GNU Toolchain arm-none-eabi/14.3 rel1/arm-none-eabi/include/c++/14.3.1/bits\stl_vector.h ****       /**
 540:C:/Program Files (x86)/Arm GNU Toolchain arm-none-eabi/14.3 rel1/arm-none-eabi/include/c++/14.3.1/bits\stl_vector.h ****        *  @brief  Creates a %vector with no elements.
 541:C:/Program Files (x86)/Arm GNU Toolchain arm-none-eabi/14.3 rel1/arm-none-eabi/include/c++/14.3.1/bits\stl_vector.h ****        *  @param  __a  An allocator object.
 542:C:/Program Files (x86)/Arm GNU Toolchain arm-none-eabi/14.3 rel1/arm-none-eabi/include/c++/14.3.1/bits\stl_vector.h ****        */
ARM GAS  C:\Users\Oliver\AppData\Local\Temp\ccb1Hde1.s 			page 17


 543:C:/Program Files (x86)/Arm GNU Toolchain arm-none-eabi/14.3 rel1/arm-none-eabi/include/c++/14.3.1/bits\stl_vector.h ****       explicit
 544:C:/Program Files (x86)/Arm GNU Toolchain arm-none-eabi/14.3 rel1/arm-none-eabi/include/c++/14.3.1/bits\stl_vector.h ****       _GLIBCXX20_CONSTEXPR
 545:C:/Program Files (x86)/Arm GNU Toolchain arm-none-eabi/14.3 rel1/arm-none-eabi/include/c++/14.3.1/bits\stl_vector.h ****       vector(const allocator_type& __a) _GLIBCXX_NOEXCEPT
 546:C:/Program Files (x86)/Arm GNU Toolchain arm-none-eabi/14.3 rel1/arm-none-eabi/include/c++/14.3.1/bits\stl_vector.h ****       : _Base(__a) { }
 547:C:/Program Files (x86)/Arm GNU Toolchain arm-none-eabi/14.3 rel1/arm-none-eabi/include/c++/14.3.1/bits\stl_vector.h **** 
 548:C:/Program Files (x86)/Arm GNU Toolchain arm-none-eabi/14.3 rel1/arm-none-eabi/include/c++/14.3.1/bits\stl_vector.h **** #if __cplusplus >= 201103L
 549:C:/Program Files (x86)/Arm GNU Toolchain arm-none-eabi/14.3 rel1/arm-none-eabi/include/c++/14.3.1/bits\stl_vector.h ****       /**
 550:C:/Program Files (x86)/Arm GNU Toolchain arm-none-eabi/14.3 rel1/arm-none-eabi/include/c++/14.3.1/bits\stl_vector.h ****        *  @brief  Creates a %vector with default constructed elements.
 551:C:/Program Files (x86)/Arm GNU Toolchain arm-none-eabi/14.3 rel1/arm-none-eabi/include/c++/14.3.1/bits\stl_vector.h ****        *  @param  __n  The number of elements to initially create.
 552:C:/Program Files (x86)/Arm GNU Toolchain arm-none-eabi/14.3 rel1/arm-none-eabi/include/c++/14.3.1/bits\stl_vector.h ****        *  @param  __a  An allocator.
 553:C:/Program Files (x86)/Arm GNU Toolchain arm-none-eabi/14.3 rel1/arm-none-eabi/include/c++/14.3.1/bits\stl_vector.h ****        *
 554:C:/Program Files (x86)/Arm GNU Toolchain arm-none-eabi/14.3 rel1/arm-none-eabi/include/c++/14.3.1/bits\stl_vector.h ****        *  This constructor fills the %vector with @a __n default
 555:C:/Program Files (x86)/Arm GNU Toolchain arm-none-eabi/14.3 rel1/arm-none-eabi/include/c++/14.3.1/bits\stl_vector.h ****        *  constructed elements.
 556:C:/Program Files (x86)/Arm GNU Toolchain arm-none-eabi/14.3 rel1/arm-none-eabi/include/c++/14.3.1/bits\stl_vector.h ****        */
 557:C:/Program Files (x86)/Arm GNU Toolchain arm-none-eabi/14.3 rel1/arm-none-eabi/include/c++/14.3.1/bits\stl_vector.h ****       explicit
 558:C:/Program Files (x86)/Arm GNU Toolchain arm-none-eabi/14.3 rel1/arm-none-eabi/include/c++/14.3.1/bits\stl_vector.h ****       _GLIBCXX20_CONSTEXPR
 559:C:/Program Files (x86)/Arm GNU Toolchain arm-none-eabi/14.3 rel1/arm-none-eabi/include/c++/14.3.1/bits\stl_vector.h ****       vector(size_type __n, const allocator_type& __a = allocator_type())
 560:C:/Program Files (x86)/Arm GNU Toolchain arm-none-eabi/14.3 rel1/arm-none-eabi/include/c++/14.3.1/bits\stl_vector.h ****       : _Base(_S_check_init_len(__n, __a), __a)
 561:C:/Program Files (x86)/Arm GNU Toolchain arm-none-eabi/14.3 rel1/arm-none-eabi/include/c++/14.3.1/bits\stl_vector.h ****       { _M_default_initialize(__n); }
 562:C:/Program Files (x86)/Arm GNU Toolchain arm-none-eabi/14.3 rel1/arm-none-eabi/include/c++/14.3.1/bits\stl_vector.h **** 
 563:C:/Program Files (x86)/Arm GNU Toolchain arm-none-eabi/14.3 rel1/arm-none-eabi/include/c++/14.3.1/bits\stl_vector.h ****       /**
 564:C:/Program Files (x86)/Arm GNU Toolchain arm-none-eabi/14.3 rel1/arm-none-eabi/include/c++/14.3.1/bits\stl_vector.h ****        *  @brief  Creates a %vector with copies of an exemplar element.
 565:C:/Program Files (x86)/Arm GNU Toolchain arm-none-eabi/14.3 rel1/arm-none-eabi/include/c++/14.3.1/bits\stl_vector.h ****        *  @param  __n  The number of elements to initially create.
 566:C:/Program Files (x86)/Arm GNU Toolchain arm-none-eabi/14.3 rel1/arm-none-eabi/include/c++/14.3.1/bits\stl_vector.h ****        *  @param  __value  An element to copy.
 567:C:/Program Files (x86)/Arm GNU Toolchain arm-none-eabi/14.3 rel1/arm-none-eabi/include/c++/14.3.1/bits\stl_vector.h ****        *  @param  __a  An allocator.
 568:C:/Program Files (x86)/Arm GNU Toolchain arm-none-eabi/14.3 rel1/arm-none-eabi/include/c++/14.3.1/bits\stl_vector.h ****        *
 569:C:/Program Files (x86)/Arm GNU Toolchain arm-none-eabi/14.3 rel1/arm-none-eabi/include/c++/14.3.1/bits\stl_vector.h ****        *  This constructor fills the %vector with @a __n copies of @a __value.
 570:C:/Program Files (x86)/Arm GNU Toolchain arm-none-eabi/14.3 rel1/arm-none-eabi/include/c++/14.3.1/bits\stl_vector.h ****        */
 571:C:/Program Files (x86)/Arm GNU Toolchain arm-none-eabi/14.3 rel1/arm-none-eabi/include/c++/14.3.1/bits\stl_vector.h ****       _GLIBCXX20_CONSTEXPR
 572:C:/Program Files (x86)/Arm GNU Toolchain arm-none-eabi/14.3 rel1/arm-none-eabi/include/c++/14.3.1/bits\stl_vector.h ****       vector(size_type __n, const value_type& __value,
 573:C:/Program Files (x86)/Arm GNU Toolchain arm-none-eabi/14.3 rel1/arm-none-eabi/include/c++/14.3.1/bits\stl_vector.h **** 	     const allocator_type& __a = allocator_type())
 574:C:/Program Files (x86)/Arm GNU Toolchain arm-none-eabi/14.3 rel1/arm-none-eabi/include/c++/14.3.1/bits\stl_vector.h ****       : _Base(_S_check_init_len(__n, __a), __a)
 575:C:/Program Files (x86)/Arm GNU Toolchain arm-none-eabi/14.3 rel1/arm-none-eabi/include/c++/14.3.1/bits\stl_vector.h ****       { _M_fill_initialize(__n, __value); }
 576:C:/Program Files (x86)/Arm GNU Toolchain arm-none-eabi/14.3 rel1/arm-none-eabi/include/c++/14.3.1/bits\stl_vector.h **** #else
 577:C:/Program Files (x86)/Arm GNU Toolchain arm-none-eabi/14.3 rel1/arm-none-eabi/include/c++/14.3.1/bits\stl_vector.h ****       /**
 578:C:/Program Files (x86)/Arm GNU Toolchain arm-none-eabi/14.3 rel1/arm-none-eabi/include/c++/14.3.1/bits\stl_vector.h ****        *  @brief  Creates a %vector with copies of an exemplar element.
 579:C:/Program Files (x86)/Arm GNU Toolchain arm-none-eabi/14.3 rel1/arm-none-eabi/include/c++/14.3.1/bits\stl_vector.h ****        *  @param  __n  The number of elements to initially create.
 580:C:/Program Files (x86)/Arm GNU Toolchain arm-none-eabi/14.3 rel1/arm-none-eabi/include/c++/14.3.1/bits\stl_vector.h ****        *  @param  __value  An element to copy.
 581:C:/Program Files (x86)/Arm GNU Toolchain arm-none-eabi/14.3 rel1/arm-none-eabi/include/c++/14.3.1/bits\stl_vector.h ****        *  @param  __a  An allocator.
 582:C:/Program Files (x86)/Arm GNU Toolchain arm-none-eabi/14.3 rel1/arm-none-eabi/include/c++/14.3.1/bits\stl_vector.h ****        *
 583:C:/Program Files (x86)/Arm GNU Toolchain arm-none-eabi/14.3 rel1/arm-none-eabi/include/c++/14.3.1/bits\stl_vector.h ****        *  This constructor fills the %vector with @a __n copies of @a __value.
 584:C:/Program Files (x86)/Arm GNU Toolchain arm-none-eabi/14.3 rel1/arm-none-eabi/include/c++/14.3.1/bits\stl_vector.h ****        */
 585:C:/Program Files (x86)/Arm GNU Toolchain arm-none-eabi/14.3 rel1/arm-none-eabi/include/c++/14.3.1/bits\stl_vector.h ****       explicit
 586:C:/Program Files (x86)/Arm GNU Toolchain arm-none-eabi/14.3 rel1/arm-none-eabi/include/c++/14.3.1/bits\stl_vector.h ****       vector(size_type __n, const value_type& __value = value_type(),
 587:C:/Program Files (x86)/Arm GNU Toolchain arm-none-eabi/14.3 rel1/arm-none-eabi/include/c++/14.3.1/bits\stl_vector.h **** 	     const allocator_type& __a = allocator_type())
 588:C:/Program Files (x86)/Arm GNU Toolchain arm-none-eabi/14.3 rel1/arm-none-eabi/include/c++/14.3.1/bits\stl_vector.h ****       : _Base(_S_check_init_len(__n, __a), __a)
 589:C:/Program Files (x86)/Arm GNU Toolchain arm-none-eabi/14.3 rel1/arm-none-eabi/include/c++/14.3.1/bits\stl_vector.h ****       { _M_fill_initialize(__n, __value); }
 590:C:/Program Files (x86)/Arm GNU Toolchain arm-none-eabi/14.3 rel1/arm-none-eabi/include/c++/14.3.1/bits\stl_vector.h **** #endif
 591:C:/Program Files (x86)/Arm GNU Toolchain arm-none-eabi/14.3 rel1/arm-none-eabi/include/c++/14.3.1/bits\stl_vector.h **** 
 592:C:/Program Files (x86)/Arm GNU Toolchain arm-none-eabi/14.3 rel1/arm-none-eabi/include/c++/14.3.1/bits\stl_vector.h ****       /**
 593:C:/Program Files (x86)/Arm GNU Toolchain arm-none-eabi/14.3 rel1/arm-none-eabi/include/c++/14.3.1/bits\stl_vector.h ****        *  @brief  %Vector copy constructor.
 594:C:/Program Files (x86)/Arm GNU Toolchain arm-none-eabi/14.3 rel1/arm-none-eabi/include/c++/14.3.1/bits\stl_vector.h ****        *  @param  __x  A %vector of identical element and allocator types.
 595:C:/Program Files (x86)/Arm GNU Toolchain arm-none-eabi/14.3 rel1/arm-none-eabi/include/c++/14.3.1/bits\stl_vector.h ****        *
 596:C:/Program Files (x86)/Arm GNU Toolchain arm-none-eabi/14.3 rel1/arm-none-eabi/include/c++/14.3.1/bits\stl_vector.h ****        *  All the elements of @a __x are copied, but any unused capacity in
 597:C:/Program Files (x86)/Arm GNU Toolchain arm-none-eabi/14.3 rel1/arm-none-eabi/include/c++/14.3.1/bits\stl_vector.h ****        *  @a __x  will not be copied
 598:C:/Program Files (x86)/Arm GNU Toolchain arm-none-eabi/14.3 rel1/arm-none-eabi/include/c++/14.3.1/bits\stl_vector.h ****        *  (i.e. capacity() == size() in the new %vector).
 599:C:/Program Files (x86)/Arm GNU Toolchain arm-none-eabi/14.3 rel1/arm-none-eabi/include/c++/14.3.1/bits\stl_vector.h ****        *
ARM GAS  C:\Users\Oliver\AppData\Local\Temp\ccb1Hde1.s 			page 18


 600:C:/Program Files (x86)/Arm GNU Toolchain arm-none-eabi/14.3 rel1/arm-none-eabi/include/c++/14.3.1/bits\stl_vector.h ****        *  The newly-created %vector uses a copy of the allocator object used
 601:C:/Program Files (x86)/Arm GNU Toolchain arm-none-eabi/14.3 rel1/arm-none-eabi/include/c++/14.3.1/bits\stl_vector.h ****        *  by @a __x (unless the allocator traits dictate a different object).
 602:C:/Program Files (x86)/Arm GNU Toolchain arm-none-eabi/14.3 rel1/arm-none-eabi/include/c++/14.3.1/bits\stl_vector.h ****        */
 603:C:/Program Files (x86)/Arm GNU Toolchain arm-none-eabi/14.3 rel1/arm-none-eabi/include/c++/14.3.1/bits\stl_vector.h ****       _GLIBCXX20_CONSTEXPR
 604:C:/Program Files (x86)/Arm GNU Toolchain arm-none-eabi/14.3 rel1/arm-none-eabi/include/c++/14.3.1/bits\stl_vector.h ****       vector(const vector& __x)
 605:C:/Program Files (x86)/Arm GNU Toolchain arm-none-eabi/14.3 rel1/arm-none-eabi/include/c++/14.3.1/bits\stl_vector.h ****       : _Base(__x.size(),
 606:C:/Program Files (x86)/Arm GNU Toolchain arm-none-eabi/14.3 rel1/arm-none-eabi/include/c++/14.3.1/bits\stl_vector.h **** 	_Alloc_traits::_S_select_on_copy(__x._M_get_Tp_allocator()))
 607:C:/Program Files (x86)/Arm GNU Toolchain arm-none-eabi/14.3 rel1/arm-none-eabi/include/c++/14.3.1/bits\stl_vector.h ****       {
 608:C:/Program Files (x86)/Arm GNU Toolchain arm-none-eabi/14.3 rel1/arm-none-eabi/include/c++/14.3.1/bits\stl_vector.h **** 	this->_M_impl._M_finish =
 609:C:/Program Files (x86)/Arm GNU Toolchain arm-none-eabi/14.3 rel1/arm-none-eabi/include/c++/14.3.1/bits\stl_vector.h **** 	  std::__uninitialized_copy_a(__x.begin(), __x.end(),
 610:C:/Program Files (x86)/Arm GNU Toolchain arm-none-eabi/14.3 rel1/arm-none-eabi/include/c++/14.3.1/bits\stl_vector.h **** 				      this->_M_impl._M_start,
 611:C:/Program Files (x86)/Arm GNU Toolchain arm-none-eabi/14.3 rel1/arm-none-eabi/include/c++/14.3.1/bits\stl_vector.h **** 				      _M_get_Tp_allocator());
 612:C:/Program Files (x86)/Arm GNU Toolchain arm-none-eabi/14.3 rel1/arm-none-eabi/include/c++/14.3.1/bits\stl_vector.h ****       }
 613:C:/Program Files (x86)/Arm GNU Toolchain arm-none-eabi/14.3 rel1/arm-none-eabi/include/c++/14.3.1/bits\stl_vector.h **** 
 614:C:/Program Files (x86)/Arm GNU Toolchain arm-none-eabi/14.3 rel1/arm-none-eabi/include/c++/14.3.1/bits\stl_vector.h **** #if __cplusplus >= 201103L
 615:C:/Program Files (x86)/Arm GNU Toolchain arm-none-eabi/14.3 rel1/arm-none-eabi/include/c++/14.3.1/bits\stl_vector.h ****       /**
 616:C:/Program Files (x86)/Arm GNU Toolchain arm-none-eabi/14.3 rel1/arm-none-eabi/include/c++/14.3.1/bits\stl_vector.h ****        *  @brief  %Vector move constructor.
 617:C:/Program Files (x86)/Arm GNU Toolchain arm-none-eabi/14.3 rel1/arm-none-eabi/include/c++/14.3.1/bits\stl_vector.h ****        *
 618:C:/Program Files (x86)/Arm GNU Toolchain arm-none-eabi/14.3 rel1/arm-none-eabi/include/c++/14.3.1/bits\stl_vector.h ****        *  The newly-created %vector contains the exact contents of the
 619:C:/Program Files (x86)/Arm GNU Toolchain arm-none-eabi/14.3 rel1/arm-none-eabi/include/c++/14.3.1/bits\stl_vector.h ****        *  moved instance.
 620:C:/Program Files (x86)/Arm GNU Toolchain arm-none-eabi/14.3 rel1/arm-none-eabi/include/c++/14.3.1/bits\stl_vector.h ****        *  The contents of the moved instance are a valid, but unspecified
 621:C:/Program Files (x86)/Arm GNU Toolchain arm-none-eabi/14.3 rel1/arm-none-eabi/include/c++/14.3.1/bits\stl_vector.h ****        *  %vector.
 622:C:/Program Files (x86)/Arm GNU Toolchain arm-none-eabi/14.3 rel1/arm-none-eabi/include/c++/14.3.1/bits\stl_vector.h ****        */
 623:C:/Program Files (x86)/Arm GNU Toolchain arm-none-eabi/14.3 rel1/arm-none-eabi/include/c++/14.3.1/bits\stl_vector.h ****       vector(vector&&) noexcept = default;
 624:C:/Program Files (x86)/Arm GNU Toolchain arm-none-eabi/14.3 rel1/arm-none-eabi/include/c++/14.3.1/bits\stl_vector.h **** 
 625:C:/Program Files (x86)/Arm GNU Toolchain arm-none-eabi/14.3 rel1/arm-none-eabi/include/c++/14.3.1/bits\stl_vector.h ****       /// Copy constructor with alternative allocator
 626:C:/Program Files (x86)/Arm GNU Toolchain arm-none-eabi/14.3 rel1/arm-none-eabi/include/c++/14.3.1/bits\stl_vector.h ****       _GLIBCXX20_CONSTEXPR
 627:C:/Program Files (x86)/Arm GNU Toolchain arm-none-eabi/14.3 rel1/arm-none-eabi/include/c++/14.3.1/bits\stl_vector.h ****       vector(const vector& __x, const __type_identity_t<allocator_type>& __a)
 628:C:/Program Files (x86)/Arm GNU Toolchain arm-none-eabi/14.3 rel1/arm-none-eabi/include/c++/14.3.1/bits\stl_vector.h ****       : _Base(__x.size(), __a)
 629:C:/Program Files (x86)/Arm GNU Toolchain arm-none-eabi/14.3 rel1/arm-none-eabi/include/c++/14.3.1/bits\stl_vector.h ****       {
 630:C:/Program Files (x86)/Arm GNU Toolchain arm-none-eabi/14.3 rel1/arm-none-eabi/include/c++/14.3.1/bits\stl_vector.h **** 	this->_M_impl._M_finish =
 631:C:/Program Files (x86)/Arm GNU Toolchain arm-none-eabi/14.3 rel1/arm-none-eabi/include/c++/14.3.1/bits\stl_vector.h **** 	  std::__uninitialized_copy_a(__x.begin(), __x.end(),
 632:C:/Program Files (x86)/Arm GNU Toolchain arm-none-eabi/14.3 rel1/arm-none-eabi/include/c++/14.3.1/bits\stl_vector.h **** 				      this->_M_impl._M_start,
 633:C:/Program Files (x86)/Arm GNU Toolchain arm-none-eabi/14.3 rel1/arm-none-eabi/include/c++/14.3.1/bits\stl_vector.h **** 				      _M_get_Tp_allocator());
 634:C:/Program Files (x86)/Arm GNU Toolchain arm-none-eabi/14.3 rel1/arm-none-eabi/include/c++/14.3.1/bits\stl_vector.h ****       }
 635:C:/Program Files (x86)/Arm GNU Toolchain arm-none-eabi/14.3 rel1/arm-none-eabi/include/c++/14.3.1/bits\stl_vector.h **** 
 636:C:/Program Files (x86)/Arm GNU Toolchain arm-none-eabi/14.3 rel1/arm-none-eabi/include/c++/14.3.1/bits\stl_vector.h ****     private:
 637:C:/Program Files (x86)/Arm GNU Toolchain arm-none-eabi/14.3 rel1/arm-none-eabi/include/c++/14.3.1/bits\stl_vector.h ****       _GLIBCXX20_CONSTEXPR
 638:C:/Program Files (x86)/Arm GNU Toolchain arm-none-eabi/14.3 rel1/arm-none-eabi/include/c++/14.3.1/bits\stl_vector.h ****       vector(vector&& __rv, const allocator_type& __m, true_type) noexcept
 639:C:/Program Files (x86)/Arm GNU Toolchain arm-none-eabi/14.3 rel1/arm-none-eabi/include/c++/14.3.1/bits\stl_vector.h ****       : _Base(__m, std::move(__rv))
 640:C:/Program Files (x86)/Arm GNU Toolchain arm-none-eabi/14.3 rel1/arm-none-eabi/include/c++/14.3.1/bits\stl_vector.h ****       { }
 641:C:/Program Files (x86)/Arm GNU Toolchain arm-none-eabi/14.3 rel1/arm-none-eabi/include/c++/14.3.1/bits\stl_vector.h **** 
 642:C:/Program Files (x86)/Arm GNU Toolchain arm-none-eabi/14.3 rel1/arm-none-eabi/include/c++/14.3.1/bits\stl_vector.h ****       _GLIBCXX20_CONSTEXPR
 643:C:/Program Files (x86)/Arm GNU Toolchain arm-none-eabi/14.3 rel1/arm-none-eabi/include/c++/14.3.1/bits\stl_vector.h ****       vector(vector&& __rv, const allocator_type& __m, false_type)
 644:C:/Program Files (x86)/Arm GNU Toolchain arm-none-eabi/14.3 rel1/arm-none-eabi/include/c++/14.3.1/bits\stl_vector.h ****       : _Base(__m)
 645:C:/Program Files (x86)/Arm GNU Toolchain arm-none-eabi/14.3 rel1/arm-none-eabi/include/c++/14.3.1/bits\stl_vector.h ****       {
 646:C:/Program Files (x86)/Arm GNU Toolchain arm-none-eabi/14.3 rel1/arm-none-eabi/include/c++/14.3.1/bits\stl_vector.h **** 	if (__rv.get_allocator() == __m)
 647:C:/Program Files (x86)/Arm GNU Toolchain arm-none-eabi/14.3 rel1/arm-none-eabi/include/c++/14.3.1/bits\stl_vector.h **** 	  this->_M_impl._M_swap_data(__rv._M_impl);
 648:C:/Program Files (x86)/Arm GNU Toolchain arm-none-eabi/14.3 rel1/arm-none-eabi/include/c++/14.3.1/bits\stl_vector.h **** 	else if (!__rv.empty())
 649:C:/Program Files (x86)/Arm GNU Toolchain arm-none-eabi/14.3 rel1/arm-none-eabi/include/c++/14.3.1/bits\stl_vector.h **** 	  {
 650:C:/Program Files (x86)/Arm GNU Toolchain arm-none-eabi/14.3 rel1/arm-none-eabi/include/c++/14.3.1/bits\stl_vector.h **** 	    this->_M_create_storage(__rv.size());
 651:C:/Program Files (x86)/Arm GNU Toolchain arm-none-eabi/14.3 rel1/arm-none-eabi/include/c++/14.3.1/bits\stl_vector.h **** 	    this->_M_impl._M_finish =
 652:C:/Program Files (x86)/Arm GNU Toolchain arm-none-eabi/14.3 rel1/arm-none-eabi/include/c++/14.3.1/bits\stl_vector.h **** 	      std::__uninitialized_move_a(__rv.begin(), __rv.end(),
 653:C:/Program Files (x86)/Arm GNU Toolchain arm-none-eabi/14.3 rel1/arm-none-eabi/include/c++/14.3.1/bits\stl_vector.h **** 					  this->_M_impl._M_start,
 654:C:/Program Files (x86)/Arm GNU Toolchain arm-none-eabi/14.3 rel1/arm-none-eabi/include/c++/14.3.1/bits\stl_vector.h **** 					  _M_get_Tp_allocator());
 655:C:/Program Files (x86)/Arm GNU Toolchain arm-none-eabi/14.3 rel1/arm-none-eabi/include/c++/14.3.1/bits\stl_vector.h **** 	    __rv.clear();
 656:C:/Program Files (x86)/Arm GNU Toolchain arm-none-eabi/14.3 rel1/arm-none-eabi/include/c++/14.3.1/bits\stl_vector.h **** 	  }
ARM GAS  C:\Users\Oliver\AppData\Local\Temp\ccb1Hde1.s 			page 19


 657:C:/Program Files (x86)/Arm GNU Toolchain arm-none-eabi/14.3 rel1/arm-none-eabi/include/c++/14.3.1/bits\stl_vector.h ****       }
 658:C:/Program Files (x86)/Arm GNU Toolchain arm-none-eabi/14.3 rel1/arm-none-eabi/include/c++/14.3.1/bits\stl_vector.h **** 
 659:C:/Program Files (x86)/Arm GNU Toolchain arm-none-eabi/14.3 rel1/arm-none-eabi/include/c++/14.3.1/bits\stl_vector.h ****     public:
 660:C:/Program Files (x86)/Arm GNU Toolchain arm-none-eabi/14.3 rel1/arm-none-eabi/include/c++/14.3.1/bits\stl_vector.h ****       /// Move constructor with alternative allocator
 661:C:/Program Files (x86)/Arm GNU Toolchain arm-none-eabi/14.3 rel1/arm-none-eabi/include/c++/14.3.1/bits\stl_vector.h ****       _GLIBCXX20_CONSTEXPR
 662:C:/Program Files (x86)/Arm GNU Toolchain arm-none-eabi/14.3 rel1/arm-none-eabi/include/c++/14.3.1/bits\stl_vector.h ****       vector(vector&& __rv, const __type_identity_t<allocator_type>& __m)
 663:C:/Program Files (x86)/Arm GNU Toolchain arm-none-eabi/14.3 rel1/arm-none-eabi/include/c++/14.3.1/bits\stl_vector.h ****       noexcept( noexcept(
 664:C:/Program Files (x86)/Arm GNU Toolchain arm-none-eabi/14.3 rel1/arm-none-eabi/include/c++/14.3.1/bits\stl_vector.h **** 	vector(std::declval<vector&&>(), std::declval<const allocator_type&>(),
 665:C:/Program Files (x86)/Arm GNU Toolchain arm-none-eabi/14.3 rel1/arm-none-eabi/include/c++/14.3.1/bits\stl_vector.h **** 	       std::declval<typename _Alloc_traits::is_always_equal>())) )
 666:C:/Program Files (x86)/Arm GNU Toolchain arm-none-eabi/14.3 rel1/arm-none-eabi/include/c++/14.3.1/bits\stl_vector.h ****       : vector(std::move(__rv), __m, typename _Alloc_traits::is_always_equal{})
 667:C:/Program Files (x86)/Arm GNU Toolchain arm-none-eabi/14.3 rel1/arm-none-eabi/include/c++/14.3.1/bits\stl_vector.h ****       { }
 668:C:/Program Files (x86)/Arm GNU Toolchain arm-none-eabi/14.3 rel1/arm-none-eabi/include/c++/14.3.1/bits\stl_vector.h **** 
 669:C:/Program Files (x86)/Arm GNU Toolchain arm-none-eabi/14.3 rel1/arm-none-eabi/include/c++/14.3.1/bits\stl_vector.h ****       /**
 670:C:/Program Files (x86)/Arm GNU Toolchain arm-none-eabi/14.3 rel1/arm-none-eabi/include/c++/14.3.1/bits\stl_vector.h ****        *  @brief  Builds a %vector from an initializer list.
 671:C:/Program Files (x86)/Arm GNU Toolchain arm-none-eabi/14.3 rel1/arm-none-eabi/include/c++/14.3.1/bits\stl_vector.h ****        *  @param  __l  An initializer_list.
 672:C:/Program Files (x86)/Arm GNU Toolchain arm-none-eabi/14.3 rel1/arm-none-eabi/include/c++/14.3.1/bits\stl_vector.h ****        *  @param  __a  An allocator.
 673:C:/Program Files (x86)/Arm GNU Toolchain arm-none-eabi/14.3 rel1/arm-none-eabi/include/c++/14.3.1/bits\stl_vector.h ****        *
 674:C:/Program Files (x86)/Arm GNU Toolchain arm-none-eabi/14.3 rel1/arm-none-eabi/include/c++/14.3.1/bits\stl_vector.h ****        *  Create a %vector consisting of copies of the elements in the
 675:C:/Program Files (x86)/Arm GNU Toolchain arm-none-eabi/14.3 rel1/arm-none-eabi/include/c++/14.3.1/bits\stl_vector.h ****        *  initializer_list @a __l.
 676:C:/Program Files (x86)/Arm GNU Toolchain arm-none-eabi/14.3 rel1/arm-none-eabi/include/c++/14.3.1/bits\stl_vector.h ****        *
 677:C:/Program Files (x86)/Arm GNU Toolchain arm-none-eabi/14.3 rel1/arm-none-eabi/include/c++/14.3.1/bits\stl_vector.h ****        *  This will call the element type's copy constructor N times
 678:C:/Program Files (x86)/Arm GNU Toolchain arm-none-eabi/14.3 rel1/arm-none-eabi/include/c++/14.3.1/bits\stl_vector.h ****        *  (where N is @a __l.size()) and do no memory reallocation.
 679:C:/Program Files (x86)/Arm GNU Toolchain arm-none-eabi/14.3 rel1/arm-none-eabi/include/c++/14.3.1/bits\stl_vector.h ****        */
 680:C:/Program Files (x86)/Arm GNU Toolchain arm-none-eabi/14.3 rel1/arm-none-eabi/include/c++/14.3.1/bits\stl_vector.h ****       _GLIBCXX20_CONSTEXPR
 681:C:/Program Files (x86)/Arm GNU Toolchain arm-none-eabi/14.3 rel1/arm-none-eabi/include/c++/14.3.1/bits\stl_vector.h ****       vector(initializer_list<value_type> __l,
 682:C:/Program Files (x86)/Arm GNU Toolchain arm-none-eabi/14.3 rel1/arm-none-eabi/include/c++/14.3.1/bits\stl_vector.h **** 	     const allocator_type& __a = allocator_type())
 683:C:/Program Files (x86)/Arm GNU Toolchain arm-none-eabi/14.3 rel1/arm-none-eabi/include/c++/14.3.1/bits\stl_vector.h ****       : _Base(__a)
 684:C:/Program Files (x86)/Arm GNU Toolchain arm-none-eabi/14.3 rel1/arm-none-eabi/include/c++/14.3.1/bits\stl_vector.h ****       {
 685:C:/Program Files (x86)/Arm GNU Toolchain arm-none-eabi/14.3 rel1/arm-none-eabi/include/c++/14.3.1/bits\stl_vector.h **** 	_M_range_initialize_n(__l.begin(), __l.end(), __l.size());
 686:C:/Program Files (x86)/Arm GNU Toolchain arm-none-eabi/14.3 rel1/arm-none-eabi/include/c++/14.3.1/bits\stl_vector.h ****       }
 687:C:/Program Files (x86)/Arm GNU Toolchain arm-none-eabi/14.3 rel1/arm-none-eabi/include/c++/14.3.1/bits\stl_vector.h **** #endif
 688:C:/Program Files (x86)/Arm GNU Toolchain arm-none-eabi/14.3 rel1/arm-none-eabi/include/c++/14.3.1/bits\stl_vector.h **** 
 689:C:/Program Files (x86)/Arm GNU Toolchain arm-none-eabi/14.3 rel1/arm-none-eabi/include/c++/14.3.1/bits\stl_vector.h ****       /**
 690:C:/Program Files (x86)/Arm GNU Toolchain arm-none-eabi/14.3 rel1/arm-none-eabi/include/c++/14.3.1/bits\stl_vector.h ****        *  @brief  Builds a %vector from a range.
 691:C:/Program Files (x86)/Arm GNU Toolchain arm-none-eabi/14.3 rel1/arm-none-eabi/include/c++/14.3.1/bits\stl_vector.h ****        *  @param  __first  An input iterator.
 692:C:/Program Files (x86)/Arm GNU Toolchain arm-none-eabi/14.3 rel1/arm-none-eabi/include/c++/14.3.1/bits\stl_vector.h ****        *  @param  __last  An input iterator.
 693:C:/Program Files (x86)/Arm GNU Toolchain arm-none-eabi/14.3 rel1/arm-none-eabi/include/c++/14.3.1/bits\stl_vector.h ****        *  @param  __a  An allocator.
 694:C:/Program Files (x86)/Arm GNU Toolchain arm-none-eabi/14.3 rel1/arm-none-eabi/include/c++/14.3.1/bits\stl_vector.h ****        *
 695:C:/Program Files (x86)/Arm GNU Toolchain arm-none-eabi/14.3 rel1/arm-none-eabi/include/c++/14.3.1/bits\stl_vector.h ****        *  Create a %vector consisting of copies of the elements from
 696:C:/Program Files (x86)/Arm GNU Toolchain arm-none-eabi/14.3 rel1/arm-none-eabi/include/c++/14.3.1/bits\stl_vector.h ****        *  [first,last).
 697:C:/Program Files (x86)/Arm GNU Toolchain arm-none-eabi/14.3 rel1/arm-none-eabi/include/c++/14.3.1/bits\stl_vector.h ****        *
 698:C:/Program Files (x86)/Arm GNU Toolchain arm-none-eabi/14.3 rel1/arm-none-eabi/include/c++/14.3.1/bits\stl_vector.h ****        *  If the iterators are forward, bidirectional, or
 699:C:/Program Files (x86)/Arm GNU Toolchain arm-none-eabi/14.3 rel1/arm-none-eabi/include/c++/14.3.1/bits\stl_vector.h ****        *  random-access, then this will call the elements' copy
 700:C:/Program Files (x86)/Arm GNU Toolchain arm-none-eabi/14.3 rel1/arm-none-eabi/include/c++/14.3.1/bits\stl_vector.h ****        *  constructor N times (where N is distance(first,last)) and do
 701:C:/Program Files (x86)/Arm GNU Toolchain arm-none-eabi/14.3 rel1/arm-none-eabi/include/c++/14.3.1/bits\stl_vector.h ****        *  no memory reallocation.  But if only input iterators are
 702:C:/Program Files (x86)/Arm GNU Toolchain arm-none-eabi/14.3 rel1/arm-none-eabi/include/c++/14.3.1/bits\stl_vector.h ****        *  used, then this will do at most 2N calls to the copy
 703:C:/Program Files (x86)/Arm GNU Toolchain arm-none-eabi/14.3 rel1/arm-none-eabi/include/c++/14.3.1/bits\stl_vector.h ****        *  constructor, and logN memory reallocations.
 704:C:/Program Files (x86)/Arm GNU Toolchain arm-none-eabi/14.3 rel1/arm-none-eabi/include/c++/14.3.1/bits\stl_vector.h ****        */
 705:C:/Program Files (x86)/Arm GNU Toolchain arm-none-eabi/14.3 rel1/arm-none-eabi/include/c++/14.3.1/bits\stl_vector.h **** #if __cplusplus >= 201103L
 706:C:/Program Files (x86)/Arm GNU Toolchain arm-none-eabi/14.3 rel1/arm-none-eabi/include/c++/14.3.1/bits\stl_vector.h ****       template<typename _InputIterator,
 707:C:/Program Files (x86)/Arm GNU Toolchain arm-none-eabi/14.3 rel1/arm-none-eabi/include/c++/14.3.1/bits\stl_vector.h **** 	       typename = std::_RequireInputIter<_InputIterator>>
 708:C:/Program Files (x86)/Arm GNU Toolchain arm-none-eabi/14.3 rel1/arm-none-eabi/include/c++/14.3.1/bits\stl_vector.h **** 	_GLIBCXX20_CONSTEXPR
 709:C:/Program Files (x86)/Arm GNU Toolchain arm-none-eabi/14.3 rel1/arm-none-eabi/include/c++/14.3.1/bits\stl_vector.h **** 	vector(_InputIterator __first, _InputIterator __last,
 710:C:/Program Files (x86)/Arm GNU Toolchain arm-none-eabi/14.3 rel1/arm-none-eabi/include/c++/14.3.1/bits\stl_vector.h **** 	       const allocator_type& __a = allocator_type())
 711:C:/Program Files (x86)/Arm GNU Toolchain arm-none-eabi/14.3 rel1/arm-none-eabi/include/c++/14.3.1/bits\stl_vector.h **** 	: _Base(__a)
 712:C:/Program Files (x86)/Arm GNU Toolchain arm-none-eabi/14.3 rel1/arm-none-eabi/include/c++/14.3.1/bits\stl_vector.h **** 	{
 713:C:/Program Files (x86)/Arm GNU Toolchain arm-none-eabi/14.3 rel1/arm-none-eabi/include/c++/14.3.1/bits\stl_vector.h **** #if __glibcxx_concepts // C++ >= C++20
ARM GAS  C:\Users\Oliver\AppData\Local\Temp\ccb1Hde1.s 			page 20


 714:C:/Program Files (x86)/Arm GNU Toolchain arm-none-eabi/14.3 rel1/arm-none-eabi/include/c++/14.3.1/bits\stl_vector.h **** 	  if constexpr (sized_sentinel_for<_InputIterator, _InputIterator>
 715:C:/Program Files (x86)/Arm GNU Toolchain arm-none-eabi/14.3 rel1/arm-none-eabi/include/c++/14.3.1/bits\stl_vector.h **** 			  || forward_iterator<_InputIterator>)
 716:C:/Program Files (x86)/Arm GNU Toolchain arm-none-eabi/14.3 rel1/arm-none-eabi/include/c++/14.3.1/bits\stl_vector.h **** 	    {
 717:C:/Program Files (x86)/Arm GNU Toolchain arm-none-eabi/14.3 rel1/arm-none-eabi/include/c++/14.3.1/bits\stl_vector.h **** 	      const auto __n
 718:C:/Program Files (x86)/Arm GNU Toolchain arm-none-eabi/14.3 rel1/arm-none-eabi/include/c++/14.3.1/bits\stl_vector.h **** 		= static_cast<size_type>(ranges::distance(__first, __last));
 719:C:/Program Files (x86)/Arm GNU Toolchain arm-none-eabi/14.3 rel1/arm-none-eabi/include/c++/14.3.1/bits\stl_vector.h **** 	      _M_range_initialize_n(__first, __last, __n);
 720:C:/Program Files (x86)/Arm GNU Toolchain arm-none-eabi/14.3 rel1/arm-none-eabi/include/c++/14.3.1/bits\stl_vector.h **** 	      return;
 721:C:/Program Files (x86)/Arm GNU Toolchain arm-none-eabi/14.3 rel1/arm-none-eabi/include/c++/14.3.1/bits\stl_vector.h **** 	    }
 722:C:/Program Files (x86)/Arm GNU Toolchain arm-none-eabi/14.3 rel1/arm-none-eabi/include/c++/14.3.1/bits\stl_vector.h **** 	  else
 723:C:/Program Files (x86)/Arm GNU Toolchain arm-none-eabi/14.3 rel1/arm-none-eabi/include/c++/14.3.1/bits\stl_vector.h **** #endif
 724:C:/Program Files (x86)/Arm GNU Toolchain arm-none-eabi/14.3 rel1/arm-none-eabi/include/c++/14.3.1/bits\stl_vector.h **** 	  _M_range_initialize(__first, __last,
 725:C:/Program Files (x86)/Arm GNU Toolchain arm-none-eabi/14.3 rel1/arm-none-eabi/include/c++/14.3.1/bits\stl_vector.h **** 			      std::__iterator_category(__first));
 726:C:/Program Files (x86)/Arm GNU Toolchain arm-none-eabi/14.3 rel1/arm-none-eabi/include/c++/14.3.1/bits\stl_vector.h **** 	}
 727:C:/Program Files (x86)/Arm GNU Toolchain arm-none-eabi/14.3 rel1/arm-none-eabi/include/c++/14.3.1/bits\stl_vector.h **** #else
 728:C:/Program Files (x86)/Arm GNU Toolchain arm-none-eabi/14.3 rel1/arm-none-eabi/include/c++/14.3.1/bits\stl_vector.h ****       template<typename _InputIterator>
 729:C:/Program Files (x86)/Arm GNU Toolchain arm-none-eabi/14.3 rel1/arm-none-eabi/include/c++/14.3.1/bits\stl_vector.h **** 	vector(_InputIterator __first, _InputIterator __last,
 730:C:/Program Files (x86)/Arm GNU Toolchain arm-none-eabi/14.3 rel1/arm-none-eabi/include/c++/14.3.1/bits\stl_vector.h **** 	       const allocator_type& __a = allocator_type())
 731:C:/Program Files (x86)/Arm GNU Toolchain arm-none-eabi/14.3 rel1/arm-none-eabi/include/c++/14.3.1/bits\stl_vector.h **** 	: _Base(__a)
 732:C:/Program Files (x86)/Arm GNU Toolchain arm-none-eabi/14.3 rel1/arm-none-eabi/include/c++/14.3.1/bits\stl_vector.h **** 	{
 733:C:/Program Files (x86)/Arm GNU Toolchain arm-none-eabi/14.3 rel1/arm-none-eabi/include/c++/14.3.1/bits\stl_vector.h **** 	  // Check whether it's an integral type.  If so, it's not an iterator.
 734:C:/Program Files (x86)/Arm GNU Toolchain arm-none-eabi/14.3 rel1/arm-none-eabi/include/c++/14.3.1/bits\stl_vector.h **** 	  typedef typename std::__is_integer<_InputIterator>::__type _Integral;
 735:C:/Program Files (x86)/Arm GNU Toolchain arm-none-eabi/14.3 rel1/arm-none-eabi/include/c++/14.3.1/bits\stl_vector.h **** 	  _M_initialize_dispatch(__first, __last, _Integral());
 736:C:/Program Files (x86)/Arm GNU Toolchain arm-none-eabi/14.3 rel1/arm-none-eabi/include/c++/14.3.1/bits\stl_vector.h **** 	}
 737:C:/Program Files (x86)/Arm GNU Toolchain arm-none-eabi/14.3 rel1/arm-none-eabi/include/c++/14.3.1/bits\stl_vector.h **** #endif
 738:C:/Program Files (x86)/Arm GNU Toolchain arm-none-eabi/14.3 rel1/arm-none-eabi/include/c++/14.3.1/bits\stl_vector.h **** 
 739:C:/Program Files (x86)/Arm GNU Toolchain arm-none-eabi/14.3 rel1/arm-none-eabi/include/c++/14.3.1/bits\stl_vector.h ****       /**
 740:C:/Program Files (x86)/Arm GNU Toolchain arm-none-eabi/14.3 rel1/arm-none-eabi/include/c++/14.3.1/bits\stl_vector.h ****        *  The dtor only erases the elements, and note that if the
 741:C:/Program Files (x86)/Arm GNU Toolchain arm-none-eabi/14.3 rel1/arm-none-eabi/include/c++/14.3.1/bits\stl_vector.h ****        *  elements themselves are pointers, the pointed-to memory is
 742:C:/Program Files (x86)/Arm GNU Toolchain arm-none-eabi/14.3 rel1/arm-none-eabi/include/c++/14.3.1/bits\stl_vector.h ****        *  not touched in any way.  Managing the pointer is the user's
 743:C:/Program Files (x86)/Arm GNU Toolchain arm-none-eabi/14.3 rel1/arm-none-eabi/include/c++/14.3.1/bits\stl_vector.h ****        *  responsibility.
 744:C:/Program Files (x86)/Arm GNU Toolchain arm-none-eabi/14.3 rel1/arm-none-eabi/include/c++/14.3.1/bits\stl_vector.h ****        */
 745:C:/Program Files (x86)/Arm GNU Toolchain arm-none-eabi/14.3 rel1/arm-none-eabi/include/c++/14.3.1/bits\stl_vector.h ****       _GLIBCXX20_CONSTEXPR
 746:C:/Program Files (x86)/Arm GNU Toolchain arm-none-eabi/14.3 rel1/arm-none-eabi/include/c++/14.3.1/bits\stl_vector.h ****       ~vector() _GLIBCXX_NOEXCEPT
 747:C:/Program Files (x86)/Arm GNU Toolchain arm-none-eabi/14.3 rel1/arm-none-eabi/include/c++/14.3.1/bits\stl_vector.h ****       {
 748:C:/Program Files (x86)/Arm GNU Toolchain arm-none-eabi/14.3 rel1/arm-none-eabi/include/c++/14.3.1/bits\stl_vector.h **** 	std::_Destroy(this->_M_impl._M_start, this->_M_impl._M_finish,
 749:C:/Program Files (x86)/Arm GNU Toolchain arm-none-eabi/14.3 rel1/arm-none-eabi/include/c++/14.3.1/bits\stl_vector.h **** 		      _M_get_Tp_allocator());
 750:C:/Program Files (x86)/Arm GNU Toolchain arm-none-eabi/14.3 rel1/arm-none-eabi/include/c++/14.3.1/bits\stl_vector.h **** 	_GLIBCXX_ASAN_ANNOTATE_BEFORE_DEALLOC;
 751:C:/Program Files (x86)/Arm GNU Toolchain arm-none-eabi/14.3 rel1/arm-none-eabi/include/c++/14.3.1/bits\stl_vector.h ****       }
 752:C:/Program Files (x86)/Arm GNU Toolchain arm-none-eabi/14.3 rel1/arm-none-eabi/include/c++/14.3.1/bits\stl_vector.h **** 
 753:C:/Program Files (x86)/Arm GNU Toolchain arm-none-eabi/14.3 rel1/arm-none-eabi/include/c++/14.3.1/bits\stl_vector.h ****       /**
 754:C:/Program Files (x86)/Arm GNU Toolchain arm-none-eabi/14.3 rel1/arm-none-eabi/include/c++/14.3.1/bits\stl_vector.h ****        *  @brief  %Vector assignment operator.
 755:C:/Program Files (x86)/Arm GNU Toolchain arm-none-eabi/14.3 rel1/arm-none-eabi/include/c++/14.3.1/bits\stl_vector.h ****        *  @param  __x  A %vector of identical element and allocator types.
 756:C:/Program Files (x86)/Arm GNU Toolchain arm-none-eabi/14.3 rel1/arm-none-eabi/include/c++/14.3.1/bits\stl_vector.h ****        *
 757:C:/Program Files (x86)/Arm GNU Toolchain arm-none-eabi/14.3 rel1/arm-none-eabi/include/c++/14.3.1/bits\stl_vector.h ****        *  All the elements of @a __x are copied, but any unused capacity in
 758:C:/Program Files (x86)/Arm GNU Toolchain arm-none-eabi/14.3 rel1/arm-none-eabi/include/c++/14.3.1/bits\stl_vector.h ****        *  @a __x will not be copied.
 759:C:/Program Files (x86)/Arm GNU Toolchain arm-none-eabi/14.3 rel1/arm-none-eabi/include/c++/14.3.1/bits\stl_vector.h ****        *
 760:C:/Program Files (x86)/Arm GNU Toolchain arm-none-eabi/14.3 rel1/arm-none-eabi/include/c++/14.3.1/bits\stl_vector.h ****        *  Whether the allocator is copied depends on the allocator traits.
 761:C:/Program Files (x86)/Arm GNU Toolchain arm-none-eabi/14.3 rel1/arm-none-eabi/include/c++/14.3.1/bits\stl_vector.h ****        */
 762:C:/Program Files (x86)/Arm GNU Toolchain arm-none-eabi/14.3 rel1/arm-none-eabi/include/c++/14.3.1/bits\stl_vector.h ****       _GLIBCXX20_CONSTEXPR
 763:C:/Program Files (x86)/Arm GNU Toolchain arm-none-eabi/14.3 rel1/arm-none-eabi/include/c++/14.3.1/bits\stl_vector.h ****       vector&
 764:C:/Program Files (x86)/Arm GNU Toolchain arm-none-eabi/14.3 rel1/arm-none-eabi/include/c++/14.3.1/bits\stl_vector.h ****       operator=(const vector& __x);
 765:C:/Program Files (x86)/Arm GNU Toolchain arm-none-eabi/14.3 rel1/arm-none-eabi/include/c++/14.3.1/bits\stl_vector.h **** 
 766:C:/Program Files (x86)/Arm GNU Toolchain arm-none-eabi/14.3 rel1/arm-none-eabi/include/c++/14.3.1/bits\stl_vector.h **** #if __cplusplus >= 201103L
 767:C:/Program Files (x86)/Arm GNU Toolchain arm-none-eabi/14.3 rel1/arm-none-eabi/include/c++/14.3.1/bits\stl_vector.h ****       /**
 768:C:/Program Files (x86)/Arm GNU Toolchain arm-none-eabi/14.3 rel1/arm-none-eabi/include/c++/14.3.1/bits\stl_vector.h ****        *  @brief  %Vector move assignment operator.
 769:C:/Program Files (x86)/Arm GNU Toolchain arm-none-eabi/14.3 rel1/arm-none-eabi/include/c++/14.3.1/bits\stl_vector.h ****        *  @param  __x  A %vector of identical element and allocator types.
 770:C:/Program Files (x86)/Arm GNU Toolchain arm-none-eabi/14.3 rel1/arm-none-eabi/include/c++/14.3.1/bits\stl_vector.h ****        *
ARM GAS  C:\Users\Oliver\AppData\Local\Temp\ccb1Hde1.s 			page 21


 771:C:/Program Files (x86)/Arm GNU Toolchain arm-none-eabi/14.3 rel1/arm-none-eabi/include/c++/14.3.1/bits\stl_vector.h ****        *  The contents of @a __x are moved into this %vector (without copying,
 772:C:/Program Files (x86)/Arm GNU Toolchain arm-none-eabi/14.3 rel1/arm-none-eabi/include/c++/14.3.1/bits\stl_vector.h ****        *  if the allocators permit it).
 773:C:/Program Files (x86)/Arm GNU Toolchain arm-none-eabi/14.3 rel1/arm-none-eabi/include/c++/14.3.1/bits\stl_vector.h ****        *  Afterwards @a __x is a valid, but unspecified %vector.
 774:C:/Program Files (x86)/Arm GNU Toolchain arm-none-eabi/14.3 rel1/arm-none-eabi/include/c++/14.3.1/bits\stl_vector.h ****        *
 775:C:/Program Files (x86)/Arm GNU Toolchain arm-none-eabi/14.3 rel1/arm-none-eabi/include/c++/14.3.1/bits\stl_vector.h ****        *  Whether the allocator is moved depends on the allocator traits.
 776:C:/Program Files (x86)/Arm GNU Toolchain arm-none-eabi/14.3 rel1/arm-none-eabi/include/c++/14.3.1/bits\stl_vector.h ****        */
 777:C:/Program Files (x86)/Arm GNU Toolchain arm-none-eabi/14.3 rel1/arm-none-eabi/include/c++/14.3.1/bits\stl_vector.h ****       _GLIBCXX20_CONSTEXPR
 778:C:/Program Files (x86)/Arm GNU Toolchain arm-none-eabi/14.3 rel1/arm-none-eabi/include/c++/14.3.1/bits\stl_vector.h ****       vector&
 779:C:/Program Files (x86)/Arm GNU Toolchain arm-none-eabi/14.3 rel1/arm-none-eabi/include/c++/14.3.1/bits\stl_vector.h ****       operator=(vector&& __x) noexcept(_Alloc_traits::_S_nothrow_move())
 780:C:/Program Files (x86)/Arm GNU Toolchain arm-none-eabi/14.3 rel1/arm-none-eabi/include/c++/14.3.1/bits\stl_vector.h ****       {
 781:C:/Program Files (x86)/Arm GNU Toolchain arm-none-eabi/14.3 rel1/arm-none-eabi/include/c++/14.3.1/bits\stl_vector.h **** 	constexpr bool __move_storage =
 782:C:/Program Files (x86)/Arm GNU Toolchain arm-none-eabi/14.3 rel1/arm-none-eabi/include/c++/14.3.1/bits\stl_vector.h **** 	  _Alloc_traits::_S_propagate_on_move_assign()
 783:C:/Program Files (x86)/Arm GNU Toolchain arm-none-eabi/14.3 rel1/arm-none-eabi/include/c++/14.3.1/bits\stl_vector.h **** 	  || _Alloc_traits::_S_always_equal();
 784:C:/Program Files (x86)/Arm GNU Toolchain arm-none-eabi/14.3 rel1/arm-none-eabi/include/c++/14.3.1/bits\stl_vector.h **** 	_M_move_assign(std::move(__x), __bool_constant<__move_storage>());
 785:C:/Program Files (x86)/Arm GNU Toolchain arm-none-eabi/14.3 rel1/arm-none-eabi/include/c++/14.3.1/bits\stl_vector.h **** 	return *this;
 786:C:/Program Files (x86)/Arm GNU Toolchain arm-none-eabi/14.3 rel1/arm-none-eabi/include/c++/14.3.1/bits\stl_vector.h ****       }
 787:C:/Program Files (x86)/Arm GNU Toolchain arm-none-eabi/14.3 rel1/arm-none-eabi/include/c++/14.3.1/bits\stl_vector.h **** 
 788:C:/Program Files (x86)/Arm GNU Toolchain arm-none-eabi/14.3 rel1/arm-none-eabi/include/c++/14.3.1/bits\stl_vector.h ****       /**
 789:C:/Program Files (x86)/Arm GNU Toolchain arm-none-eabi/14.3 rel1/arm-none-eabi/include/c++/14.3.1/bits\stl_vector.h ****        *  @brief  %Vector list assignment operator.
 790:C:/Program Files (x86)/Arm GNU Toolchain arm-none-eabi/14.3 rel1/arm-none-eabi/include/c++/14.3.1/bits\stl_vector.h ****        *  @param  __l  An initializer_list.
 791:C:/Program Files (x86)/Arm GNU Toolchain arm-none-eabi/14.3 rel1/arm-none-eabi/include/c++/14.3.1/bits\stl_vector.h ****        *
 792:C:/Program Files (x86)/Arm GNU Toolchain arm-none-eabi/14.3 rel1/arm-none-eabi/include/c++/14.3.1/bits\stl_vector.h ****        *  This function fills a %vector with copies of the elements in the
 793:C:/Program Files (x86)/Arm GNU Toolchain arm-none-eabi/14.3 rel1/arm-none-eabi/include/c++/14.3.1/bits\stl_vector.h ****        *  initializer list @a __l.
 794:C:/Program Files (x86)/Arm GNU Toolchain arm-none-eabi/14.3 rel1/arm-none-eabi/include/c++/14.3.1/bits\stl_vector.h ****        *
 795:C:/Program Files (x86)/Arm GNU Toolchain arm-none-eabi/14.3 rel1/arm-none-eabi/include/c++/14.3.1/bits\stl_vector.h ****        *  Note that the assignment completely changes the %vector and
 796:C:/Program Files (x86)/Arm GNU Toolchain arm-none-eabi/14.3 rel1/arm-none-eabi/include/c++/14.3.1/bits\stl_vector.h ****        *  that the resulting %vector's size is the same as the number
 797:C:/Program Files (x86)/Arm GNU Toolchain arm-none-eabi/14.3 rel1/arm-none-eabi/include/c++/14.3.1/bits\stl_vector.h ****        *  of elements assigned.
 798:C:/Program Files (x86)/Arm GNU Toolchain arm-none-eabi/14.3 rel1/arm-none-eabi/include/c++/14.3.1/bits\stl_vector.h ****        */
 799:C:/Program Files (x86)/Arm GNU Toolchain arm-none-eabi/14.3 rel1/arm-none-eabi/include/c++/14.3.1/bits\stl_vector.h ****       _GLIBCXX20_CONSTEXPR
 800:C:/Program Files (x86)/Arm GNU Toolchain arm-none-eabi/14.3 rel1/arm-none-eabi/include/c++/14.3.1/bits\stl_vector.h ****       vector&
 801:C:/Program Files (x86)/Arm GNU Toolchain arm-none-eabi/14.3 rel1/arm-none-eabi/include/c++/14.3.1/bits\stl_vector.h ****       operator=(initializer_list<value_type> __l)
 802:C:/Program Files (x86)/Arm GNU Toolchain arm-none-eabi/14.3 rel1/arm-none-eabi/include/c++/14.3.1/bits\stl_vector.h ****       {
 803:C:/Program Files (x86)/Arm GNU Toolchain arm-none-eabi/14.3 rel1/arm-none-eabi/include/c++/14.3.1/bits\stl_vector.h **** 	this->_M_assign_aux(__l.begin(), __l.end(),
 804:C:/Program Files (x86)/Arm GNU Toolchain arm-none-eabi/14.3 rel1/arm-none-eabi/include/c++/14.3.1/bits\stl_vector.h **** 			    random_access_iterator_tag());
 805:C:/Program Files (x86)/Arm GNU Toolchain arm-none-eabi/14.3 rel1/arm-none-eabi/include/c++/14.3.1/bits\stl_vector.h **** 	return *this;
 806:C:/Program Files (x86)/Arm GNU Toolchain arm-none-eabi/14.3 rel1/arm-none-eabi/include/c++/14.3.1/bits\stl_vector.h ****       }
 807:C:/Program Files (x86)/Arm GNU Toolchain arm-none-eabi/14.3 rel1/arm-none-eabi/include/c++/14.3.1/bits\stl_vector.h **** #endif
 808:C:/Program Files (x86)/Arm GNU Toolchain arm-none-eabi/14.3 rel1/arm-none-eabi/include/c++/14.3.1/bits\stl_vector.h **** 
 809:C:/Program Files (x86)/Arm GNU Toolchain arm-none-eabi/14.3 rel1/arm-none-eabi/include/c++/14.3.1/bits\stl_vector.h ****       /**
 810:C:/Program Files (x86)/Arm GNU Toolchain arm-none-eabi/14.3 rel1/arm-none-eabi/include/c++/14.3.1/bits\stl_vector.h ****        *  @brief  Assigns a given value to a %vector.
 811:C:/Program Files (x86)/Arm GNU Toolchain arm-none-eabi/14.3 rel1/arm-none-eabi/include/c++/14.3.1/bits\stl_vector.h ****        *  @param  __n  Number of elements to be assigned.
 812:C:/Program Files (x86)/Arm GNU Toolchain arm-none-eabi/14.3 rel1/arm-none-eabi/include/c++/14.3.1/bits\stl_vector.h ****        *  @param  __val  Value to be assigned.
 813:C:/Program Files (x86)/Arm GNU Toolchain arm-none-eabi/14.3 rel1/arm-none-eabi/include/c++/14.3.1/bits\stl_vector.h ****        *
 814:C:/Program Files (x86)/Arm GNU Toolchain arm-none-eabi/14.3 rel1/arm-none-eabi/include/c++/14.3.1/bits\stl_vector.h ****        *  This function fills a %vector with @a __n copies of the given
 815:C:/Program Files (x86)/Arm GNU Toolchain arm-none-eabi/14.3 rel1/arm-none-eabi/include/c++/14.3.1/bits\stl_vector.h ****        *  value.  Note that the assignment completely changes the
 816:C:/Program Files (x86)/Arm GNU Toolchain arm-none-eabi/14.3 rel1/arm-none-eabi/include/c++/14.3.1/bits\stl_vector.h ****        *  %vector and that the resulting %vector's size is the same as
 817:C:/Program Files (x86)/Arm GNU Toolchain arm-none-eabi/14.3 rel1/arm-none-eabi/include/c++/14.3.1/bits\stl_vector.h ****        *  the number of elements assigned.
 818:C:/Program Files (x86)/Arm GNU Toolchain arm-none-eabi/14.3 rel1/arm-none-eabi/include/c++/14.3.1/bits\stl_vector.h ****        */
 819:C:/Program Files (x86)/Arm GNU Toolchain arm-none-eabi/14.3 rel1/arm-none-eabi/include/c++/14.3.1/bits\stl_vector.h ****       _GLIBCXX20_CONSTEXPR
 820:C:/Program Files (x86)/Arm GNU Toolchain arm-none-eabi/14.3 rel1/arm-none-eabi/include/c++/14.3.1/bits\stl_vector.h ****       void
 821:C:/Program Files (x86)/Arm GNU Toolchain arm-none-eabi/14.3 rel1/arm-none-eabi/include/c++/14.3.1/bits\stl_vector.h ****       assign(size_type __n, const value_type& __val)
 822:C:/Program Files (x86)/Arm GNU Toolchain arm-none-eabi/14.3 rel1/arm-none-eabi/include/c++/14.3.1/bits\stl_vector.h ****       { _M_fill_assign(__n, __val); }
 823:C:/Program Files (x86)/Arm GNU Toolchain arm-none-eabi/14.3 rel1/arm-none-eabi/include/c++/14.3.1/bits\stl_vector.h **** 
 824:C:/Program Files (x86)/Arm GNU Toolchain arm-none-eabi/14.3 rel1/arm-none-eabi/include/c++/14.3.1/bits\stl_vector.h ****       /**
 825:C:/Program Files (x86)/Arm GNU Toolchain arm-none-eabi/14.3 rel1/arm-none-eabi/include/c++/14.3.1/bits\stl_vector.h ****        *  @brief  Assigns a range to a %vector.
 826:C:/Program Files (x86)/Arm GNU Toolchain arm-none-eabi/14.3 rel1/arm-none-eabi/include/c++/14.3.1/bits\stl_vector.h ****        *  @param  __first  An input iterator.
 827:C:/Program Files (x86)/Arm GNU Toolchain arm-none-eabi/14.3 rel1/arm-none-eabi/include/c++/14.3.1/bits\stl_vector.h ****        *  @param  __last   An input iterator.
ARM GAS  C:\Users\Oliver\AppData\Local\Temp\ccb1Hde1.s 			page 22


 828:C:/Program Files (x86)/Arm GNU Toolchain arm-none-eabi/14.3 rel1/arm-none-eabi/include/c++/14.3.1/bits\stl_vector.h ****        *
 829:C:/Program Files (x86)/Arm GNU Toolchain arm-none-eabi/14.3 rel1/arm-none-eabi/include/c++/14.3.1/bits\stl_vector.h ****        *  This function fills a %vector with copies of the elements in the
 830:C:/Program Files (x86)/Arm GNU Toolchain arm-none-eabi/14.3 rel1/arm-none-eabi/include/c++/14.3.1/bits\stl_vector.h ****        *  range [__first,__last).
 831:C:/Program Files (x86)/Arm GNU Toolchain arm-none-eabi/14.3 rel1/arm-none-eabi/include/c++/14.3.1/bits\stl_vector.h ****        *
 832:C:/Program Files (x86)/Arm GNU Toolchain arm-none-eabi/14.3 rel1/arm-none-eabi/include/c++/14.3.1/bits\stl_vector.h ****        *  Note that the assignment completely changes the %vector and
 833:C:/Program Files (x86)/Arm GNU Toolchain arm-none-eabi/14.3 rel1/arm-none-eabi/include/c++/14.3.1/bits\stl_vector.h ****        *  that the resulting %vector's size is the same as the number
 834:C:/Program Files (x86)/Arm GNU Toolchain arm-none-eabi/14.3 rel1/arm-none-eabi/include/c++/14.3.1/bits\stl_vector.h ****        *  of elements assigned.
 835:C:/Program Files (x86)/Arm GNU Toolchain arm-none-eabi/14.3 rel1/arm-none-eabi/include/c++/14.3.1/bits\stl_vector.h ****        */
 836:C:/Program Files (x86)/Arm GNU Toolchain arm-none-eabi/14.3 rel1/arm-none-eabi/include/c++/14.3.1/bits\stl_vector.h **** #if __cplusplus >= 201103L
 837:C:/Program Files (x86)/Arm GNU Toolchain arm-none-eabi/14.3 rel1/arm-none-eabi/include/c++/14.3.1/bits\stl_vector.h ****       template<typename _InputIterator,
 838:C:/Program Files (x86)/Arm GNU Toolchain arm-none-eabi/14.3 rel1/arm-none-eabi/include/c++/14.3.1/bits\stl_vector.h **** 	       typename = std::_RequireInputIter<_InputIterator>>
 839:C:/Program Files (x86)/Arm GNU Toolchain arm-none-eabi/14.3 rel1/arm-none-eabi/include/c++/14.3.1/bits\stl_vector.h **** 	_GLIBCXX20_CONSTEXPR
 840:C:/Program Files (x86)/Arm GNU Toolchain arm-none-eabi/14.3 rel1/arm-none-eabi/include/c++/14.3.1/bits\stl_vector.h **** 	void
 841:C:/Program Files (x86)/Arm GNU Toolchain arm-none-eabi/14.3 rel1/arm-none-eabi/include/c++/14.3.1/bits\stl_vector.h **** 	assign(_InputIterator __first, _InputIterator __last)
 842:C:/Program Files (x86)/Arm GNU Toolchain arm-none-eabi/14.3 rel1/arm-none-eabi/include/c++/14.3.1/bits\stl_vector.h **** 	{ _M_assign_aux(__first, __last, std::__iterator_category(__first)); }
 843:C:/Program Files (x86)/Arm GNU Toolchain arm-none-eabi/14.3 rel1/arm-none-eabi/include/c++/14.3.1/bits\stl_vector.h **** #else
 844:C:/Program Files (x86)/Arm GNU Toolchain arm-none-eabi/14.3 rel1/arm-none-eabi/include/c++/14.3.1/bits\stl_vector.h ****       template<typename _InputIterator>
 845:C:/Program Files (x86)/Arm GNU Toolchain arm-none-eabi/14.3 rel1/arm-none-eabi/include/c++/14.3.1/bits\stl_vector.h **** 	void
 846:C:/Program Files (x86)/Arm GNU Toolchain arm-none-eabi/14.3 rel1/arm-none-eabi/include/c++/14.3.1/bits\stl_vector.h **** 	assign(_InputIterator __first, _InputIterator __last)
 847:C:/Program Files (x86)/Arm GNU Toolchain arm-none-eabi/14.3 rel1/arm-none-eabi/include/c++/14.3.1/bits\stl_vector.h **** 	{
 848:C:/Program Files (x86)/Arm GNU Toolchain arm-none-eabi/14.3 rel1/arm-none-eabi/include/c++/14.3.1/bits\stl_vector.h **** 	  // Check whether it's an integral type.  If so, it's not an iterator.
 849:C:/Program Files (x86)/Arm GNU Toolchain arm-none-eabi/14.3 rel1/arm-none-eabi/include/c++/14.3.1/bits\stl_vector.h **** 	  typedef typename std::__is_integer<_InputIterator>::__type _Integral;
 850:C:/Program Files (x86)/Arm GNU Toolchain arm-none-eabi/14.3 rel1/arm-none-eabi/include/c++/14.3.1/bits\stl_vector.h **** 	  _M_assign_dispatch(__first, __last, _Integral());
 851:C:/Program Files (x86)/Arm GNU Toolchain arm-none-eabi/14.3 rel1/arm-none-eabi/include/c++/14.3.1/bits\stl_vector.h **** 	}
 852:C:/Program Files (x86)/Arm GNU Toolchain arm-none-eabi/14.3 rel1/arm-none-eabi/include/c++/14.3.1/bits\stl_vector.h **** #endif
 853:C:/Program Files (x86)/Arm GNU Toolchain arm-none-eabi/14.3 rel1/arm-none-eabi/include/c++/14.3.1/bits\stl_vector.h **** 
 854:C:/Program Files (x86)/Arm GNU Toolchain arm-none-eabi/14.3 rel1/arm-none-eabi/include/c++/14.3.1/bits\stl_vector.h **** #if __cplusplus >= 201103L
 855:C:/Program Files (x86)/Arm GNU Toolchain arm-none-eabi/14.3 rel1/arm-none-eabi/include/c++/14.3.1/bits\stl_vector.h ****       /**
 856:C:/Program Files (x86)/Arm GNU Toolchain arm-none-eabi/14.3 rel1/arm-none-eabi/include/c++/14.3.1/bits\stl_vector.h ****        *  @brief  Assigns an initializer list to a %vector.
 857:C:/Program Files (x86)/Arm GNU Toolchain arm-none-eabi/14.3 rel1/arm-none-eabi/include/c++/14.3.1/bits\stl_vector.h ****        *  @param  __l  An initializer_list.
 858:C:/Program Files (x86)/Arm GNU Toolchain arm-none-eabi/14.3 rel1/arm-none-eabi/include/c++/14.3.1/bits\stl_vector.h ****        *
 859:C:/Program Files (x86)/Arm GNU Toolchain arm-none-eabi/14.3 rel1/arm-none-eabi/include/c++/14.3.1/bits\stl_vector.h ****        *  This function fills a %vector with copies of the elements in the
 860:C:/Program Files (x86)/Arm GNU Toolchain arm-none-eabi/14.3 rel1/arm-none-eabi/include/c++/14.3.1/bits\stl_vector.h ****        *  initializer list @a __l.
 861:C:/Program Files (x86)/Arm GNU Toolchain arm-none-eabi/14.3 rel1/arm-none-eabi/include/c++/14.3.1/bits\stl_vector.h ****        *
 862:C:/Program Files (x86)/Arm GNU Toolchain arm-none-eabi/14.3 rel1/arm-none-eabi/include/c++/14.3.1/bits\stl_vector.h ****        *  Note that the assignment completely changes the %vector and
 863:C:/Program Files (x86)/Arm GNU Toolchain arm-none-eabi/14.3 rel1/arm-none-eabi/include/c++/14.3.1/bits\stl_vector.h ****        *  that the resulting %vector's size is the same as the number
 864:C:/Program Files (x86)/Arm GNU Toolchain arm-none-eabi/14.3 rel1/arm-none-eabi/include/c++/14.3.1/bits\stl_vector.h ****        *  of elements assigned.
 865:C:/Program Files (x86)/Arm GNU Toolchain arm-none-eabi/14.3 rel1/arm-none-eabi/include/c++/14.3.1/bits\stl_vector.h ****        */
 866:C:/Program Files (x86)/Arm GNU Toolchain arm-none-eabi/14.3 rel1/arm-none-eabi/include/c++/14.3.1/bits\stl_vector.h ****       _GLIBCXX20_CONSTEXPR
 867:C:/Program Files (x86)/Arm GNU Toolchain arm-none-eabi/14.3 rel1/arm-none-eabi/include/c++/14.3.1/bits\stl_vector.h ****       void
 868:C:/Program Files (x86)/Arm GNU Toolchain arm-none-eabi/14.3 rel1/arm-none-eabi/include/c++/14.3.1/bits\stl_vector.h ****       assign(initializer_list<value_type> __l)
 869:C:/Program Files (x86)/Arm GNU Toolchain arm-none-eabi/14.3 rel1/arm-none-eabi/include/c++/14.3.1/bits\stl_vector.h ****       {
 870:C:/Program Files (x86)/Arm GNU Toolchain arm-none-eabi/14.3 rel1/arm-none-eabi/include/c++/14.3.1/bits\stl_vector.h **** 	this->_M_assign_aux(__l.begin(), __l.end(),
 871:C:/Program Files (x86)/Arm GNU Toolchain arm-none-eabi/14.3 rel1/arm-none-eabi/include/c++/14.3.1/bits\stl_vector.h **** 			    random_access_iterator_tag());
 872:C:/Program Files (x86)/Arm GNU Toolchain arm-none-eabi/14.3 rel1/arm-none-eabi/include/c++/14.3.1/bits\stl_vector.h ****       }
 873:C:/Program Files (x86)/Arm GNU Toolchain arm-none-eabi/14.3 rel1/arm-none-eabi/include/c++/14.3.1/bits\stl_vector.h **** #endif
 874:C:/Program Files (x86)/Arm GNU Toolchain arm-none-eabi/14.3 rel1/arm-none-eabi/include/c++/14.3.1/bits\stl_vector.h **** 
 875:C:/Program Files (x86)/Arm GNU Toolchain arm-none-eabi/14.3 rel1/arm-none-eabi/include/c++/14.3.1/bits\stl_vector.h ****       /// Get a copy of the memory allocation object.
 876:C:/Program Files (x86)/Arm GNU Toolchain arm-none-eabi/14.3 rel1/arm-none-eabi/include/c++/14.3.1/bits\stl_vector.h ****       using _Base::get_allocator;
 877:C:/Program Files (x86)/Arm GNU Toolchain arm-none-eabi/14.3 rel1/arm-none-eabi/include/c++/14.3.1/bits\stl_vector.h **** 
 878:C:/Program Files (x86)/Arm GNU Toolchain arm-none-eabi/14.3 rel1/arm-none-eabi/include/c++/14.3.1/bits\stl_vector.h ****       // iterators
 879:C:/Program Files (x86)/Arm GNU Toolchain arm-none-eabi/14.3 rel1/arm-none-eabi/include/c++/14.3.1/bits\stl_vector.h ****       /**
 880:C:/Program Files (x86)/Arm GNU Toolchain arm-none-eabi/14.3 rel1/arm-none-eabi/include/c++/14.3.1/bits\stl_vector.h ****        *  Returns a read/write iterator that points to the first
 881:C:/Program Files (x86)/Arm GNU Toolchain arm-none-eabi/14.3 rel1/arm-none-eabi/include/c++/14.3.1/bits\stl_vector.h ****        *  element in the %vector.  Iteration is done in ordinary
 882:C:/Program Files (x86)/Arm GNU Toolchain arm-none-eabi/14.3 rel1/arm-none-eabi/include/c++/14.3.1/bits\stl_vector.h ****        *  element order.
 883:C:/Program Files (x86)/Arm GNU Toolchain arm-none-eabi/14.3 rel1/arm-none-eabi/include/c++/14.3.1/bits\stl_vector.h ****        */
 884:C:/Program Files (x86)/Arm GNU Toolchain arm-none-eabi/14.3 rel1/arm-none-eabi/include/c++/14.3.1/bits\stl_vector.h ****       _GLIBCXX_NODISCARD _GLIBCXX20_CONSTEXPR
ARM GAS  C:\Users\Oliver\AppData\Local\Temp\ccb1Hde1.s 			page 23


 885:C:/Program Files (x86)/Arm GNU Toolchain arm-none-eabi/14.3 rel1/arm-none-eabi/include/c++/14.3.1/bits\stl_vector.h ****       iterator
 886:C:/Program Files (x86)/Arm GNU Toolchain arm-none-eabi/14.3 rel1/arm-none-eabi/include/c++/14.3.1/bits\stl_vector.h ****       begin() _GLIBCXX_NOEXCEPT
 887:C:/Program Files (x86)/Arm GNU Toolchain arm-none-eabi/14.3 rel1/arm-none-eabi/include/c++/14.3.1/bits\stl_vector.h ****       { return iterator(this->_M_impl._M_start); }
 888:C:/Program Files (x86)/Arm GNU Toolchain arm-none-eabi/14.3 rel1/arm-none-eabi/include/c++/14.3.1/bits\stl_vector.h **** 
 889:C:/Program Files (x86)/Arm GNU Toolchain arm-none-eabi/14.3 rel1/arm-none-eabi/include/c++/14.3.1/bits\stl_vector.h ****       /**
 890:C:/Program Files (x86)/Arm GNU Toolchain arm-none-eabi/14.3 rel1/arm-none-eabi/include/c++/14.3.1/bits\stl_vector.h ****        *  Returns a read-only (constant) iterator that points to the
 891:C:/Program Files (x86)/Arm GNU Toolchain arm-none-eabi/14.3 rel1/arm-none-eabi/include/c++/14.3.1/bits\stl_vector.h ****        *  first element in the %vector.  Iteration is done in ordinary
 892:C:/Program Files (x86)/Arm GNU Toolchain arm-none-eabi/14.3 rel1/arm-none-eabi/include/c++/14.3.1/bits\stl_vector.h ****        *  element order.
 893:C:/Program Files (x86)/Arm GNU Toolchain arm-none-eabi/14.3 rel1/arm-none-eabi/include/c++/14.3.1/bits\stl_vector.h ****        */
 894:C:/Program Files (x86)/Arm GNU Toolchain arm-none-eabi/14.3 rel1/arm-none-eabi/include/c++/14.3.1/bits\stl_vector.h ****       _GLIBCXX_NODISCARD _GLIBCXX20_CONSTEXPR
 895:C:/Program Files (x86)/Arm GNU Toolchain arm-none-eabi/14.3 rel1/arm-none-eabi/include/c++/14.3.1/bits\stl_vector.h ****       const_iterator
 896:C:/Program Files (x86)/Arm GNU Toolchain arm-none-eabi/14.3 rel1/arm-none-eabi/include/c++/14.3.1/bits\stl_vector.h ****       begin() const _GLIBCXX_NOEXCEPT
 897:C:/Program Files (x86)/Arm GNU Toolchain arm-none-eabi/14.3 rel1/arm-none-eabi/include/c++/14.3.1/bits\stl_vector.h ****       { return const_iterator(this->_M_impl._M_start); }
 898:C:/Program Files (x86)/Arm GNU Toolchain arm-none-eabi/14.3 rel1/arm-none-eabi/include/c++/14.3.1/bits\stl_vector.h **** 
 899:C:/Program Files (x86)/Arm GNU Toolchain arm-none-eabi/14.3 rel1/arm-none-eabi/include/c++/14.3.1/bits\stl_vector.h ****       /**
 900:C:/Program Files (x86)/Arm GNU Toolchain arm-none-eabi/14.3 rel1/arm-none-eabi/include/c++/14.3.1/bits\stl_vector.h ****        *  Returns a read/write iterator that points one past the last
 901:C:/Program Files (x86)/Arm GNU Toolchain arm-none-eabi/14.3 rel1/arm-none-eabi/include/c++/14.3.1/bits\stl_vector.h ****        *  element in the %vector.  Iteration is done in ordinary
 902:C:/Program Files (x86)/Arm GNU Toolchain arm-none-eabi/14.3 rel1/arm-none-eabi/include/c++/14.3.1/bits\stl_vector.h ****        *  element order.
 903:C:/Program Files (x86)/Arm GNU Toolchain arm-none-eabi/14.3 rel1/arm-none-eabi/include/c++/14.3.1/bits\stl_vector.h ****        */
 904:C:/Program Files (x86)/Arm GNU Toolchain arm-none-eabi/14.3 rel1/arm-none-eabi/include/c++/14.3.1/bits\stl_vector.h ****       _GLIBCXX_NODISCARD _GLIBCXX20_CONSTEXPR
 905:C:/Program Files (x86)/Arm GNU Toolchain arm-none-eabi/14.3 rel1/arm-none-eabi/include/c++/14.3.1/bits\stl_vector.h ****       iterator
 906:C:/Program Files (x86)/Arm GNU Toolchain arm-none-eabi/14.3 rel1/arm-none-eabi/include/c++/14.3.1/bits\stl_vector.h ****       end() _GLIBCXX_NOEXCEPT
 907:C:/Program Files (x86)/Arm GNU Toolchain arm-none-eabi/14.3 rel1/arm-none-eabi/include/c++/14.3.1/bits\stl_vector.h ****       { return iterator(this->_M_impl._M_finish); }
 908:C:/Program Files (x86)/Arm GNU Toolchain arm-none-eabi/14.3 rel1/arm-none-eabi/include/c++/14.3.1/bits\stl_vector.h **** 
 909:C:/Program Files (x86)/Arm GNU Toolchain arm-none-eabi/14.3 rel1/arm-none-eabi/include/c++/14.3.1/bits\stl_vector.h ****       /**
 910:C:/Program Files (x86)/Arm GNU Toolchain arm-none-eabi/14.3 rel1/arm-none-eabi/include/c++/14.3.1/bits\stl_vector.h ****        *  Returns a read-only (constant) iterator that points one past
 911:C:/Program Files (x86)/Arm GNU Toolchain arm-none-eabi/14.3 rel1/arm-none-eabi/include/c++/14.3.1/bits\stl_vector.h ****        *  the last element in the %vector.  Iteration is done in
 912:C:/Program Files (x86)/Arm GNU Toolchain arm-none-eabi/14.3 rel1/arm-none-eabi/include/c++/14.3.1/bits\stl_vector.h ****        *  ordinary element order.
 913:C:/Program Files (x86)/Arm GNU Toolchain arm-none-eabi/14.3 rel1/arm-none-eabi/include/c++/14.3.1/bits\stl_vector.h ****        */
 914:C:/Program Files (x86)/Arm GNU Toolchain arm-none-eabi/14.3 rel1/arm-none-eabi/include/c++/14.3.1/bits\stl_vector.h ****       _GLIBCXX_NODISCARD _GLIBCXX20_CONSTEXPR
 915:C:/Program Files (x86)/Arm GNU Toolchain arm-none-eabi/14.3 rel1/arm-none-eabi/include/c++/14.3.1/bits\stl_vector.h ****       const_iterator
 916:C:/Program Files (x86)/Arm GNU Toolchain arm-none-eabi/14.3 rel1/arm-none-eabi/include/c++/14.3.1/bits\stl_vector.h ****       end() const _GLIBCXX_NOEXCEPT
 917:C:/Program Files (x86)/Arm GNU Toolchain arm-none-eabi/14.3 rel1/arm-none-eabi/include/c++/14.3.1/bits\stl_vector.h ****       { return const_iterator(this->_M_impl._M_finish); }
 918:C:/Program Files (x86)/Arm GNU Toolchain arm-none-eabi/14.3 rel1/arm-none-eabi/include/c++/14.3.1/bits\stl_vector.h **** 
 919:C:/Program Files (x86)/Arm GNU Toolchain arm-none-eabi/14.3 rel1/arm-none-eabi/include/c++/14.3.1/bits\stl_vector.h ****       /**
 920:C:/Program Files (x86)/Arm GNU Toolchain arm-none-eabi/14.3 rel1/arm-none-eabi/include/c++/14.3.1/bits\stl_vector.h ****        *  Returns a read/write reverse iterator that points to the
 921:C:/Program Files (x86)/Arm GNU Toolchain arm-none-eabi/14.3 rel1/arm-none-eabi/include/c++/14.3.1/bits\stl_vector.h ****        *  last element in the %vector.  Iteration is done in reverse
 922:C:/Program Files (x86)/Arm GNU Toolchain arm-none-eabi/14.3 rel1/arm-none-eabi/include/c++/14.3.1/bits\stl_vector.h ****        *  element order.
 923:C:/Program Files (x86)/Arm GNU Toolchain arm-none-eabi/14.3 rel1/arm-none-eabi/include/c++/14.3.1/bits\stl_vector.h ****        */
 924:C:/Program Files (x86)/Arm GNU Toolchain arm-none-eabi/14.3 rel1/arm-none-eabi/include/c++/14.3.1/bits\stl_vector.h ****       _GLIBCXX_NODISCARD _GLIBCXX20_CONSTEXPR
 925:C:/Program Files (x86)/Arm GNU Toolchain arm-none-eabi/14.3 rel1/arm-none-eabi/include/c++/14.3.1/bits\stl_vector.h ****       reverse_iterator
 926:C:/Program Files (x86)/Arm GNU Toolchain arm-none-eabi/14.3 rel1/arm-none-eabi/include/c++/14.3.1/bits\stl_vector.h ****       rbegin() _GLIBCXX_NOEXCEPT
 927:C:/Program Files (x86)/Arm GNU Toolchain arm-none-eabi/14.3 rel1/arm-none-eabi/include/c++/14.3.1/bits\stl_vector.h ****       { return reverse_iterator(end()); }
 928:C:/Program Files (x86)/Arm GNU Toolchain arm-none-eabi/14.3 rel1/arm-none-eabi/include/c++/14.3.1/bits\stl_vector.h **** 
 929:C:/Program Files (x86)/Arm GNU Toolchain arm-none-eabi/14.3 rel1/arm-none-eabi/include/c++/14.3.1/bits\stl_vector.h ****       /**
 930:C:/Program Files (x86)/Arm GNU Toolchain arm-none-eabi/14.3 rel1/arm-none-eabi/include/c++/14.3.1/bits\stl_vector.h ****        *  Returns a read-only (constant) reverse iterator that points
 931:C:/Program Files (x86)/Arm GNU Toolchain arm-none-eabi/14.3 rel1/arm-none-eabi/include/c++/14.3.1/bits\stl_vector.h ****        *  to the last element in the %vector.  Iteration is done in
 932:C:/Program Files (x86)/Arm GNU Toolchain arm-none-eabi/14.3 rel1/arm-none-eabi/include/c++/14.3.1/bits\stl_vector.h ****        *  reverse element order.
 933:C:/Program Files (x86)/Arm GNU Toolchain arm-none-eabi/14.3 rel1/arm-none-eabi/include/c++/14.3.1/bits\stl_vector.h ****        */
 934:C:/Program Files (x86)/Arm GNU Toolchain arm-none-eabi/14.3 rel1/arm-none-eabi/include/c++/14.3.1/bits\stl_vector.h ****       _GLIBCXX_NODISCARD _GLIBCXX20_CONSTEXPR
 935:C:/Program Files (x86)/Arm GNU Toolchain arm-none-eabi/14.3 rel1/arm-none-eabi/include/c++/14.3.1/bits\stl_vector.h ****       const_reverse_iterator
 936:C:/Program Files (x86)/Arm GNU Toolchain arm-none-eabi/14.3 rel1/arm-none-eabi/include/c++/14.3.1/bits\stl_vector.h ****       rbegin() const _GLIBCXX_NOEXCEPT
 937:C:/Program Files (x86)/Arm GNU Toolchain arm-none-eabi/14.3 rel1/arm-none-eabi/include/c++/14.3.1/bits\stl_vector.h ****       { return const_reverse_iterator(end()); }
 938:C:/Program Files (x86)/Arm GNU Toolchain arm-none-eabi/14.3 rel1/arm-none-eabi/include/c++/14.3.1/bits\stl_vector.h **** 
 939:C:/Program Files (x86)/Arm GNU Toolchain arm-none-eabi/14.3 rel1/arm-none-eabi/include/c++/14.3.1/bits\stl_vector.h ****       /**
 940:C:/Program Files (x86)/Arm GNU Toolchain arm-none-eabi/14.3 rel1/arm-none-eabi/include/c++/14.3.1/bits\stl_vector.h ****        *  Returns a read/write reverse iterator that points to one
 941:C:/Program Files (x86)/Arm GNU Toolchain arm-none-eabi/14.3 rel1/arm-none-eabi/include/c++/14.3.1/bits\stl_vector.h ****        *  before the first element in the %vector.  Iteration is done
ARM GAS  C:\Users\Oliver\AppData\Local\Temp\ccb1Hde1.s 			page 24


 942:C:/Program Files (x86)/Arm GNU Toolchain arm-none-eabi/14.3 rel1/arm-none-eabi/include/c++/14.3.1/bits\stl_vector.h ****        *  in reverse element order.
 943:C:/Program Files (x86)/Arm GNU Toolchain arm-none-eabi/14.3 rel1/arm-none-eabi/include/c++/14.3.1/bits\stl_vector.h ****        */
 944:C:/Program Files (x86)/Arm GNU Toolchain arm-none-eabi/14.3 rel1/arm-none-eabi/include/c++/14.3.1/bits\stl_vector.h ****       _GLIBCXX_NODISCARD _GLIBCXX20_CONSTEXPR
 945:C:/Program Files (x86)/Arm GNU Toolchain arm-none-eabi/14.3 rel1/arm-none-eabi/include/c++/14.3.1/bits\stl_vector.h ****       reverse_iterator
 946:C:/Program Files (x86)/Arm GNU Toolchain arm-none-eabi/14.3 rel1/arm-none-eabi/include/c++/14.3.1/bits\stl_vector.h ****       rend() _GLIBCXX_NOEXCEPT
 947:C:/Program Files (x86)/Arm GNU Toolchain arm-none-eabi/14.3 rel1/arm-none-eabi/include/c++/14.3.1/bits\stl_vector.h ****       { return reverse_iterator(begin()); }
 948:C:/Program Files (x86)/Arm GNU Toolchain arm-none-eabi/14.3 rel1/arm-none-eabi/include/c++/14.3.1/bits\stl_vector.h **** 
 949:C:/Program Files (x86)/Arm GNU Toolchain arm-none-eabi/14.3 rel1/arm-none-eabi/include/c++/14.3.1/bits\stl_vector.h ****       /**
 950:C:/Program Files (x86)/Arm GNU Toolchain arm-none-eabi/14.3 rel1/arm-none-eabi/include/c++/14.3.1/bits\stl_vector.h ****        *  Returns a read-only (constant) reverse iterator that points
 951:C:/Program Files (x86)/Arm GNU Toolchain arm-none-eabi/14.3 rel1/arm-none-eabi/include/c++/14.3.1/bits\stl_vector.h ****        *  to one before the first element in the %vector.  Iteration
 952:C:/Program Files (x86)/Arm GNU Toolchain arm-none-eabi/14.3 rel1/arm-none-eabi/include/c++/14.3.1/bits\stl_vector.h ****        *  is done in reverse element order.
 953:C:/Program Files (x86)/Arm GNU Toolchain arm-none-eabi/14.3 rel1/arm-none-eabi/include/c++/14.3.1/bits\stl_vector.h ****        */
 954:C:/Program Files (x86)/Arm GNU Toolchain arm-none-eabi/14.3 rel1/arm-none-eabi/include/c++/14.3.1/bits\stl_vector.h ****       _GLIBCXX_NODISCARD _GLIBCXX20_CONSTEXPR
 955:C:/Program Files (x86)/Arm GNU Toolchain arm-none-eabi/14.3 rel1/arm-none-eabi/include/c++/14.3.1/bits\stl_vector.h ****       const_reverse_iterator
 956:C:/Program Files (x86)/Arm GNU Toolchain arm-none-eabi/14.3 rel1/arm-none-eabi/include/c++/14.3.1/bits\stl_vector.h ****       rend() const _GLIBCXX_NOEXCEPT
 957:C:/Program Files (x86)/Arm GNU Toolchain arm-none-eabi/14.3 rel1/arm-none-eabi/include/c++/14.3.1/bits\stl_vector.h ****       { return const_reverse_iterator(begin()); }
 958:C:/Program Files (x86)/Arm GNU Toolchain arm-none-eabi/14.3 rel1/arm-none-eabi/include/c++/14.3.1/bits\stl_vector.h **** 
 959:C:/Program Files (x86)/Arm GNU Toolchain arm-none-eabi/14.3 rel1/arm-none-eabi/include/c++/14.3.1/bits\stl_vector.h **** #if __cplusplus >= 201103L
 960:C:/Program Files (x86)/Arm GNU Toolchain arm-none-eabi/14.3 rel1/arm-none-eabi/include/c++/14.3.1/bits\stl_vector.h ****       /**
 961:C:/Program Files (x86)/Arm GNU Toolchain arm-none-eabi/14.3 rel1/arm-none-eabi/include/c++/14.3.1/bits\stl_vector.h ****        *  Returns a read-only (constant) iterator that points to the
 962:C:/Program Files (x86)/Arm GNU Toolchain arm-none-eabi/14.3 rel1/arm-none-eabi/include/c++/14.3.1/bits\stl_vector.h ****        *  first element in the %vector.  Iteration is done in ordinary
 963:C:/Program Files (x86)/Arm GNU Toolchain arm-none-eabi/14.3 rel1/arm-none-eabi/include/c++/14.3.1/bits\stl_vector.h ****        *  element order.
 964:C:/Program Files (x86)/Arm GNU Toolchain arm-none-eabi/14.3 rel1/arm-none-eabi/include/c++/14.3.1/bits\stl_vector.h ****        */
 965:C:/Program Files (x86)/Arm GNU Toolchain arm-none-eabi/14.3 rel1/arm-none-eabi/include/c++/14.3.1/bits\stl_vector.h ****       [[__nodiscard__]] _GLIBCXX20_CONSTEXPR
 966:C:/Program Files (x86)/Arm GNU Toolchain arm-none-eabi/14.3 rel1/arm-none-eabi/include/c++/14.3.1/bits\stl_vector.h ****       const_iterator
 967:C:/Program Files (x86)/Arm GNU Toolchain arm-none-eabi/14.3 rel1/arm-none-eabi/include/c++/14.3.1/bits\stl_vector.h ****       cbegin() const noexcept
 968:C:/Program Files (x86)/Arm GNU Toolchain arm-none-eabi/14.3 rel1/arm-none-eabi/include/c++/14.3.1/bits\stl_vector.h ****       { return const_iterator(this->_M_impl._M_start); }
 969:C:/Program Files (x86)/Arm GNU Toolchain arm-none-eabi/14.3 rel1/arm-none-eabi/include/c++/14.3.1/bits\stl_vector.h **** 
 970:C:/Program Files (x86)/Arm GNU Toolchain arm-none-eabi/14.3 rel1/arm-none-eabi/include/c++/14.3.1/bits\stl_vector.h ****       /**
 971:C:/Program Files (x86)/Arm GNU Toolchain arm-none-eabi/14.3 rel1/arm-none-eabi/include/c++/14.3.1/bits\stl_vector.h ****        *  Returns a read-only (constant) iterator that points one past
 972:C:/Program Files (x86)/Arm GNU Toolchain arm-none-eabi/14.3 rel1/arm-none-eabi/include/c++/14.3.1/bits\stl_vector.h ****        *  the last element in the %vector.  Iteration is done in
 973:C:/Program Files (x86)/Arm GNU Toolchain arm-none-eabi/14.3 rel1/arm-none-eabi/include/c++/14.3.1/bits\stl_vector.h ****        *  ordinary element order.
 974:C:/Program Files (x86)/Arm GNU Toolchain arm-none-eabi/14.3 rel1/arm-none-eabi/include/c++/14.3.1/bits\stl_vector.h ****        */
 975:C:/Program Files (x86)/Arm GNU Toolchain arm-none-eabi/14.3 rel1/arm-none-eabi/include/c++/14.3.1/bits\stl_vector.h ****       [[__nodiscard__]] _GLIBCXX20_CONSTEXPR
 976:C:/Program Files (x86)/Arm GNU Toolchain arm-none-eabi/14.3 rel1/arm-none-eabi/include/c++/14.3.1/bits\stl_vector.h ****       const_iterator
 977:C:/Program Files (x86)/Arm GNU Toolchain arm-none-eabi/14.3 rel1/arm-none-eabi/include/c++/14.3.1/bits\stl_vector.h ****       cend() const noexcept
 978:C:/Program Files (x86)/Arm GNU Toolchain arm-none-eabi/14.3 rel1/arm-none-eabi/include/c++/14.3.1/bits\stl_vector.h ****       { return const_iterator(this->_M_impl._M_finish); }
 979:C:/Program Files (x86)/Arm GNU Toolchain arm-none-eabi/14.3 rel1/arm-none-eabi/include/c++/14.3.1/bits\stl_vector.h **** 
 980:C:/Program Files (x86)/Arm GNU Toolchain arm-none-eabi/14.3 rel1/arm-none-eabi/include/c++/14.3.1/bits\stl_vector.h ****       /**
 981:C:/Program Files (x86)/Arm GNU Toolchain arm-none-eabi/14.3 rel1/arm-none-eabi/include/c++/14.3.1/bits\stl_vector.h ****        *  Returns a read-only (constant) reverse iterator that points
 982:C:/Program Files (x86)/Arm GNU Toolchain arm-none-eabi/14.3 rel1/arm-none-eabi/include/c++/14.3.1/bits\stl_vector.h ****        *  to the last element in the %vector.  Iteration is done in
 983:C:/Program Files (x86)/Arm GNU Toolchain arm-none-eabi/14.3 rel1/arm-none-eabi/include/c++/14.3.1/bits\stl_vector.h ****        *  reverse element order.
 984:C:/Program Files (x86)/Arm GNU Toolchain arm-none-eabi/14.3 rel1/arm-none-eabi/include/c++/14.3.1/bits\stl_vector.h ****        */
 985:C:/Program Files (x86)/Arm GNU Toolchain arm-none-eabi/14.3 rel1/arm-none-eabi/include/c++/14.3.1/bits\stl_vector.h ****       [[__nodiscard__]] _GLIBCXX20_CONSTEXPR
 986:C:/Program Files (x86)/Arm GNU Toolchain arm-none-eabi/14.3 rel1/arm-none-eabi/include/c++/14.3.1/bits\stl_vector.h ****       const_reverse_iterator
 987:C:/Program Files (x86)/Arm GNU Toolchain arm-none-eabi/14.3 rel1/arm-none-eabi/include/c++/14.3.1/bits\stl_vector.h ****       crbegin() const noexcept
 988:C:/Program Files (x86)/Arm GNU Toolchain arm-none-eabi/14.3 rel1/arm-none-eabi/include/c++/14.3.1/bits\stl_vector.h ****       { return const_reverse_iterator(end()); }
 989:C:/Program Files (x86)/Arm GNU Toolchain arm-none-eabi/14.3 rel1/arm-none-eabi/include/c++/14.3.1/bits\stl_vector.h **** 
 990:C:/Program Files (x86)/Arm GNU Toolchain arm-none-eabi/14.3 rel1/arm-none-eabi/include/c++/14.3.1/bits\stl_vector.h ****       /**
 991:C:/Program Files (x86)/Arm GNU Toolchain arm-none-eabi/14.3 rel1/arm-none-eabi/include/c++/14.3.1/bits\stl_vector.h ****        *  Returns a read-only (constant) reverse iterator that points
 992:C:/Program Files (x86)/Arm GNU Toolchain arm-none-eabi/14.3 rel1/arm-none-eabi/include/c++/14.3.1/bits\stl_vector.h ****        *  to one before the first element in the %vector.  Iteration
 993:C:/Program Files (x86)/Arm GNU Toolchain arm-none-eabi/14.3 rel1/arm-none-eabi/include/c++/14.3.1/bits\stl_vector.h ****        *  is done in reverse element order.
 994:C:/Program Files (x86)/Arm GNU Toolchain arm-none-eabi/14.3 rel1/arm-none-eabi/include/c++/14.3.1/bits\stl_vector.h ****        */
 995:C:/Program Files (x86)/Arm GNU Toolchain arm-none-eabi/14.3 rel1/arm-none-eabi/include/c++/14.3.1/bits\stl_vector.h ****       [[__nodiscard__]] _GLIBCXX20_CONSTEXPR
 996:C:/Program Files (x86)/Arm GNU Toolchain arm-none-eabi/14.3 rel1/arm-none-eabi/include/c++/14.3.1/bits\stl_vector.h ****       const_reverse_iterator
 997:C:/Program Files (x86)/Arm GNU Toolchain arm-none-eabi/14.3 rel1/arm-none-eabi/include/c++/14.3.1/bits\stl_vector.h ****       crend() const noexcept
 998:C:/Program Files (x86)/Arm GNU Toolchain arm-none-eabi/14.3 rel1/arm-none-eabi/include/c++/14.3.1/bits\stl_vector.h ****       { return const_reverse_iterator(begin()); }
ARM GAS  C:\Users\Oliver\AppData\Local\Temp\ccb1Hde1.s 			page 25


 999:C:/Program Files (x86)/Arm GNU Toolchain arm-none-eabi/14.3 rel1/arm-none-eabi/include/c++/14.3.1/bits\stl_vector.h **** #endif
1000:C:/Program Files (x86)/Arm GNU Toolchain arm-none-eabi/14.3 rel1/arm-none-eabi/include/c++/14.3.1/bits\stl_vector.h **** 
1001:C:/Program Files (x86)/Arm GNU Toolchain arm-none-eabi/14.3 rel1/arm-none-eabi/include/c++/14.3.1/bits\stl_vector.h ****       // [23.2.4.2] capacity
1002:C:/Program Files (x86)/Arm GNU Toolchain arm-none-eabi/14.3 rel1/arm-none-eabi/include/c++/14.3.1/bits\stl_vector.h ****       /**  Returns the number of elements in the %vector.  */
1003:C:/Program Files (x86)/Arm GNU Toolchain arm-none-eabi/14.3 rel1/arm-none-eabi/include/c++/14.3.1/bits\stl_vector.h ****       _GLIBCXX_NODISCARD _GLIBCXX20_CONSTEXPR
1004:C:/Program Files (x86)/Arm GNU Toolchain arm-none-eabi/14.3 rel1/arm-none-eabi/include/c++/14.3.1/bits\stl_vector.h ****       size_type
1005:C:/Program Files (x86)/Arm GNU Toolchain arm-none-eabi/14.3 rel1/arm-none-eabi/include/c++/14.3.1/bits\stl_vector.h ****       size() const _GLIBCXX_NOEXCEPT
 219              		.loc 3 1005 7 view .LVU36
 220              	.LBE191:
  54:effects/motorwaheffect.cpp ****     float resonance = parameters_.size() > 1 ? parameters_[1]->GetValue() : 0.9f;
 221              		.loc 1 54 40 is_stmt 0 discriminator 1 view .LVU37
 222 0016 D0E90232 		ldrd	r3, r2, [r0, #8]
 223              	.LVL14:
  54:effects/motorwaheffect.cpp ****     float resonance = parameters_.size() > 1 ? parameters_[1]->GetValue() : 0.9f;
 224              		.loc 1 54 40 discriminator 1 view .LVU38
 225 001a 9A42     		cmp	r2, r3
 226 001c 5BD0     		beq	.L19
  54:effects/motorwaheffect.cpp ****     float resonance = parameters_.size() > 1 ? parameters_[1]->GetValue() : 0.9f;
 227              		.loc 1 54 66 discriminator 1 view .LVU39
 228 001e 1868     		ldr	r0, [r3]
 229              	.LVL15:
  54:effects/motorwaheffect.cpp ****     float resonance = parameters_.size() > 1 ? parameters_[1]->GetValue() : 0.9f;
 230              		.loc 1 54 66 discriminator 1 view .LVU40
 231 0020 FFF7FEFF 		bl	_ZNK11perspective15EffectParameter8GetValueEv
 232              	.LVL16:
 233              	.LBB192:
 234              	.LBB193:
1006:C:/Program Files (x86)/Arm GNU Toolchain arm-none-eabi/14.3 rel1/arm-none-eabi/include/c++/14.3.1/bits\stl_vector.h ****       { return size_type(this->_M_impl._M_finish - this->_M_impl._M_start); }
 235              		.loc 3 1006 66 view .LVU41
 236 0024 D8F80820 		ldr	r2, [r8, #8]
 237              		.loc 3 1006 50 view .LVU42
 238 0028 D8F80C30 		ldr	r3, [r8, #12]
 239              	.LBE193:
 240              	.LBE192:
  54:effects/motorwaheffect.cpp ****     float resonance = parameters_.size() > 1 ? parameters_[1]->GetValue() : 0.9f;
 241              		.loc 1 54 66 discriminator 1 view .LVU43
 242 002c B0EE408A 		vmov.f32	s16, s0
 243              	.LVL17:
  55:effects/motorwaheffect.cpp ****     float baseFreq = parameters_.size() > 2 ? parameters_[2]->GetValue() : 850.0f;
 244              		.loc 1 55 5 is_stmt 1 view .LVU44
 245              	.LBB195:
 246              	.LBI192:
1005:C:/Program Files (x86)/Arm GNU Toolchain arm-none-eabi/14.3 rel1/arm-none-eabi/include/c++/14.3.1/bits\stl_vector.h ****       { return size_type(this->_M_impl._M_finish - this->_M_impl._M_start); }
 247              		.loc 3 1005 7 view .LVU45
 248              	.LBB194:
 249              		.loc 3 1006 50 is_stmt 0 view .LVU46
 250 0030 9B1A     		subs	r3, r3, r2
 251              	.LBE194:
 252              	.LBE195:
  55:effects/motorwaheffect.cpp ****     float baseFreq = parameters_.size() > 2 ? parameters_[2]->GetValue() : 850.0f;
 253              		.loc 1 55 46 discriminator 1 view .LVU47
 254 0032 042B     		cmp	r3, #4
 255 0034 6AD9     		bls	.L20
  55:effects/motorwaheffect.cpp ****     float baseFreq = parameters_.size() > 2 ? parameters_[2]->GetValue() : 850.0f;
 256              		.loc 1 55 72 discriminator 1 view .LVU48
 257 0036 5068     		ldr	r0, [r2, #4]
 258 0038 FFF7FEFF 		bl	_ZNK11perspective15EffectParameter8GetValueEv
ARM GAS  C:\Users\Oliver\AppData\Local\Temp\ccb1Hde1.s 			page 26


 259              	.LVL18:
 260              	.LBB196:
 261              	.LBB197:
 262              		.loc 3 1006 66 view .LVU49
 263 003c D8F80820 		ldr	r2, [r8, #8]
 264              		.loc 3 1006 50 view .LVU50
 265 0040 D8F80C30 		ldr	r3, [r8, #12]
 266              	.LBE197:
 267              	.LBE196:
  55:effects/motorwaheffect.cpp ****     float baseFreq = parameters_.size() > 2 ? parameters_[2]->GetValue() : 850.0f;
 268              		.loc 1 55 72 discriminator 1 view .LVU51
 269 0044 F0EE409A 		vmov.f32	s19, s0
 270              	.LVL19:
  56:effects/motorwaheffect.cpp ****     float depthHz = parameters_.size() > 4 ? parameters_[4]->GetValue() : 1800.0f;
 271              		.loc 1 56 5 is_stmt 1 view .LVU52
 272              	.LBB199:
 273              	.LBI196:
1005:C:/Program Files (x86)/Arm GNU Toolchain arm-none-eabi/14.3 rel1/arm-none-eabi/include/c++/14.3.1/bits\stl_vector.h ****       { return size_type(this->_M_impl._M_finish - this->_M_impl._M_start); }
 274              		.loc 3 1005 7 view .LVU53
 275              	.LBB198:
 276              		.loc 3 1006 50 is_stmt 0 view .LVU54
 277 0048 9B1A     		subs	r3, r3, r2
 278              	.LBE198:
 279              	.LBE199:
  56:effects/motorwaheffect.cpp ****     float depthHz = parameters_.size() > 4 ? parameters_[4]->GetValue() : 1800.0f;
 280              		.loc 1 56 45 discriminator 1 view .LVU55
 281 004a 082B     		cmp	r3, #8
 282 004c 47D9     		bls	.L16
  56:effects/motorwaheffect.cpp ****     float depthHz = parameters_.size() > 4 ? parameters_[4]->GetValue() : 1800.0f;
 283              		.loc 1 56 71 discriminator 1 view .LVU56
 284 004e 9068     		ldr	r0, [r2, #8]
 285 0050 FFF7FEFF 		bl	_ZNK11perspective15EffectParameter8GetValueEv
 286              	.LVL20:
 287              	.LBB200:
 288              	.LBB201:
 289              		.loc 3 1006 66 view .LVU57
 290 0054 D8F80820 		ldr	r2, [r8, #8]
 291              		.loc 3 1006 50 view .LVU58
 292 0058 D8F80C30 		ldr	r3, [r8, #12]
 293              	.LBE201:
 294              	.LBE200:
  56:effects/motorwaheffect.cpp ****     float depthHz = parameters_.size() > 4 ? parameters_[4]->GetValue() : 1800.0f;
 295              		.loc 1 56 71 discriminator 1 view .LVU59
 296 005c B0EE409A 		vmov.f32	s18, s0
 297              	.LVL21:
  57:effects/motorwaheffect.cpp **** 
 298              		.loc 1 57 5 is_stmt 1 view .LVU60
 299              	.LBB203:
 300              	.LBI200:
1005:C:/Program Files (x86)/Arm GNU Toolchain arm-none-eabi/14.3 rel1/arm-none-eabi/include/c++/14.3.1/bits\stl_vector.h ****       { return size_type(this->_M_impl._M_finish - this->_M_impl._M_start); }
 301              		.loc 3 1005 7 view .LVU61
 302              	.LBB202:
 303              		.loc 3 1006 50 is_stmt 0 view .LVU62
 304 0060 9B1A     		subs	r3, r3, r2
 305              	.LBE202:
 306              	.LBE203:
  57:effects/motorwaheffect.cpp **** 
ARM GAS  C:\Users\Oliver\AppData\Local\Temp\ccb1Hde1.s 			page 27


 307              		.loc 1 57 44 discriminator 1 view .LVU63
 308 0062 102B     		cmp	r3, #16
 309 0064 55D9     		bls	.L21
  57:effects/motorwaheffect.cpp **** 
 310              		.loc 1 57 70 discriminator 1 view .LVU64
 311 0066 1069     		ldr	r0, [r2, #16]
 312 0068 FFF7FEFF 		bl	_ZNK11perspective15EffectParameter8GetValueEv
 313              	.LVL22:
  57:effects/motorwaheffect.cpp **** 
 314              		.loc 1 57 70 discriminator 1 view .LVU65
 315 006c F0EE408A 		vmov.f32	s17, s0
 316              	.LVL23:
 317              	.L17:
  59:effects/motorwaheffect.cpp ****         float lfoValue = 0.5f * (lfo_.Process() + 1.0f);
 318              		.loc 1 59 5 is_stmt 1 view .LVU66
 319              	.LBB204:
  59:effects/motorwaheffect.cpp ****         float lfoValue = 0.5f * (lfo_.Process() + 1.0f);
 320              		.loc 1 59 26 discriminator 1 view .LVU67
 321 0070 B9F1000F 		cmp	r9, #0
 322 0074 2BD0     		beq	.L11
  59:effects/motorwaheffect.cpp ****         float lfoValue = 0.5f * (lfo_.Process() + 1.0f);
 323              		.loc 1 59 17 is_stmt 0 view .LVU68
 324 0076 0024     		movs	r4, #0
 325 0078 08F1E407 		add	r7, r8, #228
 326              	.LVL24:
 327              	.L18:
 328              	.LBB205:
  60:effects/motorwaheffect.cpp ****         detectorInput_ = lfoValue;
 329              		.loc 1 60 9 is_stmt 1 view .LVU69
  60:effects/motorwaheffect.cpp ****         detectorInput_ = lfoValue;
 330              		.loc 1 60 46 is_stmt 0 view .LVU70
 331 007c 3846     		mov	r0, r7
 332              	.LBE205:
  59:effects/motorwaheffect.cpp ****         float lfoValue = 0.5f * (lfo_.Process() + 1.0f);
 333              		.loc 1 59 5 discriminator 3 view .LVU71
 334 007e 0134     		adds	r4, r4, #1
 335              	.LVL25:
 336              	.LBB206:
  60:effects/motorwaheffect.cpp ****         detectorInput_ = lfoValue;
 337              		.loc 1 60 46 view .LVU72
 338 0080 FFF7FEFF 		bl	_ZN7daisysp10Oscillator7ProcessEv
 339              	.LVL26:
  60:effects/motorwaheffect.cpp ****         detectorInput_ = lfoValue;
 340              		.loc 1 60 49 discriminator 1 view .LVU73
 341 0084 B7EE007A 		vmov.f32	s14, #1.0e+0
  60:effects/motorwaheffect.cpp ****         detectorInput_ = lfoValue;
 342              		.loc 1 60 46 view .LVU74
 343 0088 B0EE401A 		vmov.f32	s2, s0
  63:effects/motorwaheffect.cpp ****         ProcessWahSample(in[i], mix, resonance, targetCutoff, out[i]);
 344              		.loc 1 63 51 view .LVU75
 345 008c 0121     		movs	r1, #1
  60:effects/motorwaheffect.cpp ****         detectorInput_ = lfoValue;
 346              		.loc 1 60 55 discriminator 1 view .LVU76
 347 008e F6EE007A 		vmov.f32	s15, #5.0e-1
  63:effects/motorwaheffect.cpp ****         ProcessWahSample(in[i], mix, resonance, targetCutoff, out[i]);
 348              		.loc 1 63 51 view .LVU77
 349 0092 4046     		mov	r0, r8
ARM GAS  C:\Users\Oliver\AppData\Local\Temp\ccb1Hde1.s 			page 28


 350 0094 F0EE680A 		vmov.f32	s1, s17
  60:effects/motorwaheffect.cpp ****         detectorInput_ = lfoValue;
 351              		.loc 1 60 49 discriminator 1 view .LVU78
 352 0098 31EE071A 		vadd.f32	s2, s2, s14
  63:effects/motorwaheffect.cpp ****         ProcessWahSample(in[i], mix, resonance, targetCutoff, out[i]);
 353              		.loc 1 63 51 view .LVU79
 354 009c B0EE490A 		vmov.f32	s0, s18
  60:effects/motorwaheffect.cpp ****         detectorInput_ = lfoValue;
 355              		.loc 1 60 55 discriminator 1 view .LVU80
 356 00a0 21EE271A 		vmul.f32	s2, s2, s15
 357              	.LVL27:
  61:effects/motorwaheffect.cpp **** 
 358              		.loc 1 61 9 is_stmt 1 view .LVU81
  61:effects/motorwaheffect.cpp **** 
 359              		.loc 1 61 24 is_stmt 0 view .LVU82
 360 00a4 88ED331A 		vstr.32	s2, [r8, #204]
  63:effects/motorwaheffect.cpp ****         ProcessWahSample(in[i], mix, resonance, targetCutoff, out[i]);
 361              		.loc 1 63 9 is_stmt 1 view .LVU83
  63:effects/motorwaheffect.cpp ****         ProcessWahSample(in[i], mix, resonance, targetCutoff, out[i]);
 362              		.loc 1 63 51 is_stmt 0 view .LVU84
 363 00a8 FFF7FEFF 		bl	_ZNK11perspective15AutowahV2Effect21ComputeTargetCutoffHzEfffb
 364              	.LVL28:
  64:effects/motorwaheffect.cpp ****     }
 365              		.loc 1 64 25 view .LVU85
 366 00ac 2946     		mov	r1, r5
  63:effects/motorwaheffect.cpp ****         ProcessWahSample(in[i], mix, resonance, targetCutoff, out[i]);
 367              		.loc 1 63 51 view .LVU86
 368 00ae F0EE401A 		vmov.f32	s3, s0
 369              	.LVL29:
  64:effects/motorwaheffect.cpp ****     }
 370              		.loc 1 64 9 is_stmt 1 view .LVU87
  64:effects/motorwaheffect.cpp ****     }
 371              		.loc 1 64 25 is_stmt 0 view .LVU88
 372 00b2 0122     		movs	r2, #1
 373 00b4 B0EE691A 		vmov.f32	s2, s19
 374 00b8 B6EC010A 		vldmia.32	r6!, {s0}
 375              	.LVL30:
  64:effects/motorwaheffect.cpp ****     }
 376              		.loc 1 64 25 view .LVU89
 377 00bc F0EE480A 		vmov.f32	s1, s16
 378 00c0 4046     		mov	r0, r8
 379 00c2 FFF7FEFF 		bl	_ZN11perspective15AutowahV2Effect16ProcessWahSampleEffffRfb
 380              	.LVL31:
  64:effects/motorwaheffect.cpp ****     }
 381              		.loc 1 64 25 view .LVU90
 382              	.LBE206:
  59:effects/motorwaheffect.cpp ****         float lfoValue = 0.5f * (lfo_.Process() + 1.0f);
 383              		.loc 1 59 5 is_stmt 1 discriminator 3 view .LVU91
  59:effects/motorwaheffect.cpp ****         float lfoValue = 0.5f * (lfo_.Process() + 1.0f);
 384              		.loc 1 59 26 discriminator 1 view .LVU92
 385 00c6 A145     		cmp	r9, r4
 386 00c8 05F10405 		add	r5, r5, #4
 387 00cc D6D1     		bne	.L18
 388              	.LVL32:
 389              	.L11:
  59:effects/motorwaheffect.cpp ****         float lfoValue = 0.5f * (lfo_.Process() + 1.0f);
 390              		.loc 1 59 26 is_stmt 0 discriminator 1 view .LVU93
ARM GAS  C:\Users\Oliver\AppData\Local\Temp\ccb1Hde1.s 			page 29


 391              	.LBE204:
 392              	.LBE190:
 393              	.LBE189:
  66:effects/motorwaheffect.cpp **** 
 394              		.loc 1 66 1 view .LVU94
 395 00ce BDEC048B 		vldm	sp!, {d8-d9}
 396              		.cfi_remember_state
 397              		.cfi_restore 82
 398              		.cfi_restore 83
 399              		.cfi_restore 80
 400              		.cfi_restore 81
 401              		.cfi_def_cfa_offset 32
 402 00d2 BDE8F883 		pop	{r3, r4, r5, r6, r7, r8, r9, pc}
 403              	.LVL33:
 404              	.L19:
 405              		.cfi_restore_state
 406              	.LBB210:
 407              	.LBB208:
  54:effects/motorwaheffect.cpp ****     float resonance = parameters_.size() > 1 ? parameters_[1]->GetValue() : 0.9f;
 408              		.loc 1 54 40 discriminator 2 view .LVU95
 409 00d6 9FED108A 		vldr.32	s16, .L29
  55:effects/motorwaheffect.cpp ****     float baseFreq = parameters_.size() > 2 ? parameters_[2]->GetValue() : 850.0f;
 410              		.loc 1 55 46 discriminator 2 view .LVU96
 411 00da DFED109A 		vldr.32	s19, .L29+4
 412              	.LVL34:
 413              	.L16:
  57:effects/motorwaheffect.cpp **** 
 414              		.loc 1 57 5 is_stmt 1 view .LVU97
 415              	.LBB207:
1005:C:/Program Files (x86)/Arm GNU Toolchain arm-none-eabi/14.3 rel1/arm-none-eabi/include/c++/14.3.1/bits\stl_vector.h ****       { return size_type(this->_M_impl._M_finish - this->_M_impl._M_start); }
 416              		.loc 3 1005 7 view .LVU98
1005:C:/Program Files (x86)/Arm GNU Toolchain arm-none-eabi/14.3 rel1/arm-none-eabi/include/c++/14.3.1/bits\stl_vector.h ****       { return size_type(this->_M_impl._M_finish - this->_M_impl._M_start); }
 417              		.loc 3 1005 7 is_stmt 0 view .LVU99
 418              	.LBE207:
  57:effects/motorwaheffect.cpp **** 
 419              		.loc 1 57 44 discriminator 2 view .LVU100
 420 00de 9FED109A 		vldr.32	s18, .L29+8
 421 00e2 DFED108A 		vldr.32	s17, .L29+12
 422 00e6 C3E7     		b	.L17
 423              	.LVL35:
 424              	.L28:
  57:effects/motorwaheffect.cpp **** 
 425              		.loc 1 57 44 discriminator 2 view .LVU101
 426              	.LBE208:
 427              	.LBE210:
 428              	.LBB211:
 429              	.LBB186:
  47:effects/motorwaheffect.cpp ****         for (size_t i = 0; i < size; ++i) {
 430              		.loc 1 47 9 is_stmt 1 view .LVU102
  47:effects/motorwaheffect.cpp ****         for (size_t i = 0; i < size; ++i) {
 431              		.loc 1 47 24 is_stmt 0 view .LVU103
 432 00e8 0023     		movs	r3, #0
 433 00ea C0F8CC30 		str	r3, [r0, #204]	@ float
  48:effects/motorwaheffect.cpp ****             out[i] = in[i];
 434              		.loc 1 48 9 is_stmt 1 view .LVU104
 435              	.LVL36:
 436              	.LBB187:
ARM GAS  C:\Users\Oliver\AppData\Local\Temp\ccb1Hde1.s 			page 30


  48:effects/motorwaheffect.cpp ****             out[i] = in[i];
 437              		.loc 1 48 30 discriminator 1 view .LVU105
 438 00ee B9F1000F 		cmp	r9, #0
 439 00f2 ECD0     		beq	.L11
 440 00f4 01EB8909 		add	r9, r1, r9, lsl #2
 441              	.LVL37:
 442              	.L14:
  49:effects/motorwaheffect.cpp ****         }
 443              		.loc 1 49 13 view .LVU106
  49:effects/motorwaheffect.cpp ****         }
 444              		.loc 1 49 26 is_stmt 0 view .LVU107
 445 00f8 56F8043B 		ldr	r3, [r6], #4	@ float
  48:effects/motorwaheffect.cpp ****             out[i] = in[i];
 446              		.loc 1 48 30 discriminator 1 view .LVU108
 447 00fc B145     		cmp	r9, r6
  49:effects/motorwaheffect.cpp ****         }
 448              		.loc 1 49 20 view .LVU109
 449 00fe 45F8043B 		str	r3, [r5], #4	@ float
  48:effects/motorwaheffect.cpp ****             out[i] = in[i];
 450              		.loc 1 48 9 is_stmt 1 discriminator 3 view .LVU110
  48:effects/motorwaheffect.cpp ****             out[i] = in[i];
 451              		.loc 1 48 30 discriminator 1 view .LVU111
 452 0102 F9D1     		bne	.L14
 453              	.LBE187:
 454              	.LBE186:
 455              	.LBE211:
  66:effects/motorwaheffect.cpp **** 
 456              		.loc 1 66 1 is_stmt 0 view .LVU112
 457 0104 BDEC048B 		vldm	sp!, {d8-d9}
 458              		.cfi_remember_state
 459              		.cfi_restore 82
 460              		.cfi_restore 83
 461              		.cfi_restore 80
 462              		.cfi_restore 81
 463              		.cfi_def_cfa_offset 32
 464 0108 BDE8F883 		pop	{r3, r4, r5, r6, r7, r8, r9, pc}
 465              	.LVL38:
 466              	.L20:
 467              		.cfi_restore_state
 468              	.LBB212:
 469              	.LBB209:
  55:effects/motorwaheffect.cpp ****     float baseFreq = parameters_.size() > 2 ? parameters_[2]->GetValue() : 850.0f;
 470              		.loc 1 55 46 discriminator 2 view .LVU113
 471 010c DFED039A 		vldr.32	s19, .L29+4
 472 0110 E5E7     		b	.L16
 473              	.LVL39:
 474              	.L21:
  57:effects/motorwaheffect.cpp **** 
 475              		.loc 1 57 44 discriminator 2 view .LVU114
 476 0112 DFED048A 		vldr.32	s17, .L29+12
 477 0116 ABE7     		b	.L17
 478              	.L30:
 479              		.align	2
 480              	.L29:
 481 0118 9A99193F 		.word	1058642330
 482 011c 6666663F 		.word	1063675494
 483 0120 00805444 		.word	1146388480
ARM GAS  C:\Users\Oliver\AppData\Local\Temp\ccb1Hde1.s 			page 31


 484 0124 0000E144 		.word	1155596288
 485              	.LBE209:
 486              	.LBE212:
 487              		.cfi_endproc
 488              	.LFE6892:
 490              		.section	.text._ZN11perspective14MotorWahEffect13ProcessStereoEPfS1_S1_S1_j,"ax",%progbits
 491              		.align	1
 492              		.p2align 2,,3
 493              		.global	_ZN11perspective14MotorWahEffect13ProcessStereoEPfS1_S1_S1_j
 494              		.syntax unified
 495              		.thumb
 496              		.thumb_func
 498              	_ZN11perspective14MotorWahEffect13ProcessStereoEPfS1_S1_S1_j:
 499              	.LVL40:
 500              	.LFB6893:
  68:effects/motorwaheffect.cpp ****     if (!enabled_) {
 501              		.loc 1 68 99 is_stmt 1 view -0
 502              		.cfi_startproc
 503              		@ args = 8, pretend = 0, frame = 0
 504              		@ frame_needed = 0, uses_anonymous_args = 0
  69:effects/motorwaheffect.cpp ****         detectorInput_ = 0.0f;
 505              		.loc 1 69 5 view .LVU116
  68:effects/motorwaheffect.cpp ****     if (!enabled_) {
 506              		.loc 1 68 99 is_stmt 0 view .LVU117
 507 0000 2DE9F84F 		push	{r3, r4, r5, r6, r7, r8, r9, r10, fp, lr}
 508              		.cfi_def_cfa_offset 40
 509              		.cfi_offset 3, -40
 510              		.cfi_offset 4, -36
 511              		.cfi_offset 5, -32
 512              		.cfi_offset 6, -28
 513              		.cfi_offset 7, -24
 514              		.cfi_offset 8, -20
 515              		.cfi_offset 9, -16
 516              		.cfi_offset 10, -12
 517              		.cfi_offset 11, -8
 518              		.cfi_offset 14, -4
 519              	.LBB239:
  69:effects/motorwaheffect.cpp ****         detectorInput_ = 0.0f;
 520              		.loc 1 69 5 view .LVU118
 521 0004 047D     		ldrb	r4, [r0, #20]	@ zero_extendqisi2
 522              	.LBE239:
  68:effects/motorwaheffect.cpp ****     if (!enabled_) {
 523              		.loc 1 68 99 view .LVU119
 524 0006 8146     		mov	r9, r0
 525 0008 8A46     		mov	r10, r1
 526 000a 9346     		mov	fp, r2
 527 000c 1E46     		mov	r6, r3
 528 000e 2DED048B 		vpush.64	{d8, d9}
 529              		.cfi_def_cfa_offset 56
 530              		.cfi_offset 80, -56
 531              		.cfi_offset 81, -52
 532              		.cfi_offset 82, -48
 533              		.cfi_offset 83, -44
  68:effects/motorwaheffect.cpp ****     if (!enabled_) {
 534              		.loc 1 68 99 view .LVU120
 535 0012 DDF83C80 		ldr	r8, [sp, #60]
 536              	.LBB242:
ARM GAS  C:\Users\Oliver\AppData\Local\Temp\ccb1Hde1.s 			page 32


  69:effects/motorwaheffect.cpp ****         detectorInput_ = 0.0f;
 537              		.loc 1 69 5 view .LVU121
 538 0016 002C     		cmp	r4, #0
 539 0018 68D0     		beq	.L48
 540              	.LVL41:
  69:effects/motorwaheffect.cpp ****         detectorInput_ = 0.0f;
 541              		.loc 1 69 5 view .LVU122
 542              	.LBE242:
 543              	.LBB243:
 544              	.LBI243:
  68:effects/motorwaheffect.cpp ****     if (!enabled_) {
 545              		.loc 1 68 6 is_stmt 1 view .LVU123
 546              	.LBB244:
  78:effects/motorwaheffect.cpp ****     float resonance = parameters_.size() > 1 ? parameters_[1]->GetValue() : 0.9f;
 547              		.loc 1 78 5 view .LVU124
 548              	.LBB245:
 549              	.LBI245:
1005:C:/Program Files (x86)/Arm GNU Toolchain arm-none-eabi/14.3 rel1/arm-none-eabi/include/c++/14.3.1/bits\stl_vector.h ****       { return size_type(this->_M_impl._M_finish - this->_M_impl._M_start); }
 550              		.loc 3 1005 7 view .LVU125
 551              	.LBE245:
  78:effects/motorwaheffect.cpp ****     float resonance = parameters_.size() > 1 ? parameters_[1]->GetValue() : 0.9f;
 552              		.loc 1 78 40 is_stmt 0 discriminator 1 view .LVU126
 553 001a D0E90232 		ldrd	r3, r2, [r0, #8]
 554              	.LVL42:
  78:effects/motorwaheffect.cpp ****     float resonance = parameters_.size() > 1 ? parameters_[1]->GetValue() : 0.9f;
 555              		.loc 1 78 40 discriminator 1 view .LVU127
 556 001e 9A42     		cmp	r2, r3
 557 0020 5BD0     		beq	.L39
  78:effects/motorwaheffect.cpp ****     float resonance = parameters_.size() > 1 ? parameters_[1]->GetValue() : 0.9f;
 558              		.loc 1 78 66 discriminator 1 view .LVU128
 559 0022 1868     		ldr	r0, [r3]
 560              	.LVL43:
  78:effects/motorwaheffect.cpp ****     float resonance = parameters_.size() > 1 ? parameters_[1]->GetValue() : 0.9f;
 561              		.loc 1 78 66 discriminator 1 view .LVU129
 562 0024 FFF7FEFF 		bl	_ZNK11perspective15EffectParameter8GetValueEv
 563              	.LVL44:
  78:effects/motorwaheffect.cpp ****     float resonance = parameters_.size() > 1 ? parameters_[1]->GetValue() : 0.9f;
 564              		.loc 1 78 66 discriminator 1 view .LVU130
 565 0028 B0EE408A 		vmov.f32	s16, s0
 566              	.LBB246:
 567              	.LBB247:
 568              		.loc 3 1006 50 view .LVU131
 569 002c D9E90223 		ldrd	r2, r3, [r9, #8]
 570 0030 9B1A     		subs	r3, r3, r2
 571              	.LBE247:
 572              	.LBE246:
  79:effects/motorwaheffect.cpp ****     float baseFreq = parameters_.size() > 2 ? parameters_[2]->GetValue() : 850.0f;
 573              		.loc 1 79 46 discriminator 1 view .LVU132
 574 0032 042B     		cmp	r3, #4
 575 0034 71D9     		bls	.L40
  79:effects/motorwaheffect.cpp ****     float baseFreq = parameters_.size() > 2 ? parameters_[2]->GetValue() : 850.0f;
 576              		.loc 1 79 72 discriminator 1 view .LVU133
 577 0036 5068     		ldr	r0, [r2, #4]
 578 0038 FFF7FEFF 		bl	_ZNK11perspective15EffectParameter8GetValueEv
 579              	.LVL45:
 580 003c F0EE409A 		vmov.f32	s19, s0
 581              	.LVL46:
ARM GAS  C:\Users\Oliver\AppData\Local\Temp\ccb1Hde1.s 			page 33


  80:effects/motorwaheffect.cpp ****     float depthHz = parameters_.size() > 4 ? parameters_[4]->GetValue() : 1800.0f;
 582              		.loc 1 80 5 is_stmt 1 view .LVU134
 583              	.LBB248:
 584              	.LBI248:
1005:C:/Program Files (x86)/Arm GNU Toolchain arm-none-eabi/14.3 rel1/arm-none-eabi/include/c++/14.3.1/bits\stl_vector.h ****       { return size_type(this->_M_impl._M_finish - this->_M_impl._M_start); }
 585              		.loc 3 1005 7 view .LVU135
 586              	.LBB249:
 587              		.loc 3 1006 50 is_stmt 0 view .LVU136
 588 0040 D9E90223 		ldrd	r2, r3, [r9, #8]
 589 0044 9B1A     		subs	r3, r3, r2
 590              	.LBE249:
 591              	.LBE248:
  80:effects/motorwaheffect.cpp ****     float depthHz = parameters_.size() > 4 ? parameters_[4]->GetValue() : 1800.0f;
 592              		.loc 1 80 45 discriminator 1 view .LVU137
 593 0046 082B     		cmp	r3, #8
 594 0048 4BD9     		bls	.L36
  80:effects/motorwaheffect.cpp ****     float depthHz = parameters_.size() > 4 ? parameters_[4]->GetValue() : 1800.0f;
 595              		.loc 1 80 71 discriminator 1 view .LVU138
 596 004a 9068     		ldr	r0, [r2, #8]
 597 004c FFF7FEFF 		bl	_ZNK11perspective15EffectParameter8GetValueEv
 598              	.LVL47:
  80:effects/motorwaheffect.cpp ****     float depthHz = parameters_.size() > 4 ? parameters_[4]->GetValue() : 1800.0f;
 599              		.loc 1 80 71 discriminator 1 view .LVU139
 600 0050 B0EE409A 		vmov.f32	s18, s0
 601              	.LVL48:
  81:effects/motorwaheffect.cpp **** 
 602              		.loc 1 81 5 is_stmt 1 view .LVU140
 603              	.LBB250:
 604              	.LBI250:
1005:C:/Program Files (x86)/Arm GNU Toolchain arm-none-eabi/14.3 rel1/arm-none-eabi/include/c++/14.3.1/bits\stl_vector.h ****       { return size_type(this->_M_impl._M_finish - this->_M_impl._M_start); }
 605              		.loc 3 1005 7 view .LVU141
 606              	.LBB251:
 607              		.loc 3 1006 50 is_stmt 0 view .LVU142
 608 0054 D9E90223 		ldrd	r2, r3, [r9, #8]
 609 0058 9B1A     		subs	r3, r3, r2
 610              	.LBE251:
 611              	.LBE250:
  81:effects/motorwaheffect.cpp **** 
 612              		.loc 1 81 44 discriminator 1 view .LVU143
 613 005a 102B     		cmp	r3, #16
 614 005c 60D9     		bls	.L41
  81:effects/motorwaheffect.cpp **** 
 615              		.loc 1 81 70 discriminator 1 view .LVU144
 616 005e 1069     		ldr	r0, [r2, #16]
 617 0060 FFF7FEFF 		bl	_ZNK11perspective15EffectParameter8GetValueEv
 618              	.LVL49:
  81:effects/motorwaheffect.cpp **** 
 619              		.loc 1 81 70 discriminator 1 view .LVU145
 620 0064 F0EE408A 		vmov.f32	s17, s0
 621              	.LVL50:
 622              	.L37:
  83:effects/motorwaheffect.cpp ****         float lfoValue = 0.5f * (lfo_.Process() + 1.0f);
 623              		.loc 1 83 5 is_stmt 1 view .LVU146
 624              	.LBB252:
  83:effects/motorwaheffect.cpp ****         float lfoValue = 0.5f * (lfo_.Process() + 1.0f);
 625              		.loc 1 83 26 discriminator 1 view .LVU147
 626 0068 B8F1000F 		cmp	r8, #0
ARM GAS  C:\Users\Oliver\AppData\Local\Temp\ccb1Hde1.s 			page 34


 627 006c 31D0     		beq	.L31
 628 006e 0E9D     		ldr	r5, [sp, #56]
  83:effects/motorwaheffect.cpp ****         float lfoValue = 0.5f * (lfo_.Process() + 1.0f);
 629              		.loc 1 83 17 is_stmt 0 view .LVU148
 630 0070 0024     		movs	r4, #0
 631 0072 09F1E407 		add	r7, r9, #228
 632              	.LVL51:
 633              	.L38:
 634              	.LBB253:
  84:effects/motorwaheffect.cpp ****         detectorInput_ = lfoValue;
 635              		.loc 1 84 9 is_stmt 1 view .LVU149
  84:effects/motorwaheffect.cpp ****         detectorInput_ = lfoValue;
 636              		.loc 1 84 46 is_stmt 0 view .LVU150
 637 0076 3846     		mov	r0, r7
 638              	.LBE253:
  83:effects/motorwaheffect.cpp ****         float lfoValue = 0.5f * (lfo_.Process() + 1.0f);
 639              		.loc 1 83 5 discriminator 3 view .LVU151
 640 0078 0134     		adds	r4, r4, #1
 641              	.LVL52:
 642              	.LBB254:
  84:effects/motorwaheffect.cpp ****         detectorInput_ = lfoValue;
 643              		.loc 1 84 46 view .LVU152
 644 007a FFF7FEFF 		bl	_ZN7daisysp10Oscillator7ProcessEv
 645              	.LVL53:
  84:effects/motorwaheffect.cpp ****         detectorInput_ = lfoValue;
 646              		.loc 1 84 49 discriminator 1 view .LVU153
 647 007e B7EE007A 		vmov.f32	s14, #1.0e+0
  84:effects/motorwaheffect.cpp ****         detectorInput_ = lfoValue;
 648              		.loc 1 84 46 view .LVU154
 649 0082 B0EE401A 		vmov.f32	s2, s0
  87:effects/motorwaheffect.cpp ****         ProcessWahStereoSample(inL[i], inR[i], mix, resonance, targetCutoff, outL[i], outR[i]);
 650              		.loc 1 87 51 view .LVU155
 651 0086 0121     		movs	r1, #1
  84:effects/motorwaheffect.cpp ****         detectorInput_ = lfoValue;
 652              		.loc 1 84 55 discriminator 1 view .LVU156
 653 0088 F6EE007A 		vmov.f32	s15, #5.0e-1
  87:effects/motorwaheffect.cpp ****         ProcessWahStereoSample(inL[i], inR[i], mix, resonance, targetCutoff, outL[i], outR[i]);
 654              		.loc 1 87 51 view .LVU157
 655 008c 4846     		mov	r0, r9
 656 008e F0EE680A 		vmov.f32	s1, s17
  84:effects/motorwaheffect.cpp ****         detectorInput_ = lfoValue;
 657              		.loc 1 84 49 discriminator 1 view .LVU158
 658 0092 31EE071A 		vadd.f32	s2, s2, s14
  87:effects/motorwaheffect.cpp ****         ProcessWahStereoSample(inL[i], inR[i], mix, resonance, targetCutoff, outL[i], outR[i]);
 659              		.loc 1 87 51 view .LVU159
 660 0096 B0EE490A 		vmov.f32	s0, s18
  84:effects/motorwaheffect.cpp ****         detectorInput_ = lfoValue;
 661              		.loc 1 84 55 discriminator 1 view .LVU160
 662 009a 21EE271A 		vmul.f32	s2, s2, s15
 663              	.LVL54:
  85:effects/motorwaheffect.cpp **** 
 664              		.loc 1 85 9 is_stmt 1 view .LVU161
  85:effects/motorwaheffect.cpp **** 
 665              		.loc 1 85 24 is_stmt 0 view .LVU162
 666 009e 89ED331A 		vstr.32	s2, [r9, #204]
  87:effects/motorwaheffect.cpp ****         ProcessWahStereoSample(inL[i], inR[i], mix, resonance, targetCutoff, outL[i], outR[i]);
 667              		.loc 1 87 9 is_stmt 1 view .LVU163
ARM GAS  C:\Users\Oliver\AppData\Local\Temp\ccb1Hde1.s 			page 35


  87:effects/motorwaheffect.cpp ****         ProcessWahStereoSample(inL[i], inR[i], mix, resonance, targetCutoff, outL[i], outR[i]);
 668              		.loc 1 87 51 is_stmt 0 view .LVU164
 669 00a2 FFF7FEFF 		bl	_ZNK11perspective15AutowahV2Effect21ComputeTargetCutoffHzEfffb
 670              	.LVL55:
  88:effects/motorwaheffect.cpp ****     }
 671              		.loc 1 88 31 view .LVU165
 672 00a6 2A46     		mov	r2, r5
  87:effects/motorwaheffect.cpp ****         ProcessWahStereoSample(inL[i], inR[i], mix, resonance, targetCutoff, outL[i], outR[i]);
 673              		.loc 1 87 51 view .LVU166
 674 00a8 B0EE402A 		vmov.f32	s4, s0
 675              	.LVL56:
  88:effects/motorwaheffect.cpp ****     }
 676              		.loc 1 88 9 is_stmt 1 view .LVU167
  88:effects/motorwaheffect.cpp ****     }
 677              		.loc 1 88 31 is_stmt 0 view .LVU168
 678 00ac 3146     		mov	r1, r6
 679 00ae F0EE691A 		vmov.f32	s3, s19
 680 00b2 0123     		movs	r3, #1
 681 00b4 B0EE481A 		vmov.f32	s2, s16
 682 00b8 FBEC010A 		vldmia.32	fp!, {s1}
 683 00bc BAEC010A 		vldmia.32	r10!, {s0}
 684              	.LVL57:
  88:effects/motorwaheffect.cpp ****     }
 685              		.loc 1 88 31 view .LVU169
 686 00c0 4846     		mov	r0, r9
 687 00c2 FFF7FEFF 		bl	_ZN11perspective15AutowahV2Effect22ProcessWahStereoSampleEfffffRfS1_b
 688              	.LVL58:
  88:effects/motorwaheffect.cpp ****     }
 689              		.loc 1 88 31 view .LVU170
 690              	.LBE254:
  83:effects/motorwaheffect.cpp ****         float lfoValue = 0.5f * (lfo_.Process() + 1.0f);
 691              		.loc 1 83 5 is_stmt 1 discriminator 3 view .LVU171
  83:effects/motorwaheffect.cpp ****         float lfoValue = 0.5f * (lfo_.Process() + 1.0f);
 692              		.loc 1 83 26 discriminator 1 view .LVU172
 693 00c6 A045     		cmp	r8, r4
 694 00c8 06F10406 		add	r6, r6, #4
 695 00cc 05F10405 		add	r5, r5, #4
 696 00d0 D1D1     		bne	.L38
 697              	.LVL59:
 698              	.L31:
  83:effects/motorwaheffect.cpp ****         float lfoValue = 0.5f * (lfo_.Process() + 1.0f);
 699              		.loc 1 83 26 is_stmt 0 discriminator 1 view .LVU173
 700              	.LBE252:
 701              	.LBE244:
 702              	.LBE243:
  90:effects/motorwaheffect.cpp **** 
 703              		.loc 1 90 1 view .LVU174
 704 00d2 BDEC048B 		vldm	sp!, {d8-d9}
 705              		.cfi_remember_state
 706              		.cfi_restore 82
 707              		.cfi_restore 83
 708              		.cfi_restore 80
 709              		.cfi_restore 81
 710              		.cfi_def_cfa_offset 40
 711 00d6 BDE8F88F 		pop	{r3, r4, r5, r6, r7, r8, r9, r10, fp, pc}
 712              	.LVL60:
 713              	.L39:
ARM GAS  C:\Users\Oliver\AppData\Local\Temp\ccb1Hde1.s 			page 36


 714              		.cfi_restore_state
 715              	.LBB258:
 716              	.LBB256:
  78:effects/motorwaheffect.cpp ****     float resonance = parameters_.size() > 1 ? parameters_[1]->GetValue() : 0.9f;
 717              		.loc 1 78 40 discriminator 2 view .LVU175
 718 00da 9FED138A 		vldr.32	s16, .L49
  79:effects/motorwaheffect.cpp ****     float baseFreq = parameters_.size() > 2 ? parameters_[2]->GetValue() : 850.0f;
 719              		.loc 1 79 46 discriminator 2 view .LVU176
 720 00de DFED139A 		vldr.32	s19, .L49+4
 721              	.LVL61:
 722              	.L36:
  81:effects/motorwaheffect.cpp **** 
 723              		.loc 1 81 5 is_stmt 1 view .LVU177
 724              	.LBB255:
1005:C:/Program Files (x86)/Arm GNU Toolchain arm-none-eabi/14.3 rel1/arm-none-eabi/include/c++/14.3.1/bits\stl_vector.h ****       { return size_type(this->_M_impl._M_finish - this->_M_impl._M_start); }
 725              		.loc 3 1005 7 view .LVU178
1005:C:/Program Files (x86)/Arm GNU Toolchain arm-none-eabi/14.3 rel1/arm-none-eabi/include/c++/14.3.1/bits\stl_vector.h ****       { return size_type(this->_M_impl._M_finish - this->_M_impl._M_start); }
 726              		.loc 3 1005 7 is_stmt 0 view .LVU179
 727              	.LBE255:
  81:effects/motorwaheffect.cpp **** 
 728              		.loc 1 81 44 discriminator 2 view .LVU180
 729 00e2 9FED139A 		vldr.32	s18, .L49+8
 730 00e6 DFED138A 		vldr.32	s17, .L49+12
 731 00ea BDE7     		b	.L37
 732              	.LVL62:
 733              	.L48:
  81:effects/motorwaheffect.cpp **** 
 734              		.loc 1 81 44 discriminator 2 view .LVU181
 735              	.LBE256:
 736              	.LBE258:
 737              	.LBB259:
 738              	.LBB240:
  70:effects/motorwaheffect.cpp ****         for (size_t i = 0; i < size; ++i) {
 739              		.loc 1 70 9 is_stmt 1 view .LVU182
  70:effects/motorwaheffect.cpp ****         for (size_t i = 0; i < size; ++i) {
 740              		.loc 1 70 24 is_stmt 0 view .LVU183
 741 00ec 0023     		movs	r3, #0
 742              	.LVL63:
  70:effects/motorwaheffect.cpp ****         for (size_t i = 0; i < size; ++i) {
 743              		.loc 1 70 24 view .LVU184
 744 00ee C0F8CC30 		str	r3, [r0, #204]	@ float
  71:effects/motorwaheffect.cpp ****             outL[i] = inL[i];
 745              		.loc 1 71 9 is_stmt 1 view .LVU185
 746              	.LVL64:
 747              	.LBB241:
  71:effects/motorwaheffect.cpp ****             outL[i] = inL[i];
 748              		.loc 1 71 30 discriminator 1 view .LVU186
 749 00f2 B8F1000F 		cmp	r8, #0
 750 00f6 ECD0     		beq	.L31
 751 00f8 0E98     		ldr	r0, [sp, #56]
 752              	.LVL65:
  71:effects/motorwaheffect.cpp ****             outL[i] = inL[i];
 753              		.loc 1 71 30 is_stmt 0 discriminator 1 view .LVU187
 754 00fa 01EB8808 		add	r8, r1, r8, lsl #2
 755              	.LVL66:
 756              	.L34:
  72:effects/motorwaheffect.cpp ****             outR[i] = inR[i];
ARM GAS  C:\Users\Oliver\AppData\Local\Temp\ccb1Hde1.s 			page 37


 757              		.loc 1 72 13 is_stmt 1 view .LVU188
  72:effects/motorwaheffect.cpp ****             outR[i] = inR[i];
 758              		.loc 1 72 28 is_stmt 0 view .LVU189
 759 00fe 51F8043B 		ldr	r3, [r1], #4	@ float
  72:effects/motorwaheffect.cpp ****             outR[i] = inR[i];
 760              		.loc 1 72 21 view .LVU190
 761 0102 46F8043B 		str	r3, [r6], #4	@ float
  73:effects/motorwaheffect.cpp ****         }
 762              		.loc 1 73 13 is_stmt 1 view .LVU191
  71:effects/motorwaheffect.cpp ****             outL[i] = inL[i];
 763              		.loc 1 71 30 is_stmt 0 discriminator 1 view .LVU192
 764 0106 4145     		cmp	r1, r8
  73:effects/motorwaheffect.cpp ****         }
 765              		.loc 1 73 28 view .LVU193
 766 0108 52F8043B 		ldr	r3, [r2], #4	@ float
  73:effects/motorwaheffect.cpp ****         }
 767              		.loc 1 73 21 view .LVU194
 768 010c 40F8043B 		str	r3, [r0], #4	@ float
  71:effects/motorwaheffect.cpp ****             outL[i] = inL[i];
 769              		.loc 1 71 9 is_stmt 1 discriminator 3 view .LVU195
  71:effects/motorwaheffect.cpp ****             outL[i] = inL[i];
 770              		.loc 1 71 30 discriminator 1 view .LVU196
 771 0110 F5D1     		bne	.L34
 772              	.LBE241:
 773              	.LBE240:
 774              	.LBE259:
  90:effects/motorwaheffect.cpp **** 
 775              		.loc 1 90 1 is_stmt 0 view .LVU197
 776 0112 BDEC048B 		vldm	sp!, {d8-d9}
 777              		.cfi_remember_state
 778              		.cfi_restore 82
 779              		.cfi_restore 83
 780              		.cfi_restore 80
 781              		.cfi_restore 81
 782              		.cfi_def_cfa_offset 40
 783 0116 BDE8F88F 		pop	{r3, r4, r5, r6, r7, r8, r9, r10, fp, pc}
 784              	.LVL67:
 785              	.L40:
 786              		.cfi_restore_state
 787              	.LBB260:
 788              	.LBB257:
  79:effects/motorwaheffect.cpp ****     float baseFreq = parameters_.size() > 2 ? parameters_[2]->GetValue() : 850.0f;
 789              		.loc 1 79 46 discriminator 2 view .LVU198
 790 011a DFED049A 		vldr.32	s19, .L49+4
 791 011e E0E7     		b	.L36
 792              	.LVL68:
 793              	.L41:
  81:effects/motorwaheffect.cpp **** 
 794              		.loc 1 81 44 discriminator 2 view .LVU199
 795 0120 DFED048A 		vldr.32	s17, .L49+12
 796 0124 A0E7     		b	.L37
 797              	.L50:
 798 0126 00BF     		.align	2
 799              	.L49:
 800 0128 9A99193F 		.word	1058642330
 801 012c 6666663F 		.word	1063675494
 802 0130 00805444 		.word	1146388480
ARM GAS  C:\Users\Oliver\AppData\Local\Temp\ccb1Hde1.s 			page 38


 803 0134 0000E144 		.word	1155596288
 804              	.LBE257:
 805              	.LBE260:
 806              		.cfi_endproc
 807              	.LFE6893:
 809              		.section	.rodata._ZN11perspective14MotorWahEffectC2Ev.str1.4,"aMS",%progbits,1
 810              		.align	2
 811              	.LC0:
 812 0000 4D6F746F 		.ascii	"Motor Wah\000"
 812      72205761 
 812      6800
 813              		.section	.text._ZN11perspective14MotorWahEffectC2Ev,"ax",%progbits
 814              		.align	1
 815              		.p2align 2,,3
 816              		.global	_ZN11perspective14MotorWahEffectC2Ev
 817              		.syntax unified
 818              		.thumb
 819              		.thumb_func
 821              	_ZN11perspective14MotorWahEffectC2Ev:
 822              	.LVL69:
 823              	.LFB6885:
  18:effects/motorwaheffect.cpp ****     : AutowahV2Effect("Motor Wah") {
 824              		.loc 1 18 1 is_stmt 1 view -0
 825              		.cfi_startproc
 826              		@ args = 0, pretend = 0, frame = 0
 827              		@ frame_needed = 0, uses_anonymous_args = 0
  18:effects/motorwaheffect.cpp ****     : AutowahV2Effect("Motor Wah") {
 828              		.loc 1 18 1 is_stmt 0 view .LVU201
 829 0000 10B5     		push	{r4, lr}
 830              		.cfi_def_cfa_offset 8
 831              		.cfi_offset 4, -8
 832              		.cfi_offset 14, -4
 833              	.LBB261:
  19:effects/motorwaheffect.cpp **** }
 834              		.loc 1 19 34 view .LVU202
 835 0002 0449     		ldr	r1, .L53
 836              	.LBE261:
  18:effects/motorwaheffect.cpp ****     : AutowahV2Effect("Motor Wah") {
 837              		.loc 1 18 1 view .LVU203
 838 0004 0446     		mov	r4, r0
 839              	.LBB263:
  19:effects/motorwaheffect.cpp **** }
 840              		.loc 1 19 34 view .LVU204
 841 0006 FFF7FEFF 		bl	_ZN11perspective15AutowahV2EffectC2EPKc
 842              	.LVL70:
  19:effects/motorwaheffect.cpp **** }
 843              		.loc 1 19 34 discriminator 1 view .LVU205
 844 000a 034B     		ldr	r3, .L53+4
 845              	.LBE263:
  20:effects/motorwaheffect.cpp **** 
 846              		.loc 1 20 1 view .LVU206
 847 000c 2046     		mov	r0, r4
 848              	.LBB264:
  19:effects/motorwaheffect.cpp **** }
 849              		.loc 1 19 34 discriminator 1 view .LVU207
 850 000e 2360     		str	r3, [r4]
 851              	.LVL71:
ARM GAS  C:\Users\Oliver\AppData\Local\Temp\ccb1Hde1.s 			page 39


 852              	.LBB262:
 853              	.LBI262:
  23:dependencies/DaisySP/Source/Synthesis/oscillator.h ****     ~Oscillator() {}
 854              		.loc 2 23 5 is_stmt 1 view .LVU208
  23:dependencies/DaisySP/Source/Synthesis/oscillator.h ****     ~Oscillator() {}
 855              		.loc 2 23 5 is_stmt 0 view .LVU209
 856              	.LBE262:
 857              	.LBE264:
  20:effects/motorwaheffect.cpp **** 
 858              		.loc 1 20 1 view .LVU210
 859 0010 10BD     		pop	{r4, pc}
 860              	.LVL72:
 861              	.L54:
  20:effects/motorwaheffect.cpp **** 
 862              		.loc 1 20 1 view .LVU211
 863 0012 00BF     		.align	2
 864              	.L53:
 865 0014 00000000 		.word	.LC0
 866 0018 08000000 		.word	_ZTVN11perspective14MotorWahEffectE+8
 867              		.cfi_endproc
 868              	.LFE6885:
 870              		.global	_ZN11perspective14MotorWahEffectC1Ev
 871              		.thumb_set _ZN11perspective14MotorWahEffectC1Ev,_ZN11perspective14MotorWahEffectC2Ev
 872              		.section	.text._ZN11perspective14MotorWahEffect6UpdateEv,"ax",%progbits
 873              		.align	1
 874              		.p2align 2,,3
 875              		.global	_ZN11perspective14MotorWahEffect6UpdateEv
 876              		.syntax unified
 877              		.thumb
 878              		.thumb_func
 880              	_ZN11perspective14MotorWahEffect6UpdateEv:
 881              	.LVL73:
 882              	.LFB6894:
  92:effects/motorwaheffect.cpp ****     if (parameters_.size() >= 6) {
 883              		.loc 1 92 31 is_stmt 1 view -0
 884              		.cfi_startproc
 885              		@ args = 0, pretend = 0, frame = 8
 886              		@ frame_needed = 0, uses_anonymous_args = 0
  93:effects/motorwaheffect.cpp ****         float rateHz = parameters_[3]->GetValue();
 887              		.loc 1 93 5 view .LVU213
 888              	.LBB277:
 889              	.LBB278:
 890              	.LBB279:
 891              		.loc 3 1006 50 is_stmt 0 view .LVU214
 892 0000 D0E90223 		ldrd	r2, r3, [r0, #8]
 893              	.LBE279:
 894              	.LBE278:
 895              	.LBE277:
  92:effects/motorwaheffect.cpp ****     if (parameters_.size() >= 6) {
 896              		.loc 1 92 31 view .LVU215
 897 0004 10B5     		push	{r4, lr}
 898              		.cfi_def_cfa_offset 8
 899              		.cfi_offset 4, -8
 900              		.cfi_offset 14, -4
 901              	.LBB297:
 902              	.LBB281:
 903              	.LBB280:
ARM GAS  C:\Users\Oliver\AppData\Local\Temp\ccb1Hde1.s 			page 40


 904              		.loc 3 1006 50 view .LVU216
 905 0006 9B1A     		subs	r3, r3, r2
 906              	.LBE280:
 907              	.LBE281:
 908              	.LBE297:
  92:effects/motorwaheffect.cpp ****     if (parameters_.size() >= 6) {
 909              		.loc 1 92 31 view .LVU217
 910 0008 0446     		mov	r4, r0
 911              	.LVL74:
 912              	.LBB298:
 913              	.LBB282:
 914              	.LBI278:
1005:C:/Program Files (x86)/Arm GNU Toolchain arm-none-eabi/14.3 rel1/arm-none-eabi/include/c++/14.3.1/bits\stl_vector.h ****       { return size_type(this->_M_impl._M_finish - this->_M_impl._M_start); }
 915              		.loc 3 1005 7 is_stmt 1 view .LVU218
 916              	.LBE282:
  93:effects/motorwaheffect.cpp ****         float rateHz = parameters_[3]->GetValue();
 917              		.loc 1 93 5 is_stmt 0 discriminator 1 view .LVU219
 918 000a 142B     		cmp	r3, #20
 919              	.LBE298:
  92:effects/motorwaheffect.cpp ****     if (parameters_.size() >= 6) {
 920              		.loc 1 92 31 view .LVU220
 921 000c 2DED028B 		vpush.64	{d8}
 922              		.cfi_def_cfa_offset 16
 923              		.cfi_offset 80, -16
 924              		.cfi_offset 81, -12
 925 0010 82B0     		sub	sp, sp, #8
 926              		.cfi_def_cfa_offset 24
 927              	.LBB299:
  93:effects/motorwaheffect.cpp ****         float rateHz = parameters_[3]->GetValue();
 928              		.loc 1 93 5 discriminator 1 view .LVU221
 929 0012 07D8     		bhi	.L60
 930              	.LVL75:
 931              	.L56:
  93:effects/motorwaheffect.cpp ****         float rateHz = parameters_[3]->GetValue();
 932              		.loc 1 93 5 discriminator 1 view .LVU222
 933              	.LBE299:
 101:effects/motorwaheffect.cpp **** }
 934              		.loc 1 101 5 is_stmt 1 view .LVU223
 101:effects/motorwaheffect.cpp **** }
 935              		.loc 1 101 28 is_stmt 0 view .LVU224
 936 0014 2046     		mov	r0, r4
 102:effects/motorwaheffect.cpp **** 
 937              		.loc 1 102 1 view .LVU225
 938 0016 02B0     		add	sp, sp, #8
 939              		.cfi_remember_state
 940              		.cfi_def_cfa_offset 16
 941              		@ sp needed
 942 0018 BDEC028B 		vldm	sp!, {d8}
 943              		.cfi_restore 80
 944              		.cfi_restore 81
 945              		.cfi_def_cfa_offset 8
 946 001c BDE81040 		pop	{r4, lr}
 947              		.cfi_restore 14
 948              		.cfi_restore 4
 949              		.cfi_def_cfa_offset 0
 950              	.LVL76:
 101:effects/motorwaheffect.cpp **** }
ARM GAS  C:\Users\Oliver\AppData\Local\Temp\ccb1Hde1.s 			page 41


 951              		.loc 1 101 28 view .LVU226
 952 0020 FFF7FEBF 		b	_ZN11perspective15AutowahV2Effect6UpdateEv
 953              	.LVL77:
 954              	.L60:
 955              		.cfi_restore_state
 956              	.LBB300:
 957              	.LBB283:
  94:effects/motorwaheffect.cpp ****         int waveform = static_cast<int>(std::round(parameters_[5]->GetValue()));
 958              		.loc 1 94 9 is_stmt 1 view .LVU227
  94:effects/motorwaheffect.cpp ****         int waveform = static_cast<int>(std::round(parameters_[5]->GetValue()));
 959              		.loc 1 94 48 is_stmt 0 discriminator 1 view .LVU228
 960 0024 D068     		ldr	r0, [r2, #12]
 961              	.LVL78:
  94:effects/motorwaheffect.cpp ****         int waveform = static_cast<int>(std::round(parameters_[5]->GetValue()));
 962              		.loc 1 94 48 discriminator 1 view .LVU229
 963 0026 FFF7FEFF 		bl	_ZNK11perspective15EffectParameter8GetValueEv
 964              	.LVL79:
  95:effects/motorwaheffect.cpp **** 
 965              		.loc 1 95 51 discriminator 1 view .LVU230
 966 002a A368     		ldr	r3, [r4, #8]
  94:effects/motorwaheffect.cpp ****         int waveform = static_cast<int>(std::round(parameters_[5]->GetValue()));
 967              		.loc 1 94 48 discriminator 1 view .LVU231
 968 002c B0EE408A 		vmov.f32	s16, s0
 969              	.LVL80:
  95:effects/motorwaheffect.cpp **** 
 970              		.loc 1 95 9 is_stmt 1 view .LVU232
 971              	.LBB284:
 972              	.LBI284:
1007:C:/Program Files (x86)/Arm GNU Toolchain arm-none-eabi/14.3 rel1/arm-none-eabi/include/c++/14.3.1/bits\stl_vector.h **** 
1008:C:/Program Files (x86)/Arm GNU Toolchain arm-none-eabi/14.3 rel1/arm-none-eabi/include/c++/14.3.1/bits\stl_vector.h ****       /**  Returns the size() of the largest possible %vector.  */
1009:C:/Program Files (x86)/Arm GNU Toolchain arm-none-eabi/14.3 rel1/arm-none-eabi/include/c++/14.3.1/bits\stl_vector.h ****       _GLIBCXX_NODISCARD _GLIBCXX20_CONSTEXPR
1010:C:/Program Files (x86)/Arm GNU Toolchain arm-none-eabi/14.3 rel1/arm-none-eabi/include/c++/14.3.1/bits\stl_vector.h ****       size_type
1011:C:/Program Files (x86)/Arm GNU Toolchain arm-none-eabi/14.3 rel1/arm-none-eabi/include/c++/14.3.1/bits\stl_vector.h ****       max_size() const _GLIBCXX_NOEXCEPT
1012:C:/Program Files (x86)/Arm GNU Toolchain arm-none-eabi/14.3 rel1/arm-none-eabi/include/c++/14.3.1/bits\stl_vector.h ****       { return _S_max_size(_M_get_Tp_allocator()); }
1013:C:/Program Files (x86)/Arm GNU Toolchain arm-none-eabi/14.3 rel1/arm-none-eabi/include/c++/14.3.1/bits\stl_vector.h **** 
1014:C:/Program Files (x86)/Arm GNU Toolchain arm-none-eabi/14.3 rel1/arm-none-eabi/include/c++/14.3.1/bits\stl_vector.h **** #if __cplusplus >= 201103L
1015:C:/Program Files (x86)/Arm GNU Toolchain arm-none-eabi/14.3 rel1/arm-none-eabi/include/c++/14.3.1/bits\stl_vector.h ****       /**
1016:C:/Program Files (x86)/Arm GNU Toolchain arm-none-eabi/14.3 rel1/arm-none-eabi/include/c++/14.3.1/bits\stl_vector.h ****        *  @brief  Resizes the %vector to the specified number of elements.
1017:C:/Program Files (x86)/Arm GNU Toolchain arm-none-eabi/14.3 rel1/arm-none-eabi/include/c++/14.3.1/bits\stl_vector.h ****        *  @param  __new_size  Number of elements the %vector should contain.
1018:C:/Program Files (x86)/Arm GNU Toolchain arm-none-eabi/14.3 rel1/arm-none-eabi/include/c++/14.3.1/bits\stl_vector.h ****        *
1019:C:/Program Files (x86)/Arm GNU Toolchain arm-none-eabi/14.3 rel1/arm-none-eabi/include/c++/14.3.1/bits\stl_vector.h ****        *  This function will %resize the %vector to the specified
1020:C:/Program Files (x86)/Arm GNU Toolchain arm-none-eabi/14.3 rel1/arm-none-eabi/include/c++/14.3.1/bits\stl_vector.h ****        *  number of elements.  If the number is smaller than the
1021:C:/Program Files (x86)/Arm GNU Toolchain arm-none-eabi/14.3 rel1/arm-none-eabi/include/c++/14.3.1/bits\stl_vector.h ****        *  %vector's current size the %vector is truncated, otherwise
1022:C:/Program Files (x86)/Arm GNU Toolchain arm-none-eabi/14.3 rel1/arm-none-eabi/include/c++/14.3.1/bits\stl_vector.h ****        *  default constructed elements are appended.
1023:C:/Program Files (x86)/Arm GNU Toolchain arm-none-eabi/14.3 rel1/arm-none-eabi/include/c++/14.3.1/bits\stl_vector.h ****        */
1024:C:/Program Files (x86)/Arm GNU Toolchain arm-none-eabi/14.3 rel1/arm-none-eabi/include/c++/14.3.1/bits\stl_vector.h ****       _GLIBCXX20_CONSTEXPR
1025:C:/Program Files (x86)/Arm GNU Toolchain arm-none-eabi/14.3 rel1/arm-none-eabi/include/c++/14.3.1/bits\stl_vector.h ****       void
1026:C:/Program Files (x86)/Arm GNU Toolchain arm-none-eabi/14.3 rel1/arm-none-eabi/include/c++/14.3.1/bits\stl_vector.h ****       resize(size_type __new_size)
1027:C:/Program Files (x86)/Arm GNU Toolchain arm-none-eabi/14.3 rel1/arm-none-eabi/include/c++/14.3.1/bits\stl_vector.h ****       {
1028:C:/Program Files (x86)/Arm GNU Toolchain arm-none-eabi/14.3 rel1/arm-none-eabi/include/c++/14.3.1/bits\stl_vector.h **** 	if (__new_size > size())
1029:C:/Program Files (x86)/Arm GNU Toolchain arm-none-eabi/14.3 rel1/arm-none-eabi/include/c++/14.3.1/bits\stl_vector.h **** 	  _M_default_append(__new_size - size());
1030:C:/Program Files (x86)/Arm GNU Toolchain arm-none-eabi/14.3 rel1/arm-none-eabi/include/c++/14.3.1/bits\stl_vector.h **** 	else if (__new_size < size())
1031:C:/Program Files (x86)/Arm GNU Toolchain arm-none-eabi/14.3 rel1/arm-none-eabi/include/c++/14.3.1/bits\stl_vector.h **** 	  _M_erase_at_end(this->_M_impl._M_start + __new_size);
1032:C:/Program Files (x86)/Arm GNU Toolchain arm-none-eabi/14.3 rel1/arm-none-eabi/include/c++/14.3.1/bits\stl_vector.h ****       }
1033:C:/Program Files (x86)/Arm GNU Toolchain arm-none-eabi/14.3 rel1/arm-none-eabi/include/c++/14.3.1/bits\stl_vector.h **** 
1034:C:/Program Files (x86)/Arm GNU Toolchain arm-none-eabi/14.3 rel1/arm-none-eabi/include/c++/14.3.1/bits\stl_vector.h ****       /**
1035:C:/Program Files (x86)/Arm GNU Toolchain arm-none-eabi/14.3 rel1/arm-none-eabi/include/c++/14.3.1/bits\stl_vector.h ****        *  @brief  Resizes the %vector to the specified number of elements.
ARM GAS  C:\Users\Oliver\AppData\Local\Temp\ccb1Hde1.s 			page 42


1036:C:/Program Files (x86)/Arm GNU Toolchain arm-none-eabi/14.3 rel1/arm-none-eabi/include/c++/14.3.1/bits\stl_vector.h ****        *  @param  __new_size  Number of elements the %vector should contain.
1037:C:/Program Files (x86)/Arm GNU Toolchain arm-none-eabi/14.3 rel1/arm-none-eabi/include/c++/14.3.1/bits\stl_vector.h ****        *  @param  __x  Data with which new elements should be populated.
1038:C:/Program Files (x86)/Arm GNU Toolchain arm-none-eabi/14.3 rel1/arm-none-eabi/include/c++/14.3.1/bits\stl_vector.h ****        *
1039:C:/Program Files (x86)/Arm GNU Toolchain arm-none-eabi/14.3 rel1/arm-none-eabi/include/c++/14.3.1/bits\stl_vector.h ****        *  This function will %resize the %vector to the specified
1040:C:/Program Files (x86)/Arm GNU Toolchain arm-none-eabi/14.3 rel1/arm-none-eabi/include/c++/14.3.1/bits\stl_vector.h ****        *  number of elements.  If the number is smaller than the
1041:C:/Program Files (x86)/Arm GNU Toolchain arm-none-eabi/14.3 rel1/arm-none-eabi/include/c++/14.3.1/bits\stl_vector.h ****        *  %vector's current size the %vector is truncated, otherwise
1042:C:/Program Files (x86)/Arm GNU Toolchain arm-none-eabi/14.3 rel1/arm-none-eabi/include/c++/14.3.1/bits\stl_vector.h ****        *  the %vector is extended and new elements are populated with
1043:C:/Program Files (x86)/Arm GNU Toolchain arm-none-eabi/14.3 rel1/arm-none-eabi/include/c++/14.3.1/bits\stl_vector.h ****        *  given data.
1044:C:/Program Files (x86)/Arm GNU Toolchain arm-none-eabi/14.3 rel1/arm-none-eabi/include/c++/14.3.1/bits\stl_vector.h ****        */
1045:C:/Program Files (x86)/Arm GNU Toolchain arm-none-eabi/14.3 rel1/arm-none-eabi/include/c++/14.3.1/bits\stl_vector.h ****       _GLIBCXX20_CONSTEXPR
1046:C:/Program Files (x86)/Arm GNU Toolchain arm-none-eabi/14.3 rel1/arm-none-eabi/include/c++/14.3.1/bits\stl_vector.h ****       void
1047:C:/Program Files (x86)/Arm GNU Toolchain arm-none-eabi/14.3 rel1/arm-none-eabi/include/c++/14.3.1/bits\stl_vector.h ****       resize(size_type __new_size, const value_type& __x)
1048:C:/Program Files (x86)/Arm GNU Toolchain arm-none-eabi/14.3 rel1/arm-none-eabi/include/c++/14.3.1/bits\stl_vector.h ****       {
1049:C:/Program Files (x86)/Arm GNU Toolchain arm-none-eabi/14.3 rel1/arm-none-eabi/include/c++/14.3.1/bits\stl_vector.h **** 	if (__new_size > size())
1050:C:/Program Files (x86)/Arm GNU Toolchain arm-none-eabi/14.3 rel1/arm-none-eabi/include/c++/14.3.1/bits\stl_vector.h **** 	  _M_fill_insert(end(), __new_size - size(), __x);
1051:C:/Program Files (x86)/Arm GNU Toolchain arm-none-eabi/14.3 rel1/arm-none-eabi/include/c++/14.3.1/bits\stl_vector.h **** 	else if (__new_size < size())
1052:C:/Program Files (x86)/Arm GNU Toolchain arm-none-eabi/14.3 rel1/arm-none-eabi/include/c++/14.3.1/bits\stl_vector.h **** 	  _M_erase_at_end(this->_M_impl._M_start + __new_size);
1053:C:/Program Files (x86)/Arm GNU Toolchain arm-none-eabi/14.3 rel1/arm-none-eabi/include/c++/14.3.1/bits\stl_vector.h ****       }
1054:C:/Program Files (x86)/Arm GNU Toolchain arm-none-eabi/14.3 rel1/arm-none-eabi/include/c++/14.3.1/bits\stl_vector.h **** #else
1055:C:/Program Files (x86)/Arm GNU Toolchain arm-none-eabi/14.3 rel1/arm-none-eabi/include/c++/14.3.1/bits\stl_vector.h ****       /**
1056:C:/Program Files (x86)/Arm GNU Toolchain arm-none-eabi/14.3 rel1/arm-none-eabi/include/c++/14.3.1/bits\stl_vector.h ****        *  @brief  Resizes the %vector to the specified number of elements.
1057:C:/Program Files (x86)/Arm GNU Toolchain arm-none-eabi/14.3 rel1/arm-none-eabi/include/c++/14.3.1/bits\stl_vector.h ****        *  @param  __new_size  Number of elements the %vector should contain.
1058:C:/Program Files (x86)/Arm GNU Toolchain arm-none-eabi/14.3 rel1/arm-none-eabi/include/c++/14.3.1/bits\stl_vector.h ****        *  @param  __x  Data with which new elements should be populated.
1059:C:/Program Files (x86)/Arm GNU Toolchain arm-none-eabi/14.3 rel1/arm-none-eabi/include/c++/14.3.1/bits\stl_vector.h ****        *
1060:C:/Program Files (x86)/Arm GNU Toolchain arm-none-eabi/14.3 rel1/arm-none-eabi/include/c++/14.3.1/bits\stl_vector.h ****        *  This function will %resize the %vector to the specified
1061:C:/Program Files (x86)/Arm GNU Toolchain arm-none-eabi/14.3 rel1/arm-none-eabi/include/c++/14.3.1/bits\stl_vector.h ****        *  number of elements.  If the number is smaller than the
1062:C:/Program Files (x86)/Arm GNU Toolchain arm-none-eabi/14.3 rel1/arm-none-eabi/include/c++/14.3.1/bits\stl_vector.h ****        *  %vector's current size the %vector is truncated, otherwise
1063:C:/Program Files (x86)/Arm GNU Toolchain arm-none-eabi/14.3 rel1/arm-none-eabi/include/c++/14.3.1/bits\stl_vector.h ****        *  the %vector is extended and new elements are populated with
1064:C:/Program Files (x86)/Arm GNU Toolchain arm-none-eabi/14.3 rel1/arm-none-eabi/include/c++/14.3.1/bits\stl_vector.h ****        *  given data.
1065:C:/Program Files (x86)/Arm GNU Toolchain arm-none-eabi/14.3 rel1/arm-none-eabi/include/c++/14.3.1/bits\stl_vector.h ****        */
1066:C:/Program Files (x86)/Arm GNU Toolchain arm-none-eabi/14.3 rel1/arm-none-eabi/include/c++/14.3.1/bits\stl_vector.h ****       _GLIBCXX20_CONSTEXPR
1067:C:/Program Files (x86)/Arm GNU Toolchain arm-none-eabi/14.3 rel1/arm-none-eabi/include/c++/14.3.1/bits\stl_vector.h ****       void
1068:C:/Program Files (x86)/Arm GNU Toolchain arm-none-eabi/14.3 rel1/arm-none-eabi/include/c++/14.3.1/bits\stl_vector.h ****       resize(size_type __new_size, value_type __x = value_type())
1069:C:/Program Files (x86)/Arm GNU Toolchain arm-none-eabi/14.3 rel1/arm-none-eabi/include/c++/14.3.1/bits\stl_vector.h ****       {
1070:C:/Program Files (x86)/Arm GNU Toolchain arm-none-eabi/14.3 rel1/arm-none-eabi/include/c++/14.3.1/bits\stl_vector.h **** 	if (__new_size > size())
1071:C:/Program Files (x86)/Arm GNU Toolchain arm-none-eabi/14.3 rel1/arm-none-eabi/include/c++/14.3.1/bits\stl_vector.h **** 	  _M_fill_insert(end(), __new_size - size(), __x);
1072:C:/Program Files (x86)/Arm GNU Toolchain arm-none-eabi/14.3 rel1/arm-none-eabi/include/c++/14.3.1/bits\stl_vector.h **** 	else if (__new_size < size())
1073:C:/Program Files (x86)/Arm GNU Toolchain arm-none-eabi/14.3 rel1/arm-none-eabi/include/c++/14.3.1/bits\stl_vector.h **** 	  _M_erase_at_end(this->_M_impl._M_start + __new_size);
1074:C:/Program Files (x86)/Arm GNU Toolchain arm-none-eabi/14.3 rel1/arm-none-eabi/include/c++/14.3.1/bits\stl_vector.h ****       }
1075:C:/Program Files (x86)/Arm GNU Toolchain arm-none-eabi/14.3 rel1/arm-none-eabi/include/c++/14.3.1/bits\stl_vector.h **** #endif
1076:C:/Program Files (x86)/Arm GNU Toolchain arm-none-eabi/14.3 rel1/arm-none-eabi/include/c++/14.3.1/bits\stl_vector.h **** 
1077:C:/Program Files (x86)/Arm GNU Toolchain arm-none-eabi/14.3 rel1/arm-none-eabi/include/c++/14.3.1/bits\stl_vector.h **** #if __cplusplus >= 201103L
1078:C:/Program Files (x86)/Arm GNU Toolchain arm-none-eabi/14.3 rel1/arm-none-eabi/include/c++/14.3.1/bits\stl_vector.h ****       /**  A non-binding request to reduce capacity() to size().  */
1079:C:/Program Files (x86)/Arm GNU Toolchain arm-none-eabi/14.3 rel1/arm-none-eabi/include/c++/14.3.1/bits\stl_vector.h ****       _GLIBCXX20_CONSTEXPR
1080:C:/Program Files (x86)/Arm GNU Toolchain arm-none-eabi/14.3 rel1/arm-none-eabi/include/c++/14.3.1/bits\stl_vector.h ****       void
1081:C:/Program Files (x86)/Arm GNU Toolchain arm-none-eabi/14.3 rel1/arm-none-eabi/include/c++/14.3.1/bits\stl_vector.h ****       shrink_to_fit()
1082:C:/Program Files (x86)/Arm GNU Toolchain arm-none-eabi/14.3 rel1/arm-none-eabi/include/c++/14.3.1/bits\stl_vector.h ****       { _M_shrink_to_fit(); }
1083:C:/Program Files (x86)/Arm GNU Toolchain arm-none-eabi/14.3 rel1/arm-none-eabi/include/c++/14.3.1/bits\stl_vector.h **** #endif
1084:C:/Program Files (x86)/Arm GNU Toolchain arm-none-eabi/14.3 rel1/arm-none-eabi/include/c++/14.3.1/bits\stl_vector.h **** 
1085:C:/Program Files (x86)/Arm GNU Toolchain arm-none-eabi/14.3 rel1/arm-none-eabi/include/c++/14.3.1/bits\stl_vector.h ****       /**
1086:C:/Program Files (x86)/Arm GNU Toolchain arm-none-eabi/14.3 rel1/arm-none-eabi/include/c++/14.3.1/bits\stl_vector.h ****        *  Returns the total number of elements that the %vector can
1087:C:/Program Files (x86)/Arm GNU Toolchain arm-none-eabi/14.3 rel1/arm-none-eabi/include/c++/14.3.1/bits\stl_vector.h ****        *  hold before needing to allocate more memory.
1088:C:/Program Files (x86)/Arm GNU Toolchain arm-none-eabi/14.3 rel1/arm-none-eabi/include/c++/14.3.1/bits\stl_vector.h ****        */
1089:C:/Program Files (x86)/Arm GNU Toolchain arm-none-eabi/14.3 rel1/arm-none-eabi/include/c++/14.3.1/bits\stl_vector.h ****       _GLIBCXX_NODISCARD _GLIBCXX20_CONSTEXPR
1090:C:/Program Files (x86)/Arm GNU Toolchain arm-none-eabi/14.3 rel1/arm-none-eabi/include/c++/14.3.1/bits\stl_vector.h ****       size_type
1091:C:/Program Files (x86)/Arm GNU Toolchain arm-none-eabi/14.3 rel1/arm-none-eabi/include/c++/14.3.1/bits\stl_vector.h ****       capacity() const _GLIBCXX_NOEXCEPT
1092:C:/Program Files (x86)/Arm GNU Toolchain arm-none-eabi/14.3 rel1/arm-none-eabi/include/c++/14.3.1/bits\stl_vector.h ****       {
ARM GAS  C:\Users\Oliver\AppData\Local\Temp\ccb1Hde1.s 			page 43


1093:C:/Program Files (x86)/Arm GNU Toolchain arm-none-eabi/14.3 rel1/arm-none-eabi/include/c++/14.3.1/bits\stl_vector.h **** 	return size_type(this->_M_impl._M_end_of_storage
1094:C:/Program Files (x86)/Arm GNU Toolchain arm-none-eabi/14.3 rel1/arm-none-eabi/include/c++/14.3.1/bits\stl_vector.h **** 			   - this->_M_impl._M_start);
1095:C:/Program Files (x86)/Arm GNU Toolchain arm-none-eabi/14.3 rel1/arm-none-eabi/include/c++/14.3.1/bits\stl_vector.h ****       }
1096:C:/Program Files (x86)/Arm GNU Toolchain arm-none-eabi/14.3 rel1/arm-none-eabi/include/c++/14.3.1/bits\stl_vector.h **** 
1097:C:/Program Files (x86)/Arm GNU Toolchain arm-none-eabi/14.3 rel1/arm-none-eabi/include/c++/14.3.1/bits\stl_vector.h ****       /**
1098:C:/Program Files (x86)/Arm GNU Toolchain arm-none-eabi/14.3 rel1/arm-none-eabi/include/c++/14.3.1/bits\stl_vector.h ****        *  Returns true if the %vector is empty.  (Thus begin() would
1099:C:/Program Files (x86)/Arm GNU Toolchain arm-none-eabi/14.3 rel1/arm-none-eabi/include/c++/14.3.1/bits\stl_vector.h ****        *  equal end().)
1100:C:/Program Files (x86)/Arm GNU Toolchain arm-none-eabi/14.3 rel1/arm-none-eabi/include/c++/14.3.1/bits\stl_vector.h ****        */
1101:C:/Program Files (x86)/Arm GNU Toolchain arm-none-eabi/14.3 rel1/arm-none-eabi/include/c++/14.3.1/bits\stl_vector.h ****       _GLIBCXX_NODISCARD _GLIBCXX20_CONSTEXPR
1102:C:/Program Files (x86)/Arm GNU Toolchain arm-none-eabi/14.3 rel1/arm-none-eabi/include/c++/14.3.1/bits\stl_vector.h ****       bool
1103:C:/Program Files (x86)/Arm GNU Toolchain arm-none-eabi/14.3 rel1/arm-none-eabi/include/c++/14.3.1/bits\stl_vector.h ****       empty() const _GLIBCXX_NOEXCEPT
1104:C:/Program Files (x86)/Arm GNU Toolchain arm-none-eabi/14.3 rel1/arm-none-eabi/include/c++/14.3.1/bits\stl_vector.h ****       { return begin() == end(); }
1105:C:/Program Files (x86)/Arm GNU Toolchain arm-none-eabi/14.3 rel1/arm-none-eabi/include/c++/14.3.1/bits\stl_vector.h **** 
1106:C:/Program Files (x86)/Arm GNU Toolchain arm-none-eabi/14.3 rel1/arm-none-eabi/include/c++/14.3.1/bits\stl_vector.h ****       /**
1107:C:/Program Files (x86)/Arm GNU Toolchain arm-none-eabi/14.3 rel1/arm-none-eabi/include/c++/14.3.1/bits\stl_vector.h ****        *  @brief  Attempt to preallocate enough memory for specified number of
1108:C:/Program Files (x86)/Arm GNU Toolchain arm-none-eabi/14.3 rel1/arm-none-eabi/include/c++/14.3.1/bits\stl_vector.h ****        *          elements.
1109:C:/Program Files (x86)/Arm GNU Toolchain arm-none-eabi/14.3 rel1/arm-none-eabi/include/c++/14.3.1/bits\stl_vector.h ****        *  @param  __n  Number of elements required.
1110:C:/Program Files (x86)/Arm GNU Toolchain arm-none-eabi/14.3 rel1/arm-none-eabi/include/c++/14.3.1/bits\stl_vector.h ****        *  @throw  std::length_error  If @a n exceeds @c max_size().
1111:C:/Program Files (x86)/Arm GNU Toolchain arm-none-eabi/14.3 rel1/arm-none-eabi/include/c++/14.3.1/bits\stl_vector.h ****        *
1112:C:/Program Files (x86)/Arm GNU Toolchain arm-none-eabi/14.3 rel1/arm-none-eabi/include/c++/14.3.1/bits\stl_vector.h ****        *  This function attempts to reserve enough memory for the
1113:C:/Program Files (x86)/Arm GNU Toolchain arm-none-eabi/14.3 rel1/arm-none-eabi/include/c++/14.3.1/bits\stl_vector.h ****        *  %vector to hold the specified number of elements.  If the
1114:C:/Program Files (x86)/Arm GNU Toolchain arm-none-eabi/14.3 rel1/arm-none-eabi/include/c++/14.3.1/bits\stl_vector.h ****        *  number requested is more than max_size(), length_error is
1115:C:/Program Files (x86)/Arm GNU Toolchain arm-none-eabi/14.3 rel1/arm-none-eabi/include/c++/14.3.1/bits\stl_vector.h ****        *  thrown.
1116:C:/Program Files (x86)/Arm GNU Toolchain arm-none-eabi/14.3 rel1/arm-none-eabi/include/c++/14.3.1/bits\stl_vector.h ****        *
1117:C:/Program Files (x86)/Arm GNU Toolchain arm-none-eabi/14.3 rel1/arm-none-eabi/include/c++/14.3.1/bits\stl_vector.h ****        *  The advantage of this function is that if optimal code is a
1118:C:/Program Files (x86)/Arm GNU Toolchain arm-none-eabi/14.3 rel1/arm-none-eabi/include/c++/14.3.1/bits\stl_vector.h ****        *  necessity and the user can determine the number of elements
1119:C:/Program Files (x86)/Arm GNU Toolchain arm-none-eabi/14.3 rel1/arm-none-eabi/include/c++/14.3.1/bits\stl_vector.h ****        *  that will be required, the user can reserve the memory in
1120:C:/Program Files (x86)/Arm GNU Toolchain arm-none-eabi/14.3 rel1/arm-none-eabi/include/c++/14.3.1/bits\stl_vector.h ****        *  %advance, and thus prevent a possible reallocation of memory
1121:C:/Program Files (x86)/Arm GNU Toolchain arm-none-eabi/14.3 rel1/arm-none-eabi/include/c++/14.3.1/bits\stl_vector.h ****        *  and copying of %vector data.
1122:C:/Program Files (x86)/Arm GNU Toolchain arm-none-eabi/14.3 rel1/arm-none-eabi/include/c++/14.3.1/bits\stl_vector.h ****        */
1123:C:/Program Files (x86)/Arm GNU Toolchain arm-none-eabi/14.3 rel1/arm-none-eabi/include/c++/14.3.1/bits\stl_vector.h ****       _GLIBCXX20_CONSTEXPR
1124:C:/Program Files (x86)/Arm GNU Toolchain arm-none-eabi/14.3 rel1/arm-none-eabi/include/c++/14.3.1/bits\stl_vector.h ****       void
1125:C:/Program Files (x86)/Arm GNU Toolchain arm-none-eabi/14.3 rel1/arm-none-eabi/include/c++/14.3.1/bits\stl_vector.h ****       reserve(size_type __n);
1126:C:/Program Files (x86)/Arm GNU Toolchain arm-none-eabi/14.3 rel1/arm-none-eabi/include/c++/14.3.1/bits\stl_vector.h **** 
1127:C:/Program Files (x86)/Arm GNU Toolchain arm-none-eabi/14.3 rel1/arm-none-eabi/include/c++/14.3.1/bits\stl_vector.h ****       // element access
1128:C:/Program Files (x86)/Arm GNU Toolchain arm-none-eabi/14.3 rel1/arm-none-eabi/include/c++/14.3.1/bits\stl_vector.h ****       /**
1129:C:/Program Files (x86)/Arm GNU Toolchain arm-none-eabi/14.3 rel1/arm-none-eabi/include/c++/14.3.1/bits\stl_vector.h ****        *  @brief  Subscript access to the data contained in the %vector.
1130:C:/Program Files (x86)/Arm GNU Toolchain arm-none-eabi/14.3 rel1/arm-none-eabi/include/c++/14.3.1/bits\stl_vector.h ****        *  @param __n The index of the element for which data should be
1131:C:/Program Files (x86)/Arm GNU Toolchain arm-none-eabi/14.3 rel1/arm-none-eabi/include/c++/14.3.1/bits\stl_vector.h ****        *  accessed.
1132:C:/Program Files (x86)/Arm GNU Toolchain arm-none-eabi/14.3 rel1/arm-none-eabi/include/c++/14.3.1/bits\stl_vector.h ****        *  @return  Read/write reference to data.
1133:C:/Program Files (x86)/Arm GNU Toolchain arm-none-eabi/14.3 rel1/arm-none-eabi/include/c++/14.3.1/bits\stl_vector.h ****        *
1134:C:/Program Files (x86)/Arm GNU Toolchain arm-none-eabi/14.3 rel1/arm-none-eabi/include/c++/14.3.1/bits\stl_vector.h ****        *  This operator allows for easy, array-style, data access.
1135:C:/Program Files (x86)/Arm GNU Toolchain arm-none-eabi/14.3 rel1/arm-none-eabi/include/c++/14.3.1/bits\stl_vector.h ****        *  Note that data access with this operator is unchecked and
1136:C:/Program Files (x86)/Arm GNU Toolchain arm-none-eabi/14.3 rel1/arm-none-eabi/include/c++/14.3.1/bits\stl_vector.h ****        *  out_of_range lookups are not defined. (For checked lookups
1137:C:/Program Files (x86)/Arm GNU Toolchain arm-none-eabi/14.3 rel1/arm-none-eabi/include/c++/14.3.1/bits\stl_vector.h ****        *  see at().)
1138:C:/Program Files (x86)/Arm GNU Toolchain arm-none-eabi/14.3 rel1/arm-none-eabi/include/c++/14.3.1/bits\stl_vector.h ****        */
1139:C:/Program Files (x86)/Arm GNU Toolchain arm-none-eabi/14.3 rel1/arm-none-eabi/include/c++/14.3.1/bits\stl_vector.h ****       _GLIBCXX_NODISCARD _GLIBCXX20_CONSTEXPR
1140:C:/Program Files (x86)/Arm GNU Toolchain arm-none-eabi/14.3 rel1/arm-none-eabi/include/c++/14.3.1/bits\stl_vector.h ****       reference
1141:C:/Program Files (x86)/Arm GNU Toolchain arm-none-eabi/14.3 rel1/arm-none-eabi/include/c++/14.3.1/bits\stl_vector.h ****       operator[](size_type __n) _GLIBCXX_NOEXCEPT
 973              		.loc 3 1141 7 view .LVU233
 974              		.loc 3 1141 7 is_stmt 0 view .LVU234
 975              	.LBE284:
  95:effects/motorwaheffect.cpp **** 
 976              		.loc 1 95 51 discriminator 1 view .LVU235
 977 0030 5869     		ldr	r0, [r3, #20]
 978 0032 FFF7FEFF 		bl	_ZNK11perspective15EffectParameter8GetValueEv
 979              	.LVL81:
ARM GAS  C:\Users\Oliver\AppData\Local\Temp\ccb1Hde1.s 			page 44


  95:effects/motorwaheffect.cpp **** 
 980              		.loc 1 95 51 discriminator 1 view .LVU236
 981 0036 F0EE407A 		vmov.f32	s15, s0
 982              	.LVL82:
 983              	.LBB285:
 984              	.LBI285:
 985              		.file 4 "C:/Program Files (x86)/Arm GNU Toolchain arm-none-eabi/14.3 rel1/arm-none-eabi/include/c+
   1:C:/Program Files (x86)/Arm GNU Toolchain arm-none-eabi/14.3 rel1/arm-none-eabi/include/c++/14.3.1\cmath **** // -*- C++ -*- C forwarding header.
   2:C:/Program Files (x86)/Arm GNU Toolchain arm-none-eabi/14.3 rel1/arm-none-eabi/include/c++/14.3.1\cmath **** 
   3:C:/Program Files (x86)/Arm GNU Toolchain arm-none-eabi/14.3 rel1/arm-none-eabi/include/c++/14.3.1\cmath **** // Copyright (C) 1997-2024 Free Software Foundation, Inc.
   4:C:/Program Files (x86)/Arm GNU Toolchain arm-none-eabi/14.3 rel1/arm-none-eabi/include/c++/14.3.1\cmath **** //
   5:C:/Program Files (x86)/Arm GNU Toolchain arm-none-eabi/14.3 rel1/arm-none-eabi/include/c++/14.3.1\cmath **** // This file is part of the GNU ISO C++ Library.  This library is free
   6:C:/Program Files (x86)/Arm GNU Toolchain arm-none-eabi/14.3 rel1/arm-none-eabi/include/c++/14.3.1\cmath **** // software; you can redistribute it and/or modify it under the
   7:C:/Program Files (x86)/Arm GNU Toolchain arm-none-eabi/14.3 rel1/arm-none-eabi/include/c++/14.3.1\cmath **** // terms of the GNU General Public License as published by the
   8:C:/Program Files (x86)/Arm GNU Toolchain arm-none-eabi/14.3 rel1/arm-none-eabi/include/c++/14.3.1\cmath **** // Free Software Foundation; either version 3, or (at your option)
   9:C:/Program Files (x86)/Arm GNU Toolchain arm-none-eabi/14.3 rel1/arm-none-eabi/include/c++/14.3.1\cmath **** // any later version.
  10:C:/Program Files (x86)/Arm GNU Toolchain arm-none-eabi/14.3 rel1/arm-none-eabi/include/c++/14.3.1\cmath **** 
  11:C:/Program Files (x86)/Arm GNU Toolchain arm-none-eabi/14.3 rel1/arm-none-eabi/include/c++/14.3.1\cmath **** // This library is distributed in the hope that it will be useful,
  12:C:/Program Files (x86)/Arm GNU Toolchain arm-none-eabi/14.3 rel1/arm-none-eabi/include/c++/14.3.1\cmath **** // but WITHOUT ANY WARRANTY; without even the implied warranty of
  13:C:/Program Files (x86)/Arm GNU Toolchain arm-none-eabi/14.3 rel1/arm-none-eabi/include/c++/14.3.1\cmath **** // MERCHANTABILITY or FITNESS FOR A PARTICULAR PURPOSE.  See the
  14:C:/Program Files (x86)/Arm GNU Toolchain arm-none-eabi/14.3 rel1/arm-none-eabi/include/c++/14.3.1\cmath **** // GNU General Public License for more details.
  15:C:/Program Files (x86)/Arm GNU Toolchain arm-none-eabi/14.3 rel1/arm-none-eabi/include/c++/14.3.1\cmath **** 
  16:C:/Program Files (x86)/Arm GNU Toolchain arm-none-eabi/14.3 rel1/arm-none-eabi/include/c++/14.3.1\cmath **** // Under Section 7 of GPL version 3, you are granted additional
  17:C:/Program Files (x86)/Arm GNU Toolchain arm-none-eabi/14.3 rel1/arm-none-eabi/include/c++/14.3.1\cmath **** // permissions described in the GCC Runtime Library Exception, version
  18:C:/Program Files (x86)/Arm GNU Toolchain arm-none-eabi/14.3 rel1/arm-none-eabi/include/c++/14.3.1\cmath **** // 3.1, as published by the Free Software Foundation.
  19:C:/Program Files (x86)/Arm GNU Toolchain arm-none-eabi/14.3 rel1/arm-none-eabi/include/c++/14.3.1\cmath **** 
  20:C:/Program Files (x86)/Arm GNU Toolchain arm-none-eabi/14.3 rel1/arm-none-eabi/include/c++/14.3.1\cmath **** // You should have received a copy of the GNU General Public License and
  21:C:/Program Files (x86)/Arm GNU Toolchain arm-none-eabi/14.3 rel1/arm-none-eabi/include/c++/14.3.1\cmath **** // a copy of the GCC Runtime Library Exception along with this program;
  22:C:/Program Files (x86)/Arm GNU Toolchain arm-none-eabi/14.3 rel1/arm-none-eabi/include/c++/14.3.1\cmath **** // see the files COPYING3 and COPYING.RUNTIME respectively.  If not, see
  23:C:/Program Files (x86)/Arm GNU Toolchain arm-none-eabi/14.3 rel1/arm-none-eabi/include/c++/14.3.1\cmath **** // <http://www.gnu.org/licenses/>.
  24:C:/Program Files (x86)/Arm GNU Toolchain arm-none-eabi/14.3 rel1/arm-none-eabi/include/c++/14.3.1\cmath **** 
  25:C:/Program Files (x86)/Arm GNU Toolchain arm-none-eabi/14.3 rel1/arm-none-eabi/include/c++/14.3.1\cmath **** /** @file include/cmath
  26:C:/Program Files (x86)/Arm GNU Toolchain arm-none-eabi/14.3 rel1/arm-none-eabi/include/c++/14.3.1\cmath ****  *  This is a Standard C++ Library file.  You should @c \#include this file
  27:C:/Program Files (x86)/Arm GNU Toolchain arm-none-eabi/14.3 rel1/arm-none-eabi/include/c++/14.3.1\cmath ****  *  in your programs, rather than any of the @a *.h implementation files.
  28:C:/Program Files (x86)/Arm GNU Toolchain arm-none-eabi/14.3 rel1/arm-none-eabi/include/c++/14.3.1\cmath ****  *
  29:C:/Program Files (x86)/Arm GNU Toolchain arm-none-eabi/14.3 rel1/arm-none-eabi/include/c++/14.3.1\cmath ****  *  This is the C++ version of the Standard C Library header @c math.h,
  30:C:/Program Files (x86)/Arm GNU Toolchain arm-none-eabi/14.3 rel1/arm-none-eabi/include/c++/14.3.1\cmath ****  *  and its contents are (mostly) the same as that header, but are all
  31:C:/Program Files (x86)/Arm GNU Toolchain arm-none-eabi/14.3 rel1/arm-none-eabi/include/c++/14.3.1\cmath ****  *  contained in the namespace @c std (except for names which are defined
  32:C:/Program Files (x86)/Arm GNU Toolchain arm-none-eabi/14.3 rel1/arm-none-eabi/include/c++/14.3.1\cmath ****  *  as macros in C).
  33:C:/Program Files (x86)/Arm GNU Toolchain arm-none-eabi/14.3 rel1/arm-none-eabi/include/c++/14.3.1\cmath ****  */
  34:C:/Program Files (x86)/Arm GNU Toolchain arm-none-eabi/14.3 rel1/arm-none-eabi/include/c++/14.3.1\cmath **** 
  35:C:/Program Files (x86)/Arm GNU Toolchain arm-none-eabi/14.3 rel1/arm-none-eabi/include/c++/14.3.1\cmath **** //
  36:C:/Program Files (x86)/Arm GNU Toolchain arm-none-eabi/14.3 rel1/arm-none-eabi/include/c++/14.3.1\cmath **** // ISO C++ 14882: 26.5  C library
  37:C:/Program Files (x86)/Arm GNU Toolchain arm-none-eabi/14.3 rel1/arm-none-eabi/include/c++/14.3.1\cmath **** //
  38:C:/Program Files (x86)/Arm GNU Toolchain arm-none-eabi/14.3 rel1/arm-none-eabi/include/c++/14.3.1\cmath **** 
  39:C:/Program Files (x86)/Arm GNU Toolchain arm-none-eabi/14.3 rel1/arm-none-eabi/include/c++/14.3.1\cmath **** #pragma GCC system_header
  40:C:/Program Files (x86)/Arm GNU Toolchain arm-none-eabi/14.3 rel1/arm-none-eabi/include/c++/14.3.1\cmath **** 
  41:C:/Program Files (x86)/Arm GNU Toolchain arm-none-eabi/14.3 rel1/arm-none-eabi/include/c++/14.3.1\cmath **** #include <bits/requires_hosted.h>
  42:C:/Program Files (x86)/Arm GNU Toolchain arm-none-eabi/14.3 rel1/arm-none-eabi/include/c++/14.3.1\cmath **** 
  43:C:/Program Files (x86)/Arm GNU Toolchain arm-none-eabi/14.3 rel1/arm-none-eabi/include/c++/14.3.1\cmath **** #include <bits/c++config.h>
  44:C:/Program Files (x86)/Arm GNU Toolchain arm-none-eabi/14.3 rel1/arm-none-eabi/include/c++/14.3.1\cmath **** #include <bits/cpp_type_traits.h>
  45:C:/Program Files (x86)/Arm GNU Toolchain arm-none-eabi/14.3 rel1/arm-none-eabi/include/c++/14.3.1\cmath **** #include <ext/type_traits.h>
  46:C:/Program Files (x86)/Arm GNU Toolchain arm-none-eabi/14.3 rel1/arm-none-eabi/include/c++/14.3.1\cmath **** #define _GLIBCXX_INCLUDE_NEXT_C_HEADERS
  47:C:/Program Files (x86)/Arm GNU Toolchain arm-none-eabi/14.3 rel1/arm-none-eabi/include/c++/14.3.1\cmath **** #include_next <math.h>
  48:C:/Program Files (x86)/Arm GNU Toolchain arm-none-eabi/14.3 rel1/arm-none-eabi/include/c++/14.3.1\cmath **** #undef _GLIBCXX_INCLUDE_NEXT_C_HEADERS
  49:C:/Program Files (x86)/Arm GNU Toolchain arm-none-eabi/14.3 rel1/arm-none-eabi/include/c++/14.3.1\cmath **** #include <bits/std_abs.h>
  50:C:/Program Files (x86)/Arm GNU Toolchain arm-none-eabi/14.3 rel1/arm-none-eabi/include/c++/14.3.1\cmath **** 
ARM GAS  C:\Users\Oliver\AppData\Local\Temp\ccb1Hde1.s 			page 45


  51:C:/Program Files (x86)/Arm GNU Toolchain arm-none-eabi/14.3 rel1/arm-none-eabi/include/c++/14.3.1\cmath **** #ifndef _GLIBCXX_CMATH
  52:C:/Program Files (x86)/Arm GNU Toolchain arm-none-eabi/14.3 rel1/arm-none-eabi/include/c++/14.3.1\cmath **** #define _GLIBCXX_CMATH 1
  53:C:/Program Files (x86)/Arm GNU Toolchain arm-none-eabi/14.3 rel1/arm-none-eabi/include/c++/14.3.1\cmath **** 
  54:C:/Program Files (x86)/Arm GNU Toolchain arm-none-eabi/14.3 rel1/arm-none-eabi/include/c++/14.3.1\cmath **** #define __glibcxx_want_hypot
  55:C:/Program Files (x86)/Arm GNU Toolchain arm-none-eabi/14.3 rel1/arm-none-eabi/include/c++/14.3.1\cmath **** #define __glibcxx_want_interpolate
  56:C:/Program Files (x86)/Arm GNU Toolchain arm-none-eabi/14.3 rel1/arm-none-eabi/include/c++/14.3.1\cmath **** #include <bits/version.h>
  57:C:/Program Files (x86)/Arm GNU Toolchain arm-none-eabi/14.3 rel1/arm-none-eabi/include/c++/14.3.1\cmath **** 
  58:C:/Program Files (x86)/Arm GNU Toolchain arm-none-eabi/14.3 rel1/arm-none-eabi/include/c++/14.3.1\cmath **** // Get rid of those macros defined in <math.h> in lieu of real functions.
  59:C:/Program Files (x86)/Arm GNU Toolchain arm-none-eabi/14.3 rel1/arm-none-eabi/include/c++/14.3.1\cmath **** #undef div
  60:C:/Program Files (x86)/Arm GNU Toolchain arm-none-eabi/14.3 rel1/arm-none-eabi/include/c++/14.3.1\cmath **** #undef acos
  61:C:/Program Files (x86)/Arm GNU Toolchain arm-none-eabi/14.3 rel1/arm-none-eabi/include/c++/14.3.1\cmath **** #undef asin
  62:C:/Program Files (x86)/Arm GNU Toolchain arm-none-eabi/14.3 rel1/arm-none-eabi/include/c++/14.3.1\cmath **** #undef atan
  63:C:/Program Files (x86)/Arm GNU Toolchain arm-none-eabi/14.3 rel1/arm-none-eabi/include/c++/14.3.1\cmath **** #undef atan2
  64:C:/Program Files (x86)/Arm GNU Toolchain arm-none-eabi/14.3 rel1/arm-none-eabi/include/c++/14.3.1\cmath **** #undef ceil
  65:C:/Program Files (x86)/Arm GNU Toolchain arm-none-eabi/14.3 rel1/arm-none-eabi/include/c++/14.3.1\cmath **** #undef cos
  66:C:/Program Files (x86)/Arm GNU Toolchain arm-none-eabi/14.3 rel1/arm-none-eabi/include/c++/14.3.1\cmath **** #undef cosh
  67:C:/Program Files (x86)/Arm GNU Toolchain arm-none-eabi/14.3 rel1/arm-none-eabi/include/c++/14.3.1\cmath **** #undef exp
  68:C:/Program Files (x86)/Arm GNU Toolchain arm-none-eabi/14.3 rel1/arm-none-eabi/include/c++/14.3.1\cmath **** #undef fabs
  69:C:/Program Files (x86)/Arm GNU Toolchain arm-none-eabi/14.3 rel1/arm-none-eabi/include/c++/14.3.1\cmath **** #undef floor
  70:C:/Program Files (x86)/Arm GNU Toolchain arm-none-eabi/14.3 rel1/arm-none-eabi/include/c++/14.3.1\cmath **** #undef fmod
  71:C:/Program Files (x86)/Arm GNU Toolchain arm-none-eabi/14.3 rel1/arm-none-eabi/include/c++/14.3.1\cmath **** #undef frexp
  72:C:/Program Files (x86)/Arm GNU Toolchain arm-none-eabi/14.3 rel1/arm-none-eabi/include/c++/14.3.1\cmath **** #undef ldexp
  73:C:/Program Files (x86)/Arm GNU Toolchain arm-none-eabi/14.3 rel1/arm-none-eabi/include/c++/14.3.1\cmath **** #undef log
  74:C:/Program Files (x86)/Arm GNU Toolchain arm-none-eabi/14.3 rel1/arm-none-eabi/include/c++/14.3.1\cmath **** #undef log10
  75:C:/Program Files (x86)/Arm GNU Toolchain arm-none-eabi/14.3 rel1/arm-none-eabi/include/c++/14.3.1\cmath **** #undef modf
  76:C:/Program Files (x86)/Arm GNU Toolchain arm-none-eabi/14.3 rel1/arm-none-eabi/include/c++/14.3.1\cmath **** #undef pow
  77:C:/Program Files (x86)/Arm GNU Toolchain arm-none-eabi/14.3 rel1/arm-none-eabi/include/c++/14.3.1\cmath **** #undef sin
  78:C:/Program Files (x86)/Arm GNU Toolchain arm-none-eabi/14.3 rel1/arm-none-eabi/include/c++/14.3.1\cmath **** #undef sinh
  79:C:/Program Files (x86)/Arm GNU Toolchain arm-none-eabi/14.3 rel1/arm-none-eabi/include/c++/14.3.1\cmath **** #undef sqrt
  80:C:/Program Files (x86)/Arm GNU Toolchain arm-none-eabi/14.3 rel1/arm-none-eabi/include/c++/14.3.1\cmath **** #undef tan
  81:C:/Program Files (x86)/Arm GNU Toolchain arm-none-eabi/14.3 rel1/arm-none-eabi/include/c++/14.3.1\cmath **** #undef tanh
  82:C:/Program Files (x86)/Arm GNU Toolchain arm-none-eabi/14.3 rel1/arm-none-eabi/include/c++/14.3.1\cmath **** 
  83:C:/Program Files (x86)/Arm GNU Toolchain arm-none-eabi/14.3 rel1/arm-none-eabi/include/c++/14.3.1\cmath **** extern "C++"
  84:C:/Program Files (x86)/Arm GNU Toolchain arm-none-eabi/14.3 rel1/arm-none-eabi/include/c++/14.3.1\cmath **** {
  85:C:/Program Files (x86)/Arm GNU Toolchain arm-none-eabi/14.3 rel1/arm-none-eabi/include/c++/14.3.1\cmath **** namespace std _GLIBCXX_VISIBILITY(default)
  86:C:/Program Files (x86)/Arm GNU Toolchain arm-none-eabi/14.3 rel1/arm-none-eabi/include/c++/14.3.1\cmath **** {
  87:C:/Program Files (x86)/Arm GNU Toolchain arm-none-eabi/14.3 rel1/arm-none-eabi/include/c++/14.3.1\cmath **** _GLIBCXX_BEGIN_NAMESPACE_VERSION
  88:C:/Program Files (x86)/Arm GNU Toolchain arm-none-eabi/14.3 rel1/arm-none-eabi/include/c++/14.3.1\cmath **** 
  89:C:/Program Files (x86)/Arm GNU Toolchain arm-none-eabi/14.3 rel1/arm-none-eabi/include/c++/14.3.1\cmath ****   using ::acos;
  90:C:/Program Files (x86)/Arm GNU Toolchain arm-none-eabi/14.3 rel1/arm-none-eabi/include/c++/14.3.1\cmath **** 
  91:C:/Program Files (x86)/Arm GNU Toolchain arm-none-eabi/14.3 rel1/arm-none-eabi/include/c++/14.3.1\cmath **** #ifndef __CORRECT_ISO_CPP_MATH_H_PROTO
  92:C:/Program Files (x86)/Arm GNU Toolchain arm-none-eabi/14.3 rel1/arm-none-eabi/include/c++/14.3.1\cmath ****   inline _GLIBCXX_CONSTEXPR float
  93:C:/Program Files (x86)/Arm GNU Toolchain arm-none-eabi/14.3 rel1/arm-none-eabi/include/c++/14.3.1\cmath ****   acos(float __x)
  94:C:/Program Files (x86)/Arm GNU Toolchain arm-none-eabi/14.3 rel1/arm-none-eabi/include/c++/14.3.1\cmath ****   { return __builtin_acosf(__x); }
  95:C:/Program Files (x86)/Arm GNU Toolchain arm-none-eabi/14.3 rel1/arm-none-eabi/include/c++/14.3.1\cmath **** 
  96:C:/Program Files (x86)/Arm GNU Toolchain arm-none-eabi/14.3 rel1/arm-none-eabi/include/c++/14.3.1\cmath ****   inline _GLIBCXX_CONSTEXPR long double
  97:C:/Program Files (x86)/Arm GNU Toolchain arm-none-eabi/14.3 rel1/arm-none-eabi/include/c++/14.3.1\cmath ****   acos(long double __x)
  98:C:/Program Files (x86)/Arm GNU Toolchain arm-none-eabi/14.3 rel1/arm-none-eabi/include/c++/14.3.1\cmath ****   { return __builtin_acosl(__x); }
  99:C:/Program Files (x86)/Arm GNU Toolchain arm-none-eabi/14.3 rel1/arm-none-eabi/include/c++/14.3.1\cmath **** #endif
 100:C:/Program Files (x86)/Arm GNU Toolchain arm-none-eabi/14.3 rel1/arm-none-eabi/include/c++/14.3.1\cmath **** 
 101:C:/Program Files (x86)/Arm GNU Toolchain arm-none-eabi/14.3 rel1/arm-none-eabi/include/c++/14.3.1\cmath ****   template<typename _Tp>
 102:C:/Program Files (x86)/Arm GNU Toolchain arm-none-eabi/14.3 rel1/arm-none-eabi/include/c++/14.3.1\cmath ****     inline _GLIBCXX_CONSTEXPR
 103:C:/Program Files (x86)/Arm GNU Toolchain arm-none-eabi/14.3 rel1/arm-none-eabi/include/c++/14.3.1\cmath ****     typename __gnu_cxx::__enable_if<__is_integer<_Tp>::__value, 
 104:C:/Program Files (x86)/Arm GNU Toolchain arm-none-eabi/14.3 rel1/arm-none-eabi/include/c++/14.3.1\cmath ****                                     double>::__type
 105:C:/Program Files (x86)/Arm GNU Toolchain arm-none-eabi/14.3 rel1/arm-none-eabi/include/c++/14.3.1\cmath ****     acos(_Tp __x)
 106:C:/Program Files (x86)/Arm GNU Toolchain arm-none-eabi/14.3 rel1/arm-none-eabi/include/c++/14.3.1\cmath ****     { return __builtin_acos(__x); }
 107:C:/Program Files (x86)/Arm GNU Toolchain arm-none-eabi/14.3 rel1/arm-none-eabi/include/c++/14.3.1\cmath **** 
ARM GAS  C:\Users\Oliver\AppData\Local\Temp\ccb1Hde1.s 			page 46


 108:C:/Program Files (x86)/Arm GNU Toolchain arm-none-eabi/14.3 rel1/arm-none-eabi/include/c++/14.3.1\cmath ****   using ::asin;
 109:C:/Program Files (x86)/Arm GNU Toolchain arm-none-eabi/14.3 rel1/arm-none-eabi/include/c++/14.3.1\cmath **** 
 110:C:/Program Files (x86)/Arm GNU Toolchain arm-none-eabi/14.3 rel1/arm-none-eabi/include/c++/14.3.1\cmath **** #ifndef __CORRECT_ISO_CPP_MATH_H_PROTO
 111:C:/Program Files (x86)/Arm GNU Toolchain arm-none-eabi/14.3 rel1/arm-none-eabi/include/c++/14.3.1\cmath ****   inline _GLIBCXX_CONSTEXPR float
 112:C:/Program Files (x86)/Arm GNU Toolchain arm-none-eabi/14.3 rel1/arm-none-eabi/include/c++/14.3.1\cmath ****   asin(float __x)
 113:C:/Program Files (x86)/Arm GNU Toolchain arm-none-eabi/14.3 rel1/arm-none-eabi/include/c++/14.3.1\cmath ****   { return __builtin_asinf(__x); }
 114:C:/Program Files (x86)/Arm GNU Toolchain arm-none-eabi/14.3 rel1/arm-none-eabi/include/c++/14.3.1\cmath **** 
 115:C:/Program Files (x86)/Arm GNU Toolchain arm-none-eabi/14.3 rel1/arm-none-eabi/include/c++/14.3.1\cmath ****   inline _GLIBCXX_CONSTEXPR long double
 116:C:/Program Files (x86)/Arm GNU Toolchain arm-none-eabi/14.3 rel1/arm-none-eabi/include/c++/14.3.1\cmath ****   asin(long double __x)
 117:C:/Program Files (x86)/Arm GNU Toolchain arm-none-eabi/14.3 rel1/arm-none-eabi/include/c++/14.3.1\cmath ****   { return __builtin_asinl(__x); }
 118:C:/Program Files (x86)/Arm GNU Toolchain arm-none-eabi/14.3 rel1/arm-none-eabi/include/c++/14.3.1\cmath **** #endif
 119:C:/Program Files (x86)/Arm GNU Toolchain arm-none-eabi/14.3 rel1/arm-none-eabi/include/c++/14.3.1\cmath **** 
 120:C:/Program Files (x86)/Arm GNU Toolchain arm-none-eabi/14.3 rel1/arm-none-eabi/include/c++/14.3.1\cmath ****   template<typename _Tp>
 121:C:/Program Files (x86)/Arm GNU Toolchain arm-none-eabi/14.3 rel1/arm-none-eabi/include/c++/14.3.1\cmath ****     inline _GLIBCXX_CONSTEXPR
 122:C:/Program Files (x86)/Arm GNU Toolchain arm-none-eabi/14.3 rel1/arm-none-eabi/include/c++/14.3.1\cmath ****     typename __gnu_cxx::__enable_if<__is_integer<_Tp>::__value,
 123:C:/Program Files (x86)/Arm GNU Toolchain arm-none-eabi/14.3 rel1/arm-none-eabi/include/c++/14.3.1\cmath ****                                     double>::__type
 124:C:/Program Files (x86)/Arm GNU Toolchain arm-none-eabi/14.3 rel1/arm-none-eabi/include/c++/14.3.1\cmath ****     asin(_Tp __x)
 125:C:/Program Files (x86)/Arm GNU Toolchain arm-none-eabi/14.3 rel1/arm-none-eabi/include/c++/14.3.1\cmath ****     { return __builtin_asin(__x); }
 126:C:/Program Files (x86)/Arm GNU Toolchain arm-none-eabi/14.3 rel1/arm-none-eabi/include/c++/14.3.1\cmath **** 
 127:C:/Program Files (x86)/Arm GNU Toolchain arm-none-eabi/14.3 rel1/arm-none-eabi/include/c++/14.3.1\cmath ****   using ::atan;
 128:C:/Program Files (x86)/Arm GNU Toolchain arm-none-eabi/14.3 rel1/arm-none-eabi/include/c++/14.3.1\cmath **** 
 129:C:/Program Files (x86)/Arm GNU Toolchain arm-none-eabi/14.3 rel1/arm-none-eabi/include/c++/14.3.1\cmath **** #ifndef __CORRECT_ISO_CPP_MATH_H_PROTO
 130:C:/Program Files (x86)/Arm GNU Toolchain arm-none-eabi/14.3 rel1/arm-none-eabi/include/c++/14.3.1\cmath ****   inline _GLIBCXX_CONSTEXPR float
 131:C:/Program Files (x86)/Arm GNU Toolchain arm-none-eabi/14.3 rel1/arm-none-eabi/include/c++/14.3.1\cmath ****   atan(float __x)
 132:C:/Program Files (x86)/Arm GNU Toolchain arm-none-eabi/14.3 rel1/arm-none-eabi/include/c++/14.3.1\cmath ****   { return __builtin_atanf(__x); }
 133:C:/Program Files (x86)/Arm GNU Toolchain arm-none-eabi/14.3 rel1/arm-none-eabi/include/c++/14.3.1\cmath **** 
 134:C:/Program Files (x86)/Arm GNU Toolchain arm-none-eabi/14.3 rel1/arm-none-eabi/include/c++/14.3.1\cmath ****   inline _GLIBCXX_CONSTEXPR long double
 135:C:/Program Files (x86)/Arm GNU Toolchain arm-none-eabi/14.3 rel1/arm-none-eabi/include/c++/14.3.1\cmath ****   atan(long double __x)
 136:C:/Program Files (x86)/Arm GNU Toolchain arm-none-eabi/14.3 rel1/arm-none-eabi/include/c++/14.3.1\cmath ****   { return __builtin_atanl(__x); }
 137:C:/Program Files (x86)/Arm GNU Toolchain arm-none-eabi/14.3 rel1/arm-none-eabi/include/c++/14.3.1\cmath **** #endif
 138:C:/Program Files (x86)/Arm GNU Toolchain arm-none-eabi/14.3 rel1/arm-none-eabi/include/c++/14.3.1\cmath **** 
 139:C:/Program Files (x86)/Arm GNU Toolchain arm-none-eabi/14.3 rel1/arm-none-eabi/include/c++/14.3.1\cmath ****   template<typename _Tp>
 140:C:/Program Files (x86)/Arm GNU Toolchain arm-none-eabi/14.3 rel1/arm-none-eabi/include/c++/14.3.1\cmath ****     inline _GLIBCXX_CONSTEXPR
 141:C:/Program Files (x86)/Arm GNU Toolchain arm-none-eabi/14.3 rel1/arm-none-eabi/include/c++/14.3.1\cmath ****     typename __gnu_cxx::__enable_if<__is_integer<_Tp>::__value,
 142:C:/Program Files (x86)/Arm GNU Toolchain arm-none-eabi/14.3 rel1/arm-none-eabi/include/c++/14.3.1\cmath ****                                     double>::__type
 143:C:/Program Files (x86)/Arm GNU Toolchain arm-none-eabi/14.3 rel1/arm-none-eabi/include/c++/14.3.1\cmath ****     atan(_Tp __x)
 144:C:/Program Files (x86)/Arm GNU Toolchain arm-none-eabi/14.3 rel1/arm-none-eabi/include/c++/14.3.1\cmath ****     { return __builtin_atan(__x); }
 145:C:/Program Files (x86)/Arm GNU Toolchain arm-none-eabi/14.3 rel1/arm-none-eabi/include/c++/14.3.1\cmath **** 
 146:C:/Program Files (x86)/Arm GNU Toolchain arm-none-eabi/14.3 rel1/arm-none-eabi/include/c++/14.3.1\cmath ****   using ::atan2;
 147:C:/Program Files (x86)/Arm GNU Toolchain arm-none-eabi/14.3 rel1/arm-none-eabi/include/c++/14.3.1\cmath **** 
 148:C:/Program Files (x86)/Arm GNU Toolchain arm-none-eabi/14.3 rel1/arm-none-eabi/include/c++/14.3.1\cmath **** #ifndef __CORRECT_ISO_CPP_MATH_H_PROTO
 149:C:/Program Files (x86)/Arm GNU Toolchain arm-none-eabi/14.3 rel1/arm-none-eabi/include/c++/14.3.1\cmath ****   inline _GLIBCXX_CONSTEXPR float
 150:C:/Program Files (x86)/Arm GNU Toolchain arm-none-eabi/14.3 rel1/arm-none-eabi/include/c++/14.3.1\cmath ****   atan2(float __y, float __x)
 151:C:/Program Files (x86)/Arm GNU Toolchain arm-none-eabi/14.3 rel1/arm-none-eabi/include/c++/14.3.1\cmath ****   { return __builtin_atan2f(__y, __x); }
 152:C:/Program Files (x86)/Arm GNU Toolchain arm-none-eabi/14.3 rel1/arm-none-eabi/include/c++/14.3.1\cmath **** 
 153:C:/Program Files (x86)/Arm GNU Toolchain arm-none-eabi/14.3 rel1/arm-none-eabi/include/c++/14.3.1\cmath ****   inline _GLIBCXX_CONSTEXPR long double
 154:C:/Program Files (x86)/Arm GNU Toolchain arm-none-eabi/14.3 rel1/arm-none-eabi/include/c++/14.3.1\cmath ****   atan2(long double __y, long double __x)
 155:C:/Program Files (x86)/Arm GNU Toolchain arm-none-eabi/14.3 rel1/arm-none-eabi/include/c++/14.3.1\cmath ****   { return __builtin_atan2l(__y, __x); }
 156:C:/Program Files (x86)/Arm GNU Toolchain arm-none-eabi/14.3 rel1/arm-none-eabi/include/c++/14.3.1\cmath **** #endif
 157:C:/Program Files (x86)/Arm GNU Toolchain arm-none-eabi/14.3 rel1/arm-none-eabi/include/c++/14.3.1\cmath **** 
 158:C:/Program Files (x86)/Arm GNU Toolchain arm-none-eabi/14.3 rel1/arm-none-eabi/include/c++/14.3.1\cmath ****   using ::ceil;
 159:C:/Program Files (x86)/Arm GNU Toolchain arm-none-eabi/14.3 rel1/arm-none-eabi/include/c++/14.3.1\cmath **** 
 160:C:/Program Files (x86)/Arm GNU Toolchain arm-none-eabi/14.3 rel1/arm-none-eabi/include/c++/14.3.1\cmath **** #ifndef __CORRECT_ISO_CPP_MATH_H_PROTO
 161:C:/Program Files (x86)/Arm GNU Toolchain arm-none-eabi/14.3 rel1/arm-none-eabi/include/c++/14.3.1\cmath ****   inline _GLIBCXX_CONSTEXPR float
 162:C:/Program Files (x86)/Arm GNU Toolchain arm-none-eabi/14.3 rel1/arm-none-eabi/include/c++/14.3.1\cmath ****   ceil(float __x)
 163:C:/Program Files (x86)/Arm GNU Toolchain arm-none-eabi/14.3 rel1/arm-none-eabi/include/c++/14.3.1\cmath ****   { return __builtin_ceilf(__x); }
 164:C:/Program Files (x86)/Arm GNU Toolchain arm-none-eabi/14.3 rel1/arm-none-eabi/include/c++/14.3.1\cmath **** 
ARM GAS  C:\Users\Oliver\AppData\Local\Temp\ccb1Hde1.s 			page 47


 165:C:/Program Files (x86)/Arm GNU Toolchain arm-none-eabi/14.3 rel1/arm-none-eabi/include/c++/14.3.1\cmath ****   inline _GLIBCXX_CONSTEXPR long double
 166:C:/Program Files (x86)/Arm GNU Toolchain arm-none-eabi/14.3 rel1/arm-none-eabi/include/c++/14.3.1\cmath ****   ceil(long double __x)
 167:C:/Program Files (x86)/Arm GNU Toolchain arm-none-eabi/14.3 rel1/arm-none-eabi/include/c++/14.3.1\cmath ****   { return __builtin_ceill(__x); }
 168:C:/Program Files (x86)/Arm GNU Toolchain arm-none-eabi/14.3 rel1/arm-none-eabi/include/c++/14.3.1\cmath **** #endif
 169:C:/Program Files (x86)/Arm GNU Toolchain arm-none-eabi/14.3 rel1/arm-none-eabi/include/c++/14.3.1\cmath **** 
 170:C:/Program Files (x86)/Arm GNU Toolchain arm-none-eabi/14.3 rel1/arm-none-eabi/include/c++/14.3.1\cmath ****   template<typename _Tp>
 171:C:/Program Files (x86)/Arm GNU Toolchain arm-none-eabi/14.3 rel1/arm-none-eabi/include/c++/14.3.1\cmath ****     inline _GLIBCXX_CONSTEXPR
 172:C:/Program Files (x86)/Arm GNU Toolchain arm-none-eabi/14.3 rel1/arm-none-eabi/include/c++/14.3.1\cmath ****     typename __gnu_cxx::__enable_if<__is_integer<_Tp>::__value, 
 173:C:/Program Files (x86)/Arm GNU Toolchain arm-none-eabi/14.3 rel1/arm-none-eabi/include/c++/14.3.1\cmath ****                                     double>::__type
 174:C:/Program Files (x86)/Arm GNU Toolchain arm-none-eabi/14.3 rel1/arm-none-eabi/include/c++/14.3.1\cmath ****     ceil(_Tp __x)
 175:C:/Program Files (x86)/Arm GNU Toolchain arm-none-eabi/14.3 rel1/arm-none-eabi/include/c++/14.3.1\cmath ****     { return __builtin_ceil(__x); }
 176:C:/Program Files (x86)/Arm GNU Toolchain arm-none-eabi/14.3 rel1/arm-none-eabi/include/c++/14.3.1\cmath **** 
 177:C:/Program Files (x86)/Arm GNU Toolchain arm-none-eabi/14.3 rel1/arm-none-eabi/include/c++/14.3.1\cmath ****   using ::cos;
 178:C:/Program Files (x86)/Arm GNU Toolchain arm-none-eabi/14.3 rel1/arm-none-eabi/include/c++/14.3.1\cmath **** 
 179:C:/Program Files (x86)/Arm GNU Toolchain arm-none-eabi/14.3 rel1/arm-none-eabi/include/c++/14.3.1\cmath **** #ifndef __CORRECT_ISO_CPP_MATH_H_PROTO
 180:C:/Program Files (x86)/Arm GNU Toolchain arm-none-eabi/14.3 rel1/arm-none-eabi/include/c++/14.3.1\cmath ****   inline _GLIBCXX_CONSTEXPR float
 181:C:/Program Files (x86)/Arm GNU Toolchain arm-none-eabi/14.3 rel1/arm-none-eabi/include/c++/14.3.1\cmath ****   cos(float __x)
 182:C:/Program Files (x86)/Arm GNU Toolchain arm-none-eabi/14.3 rel1/arm-none-eabi/include/c++/14.3.1\cmath ****   { return __builtin_cosf(__x); }
 183:C:/Program Files (x86)/Arm GNU Toolchain arm-none-eabi/14.3 rel1/arm-none-eabi/include/c++/14.3.1\cmath **** 
 184:C:/Program Files (x86)/Arm GNU Toolchain arm-none-eabi/14.3 rel1/arm-none-eabi/include/c++/14.3.1\cmath ****   inline _GLIBCXX_CONSTEXPR long double
 185:C:/Program Files (x86)/Arm GNU Toolchain arm-none-eabi/14.3 rel1/arm-none-eabi/include/c++/14.3.1\cmath ****   cos(long double __x)
 186:C:/Program Files (x86)/Arm GNU Toolchain arm-none-eabi/14.3 rel1/arm-none-eabi/include/c++/14.3.1\cmath ****   { return __builtin_cosl(__x); }
 187:C:/Program Files (x86)/Arm GNU Toolchain arm-none-eabi/14.3 rel1/arm-none-eabi/include/c++/14.3.1\cmath **** #endif
 188:C:/Program Files (x86)/Arm GNU Toolchain arm-none-eabi/14.3 rel1/arm-none-eabi/include/c++/14.3.1\cmath **** 
 189:C:/Program Files (x86)/Arm GNU Toolchain arm-none-eabi/14.3 rel1/arm-none-eabi/include/c++/14.3.1\cmath ****   template<typename _Tp>
 190:C:/Program Files (x86)/Arm GNU Toolchain arm-none-eabi/14.3 rel1/arm-none-eabi/include/c++/14.3.1\cmath ****     inline _GLIBCXX_CONSTEXPR
 191:C:/Program Files (x86)/Arm GNU Toolchain arm-none-eabi/14.3 rel1/arm-none-eabi/include/c++/14.3.1\cmath ****     typename __gnu_cxx::__enable_if<__is_integer<_Tp>::__value,
 192:C:/Program Files (x86)/Arm GNU Toolchain arm-none-eabi/14.3 rel1/arm-none-eabi/include/c++/14.3.1\cmath ****                                     double>::__type
 193:C:/Program Files (x86)/Arm GNU Toolchain arm-none-eabi/14.3 rel1/arm-none-eabi/include/c++/14.3.1\cmath ****     cos(_Tp __x)
 194:C:/Program Files (x86)/Arm GNU Toolchain arm-none-eabi/14.3 rel1/arm-none-eabi/include/c++/14.3.1\cmath ****     { return __builtin_cos(__x); }
 195:C:/Program Files (x86)/Arm GNU Toolchain arm-none-eabi/14.3 rel1/arm-none-eabi/include/c++/14.3.1\cmath **** 
 196:C:/Program Files (x86)/Arm GNU Toolchain arm-none-eabi/14.3 rel1/arm-none-eabi/include/c++/14.3.1\cmath ****   using ::cosh;
 197:C:/Program Files (x86)/Arm GNU Toolchain arm-none-eabi/14.3 rel1/arm-none-eabi/include/c++/14.3.1\cmath **** 
 198:C:/Program Files (x86)/Arm GNU Toolchain arm-none-eabi/14.3 rel1/arm-none-eabi/include/c++/14.3.1\cmath **** #ifndef __CORRECT_ISO_CPP_MATH_H_PROTO
 199:C:/Program Files (x86)/Arm GNU Toolchain arm-none-eabi/14.3 rel1/arm-none-eabi/include/c++/14.3.1\cmath ****   inline _GLIBCXX_CONSTEXPR float
 200:C:/Program Files (x86)/Arm GNU Toolchain arm-none-eabi/14.3 rel1/arm-none-eabi/include/c++/14.3.1\cmath ****   cosh(float __x)
 201:C:/Program Files (x86)/Arm GNU Toolchain arm-none-eabi/14.3 rel1/arm-none-eabi/include/c++/14.3.1\cmath ****   { return __builtin_coshf(__x); }
 202:C:/Program Files (x86)/Arm GNU Toolchain arm-none-eabi/14.3 rel1/arm-none-eabi/include/c++/14.3.1\cmath **** 
 203:C:/Program Files (x86)/Arm GNU Toolchain arm-none-eabi/14.3 rel1/arm-none-eabi/include/c++/14.3.1\cmath ****   inline _GLIBCXX_CONSTEXPR long double
 204:C:/Program Files (x86)/Arm GNU Toolchain arm-none-eabi/14.3 rel1/arm-none-eabi/include/c++/14.3.1\cmath ****   cosh(long double __x)
 205:C:/Program Files (x86)/Arm GNU Toolchain arm-none-eabi/14.3 rel1/arm-none-eabi/include/c++/14.3.1\cmath ****   { return __builtin_coshl(__x); }
 206:C:/Program Files (x86)/Arm GNU Toolchain arm-none-eabi/14.3 rel1/arm-none-eabi/include/c++/14.3.1\cmath **** #endif
 207:C:/Program Files (x86)/Arm GNU Toolchain arm-none-eabi/14.3 rel1/arm-none-eabi/include/c++/14.3.1\cmath **** 
 208:C:/Program Files (x86)/Arm GNU Toolchain arm-none-eabi/14.3 rel1/arm-none-eabi/include/c++/14.3.1\cmath ****   template<typename _Tp>
 209:C:/Program Files (x86)/Arm GNU Toolchain arm-none-eabi/14.3 rel1/arm-none-eabi/include/c++/14.3.1\cmath ****     inline _GLIBCXX_CONSTEXPR
 210:C:/Program Files (x86)/Arm GNU Toolchain arm-none-eabi/14.3 rel1/arm-none-eabi/include/c++/14.3.1\cmath ****     typename __gnu_cxx::__enable_if<__is_integer<_Tp>::__value,
 211:C:/Program Files (x86)/Arm GNU Toolchain arm-none-eabi/14.3 rel1/arm-none-eabi/include/c++/14.3.1\cmath ****                                     double>::__type
 212:C:/Program Files (x86)/Arm GNU Toolchain arm-none-eabi/14.3 rel1/arm-none-eabi/include/c++/14.3.1\cmath ****     cosh(_Tp __x)
 213:C:/Program Files (x86)/Arm GNU Toolchain arm-none-eabi/14.3 rel1/arm-none-eabi/include/c++/14.3.1\cmath ****     { return __builtin_cosh(__x); }
 214:C:/Program Files (x86)/Arm GNU Toolchain arm-none-eabi/14.3 rel1/arm-none-eabi/include/c++/14.3.1\cmath **** 
 215:C:/Program Files (x86)/Arm GNU Toolchain arm-none-eabi/14.3 rel1/arm-none-eabi/include/c++/14.3.1\cmath ****   using ::exp;
 216:C:/Program Files (x86)/Arm GNU Toolchain arm-none-eabi/14.3 rel1/arm-none-eabi/include/c++/14.3.1\cmath **** 
 217:C:/Program Files (x86)/Arm GNU Toolchain arm-none-eabi/14.3 rel1/arm-none-eabi/include/c++/14.3.1\cmath **** #ifndef __CORRECT_ISO_CPP_MATH_H_PROTO
 218:C:/Program Files (x86)/Arm GNU Toolchain arm-none-eabi/14.3 rel1/arm-none-eabi/include/c++/14.3.1\cmath ****   inline _GLIBCXX_CONSTEXPR float
 219:C:/Program Files (x86)/Arm GNU Toolchain arm-none-eabi/14.3 rel1/arm-none-eabi/include/c++/14.3.1\cmath ****   exp(float __x)
 220:C:/Program Files (x86)/Arm GNU Toolchain arm-none-eabi/14.3 rel1/arm-none-eabi/include/c++/14.3.1\cmath ****   { return __builtin_expf(__x); }
 221:C:/Program Files (x86)/Arm GNU Toolchain arm-none-eabi/14.3 rel1/arm-none-eabi/include/c++/14.3.1\cmath **** 
ARM GAS  C:\Users\Oliver\AppData\Local\Temp\ccb1Hde1.s 			page 48


 222:C:/Program Files (x86)/Arm GNU Toolchain arm-none-eabi/14.3 rel1/arm-none-eabi/include/c++/14.3.1\cmath ****   inline _GLIBCXX_CONSTEXPR long double
 223:C:/Program Files (x86)/Arm GNU Toolchain arm-none-eabi/14.3 rel1/arm-none-eabi/include/c++/14.3.1\cmath ****   exp(long double __x)
 224:C:/Program Files (x86)/Arm GNU Toolchain arm-none-eabi/14.3 rel1/arm-none-eabi/include/c++/14.3.1\cmath ****   { return __builtin_expl(__x); }
 225:C:/Program Files (x86)/Arm GNU Toolchain arm-none-eabi/14.3 rel1/arm-none-eabi/include/c++/14.3.1\cmath **** #endif
 226:C:/Program Files (x86)/Arm GNU Toolchain arm-none-eabi/14.3 rel1/arm-none-eabi/include/c++/14.3.1\cmath **** 
 227:C:/Program Files (x86)/Arm GNU Toolchain arm-none-eabi/14.3 rel1/arm-none-eabi/include/c++/14.3.1\cmath ****   template<typename _Tp>
 228:C:/Program Files (x86)/Arm GNU Toolchain arm-none-eabi/14.3 rel1/arm-none-eabi/include/c++/14.3.1\cmath ****     inline _GLIBCXX_CONSTEXPR
 229:C:/Program Files (x86)/Arm GNU Toolchain arm-none-eabi/14.3 rel1/arm-none-eabi/include/c++/14.3.1\cmath ****     typename __gnu_cxx::__enable_if<__is_integer<_Tp>::__value,
 230:C:/Program Files (x86)/Arm GNU Toolchain arm-none-eabi/14.3 rel1/arm-none-eabi/include/c++/14.3.1\cmath ****                                     double>::__type
 231:C:/Program Files (x86)/Arm GNU Toolchain arm-none-eabi/14.3 rel1/arm-none-eabi/include/c++/14.3.1\cmath ****     exp(_Tp __x)
 232:C:/Program Files (x86)/Arm GNU Toolchain arm-none-eabi/14.3 rel1/arm-none-eabi/include/c++/14.3.1\cmath ****     { return __builtin_exp(__x); }
 233:C:/Program Files (x86)/Arm GNU Toolchain arm-none-eabi/14.3 rel1/arm-none-eabi/include/c++/14.3.1\cmath **** 
 234:C:/Program Files (x86)/Arm GNU Toolchain arm-none-eabi/14.3 rel1/arm-none-eabi/include/c++/14.3.1\cmath ****   using ::fabs;
 235:C:/Program Files (x86)/Arm GNU Toolchain arm-none-eabi/14.3 rel1/arm-none-eabi/include/c++/14.3.1\cmath **** 
 236:C:/Program Files (x86)/Arm GNU Toolchain arm-none-eabi/14.3 rel1/arm-none-eabi/include/c++/14.3.1\cmath **** #ifndef __CORRECT_ISO_CPP_MATH_H_PROTO
 237:C:/Program Files (x86)/Arm GNU Toolchain arm-none-eabi/14.3 rel1/arm-none-eabi/include/c++/14.3.1\cmath ****   inline _GLIBCXX_CONSTEXPR float
 238:C:/Program Files (x86)/Arm GNU Toolchain arm-none-eabi/14.3 rel1/arm-none-eabi/include/c++/14.3.1\cmath ****   fabs(float __x)
 239:C:/Program Files (x86)/Arm GNU Toolchain arm-none-eabi/14.3 rel1/arm-none-eabi/include/c++/14.3.1\cmath ****   { return __builtin_fabsf(__x); }
 240:C:/Program Files (x86)/Arm GNU Toolchain arm-none-eabi/14.3 rel1/arm-none-eabi/include/c++/14.3.1\cmath **** 
 241:C:/Program Files (x86)/Arm GNU Toolchain arm-none-eabi/14.3 rel1/arm-none-eabi/include/c++/14.3.1\cmath ****   inline _GLIBCXX_CONSTEXPR long double
 242:C:/Program Files (x86)/Arm GNU Toolchain arm-none-eabi/14.3 rel1/arm-none-eabi/include/c++/14.3.1\cmath ****   fabs(long double __x)
 243:C:/Program Files (x86)/Arm GNU Toolchain arm-none-eabi/14.3 rel1/arm-none-eabi/include/c++/14.3.1\cmath ****   { return __builtin_fabsl(__x); }
 244:C:/Program Files (x86)/Arm GNU Toolchain arm-none-eabi/14.3 rel1/arm-none-eabi/include/c++/14.3.1\cmath **** #endif
 245:C:/Program Files (x86)/Arm GNU Toolchain arm-none-eabi/14.3 rel1/arm-none-eabi/include/c++/14.3.1\cmath **** 
 246:C:/Program Files (x86)/Arm GNU Toolchain arm-none-eabi/14.3 rel1/arm-none-eabi/include/c++/14.3.1\cmath ****   template<typename _Tp>
 247:C:/Program Files (x86)/Arm GNU Toolchain arm-none-eabi/14.3 rel1/arm-none-eabi/include/c++/14.3.1\cmath ****     inline _GLIBCXX_CONSTEXPR
 248:C:/Program Files (x86)/Arm GNU Toolchain arm-none-eabi/14.3 rel1/arm-none-eabi/include/c++/14.3.1\cmath ****     typename __gnu_cxx::__enable_if<__is_integer<_Tp>::__value,
 249:C:/Program Files (x86)/Arm GNU Toolchain arm-none-eabi/14.3 rel1/arm-none-eabi/include/c++/14.3.1\cmath ****                                     double>::__type
 250:C:/Program Files (x86)/Arm GNU Toolchain arm-none-eabi/14.3 rel1/arm-none-eabi/include/c++/14.3.1\cmath ****     fabs(_Tp __x)
 251:C:/Program Files (x86)/Arm GNU Toolchain arm-none-eabi/14.3 rel1/arm-none-eabi/include/c++/14.3.1\cmath ****     { return __builtin_fabs(__x); }
 252:C:/Program Files (x86)/Arm GNU Toolchain arm-none-eabi/14.3 rel1/arm-none-eabi/include/c++/14.3.1\cmath **** 
 253:C:/Program Files (x86)/Arm GNU Toolchain arm-none-eabi/14.3 rel1/arm-none-eabi/include/c++/14.3.1\cmath ****   using ::floor;
 254:C:/Program Files (x86)/Arm GNU Toolchain arm-none-eabi/14.3 rel1/arm-none-eabi/include/c++/14.3.1\cmath **** 
 255:C:/Program Files (x86)/Arm GNU Toolchain arm-none-eabi/14.3 rel1/arm-none-eabi/include/c++/14.3.1\cmath **** #ifndef __CORRECT_ISO_CPP_MATH_H_PROTO
 256:C:/Program Files (x86)/Arm GNU Toolchain arm-none-eabi/14.3 rel1/arm-none-eabi/include/c++/14.3.1\cmath ****   inline _GLIBCXX_CONSTEXPR float
 257:C:/Program Files (x86)/Arm GNU Toolchain arm-none-eabi/14.3 rel1/arm-none-eabi/include/c++/14.3.1\cmath ****   floor(float __x)
 258:C:/Program Files (x86)/Arm GNU Toolchain arm-none-eabi/14.3 rel1/arm-none-eabi/include/c++/14.3.1\cmath ****   { return __builtin_floorf(__x); }
 259:C:/Program Files (x86)/Arm GNU Toolchain arm-none-eabi/14.3 rel1/arm-none-eabi/include/c++/14.3.1\cmath **** 
 260:C:/Program Files (x86)/Arm GNU Toolchain arm-none-eabi/14.3 rel1/arm-none-eabi/include/c++/14.3.1\cmath ****   inline _GLIBCXX_CONSTEXPR long double
 261:C:/Program Files (x86)/Arm GNU Toolchain arm-none-eabi/14.3 rel1/arm-none-eabi/include/c++/14.3.1\cmath ****   floor(long double __x)
 262:C:/Program Files (x86)/Arm GNU Toolchain arm-none-eabi/14.3 rel1/arm-none-eabi/include/c++/14.3.1\cmath ****   { return __builtin_floorl(__x); }
 263:C:/Program Files (x86)/Arm GNU Toolchain arm-none-eabi/14.3 rel1/arm-none-eabi/include/c++/14.3.1\cmath **** #endif
 264:C:/Program Files (x86)/Arm GNU Toolchain arm-none-eabi/14.3 rel1/arm-none-eabi/include/c++/14.3.1\cmath **** 
 265:C:/Program Files (x86)/Arm GNU Toolchain arm-none-eabi/14.3 rel1/arm-none-eabi/include/c++/14.3.1\cmath ****   template<typename _Tp>
 266:C:/Program Files (x86)/Arm GNU Toolchain arm-none-eabi/14.3 rel1/arm-none-eabi/include/c++/14.3.1\cmath ****     inline _GLIBCXX_CONSTEXPR
 267:C:/Program Files (x86)/Arm GNU Toolchain arm-none-eabi/14.3 rel1/arm-none-eabi/include/c++/14.3.1\cmath ****     typename __gnu_cxx::__enable_if<__is_integer<_Tp>::__value,
 268:C:/Program Files (x86)/Arm GNU Toolchain arm-none-eabi/14.3 rel1/arm-none-eabi/include/c++/14.3.1\cmath ****                                     double>::__type
 269:C:/Program Files (x86)/Arm GNU Toolchain arm-none-eabi/14.3 rel1/arm-none-eabi/include/c++/14.3.1\cmath ****     floor(_Tp __x)
 270:C:/Program Files (x86)/Arm GNU Toolchain arm-none-eabi/14.3 rel1/arm-none-eabi/include/c++/14.3.1\cmath ****     { return __builtin_floor(__x); }
 271:C:/Program Files (x86)/Arm GNU Toolchain arm-none-eabi/14.3 rel1/arm-none-eabi/include/c++/14.3.1\cmath **** 
 272:C:/Program Files (x86)/Arm GNU Toolchain arm-none-eabi/14.3 rel1/arm-none-eabi/include/c++/14.3.1\cmath ****   using ::fmod;
 273:C:/Program Files (x86)/Arm GNU Toolchain arm-none-eabi/14.3 rel1/arm-none-eabi/include/c++/14.3.1\cmath **** 
 274:C:/Program Files (x86)/Arm GNU Toolchain arm-none-eabi/14.3 rel1/arm-none-eabi/include/c++/14.3.1\cmath **** #ifndef __CORRECT_ISO_CPP_MATH_H_PROTO
 275:C:/Program Files (x86)/Arm GNU Toolchain arm-none-eabi/14.3 rel1/arm-none-eabi/include/c++/14.3.1\cmath ****   inline _GLIBCXX_CONSTEXPR float
 276:C:/Program Files (x86)/Arm GNU Toolchain arm-none-eabi/14.3 rel1/arm-none-eabi/include/c++/14.3.1\cmath ****   fmod(float __x, float __y)
 277:C:/Program Files (x86)/Arm GNU Toolchain arm-none-eabi/14.3 rel1/arm-none-eabi/include/c++/14.3.1\cmath ****   { return __builtin_fmodf(__x, __y); }
 278:C:/Program Files (x86)/Arm GNU Toolchain arm-none-eabi/14.3 rel1/arm-none-eabi/include/c++/14.3.1\cmath **** 
ARM GAS  C:\Users\Oliver\AppData\Local\Temp\ccb1Hde1.s 			page 49


 279:C:/Program Files (x86)/Arm GNU Toolchain arm-none-eabi/14.3 rel1/arm-none-eabi/include/c++/14.3.1\cmath ****   inline _GLIBCXX_CONSTEXPR long double
 280:C:/Program Files (x86)/Arm GNU Toolchain arm-none-eabi/14.3 rel1/arm-none-eabi/include/c++/14.3.1\cmath ****   fmod(long double __x, long double __y)
 281:C:/Program Files (x86)/Arm GNU Toolchain arm-none-eabi/14.3 rel1/arm-none-eabi/include/c++/14.3.1\cmath ****   { return __builtin_fmodl(__x, __y); }
 282:C:/Program Files (x86)/Arm GNU Toolchain arm-none-eabi/14.3 rel1/arm-none-eabi/include/c++/14.3.1\cmath **** #endif
 283:C:/Program Files (x86)/Arm GNU Toolchain arm-none-eabi/14.3 rel1/arm-none-eabi/include/c++/14.3.1\cmath **** 
 284:C:/Program Files (x86)/Arm GNU Toolchain arm-none-eabi/14.3 rel1/arm-none-eabi/include/c++/14.3.1\cmath ****   using ::frexp;
 285:C:/Program Files (x86)/Arm GNU Toolchain arm-none-eabi/14.3 rel1/arm-none-eabi/include/c++/14.3.1\cmath **** 
 286:C:/Program Files (x86)/Arm GNU Toolchain arm-none-eabi/14.3 rel1/arm-none-eabi/include/c++/14.3.1\cmath **** #ifndef __CORRECT_ISO_CPP_MATH_H_PROTO
 287:C:/Program Files (x86)/Arm GNU Toolchain arm-none-eabi/14.3 rel1/arm-none-eabi/include/c++/14.3.1\cmath ****   inline float
 288:C:/Program Files (x86)/Arm GNU Toolchain arm-none-eabi/14.3 rel1/arm-none-eabi/include/c++/14.3.1\cmath ****   frexp(float __x, int* __exp)
 289:C:/Program Files (x86)/Arm GNU Toolchain arm-none-eabi/14.3 rel1/arm-none-eabi/include/c++/14.3.1\cmath ****   { return __builtin_frexpf(__x, __exp); }
 290:C:/Program Files (x86)/Arm GNU Toolchain arm-none-eabi/14.3 rel1/arm-none-eabi/include/c++/14.3.1\cmath **** 
 291:C:/Program Files (x86)/Arm GNU Toolchain arm-none-eabi/14.3 rel1/arm-none-eabi/include/c++/14.3.1\cmath ****   inline long double
 292:C:/Program Files (x86)/Arm GNU Toolchain arm-none-eabi/14.3 rel1/arm-none-eabi/include/c++/14.3.1\cmath ****   frexp(long double __x, int* __exp)
 293:C:/Program Files (x86)/Arm GNU Toolchain arm-none-eabi/14.3 rel1/arm-none-eabi/include/c++/14.3.1\cmath ****   { return __builtin_frexpl(__x, __exp); }
 294:C:/Program Files (x86)/Arm GNU Toolchain arm-none-eabi/14.3 rel1/arm-none-eabi/include/c++/14.3.1\cmath **** #endif
 295:C:/Program Files (x86)/Arm GNU Toolchain arm-none-eabi/14.3 rel1/arm-none-eabi/include/c++/14.3.1\cmath **** 
 296:C:/Program Files (x86)/Arm GNU Toolchain arm-none-eabi/14.3 rel1/arm-none-eabi/include/c++/14.3.1\cmath ****   template<typename _Tp>
 297:C:/Program Files (x86)/Arm GNU Toolchain arm-none-eabi/14.3 rel1/arm-none-eabi/include/c++/14.3.1\cmath ****     inline _GLIBCXX_CONSTEXPR
 298:C:/Program Files (x86)/Arm GNU Toolchain arm-none-eabi/14.3 rel1/arm-none-eabi/include/c++/14.3.1\cmath ****     typename __gnu_cxx::__enable_if<__is_integer<_Tp>::__value, 
 299:C:/Program Files (x86)/Arm GNU Toolchain arm-none-eabi/14.3 rel1/arm-none-eabi/include/c++/14.3.1\cmath ****                                     double>::__type
 300:C:/Program Files (x86)/Arm GNU Toolchain arm-none-eabi/14.3 rel1/arm-none-eabi/include/c++/14.3.1\cmath ****     frexp(_Tp __x, int* __exp)
 301:C:/Program Files (x86)/Arm GNU Toolchain arm-none-eabi/14.3 rel1/arm-none-eabi/include/c++/14.3.1\cmath ****     { return __builtin_frexp(__x, __exp); }
 302:C:/Program Files (x86)/Arm GNU Toolchain arm-none-eabi/14.3 rel1/arm-none-eabi/include/c++/14.3.1\cmath **** 
 303:C:/Program Files (x86)/Arm GNU Toolchain arm-none-eabi/14.3 rel1/arm-none-eabi/include/c++/14.3.1\cmath ****   using ::ldexp;
 304:C:/Program Files (x86)/Arm GNU Toolchain arm-none-eabi/14.3 rel1/arm-none-eabi/include/c++/14.3.1\cmath **** 
 305:C:/Program Files (x86)/Arm GNU Toolchain arm-none-eabi/14.3 rel1/arm-none-eabi/include/c++/14.3.1\cmath **** #ifndef __CORRECT_ISO_CPP_MATH_H_PROTO
 306:C:/Program Files (x86)/Arm GNU Toolchain arm-none-eabi/14.3 rel1/arm-none-eabi/include/c++/14.3.1\cmath ****   inline _GLIBCXX_CONSTEXPR float
 307:C:/Program Files (x86)/Arm GNU Toolchain arm-none-eabi/14.3 rel1/arm-none-eabi/include/c++/14.3.1\cmath ****   ldexp(float __x, int __exp)
 308:C:/Program Files (x86)/Arm GNU Toolchain arm-none-eabi/14.3 rel1/arm-none-eabi/include/c++/14.3.1\cmath ****   { return __builtin_ldexpf(__x, __exp); }
 309:C:/Program Files (x86)/Arm GNU Toolchain arm-none-eabi/14.3 rel1/arm-none-eabi/include/c++/14.3.1\cmath **** 
 310:C:/Program Files (x86)/Arm GNU Toolchain arm-none-eabi/14.3 rel1/arm-none-eabi/include/c++/14.3.1\cmath ****   inline _GLIBCXX_CONSTEXPR long double
 311:C:/Program Files (x86)/Arm GNU Toolchain arm-none-eabi/14.3 rel1/arm-none-eabi/include/c++/14.3.1\cmath ****   ldexp(long double __x, int __exp)
 312:C:/Program Files (x86)/Arm GNU Toolchain arm-none-eabi/14.3 rel1/arm-none-eabi/include/c++/14.3.1\cmath ****   { return __builtin_ldexpl(__x, __exp); }
 313:C:/Program Files (x86)/Arm GNU Toolchain arm-none-eabi/14.3 rel1/arm-none-eabi/include/c++/14.3.1\cmath **** #endif
 314:C:/Program Files (x86)/Arm GNU Toolchain arm-none-eabi/14.3 rel1/arm-none-eabi/include/c++/14.3.1\cmath **** 
 315:C:/Program Files (x86)/Arm GNU Toolchain arm-none-eabi/14.3 rel1/arm-none-eabi/include/c++/14.3.1\cmath ****   template<typename _Tp>
 316:C:/Program Files (x86)/Arm GNU Toolchain arm-none-eabi/14.3 rel1/arm-none-eabi/include/c++/14.3.1\cmath ****     inline _GLIBCXX_CONSTEXPR
 317:C:/Program Files (x86)/Arm GNU Toolchain arm-none-eabi/14.3 rel1/arm-none-eabi/include/c++/14.3.1\cmath ****     typename __gnu_cxx::__enable_if<__is_integer<_Tp>::__value, 
 318:C:/Program Files (x86)/Arm GNU Toolchain arm-none-eabi/14.3 rel1/arm-none-eabi/include/c++/14.3.1\cmath ****                                     double>::__type
 319:C:/Program Files (x86)/Arm GNU Toolchain arm-none-eabi/14.3 rel1/arm-none-eabi/include/c++/14.3.1\cmath ****     ldexp(_Tp __x, int __exp)
 320:C:/Program Files (x86)/Arm GNU Toolchain arm-none-eabi/14.3 rel1/arm-none-eabi/include/c++/14.3.1\cmath ****     { return __builtin_ldexp(__x, __exp); }
 321:C:/Program Files (x86)/Arm GNU Toolchain arm-none-eabi/14.3 rel1/arm-none-eabi/include/c++/14.3.1\cmath **** 
 322:C:/Program Files (x86)/Arm GNU Toolchain arm-none-eabi/14.3 rel1/arm-none-eabi/include/c++/14.3.1\cmath ****   using ::log;
 323:C:/Program Files (x86)/Arm GNU Toolchain arm-none-eabi/14.3 rel1/arm-none-eabi/include/c++/14.3.1\cmath **** 
 324:C:/Program Files (x86)/Arm GNU Toolchain arm-none-eabi/14.3 rel1/arm-none-eabi/include/c++/14.3.1\cmath **** #ifndef __CORRECT_ISO_CPP_MATH_H_PROTO
 325:C:/Program Files (x86)/Arm GNU Toolchain arm-none-eabi/14.3 rel1/arm-none-eabi/include/c++/14.3.1\cmath ****   inline _GLIBCXX_CONSTEXPR float
 326:C:/Program Files (x86)/Arm GNU Toolchain arm-none-eabi/14.3 rel1/arm-none-eabi/include/c++/14.3.1\cmath ****   log(float __x)
 327:C:/Program Files (x86)/Arm GNU Toolchain arm-none-eabi/14.3 rel1/arm-none-eabi/include/c++/14.3.1\cmath ****   { return __builtin_logf(__x); }
 328:C:/Program Files (x86)/Arm GNU Toolchain arm-none-eabi/14.3 rel1/arm-none-eabi/include/c++/14.3.1\cmath **** 
 329:C:/Program Files (x86)/Arm GNU Toolchain arm-none-eabi/14.3 rel1/arm-none-eabi/include/c++/14.3.1\cmath ****   inline _GLIBCXX_CONSTEXPR long double
 330:C:/Program Files (x86)/Arm GNU Toolchain arm-none-eabi/14.3 rel1/arm-none-eabi/include/c++/14.3.1\cmath ****   log(long double __x)
 331:C:/Program Files (x86)/Arm GNU Toolchain arm-none-eabi/14.3 rel1/arm-none-eabi/include/c++/14.3.1\cmath ****   { return __builtin_logl(__x); }
 332:C:/Program Files (x86)/Arm GNU Toolchain arm-none-eabi/14.3 rel1/arm-none-eabi/include/c++/14.3.1\cmath **** #endif
 333:C:/Program Files (x86)/Arm GNU Toolchain arm-none-eabi/14.3 rel1/arm-none-eabi/include/c++/14.3.1\cmath **** 
 334:C:/Program Files (x86)/Arm GNU Toolchain arm-none-eabi/14.3 rel1/arm-none-eabi/include/c++/14.3.1\cmath ****   template<typename _Tp>
 335:C:/Program Files (x86)/Arm GNU Toolchain arm-none-eabi/14.3 rel1/arm-none-eabi/include/c++/14.3.1\cmath ****     inline _GLIBCXX_CONSTEXPR
ARM GAS  C:\Users\Oliver\AppData\Local\Temp\ccb1Hde1.s 			page 50


 336:C:/Program Files (x86)/Arm GNU Toolchain arm-none-eabi/14.3 rel1/arm-none-eabi/include/c++/14.3.1\cmath ****     typename __gnu_cxx::__enable_if<__is_integer<_Tp>::__value, 
 337:C:/Program Files (x86)/Arm GNU Toolchain arm-none-eabi/14.3 rel1/arm-none-eabi/include/c++/14.3.1\cmath ****                                     double>::__type
 338:C:/Program Files (x86)/Arm GNU Toolchain arm-none-eabi/14.3 rel1/arm-none-eabi/include/c++/14.3.1\cmath ****     log(_Tp __x)
 339:C:/Program Files (x86)/Arm GNU Toolchain arm-none-eabi/14.3 rel1/arm-none-eabi/include/c++/14.3.1\cmath ****     { return __builtin_log(__x); }
 340:C:/Program Files (x86)/Arm GNU Toolchain arm-none-eabi/14.3 rel1/arm-none-eabi/include/c++/14.3.1\cmath **** 
 341:C:/Program Files (x86)/Arm GNU Toolchain arm-none-eabi/14.3 rel1/arm-none-eabi/include/c++/14.3.1\cmath ****   using ::log10;
 342:C:/Program Files (x86)/Arm GNU Toolchain arm-none-eabi/14.3 rel1/arm-none-eabi/include/c++/14.3.1\cmath **** 
 343:C:/Program Files (x86)/Arm GNU Toolchain arm-none-eabi/14.3 rel1/arm-none-eabi/include/c++/14.3.1\cmath **** #ifndef __CORRECT_ISO_CPP_MATH_H_PROTO
 344:C:/Program Files (x86)/Arm GNU Toolchain arm-none-eabi/14.3 rel1/arm-none-eabi/include/c++/14.3.1\cmath ****   inline _GLIBCXX_CONSTEXPR float
 345:C:/Program Files (x86)/Arm GNU Toolchain arm-none-eabi/14.3 rel1/arm-none-eabi/include/c++/14.3.1\cmath ****   log10(float __x)
 346:C:/Program Files (x86)/Arm GNU Toolchain arm-none-eabi/14.3 rel1/arm-none-eabi/include/c++/14.3.1\cmath ****   { return __builtin_log10f(__x); }
 347:C:/Program Files (x86)/Arm GNU Toolchain arm-none-eabi/14.3 rel1/arm-none-eabi/include/c++/14.3.1\cmath **** 
 348:C:/Program Files (x86)/Arm GNU Toolchain arm-none-eabi/14.3 rel1/arm-none-eabi/include/c++/14.3.1\cmath ****   inline _GLIBCXX_CONSTEXPR long double
 349:C:/Program Files (x86)/Arm GNU Toolchain arm-none-eabi/14.3 rel1/arm-none-eabi/include/c++/14.3.1\cmath ****   log10(long double __x)
 350:C:/Program Files (x86)/Arm GNU Toolchain arm-none-eabi/14.3 rel1/arm-none-eabi/include/c++/14.3.1\cmath ****   { return __builtin_log10l(__x); }
 351:C:/Program Files (x86)/Arm GNU Toolchain arm-none-eabi/14.3 rel1/arm-none-eabi/include/c++/14.3.1\cmath **** #endif
 352:C:/Program Files (x86)/Arm GNU Toolchain arm-none-eabi/14.3 rel1/arm-none-eabi/include/c++/14.3.1\cmath **** 
 353:C:/Program Files (x86)/Arm GNU Toolchain arm-none-eabi/14.3 rel1/arm-none-eabi/include/c++/14.3.1\cmath ****   template<typename _Tp>
 354:C:/Program Files (x86)/Arm GNU Toolchain arm-none-eabi/14.3 rel1/arm-none-eabi/include/c++/14.3.1\cmath ****     inline _GLIBCXX_CONSTEXPR
 355:C:/Program Files (x86)/Arm GNU Toolchain arm-none-eabi/14.3 rel1/arm-none-eabi/include/c++/14.3.1\cmath ****     typename __gnu_cxx::__enable_if<__is_integer<_Tp>::__value,
 356:C:/Program Files (x86)/Arm GNU Toolchain arm-none-eabi/14.3 rel1/arm-none-eabi/include/c++/14.3.1\cmath ****                                     double>::__type
 357:C:/Program Files (x86)/Arm GNU Toolchain arm-none-eabi/14.3 rel1/arm-none-eabi/include/c++/14.3.1\cmath ****     log10(_Tp __x)
 358:C:/Program Files (x86)/Arm GNU Toolchain arm-none-eabi/14.3 rel1/arm-none-eabi/include/c++/14.3.1\cmath ****     { return __builtin_log10(__x); }
 359:C:/Program Files (x86)/Arm GNU Toolchain arm-none-eabi/14.3 rel1/arm-none-eabi/include/c++/14.3.1\cmath **** 
 360:C:/Program Files (x86)/Arm GNU Toolchain arm-none-eabi/14.3 rel1/arm-none-eabi/include/c++/14.3.1\cmath ****   using ::modf;
 361:C:/Program Files (x86)/Arm GNU Toolchain arm-none-eabi/14.3 rel1/arm-none-eabi/include/c++/14.3.1\cmath **** 
 362:C:/Program Files (x86)/Arm GNU Toolchain arm-none-eabi/14.3 rel1/arm-none-eabi/include/c++/14.3.1\cmath **** #ifndef __CORRECT_ISO_CPP_MATH_H_PROTO
 363:C:/Program Files (x86)/Arm GNU Toolchain arm-none-eabi/14.3 rel1/arm-none-eabi/include/c++/14.3.1\cmath ****   inline float
 364:C:/Program Files (x86)/Arm GNU Toolchain arm-none-eabi/14.3 rel1/arm-none-eabi/include/c++/14.3.1\cmath ****   modf(float __x, float* __iptr)
 365:C:/Program Files (x86)/Arm GNU Toolchain arm-none-eabi/14.3 rel1/arm-none-eabi/include/c++/14.3.1\cmath ****   { return __builtin_modff(__x, __iptr); }
 366:C:/Program Files (x86)/Arm GNU Toolchain arm-none-eabi/14.3 rel1/arm-none-eabi/include/c++/14.3.1\cmath **** 
 367:C:/Program Files (x86)/Arm GNU Toolchain arm-none-eabi/14.3 rel1/arm-none-eabi/include/c++/14.3.1\cmath ****   inline long double
 368:C:/Program Files (x86)/Arm GNU Toolchain arm-none-eabi/14.3 rel1/arm-none-eabi/include/c++/14.3.1\cmath ****   modf(long double __x, long double* __iptr)
 369:C:/Program Files (x86)/Arm GNU Toolchain arm-none-eabi/14.3 rel1/arm-none-eabi/include/c++/14.3.1\cmath ****   { return __builtin_modfl(__x, __iptr); }
 370:C:/Program Files (x86)/Arm GNU Toolchain arm-none-eabi/14.3 rel1/arm-none-eabi/include/c++/14.3.1\cmath **** #endif
 371:C:/Program Files (x86)/Arm GNU Toolchain arm-none-eabi/14.3 rel1/arm-none-eabi/include/c++/14.3.1\cmath **** 
 372:C:/Program Files (x86)/Arm GNU Toolchain arm-none-eabi/14.3 rel1/arm-none-eabi/include/c++/14.3.1\cmath ****   using ::pow;
 373:C:/Program Files (x86)/Arm GNU Toolchain arm-none-eabi/14.3 rel1/arm-none-eabi/include/c++/14.3.1\cmath **** 
 374:C:/Program Files (x86)/Arm GNU Toolchain arm-none-eabi/14.3 rel1/arm-none-eabi/include/c++/14.3.1\cmath **** #ifndef __CORRECT_ISO_CPP_MATH_H_PROTO
 375:C:/Program Files (x86)/Arm GNU Toolchain arm-none-eabi/14.3 rel1/arm-none-eabi/include/c++/14.3.1\cmath ****   inline _GLIBCXX_CONSTEXPR float
 376:C:/Program Files (x86)/Arm GNU Toolchain arm-none-eabi/14.3 rel1/arm-none-eabi/include/c++/14.3.1\cmath ****   pow(float __x, float __y)
 377:C:/Program Files (x86)/Arm GNU Toolchain arm-none-eabi/14.3 rel1/arm-none-eabi/include/c++/14.3.1\cmath ****   { return __builtin_powf(__x, __y); }
 378:C:/Program Files (x86)/Arm GNU Toolchain arm-none-eabi/14.3 rel1/arm-none-eabi/include/c++/14.3.1\cmath **** 
 379:C:/Program Files (x86)/Arm GNU Toolchain arm-none-eabi/14.3 rel1/arm-none-eabi/include/c++/14.3.1\cmath ****   inline _GLIBCXX_CONSTEXPR long double
 380:C:/Program Files (x86)/Arm GNU Toolchain arm-none-eabi/14.3 rel1/arm-none-eabi/include/c++/14.3.1\cmath ****   pow(long double __x, long double __y)
 381:C:/Program Files (x86)/Arm GNU Toolchain arm-none-eabi/14.3 rel1/arm-none-eabi/include/c++/14.3.1\cmath ****   { return __builtin_powl(__x, __y); }
 382:C:/Program Files (x86)/Arm GNU Toolchain arm-none-eabi/14.3 rel1/arm-none-eabi/include/c++/14.3.1\cmath **** 
 383:C:/Program Files (x86)/Arm GNU Toolchain arm-none-eabi/14.3 rel1/arm-none-eabi/include/c++/14.3.1\cmath **** #if __cplusplus < 201103L
 384:C:/Program Files (x86)/Arm GNU Toolchain arm-none-eabi/14.3 rel1/arm-none-eabi/include/c++/14.3.1\cmath ****   // _GLIBCXX_RESOLVE_LIB_DEFECTS
 385:C:/Program Files (x86)/Arm GNU Toolchain arm-none-eabi/14.3 rel1/arm-none-eabi/include/c++/14.3.1\cmath ****   // DR 550. What should the return type of pow(float,int) be?
 386:C:/Program Files (x86)/Arm GNU Toolchain arm-none-eabi/14.3 rel1/arm-none-eabi/include/c++/14.3.1\cmath ****   inline double
 387:C:/Program Files (x86)/Arm GNU Toolchain arm-none-eabi/14.3 rel1/arm-none-eabi/include/c++/14.3.1\cmath ****   pow(double __x, int __i)
 388:C:/Program Files (x86)/Arm GNU Toolchain arm-none-eabi/14.3 rel1/arm-none-eabi/include/c++/14.3.1\cmath ****   { return __builtin_powi(__x, __i); }
 389:C:/Program Files (x86)/Arm GNU Toolchain arm-none-eabi/14.3 rel1/arm-none-eabi/include/c++/14.3.1\cmath **** 
 390:C:/Program Files (x86)/Arm GNU Toolchain arm-none-eabi/14.3 rel1/arm-none-eabi/include/c++/14.3.1\cmath ****   inline float
 391:C:/Program Files (x86)/Arm GNU Toolchain arm-none-eabi/14.3 rel1/arm-none-eabi/include/c++/14.3.1\cmath ****   pow(float __x, int __n)
 392:C:/Program Files (x86)/Arm GNU Toolchain arm-none-eabi/14.3 rel1/arm-none-eabi/include/c++/14.3.1\cmath ****   { return __builtin_powif(__x, __n); }
ARM GAS  C:\Users\Oliver\AppData\Local\Temp\ccb1Hde1.s 			page 51


 393:C:/Program Files (x86)/Arm GNU Toolchain arm-none-eabi/14.3 rel1/arm-none-eabi/include/c++/14.3.1\cmath **** 
 394:C:/Program Files (x86)/Arm GNU Toolchain arm-none-eabi/14.3 rel1/arm-none-eabi/include/c++/14.3.1\cmath ****   inline long double
 395:C:/Program Files (x86)/Arm GNU Toolchain arm-none-eabi/14.3 rel1/arm-none-eabi/include/c++/14.3.1\cmath ****   pow(long double __x, int __n)
 396:C:/Program Files (x86)/Arm GNU Toolchain arm-none-eabi/14.3 rel1/arm-none-eabi/include/c++/14.3.1\cmath ****   { return __builtin_powil(__x, __n); }
 397:C:/Program Files (x86)/Arm GNU Toolchain arm-none-eabi/14.3 rel1/arm-none-eabi/include/c++/14.3.1\cmath **** #endif
 398:C:/Program Files (x86)/Arm GNU Toolchain arm-none-eabi/14.3 rel1/arm-none-eabi/include/c++/14.3.1\cmath **** #endif
 399:C:/Program Files (x86)/Arm GNU Toolchain arm-none-eabi/14.3 rel1/arm-none-eabi/include/c++/14.3.1\cmath **** 
 400:C:/Program Files (x86)/Arm GNU Toolchain arm-none-eabi/14.3 rel1/arm-none-eabi/include/c++/14.3.1\cmath ****   using ::sin;
 401:C:/Program Files (x86)/Arm GNU Toolchain arm-none-eabi/14.3 rel1/arm-none-eabi/include/c++/14.3.1\cmath **** 
 402:C:/Program Files (x86)/Arm GNU Toolchain arm-none-eabi/14.3 rel1/arm-none-eabi/include/c++/14.3.1\cmath **** #ifndef __CORRECT_ISO_CPP_MATH_H_PROTO
 403:C:/Program Files (x86)/Arm GNU Toolchain arm-none-eabi/14.3 rel1/arm-none-eabi/include/c++/14.3.1\cmath ****   inline _GLIBCXX_CONSTEXPR float
 404:C:/Program Files (x86)/Arm GNU Toolchain arm-none-eabi/14.3 rel1/arm-none-eabi/include/c++/14.3.1\cmath ****   sin(float __x)
 405:C:/Program Files (x86)/Arm GNU Toolchain arm-none-eabi/14.3 rel1/arm-none-eabi/include/c++/14.3.1\cmath ****   { return __builtin_sinf(__x); }
 406:C:/Program Files (x86)/Arm GNU Toolchain arm-none-eabi/14.3 rel1/arm-none-eabi/include/c++/14.3.1\cmath **** 
 407:C:/Program Files (x86)/Arm GNU Toolchain arm-none-eabi/14.3 rel1/arm-none-eabi/include/c++/14.3.1\cmath ****   inline _GLIBCXX_CONSTEXPR long double
 408:C:/Program Files (x86)/Arm GNU Toolchain arm-none-eabi/14.3 rel1/arm-none-eabi/include/c++/14.3.1\cmath ****   sin(long double __x)
 409:C:/Program Files (x86)/Arm GNU Toolchain arm-none-eabi/14.3 rel1/arm-none-eabi/include/c++/14.3.1\cmath ****   { return __builtin_sinl(__x); }
 410:C:/Program Files (x86)/Arm GNU Toolchain arm-none-eabi/14.3 rel1/arm-none-eabi/include/c++/14.3.1\cmath **** #endif
 411:C:/Program Files (x86)/Arm GNU Toolchain arm-none-eabi/14.3 rel1/arm-none-eabi/include/c++/14.3.1\cmath **** 
 412:C:/Program Files (x86)/Arm GNU Toolchain arm-none-eabi/14.3 rel1/arm-none-eabi/include/c++/14.3.1\cmath ****   template<typename _Tp>
 413:C:/Program Files (x86)/Arm GNU Toolchain arm-none-eabi/14.3 rel1/arm-none-eabi/include/c++/14.3.1\cmath ****     inline _GLIBCXX_CONSTEXPR
 414:C:/Program Files (x86)/Arm GNU Toolchain arm-none-eabi/14.3 rel1/arm-none-eabi/include/c++/14.3.1\cmath ****     typename __gnu_cxx::__enable_if<__is_integer<_Tp>::__value, 
 415:C:/Program Files (x86)/Arm GNU Toolchain arm-none-eabi/14.3 rel1/arm-none-eabi/include/c++/14.3.1\cmath ****                                     double>::__type
 416:C:/Program Files (x86)/Arm GNU Toolchain arm-none-eabi/14.3 rel1/arm-none-eabi/include/c++/14.3.1\cmath ****     sin(_Tp __x)
 417:C:/Program Files (x86)/Arm GNU Toolchain arm-none-eabi/14.3 rel1/arm-none-eabi/include/c++/14.3.1\cmath ****     { return __builtin_sin(__x); }
 418:C:/Program Files (x86)/Arm GNU Toolchain arm-none-eabi/14.3 rel1/arm-none-eabi/include/c++/14.3.1\cmath **** 
 419:C:/Program Files (x86)/Arm GNU Toolchain arm-none-eabi/14.3 rel1/arm-none-eabi/include/c++/14.3.1\cmath ****   using ::sinh;
 420:C:/Program Files (x86)/Arm GNU Toolchain arm-none-eabi/14.3 rel1/arm-none-eabi/include/c++/14.3.1\cmath **** 
 421:C:/Program Files (x86)/Arm GNU Toolchain arm-none-eabi/14.3 rel1/arm-none-eabi/include/c++/14.3.1\cmath **** #ifndef __CORRECT_ISO_CPP_MATH_H_PROTO
 422:C:/Program Files (x86)/Arm GNU Toolchain arm-none-eabi/14.3 rel1/arm-none-eabi/include/c++/14.3.1\cmath ****   inline _GLIBCXX_CONSTEXPR float
 423:C:/Program Files (x86)/Arm GNU Toolchain arm-none-eabi/14.3 rel1/arm-none-eabi/include/c++/14.3.1\cmath ****   sinh(float __x)
 424:C:/Program Files (x86)/Arm GNU Toolchain arm-none-eabi/14.3 rel1/arm-none-eabi/include/c++/14.3.1\cmath ****   { return __builtin_sinhf(__x); }
 425:C:/Program Files (x86)/Arm GNU Toolchain arm-none-eabi/14.3 rel1/arm-none-eabi/include/c++/14.3.1\cmath **** 
 426:C:/Program Files (x86)/Arm GNU Toolchain arm-none-eabi/14.3 rel1/arm-none-eabi/include/c++/14.3.1\cmath ****   inline _GLIBCXX_CONSTEXPR long double
 427:C:/Program Files (x86)/Arm GNU Toolchain arm-none-eabi/14.3 rel1/arm-none-eabi/include/c++/14.3.1\cmath ****   sinh(long double __x)
 428:C:/Program Files (x86)/Arm GNU Toolchain arm-none-eabi/14.3 rel1/arm-none-eabi/include/c++/14.3.1\cmath ****   { return __builtin_sinhl(__x); }
 429:C:/Program Files (x86)/Arm GNU Toolchain arm-none-eabi/14.3 rel1/arm-none-eabi/include/c++/14.3.1\cmath **** #endif
 430:C:/Program Files (x86)/Arm GNU Toolchain arm-none-eabi/14.3 rel1/arm-none-eabi/include/c++/14.3.1\cmath **** 
 431:C:/Program Files (x86)/Arm GNU Toolchain arm-none-eabi/14.3 rel1/arm-none-eabi/include/c++/14.3.1\cmath ****   template<typename _Tp>
 432:C:/Program Files (x86)/Arm GNU Toolchain arm-none-eabi/14.3 rel1/arm-none-eabi/include/c++/14.3.1\cmath ****     inline _GLIBCXX_CONSTEXPR
 433:C:/Program Files (x86)/Arm GNU Toolchain arm-none-eabi/14.3 rel1/arm-none-eabi/include/c++/14.3.1\cmath ****     typename __gnu_cxx::__enable_if<__is_integer<_Tp>::__value, 
 434:C:/Program Files (x86)/Arm GNU Toolchain arm-none-eabi/14.3 rel1/arm-none-eabi/include/c++/14.3.1\cmath ****                                     double>::__type
 435:C:/Program Files (x86)/Arm GNU Toolchain arm-none-eabi/14.3 rel1/arm-none-eabi/include/c++/14.3.1\cmath ****     sinh(_Tp __x)
 436:C:/Program Files (x86)/Arm GNU Toolchain arm-none-eabi/14.3 rel1/arm-none-eabi/include/c++/14.3.1\cmath ****     { return __builtin_sinh(__x); }
 437:C:/Program Files (x86)/Arm GNU Toolchain arm-none-eabi/14.3 rel1/arm-none-eabi/include/c++/14.3.1\cmath **** 
 438:C:/Program Files (x86)/Arm GNU Toolchain arm-none-eabi/14.3 rel1/arm-none-eabi/include/c++/14.3.1\cmath ****   using ::sqrt;
 439:C:/Program Files (x86)/Arm GNU Toolchain arm-none-eabi/14.3 rel1/arm-none-eabi/include/c++/14.3.1\cmath **** 
 440:C:/Program Files (x86)/Arm GNU Toolchain arm-none-eabi/14.3 rel1/arm-none-eabi/include/c++/14.3.1\cmath **** #ifndef __CORRECT_ISO_CPP_MATH_H_PROTO
 441:C:/Program Files (x86)/Arm GNU Toolchain arm-none-eabi/14.3 rel1/arm-none-eabi/include/c++/14.3.1\cmath ****   inline _GLIBCXX_CONSTEXPR float
 442:C:/Program Files (x86)/Arm GNU Toolchain arm-none-eabi/14.3 rel1/arm-none-eabi/include/c++/14.3.1\cmath ****   sqrt(float __x)
 443:C:/Program Files (x86)/Arm GNU Toolchain arm-none-eabi/14.3 rel1/arm-none-eabi/include/c++/14.3.1\cmath ****   { return __builtin_sqrtf(__x); }
 444:C:/Program Files (x86)/Arm GNU Toolchain arm-none-eabi/14.3 rel1/arm-none-eabi/include/c++/14.3.1\cmath **** 
 445:C:/Program Files (x86)/Arm GNU Toolchain arm-none-eabi/14.3 rel1/arm-none-eabi/include/c++/14.3.1\cmath ****   inline _GLIBCXX_CONSTEXPR long double
 446:C:/Program Files (x86)/Arm GNU Toolchain arm-none-eabi/14.3 rel1/arm-none-eabi/include/c++/14.3.1\cmath ****   sqrt(long double __x)
 447:C:/Program Files (x86)/Arm GNU Toolchain arm-none-eabi/14.3 rel1/arm-none-eabi/include/c++/14.3.1\cmath ****   { return __builtin_sqrtl(__x); }
 448:C:/Program Files (x86)/Arm GNU Toolchain arm-none-eabi/14.3 rel1/arm-none-eabi/include/c++/14.3.1\cmath **** #endif
 449:C:/Program Files (x86)/Arm GNU Toolchain arm-none-eabi/14.3 rel1/arm-none-eabi/include/c++/14.3.1\cmath **** 
ARM GAS  C:\Users\Oliver\AppData\Local\Temp\ccb1Hde1.s 			page 52


 450:C:/Program Files (x86)/Arm GNU Toolchain arm-none-eabi/14.3 rel1/arm-none-eabi/include/c++/14.3.1\cmath ****   template<typename _Tp>
 451:C:/Program Files (x86)/Arm GNU Toolchain arm-none-eabi/14.3 rel1/arm-none-eabi/include/c++/14.3.1\cmath ****     inline _GLIBCXX_CONSTEXPR
 452:C:/Program Files (x86)/Arm GNU Toolchain arm-none-eabi/14.3 rel1/arm-none-eabi/include/c++/14.3.1\cmath ****     typename __gnu_cxx::__enable_if<__is_integer<_Tp>::__value, 
 453:C:/Program Files (x86)/Arm GNU Toolchain arm-none-eabi/14.3 rel1/arm-none-eabi/include/c++/14.3.1\cmath ****                                     double>::__type
 454:C:/Program Files (x86)/Arm GNU Toolchain arm-none-eabi/14.3 rel1/arm-none-eabi/include/c++/14.3.1\cmath ****     sqrt(_Tp __x)
 455:C:/Program Files (x86)/Arm GNU Toolchain arm-none-eabi/14.3 rel1/arm-none-eabi/include/c++/14.3.1\cmath ****     { return __builtin_sqrt(__x); }
 456:C:/Program Files (x86)/Arm GNU Toolchain arm-none-eabi/14.3 rel1/arm-none-eabi/include/c++/14.3.1\cmath **** 
 457:C:/Program Files (x86)/Arm GNU Toolchain arm-none-eabi/14.3 rel1/arm-none-eabi/include/c++/14.3.1\cmath ****   using ::tan;
 458:C:/Program Files (x86)/Arm GNU Toolchain arm-none-eabi/14.3 rel1/arm-none-eabi/include/c++/14.3.1\cmath **** 
 459:C:/Program Files (x86)/Arm GNU Toolchain arm-none-eabi/14.3 rel1/arm-none-eabi/include/c++/14.3.1\cmath **** #ifndef __CORRECT_ISO_CPP_MATH_H_PROTO
 460:C:/Program Files (x86)/Arm GNU Toolchain arm-none-eabi/14.3 rel1/arm-none-eabi/include/c++/14.3.1\cmath ****   inline _GLIBCXX_CONSTEXPR float
 461:C:/Program Files (x86)/Arm GNU Toolchain arm-none-eabi/14.3 rel1/arm-none-eabi/include/c++/14.3.1\cmath ****   tan(float __x)
 462:C:/Program Files (x86)/Arm GNU Toolchain arm-none-eabi/14.3 rel1/arm-none-eabi/include/c++/14.3.1\cmath ****   { return __builtin_tanf(__x); }
 463:C:/Program Files (x86)/Arm GNU Toolchain arm-none-eabi/14.3 rel1/arm-none-eabi/include/c++/14.3.1\cmath **** 
 464:C:/Program Files (x86)/Arm GNU Toolchain arm-none-eabi/14.3 rel1/arm-none-eabi/include/c++/14.3.1\cmath ****   inline _GLIBCXX_CONSTEXPR long double
 465:C:/Program Files (x86)/Arm GNU Toolchain arm-none-eabi/14.3 rel1/arm-none-eabi/include/c++/14.3.1\cmath ****   tan(long double __x)
 466:C:/Program Files (x86)/Arm GNU Toolchain arm-none-eabi/14.3 rel1/arm-none-eabi/include/c++/14.3.1\cmath ****   { return __builtin_tanl(__x); }
 467:C:/Program Files (x86)/Arm GNU Toolchain arm-none-eabi/14.3 rel1/arm-none-eabi/include/c++/14.3.1\cmath **** #endif
 468:C:/Program Files (x86)/Arm GNU Toolchain arm-none-eabi/14.3 rel1/arm-none-eabi/include/c++/14.3.1\cmath **** 
 469:C:/Program Files (x86)/Arm GNU Toolchain arm-none-eabi/14.3 rel1/arm-none-eabi/include/c++/14.3.1\cmath ****   template<typename _Tp>
 470:C:/Program Files (x86)/Arm GNU Toolchain arm-none-eabi/14.3 rel1/arm-none-eabi/include/c++/14.3.1\cmath ****     inline _GLIBCXX_CONSTEXPR
 471:C:/Program Files (x86)/Arm GNU Toolchain arm-none-eabi/14.3 rel1/arm-none-eabi/include/c++/14.3.1\cmath ****     typename __gnu_cxx::__enable_if<__is_integer<_Tp>::__value, 
 472:C:/Program Files (x86)/Arm GNU Toolchain arm-none-eabi/14.3 rel1/arm-none-eabi/include/c++/14.3.1\cmath ****                                     double>::__type
 473:C:/Program Files (x86)/Arm GNU Toolchain arm-none-eabi/14.3 rel1/arm-none-eabi/include/c++/14.3.1\cmath ****     tan(_Tp __x)
 474:C:/Program Files (x86)/Arm GNU Toolchain arm-none-eabi/14.3 rel1/arm-none-eabi/include/c++/14.3.1\cmath ****     { return __builtin_tan(__x); }
 475:C:/Program Files (x86)/Arm GNU Toolchain arm-none-eabi/14.3 rel1/arm-none-eabi/include/c++/14.3.1\cmath **** 
 476:C:/Program Files (x86)/Arm GNU Toolchain arm-none-eabi/14.3 rel1/arm-none-eabi/include/c++/14.3.1\cmath ****   using ::tanh;
 477:C:/Program Files (x86)/Arm GNU Toolchain arm-none-eabi/14.3 rel1/arm-none-eabi/include/c++/14.3.1\cmath **** 
 478:C:/Program Files (x86)/Arm GNU Toolchain arm-none-eabi/14.3 rel1/arm-none-eabi/include/c++/14.3.1\cmath **** #ifndef __CORRECT_ISO_CPP_MATH_H_PROTO
 479:C:/Program Files (x86)/Arm GNU Toolchain arm-none-eabi/14.3 rel1/arm-none-eabi/include/c++/14.3.1\cmath ****   inline _GLIBCXX_CONSTEXPR float
 480:C:/Program Files (x86)/Arm GNU Toolchain arm-none-eabi/14.3 rel1/arm-none-eabi/include/c++/14.3.1\cmath ****   tanh(float __x)
 481:C:/Program Files (x86)/Arm GNU Toolchain arm-none-eabi/14.3 rel1/arm-none-eabi/include/c++/14.3.1\cmath ****   { return __builtin_tanhf(__x); }
 482:C:/Program Files (x86)/Arm GNU Toolchain arm-none-eabi/14.3 rel1/arm-none-eabi/include/c++/14.3.1\cmath **** 
 483:C:/Program Files (x86)/Arm GNU Toolchain arm-none-eabi/14.3 rel1/arm-none-eabi/include/c++/14.3.1\cmath ****   inline _GLIBCXX_CONSTEXPR long double
 484:C:/Program Files (x86)/Arm GNU Toolchain arm-none-eabi/14.3 rel1/arm-none-eabi/include/c++/14.3.1\cmath ****   tanh(long double __x)
 485:C:/Program Files (x86)/Arm GNU Toolchain arm-none-eabi/14.3 rel1/arm-none-eabi/include/c++/14.3.1\cmath ****   { return __builtin_tanhl(__x); }
 486:C:/Program Files (x86)/Arm GNU Toolchain arm-none-eabi/14.3 rel1/arm-none-eabi/include/c++/14.3.1\cmath **** #endif
 487:C:/Program Files (x86)/Arm GNU Toolchain arm-none-eabi/14.3 rel1/arm-none-eabi/include/c++/14.3.1\cmath **** 
 488:C:/Program Files (x86)/Arm GNU Toolchain arm-none-eabi/14.3 rel1/arm-none-eabi/include/c++/14.3.1\cmath ****   template<typename _Tp>
 489:C:/Program Files (x86)/Arm GNU Toolchain arm-none-eabi/14.3 rel1/arm-none-eabi/include/c++/14.3.1\cmath ****     inline _GLIBCXX_CONSTEXPR
 490:C:/Program Files (x86)/Arm GNU Toolchain arm-none-eabi/14.3 rel1/arm-none-eabi/include/c++/14.3.1\cmath ****     typename __gnu_cxx::__enable_if<__is_integer<_Tp>::__value, 
 491:C:/Program Files (x86)/Arm GNU Toolchain arm-none-eabi/14.3 rel1/arm-none-eabi/include/c++/14.3.1\cmath ****                                     double>::__type
 492:C:/Program Files (x86)/Arm GNU Toolchain arm-none-eabi/14.3 rel1/arm-none-eabi/include/c++/14.3.1\cmath ****     tanh(_Tp __x)
 493:C:/Program Files (x86)/Arm GNU Toolchain arm-none-eabi/14.3 rel1/arm-none-eabi/include/c++/14.3.1\cmath ****     { return __builtin_tanh(__x); }
 494:C:/Program Files (x86)/Arm GNU Toolchain arm-none-eabi/14.3 rel1/arm-none-eabi/include/c++/14.3.1\cmath **** 
 495:C:/Program Files (x86)/Arm GNU Toolchain arm-none-eabi/14.3 rel1/arm-none-eabi/include/c++/14.3.1\cmath **** #if defined(__STDCPP_FLOAT16_T__) && defined(_GLIBCXX_FLOAT_IS_IEEE_BINARY32)
 496:C:/Program Files (x86)/Arm GNU Toolchain arm-none-eabi/14.3 rel1/arm-none-eabi/include/c++/14.3.1\cmath ****   constexpr _Float16
 497:C:/Program Files (x86)/Arm GNU Toolchain arm-none-eabi/14.3 rel1/arm-none-eabi/include/c++/14.3.1\cmath ****   acos(_Float16 __x)
 498:C:/Program Files (x86)/Arm GNU Toolchain arm-none-eabi/14.3 rel1/arm-none-eabi/include/c++/14.3.1\cmath ****   { return _Float16(__builtin_acosf(__x)); }
 499:C:/Program Files (x86)/Arm GNU Toolchain arm-none-eabi/14.3 rel1/arm-none-eabi/include/c++/14.3.1\cmath **** 
 500:C:/Program Files (x86)/Arm GNU Toolchain arm-none-eabi/14.3 rel1/arm-none-eabi/include/c++/14.3.1\cmath ****   constexpr _Float16
 501:C:/Program Files (x86)/Arm GNU Toolchain arm-none-eabi/14.3 rel1/arm-none-eabi/include/c++/14.3.1\cmath ****   asin(_Float16 __x)
 502:C:/Program Files (x86)/Arm GNU Toolchain arm-none-eabi/14.3 rel1/arm-none-eabi/include/c++/14.3.1\cmath ****   { return _Float16(__builtin_asinf(__x)); }
 503:C:/Program Files (x86)/Arm GNU Toolchain arm-none-eabi/14.3 rel1/arm-none-eabi/include/c++/14.3.1\cmath **** 
 504:C:/Program Files (x86)/Arm GNU Toolchain arm-none-eabi/14.3 rel1/arm-none-eabi/include/c++/14.3.1\cmath ****   constexpr _Float16
 505:C:/Program Files (x86)/Arm GNU Toolchain arm-none-eabi/14.3 rel1/arm-none-eabi/include/c++/14.3.1\cmath ****   atan(_Float16 __x)
 506:C:/Program Files (x86)/Arm GNU Toolchain arm-none-eabi/14.3 rel1/arm-none-eabi/include/c++/14.3.1\cmath ****   { return _Float16(__builtin_atanf(__x)); }
ARM GAS  C:\Users\Oliver\AppData\Local\Temp\ccb1Hde1.s 			page 53


 507:C:/Program Files (x86)/Arm GNU Toolchain arm-none-eabi/14.3 rel1/arm-none-eabi/include/c++/14.3.1\cmath **** 
 508:C:/Program Files (x86)/Arm GNU Toolchain arm-none-eabi/14.3 rel1/arm-none-eabi/include/c++/14.3.1\cmath ****   constexpr _Float16
 509:C:/Program Files (x86)/Arm GNU Toolchain arm-none-eabi/14.3 rel1/arm-none-eabi/include/c++/14.3.1\cmath ****   atan2(_Float16 __y, _Float16 __x)
 510:C:/Program Files (x86)/Arm GNU Toolchain arm-none-eabi/14.3 rel1/arm-none-eabi/include/c++/14.3.1\cmath ****   { return _Float16(__builtin_atan2f(__y, __x)); }
 511:C:/Program Files (x86)/Arm GNU Toolchain arm-none-eabi/14.3 rel1/arm-none-eabi/include/c++/14.3.1\cmath **** 
 512:C:/Program Files (x86)/Arm GNU Toolchain arm-none-eabi/14.3 rel1/arm-none-eabi/include/c++/14.3.1\cmath ****   constexpr _Float16
 513:C:/Program Files (x86)/Arm GNU Toolchain arm-none-eabi/14.3 rel1/arm-none-eabi/include/c++/14.3.1\cmath ****   ceil(_Float16 __x)
 514:C:/Program Files (x86)/Arm GNU Toolchain arm-none-eabi/14.3 rel1/arm-none-eabi/include/c++/14.3.1\cmath ****   { return _Float16(__builtin_ceilf(__x)); }
 515:C:/Program Files (x86)/Arm GNU Toolchain arm-none-eabi/14.3 rel1/arm-none-eabi/include/c++/14.3.1\cmath **** 
 516:C:/Program Files (x86)/Arm GNU Toolchain arm-none-eabi/14.3 rel1/arm-none-eabi/include/c++/14.3.1\cmath ****   constexpr _Float16
 517:C:/Program Files (x86)/Arm GNU Toolchain arm-none-eabi/14.3 rel1/arm-none-eabi/include/c++/14.3.1\cmath ****   cos(_Float16 __x)
 518:C:/Program Files (x86)/Arm GNU Toolchain arm-none-eabi/14.3 rel1/arm-none-eabi/include/c++/14.3.1\cmath ****   { return _Float16(__builtin_cosf(__x)); }
 519:C:/Program Files (x86)/Arm GNU Toolchain arm-none-eabi/14.3 rel1/arm-none-eabi/include/c++/14.3.1\cmath **** 
 520:C:/Program Files (x86)/Arm GNU Toolchain arm-none-eabi/14.3 rel1/arm-none-eabi/include/c++/14.3.1\cmath ****   constexpr _Float16
 521:C:/Program Files (x86)/Arm GNU Toolchain arm-none-eabi/14.3 rel1/arm-none-eabi/include/c++/14.3.1\cmath ****   cosh(_Float16 __x)
 522:C:/Program Files (x86)/Arm GNU Toolchain arm-none-eabi/14.3 rel1/arm-none-eabi/include/c++/14.3.1\cmath ****   { return _Float16(__builtin_coshf(__x)); }
 523:C:/Program Files (x86)/Arm GNU Toolchain arm-none-eabi/14.3 rel1/arm-none-eabi/include/c++/14.3.1\cmath **** 
 524:C:/Program Files (x86)/Arm GNU Toolchain arm-none-eabi/14.3 rel1/arm-none-eabi/include/c++/14.3.1\cmath ****   constexpr _Float16
 525:C:/Program Files (x86)/Arm GNU Toolchain arm-none-eabi/14.3 rel1/arm-none-eabi/include/c++/14.3.1\cmath ****   exp(_Float16 __x)
 526:C:/Program Files (x86)/Arm GNU Toolchain arm-none-eabi/14.3 rel1/arm-none-eabi/include/c++/14.3.1\cmath ****   { return _Float16(__builtin_expf(__x)); }
 527:C:/Program Files (x86)/Arm GNU Toolchain arm-none-eabi/14.3 rel1/arm-none-eabi/include/c++/14.3.1\cmath **** 
 528:C:/Program Files (x86)/Arm GNU Toolchain arm-none-eabi/14.3 rel1/arm-none-eabi/include/c++/14.3.1\cmath ****   constexpr _Float16
 529:C:/Program Files (x86)/Arm GNU Toolchain arm-none-eabi/14.3 rel1/arm-none-eabi/include/c++/14.3.1\cmath ****   fabs(_Float16 __x)
 530:C:/Program Files (x86)/Arm GNU Toolchain arm-none-eabi/14.3 rel1/arm-none-eabi/include/c++/14.3.1\cmath ****   { return _Float16(__builtin_fabsf(__x)); }
 531:C:/Program Files (x86)/Arm GNU Toolchain arm-none-eabi/14.3 rel1/arm-none-eabi/include/c++/14.3.1\cmath **** 
 532:C:/Program Files (x86)/Arm GNU Toolchain arm-none-eabi/14.3 rel1/arm-none-eabi/include/c++/14.3.1\cmath ****   constexpr _Float16
 533:C:/Program Files (x86)/Arm GNU Toolchain arm-none-eabi/14.3 rel1/arm-none-eabi/include/c++/14.3.1\cmath ****   floor(_Float16 __x)
 534:C:/Program Files (x86)/Arm GNU Toolchain arm-none-eabi/14.3 rel1/arm-none-eabi/include/c++/14.3.1\cmath ****   { return _Float16(__builtin_floorf(__x)); }
 535:C:/Program Files (x86)/Arm GNU Toolchain arm-none-eabi/14.3 rel1/arm-none-eabi/include/c++/14.3.1\cmath **** 
 536:C:/Program Files (x86)/Arm GNU Toolchain arm-none-eabi/14.3 rel1/arm-none-eabi/include/c++/14.3.1\cmath ****   constexpr _Float16
 537:C:/Program Files (x86)/Arm GNU Toolchain arm-none-eabi/14.3 rel1/arm-none-eabi/include/c++/14.3.1\cmath ****   fmod(_Float16 __x, _Float16 __y)
 538:C:/Program Files (x86)/Arm GNU Toolchain arm-none-eabi/14.3 rel1/arm-none-eabi/include/c++/14.3.1\cmath ****   { return _Float16(__builtin_fmodf(__x, __y)); }
 539:C:/Program Files (x86)/Arm GNU Toolchain arm-none-eabi/14.3 rel1/arm-none-eabi/include/c++/14.3.1\cmath **** 
 540:C:/Program Files (x86)/Arm GNU Toolchain arm-none-eabi/14.3 rel1/arm-none-eabi/include/c++/14.3.1\cmath ****   inline _Float16
 541:C:/Program Files (x86)/Arm GNU Toolchain arm-none-eabi/14.3 rel1/arm-none-eabi/include/c++/14.3.1\cmath ****   frexp(_Float16 __x, int* __exp)
 542:C:/Program Files (x86)/Arm GNU Toolchain arm-none-eabi/14.3 rel1/arm-none-eabi/include/c++/14.3.1\cmath ****   { return _Float16(__builtin_frexpf(__x, __exp)); }
 543:C:/Program Files (x86)/Arm GNU Toolchain arm-none-eabi/14.3 rel1/arm-none-eabi/include/c++/14.3.1\cmath **** 
 544:C:/Program Files (x86)/Arm GNU Toolchain arm-none-eabi/14.3 rel1/arm-none-eabi/include/c++/14.3.1\cmath ****   constexpr _Float16
 545:C:/Program Files (x86)/Arm GNU Toolchain arm-none-eabi/14.3 rel1/arm-none-eabi/include/c++/14.3.1\cmath ****   ldexp(_Float16 __x, int __exp)
 546:C:/Program Files (x86)/Arm GNU Toolchain arm-none-eabi/14.3 rel1/arm-none-eabi/include/c++/14.3.1\cmath ****   { return _Float16(__builtin_ldexpf(__x, __exp)); }
 547:C:/Program Files (x86)/Arm GNU Toolchain arm-none-eabi/14.3 rel1/arm-none-eabi/include/c++/14.3.1\cmath **** 
 548:C:/Program Files (x86)/Arm GNU Toolchain arm-none-eabi/14.3 rel1/arm-none-eabi/include/c++/14.3.1\cmath ****   constexpr _Float16
 549:C:/Program Files (x86)/Arm GNU Toolchain arm-none-eabi/14.3 rel1/arm-none-eabi/include/c++/14.3.1\cmath ****   log(_Float16 __x)
 550:C:/Program Files (x86)/Arm GNU Toolchain arm-none-eabi/14.3 rel1/arm-none-eabi/include/c++/14.3.1\cmath ****   { return _Float16(__builtin_logf(__x)); }
 551:C:/Program Files (x86)/Arm GNU Toolchain arm-none-eabi/14.3 rel1/arm-none-eabi/include/c++/14.3.1\cmath **** 
 552:C:/Program Files (x86)/Arm GNU Toolchain arm-none-eabi/14.3 rel1/arm-none-eabi/include/c++/14.3.1\cmath ****   constexpr _Float16
 553:C:/Program Files (x86)/Arm GNU Toolchain arm-none-eabi/14.3 rel1/arm-none-eabi/include/c++/14.3.1\cmath ****   log10(_Float16 __x)
 554:C:/Program Files (x86)/Arm GNU Toolchain arm-none-eabi/14.3 rel1/arm-none-eabi/include/c++/14.3.1\cmath ****   { return _Float16(__builtin_log10f(__x)); }
 555:C:/Program Files (x86)/Arm GNU Toolchain arm-none-eabi/14.3 rel1/arm-none-eabi/include/c++/14.3.1\cmath **** 
 556:C:/Program Files (x86)/Arm GNU Toolchain arm-none-eabi/14.3 rel1/arm-none-eabi/include/c++/14.3.1\cmath ****   inline _Float16
 557:C:/Program Files (x86)/Arm GNU Toolchain arm-none-eabi/14.3 rel1/arm-none-eabi/include/c++/14.3.1\cmath ****   modf(_Float16 __x, _Float16* __iptr)
 558:C:/Program Files (x86)/Arm GNU Toolchain arm-none-eabi/14.3 rel1/arm-none-eabi/include/c++/14.3.1\cmath ****   {
 559:C:/Program Files (x86)/Arm GNU Toolchain arm-none-eabi/14.3 rel1/arm-none-eabi/include/c++/14.3.1\cmath ****     float __i, __ret = __builtin_modff(__x, &__i);
 560:C:/Program Files (x86)/Arm GNU Toolchain arm-none-eabi/14.3 rel1/arm-none-eabi/include/c++/14.3.1\cmath ****     *__iptr = _Float16(__i);
 561:C:/Program Files (x86)/Arm GNU Toolchain arm-none-eabi/14.3 rel1/arm-none-eabi/include/c++/14.3.1\cmath ****     return _Float16(__ret);
 562:C:/Program Files (x86)/Arm GNU Toolchain arm-none-eabi/14.3 rel1/arm-none-eabi/include/c++/14.3.1\cmath ****   }
 563:C:/Program Files (x86)/Arm GNU Toolchain arm-none-eabi/14.3 rel1/arm-none-eabi/include/c++/14.3.1\cmath **** 
ARM GAS  C:\Users\Oliver\AppData\Local\Temp\ccb1Hde1.s 			page 54


 564:C:/Program Files (x86)/Arm GNU Toolchain arm-none-eabi/14.3 rel1/arm-none-eabi/include/c++/14.3.1\cmath ****   constexpr _Float16
 565:C:/Program Files (x86)/Arm GNU Toolchain arm-none-eabi/14.3 rel1/arm-none-eabi/include/c++/14.3.1\cmath ****   pow(_Float16 __x, _Float16 __y)
 566:C:/Program Files (x86)/Arm GNU Toolchain arm-none-eabi/14.3 rel1/arm-none-eabi/include/c++/14.3.1\cmath ****   { return _Float16(__builtin_powf(__x, __y)); }
 567:C:/Program Files (x86)/Arm GNU Toolchain arm-none-eabi/14.3 rel1/arm-none-eabi/include/c++/14.3.1\cmath **** 
 568:C:/Program Files (x86)/Arm GNU Toolchain arm-none-eabi/14.3 rel1/arm-none-eabi/include/c++/14.3.1\cmath ****   constexpr _Float16
 569:C:/Program Files (x86)/Arm GNU Toolchain arm-none-eabi/14.3 rel1/arm-none-eabi/include/c++/14.3.1\cmath ****   sin(_Float16 __x)
 570:C:/Program Files (x86)/Arm GNU Toolchain arm-none-eabi/14.3 rel1/arm-none-eabi/include/c++/14.3.1\cmath ****   { return _Float16(__builtin_sinf(__x)); }
 571:C:/Program Files (x86)/Arm GNU Toolchain arm-none-eabi/14.3 rel1/arm-none-eabi/include/c++/14.3.1\cmath **** 
 572:C:/Program Files (x86)/Arm GNU Toolchain arm-none-eabi/14.3 rel1/arm-none-eabi/include/c++/14.3.1\cmath ****   constexpr _Float16
 573:C:/Program Files (x86)/Arm GNU Toolchain arm-none-eabi/14.3 rel1/arm-none-eabi/include/c++/14.3.1\cmath ****   sinh(_Float16 __x)
 574:C:/Program Files (x86)/Arm GNU Toolchain arm-none-eabi/14.3 rel1/arm-none-eabi/include/c++/14.3.1\cmath ****   { return _Float16(__builtin_sinhf(__x)); }
 575:C:/Program Files (x86)/Arm GNU Toolchain arm-none-eabi/14.3 rel1/arm-none-eabi/include/c++/14.3.1\cmath **** 
 576:C:/Program Files (x86)/Arm GNU Toolchain arm-none-eabi/14.3 rel1/arm-none-eabi/include/c++/14.3.1\cmath ****   constexpr _Float16
 577:C:/Program Files (x86)/Arm GNU Toolchain arm-none-eabi/14.3 rel1/arm-none-eabi/include/c++/14.3.1\cmath ****   sqrt(_Float16 __x)
 578:C:/Program Files (x86)/Arm GNU Toolchain arm-none-eabi/14.3 rel1/arm-none-eabi/include/c++/14.3.1\cmath ****   { return _Float16(__builtin_sqrtf(__x)); }
 579:C:/Program Files (x86)/Arm GNU Toolchain arm-none-eabi/14.3 rel1/arm-none-eabi/include/c++/14.3.1\cmath **** 
 580:C:/Program Files (x86)/Arm GNU Toolchain arm-none-eabi/14.3 rel1/arm-none-eabi/include/c++/14.3.1\cmath ****   constexpr _Float16
 581:C:/Program Files (x86)/Arm GNU Toolchain arm-none-eabi/14.3 rel1/arm-none-eabi/include/c++/14.3.1\cmath ****   tan(_Float16 __x)
 582:C:/Program Files (x86)/Arm GNU Toolchain arm-none-eabi/14.3 rel1/arm-none-eabi/include/c++/14.3.1\cmath ****   { return _Float16(__builtin_tanf(__x)); }
 583:C:/Program Files (x86)/Arm GNU Toolchain arm-none-eabi/14.3 rel1/arm-none-eabi/include/c++/14.3.1\cmath **** 
 584:C:/Program Files (x86)/Arm GNU Toolchain arm-none-eabi/14.3 rel1/arm-none-eabi/include/c++/14.3.1\cmath ****   constexpr _Float16
 585:C:/Program Files (x86)/Arm GNU Toolchain arm-none-eabi/14.3 rel1/arm-none-eabi/include/c++/14.3.1\cmath ****   tanh(_Float16 __x)
 586:C:/Program Files (x86)/Arm GNU Toolchain arm-none-eabi/14.3 rel1/arm-none-eabi/include/c++/14.3.1\cmath ****   { return _Float16(__builtin_tanhf(__x)); }
 587:C:/Program Files (x86)/Arm GNU Toolchain arm-none-eabi/14.3 rel1/arm-none-eabi/include/c++/14.3.1\cmath **** #endif
 588:C:/Program Files (x86)/Arm GNU Toolchain arm-none-eabi/14.3 rel1/arm-none-eabi/include/c++/14.3.1\cmath **** 
 589:C:/Program Files (x86)/Arm GNU Toolchain arm-none-eabi/14.3 rel1/arm-none-eabi/include/c++/14.3.1\cmath **** #if defined(__STDCPP_FLOAT32_T__) && defined(_GLIBCXX_FLOAT_IS_IEEE_BINARY32)
 590:C:/Program Files (x86)/Arm GNU Toolchain arm-none-eabi/14.3 rel1/arm-none-eabi/include/c++/14.3.1\cmath ****   constexpr _Float32
 591:C:/Program Files (x86)/Arm GNU Toolchain arm-none-eabi/14.3 rel1/arm-none-eabi/include/c++/14.3.1\cmath ****   acos(_Float32 __x)
 592:C:/Program Files (x86)/Arm GNU Toolchain arm-none-eabi/14.3 rel1/arm-none-eabi/include/c++/14.3.1\cmath ****   { return __builtin_acosf(__x); }
 593:C:/Program Files (x86)/Arm GNU Toolchain arm-none-eabi/14.3 rel1/arm-none-eabi/include/c++/14.3.1\cmath **** 
 594:C:/Program Files (x86)/Arm GNU Toolchain arm-none-eabi/14.3 rel1/arm-none-eabi/include/c++/14.3.1\cmath ****   constexpr _Float32
 595:C:/Program Files (x86)/Arm GNU Toolchain arm-none-eabi/14.3 rel1/arm-none-eabi/include/c++/14.3.1\cmath ****   asin(_Float32 __x)
 596:C:/Program Files (x86)/Arm GNU Toolchain arm-none-eabi/14.3 rel1/arm-none-eabi/include/c++/14.3.1\cmath ****   { return __builtin_asinf(__x); }
 597:C:/Program Files (x86)/Arm GNU Toolchain arm-none-eabi/14.3 rel1/arm-none-eabi/include/c++/14.3.1\cmath **** 
 598:C:/Program Files (x86)/Arm GNU Toolchain arm-none-eabi/14.3 rel1/arm-none-eabi/include/c++/14.3.1\cmath ****   constexpr _Float32
 599:C:/Program Files (x86)/Arm GNU Toolchain arm-none-eabi/14.3 rel1/arm-none-eabi/include/c++/14.3.1\cmath ****   atan(_Float32 __x)
 600:C:/Program Files (x86)/Arm GNU Toolchain arm-none-eabi/14.3 rel1/arm-none-eabi/include/c++/14.3.1\cmath ****   { return __builtin_atanf(__x); }
 601:C:/Program Files (x86)/Arm GNU Toolchain arm-none-eabi/14.3 rel1/arm-none-eabi/include/c++/14.3.1\cmath **** 
 602:C:/Program Files (x86)/Arm GNU Toolchain arm-none-eabi/14.3 rel1/arm-none-eabi/include/c++/14.3.1\cmath ****   constexpr _Float32
 603:C:/Program Files (x86)/Arm GNU Toolchain arm-none-eabi/14.3 rel1/arm-none-eabi/include/c++/14.3.1\cmath ****   atan2(_Float32 __y, _Float32 __x)
 604:C:/Program Files (x86)/Arm GNU Toolchain arm-none-eabi/14.3 rel1/arm-none-eabi/include/c++/14.3.1\cmath ****   { return __builtin_atan2f(__y, __x); }
 605:C:/Program Files (x86)/Arm GNU Toolchain arm-none-eabi/14.3 rel1/arm-none-eabi/include/c++/14.3.1\cmath **** 
 606:C:/Program Files (x86)/Arm GNU Toolchain arm-none-eabi/14.3 rel1/arm-none-eabi/include/c++/14.3.1\cmath ****   constexpr _Float32
 607:C:/Program Files (x86)/Arm GNU Toolchain arm-none-eabi/14.3 rel1/arm-none-eabi/include/c++/14.3.1\cmath ****   ceil(_Float32 __x)
 608:C:/Program Files (x86)/Arm GNU Toolchain arm-none-eabi/14.3 rel1/arm-none-eabi/include/c++/14.3.1\cmath ****   { return __builtin_ceilf(__x); }
 609:C:/Program Files (x86)/Arm GNU Toolchain arm-none-eabi/14.3 rel1/arm-none-eabi/include/c++/14.3.1\cmath **** 
 610:C:/Program Files (x86)/Arm GNU Toolchain arm-none-eabi/14.3 rel1/arm-none-eabi/include/c++/14.3.1\cmath ****   constexpr _Float32
 611:C:/Program Files (x86)/Arm GNU Toolchain arm-none-eabi/14.3 rel1/arm-none-eabi/include/c++/14.3.1\cmath ****   cos(_Float32 __x)
 612:C:/Program Files (x86)/Arm GNU Toolchain arm-none-eabi/14.3 rel1/arm-none-eabi/include/c++/14.3.1\cmath ****   { return __builtin_cosf(__x); }
 613:C:/Program Files (x86)/Arm GNU Toolchain arm-none-eabi/14.3 rel1/arm-none-eabi/include/c++/14.3.1\cmath **** 
 614:C:/Program Files (x86)/Arm GNU Toolchain arm-none-eabi/14.3 rel1/arm-none-eabi/include/c++/14.3.1\cmath ****   constexpr _Float32
 615:C:/Program Files (x86)/Arm GNU Toolchain arm-none-eabi/14.3 rel1/arm-none-eabi/include/c++/14.3.1\cmath ****   cosh(_Float32 __x)
 616:C:/Program Files (x86)/Arm GNU Toolchain arm-none-eabi/14.3 rel1/arm-none-eabi/include/c++/14.3.1\cmath ****   { return __builtin_coshf(__x); }
 617:C:/Program Files (x86)/Arm GNU Toolchain arm-none-eabi/14.3 rel1/arm-none-eabi/include/c++/14.3.1\cmath **** 
 618:C:/Program Files (x86)/Arm GNU Toolchain arm-none-eabi/14.3 rel1/arm-none-eabi/include/c++/14.3.1\cmath ****   constexpr _Float32
 619:C:/Program Files (x86)/Arm GNU Toolchain arm-none-eabi/14.3 rel1/arm-none-eabi/include/c++/14.3.1\cmath ****   exp(_Float32 __x)
 620:C:/Program Files (x86)/Arm GNU Toolchain arm-none-eabi/14.3 rel1/arm-none-eabi/include/c++/14.3.1\cmath ****   { return __builtin_expf(__x); }
ARM GAS  C:\Users\Oliver\AppData\Local\Temp\ccb1Hde1.s 			page 55


 621:C:/Program Files (x86)/Arm GNU Toolchain arm-none-eabi/14.3 rel1/arm-none-eabi/include/c++/14.3.1\cmath **** 
 622:C:/Program Files (x86)/Arm GNU Toolchain arm-none-eabi/14.3 rel1/arm-none-eabi/include/c++/14.3.1\cmath ****   constexpr _Float32
 623:C:/Program Files (x86)/Arm GNU Toolchain arm-none-eabi/14.3 rel1/arm-none-eabi/include/c++/14.3.1\cmath ****   fabs(_Float32 __x)
 624:C:/Program Files (x86)/Arm GNU Toolchain arm-none-eabi/14.3 rel1/arm-none-eabi/include/c++/14.3.1\cmath ****   { return __builtin_fabsf(__x); }
 625:C:/Program Files (x86)/Arm GNU Toolchain arm-none-eabi/14.3 rel1/arm-none-eabi/include/c++/14.3.1\cmath **** 
 626:C:/Program Files (x86)/Arm GNU Toolchain arm-none-eabi/14.3 rel1/arm-none-eabi/include/c++/14.3.1\cmath ****   constexpr _Float32
 627:C:/Program Files (x86)/Arm GNU Toolchain arm-none-eabi/14.3 rel1/arm-none-eabi/include/c++/14.3.1\cmath ****   floor(_Float32 __x)
 628:C:/Program Files (x86)/Arm GNU Toolchain arm-none-eabi/14.3 rel1/arm-none-eabi/include/c++/14.3.1\cmath ****   { return __builtin_floorf(__x); }
 629:C:/Program Files (x86)/Arm GNU Toolchain arm-none-eabi/14.3 rel1/arm-none-eabi/include/c++/14.3.1\cmath **** 
 630:C:/Program Files (x86)/Arm GNU Toolchain arm-none-eabi/14.3 rel1/arm-none-eabi/include/c++/14.3.1\cmath ****   constexpr _Float32
 631:C:/Program Files (x86)/Arm GNU Toolchain arm-none-eabi/14.3 rel1/arm-none-eabi/include/c++/14.3.1\cmath ****   fmod(_Float32 __x, _Float32 __y)
 632:C:/Program Files (x86)/Arm GNU Toolchain arm-none-eabi/14.3 rel1/arm-none-eabi/include/c++/14.3.1\cmath ****   { return __builtin_fmodf(__x, __y); }
 633:C:/Program Files (x86)/Arm GNU Toolchain arm-none-eabi/14.3 rel1/arm-none-eabi/include/c++/14.3.1\cmath **** 
 634:C:/Program Files (x86)/Arm GNU Toolchain arm-none-eabi/14.3 rel1/arm-none-eabi/include/c++/14.3.1\cmath ****   inline _Float32
 635:C:/Program Files (x86)/Arm GNU Toolchain arm-none-eabi/14.3 rel1/arm-none-eabi/include/c++/14.3.1\cmath ****   frexp(_Float32 __x, int* __exp)
 636:C:/Program Files (x86)/Arm GNU Toolchain arm-none-eabi/14.3 rel1/arm-none-eabi/include/c++/14.3.1\cmath ****   { return __builtin_frexpf(__x, __exp); }
 637:C:/Program Files (x86)/Arm GNU Toolchain arm-none-eabi/14.3 rel1/arm-none-eabi/include/c++/14.3.1\cmath **** 
 638:C:/Program Files (x86)/Arm GNU Toolchain arm-none-eabi/14.3 rel1/arm-none-eabi/include/c++/14.3.1\cmath ****   constexpr _Float32
 639:C:/Program Files (x86)/Arm GNU Toolchain arm-none-eabi/14.3 rel1/arm-none-eabi/include/c++/14.3.1\cmath ****   ldexp(_Float32 __x, int __exp)
 640:C:/Program Files (x86)/Arm GNU Toolchain arm-none-eabi/14.3 rel1/arm-none-eabi/include/c++/14.3.1\cmath ****   { return __builtin_ldexpf(__x, __exp); }
 641:C:/Program Files (x86)/Arm GNU Toolchain arm-none-eabi/14.3 rel1/arm-none-eabi/include/c++/14.3.1\cmath **** 
 642:C:/Program Files (x86)/Arm GNU Toolchain arm-none-eabi/14.3 rel1/arm-none-eabi/include/c++/14.3.1\cmath ****   constexpr _Float32
 643:C:/Program Files (x86)/Arm GNU Toolchain arm-none-eabi/14.3 rel1/arm-none-eabi/include/c++/14.3.1\cmath ****   log(_Float32 __x)
 644:C:/Program Files (x86)/Arm GNU Toolchain arm-none-eabi/14.3 rel1/arm-none-eabi/include/c++/14.3.1\cmath ****   { return __builtin_logf(__x); }
 645:C:/Program Files (x86)/Arm GNU Toolchain arm-none-eabi/14.3 rel1/arm-none-eabi/include/c++/14.3.1\cmath **** 
 646:C:/Program Files (x86)/Arm GNU Toolchain arm-none-eabi/14.3 rel1/arm-none-eabi/include/c++/14.3.1\cmath ****   constexpr _Float32
 647:C:/Program Files (x86)/Arm GNU Toolchain arm-none-eabi/14.3 rel1/arm-none-eabi/include/c++/14.3.1\cmath ****   log10(_Float32 __x)
 648:C:/Program Files (x86)/Arm GNU Toolchain arm-none-eabi/14.3 rel1/arm-none-eabi/include/c++/14.3.1\cmath ****   { return __builtin_log10f(__x); }
 649:C:/Program Files (x86)/Arm GNU Toolchain arm-none-eabi/14.3 rel1/arm-none-eabi/include/c++/14.3.1\cmath **** 
 650:C:/Program Files (x86)/Arm GNU Toolchain arm-none-eabi/14.3 rel1/arm-none-eabi/include/c++/14.3.1\cmath ****   inline _Float32
 651:C:/Program Files (x86)/Arm GNU Toolchain arm-none-eabi/14.3 rel1/arm-none-eabi/include/c++/14.3.1\cmath ****   modf(_Float32 __x, _Float32* __iptr)
 652:C:/Program Files (x86)/Arm GNU Toolchain arm-none-eabi/14.3 rel1/arm-none-eabi/include/c++/14.3.1\cmath ****   {
 653:C:/Program Files (x86)/Arm GNU Toolchain arm-none-eabi/14.3 rel1/arm-none-eabi/include/c++/14.3.1\cmath ****     float __i, __ret = __builtin_modff(__x, &__i);
 654:C:/Program Files (x86)/Arm GNU Toolchain arm-none-eabi/14.3 rel1/arm-none-eabi/include/c++/14.3.1\cmath ****     *__iptr = __i;
 655:C:/Program Files (x86)/Arm GNU Toolchain arm-none-eabi/14.3 rel1/arm-none-eabi/include/c++/14.3.1\cmath ****     return __ret;
 656:C:/Program Files (x86)/Arm GNU Toolchain arm-none-eabi/14.3 rel1/arm-none-eabi/include/c++/14.3.1\cmath ****   }
 657:C:/Program Files (x86)/Arm GNU Toolchain arm-none-eabi/14.3 rel1/arm-none-eabi/include/c++/14.3.1\cmath **** 
 658:C:/Program Files (x86)/Arm GNU Toolchain arm-none-eabi/14.3 rel1/arm-none-eabi/include/c++/14.3.1\cmath ****   constexpr _Float32
 659:C:/Program Files (x86)/Arm GNU Toolchain arm-none-eabi/14.3 rel1/arm-none-eabi/include/c++/14.3.1\cmath ****   pow(_Float32 __x, _Float32 __y)
 660:C:/Program Files (x86)/Arm GNU Toolchain arm-none-eabi/14.3 rel1/arm-none-eabi/include/c++/14.3.1\cmath ****   { return __builtin_powf(__x, __y); }
 661:C:/Program Files (x86)/Arm GNU Toolchain arm-none-eabi/14.3 rel1/arm-none-eabi/include/c++/14.3.1\cmath **** 
 662:C:/Program Files (x86)/Arm GNU Toolchain arm-none-eabi/14.3 rel1/arm-none-eabi/include/c++/14.3.1\cmath ****   constexpr _Float32
 663:C:/Program Files (x86)/Arm GNU Toolchain arm-none-eabi/14.3 rel1/arm-none-eabi/include/c++/14.3.1\cmath ****   sin(_Float32 __x)
 664:C:/Program Files (x86)/Arm GNU Toolchain arm-none-eabi/14.3 rel1/arm-none-eabi/include/c++/14.3.1\cmath ****   { return __builtin_sinf(__x); }
 665:C:/Program Files (x86)/Arm GNU Toolchain arm-none-eabi/14.3 rel1/arm-none-eabi/include/c++/14.3.1\cmath **** 
 666:C:/Program Files (x86)/Arm GNU Toolchain arm-none-eabi/14.3 rel1/arm-none-eabi/include/c++/14.3.1\cmath ****   constexpr _Float32
 667:C:/Program Files (x86)/Arm GNU Toolchain arm-none-eabi/14.3 rel1/arm-none-eabi/include/c++/14.3.1\cmath ****   sinh(_Float32 __x)
 668:C:/Program Files (x86)/Arm GNU Toolchain arm-none-eabi/14.3 rel1/arm-none-eabi/include/c++/14.3.1\cmath ****   { return __builtin_sinhf(__x); }
 669:C:/Program Files (x86)/Arm GNU Toolchain arm-none-eabi/14.3 rel1/arm-none-eabi/include/c++/14.3.1\cmath **** 
 670:C:/Program Files (x86)/Arm GNU Toolchain arm-none-eabi/14.3 rel1/arm-none-eabi/include/c++/14.3.1\cmath ****   constexpr _Float32
 671:C:/Program Files (x86)/Arm GNU Toolchain arm-none-eabi/14.3 rel1/arm-none-eabi/include/c++/14.3.1\cmath ****   sqrt(_Float32 __x)
 672:C:/Program Files (x86)/Arm GNU Toolchain arm-none-eabi/14.3 rel1/arm-none-eabi/include/c++/14.3.1\cmath ****   { return __builtin_sqrtf(__x); }
 673:C:/Program Files (x86)/Arm GNU Toolchain arm-none-eabi/14.3 rel1/arm-none-eabi/include/c++/14.3.1\cmath **** 
 674:C:/Program Files (x86)/Arm GNU Toolchain arm-none-eabi/14.3 rel1/arm-none-eabi/include/c++/14.3.1\cmath ****   constexpr _Float32
 675:C:/Program Files (x86)/Arm GNU Toolchain arm-none-eabi/14.3 rel1/arm-none-eabi/include/c++/14.3.1\cmath ****   tan(_Float32 __x)
 676:C:/Program Files (x86)/Arm GNU Toolchain arm-none-eabi/14.3 rel1/arm-none-eabi/include/c++/14.3.1\cmath ****   { return __builtin_tanf(__x); }
 677:C:/Program Files (x86)/Arm GNU Toolchain arm-none-eabi/14.3 rel1/arm-none-eabi/include/c++/14.3.1\cmath **** 
ARM GAS  C:\Users\Oliver\AppData\Local\Temp\ccb1Hde1.s 			page 56


 678:C:/Program Files (x86)/Arm GNU Toolchain arm-none-eabi/14.3 rel1/arm-none-eabi/include/c++/14.3.1\cmath ****   constexpr _Float32
 679:C:/Program Files (x86)/Arm GNU Toolchain arm-none-eabi/14.3 rel1/arm-none-eabi/include/c++/14.3.1\cmath ****   tanh(_Float32 __x)
 680:C:/Program Files (x86)/Arm GNU Toolchain arm-none-eabi/14.3 rel1/arm-none-eabi/include/c++/14.3.1\cmath ****   { return __builtin_tanhf(__x); }
 681:C:/Program Files (x86)/Arm GNU Toolchain arm-none-eabi/14.3 rel1/arm-none-eabi/include/c++/14.3.1\cmath **** #endif
 682:C:/Program Files (x86)/Arm GNU Toolchain arm-none-eabi/14.3 rel1/arm-none-eabi/include/c++/14.3.1\cmath **** 
 683:C:/Program Files (x86)/Arm GNU Toolchain arm-none-eabi/14.3 rel1/arm-none-eabi/include/c++/14.3.1\cmath **** #if defined(__STDCPP_FLOAT64_T__) && defined(_GLIBCXX_DOUBLE_IS_IEEE_BINARY64)
 684:C:/Program Files (x86)/Arm GNU Toolchain arm-none-eabi/14.3 rel1/arm-none-eabi/include/c++/14.3.1\cmath ****   constexpr _Float64
 685:C:/Program Files (x86)/Arm GNU Toolchain arm-none-eabi/14.3 rel1/arm-none-eabi/include/c++/14.3.1\cmath ****   acos(_Float64 __x)
 686:C:/Program Files (x86)/Arm GNU Toolchain arm-none-eabi/14.3 rel1/arm-none-eabi/include/c++/14.3.1\cmath ****   { return __builtin_acos(__x); }
 687:C:/Program Files (x86)/Arm GNU Toolchain arm-none-eabi/14.3 rel1/arm-none-eabi/include/c++/14.3.1\cmath **** 
 688:C:/Program Files (x86)/Arm GNU Toolchain arm-none-eabi/14.3 rel1/arm-none-eabi/include/c++/14.3.1\cmath ****   constexpr _Float64
 689:C:/Program Files (x86)/Arm GNU Toolchain arm-none-eabi/14.3 rel1/arm-none-eabi/include/c++/14.3.1\cmath ****   asin(_Float64 __x)
 690:C:/Program Files (x86)/Arm GNU Toolchain arm-none-eabi/14.3 rel1/arm-none-eabi/include/c++/14.3.1\cmath ****   { return __builtin_asin(__x); }
 691:C:/Program Files (x86)/Arm GNU Toolchain arm-none-eabi/14.3 rel1/arm-none-eabi/include/c++/14.3.1\cmath **** 
 692:C:/Program Files (x86)/Arm GNU Toolchain arm-none-eabi/14.3 rel1/arm-none-eabi/include/c++/14.3.1\cmath ****   constexpr _Float64
 693:C:/Program Files (x86)/Arm GNU Toolchain arm-none-eabi/14.3 rel1/arm-none-eabi/include/c++/14.3.1\cmath ****   atan(_Float64 __x)
 694:C:/Program Files (x86)/Arm GNU Toolchain arm-none-eabi/14.3 rel1/arm-none-eabi/include/c++/14.3.1\cmath ****   { return __builtin_atan(__x); }
 695:C:/Program Files (x86)/Arm GNU Toolchain arm-none-eabi/14.3 rel1/arm-none-eabi/include/c++/14.3.1\cmath **** 
 696:C:/Program Files (x86)/Arm GNU Toolchain arm-none-eabi/14.3 rel1/arm-none-eabi/include/c++/14.3.1\cmath ****   constexpr _Float64
 697:C:/Program Files (x86)/Arm GNU Toolchain arm-none-eabi/14.3 rel1/arm-none-eabi/include/c++/14.3.1\cmath ****   atan2(_Float64 __y, _Float64 __x)
 698:C:/Program Files (x86)/Arm GNU Toolchain arm-none-eabi/14.3 rel1/arm-none-eabi/include/c++/14.3.1\cmath ****   { return __builtin_atan2(__y, __x); }
 699:C:/Program Files (x86)/Arm GNU Toolchain arm-none-eabi/14.3 rel1/arm-none-eabi/include/c++/14.3.1\cmath **** 
 700:C:/Program Files (x86)/Arm GNU Toolchain arm-none-eabi/14.3 rel1/arm-none-eabi/include/c++/14.3.1\cmath ****   constexpr _Float64
 701:C:/Program Files (x86)/Arm GNU Toolchain arm-none-eabi/14.3 rel1/arm-none-eabi/include/c++/14.3.1\cmath ****   ceil(_Float64 __x)
 702:C:/Program Files (x86)/Arm GNU Toolchain arm-none-eabi/14.3 rel1/arm-none-eabi/include/c++/14.3.1\cmath ****   { return __builtin_ceil(__x); }
 703:C:/Program Files (x86)/Arm GNU Toolchain arm-none-eabi/14.3 rel1/arm-none-eabi/include/c++/14.3.1\cmath **** 
 704:C:/Program Files (x86)/Arm GNU Toolchain arm-none-eabi/14.3 rel1/arm-none-eabi/include/c++/14.3.1\cmath ****   constexpr _Float64
 705:C:/Program Files (x86)/Arm GNU Toolchain arm-none-eabi/14.3 rel1/arm-none-eabi/include/c++/14.3.1\cmath ****   cos(_Float64 __x)
 706:C:/Program Files (x86)/Arm GNU Toolchain arm-none-eabi/14.3 rel1/arm-none-eabi/include/c++/14.3.1\cmath ****   { return __builtin_cos(__x); }
 707:C:/Program Files (x86)/Arm GNU Toolchain arm-none-eabi/14.3 rel1/arm-none-eabi/include/c++/14.3.1\cmath **** 
 708:C:/Program Files (x86)/Arm GNU Toolchain arm-none-eabi/14.3 rel1/arm-none-eabi/include/c++/14.3.1\cmath ****   constexpr _Float64
 709:C:/Program Files (x86)/Arm GNU Toolchain arm-none-eabi/14.3 rel1/arm-none-eabi/include/c++/14.3.1\cmath ****   cosh(_Float64 __x)
 710:C:/Program Files (x86)/Arm GNU Toolchain arm-none-eabi/14.3 rel1/arm-none-eabi/include/c++/14.3.1\cmath ****   { return __builtin_cosh(__x); }
 711:C:/Program Files (x86)/Arm GNU Toolchain arm-none-eabi/14.3 rel1/arm-none-eabi/include/c++/14.3.1\cmath **** 
 712:C:/Program Files (x86)/Arm GNU Toolchain arm-none-eabi/14.3 rel1/arm-none-eabi/include/c++/14.3.1\cmath ****   constexpr _Float64
 713:C:/Program Files (x86)/Arm GNU Toolchain arm-none-eabi/14.3 rel1/arm-none-eabi/include/c++/14.3.1\cmath ****   exp(_Float64 __x)
 714:C:/Program Files (x86)/Arm GNU Toolchain arm-none-eabi/14.3 rel1/arm-none-eabi/include/c++/14.3.1\cmath ****   { return __builtin_exp(__x); }
 715:C:/Program Files (x86)/Arm GNU Toolchain arm-none-eabi/14.3 rel1/arm-none-eabi/include/c++/14.3.1\cmath **** 
 716:C:/Program Files (x86)/Arm GNU Toolchain arm-none-eabi/14.3 rel1/arm-none-eabi/include/c++/14.3.1\cmath ****   constexpr _Float64
 717:C:/Program Files (x86)/Arm GNU Toolchain arm-none-eabi/14.3 rel1/arm-none-eabi/include/c++/14.3.1\cmath ****   fabs(_Float64 __x)
 718:C:/Program Files (x86)/Arm GNU Toolchain arm-none-eabi/14.3 rel1/arm-none-eabi/include/c++/14.3.1\cmath ****   { return __builtin_fabs(__x); }
 719:C:/Program Files (x86)/Arm GNU Toolchain arm-none-eabi/14.3 rel1/arm-none-eabi/include/c++/14.3.1\cmath **** 
 720:C:/Program Files (x86)/Arm GNU Toolchain arm-none-eabi/14.3 rel1/arm-none-eabi/include/c++/14.3.1\cmath ****   constexpr _Float64
 721:C:/Program Files (x86)/Arm GNU Toolchain arm-none-eabi/14.3 rel1/arm-none-eabi/include/c++/14.3.1\cmath ****   floor(_Float64 __x)
 722:C:/Program Files (x86)/Arm GNU Toolchain arm-none-eabi/14.3 rel1/arm-none-eabi/include/c++/14.3.1\cmath ****   { return __builtin_floor(__x); }
 723:C:/Program Files (x86)/Arm GNU Toolchain arm-none-eabi/14.3 rel1/arm-none-eabi/include/c++/14.3.1\cmath **** 
 724:C:/Program Files (x86)/Arm GNU Toolchain arm-none-eabi/14.3 rel1/arm-none-eabi/include/c++/14.3.1\cmath ****   constexpr _Float64
 725:C:/Program Files (x86)/Arm GNU Toolchain arm-none-eabi/14.3 rel1/arm-none-eabi/include/c++/14.3.1\cmath ****   fmod(_Float64 __x, _Float64 __y)
 726:C:/Program Files (x86)/Arm GNU Toolchain arm-none-eabi/14.3 rel1/arm-none-eabi/include/c++/14.3.1\cmath ****   { return __builtin_fmod(__x, __y); }
 727:C:/Program Files (x86)/Arm GNU Toolchain arm-none-eabi/14.3 rel1/arm-none-eabi/include/c++/14.3.1\cmath **** 
 728:C:/Program Files (x86)/Arm GNU Toolchain arm-none-eabi/14.3 rel1/arm-none-eabi/include/c++/14.3.1\cmath ****   inline _Float64
 729:C:/Program Files (x86)/Arm GNU Toolchain arm-none-eabi/14.3 rel1/arm-none-eabi/include/c++/14.3.1\cmath ****   frexp(_Float64 __x, int* __exp)
 730:C:/Program Files (x86)/Arm GNU Toolchain arm-none-eabi/14.3 rel1/arm-none-eabi/include/c++/14.3.1\cmath ****   { return __builtin_frexp(__x, __exp); }
 731:C:/Program Files (x86)/Arm GNU Toolchain arm-none-eabi/14.3 rel1/arm-none-eabi/include/c++/14.3.1\cmath **** 
 732:C:/Program Files (x86)/Arm GNU Toolchain arm-none-eabi/14.3 rel1/arm-none-eabi/include/c++/14.3.1\cmath ****   constexpr _Float64
 733:C:/Program Files (x86)/Arm GNU Toolchain arm-none-eabi/14.3 rel1/arm-none-eabi/include/c++/14.3.1\cmath ****   ldexp(_Float64 __x, int __exp)
 734:C:/Program Files (x86)/Arm GNU Toolchain arm-none-eabi/14.3 rel1/arm-none-eabi/include/c++/14.3.1\cmath ****   { return __builtin_ldexp(__x, __exp); }
ARM GAS  C:\Users\Oliver\AppData\Local\Temp\ccb1Hde1.s 			page 57


 735:C:/Program Files (x86)/Arm GNU Toolchain arm-none-eabi/14.3 rel1/arm-none-eabi/include/c++/14.3.1\cmath **** 
 736:C:/Program Files (x86)/Arm GNU Toolchain arm-none-eabi/14.3 rel1/arm-none-eabi/include/c++/14.3.1\cmath ****   constexpr _Float64
 737:C:/Program Files (x86)/Arm GNU Toolchain arm-none-eabi/14.3 rel1/arm-none-eabi/include/c++/14.3.1\cmath ****   log(_Float64 __x)
 738:C:/Program Files (x86)/Arm GNU Toolchain arm-none-eabi/14.3 rel1/arm-none-eabi/include/c++/14.3.1\cmath ****   { return __builtin_log(__x); }
 739:C:/Program Files (x86)/Arm GNU Toolchain arm-none-eabi/14.3 rel1/arm-none-eabi/include/c++/14.3.1\cmath **** 
 740:C:/Program Files (x86)/Arm GNU Toolchain arm-none-eabi/14.3 rel1/arm-none-eabi/include/c++/14.3.1\cmath ****   constexpr _Float64
 741:C:/Program Files (x86)/Arm GNU Toolchain arm-none-eabi/14.3 rel1/arm-none-eabi/include/c++/14.3.1\cmath ****   log10(_Float64 __x)
 742:C:/Program Files (x86)/Arm GNU Toolchain arm-none-eabi/14.3 rel1/arm-none-eabi/include/c++/14.3.1\cmath ****   { return __builtin_log10(__x); }
 743:C:/Program Files (x86)/Arm GNU Toolchain arm-none-eabi/14.3 rel1/arm-none-eabi/include/c++/14.3.1\cmath **** 
 744:C:/Program Files (x86)/Arm GNU Toolchain arm-none-eabi/14.3 rel1/arm-none-eabi/include/c++/14.3.1\cmath ****   inline _Float64
 745:C:/Program Files (x86)/Arm GNU Toolchain arm-none-eabi/14.3 rel1/arm-none-eabi/include/c++/14.3.1\cmath ****   modf(_Float64 __x, _Float64* __iptr)
 746:C:/Program Files (x86)/Arm GNU Toolchain arm-none-eabi/14.3 rel1/arm-none-eabi/include/c++/14.3.1\cmath ****   {
 747:C:/Program Files (x86)/Arm GNU Toolchain arm-none-eabi/14.3 rel1/arm-none-eabi/include/c++/14.3.1\cmath ****     double __i, __ret = __builtin_modf(__x, &__i);
 748:C:/Program Files (x86)/Arm GNU Toolchain arm-none-eabi/14.3 rel1/arm-none-eabi/include/c++/14.3.1\cmath ****     *__iptr = __i;
 749:C:/Program Files (x86)/Arm GNU Toolchain arm-none-eabi/14.3 rel1/arm-none-eabi/include/c++/14.3.1\cmath ****     return __ret;
 750:C:/Program Files (x86)/Arm GNU Toolchain arm-none-eabi/14.3 rel1/arm-none-eabi/include/c++/14.3.1\cmath ****   }
 751:C:/Program Files (x86)/Arm GNU Toolchain arm-none-eabi/14.3 rel1/arm-none-eabi/include/c++/14.3.1\cmath **** 
 752:C:/Program Files (x86)/Arm GNU Toolchain arm-none-eabi/14.3 rel1/arm-none-eabi/include/c++/14.3.1\cmath ****   constexpr _Float64
 753:C:/Program Files (x86)/Arm GNU Toolchain arm-none-eabi/14.3 rel1/arm-none-eabi/include/c++/14.3.1\cmath ****   pow(_Float64 __x, _Float64 __y)
 754:C:/Program Files (x86)/Arm GNU Toolchain arm-none-eabi/14.3 rel1/arm-none-eabi/include/c++/14.3.1\cmath ****   { return __builtin_pow(__x, __y); }
 755:C:/Program Files (x86)/Arm GNU Toolchain arm-none-eabi/14.3 rel1/arm-none-eabi/include/c++/14.3.1\cmath **** 
 756:C:/Program Files (x86)/Arm GNU Toolchain arm-none-eabi/14.3 rel1/arm-none-eabi/include/c++/14.3.1\cmath ****   constexpr _Float64
 757:C:/Program Files (x86)/Arm GNU Toolchain arm-none-eabi/14.3 rel1/arm-none-eabi/include/c++/14.3.1\cmath ****   sin(_Float64 __x)
 758:C:/Program Files (x86)/Arm GNU Toolchain arm-none-eabi/14.3 rel1/arm-none-eabi/include/c++/14.3.1\cmath ****   { return __builtin_sin(__x); }
 759:C:/Program Files (x86)/Arm GNU Toolchain arm-none-eabi/14.3 rel1/arm-none-eabi/include/c++/14.3.1\cmath **** 
 760:C:/Program Files (x86)/Arm GNU Toolchain arm-none-eabi/14.3 rel1/arm-none-eabi/include/c++/14.3.1\cmath ****   constexpr _Float64
 761:C:/Program Files (x86)/Arm GNU Toolchain arm-none-eabi/14.3 rel1/arm-none-eabi/include/c++/14.3.1\cmath ****   sinh(_Float64 __x)
 762:C:/Program Files (x86)/Arm GNU Toolchain arm-none-eabi/14.3 rel1/arm-none-eabi/include/c++/14.3.1\cmath ****   { return __builtin_sinh(__x); }
 763:C:/Program Files (x86)/Arm GNU Toolchain arm-none-eabi/14.3 rel1/arm-none-eabi/include/c++/14.3.1\cmath **** 
 764:C:/Program Files (x86)/Arm GNU Toolchain arm-none-eabi/14.3 rel1/arm-none-eabi/include/c++/14.3.1\cmath ****   constexpr _Float64
 765:C:/Program Files (x86)/Arm GNU Toolchain arm-none-eabi/14.3 rel1/arm-none-eabi/include/c++/14.3.1\cmath ****   sqrt(_Float64 __x)
 766:C:/Program Files (x86)/Arm GNU Toolchain arm-none-eabi/14.3 rel1/arm-none-eabi/include/c++/14.3.1\cmath ****   { return __builtin_sqrt(__x); }
 767:C:/Program Files (x86)/Arm GNU Toolchain arm-none-eabi/14.3 rel1/arm-none-eabi/include/c++/14.3.1\cmath **** 
 768:C:/Program Files (x86)/Arm GNU Toolchain arm-none-eabi/14.3 rel1/arm-none-eabi/include/c++/14.3.1\cmath ****   constexpr _Float64
 769:C:/Program Files (x86)/Arm GNU Toolchain arm-none-eabi/14.3 rel1/arm-none-eabi/include/c++/14.3.1\cmath ****   tan(_Float64 __x)
 770:C:/Program Files (x86)/Arm GNU Toolchain arm-none-eabi/14.3 rel1/arm-none-eabi/include/c++/14.3.1\cmath ****   { return __builtin_tan(__x); }
 771:C:/Program Files (x86)/Arm GNU Toolchain arm-none-eabi/14.3 rel1/arm-none-eabi/include/c++/14.3.1\cmath **** 
 772:C:/Program Files (x86)/Arm GNU Toolchain arm-none-eabi/14.3 rel1/arm-none-eabi/include/c++/14.3.1\cmath ****   constexpr _Float64
 773:C:/Program Files (x86)/Arm GNU Toolchain arm-none-eabi/14.3 rel1/arm-none-eabi/include/c++/14.3.1\cmath ****   tanh(_Float64 __x)
 774:C:/Program Files (x86)/Arm GNU Toolchain arm-none-eabi/14.3 rel1/arm-none-eabi/include/c++/14.3.1\cmath ****   { return __builtin_tanh(__x); }
 775:C:/Program Files (x86)/Arm GNU Toolchain arm-none-eabi/14.3 rel1/arm-none-eabi/include/c++/14.3.1\cmath **** #endif
 776:C:/Program Files (x86)/Arm GNU Toolchain arm-none-eabi/14.3 rel1/arm-none-eabi/include/c++/14.3.1\cmath **** 
 777:C:/Program Files (x86)/Arm GNU Toolchain arm-none-eabi/14.3 rel1/arm-none-eabi/include/c++/14.3.1\cmath **** #if defined(__STDCPP_FLOAT128_T__) && defined(_GLIBCXX_LDOUBLE_IS_IEEE_BINARY128)
 778:C:/Program Files (x86)/Arm GNU Toolchain arm-none-eabi/14.3 rel1/arm-none-eabi/include/c++/14.3.1\cmath ****   constexpr _Float128
 779:C:/Program Files (x86)/Arm GNU Toolchain arm-none-eabi/14.3 rel1/arm-none-eabi/include/c++/14.3.1\cmath ****   acos(_Float128 __x)
 780:C:/Program Files (x86)/Arm GNU Toolchain arm-none-eabi/14.3 rel1/arm-none-eabi/include/c++/14.3.1\cmath ****   { return __builtin_acosl(__x); }
 781:C:/Program Files (x86)/Arm GNU Toolchain arm-none-eabi/14.3 rel1/arm-none-eabi/include/c++/14.3.1\cmath **** 
 782:C:/Program Files (x86)/Arm GNU Toolchain arm-none-eabi/14.3 rel1/arm-none-eabi/include/c++/14.3.1\cmath ****   constexpr _Float128
 783:C:/Program Files (x86)/Arm GNU Toolchain arm-none-eabi/14.3 rel1/arm-none-eabi/include/c++/14.3.1\cmath ****   asin(_Float128 __x)
 784:C:/Program Files (x86)/Arm GNU Toolchain arm-none-eabi/14.3 rel1/arm-none-eabi/include/c++/14.3.1\cmath ****   { return __builtin_asinl(__x); }
 785:C:/Program Files (x86)/Arm GNU Toolchain arm-none-eabi/14.3 rel1/arm-none-eabi/include/c++/14.3.1\cmath **** 
 786:C:/Program Files (x86)/Arm GNU Toolchain arm-none-eabi/14.3 rel1/arm-none-eabi/include/c++/14.3.1\cmath ****   constexpr _Float128
 787:C:/Program Files (x86)/Arm GNU Toolchain arm-none-eabi/14.3 rel1/arm-none-eabi/include/c++/14.3.1\cmath ****   atan(_Float128 __x)
 788:C:/Program Files (x86)/Arm GNU Toolchain arm-none-eabi/14.3 rel1/arm-none-eabi/include/c++/14.3.1\cmath ****   { return __builtin_atanl(__x); }
 789:C:/Program Files (x86)/Arm GNU Toolchain arm-none-eabi/14.3 rel1/arm-none-eabi/include/c++/14.3.1\cmath **** 
 790:C:/Program Files (x86)/Arm GNU Toolchain arm-none-eabi/14.3 rel1/arm-none-eabi/include/c++/14.3.1\cmath ****   constexpr _Float128
 791:C:/Program Files (x86)/Arm GNU Toolchain arm-none-eabi/14.3 rel1/arm-none-eabi/include/c++/14.3.1\cmath ****   atan2(_Float128 __y, _Float128 __x)
ARM GAS  C:\Users\Oliver\AppData\Local\Temp\ccb1Hde1.s 			page 58


 792:C:/Program Files (x86)/Arm GNU Toolchain arm-none-eabi/14.3 rel1/arm-none-eabi/include/c++/14.3.1\cmath ****   { return __builtin_atan2l(__y, __x); }
 793:C:/Program Files (x86)/Arm GNU Toolchain arm-none-eabi/14.3 rel1/arm-none-eabi/include/c++/14.3.1\cmath **** 
 794:C:/Program Files (x86)/Arm GNU Toolchain arm-none-eabi/14.3 rel1/arm-none-eabi/include/c++/14.3.1\cmath ****   constexpr _Float128
 795:C:/Program Files (x86)/Arm GNU Toolchain arm-none-eabi/14.3 rel1/arm-none-eabi/include/c++/14.3.1\cmath ****   ceil(_Float128 __x)
 796:C:/Program Files (x86)/Arm GNU Toolchain arm-none-eabi/14.3 rel1/arm-none-eabi/include/c++/14.3.1\cmath ****   { return __builtin_ceill(__x); }
 797:C:/Program Files (x86)/Arm GNU Toolchain arm-none-eabi/14.3 rel1/arm-none-eabi/include/c++/14.3.1\cmath **** 
 798:C:/Program Files (x86)/Arm GNU Toolchain arm-none-eabi/14.3 rel1/arm-none-eabi/include/c++/14.3.1\cmath ****   constexpr _Float128
 799:C:/Program Files (x86)/Arm GNU Toolchain arm-none-eabi/14.3 rel1/arm-none-eabi/include/c++/14.3.1\cmath ****   cos(_Float128 __x)
 800:C:/Program Files (x86)/Arm GNU Toolchain arm-none-eabi/14.3 rel1/arm-none-eabi/include/c++/14.3.1\cmath ****   { return __builtin_cosl(__x); }
 801:C:/Program Files (x86)/Arm GNU Toolchain arm-none-eabi/14.3 rel1/arm-none-eabi/include/c++/14.3.1\cmath **** 
 802:C:/Program Files (x86)/Arm GNU Toolchain arm-none-eabi/14.3 rel1/arm-none-eabi/include/c++/14.3.1\cmath ****   constexpr _Float128
 803:C:/Program Files (x86)/Arm GNU Toolchain arm-none-eabi/14.3 rel1/arm-none-eabi/include/c++/14.3.1\cmath ****   cosh(_Float128 __x)
 804:C:/Program Files (x86)/Arm GNU Toolchain arm-none-eabi/14.3 rel1/arm-none-eabi/include/c++/14.3.1\cmath ****   { return __builtin_coshl(__x); }
 805:C:/Program Files (x86)/Arm GNU Toolchain arm-none-eabi/14.3 rel1/arm-none-eabi/include/c++/14.3.1\cmath **** 
 806:C:/Program Files (x86)/Arm GNU Toolchain arm-none-eabi/14.3 rel1/arm-none-eabi/include/c++/14.3.1\cmath ****   constexpr _Float128
 807:C:/Program Files (x86)/Arm GNU Toolchain arm-none-eabi/14.3 rel1/arm-none-eabi/include/c++/14.3.1\cmath ****   exp(_Float128 __x)
 808:C:/Program Files (x86)/Arm GNU Toolchain arm-none-eabi/14.3 rel1/arm-none-eabi/include/c++/14.3.1\cmath ****   { return __builtin_expl(__x); }
 809:C:/Program Files (x86)/Arm GNU Toolchain arm-none-eabi/14.3 rel1/arm-none-eabi/include/c++/14.3.1\cmath **** 
 810:C:/Program Files (x86)/Arm GNU Toolchain arm-none-eabi/14.3 rel1/arm-none-eabi/include/c++/14.3.1\cmath ****   constexpr _Float128
 811:C:/Program Files (x86)/Arm GNU Toolchain arm-none-eabi/14.3 rel1/arm-none-eabi/include/c++/14.3.1\cmath ****   fabs(_Float128 __x)
 812:C:/Program Files (x86)/Arm GNU Toolchain arm-none-eabi/14.3 rel1/arm-none-eabi/include/c++/14.3.1\cmath ****   { return __builtin_fabsl(__x); }
 813:C:/Program Files (x86)/Arm GNU Toolchain arm-none-eabi/14.3 rel1/arm-none-eabi/include/c++/14.3.1\cmath **** 
 814:C:/Program Files (x86)/Arm GNU Toolchain arm-none-eabi/14.3 rel1/arm-none-eabi/include/c++/14.3.1\cmath ****   constexpr _Float128
 815:C:/Program Files (x86)/Arm GNU Toolchain arm-none-eabi/14.3 rel1/arm-none-eabi/include/c++/14.3.1\cmath ****   floor(_Float128 __x)
 816:C:/Program Files (x86)/Arm GNU Toolchain arm-none-eabi/14.3 rel1/arm-none-eabi/include/c++/14.3.1\cmath ****   { return __builtin_floorl(__x); }
 817:C:/Program Files (x86)/Arm GNU Toolchain arm-none-eabi/14.3 rel1/arm-none-eabi/include/c++/14.3.1\cmath **** 
 818:C:/Program Files (x86)/Arm GNU Toolchain arm-none-eabi/14.3 rel1/arm-none-eabi/include/c++/14.3.1\cmath ****   constexpr _Float128
 819:C:/Program Files (x86)/Arm GNU Toolchain arm-none-eabi/14.3 rel1/arm-none-eabi/include/c++/14.3.1\cmath ****   fmod(_Float128 __x, _Float128 __y)
 820:C:/Program Files (x86)/Arm GNU Toolchain arm-none-eabi/14.3 rel1/arm-none-eabi/include/c++/14.3.1\cmath ****   { return __builtin_fmodl(__x, __y); }
 821:C:/Program Files (x86)/Arm GNU Toolchain arm-none-eabi/14.3 rel1/arm-none-eabi/include/c++/14.3.1\cmath **** 
 822:C:/Program Files (x86)/Arm GNU Toolchain arm-none-eabi/14.3 rel1/arm-none-eabi/include/c++/14.3.1\cmath ****   inline _Float128
 823:C:/Program Files (x86)/Arm GNU Toolchain arm-none-eabi/14.3 rel1/arm-none-eabi/include/c++/14.3.1\cmath ****   frexp(_Float128 __x, int* __exp)
 824:C:/Program Files (x86)/Arm GNU Toolchain arm-none-eabi/14.3 rel1/arm-none-eabi/include/c++/14.3.1\cmath ****   { return __builtin_frexpl(__x, __exp); }
 825:C:/Program Files (x86)/Arm GNU Toolchain arm-none-eabi/14.3 rel1/arm-none-eabi/include/c++/14.3.1\cmath **** 
 826:C:/Program Files (x86)/Arm GNU Toolchain arm-none-eabi/14.3 rel1/arm-none-eabi/include/c++/14.3.1\cmath ****   constexpr _Float128
 827:C:/Program Files (x86)/Arm GNU Toolchain arm-none-eabi/14.3 rel1/arm-none-eabi/include/c++/14.3.1\cmath ****   ldexp(_Float128 __x, int __exp)
 828:C:/Program Files (x86)/Arm GNU Toolchain arm-none-eabi/14.3 rel1/arm-none-eabi/include/c++/14.3.1\cmath ****   { return __builtin_ldexpl(__x, __exp); }
 829:C:/Program Files (x86)/Arm GNU Toolchain arm-none-eabi/14.3 rel1/arm-none-eabi/include/c++/14.3.1\cmath **** 
 830:C:/Program Files (x86)/Arm GNU Toolchain arm-none-eabi/14.3 rel1/arm-none-eabi/include/c++/14.3.1\cmath ****   constexpr _Float128
 831:C:/Program Files (x86)/Arm GNU Toolchain arm-none-eabi/14.3 rel1/arm-none-eabi/include/c++/14.3.1\cmath ****   log(_Float128 __x)
 832:C:/Program Files (x86)/Arm GNU Toolchain arm-none-eabi/14.3 rel1/arm-none-eabi/include/c++/14.3.1\cmath ****   { return __builtin_logl(__x); }
 833:C:/Program Files (x86)/Arm GNU Toolchain arm-none-eabi/14.3 rel1/arm-none-eabi/include/c++/14.3.1\cmath **** 
 834:C:/Program Files (x86)/Arm GNU Toolchain arm-none-eabi/14.3 rel1/arm-none-eabi/include/c++/14.3.1\cmath ****   constexpr _Float128
 835:C:/Program Files (x86)/Arm GNU Toolchain arm-none-eabi/14.3 rel1/arm-none-eabi/include/c++/14.3.1\cmath ****   log10(_Float128 __x)
 836:C:/Program Files (x86)/Arm GNU Toolchain arm-none-eabi/14.3 rel1/arm-none-eabi/include/c++/14.3.1\cmath ****   { return __builtin_log10l(__x); }
 837:C:/Program Files (x86)/Arm GNU Toolchain arm-none-eabi/14.3 rel1/arm-none-eabi/include/c++/14.3.1\cmath **** 
 838:C:/Program Files (x86)/Arm GNU Toolchain arm-none-eabi/14.3 rel1/arm-none-eabi/include/c++/14.3.1\cmath ****   inline _Float128
 839:C:/Program Files (x86)/Arm GNU Toolchain arm-none-eabi/14.3 rel1/arm-none-eabi/include/c++/14.3.1\cmath ****   modf(_Float128 __x, _Float128* __iptr)
 840:C:/Program Files (x86)/Arm GNU Toolchain arm-none-eabi/14.3 rel1/arm-none-eabi/include/c++/14.3.1\cmath ****   {
 841:C:/Program Files (x86)/Arm GNU Toolchain arm-none-eabi/14.3 rel1/arm-none-eabi/include/c++/14.3.1\cmath ****     long double __i, __ret = __builtin_modfl(__x, &__i);
 842:C:/Program Files (x86)/Arm GNU Toolchain arm-none-eabi/14.3 rel1/arm-none-eabi/include/c++/14.3.1\cmath ****     *__iptr = __i;
 843:C:/Program Files (x86)/Arm GNU Toolchain arm-none-eabi/14.3 rel1/arm-none-eabi/include/c++/14.3.1\cmath ****     return __ret;
 844:C:/Program Files (x86)/Arm GNU Toolchain arm-none-eabi/14.3 rel1/arm-none-eabi/include/c++/14.3.1\cmath ****   }
 845:C:/Program Files (x86)/Arm GNU Toolchain arm-none-eabi/14.3 rel1/arm-none-eabi/include/c++/14.3.1\cmath **** 
 846:C:/Program Files (x86)/Arm GNU Toolchain arm-none-eabi/14.3 rel1/arm-none-eabi/include/c++/14.3.1\cmath ****   constexpr _Float128
 847:C:/Program Files (x86)/Arm GNU Toolchain arm-none-eabi/14.3 rel1/arm-none-eabi/include/c++/14.3.1\cmath ****   pow(_Float128 __x, _Float128 __y)
 848:C:/Program Files (x86)/Arm GNU Toolchain arm-none-eabi/14.3 rel1/arm-none-eabi/include/c++/14.3.1\cmath ****   { return __builtin_powl(__x, __y); }
ARM GAS  C:\Users\Oliver\AppData\Local\Temp\ccb1Hde1.s 			page 59


 849:C:/Program Files (x86)/Arm GNU Toolchain arm-none-eabi/14.3 rel1/arm-none-eabi/include/c++/14.3.1\cmath **** 
 850:C:/Program Files (x86)/Arm GNU Toolchain arm-none-eabi/14.3 rel1/arm-none-eabi/include/c++/14.3.1\cmath ****   constexpr _Float128
 851:C:/Program Files (x86)/Arm GNU Toolchain arm-none-eabi/14.3 rel1/arm-none-eabi/include/c++/14.3.1\cmath ****   sin(_Float128 __x)
 852:C:/Program Files (x86)/Arm GNU Toolchain arm-none-eabi/14.3 rel1/arm-none-eabi/include/c++/14.3.1\cmath ****   { return __builtin_sinl(__x); }
 853:C:/Program Files (x86)/Arm GNU Toolchain arm-none-eabi/14.3 rel1/arm-none-eabi/include/c++/14.3.1\cmath **** 
 854:C:/Program Files (x86)/Arm GNU Toolchain arm-none-eabi/14.3 rel1/arm-none-eabi/include/c++/14.3.1\cmath ****   constexpr _Float128
 855:C:/Program Files (x86)/Arm GNU Toolchain arm-none-eabi/14.3 rel1/arm-none-eabi/include/c++/14.3.1\cmath ****   sinh(_Float128 __x)
 856:C:/Program Files (x86)/Arm GNU Toolchain arm-none-eabi/14.3 rel1/arm-none-eabi/include/c++/14.3.1\cmath ****   { return __builtin_sinhl(__x); }
 857:C:/Program Files (x86)/Arm GNU Toolchain arm-none-eabi/14.3 rel1/arm-none-eabi/include/c++/14.3.1\cmath **** 
 858:C:/Program Files (x86)/Arm GNU Toolchain arm-none-eabi/14.3 rel1/arm-none-eabi/include/c++/14.3.1\cmath ****   constexpr _Float128
 859:C:/Program Files (x86)/Arm GNU Toolchain arm-none-eabi/14.3 rel1/arm-none-eabi/include/c++/14.3.1\cmath ****   sqrt(_Float128 __x)
 860:C:/Program Files (x86)/Arm GNU Toolchain arm-none-eabi/14.3 rel1/arm-none-eabi/include/c++/14.3.1\cmath ****   { return __builtin_sqrtl(__x); }
 861:C:/Program Files (x86)/Arm GNU Toolchain arm-none-eabi/14.3 rel1/arm-none-eabi/include/c++/14.3.1\cmath **** 
 862:C:/Program Files (x86)/Arm GNU Toolchain arm-none-eabi/14.3 rel1/arm-none-eabi/include/c++/14.3.1\cmath ****   constexpr _Float128
 863:C:/Program Files (x86)/Arm GNU Toolchain arm-none-eabi/14.3 rel1/arm-none-eabi/include/c++/14.3.1\cmath ****   tan(_Float128 __x)
 864:C:/Program Files (x86)/Arm GNU Toolchain arm-none-eabi/14.3 rel1/arm-none-eabi/include/c++/14.3.1\cmath ****   { return __builtin_tanl(__x); }
 865:C:/Program Files (x86)/Arm GNU Toolchain arm-none-eabi/14.3 rel1/arm-none-eabi/include/c++/14.3.1\cmath **** 
 866:C:/Program Files (x86)/Arm GNU Toolchain arm-none-eabi/14.3 rel1/arm-none-eabi/include/c++/14.3.1\cmath ****   constexpr _Float128
 867:C:/Program Files (x86)/Arm GNU Toolchain arm-none-eabi/14.3 rel1/arm-none-eabi/include/c++/14.3.1\cmath ****   tanh(_Float128 __x)
 868:C:/Program Files (x86)/Arm GNU Toolchain arm-none-eabi/14.3 rel1/arm-none-eabi/include/c++/14.3.1\cmath ****   { return __builtin_tanhl(__x); }
 869:C:/Program Files (x86)/Arm GNU Toolchain arm-none-eabi/14.3 rel1/arm-none-eabi/include/c++/14.3.1\cmath **** #elif defined(__STDCPP_FLOAT128_T__) && defined(_GLIBCXX_HAVE_FLOAT128_MATH)
 870:C:/Program Files (x86)/Arm GNU Toolchain arm-none-eabi/14.3 rel1/arm-none-eabi/include/c++/14.3.1\cmath ****   constexpr _Float128
 871:C:/Program Files (x86)/Arm GNU Toolchain arm-none-eabi/14.3 rel1/arm-none-eabi/include/c++/14.3.1\cmath ****   acos(_Float128 __x)
 872:C:/Program Files (x86)/Arm GNU Toolchain arm-none-eabi/14.3 rel1/arm-none-eabi/include/c++/14.3.1\cmath ****   { return __builtin_acosf128(__x); }
 873:C:/Program Files (x86)/Arm GNU Toolchain arm-none-eabi/14.3 rel1/arm-none-eabi/include/c++/14.3.1\cmath **** 
 874:C:/Program Files (x86)/Arm GNU Toolchain arm-none-eabi/14.3 rel1/arm-none-eabi/include/c++/14.3.1\cmath ****   constexpr _Float128
 875:C:/Program Files (x86)/Arm GNU Toolchain arm-none-eabi/14.3 rel1/arm-none-eabi/include/c++/14.3.1\cmath ****   asin(_Float128 __x)
 876:C:/Program Files (x86)/Arm GNU Toolchain arm-none-eabi/14.3 rel1/arm-none-eabi/include/c++/14.3.1\cmath ****   { return __builtin_asinf128(__x); }
 877:C:/Program Files (x86)/Arm GNU Toolchain arm-none-eabi/14.3 rel1/arm-none-eabi/include/c++/14.3.1\cmath **** 
 878:C:/Program Files (x86)/Arm GNU Toolchain arm-none-eabi/14.3 rel1/arm-none-eabi/include/c++/14.3.1\cmath ****   constexpr _Float128
 879:C:/Program Files (x86)/Arm GNU Toolchain arm-none-eabi/14.3 rel1/arm-none-eabi/include/c++/14.3.1\cmath ****   atan(_Float128 __x)
 880:C:/Program Files (x86)/Arm GNU Toolchain arm-none-eabi/14.3 rel1/arm-none-eabi/include/c++/14.3.1\cmath ****   { return __builtin_atanf128(__x); }
 881:C:/Program Files (x86)/Arm GNU Toolchain arm-none-eabi/14.3 rel1/arm-none-eabi/include/c++/14.3.1\cmath **** 
 882:C:/Program Files (x86)/Arm GNU Toolchain arm-none-eabi/14.3 rel1/arm-none-eabi/include/c++/14.3.1\cmath ****   constexpr _Float128
 883:C:/Program Files (x86)/Arm GNU Toolchain arm-none-eabi/14.3 rel1/arm-none-eabi/include/c++/14.3.1\cmath ****   atan2(_Float128 __y, _Float128 __x)
 884:C:/Program Files (x86)/Arm GNU Toolchain arm-none-eabi/14.3 rel1/arm-none-eabi/include/c++/14.3.1\cmath ****   { return __builtin_atan2f128(__y, __x); }
 885:C:/Program Files (x86)/Arm GNU Toolchain arm-none-eabi/14.3 rel1/arm-none-eabi/include/c++/14.3.1\cmath **** 
 886:C:/Program Files (x86)/Arm GNU Toolchain arm-none-eabi/14.3 rel1/arm-none-eabi/include/c++/14.3.1\cmath ****   constexpr _Float128
 887:C:/Program Files (x86)/Arm GNU Toolchain arm-none-eabi/14.3 rel1/arm-none-eabi/include/c++/14.3.1\cmath ****   ceil(_Float128 __x)
 888:C:/Program Files (x86)/Arm GNU Toolchain arm-none-eabi/14.3 rel1/arm-none-eabi/include/c++/14.3.1\cmath ****   { return __builtin_ceilf128(__x); }
 889:C:/Program Files (x86)/Arm GNU Toolchain arm-none-eabi/14.3 rel1/arm-none-eabi/include/c++/14.3.1\cmath **** 
 890:C:/Program Files (x86)/Arm GNU Toolchain arm-none-eabi/14.3 rel1/arm-none-eabi/include/c++/14.3.1\cmath ****   constexpr _Float128
 891:C:/Program Files (x86)/Arm GNU Toolchain arm-none-eabi/14.3 rel1/arm-none-eabi/include/c++/14.3.1\cmath ****   cos(_Float128 __x)
 892:C:/Program Files (x86)/Arm GNU Toolchain arm-none-eabi/14.3 rel1/arm-none-eabi/include/c++/14.3.1\cmath ****   { return __builtin_cosf128(__x); }
 893:C:/Program Files (x86)/Arm GNU Toolchain arm-none-eabi/14.3 rel1/arm-none-eabi/include/c++/14.3.1\cmath **** 
 894:C:/Program Files (x86)/Arm GNU Toolchain arm-none-eabi/14.3 rel1/arm-none-eabi/include/c++/14.3.1\cmath ****   constexpr _Float128
 895:C:/Program Files (x86)/Arm GNU Toolchain arm-none-eabi/14.3 rel1/arm-none-eabi/include/c++/14.3.1\cmath ****   cosh(_Float128 __x)
 896:C:/Program Files (x86)/Arm GNU Toolchain arm-none-eabi/14.3 rel1/arm-none-eabi/include/c++/14.3.1\cmath ****   { return __builtin_coshf128(__x); }
 897:C:/Program Files (x86)/Arm GNU Toolchain arm-none-eabi/14.3 rel1/arm-none-eabi/include/c++/14.3.1\cmath **** 
 898:C:/Program Files (x86)/Arm GNU Toolchain arm-none-eabi/14.3 rel1/arm-none-eabi/include/c++/14.3.1\cmath ****   constexpr _Float128
 899:C:/Program Files (x86)/Arm GNU Toolchain arm-none-eabi/14.3 rel1/arm-none-eabi/include/c++/14.3.1\cmath ****   exp(_Float128 __x)
 900:C:/Program Files (x86)/Arm GNU Toolchain arm-none-eabi/14.3 rel1/arm-none-eabi/include/c++/14.3.1\cmath ****   { return __builtin_expf128(__x); }
 901:C:/Program Files (x86)/Arm GNU Toolchain arm-none-eabi/14.3 rel1/arm-none-eabi/include/c++/14.3.1\cmath **** 
 902:C:/Program Files (x86)/Arm GNU Toolchain arm-none-eabi/14.3 rel1/arm-none-eabi/include/c++/14.3.1\cmath ****   constexpr _Float128
 903:C:/Program Files (x86)/Arm GNU Toolchain arm-none-eabi/14.3 rel1/arm-none-eabi/include/c++/14.3.1\cmath ****   fabs(_Float128 __x)
 904:C:/Program Files (x86)/Arm GNU Toolchain arm-none-eabi/14.3 rel1/arm-none-eabi/include/c++/14.3.1\cmath ****   { return __builtin_fabsf128(__x); }
 905:C:/Program Files (x86)/Arm GNU Toolchain arm-none-eabi/14.3 rel1/arm-none-eabi/include/c++/14.3.1\cmath **** 
ARM GAS  C:\Users\Oliver\AppData\Local\Temp\ccb1Hde1.s 			page 60


 906:C:/Program Files (x86)/Arm GNU Toolchain arm-none-eabi/14.3 rel1/arm-none-eabi/include/c++/14.3.1\cmath ****   constexpr _Float128
 907:C:/Program Files (x86)/Arm GNU Toolchain arm-none-eabi/14.3 rel1/arm-none-eabi/include/c++/14.3.1\cmath ****   floor(_Float128 __x)
 908:C:/Program Files (x86)/Arm GNU Toolchain arm-none-eabi/14.3 rel1/arm-none-eabi/include/c++/14.3.1\cmath ****   { return __builtin_floorf128(__x); }
 909:C:/Program Files (x86)/Arm GNU Toolchain arm-none-eabi/14.3 rel1/arm-none-eabi/include/c++/14.3.1\cmath **** 
 910:C:/Program Files (x86)/Arm GNU Toolchain arm-none-eabi/14.3 rel1/arm-none-eabi/include/c++/14.3.1\cmath ****   constexpr _Float128
 911:C:/Program Files (x86)/Arm GNU Toolchain arm-none-eabi/14.3 rel1/arm-none-eabi/include/c++/14.3.1\cmath ****   fmod(_Float128 __x, _Float128 __y)
 912:C:/Program Files (x86)/Arm GNU Toolchain arm-none-eabi/14.3 rel1/arm-none-eabi/include/c++/14.3.1\cmath ****   { return __builtin_fmodf128(__x, __y); }
 913:C:/Program Files (x86)/Arm GNU Toolchain arm-none-eabi/14.3 rel1/arm-none-eabi/include/c++/14.3.1\cmath **** 
 914:C:/Program Files (x86)/Arm GNU Toolchain arm-none-eabi/14.3 rel1/arm-none-eabi/include/c++/14.3.1\cmath ****   inline _Float128
 915:C:/Program Files (x86)/Arm GNU Toolchain arm-none-eabi/14.3 rel1/arm-none-eabi/include/c++/14.3.1\cmath ****   frexp(_Float128 __x, int* __exp)
 916:C:/Program Files (x86)/Arm GNU Toolchain arm-none-eabi/14.3 rel1/arm-none-eabi/include/c++/14.3.1\cmath ****   { return __builtin_frexpf128(__x, __exp); }
 917:C:/Program Files (x86)/Arm GNU Toolchain arm-none-eabi/14.3 rel1/arm-none-eabi/include/c++/14.3.1\cmath **** 
 918:C:/Program Files (x86)/Arm GNU Toolchain arm-none-eabi/14.3 rel1/arm-none-eabi/include/c++/14.3.1\cmath ****   constexpr _Float128
 919:C:/Program Files (x86)/Arm GNU Toolchain arm-none-eabi/14.3 rel1/arm-none-eabi/include/c++/14.3.1\cmath ****   ldexp(_Float128 __x, int __exp)
 920:C:/Program Files (x86)/Arm GNU Toolchain arm-none-eabi/14.3 rel1/arm-none-eabi/include/c++/14.3.1\cmath ****   { return __builtin_ldexpf128(__x, __exp); }
 921:C:/Program Files (x86)/Arm GNU Toolchain arm-none-eabi/14.3 rel1/arm-none-eabi/include/c++/14.3.1\cmath **** 
 922:C:/Program Files (x86)/Arm GNU Toolchain arm-none-eabi/14.3 rel1/arm-none-eabi/include/c++/14.3.1\cmath ****   constexpr _Float128
 923:C:/Program Files (x86)/Arm GNU Toolchain arm-none-eabi/14.3 rel1/arm-none-eabi/include/c++/14.3.1\cmath ****   log(_Float128 __x)
 924:C:/Program Files (x86)/Arm GNU Toolchain arm-none-eabi/14.3 rel1/arm-none-eabi/include/c++/14.3.1\cmath ****   { return __builtin_logf128(__x); }
 925:C:/Program Files (x86)/Arm GNU Toolchain arm-none-eabi/14.3 rel1/arm-none-eabi/include/c++/14.3.1\cmath **** 
 926:C:/Program Files (x86)/Arm GNU Toolchain arm-none-eabi/14.3 rel1/arm-none-eabi/include/c++/14.3.1\cmath ****   constexpr _Float128
 927:C:/Program Files (x86)/Arm GNU Toolchain arm-none-eabi/14.3 rel1/arm-none-eabi/include/c++/14.3.1\cmath ****   log10(_Float128 __x)
 928:C:/Program Files (x86)/Arm GNU Toolchain arm-none-eabi/14.3 rel1/arm-none-eabi/include/c++/14.3.1\cmath ****   { return __builtin_log10f128(__x); }
 929:C:/Program Files (x86)/Arm GNU Toolchain arm-none-eabi/14.3 rel1/arm-none-eabi/include/c++/14.3.1\cmath **** 
 930:C:/Program Files (x86)/Arm GNU Toolchain arm-none-eabi/14.3 rel1/arm-none-eabi/include/c++/14.3.1\cmath ****   inline _Float128
 931:C:/Program Files (x86)/Arm GNU Toolchain arm-none-eabi/14.3 rel1/arm-none-eabi/include/c++/14.3.1\cmath ****   modf(_Float128 __x, _Float128* __iptr)
 932:C:/Program Files (x86)/Arm GNU Toolchain arm-none-eabi/14.3 rel1/arm-none-eabi/include/c++/14.3.1\cmath ****   { return __builtin_modff128(__x, __iptr); }
 933:C:/Program Files (x86)/Arm GNU Toolchain arm-none-eabi/14.3 rel1/arm-none-eabi/include/c++/14.3.1\cmath **** 
 934:C:/Program Files (x86)/Arm GNU Toolchain arm-none-eabi/14.3 rel1/arm-none-eabi/include/c++/14.3.1\cmath ****   constexpr _Float128
 935:C:/Program Files (x86)/Arm GNU Toolchain arm-none-eabi/14.3 rel1/arm-none-eabi/include/c++/14.3.1\cmath ****   pow(_Float128 __x, _Float128 __y)
 936:C:/Program Files (x86)/Arm GNU Toolchain arm-none-eabi/14.3 rel1/arm-none-eabi/include/c++/14.3.1\cmath ****   { return __builtin_powf128(__x, __y); }
 937:C:/Program Files (x86)/Arm GNU Toolchain arm-none-eabi/14.3 rel1/arm-none-eabi/include/c++/14.3.1\cmath **** 
 938:C:/Program Files (x86)/Arm GNU Toolchain arm-none-eabi/14.3 rel1/arm-none-eabi/include/c++/14.3.1\cmath ****   constexpr _Float128
 939:C:/Program Files (x86)/Arm GNU Toolchain arm-none-eabi/14.3 rel1/arm-none-eabi/include/c++/14.3.1\cmath ****   sin(_Float128 __x)
 940:C:/Program Files (x86)/Arm GNU Toolchain arm-none-eabi/14.3 rel1/arm-none-eabi/include/c++/14.3.1\cmath ****   { return __builtin_sinf128(__x); }
 941:C:/Program Files (x86)/Arm GNU Toolchain arm-none-eabi/14.3 rel1/arm-none-eabi/include/c++/14.3.1\cmath **** 
 942:C:/Program Files (x86)/Arm GNU Toolchain arm-none-eabi/14.3 rel1/arm-none-eabi/include/c++/14.3.1\cmath ****   constexpr _Float128
 943:C:/Program Files (x86)/Arm GNU Toolchain arm-none-eabi/14.3 rel1/arm-none-eabi/include/c++/14.3.1\cmath ****   sinh(_Float128 __x)
 944:C:/Program Files (x86)/Arm GNU Toolchain arm-none-eabi/14.3 rel1/arm-none-eabi/include/c++/14.3.1\cmath ****   { return __builtin_sinhf128(__x); }
 945:C:/Program Files (x86)/Arm GNU Toolchain arm-none-eabi/14.3 rel1/arm-none-eabi/include/c++/14.3.1\cmath **** 
 946:C:/Program Files (x86)/Arm GNU Toolchain arm-none-eabi/14.3 rel1/arm-none-eabi/include/c++/14.3.1\cmath ****   constexpr _Float128
 947:C:/Program Files (x86)/Arm GNU Toolchain arm-none-eabi/14.3 rel1/arm-none-eabi/include/c++/14.3.1\cmath ****   sqrt(_Float128 __x)
 948:C:/Program Files (x86)/Arm GNU Toolchain arm-none-eabi/14.3 rel1/arm-none-eabi/include/c++/14.3.1\cmath ****   { return __builtin_sqrtf128(__x); }
 949:C:/Program Files (x86)/Arm GNU Toolchain arm-none-eabi/14.3 rel1/arm-none-eabi/include/c++/14.3.1\cmath **** 
 950:C:/Program Files (x86)/Arm GNU Toolchain arm-none-eabi/14.3 rel1/arm-none-eabi/include/c++/14.3.1\cmath ****   constexpr _Float128
 951:C:/Program Files (x86)/Arm GNU Toolchain arm-none-eabi/14.3 rel1/arm-none-eabi/include/c++/14.3.1\cmath ****   tan(_Float128 __x)
 952:C:/Program Files (x86)/Arm GNU Toolchain arm-none-eabi/14.3 rel1/arm-none-eabi/include/c++/14.3.1\cmath ****   { return __builtin_tanf128(__x); }
 953:C:/Program Files (x86)/Arm GNU Toolchain arm-none-eabi/14.3 rel1/arm-none-eabi/include/c++/14.3.1\cmath **** 
 954:C:/Program Files (x86)/Arm GNU Toolchain arm-none-eabi/14.3 rel1/arm-none-eabi/include/c++/14.3.1\cmath ****   constexpr _Float128
 955:C:/Program Files (x86)/Arm GNU Toolchain arm-none-eabi/14.3 rel1/arm-none-eabi/include/c++/14.3.1\cmath ****   tanh(_Float128 __x)
 956:C:/Program Files (x86)/Arm GNU Toolchain arm-none-eabi/14.3 rel1/arm-none-eabi/include/c++/14.3.1\cmath ****   { return __builtin_tanhf128(__x); }
 957:C:/Program Files (x86)/Arm GNU Toolchain arm-none-eabi/14.3 rel1/arm-none-eabi/include/c++/14.3.1\cmath **** #endif
 958:C:/Program Files (x86)/Arm GNU Toolchain arm-none-eabi/14.3 rel1/arm-none-eabi/include/c++/14.3.1\cmath **** 
 959:C:/Program Files (x86)/Arm GNU Toolchain arm-none-eabi/14.3 rel1/arm-none-eabi/include/c++/14.3.1\cmath **** #if defined(__STDCPP_BFLOAT16_T__) && defined(_GLIBCXX_FLOAT_IS_IEEE_BINARY32)
 960:C:/Program Files (x86)/Arm GNU Toolchain arm-none-eabi/14.3 rel1/arm-none-eabi/include/c++/14.3.1\cmath ****   constexpr __gnu_cxx::__bfloat16_t
 961:C:/Program Files (x86)/Arm GNU Toolchain arm-none-eabi/14.3 rel1/arm-none-eabi/include/c++/14.3.1\cmath ****   acos(__gnu_cxx::__bfloat16_t __x)
 962:C:/Program Files (x86)/Arm GNU Toolchain arm-none-eabi/14.3 rel1/arm-none-eabi/include/c++/14.3.1\cmath ****   { return __gnu_cxx::__bfloat16_t(__builtin_acosf(__x)); }
ARM GAS  C:\Users\Oliver\AppData\Local\Temp\ccb1Hde1.s 			page 61


 963:C:/Program Files (x86)/Arm GNU Toolchain arm-none-eabi/14.3 rel1/arm-none-eabi/include/c++/14.3.1\cmath **** 
 964:C:/Program Files (x86)/Arm GNU Toolchain arm-none-eabi/14.3 rel1/arm-none-eabi/include/c++/14.3.1\cmath ****   constexpr __gnu_cxx::__bfloat16_t
 965:C:/Program Files (x86)/Arm GNU Toolchain arm-none-eabi/14.3 rel1/arm-none-eabi/include/c++/14.3.1\cmath ****   asin(__gnu_cxx::__bfloat16_t __x)
 966:C:/Program Files (x86)/Arm GNU Toolchain arm-none-eabi/14.3 rel1/arm-none-eabi/include/c++/14.3.1\cmath ****   { return __gnu_cxx::__bfloat16_t(__builtin_asinf(__x)); }
 967:C:/Program Files (x86)/Arm GNU Toolchain arm-none-eabi/14.3 rel1/arm-none-eabi/include/c++/14.3.1\cmath **** 
 968:C:/Program Files (x86)/Arm GNU Toolchain arm-none-eabi/14.3 rel1/arm-none-eabi/include/c++/14.3.1\cmath ****   constexpr __gnu_cxx::__bfloat16_t
 969:C:/Program Files (x86)/Arm GNU Toolchain arm-none-eabi/14.3 rel1/arm-none-eabi/include/c++/14.3.1\cmath ****   atan(__gnu_cxx::__bfloat16_t __x)
 970:C:/Program Files (x86)/Arm GNU Toolchain arm-none-eabi/14.3 rel1/arm-none-eabi/include/c++/14.3.1\cmath ****   { return __gnu_cxx::__bfloat16_t(__builtin_atanf(__x)); }
 971:C:/Program Files (x86)/Arm GNU Toolchain arm-none-eabi/14.3 rel1/arm-none-eabi/include/c++/14.3.1\cmath **** 
 972:C:/Program Files (x86)/Arm GNU Toolchain arm-none-eabi/14.3 rel1/arm-none-eabi/include/c++/14.3.1\cmath ****   constexpr __gnu_cxx::__bfloat16_t
 973:C:/Program Files (x86)/Arm GNU Toolchain arm-none-eabi/14.3 rel1/arm-none-eabi/include/c++/14.3.1\cmath ****   atan2(__gnu_cxx::__bfloat16_t __y, __gnu_cxx::__bfloat16_t __x)
 974:C:/Program Files (x86)/Arm GNU Toolchain arm-none-eabi/14.3 rel1/arm-none-eabi/include/c++/14.3.1\cmath ****   { return __gnu_cxx::__bfloat16_t(__builtin_atan2f(__y, __x)); }
 975:C:/Program Files (x86)/Arm GNU Toolchain arm-none-eabi/14.3 rel1/arm-none-eabi/include/c++/14.3.1\cmath **** 
 976:C:/Program Files (x86)/Arm GNU Toolchain arm-none-eabi/14.3 rel1/arm-none-eabi/include/c++/14.3.1\cmath ****   constexpr __gnu_cxx::__bfloat16_t
 977:C:/Program Files (x86)/Arm GNU Toolchain arm-none-eabi/14.3 rel1/arm-none-eabi/include/c++/14.3.1\cmath ****   ceil(__gnu_cxx::__bfloat16_t __x)
 978:C:/Program Files (x86)/Arm GNU Toolchain arm-none-eabi/14.3 rel1/arm-none-eabi/include/c++/14.3.1\cmath ****   { return __gnu_cxx::__bfloat16_t(__builtin_ceilf(__x)); }
 979:C:/Program Files (x86)/Arm GNU Toolchain arm-none-eabi/14.3 rel1/arm-none-eabi/include/c++/14.3.1\cmath **** 
 980:C:/Program Files (x86)/Arm GNU Toolchain arm-none-eabi/14.3 rel1/arm-none-eabi/include/c++/14.3.1\cmath ****   constexpr __gnu_cxx::__bfloat16_t
 981:C:/Program Files (x86)/Arm GNU Toolchain arm-none-eabi/14.3 rel1/arm-none-eabi/include/c++/14.3.1\cmath ****   cos(__gnu_cxx::__bfloat16_t __x)
 982:C:/Program Files (x86)/Arm GNU Toolchain arm-none-eabi/14.3 rel1/arm-none-eabi/include/c++/14.3.1\cmath ****   { return __gnu_cxx::__bfloat16_t(__builtin_cosf(__x)); }
 983:C:/Program Files (x86)/Arm GNU Toolchain arm-none-eabi/14.3 rel1/arm-none-eabi/include/c++/14.3.1\cmath **** 
 984:C:/Program Files (x86)/Arm GNU Toolchain arm-none-eabi/14.3 rel1/arm-none-eabi/include/c++/14.3.1\cmath ****   constexpr __gnu_cxx::__bfloat16_t
 985:C:/Program Files (x86)/Arm GNU Toolchain arm-none-eabi/14.3 rel1/arm-none-eabi/include/c++/14.3.1\cmath ****   cosh(__gnu_cxx::__bfloat16_t __x)
 986:C:/Program Files (x86)/Arm GNU Toolchain arm-none-eabi/14.3 rel1/arm-none-eabi/include/c++/14.3.1\cmath ****   { return __gnu_cxx::__bfloat16_t(__builtin_coshf(__x)); }
 987:C:/Program Files (x86)/Arm GNU Toolchain arm-none-eabi/14.3 rel1/arm-none-eabi/include/c++/14.3.1\cmath **** 
 988:C:/Program Files (x86)/Arm GNU Toolchain arm-none-eabi/14.3 rel1/arm-none-eabi/include/c++/14.3.1\cmath ****   constexpr __gnu_cxx::__bfloat16_t
 989:C:/Program Files (x86)/Arm GNU Toolchain arm-none-eabi/14.3 rel1/arm-none-eabi/include/c++/14.3.1\cmath ****   exp(__gnu_cxx::__bfloat16_t __x)
 990:C:/Program Files (x86)/Arm GNU Toolchain arm-none-eabi/14.3 rel1/arm-none-eabi/include/c++/14.3.1\cmath ****   { return __gnu_cxx::__bfloat16_t(__builtin_expf(__x)); }
 991:C:/Program Files (x86)/Arm GNU Toolchain arm-none-eabi/14.3 rel1/arm-none-eabi/include/c++/14.3.1\cmath **** 
 992:C:/Program Files (x86)/Arm GNU Toolchain arm-none-eabi/14.3 rel1/arm-none-eabi/include/c++/14.3.1\cmath ****   constexpr __gnu_cxx::__bfloat16_t
 993:C:/Program Files (x86)/Arm GNU Toolchain arm-none-eabi/14.3 rel1/arm-none-eabi/include/c++/14.3.1\cmath ****   fabs(__gnu_cxx::__bfloat16_t __x)
 994:C:/Program Files (x86)/Arm GNU Toolchain arm-none-eabi/14.3 rel1/arm-none-eabi/include/c++/14.3.1\cmath ****   { return __gnu_cxx::__bfloat16_t(__builtin_fabsf(__x)); }
 995:C:/Program Files (x86)/Arm GNU Toolchain arm-none-eabi/14.3 rel1/arm-none-eabi/include/c++/14.3.1\cmath **** 
 996:C:/Program Files (x86)/Arm GNU Toolchain arm-none-eabi/14.3 rel1/arm-none-eabi/include/c++/14.3.1\cmath ****   constexpr __gnu_cxx::__bfloat16_t
 997:C:/Program Files (x86)/Arm GNU Toolchain arm-none-eabi/14.3 rel1/arm-none-eabi/include/c++/14.3.1\cmath ****   floor(__gnu_cxx::__bfloat16_t __x)
 998:C:/Program Files (x86)/Arm GNU Toolchain arm-none-eabi/14.3 rel1/arm-none-eabi/include/c++/14.3.1\cmath ****   { return __gnu_cxx::__bfloat16_t(__builtin_floorf(__x)); }
 999:C:/Program Files (x86)/Arm GNU Toolchain arm-none-eabi/14.3 rel1/arm-none-eabi/include/c++/14.3.1\cmath **** 
1000:C:/Program Files (x86)/Arm GNU Toolchain arm-none-eabi/14.3 rel1/arm-none-eabi/include/c++/14.3.1\cmath ****   constexpr __gnu_cxx::__bfloat16_t
1001:C:/Program Files (x86)/Arm GNU Toolchain arm-none-eabi/14.3 rel1/arm-none-eabi/include/c++/14.3.1\cmath ****   fmod(__gnu_cxx::__bfloat16_t __x, __gnu_cxx::__bfloat16_t __y)
1002:C:/Program Files (x86)/Arm GNU Toolchain arm-none-eabi/14.3 rel1/arm-none-eabi/include/c++/14.3.1\cmath ****   { return __gnu_cxx::__bfloat16_t(__builtin_fmodf(__x, __y)); }
1003:C:/Program Files (x86)/Arm GNU Toolchain arm-none-eabi/14.3 rel1/arm-none-eabi/include/c++/14.3.1\cmath **** 
1004:C:/Program Files (x86)/Arm GNU Toolchain arm-none-eabi/14.3 rel1/arm-none-eabi/include/c++/14.3.1\cmath ****   inline __gnu_cxx::__bfloat16_t
1005:C:/Program Files (x86)/Arm GNU Toolchain arm-none-eabi/14.3 rel1/arm-none-eabi/include/c++/14.3.1\cmath ****   frexp(__gnu_cxx::__bfloat16_t __x, int* __exp)
1006:C:/Program Files (x86)/Arm GNU Toolchain arm-none-eabi/14.3 rel1/arm-none-eabi/include/c++/14.3.1\cmath ****   { return __gnu_cxx::__bfloat16_t(__builtin_frexpf(__x, __exp)); }
1007:C:/Program Files (x86)/Arm GNU Toolchain arm-none-eabi/14.3 rel1/arm-none-eabi/include/c++/14.3.1\cmath **** 
1008:C:/Program Files (x86)/Arm GNU Toolchain arm-none-eabi/14.3 rel1/arm-none-eabi/include/c++/14.3.1\cmath ****   constexpr __gnu_cxx::__bfloat16_t
1009:C:/Program Files (x86)/Arm GNU Toolchain arm-none-eabi/14.3 rel1/arm-none-eabi/include/c++/14.3.1\cmath ****   ldexp(__gnu_cxx::__bfloat16_t __x, int __exp)
1010:C:/Program Files (x86)/Arm GNU Toolchain arm-none-eabi/14.3 rel1/arm-none-eabi/include/c++/14.3.1\cmath ****   { return __gnu_cxx::__bfloat16_t(__builtin_ldexpf(__x, __exp)); }
1011:C:/Program Files (x86)/Arm GNU Toolchain arm-none-eabi/14.3 rel1/arm-none-eabi/include/c++/14.3.1\cmath **** 
1012:C:/Program Files (x86)/Arm GNU Toolchain arm-none-eabi/14.3 rel1/arm-none-eabi/include/c++/14.3.1\cmath ****   constexpr __gnu_cxx::__bfloat16_t
1013:C:/Program Files (x86)/Arm GNU Toolchain arm-none-eabi/14.3 rel1/arm-none-eabi/include/c++/14.3.1\cmath ****   log(__gnu_cxx::__bfloat16_t __x)
1014:C:/Program Files (x86)/Arm GNU Toolchain arm-none-eabi/14.3 rel1/arm-none-eabi/include/c++/14.3.1\cmath ****   { return __gnu_cxx::__bfloat16_t(__builtin_logf(__x)); }
1015:C:/Program Files (x86)/Arm GNU Toolchain arm-none-eabi/14.3 rel1/arm-none-eabi/include/c++/14.3.1\cmath **** 
1016:C:/Program Files (x86)/Arm GNU Toolchain arm-none-eabi/14.3 rel1/arm-none-eabi/include/c++/14.3.1\cmath ****   constexpr __gnu_cxx::__bfloat16_t
1017:C:/Program Files (x86)/Arm GNU Toolchain arm-none-eabi/14.3 rel1/arm-none-eabi/include/c++/14.3.1\cmath ****   log10(__gnu_cxx::__bfloat16_t __x)
1018:C:/Program Files (x86)/Arm GNU Toolchain arm-none-eabi/14.3 rel1/arm-none-eabi/include/c++/14.3.1\cmath ****   { return __gnu_cxx::__bfloat16_t(__builtin_log10f(__x)); }
1019:C:/Program Files (x86)/Arm GNU Toolchain arm-none-eabi/14.3 rel1/arm-none-eabi/include/c++/14.3.1\cmath **** 
ARM GAS  C:\Users\Oliver\AppData\Local\Temp\ccb1Hde1.s 			page 62


1020:C:/Program Files (x86)/Arm GNU Toolchain arm-none-eabi/14.3 rel1/arm-none-eabi/include/c++/14.3.1\cmath ****   inline __gnu_cxx::__bfloat16_t
1021:C:/Program Files (x86)/Arm GNU Toolchain arm-none-eabi/14.3 rel1/arm-none-eabi/include/c++/14.3.1\cmath ****   modf(__gnu_cxx::__bfloat16_t __x, __gnu_cxx::__bfloat16_t* __iptr)
1022:C:/Program Files (x86)/Arm GNU Toolchain arm-none-eabi/14.3 rel1/arm-none-eabi/include/c++/14.3.1\cmath ****   {
1023:C:/Program Files (x86)/Arm GNU Toolchain arm-none-eabi/14.3 rel1/arm-none-eabi/include/c++/14.3.1\cmath ****     float __i, __ret = __builtin_modff(__x, &__i);
1024:C:/Program Files (x86)/Arm GNU Toolchain arm-none-eabi/14.3 rel1/arm-none-eabi/include/c++/14.3.1\cmath ****     *__iptr = __gnu_cxx::__bfloat16_t(__i);
1025:C:/Program Files (x86)/Arm GNU Toolchain arm-none-eabi/14.3 rel1/arm-none-eabi/include/c++/14.3.1\cmath ****     return __gnu_cxx::__bfloat16_t(__ret);
1026:C:/Program Files (x86)/Arm GNU Toolchain arm-none-eabi/14.3 rel1/arm-none-eabi/include/c++/14.3.1\cmath ****   }
1027:C:/Program Files (x86)/Arm GNU Toolchain arm-none-eabi/14.3 rel1/arm-none-eabi/include/c++/14.3.1\cmath **** 
1028:C:/Program Files (x86)/Arm GNU Toolchain arm-none-eabi/14.3 rel1/arm-none-eabi/include/c++/14.3.1\cmath ****   constexpr __gnu_cxx::__bfloat16_t
1029:C:/Program Files (x86)/Arm GNU Toolchain arm-none-eabi/14.3 rel1/arm-none-eabi/include/c++/14.3.1\cmath ****   pow(__gnu_cxx::__bfloat16_t __x, __gnu_cxx::__bfloat16_t __y)
1030:C:/Program Files (x86)/Arm GNU Toolchain arm-none-eabi/14.3 rel1/arm-none-eabi/include/c++/14.3.1\cmath ****   { return __gnu_cxx::__bfloat16_t(__builtin_powf(__x, __y)); }
1031:C:/Program Files (x86)/Arm GNU Toolchain arm-none-eabi/14.3 rel1/arm-none-eabi/include/c++/14.3.1\cmath **** 
1032:C:/Program Files (x86)/Arm GNU Toolchain arm-none-eabi/14.3 rel1/arm-none-eabi/include/c++/14.3.1\cmath ****   constexpr __gnu_cxx::__bfloat16_t
1033:C:/Program Files (x86)/Arm GNU Toolchain arm-none-eabi/14.3 rel1/arm-none-eabi/include/c++/14.3.1\cmath ****   sin(__gnu_cxx::__bfloat16_t __x)
1034:C:/Program Files (x86)/Arm GNU Toolchain arm-none-eabi/14.3 rel1/arm-none-eabi/include/c++/14.3.1\cmath ****   { return __gnu_cxx::__bfloat16_t(__builtin_sinf(__x)); }
1035:C:/Program Files (x86)/Arm GNU Toolchain arm-none-eabi/14.3 rel1/arm-none-eabi/include/c++/14.3.1\cmath **** 
1036:C:/Program Files (x86)/Arm GNU Toolchain arm-none-eabi/14.3 rel1/arm-none-eabi/include/c++/14.3.1\cmath ****   constexpr __gnu_cxx::__bfloat16_t
1037:C:/Program Files (x86)/Arm GNU Toolchain arm-none-eabi/14.3 rel1/arm-none-eabi/include/c++/14.3.1\cmath ****   sinh(__gnu_cxx::__bfloat16_t __x)
1038:C:/Program Files (x86)/Arm GNU Toolchain arm-none-eabi/14.3 rel1/arm-none-eabi/include/c++/14.3.1\cmath ****   { return __gnu_cxx::__bfloat16_t(__builtin_sinhf(__x)); }
1039:C:/Program Files (x86)/Arm GNU Toolchain arm-none-eabi/14.3 rel1/arm-none-eabi/include/c++/14.3.1\cmath **** 
1040:C:/Program Files (x86)/Arm GNU Toolchain arm-none-eabi/14.3 rel1/arm-none-eabi/include/c++/14.3.1\cmath ****   constexpr __gnu_cxx::__bfloat16_t
1041:C:/Program Files (x86)/Arm GNU Toolchain arm-none-eabi/14.3 rel1/arm-none-eabi/include/c++/14.3.1\cmath ****   sqrt(__gnu_cxx::__bfloat16_t __x)
1042:C:/Program Files (x86)/Arm GNU Toolchain arm-none-eabi/14.3 rel1/arm-none-eabi/include/c++/14.3.1\cmath ****   { return __gnu_cxx::__bfloat16_t(__builtin_sqrtf(__x)); }
1043:C:/Program Files (x86)/Arm GNU Toolchain arm-none-eabi/14.3 rel1/arm-none-eabi/include/c++/14.3.1\cmath **** 
1044:C:/Program Files (x86)/Arm GNU Toolchain arm-none-eabi/14.3 rel1/arm-none-eabi/include/c++/14.3.1\cmath ****   constexpr __gnu_cxx::__bfloat16_t
1045:C:/Program Files (x86)/Arm GNU Toolchain arm-none-eabi/14.3 rel1/arm-none-eabi/include/c++/14.3.1\cmath ****   tan(__gnu_cxx::__bfloat16_t __x)
1046:C:/Program Files (x86)/Arm GNU Toolchain arm-none-eabi/14.3 rel1/arm-none-eabi/include/c++/14.3.1\cmath ****   { return __gnu_cxx::__bfloat16_t(__builtin_tanf(__x)); }
1047:C:/Program Files (x86)/Arm GNU Toolchain arm-none-eabi/14.3 rel1/arm-none-eabi/include/c++/14.3.1\cmath **** 
1048:C:/Program Files (x86)/Arm GNU Toolchain arm-none-eabi/14.3 rel1/arm-none-eabi/include/c++/14.3.1\cmath ****   constexpr __gnu_cxx::__bfloat16_t
1049:C:/Program Files (x86)/Arm GNU Toolchain arm-none-eabi/14.3 rel1/arm-none-eabi/include/c++/14.3.1\cmath ****   tanh(__gnu_cxx::__bfloat16_t __x)
1050:C:/Program Files (x86)/Arm GNU Toolchain arm-none-eabi/14.3 rel1/arm-none-eabi/include/c++/14.3.1\cmath ****   { return __gnu_cxx::__bfloat16_t(__builtin_tanhf(__x)); }
1051:C:/Program Files (x86)/Arm GNU Toolchain arm-none-eabi/14.3 rel1/arm-none-eabi/include/c++/14.3.1\cmath **** #endif
1052:C:/Program Files (x86)/Arm GNU Toolchain arm-none-eabi/14.3 rel1/arm-none-eabi/include/c++/14.3.1\cmath **** 
1053:C:/Program Files (x86)/Arm GNU Toolchain arm-none-eabi/14.3 rel1/arm-none-eabi/include/c++/14.3.1\cmath ****   template<typename _Tp, typename _Up>
1054:C:/Program Files (x86)/Arm GNU Toolchain arm-none-eabi/14.3 rel1/arm-none-eabi/include/c++/14.3.1\cmath ****     inline _GLIBCXX_CONSTEXPR
1055:C:/Program Files (x86)/Arm GNU Toolchain arm-none-eabi/14.3 rel1/arm-none-eabi/include/c++/14.3.1\cmath ****     typename __gnu_cxx::__promote_2<_Tp, _Up>::__type
1056:C:/Program Files (x86)/Arm GNU Toolchain arm-none-eabi/14.3 rel1/arm-none-eabi/include/c++/14.3.1\cmath ****     atan2(_Tp __y, _Up __x)
1057:C:/Program Files (x86)/Arm GNU Toolchain arm-none-eabi/14.3 rel1/arm-none-eabi/include/c++/14.3.1\cmath ****     {
1058:C:/Program Files (x86)/Arm GNU Toolchain arm-none-eabi/14.3 rel1/arm-none-eabi/include/c++/14.3.1\cmath ****       typedef typename __gnu_cxx::__promote_2<_Tp, _Up>::__type __type;
1059:C:/Program Files (x86)/Arm GNU Toolchain arm-none-eabi/14.3 rel1/arm-none-eabi/include/c++/14.3.1\cmath ****       return atan2(__type(__y), __type(__x));
1060:C:/Program Files (x86)/Arm GNU Toolchain arm-none-eabi/14.3 rel1/arm-none-eabi/include/c++/14.3.1\cmath ****     }
1061:C:/Program Files (x86)/Arm GNU Toolchain arm-none-eabi/14.3 rel1/arm-none-eabi/include/c++/14.3.1\cmath **** 
1062:C:/Program Files (x86)/Arm GNU Toolchain arm-none-eabi/14.3 rel1/arm-none-eabi/include/c++/14.3.1\cmath ****   template<typename _Tp, typename _Up>
1063:C:/Program Files (x86)/Arm GNU Toolchain arm-none-eabi/14.3 rel1/arm-none-eabi/include/c++/14.3.1\cmath ****     inline _GLIBCXX_CONSTEXPR
1064:C:/Program Files (x86)/Arm GNU Toolchain arm-none-eabi/14.3 rel1/arm-none-eabi/include/c++/14.3.1\cmath ****     typename __gnu_cxx::__promote_2<_Tp, _Up>::__type
1065:C:/Program Files (x86)/Arm GNU Toolchain arm-none-eabi/14.3 rel1/arm-none-eabi/include/c++/14.3.1\cmath ****     fmod(_Tp __x, _Up __y)
1066:C:/Program Files (x86)/Arm GNU Toolchain arm-none-eabi/14.3 rel1/arm-none-eabi/include/c++/14.3.1\cmath ****     {
1067:C:/Program Files (x86)/Arm GNU Toolchain arm-none-eabi/14.3 rel1/arm-none-eabi/include/c++/14.3.1\cmath ****       typedef typename __gnu_cxx::__promote_2<_Tp, _Up>::__type __type;
1068:C:/Program Files (x86)/Arm GNU Toolchain arm-none-eabi/14.3 rel1/arm-none-eabi/include/c++/14.3.1\cmath ****       return fmod(__type(__x), __type(__y));
1069:C:/Program Files (x86)/Arm GNU Toolchain arm-none-eabi/14.3 rel1/arm-none-eabi/include/c++/14.3.1\cmath ****     }
1070:C:/Program Files (x86)/Arm GNU Toolchain arm-none-eabi/14.3 rel1/arm-none-eabi/include/c++/14.3.1\cmath **** 
1071:C:/Program Files (x86)/Arm GNU Toolchain arm-none-eabi/14.3 rel1/arm-none-eabi/include/c++/14.3.1\cmath ****   template<typename _Tp, typename _Up>
1072:C:/Program Files (x86)/Arm GNU Toolchain arm-none-eabi/14.3 rel1/arm-none-eabi/include/c++/14.3.1\cmath ****     inline _GLIBCXX_CONSTEXPR
1073:C:/Program Files (x86)/Arm GNU Toolchain arm-none-eabi/14.3 rel1/arm-none-eabi/include/c++/14.3.1\cmath ****     typename __gnu_cxx::__promote_2<_Tp, _Up>::__type
1074:C:/Program Files (x86)/Arm GNU Toolchain arm-none-eabi/14.3 rel1/arm-none-eabi/include/c++/14.3.1\cmath ****     pow(_Tp __x, _Up __y)
1075:C:/Program Files (x86)/Arm GNU Toolchain arm-none-eabi/14.3 rel1/arm-none-eabi/include/c++/14.3.1\cmath ****     {
1076:C:/Program Files (x86)/Arm GNU Toolchain arm-none-eabi/14.3 rel1/arm-none-eabi/include/c++/14.3.1\cmath ****       typedef typename __gnu_cxx::__promote_2<_Tp, _Up>::__type __type;
ARM GAS  C:\Users\Oliver\AppData\Local\Temp\ccb1Hde1.s 			page 63


1077:C:/Program Files (x86)/Arm GNU Toolchain arm-none-eabi/14.3 rel1/arm-none-eabi/include/c++/14.3.1\cmath ****       return pow(__type(__x), __type(__y));
1078:C:/Program Files (x86)/Arm GNU Toolchain arm-none-eabi/14.3 rel1/arm-none-eabi/include/c++/14.3.1\cmath ****     }
1079:C:/Program Files (x86)/Arm GNU Toolchain arm-none-eabi/14.3 rel1/arm-none-eabi/include/c++/14.3.1\cmath **** 
1080:C:/Program Files (x86)/Arm GNU Toolchain arm-none-eabi/14.3 rel1/arm-none-eabi/include/c++/14.3.1\cmath **** #if _GLIBCXX_USE_C99_MATH
1081:C:/Program Files (x86)/Arm GNU Toolchain arm-none-eabi/14.3 rel1/arm-none-eabi/include/c++/14.3.1\cmath **** #if !_GLIBCXX_USE_C99_FP_MACROS_DYNAMIC
1082:C:/Program Files (x86)/Arm GNU Toolchain arm-none-eabi/14.3 rel1/arm-none-eabi/include/c++/14.3.1\cmath **** 
1083:C:/Program Files (x86)/Arm GNU Toolchain arm-none-eabi/14.3 rel1/arm-none-eabi/include/c++/14.3.1\cmath **** // These are possible macros imported from C99-land.
1084:C:/Program Files (x86)/Arm GNU Toolchain arm-none-eabi/14.3 rel1/arm-none-eabi/include/c++/14.3.1\cmath **** #undef fpclassify
1085:C:/Program Files (x86)/Arm GNU Toolchain arm-none-eabi/14.3 rel1/arm-none-eabi/include/c++/14.3.1\cmath **** #undef isfinite
1086:C:/Program Files (x86)/Arm GNU Toolchain arm-none-eabi/14.3 rel1/arm-none-eabi/include/c++/14.3.1\cmath **** #undef isinf
1087:C:/Program Files (x86)/Arm GNU Toolchain arm-none-eabi/14.3 rel1/arm-none-eabi/include/c++/14.3.1\cmath **** #undef isnan
1088:C:/Program Files (x86)/Arm GNU Toolchain arm-none-eabi/14.3 rel1/arm-none-eabi/include/c++/14.3.1\cmath **** #undef isnormal
1089:C:/Program Files (x86)/Arm GNU Toolchain arm-none-eabi/14.3 rel1/arm-none-eabi/include/c++/14.3.1\cmath **** #undef signbit
1090:C:/Program Files (x86)/Arm GNU Toolchain arm-none-eabi/14.3 rel1/arm-none-eabi/include/c++/14.3.1\cmath **** #undef isgreater
1091:C:/Program Files (x86)/Arm GNU Toolchain arm-none-eabi/14.3 rel1/arm-none-eabi/include/c++/14.3.1\cmath **** #undef isgreaterequal
1092:C:/Program Files (x86)/Arm GNU Toolchain arm-none-eabi/14.3 rel1/arm-none-eabi/include/c++/14.3.1\cmath **** #undef isless
1093:C:/Program Files (x86)/Arm GNU Toolchain arm-none-eabi/14.3 rel1/arm-none-eabi/include/c++/14.3.1\cmath **** #undef islessequal
1094:C:/Program Files (x86)/Arm GNU Toolchain arm-none-eabi/14.3 rel1/arm-none-eabi/include/c++/14.3.1\cmath **** #undef islessgreater
1095:C:/Program Files (x86)/Arm GNU Toolchain arm-none-eabi/14.3 rel1/arm-none-eabi/include/c++/14.3.1\cmath **** #undef isunordered
1096:C:/Program Files (x86)/Arm GNU Toolchain arm-none-eabi/14.3 rel1/arm-none-eabi/include/c++/14.3.1\cmath **** 
1097:C:/Program Files (x86)/Arm GNU Toolchain arm-none-eabi/14.3 rel1/arm-none-eabi/include/c++/14.3.1\cmath **** #if __cplusplus >= 201103L
1098:C:/Program Files (x86)/Arm GNU Toolchain arm-none-eabi/14.3 rel1/arm-none-eabi/include/c++/14.3.1\cmath **** 
1099:C:/Program Files (x86)/Arm GNU Toolchain arm-none-eabi/14.3 rel1/arm-none-eabi/include/c++/14.3.1\cmath **** #ifndef __CORRECT_ISO_CPP11_MATH_H_PROTO_FP
1100:C:/Program Files (x86)/Arm GNU Toolchain arm-none-eabi/14.3 rel1/arm-none-eabi/include/c++/14.3.1\cmath ****   constexpr int
1101:C:/Program Files (x86)/Arm GNU Toolchain arm-none-eabi/14.3 rel1/arm-none-eabi/include/c++/14.3.1\cmath ****   fpclassify(float __x)
1102:C:/Program Files (x86)/Arm GNU Toolchain arm-none-eabi/14.3 rel1/arm-none-eabi/include/c++/14.3.1\cmath ****   { return __builtin_fpclassify(FP_NAN, FP_INFINITE, FP_NORMAL,
1103:C:/Program Files (x86)/Arm GNU Toolchain arm-none-eabi/14.3 rel1/arm-none-eabi/include/c++/14.3.1\cmath **** 				FP_SUBNORMAL, FP_ZERO, __x); }
1104:C:/Program Files (x86)/Arm GNU Toolchain arm-none-eabi/14.3 rel1/arm-none-eabi/include/c++/14.3.1\cmath **** 
1105:C:/Program Files (x86)/Arm GNU Toolchain arm-none-eabi/14.3 rel1/arm-none-eabi/include/c++/14.3.1\cmath ****   constexpr int
1106:C:/Program Files (x86)/Arm GNU Toolchain arm-none-eabi/14.3 rel1/arm-none-eabi/include/c++/14.3.1\cmath ****   fpclassify(double __x)
1107:C:/Program Files (x86)/Arm GNU Toolchain arm-none-eabi/14.3 rel1/arm-none-eabi/include/c++/14.3.1\cmath ****   { return __builtin_fpclassify(FP_NAN, FP_INFINITE, FP_NORMAL,
1108:C:/Program Files (x86)/Arm GNU Toolchain arm-none-eabi/14.3 rel1/arm-none-eabi/include/c++/14.3.1\cmath **** 				FP_SUBNORMAL, FP_ZERO, __x); }
1109:C:/Program Files (x86)/Arm GNU Toolchain arm-none-eabi/14.3 rel1/arm-none-eabi/include/c++/14.3.1\cmath **** 
1110:C:/Program Files (x86)/Arm GNU Toolchain arm-none-eabi/14.3 rel1/arm-none-eabi/include/c++/14.3.1\cmath ****   constexpr int
1111:C:/Program Files (x86)/Arm GNU Toolchain arm-none-eabi/14.3 rel1/arm-none-eabi/include/c++/14.3.1\cmath ****   fpclassify(long double __x)
1112:C:/Program Files (x86)/Arm GNU Toolchain arm-none-eabi/14.3 rel1/arm-none-eabi/include/c++/14.3.1\cmath ****   { return __builtin_fpclassify(FP_NAN, FP_INFINITE, FP_NORMAL,
1113:C:/Program Files (x86)/Arm GNU Toolchain arm-none-eabi/14.3 rel1/arm-none-eabi/include/c++/14.3.1\cmath **** 				FP_SUBNORMAL, FP_ZERO, __x); }
1114:C:/Program Files (x86)/Arm GNU Toolchain arm-none-eabi/14.3 rel1/arm-none-eabi/include/c++/14.3.1\cmath **** #endif
1115:C:/Program Files (x86)/Arm GNU Toolchain arm-none-eabi/14.3 rel1/arm-none-eabi/include/c++/14.3.1\cmath **** 
1116:C:/Program Files (x86)/Arm GNU Toolchain arm-none-eabi/14.3 rel1/arm-none-eabi/include/c++/14.3.1\cmath **** #ifndef __CORRECT_ISO_CPP11_MATH_H_PROTO_INT
1117:C:/Program Files (x86)/Arm GNU Toolchain arm-none-eabi/14.3 rel1/arm-none-eabi/include/c++/14.3.1\cmath ****   template<typename _Tp>
1118:C:/Program Files (x86)/Arm GNU Toolchain arm-none-eabi/14.3 rel1/arm-none-eabi/include/c++/14.3.1\cmath ****     constexpr typename __gnu_cxx::__enable_if<__is_integer<_Tp>::__value,
1119:C:/Program Files (x86)/Arm GNU Toolchain arm-none-eabi/14.3 rel1/arm-none-eabi/include/c++/14.3.1\cmath ****                                               int>::__type
1120:C:/Program Files (x86)/Arm GNU Toolchain arm-none-eabi/14.3 rel1/arm-none-eabi/include/c++/14.3.1\cmath ****     fpclassify(_Tp __x)
1121:C:/Program Files (x86)/Arm GNU Toolchain arm-none-eabi/14.3 rel1/arm-none-eabi/include/c++/14.3.1\cmath ****     { return __x != 0 ? FP_NORMAL : FP_ZERO; }
1122:C:/Program Files (x86)/Arm GNU Toolchain arm-none-eabi/14.3 rel1/arm-none-eabi/include/c++/14.3.1\cmath **** #endif
1123:C:/Program Files (x86)/Arm GNU Toolchain arm-none-eabi/14.3 rel1/arm-none-eabi/include/c++/14.3.1\cmath **** 
1124:C:/Program Files (x86)/Arm GNU Toolchain arm-none-eabi/14.3 rel1/arm-none-eabi/include/c++/14.3.1\cmath **** #ifndef __CORRECT_ISO_CPP11_MATH_H_PROTO_FP
1125:C:/Program Files (x86)/Arm GNU Toolchain arm-none-eabi/14.3 rel1/arm-none-eabi/include/c++/14.3.1\cmath ****   constexpr bool
1126:C:/Program Files (x86)/Arm GNU Toolchain arm-none-eabi/14.3 rel1/arm-none-eabi/include/c++/14.3.1\cmath ****   isfinite(float __x)
1127:C:/Program Files (x86)/Arm GNU Toolchain arm-none-eabi/14.3 rel1/arm-none-eabi/include/c++/14.3.1\cmath ****   { return __builtin_isfinite(__x); }
1128:C:/Program Files (x86)/Arm GNU Toolchain arm-none-eabi/14.3 rel1/arm-none-eabi/include/c++/14.3.1\cmath **** 
1129:C:/Program Files (x86)/Arm GNU Toolchain arm-none-eabi/14.3 rel1/arm-none-eabi/include/c++/14.3.1\cmath ****   constexpr bool
1130:C:/Program Files (x86)/Arm GNU Toolchain arm-none-eabi/14.3 rel1/arm-none-eabi/include/c++/14.3.1\cmath ****   isfinite(double __x)
1131:C:/Program Files (x86)/Arm GNU Toolchain arm-none-eabi/14.3 rel1/arm-none-eabi/include/c++/14.3.1\cmath ****   { return __builtin_isfinite(__x); }
1132:C:/Program Files (x86)/Arm GNU Toolchain arm-none-eabi/14.3 rel1/arm-none-eabi/include/c++/14.3.1\cmath **** 
1133:C:/Program Files (x86)/Arm GNU Toolchain arm-none-eabi/14.3 rel1/arm-none-eabi/include/c++/14.3.1\cmath ****   constexpr bool
ARM GAS  C:\Users\Oliver\AppData\Local\Temp\ccb1Hde1.s 			page 64


1134:C:/Program Files (x86)/Arm GNU Toolchain arm-none-eabi/14.3 rel1/arm-none-eabi/include/c++/14.3.1\cmath ****   isfinite(long double __x)
1135:C:/Program Files (x86)/Arm GNU Toolchain arm-none-eabi/14.3 rel1/arm-none-eabi/include/c++/14.3.1\cmath ****   { return __builtin_isfinite(__x); }
1136:C:/Program Files (x86)/Arm GNU Toolchain arm-none-eabi/14.3 rel1/arm-none-eabi/include/c++/14.3.1\cmath **** #endif
1137:C:/Program Files (x86)/Arm GNU Toolchain arm-none-eabi/14.3 rel1/arm-none-eabi/include/c++/14.3.1\cmath **** 
1138:C:/Program Files (x86)/Arm GNU Toolchain arm-none-eabi/14.3 rel1/arm-none-eabi/include/c++/14.3.1\cmath **** #ifndef __CORRECT_ISO_CPP11_MATH_H_PROTO_INT
1139:C:/Program Files (x86)/Arm GNU Toolchain arm-none-eabi/14.3 rel1/arm-none-eabi/include/c++/14.3.1\cmath ****   template<typename _Tp>
1140:C:/Program Files (x86)/Arm GNU Toolchain arm-none-eabi/14.3 rel1/arm-none-eabi/include/c++/14.3.1\cmath ****     constexpr typename __gnu_cxx::__enable_if<__is_integer<_Tp>::__value,
1141:C:/Program Files (x86)/Arm GNU Toolchain arm-none-eabi/14.3 rel1/arm-none-eabi/include/c++/14.3.1\cmath ****                                               bool>::__type
1142:C:/Program Files (x86)/Arm GNU Toolchain arm-none-eabi/14.3 rel1/arm-none-eabi/include/c++/14.3.1\cmath ****     isfinite(_Tp)
1143:C:/Program Files (x86)/Arm GNU Toolchain arm-none-eabi/14.3 rel1/arm-none-eabi/include/c++/14.3.1\cmath ****     { return true; }
1144:C:/Program Files (x86)/Arm GNU Toolchain arm-none-eabi/14.3 rel1/arm-none-eabi/include/c++/14.3.1\cmath **** #endif
1145:C:/Program Files (x86)/Arm GNU Toolchain arm-none-eabi/14.3 rel1/arm-none-eabi/include/c++/14.3.1\cmath **** 
1146:C:/Program Files (x86)/Arm GNU Toolchain arm-none-eabi/14.3 rel1/arm-none-eabi/include/c++/14.3.1\cmath **** #ifndef __CORRECT_ISO_CPP11_MATH_H_PROTO_FP
1147:C:/Program Files (x86)/Arm GNU Toolchain arm-none-eabi/14.3 rel1/arm-none-eabi/include/c++/14.3.1\cmath ****   constexpr bool
1148:C:/Program Files (x86)/Arm GNU Toolchain arm-none-eabi/14.3 rel1/arm-none-eabi/include/c++/14.3.1\cmath ****   isinf(float __x)
1149:C:/Program Files (x86)/Arm GNU Toolchain arm-none-eabi/14.3 rel1/arm-none-eabi/include/c++/14.3.1\cmath ****   { return __builtin_isinf(__x); }
1150:C:/Program Files (x86)/Arm GNU Toolchain arm-none-eabi/14.3 rel1/arm-none-eabi/include/c++/14.3.1\cmath **** 
1151:C:/Program Files (x86)/Arm GNU Toolchain arm-none-eabi/14.3 rel1/arm-none-eabi/include/c++/14.3.1\cmath **** #if _GLIBCXX_HAVE_OBSOLETE_ISINF \
1152:C:/Program Files (x86)/Arm GNU Toolchain arm-none-eabi/14.3 rel1/arm-none-eabi/include/c++/14.3.1\cmath ****   && !_GLIBCXX_NO_OBSOLETE_ISINF_ISNAN_DYNAMIC
1153:C:/Program Files (x86)/Arm GNU Toolchain arm-none-eabi/14.3 rel1/arm-none-eabi/include/c++/14.3.1\cmath ****   using ::isinf;
1154:C:/Program Files (x86)/Arm GNU Toolchain arm-none-eabi/14.3 rel1/arm-none-eabi/include/c++/14.3.1\cmath **** #else
1155:C:/Program Files (x86)/Arm GNU Toolchain arm-none-eabi/14.3 rel1/arm-none-eabi/include/c++/14.3.1\cmath ****   constexpr bool
1156:C:/Program Files (x86)/Arm GNU Toolchain arm-none-eabi/14.3 rel1/arm-none-eabi/include/c++/14.3.1\cmath ****   isinf(double __x)
1157:C:/Program Files (x86)/Arm GNU Toolchain arm-none-eabi/14.3 rel1/arm-none-eabi/include/c++/14.3.1\cmath ****   { return __builtin_isinf(__x); }
1158:C:/Program Files (x86)/Arm GNU Toolchain arm-none-eabi/14.3 rel1/arm-none-eabi/include/c++/14.3.1\cmath **** #endif
1159:C:/Program Files (x86)/Arm GNU Toolchain arm-none-eabi/14.3 rel1/arm-none-eabi/include/c++/14.3.1\cmath **** 
1160:C:/Program Files (x86)/Arm GNU Toolchain arm-none-eabi/14.3 rel1/arm-none-eabi/include/c++/14.3.1\cmath ****   constexpr bool
1161:C:/Program Files (x86)/Arm GNU Toolchain arm-none-eabi/14.3 rel1/arm-none-eabi/include/c++/14.3.1\cmath ****   isinf(long double __x)
1162:C:/Program Files (x86)/Arm GNU Toolchain arm-none-eabi/14.3 rel1/arm-none-eabi/include/c++/14.3.1\cmath ****   { return __builtin_isinf(__x); }
1163:C:/Program Files (x86)/Arm GNU Toolchain arm-none-eabi/14.3 rel1/arm-none-eabi/include/c++/14.3.1\cmath **** #endif
1164:C:/Program Files (x86)/Arm GNU Toolchain arm-none-eabi/14.3 rel1/arm-none-eabi/include/c++/14.3.1\cmath **** 
1165:C:/Program Files (x86)/Arm GNU Toolchain arm-none-eabi/14.3 rel1/arm-none-eabi/include/c++/14.3.1\cmath **** #ifndef __CORRECT_ISO_CPP11_MATH_H_PROTO_INT
1166:C:/Program Files (x86)/Arm GNU Toolchain arm-none-eabi/14.3 rel1/arm-none-eabi/include/c++/14.3.1\cmath ****   template<typename _Tp>
1167:C:/Program Files (x86)/Arm GNU Toolchain arm-none-eabi/14.3 rel1/arm-none-eabi/include/c++/14.3.1\cmath ****     constexpr typename __gnu_cxx::__enable_if<__is_integer<_Tp>::__value,
1168:C:/Program Files (x86)/Arm GNU Toolchain arm-none-eabi/14.3 rel1/arm-none-eabi/include/c++/14.3.1\cmath ****                                               bool>::__type
1169:C:/Program Files (x86)/Arm GNU Toolchain arm-none-eabi/14.3 rel1/arm-none-eabi/include/c++/14.3.1\cmath ****     isinf(_Tp)
1170:C:/Program Files (x86)/Arm GNU Toolchain arm-none-eabi/14.3 rel1/arm-none-eabi/include/c++/14.3.1\cmath ****     { return false; }
1171:C:/Program Files (x86)/Arm GNU Toolchain arm-none-eabi/14.3 rel1/arm-none-eabi/include/c++/14.3.1\cmath **** #endif
1172:C:/Program Files (x86)/Arm GNU Toolchain arm-none-eabi/14.3 rel1/arm-none-eabi/include/c++/14.3.1\cmath **** 
1173:C:/Program Files (x86)/Arm GNU Toolchain arm-none-eabi/14.3 rel1/arm-none-eabi/include/c++/14.3.1\cmath **** #ifndef __CORRECT_ISO_CPP11_MATH_H_PROTO_FP
1174:C:/Program Files (x86)/Arm GNU Toolchain arm-none-eabi/14.3 rel1/arm-none-eabi/include/c++/14.3.1\cmath ****   constexpr bool
1175:C:/Program Files (x86)/Arm GNU Toolchain arm-none-eabi/14.3 rel1/arm-none-eabi/include/c++/14.3.1\cmath ****   isnan(float __x)
1176:C:/Program Files (x86)/Arm GNU Toolchain arm-none-eabi/14.3 rel1/arm-none-eabi/include/c++/14.3.1\cmath ****   { return __builtin_isnan(__x); }
1177:C:/Program Files (x86)/Arm GNU Toolchain arm-none-eabi/14.3 rel1/arm-none-eabi/include/c++/14.3.1\cmath **** 
1178:C:/Program Files (x86)/Arm GNU Toolchain arm-none-eabi/14.3 rel1/arm-none-eabi/include/c++/14.3.1\cmath **** #if _GLIBCXX_HAVE_OBSOLETE_ISNAN \
1179:C:/Program Files (x86)/Arm GNU Toolchain arm-none-eabi/14.3 rel1/arm-none-eabi/include/c++/14.3.1\cmath ****   && !_GLIBCXX_NO_OBSOLETE_ISINF_ISNAN_DYNAMIC
1180:C:/Program Files (x86)/Arm GNU Toolchain arm-none-eabi/14.3 rel1/arm-none-eabi/include/c++/14.3.1\cmath ****   using ::isnan;
1181:C:/Program Files (x86)/Arm GNU Toolchain arm-none-eabi/14.3 rel1/arm-none-eabi/include/c++/14.3.1\cmath **** #else
1182:C:/Program Files (x86)/Arm GNU Toolchain arm-none-eabi/14.3 rel1/arm-none-eabi/include/c++/14.3.1\cmath ****   constexpr bool
1183:C:/Program Files (x86)/Arm GNU Toolchain arm-none-eabi/14.3 rel1/arm-none-eabi/include/c++/14.3.1\cmath ****   isnan(double __x)
1184:C:/Program Files (x86)/Arm GNU Toolchain arm-none-eabi/14.3 rel1/arm-none-eabi/include/c++/14.3.1\cmath ****   { return __builtin_isnan(__x); }
1185:C:/Program Files (x86)/Arm GNU Toolchain arm-none-eabi/14.3 rel1/arm-none-eabi/include/c++/14.3.1\cmath **** #endif
1186:C:/Program Files (x86)/Arm GNU Toolchain arm-none-eabi/14.3 rel1/arm-none-eabi/include/c++/14.3.1\cmath **** 
1187:C:/Program Files (x86)/Arm GNU Toolchain arm-none-eabi/14.3 rel1/arm-none-eabi/include/c++/14.3.1\cmath ****   constexpr bool
1188:C:/Program Files (x86)/Arm GNU Toolchain arm-none-eabi/14.3 rel1/arm-none-eabi/include/c++/14.3.1\cmath ****   isnan(long double __x)
1189:C:/Program Files (x86)/Arm GNU Toolchain arm-none-eabi/14.3 rel1/arm-none-eabi/include/c++/14.3.1\cmath ****   { return __builtin_isnan(__x); }
1190:C:/Program Files (x86)/Arm GNU Toolchain arm-none-eabi/14.3 rel1/arm-none-eabi/include/c++/14.3.1\cmath **** #endif
ARM GAS  C:\Users\Oliver\AppData\Local\Temp\ccb1Hde1.s 			page 65


1191:C:/Program Files (x86)/Arm GNU Toolchain arm-none-eabi/14.3 rel1/arm-none-eabi/include/c++/14.3.1\cmath **** 
1192:C:/Program Files (x86)/Arm GNU Toolchain arm-none-eabi/14.3 rel1/arm-none-eabi/include/c++/14.3.1\cmath **** #ifndef __CORRECT_ISO_CPP11_MATH_H_PROTO_INT
1193:C:/Program Files (x86)/Arm GNU Toolchain arm-none-eabi/14.3 rel1/arm-none-eabi/include/c++/14.3.1\cmath ****   template<typename _Tp>
1194:C:/Program Files (x86)/Arm GNU Toolchain arm-none-eabi/14.3 rel1/arm-none-eabi/include/c++/14.3.1\cmath ****     constexpr typename __gnu_cxx::__enable_if<__is_integer<_Tp>::__value,
1195:C:/Program Files (x86)/Arm GNU Toolchain arm-none-eabi/14.3 rel1/arm-none-eabi/include/c++/14.3.1\cmath ****                                               bool>::__type
1196:C:/Program Files (x86)/Arm GNU Toolchain arm-none-eabi/14.3 rel1/arm-none-eabi/include/c++/14.3.1\cmath ****     isnan(_Tp)
1197:C:/Program Files (x86)/Arm GNU Toolchain arm-none-eabi/14.3 rel1/arm-none-eabi/include/c++/14.3.1\cmath ****     { return false; }
1198:C:/Program Files (x86)/Arm GNU Toolchain arm-none-eabi/14.3 rel1/arm-none-eabi/include/c++/14.3.1\cmath **** #endif
1199:C:/Program Files (x86)/Arm GNU Toolchain arm-none-eabi/14.3 rel1/arm-none-eabi/include/c++/14.3.1\cmath **** 
1200:C:/Program Files (x86)/Arm GNU Toolchain arm-none-eabi/14.3 rel1/arm-none-eabi/include/c++/14.3.1\cmath **** #ifndef __CORRECT_ISO_CPP11_MATH_H_PROTO_FP
1201:C:/Program Files (x86)/Arm GNU Toolchain arm-none-eabi/14.3 rel1/arm-none-eabi/include/c++/14.3.1\cmath ****   constexpr bool
1202:C:/Program Files (x86)/Arm GNU Toolchain arm-none-eabi/14.3 rel1/arm-none-eabi/include/c++/14.3.1\cmath ****   isnormal(float __x)
1203:C:/Program Files (x86)/Arm GNU Toolchain arm-none-eabi/14.3 rel1/arm-none-eabi/include/c++/14.3.1\cmath ****   { return __builtin_isnormal(__x); }
1204:C:/Program Files (x86)/Arm GNU Toolchain arm-none-eabi/14.3 rel1/arm-none-eabi/include/c++/14.3.1\cmath **** 
1205:C:/Program Files (x86)/Arm GNU Toolchain arm-none-eabi/14.3 rel1/arm-none-eabi/include/c++/14.3.1\cmath ****   constexpr bool
1206:C:/Program Files (x86)/Arm GNU Toolchain arm-none-eabi/14.3 rel1/arm-none-eabi/include/c++/14.3.1\cmath ****   isnormal(double __x)
1207:C:/Program Files (x86)/Arm GNU Toolchain arm-none-eabi/14.3 rel1/arm-none-eabi/include/c++/14.3.1\cmath ****   { return __builtin_isnormal(__x); }
1208:C:/Program Files (x86)/Arm GNU Toolchain arm-none-eabi/14.3 rel1/arm-none-eabi/include/c++/14.3.1\cmath **** 
1209:C:/Program Files (x86)/Arm GNU Toolchain arm-none-eabi/14.3 rel1/arm-none-eabi/include/c++/14.3.1\cmath ****   constexpr bool
1210:C:/Program Files (x86)/Arm GNU Toolchain arm-none-eabi/14.3 rel1/arm-none-eabi/include/c++/14.3.1\cmath ****   isnormal(long double __x)
1211:C:/Program Files (x86)/Arm GNU Toolchain arm-none-eabi/14.3 rel1/arm-none-eabi/include/c++/14.3.1\cmath ****   { return __builtin_isnormal(__x); }
1212:C:/Program Files (x86)/Arm GNU Toolchain arm-none-eabi/14.3 rel1/arm-none-eabi/include/c++/14.3.1\cmath **** #endif
1213:C:/Program Files (x86)/Arm GNU Toolchain arm-none-eabi/14.3 rel1/arm-none-eabi/include/c++/14.3.1\cmath **** 
1214:C:/Program Files (x86)/Arm GNU Toolchain arm-none-eabi/14.3 rel1/arm-none-eabi/include/c++/14.3.1\cmath **** #ifndef __CORRECT_ISO_CPP11_MATH_H_PROTO_INT
1215:C:/Program Files (x86)/Arm GNU Toolchain arm-none-eabi/14.3 rel1/arm-none-eabi/include/c++/14.3.1\cmath ****   template<typename _Tp>
1216:C:/Program Files (x86)/Arm GNU Toolchain arm-none-eabi/14.3 rel1/arm-none-eabi/include/c++/14.3.1\cmath ****     constexpr typename __gnu_cxx::__enable_if<__is_integer<_Tp>::__value,
1217:C:/Program Files (x86)/Arm GNU Toolchain arm-none-eabi/14.3 rel1/arm-none-eabi/include/c++/14.3.1\cmath ****                                               bool>::__type
1218:C:/Program Files (x86)/Arm GNU Toolchain arm-none-eabi/14.3 rel1/arm-none-eabi/include/c++/14.3.1\cmath ****     isnormal(_Tp __x)
1219:C:/Program Files (x86)/Arm GNU Toolchain arm-none-eabi/14.3 rel1/arm-none-eabi/include/c++/14.3.1\cmath ****     { return __x != 0 ? true : false; }
1220:C:/Program Files (x86)/Arm GNU Toolchain arm-none-eabi/14.3 rel1/arm-none-eabi/include/c++/14.3.1\cmath **** #endif
1221:C:/Program Files (x86)/Arm GNU Toolchain arm-none-eabi/14.3 rel1/arm-none-eabi/include/c++/14.3.1\cmath **** 
1222:C:/Program Files (x86)/Arm GNU Toolchain arm-none-eabi/14.3 rel1/arm-none-eabi/include/c++/14.3.1\cmath **** #ifndef __CORRECT_ISO_CPP11_MATH_H_PROTO_FP
1223:C:/Program Files (x86)/Arm GNU Toolchain arm-none-eabi/14.3 rel1/arm-none-eabi/include/c++/14.3.1\cmath ****   // Note: middle-end/36757 is fixed, __builtin_signbit is type-generic.
1224:C:/Program Files (x86)/Arm GNU Toolchain arm-none-eabi/14.3 rel1/arm-none-eabi/include/c++/14.3.1\cmath ****   constexpr bool
1225:C:/Program Files (x86)/Arm GNU Toolchain arm-none-eabi/14.3 rel1/arm-none-eabi/include/c++/14.3.1\cmath ****   signbit(float __x)
1226:C:/Program Files (x86)/Arm GNU Toolchain arm-none-eabi/14.3 rel1/arm-none-eabi/include/c++/14.3.1\cmath ****   { return __builtin_signbit(__x); }
1227:C:/Program Files (x86)/Arm GNU Toolchain arm-none-eabi/14.3 rel1/arm-none-eabi/include/c++/14.3.1\cmath **** 
1228:C:/Program Files (x86)/Arm GNU Toolchain arm-none-eabi/14.3 rel1/arm-none-eabi/include/c++/14.3.1\cmath ****   constexpr bool
1229:C:/Program Files (x86)/Arm GNU Toolchain arm-none-eabi/14.3 rel1/arm-none-eabi/include/c++/14.3.1\cmath ****   signbit(double __x)
1230:C:/Program Files (x86)/Arm GNU Toolchain arm-none-eabi/14.3 rel1/arm-none-eabi/include/c++/14.3.1\cmath ****   { return __builtin_signbit(__x); }
1231:C:/Program Files (x86)/Arm GNU Toolchain arm-none-eabi/14.3 rel1/arm-none-eabi/include/c++/14.3.1\cmath **** 
1232:C:/Program Files (x86)/Arm GNU Toolchain arm-none-eabi/14.3 rel1/arm-none-eabi/include/c++/14.3.1\cmath ****   constexpr bool
1233:C:/Program Files (x86)/Arm GNU Toolchain arm-none-eabi/14.3 rel1/arm-none-eabi/include/c++/14.3.1\cmath ****   signbit(long double __x)
1234:C:/Program Files (x86)/Arm GNU Toolchain arm-none-eabi/14.3 rel1/arm-none-eabi/include/c++/14.3.1\cmath ****   { return __builtin_signbit(__x); }
1235:C:/Program Files (x86)/Arm GNU Toolchain arm-none-eabi/14.3 rel1/arm-none-eabi/include/c++/14.3.1\cmath **** #endif
1236:C:/Program Files (x86)/Arm GNU Toolchain arm-none-eabi/14.3 rel1/arm-none-eabi/include/c++/14.3.1\cmath **** 
1237:C:/Program Files (x86)/Arm GNU Toolchain arm-none-eabi/14.3 rel1/arm-none-eabi/include/c++/14.3.1\cmath **** #ifndef __CORRECT_ISO_CPP11_MATH_H_PROTO_INT
1238:C:/Program Files (x86)/Arm GNU Toolchain arm-none-eabi/14.3 rel1/arm-none-eabi/include/c++/14.3.1\cmath ****   template<typename _Tp>
1239:C:/Program Files (x86)/Arm GNU Toolchain arm-none-eabi/14.3 rel1/arm-none-eabi/include/c++/14.3.1\cmath ****     constexpr typename __gnu_cxx::__enable_if<__is_integer<_Tp>::__value,
1240:C:/Program Files (x86)/Arm GNU Toolchain arm-none-eabi/14.3 rel1/arm-none-eabi/include/c++/14.3.1\cmath ****                                               bool>::__type
1241:C:/Program Files (x86)/Arm GNU Toolchain arm-none-eabi/14.3 rel1/arm-none-eabi/include/c++/14.3.1\cmath ****     signbit(_Tp __x)
1242:C:/Program Files (x86)/Arm GNU Toolchain arm-none-eabi/14.3 rel1/arm-none-eabi/include/c++/14.3.1\cmath ****     { return __x < 0 ? true : false; }
1243:C:/Program Files (x86)/Arm GNU Toolchain arm-none-eabi/14.3 rel1/arm-none-eabi/include/c++/14.3.1\cmath **** #endif
1244:C:/Program Files (x86)/Arm GNU Toolchain arm-none-eabi/14.3 rel1/arm-none-eabi/include/c++/14.3.1\cmath **** 
1245:C:/Program Files (x86)/Arm GNU Toolchain arm-none-eabi/14.3 rel1/arm-none-eabi/include/c++/14.3.1\cmath **** #ifndef __CORRECT_ISO_CPP11_MATH_H_PROTO_FP
1246:C:/Program Files (x86)/Arm GNU Toolchain arm-none-eabi/14.3 rel1/arm-none-eabi/include/c++/14.3.1\cmath ****   constexpr bool
1247:C:/Program Files (x86)/Arm GNU Toolchain arm-none-eabi/14.3 rel1/arm-none-eabi/include/c++/14.3.1\cmath ****   isgreater(float __x, float __y)
ARM GAS  C:\Users\Oliver\AppData\Local\Temp\ccb1Hde1.s 			page 66


1248:C:/Program Files (x86)/Arm GNU Toolchain arm-none-eabi/14.3 rel1/arm-none-eabi/include/c++/14.3.1\cmath ****   { return __builtin_isgreater(__x, __y); }
1249:C:/Program Files (x86)/Arm GNU Toolchain arm-none-eabi/14.3 rel1/arm-none-eabi/include/c++/14.3.1\cmath **** 
1250:C:/Program Files (x86)/Arm GNU Toolchain arm-none-eabi/14.3 rel1/arm-none-eabi/include/c++/14.3.1\cmath ****   constexpr bool
1251:C:/Program Files (x86)/Arm GNU Toolchain arm-none-eabi/14.3 rel1/arm-none-eabi/include/c++/14.3.1\cmath ****   isgreater(double __x, double __y)
1252:C:/Program Files (x86)/Arm GNU Toolchain arm-none-eabi/14.3 rel1/arm-none-eabi/include/c++/14.3.1\cmath ****   { return __builtin_isgreater(__x, __y); }
1253:C:/Program Files (x86)/Arm GNU Toolchain arm-none-eabi/14.3 rel1/arm-none-eabi/include/c++/14.3.1\cmath **** 
1254:C:/Program Files (x86)/Arm GNU Toolchain arm-none-eabi/14.3 rel1/arm-none-eabi/include/c++/14.3.1\cmath ****   constexpr bool
1255:C:/Program Files (x86)/Arm GNU Toolchain arm-none-eabi/14.3 rel1/arm-none-eabi/include/c++/14.3.1\cmath ****   isgreater(long double __x, long double __y)
1256:C:/Program Files (x86)/Arm GNU Toolchain arm-none-eabi/14.3 rel1/arm-none-eabi/include/c++/14.3.1\cmath ****   { return __builtin_isgreater(__x, __y); }
1257:C:/Program Files (x86)/Arm GNU Toolchain arm-none-eabi/14.3 rel1/arm-none-eabi/include/c++/14.3.1\cmath **** #endif
1258:C:/Program Files (x86)/Arm GNU Toolchain arm-none-eabi/14.3 rel1/arm-none-eabi/include/c++/14.3.1\cmath **** 
1259:C:/Program Files (x86)/Arm GNU Toolchain arm-none-eabi/14.3 rel1/arm-none-eabi/include/c++/14.3.1\cmath **** #ifndef __CORRECT_ISO_CPP11_MATH_H_PROTO_INT
1260:C:/Program Files (x86)/Arm GNU Toolchain arm-none-eabi/14.3 rel1/arm-none-eabi/include/c++/14.3.1\cmath ****   template<typename _Tp, typename _Up>
1261:C:/Program Files (x86)/Arm GNU Toolchain arm-none-eabi/14.3 rel1/arm-none-eabi/include/c++/14.3.1\cmath ****     constexpr typename
1262:C:/Program Files (x86)/Arm GNU Toolchain arm-none-eabi/14.3 rel1/arm-none-eabi/include/c++/14.3.1\cmath ****     __gnu_cxx::__enable_if<(__is_arithmetic<_Tp>::__value
1263:C:/Program Files (x86)/Arm GNU Toolchain arm-none-eabi/14.3 rel1/arm-none-eabi/include/c++/14.3.1\cmath **** 			    && __is_arithmetic<_Up>::__value), bool>::__type
1264:C:/Program Files (x86)/Arm GNU Toolchain arm-none-eabi/14.3 rel1/arm-none-eabi/include/c++/14.3.1\cmath ****     isgreater(_Tp __x, _Up __y)
1265:C:/Program Files (x86)/Arm GNU Toolchain arm-none-eabi/14.3 rel1/arm-none-eabi/include/c++/14.3.1\cmath ****     {
1266:C:/Program Files (x86)/Arm GNU Toolchain arm-none-eabi/14.3 rel1/arm-none-eabi/include/c++/14.3.1\cmath ****       typedef typename __gnu_cxx::__promote_2<_Tp, _Up>::__type __type;
1267:C:/Program Files (x86)/Arm GNU Toolchain arm-none-eabi/14.3 rel1/arm-none-eabi/include/c++/14.3.1\cmath ****       return __builtin_isgreater(__type(__x), __type(__y));
1268:C:/Program Files (x86)/Arm GNU Toolchain arm-none-eabi/14.3 rel1/arm-none-eabi/include/c++/14.3.1\cmath ****     }
1269:C:/Program Files (x86)/Arm GNU Toolchain arm-none-eabi/14.3 rel1/arm-none-eabi/include/c++/14.3.1\cmath **** #endif
1270:C:/Program Files (x86)/Arm GNU Toolchain arm-none-eabi/14.3 rel1/arm-none-eabi/include/c++/14.3.1\cmath **** 
1271:C:/Program Files (x86)/Arm GNU Toolchain arm-none-eabi/14.3 rel1/arm-none-eabi/include/c++/14.3.1\cmath **** #ifndef __CORRECT_ISO_CPP11_MATH_H_PROTO_FP
1272:C:/Program Files (x86)/Arm GNU Toolchain arm-none-eabi/14.3 rel1/arm-none-eabi/include/c++/14.3.1\cmath ****   constexpr bool
1273:C:/Program Files (x86)/Arm GNU Toolchain arm-none-eabi/14.3 rel1/arm-none-eabi/include/c++/14.3.1\cmath ****   isgreaterequal(float __x, float __y)
1274:C:/Program Files (x86)/Arm GNU Toolchain arm-none-eabi/14.3 rel1/arm-none-eabi/include/c++/14.3.1\cmath ****   { return __builtin_isgreaterequal(__x, __y); }
1275:C:/Program Files (x86)/Arm GNU Toolchain arm-none-eabi/14.3 rel1/arm-none-eabi/include/c++/14.3.1\cmath **** 
1276:C:/Program Files (x86)/Arm GNU Toolchain arm-none-eabi/14.3 rel1/arm-none-eabi/include/c++/14.3.1\cmath ****   constexpr bool
1277:C:/Program Files (x86)/Arm GNU Toolchain arm-none-eabi/14.3 rel1/arm-none-eabi/include/c++/14.3.1\cmath ****   isgreaterequal(double __x, double __y)
1278:C:/Program Files (x86)/Arm GNU Toolchain arm-none-eabi/14.3 rel1/arm-none-eabi/include/c++/14.3.1\cmath ****   { return __builtin_isgreaterequal(__x, __y); }
1279:C:/Program Files (x86)/Arm GNU Toolchain arm-none-eabi/14.3 rel1/arm-none-eabi/include/c++/14.3.1\cmath **** 
1280:C:/Program Files (x86)/Arm GNU Toolchain arm-none-eabi/14.3 rel1/arm-none-eabi/include/c++/14.3.1\cmath ****   constexpr bool
1281:C:/Program Files (x86)/Arm GNU Toolchain arm-none-eabi/14.3 rel1/arm-none-eabi/include/c++/14.3.1\cmath ****   isgreaterequal(long double __x, long double __y)
1282:C:/Program Files (x86)/Arm GNU Toolchain arm-none-eabi/14.3 rel1/arm-none-eabi/include/c++/14.3.1\cmath ****   { return __builtin_isgreaterequal(__x, __y); }
1283:C:/Program Files (x86)/Arm GNU Toolchain arm-none-eabi/14.3 rel1/arm-none-eabi/include/c++/14.3.1\cmath **** #endif
1284:C:/Program Files (x86)/Arm GNU Toolchain arm-none-eabi/14.3 rel1/arm-none-eabi/include/c++/14.3.1\cmath **** 
1285:C:/Program Files (x86)/Arm GNU Toolchain arm-none-eabi/14.3 rel1/arm-none-eabi/include/c++/14.3.1\cmath **** #ifndef __CORRECT_ISO_CPP11_MATH_H_PROTO_INT
1286:C:/Program Files (x86)/Arm GNU Toolchain arm-none-eabi/14.3 rel1/arm-none-eabi/include/c++/14.3.1\cmath ****   template<typename _Tp, typename _Up>
1287:C:/Program Files (x86)/Arm GNU Toolchain arm-none-eabi/14.3 rel1/arm-none-eabi/include/c++/14.3.1\cmath ****     constexpr typename
1288:C:/Program Files (x86)/Arm GNU Toolchain arm-none-eabi/14.3 rel1/arm-none-eabi/include/c++/14.3.1\cmath ****     __gnu_cxx::__enable_if<(__is_arithmetic<_Tp>::__value
1289:C:/Program Files (x86)/Arm GNU Toolchain arm-none-eabi/14.3 rel1/arm-none-eabi/include/c++/14.3.1\cmath **** 			    && __is_arithmetic<_Up>::__value), bool>::__type
1290:C:/Program Files (x86)/Arm GNU Toolchain arm-none-eabi/14.3 rel1/arm-none-eabi/include/c++/14.3.1\cmath ****     isgreaterequal(_Tp __x, _Up __y)
1291:C:/Program Files (x86)/Arm GNU Toolchain arm-none-eabi/14.3 rel1/arm-none-eabi/include/c++/14.3.1\cmath ****     {
1292:C:/Program Files (x86)/Arm GNU Toolchain arm-none-eabi/14.3 rel1/arm-none-eabi/include/c++/14.3.1\cmath ****       typedef typename __gnu_cxx::__promote_2<_Tp, _Up>::__type __type;
1293:C:/Program Files (x86)/Arm GNU Toolchain arm-none-eabi/14.3 rel1/arm-none-eabi/include/c++/14.3.1\cmath ****       return __builtin_isgreaterequal(__type(__x), __type(__y));
1294:C:/Program Files (x86)/Arm GNU Toolchain arm-none-eabi/14.3 rel1/arm-none-eabi/include/c++/14.3.1\cmath ****     }
1295:C:/Program Files (x86)/Arm GNU Toolchain arm-none-eabi/14.3 rel1/arm-none-eabi/include/c++/14.3.1\cmath **** #endif
1296:C:/Program Files (x86)/Arm GNU Toolchain arm-none-eabi/14.3 rel1/arm-none-eabi/include/c++/14.3.1\cmath **** 
1297:C:/Program Files (x86)/Arm GNU Toolchain arm-none-eabi/14.3 rel1/arm-none-eabi/include/c++/14.3.1\cmath **** #ifndef __CORRECT_ISO_CPP11_MATH_H_PROTO_FP
1298:C:/Program Files (x86)/Arm GNU Toolchain arm-none-eabi/14.3 rel1/arm-none-eabi/include/c++/14.3.1\cmath ****   constexpr bool
1299:C:/Program Files (x86)/Arm GNU Toolchain arm-none-eabi/14.3 rel1/arm-none-eabi/include/c++/14.3.1\cmath ****   isless(float __x, float __y)
1300:C:/Program Files (x86)/Arm GNU Toolchain arm-none-eabi/14.3 rel1/arm-none-eabi/include/c++/14.3.1\cmath ****   { return __builtin_isless(__x, __y); }
1301:C:/Program Files (x86)/Arm GNU Toolchain arm-none-eabi/14.3 rel1/arm-none-eabi/include/c++/14.3.1\cmath **** 
1302:C:/Program Files (x86)/Arm GNU Toolchain arm-none-eabi/14.3 rel1/arm-none-eabi/include/c++/14.3.1\cmath ****   constexpr bool
1303:C:/Program Files (x86)/Arm GNU Toolchain arm-none-eabi/14.3 rel1/arm-none-eabi/include/c++/14.3.1\cmath ****   isless(double __x, double __y)
1304:C:/Program Files (x86)/Arm GNU Toolchain arm-none-eabi/14.3 rel1/arm-none-eabi/include/c++/14.3.1\cmath ****   { return __builtin_isless(__x, __y); }
ARM GAS  C:\Users\Oliver\AppData\Local\Temp\ccb1Hde1.s 			page 67


1305:C:/Program Files (x86)/Arm GNU Toolchain arm-none-eabi/14.3 rel1/arm-none-eabi/include/c++/14.3.1\cmath **** 
1306:C:/Program Files (x86)/Arm GNU Toolchain arm-none-eabi/14.3 rel1/arm-none-eabi/include/c++/14.3.1\cmath ****   constexpr bool
1307:C:/Program Files (x86)/Arm GNU Toolchain arm-none-eabi/14.3 rel1/arm-none-eabi/include/c++/14.3.1\cmath ****   isless(long double __x, long double __y)
1308:C:/Program Files (x86)/Arm GNU Toolchain arm-none-eabi/14.3 rel1/arm-none-eabi/include/c++/14.3.1\cmath ****   { return __builtin_isless(__x, __y); }
1309:C:/Program Files (x86)/Arm GNU Toolchain arm-none-eabi/14.3 rel1/arm-none-eabi/include/c++/14.3.1\cmath **** #endif
1310:C:/Program Files (x86)/Arm GNU Toolchain arm-none-eabi/14.3 rel1/arm-none-eabi/include/c++/14.3.1\cmath **** 
1311:C:/Program Files (x86)/Arm GNU Toolchain arm-none-eabi/14.3 rel1/arm-none-eabi/include/c++/14.3.1\cmath **** #ifndef __CORRECT_ISO_CPP11_MATH_H_PROTO_INT
1312:C:/Program Files (x86)/Arm GNU Toolchain arm-none-eabi/14.3 rel1/arm-none-eabi/include/c++/14.3.1\cmath ****   template<typename _Tp, typename _Up>
1313:C:/Program Files (x86)/Arm GNU Toolchain arm-none-eabi/14.3 rel1/arm-none-eabi/include/c++/14.3.1\cmath ****     constexpr typename
1314:C:/Program Files (x86)/Arm GNU Toolchain arm-none-eabi/14.3 rel1/arm-none-eabi/include/c++/14.3.1\cmath ****     __gnu_cxx::__enable_if<(__is_arithmetic<_Tp>::__value
1315:C:/Program Files (x86)/Arm GNU Toolchain arm-none-eabi/14.3 rel1/arm-none-eabi/include/c++/14.3.1\cmath **** 			    && __is_arithmetic<_Up>::__value), bool>::__type
1316:C:/Program Files (x86)/Arm GNU Toolchain arm-none-eabi/14.3 rel1/arm-none-eabi/include/c++/14.3.1\cmath ****     isless(_Tp __x, _Up __y)
1317:C:/Program Files (x86)/Arm GNU Toolchain arm-none-eabi/14.3 rel1/arm-none-eabi/include/c++/14.3.1\cmath ****     {
1318:C:/Program Files (x86)/Arm GNU Toolchain arm-none-eabi/14.3 rel1/arm-none-eabi/include/c++/14.3.1\cmath ****       typedef typename __gnu_cxx::__promote_2<_Tp, _Up>::__type __type;
1319:C:/Program Files (x86)/Arm GNU Toolchain arm-none-eabi/14.3 rel1/arm-none-eabi/include/c++/14.3.1\cmath ****       return __builtin_isless(__type(__x), __type(__y));
1320:C:/Program Files (x86)/Arm GNU Toolchain arm-none-eabi/14.3 rel1/arm-none-eabi/include/c++/14.3.1\cmath ****     }
1321:C:/Program Files (x86)/Arm GNU Toolchain arm-none-eabi/14.3 rel1/arm-none-eabi/include/c++/14.3.1\cmath **** #endif
1322:C:/Program Files (x86)/Arm GNU Toolchain arm-none-eabi/14.3 rel1/arm-none-eabi/include/c++/14.3.1\cmath **** 
1323:C:/Program Files (x86)/Arm GNU Toolchain arm-none-eabi/14.3 rel1/arm-none-eabi/include/c++/14.3.1\cmath **** #ifndef __CORRECT_ISO_CPP11_MATH_H_PROTO_FP
1324:C:/Program Files (x86)/Arm GNU Toolchain arm-none-eabi/14.3 rel1/arm-none-eabi/include/c++/14.3.1\cmath ****   constexpr bool
1325:C:/Program Files (x86)/Arm GNU Toolchain arm-none-eabi/14.3 rel1/arm-none-eabi/include/c++/14.3.1\cmath ****   islessequal(float __x, float __y)
1326:C:/Program Files (x86)/Arm GNU Toolchain arm-none-eabi/14.3 rel1/arm-none-eabi/include/c++/14.3.1\cmath ****   { return __builtin_islessequal(__x, __y); }
1327:C:/Program Files (x86)/Arm GNU Toolchain arm-none-eabi/14.3 rel1/arm-none-eabi/include/c++/14.3.1\cmath **** 
1328:C:/Program Files (x86)/Arm GNU Toolchain arm-none-eabi/14.3 rel1/arm-none-eabi/include/c++/14.3.1\cmath ****   constexpr bool
1329:C:/Program Files (x86)/Arm GNU Toolchain arm-none-eabi/14.3 rel1/arm-none-eabi/include/c++/14.3.1\cmath ****   islessequal(double __x, double __y)
1330:C:/Program Files (x86)/Arm GNU Toolchain arm-none-eabi/14.3 rel1/arm-none-eabi/include/c++/14.3.1\cmath ****   { return __builtin_islessequal(__x, __y); }
1331:C:/Program Files (x86)/Arm GNU Toolchain arm-none-eabi/14.3 rel1/arm-none-eabi/include/c++/14.3.1\cmath **** 
1332:C:/Program Files (x86)/Arm GNU Toolchain arm-none-eabi/14.3 rel1/arm-none-eabi/include/c++/14.3.1\cmath ****   constexpr bool
1333:C:/Program Files (x86)/Arm GNU Toolchain arm-none-eabi/14.3 rel1/arm-none-eabi/include/c++/14.3.1\cmath ****   islessequal(long double __x, long double __y)
1334:C:/Program Files (x86)/Arm GNU Toolchain arm-none-eabi/14.3 rel1/arm-none-eabi/include/c++/14.3.1\cmath ****   { return __builtin_islessequal(__x, __y); }
1335:C:/Program Files (x86)/Arm GNU Toolchain arm-none-eabi/14.3 rel1/arm-none-eabi/include/c++/14.3.1\cmath **** #endif
1336:C:/Program Files (x86)/Arm GNU Toolchain arm-none-eabi/14.3 rel1/arm-none-eabi/include/c++/14.3.1\cmath **** 
1337:C:/Program Files (x86)/Arm GNU Toolchain arm-none-eabi/14.3 rel1/arm-none-eabi/include/c++/14.3.1\cmath **** #ifndef __CORRECT_ISO_CPP11_MATH_H_PROTO_INT
1338:C:/Program Files (x86)/Arm GNU Toolchain arm-none-eabi/14.3 rel1/arm-none-eabi/include/c++/14.3.1\cmath ****   template<typename _Tp, typename _Up>
1339:C:/Program Files (x86)/Arm GNU Toolchain arm-none-eabi/14.3 rel1/arm-none-eabi/include/c++/14.3.1\cmath ****     constexpr typename
1340:C:/Program Files (x86)/Arm GNU Toolchain arm-none-eabi/14.3 rel1/arm-none-eabi/include/c++/14.3.1\cmath ****     __gnu_cxx::__enable_if<(__is_arithmetic<_Tp>::__value
1341:C:/Program Files (x86)/Arm GNU Toolchain arm-none-eabi/14.3 rel1/arm-none-eabi/include/c++/14.3.1\cmath **** 			    && __is_arithmetic<_Up>::__value), bool>::__type
1342:C:/Program Files (x86)/Arm GNU Toolchain arm-none-eabi/14.3 rel1/arm-none-eabi/include/c++/14.3.1\cmath ****     islessequal(_Tp __x, _Up __y)
1343:C:/Program Files (x86)/Arm GNU Toolchain arm-none-eabi/14.3 rel1/arm-none-eabi/include/c++/14.3.1\cmath ****     {
1344:C:/Program Files (x86)/Arm GNU Toolchain arm-none-eabi/14.3 rel1/arm-none-eabi/include/c++/14.3.1\cmath ****       typedef typename __gnu_cxx::__promote_2<_Tp, _Up>::__type __type;
1345:C:/Program Files (x86)/Arm GNU Toolchain arm-none-eabi/14.3 rel1/arm-none-eabi/include/c++/14.3.1\cmath ****       return __builtin_islessequal(__type(__x), __type(__y));
1346:C:/Program Files (x86)/Arm GNU Toolchain arm-none-eabi/14.3 rel1/arm-none-eabi/include/c++/14.3.1\cmath ****     }
1347:C:/Program Files (x86)/Arm GNU Toolchain arm-none-eabi/14.3 rel1/arm-none-eabi/include/c++/14.3.1\cmath **** #endif
1348:C:/Program Files (x86)/Arm GNU Toolchain arm-none-eabi/14.3 rel1/arm-none-eabi/include/c++/14.3.1\cmath **** 
1349:C:/Program Files (x86)/Arm GNU Toolchain arm-none-eabi/14.3 rel1/arm-none-eabi/include/c++/14.3.1\cmath **** #ifndef __CORRECT_ISO_CPP11_MATH_H_PROTO_FP
1350:C:/Program Files (x86)/Arm GNU Toolchain arm-none-eabi/14.3 rel1/arm-none-eabi/include/c++/14.3.1\cmath ****   constexpr bool
1351:C:/Program Files (x86)/Arm GNU Toolchain arm-none-eabi/14.3 rel1/arm-none-eabi/include/c++/14.3.1\cmath ****   islessgreater(float __x, float __y)
1352:C:/Program Files (x86)/Arm GNU Toolchain arm-none-eabi/14.3 rel1/arm-none-eabi/include/c++/14.3.1\cmath ****   { return __builtin_islessgreater(__x, __y); }
1353:C:/Program Files (x86)/Arm GNU Toolchain arm-none-eabi/14.3 rel1/arm-none-eabi/include/c++/14.3.1\cmath **** 
1354:C:/Program Files (x86)/Arm GNU Toolchain arm-none-eabi/14.3 rel1/arm-none-eabi/include/c++/14.3.1\cmath ****   constexpr bool
1355:C:/Program Files (x86)/Arm GNU Toolchain arm-none-eabi/14.3 rel1/arm-none-eabi/include/c++/14.3.1\cmath ****   islessgreater(double __x, double __y)
1356:C:/Program Files (x86)/Arm GNU Toolchain arm-none-eabi/14.3 rel1/arm-none-eabi/include/c++/14.3.1\cmath ****   { return __builtin_islessgreater(__x, __y); }
1357:C:/Program Files (x86)/Arm GNU Toolchain arm-none-eabi/14.3 rel1/arm-none-eabi/include/c++/14.3.1\cmath **** 
1358:C:/Program Files (x86)/Arm GNU Toolchain arm-none-eabi/14.3 rel1/arm-none-eabi/include/c++/14.3.1\cmath ****   constexpr bool
1359:C:/Program Files (x86)/Arm GNU Toolchain arm-none-eabi/14.3 rel1/arm-none-eabi/include/c++/14.3.1\cmath ****   islessgreater(long double __x, long double __y)
1360:C:/Program Files (x86)/Arm GNU Toolchain arm-none-eabi/14.3 rel1/arm-none-eabi/include/c++/14.3.1\cmath ****   { return __builtin_islessgreater(__x, __y); }
1361:C:/Program Files (x86)/Arm GNU Toolchain arm-none-eabi/14.3 rel1/arm-none-eabi/include/c++/14.3.1\cmath **** #endif
ARM GAS  C:\Users\Oliver\AppData\Local\Temp\ccb1Hde1.s 			page 68


1362:C:/Program Files (x86)/Arm GNU Toolchain arm-none-eabi/14.3 rel1/arm-none-eabi/include/c++/14.3.1\cmath **** 
1363:C:/Program Files (x86)/Arm GNU Toolchain arm-none-eabi/14.3 rel1/arm-none-eabi/include/c++/14.3.1\cmath **** #ifndef __CORRECT_ISO_CPP11_MATH_H_PROTO_INT
1364:C:/Program Files (x86)/Arm GNU Toolchain arm-none-eabi/14.3 rel1/arm-none-eabi/include/c++/14.3.1\cmath ****   template<typename _Tp, typename _Up>
1365:C:/Program Files (x86)/Arm GNU Toolchain arm-none-eabi/14.3 rel1/arm-none-eabi/include/c++/14.3.1\cmath ****     constexpr typename
1366:C:/Program Files (x86)/Arm GNU Toolchain arm-none-eabi/14.3 rel1/arm-none-eabi/include/c++/14.3.1\cmath ****     __gnu_cxx::__enable_if<(__is_arithmetic<_Tp>::__value
1367:C:/Program Files (x86)/Arm GNU Toolchain arm-none-eabi/14.3 rel1/arm-none-eabi/include/c++/14.3.1\cmath **** 			    && __is_arithmetic<_Up>::__value), bool>::__type
1368:C:/Program Files (x86)/Arm GNU Toolchain arm-none-eabi/14.3 rel1/arm-none-eabi/include/c++/14.3.1\cmath ****     islessgreater(_Tp __x, _Up __y)
1369:C:/Program Files (x86)/Arm GNU Toolchain arm-none-eabi/14.3 rel1/arm-none-eabi/include/c++/14.3.1\cmath ****     {
1370:C:/Program Files (x86)/Arm GNU Toolchain arm-none-eabi/14.3 rel1/arm-none-eabi/include/c++/14.3.1\cmath ****       typedef typename __gnu_cxx::__promote_2<_Tp, _Up>::__type __type;
1371:C:/Program Files (x86)/Arm GNU Toolchain arm-none-eabi/14.3 rel1/arm-none-eabi/include/c++/14.3.1\cmath ****       return __builtin_islessgreater(__type(__x), __type(__y));
1372:C:/Program Files (x86)/Arm GNU Toolchain arm-none-eabi/14.3 rel1/arm-none-eabi/include/c++/14.3.1\cmath ****     }
1373:C:/Program Files (x86)/Arm GNU Toolchain arm-none-eabi/14.3 rel1/arm-none-eabi/include/c++/14.3.1\cmath **** #endif
1374:C:/Program Files (x86)/Arm GNU Toolchain arm-none-eabi/14.3 rel1/arm-none-eabi/include/c++/14.3.1\cmath **** 
1375:C:/Program Files (x86)/Arm GNU Toolchain arm-none-eabi/14.3 rel1/arm-none-eabi/include/c++/14.3.1\cmath **** #ifndef __CORRECT_ISO_CPP11_MATH_H_PROTO_FP
1376:C:/Program Files (x86)/Arm GNU Toolchain arm-none-eabi/14.3 rel1/arm-none-eabi/include/c++/14.3.1\cmath ****   constexpr bool
1377:C:/Program Files (x86)/Arm GNU Toolchain arm-none-eabi/14.3 rel1/arm-none-eabi/include/c++/14.3.1\cmath ****   isunordered(float __x, float __y)
1378:C:/Program Files (x86)/Arm GNU Toolchain arm-none-eabi/14.3 rel1/arm-none-eabi/include/c++/14.3.1\cmath ****   { return __builtin_isunordered(__x, __y); }
1379:C:/Program Files (x86)/Arm GNU Toolchain arm-none-eabi/14.3 rel1/arm-none-eabi/include/c++/14.3.1\cmath **** 
1380:C:/Program Files (x86)/Arm GNU Toolchain arm-none-eabi/14.3 rel1/arm-none-eabi/include/c++/14.3.1\cmath ****   constexpr bool
1381:C:/Program Files (x86)/Arm GNU Toolchain arm-none-eabi/14.3 rel1/arm-none-eabi/include/c++/14.3.1\cmath ****   isunordered(double __x, double __y)
1382:C:/Program Files (x86)/Arm GNU Toolchain arm-none-eabi/14.3 rel1/arm-none-eabi/include/c++/14.3.1\cmath ****   { return __builtin_isunordered(__x, __y); }
1383:C:/Program Files (x86)/Arm GNU Toolchain arm-none-eabi/14.3 rel1/arm-none-eabi/include/c++/14.3.1\cmath **** 
1384:C:/Program Files (x86)/Arm GNU Toolchain arm-none-eabi/14.3 rel1/arm-none-eabi/include/c++/14.3.1\cmath ****   constexpr bool
1385:C:/Program Files (x86)/Arm GNU Toolchain arm-none-eabi/14.3 rel1/arm-none-eabi/include/c++/14.3.1\cmath ****   isunordered(long double __x, long double __y)
1386:C:/Program Files (x86)/Arm GNU Toolchain arm-none-eabi/14.3 rel1/arm-none-eabi/include/c++/14.3.1\cmath ****   { return __builtin_isunordered(__x, __y); }
1387:C:/Program Files (x86)/Arm GNU Toolchain arm-none-eabi/14.3 rel1/arm-none-eabi/include/c++/14.3.1\cmath **** #endif
1388:C:/Program Files (x86)/Arm GNU Toolchain arm-none-eabi/14.3 rel1/arm-none-eabi/include/c++/14.3.1\cmath **** 
1389:C:/Program Files (x86)/Arm GNU Toolchain arm-none-eabi/14.3 rel1/arm-none-eabi/include/c++/14.3.1\cmath **** #ifndef __CORRECT_ISO_CPP11_MATH_H_PROTO_INT
1390:C:/Program Files (x86)/Arm GNU Toolchain arm-none-eabi/14.3 rel1/arm-none-eabi/include/c++/14.3.1\cmath ****   template<typename _Tp, typename _Up>
1391:C:/Program Files (x86)/Arm GNU Toolchain arm-none-eabi/14.3 rel1/arm-none-eabi/include/c++/14.3.1\cmath ****     constexpr typename
1392:C:/Program Files (x86)/Arm GNU Toolchain arm-none-eabi/14.3 rel1/arm-none-eabi/include/c++/14.3.1\cmath ****     __gnu_cxx::__enable_if<(__is_arithmetic<_Tp>::__value
1393:C:/Program Files (x86)/Arm GNU Toolchain arm-none-eabi/14.3 rel1/arm-none-eabi/include/c++/14.3.1\cmath **** 			    && __is_arithmetic<_Up>::__value), bool>::__type
1394:C:/Program Files (x86)/Arm GNU Toolchain arm-none-eabi/14.3 rel1/arm-none-eabi/include/c++/14.3.1\cmath ****     isunordered(_Tp __x, _Up __y)
1395:C:/Program Files (x86)/Arm GNU Toolchain arm-none-eabi/14.3 rel1/arm-none-eabi/include/c++/14.3.1\cmath ****     {
1396:C:/Program Files (x86)/Arm GNU Toolchain arm-none-eabi/14.3 rel1/arm-none-eabi/include/c++/14.3.1\cmath ****       typedef typename __gnu_cxx::__promote_2<_Tp, _Up>::__type __type;
1397:C:/Program Files (x86)/Arm GNU Toolchain arm-none-eabi/14.3 rel1/arm-none-eabi/include/c++/14.3.1\cmath ****       return __builtin_isunordered(__type(__x), __type(__y));
1398:C:/Program Files (x86)/Arm GNU Toolchain arm-none-eabi/14.3 rel1/arm-none-eabi/include/c++/14.3.1\cmath ****     }
1399:C:/Program Files (x86)/Arm GNU Toolchain arm-none-eabi/14.3 rel1/arm-none-eabi/include/c++/14.3.1\cmath **** #endif
1400:C:/Program Files (x86)/Arm GNU Toolchain arm-none-eabi/14.3 rel1/arm-none-eabi/include/c++/14.3.1\cmath **** 
1401:C:/Program Files (x86)/Arm GNU Toolchain arm-none-eabi/14.3 rel1/arm-none-eabi/include/c++/14.3.1\cmath **** #else
1402:C:/Program Files (x86)/Arm GNU Toolchain arm-none-eabi/14.3 rel1/arm-none-eabi/include/c++/14.3.1\cmath **** 
1403:C:/Program Files (x86)/Arm GNU Toolchain arm-none-eabi/14.3 rel1/arm-none-eabi/include/c++/14.3.1\cmath ****   template<typename _Tp>
1404:C:/Program Files (x86)/Arm GNU Toolchain arm-none-eabi/14.3 rel1/arm-none-eabi/include/c++/14.3.1\cmath ****     inline typename __gnu_cxx::__enable_if<__is_arithmetic<_Tp>::__value,
1405:C:/Program Files (x86)/Arm GNU Toolchain arm-none-eabi/14.3 rel1/arm-none-eabi/include/c++/14.3.1\cmath **** 					   int>::__type
1406:C:/Program Files (x86)/Arm GNU Toolchain arm-none-eabi/14.3 rel1/arm-none-eabi/include/c++/14.3.1\cmath ****     fpclassify(_Tp __f)
1407:C:/Program Files (x86)/Arm GNU Toolchain arm-none-eabi/14.3 rel1/arm-none-eabi/include/c++/14.3.1\cmath ****     {
1408:C:/Program Files (x86)/Arm GNU Toolchain arm-none-eabi/14.3 rel1/arm-none-eabi/include/c++/14.3.1\cmath ****       typedef typename __gnu_cxx::__promote<_Tp>::__type __type;
1409:C:/Program Files (x86)/Arm GNU Toolchain arm-none-eabi/14.3 rel1/arm-none-eabi/include/c++/14.3.1\cmath ****       return __builtin_fpclassify(FP_NAN, FP_INFINITE, FP_NORMAL,
1410:C:/Program Files (x86)/Arm GNU Toolchain arm-none-eabi/14.3 rel1/arm-none-eabi/include/c++/14.3.1\cmath **** 				  FP_SUBNORMAL, FP_ZERO, __type(__f));
1411:C:/Program Files (x86)/Arm GNU Toolchain arm-none-eabi/14.3 rel1/arm-none-eabi/include/c++/14.3.1\cmath ****     }
1412:C:/Program Files (x86)/Arm GNU Toolchain arm-none-eabi/14.3 rel1/arm-none-eabi/include/c++/14.3.1\cmath **** 
1413:C:/Program Files (x86)/Arm GNU Toolchain arm-none-eabi/14.3 rel1/arm-none-eabi/include/c++/14.3.1\cmath ****   template<typename _Tp>
1414:C:/Program Files (x86)/Arm GNU Toolchain arm-none-eabi/14.3 rel1/arm-none-eabi/include/c++/14.3.1\cmath ****     inline typename __gnu_cxx::__enable_if<__is_arithmetic<_Tp>::__value,
1415:C:/Program Files (x86)/Arm GNU Toolchain arm-none-eabi/14.3 rel1/arm-none-eabi/include/c++/14.3.1\cmath **** 					   int>::__type
1416:C:/Program Files (x86)/Arm GNU Toolchain arm-none-eabi/14.3 rel1/arm-none-eabi/include/c++/14.3.1\cmath ****     isfinite(_Tp __f)
1417:C:/Program Files (x86)/Arm GNU Toolchain arm-none-eabi/14.3 rel1/arm-none-eabi/include/c++/14.3.1\cmath ****     {
1418:C:/Program Files (x86)/Arm GNU Toolchain arm-none-eabi/14.3 rel1/arm-none-eabi/include/c++/14.3.1\cmath ****       typedef typename __gnu_cxx::__promote<_Tp>::__type __type;
ARM GAS  C:\Users\Oliver\AppData\Local\Temp\ccb1Hde1.s 			page 69


1419:C:/Program Files (x86)/Arm GNU Toolchain arm-none-eabi/14.3 rel1/arm-none-eabi/include/c++/14.3.1\cmath ****       return __builtin_isfinite(__type(__f));
1420:C:/Program Files (x86)/Arm GNU Toolchain arm-none-eabi/14.3 rel1/arm-none-eabi/include/c++/14.3.1\cmath ****     }
1421:C:/Program Files (x86)/Arm GNU Toolchain arm-none-eabi/14.3 rel1/arm-none-eabi/include/c++/14.3.1\cmath **** 
1422:C:/Program Files (x86)/Arm GNU Toolchain arm-none-eabi/14.3 rel1/arm-none-eabi/include/c++/14.3.1\cmath ****   template<typename _Tp>
1423:C:/Program Files (x86)/Arm GNU Toolchain arm-none-eabi/14.3 rel1/arm-none-eabi/include/c++/14.3.1\cmath ****     inline typename __gnu_cxx::__enable_if<__is_arithmetic<_Tp>::__value,
1424:C:/Program Files (x86)/Arm GNU Toolchain arm-none-eabi/14.3 rel1/arm-none-eabi/include/c++/14.3.1\cmath **** 					   int>::__type
1425:C:/Program Files (x86)/Arm GNU Toolchain arm-none-eabi/14.3 rel1/arm-none-eabi/include/c++/14.3.1\cmath ****     isinf(_Tp __f)
1426:C:/Program Files (x86)/Arm GNU Toolchain arm-none-eabi/14.3 rel1/arm-none-eabi/include/c++/14.3.1\cmath ****     {
1427:C:/Program Files (x86)/Arm GNU Toolchain arm-none-eabi/14.3 rel1/arm-none-eabi/include/c++/14.3.1\cmath ****       typedef typename __gnu_cxx::__promote<_Tp>::__type __type;
1428:C:/Program Files (x86)/Arm GNU Toolchain arm-none-eabi/14.3 rel1/arm-none-eabi/include/c++/14.3.1\cmath ****       return __builtin_isinf(__type(__f));
1429:C:/Program Files (x86)/Arm GNU Toolchain arm-none-eabi/14.3 rel1/arm-none-eabi/include/c++/14.3.1\cmath ****     }
1430:C:/Program Files (x86)/Arm GNU Toolchain arm-none-eabi/14.3 rel1/arm-none-eabi/include/c++/14.3.1\cmath **** 
1431:C:/Program Files (x86)/Arm GNU Toolchain arm-none-eabi/14.3 rel1/arm-none-eabi/include/c++/14.3.1\cmath ****   template<typename _Tp>
1432:C:/Program Files (x86)/Arm GNU Toolchain arm-none-eabi/14.3 rel1/arm-none-eabi/include/c++/14.3.1\cmath ****     inline typename __gnu_cxx::__enable_if<__is_arithmetic<_Tp>::__value,
1433:C:/Program Files (x86)/Arm GNU Toolchain arm-none-eabi/14.3 rel1/arm-none-eabi/include/c++/14.3.1\cmath **** 					   int>::__type
1434:C:/Program Files (x86)/Arm GNU Toolchain arm-none-eabi/14.3 rel1/arm-none-eabi/include/c++/14.3.1\cmath ****     isnan(_Tp __f)
1435:C:/Program Files (x86)/Arm GNU Toolchain arm-none-eabi/14.3 rel1/arm-none-eabi/include/c++/14.3.1\cmath ****     {
1436:C:/Program Files (x86)/Arm GNU Toolchain arm-none-eabi/14.3 rel1/arm-none-eabi/include/c++/14.3.1\cmath ****       typedef typename __gnu_cxx::__promote<_Tp>::__type __type;
1437:C:/Program Files (x86)/Arm GNU Toolchain arm-none-eabi/14.3 rel1/arm-none-eabi/include/c++/14.3.1\cmath ****       return __builtin_isnan(__type(__f));
1438:C:/Program Files (x86)/Arm GNU Toolchain arm-none-eabi/14.3 rel1/arm-none-eabi/include/c++/14.3.1\cmath ****     }
1439:C:/Program Files (x86)/Arm GNU Toolchain arm-none-eabi/14.3 rel1/arm-none-eabi/include/c++/14.3.1\cmath **** 
1440:C:/Program Files (x86)/Arm GNU Toolchain arm-none-eabi/14.3 rel1/arm-none-eabi/include/c++/14.3.1\cmath ****   template<typename _Tp>
1441:C:/Program Files (x86)/Arm GNU Toolchain arm-none-eabi/14.3 rel1/arm-none-eabi/include/c++/14.3.1\cmath ****     inline typename __gnu_cxx::__enable_if<__is_arithmetic<_Tp>::__value,
1442:C:/Program Files (x86)/Arm GNU Toolchain arm-none-eabi/14.3 rel1/arm-none-eabi/include/c++/14.3.1\cmath **** 					   int>::__type
1443:C:/Program Files (x86)/Arm GNU Toolchain arm-none-eabi/14.3 rel1/arm-none-eabi/include/c++/14.3.1\cmath ****     isnormal(_Tp __f)
1444:C:/Program Files (x86)/Arm GNU Toolchain arm-none-eabi/14.3 rel1/arm-none-eabi/include/c++/14.3.1\cmath ****     {
1445:C:/Program Files (x86)/Arm GNU Toolchain arm-none-eabi/14.3 rel1/arm-none-eabi/include/c++/14.3.1\cmath ****       typedef typename __gnu_cxx::__promote<_Tp>::__type __type;
1446:C:/Program Files (x86)/Arm GNU Toolchain arm-none-eabi/14.3 rel1/arm-none-eabi/include/c++/14.3.1\cmath ****       return __builtin_isnormal(__type(__f));
1447:C:/Program Files (x86)/Arm GNU Toolchain arm-none-eabi/14.3 rel1/arm-none-eabi/include/c++/14.3.1\cmath ****     }
1448:C:/Program Files (x86)/Arm GNU Toolchain arm-none-eabi/14.3 rel1/arm-none-eabi/include/c++/14.3.1\cmath **** 
1449:C:/Program Files (x86)/Arm GNU Toolchain arm-none-eabi/14.3 rel1/arm-none-eabi/include/c++/14.3.1\cmath ****   template<typename _Tp>
1450:C:/Program Files (x86)/Arm GNU Toolchain arm-none-eabi/14.3 rel1/arm-none-eabi/include/c++/14.3.1\cmath ****     inline typename __gnu_cxx::__enable_if<__is_arithmetic<_Tp>::__value,
1451:C:/Program Files (x86)/Arm GNU Toolchain arm-none-eabi/14.3 rel1/arm-none-eabi/include/c++/14.3.1\cmath **** 					   int>::__type
1452:C:/Program Files (x86)/Arm GNU Toolchain arm-none-eabi/14.3 rel1/arm-none-eabi/include/c++/14.3.1\cmath ****     signbit(_Tp __f)
1453:C:/Program Files (x86)/Arm GNU Toolchain arm-none-eabi/14.3 rel1/arm-none-eabi/include/c++/14.3.1\cmath ****     {
1454:C:/Program Files (x86)/Arm GNU Toolchain arm-none-eabi/14.3 rel1/arm-none-eabi/include/c++/14.3.1\cmath ****       typedef typename __gnu_cxx::__promote<_Tp>::__type __type;
1455:C:/Program Files (x86)/Arm GNU Toolchain arm-none-eabi/14.3 rel1/arm-none-eabi/include/c++/14.3.1\cmath ****       return __builtin_signbit(__type(__f));
1456:C:/Program Files (x86)/Arm GNU Toolchain arm-none-eabi/14.3 rel1/arm-none-eabi/include/c++/14.3.1\cmath ****     }
1457:C:/Program Files (x86)/Arm GNU Toolchain arm-none-eabi/14.3 rel1/arm-none-eabi/include/c++/14.3.1\cmath **** 
1458:C:/Program Files (x86)/Arm GNU Toolchain arm-none-eabi/14.3 rel1/arm-none-eabi/include/c++/14.3.1\cmath ****   template<typename _Tp>
1459:C:/Program Files (x86)/Arm GNU Toolchain arm-none-eabi/14.3 rel1/arm-none-eabi/include/c++/14.3.1\cmath ****     inline typename __gnu_cxx::__enable_if<__is_arithmetic<_Tp>::__value,
1460:C:/Program Files (x86)/Arm GNU Toolchain arm-none-eabi/14.3 rel1/arm-none-eabi/include/c++/14.3.1\cmath **** 					   int>::__type
1461:C:/Program Files (x86)/Arm GNU Toolchain arm-none-eabi/14.3 rel1/arm-none-eabi/include/c++/14.3.1\cmath ****     isgreater(_Tp __f1, _Tp __f2)
1462:C:/Program Files (x86)/Arm GNU Toolchain arm-none-eabi/14.3 rel1/arm-none-eabi/include/c++/14.3.1\cmath ****     {
1463:C:/Program Files (x86)/Arm GNU Toolchain arm-none-eabi/14.3 rel1/arm-none-eabi/include/c++/14.3.1\cmath ****       typedef typename __gnu_cxx::__promote<_Tp>::__type __type;
1464:C:/Program Files (x86)/Arm GNU Toolchain arm-none-eabi/14.3 rel1/arm-none-eabi/include/c++/14.3.1\cmath ****       return __builtin_isgreater(__type(__f1), __type(__f2));
1465:C:/Program Files (x86)/Arm GNU Toolchain arm-none-eabi/14.3 rel1/arm-none-eabi/include/c++/14.3.1\cmath ****     }
1466:C:/Program Files (x86)/Arm GNU Toolchain arm-none-eabi/14.3 rel1/arm-none-eabi/include/c++/14.3.1\cmath **** 
1467:C:/Program Files (x86)/Arm GNU Toolchain arm-none-eabi/14.3 rel1/arm-none-eabi/include/c++/14.3.1\cmath ****   template<typename _Tp>
1468:C:/Program Files (x86)/Arm GNU Toolchain arm-none-eabi/14.3 rel1/arm-none-eabi/include/c++/14.3.1\cmath ****     inline typename __gnu_cxx::__enable_if<__is_arithmetic<_Tp>::__value,
1469:C:/Program Files (x86)/Arm GNU Toolchain arm-none-eabi/14.3 rel1/arm-none-eabi/include/c++/14.3.1\cmath **** 					   int>::__type
1470:C:/Program Files (x86)/Arm GNU Toolchain arm-none-eabi/14.3 rel1/arm-none-eabi/include/c++/14.3.1\cmath ****     isgreaterequal(_Tp __f1, _Tp __f2)
1471:C:/Program Files (x86)/Arm GNU Toolchain arm-none-eabi/14.3 rel1/arm-none-eabi/include/c++/14.3.1\cmath ****     {
1472:C:/Program Files (x86)/Arm GNU Toolchain arm-none-eabi/14.3 rel1/arm-none-eabi/include/c++/14.3.1\cmath ****       typedef typename __gnu_cxx::__promote<_Tp>::__type __type;
1473:C:/Program Files (x86)/Arm GNU Toolchain arm-none-eabi/14.3 rel1/arm-none-eabi/include/c++/14.3.1\cmath ****       return __builtin_isgreaterequal(__type(__f1), __type(__f2));
1474:C:/Program Files (x86)/Arm GNU Toolchain arm-none-eabi/14.3 rel1/arm-none-eabi/include/c++/14.3.1\cmath ****     }
1475:C:/Program Files (x86)/Arm GNU Toolchain arm-none-eabi/14.3 rel1/arm-none-eabi/include/c++/14.3.1\cmath **** 
ARM GAS  C:\Users\Oliver\AppData\Local\Temp\ccb1Hde1.s 			page 70


1476:C:/Program Files (x86)/Arm GNU Toolchain arm-none-eabi/14.3 rel1/arm-none-eabi/include/c++/14.3.1\cmath ****   template<typename _Tp>
1477:C:/Program Files (x86)/Arm GNU Toolchain arm-none-eabi/14.3 rel1/arm-none-eabi/include/c++/14.3.1\cmath ****     inline typename __gnu_cxx::__enable_if<__is_arithmetic<_Tp>::__value,
1478:C:/Program Files (x86)/Arm GNU Toolchain arm-none-eabi/14.3 rel1/arm-none-eabi/include/c++/14.3.1\cmath **** 					   int>::__type
1479:C:/Program Files (x86)/Arm GNU Toolchain arm-none-eabi/14.3 rel1/arm-none-eabi/include/c++/14.3.1\cmath ****     isless(_Tp __f1, _Tp __f2)
1480:C:/Program Files (x86)/Arm GNU Toolchain arm-none-eabi/14.3 rel1/arm-none-eabi/include/c++/14.3.1\cmath ****     {
1481:C:/Program Files (x86)/Arm GNU Toolchain arm-none-eabi/14.3 rel1/arm-none-eabi/include/c++/14.3.1\cmath ****       typedef typename __gnu_cxx::__promote<_Tp>::__type __type;
1482:C:/Program Files (x86)/Arm GNU Toolchain arm-none-eabi/14.3 rel1/arm-none-eabi/include/c++/14.3.1\cmath ****       return __builtin_isless(__type(__f1), __type(__f2));
1483:C:/Program Files (x86)/Arm GNU Toolchain arm-none-eabi/14.3 rel1/arm-none-eabi/include/c++/14.3.1\cmath ****     }
1484:C:/Program Files (x86)/Arm GNU Toolchain arm-none-eabi/14.3 rel1/arm-none-eabi/include/c++/14.3.1\cmath **** 
1485:C:/Program Files (x86)/Arm GNU Toolchain arm-none-eabi/14.3 rel1/arm-none-eabi/include/c++/14.3.1\cmath ****   template<typename _Tp>
1486:C:/Program Files (x86)/Arm GNU Toolchain arm-none-eabi/14.3 rel1/arm-none-eabi/include/c++/14.3.1\cmath ****     inline typename __gnu_cxx::__enable_if<__is_arithmetic<_Tp>::__value,
1487:C:/Program Files (x86)/Arm GNU Toolchain arm-none-eabi/14.3 rel1/arm-none-eabi/include/c++/14.3.1\cmath **** 					   int>::__type
1488:C:/Program Files (x86)/Arm GNU Toolchain arm-none-eabi/14.3 rel1/arm-none-eabi/include/c++/14.3.1\cmath ****     islessequal(_Tp __f1, _Tp __f2)
1489:C:/Program Files (x86)/Arm GNU Toolchain arm-none-eabi/14.3 rel1/arm-none-eabi/include/c++/14.3.1\cmath ****     {
1490:C:/Program Files (x86)/Arm GNU Toolchain arm-none-eabi/14.3 rel1/arm-none-eabi/include/c++/14.3.1\cmath ****       typedef typename __gnu_cxx::__promote<_Tp>::__type __type;
1491:C:/Program Files (x86)/Arm GNU Toolchain arm-none-eabi/14.3 rel1/arm-none-eabi/include/c++/14.3.1\cmath ****       return __builtin_islessequal(__type(__f1), __type(__f2));
1492:C:/Program Files (x86)/Arm GNU Toolchain arm-none-eabi/14.3 rel1/arm-none-eabi/include/c++/14.3.1\cmath ****     }
1493:C:/Program Files (x86)/Arm GNU Toolchain arm-none-eabi/14.3 rel1/arm-none-eabi/include/c++/14.3.1\cmath **** 
1494:C:/Program Files (x86)/Arm GNU Toolchain arm-none-eabi/14.3 rel1/arm-none-eabi/include/c++/14.3.1\cmath ****   template<typename _Tp>
1495:C:/Program Files (x86)/Arm GNU Toolchain arm-none-eabi/14.3 rel1/arm-none-eabi/include/c++/14.3.1\cmath ****     inline typename __gnu_cxx::__enable_if<__is_arithmetic<_Tp>::__value,
1496:C:/Program Files (x86)/Arm GNU Toolchain arm-none-eabi/14.3 rel1/arm-none-eabi/include/c++/14.3.1\cmath **** 					   int>::__type
1497:C:/Program Files (x86)/Arm GNU Toolchain arm-none-eabi/14.3 rel1/arm-none-eabi/include/c++/14.3.1\cmath ****     islessgreater(_Tp __f1, _Tp __f2)
1498:C:/Program Files (x86)/Arm GNU Toolchain arm-none-eabi/14.3 rel1/arm-none-eabi/include/c++/14.3.1\cmath ****     {
1499:C:/Program Files (x86)/Arm GNU Toolchain arm-none-eabi/14.3 rel1/arm-none-eabi/include/c++/14.3.1\cmath ****       typedef typename __gnu_cxx::__promote<_Tp>::__type __type;
1500:C:/Program Files (x86)/Arm GNU Toolchain arm-none-eabi/14.3 rel1/arm-none-eabi/include/c++/14.3.1\cmath ****       return __builtin_islessgreater(__type(__f1), __type(__f2));
1501:C:/Program Files (x86)/Arm GNU Toolchain arm-none-eabi/14.3 rel1/arm-none-eabi/include/c++/14.3.1\cmath ****     }
1502:C:/Program Files (x86)/Arm GNU Toolchain arm-none-eabi/14.3 rel1/arm-none-eabi/include/c++/14.3.1\cmath **** 
1503:C:/Program Files (x86)/Arm GNU Toolchain arm-none-eabi/14.3 rel1/arm-none-eabi/include/c++/14.3.1\cmath ****   template<typename _Tp>
1504:C:/Program Files (x86)/Arm GNU Toolchain arm-none-eabi/14.3 rel1/arm-none-eabi/include/c++/14.3.1\cmath ****     inline typename __gnu_cxx::__enable_if<__is_arithmetic<_Tp>::__value,
1505:C:/Program Files (x86)/Arm GNU Toolchain arm-none-eabi/14.3 rel1/arm-none-eabi/include/c++/14.3.1\cmath **** 					   int>::__type
1506:C:/Program Files (x86)/Arm GNU Toolchain arm-none-eabi/14.3 rel1/arm-none-eabi/include/c++/14.3.1\cmath ****     isunordered(_Tp __f1, _Tp __f2)
1507:C:/Program Files (x86)/Arm GNU Toolchain arm-none-eabi/14.3 rel1/arm-none-eabi/include/c++/14.3.1\cmath ****     {
1508:C:/Program Files (x86)/Arm GNU Toolchain arm-none-eabi/14.3 rel1/arm-none-eabi/include/c++/14.3.1\cmath ****       typedef typename __gnu_cxx::__promote<_Tp>::__type __type;
1509:C:/Program Files (x86)/Arm GNU Toolchain arm-none-eabi/14.3 rel1/arm-none-eabi/include/c++/14.3.1\cmath ****       return __builtin_isunordered(__type(__f1), __type(__f2));
1510:C:/Program Files (x86)/Arm GNU Toolchain arm-none-eabi/14.3 rel1/arm-none-eabi/include/c++/14.3.1\cmath ****     }
1511:C:/Program Files (x86)/Arm GNU Toolchain arm-none-eabi/14.3 rel1/arm-none-eabi/include/c++/14.3.1\cmath **** 
1512:C:/Program Files (x86)/Arm GNU Toolchain arm-none-eabi/14.3 rel1/arm-none-eabi/include/c++/14.3.1\cmath **** #endif // C++11
1513:C:/Program Files (x86)/Arm GNU Toolchain arm-none-eabi/14.3 rel1/arm-none-eabi/include/c++/14.3.1\cmath **** 
1514:C:/Program Files (x86)/Arm GNU Toolchain arm-none-eabi/14.3 rel1/arm-none-eabi/include/c++/14.3.1\cmath **** #ifdef __STDCPP_FLOAT16_T__
1515:C:/Program Files (x86)/Arm GNU Toolchain arm-none-eabi/14.3 rel1/arm-none-eabi/include/c++/14.3.1\cmath ****   constexpr int
1516:C:/Program Files (x86)/Arm GNU Toolchain arm-none-eabi/14.3 rel1/arm-none-eabi/include/c++/14.3.1\cmath ****   fpclassify(_Float16 __x)
1517:C:/Program Files (x86)/Arm GNU Toolchain arm-none-eabi/14.3 rel1/arm-none-eabi/include/c++/14.3.1\cmath ****   { return __builtin_fpclassify(FP_NAN, FP_INFINITE, FP_NORMAL,
1518:C:/Program Files (x86)/Arm GNU Toolchain arm-none-eabi/14.3 rel1/arm-none-eabi/include/c++/14.3.1\cmath **** 				FP_SUBNORMAL, FP_ZERO, __x); }
1519:C:/Program Files (x86)/Arm GNU Toolchain arm-none-eabi/14.3 rel1/arm-none-eabi/include/c++/14.3.1\cmath **** 
1520:C:/Program Files (x86)/Arm GNU Toolchain arm-none-eabi/14.3 rel1/arm-none-eabi/include/c++/14.3.1\cmath ****   constexpr bool
1521:C:/Program Files (x86)/Arm GNU Toolchain arm-none-eabi/14.3 rel1/arm-none-eabi/include/c++/14.3.1\cmath ****   isfinite(_Float16 __x)
1522:C:/Program Files (x86)/Arm GNU Toolchain arm-none-eabi/14.3 rel1/arm-none-eabi/include/c++/14.3.1\cmath ****   { return __builtin_isfinite(__x); }
1523:C:/Program Files (x86)/Arm GNU Toolchain arm-none-eabi/14.3 rel1/arm-none-eabi/include/c++/14.3.1\cmath **** 
1524:C:/Program Files (x86)/Arm GNU Toolchain arm-none-eabi/14.3 rel1/arm-none-eabi/include/c++/14.3.1\cmath ****   constexpr bool
1525:C:/Program Files (x86)/Arm GNU Toolchain arm-none-eabi/14.3 rel1/arm-none-eabi/include/c++/14.3.1\cmath ****   isinf(_Float16 __x)
1526:C:/Program Files (x86)/Arm GNU Toolchain arm-none-eabi/14.3 rel1/arm-none-eabi/include/c++/14.3.1\cmath ****   { return __builtin_isinf(__x); }
1527:C:/Program Files (x86)/Arm GNU Toolchain arm-none-eabi/14.3 rel1/arm-none-eabi/include/c++/14.3.1\cmath **** 
1528:C:/Program Files (x86)/Arm GNU Toolchain arm-none-eabi/14.3 rel1/arm-none-eabi/include/c++/14.3.1\cmath ****   constexpr bool
1529:C:/Program Files (x86)/Arm GNU Toolchain arm-none-eabi/14.3 rel1/arm-none-eabi/include/c++/14.3.1\cmath ****   isnan(_Float16 __x)
1530:C:/Program Files (x86)/Arm GNU Toolchain arm-none-eabi/14.3 rel1/arm-none-eabi/include/c++/14.3.1\cmath ****   { return __builtin_isnan(__x); }
1531:C:/Program Files (x86)/Arm GNU Toolchain arm-none-eabi/14.3 rel1/arm-none-eabi/include/c++/14.3.1\cmath **** 
1532:C:/Program Files (x86)/Arm GNU Toolchain arm-none-eabi/14.3 rel1/arm-none-eabi/include/c++/14.3.1\cmath ****   constexpr bool
ARM GAS  C:\Users\Oliver\AppData\Local\Temp\ccb1Hde1.s 			page 71


1533:C:/Program Files (x86)/Arm GNU Toolchain arm-none-eabi/14.3 rel1/arm-none-eabi/include/c++/14.3.1\cmath ****   isnormal(_Float16 __x)
1534:C:/Program Files (x86)/Arm GNU Toolchain arm-none-eabi/14.3 rel1/arm-none-eabi/include/c++/14.3.1\cmath ****   { return __builtin_isnormal(__x); }
1535:C:/Program Files (x86)/Arm GNU Toolchain arm-none-eabi/14.3 rel1/arm-none-eabi/include/c++/14.3.1\cmath **** 
1536:C:/Program Files (x86)/Arm GNU Toolchain arm-none-eabi/14.3 rel1/arm-none-eabi/include/c++/14.3.1\cmath ****   constexpr bool
1537:C:/Program Files (x86)/Arm GNU Toolchain arm-none-eabi/14.3 rel1/arm-none-eabi/include/c++/14.3.1\cmath ****   signbit(_Float16 __x)
1538:C:/Program Files (x86)/Arm GNU Toolchain arm-none-eabi/14.3 rel1/arm-none-eabi/include/c++/14.3.1\cmath ****   { return __builtin_signbit(__x); }
1539:C:/Program Files (x86)/Arm GNU Toolchain arm-none-eabi/14.3 rel1/arm-none-eabi/include/c++/14.3.1\cmath **** 
1540:C:/Program Files (x86)/Arm GNU Toolchain arm-none-eabi/14.3 rel1/arm-none-eabi/include/c++/14.3.1\cmath ****   constexpr bool
1541:C:/Program Files (x86)/Arm GNU Toolchain arm-none-eabi/14.3 rel1/arm-none-eabi/include/c++/14.3.1\cmath ****   isgreater(_Float16 __x, _Float16 __y)
1542:C:/Program Files (x86)/Arm GNU Toolchain arm-none-eabi/14.3 rel1/arm-none-eabi/include/c++/14.3.1\cmath ****   { return __builtin_isgreater(__x, __y); }
1543:C:/Program Files (x86)/Arm GNU Toolchain arm-none-eabi/14.3 rel1/arm-none-eabi/include/c++/14.3.1\cmath **** 
1544:C:/Program Files (x86)/Arm GNU Toolchain arm-none-eabi/14.3 rel1/arm-none-eabi/include/c++/14.3.1\cmath ****   constexpr bool
1545:C:/Program Files (x86)/Arm GNU Toolchain arm-none-eabi/14.3 rel1/arm-none-eabi/include/c++/14.3.1\cmath ****   isgreaterequal(_Float16 __x, _Float16 __y)
1546:C:/Program Files (x86)/Arm GNU Toolchain arm-none-eabi/14.3 rel1/arm-none-eabi/include/c++/14.3.1\cmath ****   { return __builtin_isgreaterequal(__x, __y); }
1547:C:/Program Files (x86)/Arm GNU Toolchain arm-none-eabi/14.3 rel1/arm-none-eabi/include/c++/14.3.1\cmath **** 
1548:C:/Program Files (x86)/Arm GNU Toolchain arm-none-eabi/14.3 rel1/arm-none-eabi/include/c++/14.3.1\cmath ****   constexpr bool
1549:C:/Program Files (x86)/Arm GNU Toolchain arm-none-eabi/14.3 rel1/arm-none-eabi/include/c++/14.3.1\cmath ****   isless(_Float16 __x, _Float16 __y)
1550:C:/Program Files (x86)/Arm GNU Toolchain arm-none-eabi/14.3 rel1/arm-none-eabi/include/c++/14.3.1\cmath ****   { return __builtin_isless(__x, __y); }
1551:C:/Program Files (x86)/Arm GNU Toolchain arm-none-eabi/14.3 rel1/arm-none-eabi/include/c++/14.3.1\cmath **** 
1552:C:/Program Files (x86)/Arm GNU Toolchain arm-none-eabi/14.3 rel1/arm-none-eabi/include/c++/14.3.1\cmath ****   constexpr bool
1553:C:/Program Files (x86)/Arm GNU Toolchain arm-none-eabi/14.3 rel1/arm-none-eabi/include/c++/14.3.1\cmath ****   islessequal(_Float16 __x, _Float16 __y)
1554:C:/Program Files (x86)/Arm GNU Toolchain arm-none-eabi/14.3 rel1/arm-none-eabi/include/c++/14.3.1\cmath ****   { return __builtin_islessequal(__x, __y); }
1555:C:/Program Files (x86)/Arm GNU Toolchain arm-none-eabi/14.3 rel1/arm-none-eabi/include/c++/14.3.1\cmath **** 
1556:C:/Program Files (x86)/Arm GNU Toolchain arm-none-eabi/14.3 rel1/arm-none-eabi/include/c++/14.3.1\cmath ****   constexpr bool
1557:C:/Program Files (x86)/Arm GNU Toolchain arm-none-eabi/14.3 rel1/arm-none-eabi/include/c++/14.3.1\cmath ****   islessgreater(_Float16 __x, _Float16 __y)
1558:C:/Program Files (x86)/Arm GNU Toolchain arm-none-eabi/14.3 rel1/arm-none-eabi/include/c++/14.3.1\cmath ****   { return __builtin_islessgreater(__x, __y); }
1559:C:/Program Files (x86)/Arm GNU Toolchain arm-none-eabi/14.3 rel1/arm-none-eabi/include/c++/14.3.1\cmath **** 
1560:C:/Program Files (x86)/Arm GNU Toolchain arm-none-eabi/14.3 rel1/arm-none-eabi/include/c++/14.3.1\cmath ****   constexpr bool
1561:C:/Program Files (x86)/Arm GNU Toolchain arm-none-eabi/14.3 rel1/arm-none-eabi/include/c++/14.3.1\cmath ****   isunordered(_Float16 __x, _Float16 __y)
1562:C:/Program Files (x86)/Arm GNU Toolchain arm-none-eabi/14.3 rel1/arm-none-eabi/include/c++/14.3.1\cmath ****   { return __builtin_isunordered(__x, __y); }
1563:C:/Program Files (x86)/Arm GNU Toolchain arm-none-eabi/14.3 rel1/arm-none-eabi/include/c++/14.3.1\cmath **** #endif
1564:C:/Program Files (x86)/Arm GNU Toolchain arm-none-eabi/14.3 rel1/arm-none-eabi/include/c++/14.3.1\cmath **** 
1565:C:/Program Files (x86)/Arm GNU Toolchain arm-none-eabi/14.3 rel1/arm-none-eabi/include/c++/14.3.1\cmath **** #ifdef __STDCPP_FLOAT32_T__
1566:C:/Program Files (x86)/Arm GNU Toolchain arm-none-eabi/14.3 rel1/arm-none-eabi/include/c++/14.3.1\cmath ****   constexpr int
1567:C:/Program Files (x86)/Arm GNU Toolchain arm-none-eabi/14.3 rel1/arm-none-eabi/include/c++/14.3.1\cmath ****   fpclassify(_Float32 __x)
1568:C:/Program Files (x86)/Arm GNU Toolchain arm-none-eabi/14.3 rel1/arm-none-eabi/include/c++/14.3.1\cmath ****   { return __builtin_fpclassify(FP_NAN, FP_INFINITE, FP_NORMAL,
1569:C:/Program Files (x86)/Arm GNU Toolchain arm-none-eabi/14.3 rel1/arm-none-eabi/include/c++/14.3.1\cmath **** 				FP_SUBNORMAL, FP_ZERO, __x); }
1570:C:/Program Files (x86)/Arm GNU Toolchain arm-none-eabi/14.3 rel1/arm-none-eabi/include/c++/14.3.1\cmath **** 
1571:C:/Program Files (x86)/Arm GNU Toolchain arm-none-eabi/14.3 rel1/arm-none-eabi/include/c++/14.3.1\cmath ****   constexpr bool
1572:C:/Program Files (x86)/Arm GNU Toolchain arm-none-eabi/14.3 rel1/arm-none-eabi/include/c++/14.3.1\cmath ****   isfinite(_Float32 __x)
1573:C:/Program Files (x86)/Arm GNU Toolchain arm-none-eabi/14.3 rel1/arm-none-eabi/include/c++/14.3.1\cmath ****   { return __builtin_isfinite(__x); }
1574:C:/Program Files (x86)/Arm GNU Toolchain arm-none-eabi/14.3 rel1/arm-none-eabi/include/c++/14.3.1\cmath **** 
1575:C:/Program Files (x86)/Arm GNU Toolchain arm-none-eabi/14.3 rel1/arm-none-eabi/include/c++/14.3.1\cmath ****   constexpr bool
1576:C:/Program Files (x86)/Arm GNU Toolchain arm-none-eabi/14.3 rel1/arm-none-eabi/include/c++/14.3.1\cmath ****   isinf(_Float32 __x)
1577:C:/Program Files (x86)/Arm GNU Toolchain arm-none-eabi/14.3 rel1/arm-none-eabi/include/c++/14.3.1\cmath ****   { return __builtin_isinf(__x); }
1578:C:/Program Files (x86)/Arm GNU Toolchain arm-none-eabi/14.3 rel1/arm-none-eabi/include/c++/14.3.1\cmath **** 
1579:C:/Program Files (x86)/Arm GNU Toolchain arm-none-eabi/14.3 rel1/arm-none-eabi/include/c++/14.3.1\cmath ****   constexpr bool
1580:C:/Program Files (x86)/Arm GNU Toolchain arm-none-eabi/14.3 rel1/arm-none-eabi/include/c++/14.3.1\cmath ****   isnan(_Float32 __x)
1581:C:/Program Files (x86)/Arm GNU Toolchain arm-none-eabi/14.3 rel1/arm-none-eabi/include/c++/14.3.1\cmath ****   { return __builtin_isnan(__x); }
1582:C:/Program Files (x86)/Arm GNU Toolchain arm-none-eabi/14.3 rel1/arm-none-eabi/include/c++/14.3.1\cmath **** 
1583:C:/Program Files (x86)/Arm GNU Toolchain arm-none-eabi/14.3 rel1/arm-none-eabi/include/c++/14.3.1\cmath ****   constexpr bool
1584:C:/Program Files (x86)/Arm GNU Toolchain arm-none-eabi/14.3 rel1/arm-none-eabi/include/c++/14.3.1\cmath ****   isnormal(_Float32 __x)
1585:C:/Program Files (x86)/Arm GNU Toolchain arm-none-eabi/14.3 rel1/arm-none-eabi/include/c++/14.3.1\cmath ****   { return __builtin_isnormal(__x); }
1586:C:/Program Files (x86)/Arm GNU Toolchain arm-none-eabi/14.3 rel1/arm-none-eabi/include/c++/14.3.1\cmath **** 
1587:C:/Program Files (x86)/Arm GNU Toolchain arm-none-eabi/14.3 rel1/arm-none-eabi/include/c++/14.3.1\cmath ****   constexpr bool
1588:C:/Program Files (x86)/Arm GNU Toolchain arm-none-eabi/14.3 rel1/arm-none-eabi/include/c++/14.3.1\cmath ****   signbit(_Float32 __x)
1589:C:/Program Files (x86)/Arm GNU Toolchain arm-none-eabi/14.3 rel1/arm-none-eabi/include/c++/14.3.1\cmath ****   { return __builtin_signbit(__x); }
ARM GAS  C:\Users\Oliver\AppData\Local\Temp\ccb1Hde1.s 			page 72


1590:C:/Program Files (x86)/Arm GNU Toolchain arm-none-eabi/14.3 rel1/arm-none-eabi/include/c++/14.3.1\cmath **** 
1591:C:/Program Files (x86)/Arm GNU Toolchain arm-none-eabi/14.3 rel1/arm-none-eabi/include/c++/14.3.1\cmath ****   constexpr bool
1592:C:/Program Files (x86)/Arm GNU Toolchain arm-none-eabi/14.3 rel1/arm-none-eabi/include/c++/14.3.1\cmath ****   isgreater(_Float32 __x, _Float32 __y)
1593:C:/Program Files (x86)/Arm GNU Toolchain arm-none-eabi/14.3 rel1/arm-none-eabi/include/c++/14.3.1\cmath ****   { return __builtin_isgreater(__x, __y); }
1594:C:/Program Files (x86)/Arm GNU Toolchain arm-none-eabi/14.3 rel1/arm-none-eabi/include/c++/14.3.1\cmath **** 
1595:C:/Program Files (x86)/Arm GNU Toolchain arm-none-eabi/14.3 rel1/arm-none-eabi/include/c++/14.3.1\cmath ****   constexpr bool
1596:C:/Program Files (x86)/Arm GNU Toolchain arm-none-eabi/14.3 rel1/arm-none-eabi/include/c++/14.3.1\cmath ****   isgreaterequal(_Float32 __x, _Float32 __y)
1597:C:/Program Files (x86)/Arm GNU Toolchain arm-none-eabi/14.3 rel1/arm-none-eabi/include/c++/14.3.1\cmath ****   { return __builtin_isgreaterequal(__x, __y); }
1598:C:/Program Files (x86)/Arm GNU Toolchain arm-none-eabi/14.3 rel1/arm-none-eabi/include/c++/14.3.1\cmath **** 
1599:C:/Program Files (x86)/Arm GNU Toolchain arm-none-eabi/14.3 rel1/arm-none-eabi/include/c++/14.3.1\cmath ****   constexpr bool
1600:C:/Program Files (x86)/Arm GNU Toolchain arm-none-eabi/14.3 rel1/arm-none-eabi/include/c++/14.3.1\cmath ****   isless(_Float32 __x, _Float32 __y)
1601:C:/Program Files (x86)/Arm GNU Toolchain arm-none-eabi/14.3 rel1/arm-none-eabi/include/c++/14.3.1\cmath ****   { return __builtin_isless(__x, __y); }
1602:C:/Program Files (x86)/Arm GNU Toolchain arm-none-eabi/14.3 rel1/arm-none-eabi/include/c++/14.3.1\cmath **** 
1603:C:/Program Files (x86)/Arm GNU Toolchain arm-none-eabi/14.3 rel1/arm-none-eabi/include/c++/14.3.1\cmath ****   constexpr bool
1604:C:/Program Files (x86)/Arm GNU Toolchain arm-none-eabi/14.3 rel1/arm-none-eabi/include/c++/14.3.1\cmath ****   islessequal(_Float32 __x, _Float32 __y)
1605:C:/Program Files (x86)/Arm GNU Toolchain arm-none-eabi/14.3 rel1/arm-none-eabi/include/c++/14.3.1\cmath ****   { return __builtin_islessequal(__x, __y); }
1606:C:/Program Files (x86)/Arm GNU Toolchain arm-none-eabi/14.3 rel1/arm-none-eabi/include/c++/14.3.1\cmath **** 
1607:C:/Program Files (x86)/Arm GNU Toolchain arm-none-eabi/14.3 rel1/arm-none-eabi/include/c++/14.3.1\cmath ****   constexpr bool
1608:C:/Program Files (x86)/Arm GNU Toolchain arm-none-eabi/14.3 rel1/arm-none-eabi/include/c++/14.3.1\cmath ****   islessgreater(_Float32 __x, _Float32 __y)
1609:C:/Program Files (x86)/Arm GNU Toolchain arm-none-eabi/14.3 rel1/arm-none-eabi/include/c++/14.3.1\cmath ****   { return __builtin_islessgreater(__x, __y); }
1610:C:/Program Files (x86)/Arm GNU Toolchain arm-none-eabi/14.3 rel1/arm-none-eabi/include/c++/14.3.1\cmath **** 
1611:C:/Program Files (x86)/Arm GNU Toolchain arm-none-eabi/14.3 rel1/arm-none-eabi/include/c++/14.3.1\cmath ****   constexpr bool
1612:C:/Program Files (x86)/Arm GNU Toolchain arm-none-eabi/14.3 rel1/arm-none-eabi/include/c++/14.3.1\cmath ****   isunordered(_Float32 __x, _Float32 __y)
1613:C:/Program Files (x86)/Arm GNU Toolchain arm-none-eabi/14.3 rel1/arm-none-eabi/include/c++/14.3.1\cmath ****   { return __builtin_isunordered(__x, __y); }
1614:C:/Program Files (x86)/Arm GNU Toolchain arm-none-eabi/14.3 rel1/arm-none-eabi/include/c++/14.3.1\cmath **** #endif
1615:C:/Program Files (x86)/Arm GNU Toolchain arm-none-eabi/14.3 rel1/arm-none-eabi/include/c++/14.3.1\cmath **** 
1616:C:/Program Files (x86)/Arm GNU Toolchain arm-none-eabi/14.3 rel1/arm-none-eabi/include/c++/14.3.1\cmath **** #ifdef __STDCPP_FLOAT64_T__
1617:C:/Program Files (x86)/Arm GNU Toolchain arm-none-eabi/14.3 rel1/arm-none-eabi/include/c++/14.3.1\cmath ****   constexpr int
1618:C:/Program Files (x86)/Arm GNU Toolchain arm-none-eabi/14.3 rel1/arm-none-eabi/include/c++/14.3.1\cmath ****   fpclassify(_Float64 __x)
1619:C:/Program Files (x86)/Arm GNU Toolchain arm-none-eabi/14.3 rel1/arm-none-eabi/include/c++/14.3.1\cmath ****   { return __builtin_fpclassify(FP_NAN, FP_INFINITE, FP_NORMAL,
1620:C:/Program Files (x86)/Arm GNU Toolchain arm-none-eabi/14.3 rel1/arm-none-eabi/include/c++/14.3.1\cmath **** 				FP_SUBNORMAL, FP_ZERO, __x); }
1621:C:/Program Files (x86)/Arm GNU Toolchain arm-none-eabi/14.3 rel1/arm-none-eabi/include/c++/14.3.1\cmath **** 
1622:C:/Program Files (x86)/Arm GNU Toolchain arm-none-eabi/14.3 rel1/arm-none-eabi/include/c++/14.3.1\cmath ****   constexpr bool
1623:C:/Program Files (x86)/Arm GNU Toolchain arm-none-eabi/14.3 rel1/arm-none-eabi/include/c++/14.3.1\cmath ****   isfinite(_Float64 __x)
1624:C:/Program Files (x86)/Arm GNU Toolchain arm-none-eabi/14.3 rel1/arm-none-eabi/include/c++/14.3.1\cmath ****   { return __builtin_isfinite(__x); }
1625:C:/Program Files (x86)/Arm GNU Toolchain arm-none-eabi/14.3 rel1/arm-none-eabi/include/c++/14.3.1\cmath **** 
1626:C:/Program Files (x86)/Arm GNU Toolchain arm-none-eabi/14.3 rel1/arm-none-eabi/include/c++/14.3.1\cmath ****   constexpr bool
1627:C:/Program Files (x86)/Arm GNU Toolchain arm-none-eabi/14.3 rel1/arm-none-eabi/include/c++/14.3.1\cmath ****   isinf(_Float64 __x)
1628:C:/Program Files (x86)/Arm GNU Toolchain arm-none-eabi/14.3 rel1/arm-none-eabi/include/c++/14.3.1\cmath ****   { return __builtin_isinf(__x); }
1629:C:/Program Files (x86)/Arm GNU Toolchain arm-none-eabi/14.3 rel1/arm-none-eabi/include/c++/14.3.1\cmath **** 
1630:C:/Program Files (x86)/Arm GNU Toolchain arm-none-eabi/14.3 rel1/arm-none-eabi/include/c++/14.3.1\cmath ****   constexpr bool
1631:C:/Program Files (x86)/Arm GNU Toolchain arm-none-eabi/14.3 rel1/arm-none-eabi/include/c++/14.3.1\cmath ****   isnan(_Float64 __x)
1632:C:/Program Files (x86)/Arm GNU Toolchain arm-none-eabi/14.3 rel1/arm-none-eabi/include/c++/14.3.1\cmath ****   { return __builtin_isnan(__x); }
1633:C:/Program Files (x86)/Arm GNU Toolchain arm-none-eabi/14.3 rel1/arm-none-eabi/include/c++/14.3.1\cmath **** 
1634:C:/Program Files (x86)/Arm GNU Toolchain arm-none-eabi/14.3 rel1/arm-none-eabi/include/c++/14.3.1\cmath ****   constexpr bool
1635:C:/Program Files (x86)/Arm GNU Toolchain arm-none-eabi/14.3 rel1/arm-none-eabi/include/c++/14.3.1\cmath ****   isnormal(_Float64 __x)
1636:C:/Program Files (x86)/Arm GNU Toolchain arm-none-eabi/14.3 rel1/arm-none-eabi/include/c++/14.3.1\cmath ****   { return __builtin_isnormal(__x); }
1637:C:/Program Files (x86)/Arm GNU Toolchain arm-none-eabi/14.3 rel1/arm-none-eabi/include/c++/14.3.1\cmath **** 
1638:C:/Program Files (x86)/Arm GNU Toolchain arm-none-eabi/14.3 rel1/arm-none-eabi/include/c++/14.3.1\cmath ****   constexpr bool
1639:C:/Program Files (x86)/Arm GNU Toolchain arm-none-eabi/14.3 rel1/arm-none-eabi/include/c++/14.3.1\cmath ****   signbit(_Float64 __x)
1640:C:/Program Files (x86)/Arm GNU Toolchain arm-none-eabi/14.3 rel1/arm-none-eabi/include/c++/14.3.1\cmath ****   { return __builtin_signbit(__x); }
1641:C:/Program Files (x86)/Arm GNU Toolchain arm-none-eabi/14.3 rel1/arm-none-eabi/include/c++/14.3.1\cmath **** 
1642:C:/Program Files (x86)/Arm GNU Toolchain arm-none-eabi/14.3 rel1/arm-none-eabi/include/c++/14.3.1\cmath ****   constexpr bool
1643:C:/Program Files (x86)/Arm GNU Toolchain arm-none-eabi/14.3 rel1/arm-none-eabi/include/c++/14.3.1\cmath ****   isgreater(_Float64 __x, _Float64 __y)
1644:C:/Program Files (x86)/Arm GNU Toolchain arm-none-eabi/14.3 rel1/arm-none-eabi/include/c++/14.3.1\cmath ****   { return __builtin_isgreater(__x, __y); }
1645:C:/Program Files (x86)/Arm GNU Toolchain arm-none-eabi/14.3 rel1/arm-none-eabi/include/c++/14.3.1\cmath **** 
1646:C:/Program Files (x86)/Arm GNU Toolchain arm-none-eabi/14.3 rel1/arm-none-eabi/include/c++/14.3.1\cmath ****   constexpr bool
ARM GAS  C:\Users\Oliver\AppData\Local\Temp\ccb1Hde1.s 			page 73


1647:C:/Program Files (x86)/Arm GNU Toolchain arm-none-eabi/14.3 rel1/arm-none-eabi/include/c++/14.3.1\cmath ****   isgreaterequal(_Float64 __x, _Float64 __y)
1648:C:/Program Files (x86)/Arm GNU Toolchain arm-none-eabi/14.3 rel1/arm-none-eabi/include/c++/14.3.1\cmath ****   { return __builtin_isgreaterequal(__x, __y); }
1649:C:/Program Files (x86)/Arm GNU Toolchain arm-none-eabi/14.3 rel1/arm-none-eabi/include/c++/14.3.1\cmath **** 
1650:C:/Program Files (x86)/Arm GNU Toolchain arm-none-eabi/14.3 rel1/arm-none-eabi/include/c++/14.3.1\cmath ****   constexpr bool
1651:C:/Program Files (x86)/Arm GNU Toolchain arm-none-eabi/14.3 rel1/arm-none-eabi/include/c++/14.3.1\cmath ****   isless(_Float64 __x, _Float64 __y)
1652:C:/Program Files (x86)/Arm GNU Toolchain arm-none-eabi/14.3 rel1/arm-none-eabi/include/c++/14.3.1\cmath ****   { return __builtin_isless(__x, __y); }
1653:C:/Program Files (x86)/Arm GNU Toolchain arm-none-eabi/14.3 rel1/arm-none-eabi/include/c++/14.3.1\cmath **** 
1654:C:/Program Files (x86)/Arm GNU Toolchain arm-none-eabi/14.3 rel1/arm-none-eabi/include/c++/14.3.1\cmath ****   constexpr bool
1655:C:/Program Files (x86)/Arm GNU Toolchain arm-none-eabi/14.3 rel1/arm-none-eabi/include/c++/14.3.1\cmath ****   islessequal(_Float64 __x, _Float64 __y)
1656:C:/Program Files (x86)/Arm GNU Toolchain arm-none-eabi/14.3 rel1/arm-none-eabi/include/c++/14.3.1\cmath ****   { return __builtin_islessequal(__x, __y); }
1657:C:/Program Files (x86)/Arm GNU Toolchain arm-none-eabi/14.3 rel1/arm-none-eabi/include/c++/14.3.1\cmath **** 
1658:C:/Program Files (x86)/Arm GNU Toolchain arm-none-eabi/14.3 rel1/arm-none-eabi/include/c++/14.3.1\cmath ****   constexpr bool
1659:C:/Program Files (x86)/Arm GNU Toolchain arm-none-eabi/14.3 rel1/arm-none-eabi/include/c++/14.3.1\cmath ****   islessgreater(_Float64 __x, _Float64 __y)
1660:C:/Program Files (x86)/Arm GNU Toolchain arm-none-eabi/14.3 rel1/arm-none-eabi/include/c++/14.3.1\cmath ****   { return __builtin_islessgreater(__x, __y); }
1661:C:/Program Files (x86)/Arm GNU Toolchain arm-none-eabi/14.3 rel1/arm-none-eabi/include/c++/14.3.1\cmath **** 
1662:C:/Program Files (x86)/Arm GNU Toolchain arm-none-eabi/14.3 rel1/arm-none-eabi/include/c++/14.3.1\cmath ****   constexpr bool
1663:C:/Program Files (x86)/Arm GNU Toolchain arm-none-eabi/14.3 rel1/arm-none-eabi/include/c++/14.3.1\cmath ****   isunordered(_Float64 __x, _Float64 __y)
1664:C:/Program Files (x86)/Arm GNU Toolchain arm-none-eabi/14.3 rel1/arm-none-eabi/include/c++/14.3.1\cmath ****   { return __builtin_isunordered(__x, __y); }
1665:C:/Program Files (x86)/Arm GNU Toolchain arm-none-eabi/14.3 rel1/arm-none-eabi/include/c++/14.3.1\cmath **** #endif
1666:C:/Program Files (x86)/Arm GNU Toolchain arm-none-eabi/14.3 rel1/arm-none-eabi/include/c++/14.3.1\cmath **** 
1667:C:/Program Files (x86)/Arm GNU Toolchain arm-none-eabi/14.3 rel1/arm-none-eabi/include/c++/14.3.1\cmath **** #ifdef __STDCPP_FLOAT128_T__
1668:C:/Program Files (x86)/Arm GNU Toolchain arm-none-eabi/14.3 rel1/arm-none-eabi/include/c++/14.3.1\cmath ****   constexpr int
1669:C:/Program Files (x86)/Arm GNU Toolchain arm-none-eabi/14.3 rel1/arm-none-eabi/include/c++/14.3.1\cmath ****   fpclassify(_Float128 __x)
1670:C:/Program Files (x86)/Arm GNU Toolchain arm-none-eabi/14.3 rel1/arm-none-eabi/include/c++/14.3.1\cmath ****   { return __builtin_fpclassify(FP_NAN, FP_INFINITE, FP_NORMAL,
1671:C:/Program Files (x86)/Arm GNU Toolchain arm-none-eabi/14.3 rel1/arm-none-eabi/include/c++/14.3.1\cmath **** 				FP_SUBNORMAL, FP_ZERO, __x); }
1672:C:/Program Files (x86)/Arm GNU Toolchain arm-none-eabi/14.3 rel1/arm-none-eabi/include/c++/14.3.1\cmath **** 
1673:C:/Program Files (x86)/Arm GNU Toolchain arm-none-eabi/14.3 rel1/arm-none-eabi/include/c++/14.3.1\cmath ****   constexpr bool
1674:C:/Program Files (x86)/Arm GNU Toolchain arm-none-eabi/14.3 rel1/arm-none-eabi/include/c++/14.3.1\cmath ****   isfinite(_Float128 __x)
1675:C:/Program Files (x86)/Arm GNU Toolchain arm-none-eabi/14.3 rel1/arm-none-eabi/include/c++/14.3.1\cmath ****   { return __builtin_isfinite(__x); }
1676:C:/Program Files (x86)/Arm GNU Toolchain arm-none-eabi/14.3 rel1/arm-none-eabi/include/c++/14.3.1\cmath **** 
1677:C:/Program Files (x86)/Arm GNU Toolchain arm-none-eabi/14.3 rel1/arm-none-eabi/include/c++/14.3.1\cmath ****   constexpr bool
1678:C:/Program Files (x86)/Arm GNU Toolchain arm-none-eabi/14.3 rel1/arm-none-eabi/include/c++/14.3.1\cmath ****   isinf(_Float128 __x)
1679:C:/Program Files (x86)/Arm GNU Toolchain arm-none-eabi/14.3 rel1/arm-none-eabi/include/c++/14.3.1\cmath ****   { return __builtin_isinf(__x); }
1680:C:/Program Files (x86)/Arm GNU Toolchain arm-none-eabi/14.3 rel1/arm-none-eabi/include/c++/14.3.1\cmath **** 
1681:C:/Program Files (x86)/Arm GNU Toolchain arm-none-eabi/14.3 rel1/arm-none-eabi/include/c++/14.3.1\cmath ****   constexpr bool
1682:C:/Program Files (x86)/Arm GNU Toolchain arm-none-eabi/14.3 rel1/arm-none-eabi/include/c++/14.3.1\cmath ****   isnan(_Float128 __x)
1683:C:/Program Files (x86)/Arm GNU Toolchain arm-none-eabi/14.3 rel1/arm-none-eabi/include/c++/14.3.1\cmath ****   { return __builtin_isnan(__x); }
1684:C:/Program Files (x86)/Arm GNU Toolchain arm-none-eabi/14.3 rel1/arm-none-eabi/include/c++/14.3.1\cmath **** 
1685:C:/Program Files (x86)/Arm GNU Toolchain arm-none-eabi/14.3 rel1/arm-none-eabi/include/c++/14.3.1\cmath ****   constexpr bool
1686:C:/Program Files (x86)/Arm GNU Toolchain arm-none-eabi/14.3 rel1/arm-none-eabi/include/c++/14.3.1\cmath ****   isnormal(_Float128 __x)
1687:C:/Program Files (x86)/Arm GNU Toolchain arm-none-eabi/14.3 rel1/arm-none-eabi/include/c++/14.3.1\cmath ****   { return __builtin_isnormal(__x); }
1688:C:/Program Files (x86)/Arm GNU Toolchain arm-none-eabi/14.3 rel1/arm-none-eabi/include/c++/14.3.1\cmath **** 
1689:C:/Program Files (x86)/Arm GNU Toolchain arm-none-eabi/14.3 rel1/arm-none-eabi/include/c++/14.3.1\cmath ****   constexpr bool
1690:C:/Program Files (x86)/Arm GNU Toolchain arm-none-eabi/14.3 rel1/arm-none-eabi/include/c++/14.3.1\cmath ****   signbit(_Float128 __x)
1691:C:/Program Files (x86)/Arm GNU Toolchain arm-none-eabi/14.3 rel1/arm-none-eabi/include/c++/14.3.1\cmath ****   { return __builtin_signbit(__x); }
1692:C:/Program Files (x86)/Arm GNU Toolchain arm-none-eabi/14.3 rel1/arm-none-eabi/include/c++/14.3.1\cmath **** 
1693:C:/Program Files (x86)/Arm GNU Toolchain arm-none-eabi/14.3 rel1/arm-none-eabi/include/c++/14.3.1\cmath ****   constexpr bool
1694:C:/Program Files (x86)/Arm GNU Toolchain arm-none-eabi/14.3 rel1/arm-none-eabi/include/c++/14.3.1\cmath ****   isgreater(_Float128 __x, _Float128 __y)
1695:C:/Program Files (x86)/Arm GNU Toolchain arm-none-eabi/14.3 rel1/arm-none-eabi/include/c++/14.3.1\cmath ****   { return __builtin_isgreater(__x, __y); }
1696:C:/Program Files (x86)/Arm GNU Toolchain arm-none-eabi/14.3 rel1/arm-none-eabi/include/c++/14.3.1\cmath **** 
1697:C:/Program Files (x86)/Arm GNU Toolchain arm-none-eabi/14.3 rel1/arm-none-eabi/include/c++/14.3.1\cmath ****   constexpr bool
1698:C:/Program Files (x86)/Arm GNU Toolchain arm-none-eabi/14.3 rel1/arm-none-eabi/include/c++/14.3.1\cmath ****   isgreaterequal(_Float128 __x, _Float128 __y)
1699:C:/Program Files (x86)/Arm GNU Toolchain arm-none-eabi/14.3 rel1/arm-none-eabi/include/c++/14.3.1\cmath ****   { return __builtin_isgreaterequal(__x, __y); }
1700:C:/Program Files (x86)/Arm GNU Toolchain arm-none-eabi/14.3 rel1/arm-none-eabi/include/c++/14.3.1\cmath **** 
1701:C:/Program Files (x86)/Arm GNU Toolchain arm-none-eabi/14.3 rel1/arm-none-eabi/include/c++/14.3.1\cmath ****   constexpr bool
1702:C:/Program Files (x86)/Arm GNU Toolchain arm-none-eabi/14.3 rel1/arm-none-eabi/include/c++/14.3.1\cmath ****   isless(_Float128 __x, _Float128 __y)
1703:C:/Program Files (x86)/Arm GNU Toolchain arm-none-eabi/14.3 rel1/arm-none-eabi/include/c++/14.3.1\cmath ****   { return __builtin_isless(__x, __y); }
ARM GAS  C:\Users\Oliver\AppData\Local\Temp\ccb1Hde1.s 			page 74


1704:C:/Program Files (x86)/Arm GNU Toolchain arm-none-eabi/14.3 rel1/arm-none-eabi/include/c++/14.3.1\cmath **** 
1705:C:/Program Files (x86)/Arm GNU Toolchain arm-none-eabi/14.3 rel1/arm-none-eabi/include/c++/14.3.1\cmath ****   constexpr bool
1706:C:/Program Files (x86)/Arm GNU Toolchain arm-none-eabi/14.3 rel1/arm-none-eabi/include/c++/14.3.1\cmath ****   islessequal(_Float128 __x, _Float128 __y)
1707:C:/Program Files (x86)/Arm GNU Toolchain arm-none-eabi/14.3 rel1/arm-none-eabi/include/c++/14.3.1\cmath ****   { return __builtin_islessequal(__x, __y); }
1708:C:/Program Files (x86)/Arm GNU Toolchain arm-none-eabi/14.3 rel1/arm-none-eabi/include/c++/14.3.1\cmath **** 
1709:C:/Program Files (x86)/Arm GNU Toolchain arm-none-eabi/14.3 rel1/arm-none-eabi/include/c++/14.3.1\cmath ****   constexpr bool
1710:C:/Program Files (x86)/Arm GNU Toolchain arm-none-eabi/14.3 rel1/arm-none-eabi/include/c++/14.3.1\cmath ****   islessgreater(_Float128 __x, _Float128 __y)
1711:C:/Program Files (x86)/Arm GNU Toolchain arm-none-eabi/14.3 rel1/arm-none-eabi/include/c++/14.3.1\cmath ****   { return __builtin_islessgreater(__x, __y); }
1712:C:/Program Files (x86)/Arm GNU Toolchain arm-none-eabi/14.3 rel1/arm-none-eabi/include/c++/14.3.1\cmath **** 
1713:C:/Program Files (x86)/Arm GNU Toolchain arm-none-eabi/14.3 rel1/arm-none-eabi/include/c++/14.3.1\cmath ****   constexpr bool
1714:C:/Program Files (x86)/Arm GNU Toolchain arm-none-eabi/14.3 rel1/arm-none-eabi/include/c++/14.3.1\cmath ****   isunordered(_Float128 __x, _Float128 __y)
1715:C:/Program Files (x86)/Arm GNU Toolchain arm-none-eabi/14.3 rel1/arm-none-eabi/include/c++/14.3.1\cmath ****   { return __builtin_isunordered(__x, __y); }
1716:C:/Program Files (x86)/Arm GNU Toolchain arm-none-eabi/14.3 rel1/arm-none-eabi/include/c++/14.3.1\cmath **** #endif
1717:C:/Program Files (x86)/Arm GNU Toolchain arm-none-eabi/14.3 rel1/arm-none-eabi/include/c++/14.3.1\cmath **** 
1718:C:/Program Files (x86)/Arm GNU Toolchain arm-none-eabi/14.3 rel1/arm-none-eabi/include/c++/14.3.1\cmath **** #ifdef __STDCPP_BFLOAT16_T__
1719:C:/Program Files (x86)/Arm GNU Toolchain arm-none-eabi/14.3 rel1/arm-none-eabi/include/c++/14.3.1\cmath ****   constexpr int
1720:C:/Program Files (x86)/Arm GNU Toolchain arm-none-eabi/14.3 rel1/arm-none-eabi/include/c++/14.3.1\cmath ****   fpclassify(__gnu_cxx::__bfloat16_t __x)
1721:C:/Program Files (x86)/Arm GNU Toolchain arm-none-eabi/14.3 rel1/arm-none-eabi/include/c++/14.3.1\cmath ****   { return __builtin_fpclassify(FP_NAN, FP_INFINITE, FP_NORMAL,
1722:C:/Program Files (x86)/Arm GNU Toolchain arm-none-eabi/14.3 rel1/arm-none-eabi/include/c++/14.3.1\cmath **** 				FP_SUBNORMAL, FP_ZERO, __x); }
1723:C:/Program Files (x86)/Arm GNU Toolchain arm-none-eabi/14.3 rel1/arm-none-eabi/include/c++/14.3.1\cmath **** 
1724:C:/Program Files (x86)/Arm GNU Toolchain arm-none-eabi/14.3 rel1/arm-none-eabi/include/c++/14.3.1\cmath ****   constexpr bool
1725:C:/Program Files (x86)/Arm GNU Toolchain arm-none-eabi/14.3 rel1/arm-none-eabi/include/c++/14.3.1\cmath ****   isfinite(__gnu_cxx::__bfloat16_t __x)
1726:C:/Program Files (x86)/Arm GNU Toolchain arm-none-eabi/14.3 rel1/arm-none-eabi/include/c++/14.3.1\cmath ****   { return __builtin_isfinite(__x); }
1727:C:/Program Files (x86)/Arm GNU Toolchain arm-none-eabi/14.3 rel1/arm-none-eabi/include/c++/14.3.1\cmath **** 
1728:C:/Program Files (x86)/Arm GNU Toolchain arm-none-eabi/14.3 rel1/arm-none-eabi/include/c++/14.3.1\cmath ****   constexpr bool
1729:C:/Program Files (x86)/Arm GNU Toolchain arm-none-eabi/14.3 rel1/arm-none-eabi/include/c++/14.3.1\cmath ****   isinf(__gnu_cxx::__bfloat16_t __x)
1730:C:/Program Files (x86)/Arm GNU Toolchain arm-none-eabi/14.3 rel1/arm-none-eabi/include/c++/14.3.1\cmath ****   { return __builtin_isinf(__x); }
1731:C:/Program Files (x86)/Arm GNU Toolchain arm-none-eabi/14.3 rel1/arm-none-eabi/include/c++/14.3.1\cmath **** 
1732:C:/Program Files (x86)/Arm GNU Toolchain arm-none-eabi/14.3 rel1/arm-none-eabi/include/c++/14.3.1\cmath ****   constexpr bool
1733:C:/Program Files (x86)/Arm GNU Toolchain arm-none-eabi/14.3 rel1/arm-none-eabi/include/c++/14.3.1\cmath ****   isnan(__gnu_cxx::__bfloat16_t __x)
1734:C:/Program Files (x86)/Arm GNU Toolchain arm-none-eabi/14.3 rel1/arm-none-eabi/include/c++/14.3.1\cmath ****   { return __builtin_isnan(__x); }
1735:C:/Program Files (x86)/Arm GNU Toolchain arm-none-eabi/14.3 rel1/arm-none-eabi/include/c++/14.3.1\cmath **** 
1736:C:/Program Files (x86)/Arm GNU Toolchain arm-none-eabi/14.3 rel1/arm-none-eabi/include/c++/14.3.1\cmath ****   constexpr bool
1737:C:/Program Files (x86)/Arm GNU Toolchain arm-none-eabi/14.3 rel1/arm-none-eabi/include/c++/14.3.1\cmath ****   isnormal(__gnu_cxx::__bfloat16_t __x)
1738:C:/Program Files (x86)/Arm GNU Toolchain arm-none-eabi/14.3 rel1/arm-none-eabi/include/c++/14.3.1\cmath ****   { return __builtin_isnormal(__x); }
1739:C:/Program Files (x86)/Arm GNU Toolchain arm-none-eabi/14.3 rel1/arm-none-eabi/include/c++/14.3.1\cmath **** 
1740:C:/Program Files (x86)/Arm GNU Toolchain arm-none-eabi/14.3 rel1/arm-none-eabi/include/c++/14.3.1\cmath ****   constexpr bool
1741:C:/Program Files (x86)/Arm GNU Toolchain arm-none-eabi/14.3 rel1/arm-none-eabi/include/c++/14.3.1\cmath ****   signbit(__gnu_cxx::__bfloat16_t __x)
1742:C:/Program Files (x86)/Arm GNU Toolchain arm-none-eabi/14.3 rel1/arm-none-eabi/include/c++/14.3.1\cmath ****   { return __builtin_signbit(__x); }
1743:C:/Program Files (x86)/Arm GNU Toolchain arm-none-eabi/14.3 rel1/arm-none-eabi/include/c++/14.3.1\cmath **** 
1744:C:/Program Files (x86)/Arm GNU Toolchain arm-none-eabi/14.3 rel1/arm-none-eabi/include/c++/14.3.1\cmath ****   constexpr bool
1745:C:/Program Files (x86)/Arm GNU Toolchain arm-none-eabi/14.3 rel1/arm-none-eabi/include/c++/14.3.1\cmath ****   isgreater(__gnu_cxx::__bfloat16_t __x, __gnu_cxx::__bfloat16_t __y)
1746:C:/Program Files (x86)/Arm GNU Toolchain arm-none-eabi/14.3 rel1/arm-none-eabi/include/c++/14.3.1\cmath ****   { return __builtin_isgreater(__x, __y); }
1747:C:/Program Files (x86)/Arm GNU Toolchain arm-none-eabi/14.3 rel1/arm-none-eabi/include/c++/14.3.1\cmath **** 
1748:C:/Program Files (x86)/Arm GNU Toolchain arm-none-eabi/14.3 rel1/arm-none-eabi/include/c++/14.3.1\cmath ****   constexpr bool
1749:C:/Program Files (x86)/Arm GNU Toolchain arm-none-eabi/14.3 rel1/arm-none-eabi/include/c++/14.3.1\cmath ****   isgreaterequal(__gnu_cxx::__bfloat16_t __x, __gnu_cxx::__bfloat16_t __y)
1750:C:/Program Files (x86)/Arm GNU Toolchain arm-none-eabi/14.3 rel1/arm-none-eabi/include/c++/14.3.1\cmath ****   { return __builtin_isgreaterequal(__x, __y); }
1751:C:/Program Files (x86)/Arm GNU Toolchain arm-none-eabi/14.3 rel1/arm-none-eabi/include/c++/14.3.1\cmath **** 
1752:C:/Program Files (x86)/Arm GNU Toolchain arm-none-eabi/14.3 rel1/arm-none-eabi/include/c++/14.3.1\cmath ****   constexpr bool
1753:C:/Program Files (x86)/Arm GNU Toolchain arm-none-eabi/14.3 rel1/arm-none-eabi/include/c++/14.3.1\cmath ****   isless(__gnu_cxx::__bfloat16_t __x, __gnu_cxx::__bfloat16_t __y)
1754:C:/Program Files (x86)/Arm GNU Toolchain arm-none-eabi/14.3 rel1/arm-none-eabi/include/c++/14.3.1\cmath ****   { return __builtin_isless(__x, __y); }
1755:C:/Program Files (x86)/Arm GNU Toolchain arm-none-eabi/14.3 rel1/arm-none-eabi/include/c++/14.3.1\cmath **** 
1756:C:/Program Files (x86)/Arm GNU Toolchain arm-none-eabi/14.3 rel1/arm-none-eabi/include/c++/14.3.1\cmath ****   constexpr bool
1757:C:/Program Files (x86)/Arm GNU Toolchain arm-none-eabi/14.3 rel1/arm-none-eabi/include/c++/14.3.1\cmath ****   islessequal(__gnu_cxx::__bfloat16_t __x, __gnu_cxx::__bfloat16_t __y)
1758:C:/Program Files (x86)/Arm GNU Toolchain arm-none-eabi/14.3 rel1/arm-none-eabi/include/c++/14.3.1\cmath ****   { return __builtin_islessequal(__x, __y); }
1759:C:/Program Files (x86)/Arm GNU Toolchain arm-none-eabi/14.3 rel1/arm-none-eabi/include/c++/14.3.1\cmath **** 
1760:C:/Program Files (x86)/Arm GNU Toolchain arm-none-eabi/14.3 rel1/arm-none-eabi/include/c++/14.3.1\cmath ****   constexpr bool
ARM GAS  C:\Users\Oliver\AppData\Local\Temp\ccb1Hde1.s 			page 75


1761:C:/Program Files (x86)/Arm GNU Toolchain arm-none-eabi/14.3 rel1/arm-none-eabi/include/c++/14.3.1\cmath ****   islessgreater(__gnu_cxx::__bfloat16_t __x, __gnu_cxx::__bfloat16_t __y)
1762:C:/Program Files (x86)/Arm GNU Toolchain arm-none-eabi/14.3 rel1/arm-none-eabi/include/c++/14.3.1\cmath ****   { return __builtin_islessgreater(__x, __y); }
1763:C:/Program Files (x86)/Arm GNU Toolchain arm-none-eabi/14.3 rel1/arm-none-eabi/include/c++/14.3.1\cmath **** 
1764:C:/Program Files (x86)/Arm GNU Toolchain arm-none-eabi/14.3 rel1/arm-none-eabi/include/c++/14.3.1\cmath ****   constexpr bool
1765:C:/Program Files (x86)/Arm GNU Toolchain arm-none-eabi/14.3 rel1/arm-none-eabi/include/c++/14.3.1\cmath ****   isunordered(__gnu_cxx::__bfloat16_t __x, __gnu_cxx::__bfloat16_t __y)
1766:C:/Program Files (x86)/Arm GNU Toolchain arm-none-eabi/14.3 rel1/arm-none-eabi/include/c++/14.3.1\cmath ****   { return __builtin_isunordered(__x, __y); }
1767:C:/Program Files (x86)/Arm GNU Toolchain arm-none-eabi/14.3 rel1/arm-none-eabi/include/c++/14.3.1\cmath **** #endif
1768:C:/Program Files (x86)/Arm GNU Toolchain arm-none-eabi/14.3 rel1/arm-none-eabi/include/c++/14.3.1\cmath **** 
1769:C:/Program Files (x86)/Arm GNU Toolchain arm-none-eabi/14.3 rel1/arm-none-eabi/include/c++/14.3.1\cmath **** #endif /* _GLIBCXX_USE_C99_FP_MACROS_DYNAMIC */
1770:C:/Program Files (x86)/Arm GNU Toolchain arm-none-eabi/14.3 rel1/arm-none-eabi/include/c++/14.3.1\cmath **** #endif /* _GLIBCXX_USE_C99_MATH */
1771:C:/Program Files (x86)/Arm GNU Toolchain arm-none-eabi/14.3 rel1/arm-none-eabi/include/c++/14.3.1\cmath **** 
1772:C:/Program Files (x86)/Arm GNU Toolchain arm-none-eabi/14.3 rel1/arm-none-eabi/include/c++/14.3.1\cmath **** #if __cplusplus >= 201103L
1773:C:/Program Files (x86)/Arm GNU Toolchain arm-none-eabi/14.3 rel1/arm-none-eabi/include/c++/14.3.1\cmath **** 
1774:C:/Program Files (x86)/Arm GNU Toolchain arm-none-eabi/14.3 rel1/arm-none-eabi/include/c++/14.3.1\cmath **** #undef acosf
1775:C:/Program Files (x86)/Arm GNU Toolchain arm-none-eabi/14.3 rel1/arm-none-eabi/include/c++/14.3.1\cmath **** #undef acosl
1776:C:/Program Files (x86)/Arm GNU Toolchain arm-none-eabi/14.3 rel1/arm-none-eabi/include/c++/14.3.1\cmath **** #undef asinf
1777:C:/Program Files (x86)/Arm GNU Toolchain arm-none-eabi/14.3 rel1/arm-none-eabi/include/c++/14.3.1\cmath **** #undef asinl
1778:C:/Program Files (x86)/Arm GNU Toolchain arm-none-eabi/14.3 rel1/arm-none-eabi/include/c++/14.3.1\cmath **** #undef atanf
1779:C:/Program Files (x86)/Arm GNU Toolchain arm-none-eabi/14.3 rel1/arm-none-eabi/include/c++/14.3.1\cmath **** #undef atanl
1780:C:/Program Files (x86)/Arm GNU Toolchain arm-none-eabi/14.3 rel1/arm-none-eabi/include/c++/14.3.1\cmath **** #undef atan2f
1781:C:/Program Files (x86)/Arm GNU Toolchain arm-none-eabi/14.3 rel1/arm-none-eabi/include/c++/14.3.1\cmath **** #undef atan2l
1782:C:/Program Files (x86)/Arm GNU Toolchain arm-none-eabi/14.3 rel1/arm-none-eabi/include/c++/14.3.1\cmath **** #undef ceilf
1783:C:/Program Files (x86)/Arm GNU Toolchain arm-none-eabi/14.3 rel1/arm-none-eabi/include/c++/14.3.1\cmath **** #undef ceill
1784:C:/Program Files (x86)/Arm GNU Toolchain arm-none-eabi/14.3 rel1/arm-none-eabi/include/c++/14.3.1\cmath **** #undef cosf
1785:C:/Program Files (x86)/Arm GNU Toolchain arm-none-eabi/14.3 rel1/arm-none-eabi/include/c++/14.3.1\cmath **** #undef cosl
1786:C:/Program Files (x86)/Arm GNU Toolchain arm-none-eabi/14.3 rel1/arm-none-eabi/include/c++/14.3.1\cmath **** #undef coshf
1787:C:/Program Files (x86)/Arm GNU Toolchain arm-none-eabi/14.3 rel1/arm-none-eabi/include/c++/14.3.1\cmath **** #undef coshl
1788:C:/Program Files (x86)/Arm GNU Toolchain arm-none-eabi/14.3 rel1/arm-none-eabi/include/c++/14.3.1\cmath **** #undef expf
1789:C:/Program Files (x86)/Arm GNU Toolchain arm-none-eabi/14.3 rel1/arm-none-eabi/include/c++/14.3.1\cmath **** #undef expl
1790:C:/Program Files (x86)/Arm GNU Toolchain arm-none-eabi/14.3 rel1/arm-none-eabi/include/c++/14.3.1\cmath **** #undef fabsf
1791:C:/Program Files (x86)/Arm GNU Toolchain arm-none-eabi/14.3 rel1/arm-none-eabi/include/c++/14.3.1\cmath **** #undef fabsl
1792:C:/Program Files (x86)/Arm GNU Toolchain arm-none-eabi/14.3 rel1/arm-none-eabi/include/c++/14.3.1\cmath **** #undef floorf
1793:C:/Program Files (x86)/Arm GNU Toolchain arm-none-eabi/14.3 rel1/arm-none-eabi/include/c++/14.3.1\cmath **** #undef floorl
1794:C:/Program Files (x86)/Arm GNU Toolchain arm-none-eabi/14.3 rel1/arm-none-eabi/include/c++/14.3.1\cmath **** #undef fmodf
1795:C:/Program Files (x86)/Arm GNU Toolchain arm-none-eabi/14.3 rel1/arm-none-eabi/include/c++/14.3.1\cmath **** #undef fmodl
1796:C:/Program Files (x86)/Arm GNU Toolchain arm-none-eabi/14.3 rel1/arm-none-eabi/include/c++/14.3.1\cmath **** #undef frexpf
1797:C:/Program Files (x86)/Arm GNU Toolchain arm-none-eabi/14.3 rel1/arm-none-eabi/include/c++/14.3.1\cmath **** #undef frexpl
1798:C:/Program Files (x86)/Arm GNU Toolchain arm-none-eabi/14.3 rel1/arm-none-eabi/include/c++/14.3.1\cmath **** #undef ldexpf
1799:C:/Program Files (x86)/Arm GNU Toolchain arm-none-eabi/14.3 rel1/arm-none-eabi/include/c++/14.3.1\cmath **** #undef ldexpl
1800:C:/Program Files (x86)/Arm GNU Toolchain arm-none-eabi/14.3 rel1/arm-none-eabi/include/c++/14.3.1\cmath **** #undef logf
1801:C:/Program Files (x86)/Arm GNU Toolchain arm-none-eabi/14.3 rel1/arm-none-eabi/include/c++/14.3.1\cmath **** #undef logl
1802:C:/Program Files (x86)/Arm GNU Toolchain arm-none-eabi/14.3 rel1/arm-none-eabi/include/c++/14.3.1\cmath **** #undef log10f
1803:C:/Program Files (x86)/Arm GNU Toolchain arm-none-eabi/14.3 rel1/arm-none-eabi/include/c++/14.3.1\cmath **** #undef log10l
1804:C:/Program Files (x86)/Arm GNU Toolchain arm-none-eabi/14.3 rel1/arm-none-eabi/include/c++/14.3.1\cmath **** #undef modff
1805:C:/Program Files (x86)/Arm GNU Toolchain arm-none-eabi/14.3 rel1/arm-none-eabi/include/c++/14.3.1\cmath **** #undef modfl
1806:C:/Program Files (x86)/Arm GNU Toolchain arm-none-eabi/14.3 rel1/arm-none-eabi/include/c++/14.3.1\cmath **** #undef powf
1807:C:/Program Files (x86)/Arm GNU Toolchain arm-none-eabi/14.3 rel1/arm-none-eabi/include/c++/14.3.1\cmath **** #undef powl
1808:C:/Program Files (x86)/Arm GNU Toolchain arm-none-eabi/14.3 rel1/arm-none-eabi/include/c++/14.3.1\cmath **** #undef sinf
1809:C:/Program Files (x86)/Arm GNU Toolchain arm-none-eabi/14.3 rel1/arm-none-eabi/include/c++/14.3.1\cmath **** #undef sinl
1810:C:/Program Files (x86)/Arm GNU Toolchain arm-none-eabi/14.3 rel1/arm-none-eabi/include/c++/14.3.1\cmath **** #undef sinhf
1811:C:/Program Files (x86)/Arm GNU Toolchain arm-none-eabi/14.3 rel1/arm-none-eabi/include/c++/14.3.1\cmath **** #undef sinhl
1812:C:/Program Files (x86)/Arm GNU Toolchain arm-none-eabi/14.3 rel1/arm-none-eabi/include/c++/14.3.1\cmath **** #undef sqrtf
1813:C:/Program Files (x86)/Arm GNU Toolchain arm-none-eabi/14.3 rel1/arm-none-eabi/include/c++/14.3.1\cmath **** #undef sqrtl
1814:C:/Program Files (x86)/Arm GNU Toolchain arm-none-eabi/14.3 rel1/arm-none-eabi/include/c++/14.3.1\cmath **** #undef tanf
1815:C:/Program Files (x86)/Arm GNU Toolchain arm-none-eabi/14.3 rel1/arm-none-eabi/include/c++/14.3.1\cmath **** #undef tanl
1816:C:/Program Files (x86)/Arm GNU Toolchain arm-none-eabi/14.3 rel1/arm-none-eabi/include/c++/14.3.1\cmath **** #undef tanhf
1817:C:/Program Files (x86)/Arm GNU Toolchain arm-none-eabi/14.3 rel1/arm-none-eabi/include/c++/14.3.1\cmath **** #undef tanhl
ARM GAS  C:\Users\Oliver\AppData\Local\Temp\ccb1Hde1.s 			page 76


1818:C:/Program Files (x86)/Arm GNU Toolchain arm-none-eabi/14.3 rel1/arm-none-eabi/include/c++/14.3.1\cmath **** 
1819:C:/Program Files (x86)/Arm GNU Toolchain arm-none-eabi/14.3 rel1/arm-none-eabi/include/c++/14.3.1\cmath **** #ifdef _GLIBCXX_HAVE_ACOSF
1820:C:/Program Files (x86)/Arm GNU Toolchain arm-none-eabi/14.3 rel1/arm-none-eabi/include/c++/14.3.1\cmath ****   using ::acosf;
1821:C:/Program Files (x86)/Arm GNU Toolchain arm-none-eabi/14.3 rel1/arm-none-eabi/include/c++/14.3.1\cmath **** #endif
1822:C:/Program Files (x86)/Arm GNU Toolchain arm-none-eabi/14.3 rel1/arm-none-eabi/include/c++/14.3.1\cmath **** #ifdef _GLIBCXX_HAVE_ACOSL
1823:C:/Program Files (x86)/Arm GNU Toolchain arm-none-eabi/14.3 rel1/arm-none-eabi/include/c++/14.3.1\cmath ****   using ::acosl;
1824:C:/Program Files (x86)/Arm GNU Toolchain arm-none-eabi/14.3 rel1/arm-none-eabi/include/c++/14.3.1\cmath **** #endif
1825:C:/Program Files (x86)/Arm GNU Toolchain arm-none-eabi/14.3 rel1/arm-none-eabi/include/c++/14.3.1\cmath **** 
1826:C:/Program Files (x86)/Arm GNU Toolchain arm-none-eabi/14.3 rel1/arm-none-eabi/include/c++/14.3.1\cmath **** #ifdef _GLIBCXX_HAVE_ASINF
1827:C:/Program Files (x86)/Arm GNU Toolchain arm-none-eabi/14.3 rel1/arm-none-eabi/include/c++/14.3.1\cmath ****   using ::asinf;
1828:C:/Program Files (x86)/Arm GNU Toolchain arm-none-eabi/14.3 rel1/arm-none-eabi/include/c++/14.3.1\cmath **** #endif
1829:C:/Program Files (x86)/Arm GNU Toolchain arm-none-eabi/14.3 rel1/arm-none-eabi/include/c++/14.3.1\cmath **** #ifdef _GLIBCXX_HAVE_ASINL
1830:C:/Program Files (x86)/Arm GNU Toolchain arm-none-eabi/14.3 rel1/arm-none-eabi/include/c++/14.3.1\cmath ****   using ::asinl;
1831:C:/Program Files (x86)/Arm GNU Toolchain arm-none-eabi/14.3 rel1/arm-none-eabi/include/c++/14.3.1\cmath **** #endif
1832:C:/Program Files (x86)/Arm GNU Toolchain arm-none-eabi/14.3 rel1/arm-none-eabi/include/c++/14.3.1\cmath **** 
1833:C:/Program Files (x86)/Arm GNU Toolchain arm-none-eabi/14.3 rel1/arm-none-eabi/include/c++/14.3.1\cmath **** #ifdef _GLIBCXX_HAVE_ATANF
1834:C:/Program Files (x86)/Arm GNU Toolchain arm-none-eabi/14.3 rel1/arm-none-eabi/include/c++/14.3.1\cmath ****   using ::atanf;
1835:C:/Program Files (x86)/Arm GNU Toolchain arm-none-eabi/14.3 rel1/arm-none-eabi/include/c++/14.3.1\cmath **** #endif
1836:C:/Program Files (x86)/Arm GNU Toolchain arm-none-eabi/14.3 rel1/arm-none-eabi/include/c++/14.3.1\cmath **** #ifdef _GLIBCXX_HAVE_ATANL
1837:C:/Program Files (x86)/Arm GNU Toolchain arm-none-eabi/14.3 rel1/arm-none-eabi/include/c++/14.3.1\cmath ****   using ::atanl;
1838:C:/Program Files (x86)/Arm GNU Toolchain arm-none-eabi/14.3 rel1/arm-none-eabi/include/c++/14.3.1\cmath **** #endif
1839:C:/Program Files (x86)/Arm GNU Toolchain arm-none-eabi/14.3 rel1/arm-none-eabi/include/c++/14.3.1\cmath **** 
1840:C:/Program Files (x86)/Arm GNU Toolchain arm-none-eabi/14.3 rel1/arm-none-eabi/include/c++/14.3.1\cmath **** #ifdef _GLIBCXX_HAVE_ATAN2F
1841:C:/Program Files (x86)/Arm GNU Toolchain arm-none-eabi/14.3 rel1/arm-none-eabi/include/c++/14.3.1\cmath ****   using ::atan2f;
1842:C:/Program Files (x86)/Arm GNU Toolchain arm-none-eabi/14.3 rel1/arm-none-eabi/include/c++/14.3.1\cmath **** #endif
1843:C:/Program Files (x86)/Arm GNU Toolchain arm-none-eabi/14.3 rel1/arm-none-eabi/include/c++/14.3.1\cmath **** #ifdef _GLIBCXX_HAVE_ATAN2L
1844:C:/Program Files (x86)/Arm GNU Toolchain arm-none-eabi/14.3 rel1/arm-none-eabi/include/c++/14.3.1\cmath ****   using ::atan2l;
1845:C:/Program Files (x86)/Arm GNU Toolchain arm-none-eabi/14.3 rel1/arm-none-eabi/include/c++/14.3.1\cmath **** #endif
1846:C:/Program Files (x86)/Arm GNU Toolchain arm-none-eabi/14.3 rel1/arm-none-eabi/include/c++/14.3.1\cmath **** 
1847:C:/Program Files (x86)/Arm GNU Toolchain arm-none-eabi/14.3 rel1/arm-none-eabi/include/c++/14.3.1\cmath **** #ifdef _GLIBCXX_HAVE_CEILF
1848:C:/Program Files (x86)/Arm GNU Toolchain arm-none-eabi/14.3 rel1/arm-none-eabi/include/c++/14.3.1\cmath ****   using ::ceilf;
1849:C:/Program Files (x86)/Arm GNU Toolchain arm-none-eabi/14.3 rel1/arm-none-eabi/include/c++/14.3.1\cmath **** #endif
1850:C:/Program Files (x86)/Arm GNU Toolchain arm-none-eabi/14.3 rel1/arm-none-eabi/include/c++/14.3.1\cmath **** #ifdef _GLIBCXX_HAVE_CEILL
1851:C:/Program Files (x86)/Arm GNU Toolchain arm-none-eabi/14.3 rel1/arm-none-eabi/include/c++/14.3.1\cmath ****   using ::ceill;
1852:C:/Program Files (x86)/Arm GNU Toolchain arm-none-eabi/14.3 rel1/arm-none-eabi/include/c++/14.3.1\cmath **** #endif
1853:C:/Program Files (x86)/Arm GNU Toolchain arm-none-eabi/14.3 rel1/arm-none-eabi/include/c++/14.3.1\cmath **** 
1854:C:/Program Files (x86)/Arm GNU Toolchain arm-none-eabi/14.3 rel1/arm-none-eabi/include/c++/14.3.1\cmath **** #ifdef _GLIBCXX_HAVE_COSF
1855:C:/Program Files (x86)/Arm GNU Toolchain arm-none-eabi/14.3 rel1/arm-none-eabi/include/c++/14.3.1\cmath ****   using ::cosf;
1856:C:/Program Files (x86)/Arm GNU Toolchain arm-none-eabi/14.3 rel1/arm-none-eabi/include/c++/14.3.1\cmath **** #endif
1857:C:/Program Files (x86)/Arm GNU Toolchain arm-none-eabi/14.3 rel1/arm-none-eabi/include/c++/14.3.1\cmath **** #ifdef _GLIBCXX_HAVE_COSL
1858:C:/Program Files (x86)/Arm GNU Toolchain arm-none-eabi/14.3 rel1/arm-none-eabi/include/c++/14.3.1\cmath ****   using ::cosl;
1859:C:/Program Files (x86)/Arm GNU Toolchain arm-none-eabi/14.3 rel1/arm-none-eabi/include/c++/14.3.1\cmath **** #endif
1860:C:/Program Files (x86)/Arm GNU Toolchain arm-none-eabi/14.3 rel1/arm-none-eabi/include/c++/14.3.1\cmath **** 
1861:C:/Program Files (x86)/Arm GNU Toolchain arm-none-eabi/14.3 rel1/arm-none-eabi/include/c++/14.3.1\cmath **** #ifdef _GLIBCXX_HAVE_COSHF
1862:C:/Program Files (x86)/Arm GNU Toolchain arm-none-eabi/14.3 rel1/arm-none-eabi/include/c++/14.3.1\cmath ****   using ::coshf;
1863:C:/Program Files (x86)/Arm GNU Toolchain arm-none-eabi/14.3 rel1/arm-none-eabi/include/c++/14.3.1\cmath **** #endif
1864:C:/Program Files (x86)/Arm GNU Toolchain arm-none-eabi/14.3 rel1/arm-none-eabi/include/c++/14.3.1\cmath **** #ifdef _GLIBCXX_HAVE_COSHL
1865:C:/Program Files (x86)/Arm GNU Toolchain arm-none-eabi/14.3 rel1/arm-none-eabi/include/c++/14.3.1\cmath ****   using ::coshl;
1866:C:/Program Files (x86)/Arm GNU Toolchain arm-none-eabi/14.3 rel1/arm-none-eabi/include/c++/14.3.1\cmath **** #endif
1867:C:/Program Files (x86)/Arm GNU Toolchain arm-none-eabi/14.3 rel1/arm-none-eabi/include/c++/14.3.1\cmath **** 
1868:C:/Program Files (x86)/Arm GNU Toolchain arm-none-eabi/14.3 rel1/arm-none-eabi/include/c++/14.3.1\cmath **** #ifdef _GLIBCXX_HAVE_EXPF
1869:C:/Program Files (x86)/Arm GNU Toolchain arm-none-eabi/14.3 rel1/arm-none-eabi/include/c++/14.3.1\cmath ****   using ::expf;
1870:C:/Program Files (x86)/Arm GNU Toolchain arm-none-eabi/14.3 rel1/arm-none-eabi/include/c++/14.3.1\cmath **** #endif
1871:C:/Program Files (x86)/Arm GNU Toolchain arm-none-eabi/14.3 rel1/arm-none-eabi/include/c++/14.3.1\cmath **** #ifdef _GLIBCXX_HAVE_EXPL
1872:C:/Program Files (x86)/Arm GNU Toolchain arm-none-eabi/14.3 rel1/arm-none-eabi/include/c++/14.3.1\cmath ****   using ::expl;
1873:C:/Program Files (x86)/Arm GNU Toolchain arm-none-eabi/14.3 rel1/arm-none-eabi/include/c++/14.3.1\cmath **** #endif
1874:C:/Program Files (x86)/Arm GNU Toolchain arm-none-eabi/14.3 rel1/arm-none-eabi/include/c++/14.3.1\cmath **** 
ARM GAS  C:\Users\Oliver\AppData\Local\Temp\ccb1Hde1.s 			page 77


1875:C:/Program Files (x86)/Arm GNU Toolchain arm-none-eabi/14.3 rel1/arm-none-eabi/include/c++/14.3.1\cmath **** #ifdef _GLIBCXX_HAVE_FABSF
1876:C:/Program Files (x86)/Arm GNU Toolchain arm-none-eabi/14.3 rel1/arm-none-eabi/include/c++/14.3.1\cmath ****   using ::fabsf;
1877:C:/Program Files (x86)/Arm GNU Toolchain arm-none-eabi/14.3 rel1/arm-none-eabi/include/c++/14.3.1\cmath **** #endif
1878:C:/Program Files (x86)/Arm GNU Toolchain arm-none-eabi/14.3 rel1/arm-none-eabi/include/c++/14.3.1\cmath **** #ifdef _GLIBCXX_HAVE_FABSL
1879:C:/Program Files (x86)/Arm GNU Toolchain arm-none-eabi/14.3 rel1/arm-none-eabi/include/c++/14.3.1\cmath ****   using ::fabsl;
1880:C:/Program Files (x86)/Arm GNU Toolchain arm-none-eabi/14.3 rel1/arm-none-eabi/include/c++/14.3.1\cmath **** #endif
1881:C:/Program Files (x86)/Arm GNU Toolchain arm-none-eabi/14.3 rel1/arm-none-eabi/include/c++/14.3.1\cmath **** 
1882:C:/Program Files (x86)/Arm GNU Toolchain arm-none-eabi/14.3 rel1/arm-none-eabi/include/c++/14.3.1\cmath **** #ifdef _GLIBCXX_HAVE_FLOORF
1883:C:/Program Files (x86)/Arm GNU Toolchain arm-none-eabi/14.3 rel1/arm-none-eabi/include/c++/14.3.1\cmath ****   using ::floorf;
1884:C:/Program Files (x86)/Arm GNU Toolchain arm-none-eabi/14.3 rel1/arm-none-eabi/include/c++/14.3.1\cmath **** #endif
1885:C:/Program Files (x86)/Arm GNU Toolchain arm-none-eabi/14.3 rel1/arm-none-eabi/include/c++/14.3.1\cmath **** #ifdef _GLIBCXX_HAVE_FLOORL
1886:C:/Program Files (x86)/Arm GNU Toolchain arm-none-eabi/14.3 rel1/arm-none-eabi/include/c++/14.3.1\cmath ****   using ::floorl;
1887:C:/Program Files (x86)/Arm GNU Toolchain arm-none-eabi/14.3 rel1/arm-none-eabi/include/c++/14.3.1\cmath **** #endif
1888:C:/Program Files (x86)/Arm GNU Toolchain arm-none-eabi/14.3 rel1/arm-none-eabi/include/c++/14.3.1\cmath **** 
1889:C:/Program Files (x86)/Arm GNU Toolchain arm-none-eabi/14.3 rel1/arm-none-eabi/include/c++/14.3.1\cmath **** #ifdef _GLIBCXX_HAVE_FMODF
1890:C:/Program Files (x86)/Arm GNU Toolchain arm-none-eabi/14.3 rel1/arm-none-eabi/include/c++/14.3.1\cmath ****   using ::fmodf;
1891:C:/Program Files (x86)/Arm GNU Toolchain arm-none-eabi/14.3 rel1/arm-none-eabi/include/c++/14.3.1\cmath **** #endif
1892:C:/Program Files (x86)/Arm GNU Toolchain arm-none-eabi/14.3 rel1/arm-none-eabi/include/c++/14.3.1\cmath **** #ifdef _GLIBCXX_HAVE_FMODL
1893:C:/Program Files (x86)/Arm GNU Toolchain arm-none-eabi/14.3 rel1/arm-none-eabi/include/c++/14.3.1\cmath ****   using ::fmodl;
1894:C:/Program Files (x86)/Arm GNU Toolchain arm-none-eabi/14.3 rel1/arm-none-eabi/include/c++/14.3.1\cmath **** #endif
1895:C:/Program Files (x86)/Arm GNU Toolchain arm-none-eabi/14.3 rel1/arm-none-eabi/include/c++/14.3.1\cmath **** 
1896:C:/Program Files (x86)/Arm GNU Toolchain arm-none-eabi/14.3 rel1/arm-none-eabi/include/c++/14.3.1\cmath **** #ifdef _GLIBCXX_HAVE_FREXPF
1897:C:/Program Files (x86)/Arm GNU Toolchain arm-none-eabi/14.3 rel1/arm-none-eabi/include/c++/14.3.1\cmath ****   using ::frexpf;
1898:C:/Program Files (x86)/Arm GNU Toolchain arm-none-eabi/14.3 rel1/arm-none-eabi/include/c++/14.3.1\cmath **** #endif
1899:C:/Program Files (x86)/Arm GNU Toolchain arm-none-eabi/14.3 rel1/arm-none-eabi/include/c++/14.3.1\cmath **** #ifdef _GLIBCXX_HAVE_FREXPL
1900:C:/Program Files (x86)/Arm GNU Toolchain arm-none-eabi/14.3 rel1/arm-none-eabi/include/c++/14.3.1\cmath ****   using ::frexpl;
1901:C:/Program Files (x86)/Arm GNU Toolchain arm-none-eabi/14.3 rel1/arm-none-eabi/include/c++/14.3.1\cmath **** #endif
1902:C:/Program Files (x86)/Arm GNU Toolchain arm-none-eabi/14.3 rel1/arm-none-eabi/include/c++/14.3.1\cmath **** 
1903:C:/Program Files (x86)/Arm GNU Toolchain arm-none-eabi/14.3 rel1/arm-none-eabi/include/c++/14.3.1\cmath **** #ifdef _GLIBCXX_HAVE_LDEXPF
1904:C:/Program Files (x86)/Arm GNU Toolchain arm-none-eabi/14.3 rel1/arm-none-eabi/include/c++/14.3.1\cmath ****   using ::ldexpf;
1905:C:/Program Files (x86)/Arm GNU Toolchain arm-none-eabi/14.3 rel1/arm-none-eabi/include/c++/14.3.1\cmath **** #endif
1906:C:/Program Files (x86)/Arm GNU Toolchain arm-none-eabi/14.3 rel1/arm-none-eabi/include/c++/14.3.1\cmath **** #ifdef _GLIBCXX_HAVE_LDEXPL
1907:C:/Program Files (x86)/Arm GNU Toolchain arm-none-eabi/14.3 rel1/arm-none-eabi/include/c++/14.3.1\cmath ****   using ::ldexpl;
1908:C:/Program Files (x86)/Arm GNU Toolchain arm-none-eabi/14.3 rel1/arm-none-eabi/include/c++/14.3.1\cmath **** #endif
1909:C:/Program Files (x86)/Arm GNU Toolchain arm-none-eabi/14.3 rel1/arm-none-eabi/include/c++/14.3.1\cmath **** 
1910:C:/Program Files (x86)/Arm GNU Toolchain arm-none-eabi/14.3 rel1/arm-none-eabi/include/c++/14.3.1\cmath **** #ifdef _GLIBCXX_HAVE_LOGF
1911:C:/Program Files (x86)/Arm GNU Toolchain arm-none-eabi/14.3 rel1/arm-none-eabi/include/c++/14.3.1\cmath ****   using ::logf;
1912:C:/Program Files (x86)/Arm GNU Toolchain arm-none-eabi/14.3 rel1/arm-none-eabi/include/c++/14.3.1\cmath **** #endif
1913:C:/Program Files (x86)/Arm GNU Toolchain arm-none-eabi/14.3 rel1/arm-none-eabi/include/c++/14.3.1\cmath **** #ifdef _GLIBCXX_HAVE_LOGL
1914:C:/Program Files (x86)/Arm GNU Toolchain arm-none-eabi/14.3 rel1/arm-none-eabi/include/c++/14.3.1\cmath ****   using ::logl;
1915:C:/Program Files (x86)/Arm GNU Toolchain arm-none-eabi/14.3 rel1/arm-none-eabi/include/c++/14.3.1\cmath **** #endif
1916:C:/Program Files (x86)/Arm GNU Toolchain arm-none-eabi/14.3 rel1/arm-none-eabi/include/c++/14.3.1\cmath **** 
1917:C:/Program Files (x86)/Arm GNU Toolchain arm-none-eabi/14.3 rel1/arm-none-eabi/include/c++/14.3.1\cmath **** #ifdef _GLIBCXX_HAVE_LOG10F
1918:C:/Program Files (x86)/Arm GNU Toolchain arm-none-eabi/14.3 rel1/arm-none-eabi/include/c++/14.3.1\cmath ****   using ::log10f;
1919:C:/Program Files (x86)/Arm GNU Toolchain arm-none-eabi/14.3 rel1/arm-none-eabi/include/c++/14.3.1\cmath **** #endif
1920:C:/Program Files (x86)/Arm GNU Toolchain arm-none-eabi/14.3 rel1/arm-none-eabi/include/c++/14.3.1\cmath **** #ifdef _GLIBCXX_HAVE_LOG10L
1921:C:/Program Files (x86)/Arm GNU Toolchain arm-none-eabi/14.3 rel1/arm-none-eabi/include/c++/14.3.1\cmath ****   using ::log10l;
1922:C:/Program Files (x86)/Arm GNU Toolchain arm-none-eabi/14.3 rel1/arm-none-eabi/include/c++/14.3.1\cmath **** #endif
1923:C:/Program Files (x86)/Arm GNU Toolchain arm-none-eabi/14.3 rel1/arm-none-eabi/include/c++/14.3.1\cmath **** 
1924:C:/Program Files (x86)/Arm GNU Toolchain arm-none-eabi/14.3 rel1/arm-none-eabi/include/c++/14.3.1\cmath **** #ifdef _GLIBCXX_HAVE_MODFF
1925:C:/Program Files (x86)/Arm GNU Toolchain arm-none-eabi/14.3 rel1/arm-none-eabi/include/c++/14.3.1\cmath ****   using ::modff;
1926:C:/Program Files (x86)/Arm GNU Toolchain arm-none-eabi/14.3 rel1/arm-none-eabi/include/c++/14.3.1\cmath **** #endif
1927:C:/Program Files (x86)/Arm GNU Toolchain arm-none-eabi/14.3 rel1/arm-none-eabi/include/c++/14.3.1\cmath **** #ifdef _GLIBCXX_HAVE_MODFL
1928:C:/Program Files (x86)/Arm GNU Toolchain arm-none-eabi/14.3 rel1/arm-none-eabi/include/c++/14.3.1\cmath ****   using ::modfl;
1929:C:/Program Files (x86)/Arm GNU Toolchain arm-none-eabi/14.3 rel1/arm-none-eabi/include/c++/14.3.1\cmath **** #endif
1930:C:/Program Files (x86)/Arm GNU Toolchain arm-none-eabi/14.3 rel1/arm-none-eabi/include/c++/14.3.1\cmath **** 
1931:C:/Program Files (x86)/Arm GNU Toolchain arm-none-eabi/14.3 rel1/arm-none-eabi/include/c++/14.3.1\cmath **** #ifdef _GLIBCXX_HAVE_POWF
ARM GAS  C:\Users\Oliver\AppData\Local\Temp\ccb1Hde1.s 			page 78


1932:C:/Program Files (x86)/Arm GNU Toolchain arm-none-eabi/14.3 rel1/arm-none-eabi/include/c++/14.3.1\cmath ****   using ::powf;
1933:C:/Program Files (x86)/Arm GNU Toolchain arm-none-eabi/14.3 rel1/arm-none-eabi/include/c++/14.3.1\cmath **** #endif
1934:C:/Program Files (x86)/Arm GNU Toolchain arm-none-eabi/14.3 rel1/arm-none-eabi/include/c++/14.3.1\cmath **** #ifdef _GLIBCXX_HAVE_POWL
1935:C:/Program Files (x86)/Arm GNU Toolchain arm-none-eabi/14.3 rel1/arm-none-eabi/include/c++/14.3.1\cmath ****   using ::powl;
1936:C:/Program Files (x86)/Arm GNU Toolchain arm-none-eabi/14.3 rel1/arm-none-eabi/include/c++/14.3.1\cmath **** #endif
1937:C:/Program Files (x86)/Arm GNU Toolchain arm-none-eabi/14.3 rel1/arm-none-eabi/include/c++/14.3.1\cmath **** 
1938:C:/Program Files (x86)/Arm GNU Toolchain arm-none-eabi/14.3 rel1/arm-none-eabi/include/c++/14.3.1\cmath **** #ifdef _GLIBCXX_HAVE_SINF
1939:C:/Program Files (x86)/Arm GNU Toolchain arm-none-eabi/14.3 rel1/arm-none-eabi/include/c++/14.3.1\cmath ****   using ::sinf;
1940:C:/Program Files (x86)/Arm GNU Toolchain arm-none-eabi/14.3 rel1/arm-none-eabi/include/c++/14.3.1\cmath **** #endif
1941:C:/Program Files (x86)/Arm GNU Toolchain arm-none-eabi/14.3 rel1/arm-none-eabi/include/c++/14.3.1\cmath **** #ifdef _GLIBCXX_HAVE_SINL
1942:C:/Program Files (x86)/Arm GNU Toolchain arm-none-eabi/14.3 rel1/arm-none-eabi/include/c++/14.3.1\cmath ****   using ::sinl;
1943:C:/Program Files (x86)/Arm GNU Toolchain arm-none-eabi/14.3 rel1/arm-none-eabi/include/c++/14.3.1\cmath **** #endif
1944:C:/Program Files (x86)/Arm GNU Toolchain arm-none-eabi/14.3 rel1/arm-none-eabi/include/c++/14.3.1\cmath **** 
1945:C:/Program Files (x86)/Arm GNU Toolchain arm-none-eabi/14.3 rel1/arm-none-eabi/include/c++/14.3.1\cmath **** #ifdef _GLIBCXX_HAVE_SINHF
1946:C:/Program Files (x86)/Arm GNU Toolchain arm-none-eabi/14.3 rel1/arm-none-eabi/include/c++/14.3.1\cmath ****   using ::sinhf;
1947:C:/Program Files (x86)/Arm GNU Toolchain arm-none-eabi/14.3 rel1/arm-none-eabi/include/c++/14.3.1\cmath **** #endif
1948:C:/Program Files (x86)/Arm GNU Toolchain arm-none-eabi/14.3 rel1/arm-none-eabi/include/c++/14.3.1\cmath **** #ifdef _GLIBCXX_HAVE_SINHL
1949:C:/Program Files (x86)/Arm GNU Toolchain arm-none-eabi/14.3 rel1/arm-none-eabi/include/c++/14.3.1\cmath ****   using ::sinhl;
1950:C:/Program Files (x86)/Arm GNU Toolchain arm-none-eabi/14.3 rel1/arm-none-eabi/include/c++/14.3.1\cmath **** #endif
1951:C:/Program Files (x86)/Arm GNU Toolchain arm-none-eabi/14.3 rel1/arm-none-eabi/include/c++/14.3.1\cmath **** 
1952:C:/Program Files (x86)/Arm GNU Toolchain arm-none-eabi/14.3 rel1/arm-none-eabi/include/c++/14.3.1\cmath **** #ifdef _GLIBCXX_HAVE_SQRTF
1953:C:/Program Files (x86)/Arm GNU Toolchain arm-none-eabi/14.3 rel1/arm-none-eabi/include/c++/14.3.1\cmath ****   using ::sqrtf;
1954:C:/Program Files (x86)/Arm GNU Toolchain arm-none-eabi/14.3 rel1/arm-none-eabi/include/c++/14.3.1\cmath **** #endif
1955:C:/Program Files (x86)/Arm GNU Toolchain arm-none-eabi/14.3 rel1/arm-none-eabi/include/c++/14.3.1\cmath **** #ifdef _GLIBCXX_HAVE_SQRTL
1956:C:/Program Files (x86)/Arm GNU Toolchain arm-none-eabi/14.3 rel1/arm-none-eabi/include/c++/14.3.1\cmath ****   using ::sqrtl;
1957:C:/Program Files (x86)/Arm GNU Toolchain arm-none-eabi/14.3 rel1/arm-none-eabi/include/c++/14.3.1\cmath **** #endif
1958:C:/Program Files (x86)/Arm GNU Toolchain arm-none-eabi/14.3 rel1/arm-none-eabi/include/c++/14.3.1\cmath **** 
1959:C:/Program Files (x86)/Arm GNU Toolchain arm-none-eabi/14.3 rel1/arm-none-eabi/include/c++/14.3.1\cmath **** #ifdef _GLIBCXX_HAVE_TANF
1960:C:/Program Files (x86)/Arm GNU Toolchain arm-none-eabi/14.3 rel1/arm-none-eabi/include/c++/14.3.1\cmath ****   using ::tanf;
1961:C:/Program Files (x86)/Arm GNU Toolchain arm-none-eabi/14.3 rel1/arm-none-eabi/include/c++/14.3.1\cmath **** #endif
1962:C:/Program Files (x86)/Arm GNU Toolchain arm-none-eabi/14.3 rel1/arm-none-eabi/include/c++/14.3.1\cmath **** #ifdef _GLIBCXX_HAVE_TANL
1963:C:/Program Files (x86)/Arm GNU Toolchain arm-none-eabi/14.3 rel1/arm-none-eabi/include/c++/14.3.1\cmath ****   using ::tanl;
1964:C:/Program Files (x86)/Arm GNU Toolchain arm-none-eabi/14.3 rel1/arm-none-eabi/include/c++/14.3.1\cmath **** #endif
1965:C:/Program Files (x86)/Arm GNU Toolchain arm-none-eabi/14.3 rel1/arm-none-eabi/include/c++/14.3.1\cmath **** 
1966:C:/Program Files (x86)/Arm GNU Toolchain arm-none-eabi/14.3 rel1/arm-none-eabi/include/c++/14.3.1\cmath **** #ifdef _GLIBCXX_HAVE_TANHF
1967:C:/Program Files (x86)/Arm GNU Toolchain arm-none-eabi/14.3 rel1/arm-none-eabi/include/c++/14.3.1\cmath ****   using ::tanhf;
1968:C:/Program Files (x86)/Arm GNU Toolchain arm-none-eabi/14.3 rel1/arm-none-eabi/include/c++/14.3.1\cmath **** #endif
1969:C:/Program Files (x86)/Arm GNU Toolchain arm-none-eabi/14.3 rel1/arm-none-eabi/include/c++/14.3.1\cmath **** #ifdef _GLIBCXX_HAVE_TANHL
1970:C:/Program Files (x86)/Arm GNU Toolchain arm-none-eabi/14.3 rel1/arm-none-eabi/include/c++/14.3.1\cmath ****   using ::tanhl;
1971:C:/Program Files (x86)/Arm GNU Toolchain arm-none-eabi/14.3 rel1/arm-none-eabi/include/c++/14.3.1\cmath **** #endif
1972:C:/Program Files (x86)/Arm GNU Toolchain arm-none-eabi/14.3 rel1/arm-none-eabi/include/c++/14.3.1\cmath **** 
1973:C:/Program Files (x86)/Arm GNU Toolchain arm-none-eabi/14.3 rel1/arm-none-eabi/include/c++/14.3.1\cmath **** #ifdef _GLIBCXX_USE_C99_MATH_FUNCS
1974:C:/Program Files (x86)/Arm GNU Toolchain arm-none-eabi/14.3 rel1/arm-none-eabi/include/c++/14.3.1\cmath **** 
1975:C:/Program Files (x86)/Arm GNU Toolchain arm-none-eabi/14.3 rel1/arm-none-eabi/include/c++/14.3.1\cmath **** #undef acosh
1976:C:/Program Files (x86)/Arm GNU Toolchain arm-none-eabi/14.3 rel1/arm-none-eabi/include/c++/14.3.1\cmath **** #undef acoshf
1977:C:/Program Files (x86)/Arm GNU Toolchain arm-none-eabi/14.3 rel1/arm-none-eabi/include/c++/14.3.1\cmath **** #undef acoshl
1978:C:/Program Files (x86)/Arm GNU Toolchain arm-none-eabi/14.3 rel1/arm-none-eabi/include/c++/14.3.1\cmath **** #undef asinh
1979:C:/Program Files (x86)/Arm GNU Toolchain arm-none-eabi/14.3 rel1/arm-none-eabi/include/c++/14.3.1\cmath **** #undef asinhf
1980:C:/Program Files (x86)/Arm GNU Toolchain arm-none-eabi/14.3 rel1/arm-none-eabi/include/c++/14.3.1\cmath **** #undef asinhl
1981:C:/Program Files (x86)/Arm GNU Toolchain arm-none-eabi/14.3 rel1/arm-none-eabi/include/c++/14.3.1\cmath **** #undef atanh
1982:C:/Program Files (x86)/Arm GNU Toolchain arm-none-eabi/14.3 rel1/arm-none-eabi/include/c++/14.3.1\cmath **** #undef atanhf
1983:C:/Program Files (x86)/Arm GNU Toolchain arm-none-eabi/14.3 rel1/arm-none-eabi/include/c++/14.3.1\cmath **** #undef atanhl
1984:C:/Program Files (x86)/Arm GNU Toolchain arm-none-eabi/14.3 rel1/arm-none-eabi/include/c++/14.3.1\cmath **** #undef cbrt
1985:C:/Program Files (x86)/Arm GNU Toolchain arm-none-eabi/14.3 rel1/arm-none-eabi/include/c++/14.3.1\cmath **** #undef cbrtf
1986:C:/Program Files (x86)/Arm GNU Toolchain arm-none-eabi/14.3 rel1/arm-none-eabi/include/c++/14.3.1\cmath **** #undef cbrtl
1987:C:/Program Files (x86)/Arm GNU Toolchain arm-none-eabi/14.3 rel1/arm-none-eabi/include/c++/14.3.1\cmath **** #undef copysign
1988:C:/Program Files (x86)/Arm GNU Toolchain arm-none-eabi/14.3 rel1/arm-none-eabi/include/c++/14.3.1\cmath **** #undef copysignf
ARM GAS  C:\Users\Oliver\AppData\Local\Temp\ccb1Hde1.s 			page 79


1989:C:/Program Files (x86)/Arm GNU Toolchain arm-none-eabi/14.3 rel1/arm-none-eabi/include/c++/14.3.1\cmath **** #undef copysignl
1990:C:/Program Files (x86)/Arm GNU Toolchain arm-none-eabi/14.3 rel1/arm-none-eabi/include/c++/14.3.1\cmath **** #undef erf
1991:C:/Program Files (x86)/Arm GNU Toolchain arm-none-eabi/14.3 rel1/arm-none-eabi/include/c++/14.3.1\cmath **** #undef erff
1992:C:/Program Files (x86)/Arm GNU Toolchain arm-none-eabi/14.3 rel1/arm-none-eabi/include/c++/14.3.1\cmath **** #undef erfl
1993:C:/Program Files (x86)/Arm GNU Toolchain arm-none-eabi/14.3 rel1/arm-none-eabi/include/c++/14.3.1\cmath **** #undef erfc
1994:C:/Program Files (x86)/Arm GNU Toolchain arm-none-eabi/14.3 rel1/arm-none-eabi/include/c++/14.3.1\cmath **** #undef erfcf
1995:C:/Program Files (x86)/Arm GNU Toolchain arm-none-eabi/14.3 rel1/arm-none-eabi/include/c++/14.3.1\cmath **** #undef erfcl
1996:C:/Program Files (x86)/Arm GNU Toolchain arm-none-eabi/14.3 rel1/arm-none-eabi/include/c++/14.3.1\cmath **** #undef exp2
1997:C:/Program Files (x86)/Arm GNU Toolchain arm-none-eabi/14.3 rel1/arm-none-eabi/include/c++/14.3.1\cmath **** #undef exp2f
1998:C:/Program Files (x86)/Arm GNU Toolchain arm-none-eabi/14.3 rel1/arm-none-eabi/include/c++/14.3.1\cmath **** #undef exp2l
1999:C:/Program Files (x86)/Arm GNU Toolchain arm-none-eabi/14.3 rel1/arm-none-eabi/include/c++/14.3.1\cmath **** #undef expm1
2000:C:/Program Files (x86)/Arm GNU Toolchain arm-none-eabi/14.3 rel1/arm-none-eabi/include/c++/14.3.1\cmath **** #undef expm1f
2001:C:/Program Files (x86)/Arm GNU Toolchain arm-none-eabi/14.3 rel1/arm-none-eabi/include/c++/14.3.1\cmath **** #undef expm1l
2002:C:/Program Files (x86)/Arm GNU Toolchain arm-none-eabi/14.3 rel1/arm-none-eabi/include/c++/14.3.1\cmath **** #undef fdim
2003:C:/Program Files (x86)/Arm GNU Toolchain arm-none-eabi/14.3 rel1/arm-none-eabi/include/c++/14.3.1\cmath **** #undef fdimf
2004:C:/Program Files (x86)/Arm GNU Toolchain arm-none-eabi/14.3 rel1/arm-none-eabi/include/c++/14.3.1\cmath **** #undef fdiml
2005:C:/Program Files (x86)/Arm GNU Toolchain arm-none-eabi/14.3 rel1/arm-none-eabi/include/c++/14.3.1\cmath **** #undef fma
2006:C:/Program Files (x86)/Arm GNU Toolchain arm-none-eabi/14.3 rel1/arm-none-eabi/include/c++/14.3.1\cmath **** #undef fmaf
2007:C:/Program Files (x86)/Arm GNU Toolchain arm-none-eabi/14.3 rel1/arm-none-eabi/include/c++/14.3.1\cmath **** #undef fmal
2008:C:/Program Files (x86)/Arm GNU Toolchain arm-none-eabi/14.3 rel1/arm-none-eabi/include/c++/14.3.1\cmath **** #undef fmax
2009:C:/Program Files (x86)/Arm GNU Toolchain arm-none-eabi/14.3 rel1/arm-none-eabi/include/c++/14.3.1\cmath **** #undef fmaxf
2010:C:/Program Files (x86)/Arm GNU Toolchain arm-none-eabi/14.3 rel1/arm-none-eabi/include/c++/14.3.1\cmath **** #undef fmaxl
2011:C:/Program Files (x86)/Arm GNU Toolchain arm-none-eabi/14.3 rel1/arm-none-eabi/include/c++/14.3.1\cmath **** #undef fmin
2012:C:/Program Files (x86)/Arm GNU Toolchain arm-none-eabi/14.3 rel1/arm-none-eabi/include/c++/14.3.1\cmath **** #undef fminf
2013:C:/Program Files (x86)/Arm GNU Toolchain arm-none-eabi/14.3 rel1/arm-none-eabi/include/c++/14.3.1\cmath **** #undef fminl
2014:C:/Program Files (x86)/Arm GNU Toolchain arm-none-eabi/14.3 rel1/arm-none-eabi/include/c++/14.3.1\cmath **** #undef hypot
2015:C:/Program Files (x86)/Arm GNU Toolchain arm-none-eabi/14.3 rel1/arm-none-eabi/include/c++/14.3.1\cmath **** #undef hypotf
2016:C:/Program Files (x86)/Arm GNU Toolchain arm-none-eabi/14.3 rel1/arm-none-eabi/include/c++/14.3.1\cmath **** #undef hypotl
2017:C:/Program Files (x86)/Arm GNU Toolchain arm-none-eabi/14.3 rel1/arm-none-eabi/include/c++/14.3.1\cmath **** #undef ilogb
2018:C:/Program Files (x86)/Arm GNU Toolchain arm-none-eabi/14.3 rel1/arm-none-eabi/include/c++/14.3.1\cmath **** #undef ilogbf
2019:C:/Program Files (x86)/Arm GNU Toolchain arm-none-eabi/14.3 rel1/arm-none-eabi/include/c++/14.3.1\cmath **** #undef ilogbl
2020:C:/Program Files (x86)/Arm GNU Toolchain arm-none-eabi/14.3 rel1/arm-none-eabi/include/c++/14.3.1\cmath **** #undef lgamma
2021:C:/Program Files (x86)/Arm GNU Toolchain arm-none-eabi/14.3 rel1/arm-none-eabi/include/c++/14.3.1\cmath **** #undef lgammaf
2022:C:/Program Files (x86)/Arm GNU Toolchain arm-none-eabi/14.3 rel1/arm-none-eabi/include/c++/14.3.1\cmath **** #undef lgammal
2023:C:/Program Files (x86)/Arm GNU Toolchain arm-none-eabi/14.3 rel1/arm-none-eabi/include/c++/14.3.1\cmath **** #ifndef _GLIBCXX_NO_C99_ROUNDING_FUNCS
2024:C:/Program Files (x86)/Arm GNU Toolchain arm-none-eabi/14.3 rel1/arm-none-eabi/include/c++/14.3.1\cmath **** #undef llrint
2025:C:/Program Files (x86)/Arm GNU Toolchain arm-none-eabi/14.3 rel1/arm-none-eabi/include/c++/14.3.1\cmath **** #undef llrintf
2026:C:/Program Files (x86)/Arm GNU Toolchain arm-none-eabi/14.3 rel1/arm-none-eabi/include/c++/14.3.1\cmath **** #undef llrintl
2027:C:/Program Files (x86)/Arm GNU Toolchain arm-none-eabi/14.3 rel1/arm-none-eabi/include/c++/14.3.1\cmath **** #undef llround
2028:C:/Program Files (x86)/Arm GNU Toolchain arm-none-eabi/14.3 rel1/arm-none-eabi/include/c++/14.3.1\cmath **** #undef llroundf
2029:C:/Program Files (x86)/Arm GNU Toolchain arm-none-eabi/14.3 rel1/arm-none-eabi/include/c++/14.3.1\cmath **** #undef llroundl
2030:C:/Program Files (x86)/Arm GNU Toolchain arm-none-eabi/14.3 rel1/arm-none-eabi/include/c++/14.3.1\cmath **** #endif
2031:C:/Program Files (x86)/Arm GNU Toolchain arm-none-eabi/14.3 rel1/arm-none-eabi/include/c++/14.3.1\cmath **** #undef log1p
2032:C:/Program Files (x86)/Arm GNU Toolchain arm-none-eabi/14.3 rel1/arm-none-eabi/include/c++/14.3.1\cmath **** #undef log1pf
2033:C:/Program Files (x86)/Arm GNU Toolchain arm-none-eabi/14.3 rel1/arm-none-eabi/include/c++/14.3.1\cmath **** #undef log1pl
2034:C:/Program Files (x86)/Arm GNU Toolchain arm-none-eabi/14.3 rel1/arm-none-eabi/include/c++/14.3.1\cmath **** #undef log2
2035:C:/Program Files (x86)/Arm GNU Toolchain arm-none-eabi/14.3 rel1/arm-none-eabi/include/c++/14.3.1\cmath **** #undef log2f
2036:C:/Program Files (x86)/Arm GNU Toolchain arm-none-eabi/14.3 rel1/arm-none-eabi/include/c++/14.3.1\cmath **** #undef log2l
2037:C:/Program Files (x86)/Arm GNU Toolchain arm-none-eabi/14.3 rel1/arm-none-eabi/include/c++/14.3.1\cmath **** #undef logb
2038:C:/Program Files (x86)/Arm GNU Toolchain arm-none-eabi/14.3 rel1/arm-none-eabi/include/c++/14.3.1\cmath **** #undef logbf
2039:C:/Program Files (x86)/Arm GNU Toolchain arm-none-eabi/14.3 rel1/arm-none-eabi/include/c++/14.3.1\cmath **** #undef logbl
2040:C:/Program Files (x86)/Arm GNU Toolchain arm-none-eabi/14.3 rel1/arm-none-eabi/include/c++/14.3.1\cmath **** #undef lrint
2041:C:/Program Files (x86)/Arm GNU Toolchain arm-none-eabi/14.3 rel1/arm-none-eabi/include/c++/14.3.1\cmath **** #undef lrintf
2042:C:/Program Files (x86)/Arm GNU Toolchain arm-none-eabi/14.3 rel1/arm-none-eabi/include/c++/14.3.1\cmath **** #undef lrintl
2043:C:/Program Files (x86)/Arm GNU Toolchain arm-none-eabi/14.3 rel1/arm-none-eabi/include/c++/14.3.1\cmath **** #undef lround
2044:C:/Program Files (x86)/Arm GNU Toolchain arm-none-eabi/14.3 rel1/arm-none-eabi/include/c++/14.3.1\cmath **** #undef lroundf
2045:C:/Program Files (x86)/Arm GNU Toolchain arm-none-eabi/14.3 rel1/arm-none-eabi/include/c++/14.3.1\cmath **** #undef lroundl
ARM GAS  C:\Users\Oliver\AppData\Local\Temp\ccb1Hde1.s 			page 80


2046:C:/Program Files (x86)/Arm GNU Toolchain arm-none-eabi/14.3 rel1/arm-none-eabi/include/c++/14.3.1\cmath **** #undef nan
2047:C:/Program Files (x86)/Arm GNU Toolchain arm-none-eabi/14.3 rel1/arm-none-eabi/include/c++/14.3.1\cmath **** #undef nanf
2048:C:/Program Files (x86)/Arm GNU Toolchain arm-none-eabi/14.3 rel1/arm-none-eabi/include/c++/14.3.1\cmath **** #undef nanl
2049:C:/Program Files (x86)/Arm GNU Toolchain arm-none-eabi/14.3 rel1/arm-none-eabi/include/c++/14.3.1\cmath **** #undef nearbyint
2050:C:/Program Files (x86)/Arm GNU Toolchain arm-none-eabi/14.3 rel1/arm-none-eabi/include/c++/14.3.1\cmath **** #undef nearbyintf
2051:C:/Program Files (x86)/Arm GNU Toolchain arm-none-eabi/14.3 rel1/arm-none-eabi/include/c++/14.3.1\cmath **** #undef nearbyintl
2052:C:/Program Files (x86)/Arm GNU Toolchain arm-none-eabi/14.3 rel1/arm-none-eabi/include/c++/14.3.1\cmath **** #undef nextafter
2053:C:/Program Files (x86)/Arm GNU Toolchain arm-none-eabi/14.3 rel1/arm-none-eabi/include/c++/14.3.1\cmath **** #undef nextafterf
2054:C:/Program Files (x86)/Arm GNU Toolchain arm-none-eabi/14.3 rel1/arm-none-eabi/include/c++/14.3.1\cmath **** #undef nextafterl
2055:C:/Program Files (x86)/Arm GNU Toolchain arm-none-eabi/14.3 rel1/arm-none-eabi/include/c++/14.3.1\cmath **** #undef nexttoward
2056:C:/Program Files (x86)/Arm GNU Toolchain arm-none-eabi/14.3 rel1/arm-none-eabi/include/c++/14.3.1\cmath **** #undef nexttowardf
2057:C:/Program Files (x86)/Arm GNU Toolchain arm-none-eabi/14.3 rel1/arm-none-eabi/include/c++/14.3.1\cmath **** #undef nexttowardl
2058:C:/Program Files (x86)/Arm GNU Toolchain arm-none-eabi/14.3 rel1/arm-none-eabi/include/c++/14.3.1\cmath **** #undef remainder
2059:C:/Program Files (x86)/Arm GNU Toolchain arm-none-eabi/14.3 rel1/arm-none-eabi/include/c++/14.3.1\cmath **** #undef remainderf
2060:C:/Program Files (x86)/Arm GNU Toolchain arm-none-eabi/14.3 rel1/arm-none-eabi/include/c++/14.3.1\cmath **** #undef remainderl
2061:C:/Program Files (x86)/Arm GNU Toolchain arm-none-eabi/14.3 rel1/arm-none-eabi/include/c++/14.3.1\cmath **** #undef remquo
2062:C:/Program Files (x86)/Arm GNU Toolchain arm-none-eabi/14.3 rel1/arm-none-eabi/include/c++/14.3.1\cmath **** #undef remquof
2063:C:/Program Files (x86)/Arm GNU Toolchain arm-none-eabi/14.3 rel1/arm-none-eabi/include/c++/14.3.1\cmath **** #undef remquol
2064:C:/Program Files (x86)/Arm GNU Toolchain arm-none-eabi/14.3 rel1/arm-none-eabi/include/c++/14.3.1\cmath **** #undef rint
2065:C:/Program Files (x86)/Arm GNU Toolchain arm-none-eabi/14.3 rel1/arm-none-eabi/include/c++/14.3.1\cmath **** #undef rintf
2066:C:/Program Files (x86)/Arm GNU Toolchain arm-none-eabi/14.3 rel1/arm-none-eabi/include/c++/14.3.1\cmath **** #undef rintl
2067:C:/Program Files (x86)/Arm GNU Toolchain arm-none-eabi/14.3 rel1/arm-none-eabi/include/c++/14.3.1\cmath **** #undef round
2068:C:/Program Files (x86)/Arm GNU Toolchain arm-none-eabi/14.3 rel1/arm-none-eabi/include/c++/14.3.1\cmath **** #undef roundf
2069:C:/Program Files (x86)/Arm GNU Toolchain arm-none-eabi/14.3 rel1/arm-none-eabi/include/c++/14.3.1\cmath **** #undef roundl
2070:C:/Program Files (x86)/Arm GNU Toolchain arm-none-eabi/14.3 rel1/arm-none-eabi/include/c++/14.3.1\cmath **** #undef scalbln
2071:C:/Program Files (x86)/Arm GNU Toolchain arm-none-eabi/14.3 rel1/arm-none-eabi/include/c++/14.3.1\cmath **** #undef scalblnf
2072:C:/Program Files (x86)/Arm GNU Toolchain arm-none-eabi/14.3 rel1/arm-none-eabi/include/c++/14.3.1\cmath **** #undef scalblnl
2073:C:/Program Files (x86)/Arm GNU Toolchain arm-none-eabi/14.3 rel1/arm-none-eabi/include/c++/14.3.1\cmath **** #undef scalbn
2074:C:/Program Files (x86)/Arm GNU Toolchain arm-none-eabi/14.3 rel1/arm-none-eabi/include/c++/14.3.1\cmath **** #undef scalbnf
2075:C:/Program Files (x86)/Arm GNU Toolchain arm-none-eabi/14.3 rel1/arm-none-eabi/include/c++/14.3.1\cmath **** #undef scalbnl
2076:C:/Program Files (x86)/Arm GNU Toolchain arm-none-eabi/14.3 rel1/arm-none-eabi/include/c++/14.3.1\cmath **** #undef tgamma
2077:C:/Program Files (x86)/Arm GNU Toolchain arm-none-eabi/14.3 rel1/arm-none-eabi/include/c++/14.3.1\cmath **** #undef tgammaf
2078:C:/Program Files (x86)/Arm GNU Toolchain arm-none-eabi/14.3 rel1/arm-none-eabi/include/c++/14.3.1\cmath **** #undef tgammal
2079:C:/Program Files (x86)/Arm GNU Toolchain arm-none-eabi/14.3 rel1/arm-none-eabi/include/c++/14.3.1\cmath **** #undef trunc
2080:C:/Program Files (x86)/Arm GNU Toolchain arm-none-eabi/14.3 rel1/arm-none-eabi/include/c++/14.3.1\cmath **** #undef truncf
2081:C:/Program Files (x86)/Arm GNU Toolchain arm-none-eabi/14.3 rel1/arm-none-eabi/include/c++/14.3.1\cmath **** #undef truncl
2082:C:/Program Files (x86)/Arm GNU Toolchain arm-none-eabi/14.3 rel1/arm-none-eabi/include/c++/14.3.1\cmath **** 
2083:C:/Program Files (x86)/Arm GNU Toolchain arm-none-eabi/14.3 rel1/arm-none-eabi/include/c++/14.3.1\cmath **** #ifdef _GLIBCXX_HAVE_C99_FLT_EVAL_TYPES
2084:C:/Program Files (x86)/Arm GNU Toolchain arm-none-eabi/14.3 rel1/arm-none-eabi/include/c++/14.3.1\cmath ****   // types
2085:C:/Program Files (x86)/Arm GNU Toolchain arm-none-eabi/14.3 rel1/arm-none-eabi/include/c++/14.3.1\cmath ****   using ::double_t;
2086:C:/Program Files (x86)/Arm GNU Toolchain arm-none-eabi/14.3 rel1/arm-none-eabi/include/c++/14.3.1\cmath ****   using ::float_t;
2087:C:/Program Files (x86)/Arm GNU Toolchain arm-none-eabi/14.3 rel1/arm-none-eabi/include/c++/14.3.1\cmath **** #endif
2088:C:/Program Files (x86)/Arm GNU Toolchain arm-none-eabi/14.3 rel1/arm-none-eabi/include/c++/14.3.1\cmath **** 
2089:C:/Program Files (x86)/Arm GNU Toolchain arm-none-eabi/14.3 rel1/arm-none-eabi/include/c++/14.3.1\cmath ****   // functions
2090:C:/Program Files (x86)/Arm GNU Toolchain arm-none-eabi/14.3 rel1/arm-none-eabi/include/c++/14.3.1\cmath ****   using ::acosh;
2091:C:/Program Files (x86)/Arm GNU Toolchain arm-none-eabi/14.3 rel1/arm-none-eabi/include/c++/14.3.1\cmath ****   using ::acoshf;
2092:C:/Program Files (x86)/Arm GNU Toolchain arm-none-eabi/14.3 rel1/arm-none-eabi/include/c++/14.3.1\cmath ****   using ::acoshl;
2093:C:/Program Files (x86)/Arm GNU Toolchain arm-none-eabi/14.3 rel1/arm-none-eabi/include/c++/14.3.1\cmath **** 
2094:C:/Program Files (x86)/Arm GNU Toolchain arm-none-eabi/14.3 rel1/arm-none-eabi/include/c++/14.3.1\cmath ****   using ::asinh;
2095:C:/Program Files (x86)/Arm GNU Toolchain arm-none-eabi/14.3 rel1/arm-none-eabi/include/c++/14.3.1\cmath ****   using ::asinhf;
2096:C:/Program Files (x86)/Arm GNU Toolchain arm-none-eabi/14.3 rel1/arm-none-eabi/include/c++/14.3.1\cmath ****   using ::asinhl;
2097:C:/Program Files (x86)/Arm GNU Toolchain arm-none-eabi/14.3 rel1/arm-none-eabi/include/c++/14.3.1\cmath **** 
2098:C:/Program Files (x86)/Arm GNU Toolchain arm-none-eabi/14.3 rel1/arm-none-eabi/include/c++/14.3.1\cmath ****   using ::atanh;
2099:C:/Program Files (x86)/Arm GNU Toolchain arm-none-eabi/14.3 rel1/arm-none-eabi/include/c++/14.3.1\cmath ****   using ::atanhf;
2100:C:/Program Files (x86)/Arm GNU Toolchain arm-none-eabi/14.3 rel1/arm-none-eabi/include/c++/14.3.1\cmath ****   using ::atanhl;
2101:C:/Program Files (x86)/Arm GNU Toolchain arm-none-eabi/14.3 rel1/arm-none-eabi/include/c++/14.3.1\cmath **** 
2102:C:/Program Files (x86)/Arm GNU Toolchain arm-none-eabi/14.3 rel1/arm-none-eabi/include/c++/14.3.1\cmath ****   using ::cbrt;
ARM GAS  C:\Users\Oliver\AppData\Local\Temp\ccb1Hde1.s 			page 81


2103:C:/Program Files (x86)/Arm GNU Toolchain arm-none-eabi/14.3 rel1/arm-none-eabi/include/c++/14.3.1\cmath ****   using ::cbrtf;
2104:C:/Program Files (x86)/Arm GNU Toolchain arm-none-eabi/14.3 rel1/arm-none-eabi/include/c++/14.3.1\cmath ****   using ::cbrtl;
2105:C:/Program Files (x86)/Arm GNU Toolchain arm-none-eabi/14.3 rel1/arm-none-eabi/include/c++/14.3.1\cmath **** 
2106:C:/Program Files (x86)/Arm GNU Toolchain arm-none-eabi/14.3 rel1/arm-none-eabi/include/c++/14.3.1\cmath ****   using ::copysign;
2107:C:/Program Files (x86)/Arm GNU Toolchain arm-none-eabi/14.3 rel1/arm-none-eabi/include/c++/14.3.1\cmath ****   using ::copysignf;
2108:C:/Program Files (x86)/Arm GNU Toolchain arm-none-eabi/14.3 rel1/arm-none-eabi/include/c++/14.3.1\cmath ****   using ::copysignl;
2109:C:/Program Files (x86)/Arm GNU Toolchain arm-none-eabi/14.3 rel1/arm-none-eabi/include/c++/14.3.1\cmath **** 
2110:C:/Program Files (x86)/Arm GNU Toolchain arm-none-eabi/14.3 rel1/arm-none-eabi/include/c++/14.3.1\cmath ****   using ::erf;
2111:C:/Program Files (x86)/Arm GNU Toolchain arm-none-eabi/14.3 rel1/arm-none-eabi/include/c++/14.3.1\cmath ****   using ::erff;
2112:C:/Program Files (x86)/Arm GNU Toolchain arm-none-eabi/14.3 rel1/arm-none-eabi/include/c++/14.3.1\cmath ****   using ::erfl;
2113:C:/Program Files (x86)/Arm GNU Toolchain arm-none-eabi/14.3 rel1/arm-none-eabi/include/c++/14.3.1\cmath **** 
2114:C:/Program Files (x86)/Arm GNU Toolchain arm-none-eabi/14.3 rel1/arm-none-eabi/include/c++/14.3.1\cmath ****   using ::erfc;
2115:C:/Program Files (x86)/Arm GNU Toolchain arm-none-eabi/14.3 rel1/arm-none-eabi/include/c++/14.3.1\cmath ****   using ::erfcf;
2116:C:/Program Files (x86)/Arm GNU Toolchain arm-none-eabi/14.3 rel1/arm-none-eabi/include/c++/14.3.1\cmath ****   using ::erfcl;
2117:C:/Program Files (x86)/Arm GNU Toolchain arm-none-eabi/14.3 rel1/arm-none-eabi/include/c++/14.3.1\cmath **** 
2118:C:/Program Files (x86)/Arm GNU Toolchain arm-none-eabi/14.3 rel1/arm-none-eabi/include/c++/14.3.1\cmath ****   using ::exp2;
2119:C:/Program Files (x86)/Arm GNU Toolchain arm-none-eabi/14.3 rel1/arm-none-eabi/include/c++/14.3.1\cmath ****   using ::exp2f;
2120:C:/Program Files (x86)/Arm GNU Toolchain arm-none-eabi/14.3 rel1/arm-none-eabi/include/c++/14.3.1\cmath ****   using ::exp2l;
2121:C:/Program Files (x86)/Arm GNU Toolchain arm-none-eabi/14.3 rel1/arm-none-eabi/include/c++/14.3.1\cmath **** 
2122:C:/Program Files (x86)/Arm GNU Toolchain arm-none-eabi/14.3 rel1/arm-none-eabi/include/c++/14.3.1\cmath ****   using ::expm1;
2123:C:/Program Files (x86)/Arm GNU Toolchain arm-none-eabi/14.3 rel1/arm-none-eabi/include/c++/14.3.1\cmath ****   using ::expm1f;
2124:C:/Program Files (x86)/Arm GNU Toolchain arm-none-eabi/14.3 rel1/arm-none-eabi/include/c++/14.3.1\cmath ****   using ::expm1l;
2125:C:/Program Files (x86)/Arm GNU Toolchain arm-none-eabi/14.3 rel1/arm-none-eabi/include/c++/14.3.1\cmath **** 
2126:C:/Program Files (x86)/Arm GNU Toolchain arm-none-eabi/14.3 rel1/arm-none-eabi/include/c++/14.3.1\cmath ****   using ::fdim;
2127:C:/Program Files (x86)/Arm GNU Toolchain arm-none-eabi/14.3 rel1/arm-none-eabi/include/c++/14.3.1\cmath ****   using ::fdimf;
2128:C:/Program Files (x86)/Arm GNU Toolchain arm-none-eabi/14.3 rel1/arm-none-eabi/include/c++/14.3.1\cmath ****   using ::fdiml;
2129:C:/Program Files (x86)/Arm GNU Toolchain arm-none-eabi/14.3 rel1/arm-none-eabi/include/c++/14.3.1\cmath **** 
2130:C:/Program Files (x86)/Arm GNU Toolchain arm-none-eabi/14.3 rel1/arm-none-eabi/include/c++/14.3.1\cmath ****   using ::fma;
2131:C:/Program Files (x86)/Arm GNU Toolchain arm-none-eabi/14.3 rel1/arm-none-eabi/include/c++/14.3.1\cmath ****   using ::fmaf;
2132:C:/Program Files (x86)/Arm GNU Toolchain arm-none-eabi/14.3 rel1/arm-none-eabi/include/c++/14.3.1\cmath ****   using ::fmal;
2133:C:/Program Files (x86)/Arm GNU Toolchain arm-none-eabi/14.3 rel1/arm-none-eabi/include/c++/14.3.1\cmath **** 
2134:C:/Program Files (x86)/Arm GNU Toolchain arm-none-eabi/14.3 rel1/arm-none-eabi/include/c++/14.3.1\cmath ****   using ::fmax;
2135:C:/Program Files (x86)/Arm GNU Toolchain arm-none-eabi/14.3 rel1/arm-none-eabi/include/c++/14.3.1\cmath ****   using ::fmaxf;
2136:C:/Program Files (x86)/Arm GNU Toolchain arm-none-eabi/14.3 rel1/arm-none-eabi/include/c++/14.3.1\cmath ****   using ::fmaxl;
2137:C:/Program Files (x86)/Arm GNU Toolchain arm-none-eabi/14.3 rel1/arm-none-eabi/include/c++/14.3.1\cmath **** 
2138:C:/Program Files (x86)/Arm GNU Toolchain arm-none-eabi/14.3 rel1/arm-none-eabi/include/c++/14.3.1\cmath ****   using ::fmin;
2139:C:/Program Files (x86)/Arm GNU Toolchain arm-none-eabi/14.3 rel1/arm-none-eabi/include/c++/14.3.1\cmath ****   using ::fminf;
2140:C:/Program Files (x86)/Arm GNU Toolchain arm-none-eabi/14.3 rel1/arm-none-eabi/include/c++/14.3.1\cmath ****   using ::fminl;
2141:C:/Program Files (x86)/Arm GNU Toolchain arm-none-eabi/14.3 rel1/arm-none-eabi/include/c++/14.3.1\cmath **** 
2142:C:/Program Files (x86)/Arm GNU Toolchain arm-none-eabi/14.3 rel1/arm-none-eabi/include/c++/14.3.1\cmath ****   using ::hypot;
2143:C:/Program Files (x86)/Arm GNU Toolchain arm-none-eabi/14.3 rel1/arm-none-eabi/include/c++/14.3.1\cmath ****   using ::hypotf;
2144:C:/Program Files (x86)/Arm GNU Toolchain arm-none-eabi/14.3 rel1/arm-none-eabi/include/c++/14.3.1\cmath ****   using ::hypotl;
2145:C:/Program Files (x86)/Arm GNU Toolchain arm-none-eabi/14.3 rel1/arm-none-eabi/include/c++/14.3.1\cmath **** 
2146:C:/Program Files (x86)/Arm GNU Toolchain arm-none-eabi/14.3 rel1/arm-none-eabi/include/c++/14.3.1\cmath ****   using ::ilogb;
2147:C:/Program Files (x86)/Arm GNU Toolchain arm-none-eabi/14.3 rel1/arm-none-eabi/include/c++/14.3.1\cmath ****   using ::ilogbf;
2148:C:/Program Files (x86)/Arm GNU Toolchain arm-none-eabi/14.3 rel1/arm-none-eabi/include/c++/14.3.1\cmath ****   using ::ilogbl;
2149:C:/Program Files (x86)/Arm GNU Toolchain arm-none-eabi/14.3 rel1/arm-none-eabi/include/c++/14.3.1\cmath **** 
2150:C:/Program Files (x86)/Arm GNU Toolchain arm-none-eabi/14.3 rel1/arm-none-eabi/include/c++/14.3.1\cmath ****   using ::lgamma;
2151:C:/Program Files (x86)/Arm GNU Toolchain arm-none-eabi/14.3 rel1/arm-none-eabi/include/c++/14.3.1\cmath ****   using ::lgammaf;
2152:C:/Program Files (x86)/Arm GNU Toolchain arm-none-eabi/14.3 rel1/arm-none-eabi/include/c++/14.3.1\cmath ****   using ::lgammal;
2153:C:/Program Files (x86)/Arm GNU Toolchain arm-none-eabi/14.3 rel1/arm-none-eabi/include/c++/14.3.1\cmath **** 
2154:C:/Program Files (x86)/Arm GNU Toolchain arm-none-eabi/14.3 rel1/arm-none-eabi/include/c++/14.3.1\cmath **** #ifndef _GLIBCXX_NO_C99_ROUNDING_FUNCS
2155:C:/Program Files (x86)/Arm GNU Toolchain arm-none-eabi/14.3 rel1/arm-none-eabi/include/c++/14.3.1\cmath ****   using ::llrint;
2156:C:/Program Files (x86)/Arm GNU Toolchain arm-none-eabi/14.3 rel1/arm-none-eabi/include/c++/14.3.1\cmath ****   using ::llrintf;
2157:C:/Program Files (x86)/Arm GNU Toolchain arm-none-eabi/14.3 rel1/arm-none-eabi/include/c++/14.3.1\cmath ****   using ::llrintl;
2158:C:/Program Files (x86)/Arm GNU Toolchain arm-none-eabi/14.3 rel1/arm-none-eabi/include/c++/14.3.1\cmath **** 
2159:C:/Program Files (x86)/Arm GNU Toolchain arm-none-eabi/14.3 rel1/arm-none-eabi/include/c++/14.3.1\cmath ****   using ::llround;
ARM GAS  C:\Users\Oliver\AppData\Local\Temp\ccb1Hde1.s 			page 82


2160:C:/Program Files (x86)/Arm GNU Toolchain arm-none-eabi/14.3 rel1/arm-none-eabi/include/c++/14.3.1\cmath ****   using ::llroundf;
2161:C:/Program Files (x86)/Arm GNU Toolchain arm-none-eabi/14.3 rel1/arm-none-eabi/include/c++/14.3.1\cmath ****   using ::llroundl;
2162:C:/Program Files (x86)/Arm GNU Toolchain arm-none-eabi/14.3 rel1/arm-none-eabi/include/c++/14.3.1\cmath **** #endif
2163:C:/Program Files (x86)/Arm GNU Toolchain arm-none-eabi/14.3 rel1/arm-none-eabi/include/c++/14.3.1\cmath **** 
2164:C:/Program Files (x86)/Arm GNU Toolchain arm-none-eabi/14.3 rel1/arm-none-eabi/include/c++/14.3.1\cmath ****   using ::log1p;
2165:C:/Program Files (x86)/Arm GNU Toolchain arm-none-eabi/14.3 rel1/arm-none-eabi/include/c++/14.3.1\cmath ****   using ::log1pf;
2166:C:/Program Files (x86)/Arm GNU Toolchain arm-none-eabi/14.3 rel1/arm-none-eabi/include/c++/14.3.1\cmath ****   using ::log1pl;
2167:C:/Program Files (x86)/Arm GNU Toolchain arm-none-eabi/14.3 rel1/arm-none-eabi/include/c++/14.3.1\cmath **** 
2168:C:/Program Files (x86)/Arm GNU Toolchain arm-none-eabi/14.3 rel1/arm-none-eabi/include/c++/14.3.1\cmath ****   using ::log2;
2169:C:/Program Files (x86)/Arm GNU Toolchain arm-none-eabi/14.3 rel1/arm-none-eabi/include/c++/14.3.1\cmath ****   using ::log2f;
2170:C:/Program Files (x86)/Arm GNU Toolchain arm-none-eabi/14.3 rel1/arm-none-eabi/include/c++/14.3.1\cmath ****   using ::log2l;
2171:C:/Program Files (x86)/Arm GNU Toolchain arm-none-eabi/14.3 rel1/arm-none-eabi/include/c++/14.3.1\cmath **** 
2172:C:/Program Files (x86)/Arm GNU Toolchain arm-none-eabi/14.3 rel1/arm-none-eabi/include/c++/14.3.1\cmath ****   using ::logb;
2173:C:/Program Files (x86)/Arm GNU Toolchain arm-none-eabi/14.3 rel1/arm-none-eabi/include/c++/14.3.1\cmath ****   using ::logbf;
2174:C:/Program Files (x86)/Arm GNU Toolchain arm-none-eabi/14.3 rel1/arm-none-eabi/include/c++/14.3.1\cmath ****   using ::logbl;
2175:C:/Program Files (x86)/Arm GNU Toolchain arm-none-eabi/14.3 rel1/arm-none-eabi/include/c++/14.3.1\cmath **** 
2176:C:/Program Files (x86)/Arm GNU Toolchain arm-none-eabi/14.3 rel1/arm-none-eabi/include/c++/14.3.1\cmath ****   using ::lrint;
2177:C:/Program Files (x86)/Arm GNU Toolchain arm-none-eabi/14.3 rel1/arm-none-eabi/include/c++/14.3.1\cmath ****   using ::lrintf;
2178:C:/Program Files (x86)/Arm GNU Toolchain arm-none-eabi/14.3 rel1/arm-none-eabi/include/c++/14.3.1\cmath ****   using ::lrintl;
2179:C:/Program Files (x86)/Arm GNU Toolchain arm-none-eabi/14.3 rel1/arm-none-eabi/include/c++/14.3.1\cmath **** 
2180:C:/Program Files (x86)/Arm GNU Toolchain arm-none-eabi/14.3 rel1/arm-none-eabi/include/c++/14.3.1\cmath ****   using ::lround;
2181:C:/Program Files (x86)/Arm GNU Toolchain arm-none-eabi/14.3 rel1/arm-none-eabi/include/c++/14.3.1\cmath ****   using ::lroundf;
2182:C:/Program Files (x86)/Arm GNU Toolchain arm-none-eabi/14.3 rel1/arm-none-eabi/include/c++/14.3.1\cmath ****   using ::lroundl;
2183:C:/Program Files (x86)/Arm GNU Toolchain arm-none-eabi/14.3 rel1/arm-none-eabi/include/c++/14.3.1\cmath **** 
2184:C:/Program Files (x86)/Arm GNU Toolchain arm-none-eabi/14.3 rel1/arm-none-eabi/include/c++/14.3.1\cmath ****   using ::nan;
2185:C:/Program Files (x86)/Arm GNU Toolchain arm-none-eabi/14.3 rel1/arm-none-eabi/include/c++/14.3.1\cmath ****   using ::nanf;
2186:C:/Program Files (x86)/Arm GNU Toolchain arm-none-eabi/14.3 rel1/arm-none-eabi/include/c++/14.3.1\cmath ****   using ::nanl;
2187:C:/Program Files (x86)/Arm GNU Toolchain arm-none-eabi/14.3 rel1/arm-none-eabi/include/c++/14.3.1\cmath **** 
2188:C:/Program Files (x86)/Arm GNU Toolchain arm-none-eabi/14.3 rel1/arm-none-eabi/include/c++/14.3.1\cmath ****   using ::nearbyint;
2189:C:/Program Files (x86)/Arm GNU Toolchain arm-none-eabi/14.3 rel1/arm-none-eabi/include/c++/14.3.1\cmath ****   using ::nearbyintf;
2190:C:/Program Files (x86)/Arm GNU Toolchain arm-none-eabi/14.3 rel1/arm-none-eabi/include/c++/14.3.1\cmath ****   using ::nearbyintl;
2191:C:/Program Files (x86)/Arm GNU Toolchain arm-none-eabi/14.3 rel1/arm-none-eabi/include/c++/14.3.1\cmath **** 
2192:C:/Program Files (x86)/Arm GNU Toolchain arm-none-eabi/14.3 rel1/arm-none-eabi/include/c++/14.3.1\cmath ****   using ::nextafter;
2193:C:/Program Files (x86)/Arm GNU Toolchain arm-none-eabi/14.3 rel1/arm-none-eabi/include/c++/14.3.1\cmath ****   using ::nextafterf;
2194:C:/Program Files (x86)/Arm GNU Toolchain arm-none-eabi/14.3 rel1/arm-none-eabi/include/c++/14.3.1\cmath ****   using ::nextafterl;
2195:C:/Program Files (x86)/Arm GNU Toolchain arm-none-eabi/14.3 rel1/arm-none-eabi/include/c++/14.3.1\cmath **** 
2196:C:/Program Files (x86)/Arm GNU Toolchain arm-none-eabi/14.3 rel1/arm-none-eabi/include/c++/14.3.1\cmath ****   using ::nexttoward;
2197:C:/Program Files (x86)/Arm GNU Toolchain arm-none-eabi/14.3 rel1/arm-none-eabi/include/c++/14.3.1\cmath ****   using ::nexttowardf;
2198:C:/Program Files (x86)/Arm GNU Toolchain arm-none-eabi/14.3 rel1/arm-none-eabi/include/c++/14.3.1\cmath ****   using ::nexttowardl;
2199:C:/Program Files (x86)/Arm GNU Toolchain arm-none-eabi/14.3 rel1/arm-none-eabi/include/c++/14.3.1\cmath **** 
2200:C:/Program Files (x86)/Arm GNU Toolchain arm-none-eabi/14.3 rel1/arm-none-eabi/include/c++/14.3.1\cmath ****   using ::remainder;
2201:C:/Program Files (x86)/Arm GNU Toolchain arm-none-eabi/14.3 rel1/arm-none-eabi/include/c++/14.3.1\cmath ****   using ::remainderf;
2202:C:/Program Files (x86)/Arm GNU Toolchain arm-none-eabi/14.3 rel1/arm-none-eabi/include/c++/14.3.1\cmath ****   using ::remainderl;
2203:C:/Program Files (x86)/Arm GNU Toolchain arm-none-eabi/14.3 rel1/arm-none-eabi/include/c++/14.3.1\cmath **** 
2204:C:/Program Files (x86)/Arm GNU Toolchain arm-none-eabi/14.3 rel1/arm-none-eabi/include/c++/14.3.1\cmath ****   using ::remquo;
2205:C:/Program Files (x86)/Arm GNU Toolchain arm-none-eabi/14.3 rel1/arm-none-eabi/include/c++/14.3.1\cmath ****   using ::remquof;
2206:C:/Program Files (x86)/Arm GNU Toolchain arm-none-eabi/14.3 rel1/arm-none-eabi/include/c++/14.3.1\cmath ****   using ::remquol;
2207:C:/Program Files (x86)/Arm GNU Toolchain arm-none-eabi/14.3 rel1/arm-none-eabi/include/c++/14.3.1\cmath **** 
2208:C:/Program Files (x86)/Arm GNU Toolchain arm-none-eabi/14.3 rel1/arm-none-eabi/include/c++/14.3.1\cmath ****   using ::rint;
2209:C:/Program Files (x86)/Arm GNU Toolchain arm-none-eabi/14.3 rel1/arm-none-eabi/include/c++/14.3.1\cmath ****   using ::rintf;
2210:C:/Program Files (x86)/Arm GNU Toolchain arm-none-eabi/14.3 rel1/arm-none-eabi/include/c++/14.3.1\cmath ****   using ::rintl;
2211:C:/Program Files (x86)/Arm GNU Toolchain arm-none-eabi/14.3 rel1/arm-none-eabi/include/c++/14.3.1\cmath **** 
2212:C:/Program Files (x86)/Arm GNU Toolchain arm-none-eabi/14.3 rel1/arm-none-eabi/include/c++/14.3.1\cmath ****   using ::round;
2213:C:/Program Files (x86)/Arm GNU Toolchain arm-none-eabi/14.3 rel1/arm-none-eabi/include/c++/14.3.1\cmath ****   using ::roundf;
2214:C:/Program Files (x86)/Arm GNU Toolchain arm-none-eabi/14.3 rel1/arm-none-eabi/include/c++/14.3.1\cmath ****   using ::roundl;
2215:C:/Program Files (x86)/Arm GNU Toolchain arm-none-eabi/14.3 rel1/arm-none-eabi/include/c++/14.3.1\cmath **** 
2216:C:/Program Files (x86)/Arm GNU Toolchain arm-none-eabi/14.3 rel1/arm-none-eabi/include/c++/14.3.1\cmath ****   using ::scalbln;
ARM GAS  C:\Users\Oliver\AppData\Local\Temp\ccb1Hde1.s 			page 83


2217:C:/Program Files (x86)/Arm GNU Toolchain arm-none-eabi/14.3 rel1/arm-none-eabi/include/c++/14.3.1\cmath ****   using ::scalblnf;
2218:C:/Program Files (x86)/Arm GNU Toolchain arm-none-eabi/14.3 rel1/arm-none-eabi/include/c++/14.3.1\cmath ****   using ::scalblnl;
2219:C:/Program Files (x86)/Arm GNU Toolchain arm-none-eabi/14.3 rel1/arm-none-eabi/include/c++/14.3.1\cmath **** 
2220:C:/Program Files (x86)/Arm GNU Toolchain arm-none-eabi/14.3 rel1/arm-none-eabi/include/c++/14.3.1\cmath ****   using ::scalbn;
2221:C:/Program Files (x86)/Arm GNU Toolchain arm-none-eabi/14.3 rel1/arm-none-eabi/include/c++/14.3.1\cmath ****   using ::scalbnf;
2222:C:/Program Files (x86)/Arm GNU Toolchain arm-none-eabi/14.3 rel1/arm-none-eabi/include/c++/14.3.1\cmath ****   using ::scalbnl;
2223:C:/Program Files (x86)/Arm GNU Toolchain arm-none-eabi/14.3 rel1/arm-none-eabi/include/c++/14.3.1\cmath **** 
2224:C:/Program Files (x86)/Arm GNU Toolchain arm-none-eabi/14.3 rel1/arm-none-eabi/include/c++/14.3.1\cmath ****   using ::tgamma;
2225:C:/Program Files (x86)/Arm GNU Toolchain arm-none-eabi/14.3 rel1/arm-none-eabi/include/c++/14.3.1\cmath ****   using ::tgammaf;
2226:C:/Program Files (x86)/Arm GNU Toolchain arm-none-eabi/14.3 rel1/arm-none-eabi/include/c++/14.3.1\cmath ****   using ::tgammal;
2227:C:/Program Files (x86)/Arm GNU Toolchain arm-none-eabi/14.3 rel1/arm-none-eabi/include/c++/14.3.1\cmath **** 
2228:C:/Program Files (x86)/Arm GNU Toolchain arm-none-eabi/14.3 rel1/arm-none-eabi/include/c++/14.3.1\cmath ****   using ::trunc;
2229:C:/Program Files (x86)/Arm GNU Toolchain arm-none-eabi/14.3 rel1/arm-none-eabi/include/c++/14.3.1\cmath ****   using ::truncf;
2230:C:/Program Files (x86)/Arm GNU Toolchain arm-none-eabi/14.3 rel1/arm-none-eabi/include/c++/14.3.1\cmath ****   using ::truncl;
2231:C:/Program Files (x86)/Arm GNU Toolchain arm-none-eabi/14.3 rel1/arm-none-eabi/include/c++/14.3.1\cmath **** 
2232:C:/Program Files (x86)/Arm GNU Toolchain arm-none-eabi/14.3 rel1/arm-none-eabi/include/c++/14.3.1\cmath ****   /// Additional overloads.
2233:C:/Program Files (x86)/Arm GNU Toolchain arm-none-eabi/14.3 rel1/arm-none-eabi/include/c++/14.3.1\cmath **** #ifndef __CORRECT_ISO_CPP11_MATH_H_PROTO_FP
2234:C:/Program Files (x86)/Arm GNU Toolchain arm-none-eabi/14.3 rel1/arm-none-eabi/include/c++/14.3.1\cmath ****   constexpr float
2235:C:/Program Files (x86)/Arm GNU Toolchain arm-none-eabi/14.3 rel1/arm-none-eabi/include/c++/14.3.1\cmath ****   acosh(float __x)
2236:C:/Program Files (x86)/Arm GNU Toolchain arm-none-eabi/14.3 rel1/arm-none-eabi/include/c++/14.3.1\cmath ****   { return __builtin_acoshf(__x); }
2237:C:/Program Files (x86)/Arm GNU Toolchain arm-none-eabi/14.3 rel1/arm-none-eabi/include/c++/14.3.1\cmath **** 
2238:C:/Program Files (x86)/Arm GNU Toolchain arm-none-eabi/14.3 rel1/arm-none-eabi/include/c++/14.3.1\cmath ****   constexpr long double
2239:C:/Program Files (x86)/Arm GNU Toolchain arm-none-eabi/14.3 rel1/arm-none-eabi/include/c++/14.3.1\cmath ****   acosh(long double __x)
2240:C:/Program Files (x86)/Arm GNU Toolchain arm-none-eabi/14.3 rel1/arm-none-eabi/include/c++/14.3.1\cmath ****   { return __builtin_acoshl(__x); }
2241:C:/Program Files (x86)/Arm GNU Toolchain arm-none-eabi/14.3 rel1/arm-none-eabi/include/c++/14.3.1\cmath **** #endif
2242:C:/Program Files (x86)/Arm GNU Toolchain arm-none-eabi/14.3 rel1/arm-none-eabi/include/c++/14.3.1\cmath **** 
2243:C:/Program Files (x86)/Arm GNU Toolchain arm-none-eabi/14.3 rel1/arm-none-eabi/include/c++/14.3.1\cmath **** #ifndef __CORRECT_ISO_CPP11_MATH_H_PROTO_INT
2244:C:/Program Files (x86)/Arm GNU Toolchain arm-none-eabi/14.3 rel1/arm-none-eabi/include/c++/14.3.1\cmath ****   template<typename _Tp>
2245:C:/Program Files (x86)/Arm GNU Toolchain arm-none-eabi/14.3 rel1/arm-none-eabi/include/c++/14.3.1\cmath ****     constexpr typename __gnu_cxx::__enable_if<__is_integer<_Tp>::__value, 
2246:C:/Program Files (x86)/Arm GNU Toolchain arm-none-eabi/14.3 rel1/arm-none-eabi/include/c++/14.3.1\cmath ****                                               double>::__type
2247:C:/Program Files (x86)/Arm GNU Toolchain arm-none-eabi/14.3 rel1/arm-none-eabi/include/c++/14.3.1\cmath ****     acosh(_Tp __x)
2248:C:/Program Files (x86)/Arm GNU Toolchain arm-none-eabi/14.3 rel1/arm-none-eabi/include/c++/14.3.1\cmath ****     { return __builtin_acosh(__x); }
2249:C:/Program Files (x86)/Arm GNU Toolchain arm-none-eabi/14.3 rel1/arm-none-eabi/include/c++/14.3.1\cmath **** #endif
2250:C:/Program Files (x86)/Arm GNU Toolchain arm-none-eabi/14.3 rel1/arm-none-eabi/include/c++/14.3.1\cmath **** 
2251:C:/Program Files (x86)/Arm GNU Toolchain arm-none-eabi/14.3 rel1/arm-none-eabi/include/c++/14.3.1\cmath **** #ifndef __CORRECT_ISO_CPP11_MATH_H_PROTO_FP
2252:C:/Program Files (x86)/Arm GNU Toolchain arm-none-eabi/14.3 rel1/arm-none-eabi/include/c++/14.3.1\cmath ****   constexpr float
2253:C:/Program Files (x86)/Arm GNU Toolchain arm-none-eabi/14.3 rel1/arm-none-eabi/include/c++/14.3.1\cmath ****   asinh(float __x)
2254:C:/Program Files (x86)/Arm GNU Toolchain arm-none-eabi/14.3 rel1/arm-none-eabi/include/c++/14.3.1\cmath ****   { return __builtin_asinhf(__x); }
2255:C:/Program Files (x86)/Arm GNU Toolchain arm-none-eabi/14.3 rel1/arm-none-eabi/include/c++/14.3.1\cmath **** 
2256:C:/Program Files (x86)/Arm GNU Toolchain arm-none-eabi/14.3 rel1/arm-none-eabi/include/c++/14.3.1\cmath ****   constexpr long double
2257:C:/Program Files (x86)/Arm GNU Toolchain arm-none-eabi/14.3 rel1/arm-none-eabi/include/c++/14.3.1\cmath ****   asinh(long double __x)
2258:C:/Program Files (x86)/Arm GNU Toolchain arm-none-eabi/14.3 rel1/arm-none-eabi/include/c++/14.3.1\cmath ****   { return __builtin_asinhl(__x); }
2259:C:/Program Files (x86)/Arm GNU Toolchain arm-none-eabi/14.3 rel1/arm-none-eabi/include/c++/14.3.1\cmath **** #endif
2260:C:/Program Files (x86)/Arm GNU Toolchain arm-none-eabi/14.3 rel1/arm-none-eabi/include/c++/14.3.1\cmath **** 
2261:C:/Program Files (x86)/Arm GNU Toolchain arm-none-eabi/14.3 rel1/arm-none-eabi/include/c++/14.3.1\cmath **** #ifndef __CORRECT_ISO_CPP11_MATH_H_PROTO_INT
2262:C:/Program Files (x86)/Arm GNU Toolchain arm-none-eabi/14.3 rel1/arm-none-eabi/include/c++/14.3.1\cmath ****   template<typename _Tp>
2263:C:/Program Files (x86)/Arm GNU Toolchain arm-none-eabi/14.3 rel1/arm-none-eabi/include/c++/14.3.1\cmath ****     constexpr typename __gnu_cxx::__enable_if<__is_integer<_Tp>::__value, 
2264:C:/Program Files (x86)/Arm GNU Toolchain arm-none-eabi/14.3 rel1/arm-none-eabi/include/c++/14.3.1\cmath ****                                               double>::__type
2265:C:/Program Files (x86)/Arm GNU Toolchain arm-none-eabi/14.3 rel1/arm-none-eabi/include/c++/14.3.1\cmath ****     asinh(_Tp __x)
2266:C:/Program Files (x86)/Arm GNU Toolchain arm-none-eabi/14.3 rel1/arm-none-eabi/include/c++/14.3.1\cmath ****     { return __builtin_asinh(__x); }
2267:C:/Program Files (x86)/Arm GNU Toolchain arm-none-eabi/14.3 rel1/arm-none-eabi/include/c++/14.3.1\cmath **** #endif
2268:C:/Program Files (x86)/Arm GNU Toolchain arm-none-eabi/14.3 rel1/arm-none-eabi/include/c++/14.3.1\cmath **** 
2269:C:/Program Files (x86)/Arm GNU Toolchain arm-none-eabi/14.3 rel1/arm-none-eabi/include/c++/14.3.1\cmath **** #ifndef __CORRECT_ISO_CPP11_MATH_H_PROTO_FP
2270:C:/Program Files (x86)/Arm GNU Toolchain arm-none-eabi/14.3 rel1/arm-none-eabi/include/c++/14.3.1\cmath ****   constexpr float
2271:C:/Program Files (x86)/Arm GNU Toolchain arm-none-eabi/14.3 rel1/arm-none-eabi/include/c++/14.3.1\cmath ****   atanh(float __x)
2272:C:/Program Files (x86)/Arm GNU Toolchain arm-none-eabi/14.3 rel1/arm-none-eabi/include/c++/14.3.1\cmath ****   { return __builtin_atanhf(__x); }
2273:C:/Program Files (x86)/Arm GNU Toolchain arm-none-eabi/14.3 rel1/arm-none-eabi/include/c++/14.3.1\cmath **** 
ARM GAS  C:\Users\Oliver\AppData\Local\Temp\ccb1Hde1.s 			page 84


2274:C:/Program Files (x86)/Arm GNU Toolchain arm-none-eabi/14.3 rel1/arm-none-eabi/include/c++/14.3.1\cmath ****   constexpr long double
2275:C:/Program Files (x86)/Arm GNU Toolchain arm-none-eabi/14.3 rel1/arm-none-eabi/include/c++/14.3.1\cmath ****   atanh(long double __x)
2276:C:/Program Files (x86)/Arm GNU Toolchain arm-none-eabi/14.3 rel1/arm-none-eabi/include/c++/14.3.1\cmath ****   { return __builtin_atanhl(__x); }
2277:C:/Program Files (x86)/Arm GNU Toolchain arm-none-eabi/14.3 rel1/arm-none-eabi/include/c++/14.3.1\cmath **** #endif
2278:C:/Program Files (x86)/Arm GNU Toolchain arm-none-eabi/14.3 rel1/arm-none-eabi/include/c++/14.3.1\cmath **** 
2279:C:/Program Files (x86)/Arm GNU Toolchain arm-none-eabi/14.3 rel1/arm-none-eabi/include/c++/14.3.1\cmath **** #ifndef __CORRECT_ISO_CPP11_MATH_H_PROTO_INT
2280:C:/Program Files (x86)/Arm GNU Toolchain arm-none-eabi/14.3 rel1/arm-none-eabi/include/c++/14.3.1\cmath ****   template<typename _Tp>
2281:C:/Program Files (x86)/Arm GNU Toolchain arm-none-eabi/14.3 rel1/arm-none-eabi/include/c++/14.3.1\cmath ****     constexpr typename __gnu_cxx::__enable_if<__is_integer<_Tp>::__value, 
2282:C:/Program Files (x86)/Arm GNU Toolchain arm-none-eabi/14.3 rel1/arm-none-eabi/include/c++/14.3.1\cmath ****                                               double>::__type
2283:C:/Program Files (x86)/Arm GNU Toolchain arm-none-eabi/14.3 rel1/arm-none-eabi/include/c++/14.3.1\cmath ****     atanh(_Tp __x)
2284:C:/Program Files (x86)/Arm GNU Toolchain arm-none-eabi/14.3 rel1/arm-none-eabi/include/c++/14.3.1\cmath ****     { return __builtin_atanh(__x); }
2285:C:/Program Files (x86)/Arm GNU Toolchain arm-none-eabi/14.3 rel1/arm-none-eabi/include/c++/14.3.1\cmath **** #endif
2286:C:/Program Files (x86)/Arm GNU Toolchain arm-none-eabi/14.3 rel1/arm-none-eabi/include/c++/14.3.1\cmath **** 
2287:C:/Program Files (x86)/Arm GNU Toolchain arm-none-eabi/14.3 rel1/arm-none-eabi/include/c++/14.3.1\cmath **** #ifndef __CORRECT_ISO_CPP11_MATH_H_PROTO_FP
2288:C:/Program Files (x86)/Arm GNU Toolchain arm-none-eabi/14.3 rel1/arm-none-eabi/include/c++/14.3.1\cmath ****   constexpr float
2289:C:/Program Files (x86)/Arm GNU Toolchain arm-none-eabi/14.3 rel1/arm-none-eabi/include/c++/14.3.1\cmath ****   cbrt(float __x)
2290:C:/Program Files (x86)/Arm GNU Toolchain arm-none-eabi/14.3 rel1/arm-none-eabi/include/c++/14.3.1\cmath ****   { return __builtin_cbrtf(__x); }
2291:C:/Program Files (x86)/Arm GNU Toolchain arm-none-eabi/14.3 rel1/arm-none-eabi/include/c++/14.3.1\cmath **** 
2292:C:/Program Files (x86)/Arm GNU Toolchain arm-none-eabi/14.3 rel1/arm-none-eabi/include/c++/14.3.1\cmath ****   constexpr long double
2293:C:/Program Files (x86)/Arm GNU Toolchain arm-none-eabi/14.3 rel1/arm-none-eabi/include/c++/14.3.1\cmath ****   cbrt(long double __x)
2294:C:/Program Files (x86)/Arm GNU Toolchain arm-none-eabi/14.3 rel1/arm-none-eabi/include/c++/14.3.1\cmath ****   { return __builtin_cbrtl(__x); }
2295:C:/Program Files (x86)/Arm GNU Toolchain arm-none-eabi/14.3 rel1/arm-none-eabi/include/c++/14.3.1\cmath **** #endif
2296:C:/Program Files (x86)/Arm GNU Toolchain arm-none-eabi/14.3 rel1/arm-none-eabi/include/c++/14.3.1\cmath **** 
2297:C:/Program Files (x86)/Arm GNU Toolchain arm-none-eabi/14.3 rel1/arm-none-eabi/include/c++/14.3.1\cmath **** #ifndef __CORRECT_ISO_CPP11_MATH_H_PROTO_INT
2298:C:/Program Files (x86)/Arm GNU Toolchain arm-none-eabi/14.3 rel1/arm-none-eabi/include/c++/14.3.1\cmath ****   template<typename _Tp>
2299:C:/Program Files (x86)/Arm GNU Toolchain arm-none-eabi/14.3 rel1/arm-none-eabi/include/c++/14.3.1\cmath ****     constexpr typename __gnu_cxx::__enable_if<__is_integer<_Tp>::__value, 
2300:C:/Program Files (x86)/Arm GNU Toolchain arm-none-eabi/14.3 rel1/arm-none-eabi/include/c++/14.3.1\cmath ****                                               double>::__type
2301:C:/Program Files (x86)/Arm GNU Toolchain arm-none-eabi/14.3 rel1/arm-none-eabi/include/c++/14.3.1\cmath ****     cbrt(_Tp __x)
2302:C:/Program Files (x86)/Arm GNU Toolchain arm-none-eabi/14.3 rel1/arm-none-eabi/include/c++/14.3.1\cmath ****     { return __builtin_cbrt(__x); }
2303:C:/Program Files (x86)/Arm GNU Toolchain arm-none-eabi/14.3 rel1/arm-none-eabi/include/c++/14.3.1\cmath **** #endif
2304:C:/Program Files (x86)/Arm GNU Toolchain arm-none-eabi/14.3 rel1/arm-none-eabi/include/c++/14.3.1\cmath **** 
2305:C:/Program Files (x86)/Arm GNU Toolchain arm-none-eabi/14.3 rel1/arm-none-eabi/include/c++/14.3.1\cmath **** #ifndef __CORRECT_ISO_CPP11_MATH_H_PROTO_FP
2306:C:/Program Files (x86)/Arm GNU Toolchain arm-none-eabi/14.3 rel1/arm-none-eabi/include/c++/14.3.1\cmath ****   constexpr float
2307:C:/Program Files (x86)/Arm GNU Toolchain arm-none-eabi/14.3 rel1/arm-none-eabi/include/c++/14.3.1\cmath ****   copysign(float __x, float __y)
2308:C:/Program Files (x86)/Arm GNU Toolchain arm-none-eabi/14.3 rel1/arm-none-eabi/include/c++/14.3.1\cmath ****   { return __builtin_copysignf(__x, __y); }
2309:C:/Program Files (x86)/Arm GNU Toolchain arm-none-eabi/14.3 rel1/arm-none-eabi/include/c++/14.3.1\cmath **** 
2310:C:/Program Files (x86)/Arm GNU Toolchain arm-none-eabi/14.3 rel1/arm-none-eabi/include/c++/14.3.1\cmath ****   constexpr long double
2311:C:/Program Files (x86)/Arm GNU Toolchain arm-none-eabi/14.3 rel1/arm-none-eabi/include/c++/14.3.1\cmath ****   copysign(long double __x, long double __y)
2312:C:/Program Files (x86)/Arm GNU Toolchain arm-none-eabi/14.3 rel1/arm-none-eabi/include/c++/14.3.1\cmath ****   { return __builtin_copysignl(__x, __y); }
2313:C:/Program Files (x86)/Arm GNU Toolchain arm-none-eabi/14.3 rel1/arm-none-eabi/include/c++/14.3.1\cmath **** #endif
2314:C:/Program Files (x86)/Arm GNU Toolchain arm-none-eabi/14.3 rel1/arm-none-eabi/include/c++/14.3.1\cmath **** 
2315:C:/Program Files (x86)/Arm GNU Toolchain arm-none-eabi/14.3 rel1/arm-none-eabi/include/c++/14.3.1\cmath **** #ifndef __CORRECT_ISO_CPP11_MATH_H_PROTO_FP
2316:C:/Program Files (x86)/Arm GNU Toolchain arm-none-eabi/14.3 rel1/arm-none-eabi/include/c++/14.3.1\cmath ****   constexpr float
2317:C:/Program Files (x86)/Arm GNU Toolchain arm-none-eabi/14.3 rel1/arm-none-eabi/include/c++/14.3.1\cmath ****   erf(float __x)
2318:C:/Program Files (x86)/Arm GNU Toolchain arm-none-eabi/14.3 rel1/arm-none-eabi/include/c++/14.3.1\cmath ****   { return __builtin_erff(__x); }
2319:C:/Program Files (x86)/Arm GNU Toolchain arm-none-eabi/14.3 rel1/arm-none-eabi/include/c++/14.3.1\cmath **** 
2320:C:/Program Files (x86)/Arm GNU Toolchain arm-none-eabi/14.3 rel1/arm-none-eabi/include/c++/14.3.1\cmath ****   constexpr long double
2321:C:/Program Files (x86)/Arm GNU Toolchain arm-none-eabi/14.3 rel1/arm-none-eabi/include/c++/14.3.1\cmath ****   erf(long double __x)
2322:C:/Program Files (x86)/Arm GNU Toolchain arm-none-eabi/14.3 rel1/arm-none-eabi/include/c++/14.3.1\cmath ****   { return __builtin_erfl(__x); }
2323:C:/Program Files (x86)/Arm GNU Toolchain arm-none-eabi/14.3 rel1/arm-none-eabi/include/c++/14.3.1\cmath **** #endif
2324:C:/Program Files (x86)/Arm GNU Toolchain arm-none-eabi/14.3 rel1/arm-none-eabi/include/c++/14.3.1\cmath **** 
2325:C:/Program Files (x86)/Arm GNU Toolchain arm-none-eabi/14.3 rel1/arm-none-eabi/include/c++/14.3.1\cmath **** #ifndef __CORRECT_ISO_CPP11_MATH_H_PROTO_INT
2326:C:/Program Files (x86)/Arm GNU Toolchain arm-none-eabi/14.3 rel1/arm-none-eabi/include/c++/14.3.1\cmath ****   template<typename _Tp>
2327:C:/Program Files (x86)/Arm GNU Toolchain arm-none-eabi/14.3 rel1/arm-none-eabi/include/c++/14.3.1\cmath ****     constexpr typename __gnu_cxx::__enable_if<__is_integer<_Tp>::__value, 
2328:C:/Program Files (x86)/Arm GNU Toolchain arm-none-eabi/14.3 rel1/arm-none-eabi/include/c++/14.3.1\cmath ****                                               double>::__type
2329:C:/Program Files (x86)/Arm GNU Toolchain arm-none-eabi/14.3 rel1/arm-none-eabi/include/c++/14.3.1\cmath ****     erf(_Tp __x)
2330:C:/Program Files (x86)/Arm GNU Toolchain arm-none-eabi/14.3 rel1/arm-none-eabi/include/c++/14.3.1\cmath ****     { return __builtin_erf(__x); }
ARM GAS  C:\Users\Oliver\AppData\Local\Temp\ccb1Hde1.s 			page 85


2331:C:/Program Files (x86)/Arm GNU Toolchain arm-none-eabi/14.3 rel1/arm-none-eabi/include/c++/14.3.1\cmath **** #endif
2332:C:/Program Files (x86)/Arm GNU Toolchain arm-none-eabi/14.3 rel1/arm-none-eabi/include/c++/14.3.1\cmath **** 
2333:C:/Program Files (x86)/Arm GNU Toolchain arm-none-eabi/14.3 rel1/arm-none-eabi/include/c++/14.3.1\cmath **** #ifndef __CORRECT_ISO_CPP11_MATH_H_PROTO_FP
2334:C:/Program Files (x86)/Arm GNU Toolchain arm-none-eabi/14.3 rel1/arm-none-eabi/include/c++/14.3.1\cmath ****   constexpr float
2335:C:/Program Files (x86)/Arm GNU Toolchain arm-none-eabi/14.3 rel1/arm-none-eabi/include/c++/14.3.1\cmath ****   erfc(float __x)
2336:C:/Program Files (x86)/Arm GNU Toolchain arm-none-eabi/14.3 rel1/arm-none-eabi/include/c++/14.3.1\cmath ****   { return __builtin_erfcf(__x); }
2337:C:/Program Files (x86)/Arm GNU Toolchain arm-none-eabi/14.3 rel1/arm-none-eabi/include/c++/14.3.1\cmath **** 
2338:C:/Program Files (x86)/Arm GNU Toolchain arm-none-eabi/14.3 rel1/arm-none-eabi/include/c++/14.3.1\cmath ****   constexpr long double
2339:C:/Program Files (x86)/Arm GNU Toolchain arm-none-eabi/14.3 rel1/arm-none-eabi/include/c++/14.3.1\cmath ****   erfc(long double __x)
2340:C:/Program Files (x86)/Arm GNU Toolchain arm-none-eabi/14.3 rel1/arm-none-eabi/include/c++/14.3.1\cmath ****   { return __builtin_erfcl(__x); }
2341:C:/Program Files (x86)/Arm GNU Toolchain arm-none-eabi/14.3 rel1/arm-none-eabi/include/c++/14.3.1\cmath **** #endif
2342:C:/Program Files (x86)/Arm GNU Toolchain arm-none-eabi/14.3 rel1/arm-none-eabi/include/c++/14.3.1\cmath **** 
2343:C:/Program Files (x86)/Arm GNU Toolchain arm-none-eabi/14.3 rel1/arm-none-eabi/include/c++/14.3.1\cmath **** #ifndef __CORRECT_ISO_CPP11_MATH_H_PROTO_INT
2344:C:/Program Files (x86)/Arm GNU Toolchain arm-none-eabi/14.3 rel1/arm-none-eabi/include/c++/14.3.1\cmath ****   template<typename _Tp>
2345:C:/Program Files (x86)/Arm GNU Toolchain arm-none-eabi/14.3 rel1/arm-none-eabi/include/c++/14.3.1\cmath ****     constexpr typename __gnu_cxx::__enable_if<__is_integer<_Tp>::__value, 
2346:C:/Program Files (x86)/Arm GNU Toolchain arm-none-eabi/14.3 rel1/arm-none-eabi/include/c++/14.3.1\cmath ****                                               double>::__type
2347:C:/Program Files (x86)/Arm GNU Toolchain arm-none-eabi/14.3 rel1/arm-none-eabi/include/c++/14.3.1\cmath ****     erfc(_Tp __x)
2348:C:/Program Files (x86)/Arm GNU Toolchain arm-none-eabi/14.3 rel1/arm-none-eabi/include/c++/14.3.1\cmath ****     { return __builtin_erfc(__x); }
2349:C:/Program Files (x86)/Arm GNU Toolchain arm-none-eabi/14.3 rel1/arm-none-eabi/include/c++/14.3.1\cmath **** #endif
2350:C:/Program Files (x86)/Arm GNU Toolchain arm-none-eabi/14.3 rel1/arm-none-eabi/include/c++/14.3.1\cmath **** 
2351:C:/Program Files (x86)/Arm GNU Toolchain arm-none-eabi/14.3 rel1/arm-none-eabi/include/c++/14.3.1\cmath **** #ifndef __CORRECT_ISO_CPP11_MATH_H_PROTO_FP
2352:C:/Program Files (x86)/Arm GNU Toolchain arm-none-eabi/14.3 rel1/arm-none-eabi/include/c++/14.3.1\cmath ****   constexpr float
2353:C:/Program Files (x86)/Arm GNU Toolchain arm-none-eabi/14.3 rel1/arm-none-eabi/include/c++/14.3.1\cmath ****   exp2(float __x)
2354:C:/Program Files (x86)/Arm GNU Toolchain arm-none-eabi/14.3 rel1/arm-none-eabi/include/c++/14.3.1\cmath ****   { return __builtin_exp2f(__x); }
2355:C:/Program Files (x86)/Arm GNU Toolchain arm-none-eabi/14.3 rel1/arm-none-eabi/include/c++/14.3.1\cmath **** 
2356:C:/Program Files (x86)/Arm GNU Toolchain arm-none-eabi/14.3 rel1/arm-none-eabi/include/c++/14.3.1\cmath ****   constexpr long double
2357:C:/Program Files (x86)/Arm GNU Toolchain arm-none-eabi/14.3 rel1/arm-none-eabi/include/c++/14.3.1\cmath ****   exp2(long double __x)
2358:C:/Program Files (x86)/Arm GNU Toolchain arm-none-eabi/14.3 rel1/arm-none-eabi/include/c++/14.3.1\cmath ****   { return __builtin_exp2l(__x); }
2359:C:/Program Files (x86)/Arm GNU Toolchain arm-none-eabi/14.3 rel1/arm-none-eabi/include/c++/14.3.1\cmath **** #endif
2360:C:/Program Files (x86)/Arm GNU Toolchain arm-none-eabi/14.3 rel1/arm-none-eabi/include/c++/14.3.1\cmath **** 
2361:C:/Program Files (x86)/Arm GNU Toolchain arm-none-eabi/14.3 rel1/arm-none-eabi/include/c++/14.3.1\cmath **** #ifndef __CORRECT_ISO_CPP11_MATH_H_PROTO_INT
2362:C:/Program Files (x86)/Arm GNU Toolchain arm-none-eabi/14.3 rel1/arm-none-eabi/include/c++/14.3.1\cmath ****   template<typename _Tp>
2363:C:/Program Files (x86)/Arm GNU Toolchain arm-none-eabi/14.3 rel1/arm-none-eabi/include/c++/14.3.1\cmath ****     constexpr typename __gnu_cxx::__enable_if<__is_integer<_Tp>::__value, 
2364:C:/Program Files (x86)/Arm GNU Toolchain arm-none-eabi/14.3 rel1/arm-none-eabi/include/c++/14.3.1\cmath ****                                               double>::__type
2365:C:/Program Files (x86)/Arm GNU Toolchain arm-none-eabi/14.3 rel1/arm-none-eabi/include/c++/14.3.1\cmath ****     exp2(_Tp __x)
2366:C:/Program Files (x86)/Arm GNU Toolchain arm-none-eabi/14.3 rel1/arm-none-eabi/include/c++/14.3.1\cmath ****     { return __builtin_exp2(__x); }
2367:C:/Program Files (x86)/Arm GNU Toolchain arm-none-eabi/14.3 rel1/arm-none-eabi/include/c++/14.3.1\cmath **** #endif
2368:C:/Program Files (x86)/Arm GNU Toolchain arm-none-eabi/14.3 rel1/arm-none-eabi/include/c++/14.3.1\cmath **** 
2369:C:/Program Files (x86)/Arm GNU Toolchain arm-none-eabi/14.3 rel1/arm-none-eabi/include/c++/14.3.1\cmath **** #ifndef __CORRECT_ISO_CPP11_MATH_H_PROTO_FP
2370:C:/Program Files (x86)/Arm GNU Toolchain arm-none-eabi/14.3 rel1/arm-none-eabi/include/c++/14.3.1\cmath ****   constexpr float
2371:C:/Program Files (x86)/Arm GNU Toolchain arm-none-eabi/14.3 rel1/arm-none-eabi/include/c++/14.3.1\cmath ****   expm1(float __x)
2372:C:/Program Files (x86)/Arm GNU Toolchain arm-none-eabi/14.3 rel1/arm-none-eabi/include/c++/14.3.1\cmath ****   { return __builtin_expm1f(__x); }
2373:C:/Program Files (x86)/Arm GNU Toolchain arm-none-eabi/14.3 rel1/arm-none-eabi/include/c++/14.3.1\cmath **** 
2374:C:/Program Files (x86)/Arm GNU Toolchain arm-none-eabi/14.3 rel1/arm-none-eabi/include/c++/14.3.1\cmath ****   constexpr long double
2375:C:/Program Files (x86)/Arm GNU Toolchain arm-none-eabi/14.3 rel1/arm-none-eabi/include/c++/14.3.1\cmath ****   expm1(long double __x)
2376:C:/Program Files (x86)/Arm GNU Toolchain arm-none-eabi/14.3 rel1/arm-none-eabi/include/c++/14.3.1\cmath ****   { return __builtin_expm1l(__x); }
2377:C:/Program Files (x86)/Arm GNU Toolchain arm-none-eabi/14.3 rel1/arm-none-eabi/include/c++/14.3.1\cmath **** #endif
2378:C:/Program Files (x86)/Arm GNU Toolchain arm-none-eabi/14.3 rel1/arm-none-eabi/include/c++/14.3.1\cmath **** 
2379:C:/Program Files (x86)/Arm GNU Toolchain arm-none-eabi/14.3 rel1/arm-none-eabi/include/c++/14.3.1\cmath **** #ifndef __CORRECT_ISO_CPP11_MATH_H_PROTO_INT
2380:C:/Program Files (x86)/Arm GNU Toolchain arm-none-eabi/14.3 rel1/arm-none-eabi/include/c++/14.3.1\cmath ****   template<typename _Tp>
2381:C:/Program Files (x86)/Arm GNU Toolchain arm-none-eabi/14.3 rel1/arm-none-eabi/include/c++/14.3.1\cmath ****     constexpr typename __gnu_cxx::__enable_if<__is_integer<_Tp>::__value, 
2382:C:/Program Files (x86)/Arm GNU Toolchain arm-none-eabi/14.3 rel1/arm-none-eabi/include/c++/14.3.1\cmath ****                                               double>::__type
2383:C:/Program Files (x86)/Arm GNU Toolchain arm-none-eabi/14.3 rel1/arm-none-eabi/include/c++/14.3.1\cmath ****     expm1(_Tp __x)
2384:C:/Program Files (x86)/Arm GNU Toolchain arm-none-eabi/14.3 rel1/arm-none-eabi/include/c++/14.3.1\cmath ****     { return __builtin_expm1(__x); }
2385:C:/Program Files (x86)/Arm GNU Toolchain arm-none-eabi/14.3 rel1/arm-none-eabi/include/c++/14.3.1\cmath **** #endif
2386:C:/Program Files (x86)/Arm GNU Toolchain arm-none-eabi/14.3 rel1/arm-none-eabi/include/c++/14.3.1\cmath **** 
2387:C:/Program Files (x86)/Arm GNU Toolchain arm-none-eabi/14.3 rel1/arm-none-eabi/include/c++/14.3.1\cmath **** #ifndef __CORRECT_ISO_CPP11_MATH_H_PROTO_FP
ARM GAS  C:\Users\Oliver\AppData\Local\Temp\ccb1Hde1.s 			page 86


2388:C:/Program Files (x86)/Arm GNU Toolchain arm-none-eabi/14.3 rel1/arm-none-eabi/include/c++/14.3.1\cmath ****   constexpr float
2389:C:/Program Files (x86)/Arm GNU Toolchain arm-none-eabi/14.3 rel1/arm-none-eabi/include/c++/14.3.1\cmath ****   fdim(float __x, float __y)
2390:C:/Program Files (x86)/Arm GNU Toolchain arm-none-eabi/14.3 rel1/arm-none-eabi/include/c++/14.3.1\cmath ****   { return __builtin_fdimf(__x, __y); }
2391:C:/Program Files (x86)/Arm GNU Toolchain arm-none-eabi/14.3 rel1/arm-none-eabi/include/c++/14.3.1\cmath **** 
2392:C:/Program Files (x86)/Arm GNU Toolchain arm-none-eabi/14.3 rel1/arm-none-eabi/include/c++/14.3.1\cmath ****   constexpr long double
2393:C:/Program Files (x86)/Arm GNU Toolchain arm-none-eabi/14.3 rel1/arm-none-eabi/include/c++/14.3.1\cmath ****   fdim(long double __x, long double __y)
2394:C:/Program Files (x86)/Arm GNU Toolchain arm-none-eabi/14.3 rel1/arm-none-eabi/include/c++/14.3.1\cmath ****   { return __builtin_fdiml(__x, __y); }
2395:C:/Program Files (x86)/Arm GNU Toolchain arm-none-eabi/14.3 rel1/arm-none-eabi/include/c++/14.3.1\cmath **** #endif
2396:C:/Program Files (x86)/Arm GNU Toolchain arm-none-eabi/14.3 rel1/arm-none-eabi/include/c++/14.3.1\cmath **** 
2397:C:/Program Files (x86)/Arm GNU Toolchain arm-none-eabi/14.3 rel1/arm-none-eabi/include/c++/14.3.1\cmath **** #ifndef __CORRECT_ISO_CPP11_MATH_H_PROTO_FP
2398:C:/Program Files (x86)/Arm GNU Toolchain arm-none-eabi/14.3 rel1/arm-none-eabi/include/c++/14.3.1\cmath ****   constexpr float
2399:C:/Program Files (x86)/Arm GNU Toolchain arm-none-eabi/14.3 rel1/arm-none-eabi/include/c++/14.3.1\cmath ****   fma(float __x, float __y, float __z)
2400:C:/Program Files (x86)/Arm GNU Toolchain arm-none-eabi/14.3 rel1/arm-none-eabi/include/c++/14.3.1\cmath ****   { return __builtin_fmaf(__x, __y, __z); }
2401:C:/Program Files (x86)/Arm GNU Toolchain arm-none-eabi/14.3 rel1/arm-none-eabi/include/c++/14.3.1\cmath **** 
2402:C:/Program Files (x86)/Arm GNU Toolchain arm-none-eabi/14.3 rel1/arm-none-eabi/include/c++/14.3.1\cmath ****   constexpr long double
2403:C:/Program Files (x86)/Arm GNU Toolchain arm-none-eabi/14.3 rel1/arm-none-eabi/include/c++/14.3.1\cmath ****   fma(long double __x, long double __y, long double __z)
2404:C:/Program Files (x86)/Arm GNU Toolchain arm-none-eabi/14.3 rel1/arm-none-eabi/include/c++/14.3.1\cmath ****   { return __builtin_fmal(__x, __y, __z); }
2405:C:/Program Files (x86)/Arm GNU Toolchain arm-none-eabi/14.3 rel1/arm-none-eabi/include/c++/14.3.1\cmath **** #endif
2406:C:/Program Files (x86)/Arm GNU Toolchain arm-none-eabi/14.3 rel1/arm-none-eabi/include/c++/14.3.1\cmath **** 
2407:C:/Program Files (x86)/Arm GNU Toolchain arm-none-eabi/14.3 rel1/arm-none-eabi/include/c++/14.3.1\cmath **** #ifndef __CORRECT_ISO_CPP11_MATH_H_PROTO_FP
2408:C:/Program Files (x86)/Arm GNU Toolchain arm-none-eabi/14.3 rel1/arm-none-eabi/include/c++/14.3.1\cmath ****   constexpr float
2409:C:/Program Files (x86)/Arm GNU Toolchain arm-none-eabi/14.3 rel1/arm-none-eabi/include/c++/14.3.1\cmath ****   fmax(float __x, float __y)
2410:C:/Program Files (x86)/Arm GNU Toolchain arm-none-eabi/14.3 rel1/arm-none-eabi/include/c++/14.3.1\cmath ****   { return __builtin_fmaxf(__x, __y); }
2411:C:/Program Files (x86)/Arm GNU Toolchain arm-none-eabi/14.3 rel1/arm-none-eabi/include/c++/14.3.1\cmath **** 
2412:C:/Program Files (x86)/Arm GNU Toolchain arm-none-eabi/14.3 rel1/arm-none-eabi/include/c++/14.3.1\cmath ****   constexpr long double
2413:C:/Program Files (x86)/Arm GNU Toolchain arm-none-eabi/14.3 rel1/arm-none-eabi/include/c++/14.3.1\cmath ****   fmax(long double __x, long double __y)
2414:C:/Program Files (x86)/Arm GNU Toolchain arm-none-eabi/14.3 rel1/arm-none-eabi/include/c++/14.3.1\cmath ****   { return __builtin_fmaxl(__x, __y); }
2415:C:/Program Files (x86)/Arm GNU Toolchain arm-none-eabi/14.3 rel1/arm-none-eabi/include/c++/14.3.1\cmath **** #endif
2416:C:/Program Files (x86)/Arm GNU Toolchain arm-none-eabi/14.3 rel1/arm-none-eabi/include/c++/14.3.1\cmath **** 
2417:C:/Program Files (x86)/Arm GNU Toolchain arm-none-eabi/14.3 rel1/arm-none-eabi/include/c++/14.3.1\cmath **** #ifndef __CORRECT_ISO_CPP11_MATH_H_PROTO_FP
2418:C:/Program Files (x86)/Arm GNU Toolchain arm-none-eabi/14.3 rel1/arm-none-eabi/include/c++/14.3.1\cmath ****   constexpr float
2419:C:/Program Files (x86)/Arm GNU Toolchain arm-none-eabi/14.3 rel1/arm-none-eabi/include/c++/14.3.1\cmath ****   fmin(float __x, float __y)
2420:C:/Program Files (x86)/Arm GNU Toolchain arm-none-eabi/14.3 rel1/arm-none-eabi/include/c++/14.3.1\cmath ****   { return __builtin_fminf(__x, __y); }
2421:C:/Program Files (x86)/Arm GNU Toolchain arm-none-eabi/14.3 rel1/arm-none-eabi/include/c++/14.3.1\cmath **** 
2422:C:/Program Files (x86)/Arm GNU Toolchain arm-none-eabi/14.3 rel1/arm-none-eabi/include/c++/14.3.1\cmath ****   constexpr long double
2423:C:/Program Files (x86)/Arm GNU Toolchain arm-none-eabi/14.3 rel1/arm-none-eabi/include/c++/14.3.1\cmath ****   fmin(long double __x, long double __y)
2424:C:/Program Files (x86)/Arm GNU Toolchain arm-none-eabi/14.3 rel1/arm-none-eabi/include/c++/14.3.1\cmath ****   { return __builtin_fminl(__x, __y); }
2425:C:/Program Files (x86)/Arm GNU Toolchain arm-none-eabi/14.3 rel1/arm-none-eabi/include/c++/14.3.1\cmath **** #endif
2426:C:/Program Files (x86)/Arm GNU Toolchain arm-none-eabi/14.3 rel1/arm-none-eabi/include/c++/14.3.1\cmath **** 
2427:C:/Program Files (x86)/Arm GNU Toolchain arm-none-eabi/14.3 rel1/arm-none-eabi/include/c++/14.3.1\cmath **** #ifndef __CORRECT_ISO_CPP11_MATH_H_PROTO_FP
2428:C:/Program Files (x86)/Arm GNU Toolchain arm-none-eabi/14.3 rel1/arm-none-eabi/include/c++/14.3.1\cmath ****   constexpr float
2429:C:/Program Files (x86)/Arm GNU Toolchain arm-none-eabi/14.3 rel1/arm-none-eabi/include/c++/14.3.1\cmath ****   hypot(float __x, float __y)
2430:C:/Program Files (x86)/Arm GNU Toolchain arm-none-eabi/14.3 rel1/arm-none-eabi/include/c++/14.3.1\cmath ****   { return __builtin_hypotf(__x, __y); }
2431:C:/Program Files (x86)/Arm GNU Toolchain arm-none-eabi/14.3 rel1/arm-none-eabi/include/c++/14.3.1\cmath **** 
2432:C:/Program Files (x86)/Arm GNU Toolchain arm-none-eabi/14.3 rel1/arm-none-eabi/include/c++/14.3.1\cmath ****   constexpr long double
2433:C:/Program Files (x86)/Arm GNU Toolchain arm-none-eabi/14.3 rel1/arm-none-eabi/include/c++/14.3.1\cmath ****   hypot(long double __x, long double __y)
2434:C:/Program Files (x86)/Arm GNU Toolchain arm-none-eabi/14.3 rel1/arm-none-eabi/include/c++/14.3.1\cmath ****   { return __builtin_hypotl(__x, __y); }
2435:C:/Program Files (x86)/Arm GNU Toolchain arm-none-eabi/14.3 rel1/arm-none-eabi/include/c++/14.3.1\cmath **** #endif
2436:C:/Program Files (x86)/Arm GNU Toolchain arm-none-eabi/14.3 rel1/arm-none-eabi/include/c++/14.3.1\cmath **** 
2437:C:/Program Files (x86)/Arm GNU Toolchain arm-none-eabi/14.3 rel1/arm-none-eabi/include/c++/14.3.1\cmath **** #ifndef __CORRECT_ISO_CPP11_MATH_H_PROTO_FP
2438:C:/Program Files (x86)/Arm GNU Toolchain arm-none-eabi/14.3 rel1/arm-none-eabi/include/c++/14.3.1\cmath ****   constexpr int
2439:C:/Program Files (x86)/Arm GNU Toolchain arm-none-eabi/14.3 rel1/arm-none-eabi/include/c++/14.3.1\cmath ****   ilogb(float __x)
2440:C:/Program Files (x86)/Arm GNU Toolchain arm-none-eabi/14.3 rel1/arm-none-eabi/include/c++/14.3.1\cmath ****   { return __builtin_ilogbf(__x); }
2441:C:/Program Files (x86)/Arm GNU Toolchain arm-none-eabi/14.3 rel1/arm-none-eabi/include/c++/14.3.1\cmath **** 
2442:C:/Program Files (x86)/Arm GNU Toolchain arm-none-eabi/14.3 rel1/arm-none-eabi/include/c++/14.3.1\cmath ****   constexpr int
2443:C:/Program Files (x86)/Arm GNU Toolchain arm-none-eabi/14.3 rel1/arm-none-eabi/include/c++/14.3.1\cmath ****   ilogb(long double __x)
2444:C:/Program Files (x86)/Arm GNU Toolchain arm-none-eabi/14.3 rel1/arm-none-eabi/include/c++/14.3.1\cmath ****   { return __builtin_ilogbl(__x); }
ARM GAS  C:\Users\Oliver\AppData\Local\Temp\ccb1Hde1.s 			page 87


2445:C:/Program Files (x86)/Arm GNU Toolchain arm-none-eabi/14.3 rel1/arm-none-eabi/include/c++/14.3.1\cmath **** #endif
2446:C:/Program Files (x86)/Arm GNU Toolchain arm-none-eabi/14.3 rel1/arm-none-eabi/include/c++/14.3.1\cmath **** 
2447:C:/Program Files (x86)/Arm GNU Toolchain arm-none-eabi/14.3 rel1/arm-none-eabi/include/c++/14.3.1\cmath **** #ifndef __CORRECT_ISO_CPP11_MATH_H_PROTO_INT
2448:C:/Program Files (x86)/Arm GNU Toolchain arm-none-eabi/14.3 rel1/arm-none-eabi/include/c++/14.3.1\cmath ****   template<typename _Tp>
2449:C:/Program Files (x86)/Arm GNU Toolchain arm-none-eabi/14.3 rel1/arm-none-eabi/include/c++/14.3.1\cmath ****     constexpr
2450:C:/Program Files (x86)/Arm GNU Toolchain arm-none-eabi/14.3 rel1/arm-none-eabi/include/c++/14.3.1\cmath ****     typename __gnu_cxx::__enable_if<__is_integer<_Tp>::__value, 
2451:C:/Program Files (x86)/Arm GNU Toolchain arm-none-eabi/14.3 rel1/arm-none-eabi/include/c++/14.3.1\cmath ****                                     int>::__type
2452:C:/Program Files (x86)/Arm GNU Toolchain arm-none-eabi/14.3 rel1/arm-none-eabi/include/c++/14.3.1\cmath ****     ilogb(_Tp __x)
2453:C:/Program Files (x86)/Arm GNU Toolchain arm-none-eabi/14.3 rel1/arm-none-eabi/include/c++/14.3.1\cmath ****     { return __builtin_ilogb(__x); }
2454:C:/Program Files (x86)/Arm GNU Toolchain arm-none-eabi/14.3 rel1/arm-none-eabi/include/c++/14.3.1\cmath **** #endif
2455:C:/Program Files (x86)/Arm GNU Toolchain arm-none-eabi/14.3 rel1/arm-none-eabi/include/c++/14.3.1\cmath **** 
2456:C:/Program Files (x86)/Arm GNU Toolchain arm-none-eabi/14.3 rel1/arm-none-eabi/include/c++/14.3.1\cmath **** #ifndef __CORRECT_ISO_CPP11_MATH_H_PROTO_FP
2457:C:/Program Files (x86)/Arm GNU Toolchain arm-none-eabi/14.3 rel1/arm-none-eabi/include/c++/14.3.1\cmath ****   constexpr float
2458:C:/Program Files (x86)/Arm GNU Toolchain arm-none-eabi/14.3 rel1/arm-none-eabi/include/c++/14.3.1\cmath ****   lgamma(float __x)
2459:C:/Program Files (x86)/Arm GNU Toolchain arm-none-eabi/14.3 rel1/arm-none-eabi/include/c++/14.3.1\cmath ****   { return __builtin_lgammaf(__x); }
2460:C:/Program Files (x86)/Arm GNU Toolchain arm-none-eabi/14.3 rel1/arm-none-eabi/include/c++/14.3.1\cmath **** 
2461:C:/Program Files (x86)/Arm GNU Toolchain arm-none-eabi/14.3 rel1/arm-none-eabi/include/c++/14.3.1\cmath ****   constexpr long double
2462:C:/Program Files (x86)/Arm GNU Toolchain arm-none-eabi/14.3 rel1/arm-none-eabi/include/c++/14.3.1\cmath ****   lgamma(long double __x)
2463:C:/Program Files (x86)/Arm GNU Toolchain arm-none-eabi/14.3 rel1/arm-none-eabi/include/c++/14.3.1\cmath ****   { return __builtin_lgammal(__x); }
2464:C:/Program Files (x86)/Arm GNU Toolchain arm-none-eabi/14.3 rel1/arm-none-eabi/include/c++/14.3.1\cmath **** #endif
2465:C:/Program Files (x86)/Arm GNU Toolchain arm-none-eabi/14.3 rel1/arm-none-eabi/include/c++/14.3.1\cmath **** 
2466:C:/Program Files (x86)/Arm GNU Toolchain arm-none-eabi/14.3 rel1/arm-none-eabi/include/c++/14.3.1\cmath **** #ifndef __CORRECT_ISO_CPP11_MATH_H_PROTO_INT
2467:C:/Program Files (x86)/Arm GNU Toolchain arm-none-eabi/14.3 rel1/arm-none-eabi/include/c++/14.3.1\cmath ****   template<typename _Tp>
2468:C:/Program Files (x86)/Arm GNU Toolchain arm-none-eabi/14.3 rel1/arm-none-eabi/include/c++/14.3.1\cmath ****     constexpr typename __gnu_cxx::__enable_if<__is_integer<_Tp>::__value, 
2469:C:/Program Files (x86)/Arm GNU Toolchain arm-none-eabi/14.3 rel1/arm-none-eabi/include/c++/14.3.1\cmath ****                                               double>::__type
2470:C:/Program Files (x86)/Arm GNU Toolchain arm-none-eabi/14.3 rel1/arm-none-eabi/include/c++/14.3.1\cmath ****     lgamma(_Tp __x)
2471:C:/Program Files (x86)/Arm GNU Toolchain arm-none-eabi/14.3 rel1/arm-none-eabi/include/c++/14.3.1\cmath ****     { return __builtin_lgamma(__x); }
2472:C:/Program Files (x86)/Arm GNU Toolchain arm-none-eabi/14.3 rel1/arm-none-eabi/include/c++/14.3.1\cmath **** #endif
2473:C:/Program Files (x86)/Arm GNU Toolchain arm-none-eabi/14.3 rel1/arm-none-eabi/include/c++/14.3.1\cmath **** 
2474:C:/Program Files (x86)/Arm GNU Toolchain arm-none-eabi/14.3 rel1/arm-none-eabi/include/c++/14.3.1\cmath **** #ifndef __CORRECT_ISO_CPP11_MATH_H_PROTO_FP
2475:C:/Program Files (x86)/Arm GNU Toolchain arm-none-eabi/14.3 rel1/arm-none-eabi/include/c++/14.3.1\cmath ****   constexpr long long
2476:C:/Program Files (x86)/Arm GNU Toolchain arm-none-eabi/14.3 rel1/arm-none-eabi/include/c++/14.3.1\cmath ****   llrint(float __x)
2477:C:/Program Files (x86)/Arm GNU Toolchain arm-none-eabi/14.3 rel1/arm-none-eabi/include/c++/14.3.1\cmath ****   { return __builtin_llrintf(__x); }
2478:C:/Program Files (x86)/Arm GNU Toolchain arm-none-eabi/14.3 rel1/arm-none-eabi/include/c++/14.3.1\cmath **** 
2479:C:/Program Files (x86)/Arm GNU Toolchain arm-none-eabi/14.3 rel1/arm-none-eabi/include/c++/14.3.1\cmath ****   constexpr long long
2480:C:/Program Files (x86)/Arm GNU Toolchain arm-none-eabi/14.3 rel1/arm-none-eabi/include/c++/14.3.1\cmath ****   llrint(long double __x)
2481:C:/Program Files (x86)/Arm GNU Toolchain arm-none-eabi/14.3 rel1/arm-none-eabi/include/c++/14.3.1\cmath ****   { return __builtin_llrintl(__x); }
2482:C:/Program Files (x86)/Arm GNU Toolchain arm-none-eabi/14.3 rel1/arm-none-eabi/include/c++/14.3.1\cmath **** #endif
2483:C:/Program Files (x86)/Arm GNU Toolchain arm-none-eabi/14.3 rel1/arm-none-eabi/include/c++/14.3.1\cmath **** 
2484:C:/Program Files (x86)/Arm GNU Toolchain arm-none-eabi/14.3 rel1/arm-none-eabi/include/c++/14.3.1\cmath **** #ifndef __CORRECT_ISO_CPP11_MATH_H_PROTO_INT
2485:C:/Program Files (x86)/Arm GNU Toolchain arm-none-eabi/14.3 rel1/arm-none-eabi/include/c++/14.3.1\cmath ****   template<typename _Tp>
2486:C:/Program Files (x86)/Arm GNU Toolchain arm-none-eabi/14.3 rel1/arm-none-eabi/include/c++/14.3.1\cmath ****     constexpr typename __gnu_cxx::__enable_if<__is_integer<_Tp>::__value, 
2487:C:/Program Files (x86)/Arm GNU Toolchain arm-none-eabi/14.3 rel1/arm-none-eabi/include/c++/14.3.1\cmath ****                                               long long>::__type
2488:C:/Program Files (x86)/Arm GNU Toolchain arm-none-eabi/14.3 rel1/arm-none-eabi/include/c++/14.3.1\cmath ****     llrint(_Tp __x)
2489:C:/Program Files (x86)/Arm GNU Toolchain arm-none-eabi/14.3 rel1/arm-none-eabi/include/c++/14.3.1\cmath ****     { return __builtin_llrint(__x); }
2490:C:/Program Files (x86)/Arm GNU Toolchain arm-none-eabi/14.3 rel1/arm-none-eabi/include/c++/14.3.1\cmath **** #endif
2491:C:/Program Files (x86)/Arm GNU Toolchain arm-none-eabi/14.3 rel1/arm-none-eabi/include/c++/14.3.1\cmath **** 
2492:C:/Program Files (x86)/Arm GNU Toolchain arm-none-eabi/14.3 rel1/arm-none-eabi/include/c++/14.3.1\cmath **** #ifndef __CORRECT_ISO_CPP11_MATH_H_PROTO_FP
2493:C:/Program Files (x86)/Arm GNU Toolchain arm-none-eabi/14.3 rel1/arm-none-eabi/include/c++/14.3.1\cmath ****   constexpr long long
2494:C:/Program Files (x86)/Arm GNU Toolchain arm-none-eabi/14.3 rel1/arm-none-eabi/include/c++/14.3.1\cmath ****   llround(float __x)
2495:C:/Program Files (x86)/Arm GNU Toolchain arm-none-eabi/14.3 rel1/arm-none-eabi/include/c++/14.3.1\cmath ****   { return __builtin_llroundf(__x); }
2496:C:/Program Files (x86)/Arm GNU Toolchain arm-none-eabi/14.3 rel1/arm-none-eabi/include/c++/14.3.1\cmath **** 
2497:C:/Program Files (x86)/Arm GNU Toolchain arm-none-eabi/14.3 rel1/arm-none-eabi/include/c++/14.3.1\cmath ****   constexpr long long
2498:C:/Program Files (x86)/Arm GNU Toolchain arm-none-eabi/14.3 rel1/arm-none-eabi/include/c++/14.3.1\cmath ****   llround(long double __x)
2499:C:/Program Files (x86)/Arm GNU Toolchain arm-none-eabi/14.3 rel1/arm-none-eabi/include/c++/14.3.1\cmath ****   { return __builtin_llroundl(__x); }
2500:C:/Program Files (x86)/Arm GNU Toolchain arm-none-eabi/14.3 rel1/arm-none-eabi/include/c++/14.3.1\cmath **** #endif
2501:C:/Program Files (x86)/Arm GNU Toolchain arm-none-eabi/14.3 rel1/arm-none-eabi/include/c++/14.3.1\cmath **** 
ARM GAS  C:\Users\Oliver\AppData\Local\Temp\ccb1Hde1.s 			page 88


2502:C:/Program Files (x86)/Arm GNU Toolchain arm-none-eabi/14.3 rel1/arm-none-eabi/include/c++/14.3.1\cmath **** #ifndef __CORRECT_ISO_CPP11_MATH_H_PROTO_INT
2503:C:/Program Files (x86)/Arm GNU Toolchain arm-none-eabi/14.3 rel1/arm-none-eabi/include/c++/14.3.1\cmath ****   template<typename _Tp>
2504:C:/Program Files (x86)/Arm GNU Toolchain arm-none-eabi/14.3 rel1/arm-none-eabi/include/c++/14.3.1\cmath ****     constexpr typename __gnu_cxx::__enable_if<__is_integer<_Tp>::__value, 
2505:C:/Program Files (x86)/Arm GNU Toolchain arm-none-eabi/14.3 rel1/arm-none-eabi/include/c++/14.3.1\cmath ****                                               long long>::__type
2506:C:/Program Files (x86)/Arm GNU Toolchain arm-none-eabi/14.3 rel1/arm-none-eabi/include/c++/14.3.1\cmath ****     llround(_Tp __x)
2507:C:/Program Files (x86)/Arm GNU Toolchain arm-none-eabi/14.3 rel1/arm-none-eabi/include/c++/14.3.1\cmath ****     { return __builtin_llround(__x); }
2508:C:/Program Files (x86)/Arm GNU Toolchain arm-none-eabi/14.3 rel1/arm-none-eabi/include/c++/14.3.1\cmath **** #endif
2509:C:/Program Files (x86)/Arm GNU Toolchain arm-none-eabi/14.3 rel1/arm-none-eabi/include/c++/14.3.1\cmath **** 
2510:C:/Program Files (x86)/Arm GNU Toolchain arm-none-eabi/14.3 rel1/arm-none-eabi/include/c++/14.3.1\cmath **** #ifndef __CORRECT_ISO_CPP11_MATH_H_PROTO_FP
2511:C:/Program Files (x86)/Arm GNU Toolchain arm-none-eabi/14.3 rel1/arm-none-eabi/include/c++/14.3.1\cmath ****   constexpr float
2512:C:/Program Files (x86)/Arm GNU Toolchain arm-none-eabi/14.3 rel1/arm-none-eabi/include/c++/14.3.1\cmath ****   log1p(float __x)
2513:C:/Program Files (x86)/Arm GNU Toolchain arm-none-eabi/14.3 rel1/arm-none-eabi/include/c++/14.3.1\cmath ****   { return __builtin_log1pf(__x); }
2514:C:/Program Files (x86)/Arm GNU Toolchain arm-none-eabi/14.3 rel1/arm-none-eabi/include/c++/14.3.1\cmath **** 
2515:C:/Program Files (x86)/Arm GNU Toolchain arm-none-eabi/14.3 rel1/arm-none-eabi/include/c++/14.3.1\cmath ****   constexpr long double
2516:C:/Program Files (x86)/Arm GNU Toolchain arm-none-eabi/14.3 rel1/arm-none-eabi/include/c++/14.3.1\cmath ****   log1p(long double __x)
2517:C:/Program Files (x86)/Arm GNU Toolchain arm-none-eabi/14.3 rel1/arm-none-eabi/include/c++/14.3.1\cmath ****   { return __builtin_log1pl(__x); }
2518:C:/Program Files (x86)/Arm GNU Toolchain arm-none-eabi/14.3 rel1/arm-none-eabi/include/c++/14.3.1\cmath **** #endif
2519:C:/Program Files (x86)/Arm GNU Toolchain arm-none-eabi/14.3 rel1/arm-none-eabi/include/c++/14.3.1\cmath **** 
2520:C:/Program Files (x86)/Arm GNU Toolchain arm-none-eabi/14.3 rel1/arm-none-eabi/include/c++/14.3.1\cmath **** #ifndef __CORRECT_ISO_CPP11_MATH_H_PROTO_INT
2521:C:/Program Files (x86)/Arm GNU Toolchain arm-none-eabi/14.3 rel1/arm-none-eabi/include/c++/14.3.1\cmath ****   template<typename _Tp>
2522:C:/Program Files (x86)/Arm GNU Toolchain arm-none-eabi/14.3 rel1/arm-none-eabi/include/c++/14.3.1\cmath ****     constexpr typename __gnu_cxx::__enable_if<__is_integer<_Tp>::__value, 
2523:C:/Program Files (x86)/Arm GNU Toolchain arm-none-eabi/14.3 rel1/arm-none-eabi/include/c++/14.3.1\cmath ****                                               double>::__type
2524:C:/Program Files (x86)/Arm GNU Toolchain arm-none-eabi/14.3 rel1/arm-none-eabi/include/c++/14.3.1\cmath ****     log1p(_Tp __x)
2525:C:/Program Files (x86)/Arm GNU Toolchain arm-none-eabi/14.3 rel1/arm-none-eabi/include/c++/14.3.1\cmath ****     { return __builtin_log1p(__x); }
2526:C:/Program Files (x86)/Arm GNU Toolchain arm-none-eabi/14.3 rel1/arm-none-eabi/include/c++/14.3.1\cmath **** #endif
2527:C:/Program Files (x86)/Arm GNU Toolchain arm-none-eabi/14.3 rel1/arm-none-eabi/include/c++/14.3.1\cmath **** 
2528:C:/Program Files (x86)/Arm GNU Toolchain arm-none-eabi/14.3 rel1/arm-none-eabi/include/c++/14.3.1\cmath **** #ifndef __CORRECT_ISO_CPP11_MATH_H_PROTO_FP
2529:C:/Program Files (x86)/Arm GNU Toolchain arm-none-eabi/14.3 rel1/arm-none-eabi/include/c++/14.3.1\cmath ****   // DR 568.
2530:C:/Program Files (x86)/Arm GNU Toolchain arm-none-eabi/14.3 rel1/arm-none-eabi/include/c++/14.3.1\cmath ****   constexpr float
2531:C:/Program Files (x86)/Arm GNU Toolchain arm-none-eabi/14.3 rel1/arm-none-eabi/include/c++/14.3.1\cmath ****   log2(float __x)
2532:C:/Program Files (x86)/Arm GNU Toolchain arm-none-eabi/14.3 rel1/arm-none-eabi/include/c++/14.3.1\cmath ****   { return __builtin_log2f(__x); }
2533:C:/Program Files (x86)/Arm GNU Toolchain arm-none-eabi/14.3 rel1/arm-none-eabi/include/c++/14.3.1\cmath **** 
2534:C:/Program Files (x86)/Arm GNU Toolchain arm-none-eabi/14.3 rel1/arm-none-eabi/include/c++/14.3.1\cmath ****   constexpr long double
2535:C:/Program Files (x86)/Arm GNU Toolchain arm-none-eabi/14.3 rel1/arm-none-eabi/include/c++/14.3.1\cmath ****   log2(long double __x)
2536:C:/Program Files (x86)/Arm GNU Toolchain arm-none-eabi/14.3 rel1/arm-none-eabi/include/c++/14.3.1\cmath ****   { return __builtin_log2l(__x); }
2537:C:/Program Files (x86)/Arm GNU Toolchain arm-none-eabi/14.3 rel1/arm-none-eabi/include/c++/14.3.1\cmath **** #endif
2538:C:/Program Files (x86)/Arm GNU Toolchain arm-none-eabi/14.3 rel1/arm-none-eabi/include/c++/14.3.1\cmath **** 
2539:C:/Program Files (x86)/Arm GNU Toolchain arm-none-eabi/14.3 rel1/arm-none-eabi/include/c++/14.3.1\cmath **** #ifndef __CORRECT_ISO_CPP11_MATH_H_PROTO_INT
2540:C:/Program Files (x86)/Arm GNU Toolchain arm-none-eabi/14.3 rel1/arm-none-eabi/include/c++/14.3.1\cmath ****   template<typename _Tp>
2541:C:/Program Files (x86)/Arm GNU Toolchain arm-none-eabi/14.3 rel1/arm-none-eabi/include/c++/14.3.1\cmath ****     constexpr typename __gnu_cxx::__enable_if<__is_integer<_Tp>::__value, 
2542:C:/Program Files (x86)/Arm GNU Toolchain arm-none-eabi/14.3 rel1/arm-none-eabi/include/c++/14.3.1\cmath ****                                               double>::__type
2543:C:/Program Files (x86)/Arm GNU Toolchain arm-none-eabi/14.3 rel1/arm-none-eabi/include/c++/14.3.1\cmath ****     log2(_Tp __x)
2544:C:/Program Files (x86)/Arm GNU Toolchain arm-none-eabi/14.3 rel1/arm-none-eabi/include/c++/14.3.1\cmath ****     { return __builtin_log2(__x); }
2545:C:/Program Files (x86)/Arm GNU Toolchain arm-none-eabi/14.3 rel1/arm-none-eabi/include/c++/14.3.1\cmath **** #endif
2546:C:/Program Files (x86)/Arm GNU Toolchain arm-none-eabi/14.3 rel1/arm-none-eabi/include/c++/14.3.1\cmath **** 
2547:C:/Program Files (x86)/Arm GNU Toolchain arm-none-eabi/14.3 rel1/arm-none-eabi/include/c++/14.3.1\cmath **** #ifndef __CORRECT_ISO_CPP11_MATH_H_PROTO_FP
2548:C:/Program Files (x86)/Arm GNU Toolchain arm-none-eabi/14.3 rel1/arm-none-eabi/include/c++/14.3.1\cmath ****   constexpr float
2549:C:/Program Files (x86)/Arm GNU Toolchain arm-none-eabi/14.3 rel1/arm-none-eabi/include/c++/14.3.1\cmath ****   logb(float __x)
2550:C:/Program Files (x86)/Arm GNU Toolchain arm-none-eabi/14.3 rel1/arm-none-eabi/include/c++/14.3.1\cmath ****   { return __builtin_logbf(__x); }
2551:C:/Program Files (x86)/Arm GNU Toolchain arm-none-eabi/14.3 rel1/arm-none-eabi/include/c++/14.3.1\cmath **** 
2552:C:/Program Files (x86)/Arm GNU Toolchain arm-none-eabi/14.3 rel1/arm-none-eabi/include/c++/14.3.1\cmath ****   constexpr long double
2553:C:/Program Files (x86)/Arm GNU Toolchain arm-none-eabi/14.3 rel1/arm-none-eabi/include/c++/14.3.1\cmath ****   logb(long double __x)
2554:C:/Program Files (x86)/Arm GNU Toolchain arm-none-eabi/14.3 rel1/arm-none-eabi/include/c++/14.3.1\cmath ****   { return __builtin_logbl(__x); }
2555:C:/Program Files (x86)/Arm GNU Toolchain arm-none-eabi/14.3 rel1/arm-none-eabi/include/c++/14.3.1\cmath **** #endif
2556:C:/Program Files (x86)/Arm GNU Toolchain arm-none-eabi/14.3 rel1/arm-none-eabi/include/c++/14.3.1\cmath **** 
2557:C:/Program Files (x86)/Arm GNU Toolchain arm-none-eabi/14.3 rel1/arm-none-eabi/include/c++/14.3.1\cmath **** #ifndef __CORRECT_ISO_CPP11_MATH_H_PROTO_INT
2558:C:/Program Files (x86)/Arm GNU Toolchain arm-none-eabi/14.3 rel1/arm-none-eabi/include/c++/14.3.1\cmath ****   template<typename _Tp>
ARM GAS  C:\Users\Oliver\AppData\Local\Temp\ccb1Hde1.s 			page 89


2559:C:/Program Files (x86)/Arm GNU Toolchain arm-none-eabi/14.3 rel1/arm-none-eabi/include/c++/14.3.1\cmath ****     constexpr typename __gnu_cxx::__enable_if<__is_integer<_Tp>::__value, 
2560:C:/Program Files (x86)/Arm GNU Toolchain arm-none-eabi/14.3 rel1/arm-none-eabi/include/c++/14.3.1\cmath ****                                               double>::__type
2561:C:/Program Files (x86)/Arm GNU Toolchain arm-none-eabi/14.3 rel1/arm-none-eabi/include/c++/14.3.1\cmath ****     logb(_Tp __x)
2562:C:/Program Files (x86)/Arm GNU Toolchain arm-none-eabi/14.3 rel1/arm-none-eabi/include/c++/14.3.1\cmath ****     { return __builtin_logb(__x); }
2563:C:/Program Files (x86)/Arm GNU Toolchain arm-none-eabi/14.3 rel1/arm-none-eabi/include/c++/14.3.1\cmath **** #endif
2564:C:/Program Files (x86)/Arm GNU Toolchain arm-none-eabi/14.3 rel1/arm-none-eabi/include/c++/14.3.1\cmath **** 
2565:C:/Program Files (x86)/Arm GNU Toolchain arm-none-eabi/14.3 rel1/arm-none-eabi/include/c++/14.3.1\cmath **** #ifndef __CORRECT_ISO_CPP11_MATH_H_PROTO_FP
2566:C:/Program Files (x86)/Arm GNU Toolchain arm-none-eabi/14.3 rel1/arm-none-eabi/include/c++/14.3.1\cmath ****   constexpr long
2567:C:/Program Files (x86)/Arm GNU Toolchain arm-none-eabi/14.3 rel1/arm-none-eabi/include/c++/14.3.1\cmath ****   lrint(float __x)
2568:C:/Program Files (x86)/Arm GNU Toolchain arm-none-eabi/14.3 rel1/arm-none-eabi/include/c++/14.3.1\cmath ****   { return __builtin_lrintf(__x); }
2569:C:/Program Files (x86)/Arm GNU Toolchain arm-none-eabi/14.3 rel1/arm-none-eabi/include/c++/14.3.1\cmath **** 
2570:C:/Program Files (x86)/Arm GNU Toolchain arm-none-eabi/14.3 rel1/arm-none-eabi/include/c++/14.3.1\cmath ****   constexpr long
2571:C:/Program Files (x86)/Arm GNU Toolchain arm-none-eabi/14.3 rel1/arm-none-eabi/include/c++/14.3.1\cmath ****   lrint(long double __x)
2572:C:/Program Files (x86)/Arm GNU Toolchain arm-none-eabi/14.3 rel1/arm-none-eabi/include/c++/14.3.1\cmath ****   { return __builtin_lrintl(__x); }
2573:C:/Program Files (x86)/Arm GNU Toolchain arm-none-eabi/14.3 rel1/arm-none-eabi/include/c++/14.3.1\cmath **** #endif
2574:C:/Program Files (x86)/Arm GNU Toolchain arm-none-eabi/14.3 rel1/arm-none-eabi/include/c++/14.3.1\cmath **** 
2575:C:/Program Files (x86)/Arm GNU Toolchain arm-none-eabi/14.3 rel1/arm-none-eabi/include/c++/14.3.1\cmath **** #ifndef __CORRECT_ISO_CPP11_MATH_H_PROTO_INT
2576:C:/Program Files (x86)/Arm GNU Toolchain arm-none-eabi/14.3 rel1/arm-none-eabi/include/c++/14.3.1\cmath ****   template<typename _Tp>
2577:C:/Program Files (x86)/Arm GNU Toolchain arm-none-eabi/14.3 rel1/arm-none-eabi/include/c++/14.3.1\cmath ****     constexpr typename __gnu_cxx::__enable_if<__is_integer<_Tp>::__value, 
2578:C:/Program Files (x86)/Arm GNU Toolchain arm-none-eabi/14.3 rel1/arm-none-eabi/include/c++/14.3.1\cmath ****                                               long>::__type
2579:C:/Program Files (x86)/Arm GNU Toolchain arm-none-eabi/14.3 rel1/arm-none-eabi/include/c++/14.3.1\cmath ****     lrint(_Tp __x)
2580:C:/Program Files (x86)/Arm GNU Toolchain arm-none-eabi/14.3 rel1/arm-none-eabi/include/c++/14.3.1\cmath ****     { return __builtin_lrint(__x); }
2581:C:/Program Files (x86)/Arm GNU Toolchain arm-none-eabi/14.3 rel1/arm-none-eabi/include/c++/14.3.1\cmath **** #endif
2582:C:/Program Files (x86)/Arm GNU Toolchain arm-none-eabi/14.3 rel1/arm-none-eabi/include/c++/14.3.1\cmath **** 
2583:C:/Program Files (x86)/Arm GNU Toolchain arm-none-eabi/14.3 rel1/arm-none-eabi/include/c++/14.3.1\cmath **** #ifndef __CORRECT_ISO_CPP11_MATH_H_PROTO_FP
2584:C:/Program Files (x86)/Arm GNU Toolchain arm-none-eabi/14.3 rel1/arm-none-eabi/include/c++/14.3.1\cmath ****   constexpr long
2585:C:/Program Files (x86)/Arm GNU Toolchain arm-none-eabi/14.3 rel1/arm-none-eabi/include/c++/14.3.1\cmath ****   lround(float __x)
2586:C:/Program Files (x86)/Arm GNU Toolchain arm-none-eabi/14.3 rel1/arm-none-eabi/include/c++/14.3.1\cmath ****   { return __builtin_lroundf(__x); }
2587:C:/Program Files (x86)/Arm GNU Toolchain arm-none-eabi/14.3 rel1/arm-none-eabi/include/c++/14.3.1\cmath **** 
2588:C:/Program Files (x86)/Arm GNU Toolchain arm-none-eabi/14.3 rel1/arm-none-eabi/include/c++/14.3.1\cmath ****   constexpr long
2589:C:/Program Files (x86)/Arm GNU Toolchain arm-none-eabi/14.3 rel1/arm-none-eabi/include/c++/14.3.1\cmath ****   lround(long double __x)
2590:C:/Program Files (x86)/Arm GNU Toolchain arm-none-eabi/14.3 rel1/arm-none-eabi/include/c++/14.3.1\cmath ****   { return __builtin_lroundl(__x); }
2591:C:/Program Files (x86)/Arm GNU Toolchain arm-none-eabi/14.3 rel1/arm-none-eabi/include/c++/14.3.1\cmath **** #endif
2592:C:/Program Files (x86)/Arm GNU Toolchain arm-none-eabi/14.3 rel1/arm-none-eabi/include/c++/14.3.1\cmath **** 
2593:C:/Program Files (x86)/Arm GNU Toolchain arm-none-eabi/14.3 rel1/arm-none-eabi/include/c++/14.3.1\cmath **** #ifndef __CORRECT_ISO_CPP11_MATH_H_PROTO_INT
2594:C:/Program Files (x86)/Arm GNU Toolchain arm-none-eabi/14.3 rel1/arm-none-eabi/include/c++/14.3.1\cmath ****   template<typename _Tp>
2595:C:/Program Files (x86)/Arm GNU Toolchain arm-none-eabi/14.3 rel1/arm-none-eabi/include/c++/14.3.1\cmath ****     constexpr typename __gnu_cxx::__enable_if<__is_integer<_Tp>::__value, 
2596:C:/Program Files (x86)/Arm GNU Toolchain arm-none-eabi/14.3 rel1/arm-none-eabi/include/c++/14.3.1\cmath ****                                               long>::__type
2597:C:/Program Files (x86)/Arm GNU Toolchain arm-none-eabi/14.3 rel1/arm-none-eabi/include/c++/14.3.1\cmath ****     lround(_Tp __x)
2598:C:/Program Files (x86)/Arm GNU Toolchain arm-none-eabi/14.3 rel1/arm-none-eabi/include/c++/14.3.1\cmath ****     { return __builtin_lround(__x); }
2599:C:/Program Files (x86)/Arm GNU Toolchain arm-none-eabi/14.3 rel1/arm-none-eabi/include/c++/14.3.1\cmath **** #endif
2600:C:/Program Files (x86)/Arm GNU Toolchain arm-none-eabi/14.3 rel1/arm-none-eabi/include/c++/14.3.1\cmath **** 
2601:C:/Program Files (x86)/Arm GNU Toolchain arm-none-eabi/14.3 rel1/arm-none-eabi/include/c++/14.3.1\cmath **** #ifndef __CORRECT_ISO_CPP11_MATH_H_PROTO_FP
2602:C:/Program Files (x86)/Arm GNU Toolchain arm-none-eabi/14.3 rel1/arm-none-eabi/include/c++/14.3.1\cmath ****   constexpr float
2603:C:/Program Files (x86)/Arm GNU Toolchain arm-none-eabi/14.3 rel1/arm-none-eabi/include/c++/14.3.1\cmath ****   nearbyint(float __x)
2604:C:/Program Files (x86)/Arm GNU Toolchain arm-none-eabi/14.3 rel1/arm-none-eabi/include/c++/14.3.1\cmath ****   { return __builtin_nearbyintf(__x); }
2605:C:/Program Files (x86)/Arm GNU Toolchain arm-none-eabi/14.3 rel1/arm-none-eabi/include/c++/14.3.1\cmath **** 
2606:C:/Program Files (x86)/Arm GNU Toolchain arm-none-eabi/14.3 rel1/arm-none-eabi/include/c++/14.3.1\cmath ****   constexpr long double
2607:C:/Program Files (x86)/Arm GNU Toolchain arm-none-eabi/14.3 rel1/arm-none-eabi/include/c++/14.3.1\cmath ****   nearbyint(long double __x)
2608:C:/Program Files (x86)/Arm GNU Toolchain arm-none-eabi/14.3 rel1/arm-none-eabi/include/c++/14.3.1\cmath ****   { return __builtin_nearbyintl(__x); }
2609:C:/Program Files (x86)/Arm GNU Toolchain arm-none-eabi/14.3 rel1/arm-none-eabi/include/c++/14.3.1\cmath **** #endif
2610:C:/Program Files (x86)/Arm GNU Toolchain arm-none-eabi/14.3 rel1/arm-none-eabi/include/c++/14.3.1\cmath **** 
2611:C:/Program Files (x86)/Arm GNU Toolchain arm-none-eabi/14.3 rel1/arm-none-eabi/include/c++/14.3.1\cmath **** #ifndef __CORRECT_ISO_CPP11_MATH_H_PROTO_INT
2612:C:/Program Files (x86)/Arm GNU Toolchain arm-none-eabi/14.3 rel1/arm-none-eabi/include/c++/14.3.1\cmath ****   template<typename _Tp>
2613:C:/Program Files (x86)/Arm GNU Toolchain arm-none-eabi/14.3 rel1/arm-none-eabi/include/c++/14.3.1\cmath ****     constexpr typename __gnu_cxx::__enable_if<__is_integer<_Tp>::__value, 
2614:C:/Program Files (x86)/Arm GNU Toolchain arm-none-eabi/14.3 rel1/arm-none-eabi/include/c++/14.3.1\cmath ****                                               double>::__type
2615:C:/Program Files (x86)/Arm GNU Toolchain arm-none-eabi/14.3 rel1/arm-none-eabi/include/c++/14.3.1\cmath ****     nearbyint(_Tp __x)
ARM GAS  C:\Users\Oliver\AppData\Local\Temp\ccb1Hde1.s 			page 90


2616:C:/Program Files (x86)/Arm GNU Toolchain arm-none-eabi/14.3 rel1/arm-none-eabi/include/c++/14.3.1\cmath ****     { return __builtin_nearbyint(__x); }
2617:C:/Program Files (x86)/Arm GNU Toolchain arm-none-eabi/14.3 rel1/arm-none-eabi/include/c++/14.3.1\cmath **** #endif
2618:C:/Program Files (x86)/Arm GNU Toolchain arm-none-eabi/14.3 rel1/arm-none-eabi/include/c++/14.3.1\cmath **** 
2619:C:/Program Files (x86)/Arm GNU Toolchain arm-none-eabi/14.3 rel1/arm-none-eabi/include/c++/14.3.1\cmath **** #ifndef __CORRECT_ISO_CPP11_MATH_H_PROTO_FP
2620:C:/Program Files (x86)/Arm GNU Toolchain arm-none-eabi/14.3 rel1/arm-none-eabi/include/c++/14.3.1\cmath ****   constexpr float
2621:C:/Program Files (x86)/Arm GNU Toolchain arm-none-eabi/14.3 rel1/arm-none-eabi/include/c++/14.3.1\cmath ****   nextafter(float __x, float __y)
2622:C:/Program Files (x86)/Arm GNU Toolchain arm-none-eabi/14.3 rel1/arm-none-eabi/include/c++/14.3.1\cmath ****   { return __builtin_nextafterf(__x, __y); }
2623:C:/Program Files (x86)/Arm GNU Toolchain arm-none-eabi/14.3 rel1/arm-none-eabi/include/c++/14.3.1\cmath **** 
2624:C:/Program Files (x86)/Arm GNU Toolchain arm-none-eabi/14.3 rel1/arm-none-eabi/include/c++/14.3.1\cmath ****   constexpr long double
2625:C:/Program Files (x86)/Arm GNU Toolchain arm-none-eabi/14.3 rel1/arm-none-eabi/include/c++/14.3.1\cmath ****   nextafter(long double __x, long double __y)
2626:C:/Program Files (x86)/Arm GNU Toolchain arm-none-eabi/14.3 rel1/arm-none-eabi/include/c++/14.3.1\cmath ****   { return __builtin_nextafterl(__x, __y); }
2627:C:/Program Files (x86)/Arm GNU Toolchain arm-none-eabi/14.3 rel1/arm-none-eabi/include/c++/14.3.1\cmath **** #endif
2628:C:/Program Files (x86)/Arm GNU Toolchain arm-none-eabi/14.3 rel1/arm-none-eabi/include/c++/14.3.1\cmath **** 
2629:C:/Program Files (x86)/Arm GNU Toolchain arm-none-eabi/14.3 rel1/arm-none-eabi/include/c++/14.3.1\cmath **** #ifndef __CORRECT_ISO_CPP11_MATH_H_PROTO_FP
2630:C:/Program Files (x86)/Arm GNU Toolchain arm-none-eabi/14.3 rel1/arm-none-eabi/include/c++/14.3.1\cmath ****   constexpr float
2631:C:/Program Files (x86)/Arm GNU Toolchain arm-none-eabi/14.3 rel1/arm-none-eabi/include/c++/14.3.1\cmath ****   nexttoward(float __x, long double __y)
2632:C:/Program Files (x86)/Arm GNU Toolchain arm-none-eabi/14.3 rel1/arm-none-eabi/include/c++/14.3.1\cmath ****   { return __builtin_nexttowardf(__x, __y); }
2633:C:/Program Files (x86)/Arm GNU Toolchain arm-none-eabi/14.3 rel1/arm-none-eabi/include/c++/14.3.1\cmath **** 
2634:C:/Program Files (x86)/Arm GNU Toolchain arm-none-eabi/14.3 rel1/arm-none-eabi/include/c++/14.3.1\cmath ****   constexpr long double
2635:C:/Program Files (x86)/Arm GNU Toolchain arm-none-eabi/14.3 rel1/arm-none-eabi/include/c++/14.3.1\cmath ****   nexttoward(long double __x, long double __y)
2636:C:/Program Files (x86)/Arm GNU Toolchain arm-none-eabi/14.3 rel1/arm-none-eabi/include/c++/14.3.1\cmath ****   { return __builtin_nexttowardl(__x, __y); }
2637:C:/Program Files (x86)/Arm GNU Toolchain arm-none-eabi/14.3 rel1/arm-none-eabi/include/c++/14.3.1\cmath **** #endif
2638:C:/Program Files (x86)/Arm GNU Toolchain arm-none-eabi/14.3 rel1/arm-none-eabi/include/c++/14.3.1\cmath **** 
2639:C:/Program Files (x86)/Arm GNU Toolchain arm-none-eabi/14.3 rel1/arm-none-eabi/include/c++/14.3.1\cmath **** #ifndef __CORRECT_ISO_CPP11_MATH_H_PROTO_INT
2640:C:/Program Files (x86)/Arm GNU Toolchain arm-none-eabi/14.3 rel1/arm-none-eabi/include/c++/14.3.1\cmath ****   template<typename _Tp>
2641:C:/Program Files (x86)/Arm GNU Toolchain arm-none-eabi/14.3 rel1/arm-none-eabi/include/c++/14.3.1\cmath ****     constexpr typename __gnu_cxx::__enable_if<__is_integer<_Tp>::__value, 
2642:C:/Program Files (x86)/Arm GNU Toolchain arm-none-eabi/14.3 rel1/arm-none-eabi/include/c++/14.3.1\cmath ****                                               double>::__type
2643:C:/Program Files (x86)/Arm GNU Toolchain arm-none-eabi/14.3 rel1/arm-none-eabi/include/c++/14.3.1\cmath ****     nexttoward(_Tp __x, long double __y)
2644:C:/Program Files (x86)/Arm GNU Toolchain arm-none-eabi/14.3 rel1/arm-none-eabi/include/c++/14.3.1\cmath ****     { return __builtin_nexttoward(__x, __y); }
2645:C:/Program Files (x86)/Arm GNU Toolchain arm-none-eabi/14.3 rel1/arm-none-eabi/include/c++/14.3.1\cmath **** #endif
2646:C:/Program Files (x86)/Arm GNU Toolchain arm-none-eabi/14.3 rel1/arm-none-eabi/include/c++/14.3.1\cmath **** 
2647:C:/Program Files (x86)/Arm GNU Toolchain arm-none-eabi/14.3 rel1/arm-none-eabi/include/c++/14.3.1\cmath **** #ifndef __CORRECT_ISO_CPP11_MATH_H_PROTO_FP
2648:C:/Program Files (x86)/Arm GNU Toolchain arm-none-eabi/14.3 rel1/arm-none-eabi/include/c++/14.3.1\cmath ****   constexpr float
2649:C:/Program Files (x86)/Arm GNU Toolchain arm-none-eabi/14.3 rel1/arm-none-eabi/include/c++/14.3.1\cmath ****   remainder(float __x, float __y)
2650:C:/Program Files (x86)/Arm GNU Toolchain arm-none-eabi/14.3 rel1/arm-none-eabi/include/c++/14.3.1\cmath ****   { return __builtin_remainderf(__x, __y); }
2651:C:/Program Files (x86)/Arm GNU Toolchain arm-none-eabi/14.3 rel1/arm-none-eabi/include/c++/14.3.1\cmath **** 
2652:C:/Program Files (x86)/Arm GNU Toolchain arm-none-eabi/14.3 rel1/arm-none-eabi/include/c++/14.3.1\cmath ****   constexpr long double
2653:C:/Program Files (x86)/Arm GNU Toolchain arm-none-eabi/14.3 rel1/arm-none-eabi/include/c++/14.3.1\cmath ****   remainder(long double __x, long double __y)
2654:C:/Program Files (x86)/Arm GNU Toolchain arm-none-eabi/14.3 rel1/arm-none-eabi/include/c++/14.3.1\cmath ****   { return __builtin_remainderl(__x, __y); }
2655:C:/Program Files (x86)/Arm GNU Toolchain arm-none-eabi/14.3 rel1/arm-none-eabi/include/c++/14.3.1\cmath **** #endif
2656:C:/Program Files (x86)/Arm GNU Toolchain arm-none-eabi/14.3 rel1/arm-none-eabi/include/c++/14.3.1\cmath **** 
2657:C:/Program Files (x86)/Arm GNU Toolchain arm-none-eabi/14.3 rel1/arm-none-eabi/include/c++/14.3.1\cmath **** #ifndef __CORRECT_ISO_CPP11_MATH_H_PROTO_FP
2658:C:/Program Files (x86)/Arm GNU Toolchain arm-none-eabi/14.3 rel1/arm-none-eabi/include/c++/14.3.1\cmath ****   inline float
2659:C:/Program Files (x86)/Arm GNU Toolchain arm-none-eabi/14.3 rel1/arm-none-eabi/include/c++/14.3.1\cmath ****   remquo(float __x, float __y, int* __pquo)
2660:C:/Program Files (x86)/Arm GNU Toolchain arm-none-eabi/14.3 rel1/arm-none-eabi/include/c++/14.3.1\cmath ****   { return __builtin_remquof(__x, __y, __pquo); }
2661:C:/Program Files (x86)/Arm GNU Toolchain arm-none-eabi/14.3 rel1/arm-none-eabi/include/c++/14.3.1\cmath **** 
2662:C:/Program Files (x86)/Arm GNU Toolchain arm-none-eabi/14.3 rel1/arm-none-eabi/include/c++/14.3.1\cmath ****   inline long double
2663:C:/Program Files (x86)/Arm GNU Toolchain arm-none-eabi/14.3 rel1/arm-none-eabi/include/c++/14.3.1\cmath ****   remquo(long double __x, long double __y, int* __pquo)
2664:C:/Program Files (x86)/Arm GNU Toolchain arm-none-eabi/14.3 rel1/arm-none-eabi/include/c++/14.3.1\cmath ****   { return __builtin_remquol(__x, __y, __pquo); }
2665:C:/Program Files (x86)/Arm GNU Toolchain arm-none-eabi/14.3 rel1/arm-none-eabi/include/c++/14.3.1\cmath **** #endif
2666:C:/Program Files (x86)/Arm GNU Toolchain arm-none-eabi/14.3 rel1/arm-none-eabi/include/c++/14.3.1\cmath **** 
2667:C:/Program Files (x86)/Arm GNU Toolchain arm-none-eabi/14.3 rel1/arm-none-eabi/include/c++/14.3.1\cmath **** #ifndef __CORRECT_ISO_CPP11_MATH_H_PROTO_FP
2668:C:/Program Files (x86)/Arm GNU Toolchain arm-none-eabi/14.3 rel1/arm-none-eabi/include/c++/14.3.1\cmath ****   constexpr float
2669:C:/Program Files (x86)/Arm GNU Toolchain arm-none-eabi/14.3 rel1/arm-none-eabi/include/c++/14.3.1\cmath ****   rint(float __x)
2670:C:/Program Files (x86)/Arm GNU Toolchain arm-none-eabi/14.3 rel1/arm-none-eabi/include/c++/14.3.1\cmath ****   { return __builtin_rintf(__x); }
2671:C:/Program Files (x86)/Arm GNU Toolchain arm-none-eabi/14.3 rel1/arm-none-eabi/include/c++/14.3.1\cmath **** 
2672:C:/Program Files (x86)/Arm GNU Toolchain arm-none-eabi/14.3 rel1/arm-none-eabi/include/c++/14.3.1\cmath ****   constexpr long double
ARM GAS  C:\Users\Oliver\AppData\Local\Temp\ccb1Hde1.s 			page 91


2673:C:/Program Files (x86)/Arm GNU Toolchain arm-none-eabi/14.3 rel1/arm-none-eabi/include/c++/14.3.1\cmath ****   rint(long double __x)
2674:C:/Program Files (x86)/Arm GNU Toolchain arm-none-eabi/14.3 rel1/arm-none-eabi/include/c++/14.3.1\cmath ****   { return __builtin_rintl(__x); }
2675:C:/Program Files (x86)/Arm GNU Toolchain arm-none-eabi/14.3 rel1/arm-none-eabi/include/c++/14.3.1\cmath **** #endif
2676:C:/Program Files (x86)/Arm GNU Toolchain arm-none-eabi/14.3 rel1/arm-none-eabi/include/c++/14.3.1\cmath **** 
2677:C:/Program Files (x86)/Arm GNU Toolchain arm-none-eabi/14.3 rel1/arm-none-eabi/include/c++/14.3.1\cmath **** #ifndef __CORRECT_ISO_CPP11_MATH_H_PROTO_INT
2678:C:/Program Files (x86)/Arm GNU Toolchain arm-none-eabi/14.3 rel1/arm-none-eabi/include/c++/14.3.1\cmath ****   template<typename _Tp>
2679:C:/Program Files (x86)/Arm GNU Toolchain arm-none-eabi/14.3 rel1/arm-none-eabi/include/c++/14.3.1\cmath ****     constexpr typename __gnu_cxx::__enable_if<__is_integer<_Tp>::__value, 
2680:C:/Program Files (x86)/Arm GNU Toolchain arm-none-eabi/14.3 rel1/arm-none-eabi/include/c++/14.3.1\cmath ****                                               double>::__type
2681:C:/Program Files (x86)/Arm GNU Toolchain arm-none-eabi/14.3 rel1/arm-none-eabi/include/c++/14.3.1\cmath ****     rint(_Tp __x)
2682:C:/Program Files (x86)/Arm GNU Toolchain arm-none-eabi/14.3 rel1/arm-none-eabi/include/c++/14.3.1\cmath ****     { return __builtin_rint(__x); }
2683:C:/Program Files (x86)/Arm GNU Toolchain arm-none-eabi/14.3 rel1/arm-none-eabi/include/c++/14.3.1\cmath **** #endif
2684:C:/Program Files (x86)/Arm GNU Toolchain arm-none-eabi/14.3 rel1/arm-none-eabi/include/c++/14.3.1\cmath **** 
2685:C:/Program Files (x86)/Arm GNU Toolchain arm-none-eabi/14.3 rel1/arm-none-eabi/include/c++/14.3.1\cmath **** #ifndef __CORRECT_ISO_CPP11_MATH_H_PROTO_FP
2686:C:/Program Files (x86)/Arm GNU Toolchain arm-none-eabi/14.3 rel1/arm-none-eabi/include/c++/14.3.1\cmath ****   constexpr float
2687:C:/Program Files (x86)/Arm GNU Toolchain arm-none-eabi/14.3 rel1/arm-none-eabi/include/c++/14.3.1\cmath ****   round(float __x)
 986              		.loc 4 2687 3 is_stmt 1 view .LVU237
 987              	.LBB286:
2688:C:/Program Files (x86)/Arm GNU Toolchain arm-none-eabi/14.3 rel1/arm-none-eabi/include/c++/14.3.1\cmath ****   { return __builtin_roundf(__x); }
 988              		.loc 4 2688 5 view .LVU238
 989              	.LBE286:
 990              	.LBE285:
 991              	.LBB288:
 992              	.LBB289:
  25:dependencies/DaisySP/Source/Synthesis/oscillator.h ****     /** Choices for output waveforms, POLYBLEP are appropriately labeled. Others are naive forms.
  26:dependencies/DaisySP/Source/Synthesis/oscillator.h ****     */
  27:dependencies/DaisySP/Source/Synthesis/oscillator.h ****     enum
  28:dependencies/DaisySP/Source/Synthesis/oscillator.h ****     {
  29:dependencies/DaisySP/Source/Synthesis/oscillator.h ****         WAVE_SIN,
  30:dependencies/DaisySP/Source/Synthesis/oscillator.h ****         WAVE_TRI,
  31:dependencies/DaisySP/Source/Synthesis/oscillator.h ****         WAVE_SAW,
  32:dependencies/DaisySP/Source/Synthesis/oscillator.h ****         WAVE_RAMP,
  33:dependencies/DaisySP/Source/Synthesis/oscillator.h ****         WAVE_SQUARE,
  34:dependencies/DaisySP/Source/Synthesis/oscillator.h ****         WAVE_POLYBLEP_TRI,
  35:dependencies/DaisySP/Source/Synthesis/oscillator.h ****         WAVE_POLYBLEP_SAW,
  36:dependencies/DaisySP/Source/Synthesis/oscillator.h ****         WAVE_POLYBLEP_SQUARE,
  37:dependencies/DaisySP/Source/Synthesis/oscillator.h ****         WAVE_LAST,
  38:dependencies/DaisySP/Source/Synthesis/oscillator.h ****     };
  39:dependencies/DaisySP/Source/Synthesis/oscillator.h **** 
  40:dependencies/DaisySP/Source/Synthesis/oscillator.h **** 
  41:dependencies/DaisySP/Source/Synthesis/oscillator.h ****     /** Initializes the Oscillator
  42:dependencies/DaisySP/Source/Synthesis/oscillator.h **** 
  43:dependencies/DaisySP/Source/Synthesis/oscillator.h ****         \param sample_rate - sample rate of the audio engine being run, and the frequency that the 
  44:dependencies/DaisySP/Source/Synthesis/oscillator.h **** 
  45:dependencies/DaisySP/Source/Synthesis/oscillator.h ****         Defaults:
  46:dependencies/DaisySP/Source/Synthesis/oscillator.h ****         - freq_ = 100 Hz
  47:dependencies/DaisySP/Source/Synthesis/oscillator.h ****         - amp_ = 0.5
  48:dependencies/DaisySP/Source/Synthesis/oscillator.h ****         - waveform_ = sine wave.
  49:dependencies/DaisySP/Source/Synthesis/oscillator.h ****     */
  50:dependencies/DaisySP/Source/Synthesis/oscillator.h ****     void Init(float sample_rate)
  51:dependencies/DaisySP/Source/Synthesis/oscillator.h ****     {
  52:dependencies/DaisySP/Source/Synthesis/oscillator.h ****         sr_        = sample_rate;
  53:dependencies/DaisySP/Source/Synthesis/oscillator.h ****         sr_recip_  = 1.0f / sample_rate;
  54:dependencies/DaisySP/Source/Synthesis/oscillator.h ****         freq_      = 100.0f;
  55:dependencies/DaisySP/Source/Synthesis/oscillator.h ****         amp_       = 0.5f;
  56:dependencies/DaisySP/Source/Synthesis/oscillator.h ****         pw_        = 0.5f;
  57:dependencies/DaisySP/Source/Synthesis/oscillator.h ****         phase_     = 0.0f;
  58:dependencies/DaisySP/Source/Synthesis/oscillator.h ****         phase_inc_ = CalcPhaseInc(freq_);
ARM GAS  C:\Users\Oliver\AppData\Local\Temp\ccb1Hde1.s 			page 92


  59:dependencies/DaisySP/Source/Synthesis/oscillator.h ****         waveform_  = WAVE_SIN;
  60:dependencies/DaisySP/Source/Synthesis/oscillator.h ****         eoc_       = true;
  61:dependencies/DaisySP/Source/Synthesis/oscillator.h ****         eor_       = true;
  62:dependencies/DaisySP/Source/Synthesis/oscillator.h ****     }
  63:dependencies/DaisySP/Source/Synthesis/oscillator.h **** 
  64:dependencies/DaisySP/Source/Synthesis/oscillator.h **** 
  65:dependencies/DaisySP/Source/Synthesis/oscillator.h ****     /** Changes the frequency of the Oscillator, and recalculates phase increment.
  66:dependencies/DaisySP/Source/Synthesis/oscillator.h ****     */
  67:dependencies/DaisySP/Source/Synthesis/oscillator.h ****     inline void SetFreq(const float f)
  68:dependencies/DaisySP/Source/Synthesis/oscillator.h ****     {
  69:dependencies/DaisySP/Source/Synthesis/oscillator.h ****         freq_      = f;
 993              		.loc 2 69 20 is_stmt 0 view .LVU239
 994 003a 84ED3B8A 		vstr.32	s16, [r4, #236]
  70:dependencies/DaisySP/Source/Synthesis/oscillator.h ****         phase_inc_ = CalcPhaseInc(f);
 995              		.loc 2 70 34 view .LVU240
 996 003e B0EE480A 		vmov.f32	s0, s16
 997              	.LVL83:
 998              		.loc 2 70 34 view .LVU241
 999 0042 04F1E400 		add	r0, r4, #228
 1000              	.LBE289:
 1001              	.LBE288:
 1002              	.LBB292:
 1003              	.LBB287:
 1004              		.loc 4 2688 28 view .LVU242
 1005 0046 B8FE678A 		vrinta.f32	s16, s15
 1006              	.LVL84:
 1007              		.loc 4 2688 28 view .LVU243
 1008              	.LBE287:
 1009              	.LBE292:
  97:effects/motorwaheffect.cpp ****         lfo_.SetWaveform(static_cast<uint8_t>(waveform));
 1010              		.loc 1 97 9 is_stmt 1 view .LVU244
 1011              	.LBB293:
 1012              	.LBI288:
  67:dependencies/DaisySP/Source/Synthesis/oscillator.h ****     {
 1013              		.loc 2 67 17 view .LVU245
 1014              	.LBB290:
  69:dependencies/DaisySP/Source/Synthesis/oscillator.h ****         phase_inc_ = CalcPhaseInc(f);
 1015              		.loc 2 69 9 view .LVU246
 1016              		.loc 2 70 9 view .LVU247
 1017              		.loc 2 70 34 is_stmt 0 view .LVU248
 1018 004a FFF7FEFF 		bl	_ZN7daisysp10Oscillator12CalcPhaseIncEf
 1019              	.LVL85:
 1020              		.loc 2 70 34 view .LVU249
 1021              	.LBE290:
 1022              	.LBE293:
  95:effects/motorwaheffect.cpp **** 
 1023              		.loc 1 95 79 discriminator 3 view .LVU250
 1024 004e FDEEC87A 		vcvt.s32.f32	s15, s16
 1025              	.LBB294:
 1026              	.LBB291:
 1027              		.loc 2 70 20 discriminator 1 view .LVU251
 1028 0052 84ED400A 		vstr.32	s0, [r4, #256]
 1029              	.LVL86:
 1030              		.loc 2 70 20 discriminator 1 view .LVU252
 1031              	.LBE291:
 1032              	.LBE294:
  98:effects/motorwaheffect.cpp ****     }
ARM GAS  C:\Users\Oliver\AppData\Local\Temp\ccb1Hde1.s 			page 93


 1033              		.loc 1 98 9 is_stmt 1 view .LVU253
  95:effects/motorwaheffect.cpp **** 
 1034              		.loc 1 95 79 is_stmt 0 discriminator 3 view .LVU254
 1035 0056 CDED017A 		vstr.32	s15, [sp, #4]	@ int
  98:effects/motorwaheffect.cpp ****     }
 1036              		.loc 1 98 25 view .LVU255
 1037 005a 9DF80430 		ldrb	r3, [sp, #4]	@ zero_extendqisi2
 1038              	.LVL87:
 1039              	.LBB295:
 1040              	.LBI295:
  71:dependencies/DaisySP/Source/Synthesis/oscillator.h ****     }
  72:dependencies/DaisySP/Source/Synthesis/oscillator.h **** 
  73:dependencies/DaisySP/Source/Synthesis/oscillator.h **** 
  74:dependencies/DaisySP/Source/Synthesis/oscillator.h ****     /** Sets the amplitude of the waveform.
  75:dependencies/DaisySP/Source/Synthesis/oscillator.h ****     */
  76:dependencies/DaisySP/Source/Synthesis/oscillator.h ****     inline void SetAmp(const float a) { amp_ = a; }
  77:dependencies/DaisySP/Source/Synthesis/oscillator.h ****     /** Sets the waveform to be synthesized by the Process() function.
  78:dependencies/DaisySP/Source/Synthesis/oscillator.h ****     */
  79:dependencies/DaisySP/Source/Synthesis/oscillator.h ****     inline void SetWaveform(const uint8_t wf)
 1041              		.loc 2 79 17 is_stmt 1 view .LVU256
 1042              	.LBB296:
  80:dependencies/DaisySP/Source/Synthesis/oscillator.h ****     {
  81:dependencies/DaisySP/Source/Synthesis/oscillator.h ****         waveform_ = wf < WAVE_LAST ? wf : WAVE_SIN;
 1043              		.loc 2 81 9 view .LVU257
 1044              		.loc 2 81 19 is_stmt 0 discriminator 2 view .LVU258
 1045 005e 082B     		cmp	r3, #8
 1046 0060 28BF     		it	cs
 1047 0062 0023     		movcs	r3, #0
 1048              	.LVL88:
 1049              		.loc 2 81 19 discriminator 4 view .LVU259
 1050 0064 84F8E430 		strb	r3, [r4, #228]
 1051              	.LVL89:
  82:dependencies/DaisySP/Source/Synthesis/oscillator.h ****     }
 1052              		.loc 2 82 5 view .LVU260
 1053 0068 D4E7     		b	.L56
 1054              	.LBE296:
 1055              	.LBE295:
 1056              	.LBE283:
 1057              	.LBE300:
 1058              		.cfi_endproc
 1059              	.LFE6894:
 1061 006a 00BF     		.section	.rodata._ZN11perspective14MotorWahEffect4InitEf.str1.4,"aMS",%progbits,1
 1062              		.align	2
 1063              	.LC1:
 1064 0000 4B31204D 		.ascii	"K1 Mix\000"
 1064      697800
 1065 0007 00       		.align	2
 1066              	.LC2:
 1067 0008 4B322052 		.ascii	"K2 Resonance\000"
 1067      65736F6E 
 1067      616E6365 
 1067      00
 1068 0015 000000   		.align	2
 1069              	.LC3:
 1070 0018 4B332046 		.ascii	"K3 Frequency\000"
 1070      72657175 
 1070      656E6379 
ARM GAS  C:\Users\Oliver\AppData\Local\Temp\ccb1Hde1.s 			page 94


 1070      00
 1071 0025 000000   		.align	2
 1072              	.LC4:
 1073 0028 4B342052 		.ascii	"K4 Rate Hz\000"
 1073      61746520 
 1073      487A00
 1074 0033 00       		.align	2
 1075              	.LC5:
 1076 0034 4B352044 		.ascii	"K5 Depth\000"
 1076      65707468 
 1076      00
 1077 003d 000000   		.align	2
 1078              	.LC6:
 1079 0040 45322057 		.ascii	"E2 Wave\000"
 1079      61766500 
 1080              		.section	.text._ZN11perspective14MotorWahEffect4InitEf,"ax",%progbits
 1081              		.align	1
 1082              		.p2align 2,,3
 1083              		.global	_ZN11perspective14MotorWahEffect4InitEf
 1084              		.syntax unified
 1085              		.thumb
 1086              		.thumb_func
 1088              	_ZN11perspective14MotorWahEffect4InitEf:
 1089              	.LVL90:
 1090              	.LFB6891:
  25:effects/motorwaheffect.cpp ****     InitFilterState(sampleRate, 850.0f);
 1091              		.loc 1 25 45 is_stmt 1 view -0
 1092              		.cfi_startproc
 1093              		@ args = 0, pretend = 0, frame = 8
 1094              		@ frame_needed = 0, uses_anonymous_args = 0
  26:effects/motorwaheffect.cpp **** 
 1095              		.loc 1 26 5 view .LVU262
  25:effects/motorwaheffect.cpp ****     InitFilterState(sampleRate, 850.0f);
 1096              		.loc 1 25 45 is_stmt 0 view .LVU263
 1097 0000 2DE9F041 		push	{r4, r5, r6, r7, r8, lr}
 1098              		.cfi_def_cfa_offset 24
 1099              		.cfi_offset 4, -24
 1100              		.cfi_offset 5, -20
 1101              		.cfi_offset 6, -16
 1102              		.cfi_offset 7, -12
 1103              		.cfi_offset 8, -8
 1104              		.cfi_offset 14, -4
 1105 0004 0446     		mov	r4, r0
  26:effects/motorwaheffect.cpp **** 
 1106              		.loc 1 26 20 view .LVU264
 1107 0006 DFED7F0A 		vldr.32	s1, .L68
 1108              	.LBB333:
 1109              	.LBB334:
  59:dependencies/DaisySP/Source/Synthesis/oscillator.h ****         eoc_       = true;
 1110              		.loc 2 59 20 view .LVU265
 1111 000a 0026     		movs	r6, #0
 1112              	.LBE334:
 1113              	.LBE333:
  33:effects/motorwaheffect.cpp ****     AddParameter(new PotentiometerParameter("K2 Resonance", 0.0f, 1.0f, 0.9f, PotCurve::LIN, KNOB_2
 1114              		.loc 1 33 98 discriminator 1 view .LVU266
 1115 000c 6FF00105 		mvn	r5, #1
  28:effects/motorwaheffect.cpp ****     lfo_.SetAmp(1.0f);
ARM GAS  C:\Users\Oliver\AppData\Local\Temp\ccb1Hde1.s 			page 95


 1116              		.loc 1 28 14 view .LVU267
 1117 0010 04F1E407 		add	r7, r4, #228
  25:effects/motorwaheffect.cpp ****     InitFilterState(sampleRate, 850.0f);
 1118              		.loc 1 25 45 view .LVU268
 1119 0014 2DED048B 		vpush.64	{d8, d9}
 1120              		.cfi_def_cfa_offset 40
 1121              		.cfi_offset 80, -40
 1122              		.cfi_offset 81, -36
 1123              		.cfi_offset 82, -32
 1124              		.cfi_offset 83, -28
 1125              	.LBB340:
 1126              	.LBB335:
  53:dependencies/DaisySP/Source/Synthesis/oscillator.h ****         freq_      = 100.0f;
 1127              		.loc 2 53 27 view .LVU269
 1128 0018 F7EE008A 		vmov.f32	s17, #1.0e+0
 1129              	.LBE335:
 1130              	.LBE340:
  25:effects/motorwaheffect.cpp ****     InitFilterState(sampleRate, 850.0f);
 1131              		.loc 1 25 45 view .LVU270
 1132 001c 84B0     		sub	sp, sp, #16
 1133              		.cfi_def_cfa_offset 56
  26:effects/motorwaheffect.cpp **** 
 1134              		.loc 1 26 20 view .LVU271
 1135 001e FFF7FEFF 		bl	_ZN11perspective15AutowahV2Effect15InitFilterStateEff
 1136              	.LVL91:
  28:effects/motorwaheffect.cpp ****     lfo_.SetAmp(1.0f);
 1137              		.loc 1 28 5 is_stmt 1 view .LVU272
  28:effects/motorwaheffect.cpp ****     lfo_.SetAmp(1.0f);
 1138              		.loc 1 28 14 is_stmt 0 view .LVU273
 1139 0022 D4ED067A 		vldr.32	s15, [r4, #24]
 1140              	.LVL92:
 1141              	.LBB341:
 1142              	.LBI333:
  50:dependencies/DaisySP/Source/Synthesis/oscillator.h ****     {
 1143              		.loc 2 50 10 is_stmt 1 view .LVU274
 1144              	.LBB336:
  52:dependencies/DaisySP/Source/Synthesis/oscillator.h ****         sr_recip_  = 1.0f / sample_rate;
 1145              		.loc 2 52 9 view .LVU275
  57:dependencies/DaisySP/Source/Synthesis/oscillator.h ****         phase_inc_ = CalcPhaseInc(freq_);
 1146              		.loc 2 57 20 is_stmt 0 view .LVU276
 1147 0026 9FED788A 		vldr.32	s16, .L68+4
  55:dependencies/DaisySP/Source/Synthesis/oscillator.h ****         pw_        = 0.5f;
 1148              		.loc 2 55 20 view .LVU277
 1149 002a 4FF07C53 		mov	r3, #1056964608
  53:dependencies/DaisySP/Source/Synthesis/oscillator.h ****         freq_      = 100.0f;
 1150              		.loc 2 53 27 view .LVU278
 1151 002e 88EEA77A 		vdiv.f32	s14, s17, s15
  54:dependencies/DaisySP/Source/Synthesis/oscillator.h ****         amp_       = 0.5f;
 1152              		.loc 2 54 20 view .LVU279
 1153 0032 9FED760A 		vldr.32	s0, .L68+8
  58:dependencies/DaisySP/Source/Synthesis/oscillator.h ****         waveform_  = WAVE_SIN;
 1154              		.loc 2 58 34 view .LVU280
 1155 0036 3846     		mov	r0, r7
  52:dependencies/DaisySP/Source/Synthesis/oscillator.h ****         sr_recip_  = 1.0f / sample_rate;
 1156              		.loc 2 52 20 view .LVU281
 1157 0038 C4ED3D7A 		vstr.32	s15, [r4, #244]
  53:dependencies/DaisySP/Source/Synthesis/oscillator.h ****         freq_      = 100.0f;
ARM GAS  C:\Users\Oliver\AppData\Local\Temp\ccb1Hde1.s 			page 96


 1158              		.loc 2 53 9 is_stmt 1 view .LVU282
  55:dependencies/DaisySP/Source/Synthesis/oscillator.h ****         pw_        = 0.5f;
 1159              		.loc 2 55 20 is_stmt 0 view .LVU283
 1160 003c C4F8E830 		str	r3, [r4, #232]	@ float
  56:dependencies/DaisySP/Source/Synthesis/oscillator.h ****         phase_     = 0.0f;
 1161              		.loc 2 56 20 view .LVU284
 1162 0040 C4F8F030 		str	r3, [r4, #240]	@ float
  54:dependencies/DaisySP/Source/Synthesis/oscillator.h ****         amp_       = 0.5f;
 1163              		.loc 2 54 20 view .LVU285
 1164 0044 84ED3B0A 		vstr.32	s0, [r4, #236]
  57:dependencies/DaisySP/Source/Synthesis/oscillator.h ****         phase_inc_ = CalcPhaseInc(freq_);
 1165              		.loc 2 57 20 view .LVU286
 1166 0048 84ED3F8A 		vstr.32	s16, [r4, #252]
 1167              	.LBE336:
 1168              	.LBE341:
 1169              	.LBB342:
 1170              	.LBB343:
  69:dependencies/DaisySP/Source/Synthesis/oscillator.h ****         phase_inc_ = CalcPhaseInc(f);
 1171              		.loc 2 69 20 view .LVU287
 1172 004c 9FED709A 		vldr.32	s18, .L68+12
 1173              	.LBE343:
 1174              	.LBE342:
 1175              	.LBB348:
 1176              	.LBB337:
  53:dependencies/DaisySP/Source/Synthesis/oscillator.h ****         freq_      = 100.0f;
 1177              		.loc 2 53 20 view .LVU288
 1178 0050 84ED3E7A 		vstr.32	s14, [r4, #248]
  54:dependencies/DaisySP/Source/Synthesis/oscillator.h ****         amp_       = 0.5f;
 1179              		.loc 2 54 9 is_stmt 1 view .LVU289
  55:dependencies/DaisySP/Source/Synthesis/oscillator.h ****         pw_        = 0.5f;
 1180              		.loc 2 55 9 view .LVU290
  56:dependencies/DaisySP/Source/Synthesis/oscillator.h ****         phase_     = 0.0f;
 1181              		.loc 2 56 9 view .LVU291
  57:dependencies/DaisySP/Source/Synthesis/oscillator.h ****         phase_inc_ = CalcPhaseInc(freq_);
 1182              		.loc 2 57 9 view .LVU292
  58:dependencies/DaisySP/Source/Synthesis/oscillator.h ****         waveform_  = WAVE_SIN;
 1183              		.loc 2 58 9 view .LVU293
  58:dependencies/DaisySP/Source/Synthesis/oscillator.h ****         waveform_  = WAVE_SIN;
 1184              		.loc 2 58 34 is_stmt 0 view .LVU294
 1185 0054 FFF7FEFF 		bl	_ZN7daisysp10Oscillator12CalcPhaseIncEf
 1186              	.LVL93:
  58:dependencies/DaisySP/Source/Synthesis/oscillator.h ****         waveform_  = WAVE_SIN;
 1187              		.loc 2 58 34 view .LVU295
 1188 0058 F0EE407A 		vmov.f32	s15, s0
  61:dependencies/DaisySP/Source/Synthesis/oscillator.h ****     }
 1189              		.loc 2 61 20 view .LVU296
 1190 005c 40F20113 		movw	r3, #257
 1191              	.LBE337:
 1192              	.LBE348:
 1193              	.LBB349:
 1194              	.LBB344:
  70:dependencies/DaisySP/Source/Synthesis/oscillator.h ****     }
 1195              		.loc 2 70 34 view .LVU297
 1196 0060 3846     		mov	r0, r7
 1197              	.LBE344:
 1198              	.LBE349:
 1199              	.LBB350:
ARM GAS  C:\Users\Oliver\AppData\Local\Temp\ccb1Hde1.s 			page 97


 1200              	.LBB338:
  59:dependencies/DaisySP/Source/Synthesis/oscillator.h ****         eoc_       = true;
 1201              		.loc 2 59 20 view .LVU298
 1202 0062 84F8E460 		strb	r6, [r4, #228]
 1203              	.LBE338:
 1204              	.LBE350:
 1205              	.LBB351:
 1206              	.LBB345:
  70:dependencies/DaisySP/Source/Synthesis/oscillator.h ****     }
 1207              		.loc 2 70 34 view .LVU299
 1208 0066 B0EE490A 		vmov.f32	s0, s18
 1209              	.LBE345:
 1210              	.LBE351:
 1211              	.LBB352:
 1212              	.LBB339:
  58:dependencies/DaisySP/Source/Synthesis/oscillator.h ****         waveform_  = WAVE_SIN;
 1213              		.loc 2 58 20 discriminator 1 view .LVU300
 1214 006a C4ED407A 		vstr.32	s15, [r4, #256]
  59:dependencies/DaisySP/Source/Synthesis/oscillator.h ****         eoc_       = true;
 1215              		.loc 2 59 9 is_stmt 1 view .LVU301
  60:dependencies/DaisySP/Source/Synthesis/oscillator.h ****         eor_       = true;
 1216              		.loc 2 60 9 view .LVU302
  61:dependencies/DaisySP/Source/Synthesis/oscillator.h ****     }
 1217              		.loc 2 61 9 view .LVU303
  61:dependencies/DaisySP/Source/Synthesis/oscillator.h ****     }
 1218              		.loc 2 61 20 is_stmt 0 view .LVU304
 1219 006e A4F80C31 		strh	r3, [r4, #268]	@ movhi
 1220              	.LVL94:
  61:dependencies/DaisySP/Source/Synthesis/oscillator.h ****     }
 1221              		.loc 2 61 20 view .LVU305
 1222              	.LBE339:
 1223              	.LBE352:
  29:effects/motorwaheffect.cpp ****     lfo_.SetWaveform(Oscillator::WAVE_SIN);
 1224              		.loc 1 29 5 is_stmt 1 view .LVU306
 1225              	.LBB353:
 1226              	.LBI353:
  76:dependencies/DaisySP/Source/Synthesis/oscillator.h ****     /** Sets the waveform to be synthesized by the Process() function.
 1227              		.loc 2 76 17 view .LVU307
 1228              	.LBB354:
  76:dependencies/DaisySP/Source/Synthesis/oscillator.h ****     /** Sets the waveform to be synthesized by the Process() function.
 1229              		.loc 2 76 41 view .LVU308
  76:dependencies/DaisySP/Source/Synthesis/oscillator.h ****     /** Sets the waveform to be synthesized by the Process() function.
 1230              		.loc 2 76 46 is_stmt 0 view .LVU309
 1231 0072 C4ED3A8A 		vstr.32	s17, [r4, #232]
 1232              	.LVL95:
  76:dependencies/DaisySP/Source/Synthesis/oscillator.h ****     /** Sets the waveform to be synthesized by the Process() function.
 1233              		.loc 2 76 46 view .LVU310
 1234              	.LBE354:
 1235              	.LBE353:
  30:effects/motorwaheffect.cpp ****     lfo_.SetFreq(0.8f);
 1236              		.loc 1 30 5 is_stmt 1 view .LVU311
  31:effects/motorwaheffect.cpp **** 
 1237              		.loc 1 31 5 view .LVU312
 1238              	.LBB355:
 1239              	.LBI342:
  67:dependencies/DaisySP/Source/Synthesis/oscillator.h ****     {
 1240              		.loc 2 67 17 view .LVU313
ARM GAS  C:\Users\Oliver\AppData\Local\Temp\ccb1Hde1.s 			page 98


 1241              	.LBB346:
  69:dependencies/DaisySP/Source/Synthesis/oscillator.h ****         phase_inc_ = CalcPhaseInc(f);
 1242              		.loc 2 69 9 view .LVU314
  69:dependencies/DaisySP/Source/Synthesis/oscillator.h ****         phase_inc_ = CalcPhaseInc(f);
 1243              		.loc 2 69 20 is_stmt 0 view .LVU315
 1244 0076 84ED3B9A 		vstr.32	s18, [r4, #236]
  70:dependencies/DaisySP/Source/Synthesis/oscillator.h ****     }
 1245              		.loc 2 70 9 is_stmt 1 view .LVU316
  70:dependencies/DaisySP/Source/Synthesis/oscillator.h ****     }
 1246              		.loc 2 70 34 is_stmt 0 view .LVU317
 1247 007a FFF7FEFF 		bl	_ZN7daisysp10Oscillator12CalcPhaseIncEf
 1248              	.LVL96:
 1249              	.LBE346:
 1250              	.LBE355:
  33:effects/motorwaheffect.cpp ****     AddParameter(new PotentiometerParameter("K2 Resonance", 0.0f, 1.0f, 0.9f, PotCurve::LIN, KNOB_2
 1251              		.loc 1 33 98 view .LVU318
 1252 007e 3020     		movs	r0, #48
 1253              	.LBB356:
 1254              	.LBB347:
  70:dependencies/DaisySP/Source/Synthesis/oscillator.h ****     }
 1255              		.loc 2 70 20 discriminator 1 view .LVU319
 1256 0080 84ED400A 		vstr.32	s0, [r4, #256]
 1257              	.LVL97:
  70:dependencies/DaisySP/Source/Synthesis/oscillator.h ****     }
 1258              		.loc 2 70 20 discriminator 1 view .LVU320
 1259              	.LBE347:
 1260              	.LBE356:
  33:effects/motorwaheffect.cpp ****     AddParameter(new PotentiometerParameter("K2 Resonance", 0.0f, 1.0f, 0.9f, PotCurve::LIN, KNOB_2
 1261              		.loc 1 33 5 is_stmt 1 view .LVU321
  33:effects/motorwaheffect.cpp ****     AddParameter(new PotentiometerParameter("K2 Resonance", 0.0f, 1.0f, 0.9f, PotCurve::LIN, KNOB_2
 1262              		.loc 1 33 98 is_stmt 0 view .LVU322
 1263 0084 FFF7FEFF 		bl	_Znwj
 1264              	.LVL98:
 1265 0088 8046     		mov	r8, r0
  33:effects/motorwaheffect.cpp ****     AddParameter(new PotentiometerParameter("K2 Resonance", 0.0f, 1.0f, 0.9f, PotCurve::LIN, KNOB_2
 1266              		.loc 1 33 98 discriminator 1 view .LVU323
 1267 008a 3346     		mov	r3, r6
 1268 008c 3246     		mov	r2, r6
 1269 008e F0EE680A 		vmov.f32	s1, s17
 1270 0092 9FED601A 		vldr.32	s2, .L68+16
 1271 0096 B0EE480A 		vmov.f32	s0, s16
 1272 009a 5F49     		ldr	r1, .L68+20
 1273 009c 0095     		str	r5, [sp]
 1274 009e FFF7FEFF 		bl	_ZN11perspective22PotentiometerParameterC1EPKcfffNS_8PotCurveEii
 1275              	.LVL99:
  33:effects/motorwaheffect.cpp ****     AddParameter(new PotentiometerParameter("K2 Resonance", 0.0f, 1.0f, 0.9f, PotCurve::LIN, KNOB_2
 1276              		.loc 1 33 17 discriminator 2 view .LVU324
 1277 00a2 4146     		mov	r1, r8
 1278 00a4 2046     		mov	r0, r4
 1279 00a6 FFF7FEFF 		bl	_ZN11perspective6Effect12AddParameterEPNS_15EffectParameterE
 1280              	.LVL100:
  34:effects/motorwaheffect.cpp ****     AddParameter(new PotentiometerParameter("K3 Frequency", 250.0f, 2000.0f, 850.0f, PotCurve::LOG,
 1281              		.loc 1 34 5 is_stmt 1 view .LVU325
  34:effects/motorwaheffect.cpp ****     AddParameter(new PotentiometerParameter("K3 Frequency", 250.0f, 2000.0f, 850.0f, PotCurve::LOG,
 1282              		.loc 1 34 104 is_stmt 0 view .LVU326
 1283 00aa 3020     		movs	r0, #48
 1284 00ac FFF7FEFF 		bl	_Znwj
ARM GAS  C:\Users\Oliver\AppData\Local\Temp\ccb1Hde1.s 			page 99


 1285              	.LVL101:
 1286 00b0 8046     		mov	r8, r0
  34:effects/motorwaheffect.cpp ****     AddParameter(new PotentiometerParameter("K3 Frequency", 250.0f, 2000.0f, 850.0f, PotCurve::LOG,
 1287              		.loc 1 34 104 discriminator 1 view .LVU327
 1288 00b2 3246     		mov	r2, r6
 1289 00b4 F0EE680A 		vmov.f32	s1, s17
 1290 00b8 B0EE480A 		vmov.f32	s0, s16
 1291 00bc 9FED571A 		vldr.32	s2, .L68+24
 1292 00c0 0123     		movs	r3, #1
 1293 00c2 5749     		ldr	r1, .L68+28
 1294 00c4 0095     		str	r5, [sp]
 1295 00c6 FFF7FEFF 		bl	_ZN11perspective22PotentiometerParameterC1EPKcfffNS_8PotCurveEii
 1296              	.LVL102:
  34:effects/motorwaheffect.cpp ****     AddParameter(new PotentiometerParameter("K3 Frequency", 250.0f, 2000.0f, 850.0f, PotCurve::LOG,
 1297              		.loc 1 34 17 discriminator 2 view .LVU328
 1298 00ca 4146     		mov	r1, r8
 1299 00cc 2046     		mov	r0, r4
 1300 00ce FFF7FEFF 		bl	_ZN11perspective6Effect12AddParameterEPNS_15EffectParameterE
 1301              	.LVL103:
  35:effects/motorwaheffect.cpp ****     AddParameter(new PotentiometerParameter("K4 Rate Hz", 0.05f, 12.0f, 0.8f, PotCurve::LOG, KNOB_4
 1302              		.loc 1 35 5 is_stmt 1 view .LVU329
  35:effects/motorwaheffect.cpp ****     AddParameter(new PotentiometerParameter("K4 Rate Hz", 0.05f, 12.0f, 0.8f, PotCurve::LOG, KNOB_4
 1303              		.loc 1 35 111 is_stmt 0 view .LVU330
 1304 00d2 3020     		movs	r0, #48
 1305 00d4 FFF7FEFF 		bl	_Znwj
 1306              	.LVL104:
 1307 00d8 8046     		mov	r8, r0
  35:effects/motorwaheffect.cpp ****     AddParameter(new PotentiometerParameter("K4 Rate Hz", 0.05f, 12.0f, 0.8f, PotCurve::LOG, KNOB_4
 1308              		.loc 1 35 111 discriminator 1 view .LVU331
 1309 00da 9FED4A1A 		vldr.32	s2, .L68
 1310 00de 0223     		movs	r3, #2
 1311 00e0 DFED500A 		vldr.32	s1, .L68+32
 1312 00e4 0122     		movs	r2, #1
 1313 00e6 9FED500A 		vldr.32	s0, .L68+36
 1314 00ea 5049     		ldr	r1, .L68+40
 1315 00ec 0095     		str	r5, [sp]
 1316 00ee FFF7FEFF 		bl	_ZN11perspective22PotentiometerParameterC1EPKcfffNS_8PotCurveEii
 1317              	.LVL105:
  35:effects/motorwaheffect.cpp ****     AddParameter(new PotentiometerParameter("K4 Rate Hz", 0.05f, 12.0f, 0.8f, PotCurve::LOG, KNOB_4
 1318              		.loc 1 35 17 discriminator 2 view .LVU332
 1319 00f2 4146     		mov	r1, r8
 1320 00f4 2046     		mov	r0, r4
 1321 00f6 FFF7FEFF 		bl	_ZN11perspective6Effect12AddParameterEPNS_15EffectParameterE
 1322              	.LVL106:
  36:effects/motorwaheffect.cpp ****     AddParameter(new PotentiometerParameter("K5 Depth", 0.0f, 3000.0f, 1800.0f, PotCurve::LIN, KNOB
 1323              		.loc 1 36 5 is_stmt 1 view .LVU333
  36:effects/motorwaheffect.cpp ****     AddParameter(new PotentiometerParameter("K5 Depth", 0.0f, 3000.0f, 1800.0f, PotCurve::LIN, KNOB
 1324              		.loc 1 36 104 is_stmt 0 view .LVU334
 1325 00fa 3020     		movs	r0, #48
 1326 00fc FFF7FEFF 		bl	_Znwj
 1327              	.LVL107:
 1328 0100 8046     		mov	r8, r0
  36:effects/motorwaheffect.cpp ****     AddParameter(new PotentiometerParameter("K5 Depth", 0.0f, 3000.0f, 1800.0f, PotCurve::LIN, KNOB
 1329              		.loc 1 36 104 discriminator 1 view .LVU335
 1330 0102 F2EE080A 		vmov.f32	s1, #1.2e+1
 1331 0106 9FED4A0A 		vldr.32	s0, .L68+44
 1332 010a B0EE491A 		vmov.f32	s2, s18
ARM GAS  C:\Users\Oliver\AppData\Local\Temp\ccb1Hde1.s 			page 100


 1333 010e 0323     		movs	r3, #3
 1334 0110 0122     		movs	r2, #1
 1335 0112 4849     		ldr	r1, .L68+48
 1336 0114 0095     		str	r5, [sp]
 1337 0116 FFF7FEFF 		bl	_ZN11perspective22PotentiometerParameterC1EPKcfffNS_8PotCurveEii
 1338              	.LVL108:
  36:effects/motorwaheffect.cpp ****     AddParameter(new PotentiometerParameter("K5 Depth", 0.0f, 3000.0f, 1800.0f, PotCurve::LIN, KNOB
 1339              		.loc 1 36 17 discriminator 2 view .LVU336
 1340 011a 4146     		mov	r1, r8
 1341 011c 2046     		mov	r0, r4
 1342 011e FFF7FEFF 		bl	_ZN11perspective6Effect12AddParameterEPNS_15EffectParameterE
 1343              	.LVL109:
  37:effects/motorwaheffect.cpp ****     AddParameter(new EncoderParameter("E2 Wave", 0.0f, static_cast<float>(Oscillator::WAVE_LAST - 1
 1344              		.loc 1 37 5 is_stmt 1 view .LVU337
  37:effects/motorwaheffect.cpp ****     AddParameter(new EncoderParameter("E2 Wave", 0.0f, static_cast<float>(Oscillator::WAVE_LAST - 1
 1345              		.loc 1 37 106 is_stmt 0 view .LVU338
 1346 0122 3020     		movs	r0, #48
 1347 0124 FFF7FEFF 		bl	_Znwj
 1348              	.LVL110:
  37:effects/motorwaheffect.cpp ****     AddParameter(new EncoderParameter("E2 Wave", 0.0f, static_cast<float>(Oscillator::WAVE_LAST - 1
 1349              		.loc 1 37 106 discriminator 1 view .LVU339
 1350 0128 3246     		mov	r2, r6
  37:effects/motorwaheffect.cpp ****     AddParameter(new EncoderParameter("E2 Wave", 0.0f, static_cast<float>(Oscillator::WAVE_LAST - 1
 1351              		.loc 1 37 106 view .LVU340
 1352 012a 0646     		mov	r6, r0
  37:effects/motorwaheffect.cpp ****     AddParameter(new EncoderParameter("E2 Wave", 0.0f, static_cast<float>(Oscillator::WAVE_LAST - 1
 1353              		.loc 1 37 106 discriminator 1 view .LVU341
 1354 012c B0EE480A 		vmov.f32	s0, s16
 1355 0130 9FED411A 		vldr.32	s2, .L68+52
 1356 0134 0423     		movs	r3, #4
 1357 0136 DFED410A 		vldr.32	s1, .L68+56
 1358 013a 4149     		ldr	r1, .L68+60
 1359 013c 0095     		str	r5, [sp]
 1360 013e FFF7FEFF 		bl	_ZN11perspective22PotentiometerParameterC1EPKcfffNS_8PotCurveEii
 1361              	.LVL111:
  37:effects/motorwaheffect.cpp ****     AddParameter(new EncoderParameter("E2 Wave", 0.0f, static_cast<float>(Oscillator::WAVE_LAST - 1
 1362              		.loc 1 37 17 discriminator 2 view .LVU342
 1363 0142 3146     		mov	r1, r6
 1364 0144 2046     		mov	r0, r4
 1365 0146 FFF7FEFF 		bl	_ZN11perspective6Effect12AddParameterEPNS_15EffectParameterE
 1366              	.LVL112:
  38:effects/motorwaheffect.cpp ****     parameters_.back()->SetDisplayType(DisplayType::DISCRETE);
 1367              		.loc 1 38 5 is_stmt 1 view .LVU343
  38:effects/motorwaheffect.cpp ****     parameters_.back()->SetDisplayType(DisplayType::DISCRETE);
 1368              		.loc 1 38 128 is_stmt 0 view .LVU344
 1369 014a 3820     		movs	r0, #56
 1370 014c FFF7FEFF 		bl	_Znwj
 1371              	.LVL113:
  38:effects/motorwaheffect.cpp ****     parameters_.back()->SetDisplayType(DisplayType::DISCRETE);
 1372              		.loc 1 38 128 discriminator 1 view .LVU345
 1373 0150 2B46     		mov	r3, r5
  38:effects/motorwaheffect.cpp ****     parameters_.back()->SetDisplayType(DisplayType::DISCRETE);
 1374              		.loc 1 38 128 view .LVU346
 1375 0152 0546     		mov	r5, r0
  38:effects/motorwaheffect.cpp ****     parameters_.back()->SetDisplayType(DisplayType::DISCRETE);
 1376              		.loc 1 38 128 discriminator 1 view .LVU347
 1377 0154 F1EE0C0A 		vmov.f32	s1, #7.0e+0
ARM GAS  C:\Users\Oliver\AppData\Local\Temp\ccb1Hde1.s 			page 101


 1378 0158 F0EE681A 		vmov.f32	s3, s17
 1379 015c 0122     		movs	r2, #1
 1380 015e B0EE481A 		vmov.f32	s2, s16
 1381 0162 3849     		ldr	r1, .L68+64
 1382 0164 B0EE480A 		vmov.f32	s0, s16
 1383 0168 FFF7FEFF 		bl	_ZN11perspective16EncoderParameterC1EPKcffffii
 1384              	.LVL114:
  38:effects/motorwaheffect.cpp ****     parameters_.back()->SetDisplayType(DisplayType::DISCRETE);
 1385              		.loc 1 38 17 discriminator 2 view .LVU348
 1386 016c 2946     		mov	r1, r5
 1387 016e 2046     		mov	r0, r4
 1388 0170 FFF7FEFF 		bl	_ZN11perspective6Effect12AddParameterEPNS_15EffectParameterE
 1389              	.LVL115:
  39:effects/motorwaheffect.cpp ****     parameters_.back()->SetDiscreteValues(lfoWaveShapes, 8);
 1390              		.loc 1 39 5 is_stmt 1 view .LVU349
 1391              	.LBB357:
 1392              	.LBI357:
1142:C:/Program Files (x86)/Arm GNU Toolchain arm-none-eabi/14.3 rel1/arm-none-eabi/include/c++/14.3.1/bits\stl_vector.h ****       {
1143:C:/Program Files (x86)/Arm GNU Toolchain arm-none-eabi/14.3 rel1/arm-none-eabi/include/c++/14.3.1/bits\stl_vector.h **** 	__glibcxx_requires_subscript(__n);
1144:C:/Program Files (x86)/Arm GNU Toolchain arm-none-eabi/14.3 rel1/arm-none-eabi/include/c++/14.3.1/bits\stl_vector.h **** 	return *(this->_M_impl._M_start + __n);
1145:C:/Program Files (x86)/Arm GNU Toolchain arm-none-eabi/14.3 rel1/arm-none-eabi/include/c++/14.3.1/bits\stl_vector.h ****       }
1146:C:/Program Files (x86)/Arm GNU Toolchain arm-none-eabi/14.3 rel1/arm-none-eabi/include/c++/14.3.1/bits\stl_vector.h **** 
1147:C:/Program Files (x86)/Arm GNU Toolchain arm-none-eabi/14.3 rel1/arm-none-eabi/include/c++/14.3.1/bits\stl_vector.h ****       /**
1148:C:/Program Files (x86)/Arm GNU Toolchain arm-none-eabi/14.3 rel1/arm-none-eabi/include/c++/14.3.1/bits\stl_vector.h ****        *  @brief  Subscript access to the data contained in the %vector.
1149:C:/Program Files (x86)/Arm GNU Toolchain arm-none-eabi/14.3 rel1/arm-none-eabi/include/c++/14.3.1/bits\stl_vector.h ****        *  @param __n The index of the element for which data should be
1150:C:/Program Files (x86)/Arm GNU Toolchain arm-none-eabi/14.3 rel1/arm-none-eabi/include/c++/14.3.1/bits\stl_vector.h ****        *  accessed.
1151:C:/Program Files (x86)/Arm GNU Toolchain arm-none-eabi/14.3 rel1/arm-none-eabi/include/c++/14.3.1/bits\stl_vector.h ****        *  @return  Read-only (constant) reference to data.
1152:C:/Program Files (x86)/Arm GNU Toolchain arm-none-eabi/14.3 rel1/arm-none-eabi/include/c++/14.3.1/bits\stl_vector.h ****        *
1153:C:/Program Files (x86)/Arm GNU Toolchain arm-none-eabi/14.3 rel1/arm-none-eabi/include/c++/14.3.1/bits\stl_vector.h ****        *  This operator allows for easy, array-style, data access.
1154:C:/Program Files (x86)/Arm GNU Toolchain arm-none-eabi/14.3 rel1/arm-none-eabi/include/c++/14.3.1/bits\stl_vector.h ****        *  Note that data access with this operator is unchecked and
1155:C:/Program Files (x86)/Arm GNU Toolchain arm-none-eabi/14.3 rel1/arm-none-eabi/include/c++/14.3.1/bits\stl_vector.h ****        *  out_of_range lookups are not defined. (For checked lookups
1156:C:/Program Files (x86)/Arm GNU Toolchain arm-none-eabi/14.3 rel1/arm-none-eabi/include/c++/14.3.1/bits\stl_vector.h ****        *  see at().)
1157:C:/Program Files (x86)/Arm GNU Toolchain arm-none-eabi/14.3 rel1/arm-none-eabi/include/c++/14.3.1/bits\stl_vector.h ****        */
1158:C:/Program Files (x86)/Arm GNU Toolchain arm-none-eabi/14.3 rel1/arm-none-eabi/include/c++/14.3.1/bits\stl_vector.h ****       _GLIBCXX_NODISCARD _GLIBCXX20_CONSTEXPR
1159:C:/Program Files (x86)/Arm GNU Toolchain arm-none-eabi/14.3 rel1/arm-none-eabi/include/c++/14.3.1/bits\stl_vector.h ****       const_reference
1160:C:/Program Files (x86)/Arm GNU Toolchain arm-none-eabi/14.3 rel1/arm-none-eabi/include/c++/14.3.1/bits\stl_vector.h ****       operator[](size_type __n) const _GLIBCXX_NOEXCEPT
1161:C:/Program Files (x86)/Arm GNU Toolchain arm-none-eabi/14.3 rel1/arm-none-eabi/include/c++/14.3.1/bits\stl_vector.h ****       {
1162:C:/Program Files (x86)/Arm GNU Toolchain arm-none-eabi/14.3 rel1/arm-none-eabi/include/c++/14.3.1/bits\stl_vector.h **** 	__glibcxx_requires_subscript(__n);
1163:C:/Program Files (x86)/Arm GNU Toolchain arm-none-eabi/14.3 rel1/arm-none-eabi/include/c++/14.3.1/bits\stl_vector.h **** 	return *(this->_M_impl._M_start + __n);
1164:C:/Program Files (x86)/Arm GNU Toolchain arm-none-eabi/14.3 rel1/arm-none-eabi/include/c++/14.3.1/bits\stl_vector.h ****       }
1165:C:/Program Files (x86)/Arm GNU Toolchain arm-none-eabi/14.3 rel1/arm-none-eabi/include/c++/14.3.1/bits\stl_vector.h **** 
1166:C:/Program Files (x86)/Arm GNU Toolchain arm-none-eabi/14.3 rel1/arm-none-eabi/include/c++/14.3.1/bits\stl_vector.h ****     protected:
1167:C:/Program Files (x86)/Arm GNU Toolchain arm-none-eabi/14.3 rel1/arm-none-eabi/include/c++/14.3.1/bits\stl_vector.h ****       /// Safety check used only from at().
1168:C:/Program Files (x86)/Arm GNU Toolchain arm-none-eabi/14.3 rel1/arm-none-eabi/include/c++/14.3.1/bits\stl_vector.h ****       _GLIBCXX20_CONSTEXPR
1169:C:/Program Files (x86)/Arm GNU Toolchain arm-none-eabi/14.3 rel1/arm-none-eabi/include/c++/14.3.1/bits\stl_vector.h ****       void
1170:C:/Program Files (x86)/Arm GNU Toolchain arm-none-eabi/14.3 rel1/arm-none-eabi/include/c++/14.3.1/bits\stl_vector.h ****       _M_range_check(size_type __n) const
1171:C:/Program Files (x86)/Arm GNU Toolchain arm-none-eabi/14.3 rel1/arm-none-eabi/include/c++/14.3.1/bits\stl_vector.h ****       {
1172:C:/Program Files (x86)/Arm GNU Toolchain arm-none-eabi/14.3 rel1/arm-none-eabi/include/c++/14.3.1/bits\stl_vector.h **** 	if (__n >= this->size())
1173:C:/Program Files (x86)/Arm GNU Toolchain arm-none-eabi/14.3 rel1/arm-none-eabi/include/c++/14.3.1/bits\stl_vector.h **** 	  __throw_out_of_range_fmt(__N("vector::_M_range_check: __n "
1174:C:/Program Files (x86)/Arm GNU Toolchain arm-none-eabi/14.3 rel1/arm-none-eabi/include/c++/14.3.1/bits\stl_vector.h **** 				       "(which is %zu) >= this->size() "
1175:C:/Program Files (x86)/Arm GNU Toolchain arm-none-eabi/14.3 rel1/arm-none-eabi/include/c++/14.3.1/bits\stl_vector.h **** 				       "(which is %zu)"),
1176:C:/Program Files (x86)/Arm GNU Toolchain arm-none-eabi/14.3 rel1/arm-none-eabi/include/c++/14.3.1/bits\stl_vector.h **** 				   __n, this->size());
1177:C:/Program Files (x86)/Arm GNU Toolchain arm-none-eabi/14.3 rel1/arm-none-eabi/include/c++/14.3.1/bits\stl_vector.h ****       }
1178:C:/Program Files (x86)/Arm GNU Toolchain arm-none-eabi/14.3 rel1/arm-none-eabi/include/c++/14.3.1/bits\stl_vector.h **** 
1179:C:/Program Files (x86)/Arm GNU Toolchain arm-none-eabi/14.3 rel1/arm-none-eabi/include/c++/14.3.1/bits\stl_vector.h ****     public:
1180:C:/Program Files (x86)/Arm GNU Toolchain arm-none-eabi/14.3 rel1/arm-none-eabi/include/c++/14.3.1/bits\stl_vector.h ****       /**
1181:C:/Program Files (x86)/Arm GNU Toolchain arm-none-eabi/14.3 rel1/arm-none-eabi/include/c++/14.3.1/bits\stl_vector.h ****        *  @brief  Provides access to the data contained in the %vector.
ARM GAS  C:\Users\Oliver\AppData\Local\Temp\ccb1Hde1.s 			page 102


1182:C:/Program Files (x86)/Arm GNU Toolchain arm-none-eabi/14.3 rel1/arm-none-eabi/include/c++/14.3.1/bits\stl_vector.h ****        *  @param __n The index of the element for which data should be
1183:C:/Program Files (x86)/Arm GNU Toolchain arm-none-eabi/14.3 rel1/arm-none-eabi/include/c++/14.3.1/bits\stl_vector.h ****        *  accessed.
1184:C:/Program Files (x86)/Arm GNU Toolchain arm-none-eabi/14.3 rel1/arm-none-eabi/include/c++/14.3.1/bits\stl_vector.h ****        *  @return  Read/write reference to data.
1185:C:/Program Files (x86)/Arm GNU Toolchain arm-none-eabi/14.3 rel1/arm-none-eabi/include/c++/14.3.1/bits\stl_vector.h ****        *  @throw  std::out_of_range  If @a __n is an invalid index.
1186:C:/Program Files (x86)/Arm GNU Toolchain arm-none-eabi/14.3 rel1/arm-none-eabi/include/c++/14.3.1/bits\stl_vector.h ****        *
1187:C:/Program Files (x86)/Arm GNU Toolchain arm-none-eabi/14.3 rel1/arm-none-eabi/include/c++/14.3.1/bits\stl_vector.h ****        *  This function provides for safer data access.  The parameter
1188:C:/Program Files (x86)/Arm GNU Toolchain arm-none-eabi/14.3 rel1/arm-none-eabi/include/c++/14.3.1/bits\stl_vector.h ****        *  is first checked that it is in the range of the vector.  The
1189:C:/Program Files (x86)/Arm GNU Toolchain arm-none-eabi/14.3 rel1/arm-none-eabi/include/c++/14.3.1/bits\stl_vector.h ****        *  function throws out_of_range if the check fails.
1190:C:/Program Files (x86)/Arm GNU Toolchain arm-none-eabi/14.3 rel1/arm-none-eabi/include/c++/14.3.1/bits\stl_vector.h ****        */
1191:C:/Program Files (x86)/Arm GNU Toolchain arm-none-eabi/14.3 rel1/arm-none-eabi/include/c++/14.3.1/bits\stl_vector.h ****       _GLIBCXX_NODISCARD _GLIBCXX20_CONSTEXPR
1192:C:/Program Files (x86)/Arm GNU Toolchain arm-none-eabi/14.3 rel1/arm-none-eabi/include/c++/14.3.1/bits\stl_vector.h ****       reference
1193:C:/Program Files (x86)/Arm GNU Toolchain arm-none-eabi/14.3 rel1/arm-none-eabi/include/c++/14.3.1/bits\stl_vector.h ****       at(size_type __n)
1194:C:/Program Files (x86)/Arm GNU Toolchain arm-none-eabi/14.3 rel1/arm-none-eabi/include/c++/14.3.1/bits\stl_vector.h ****       {
1195:C:/Program Files (x86)/Arm GNU Toolchain arm-none-eabi/14.3 rel1/arm-none-eabi/include/c++/14.3.1/bits\stl_vector.h **** 	_M_range_check(__n);
1196:C:/Program Files (x86)/Arm GNU Toolchain arm-none-eabi/14.3 rel1/arm-none-eabi/include/c++/14.3.1/bits\stl_vector.h **** 	return (*this)[__n];
1197:C:/Program Files (x86)/Arm GNU Toolchain arm-none-eabi/14.3 rel1/arm-none-eabi/include/c++/14.3.1/bits\stl_vector.h ****       }
1198:C:/Program Files (x86)/Arm GNU Toolchain arm-none-eabi/14.3 rel1/arm-none-eabi/include/c++/14.3.1/bits\stl_vector.h **** 
1199:C:/Program Files (x86)/Arm GNU Toolchain arm-none-eabi/14.3 rel1/arm-none-eabi/include/c++/14.3.1/bits\stl_vector.h ****       /**
1200:C:/Program Files (x86)/Arm GNU Toolchain arm-none-eabi/14.3 rel1/arm-none-eabi/include/c++/14.3.1/bits\stl_vector.h ****        *  @brief  Provides access to the data contained in the %vector.
1201:C:/Program Files (x86)/Arm GNU Toolchain arm-none-eabi/14.3 rel1/arm-none-eabi/include/c++/14.3.1/bits\stl_vector.h ****        *  @param __n The index of the element for which data should be
1202:C:/Program Files (x86)/Arm GNU Toolchain arm-none-eabi/14.3 rel1/arm-none-eabi/include/c++/14.3.1/bits\stl_vector.h ****        *  accessed.
1203:C:/Program Files (x86)/Arm GNU Toolchain arm-none-eabi/14.3 rel1/arm-none-eabi/include/c++/14.3.1/bits\stl_vector.h ****        *  @return  Read-only (constant) reference to data.
1204:C:/Program Files (x86)/Arm GNU Toolchain arm-none-eabi/14.3 rel1/arm-none-eabi/include/c++/14.3.1/bits\stl_vector.h ****        *  @throw  std::out_of_range  If @a __n is an invalid index.
1205:C:/Program Files (x86)/Arm GNU Toolchain arm-none-eabi/14.3 rel1/arm-none-eabi/include/c++/14.3.1/bits\stl_vector.h ****        *
1206:C:/Program Files (x86)/Arm GNU Toolchain arm-none-eabi/14.3 rel1/arm-none-eabi/include/c++/14.3.1/bits\stl_vector.h ****        *  This function provides for safer data access.  The parameter
1207:C:/Program Files (x86)/Arm GNU Toolchain arm-none-eabi/14.3 rel1/arm-none-eabi/include/c++/14.3.1/bits\stl_vector.h ****        *  is first checked that it is in the range of the vector.  The
1208:C:/Program Files (x86)/Arm GNU Toolchain arm-none-eabi/14.3 rel1/arm-none-eabi/include/c++/14.3.1/bits\stl_vector.h ****        *  function throws out_of_range if the check fails.
1209:C:/Program Files (x86)/Arm GNU Toolchain arm-none-eabi/14.3 rel1/arm-none-eabi/include/c++/14.3.1/bits\stl_vector.h ****        */
1210:C:/Program Files (x86)/Arm GNU Toolchain arm-none-eabi/14.3 rel1/arm-none-eabi/include/c++/14.3.1/bits\stl_vector.h ****       _GLIBCXX_NODISCARD _GLIBCXX20_CONSTEXPR
1211:C:/Program Files (x86)/Arm GNU Toolchain arm-none-eabi/14.3 rel1/arm-none-eabi/include/c++/14.3.1/bits\stl_vector.h ****       const_reference
1212:C:/Program Files (x86)/Arm GNU Toolchain arm-none-eabi/14.3 rel1/arm-none-eabi/include/c++/14.3.1/bits\stl_vector.h ****       at(size_type __n) const
1213:C:/Program Files (x86)/Arm GNU Toolchain arm-none-eabi/14.3 rel1/arm-none-eabi/include/c++/14.3.1/bits\stl_vector.h ****       {
1214:C:/Program Files (x86)/Arm GNU Toolchain arm-none-eabi/14.3 rel1/arm-none-eabi/include/c++/14.3.1/bits\stl_vector.h **** 	_M_range_check(__n);
1215:C:/Program Files (x86)/Arm GNU Toolchain arm-none-eabi/14.3 rel1/arm-none-eabi/include/c++/14.3.1/bits\stl_vector.h **** 	return (*this)[__n];
1216:C:/Program Files (x86)/Arm GNU Toolchain arm-none-eabi/14.3 rel1/arm-none-eabi/include/c++/14.3.1/bits\stl_vector.h ****       }
1217:C:/Program Files (x86)/Arm GNU Toolchain arm-none-eabi/14.3 rel1/arm-none-eabi/include/c++/14.3.1/bits\stl_vector.h **** 
1218:C:/Program Files (x86)/Arm GNU Toolchain arm-none-eabi/14.3 rel1/arm-none-eabi/include/c++/14.3.1/bits\stl_vector.h ****       /**
1219:C:/Program Files (x86)/Arm GNU Toolchain arm-none-eabi/14.3 rel1/arm-none-eabi/include/c++/14.3.1/bits\stl_vector.h ****        *  Returns a read/write reference to the data at the first
1220:C:/Program Files (x86)/Arm GNU Toolchain arm-none-eabi/14.3 rel1/arm-none-eabi/include/c++/14.3.1/bits\stl_vector.h ****        *  element of the %vector.
1221:C:/Program Files (x86)/Arm GNU Toolchain arm-none-eabi/14.3 rel1/arm-none-eabi/include/c++/14.3.1/bits\stl_vector.h ****        */
1222:C:/Program Files (x86)/Arm GNU Toolchain arm-none-eabi/14.3 rel1/arm-none-eabi/include/c++/14.3.1/bits\stl_vector.h ****       _GLIBCXX_NODISCARD _GLIBCXX20_CONSTEXPR
1223:C:/Program Files (x86)/Arm GNU Toolchain arm-none-eabi/14.3 rel1/arm-none-eabi/include/c++/14.3.1/bits\stl_vector.h ****       reference
1224:C:/Program Files (x86)/Arm GNU Toolchain arm-none-eabi/14.3 rel1/arm-none-eabi/include/c++/14.3.1/bits\stl_vector.h ****       front() _GLIBCXX_NOEXCEPT
1225:C:/Program Files (x86)/Arm GNU Toolchain arm-none-eabi/14.3 rel1/arm-none-eabi/include/c++/14.3.1/bits\stl_vector.h ****       {
1226:C:/Program Files (x86)/Arm GNU Toolchain arm-none-eabi/14.3 rel1/arm-none-eabi/include/c++/14.3.1/bits\stl_vector.h **** 	__glibcxx_requires_nonempty();
1227:C:/Program Files (x86)/Arm GNU Toolchain arm-none-eabi/14.3 rel1/arm-none-eabi/include/c++/14.3.1/bits\stl_vector.h **** 	return *begin();
1228:C:/Program Files (x86)/Arm GNU Toolchain arm-none-eabi/14.3 rel1/arm-none-eabi/include/c++/14.3.1/bits\stl_vector.h ****       }
1229:C:/Program Files (x86)/Arm GNU Toolchain arm-none-eabi/14.3 rel1/arm-none-eabi/include/c++/14.3.1/bits\stl_vector.h **** 
1230:C:/Program Files (x86)/Arm GNU Toolchain arm-none-eabi/14.3 rel1/arm-none-eabi/include/c++/14.3.1/bits\stl_vector.h ****       /**
1231:C:/Program Files (x86)/Arm GNU Toolchain arm-none-eabi/14.3 rel1/arm-none-eabi/include/c++/14.3.1/bits\stl_vector.h ****        *  Returns a read-only (constant) reference to the data at the first
1232:C:/Program Files (x86)/Arm GNU Toolchain arm-none-eabi/14.3 rel1/arm-none-eabi/include/c++/14.3.1/bits\stl_vector.h ****        *  element of the %vector.
1233:C:/Program Files (x86)/Arm GNU Toolchain arm-none-eabi/14.3 rel1/arm-none-eabi/include/c++/14.3.1/bits\stl_vector.h ****        */
1234:C:/Program Files (x86)/Arm GNU Toolchain arm-none-eabi/14.3 rel1/arm-none-eabi/include/c++/14.3.1/bits\stl_vector.h ****       _GLIBCXX_NODISCARD _GLIBCXX20_CONSTEXPR
1235:C:/Program Files (x86)/Arm GNU Toolchain arm-none-eabi/14.3 rel1/arm-none-eabi/include/c++/14.3.1/bits\stl_vector.h ****       const_reference
1236:C:/Program Files (x86)/Arm GNU Toolchain arm-none-eabi/14.3 rel1/arm-none-eabi/include/c++/14.3.1/bits\stl_vector.h ****       front() const _GLIBCXX_NOEXCEPT
1237:C:/Program Files (x86)/Arm GNU Toolchain arm-none-eabi/14.3 rel1/arm-none-eabi/include/c++/14.3.1/bits\stl_vector.h ****       {
1238:C:/Program Files (x86)/Arm GNU Toolchain arm-none-eabi/14.3 rel1/arm-none-eabi/include/c++/14.3.1/bits\stl_vector.h **** 	__glibcxx_requires_nonempty();
ARM GAS  C:\Users\Oliver\AppData\Local\Temp\ccb1Hde1.s 			page 103


1239:C:/Program Files (x86)/Arm GNU Toolchain arm-none-eabi/14.3 rel1/arm-none-eabi/include/c++/14.3.1/bits\stl_vector.h **** 	return *begin();
1240:C:/Program Files (x86)/Arm GNU Toolchain arm-none-eabi/14.3 rel1/arm-none-eabi/include/c++/14.3.1/bits\stl_vector.h ****       }
1241:C:/Program Files (x86)/Arm GNU Toolchain arm-none-eabi/14.3 rel1/arm-none-eabi/include/c++/14.3.1/bits\stl_vector.h **** 
1242:C:/Program Files (x86)/Arm GNU Toolchain arm-none-eabi/14.3 rel1/arm-none-eabi/include/c++/14.3.1/bits\stl_vector.h ****       /**
1243:C:/Program Files (x86)/Arm GNU Toolchain arm-none-eabi/14.3 rel1/arm-none-eabi/include/c++/14.3.1/bits\stl_vector.h ****        *  Returns a read/write reference to the data at the last
1244:C:/Program Files (x86)/Arm GNU Toolchain arm-none-eabi/14.3 rel1/arm-none-eabi/include/c++/14.3.1/bits\stl_vector.h ****        *  element of the %vector.
1245:C:/Program Files (x86)/Arm GNU Toolchain arm-none-eabi/14.3 rel1/arm-none-eabi/include/c++/14.3.1/bits\stl_vector.h ****        */
1246:C:/Program Files (x86)/Arm GNU Toolchain arm-none-eabi/14.3 rel1/arm-none-eabi/include/c++/14.3.1/bits\stl_vector.h ****       _GLIBCXX_NODISCARD _GLIBCXX20_CONSTEXPR
1247:C:/Program Files (x86)/Arm GNU Toolchain arm-none-eabi/14.3 rel1/arm-none-eabi/include/c++/14.3.1/bits\stl_vector.h ****       reference
1248:C:/Program Files (x86)/Arm GNU Toolchain arm-none-eabi/14.3 rel1/arm-none-eabi/include/c++/14.3.1/bits\stl_vector.h ****       back() _GLIBCXX_NOEXCEPT
 1393              		.loc 3 1248 7 view .LVU350
 1394              	.LBB358:
 1395              	.LBI358:
 906:C:/Program Files (x86)/Arm GNU Toolchain arm-none-eabi/14.3 rel1/arm-none-eabi/include/c++/14.3.1/bits\stl_vector.h ****       { return iterator(this->_M_impl._M_finish); }
 1396              		.loc 3 906 7 view .LVU351
 1397              	.LBB359:
 1398              	.LBI359:
 1399              		.file 5 "C:/Program Files (x86)/Arm GNU Toolchain arm-none-eabi/14.3 rel1/arm-none-eabi/include/c+
   1:C:/Program Files (x86)/Arm GNU Toolchain arm-none-eabi/14.3 rel1/arm-none-eabi/include/c++/14.3.1/bits\stl_iterator.h **** // Iterators -*- C++ -*-
   2:C:/Program Files (x86)/Arm GNU Toolchain arm-none-eabi/14.3 rel1/arm-none-eabi/include/c++/14.3.1/bits\stl_iterator.h **** 
   3:C:/Program Files (x86)/Arm GNU Toolchain arm-none-eabi/14.3 rel1/arm-none-eabi/include/c++/14.3.1/bits\stl_iterator.h **** // Copyright (C) 2001-2024 Free Software Foundation, Inc.
   4:C:/Program Files (x86)/Arm GNU Toolchain arm-none-eabi/14.3 rel1/arm-none-eabi/include/c++/14.3.1/bits\stl_iterator.h **** //
   5:C:/Program Files (x86)/Arm GNU Toolchain arm-none-eabi/14.3 rel1/arm-none-eabi/include/c++/14.3.1/bits\stl_iterator.h **** // This file is part of the GNU ISO C++ Library.  This library is free
   6:C:/Program Files (x86)/Arm GNU Toolchain arm-none-eabi/14.3 rel1/arm-none-eabi/include/c++/14.3.1/bits\stl_iterator.h **** // software; you can redistribute it and/or modify it under the
   7:C:/Program Files (x86)/Arm GNU Toolchain arm-none-eabi/14.3 rel1/arm-none-eabi/include/c++/14.3.1/bits\stl_iterator.h **** // terms of the GNU General Public License as published by the
   8:C:/Program Files (x86)/Arm GNU Toolchain arm-none-eabi/14.3 rel1/arm-none-eabi/include/c++/14.3.1/bits\stl_iterator.h **** // Free Software Foundation; either version 3, or (at your option)
   9:C:/Program Files (x86)/Arm GNU Toolchain arm-none-eabi/14.3 rel1/arm-none-eabi/include/c++/14.3.1/bits\stl_iterator.h **** // any later version.
  10:C:/Program Files (x86)/Arm GNU Toolchain arm-none-eabi/14.3 rel1/arm-none-eabi/include/c++/14.3.1/bits\stl_iterator.h **** 
  11:C:/Program Files (x86)/Arm GNU Toolchain arm-none-eabi/14.3 rel1/arm-none-eabi/include/c++/14.3.1/bits\stl_iterator.h **** // This library is distributed in the hope that it will be useful,
  12:C:/Program Files (x86)/Arm GNU Toolchain arm-none-eabi/14.3 rel1/arm-none-eabi/include/c++/14.3.1/bits\stl_iterator.h **** // but WITHOUT ANY WARRANTY; without even the implied warranty of
  13:C:/Program Files (x86)/Arm GNU Toolchain arm-none-eabi/14.3 rel1/arm-none-eabi/include/c++/14.3.1/bits\stl_iterator.h **** // MERCHANTABILITY or FITNESS FOR A PARTICULAR PURPOSE.  See the
  14:C:/Program Files (x86)/Arm GNU Toolchain arm-none-eabi/14.3 rel1/arm-none-eabi/include/c++/14.3.1/bits\stl_iterator.h **** // GNU General Public License for more details.
  15:C:/Program Files (x86)/Arm GNU Toolchain arm-none-eabi/14.3 rel1/arm-none-eabi/include/c++/14.3.1/bits\stl_iterator.h **** 
  16:C:/Program Files (x86)/Arm GNU Toolchain arm-none-eabi/14.3 rel1/arm-none-eabi/include/c++/14.3.1/bits\stl_iterator.h **** // Under Section 7 of GPL version 3, you are granted additional
  17:C:/Program Files (x86)/Arm GNU Toolchain arm-none-eabi/14.3 rel1/arm-none-eabi/include/c++/14.3.1/bits\stl_iterator.h **** // permissions described in the GCC Runtime Library Exception, version
  18:C:/Program Files (x86)/Arm GNU Toolchain arm-none-eabi/14.3 rel1/arm-none-eabi/include/c++/14.3.1/bits\stl_iterator.h **** // 3.1, as published by the Free Software Foundation.
  19:C:/Program Files (x86)/Arm GNU Toolchain arm-none-eabi/14.3 rel1/arm-none-eabi/include/c++/14.3.1/bits\stl_iterator.h **** 
  20:C:/Program Files (x86)/Arm GNU Toolchain arm-none-eabi/14.3 rel1/arm-none-eabi/include/c++/14.3.1/bits\stl_iterator.h **** // You should have received a copy of the GNU General Public License and
  21:C:/Program Files (x86)/Arm GNU Toolchain arm-none-eabi/14.3 rel1/arm-none-eabi/include/c++/14.3.1/bits\stl_iterator.h **** // a copy of the GCC Runtime Library Exception along with this program;
  22:C:/Program Files (x86)/Arm GNU Toolchain arm-none-eabi/14.3 rel1/arm-none-eabi/include/c++/14.3.1/bits\stl_iterator.h **** // see the files COPYING3 and COPYING.RUNTIME respectively.  If not, see
  23:C:/Program Files (x86)/Arm GNU Toolchain arm-none-eabi/14.3 rel1/arm-none-eabi/include/c++/14.3.1/bits\stl_iterator.h **** // <http://www.gnu.org/licenses/>.
  24:C:/Program Files (x86)/Arm GNU Toolchain arm-none-eabi/14.3 rel1/arm-none-eabi/include/c++/14.3.1/bits\stl_iterator.h **** 
  25:C:/Program Files (x86)/Arm GNU Toolchain arm-none-eabi/14.3 rel1/arm-none-eabi/include/c++/14.3.1/bits\stl_iterator.h **** /*
  26:C:/Program Files (x86)/Arm GNU Toolchain arm-none-eabi/14.3 rel1/arm-none-eabi/include/c++/14.3.1/bits\stl_iterator.h ****  *
  27:C:/Program Files (x86)/Arm GNU Toolchain arm-none-eabi/14.3 rel1/arm-none-eabi/include/c++/14.3.1/bits\stl_iterator.h ****  * Copyright (c) 1994
  28:C:/Program Files (x86)/Arm GNU Toolchain arm-none-eabi/14.3 rel1/arm-none-eabi/include/c++/14.3.1/bits\stl_iterator.h ****  * Hewlett-Packard Company
  29:C:/Program Files (x86)/Arm GNU Toolchain arm-none-eabi/14.3 rel1/arm-none-eabi/include/c++/14.3.1/bits\stl_iterator.h ****  *
  30:C:/Program Files (x86)/Arm GNU Toolchain arm-none-eabi/14.3 rel1/arm-none-eabi/include/c++/14.3.1/bits\stl_iterator.h ****  * Permission to use, copy, modify, distribute and sell this software
  31:C:/Program Files (x86)/Arm GNU Toolchain arm-none-eabi/14.3 rel1/arm-none-eabi/include/c++/14.3.1/bits\stl_iterator.h ****  * and its documentation for any purpose is hereby granted without fee,
  32:C:/Program Files (x86)/Arm GNU Toolchain arm-none-eabi/14.3 rel1/arm-none-eabi/include/c++/14.3.1/bits\stl_iterator.h ****  * provided that the above copyright notice appear in all copies and
  33:C:/Program Files (x86)/Arm GNU Toolchain arm-none-eabi/14.3 rel1/arm-none-eabi/include/c++/14.3.1/bits\stl_iterator.h ****  * that both that copyright notice and this permission notice appear
  34:C:/Program Files (x86)/Arm GNU Toolchain arm-none-eabi/14.3 rel1/arm-none-eabi/include/c++/14.3.1/bits\stl_iterator.h ****  * in supporting documentation.  Hewlett-Packard Company makes no
  35:C:/Program Files (x86)/Arm GNU Toolchain arm-none-eabi/14.3 rel1/arm-none-eabi/include/c++/14.3.1/bits\stl_iterator.h ****  * representations about the suitability of this software for any
  36:C:/Program Files (x86)/Arm GNU Toolchain arm-none-eabi/14.3 rel1/arm-none-eabi/include/c++/14.3.1/bits\stl_iterator.h ****  * purpose.  It is provided "as is" without express or implied warranty.
  37:C:/Program Files (x86)/Arm GNU Toolchain arm-none-eabi/14.3 rel1/arm-none-eabi/include/c++/14.3.1/bits\stl_iterator.h ****  *
  38:C:/Program Files (x86)/Arm GNU Toolchain arm-none-eabi/14.3 rel1/arm-none-eabi/include/c++/14.3.1/bits\stl_iterator.h ****  *
  39:C:/Program Files (x86)/Arm GNU Toolchain arm-none-eabi/14.3 rel1/arm-none-eabi/include/c++/14.3.1/bits\stl_iterator.h ****  * Copyright (c) 1996-1998
ARM GAS  C:\Users\Oliver\AppData\Local\Temp\ccb1Hde1.s 			page 104


  40:C:/Program Files (x86)/Arm GNU Toolchain arm-none-eabi/14.3 rel1/arm-none-eabi/include/c++/14.3.1/bits\stl_iterator.h ****  * Silicon Graphics Computer Systems, Inc.
  41:C:/Program Files (x86)/Arm GNU Toolchain arm-none-eabi/14.3 rel1/arm-none-eabi/include/c++/14.3.1/bits\stl_iterator.h ****  *
  42:C:/Program Files (x86)/Arm GNU Toolchain arm-none-eabi/14.3 rel1/arm-none-eabi/include/c++/14.3.1/bits\stl_iterator.h ****  * Permission to use, copy, modify, distribute and sell this software
  43:C:/Program Files (x86)/Arm GNU Toolchain arm-none-eabi/14.3 rel1/arm-none-eabi/include/c++/14.3.1/bits\stl_iterator.h ****  * and its documentation for any purpose is hereby granted without fee,
  44:C:/Program Files (x86)/Arm GNU Toolchain arm-none-eabi/14.3 rel1/arm-none-eabi/include/c++/14.3.1/bits\stl_iterator.h ****  * provided that the above copyright notice appear in all copies and
  45:C:/Program Files (x86)/Arm GNU Toolchain arm-none-eabi/14.3 rel1/arm-none-eabi/include/c++/14.3.1/bits\stl_iterator.h ****  * that both that copyright notice and this permission notice appear
  46:C:/Program Files (x86)/Arm GNU Toolchain arm-none-eabi/14.3 rel1/arm-none-eabi/include/c++/14.3.1/bits\stl_iterator.h ****  * in supporting documentation.  Silicon Graphics makes no
  47:C:/Program Files (x86)/Arm GNU Toolchain arm-none-eabi/14.3 rel1/arm-none-eabi/include/c++/14.3.1/bits\stl_iterator.h ****  * representations about the suitability of this software for any
  48:C:/Program Files (x86)/Arm GNU Toolchain arm-none-eabi/14.3 rel1/arm-none-eabi/include/c++/14.3.1/bits\stl_iterator.h ****  * purpose.  It is provided "as is" without express or implied warranty.
  49:C:/Program Files (x86)/Arm GNU Toolchain arm-none-eabi/14.3 rel1/arm-none-eabi/include/c++/14.3.1/bits\stl_iterator.h ****  */
  50:C:/Program Files (x86)/Arm GNU Toolchain arm-none-eabi/14.3 rel1/arm-none-eabi/include/c++/14.3.1/bits\stl_iterator.h **** 
  51:C:/Program Files (x86)/Arm GNU Toolchain arm-none-eabi/14.3 rel1/arm-none-eabi/include/c++/14.3.1/bits\stl_iterator.h **** /** @file bits/stl_iterator.h
  52:C:/Program Files (x86)/Arm GNU Toolchain arm-none-eabi/14.3 rel1/arm-none-eabi/include/c++/14.3.1/bits\stl_iterator.h ****  *  This is an internal header file, included by other library headers.
  53:C:/Program Files (x86)/Arm GNU Toolchain arm-none-eabi/14.3 rel1/arm-none-eabi/include/c++/14.3.1/bits\stl_iterator.h ****  *  Do not attempt to use it directly. @headername{iterator}
  54:C:/Program Files (x86)/Arm GNU Toolchain arm-none-eabi/14.3 rel1/arm-none-eabi/include/c++/14.3.1/bits\stl_iterator.h ****  *
  55:C:/Program Files (x86)/Arm GNU Toolchain arm-none-eabi/14.3 rel1/arm-none-eabi/include/c++/14.3.1/bits\stl_iterator.h ****  *  This file implements reverse_iterator, back_insert_iterator,
  56:C:/Program Files (x86)/Arm GNU Toolchain arm-none-eabi/14.3 rel1/arm-none-eabi/include/c++/14.3.1/bits\stl_iterator.h ****  *  front_insert_iterator, insert_iterator, __normal_iterator, and their
  57:C:/Program Files (x86)/Arm GNU Toolchain arm-none-eabi/14.3 rel1/arm-none-eabi/include/c++/14.3.1/bits\stl_iterator.h ****  *  supporting functions and overloaded operators.
  58:C:/Program Files (x86)/Arm GNU Toolchain arm-none-eabi/14.3 rel1/arm-none-eabi/include/c++/14.3.1/bits\stl_iterator.h ****  */
  59:C:/Program Files (x86)/Arm GNU Toolchain arm-none-eabi/14.3 rel1/arm-none-eabi/include/c++/14.3.1/bits\stl_iterator.h **** 
  60:C:/Program Files (x86)/Arm GNU Toolchain arm-none-eabi/14.3 rel1/arm-none-eabi/include/c++/14.3.1/bits\stl_iterator.h **** #ifndef _STL_ITERATOR_H
  61:C:/Program Files (x86)/Arm GNU Toolchain arm-none-eabi/14.3 rel1/arm-none-eabi/include/c++/14.3.1/bits\stl_iterator.h **** #define _STL_ITERATOR_H 1
  62:C:/Program Files (x86)/Arm GNU Toolchain arm-none-eabi/14.3 rel1/arm-none-eabi/include/c++/14.3.1/bits\stl_iterator.h **** 
  63:C:/Program Files (x86)/Arm GNU Toolchain arm-none-eabi/14.3 rel1/arm-none-eabi/include/c++/14.3.1/bits\stl_iterator.h **** #include <bits/cpp_type_traits.h>
  64:C:/Program Files (x86)/Arm GNU Toolchain arm-none-eabi/14.3 rel1/arm-none-eabi/include/c++/14.3.1/bits\stl_iterator.h **** #include <bits/stl_iterator_base_types.h>
  65:C:/Program Files (x86)/Arm GNU Toolchain arm-none-eabi/14.3 rel1/arm-none-eabi/include/c++/14.3.1/bits\stl_iterator.h **** #include <ext/type_traits.h>
  66:C:/Program Files (x86)/Arm GNU Toolchain arm-none-eabi/14.3 rel1/arm-none-eabi/include/c++/14.3.1/bits\stl_iterator.h **** #include <bits/move.h>
  67:C:/Program Files (x86)/Arm GNU Toolchain arm-none-eabi/14.3 rel1/arm-none-eabi/include/c++/14.3.1/bits\stl_iterator.h **** #include <bits/ptr_traits.h>
  68:C:/Program Files (x86)/Arm GNU Toolchain arm-none-eabi/14.3 rel1/arm-none-eabi/include/c++/14.3.1/bits\stl_iterator.h **** 
  69:C:/Program Files (x86)/Arm GNU Toolchain arm-none-eabi/14.3 rel1/arm-none-eabi/include/c++/14.3.1/bits\stl_iterator.h **** #if __cplusplus >= 201103L
  70:C:/Program Files (x86)/Arm GNU Toolchain arm-none-eabi/14.3 rel1/arm-none-eabi/include/c++/14.3.1/bits\stl_iterator.h **** # include <type_traits>
  71:C:/Program Files (x86)/Arm GNU Toolchain arm-none-eabi/14.3 rel1/arm-none-eabi/include/c++/14.3.1/bits\stl_iterator.h **** #endif
  72:C:/Program Files (x86)/Arm GNU Toolchain arm-none-eabi/14.3 rel1/arm-none-eabi/include/c++/14.3.1/bits\stl_iterator.h **** 
  73:C:/Program Files (x86)/Arm GNU Toolchain arm-none-eabi/14.3 rel1/arm-none-eabi/include/c++/14.3.1/bits\stl_iterator.h **** #if __cplusplus >= 202002L
  74:C:/Program Files (x86)/Arm GNU Toolchain arm-none-eabi/14.3 rel1/arm-none-eabi/include/c++/14.3.1/bits\stl_iterator.h **** # include <compare>
  75:C:/Program Files (x86)/Arm GNU Toolchain arm-none-eabi/14.3 rel1/arm-none-eabi/include/c++/14.3.1/bits\stl_iterator.h **** # include <new>
  76:C:/Program Files (x86)/Arm GNU Toolchain arm-none-eabi/14.3 rel1/arm-none-eabi/include/c++/14.3.1/bits\stl_iterator.h **** # include <bits/exception_defines.h>
  77:C:/Program Files (x86)/Arm GNU Toolchain arm-none-eabi/14.3 rel1/arm-none-eabi/include/c++/14.3.1/bits\stl_iterator.h **** # include <bits/iterator_concepts.h>
  78:C:/Program Files (x86)/Arm GNU Toolchain arm-none-eabi/14.3 rel1/arm-none-eabi/include/c++/14.3.1/bits\stl_iterator.h **** # include <bits/stl_construct.h>
  79:C:/Program Files (x86)/Arm GNU Toolchain arm-none-eabi/14.3 rel1/arm-none-eabi/include/c++/14.3.1/bits\stl_iterator.h **** #endif
  80:C:/Program Files (x86)/Arm GNU Toolchain arm-none-eabi/14.3 rel1/arm-none-eabi/include/c++/14.3.1/bits\stl_iterator.h **** 
  81:C:/Program Files (x86)/Arm GNU Toolchain arm-none-eabi/14.3 rel1/arm-none-eabi/include/c++/14.3.1/bits\stl_iterator.h **** #if __glibcxx_tuple_like // >= C++23
  82:C:/Program Files (x86)/Arm GNU Toolchain arm-none-eabi/14.3 rel1/arm-none-eabi/include/c++/14.3.1/bits\stl_iterator.h **** # include <bits/utility.h> // for tuple_element_t
  83:C:/Program Files (x86)/Arm GNU Toolchain arm-none-eabi/14.3 rel1/arm-none-eabi/include/c++/14.3.1/bits\stl_iterator.h **** #endif
  84:C:/Program Files (x86)/Arm GNU Toolchain arm-none-eabi/14.3 rel1/arm-none-eabi/include/c++/14.3.1/bits\stl_iterator.h **** 
  85:C:/Program Files (x86)/Arm GNU Toolchain arm-none-eabi/14.3 rel1/arm-none-eabi/include/c++/14.3.1/bits\stl_iterator.h **** namespace std _GLIBCXX_VISIBILITY(default)
  86:C:/Program Files (x86)/Arm GNU Toolchain arm-none-eabi/14.3 rel1/arm-none-eabi/include/c++/14.3.1/bits\stl_iterator.h **** {
  87:C:/Program Files (x86)/Arm GNU Toolchain arm-none-eabi/14.3 rel1/arm-none-eabi/include/c++/14.3.1/bits\stl_iterator.h **** _GLIBCXX_BEGIN_NAMESPACE_VERSION
  88:C:/Program Files (x86)/Arm GNU Toolchain arm-none-eabi/14.3 rel1/arm-none-eabi/include/c++/14.3.1/bits\stl_iterator.h **** 
  89:C:/Program Files (x86)/Arm GNU Toolchain arm-none-eabi/14.3 rel1/arm-none-eabi/include/c++/14.3.1/bits\stl_iterator.h ****   /**
  90:C:/Program Files (x86)/Arm GNU Toolchain arm-none-eabi/14.3 rel1/arm-none-eabi/include/c++/14.3.1/bits\stl_iterator.h ****    * @addtogroup iterators
  91:C:/Program Files (x86)/Arm GNU Toolchain arm-none-eabi/14.3 rel1/arm-none-eabi/include/c++/14.3.1/bits\stl_iterator.h ****    * @{
  92:C:/Program Files (x86)/Arm GNU Toolchain arm-none-eabi/14.3 rel1/arm-none-eabi/include/c++/14.3.1/bits\stl_iterator.h ****    */
  93:C:/Program Files (x86)/Arm GNU Toolchain arm-none-eabi/14.3 rel1/arm-none-eabi/include/c++/14.3.1/bits\stl_iterator.h **** 
  94:C:/Program Files (x86)/Arm GNU Toolchain arm-none-eabi/14.3 rel1/arm-none-eabi/include/c++/14.3.1/bits\stl_iterator.h **** #if __glibcxx_concepts
  95:C:/Program Files (x86)/Arm GNU Toolchain arm-none-eabi/14.3 rel1/arm-none-eabi/include/c++/14.3.1/bits\stl_iterator.h ****   namespace __detail
  96:C:/Program Files (x86)/Arm GNU Toolchain arm-none-eabi/14.3 rel1/arm-none-eabi/include/c++/14.3.1/bits\stl_iterator.h ****   {
ARM GAS  C:\Users\Oliver\AppData\Local\Temp\ccb1Hde1.s 			page 105


  97:C:/Program Files (x86)/Arm GNU Toolchain arm-none-eabi/14.3 rel1/arm-none-eabi/include/c++/14.3.1/bits\stl_iterator.h ****     // Weaken iterator_category _Cat to _Limit if it is derived from that,
  98:C:/Program Files (x86)/Arm GNU Toolchain arm-none-eabi/14.3 rel1/arm-none-eabi/include/c++/14.3.1/bits\stl_iterator.h ****     // otherwise use _Otherwise.
  99:C:/Program Files (x86)/Arm GNU Toolchain arm-none-eabi/14.3 rel1/arm-none-eabi/include/c++/14.3.1/bits\stl_iterator.h ****     template<typename _Cat, typename _Limit, typename _Otherwise = _Cat>
 100:C:/Program Files (x86)/Arm GNU Toolchain arm-none-eabi/14.3 rel1/arm-none-eabi/include/c++/14.3.1/bits\stl_iterator.h ****       using __clamp_iter_cat
 101:C:/Program Files (x86)/Arm GNU Toolchain arm-none-eabi/14.3 rel1/arm-none-eabi/include/c++/14.3.1/bits\stl_iterator.h **** 	= __conditional_t<derived_from<_Cat, _Limit>, _Limit, _Otherwise>;
 102:C:/Program Files (x86)/Arm GNU Toolchain arm-none-eabi/14.3 rel1/arm-none-eabi/include/c++/14.3.1/bits\stl_iterator.h ****   }
 103:C:/Program Files (x86)/Arm GNU Toolchain arm-none-eabi/14.3 rel1/arm-none-eabi/include/c++/14.3.1/bits\stl_iterator.h **** #endif
 104:C:/Program Files (x86)/Arm GNU Toolchain arm-none-eabi/14.3 rel1/arm-none-eabi/include/c++/14.3.1/bits\stl_iterator.h **** 
 105:C:/Program Files (x86)/Arm GNU Toolchain arm-none-eabi/14.3 rel1/arm-none-eabi/include/c++/14.3.1/bits\stl_iterator.h **** // Ignore warnings about std::iterator.
 106:C:/Program Files (x86)/Arm GNU Toolchain arm-none-eabi/14.3 rel1/arm-none-eabi/include/c++/14.3.1/bits\stl_iterator.h **** #pragma GCC diagnostic push
 107:C:/Program Files (x86)/Arm GNU Toolchain arm-none-eabi/14.3 rel1/arm-none-eabi/include/c++/14.3.1/bits\stl_iterator.h **** #pragma GCC diagnostic ignored "-Wdeprecated-declarations"
 108:C:/Program Files (x86)/Arm GNU Toolchain arm-none-eabi/14.3 rel1/arm-none-eabi/include/c++/14.3.1/bits\stl_iterator.h **** 
 109:C:/Program Files (x86)/Arm GNU Toolchain arm-none-eabi/14.3 rel1/arm-none-eabi/include/c++/14.3.1/bits\stl_iterator.h ****   // 24.4.1 Reverse iterators
 110:C:/Program Files (x86)/Arm GNU Toolchain arm-none-eabi/14.3 rel1/arm-none-eabi/include/c++/14.3.1/bits\stl_iterator.h ****   /**
 111:C:/Program Files (x86)/Arm GNU Toolchain arm-none-eabi/14.3 rel1/arm-none-eabi/include/c++/14.3.1/bits\stl_iterator.h ****    *  Bidirectional and random access iterators have corresponding reverse
 112:C:/Program Files (x86)/Arm GNU Toolchain arm-none-eabi/14.3 rel1/arm-none-eabi/include/c++/14.3.1/bits\stl_iterator.h ****    *  %iterator adaptors that iterate through the data structure in the
 113:C:/Program Files (x86)/Arm GNU Toolchain arm-none-eabi/14.3 rel1/arm-none-eabi/include/c++/14.3.1/bits\stl_iterator.h ****    *  opposite direction.  They have the same signatures as the corresponding
 114:C:/Program Files (x86)/Arm GNU Toolchain arm-none-eabi/14.3 rel1/arm-none-eabi/include/c++/14.3.1/bits\stl_iterator.h ****    *  iterators.  The fundamental relation between a reverse %iterator and its
 115:C:/Program Files (x86)/Arm GNU Toolchain arm-none-eabi/14.3 rel1/arm-none-eabi/include/c++/14.3.1/bits\stl_iterator.h ****    *  corresponding %iterator @c i is established by the identity:
 116:C:/Program Files (x86)/Arm GNU Toolchain arm-none-eabi/14.3 rel1/arm-none-eabi/include/c++/14.3.1/bits\stl_iterator.h ****    *  @code
 117:C:/Program Files (x86)/Arm GNU Toolchain arm-none-eabi/14.3 rel1/arm-none-eabi/include/c++/14.3.1/bits\stl_iterator.h ****    *      &*(reverse_iterator(i)) == &*(i - 1)
 118:C:/Program Files (x86)/Arm GNU Toolchain arm-none-eabi/14.3 rel1/arm-none-eabi/include/c++/14.3.1/bits\stl_iterator.h ****    *  @endcode
 119:C:/Program Files (x86)/Arm GNU Toolchain arm-none-eabi/14.3 rel1/arm-none-eabi/include/c++/14.3.1/bits\stl_iterator.h ****    *
 120:C:/Program Files (x86)/Arm GNU Toolchain arm-none-eabi/14.3 rel1/arm-none-eabi/include/c++/14.3.1/bits\stl_iterator.h ****    *  <em>This mapping is dictated by the fact that while there is always a
 121:C:/Program Files (x86)/Arm GNU Toolchain arm-none-eabi/14.3 rel1/arm-none-eabi/include/c++/14.3.1/bits\stl_iterator.h ****    *  pointer past the end of an array, there might not be a valid pointer
 122:C:/Program Files (x86)/Arm GNU Toolchain arm-none-eabi/14.3 rel1/arm-none-eabi/include/c++/14.3.1/bits\stl_iterator.h ****    *  before the beginning of an array.</em> [24.4.1]/1,2
 123:C:/Program Files (x86)/Arm GNU Toolchain arm-none-eabi/14.3 rel1/arm-none-eabi/include/c++/14.3.1/bits\stl_iterator.h ****    *
 124:C:/Program Files (x86)/Arm GNU Toolchain arm-none-eabi/14.3 rel1/arm-none-eabi/include/c++/14.3.1/bits\stl_iterator.h ****    *  Reverse iterators can be tricky and surprising at first.  Their
 125:C:/Program Files (x86)/Arm GNU Toolchain arm-none-eabi/14.3 rel1/arm-none-eabi/include/c++/14.3.1/bits\stl_iterator.h ****    *  semantics make sense, however, and the trickiness is a side effect of
 126:C:/Program Files (x86)/Arm GNU Toolchain arm-none-eabi/14.3 rel1/arm-none-eabi/include/c++/14.3.1/bits\stl_iterator.h ****    *  the requirement that the iterators must be safe.
 127:C:/Program Files (x86)/Arm GNU Toolchain arm-none-eabi/14.3 rel1/arm-none-eabi/include/c++/14.3.1/bits\stl_iterator.h ****   */
 128:C:/Program Files (x86)/Arm GNU Toolchain arm-none-eabi/14.3 rel1/arm-none-eabi/include/c++/14.3.1/bits\stl_iterator.h ****   template<typename _Iterator>
 129:C:/Program Files (x86)/Arm GNU Toolchain arm-none-eabi/14.3 rel1/arm-none-eabi/include/c++/14.3.1/bits\stl_iterator.h ****     class reverse_iterator
 130:C:/Program Files (x86)/Arm GNU Toolchain arm-none-eabi/14.3 rel1/arm-none-eabi/include/c++/14.3.1/bits\stl_iterator.h ****     : public iterator<typename iterator_traits<_Iterator>::iterator_category,
 131:C:/Program Files (x86)/Arm GNU Toolchain arm-none-eabi/14.3 rel1/arm-none-eabi/include/c++/14.3.1/bits\stl_iterator.h **** 		      typename iterator_traits<_Iterator>::value_type,
 132:C:/Program Files (x86)/Arm GNU Toolchain arm-none-eabi/14.3 rel1/arm-none-eabi/include/c++/14.3.1/bits\stl_iterator.h **** 		      typename iterator_traits<_Iterator>::difference_type,
 133:C:/Program Files (x86)/Arm GNU Toolchain arm-none-eabi/14.3 rel1/arm-none-eabi/include/c++/14.3.1/bits\stl_iterator.h **** 		      typename iterator_traits<_Iterator>::pointer,
 134:C:/Program Files (x86)/Arm GNU Toolchain arm-none-eabi/14.3 rel1/arm-none-eabi/include/c++/14.3.1/bits\stl_iterator.h ****                       typename iterator_traits<_Iterator>::reference>
 135:C:/Program Files (x86)/Arm GNU Toolchain arm-none-eabi/14.3 rel1/arm-none-eabi/include/c++/14.3.1/bits\stl_iterator.h ****     {
 136:C:/Program Files (x86)/Arm GNU Toolchain arm-none-eabi/14.3 rel1/arm-none-eabi/include/c++/14.3.1/bits\stl_iterator.h ****       template<typename _Iter>
 137:C:/Program Files (x86)/Arm GNU Toolchain arm-none-eabi/14.3 rel1/arm-none-eabi/include/c++/14.3.1/bits\stl_iterator.h **** 	friend class reverse_iterator;
 138:C:/Program Files (x86)/Arm GNU Toolchain arm-none-eabi/14.3 rel1/arm-none-eabi/include/c++/14.3.1/bits\stl_iterator.h **** 
 139:C:/Program Files (x86)/Arm GNU Toolchain arm-none-eabi/14.3 rel1/arm-none-eabi/include/c++/14.3.1/bits\stl_iterator.h **** #if __glibcxx_concepts
 140:C:/Program Files (x86)/Arm GNU Toolchain arm-none-eabi/14.3 rel1/arm-none-eabi/include/c++/14.3.1/bits\stl_iterator.h ****       // _GLIBCXX_RESOLVE_LIB_DEFECTS
 141:C:/Program Files (x86)/Arm GNU Toolchain arm-none-eabi/14.3 rel1/arm-none-eabi/include/c++/14.3.1/bits\stl_iterator.h ****       // 3435. three_way_comparable_with<reverse_iterator<int*>, [...]>
 142:C:/Program Files (x86)/Arm GNU Toolchain arm-none-eabi/14.3 rel1/arm-none-eabi/include/c++/14.3.1/bits\stl_iterator.h ****       template<typename _Iter>
 143:C:/Program Files (x86)/Arm GNU Toolchain arm-none-eabi/14.3 rel1/arm-none-eabi/include/c++/14.3.1/bits\stl_iterator.h **** 	static constexpr bool __convertible = !is_same_v<_Iter, _Iterator>
 144:C:/Program Files (x86)/Arm GNU Toolchain arm-none-eabi/14.3 rel1/arm-none-eabi/include/c++/14.3.1/bits\stl_iterator.h **** 	    && convertible_to<const _Iter&, _Iterator>;
 145:C:/Program Files (x86)/Arm GNU Toolchain arm-none-eabi/14.3 rel1/arm-none-eabi/include/c++/14.3.1/bits\stl_iterator.h **** #endif
 146:C:/Program Files (x86)/Arm GNU Toolchain arm-none-eabi/14.3 rel1/arm-none-eabi/include/c++/14.3.1/bits\stl_iterator.h **** 
 147:C:/Program Files (x86)/Arm GNU Toolchain arm-none-eabi/14.3 rel1/arm-none-eabi/include/c++/14.3.1/bits\stl_iterator.h ****     protected:
 148:C:/Program Files (x86)/Arm GNU Toolchain arm-none-eabi/14.3 rel1/arm-none-eabi/include/c++/14.3.1/bits\stl_iterator.h ****       _Iterator current;
 149:C:/Program Files (x86)/Arm GNU Toolchain arm-none-eabi/14.3 rel1/arm-none-eabi/include/c++/14.3.1/bits\stl_iterator.h **** 
 150:C:/Program Files (x86)/Arm GNU Toolchain arm-none-eabi/14.3 rel1/arm-none-eabi/include/c++/14.3.1/bits\stl_iterator.h ****       typedef iterator_traits<_Iterator>		__traits_type;
 151:C:/Program Files (x86)/Arm GNU Toolchain arm-none-eabi/14.3 rel1/arm-none-eabi/include/c++/14.3.1/bits\stl_iterator.h **** 
 152:C:/Program Files (x86)/Arm GNU Toolchain arm-none-eabi/14.3 rel1/arm-none-eabi/include/c++/14.3.1/bits\stl_iterator.h ****     public:
 153:C:/Program Files (x86)/Arm GNU Toolchain arm-none-eabi/14.3 rel1/arm-none-eabi/include/c++/14.3.1/bits\stl_iterator.h ****       typedef _Iterator					iterator_type;
ARM GAS  C:\Users\Oliver\AppData\Local\Temp\ccb1Hde1.s 			page 106


 154:C:/Program Files (x86)/Arm GNU Toolchain arm-none-eabi/14.3 rel1/arm-none-eabi/include/c++/14.3.1/bits\stl_iterator.h ****       typedef typename __traits_type::pointer		pointer;
 155:C:/Program Files (x86)/Arm GNU Toolchain arm-none-eabi/14.3 rel1/arm-none-eabi/include/c++/14.3.1/bits\stl_iterator.h **** #if ! __glibcxx_concepts
 156:C:/Program Files (x86)/Arm GNU Toolchain arm-none-eabi/14.3 rel1/arm-none-eabi/include/c++/14.3.1/bits\stl_iterator.h ****       typedef typename __traits_type::difference_type	difference_type;
 157:C:/Program Files (x86)/Arm GNU Toolchain arm-none-eabi/14.3 rel1/arm-none-eabi/include/c++/14.3.1/bits\stl_iterator.h ****       typedef typename __traits_type::reference		reference;
 158:C:/Program Files (x86)/Arm GNU Toolchain arm-none-eabi/14.3 rel1/arm-none-eabi/include/c++/14.3.1/bits\stl_iterator.h **** #else
 159:C:/Program Files (x86)/Arm GNU Toolchain arm-none-eabi/14.3 rel1/arm-none-eabi/include/c++/14.3.1/bits\stl_iterator.h ****       using iterator_concept
 160:C:/Program Files (x86)/Arm GNU Toolchain arm-none-eabi/14.3 rel1/arm-none-eabi/include/c++/14.3.1/bits\stl_iterator.h **** 	= __conditional_t<random_access_iterator<_Iterator>,
 161:C:/Program Files (x86)/Arm GNU Toolchain arm-none-eabi/14.3 rel1/arm-none-eabi/include/c++/14.3.1/bits\stl_iterator.h **** 			  random_access_iterator_tag,
 162:C:/Program Files (x86)/Arm GNU Toolchain arm-none-eabi/14.3 rel1/arm-none-eabi/include/c++/14.3.1/bits\stl_iterator.h **** 			  bidirectional_iterator_tag>;
 163:C:/Program Files (x86)/Arm GNU Toolchain arm-none-eabi/14.3 rel1/arm-none-eabi/include/c++/14.3.1/bits\stl_iterator.h ****       using iterator_category
 164:C:/Program Files (x86)/Arm GNU Toolchain arm-none-eabi/14.3 rel1/arm-none-eabi/include/c++/14.3.1/bits\stl_iterator.h **** 	= __detail::__clamp_iter_cat<typename __traits_type::iterator_category,
 165:C:/Program Files (x86)/Arm GNU Toolchain arm-none-eabi/14.3 rel1/arm-none-eabi/include/c++/14.3.1/bits\stl_iterator.h **** 				     random_access_iterator_tag>;
 166:C:/Program Files (x86)/Arm GNU Toolchain arm-none-eabi/14.3 rel1/arm-none-eabi/include/c++/14.3.1/bits\stl_iterator.h ****       using value_type = iter_value_t<_Iterator>;
 167:C:/Program Files (x86)/Arm GNU Toolchain arm-none-eabi/14.3 rel1/arm-none-eabi/include/c++/14.3.1/bits\stl_iterator.h ****       using difference_type = iter_difference_t<_Iterator>;
 168:C:/Program Files (x86)/Arm GNU Toolchain arm-none-eabi/14.3 rel1/arm-none-eabi/include/c++/14.3.1/bits\stl_iterator.h ****       using reference = iter_reference_t<_Iterator>;
 169:C:/Program Files (x86)/Arm GNU Toolchain arm-none-eabi/14.3 rel1/arm-none-eabi/include/c++/14.3.1/bits\stl_iterator.h **** #endif
 170:C:/Program Files (x86)/Arm GNU Toolchain arm-none-eabi/14.3 rel1/arm-none-eabi/include/c++/14.3.1/bits\stl_iterator.h **** 
 171:C:/Program Files (x86)/Arm GNU Toolchain arm-none-eabi/14.3 rel1/arm-none-eabi/include/c++/14.3.1/bits\stl_iterator.h ****       /**
 172:C:/Program Files (x86)/Arm GNU Toolchain arm-none-eabi/14.3 rel1/arm-none-eabi/include/c++/14.3.1/bits\stl_iterator.h ****        *  The default constructor value-initializes member @p current.
 173:C:/Program Files (x86)/Arm GNU Toolchain arm-none-eabi/14.3 rel1/arm-none-eabi/include/c++/14.3.1/bits\stl_iterator.h ****        *  If it is a pointer, that means it is zero-initialized.
 174:C:/Program Files (x86)/Arm GNU Toolchain arm-none-eabi/14.3 rel1/arm-none-eabi/include/c++/14.3.1/bits\stl_iterator.h ****       */
 175:C:/Program Files (x86)/Arm GNU Toolchain arm-none-eabi/14.3 rel1/arm-none-eabi/include/c++/14.3.1/bits\stl_iterator.h ****       // _GLIBCXX_RESOLVE_LIB_DEFECTS
 176:C:/Program Files (x86)/Arm GNU Toolchain arm-none-eabi/14.3 rel1/arm-none-eabi/include/c++/14.3.1/bits\stl_iterator.h ****       // 235 No specification of default ctor for reverse_iterator
 177:C:/Program Files (x86)/Arm GNU Toolchain arm-none-eabi/14.3 rel1/arm-none-eabi/include/c++/14.3.1/bits\stl_iterator.h ****       // 1012. reverse_iterator default ctor should value initialize
 178:C:/Program Files (x86)/Arm GNU Toolchain arm-none-eabi/14.3 rel1/arm-none-eabi/include/c++/14.3.1/bits\stl_iterator.h ****       _GLIBCXX17_CONSTEXPR
 179:C:/Program Files (x86)/Arm GNU Toolchain arm-none-eabi/14.3 rel1/arm-none-eabi/include/c++/14.3.1/bits\stl_iterator.h ****       reverse_iterator()
 180:C:/Program Files (x86)/Arm GNU Toolchain arm-none-eabi/14.3 rel1/arm-none-eabi/include/c++/14.3.1/bits\stl_iterator.h ****       _GLIBCXX_NOEXCEPT_IF(noexcept(_Iterator()))
 181:C:/Program Files (x86)/Arm GNU Toolchain arm-none-eabi/14.3 rel1/arm-none-eabi/include/c++/14.3.1/bits\stl_iterator.h ****       : current()
 182:C:/Program Files (x86)/Arm GNU Toolchain arm-none-eabi/14.3 rel1/arm-none-eabi/include/c++/14.3.1/bits\stl_iterator.h ****       { }
 183:C:/Program Files (x86)/Arm GNU Toolchain arm-none-eabi/14.3 rel1/arm-none-eabi/include/c++/14.3.1/bits\stl_iterator.h **** 
 184:C:/Program Files (x86)/Arm GNU Toolchain arm-none-eabi/14.3 rel1/arm-none-eabi/include/c++/14.3.1/bits\stl_iterator.h ****       /**
 185:C:/Program Files (x86)/Arm GNU Toolchain arm-none-eabi/14.3 rel1/arm-none-eabi/include/c++/14.3.1/bits\stl_iterator.h ****        *  This %iterator will move in the opposite direction that @p x does.
 186:C:/Program Files (x86)/Arm GNU Toolchain arm-none-eabi/14.3 rel1/arm-none-eabi/include/c++/14.3.1/bits\stl_iterator.h ****       */
 187:C:/Program Files (x86)/Arm GNU Toolchain arm-none-eabi/14.3 rel1/arm-none-eabi/include/c++/14.3.1/bits\stl_iterator.h ****       explicit _GLIBCXX17_CONSTEXPR
 188:C:/Program Files (x86)/Arm GNU Toolchain arm-none-eabi/14.3 rel1/arm-none-eabi/include/c++/14.3.1/bits\stl_iterator.h ****       reverse_iterator(iterator_type __x)
 189:C:/Program Files (x86)/Arm GNU Toolchain arm-none-eabi/14.3 rel1/arm-none-eabi/include/c++/14.3.1/bits\stl_iterator.h ****       _GLIBCXX_NOEXCEPT_IF(noexcept(_Iterator(__x)))
 190:C:/Program Files (x86)/Arm GNU Toolchain arm-none-eabi/14.3 rel1/arm-none-eabi/include/c++/14.3.1/bits\stl_iterator.h ****       : current(__x)
 191:C:/Program Files (x86)/Arm GNU Toolchain arm-none-eabi/14.3 rel1/arm-none-eabi/include/c++/14.3.1/bits\stl_iterator.h ****       { }
 192:C:/Program Files (x86)/Arm GNU Toolchain arm-none-eabi/14.3 rel1/arm-none-eabi/include/c++/14.3.1/bits\stl_iterator.h **** 
 193:C:/Program Files (x86)/Arm GNU Toolchain arm-none-eabi/14.3 rel1/arm-none-eabi/include/c++/14.3.1/bits\stl_iterator.h ****       /**
 194:C:/Program Files (x86)/Arm GNU Toolchain arm-none-eabi/14.3 rel1/arm-none-eabi/include/c++/14.3.1/bits\stl_iterator.h ****        *  The copy constructor is normal.
 195:C:/Program Files (x86)/Arm GNU Toolchain arm-none-eabi/14.3 rel1/arm-none-eabi/include/c++/14.3.1/bits\stl_iterator.h ****       */
 196:C:/Program Files (x86)/Arm GNU Toolchain arm-none-eabi/14.3 rel1/arm-none-eabi/include/c++/14.3.1/bits\stl_iterator.h ****       _GLIBCXX17_CONSTEXPR
 197:C:/Program Files (x86)/Arm GNU Toolchain arm-none-eabi/14.3 rel1/arm-none-eabi/include/c++/14.3.1/bits\stl_iterator.h ****       reverse_iterator(const reverse_iterator& __x)
 198:C:/Program Files (x86)/Arm GNU Toolchain arm-none-eabi/14.3 rel1/arm-none-eabi/include/c++/14.3.1/bits\stl_iterator.h ****       _GLIBCXX_NOEXCEPT_IF(noexcept(_Iterator(__x.current)))
 199:C:/Program Files (x86)/Arm GNU Toolchain arm-none-eabi/14.3 rel1/arm-none-eabi/include/c++/14.3.1/bits\stl_iterator.h ****       : current(__x.current)
 200:C:/Program Files (x86)/Arm GNU Toolchain arm-none-eabi/14.3 rel1/arm-none-eabi/include/c++/14.3.1/bits\stl_iterator.h ****       { }
 201:C:/Program Files (x86)/Arm GNU Toolchain arm-none-eabi/14.3 rel1/arm-none-eabi/include/c++/14.3.1/bits\stl_iterator.h **** 
 202:C:/Program Files (x86)/Arm GNU Toolchain arm-none-eabi/14.3 rel1/arm-none-eabi/include/c++/14.3.1/bits\stl_iterator.h **** #if __cplusplus >= 201103L
 203:C:/Program Files (x86)/Arm GNU Toolchain arm-none-eabi/14.3 rel1/arm-none-eabi/include/c++/14.3.1/bits\stl_iterator.h ****       reverse_iterator& operator=(const reverse_iterator&) = default;
 204:C:/Program Files (x86)/Arm GNU Toolchain arm-none-eabi/14.3 rel1/arm-none-eabi/include/c++/14.3.1/bits\stl_iterator.h **** #endif
 205:C:/Program Files (x86)/Arm GNU Toolchain arm-none-eabi/14.3 rel1/arm-none-eabi/include/c++/14.3.1/bits\stl_iterator.h **** 
 206:C:/Program Files (x86)/Arm GNU Toolchain arm-none-eabi/14.3 rel1/arm-none-eabi/include/c++/14.3.1/bits\stl_iterator.h ****       /**
 207:C:/Program Files (x86)/Arm GNU Toolchain arm-none-eabi/14.3 rel1/arm-none-eabi/include/c++/14.3.1/bits\stl_iterator.h ****        *  A %reverse_iterator across other types can be copied if the
 208:C:/Program Files (x86)/Arm GNU Toolchain arm-none-eabi/14.3 rel1/arm-none-eabi/include/c++/14.3.1/bits\stl_iterator.h ****        *  underlying %iterator can be converted to the type of @c current.
 209:C:/Program Files (x86)/Arm GNU Toolchain arm-none-eabi/14.3 rel1/arm-none-eabi/include/c++/14.3.1/bits\stl_iterator.h ****       */
 210:C:/Program Files (x86)/Arm GNU Toolchain arm-none-eabi/14.3 rel1/arm-none-eabi/include/c++/14.3.1/bits\stl_iterator.h ****       template<typename _Iter>
ARM GAS  C:\Users\Oliver\AppData\Local\Temp\ccb1Hde1.s 			page 107


 211:C:/Program Files (x86)/Arm GNU Toolchain arm-none-eabi/14.3 rel1/arm-none-eabi/include/c++/14.3.1/bits\stl_iterator.h **** #if __glibcxx_concepts
 212:C:/Program Files (x86)/Arm GNU Toolchain arm-none-eabi/14.3 rel1/arm-none-eabi/include/c++/14.3.1/bits\stl_iterator.h **** 	requires __convertible<_Iter>
 213:C:/Program Files (x86)/Arm GNU Toolchain arm-none-eabi/14.3 rel1/arm-none-eabi/include/c++/14.3.1/bits\stl_iterator.h **** #endif
 214:C:/Program Files (x86)/Arm GNU Toolchain arm-none-eabi/14.3 rel1/arm-none-eabi/include/c++/14.3.1/bits\stl_iterator.h **** 	_GLIBCXX17_CONSTEXPR
 215:C:/Program Files (x86)/Arm GNU Toolchain arm-none-eabi/14.3 rel1/arm-none-eabi/include/c++/14.3.1/bits\stl_iterator.h ****         reverse_iterator(const reverse_iterator<_Iter>& __x)
 216:C:/Program Files (x86)/Arm GNU Toolchain arm-none-eabi/14.3 rel1/arm-none-eabi/include/c++/14.3.1/bits\stl_iterator.h **** 	_GLIBCXX_NOEXCEPT_IF(noexcept(_Iterator(__x.current)))
 217:C:/Program Files (x86)/Arm GNU Toolchain arm-none-eabi/14.3 rel1/arm-none-eabi/include/c++/14.3.1/bits\stl_iterator.h **** 	: current(__x.current)
 218:C:/Program Files (x86)/Arm GNU Toolchain arm-none-eabi/14.3 rel1/arm-none-eabi/include/c++/14.3.1/bits\stl_iterator.h **** 	{ }
 219:C:/Program Files (x86)/Arm GNU Toolchain arm-none-eabi/14.3 rel1/arm-none-eabi/include/c++/14.3.1/bits\stl_iterator.h **** 
 220:C:/Program Files (x86)/Arm GNU Toolchain arm-none-eabi/14.3 rel1/arm-none-eabi/include/c++/14.3.1/bits\stl_iterator.h **** #if __cplusplus >= 201103L
 221:C:/Program Files (x86)/Arm GNU Toolchain arm-none-eabi/14.3 rel1/arm-none-eabi/include/c++/14.3.1/bits\stl_iterator.h ****       template<typename _Iter>
 222:C:/Program Files (x86)/Arm GNU Toolchain arm-none-eabi/14.3 rel1/arm-none-eabi/include/c++/14.3.1/bits\stl_iterator.h **** #if __glibcxx_concepts
 223:C:/Program Files (x86)/Arm GNU Toolchain arm-none-eabi/14.3 rel1/arm-none-eabi/include/c++/14.3.1/bits\stl_iterator.h **** 	requires __convertible<_Iter>
 224:C:/Program Files (x86)/Arm GNU Toolchain arm-none-eabi/14.3 rel1/arm-none-eabi/include/c++/14.3.1/bits\stl_iterator.h **** 	  && assignable_from<_Iterator&, const _Iter&>
 225:C:/Program Files (x86)/Arm GNU Toolchain arm-none-eabi/14.3 rel1/arm-none-eabi/include/c++/14.3.1/bits\stl_iterator.h **** #endif
 226:C:/Program Files (x86)/Arm GNU Toolchain arm-none-eabi/14.3 rel1/arm-none-eabi/include/c++/14.3.1/bits\stl_iterator.h **** 	_GLIBCXX17_CONSTEXPR
 227:C:/Program Files (x86)/Arm GNU Toolchain arm-none-eabi/14.3 rel1/arm-none-eabi/include/c++/14.3.1/bits\stl_iterator.h **** 	reverse_iterator&
 228:C:/Program Files (x86)/Arm GNU Toolchain arm-none-eabi/14.3 rel1/arm-none-eabi/include/c++/14.3.1/bits\stl_iterator.h **** 	operator=(const reverse_iterator<_Iter>& __x)
 229:C:/Program Files (x86)/Arm GNU Toolchain arm-none-eabi/14.3 rel1/arm-none-eabi/include/c++/14.3.1/bits\stl_iterator.h **** 	_GLIBCXX_NOEXCEPT_IF(noexcept(current = __x.current))
 230:C:/Program Files (x86)/Arm GNU Toolchain arm-none-eabi/14.3 rel1/arm-none-eabi/include/c++/14.3.1/bits\stl_iterator.h **** 	{
 231:C:/Program Files (x86)/Arm GNU Toolchain arm-none-eabi/14.3 rel1/arm-none-eabi/include/c++/14.3.1/bits\stl_iterator.h **** 	  current = __x.current;
 232:C:/Program Files (x86)/Arm GNU Toolchain arm-none-eabi/14.3 rel1/arm-none-eabi/include/c++/14.3.1/bits\stl_iterator.h **** 	  return *this;
 233:C:/Program Files (x86)/Arm GNU Toolchain arm-none-eabi/14.3 rel1/arm-none-eabi/include/c++/14.3.1/bits\stl_iterator.h **** 	}
 234:C:/Program Files (x86)/Arm GNU Toolchain arm-none-eabi/14.3 rel1/arm-none-eabi/include/c++/14.3.1/bits\stl_iterator.h **** #endif
 235:C:/Program Files (x86)/Arm GNU Toolchain arm-none-eabi/14.3 rel1/arm-none-eabi/include/c++/14.3.1/bits\stl_iterator.h **** 
 236:C:/Program Files (x86)/Arm GNU Toolchain arm-none-eabi/14.3 rel1/arm-none-eabi/include/c++/14.3.1/bits\stl_iterator.h ****       /**
 237:C:/Program Files (x86)/Arm GNU Toolchain arm-none-eabi/14.3 rel1/arm-none-eabi/include/c++/14.3.1/bits\stl_iterator.h ****        *  @return  @c current, the %iterator used for underlying work.
 238:C:/Program Files (x86)/Arm GNU Toolchain arm-none-eabi/14.3 rel1/arm-none-eabi/include/c++/14.3.1/bits\stl_iterator.h ****       */
 239:C:/Program Files (x86)/Arm GNU Toolchain arm-none-eabi/14.3 rel1/arm-none-eabi/include/c++/14.3.1/bits\stl_iterator.h ****       _GLIBCXX_NODISCARD
 240:C:/Program Files (x86)/Arm GNU Toolchain arm-none-eabi/14.3 rel1/arm-none-eabi/include/c++/14.3.1/bits\stl_iterator.h ****       _GLIBCXX17_CONSTEXPR iterator_type
 241:C:/Program Files (x86)/Arm GNU Toolchain arm-none-eabi/14.3 rel1/arm-none-eabi/include/c++/14.3.1/bits\stl_iterator.h ****       base() const
 242:C:/Program Files (x86)/Arm GNU Toolchain arm-none-eabi/14.3 rel1/arm-none-eabi/include/c++/14.3.1/bits\stl_iterator.h ****       _GLIBCXX_NOEXCEPT_IF(noexcept(_Iterator(current)))
 243:C:/Program Files (x86)/Arm GNU Toolchain arm-none-eabi/14.3 rel1/arm-none-eabi/include/c++/14.3.1/bits\stl_iterator.h ****       { return current; }
 244:C:/Program Files (x86)/Arm GNU Toolchain arm-none-eabi/14.3 rel1/arm-none-eabi/include/c++/14.3.1/bits\stl_iterator.h **** 
 245:C:/Program Files (x86)/Arm GNU Toolchain arm-none-eabi/14.3 rel1/arm-none-eabi/include/c++/14.3.1/bits\stl_iterator.h ****       /**
 246:C:/Program Files (x86)/Arm GNU Toolchain arm-none-eabi/14.3 rel1/arm-none-eabi/include/c++/14.3.1/bits\stl_iterator.h ****        *  @return  A reference to the value at @c --current
 247:C:/Program Files (x86)/Arm GNU Toolchain arm-none-eabi/14.3 rel1/arm-none-eabi/include/c++/14.3.1/bits\stl_iterator.h ****        *
 248:C:/Program Files (x86)/Arm GNU Toolchain arm-none-eabi/14.3 rel1/arm-none-eabi/include/c++/14.3.1/bits\stl_iterator.h ****        *  This requires that @c --current is dereferenceable.
 249:C:/Program Files (x86)/Arm GNU Toolchain arm-none-eabi/14.3 rel1/arm-none-eabi/include/c++/14.3.1/bits\stl_iterator.h ****        *
 250:C:/Program Files (x86)/Arm GNU Toolchain arm-none-eabi/14.3 rel1/arm-none-eabi/include/c++/14.3.1/bits\stl_iterator.h ****        *  @warning This implementation requires that for an iterator of the
 251:C:/Program Files (x86)/Arm GNU Toolchain arm-none-eabi/14.3 rel1/arm-none-eabi/include/c++/14.3.1/bits\stl_iterator.h ****        *           underlying iterator type, @c x, a reference obtained by
 252:C:/Program Files (x86)/Arm GNU Toolchain arm-none-eabi/14.3 rel1/arm-none-eabi/include/c++/14.3.1/bits\stl_iterator.h ****        *           @c *x remains valid after @c x has been modified or
 253:C:/Program Files (x86)/Arm GNU Toolchain arm-none-eabi/14.3 rel1/arm-none-eabi/include/c++/14.3.1/bits\stl_iterator.h ****        *           destroyed. This is a bug: http://gcc.gnu.org/PR51823
 254:C:/Program Files (x86)/Arm GNU Toolchain arm-none-eabi/14.3 rel1/arm-none-eabi/include/c++/14.3.1/bits\stl_iterator.h ****       */
 255:C:/Program Files (x86)/Arm GNU Toolchain arm-none-eabi/14.3 rel1/arm-none-eabi/include/c++/14.3.1/bits\stl_iterator.h ****       _GLIBCXX_NODISCARD
 256:C:/Program Files (x86)/Arm GNU Toolchain arm-none-eabi/14.3 rel1/arm-none-eabi/include/c++/14.3.1/bits\stl_iterator.h ****       _GLIBCXX17_CONSTEXPR reference
 257:C:/Program Files (x86)/Arm GNU Toolchain arm-none-eabi/14.3 rel1/arm-none-eabi/include/c++/14.3.1/bits\stl_iterator.h ****       operator*() const
 258:C:/Program Files (x86)/Arm GNU Toolchain arm-none-eabi/14.3 rel1/arm-none-eabi/include/c++/14.3.1/bits\stl_iterator.h ****       {
 259:C:/Program Files (x86)/Arm GNU Toolchain arm-none-eabi/14.3 rel1/arm-none-eabi/include/c++/14.3.1/bits\stl_iterator.h **** 	_Iterator __tmp = current;
 260:C:/Program Files (x86)/Arm GNU Toolchain arm-none-eabi/14.3 rel1/arm-none-eabi/include/c++/14.3.1/bits\stl_iterator.h **** 	return *--__tmp;
 261:C:/Program Files (x86)/Arm GNU Toolchain arm-none-eabi/14.3 rel1/arm-none-eabi/include/c++/14.3.1/bits\stl_iterator.h ****       }
 262:C:/Program Files (x86)/Arm GNU Toolchain arm-none-eabi/14.3 rel1/arm-none-eabi/include/c++/14.3.1/bits\stl_iterator.h **** 
 263:C:/Program Files (x86)/Arm GNU Toolchain arm-none-eabi/14.3 rel1/arm-none-eabi/include/c++/14.3.1/bits\stl_iterator.h ****       /**
 264:C:/Program Files (x86)/Arm GNU Toolchain arm-none-eabi/14.3 rel1/arm-none-eabi/include/c++/14.3.1/bits\stl_iterator.h ****        *  @return  A pointer to the value at @c --current
 265:C:/Program Files (x86)/Arm GNU Toolchain arm-none-eabi/14.3 rel1/arm-none-eabi/include/c++/14.3.1/bits\stl_iterator.h ****        *
 266:C:/Program Files (x86)/Arm GNU Toolchain arm-none-eabi/14.3 rel1/arm-none-eabi/include/c++/14.3.1/bits\stl_iterator.h ****        *  This requires that @c --current is dereferenceable.
 267:C:/Program Files (x86)/Arm GNU Toolchain arm-none-eabi/14.3 rel1/arm-none-eabi/include/c++/14.3.1/bits\stl_iterator.h ****       */
ARM GAS  C:\Users\Oliver\AppData\Local\Temp\ccb1Hde1.s 			page 108


 268:C:/Program Files (x86)/Arm GNU Toolchain arm-none-eabi/14.3 rel1/arm-none-eabi/include/c++/14.3.1/bits\stl_iterator.h ****       _GLIBCXX_NODISCARD
 269:C:/Program Files (x86)/Arm GNU Toolchain arm-none-eabi/14.3 rel1/arm-none-eabi/include/c++/14.3.1/bits\stl_iterator.h ****       _GLIBCXX17_CONSTEXPR pointer
 270:C:/Program Files (x86)/Arm GNU Toolchain arm-none-eabi/14.3 rel1/arm-none-eabi/include/c++/14.3.1/bits\stl_iterator.h ****       operator->() const
 271:C:/Program Files (x86)/Arm GNU Toolchain arm-none-eabi/14.3 rel1/arm-none-eabi/include/c++/14.3.1/bits\stl_iterator.h **** #if __cplusplus > 201703L && __cpp_concepts >= 201907L
 272:C:/Program Files (x86)/Arm GNU Toolchain arm-none-eabi/14.3 rel1/arm-none-eabi/include/c++/14.3.1/bits\stl_iterator.h ****       requires is_pointer_v<_Iterator>
 273:C:/Program Files (x86)/Arm GNU Toolchain arm-none-eabi/14.3 rel1/arm-none-eabi/include/c++/14.3.1/bits\stl_iterator.h **** 	|| requires(const _Iterator __i) { __i.operator->(); }
 274:C:/Program Files (x86)/Arm GNU Toolchain arm-none-eabi/14.3 rel1/arm-none-eabi/include/c++/14.3.1/bits\stl_iterator.h **** #endif
 275:C:/Program Files (x86)/Arm GNU Toolchain arm-none-eabi/14.3 rel1/arm-none-eabi/include/c++/14.3.1/bits\stl_iterator.h ****       {
 276:C:/Program Files (x86)/Arm GNU Toolchain arm-none-eabi/14.3 rel1/arm-none-eabi/include/c++/14.3.1/bits\stl_iterator.h **** 	// _GLIBCXX_RESOLVE_LIB_DEFECTS
 277:C:/Program Files (x86)/Arm GNU Toolchain arm-none-eabi/14.3 rel1/arm-none-eabi/include/c++/14.3.1/bits\stl_iterator.h **** 	// 1052. operator-> should also support smart pointers
 278:C:/Program Files (x86)/Arm GNU Toolchain arm-none-eabi/14.3 rel1/arm-none-eabi/include/c++/14.3.1/bits\stl_iterator.h **** 	_Iterator __tmp = current;
 279:C:/Program Files (x86)/Arm GNU Toolchain arm-none-eabi/14.3 rel1/arm-none-eabi/include/c++/14.3.1/bits\stl_iterator.h **** 	--__tmp;
 280:C:/Program Files (x86)/Arm GNU Toolchain arm-none-eabi/14.3 rel1/arm-none-eabi/include/c++/14.3.1/bits\stl_iterator.h **** 	return _S_to_pointer(__tmp);
 281:C:/Program Files (x86)/Arm GNU Toolchain arm-none-eabi/14.3 rel1/arm-none-eabi/include/c++/14.3.1/bits\stl_iterator.h ****       }
 282:C:/Program Files (x86)/Arm GNU Toolchain arm-none-eabi/14.3 rel1/arm-none-eabi/include/c++/14.3.1/bits\stl_iterator.h **** 
 283:C:/Program Files (x86)/Arm GNU Toolchain arm-none-eabi/14.3 rel1/arm-none-eabi/include/c++/14.3.1/bits\stl_iterator.h ****       /**
 284:C:/Program Files (x86)/Arm GNU Toolchain arm-none-eabi/14.3 rel1/arm-none-eabi/include/c++/14.3.1/bits\stl_iterator.h ****        *  @return  @c *this
 285:C:/Program Files (x86)/Arm GNU Toolchain arm-none-eabi/14.3 rel1/arm-none-eabi/include/c++/14.3.1/bits\stl_iterator.h ****        *
 286:C:/Program Files (x86)/Arm GNU Toolchain arm-none-eabi/14.3 rel1/arm-none-eabi/include/c++/14.3.1/bits\stl_iterator.h ****        *  Decrements the underlying iterator.
 287:C:/Program Files (x86)/Arm GNU Toolchain arm-none-eabi/14.3 rel1/arm-none-eabi/include/c++/14.3.1/bits\stl_iterator.h ****       */
 288:C:/Program Files (x86)/Arm GNU Toolchain arm-none-eabi/14.3 rel1/arm-none-eabi/include/c++/14.3.1/bits\stl_iterator.h ****       _GLIBCXX17_CONSTEXPR reverse_iterator&
 289:C:/Program Files (x86)/Arm GNU Toolchain arm-none-eabi/14.3 rel1/arm-none-eabi/include/c++/14.3.1/bits\stl_iterator.h ****       operator++()
 290:C:/Program Files (x86)/Arm GNU Toolchain arm-none-eabi/14.3 rel1/arm-none-eabi/include/c++/14.3.1/bits\stl_iterator.h ****       {
 291:C:/Program Files (x86)/Arm GNU Toolchain arm-none-eabi/14.3 rel1/arm-none-eabi/include/c++/14.3.1/bits\stl_iterator.h **** 	--current;
 292:C:/Program Files (x86)/Arm GNU Toolchain arm-none-eabi/14.3 rel1/arm-none-eabi/include/c++/14.3.1/bits\stl_iterator.h **** 	return *this;
 293:C:/Program Files (x86)/Arm GNU Toolchain arm-none-eabi/14.3 rel1/arm-none-eabi/include/c++/14.3.1/bits\stl_iterator.h ****       }
 294:C:/Program Files (x86)/Arm GNU Toolchain arm-none-eabi/14.3 rel1/arm-none-eabi/include/c++/14.3.1/bits\stl_iterator.h **** 
 295:C:/Program Files (x86)/Arm GNU Toolchain arm-none-eabi/14.3 rel1/arm-none-eabi/include/c++/14.3.1/bits\stl_iterator.h ****       /**
 296:C:/Program Files (x86)/Arm GNU Toolchain arm-none-eabi/14.3 rel1/arm-none-eabi/include/c++/14.3.1/bits\stl_iterator.h ****        *  @return  The original value of @c *this
 297:C:/Program Files (x86)/Arm GNU Toolchain arm-none-eabi/14.3 rel1/arm-none-eabi/include/c++/14.3.1/bits\stl_iterator.h ****        *
 298:C:/Program Files (x86)/Arm GNU Toolchain arm-none-eabi/14.3 rel1/arm-none-eabi/include/c++/14.3.1/bits\stl_iterator.h ****        *  Decrements the underlying iterator.
 299:C:/Program Files (x86)/Arm GNU Toolchain arm-none-eabi/14.3 rel1/arm-none-eabi/include/c++/14.3.1/bits\stl_iterator.h ****       */
 300:C:/Program Files (x86)/Arm GNU Toolchain arm-none-eabi/14.3 rel1/arm-none-eabi/include/c++/14.3.1/bits\stl_iterator.h ****       _GLIBCXX17_CONSTEXPR reverse_iterator
 301:C:/Program Files (x86)/Arm GNU Toolchain arm-none-eabi/14.3 rel1/arm-none-eabi/include/c++/14.3.1/bits\stl_iterator.h ****       operator++(int)
 302:C:/Program Files (x86)/Arm GNU Toolchain arm-none-eabi/14.3 rel1/arm-none-eabi/include/c++/14.3.1/bits\stl_iterator.h ****       {
 303:C:/Program Files (x86)/Arm GNU Toolchain arm-none-eabi/14.3 rel1/arm-none-eabi/include/c++/14.3.1/bits\stl_iterator.h **** 	reverse_iterator __tmp = *this;
 304:C:/Program Files (x86)/Arm GNU Toolchain arm-none-eabi/14.3 rel1/arm-none-eabi/include/c++/14.3.1/bits\stl_iterator.h **** 	--current;
 305:C:/Program Files (x86)/Arm GNU Toolchain arm-none-eabi/14.3 rel1/arm-none-eabi/include/c++/14.3.1/bits\stl_iterator.h **** 	return __tmp;
 306:C:/Program Files (x86)/Arm GNU Toolchain arm-none-eabi/14.3 rel1/arm-none-eabi/include/c++/14.3.1/bits\stl_iterator.h ****       }
 307:C:/Program Files (x86)/Arm GNU Toolchain arm-none-eabi/14.3 rel1/arm-none-eabi/include/c++/14.3.1/bits\stl_iterator.h **** 
 308:C:/Program Files (x86)/Arm GNU Toolchain arm-none-eabi/14.3 rel1/arm-none-eabi/include/c++/14.3.1/bits\stl_iterator.h ****       /**
 309:C:/Program Files (x86)/Arm GNU Toolchain arm-none-eabi/14.3 rel1/arm-none-eabi/include/c++/14.3.1/bits\stl_iterator.h ****        *  @return  @c *this
 310:C:/Program Files (x86)/Arm GNU Toolchain arm-none-eabi/14.3 rel1/arm-none-eabi/include/c++/14.3.1/bits\stl_iterator.h ****        *
 311:C:/Program Files (x86)/Arm GNU Toolchain arm-none-eabi/14.3 rel1/arm-none-eabi/include/c++/14.3.1/bits\stl_iterator.h ****        *  Increments the underlying iterator.
 312:C:/Program Files (x86)/Arm GNU Toolchain arm-none-eabi/14.3 rel1/arm-none-eabi/include/c++/14.3.1/bits\stl_iterator.h ****       */
 313:C:/Program Files (x86)/Arm GNU Toolchain arm-none-eabi/14.3 rel1/arm-none-eabi/include/c++/14.3.1/bits\stl_iterator.h ****       _GLIBCXX17_CONSTEXPR reverse_iterator&
 314:C:/Program Files (x86)/Arm GNU Toolchain arm-none-eabi/14.3 rel1/arm-none-eabi/include/c++/14.3.1/bits\stl_iterator.h ****       operator--()
 315:C:/Program Files (x86)/Arm GNU Toolchain arm-none-eabi/14.3 rel1/arm-none-eabi/include/c++/14.3.1/bits\stl_iterator.h ****       {
 316:C:/Program Files (x86)/Arm GNU Toolchain arm-none-eabi/14.3 rel1/arm-none-eabi/include/c++/14.3.1/bits\stl_iterator.h **** 	++current;
 317:C:/Program Files (x86)/Arm GNU Toolchain arm-none-eabi/14.3 rel1/arm-none-eabi/include/c++/14.3.1/bits\stl_iterator.h **** 	return *this;
 318:C:/Program Files (x86)/Arm GNU Toolchain arm-none-eabi/14.3 rel1/arm-none-eabi/include/c++/14.3.1/bits\stl_iterator.h ****       }
 319:C:/Program Files (x86)/Arm GNU Toolchain arm-none-eabi/14.3 rel1/arm-none-eabi/include/c++/14.3.1/bits\stl_iterator.h **** 
 320:C:/Program Files (x86)/Arm GNU Toolchain arm-none-eabi/14.3 rel1/arm-none-eabi/include/c++/14.3.1/bits\stl_iterator.h ****       /**
 321:C:/Program Files (x86)/Arm GNU Toolchain arm-none-eabi/14.3 rel1/arm-none-eabi/include/c++/14.3.1/bits\stl_iterator.h ****        *  @return  A reverse_iterator with the previous value of @c *this
 322:C:/Program Files (x86)/Arm GNU Toolchain arm-none-eabi/14.3 rel1/arm-none-eabi/include/c++/14.3.1/bits\stl_iterator.h ****        *
 323:C:/Program Files (x86)/Arm GNU Toolchain arm-none-eabi/14.3 rel1/arm-none-eabi/include/c++/14.3.1/bits\stl_iterator.h ****        *  Increments the underlying iterator.
 324:C:/Program Files (x86)/Arm GNU Toolchain arm-none-eabi/14.3 rel1/arm-none-eabi/include/c++/14.3.1/bits\stl_iterator.h ****       */
ARM GAS  C:\Users\Oliver\AppData\Local\Temp\ccb1Hde1.s 			page 109


 325:C:/Program Files (x86)/Arm GNU Toolchain arm-none-eabi/14.3 rel1/arm-none-eabi/include/c++/14.3.1/bits\stl_iterator.h ****       _GLIBCXX17_CONSTEXPR reverse_iterator
 326:C:/Program Files (x86)/Arm GNU Toolchain arm-none-eabi/14.3 rel1/arm-none-eabi/include/c++/14.3.1/bits\stl_iterator.h ****       operator--(int)
 327:C:/Program Files (x86)/Arm GNU Toolchain arm-none-eabi/14.3 rel1/arm-none-eabi/include/c++/14.3.1/bits\stl_iterator.h ****       {
 328:C:/Program Files (x86)/Arm GNU Toolchain arm-none-eabi/14.3 rel1/arm-none-eabi/include/c++/14.3.1/bits\stl_iterator.h **** 	reverse_iterator __tmp = *this;
 329:C:/Program Files (x86)/Arm GNU Toolchain arm-none-eabi/14.3 rel1/arm-none-eabi/include/c++/14.3.1/bits\stl_iterator.h **** 	++current;
 330:C:/Program Files (x86)/Arm GNU Toolchain arm-none-eabi/14.3 rel1/arm-none-eabi/include/c++/14.3.1/bits\stl_iterator.h **** 	return __tmp;
 331:C:/Program Files (x86)/Arm GNU Toolchain arm-none-eabi/14.3 rel1/arm-none-eabi/include/c++/14.3.1/bits\stl_iterator.h ****       }
 332:C:/Program Files (x86)/Arm GNU Toolchain arm-none-eabi/14.3 rel1/arm-none-eabi/include/c++/14.3.1/bits\stl_iterator.h **** 
 333:C:/Program Files (x86)/Arm GNU Toolchain arm-none-eabi/14.3 rel1/arm-none-eabi/include/c++/14.3.1/bits\stl_iterator.h ****       /**
 334:C:/Program Files (x86)/Arm GNU Toolchain arm-none-eabi/14.3 rel1/arm-none-eabi/include/c++/14.3.1/bits\stl_iterator.h ****        *  @return  A reverse_iterator that refers to @c current - @a __n
 335:C:/Program Files (x86)/Arm GNU Toolchain arm-none-eabi/14.3 rel1/arm-none-eabi/include/c++/14.3.1/bits\stl_iterator.h ****        *
 336:C:/Program Files (x86)/Arm GNU Toolchain arm-none-eabi/14.3 rel1/arm-none-eabi/include/c++/14.3.1/bits\stl_iterator.h ****        *  The underlying iterator must be a Random Access Iterator.
 337:C:/Program Files (x86)/Arm GNU Toolchain arm-none-eabi/14.3 rel1/arm-none-eabi/include/c++/14.3.1/bits\stl_iterator.h ****       */
 338:C:/Program Files (x86)/Arm GNU Toolchain arm-none-eabi/14.3 rel1/arm-none-eabi/include/c++/14.3.1/bits\stl_iterator.h ****       _GLIBCXX_NODISCARD
 339:C:/Program Files (x86)/Arm GNU Toolchain arm-none-eabi/14.3 rel1/arm-none-eabi/include/c++/14.3.1/bits\stl_iterator.h ****       _GLIBCXX17_CONSTEXPR reverse_iterator
 340:C:/Program Files (x86)/Arm GNU Toolchain arm-none-eabi/14.3 rel1/arm-none-eabi/include/c++/14.3.1/bits\stl_iterator.h ****       operator+(difference_type __n) const
 341:C:/Program Files (x86)/Arm GNU Toolchain arm-none-eabi/14.3 rel1/arm-none-eabi/include/c++/14.3.1/bits\stl_iterator.h ****       { return reverse_iterator(current - __n); }
 342:C:/Program Files (x86)/Arm GNU Toolchain arm-none-eabi/14.3 rel1/arm-none-eabi/include/c++/14.3.1/bits\stl_iterator.h **** 
 343:C:/Program Files (x86)/Arm GNU Toolchain arm-none-eabi/14.3 rel1/arm-none-eabi/include/c++/14.3.1/bits\stl_iterator.h ****       /**
 344:C:/Program Files (x86)/Arm GNU Toolchain arm-none-eabi/14.3 rel1/arm-none-eabi/include/c++/14.3.1/bits\stl_iterator.h ****        *  @return  *this
 345:C:/Program Files (x86)/Arm GNU Toolchain arm-none-eabi/14.3 rel1/arm-none-eabi/include/c++/14.3.1/bits\stl_iterator.h ****        *
 346:C:/Program Files (x86)/Arm GNU Toolchain arm-none-eabi/14.3 rel1/arm-none-eabi/include/c++/14.3.1/bits\stl_iterator.h ****        *  Moves the underlying iterator backwards @a __n steps.
 347:C:/Program Files (x86)/Arm GNU Toolchain arm-none-eabi/14.3 rel1/arm-none-eabi/include/c++/14.3.1/bits\stl_iterator.h ****        *  The underlying iterator must be a Random Access Iterator.
 348:C:/Program Files (x86)/Arm GNU Toolchain arm-none-eabi/14.3 rel1/arm-none-eabi/include/c++/14.3.1/bits\stl_iterator.h ****       */
 349:C:/Program Files (x86)/Arm GNU Toolchain arm-none-eabi/14.3 rel1/arm-none-eabi/include/c++/14.3.1/bits\stl_iterator.h ****       _GLIBCXX17_CONSTEXPR reverse_iterator&
 350:C:/Program Files (x86)/Arm GNU Toolchain arm-none-eabi/14.3 rel1/arm-none-eabi/include/c++/14.3.1/bits\stl_iterator.h ****       operator+=(difference_type __n)
 351:C:/Program Files (x86)/Arm GNU Toolchain arm-none-eabi/14.3 rel1/arm-none-eabi/include/c++/14.3.1/bits\stl_iterator.h ****       {
 352:C:/Program Files (x86)/Arm GNU Toolchain arm-none-eabi/14.3 rel1/arm-none-eabi/include/c++/14.3.1/bits\stl_iterator.h **** 	current -= __n;
 353:C:/Program Files (x86)/Arm GNU Toolchain arm-none-eabi/14.3 rel1/arm-none-eabi/include/c++/14.3.1/bits\stl_iterator.h **** 	return *this;
 354:C:/Program Files (x86)/Arm GNU Toolchain arm-none-eabi/14.3 rel1/arm-none-eabi/include/c++/14.3.1/bits\stl_iterator.h ****       }
 355:C:/Program Files (x86)/Arm GNU Toolchain arm-none-eabi/14.3 rel1/arm-none-eabi/include/c++/14.3.1/bits\stl_iterator.h **** 
 356:C:/Program Files (x86)/Arm GNU Toolchain arm-none-eabi/14.3 rel1/arm-none-eabi/include/c++/14.3.1/bits\stl_iterator.h ****       /**
 357:C:/Program Files (x86)/Arm GNU Toolchain arm-none-eabi/14.3 rel1/arm-none-eabi/include/c++/14.3.1/bits\stl_iterator.h ****        *  @return  A reverse_iterator that refers to @c current - @a __n
 358:C:/Program Files (x86)/Arm GNU Toolchain arm-none-eabi/14.3 rel1/arm-none-eabi/include/c++/14.3.1/bits\stl_iterator.h ****        *
 359:C:/Program Files (x86)/Arm GNU Toolchain arm-none-eabi/14.3 rel1/arm-none-eabi/include/c++/14.3.1/bits\stl_iterator.h ****        *  The underlying iterator must be a Random Access Iterator.
 360:C:/Program Files (x86)/Arm GNU Toolchain arm-none-eabi/14.3 rel1/arm-none-eabi/include/c++/14.3.1/bits\stl_iterator.h ****       */
 361:C:/Program Files (x86)/Arm GNU Toolchain arm-none-eabi/14.3 rel1/arm-none-eabi/include/c++/14.3.1/bits\stl_iterator.h ****       _GLIBCXX_NODISCARD
 362:C:/Program Files (x86)/Arm GNU Toolchain arm-none-eabi/14.3 rel1/arm-none-eabi/include/c++/14.3.1/bits\stl_iterator.h ****       _GLIBCXX17_CONSTEXPR reverse_iterator
 363:C:/Program Files (x86)/Arm GNU Toolchain arm-none-eabi/14.3 rel1/arm-none-eabi/include/c++/14.3.1/bits\stl_iterator.h ****       operator-(difference_type __n) const
 364:C:/Program Files (x86)/Arm GNU Toolchain arm-none-eabi/14.3 rel1/arm-none-eabi/include/c++/14.3.1/bits\stl_iterator.h ****       { return reverse_iterator(current + __n); }
 365:C:/Program Files (x86)/Arm GNU Toolchain arm-none-eabi/14.3 rel1/arm-none-eabi/include/c++/14.3.1/bits\stl_iterator.h **** 
 366:C:/Program Files (x86)/Arm GNU Toolchain arm-none-eabi/14.3 rel1/arm-none-eabi/include/c++/14.3.1/bits\stl_iterator.h ****       /**
 367:C:/Program Files (x86)/Arm GNU Toolchain arm-none-eabi/14.3 rel1/arm-none-eabi/include/c++/14.3.1/bits\stl_iterator.h ****        *  @return  *this
 368:C:/Program Files (x86)/Arm GNU Toolchain arm-none-eabi/14.3 rel1/arm-none-eabi/include/c++/14.3.1/bits\stl_iterator.h ****        *
 369:C:/Program Files (x86)/Arm GNU Toolchain arm-none-eabi/14.3 rel1/arm-none-eabi/include/c++/14.3.1/bits\stl_iterator.h ****        *  Moves the underlying iterator forwards @a __n steps.
 370:C:/Program Files (x86)/Arm GNU Toolchain arm-none-eabi/14.3 rel1/arm-none-eabi/include/c++/14.3.1/bits\stl_iterator.h ****        *  The underlying iterator must be a Random Access Iterator.
 371:C:/Program Files (x86)/Arm GNU Toolchain arm-none-eabi/14.3 rel1/arm-none-eabi/include/c++/14.3.1/bits\stl_iterator.h ****       */
 372:C:/Program Files (x86)/Arm GNU Toolchain arm-none-eabi/14.3 rel1/arm-none-eabi/include/c++/14.3.1/bits\stl_iterator.h ****       _GLIBCXX17_CONSTEXPR reverse_iterator&
 373:C:/Program Files (x86)/Arm GNU Toolchain arm-none-eabi/14.3 rel1/arm-none-eabi/include/c++/14.3.1/bits\stl_iterator.h ****       operator-=(difference_type __n)
 374:C:/Program Files (x86)/Arm GNU Toolchain arm-none-eabi/14.3 rel1/arm-none-eabi/include/c++/14.3.1/bits\stl_iterator.h ****       {
 375:C:/Program Files (x86)/Arm GNU Toolchain arm-none-eabi/14.3 rel1/arm-none-eabi/include/c++/14.3.1/bits\stl_iterator.h **** 	current += __n;
 376:C:/Program Files (x86)/Arm GNU Toolchain arm-none-eabi/14.3 rel1/arm-none-eabi/include/c++/14.3.1/bits\stl_iterator.h **** 	return *this;
 377:C:/Program Files (x86)/Arm GNU Toolchain arm-none-eabi/14.3 rel1/arm-none-eabi/include/c++/14.3.1/bits\stl_iterator.h ****       }
 378:C:/Program Files (x86)/Arm GNU Toolchain arm-none-eabi/14.3 rel1/arm-none-eabi/include/c++/14.3.1/bits\stl_iterator.h **** 
 379:C:/Program Files (x86)/Arm GNU Toolchain arm-none-eabi/14.3 rel1/arm-none-eabi/include/c++/14.3.1/bits\stl_iterator.h ****       /**
 380:C:/Program Files (x86)/Arm GNU Toolchain arm-none-eabi/14.3 rel1/arm-none-eabi/include/c++/14.3.1/bits\stl_iterator.h ****        *  @return  The value at @c current - @a __n - 1
 381:C:/Program Files (x86)/Arm GNU Toolchain arm-none-eabi/14.3 rel1/arm-none-eabi/include/c++/14.3.1/bits\stl_iterator.h ****        *
ARM GAS  C:\Users\Oliver\AppData\Local\Temp\ccb1Hde1.s 			page 110


 382:C:/Program Files (x86)/Arm GNU Toolchain arm-none-eabi/14.3 rel1/arm-none-eabi/include/c++/14.3.1/bits\stl_iterator.h ****        *  The underlying iterator must be a Random Access Iterator.
 383:C:/Program Files (x86)/Arm GNU Toolchain arm-none-eabi/14.3 rel1/arm-none-eabi/include/c++/14.3.1/bits\stl_iterator.h ****       */
 384:C:/Program Files (x86)/Arm GNU Toolchain arm-none-eabi/14.3 rel1/arm-none-eabi/include/c++/14.3.1/bits\stl_iterator.h ****       _GLIBCXX_NODISCARD
 385:C:/Program Files (x86)/Arm GNU Toolchain arm-none-eabi/14.3 rel1/arm-none-eabi/include/c++/14.3.1/bits\stl_iterator.h ****       _GLIBCXX17_CONSTEXPR reference
 386:C:/Program Files (x86)/Arm GNU Toolchain arm-none-eabi/14.3 rel1/arm-none-eabi/include/c++/14.3.1/bits\stl_iterator.h ****       operator[](difference_type __n) const
 387:C:/Program Files (x86)/Arm GNU Toolchain arm-none-eabi/14.3 rel1/arm-none-eabi/include/c++/14.3.1/bits\stl_iterator.h ****       { return *(*this + __n); }
 388:C:/Program Files (x86)/Arm GNU Toolchain arm-none-eabi/14.3 rel1/arm-none-eabi/include/c++/14.3.1/bits\stl_iterator.h **** 
 389:C:/Program Files (x86)/Arm GNU Toolchain arm-none-eabi/14.3 rel1/arm-none-eabi/include/c++/14.3.1/bits\stl_iterator.h **** #if __cplusplus > 201703L && __glibcxx_concepts
 390:C:/Program Files (x86)/Arm GNU Toolchain arm-none-eabi/14.3 rel1/arm-none-eabi/include/c++/14.3.1/bits\stl_iterator.h ****       [[nodiscard]]
 391:C:/Program Files (x86)/Arm GNU Toolchain arm-none-eabi/14.3 rel1/arm-none-eabi/include/c++/14.3.1/bits\stl_iterator.h ****       friend constexpr iter_rvalue_reference_t<_Iterator>
 392:C:/Program Files (x86)/Arm GNU Toolchain arm-none-eabi/14.3 rel1/arm-none-eabi/include/c++/14.3.1/bits\stl_iterator.h ****       iter_move(const reverse_iterator& __i)
 393:C:/Program Files (x86)/Arm GNU Toolchain arm-none-eabi/14.3 rel1/arm-none-eabi/include/c++/14.3.1/bits\stl_iterator.h ****       noexcept(is_nothrow_copy_constructible_v<_Iterator>
 394:C:/Program Files (x86)/Arm GNU Toolchain arm-none-eabi/14.3 rel1/arm-none-eabi/include/c++/14.3.1/bits\stl_iterator.h **** 	       && noexcept(ranges::iter_move(--std::declval<_Iterator&>())))
 395:C:/Program Files (x86)/Arm GNU Toolchain arm-none-eabi/14.3 rel1/arm-none-eabi/include/c++/14.3.1/bits\stl_iterator.h ****       {
 396:C:/Program Files (x86)/Arm GNU Toolchain arm-none-eabi/14.3 rel1/arm-none-eabi/include/c++/14.3.1/bits\stl_iterator.h **** 	auto __tmp = __i.base();
 397:C:/Program Files (x86)/Arm GNU Toolchain arm-none-eabi/14.3 rel1/arm-none-eabi/include/c++/14.3.1/bits\stl_iterator.h **** 	return ranges::iter_move(--__tmp);
 398:C:/Program Files (x86)/Arm GNU Toolchain arm-none-eabi/14.3 rel1/arm-none-eabi/include/c++/14.3.1/bits\stl_iterator.h ****       }
 399:C:/Program Files (x86)/Arm GNU Toolchain arm-none-eabi/14.3 rel1/arm-none-eabi/include/c++/14.3.1/bits\stl_iterator.h **** 
 400:C:/Program Files (x86)/Arm GNU Toolchain arm-none-eabi/14.3 rel1/arm-none-eabi/include/c++/14.3.1/bits\stl_iterator.h ****       template<indirectly_swappable<_Iterator> _Iter2>
 401:C:/Program Files (x86)/Arm GNU Toolchain arm-none-eabi/14.3 rel1/arm-none-eabi/include/c++/14.3.1/bits\stl_iterator.h **** 	friend constexpr void
 402:C:/Program Files (x86)/Arm GNU Toolchain arm-none-eabi/14.3 rel1/arm-none-eabi/include/c++/14.3.1/bits\stl_iterator.h **** 	iter_swap(const reverse_iterator& __x,
 403:C:/Program Files (x86)/Arm GNU Toolchain arm-none-eabi/14.3 rel1/arm-none-eabi/include/c++/14.3.1/bits\stl_iterator.h **** 		  const reverse_iterator<_Iter2>& __y)
 404:C:/Program Files (x86)/Arm GNU Toolchain arm-none-eabi/14.3 rel1/arm-none-eabi/include/c++/14.3.1/bits\stl_iterator.h **** 	noexcept(is_nothrow_copy_constructible_v<_Iterator>
 405:C:/Program Files (x86)/Arm GNU Toolchain arm-none-eabi/14.3 rel1/arm-none-eabi/include/c++/14.3.1/bits\stl_iterator.h **** 		 && is_nothrow_copy_constructible_v<_Iter2>
 406:C:/Program Files (x86)/Arm GNU Toolchain arm-none-eabi/14.3 rel1/arm-none-eabi/include/c++/14.3.1/bits\stl_iterator.h **** 		 && noexcept(ranges::iter_swap(--std::declval<_Iterator&>(),
 407:C:/Program Files (x86)/Arm GNU Toolchain arm-none-eabi/14.3 rel1/arm-none-eabi/include/c++/14.3.1/bits\stl_iterator.h **** 					       --std::declval<_Iter2&>())))
 408:C:/Program Files (x86)/Arm GNU Toolchain arm-none-eabi/14.3 rel1/arm-none-eabi/include/c++/14.3.1/bits\stl_iterator.h **** 	{
 409:C:/Program Files (x86)/Arm GNU Toolchain arm-none-eabi/14.3 rel1/arm-none-eabi/include/c++/14.3.1/bits\stl_iterator.h **** 	  auto __xtmp = __x.base();
 410:C:/Program Files (x86)/Arm GNU Toolchain arm-none-eabi/14.3 rel1/arm-none-eabi/include/c++/14.3.1/bits\stl_iterator.h **** 	  auto __ytmp = __y.base();
 411:C:/Program Files (x86)/Arm GNU Toolchain arm-none-eabi/14.3 rel1/arm-none-eabi/include/c++/14.3.1/bits\stl_iterator.h **** 	  ranges::iter_swap(--__xtmp, --__ytmp);
 412:C:/Program Files (x86)/Arm GNU Toolchain arm-none-eabi/14.3 rel1/arm-none-eabi/include/c++/14.3.1/bits\stl_iterator.h **** 	}
 413:C:/Program Files (x86)/Arm GNU Toolchain arm-none-eabi/14.3 rel1/arm-none-eabi/include/c++/14.3.1/bits\stl_iterator.h **** #endif
 414:C:/Program Files (x86)/Arm GNU Toolchain arm-none-eabi/14.3 rel1/arm-none-eabi/include/c++/14.3.1/bits\stl_iterator.h **** 
 415:C:/Program Files (x86)/Arm GNU Toolchain arm-none-eabi/14.3 rel1/arm-none-eabi/include/c++/14.3.1/bits\stl_iterator.h ****     private:
 416:C:/Program Files (x86)/Arm GNU Toolchain arm-none-eabi/14.3 rel1/arm-none-eabi/include/c++/14.3.1/bits\stl_iterator.h ****       template<typename _Tp>
 417:C:/Program Files (x86)/Arm GNU Toolchain arm-none-eabi/14.3 rel1/arm-none-eabi/include/c++/14.3.1/bits\stl_iterator.h **** 	static _GLIBCXX17_CONSTEXPR _Tp*
 418:C:/Program Files (x86)/Arm GNU Toolchain arm-none-eabi/14.3 rel1/arm-none-eabi/include/c++/14.3.1/bits\stl_iterator.h **** 	_S_to_pointer(_Tp* __p)
 419:C:/Program Files (x86)/Arm GNU Toolchain arm-none-eabi/14.3 rel1/arm-none-eabi/include/c++/14.3.1/bits\stl_iterator.h ****         { return __p; }
 420:C:/Program Files (x86)/Arm GNU Toolchain arm-none-eabi/14.3 rel1/arm-none-eabi/include/c++/14.3.1/bits\stl_iterator.h **** 
 421:C:/Program Files (x86)/Arm GNU Toolchain arm-none-eabi/14.3 rel1/arm-none-eabi/include/c++/14.3.1/bits\stl_iterator.h ****       template<typename _Tp>
 422:C:/Program Files (x86)/Arm GNU Toolchain arm-none-eabi/14.3 rel1/arm-none-eabi/include/c++/14.3.1/bits\stl_iterator.h **** 	static _GLIBCXX17_CONSTEXPR pointer
 423:C:/Program Files (x86)/Arm GNU Toolchain arm-none-eabi/14.3 rel1/arm-none-eabi/include/c++/14.3.1/bits\stl_iterator.h **** 	_S_to_pointer(_Tp __t)
 424:C:/Program Files (x86)/Arm GNU Toolchain arm-none-eabi/14.3 rel1/arm-none-eabi/include/c++/14.3.1/bits\stl_iterator.h ****         { return __t.operator->(); }
 425:C:/Program Files (x86)/Arm GNU Toolchain arm-none-eabi/14.3 rel1/arm-none-eabi/include/c++/14.3.1/bits\stl_iterator.h ****     };
 426:C:/Program Files (x86)/Arm GNU Toolchain arm-none-eabi/14.3 rel1/arm-none-eabi/include/c++/14.3.1/bits\stl_iterator.h **** 
 427:C:/Program Files (x86)/Arm GNU Toolchain arm-none-eabi/14.3 rel1/arm-none-eabi/include/c++/14.3.1/bits\stl_iterator.h ****   ///@{
 428:C:/Program Files (x86)/Arm GNU Toolchain arm-none-eabi/14.3 rel1/arm-none-eabi/include/c++/14.3.1/bits\stl_iterator.h ****   /**
 429:C:/Program Files (x86)/Arm GNU Toolchain arm-none-eabi/14.3 rel1/arm-none-eabi/include/c++/14.3.1/bits\stl_iterator.h ****    *  @param  __x  A %reverse_iterator.
 430:C:/Program Files (x86)/Arm GNU Toolchain arm-none-eabi/14.3 rel1/arm-none-eabi/include/c++/14.3.1/bits\stl_iterator.h ****    *  @param  __y  A %reverse_iterator.
 431:C:/Program Files (x86)/Arm GNU Toolchain arm-none-eabi/14.3 rel1/arm-none-eabi/include/c++/14.3.1/bits\stl_iterator.h ****    *  @return  A simple bool.
 432:C:/Program Files (x86)/Arm GNU Toolchain arm-none-eabi/14.3 rel1/arm-none-eabi/include/c++/14.3.1/bits\stl_iterator.h ****    *
 433:C:/Program Files (x86)/Arm GNU Toolchain arm-none-eabi/14.3 rel1/arm-none-eabi/include/c++/14.3.1/bits\stl_iterator.h ****    *  Reverse iterators forward comparisons to their underlying base()
 434:C:/Program Files (x86)/Arm GNU Toolchain arm-none-eabi/14.3 rel1/arm-none-eabi/include/c++/14.3.1/bits\stl_iterator.h ****    *  iterators.
 435:C:/Program Files (x86)/Arm GNU Toolchain arm-none-eabi/14.3 rel1/arm-none-eabi/include/c++/14.3.1/bits\stl_iterator.h ****    *
 436:C:/Program Files (x86)/Arm GNU Toolchain arm-none-eabi/14.3 rel1/arm-none-eabi/include/c++/14.3.1/bits\stl_iterator.h ****   */
 437:C:/Program Files (x86)/Arm GNU Toolchain arm-none-eabi/14.3 rel1/arm-none-eabi/include/c++/14.3.1/bits\stl_iterator.h **** #if __cplusplus <= 201703L || ! defined __glibcxx_concepts
 438:C:/Program Files (x86)/Arm GNU Toolchain arm-none-eabi/14.3 rel1/arm-none-eabi/include/c++/14.3.1/bits\stl_iterator.h ****   template<typename _Iterator>
ARM GAS  C:\Users\Oliver\AppData\Local\Temp\ccb1Hde1.s 			page 111


 439:C:/Program Files (x86)/Arm GNU Toolchain arm-none-eabi/14.3 rel1/arm-none-eabi/include/c++/14.3.1/bits\stl_iterator.h ****     _GLIBCXX_NODISCARD
 440:C:/Program Files (x86)/Arm GNU Toolchain arm-none-eabi/14.3 rel1/arm-none-eabi/include/c++/14.3.1/bits\stl_iterator.h ****     inline _GLIBCXX17_CONSTEXPR bool
 441:C:/Program Files (x86)/Arm GNU Toolchain arm-none-eabi/14.3 rel1/arm-none-eabi/include/c++/14.3.1/bits\stl_iterator.h ****     operator==(const reverse_iterator<_Iterator>& __x,
 442:C:/Program Files (x86)/Arm GNU Toolchain arm-none-eabi/14.3 rel1/arm-none-eabi/include/c++/14.3.1/bits\stl_iterator.h **** 	       const reverse_iterator<_Iterator>& __y)
 443:C:/Program Files (x86)/Arm GNU Toolchain arm-none-eabi/14.3 rel1/arm-none-eabi/include/c++/14.3.1/bits\stl_iterator.h ****     { return __x.base() == __y.base(); }
 444:C:/Program Files (x86)/Arm GNU Toolchain arm-none-eabi/14.3 rel1/arm-none-eabi/include/c++/14.3.1/bits\stl_iterator.h **** 
 445:C:/Program Files (x86)/Arm GNU Toolchain arm-none-eabi/14.3 rel1/arm-none-eabi/include/c++/14.3.1/bits\stl_iterator.h ****   template<typename _Iterator>
 446:C:/Program Files (x86)/Arm GNU Toolchain arm-none-eabi/14.3 rel1/arm-none-eabi/include/c++/14.3.1/bits\stl_iterator.h ****     _GLIBCXX_NODISCARD
 447:C:/Program Files (x86)/Arm GNU Toolchain arm-none-eabi/14.3 rel1/arm-none-eabi/include/c++/14.3.1/bits\stl_iterator.h ****     inline _GLIBCXX17_CONSTEXPR bool
 448:C:/Program Files (x86)/Arm GNU Toolchain arm-none-eabi/14.3 rel1/arm-none-eabi/include/c++/14.3.1/bits\stl_iterator.h ****     operator<(const reverse_iterator<_Iterator>& __x,
 449:C:/Program Files (x86)/Arm GNU Toolchain arm-none-eabi/14.3 rel1/arm-none-eabi/include/c++/14.3.1/bits\stl_iterator.h **** 	      const reverse_iterator<_Iterator>& __y)
 450:C:/Program Files (x86)/Arm GNU Toolchain arm-none-eabi/14.3 rel1/arm-none-eabi/include/c++/14.3.1/bits\stl_iterator.h ****     { return __y.base() < __x.base(); }
 451:C:/Program Files (x86)/Arm GNU Toolchain arm-none-eabi/14.3 rel1/arm-none-eabi/include/c++/14.3.1/bits\stl_iterator.h **** 
 452:C:/Program Files (x86)/Arm GNU Toolchain arm-none-eabi/14.3 rel1/arm-none-eabi/include/c++/14.3.1/bits\stl_iterator.h ****   template<typename _Iterator>
 453:C:/Program Files (x86)/Arm GNU Toolchain arm-none-eabi/14.3 rel1/arm-none-eabi/include/c++/14.3.1/bits\stl_iterator.h ****     _GLIBCXX_NODISCARD
 454:C:/Program Files (x86)/Arm GNU Toolchain arm-none-eabi/14.3 rel1/arm-none-eabi/include/c++/14.3.1/bits\stl_iterator.h ****     inline _GLIBCXX17_CONSTEXPR bool
 455:C:/Program Files (x86)/Arm GNU Toolchain arm-none-eabi/14.3 rel1/arm-none-eabi/include/c++/14.3.1/bits\stl_iterator.h ****     operator!=(const reverse_iterator<_Iterator>& __x,
 456:C:/Program Files (x86)/Arm GNU Toolchain arm-none-eabi/14.3 rel1/arm-none-eabi/include/c++/14.3.1/bits\stl_iterator.h **** 	       const reverse_iterator<_Iterator>& __y)
 457:C:/Program Files (x86)/Arm GNU Toolchain arm-none-eabi/14.3 rel1/arm-none-eabi/include/c++/14.3.1/bits\stl_iterator.h ****     { return !(__x == __y); }
 458:C:/Program Files (x86)/Arm GNU Toolchain arm-none-eabi/14.3 rel1/arm-none-eabi/include/c++/14.3.1/bits\stl_iterator.h **** 
 459:C:/Program Files (x86)/Arm GNU Toolchain arm-none-eabi/14.3 rel1/arm-none-eabi/include/c++/14.3.1/bits\stl_iterator.h ****   template<typename _Iterator>
 460:C:/Program Files (x86)/Arm GNU Toolchain arm-none-eabi/14.3 rel1/arm-none-eabi/include/c++/14.3.1/bits\stl_iterator.h ****     _GLIBCXX_NODISCARD
 461:C:/Program Files (x86)/Arm GNU Toolchain arm-none-eabi/14.3 rel1/arm-none-eabi/include/c++/14.3.1/bits\stl_iterator.h ****     inline _GLIBCXX17_CONSTEXPR bool
 462:C:/Program Files (x86)/Arm GNU Toolchain arm-none-eabi/14.3 rel1/arm-none-eabi/include/c++/14.3.1/bits\stl_iterator.h ****     operator>(const reverse_iterator<_Iterator>& __x,
 463:C:/Program Files (x86)/Arm GNU Toolchain arm-none-eabi/14.3 rel1/arm-none-eabi/include/c++/14.3.1/bits\stl_iterator.h **** 	      const reverse_iterator<_Iterator>& __y)
 464:C:/Program Files (x86)/Arm GNU Toolchain arm-none-eabi/14.3 rel1/arm-none-eabi/include/c++/14.3.1/bits\stl_iterator.h ****     { return __y < __x; }
 465:C:/Program Files (x86)/Arm GNU Toolchain arm-none-eabi/14.3 rel1/arm-none-eabi/include/c++/14.3.1/bits\stl_iterator.h **** 
 466:C:/Program Files (x86)/Arm GNU Toolchain arm-none-eabi/14.3 rel1/arm-none-eabi/include/c++/14.3.1/bits\stl_iterator.h ****   template<typename _Iterator>
 467:C:/Program Files (x86)/Arm GNU Toolchain arm-none-eabi/14.3 rel1/arm-none-eabi/include/c++/14.3.1/bits\stl_iterator.h ****     _GLIBCXX_NODISCARD
 468:C:/Program Files (x86)/Arm GNU Toolchain arm-none-eabi/14.3 rel1/arm-none-eabi/include/c++/14.3.1/bits\stl_iterator.h ****     inline _GLIBCXX17_CONSTEXPR bool
 469:C:/Program Files (x86)/Arm GNU Toolchain arm-none-eabi/14.3 rel1/arm-none-eabi/include/c++/14.3.1/bits\stl_iterator.h ****     operator<=(const reverse_iterator<_Iterator>& __x,
 470:C:/Program Files (x86)/Arm GNU Toolchain arm-none-eabi/14.3 rel1/arm-none-eabi/include/c++/14.3.1/bits\stl_iterator.h **** 	       const reverse_iterator<_Iterator>& __y)
 471:C:/Program Files (x86)/Arm GNU Toolchain arm-none-eabi/14.3 rel1/arm-none-eabi/include/c++/14.3.1/bits\stl_iterator.h ****     { return !(__y < __x); }
 472:C:/Program Files (x86)/Arm GNU Toolchain arm-none-eabi/14.3 rel1/arm-none-eabi/include/c++/14.3.1/bits\stl_iterator.h **** 
 473:C:/Program Files (x86)/Arm GNU Toolchain arm-none-eabi/14.3 rel1/arm-none-eabi/include/c++/14.3.1/bits\stl_iterator.h ****   template<typename _Iterator>
 474:C:/Program Files (x86)/Arm GNU Toolchain arm-none-eabi/14.3 rel1/arm-none-eabi/include/c++/14.3.1/bits\stl_iterator.h ****     _GLIBCXX_NODISCARD
 475:C:/Program Files (x86)/Arm GNU Toolchain arm-none-eabi/14.3 rel1/arm-none-eabi/include/c++/14.3.1/bits\stl_iterator.h ****     inline _GLIBCXX17_CONSTEXPR bool
 476:C:/Program Files (x86)/Arm GNU Toolchain arm-none-eabi/14.3 rel1/arm-none-eabi/include/c++/14.3.1/bits\stl_iterator.h ****     operator>=(const reverse_iterator<_Iterator>& __x,
 477:C:/Program Files (x86)/Arm GNU Toolchain arm-none-eabi/14.3 rel1/arm-none-eabi/include/c++/14.3.1/bits\stl_iterator.h **** 	       const reverse_iterator<_Iterator>& __y)
 478:C:/Program Files (x86)/Arm GNU Toolchain arm-none-eabi/14.3 rel1/arm-none-eabi/include/c++/14.3.1/bits\stl_iterator.h ****     { return !(__x < __y); }
 479:C:/Program Files (x86)/Arm GNU Toolchain arm-none-eabi/14.3 rel1/arm-none-eabi/include/c++/14.3.1/bits\stl_iterator.h **** 
 480:C:/Program Files (x86)/Arm GNU Toolchain arm-none-eabi/14.3 rel1/arm-none-eabi/include/c++/14.3.1/bits\stl_iterator.h ****   // _GLIBCXX_RESOLVE_LIB_DEFECTS
 481:C:/Program Files (x86)/Arm GNU Toolchain arm-none-eabi/14.3 rel1/arm-none-eabi/include/c++/14.3.1/bits\stl_iterator.h ****   // DR 280. Comparison of reverse_iterator to const reverse_iterator.
 482:C:/Program Files (x86)/Arm GNU Toolchain arm-none-eabi/14.3 rel1/arm-none-eabi/include/c++/14.3.1/bits\stl_iterator.h **** 
 483:C:/Program Files (x86)/Arm GNU Toolchain arm-none-eabi/14.3 rel1/arm-none-eabi/include/c++/14.3.1/bits\stl_iterator.h ****   template<typename _IteratorL, typename _IteratorR>
 484:C:/Program Files (x86)/Arm GNU Toolchain arm-none-eabi/14.3 rel1/arm-none-eabi/include/c++/14.3.1/bits\stl_iterator.h ****     _GLIBCXX_NODISCARD
 485:C:/Program Files (x86)/Arm GNU Toolchain arm-none-eabi/14.3 rel1/arm-none-eabi/include/c++/14.3.1/bits\stl_iterator.h ****     inline _GLIBCXX17_CONSTEXPR bool
 486:C:/Program Files (x86)/Arm GNU Toolchain arm-none-eabi/14.3 rel1/arm-none-eabi/include/c++/14.3.1/bits\stl_iterator.h ****     operator==(const reverse_iterator<_IteratorL>& __x,
 487:C:/Program Files (x86)/Arm GNU Toolchain arm-none-eabi/14.3 rel1/arm-none-eabi/include/c++/14.3.1/bits\stl_iterator.h **** 	       const reverse_iterator<_IteratorR>& __y)
 488:C:/Program Files (x86)/Arm GNU Toolchain arm-none-eabi/14.3 rel1/arm-none-eabi/include/c++/14.3.1/bits\stl_iterator.h ****     { return __x.base() == __y.base(); }
 489:C:/Program Files (x86)/Arm GNU Toolchain arm-none-eabi/14.3 rel1/arm-none-eabi/include/c++/14.3.1/bits\stl_iterator.h **** 
 490:C:/Program Files (x86)/Arm GNU Toolchain arm-none-eabi/14.3 rel1/arm-none-eabi/include/c++/14.3.1/bits\stl_iterator.h ****   template<typename _IteratorL, typename _IteratorR>
 491:C:/Program Files (x86)/Arm GNU Toolchain arm-none-eabi/14.3 rel1/arm-none-eabi/include/c++/14.3.1/bits\stl_iterator.h ****     _GLIBCXX_NODISCARD
 492:C:/Program Files (x86)/Arm GNU Toolchain arm-none-eabi/14.3 rel1/arm-none-eabi/include/c++/14.3.1/bits\stl_iterator.h ****     inline _GLIBCXX17_CONSTEXPR bool
 493:C:/Program Files (x86)/Arm GNU Toolchain arm-none-eabi/14.3 rel1/arm-none-eabi/include/c++/14.3.1/bits\stl_iterator.h ****     operator<(const reverse_iterator<_IteratorL>& __x,
 494:C:/Program Files (x86)/Arm GNU Toolchain arm-none-eabi/14.3 rel1/arm-none-eabi/include/c++/14.3.1/bits\stl_iterator.h **** 	      const reverse_iterator<_IteratorR>& __y)
 495:C:/Program Files (x86)/Arm GNU Toolchain arm-none-eabi/14.3 rel1/arm-none-eabi/include/c++/14.3.1/bits\stl_iterator.h ****     { return __x.base() > __y.base(); }
ARM GAS  C:\Users\Oliver\AppData\Local\Temp\ccb1Hde1.s 			page 112


 496:C:/Program Files (x86)/Arm GNU Toolchain arm-none-eabi/14.3 rel1/arm-none-eabi/include/c++/14.3.1/bits\stl_iterator.h **** 
 497:C:/Program Files (x86)/Arm GNU Toolchain arm-none-eabi/14.3 rel1/arm-none-eabi/include/c++/14.3.1/bits\stl_iterator.h ****   template<typename _IteratorL, typename _IteratorR>
 498:C:/Program Files (x86)/Arm GNU Toolchain arm-none-eabi/14.3 rel1/arm-none-eabi/include/c++/14.3.1/bits\stl_iterator.h ****     _GLIBCXX_NODISCARD
 499:C:/Program Files (x86)/Arm GNU Toolchain arm-none-eabi/14.3 rel1/arm-none-eabi/include/c++/14.3.1/bits\stl_iterator.h ****     inline _GLIBCXX17_CONSTEXPR bool
 500:C:/Program Files (x86)/Arm GNU Toolchain arm-none-eabi/14.3 rel1/arm-none-eabi/include/c++/14.3.1/bits\stl_iterator.h ****     operator!=(const reverse_iterator<_IteratorL>& __x,
 501:C:/Program Files (x86)/Arm GNU Toolchain arm-none-eabi/14.3 rel1/arm-none-eabi/include/c++/14.3.1/bits\stl_iterator.h **** 	       const reverse_iterator<_IteratorR>& __y)
 502:C:/Program Files (x86)/Arm GNU Toolchain arm-none-eabi/14.3 rel1/arm-none-eabi/include/c++/14.3.1/bits\stl_iterator.h ****     { return __x.base() != __y.base(); }
 503:C:/Program Files (x86)/Arm GNU Toolchain arm-none-eabi/14.3 rel1/arm-none-eabi/include/c++/14.3.1/bits\stl_iterator.h **** 
 504:C:/Program Files (x86)/Arm GNU Toolchain arm-none-eabi/14.3 rel1/arm-none-eabi/include/c++/14.3.1/bits\stl_iterator.h ****   template<typename _IteratorL, typename _IteratorR>
 505:C:/Program Files (x86)/Arm GNU Toolchain arm-none-eabi/14.3 rel1/arm-none-eabi/include/c++/14.3.1/bits\stl_iterator.h ****     _GLIBCXX_NODISCARD
 506:C:/Program Files (x86)/Arm GNU Toolchain arm-none-eabi/14.3 rel1/arm-none-eabi/include/c++/14.3.1/bits\stl_iterator.h ****     inline _GLIBCXX17_CONSTEXPR bool
 507:C:/Program Files (x86)/Arm GNU Toolchain arm-none-eabi/14.3 rel1/arm-none-eabi/include/c++/14.3.1/bits\stl_iterator.h ****     operator>(const reverse_iterator<_IteratorL>& __x,
 508:C:/Program Files (x86)/Arm GNU Toolchain arm-none-eabi/14.3 rel1/arm-none-eabi/include/c++/14.3.1/bits\stl_iterator.h **** 	      const reverse_iterator<_IteratorR>& __y)
 509:C:/Program Files (x86)/Arm GNU Toolchain arm-none-eabi/14.3 rel1/arm-none-eabi/include/c++/14.3.1/bits\stl_iterator.h ****     { return __x.base() < __y.base(); }
 510:C:/Program Files (x86)/Arm GNU Toolchain arm-none-eabi/14.3 rel1/arm-none-eabi/include/c++/14.3.1/bits\stl_iterator.h **** 
 511:C:/Program Files (x86)/Arm GNU Toolchain arm-none-eabi/14.3 rel1/arm-none-eabi/include/c++/14.3.1/bits\stl_iterator.h ****   template<typename _IteratorL, typename _IteratorR>
 512:C:/Program Files (x86)/Arm GNU Toolchain arm-none-eabi/14.3 rel1/arm-none-eabi/include/c++/14.3.1/bits\stl_iterator.h ****     inline _GLIBCXX17_CONSTEXPR bool
 513:C:/Program Files (x86)/Arm GNU Toolchain arm-none-eabi/14.3 rel1/arm-none-eabi/include/c++/14.3.1/bits\stl_iterator.h ****     operator<=(const reverse_iterator<_IteratorL>& __x,
 514:C:/Program Files (x86)/Arm GNU Toolchain arm-none-eabi/14.3 rel1/arm-none-eabi/include/c++/14.3.1/bits\stl_iterator.h **** 	       const reverse_iterator<_IteratorR>& __y)
 515:C:/Program Files (x86)/Arm GNU Toolchain arm-none-eabi/14.3 rel1/arm-none-eabi/include/c++/14.3.1/bits\stl_iterator.h ****     { return __x.base() >= __y.base(); }
 516:C:/Program Files (x86)/Arm GNU Toolchain arm-none-eabi/14.3 rel1/arm-none-eabi/include/c++/14.3.1/bits\stl_iterator.h **** 
 517:C:/Program Files (x86)/Arm GNU Toolchain arm-none-eabi/14.3 rel1/arm-none-eabi/include/c++/14.3.1/bits\stl_iterator.h ****   template<typename _IteratorL, typename _IteratorR>
 518:C:/Program Files (x86)/Arm GNU Toolchain arm-none-eabi/14.3 rel1/arm-none-eabi/include/c++/14.3.1/bits\stl_iterator.h ****     _GLIBCXX_NODISCARD
 519:C:/Program Files (x86)/Arm GNU Toolchain arm-none-eabi/14.3 rel1/arm-none-eabi/include/c++/14.3.1/bits\stl_iterator.h ****     inline _GLIBCXX17_CONSTEXPR bool
 520:C:/Program Files (x86)/Arm GNU Toolchain arm-none-eabi/14.3 rel1/arm-none-eabi/include/c++/14.3.1/bits\stl_iterator.h ****     operator>=(const reverse_iterator<_IteratorL>& __x,
 521:C:/Program Files (x86)/Arm GNU Toolchain arm-none-eabi/14.3 rel1/arm-none-eabi/include/c++/14.3.1/bits\stl_iterator.h **** 	       const reverse_iterator<_IteratorR>& __y)
 522:C:/Program Files (x86)/Arm GNU Toolchain arm-none-eabi/14.3 rel1/arm-none-eabi/include/c++/14.3.1/bits\stl_iterator.h ****     { return __x.base() <= __y.base(); }
 523:C:/Program Files (x86)/Arm GNU Toolchain arm-none-eabi/14.3 rel1/arm-none-eabi/include/c++/14.3.1/bits\stl_iterator.h **** #else // C++20
 524:C:/Program Files (x86)/Arm GNU Toolchain arm-none-eabi/14.3 rel1/arm-none-eabi/include/c++/14.3.1/bits\stl_iterator.h ****   template<typename _IteratorL, typename _IteratorR>
 525:C:/Program Files (x86)/Arm GNU Toolchain arm-none-eabi/14.3 rel1/arm-none-eabi/include/c++/14.3.1/bits\stl_iterator.h ****     [[nodiscard]]
 526:C:/Program Files (x86)/Arm GNU Toolchain arm-none-eabi/14.3 rel1/arm-none-eabi/include/c++/14.3.1/bits\stl_iterator.h ****     constexpr bool
 527:C:/Program Files (x86)/Arm GNU Toolchain arm-none-eabi/14.3 rel1/arm-none-eabi/include/c++/14.3.1/bits\stl_iterator.h ****     operator==(const reverse_iterator<_IteratorL>& __x,
 528:C:/Program Files (x86)/Arm GNU Toolchain arm-none-eabi/14.3 rel1/arm-none-eabi/include/c++/14.3.1/bits\stl_iterator.h **** 	       const reverse_iterator<_IteratorR>& __y)
 529:C:/Program Files (x86)/Arm GNU Toolchain arm-none-eabi/14.3 rel1/arm-none-eabi/include/c++/14.3.1/bits\stl_iterator.h ****     requires requires { { __x.base() == __y.base() } -> convertible_to<bool>; }
 530:C:/Program Files (x86)/Arm GNU Toolchain arm-none-eabi/14.3 rel1/arm-none-eabi/include/c++/14.3.1/bits\stl_iterator.h ****     { return __x.base() == __y.base(); }
 531:C:/Program Files (x86)/Arm GNU Toolchain arm-none-eabi/14.3 rel1/arm-none-eabi/include/c++/14.3.1/bits\stl_iterator.h **** 
 532:C:/Program Files (x86)/Arm GNU Toolchain arm-none-eabi/14.3 rel1/arm-none-eabi/include/c++/14.3.1/bits\stl_iterator.h ****   template<typename _IteratorL, typename _IteratorR>
 533:C:/Program Files (x86)/Arm GNU Toolchain arm-none-eabi/14.3 rel1/arm-none-eabi/include/c++/14.3.1/bits\stl_iterator.h ****     [[nodiscard]]
 534:C:/Program Files (x86)/Arm GNU Toolchain arm-none-eabi/14.3 rel1/arm-none-eabi/include/c++/14.3.1/bits\stl_iterator.h ****     constexpr bool
 535:C:/Program Files (x86)/Arm GNU Toolchain arm-none-eabi/14.3 rel1/arm-none-eabi/include/c++/14.3.1/bits\stl_iterator.h ****     operator!=(const reverse_iterator<_IteratorL>& __x,
 536:C:/Program Files (x86)/Arm GNU Toolchain arm-none-eabi/14.3 rel1/arm-none-eabi/include/c++/14.3.1/bits\stl_iterator.h **** 	       const reverse_iterator<_IteratorR>& __y)
 537:C:/Program Files (x86)/Arm GNU Toolchain arm-none-eabi/14.3 rel1/arm-none-eabi/include/c++/14.3.1/bits\stl_iterator.h ****     requires requires { { __x.base() != __y.base() } -> convertible_to<bool>; }
 538:C:/Program Files (x86)/Arm GNU Toolchain arm-none-eabi/14.3 rel1/arm-none-eabi/include/c++/14.3.1/bits\stl_iterator.h ****     { return __x.base() != __y.base(); }
 539:C:/Program Files (x86)/Arm GNU Toolchain arm-none-eabi/14.3 rel1/arm-none-eabi/include/c++/14.3.1/bits\stl_iterator.h **** 
 540:C:/Program Files (x86)/Arm GNU Toolchain arm-none-eabi/14.3 rel1/arm-none-eabi/include/c++/14.3.1/bits\stl_iterator.h ****   template<typename _IteratorL, typename _IteratorR>
 541:C:/Program Files (x86)/Arm GNU Toolchain arm-none-eabi/14.3 rel1/arm-none-eabi/include/c++/14.3.1/bits\stl_iterator.h ****     [[nodiscard]]
 542:C:/Program Files (x86)/Arm GNU Toolchain arm-none-eabi/14.3 rel1/arm-none-eabi/include/c++/14.3.1/bits\stl_iterator.h ****     constexpr bool
 543:C:/Program Files (x86)/Arm GNU Toolchain arm-none-eabi/14.3 rel1/arm-none-eabi/include/c++/14.3.1/bits\stl_iterator.h ****     operator<(const reverse_iterator<_IteratorL>& __x,
 544:C:/Program Files (x86)/Arm GNU Toolchain arm-none-eabi/14.3 rel1/arm-none-eabi/include/c++/14.3.1/bits\stl_iterator.h **** 	      const reverse_iterator<_IteratorR>& __y)
 545:C:/Program Files (x86)/Arm GNU Toolchain arm-none-eabi/14.3 rel1/arm-none-eabi/include/c++/14.3.1/bits\stl_iterator.h ****     requires requires { { __x.base() > __y.base() } -> convertible_to<bool>; }
 546:C:/Program Files (x86)/Arm GNU Toolchain arm-none-eabi/14.3 rel1/arm-none-eabi/include/c++/14.3.1/bits\stl_iterator.h ****     { return __x.base() > __y.base(); }
 547:C:/Program Files (x86)/Arm GNU Toolchain arm-none-eabi/14.3 rel1/arm-none-eabi/include/c++/14.3.1/bits\stl_iterator.h **** 
 548:C:/Program Files (x86)/Arm GNU Toolchain arm-none-eabi/14.3 rel1/arm-none-eabi/include/c++/14.3.1/bits\stl_iterator.h ****   template<typename _IteratorL, typename _IteratorR>
 549:C:/Program Files (x86)/Arm GNU Toolchain arm-none-eabi/14.3 rel1/arm-none-eabi/include/c++/14.3.1/bits\stl_iterator.h ****     [[nodiscard]]
 550:C:/Program Files (x86)/Arm GNU Toolchain arm-none-eabi/14.3 rel1/arm-none-eabi/include/c++/14.3.1/bits\stl_iterator.h ****     constexpr bool
 551:C:/Program Files (x86)/Arm GNU Toolchain arm-none-eabi/14.3 rel1/arm-none-eabi/include/c++/14.3.1/bits\stl_iterator.h ****     operator>(const reverse_iterator<_IteratorL>& __x,
 552:C:/Program Files (x86)/Arm GNU Toolchain arm-none-eabi/14.3 rel1/arm-none-eabi/include/c++/14.3.1/bits\stl_iterator.h **** 	      const reverse_iterator<_IteratorR>& __y)
ARM GAS  C:\Users\Oliver\AppData\Local\Temp\ccb1Hde1.s 			page 113


 553:C:/Program Files (x86)/Arm GNU Toolchain arm-none-eabi/14.3 rel1/arm-none-eabi/include/c++/14.3.1/bits\stl_iterator.h ****     requires requires { { __x.base() < __y.base() } -> convertible_to<bool>; }
 554:C:/Program Files (x86)/Arm GNU Toolchain arm-none-eabi/14.3 rel1/arm-none-eabi/include/c++/14.3.1/bits\stl_iterator.h ****     { return __x.base() < __y.base(); }
 555:C:/Program Files (x86)/Arm GNU Toolchain arm-none-eabi/14.3 rel1/arm-none-eabi/include/c++/14.3.1/bits\stl_iterator.h **** 
 556:C:/Program Files (x86)/Arm GNU Toolchain arm-none-eabi/14.3 rel1/arm-none-eabi/include/c++/14.3.1/bits\stl_iterator.h ****   template<typename _IteratorL, typename _IteratorR>
 557:C:/Program Files (x86)/Arm GNU Toolchain arm-none-eabi/14.3 rel1/arm-none-eabi/include/c++/14.3.1/bits\stl_iterator.h ****     [[nodiscard]]
 558:C:/Program Files (x86)/Arm GNU Toolchain arm-none-eabi/14.3 rel1/arm-none-eabi/include/c++/14.3.1/bits\stl_iterator.h ****     constexpr bool
 559:C:/Program Files (x86)/Arm GNU Toolchain arm-none-eabi/14.3 rel1/arm-none-eabi/include/c++/14.3.1/bits\stl_iterator.h ****     operator<=(const reverse_iterator<_IteratorL>& __x,
 560:C:/Program Files (x86)/Arm GNU Toolchain arm-none-eabi/14.3 rel1/arm-none-eabi/include/c++/14.3.1/bits\stl_iterator.h **** 	       const reverse_iterator<_IteratorR>& __y)
 561:C:/Program Files (x86)/Arm GNU Toolchain arm-none-eabi/14.3 rel1/arm-none-eabi/include/c++/14.3.1/bits\stl_iterator.h ****     requires requires { { __x.base() >= __y.base() } -> convertible_to<bool>; }
 562:C:/Program Files (x86)/Arm GNU Toolchain arm-none-eabi/14.3 rel1/arm-none-eabi/include/c++/14.3.1/bits\stl_iterator.h ****     { return __x.base() >= __y.base(); }
 563:C:/Program Files (x86)/Arm GNU Toolchain arm-none-eabi/14.3 rel1/arm-none-eabi/include/c++/14.3.1/bits\stl_iterator.h **** 
 564:C:/Program Files (x86)/Arm GNU Toolchain arm-none-eabi/14.3 rel1/arm-none-eabi/include/c++/14.3.1/bits\stl_iterator.h ****   template<typename _IteratorL, typename _IteratorR>
 565:C:/Program Files (x86)/Arm GNU Toolchain arm-none-eabi/14.3 rel1/arm-none-eabi/include/c++/14.3.1/bits\stl_iterator.h ****     [[nodiscard]]
 566:C:/Program Files (x86)/Arm GNU Toolchain arm-none-eabi/14.3 rel1/arm-none-eabi/include/c++/14.3.1/bits\stl_iterator.h ****     constexpr bool
 567:C:/Program Files (x86)/Arm GNU Toolchain arm-none-eabi/14.3 rel1/arm-none-eabi/include/c++/14.3.1/bits\stl_iterator.h ****     operator>=(const reverse_iterator<_IteratorL>& __x,
 568:C:/Program Files (x86)/Arm GNU Toolchain arm-none-eabi/14.3 rel1/arm-none-eabi/include/c++/14.3.1/bits\stl_iterator.h **** 	       const reverse_iterator<_IteratorR>& __y)
 569:C:/Program Files (x86)/Arm GNU Toolchain arm-none-eabi/14.3 rel1/arm-none-eabi/include/c++/14.3.1/bits\stl_iterator.h ****     requires requires { { __x.base() <= __y.base() } -> convertible_to<bool>; }
 570:C:/Program Files (x86)/Arm GNU Toolchain arm-none-eabi/14.3 rel1/arm-none-eabi/include/c++/14.3.1/bits\stl_iterator.h ****     { return __x.base() <= __y.base(); }
 571:C:/Program Files (x86)/Arm GNU Toolchain arm-none-eabi/14.3 rel1/arm-none-eabi/include/c++/14.3.1/bits\stl_iterator.h **** 
 572:C:/Program Files (x86)/Arm GNU Toolchain arm-none-eabi/14.3 rel1/arm-none-eabi/include/c++/14.3.1/bits\stl_iterator.h ****   template<typename _IteratorL,
 573:C:/Program Files (x86)/Arm GNU Toolchain arm-none-eabi/14.3 rel1/arm-none-eabi/include/c++/14.3.1/bits\stl_iterator.h **** 	   three_way_comparable_with<_IteratorL> _IteratorR>
 574:C:/Program Files (x86)/Arm GNU Toolchain arm-none-eabi/14.3 rel1/arm-none-eabi/include/c++/14.3.1/bits\stl_iterator.h ****     [[nodiscard]]
 575:C:/Program Files (x86)/Arm GNU Toolchain arm-none-eabi/14.3 rel1/arm-none-eabi/include/c++/14.3.1/bits\stl_iterator.h ****     constexpr compare_three_way_result_t<_IteratorL, _IteratorR>
 576:C:/Program Files (x86)/Arm GNU Toolchain arm-none-eabi/14.3 rel1/arm-none-eabi/include/c++/14.3.1/bits\stl_iterator.h ****     operator<=>(const reverse_iterator<_IteratorL>& __x,
 577:C:/Program Files (x86)/Arm GNU Toolchain arm-none-eabi/14.3 rel1/arm-none-eabi/include/c++/14.3.1/bits\stl_iterator.h **** 		const reverse_iterator<_IteratorR>& __y)
 578:C:/Program Files (x86)/Arm GNU Toolchain arm-none-eabi/14.3 rel1/arm-none-eabi/include/c++/14.3.1/bits\stl_iterator.h ****     { return __y.base() <=> __x.base(); }
 579:C:/Program Files (x86)/Arm GNU Toolchain arm-none-eabi/14.3 rel1/arm-none-eabi/include/c++/14.3.1/bits\stl_iterator.h **** 
 580:C:/Program Files (x86)/Arm GNU Toolchain arm-none-eabi/14.3 rel1/arm-none-eabi/include/c++/14.3.1/bits\stl_iterator.h ****   // Additional, non-standard overloads to avoid ambiguities with greedy,
 581:C:/Program Files (x86)/Arm GNU Toolchain arm-none-eabi/14.3 rel1/arm-none-eabi/include/c++/14.3.1/bits\stl_iterator.h ****   // unconstrained overloads in associated namespaces.
 582:C:/Program Files (x86)/Arm GNU Toolchain arm-none-eabi/14.3 rel1/arm-none-eabi/include/c++/14.3.1/bits\stl_iterator.h **** 
 583:C:/Program Files (x86)/Arm GNU Toolchain arm-none-eabi/14.3 rel1/arm-none-eabi/include/c++/14.3.1/bits\stl_iterator.h ****   template<typename _Iterator>
 584:C:/Program Files (x86)/Arm GNU Toolchain arm-none-eabi/14.3 rel1/arm-none-eabi/include/c++/14.3.1/bits\stl_iterator.h ****     [[nodiscard]]
 585:C:/Program Files (x86)/Arm GNU Toolchain arm-none-eabi/14.3 rel1/arm-none-eabi/include/c++/14.3.1/bits\stl_iterator.h ****     constexpr bool
 586:C:/Program Files (x86)/Arm GNU Toolchain arm-none-eabi/14.3 rel1/arm-none-eabi/include/c++/14.3.1/bits\stl_iterator.h ****     operator==(const reverse_iterator<_Iterator>& __x,
 587:C:/Program Files (x86)/Arm GNU Toolchain arm-none-eabi/14.3 rel1/arm-none-eabi/include/c++/14.3.1/bits\stl_iterator.h **** 	       const reverse_iterator<_Iterator>& __y)
 588:C:/Program Files (x86)/Arm GNU Toolchain arm-none-eabi/14.3 rel1/arm-none-eabi/include/c++/14.3.1/bits\stl_iterator.h ****     requires requires { { __x.base() == __y.base() } -> convertible_to<bool>; }
 589:C:/Program Files (x86)/Arm GNU Toolchain arm-none-eabi/14.3 rel1/arm-none-eabi/include/c++/14.3.1/bits\stl_iterator.h ****     { return __x.base() == __y.base(); }
 590:C:/Program Files (x86)/Arm GNU Toolchain arm-none-eabi/14.3 rel1/arm-none-eabi/include/c++/14.3.1/bits\stl_iterator.h **** 
 591:C:/Program Files (x86)/Arm GNU Toolchain arm-none-eabi/14.3 rel1/arm-none-eabi/include/c++/14.3.1/bits\stl_iterator.h ****   template<three_way_comparable _Iterator>
 592:C:/Program Files (x86)/Arm GNU Toolchain arm-none-eabi/14.3 rel1/arm-none-eabi/include/c++/14.3.1/bits\stl_iterator.h ****     [[nodiscard]]
 593:C:/Program Files (x86)/Arm GNU Toolchain arm-none-eabi/14.3 rel1/arm-none-eabi/include/c++/14.3.1/bits\stl_iterator.h ****     constexpr compare_three_way_result_t<_Iterator, _Iterator>
 594:C:/Program Files (x86)/Arm GNU Toolchain arm-none-eabi/14.3 rel1/arm-none-eabi/include/c++/14.3.1/bits\stl_iterator.h ****     operator<=>(const reverse_iterator<_Iterator>& __x,
 595:C:/Program Files (x86)/Arm GNU Toolchain arm-none-eabi/14.3 rel1/arm-none-eabi/include/c++/14.3.1/bits\stl_iterator.h **** 		const reverse_iterator<_Iterator>& __y)
 596:C:/Program Files (x86)/Arm GNU Toolchain arm-none-eabi/14.3 rel1/arm-none-eabi/include/c++/14.3.1/bits\stl_iterator.h ****     { return __y.base() <=> __x.base(); }
 597:C:/Program Files (x86)/Arm GNU Toolchain arm-none-eabi/14.3 rel1/arm-none-eabi/include/c++/14.3.1/bits\stl_iterator.h **** #endif // C++20
 598:C:/Program Files (x86)/Arm GNU Toolchain arm-none-eabi/14.3 rel1/arm-none-eabi/include/c++/14.3.1/bits\stl_iterator.h ****   ///@}
 599:C:/Program Files (x86)/Arm GNU Toolchain arm-none-eabi/14.3 rel1/arm-none-eabi/include/c++/14.3.1/bits\stl_iterator.h **** 
 600:C:/Program Files (x86)/Arm GNU Toolchain arm-none-eabi/14.3 rel1/arm-none-eabi/include/c++/14.3.1/bits\stl_iterator.h **** #if __cplusplus < 201103L
 601:C:/Program Files (x86)/Arm GNU Toolchain arm-none-eabi/14.3 rel1/arm-none-eabi/include/c++/14.3.1/bits\stl_iterator.h ****   template<typename _Iterator>
 602:C:/Program Files (x86)/Arm GNU Toolchain arm-none-eabi/14.3 rel1/arm-none-eabi/include/c++/14.3.1/bits\stl_iterator.h ****     inline typename reverse_iterator<_Iterator>::difference_type
 603:C:/Program Files (x86)/Arm GNU Toolchain arm-none-eabi/14.3 rel1/arm-none-eabi/include/c++/14.3.1/bits\stl_iterator.h ****     operator-(const reverse_iterator<_Iterator>& __x,
 604:C:/Program Files (x86)/Arm GNU Toolchain arm-none-eabi/14.3 rel1/arm-none-eabi/include/c++/14.3.1/bits\stl_iterator.h **** 	      const reverse_iterator<_Iterator>& __y)
 605:C:/Program Files (x86)/Arm GNU Toolchain arm-none-eabi/14.3 rel1/arm-none-eabi/include/c++/14.3.1/bits\stl_iterator.h ****     { return __y.base() - __x.base(); }
 606:C:/Program Files (x86)/Arm GNU Toolchain arm-none-eabi/14.3 rel1/arm-none-eabi/include/c++/14.3.1/bits\stl_iterator.h **** 
 607:C:/Program Files (x86)/Arm GNU Toolchain arm-none-eabi/14.3 rel1/arm-none-eabi/include/c++/14.3.1/bits\stl_iterator.h ****   template<typename _IteratorL, typename _IteratorR>
 608:C:/Program Files (x86)/Arm GNU Toolchain arm-none-eabi/14.3 rel1/arm-none-eabi/include/c++/14.3.1/bits\stl_iterator.h ****     inline typename reverse_iterator<_IteratorL>::difference_type
 609:C:/Program Files (x86)/Arm GNU Toolchain arm-none-eabi/14.3 rel1/arm-none-eabi/include/c++/14.3.1/bits\stl_iterator.h ****     operator-(const reverse_iterator<_IteratorL>& __x,
ARM GAS  C:\Users\Oliver\AppData\Local\Temp\ccb1Hde1.s 			page 114


 610:C:/Program Files (x86)/Arm GNU Toolchain arm-none-eabi/14.3 rel1/arm-none-eabi/include/c++/14.3.1/bits\stl_iterator.h **** 	      const reverse_iterator<_IteratorR>& __y)
 611:C:/Program Files (x86)/Arm GNU Toolchain arm-none-eabi/14.3 rel1/arm-none-eabi/include/c++/14.3.1/bits\stl_iterator.h ****     { return __y.base() - __x.base(); }
 612:C:/Program Files (x86)/Arm GNU Toolchain arm-none-eabi/14.3 rel1/arm-none-eabi/include/c++/14.3.1/bits\stl_iterator.h **** #else
 613:C:/Program Files (x86)/Arm GNU Toolchain arm-none-eabi/14.3 rel1/arm-none-eabi/include/c++/14.3.1/bits\stl_iterator.h ****   // _GLIBCXX_RESOLVE_LIB_DEFECTS
 614:C:/Program Files (x86)/Arm GNU Toolchain arm-none-eabi/14.3 rel1/arm-none-eabi/include/c++/14.3.1/bits\stl_iterator.h ****   // DR 685. reverse_iterator/move_iterator difference has invalid signatures
 615:C:/Program Files (x86)/Arm GNU Toolchain arm-none-eabi/14.3 rel1/arm-none-eabi/include/c++/14.3.1/bits\stl_iterator.h ****   template<typename _IteratorL, typename _IteratorR>
 616:C:/Program Files (x86)/Arm GNU Toolchain arm-none-eabi/14.3 rel1/arm-none-eabi/include/c++/14.3.1/bits\stl_iterator.h ****     [[__nodiscard__]]
 617:C:/Program Files (x86)/Arm GNU Toolchain arm-none-eabi/14.3 rel1/arm-none-eabi/include/c++/14.3.1/bits\stl_iterator.h ****     inline _GLIBCXX17_CONSTEXPR auto
 618:C:/Program Files (x86)/Arm GNU Toolchain arm-none-eabi/14.3 rel1/arm-none-eabi/include/c++/14.3.1/bits\stl_iterator.h ****     operator-(const reverse_iterator<_IteratorL>& __x,
 619:C:/Program Files (x86)/Arm GNU Toolchain arm-none-eabi/14.3 rel1/arm-none-eabi/include/c++/14.3.1/bits\stl_iterator.h **** 	      const reverse_iterator<_IteratorR>& __y)
 620:C:/Program Files (x86)/Arm GNU Toolchain arm-none-eabi/14.3 rel1/arm-none-eabi/include/c++/14.3.1/bits\stl_iterator.h ****     -> decltype(__y.base() - __x.base())
 621:C:/Program Files (x86)/Arm GNU Toolchain arm-none-eabi/14.3 rel1/arm-none-eabi/include/c++/14.3.1/bits\stl_iterator.h ****     { return __y.base() - __x.base(); }
 622:C:/Program Files (x86)/Arm GNU Toolchain arm-none-eabi/14.3 rel1/arm-none-eabi/include/c++/14.3.1/bits\stl_iterator.h **** #endif
 623:C:/Program Files (x86)/Arm GNU Toolchain arm-none-eabi/14.3 rel1/arm-none-eabi/include/c++/14.3.1/bits\stl_iterator.h **** 
 624:C:/Program Files (x86)/Arm GNU Toolchain arm-none-eabi/14.3 rel1/arm-none-eabi/include/c++/14.3.1/bits\stl_iterator.h ****   template<typename _Iterator>
 625:C:/Program Files (x86)/Arm GNU Toolchain arm-none-eabi/14.3 rel1/arm-none-eabi/include/c++/14.3.1/bits\stl_iterator.h ****     _GLIBCXX_NODISCARD
 626:C:/Program Files (x86)/Arm GNU Toolchain arm-none-eabi/14.3 rel1/arm-none-eabi/include/c++/14.3.1/bits\stl_iterator.h ****     inline _GLIBCXX17_CONSTEXPR reverse_iterator<_Iterator>
 627:C:/Program Files (x86)/Arm GNU Toolchain arm-none-eabi/14.3 rel1/arm-none-eabi/include/c++/14.3.1/bits\stl_iterator.h ****     operator+(typename reverse_iterator<_Iterator>::difference_type __n,
 628:C:/Program Files (x86)/Arm GNU Toolchain arm-none-eabi/14.3 rel1/arm-none-eabi/include/c++/14.3.1/bits\stl_iterator.h **** 	      const reverse_iterator<_Iterator>& __x)
 629:C:/Program Files (x86)/Arm GNU Toolchain arm-none-eabi/14.3 rel1/arm-none-eabi/include/c++/14.3.1/bits\stl_iterator.h ****     { return reverse_iterator<_Iterator>(__x.base() - __n); }
 630:C:/Program Files (x86)/Arm GNU Toolchain arm-none-eabi/14.3 rel1/arm-none-eabi/include/c++/14.3.1/bits\stl_iterator.h **** 
 631:C:/Program Files (x86)/Arm GNU Toolchain arm-none-eabi/14.3 rel1/arm-none-eabi/include/c++/14.3.1/bits\stl_iterator.h **** #if __cplusplus >= 201103L
 632:C:/Program Files (x86)/Arm GNU Toolchain arm-none-eabi/14.3 rel1/arm-none-eabi/include/c++/14.3.1/bits\stl_iterator.h ****   // Same as C++14 make_reverse_iterator but used in C++11 mode too.
 633:C:/Program Files (x86)/Arm GNU Toolchain arm-none-eabi/14.3 rel1/arm-none-eabi/include/c++/14.3.1/bits\stl_iterator.h ****   template<typename _Iterator>
 634:C:/Program Files (x86)/Arm GNU Toolchain arm-none-eabi/14.3 rel1/arm-none-eabi/include/c++/14.3.1/bits\stl_iterator.h ****     inline _GLIBCXX17_CONSTEXPR reverse_iterator<_Iterator>
 635:C:/Program Files (x86)/Arm GNU Toolchain arm-none-eabi/14.3 rel1/arm-none-eabi/include/c++/14.3.1/bits\stl_iterator.h ****     __make_reverse_iterator(_Iterator __i)
 636:C:/Program Files (x86)/Arm GNU Toolchain arm-none-eabi/14.3 rel1/arm-none-eabi/include/c++/14.3.1/bits\stl_iterator.h ****     { return reverse_iterator<_Iterator>(__i); }
 637:C:/Program Files (x86)/Arm GNU Toolchain arm-none-eabi/14.3 rel1/arm-none-eabi/include/c++/14.3.1/bits\stl_iterator.h **** 
 638:C:/Program Files (x86)/Arm GNU Toolchain arm-none-eabi/14.3 rel1/arm-none-eabi/include/c++/14.3.1/bits\stl_iterator.h **** # ifdef __glibcxx_make_reverse_iterator // C++ >= 14
 639:C:/Program Files (x86)/Arm GNU Toolchain arm-none-eabi/14.3 rel1/arm-none-eabi/include/c++/14.3.1/bits\stl_iterator.h ****   // _GLIBCXX_RESOLVE_LIB_DEFECTS
 640:C:/Program Files (x86)/Arm GNU Toolchain arm-none-eabi/14.3 rel1/arm-none-eabi/include/c++/14.3.1/bits\stl_iterator.h ****   // DR 2285. make_reverse_iterator
 641:C:/Program Files (x86)/Arm GNU Toolchain arm-none-eabi/14.3 rel1/arm-none-eabi/include/c++/14.3.1/bits\stl_iterator.h ****   /// Generator function for reverse_iterator.
 642:C:/Program Files (x86)/Arm GNU Toolchain arm-none-eabi/14.3 rel1/arm-none-eabi/include/c++/14.3.1/bits\stl_iterator.h ****   template<typename _Iterator>
 643:C:/Program Files (x86)/Arm GNU Toolchain arm-none-eabi/14.3 rel1/arm-none-eabi/include/c++/14.3.1/bits\stl_iterator.h ****     [[__nodiscard__]]
 644:C:/Program Files (x86)/Arm GNU Toolchain arm-none-eabi/14.3 rel1/arm-none-eabi/include/c++/14.3.1/bits\stl_iterator.h ****     inline _GLIBCXX17_CONSTEXPR reverse_iterator<_Iterator>
 645:C:/Program Files (x86)/Arm GNU Toolchain arm-none-eabi/14.3 rel1/arm-none-eabi/include/c++/14.3.1/bits\stl_iterator.h ****     make_reverse_iterator(_Iterator __i)
 646:C:/Program Files (x86)/Arm GNU Toolchain arm-none-eabi/14.3 rel1/arm-none-eabi/include/c++/14.3.1/bits\stl_iterator.h ****     { return reverse_iterator<_Iterator>(__i); }
 647:C:/Program Files (x86)/Arm GNU Toolchain arm-none-eabi/14.3 rel1/arm-none-eabi/include/c++/14.3.1/bits\stl_iterator.h **** 
 648:C:/Program Files (x86)/Arm GNU Toolchain arm-none-eabi/14.3 rel1/arm-none-eabi/include/c++/14.3.1/bits\stl_iterator.h **** #  if __cplusplus > 201703L && defined __glibcxx_concepts
 649:C:/Program Files (x86)/Arm GNU Toolchain arm-none-eabi/14.3 rel1/arm-none-eabi/include/c++/14.3.1/bits\stl_iterator.h ****   template<typename _Iterator1, typename _Iterator2>
 650:C:/Program Files (x86)/Arm GNU Toolchain arm-none-eabi/14.3 rel1/arm-none-eabi/include/c++/14.3.1/bits\stl_iterator.h ****     requires (!sized_sentinel_for<_Iterator1, _Iterator2>)
 651:C:/Program Files (x86)/Arm GNU Toolchain arm-none-eabi/14.3 rel1/arm-none-eabi/include/c++/14.3.1/bits\stl_iterator.h ****     inline constexpr bool
 652:C:/Program Files (x86)/Arm GNU Toolchain arm-none-eabi/14.3 rel1/arm-none-eabi/include/c++/14.3.1/bits\stl_iterator.h ****     disable_sized_sentinel_for<reverse_iterator<_Iterator1>,
 653:C:/Program Files (x86)/Arm GNU Toolchain arm-none-eabi/14.3 rel1/arm-none-eabi/include/c++/14.3.1/bits\stl_iterator.h **** 			       reverse_iterator<_Iterator2>> = true;
 654:C:/Program Files (x86)/Arm GNU Toolchain arm-none-eabi/14.3 rel1/arm-none-eabi/include/c++/14.3.1/bits\stl_iterator.h **** #  endif // C++20
 655:C:/Program Files (x86)/Arm GNU Toolchain arm-none-eabi/14.3 rel1/arm-none-eabi/include/c++/14.3.1/bits\stl_iterator.h **** # endif // __glibcxx_make_reverse_iterator
 656:C:/Program Files (x86)/Arm GNU Toolchain arm-none-eabi/14.3 rel1/arm-none-eabi/include/c++/14.3.1/bits\stl_iterator.h **** 
 657:C:/Program Files (x86)/Arm GNU Toolchain arm-none-eabi/14.3 rel1/arm-none-eabi/include/c++/14.3.1/bits\stl_iterator.h ****   template<typename _Iterator>
 658:C:/Program Files (x86)/Arm GNU Toolchain arm-none-eabi/14.3 rel1/arm-none-eabi/include/c++/14.3.1/bits\stl_iterator.h ****     _GLIBCXX20_CONSTEXPR
 659:C:/Program Files (x86)/Arm GNU Toolchain arm-none-eabi/14.3 rel1/arm-none-eabi/include/c++/14.3.1/bits\stl_iterator.h ****     auto
 660:C:/Program Files (x86)/Arm GNU Toolchain arm-none-eabi/14.3 rel1/arm-none-eabi/include/c++/14.3.1/bits\stl_iterator.h ****     __niter_base(reverse_iterator<_Iterator> __it)
 661:C:/Program Files (x86)/Arm GNU Toolchain arm-none-eabi/14.3 rel1/arm-none-eabi/include/c++/14.3.1/bits\stl_iterator.h ****     -> decltype(__make_reverse_iterator(__niter_base(__it.base())))
 662:C:/Program Files (x86)/Arm GNU Toolchain arm-none-eabi/14.3 rel1/arm-none-eabi/include/c++/14.3.1/bits\stl_iterator.h ****     { return __make_reverse_iterator(__niter_base(__it.base())); }
 663:C:/Program Files (x86)/Arm GNU Toolchain arm-none-eabi/14.3 rel1/arm-none-eabi/include/c++/14.3.1/bits\stl_iterator.h **** 
 664:C:/Program Files (x86)/Arm GNU Toolchain arm-none-eabi/14.3 rel1/arm-none-eabi/include/c++/14.3.1/bits\stl_iterator.h ****   template<typename _Iterator>
 665:C:/Program Files (x86)/Arm GNU Toolchain arm-none-eabi/14.3 rel1/arm-none-eabi/include/c++/14.3.1/bits\stl_iterator.h ****     struct __is_move_iterator<reverse_iterator<_Iterator> >
 666:C:/Program Files (x86)/Arm GNU Toolchain arm-none-eabi/14.3 rel1/arm-none-eabi/include/c++/14.3.1/bits\stl_iterator.h ****       : __is_move_iterator<_Iterator>
ARM GAS  C:\Users\Oliver\AppData\Local\Temp\ccb1Hde1.s 			page 115


 667:C:/Program Files (x86)/Arm GNU Toolchain arm-none-eabi/14.3 rel1/arm-none-eabi/include/c++/14.3.1/bits\stl_iterator.h ****     { };
 668:C:/Program Files (x86)/Arm GNU Toolchain arm-none-eabi/14.3 rel1/arm-none-eabi/include/c++/14.3.1/bits\stl_iterator.h **** 
 669:C:/Program Files (x86)/Arm GNU Toolchain arm-none-eabi/14.3 rel1/arm-none-eabi/include/c++/14.3.1/bits\stl_iterator.h ****   template<typename _Iterator>
 670:C:/Program Files (x86)/Arm GNU Toolchain arm-none-eabi/14.3 rel1/arm-none-eabi/include/c++/14.3.1/bits\stl_iterator.h ****     _GLIBCXX20_CONSTEXPR
 671:C:/Program Files (x86)/Arm GNU Toolchain arm-none-eabi/14.3 rel1/arm-none-eabi/include/c++/14.3.1/bits\stl_iterator.h ****     auto
 672:C:/Program Files (x86)/Arm GNU Toolchain arm-none-eabi/14.3 rel1/arm-none-eabi/include/c++/14.3.1/bits\stl_iterator.h ****     __miter_base(reverse_iterator<_Iterator> __it)
 673:C:/Program Files (x86)/Arm GNU Toolchain arm-none-eabi/14.3 rel1/arm-none-eabi/include/c++/14.3.1/bits\stl_iterator.h ****     -> decltype(__make_reverse_iterator(__miter_base(__it.base())))
 674:C:/Program Files (x86)/Arm GNU Toolchain arm-none-eabi/14.3 rel1/arm-none-eabi/include/c++/14.3.1/bits\stl_iterator.h ****     { return __make_reverse_iterator(__miter_base(__it.base())); }
 675:C:/Program Files (x86)/Arm GNU Toolchain arm-none-eabi/14.3 rel1/arm-none-eabi/include/c++/14.3.1/bits\stl_iterator.h **** #endif // C++11
 676:C:/Program Files (x86)/Arm GNU Toolchain arm-none-eabi/14.3 rel1/arm-none-eabi/include/c++/14.3.1/bits\stl_iterator.h **** 
 677:C:/Program Files (x86)/Arm GNU Toolchain arm-none-eabi/14.3 rel1/arm-none-eabi/include/c++/14.3.1/bits\stl_iterator.h ****   // 24.4.2.2.1 back_insert_iterator
 678:C:/Program Files (x86)/Arm GNU Toolchain arm-none-eabi/14.3 rel1/arm-none-eabi/include/c++/14.3.1/bits\stl_iterator.h ****   /**
 679:C:/Program Files (x86)/Arm GNU Toolchain arm-none-eabi/14.3 rel1/arm-none-eabi/include/c++/14.3.1/bits\stl_iterator.h ****    *  @brief  Turns assignment into insertion.
 680:C:/Program Files (x86)/Arm GNU Toolchain arm-none-eabi/14.3 rel1/arm-none-eabi/include/c++/14.3.1/bits\stl_iterator.h ****    *
 681:C:/Program Files (x86)/Arm GNU Toolchain arm-none-eabi/14.3 rel1/arm-none-eabi/include/c++/14.3.1/bits\stl_iterator.h ****    *  These are output iterators, constructed from a container-of-T.
 682:C:/Program Files (x86)/Arm GNU Toolchain arm-none-eabi/14.3 rel1/arm-none-eabi/include/c++/14.3.1/bits\stl_iterator.h ****    *  Assigning a T to the iterator appends it to the container using
 683:C:/Program Files (x86)/Arm GNU Toolchain arm-none-eabi/14.3 rel1/arm-none-eabi/include/c++/14.3.1/bits\stl_iterator.h ****    *  push_back.
 684:C:/Program Files (x86)/Arm GNU Toolchain arm-none-eabi/14.3 rel1/arm-none-eabi/include/c++/14.3.1/bits\stl_iterator.h ****    *
 685:C:/Program Files (x86)/Arm GNU Toolchain arm-none-eabi/14.3 rel1/arm-none-eabi/include/c++/14.3.1/bits\stl_iterator.h ****    *  Tip:  Using the back_inserter function to create these iterators can
 686:C:/Program Files (x86)/Arm GNU Toolchain arm-none-eabi/14.3 rel1/arm-none-eabi/include/c++/14.3.1/bits\stl_iterator.h ****    *  save typing.
 687:C:/Program Files (x86)/Arm GNU Toolchain arm-none-eabi/14.3 rel1/arm-none-eabi/include/c++/14.3.1/bits\stl_iterator.h ****   */
 688:C:/Program Files (x86)/Arm GNU Toolchain arm-none-eabi/14.3 rel1/arm-none-eabi/include/c++/14.3.1/bits\stl_iterator.h ****   template<typename _Container>
 689:C:/Program Files (x86)/Arm GNU Toolchain arm-none-eabi/14.3 rel1/arm-none-eabi/include/c++/14.3.1/bits\stl_iterator.h ****     class back_insert_iterator
 690:C:/Program Files (x86)/Arm GNU Toolchain arm-none-eabi/14.3 rel1/arm-none-eabi/include/c++/14.3.1/bits\stl_iterator.h ****     : public iterator<output_iterator_tag, void, void, void, void>
 691:C:/Program Files (x86)/Arm GNU Toolchain arm-none-eabi/14.3 rel1/arm-none-eabi/include/c++/14.3.1/bits\stl_iterator.h ****     {
 692:C:/Program Files (x86)/Arm GNU Toolchain arm-none-eabi/14.3 rel1/arm-none-eabi/include/c++/14.3.1/bits\stl_iterator.h ****     protected:
 693:C:/Program Files (x86)/Arm GNU Toolchain arm-none-eabi/14.3 rel1/arm-none-eabi/include/c++/14.3.1/bits\stl_iterator.h ****       _Container* container;
 694:C:/Program Files (x86)/Arm GNU Toolchain arm-none-eabi/14.3 rel1/arm-none-eabi/include/c++/14.3.1/bits\stl_iterator.h **** 
 695:C:/Program Files (x86)/Arm GNU Toolchain arm-none-eabi/14.3 rel1/arm-none-eabi/include/c++/14.3.1/bits\stl_iterator.h ****     public:
 696:C:/Program Files (x86)/Arm GNU Toolchain arm-none-eabi/14.3 rel1/arm-none-eabi/include/c++/14.3.1/bits\stl_iterator.h ****       /// A nested typedef for the type of whatever container you used.
 697:C:/Program Files (x86)/Arm GNU Toolchain arm-none-eabi/14.3 rel1/arm-none-eabi/include/c++/14.3.1/bits\stl_iterator.h ****       typedef _Container          container_type;
 698:C:/Program Files (x86)/Arm GNU Toolchain arm-none-eabi/14.3 rel1/arm-none-eabi/include/c++/14.3.1/bits\stl_iterator.h **** #if __cplusplus > 201703L
 699:C:/Program Files (x86)/Arm GNU Toolchain arm-none-eabi/14.3 rel1/arm-none-eabi/include/c++/14.3.1/bits\stl_iterator.h ****       using difference_type = ptrdiff_t;
 700:C:/Program Files (x86)/Arm GNU Toolchain arm-none-eabi/14.3 rel1/arm-none-eabi/include/c++/14.3.1/bits\stl_iterator.h **** #endif
 701:C:/Program Files (x86)/Arm GNU Toolchain arm-none-eabi/14.3 rel1/arm-none-eabi/include/c++/14.3.1/bits\stl_iterator.h **** 
 702:C:/Program Files (x86)/Arm GNU Toolchain arm-none-eabi/14.3 rel1/arm-none-eabi/include/c++/14.3.1/bits\stl_iterator.h ****       /// The only way to create this %iterator is with a container.
 703:C:/Program Files (x86)/Arm GNU Toolchain arm-none-eabi/14.3 rel1/arm-none-eabi/include/c++/14.3.1/bits\stl_iterator.h ****       explicit _GLIBCXX20_CONSTEXPR
 704:C:/Program Files (x86)/Arm GNU Toolchain arm-none-eabi/14.3 rel1/arm-none-eabi/include/c++/14.3.1/bits\stl_iterator.h ****       back_insert_iterator(_Container& __x)
 705:C:/Program Files (x86)/Arm GNU Toolchain arm-none-eabi/14.3 rel1/arm-none-eabi/include/c++/14.3.1/bits\stl_iterator.h ****       : container(std::__addressof(__x)) { }
 706:C:/Program Files (x86)/Arm GNU Toolchain arm-none-eabi/14.3 rel1/arm-none-eabi/include/c++/14.3.1/bits\stl_iterator.h **** 
 707:C:/Program Files (x86)/Arm GNU Toolchain arm-none-eabi/14.3 rel1/arm-none-eabi/include/c++/14.3.1/bits\stl_iterator.h ****       /**
 708:C:/Program Files (x86)/Arm GNU Toolchain arm-none-eabi/14.3 rel1/arm-none-eabi/include/c++/14.3.1/bits\stl_iterator.h ****        *  @param  __value  An instance of whatever type
 709:C:/Program Files (x86)/Arm GNU Toolchain arm-none-eabi/14.3 rel1/arm-none-eabi/include/c++/14.3.1/bits\stl_iterator.h ****        *                 container_type::const_reference is; presumably a
 710:C:/Program Files (x86)/Arm GNU Toolchain arm-none-eabi/14.3 rel1/arm-none-eabi/include/c++/14.3.1/bits\stl_iterator.h ****        *                 reference-to-const T for container<T>.
 711:C:/Program Files (x86)/Arm GNU Toolchain arm-none-eabi/14.3 rel1/arm-none-eabi/include/c++/14.3.1/bits\stl_iterator.h ****        *  @return  This %iterator, for chained operations.
 712:C:/Program Files (x86)/Arm GNU Toolchain arm-none-eabi/14.3 rel1/arm-none-eabi/include/c++/14.3.1/bits\stl_iterator.h ****        *
 713:C:/Program Files (x86)/Arm GNU Toolchain arm-none-eabi/14.3 rel1/arm-none-eabi/include/c++/14.3.1/bits\stl_iterator.h ****        *  This kind of %iterator doesn't really have a @a position in the
 714:C:/Program Files (x86)/Arm GNU Toolchain arm-none-eabi/14.3 rel1/arm-none-eabi/include/c++/14.3.1/bits\stl_iterator.h ****        *  container (you can think of the position as being permanently at
 715:C:/Program Files (x86)/Arm GNU Toolchain arm-none-eabi/14.3 rel1/arm-none-eabi/include/c++/14.3.1/bits\stl_iterator.h ****        *  the end, if you like).  Assigning a value to the %iterator will
 716:C:/Program Files (x86)/Arm GNU Toolchain arm-none-eabi/14.3 rel1/arm-none-eabi/include/c++/14.3.1/bits\stl_iterator.h ****        *  always append the value to the end of the container.
 717:C:/Program Files (x86)/Arm GNU Toolchain arm-none-eabi/14.3 rel1/arm-none-eabi/include/c++/14.3.1/bits\stl_iterator.h ****       */
 718:C:/Program Files (x86)/Arm GNU Toolchain arm-none-eabi/14.3 rel1/arm-none-eabi/include/c++/14.3.1/bits\stl_iterator.h **** #if __cplusplus < 201103L
 719:C:/Program Files (x86)/Arm GNU Toolchain arm-none-eabi/14.3 rel1/arm-none-eabi/include/c++/14.3.1/bits\stl_iterator.h ****       back_insert_iterator&
 720:C:/Program Files (x86)/Arm GNU Toolchain arm-none-eabi/14.3 rel1/arm-none-eabi/include/c++/14.3.1/bits\stl_iterator.h ****       operator=(typename _Container::const_reference __value)
 721:C:/Program Files (x86)/Arm GNU Toolchain arm-none-eabi/14.3 rel1/arm-none-eabi/include/c++/14.3.1/bits\stl_iterator.h ****       {
 722:C:/Program Files (x86)/Arm GNU Toolchain arm-none-eabi/14.3 rel1/arm-none-eabi/include/c++/14.3.1/bits\stl_iterator.h **** 	container->push_back(__value);
 723:C:/Program Files (x86)/Arm GNU Toolchain arm-none-eabi/14.3 rel1/arm-none-eabi/include/c++/14.3.1/bits\stl_iterator.h **** 	return *this;
ARM GAS  C:\Users\Oliver\AppData\Local\Temp\ccb1Hde1.s 			page 116


 724:C:/Program Files (x86)/Arm GNU Toolchain arm-none-eabi/14.3 rel1/arm-none-eabi/include/c++/14.3.1/bits\stl_iterator.h ****       }
 725:C:/Program Files (x86)/Arm GNU Toolchain arm-none-eabi/14.3 rel1/arm-none-eabi/include/c++/14.3.1/bits\stl_iterator.h **** #else
 726:C:/Program Files (x86)/Arm GNU Toolchain arm-none-eabi/14.3 rel1/arm-none-eabi/include/c++/14.3.1/bits\stl_iterator.h ****       _GLIBCXX20_CONSTEXPR
 727:C:/Program Files (x86)/Arm GNU Toolchain arm-none-eabi/14.3 rel1/arm-none-eabi/include/c++/14.3.1/bits\stl_iterator.h ****       back_insert_iterator&
 728:C:/Program Files (x86)/Arm GNU Toolchain arm-none-eabi/14.3 rel1/arm-none-eabi/include/c++/14.3.1/bits\stl_iterator.h ****       operator=(const typename _Container::value_type& __value)
 729:C:/Program Files (x86)/Arm GNU Toolchain arm-none-eabi/14.3 rel1/arm-none-eabi/include/c++/14.3.1/bits\stl_iterator.h ****       {
 730:C:/Program Files (x86)/Arm GNU Toolchain arm-none-eabi/14.3 rel1/arm-none-eabi/include/c++/14.3.1/bits\stl_iterator.h **** 	container->push_back(__value);
 731:C:/Program Files (x86)/Arm GNU Toolchain arm-none-eabi/14.3 rel1/arm-none-eabi/include/c++/14.3.1/bits\stl_iterator.h **** 	return *this;
 732:C:/Program Files (x86)/Arm GNU Toolchain arm-none-eabi/14.3 rel1/arm-none-eabi/include/c++/14.3.1/bits\stl_iterator.h ****       }
 733:C:/Program Files (x86)/Arm GNU Toolchain arm-none-eabi/14.3 rel1/arm-none-eabi/include/c++/14.3.1/bits\stl_iterator.h **** 
 734:C:/Program Files (x86)/Arm GNU Toolchain arm-none-eabi/14.3 rel1/arm-none-eabi/include/c++/14.3.1/bits\stl_iterator.h ****       _GLIBCXX20_CONSTEXPR
 735:C:/Program Files (x86)/Arm GNU Toolchain arm-none-eabi/14.3 rel1/arm-none-eabi/include/c++/14.3.1/bits\stl_iterator.h ****       back_insert_iterator&
 736:C:/Program Files (x86)/Arm GNU Toolchain arm-none-eabi/14.3 rel1/arm-none-eabi/include/c++/14.3.1/bits\stl_iterator.h ****       operator=(typename _Container::value_type&& __value)
 737:C:/Program Files (x86)/Arm GNU Toolchain arm-none-eabi/14.3 rel1/arm-none-eabi/include/c++/14.3.1/bits\stl_iterator.h ****       {
 738:C:/Program Files (x86)/Arm GNU Toolchain arm-none-eabi/14.3 rel1/arm-none-eabi/include/c++/14.3.1/bits\stl_iterator.h **** 	container->push_back(std::move(__value));
 739:C:/Program Files (x86)/Arm GNU Toolchain arm-none-eabi/14.3 rel1/arm-none-eabi/include/c++/14.3.1/bits\stl_iterator.h **** 	return *this;
 740:C:/Program Files (x86)/Arm GNU Toolchain arm-none-eabi/14.3 rel1/arm-none-eabi/include/c++/14.3.1/bits\stl_iterator.h ****       }
 741:C:/Program Files (x86)/Arm GNU Toolchain arm-none-eabi/14.3 rel1/arm-none-eabi/include/c++/14.3.1/bits\stl_iterator.h **** #endif
 742:C:/Program Files (x86)/Arm GNU Toolchain arm-none-eabi/14.3 rel1/arm-none-eabi/include/c++/14.3.1/bits\stl_iterator.h **** 
 743:C:/Program Files (x86)/Arm GNU Toolchain arm-none-eabi/14.3 rel1/arm-none-eabi/include/c++/14.3.1/bits\stl_iterator.h ****       /// Simply returns *this.
 744:C:/Program Files (x86)/Arm GNU Toolchain arm-none-eabi/14.3 rel1/arm-none-eabi/include/c++/14.3.1/bits\stl_iterator.h ****       _GLIBCXX_NODISCARD _GLIBCXX20_CONSTEXPR
 745:C:/Program Files (x86)/Arm GNU Toolchain arm-none-eabi/14.3 rel1/arm-none-eabi/include/c++/14.3.1/bits\stl_iterator.h ****       back_insert_iterator&
 746:C:/Program Files (x86)/Arm GNU Toolchain arm-none-eabi/14.3 rel1/arm-none-eabi/include/c++/14.3.1/bits\stl_iterator.h ****       operator*()
 747:C:/Program Files (x86)/Arm GNU Toolchain arm-none-eabi/14.3 rel1/arm-none-eabi/include/c++/14.3.1/bits\stl_iterator.h ****       { return *this; }
 748:C:/Program Files (x86)/Arm GNU Toolchain arm-none-eabi/14.3 rel1/arm-none-eabi/include/c++/14.3.1/bits\stl_iterator.h **** 
 749:C:/Program Files (x86)/Arm GNU Toolchain arm-none-eabi/14.3 rel1/arm-none-eabi/include/c++/14.3.1/bits\stl_iterator.h ****       /// Simply returns *this.  (This %iterator does not @a move.)
 750:C:/Program Files (x86)/Arm GNU Toolchain arm-none-eabi/14.3 rel1/arm-none-eabi/include/c++/14.3.1/bits\stl_iterator.h ****       _GLIBCXX20_CONSTEXPR
 751:C:/Program Files (x86)/Arm GNU Toolchain arm-none-eabi/14.3 rel1/arm-none-eabi/include/c++/14.3.1/bits\stl_iterator.h ****       back_insert_iterator&
 752:C:/Program Files (x86)/Arm GNU Toolchain arm-none-eabi/14.3 rel1/arm-none-eabi/include/c++/14.3.1/bits\stl_iterator.h ****       operator++()
 753:C:/Program Files (x86)/Arm GNU Toolchain arm-none-eabi/14.3 rel1/arm-none-eabi/include/c++/14.3.1/bits\stl_iterator.h ****       { return *this; }
 754:C:/Program Files (x86)/Arm GNU Toolchain arm-none-eabi/14.3 rel1/arm-none-eabi/include/c++/14.3.1/bits\stl_iterator.h **** 
 755:C:/Program Files (x86)/Arm GNU Toolchain arm-none-eabi/14.3 rel1/arm-none-eabi/include/c++/14.3.1/bits\stl_iterator.h ****       /// Simply returns *this.  (This %iterator does not @a move.)
 756:C:/Program Files (x86)/Arm GNU Toolchain arm-none-eabi/14.3 rel1/arm-none-eabi/include/c++/14.3.1/bits\stl_iterator.h ****       _GLIBCXX20_CONSTEXPR
 757:C:/Program Files (x86)/Arm GNU Toolchain arm-none-eabi/14.3 rel1/arm-none-eabi/include/c++/14.3.1/bits\stl_iterator.h ****       back_insert_iterator
 758:C:/Program Files (x86)/Arm GNU Toolchain arm-none-eabi/14.3 rel1/arm-none-eabi/include/c++/14.3.1/bits\stl_iterator.h ****       operator++(int)
 759:C:/Program Files (x86)/Arm GNU Toolchain arm-none-eabi/14.3 rel1/arm-none-eabi/include/c++/14.3.1/bits\stl_iterator.h ****       { return *this; }
 760:C:/Program Files (x86)/Arm GNU Toolchain arm-none-eabi/14.3 rel1/arm-none-eabi/include/c++/14.3.1/bits\stl_iterator.h ****     };
 761:C:/Program Files (x86)/Arm GNU Toolchain arm-none-eabi/14.3 rel1/arm-none-eabi/include/c++/14.3.1/bits\stl_iterator.h **** 
 762:C:/Program Files (x86)/Arm GNU Toolchain arm-none-eabi/14.3 rel1/arm-none-eabi/include/c++/14.3.1/bits\stl_iterator.h ****   /**
 763:C:/Program Files (x86)/Arm GNU Toolchain arm-none-eabi/14.3 rel1/arm-none-eabi/include/c++/14.3.1/bits\stl_iterator.h ****    *  @param  __x  A container of arbitrary type.
 764:C:/Program Files (x86)/Arm GNU Toolchain arm-none-eabi/14.3 rel1/arm-none-eabi/include/c++/14.3.1/bits\stl_iterator.h ****    *  @return  An instance of back_insert_iterator working on @p __x.
 765:C:/Program Files (x86)/Arm GNU Toolchain arm-none-eabi/14.3 rel1/arm-none-eabi/include/c++/14.3.1/bits\stl_iterator.h ****    *
 766:C:/Program Files (x86)/Arm GNU Toolchain arm-none-eabi/14.3 rel1/arm-none-eabi/include/c++/14.3.1/bits\stl_iterator.h ****    *  This wrapper function helps in creating back_insert_iterator instances.
 767:C:/Program Files (x86)/Arm GNU Toolchain arm-none-eabi/14.3 rel1/arm-none-eabi/include/c++/14.3.1/bits\stl_iterator.h ****    *  Typing the name of the %iterator requires knowing the precise full
 768:C:/Program Files (x86)/Arm GNU Toolchain arm-none-eabi/14.3 rel1/arm-none-eabi/include/c++/14.3.1/bits\stl_iterator.h ****    *  type of the container, which can be tedious and impedes generic
 769:C:/Program Files (x86)/Arm GNU Toolchain arm-none-eabi/14.3 rel1/arm-none-eabi/include/c++/14.3.1/bits\stl_iterator.h ****    *  programming.  Using this function lets you take advantage of automatic
 770:C:/Program Files (x86)/Arm GNU Toolchain arm-none-eabi/14.3 rel1/arm-none-eabi/include/c++/14.3.1/bits\stl_iterator.h ****    *  template parameter deduction, making the compiler match the correct
 771:C:/Program Files (x86)/Arm GNU Toolchain arm-none-eabi/14.3 rel1/arm-none-eabi/include/c++/14.3.1/bits\stl_iterator.h ****    *  types for you.
 772:C:/Program Files (x86)/Arm GNU Toolchain arm-none-eabi/14.3 rel1/arm-none-eabi/include/c++/14.3.1/bits\stl_iterator.h ****   */
 773:C:/Program Files (x86)/Arm GNU Toolchain arm-none-eabi/14.3 rel1/arm-none-eabi/include/c++/14.3.1/bits\stl_iterator.h ****   template<typename _Container>
 774:C:/Program Files (x86)/Arm GNU Toolchain arm-none-eabi/14.3 rel1/arm-none-eabi/include/c++/14.3.1/bits\stl_iterator.h ****     _GLIBCXX_NODISCARD _GLIBCXX20_CONSTEXPR
 775:C:/Program Files (x86)/Arm GNU Toolchain arm-none-eabi/14.3 rel1/arm-none-eabi/include/c++/14.3.1/bits\stl_iterator.h ****     inline back_insert_iterator<_Container>
 776:C:/Program Files (x86)/Arm GNU Toolchain arm-none-eabi/14.3 rel1/arm-none-eabi/include/c++/14.3.1/bits\stl_iterator.h ****     back_inserter(_Container& __x)
 777:C:/Program Files (x86)/Arm GNU Toolchain arm-none-eabi/14.3 rel1/arm-none-eabi/include/c++/14.3.1/bits\stl_iterator.h ****     { return back_insert_iterator<_Container>(__x); }
 778:C:/Program Files (x86)/Arm GNU Toolchain arm-none-eabi/14.3 rel1/arm-none-eabi/include/c++/14.3.1/bits\stl_iterator.h **** 
 779:C:/Program Files (x86)/Arm GNU Toolchain arm-none-eabi/14.3 rel1/arm-none-eabi/include/c++/14.3.1/bits\stl_iterator.h ****   /**
 780:C:/Program Files (x86)/Arm GNU Toolchain arm-none-eabi/14.3 rel1/arm-none-eabi/include/c++/14.3.1/bits\stl_iterator.h ****    *  @brief  Turns assignment into insertion.
ARM GAS  C:\Users\Oliver\AppData\Local\Temp\ccb1Hde1.s 			page 117


 781:C:/Program Files (x86)/Arm GNU Toolchain arm-none-eabi/14.3 rel1/arm-none-eabi/include/c++/14.3.1/bits\stl_iterator.h ****    *
 782:C:/Program Files (x86)/Arm GNU Toolchain arm-none-eabi/14.3 rel1/arm-none-eabi/include/c++/14.3.1/bits\stl_iterator.h ****    *  These are output iterators, constructed from a container-of-T.
 783:C:/Program Files (x86)/Arm GNU Toolchain arm-none-eabi/14.3 rel1/arm-none-eabi/include/c++/14.3.1/bits\stl_iterator.h ****    *  Assigning a T to the iterator prepends it to the container using
 784:C:/Program Files (x86)/Arm GNU Toolchain arm-none-eabi/14.3 rel1/arm-none-eabi/include/c++/14.3.1/bits\stl_iterator.h ****    *  push_front.
 785:C:/Program Files (x86)/Arm GNU Toolchain arm-none-eabi/14.3 rel1/arm-none-eabi/include/c++/14.3.1/bits\stl_iterator.h ****    *
 786:C:/Program Files (x86)/Arm GNU Toolchain arm-none-eabi/14.3 rel1/arm-none-eabi/include/c++/14.3.1/bits\stl_iterator.h ****    *  Tip:  Using the front_inserter function to create these iterators can
 787:C:/Program Files (x86)/Arm GNU Toolchain arm-none-eabi/14.3 rel1/arm-none-eabi/include/c++/14.3.1/bits\stl_iterator.h ****    *  save typing.
 788:C:/Program Files (x86)/Arm GNU Toolchain arm-none-eabi/14.3 rel1/arm-none-eabi/include/c++/14.3.1/bits\stl_iterator.h ****   */
 789:C:/Program Files (x86)/Arm GNU Toolchain arm-none-eabi/14.3 rel1/arm-none-eabi/include/c++/14.3.1/bits\stl_iterator.h ****   template<typename _Container>
 790:C:/Program Files (x86)/Arm GNU Toolchain arm-none-eabi/14.3 rel1/arm-none-eabi/include/c++/14.3.1/bits\stl_iterator.h ****     class front_insert_iterator
 791:C:/Program Files (x86)/Arm GNU Toolchain arm-none-eabi/14.3 rel1/arm-none-eabi/include/c++/14.3.1/bits\stl_iterator.h ****     : public iterator<output_iterator_tag, void, void, void, void>
 792:C:/Program Files (x86)/Arm GNU Toolchain arm-none-eabi/14.3 rel1/arm-none-eabi/include/c++/14.3.1/bits\stl_iterator.h ****     {
 793:C:/Program Files (x86)/Arm GNU Toolchain arm-none-eabi/14.3 rel1/arm-none-eabi/include/c++/14.3.1/bits\stl_iterator.h ****     protected:
 794:C:/Program Files (x86)/Arm GNU Toolchain arm-none-eabi/14.3 rel1/arm-none-eabi/include/c++/14.3.1/bits\stl_iterator.h ****       _Container* container;
 795:C:/Program Files (x86)/Arm GNU Toolchain arm-none-eabi/14.3 rel1/arm-none-eabi/include/c++/14.3.1/bits\stl_iterator.h **** 
 796:C:/Program Files (x86)/Arm GNU Toolchain arm-none-eabi/14.3 rel1/arm-none-eabi/include/c++/14.3.1/bits\stl_iterator.h ****     public:
 797:C:/Program Files (x86)/Arm GNU Toolchain arm-none-eabi/14.3 rel1/arm-none-eabi/include/c++/14.3.1/bits\stl_iterator.h ****       /// A nested typedef for the type of whatever container you used.
 798:C:/Program Files (x86)/Arm GNU Toolchain arm-none-eabi/14.3 rel1/arm-none-eabi/include/c++/14.3.1/bits\stl_iterator.h ****       typedef _Container          container_type;
 799:C:/Program Files (x86)/Arm GNU Toolchain arm-none-eabi/14.3 rel1/arm-none-eabi/include/c++/14.3.1/bits\stl_iterator.h **** #if __cplusplus > 201703L
 800:C:/Program Files (x86)/Arm GNU Toolchain arm-none-eabi/14.3 rel1/arm-none-eabi/include/c++/14.3.1/bits\stl_iterator.h ****       using difference_type = ptrdiff_t;
 801:C:/Program Files (x86)/Arm GNU Toolchain arm-none-eabi/14.3 rel1/arm-none-eabi/include/c++/14.3.1/bits\stl_iterator.h **** #endif
 802:C:/Program Files (x86)/Arm GNU Toolchain arm-none-eabi/14.3 rel1/arm-none-eabi/include/c++/14.3.1/bits\stl_iterator.h **** 
 803:C:/Program Files (x86)/Arm GNU Toolchain arm-none-eabi/14.3 rel1/arm-none-eabi/include/c++/14.3.1/bits\stl_iterator.h ****       /// The only way to create this %iterator is with a container.
 804:C:/Program Files (x86)/Arm GNU Toolchain arm-none-eabi/14.3 rel1/arm-none-eabi/include/c++/14.3.1/bits\stl_iterator.h ****       explicit _GLIBCXX20_CONSTEXPR
 805:C:/Program Files (x86)/Arm GNU Toolchain arm-none-eabi/14.3 rel1/arm-none-eabi/include/c++/14.3.1/bits\stl_iterator.h ****       front_insert_iterator(_Container& __x)
 806:C:/Program Files (x86)/Arm GNU Toolchain arm-none-eabi/14.3 rel1/arm-none-eabi/include/c++/14.3.1/bits\stl_iterator.h ****       : container(std::__addressof(__x)) { }
 807:C:/Program Files (x86)/Arm GNU Toolchain arm-none-eabi/14.3 rel1/arm-none-eabi/include/c++/14.3.1/bits\stl_iterator.h **** 
 808:C:/Program Files (x86)/Arm GNU Toolchain arm-none-eabi/14.3 rel1/arm-none-eabi/include/c++/14.3.1/bits\stl_iterator.h ****       /**
 809:C:/Program Files (x86)/Arm GNU Toolchain arm-none-eabi/14.3 rel1/arm-none-eabi/include/c++/14.3.1/bits\stl_iterator.h ****        *  @param  __value  An instance of whatever type
 810:C:/Program Files (x86)/Arm GNU Toolchain arm-none-eabi/14.3 rel1/arm-none-eabi/include/c++/14.3.1/bits\stl_iterator.h ****        *                 container_type::const_reference is; presumably a
 811:C:/Program Files (x86)/Arm GNU Toolchain arm-none-eabi/14.3 rel1/arm-none-eabi/include/c++/14.3.1/bits\stl_iterator.h ****        *                 reference-to-const T for container<T>.
 812:C:/Program Files (x86)/Arm GNU Toolchain arm-none-eabi/14.3 rel1/arm-none-eabi/include/c++/14.3.1/bits\stl_iterator.h ****        *  @return  This %iterator, for chained operations.
 813:C:/Program Files (x86)/Arm GNU Toolchain arm-none-eabi/14.3 rel1/arm-none-eabi/include/c++/14.3.1/bits\stl_iterator.h ****        *
 814:C:/Program Files (x86)/Arm GNU Toolchain arm-none-eabi/14.3 rel1/arm-none-eabi/include/c++/14.3.1/bits\stl_iterator.h ****        *  This kind of %iterator doesn't really have a @a position in the
 815:C:/Program Files (x86)/Arm GNU Toolchain arm-none-eabi/14.3 rel1/arm-none-eabi/include/c++/14.3.1/bits\stl_iterator.h ****        *  container (you can think of the position as being permanently at
 816:C:/Program Files (x86)/Arm GNU Toolchain arm-none-eabi/14.3 rel1/arm-none-eabi/include/c++/14.3.1/bits\stl_iterator.h ****        *  the front, if you like).  Assigning a value to the %iterator will
 817:C:/Program Files (x86)/Arm GNU Toolchain arm-none-eabi/14.3 rel1/arm-none-eabi/include/c++/14.3.1/bits\stl_iterator.h ****        *  always prepend the value to the front of the container.
 818:C:/Program Files (x86)/Arm GNU Toolchain arm-none-eabi/14.3 rel1/arm-none-eabi/include/c++/14.3.1/bits\stl_iterator.h ****       */
 819:C:/Program Files (x86)/Arm GNU Toolchain arm-none-eabi/14.3 rel1/arm-none-eabi/include/c++/14.3.1/bits\stl_iterator.h **** #if __cplusplus < 201103L
 820:C:/Program Files (x86)/Arm GNU Toolchain arm-none-eabi/14.3 rel1/arm-none-eabi/include/c++/14.3.1/bits\stl_iterator.h ****       front_insert_iterator&
 821:C:/Program Files (x86)/Arm GNU Toolchain arm-none-eabi/14.3 rel1/arm-none-eabi/include/c++/14.3.1/bits\stl_iterator.h ****       operator=(typename _Container::const_reference __value)
 822:C:/Program Files (x86)/Arm GNU Toolchain arm-none-eabi/14.3 rel1/arm-none-eabi/include/c++/14.3.1/bits\stl_iterator.h ****       {
 823:C:/Program Files (x86)/Arm GNU Toolchain arm-none-eabi/14.3 rel1/arm-none-eabi/include/c++/14.3.1/bits\stl_iterator.h **** 	container->push_front(__value);
 824:C:/Program Files (x86)/Arm GNU Toolchain arm-none-eabi/14.3 rel1/arm-none-eabi/include/c++/14.3.1/bits\stl_iterator.h **** 	return *this;
 825:C:/Program Files (x86)/Arm GNU Toolchain arm-none-eabi/14.3 rel1/arm-none-eabi/include/c++/14.3.1/bits\stl_iterator.h ****       }
 826:C:/Program Files (x86)/Arm GNU Toolchain arm-none-eabi/14.3 rel1/arm-none-eabi/include/c++/14.3.1/bits\stl_iterator.h **** #else
 827:C:/Program Files (x86)/Arm GNU Toolchain arm-none-eabi/14.3 rel1/arm-none-eabi/include/c++/14.3.1/bits\stl_iterator.h ****       _GLIBCXX20_CONSTEXPR
 828:C:/Program Files (x86)/Arm GNU Toolchain arm-none-eabi/14.3 rel1/arm-none-eabi/include/c++/14.3.1/bits\stl_iterator.h ****       front_insert_iterator&
 829:C:/Program Files (x86)/Arm GNU Toolchain arm-none-eabi/14.3 rel1/arm-none-eabi/include/c++/14.3.1/bits\stl_iterator.h ****       operator=(const typename _Container::value_type& __value)
 830:C:/Program Files (x86)/Arm GNU Toolchain arm-none-eabi/14.3 rel1/arm-none-eabi/include/c++/14.3.1/bits\stl_iterator.h ****       {
 831:C:/Program Files (x86)/Arm GNU Toolchain arm-none-eabi/14.3 rel1/arm-none-eabi/include/c++/14.3.1/bits\stl_iterator.h **** 	container->push_front(__value);
 832:C:/Program Files (x86)/Arm GNU Toolchain arm-none-eabi/14.3 rel1/arm-none-eabi/include/c++/14.3.1/bits\stl_iterator.h **** 	return *this;
 833:C:/Program Files (x86)/Arm GNU Toolchain arm-none-eabi/14.3 rel1/arm-none-eabi/include/c++/14.3.1/bits\stl_iterator.h ****       }
 834:C:/Program Files (x86)/Arm GNU Toolchain arm-none-eabi/14.3 rel1/arm-none-eabi/include/c++/14.3.1/bits\stl_iterator.h **** 
 835:C:/Program Files (x86)/Arm GNU Toolchain arm-none-eabi/14.3 rel1/arm-none-eabi/include/c++/14.3.1/bits\stl_iterator.h ****       _GLIBCXX20_CONSTEXPR
 836:C:/Program Files (x86)/Arm GNU Toolchain arm-none-eabi/14.3 rel1/arm-none-eabi/include/c++/14.3.1/bits\stl_iterator.h ****       front_insert_iterator&
 837:C:/Program Files (x86)/Arm GNU Toolchain arm-none-eabi/14.3 rel1/arm-none-eabi/include/c++/14.3.1/bits\stl_iterator.h ****       operator=(typename _Container::value_type&& __value)
ARM GAS  C:\Users\Oliver\AppData\Local\Temp\ccb1Hde1.s 			page 118


 838:C:/Program Files (x86)/Arm GNU Toolchain arm-none-eabi/14.3 rel1/arm-none-eabi/include/c++/14.3.1/bits\stl_iterator.h ****       {
 839:C:/Program Files (x86)/Arm GNU Toolchain arm-none-eabi/14.3 rel1/arm-none-eabi/include/c++/14.3.1/bits\stl_iterator.h **** 	container->push_front(std::move(__value));
 840:C:/Program Files (x86)/Arm GNU Toolchain arm-none-eabi/14.3 rel1/arm-none-eabi/include/c++/14.3.1/bits\stl_iterator.h **** 	return *this;
 841:C:/Program Files (x86)/Arm GNU Toolchain arm-none-eabi/14.3 rel1/arm-none-eabi/include/c++/14.3.1/bits\stl_iterator.h ****       }
 842:C:/Program Files (x86)/Arm GNU Toolchain arm-none-eabi/14.3 rel1/arm-none-eabi/include/c++/14.3.1/bits\stl_iterator.h **** #endif
 843:C:/Program Files (x86)/Arm GNU Toolchain arm-none-eabi/14.3 rel1/arm-none-eabi/include/c++/14.3.1/bits\stl_iterator.h **** 
 844:C:/Program Files (x86)/Arm GNU Toolchain arm-none-eabi/14.3 rel1/arm-none-eabi/include/c++/14.3.1/bits\stl_iterator.h ****       /// Simply returns *this.
 845:C:/Program Files (x86)/Arm GNU Toolchain arm-none-eabi/14.3 rel1/arm-none-eabi/include/c++/14.3.1/bits\stl_iterator.h ****       _GLIBCXX_NODISCARD _GLIBCXX20_CONSTEXPR
 846:C:/Program Files (x86)/Arm GNU Toolchain arm-none-eabi/14.3 rel1/arm-none-eabi/include/c++/14.3.1/bits\stl_iterator.h ****       front_insert_iterator&
 847:C:/Program Files (x86)/Arm GNU Toolchain arm-none-eabi/14.3 rel1/arm-none-eabi/include/c++/14.3.1/bits\stl_iterator.h ****       operator*()
 848:C:/Program Files (x86)/Arm GNU Toolchain arm-none-eabi/14.3 rel1/arm-none-eabi/include/c++/14.3.1/bits\stl_iterator.h ****       { return *this; }
 849:C:/Program Files (x86)/Arm GNU Toolchain arm-none-eabi/14.3 rel1/arm-none-eabi/include/c++/14.3.1/bits\stl_iterator.h **** 
 850:C:/Program Files (x86)/Arm GNU Toolchain arm-none-eabi/14.3 rel1/arm-none-eabi/include/c++/14.3.1/bits\stl_iterator.h ****       /// Simply returns *this.  (This %iterator does not @a move.)
 851:C:/Program Files (x86)/Arm GNU Toolchain arm-none-eabi/14.3 rel1/arm-none-eabi/include/c++/14.3.1/bits\stl_iterator.h ****       _GLIBCXX20_CONSTEXPR
 852:C:/Program Files (x86)/Arm GNU Toolchain arm-none-eabi/14.3 rel1/arm-none-eabi/include/c++/14.3.1/bits\stl_iterator.h ****       front_insert_iterator&
 853:C:/Program Files (x86)/Arm GNU Toolchain arm-none-eabi/14.3 rel1/arm-none-eabi/include/c++/14.3.1/bits\stl_iterator.h ****       operator++()
 854:C:/Program Files (x86)/Arm GNU Toolchain arm-none-eabi/14.3 rel1/arm-none-eabi/include/c++/14.3.1/bits\stl_iterator.h ****       { return *this; }
 855:C:/Program Files (x86)/Arm GNU Toolchain arm-none-eabi/14.3 rel1/arm-none-eabi/include/c++/14.3.1/bits\stl_iterator.h **** 
 856:C:/Program Files (x86)/Arm GNU Toolchain arm-none-eabi/14.3 rel1/arm-none-eabi/include/c++/14.3.1/bits\stl_iterator.h ****       /// Simply returns *this.  (This %iterator does not @a move.)
 857:C:/Program Files (x86)/Arm GNU Toolchain arm-none-eabi/14.3 rel1/arm-none-eabi/include/c++/14.3.1/bits\stl_iterator.h ****       _GLIBCXX20_CONSTEXPR
 858:C:/Program Files (x86)/Arm GNU Toolchain arm-none-eabi/14.3 rel1/arm-none-eabi/include/c++/14.3.1/bits\stl_iterator.h ****       front_insert_iterator
 859:C:/Program Files (x86)/Arm GNU Toolchain arm-none-eabi/14.3 rel1/arm-none-eabi/include/c++/14.3.1/bits\stl_iterator.h ****       operator++(int)
 860:C:/Program Files (x86)/Arm GNU Toolchain arm-none-eabi/14.3 rel1/arm-none-eabi/include/c++/14.3.1/bits\stl_iterator.h ****       { return *this; }
 861:C:/Program Files (x86)/Arm GNU Toolchain arm-none-eabi/14.3 rel1/arm-none-eabi/include/c++/14.3.1/bits\stl_iterator.h ****     };
 862:C:/Program Files (x86)/Arm GNU Toolchain arm-none-eabi/14.3 rel1/arm-none-eabi/include/c++/14.3.1/bits\stl_iterator.h **** 
 863:C:/Program Files (x86)/Arm GNU Toolchain arm-none-eabi/14.3 rel1/arm-none-eabi/include/c++/14.3.1/bits\stl_iterator.h ****   /**
 864:C:/Program Files (x86)/Arm GNU Toolchain arm-none-eabi/14.3 rel1/arm-none-eabi/include/c++/14.3.1/bits\stl_iterator.h ****    *  @param  __x  A container of arbitrary type.
 865:C:/Program Files (x86)/Arm GNU Toolchain arm-none-eabi/14.3 rel1/arm-none-eabi/include/c++/14.3.1/bits\stl_iterator.h ****    *  @return  An instance of front_insert_iterator working on @p x.
 866:C:/Program Files (x86)/Arm GNU Toolchain arm-none-eabi/14.3 rel1/arm-none-eabi/include/c++/14.3.1/bits\stl_iterator.h ****    *
 867:C:/Program Files (x86)/Arm GNU Toolchain arm-none-eabi/14.3 rel1/arm-none-eabi/include/c++/14.3.1/bits\stl_iterator.h ****    *  This wrapper function helps in creating front_insert_iterator instances.
 868:C:/Program Files (x86)/Arm GNU Toolchain arm-none-eabi/14.3 rel1/arm-none-eabi/include/c++/14.3.1/bits\stl_iterator.h ****    *  Typing the name of the %iterator requires knowing the precise full
 869:C:/Program Files (x86)/Arm GNU Toolchain arm-none-eabi/14.3 rel1/arm-none-eabi/include/c++/14.3.1/bits\stl_iterator.h ****    *  type of the container, which can be tedious and impedes generic
 870:C:/Program Files (x86)/Arm GNU Toolchain arm-none-eabi/14.3 rel1/arm-none-eabi/include/c++/14.3.1/bits\stl_iterator.h ****    *  programming.  Using this function lets you take advantage of automatic
 871:C:/Program Files (x86)/Arm GNU Toolchain arm-none-eabi/14.3 rel1/arm-none-eabi/include/c++/14.3.1/bits\stl_iterator.h ****    *  template parameter deduction, making the compiler match the correct
 872:C:/Program Files (x86)/Arm GNU Toolchain arm-none-eabi/14.3 rel1/arm-none-eabi/include/c++/14.3.1/bits\stl_iterator.h ****    *  types for you.
 873:C:/Program Files (x86)/Arm GNU Toolchain arm-none-eabi/14.3 rel1/arm-none-eabi/include/c++/14.3.1/bits\stl_iterator.h ****   */
 874:C:/Program Files (x86)/Arm GNU Toolchain arm-none-eabi/14.3 rel1/arm-none-eabi/include/c++/14.3.1/bits\stl_iterator.h ****   template<typename _Container>
 875:C:/Program Files (x86)/Arm GNU Toolchain arm-none-eabi/14.3 rel1/arm-none-eabi/include/c++/14.3.1/bits\stl_iterator.h ****     _GLIBCXX_NODISCARD _GLIBCXX20_CONSTEXPR
 876:C:/Program Files (x86)/Arm GNU Toolchain arm-none-eabi/14.3 rel1/arm-none-eabi/include/c++/14.3.1/bits\stl_iterator.h ****     inline front_insert_iterator<_Container>
 877:C:/Program Files (x86)/Arm GNU Toolchain arm-none-eabi/14.3 rel1/arm-none-eabi/include/c++/14.3.1/bits\stl_iterator.h ****     front_inserter(_Container& __x)
 878:C:/Program Files (x86)/Arm GNU Toolchain arm-none-eabi/14.3 rel1/arm-none-eabi/include/c++/14.3.1/bits\stl_iterator.h ****     { return front_insert_iterator<_Container>(__x); }
 879:C:/Program Files (x86)/Arm GNU Toolchain arm-none-eabi/14.3 rel1/arm-none-eabi/include/c++/14.3.1/bits\stl_iterator.h **** 
 880:C:/Program Files (x86)/Arm GNU Toolchain arm-none-eabi/14.3 rel1/arm-none-eabi/include/c++/14.3.1/bits\stl_iterator.h ****   /**
 881:C:/Program Files (x86)/Arm GNU Toolchain arm-none-eabi/14.3 rel1/arm-none-eabi/include/c++/14.3.1/bits\stl_iterator.h ****    *  @brief  Turns assignment into insertion.
 882:C:/Program Files (x86)/Arm GNU Toolchain arm-none-eabi/14.3 rel1/arm-none-eabi/include/c++/14.3.1/bits\stl_iterator.h ****    *
 883:C:/Program Files (x86)/Arm GNU Toolchain arm-none-eabi/14.3 rel1/arm-none-eabi/include/c++/14.3.1/bits\stl_iterator.h ****    *  These are output iterators, constructed from a container-of-T.
 884:C:/Program Files (x86)/Arm GNU Toolchain arm-none-eabi/14.3 rel1/arm-none-eabi/include/c++/14.3.1/bits\stl_iterator.h ****    *  Assigning a T to the iterator inserts it in the container at the
 885:C:/Program Files (x86)/Arm GNU Toolchain arm-none-eabi/14.3 rel1/arm-none-eabi/include/c++/14.3.1/bits\stl_iterator.h ****    *  %iterator's position, rather than overwriting the value at that
 886:C:/Program Files (x86)/Arm GNU Toolchain arm-none-eabi/14.3 rel1/arm-none-eabi/include/c++/14.3.1/bits\stl_iterator.h ****    *  position.
 887:C:/Program Files (x86)/Arm GNU Toolchain arm-none-eabi/14.3 rel1/arm-none-eabi/include/c++/14.3.1/bits\stl_iterator.h ****    *
 888:C:/Program Files (x86)/Arm GNU Toolchain arm-none-eabi/14.3 rel1/arm-none-eabi/include/c++/14.3.1/bits\stl_iterator.h ****    *  (Sequences will actually insert a @e copy of the value before the
 889:C:/Program Files (x86)/Arm GNU Toolchain arm-none-eabi/14.3 rel1/arm-none-eabi/include/c++/14.3.1/bits\stl_iterator.h ****    *  %iterator's position.)
 890:C:/Program Files (x86)/Arm GNU Toolchain arm-none-eabi/14.3 rel1/arm-none-eabi/include/c++/14.3.1/bits\stl_iterator.h ****    *
 891:C:/Program Files (x86)/Arm GNU Toolchain arm-none-eabi/14.3 rel1/arm-none-eabi/include/c++/14.3.1/bits\stl_iterator.h ****    *  Tip:  Using the inserter function to create these iterators can
 892:C:/Program Files (x86)/Arm GNU Toolchain arm-none-eabi/14.3 rel1/arm-none-eabi/include/c++/14.3.1/bits\stl_iterator.h ****    *  save typing.
 893:C:/Program Files (x86)/Arm GNU Toolchain arm-none-eabi/14.3 rel1/arm-none-eabi/include/c++/14.3.1/bits\stl_iterator.h ****   */
 894:C:/Program Files (x86)/Arm GNU Toolchain arm-none-eabi/14.3 rel1/arm-none-eabi/include/c++/14.3.1/bits\stl_iterator.h ****   template<typename _Container>
ARM GAS  C:\Users\Oliver\AppData\Local\Temp\ccb1Hde1.s 			page 119


 895:C:/Program Files (x86)/Arm GNU Toolchain arm-none-eabi/14.3 rel1/arm-none-eabi/include/c++/14.3.1/bits\stl_iterator.h ****     class insert_iterator
 896:C:/Program Files (x86)/Arm GNU Toolchain arm-none-eabi/14.3 rel1/arm-none-eabi/include/c++/14.3.1/bits\stl_iterator.h ****     : public iterator<output_iterator_tag, void, void, void, void>
 897:C:/Program Files (x86)/Arm GNU Toolchain arm-none-eabi/14.3 rel1/arm-none-eabi/include/c++/14.3.1/bits\stl_iterator.h ****     {
 898:C:/Program Files (x86)/Arm GNU Toolchain arm-none-eabi/14.3 rel1/arm-none-eabi/include/c++/14.3.1/bits\stl_iterator.h **** #if __cplusplus > 201703L && defined __glibcxx_concepts
 899:C:/Program Files (x86)/Arm GNU Toolchain arm-none-eabi/14.3 rel1/arm-none-eabi/include/c++/14.3.1/bits\stl_iterator.h ****       using _Iter = std::__detail::__range_iter_t<_Container>;
 900:C:/Program Files (x86)/Arm GNU Toolchain arm-none-eabi/14.3 rel1/arm-none-eabi/include/c++/14.3.1/bits\stl_iterator.h **** #else
 901:C:/Program Files (x86)/Arm GNU Toolchain arm-none-eabi/14.3 rel1/arm-none-eabi/include/c++/14.3.1/bits\stl_iterator.h ****       typedef typename _Container::iterator		_Iter;
 902:C:/Program Files (x86)/Arm GNU Toolchain arm-none-eabi/14.3 rel1/arm-none-eabi/include/c++/14.3.1/bits\stl_iterator.h **** #endif
 903:C:/Program Files (x86)/Arm GNU Toolchain arm-none-eabi/14.3 rel1/arm-none-eabi/include/c++/14.3.1/bits\stl_iterator.h ****     protected:
 904:C:/Program Files (x86)/Arm GNU Toolchain arm-none-eabi/14.3 rel1/arm-none-eabi/include/c++/14.3.1/bits\stl_iterator.h ****       _Container* container;
 905:C:/Program Files (x86)/Arm GNU Toolchain arm-none-eabi/14.3 rel1/arm-none-eabi/include/c++/14.3.1/bits\stl_iterator.h ****       _Iter iter;
 906:C:/Program Files (x86)/Arm GNU Toolchain arm-none-eabi/14.3 rel1/arm-none-eabi/include/c++/14.3.1/bits\stl_iterator.h **** 
 907:C:/Program Files (x86)/Arm GNU Toolchain arm-none-eabi/14.3 rel1/arm-none-eabi/include/c++/14.3.1/bits\stl_iterator.h ****     public:
 908:C:/Program Files (x86)/Arm GNU Toolchain arm-none-eabi/14.3 rel1/arm-none-eabi/include/c++/14.3.1/bits\stl_iterator.h ****       /// A nested typedef for the type of whatever container you used.
 909:C:/Program Files (x86)/Arm GNU Toolchain arm-none-eabi/14.3 rel1/arm-none-eabi/include/c++/14.3.1/bits\stl_iterator.h ****       typedef _Container          container_type;
 910:C:/Program Files (x86)/Arm GNU Toolchain arm-none-eabi/14.3 rel1/arm-none-eabi/include/c++/14.3.1/bits\stl_iterator.h **** 
 911:C:/Program Files (x86)/Arm GNU Toolchain arm-none-eabi/14.3 rel1/arm-none-eabi/include/c++/14.3.1/bits\stl_iterator.h **** #if __cplusplus > 201703L && defined __glibcxx_concepts
 912:C:/Program Files (x86)/Arm GNU Toolchain arm-none-eabi/14.3 rel1/arm-none-eabi/include/c++/14.3.1/bits\stl_iterator.h ****       using difference_type = ptrdiff_t;
 913:C:/Program Files (x86)/Arm GNU Toolchain arm-none-eabi/14.3 rel1/arm-none-eabi/include/c++/14.3.1/bits\stl_iterator.h **** #endif
 914:C:/Program Files (x86)/Arm GNU Toolchain arm-none-eabi/14.3 rel1/arm-none-eabi/include/c++/14.3.1/bits\stl_iterator.h **** 
 915:C:/Program Files (x86)/Arm GNU Toolchain arm-none-eabi/14.3 rel1/arm-none-eabi/include/c++/14.3.1/bits\stl_iterator.h ****       /**
 916:C:/Program Files (x86)/Arm GNU Toolchain arm-none-eabi/14.3 rel1/arm-none-eabi/include/c++/14.3.1/bits\stl_iterator.h ****        *  The only way to create this %iterator is with a container and an
 917:C:/Program Files (x86)/Arm GNU Toolchain arm-none-eabi/14.3 rel1/arm-none-eabi/include/c++/14.3.1/bits\stl_iterator.h ****        *  initial position (a normal %iterator into the container).
 918:C:/Program Files (x86)/Arm GNU Toolchain arm-none-eabi/14.3 rel1/arm-none-eabi/include/c++/14.3.1/bits\stl_iterator.h ****       */
 919:C:/Program Files (x86)/Arm GNU Toolchain arm-none-eabi/14.3 rel1/arm-none-eabi/include/c++/14.3.1/bits\stl_iterator.h ****       _GLIBCXX20_CONSTEXPR
 920:C:/Program Files (x86)/Arm GNU Toolchain arm-none-eabi/14.3 rel1/arm-none-eabi/include/c++/14.3.1/bits\stl_iterator.h ****       insert_iterator(_Container& __x, _Iter __i)
 921:C:/Program Files (x86)/Arm GNU Toolchain arm-none-eabi/14.3 rel1/arm-none-eabi/include/c++/14.3.1/bits\stl_iterator.h ****       : container(std::__addressof(__x)), iter(__i) {}
 922:C:/Program Files (x86)/Arm GNU Toolchain arm-none-eabi/14.3 rel1/arm-none-eabi/include/c++/14.3.1/bits\stl_iterator.h **** 
 923:C:/Program Files (x86)/Arm GNU Toolchain arm-none-eabi/14.3 rel1/arm-none-eabi/include/c++/14.3.1/bits\stl_iterator.h ****       /**
 924:C:/Program Files (x86)/Arm GNU Toolchain arm-none-eabi/14.3 rel1/arm-none-eabi/include/c++/14.3.1/bits\stl_iterator.h ****        *  @param  __value  An instance of whatever type
 925:C:/Program Files (x86)/Arm GNU Toolchain arm-none-eabi/14.3 rel1/arm-none-eabi/include/c++/14.3.1/bits\stl_iterator.h ****        *                 container_type::const_reference is; presumably a
 926:C:/Program Files (x86)/Arm GNU Toolchain arm-none-eabi/14.3 rel1/arm-none-eabi/include/c++/14.3.1/bits\stl_iterator.h ****        *                 reference-to-const T for container<T>.
 927:C:/Program Files (x86)/Arm GNU Toolchain arm-none-eabi/14.3 rel1/arm-none-eabi/include/c++/14.3.1/bits\stl_iterator.h ****        *  @return  This %iterator, for chained operations.
 928:C:/Program Files (x86)/Arm GNU Toolchain arm-none-eabi/14.3 rel1/arm-none-eabi/include/c++/14.3.1/bits\stl_iterator.h ****        *
 929:C:/Program Files (x86)/Arm GNU Toolchain arm-none-eabi/14.3 rel1/arm-none-eabi/include/c++/14.3.1/bits\stl_iterator.h ****        *  This kind of %iterator maintains its own position in the
 930:C:/Program Files (x86)/Arm GNU Toolchain arm-none-eabi/14.3 rel1/arm-none-eabi/include/c++/14.3.1/bits\stl_iterator.h ****        *  container.  Assigning a value to the %iterator will insert the
 931:C:/Program Files (x86)/Arm GNU Toolchain arm-none-eabi/14.3 rel1/arm-none-eabi/include/c++/14.3.1/bits\stl_iterator.h ****        *  value into the container at the place before the %iterator.
 932:C:/Program Files (x86)/Arm GNU Toolchain arm-none-eabi/14.3 rel1/arm-none-eabi/include/c++/14.3.1/bits\stl_iterator.h ****        *
 933:C:/Program Files (x86)/Arm GNU Toolchain arm-none-eabi/14.3 rel1/arm-none-eabi/include/c++/14.3.1/bits\stl_iterator.h ****        *  The position is maintained such that subsequent assignments will
 934:C:/Program Files (x86)/Arm GNU Toolchain arm-none-eabi/14.3 rel1/arm-none-eabi/include/c++/14.3.1/bits\stl_iterator.h ****        *  insert values immediately after one another.  For example,
 935:C:/Program Files (x86)/Arm GNU Toolchain arm-none-eabi/14.3 rel1/arm-none-eabi/include/c++/14.3.1/bits\stl_iterator.h ****        *  @code
 936:C:/Program Files (x86)/Arm GNU Toolchain arm-none-eabi/14.3 rel1/arm-none-eabi/include/c++/14.3.1/bits\stl_iterator.h ****        *     // vector v contains A and Z
 937:C:/Program Files (x86)/Arm GNU Toolchain arm-none-eabi/14.3 rel1/arm-none-eabi/include/c++/14.3.1/bits\stl_iterator.h ****        *
 938:C:/Program Files (x86)/Arm GNU Toolchain arm-none-eabi/14.3 rel1/arm-none-eabi/include/c++/14.3.1/bits\stl_iterator.h ****        *     insert_iterator i (v, ++v.begin());
 939:C:/Program Files (x86)/Arm GNU Toolchain arm-none-eabi/14.3 rel1/arm-none-eabi/include/c++/14.3.1/bits\stl_iterator.h ****        *     i = 1;
 940:C:/Program Files (x86)/Arm GNU Toolchain arm-none-eabi/14.3 rel1/arm-none-eabi/include/c++/14.3.1/bits\stl_iterator.h ****        *     i = 2;
 941:C:/Program Files (x86)/Arm GNU Toolchain arm-none-eabi/14.3 rel1/arm-none-eabi/include/c++/14.3.1/bits\stl_iterator.h ****        *     i = 3;
 942:C:/Program Files (x86)/Arm GNU Toolchain arm-none-eabi/14.3 rel1/arm-none-eabi/include/c++/14.3.1/bits\stl_iterator.h ****        *
 943:C:/Program Files (x86)/Arm GNU Toolchain arm-none-eabi/14.3 rel1/arm-none-eabi/include/c++/14.3.1/bits\stl_iterator.h ****        *     // vector v contains A, 1, 2, 3, and Z
 944:C:/Program Files (x86)/Arm GNU Toolchain arm-none-eabi/14.3 rel1/arm-none-eabi/include/c++/14.3.1/bits\stl_iterator.h ****        *  @endcode
 945:C:/Program Files (x86)/Arm GNU Toolchain arm-none-eabi/14.3 rel1/arm-none-eabi/include/c++/14.3.1/bits\stl_iterator.h ****       */
 946:C:/Program Files (x86)/Arm GNU Toolchain arm-none-eabi/14.3 rel1/arm-none-eabi/include/c++/14.3.1/bits\stl_iterator.h **** #if __cplusplus < 201103L
 947:C:/Program Files (x86)/Arm GNU Toolchain arm-none-eabi/14.3 rel1/arm-none-eabi/include/c++/14.3.1/bits\stl_iterator.h ****       insert_iterator&
 948:C:/Program Files (x86)/Arm GNU Toolchain arm-none-eabi/14.3 rel1/arm-none-eabi/include/c++/14.3.1/bits\stl_iterator.h ****       operator=(typename _Container::const_reference __value)
 949:C:/Program Files (x86)/Arm GNU Toolchain arm-none-eabi/14.3 rel1/arm-none-eabi/include/c++/14.3.1/bits\stl_iterator.h ****       {
 950:C:/Program Files (x86)/Arm GNU Toolchain arm-none-eabi/14.3 rel1/arm-none-eabi/include/c++/14.3.1/bits\stl_iterator.h **** 	iter = container->insert(iter, __value);
 951:C:/Program Files (x86)/Arm GNU Toolchain arm-none-eabi/14.3 rel1/arm-none-eabi/include/c++/14.3.1/bits\stl_iterator.h **** 	++iter;
ARM GAS  C:\Users\Oliver\AppData\Local\Temp\ccb1Hde1.s 			page 120


 952:C:/Program Files (x86)/Arm GNU Toolchain arm-none-eabi/14.3 rel1/arm-none-eabi/include/c++/14.3.1/bits\stl_iterator.h **** 	return *this;
 953:C:/Program Files (x86)/Arm GNU Toolchain arm-none-eabi/14.3 rel1/arm-none-eabi/include/c++/14.3.1/bits\stl_iterator.h ****       }
 954:C:/Program Files (x86)/Arm GNU Toolchain arm-none-eabi/14.3 rel1/arm-none-eabi/include/c++/14.3.1/bits\stl_iterator.h **** #else
 955:C:/Program Files (x86)/Arm GNU Toolchain arm-none-eabi/14.3 rel1/arm-none-eabi/include/c++/14.3.1/bits\stl_iterator.h ****       _GLIBCXX20_CONSTEXPR
 956:C:/Program Files (x86)/Arm GNU Toolchain arm-none-eabi/14.3 rel1/arm-none-eabi/include/c++/14.3.1/bits\stl_iterator.h ****       insert_iterator&
 957:C:/Program Files (x86)/Arm GNU Toolchain arm-none-eabi/14.3 rel1/arm-none-eabi/include/c++/14.3.1/bits\stl_iterator.h ****       operator=(const typename _Container::value_type& __value)
 958:C:/Program Files (x86)/Arm GNU Toolchain arm-none-eabi/14.3 rel1/arm-none-eabi/include/c++/14.3.1/bits\stl_iterator.h ****       {
 959:C:/Program Files (x86)/Arm GNU Toolchain arm-none-eabi/14.3 rel1/arm-none-eabi/include/c++/14.3.1/bits\stl_iterator.h **** 	iter = container->insert(iter, __value);
 960:C:/Program Files (x86)/Arm GNU Toolchain arm-none-eabi/14.3 rel1/arm-none-eabi/include/c++/14.3.1/bits\stl_iterator.h **** 	++iter;
 961:C:/Program Files (x86)/Arm GNU Toolchain arm-none-eabi/14.3 rel1/arm-none-eabi/include/c++/14.3.1/bits\stl_iterator.h **** 	return *this;
 962:C:/Program Files (x86)/Arm GNU Toolchain arm-none-eabi/14.3 rel1/arm-none-eabi/include/c++/14.3.1/bits\stl_iterator.h ****       }
 963:C:/Program Files (x86)/Arm GNU Toolchain arm-none-eabi/14.3 rel1/arm-none-eabi/include/c++/14.3.1/bits\stl_iterator.h **** 
 964:C:/Program Files (x86)/Arm GNU Toolchain arm-none-eabi/14.3 rel1/arm-none-eabi/include/c++/14.3.1/bits\stl_iterator.h ****       _GLIBCXX20_CONSTEXPR
 965:C:/Program Files (x86)/Arm GNU Toolchain arm-none-eabi/14.3 rel1/arm-none-eabi/include/c++/14.3.1/bits\stl_iterator.h ****       insert_iterator&
 966:C:/Program Files (x86)/Arm GNU Toolchain arm-none-eabi/14.3 rel1/arm-none-eabi/include/c++/14.3.1/bits\stl_iterator.h ****       operator=(typename _Container::value_type&& __value)
 967:C:/Program Files (x86)/Arm GNU Toolchain arm-none-eabi/14.3 rel1/arm-none-eabi/include/c++/14.3.1/bits\stl_iterator.h ****       {
 968:C:/Program Files (x86)/Arm GNU Toolchain arm-none-eabi/14.3 rel1/arm-none-eabi/include/c++/14.3.1/bits\stl_iterator.h **** 	iter = container->insert(iter, std::move(__value));
 969:C:/Program Files (x86)/Arm GNU Toolchain arm-none-eabi/14.3 rel1/arm-none-eabi/include/c++/14.3.1/bits\stl_iterator.h **** 	++iter;
 970:C:/Program Files (x86)/Arm GNU Toolchain arm-none-eabi/14.3 rel1/arm-none-eabi/include/c++/14.3.1/bits\stl_iterator.h **** 	return *this;
 971:C:/Program Files (x86)/Arm GNU Toolchain arm-none-eabi/14.3 rel1/arm-none-eabi/include/c++/14.3.1/bits\stl_iterator.h ****       }
 972:C:/Program Files (x86)/Arm GNU Toolchain arm-none-eabi/14.3 rel1/arm-none-eabi/include/c++/14.3.1/bits\stl_iterator.h **** #endif
 973:C:/Program Files (x86)/Arm GNU Toolchain arm-none-eabi/14.3 rel1/arm-none-eabi/include/c++/14.3.1/bits\stl_iterator.h **** 
 974:C:/Program Files (x86)/Arm GNU Toolchain arm-none-eabi/14.3 rel1/arm-none-eabi/include/c++/14.3.1/bits\stl_iterator.h ****       /// Simply returns *this.
 975:C:/Program Files (x86)/Arm GNU Toolchain arm-none-eabi/14.3 rel1/arm-none-eabi/include/c++/14.3.1/bits\stl_iterator.h ****       _GLIBCXX_NODISCARD _GLIBCXX20_CONSTEXPR
 976:C:/Program Files (x86)/Arm GNU Toolchain arm-none-eabi/14.3 rel1/arm-none-eabi/include/c++/14.3.1/bits\stl_iterator.h ****       insert_iterator&
 977:C:/Program Files (x86)/Arm GNU Toolchain arm-none-eabi/14.3 rel1/arm-none-eabi/include/c++/14.3.1/bits\stl_iterator.h ****       operator*()
 978:C:/Program Files (x86)/Arm GNU Toolchain arm-none-eabi/14.3 rel1/arm-none-eabi/include/c++/14.3.1/bits\stl_iterator.h ****       { return *this; }
 979:C:/Program Files (x86)/Arm GNU Toolchain arm-none-eabi/14.3 rel1/arm-none-eabi/include/c++/14.3.1/bits\stl_iterator.h **** 
 980:C:/Program Files (x86)/Arm GNU Toolchain arm-none-eabi/14.3 rel1/arm-none-eabi/include/c++/14.3.1/bits\stl_iterator.h ****       /// Simply returns *this.  (This %iterator does not @a move.)
 981:C:/Program Files (x86)/Arm GNU Toolchain arm-none-eabi/14.3 rel1/arm-none-eabi/include/c++/14.3.1/bits\stl_iterator.h ****       _GLIBCXX20_CONSTEXPR
 982:C:/Program Files (x86)/Arm GNU Toolchain arm-none-eabi/14.3 rel1/arm-none-eabi/include/c++/14.3.1/bits\stl_iterator.h ****       insert_iterator&
 983:C:/Program Files (x86)/Arm GNU Toolchain arm-none-eabi/14.3 rel1/arm-none-eabi/include/c++/14.3.1/bits\stl_iterator.h ****       operator++()
 984:C:/Program Files (x86)/Arm GNU Toolchain arm-none-eabi/14.3 rel1/arm-none-eabi/include/c++/14.3.1/bits\stl_iterator.h ****       { return *this; }
 985:C:/Program Files (x86)/Arm GNU Toolchain arm-none-eabi/14.3 rel1/arm-none-eabi/include/c++/14.3.1/bits\stl_iterator.h **** 
 986:C:/Program Files (x86)/Arm GNU Toolchain arm-none-eabi/14.3 rel1/arm-none-eabi/include/c++/14.3.1/bits\stl_iterator.h ****       /// Simply returns *this.  (This %iterator does not @a move.)
 987:C:/Program Files (x86)/Arm GNU Toolchain arm-none-eabi/14.3 rel1/arm-none-eabi/include/c++/14.3.1/bits\stl_iterator.h ****       _GLIBCXX20_CONSTEXPR
 988:C:/Program Files (x86)/Arm GNU Toolchain arm-none-eabi/14.3 rel1/arm-none-eabi/include/c++/14.3.1/bits\stl_iterator.h ****       insert_iterator&
 989:C:/Program Files (x86)/Arm GNU Toolchain arm-none-eabi/14.3 rel1/arm-none-eabi/include/c++/14.3.1/bits\stl_iterator.h ****       operator++(int)
 990:C:/Program Files (x86)/Arm GNU Toolchain arm-none-eabi/14.3 rel1/arm-none-eabi/include/c++/14.3.1/bits\stl_iterator.h ****       { return *this; }
 991:C:/Program Files (x86)/Arm GNU Toolchain arm-none-eabi/14.3 rel1/arm-none-eabi/include/c++/14.3.1/bits\stl_iterator.h ****     };
 992:C:/Program Files (x86)/Arm GNU Toolchain arm-none-eabi/14.3 rel1/arm-none-eabi/include/c++/14.3.1/bits\stl_iterator.h **** 
 993:C:/Program Files (x86)/Arm GNU Toolchain arm-none-eabi/14.3 rel1/arm-none-eabi/include/c++/14.3.1/bits\stl_iterator.h **** #pragma GCC diagnostic pop
 994:C:/Program Files (x86)/Arm GNU Toolchain arm-none-eabi/14.3 rel1/arm-none-eabi/include/c++/14.3.1/bits\stl_iterator.h **** 
 995:C:/Program Files (x86)/Arm GNU Toolchain arm-none-eabi/14.3 rel1/arm-none-eabi/include/c++/14.3.1/bits\stl_iterator.h ****   /**
 996:C:/Program Files (x86)/Arm GNU Toolchain arm-none-eabi/14.3 rel1/arm-none-eabi/include/c++/14.3.1/bits\stl_iterator.h ****    *  @param __x  A container of arbitrary type.
 997:C:/Program Files (x86)/Arm GNU Toolchain arm-none-eabi/14.3 rel1/arm-none-eabi/include/c++/14.3.1/bits\stl_iterator.h ****    *  @param __i  An iterator into the container.
 998:C:/Program Files (x86)/Arm GNU Toolchain arm-none-eabi/14.3 rel1/arm-none-eabi/include/c++/14.3.1/bits\stl_iterator.h ****    *  @return  An instance of insert_iterator working on @p __x.
 999:C:/Program Files (x86)/Arm GNU Toolchain arm-none-eabi/14.3 rel1/arm-none-eabi/include/c++/14.3.1/bits\stl_iterator.h ****    *
1000:C:/Program Files (x86)/Arm GNU Toolchain arm-none-eabi/14.3 rel1/arm-none-eabi/include/c++/14.3.1/bits\stl_iterator.h ****    *  This wrapper function helps in creating insert_iterator instances.
1001:C:/Program Files (x86)/Arm GNU Toolchain arm-none-eabi/14.3 rel1/arm-none-eabi/include/c++/14.3.1/bits\stl_iterator.h ****    *  Typing the name of the %iterator requires knowing the precise full
1002:C:/Program Files (x86)/Arm GNU Toolchain arm-none-eabi/14.3 rel1/arm-none-eabi/include/c++/14.3.1/bits\stl_iterator.h ****    *  type of the container, which can be tedious and impedes generic
1003:C:/Program Files (x86)/Arm GNU Toolchain arm-none-eabi/14.3 rel1/arm-none-eabi/include/c++/14.3.1/bits\stl_iterator.h ****    *  programming.  Using this function lets you take advantage of automatic
1004:C:/Program Files (x86)/Arm GNU Toolchain arm-none-eabi/14.3 rel1/arm-none-eabi/include/c++/14.3.1/bits\stl_iterator.h ****    *  template parameter deduction, making the compiler match the correct
1005:C:/Program Files (x86)/Arm GNU Toolchain arm-none-eabi/14.3 rel1/arm-none-eabi/include/c++/14.3.1/bits\stl_iterator.h ****    *  types for you.
1006:C:/Program Files (x86)/Arm GNU Toolchain arm-none-eabi/14.3 rel1/arm-none-eabi/include/c++/14.3.1/bits\stl_iterator.h ****   */
1007:C:/Program Files (x86)/Arm GNU Toolchain arm-none-eabi/14.3 rel1/arm-none-eabi/include/c++/14.3.1/bits\stl_iterator.h **** #if __cplusplus > 201703L && defined __glibcxx_concepts
1008:C:/Program Files (x86)/Arm GNU Toolchain arm-none-eabi/14.3 rel1/arm-none-eabi/include/c++/14.3.1/bits\stl_iterator.h ****   template<typename _Container>
ARM GAS  C:\Users\Oliver\AppData\Local\Temp\ccb1Hde1.s 			page 121


1009:C:/Program Files (x86)/Arm GNU Toolchain arm-none-eabi/14.3 rel1/arm-none-eabi/include/c++/14.3.1/bits\stl_iterator.h ****     [[nodiscard]]
1010:C:/Program Files (x86)/Arm GNU Toolchain arm-none-eabi/14.3 rel1/arm-none-eabi/include/c++/14.3.1/bits\stl_iterator.h ****     constexpr insert_iterator<_Container>
1011:C:/Program Files (x86)/Arm GNU Toolchain arm-none-eabi/14.3 rel1/arm-none-eabi/include/c++/14.3.1/bits\stl_iterator.h ****     inserter(_Container& __x, std::__detail::__range_iter_t<_Container> __i)
1012:C:/Program Files (x86)/Arm GNU Toolchain arm-none-eabi/14.3 rel1/arm-none-eabi/include/c++/14.3.1/bits\stl_iterator.h ****     { return insert_iterator<_Container>(__x, __i); }
1013:C:/Program Files (x86)/Arm GNU Toolchain arm-none-eabi/14.3 rel1/arm-none-eabi/include/c++/14.3.1/bits\stl_iterator.h **** #else
1014:C:/Program Files (x86)/Arm GNU Toolchain arm-none-eabi/14.3 rel1/arm-none-eabi/include/c++/14.3.1/bits\stl_iterator.h ****   template<typename _Container>
1015:C:/Program Files (x86)/Arm GNU Toolchain arm-none-eabi/14.3 rel1/arm-none-eabi/include/c++/14.3.1/bits\stl_iterator.h ****     _GLIBCXX_NODISCARD
1016:C:/Program Files (x86)/Arm GNU Toolchain arm-none-eabi/14.3 rel1/arm-none-eabi/include/c++/14.3.1/bits\stl_iterator.h ****     inline insert_iterator<_Container>
1017:C:/Program Files (x86)/Arm GNU Toolchain arm-none-eabi/14.3 rel1/arm-none-eabi/include/c++/14.3.1/bits\stl_iterator.h ****     inserter(_Container& __x, typename _Container::iterator __i)
1018:C:/Program Files (x86)/Arm GNU Toolchain arm-none-eabi/14.3 rel1/arm-none-eabi/include/c++/14.3.1/bits\stl_iterator.h ****     { return insert_iterator<_Container>(__x, __i); }
1019:C:/Program Files (x86)/Arm GNU Toolchain arm-none-eabi/14.3 rel1/arm-none-eabi/include/c++/14.3.1/bits\stl_iterator.h **** #endif
1020:C:/Program Files (x86)/Arm GNU Toolchain arm-none-eabi/14.3 rel1/arm-none-eabi/include/c++/14.3.1/bits\stl_iterator.h **** 
1021:C:/Program Files (x86)/Arm GNU Toolchain arm-none-eabi/14.3 rel1/arm-none-eabi/include/c++/14.3.1/bits\stl_iterator.h ****   /// @} group iterators
1022:C:/Program Files (x86)/Arm GNU Toolchain arm-none-eabi/14.3 rel1/arm-none-eabi/include/c++/14.3.1/bits\stl_iterator.h **** 
1023:C:/Program Files (x86)/Arm GNU Toolchain arm-none-eabi/14.3 rel1/arm-none-eabi/include/c++/14.3.1/bits\stl_iterator.h **** _GLIBCXX_END_NAMESPACE_VERSION
1024:C:/Program Files (x86)/Arm GNU Toolchain arm-none-eabi/14.3 rel1/arm-none-eabi/include/c++/14.3.1/bits\stl_iterator.h **** } // namespace
1025:C:/Program Files (x86)/Arm GNU Toolchain arm-none-eabi/14.3 rel1/arm-none-eabi/include/c++/14.3.1/bits\stl_iterator.h **** 
1026:C:/Program Files (x86)/Arm GNU Toolchain arm-none-eabi/14.3 rel1/arm-none-eabi/include/c++/14.3.1/bits\stl_iterator.h **** namespace __gnu_cxx _GLIBCXX_VISIBILITY(default)
1027:C:/Program Files (x86)/Arm GNU Toolchain arm-none-eabi/14.3 rel1/arm-none-eabi/include/c++/14.3.1/bits\stl_iterator.h **** {
1028:C:/Program Files (x86)/Arm GNU Toolchain arm-none-eabi/14.3 rel1/arm-none-eabi/include/c++/14.3.1/bits\stl_iterator.h **** _GLIBCXX_BEGIN_NAMESPACE_VERSION
1029:C:/Program Files (x86)/Arm GNU Toolchain arm-none-eabi/14.3 rel1/arm-none-eabi/include/c++/14.3.1/bits\stl_iterator.h **** 
1030:C:/Program Files (x86)/Arm GNU Toolchain arm-none-eabi/14.3 rel1/arm-none-eabi/include/c++/14.3.1/bits\stl_iterator.h ****   // This iterator adapter is @a normal in the sense that it does not
1031:C:/Program Files (x86)/Arm GNU Toolchain arm-none-eabi/14.3 rel1/arm-none-eabi/include/c++/14.3.1/bits\stl_iterator.h ****   // change the semantics of any of the operators of its iterator
1032:C:/Program Files (x86)/Arm GNU Toolchain arm-none-eabi/14.3 rel1/arm-none-eabi/include/c++/14.3.1/bits\stl_iterator.h ****   // parameter.  Its primary purpose is to convert an iterator that is
1033:C:/Program Files (x86)/Arm GNU Toolchain arm-none-eabi/14.3 rel1/arm-none-eabi/include/c++/14.3.1/bits\stl_iterator.h ****   // not a class, e.g. a pointer, into an iterator that is a class.
1034:C:/Program Files (x86)/Arm GNU Toolchain arm-none-eabi/14.3 rel1/arm-none-eabi/include/c++/14.3.1/bits\stl_iterator.h ****   // The _Container parameter exists solely so that different containers
1035:C:/Program Files (x86)/Arm GNU Toolchain arm-none-eabi/14.3 rel1/arm-none-eabi/include/c++/14.3.1/bits\stl_iterator.h ****   // using this template can instantiate different types, even if the
1036:C:/Program Files (x86)/Arm GNU Toolchain arm-none-eabi/14.3 rel1/arm-none-eabi/include/c++/14.3.1/bits\stl_iterator.h ****   // _Iterator parameter is the same.
1037:C:/Program Files (x86)/Arm GNU Toolchain arm-none-eabi/14.3 rel1/arm-none-eabi/include/c++/14.3.1/bits\stl_iterator.h ****   template<typename _Iterator, typename _Container>
1038:C:/Program Files (x86)/Arm GNU Toolchain arm-none-eabi/14.3 rel1/arm-none-eabi/include/c++/14.3.1/bits\stl_iterator.h ****     class __normal_iterator
1039:C:/Program Files (x86)/Arm GNU Toolchain arm-none-eabi/14.3 rel1/arm-none-eabi/include/c++/14.3.1/bits\stl_iterator.h ****     {
1040:C:/Program Files (x86)/Arm GNU Toolchain arm-none-eabi/14.3 rel1/arm-none-eabi/include/c++/14.3.1/bits\stl_iterator.h ****     protected:
1041:C:/Program Files (x86)/Arm GNU Toolchain arm-none-eabi/14.3 rel1/arm-none-eabi/include/c++/14.3.1/bits\stl_iterator.h ****       _Iterator _M_current;
1042:C:/Program Files (x86)/Arm GNU Toolchain arm-none-eabi/14.3 rel1/arm-none-eabi/include/c++/14.3.1/bits\stl_iterator.h **** 
1043:C:/Program Files (x86)/Arm GNU Toolchain arm-none-eabi/14.3 rel1/arm-none-eabi/include/c++/14.3.1/bits\stl_iterator.h ****       typedef std::iterator_traits<_Iterator>		__traits_type;
1044:C:/Program Files (x86)/Arm GNU Toolchain arm-none-eabi/14.3 rel1/arm-none-eabi/include/c++/14.3.1/bits\stl_iterator.h **** 
1045:C:/Program Files (x86)/Arm GNU Toolchain arm-none-eabi/14.3 rel1/arm-none-eabi/include/c++/14.3.1/bits\stl_iterator.h **** #if __cplusplus >= 201103L
1046:C:/Program Files (x86)/Arm GNU Toolchain arm-none-eabi/14.3 rel1/arm-none-eabi/include/c++/14.3.1/bits\stl_iterator.h ****       template<typename _Iter>
1047:C:/Program Files (x86)/Arm GNU Toolchain arm-none-eabi/14.3 rel1/arm-none-eabi/include/c++/14.3.1/bits\stl_iterator.h **** 	using __convertible_from
1048:C:/Program Files (x86)/Arm GNU Toolchain arm-none-eabi/14.3 rel1/arm-none-eabi/include/c++/14.3.1/bits\stl_iterator.h **** 	  = std::__enable_if_t<std::is_convertible<_Iter, _Iterator>::value>;
1049:C:/Program Files (x86)/Arm GNU Toolchain arm-none-eabi/14.3 rel1/arm-none-eabi/include/c++/14.3.1/bits\stl_iterator.h **** #endif
1050:C:/Program Files (x86)/Arm GNU Toolchain arm-none-eabi/14.3 rel1/arm-none-eabi/include/c++/14.3.1/bits\stl_iterator.h **** 
1051:C:/Program Files (x86)/Arm GNU Toolchain arm-none-eabi/14.3 rel1/arm-none-eabi/include/c++/14.3.1/bits\stl_iterator.h ****     public:
1052:C:/Program Files (x86)/Arm GNU Toolchain arm-none-eabi/14.3 rel1/arm-none-eabi/include/c++/14.3.1/bits\stl_iterator.h ****       typedef _Iterator					iterator_type;
1053:C:/Program Files (x86)/Arm GNU Toolchain arm-none-eabi/14.3 rel1/arm-none-eabi/include/c++/14.3.1/bits\stl_iterator.h ****       typedef typename __traits_type::iterator_category iterator_category;
1054:C:/Program Files (x86)/Arm GNU Toolchain arm-none-eabi/14.3 rel1/arm-none-eabi/include/c++/14.3.1/bits\stl_iterator.h ****       typedef typename __traits_type::value_type  	value_type;
1055:C:/Program Files (x86)/Arm GNU Toolchain arm-none-eabi/14.3 rel1/arm-none-eabi/include/c++/14.3.1/bits\stl_iterator.h ****       typedef typename __traits_type::difference_type 	difference_type;
1056:C:/Program Files (x86)/Arm GNU Toolchain arm-none-eabi/14.3 rel1/arm-none-eabi/include/c++/14.3.1/bits\stl_iterator.h ****       typedef typename __traits_type::reference 	reference;
1057:C:/Program Files (x86)/Arm GNU Toolchain arm-none-eabi/14.3 rel1/arm-none-eabi/include/c++/14.3.1/bits\stl_iterator.h ****       typedef typename __traits_type::pointer   	pointer;
1058:C:/Program Files (x86)/Arm GNU Toolchain arm-none-eabi/14.3 rel1/arm-none-eabi/include/c++/14.3.1/bits\stl_iterator.h **** 
1059:C:/Program Files (x86)/Arm GNU Toolchain arm-none-eabi/14.3 rel1/arm-none-eabi/include/c++/14.3.1/bits\stl_iterator.h **** #if __cplusplus > 201703L && __glibcxx_concepts
1060:C:/Program Files (x86)/Arm GNU Toolchain arm-none-eabi/14.3 rel1/arm-none-eabi/include/c++/14.3.1/bits\stl_iterator.h ****       using iterator_concept = std::__detail::__iter_concept<_Iterator>;
1061:C:/Program Files (x86)/Arm GNU Toolchain arm-none-eabi/14.3 rel1/arm-none-eabi/include/c++/14.3.1/bits\stl_iterator.h **** #endif
1062:C:/Program Files (x86)/Arm GNU Toolchain arm-none-eabi/14.3 rel1/arm-none-eabi/include/c++/14.3.1/bits\stl_iterator.h **** 
1063:C:/Program Files (x86)/Arm GNU Toolchain arm-none-eabi/14.3 rel1/arm-none-eabi/include/c++/14.3.1/bits\stl_iterator.h ****       _GLIBCXX_CONSTEXPR __normal_iterator() _GLIBCXX_NOEXCEPT
1064:C:/Program Files (x86)/Arm GNU Toolchain arm-none-eabi/14.3 rel1/arm-none-eabi/include/c++/14.3.1/bits\stl_iterator.h ****       : _M_current(_Iterator()) { }
1065:C:/Program Files (x86)/Arm GNU Toolchain arm-none-eabi/14.3 rel1/arm-none-eabi/include/c++/14.3.1/bits\stl_iterator.h **** 
ARM GAS  C:\Users\Oliver\AppData\Local\Temp\ccb1Hde1.s 			page 122


1066:C:/Program Files (x86)/Arm GNU Toolchain arm-none-eabi/14.3 rel1/arm-none-eabi/include/c++/14.3.1/bits\stl_iterator.h ****       explicit _GLIBCXX20_CONSTEXPR
1067:C:/Program Files (x86)/Arm GNU Toolchain arm-none-eabi/14.3 rel1/arm-none-eabi/include/c++/14.3.1/bits\stl_iterator.h ****       __normal_iterator(const _Iterator& __i) _GLIBCXX_NOEXCEPT
 1400              		.loc 5 1067 7 view .LVU352
 1401              		.loc 5 1067 7 is_stmt 0 view .LVU353
 1402              	.LBE359:
 1403              	.LBE358:
 1404              	.LBB360:
 1405              	.LBI360:
1068:C:/Program Files (x86)/Arm GNU Toolchain arm-none-eabi/14.3 rel1/arm-none-eabi/include/c++/14.3.1/bits\stl_iterator.h ****       : _M_current(__i) { }
1069:C:/Program Files (x86)/Arm GNU Toolchain arm-none-eabi/14.3 rel1/arm-none-eabi/include/c++/14.3.1/bits\stl_iterator.h **** 
1070:C:/Program Files (x86)/Arm GNU Toolchain arm-none-eabi/14.3 rel1/arm-none-eabi/include/c++/14.3.1/bits\stl_iterator.h ****       // Allow iterator to const_iterator conversion
1071:C:/Program Files (x86)/Arm GNU Toolchain arm-none-eabi/14.3 rel1/arm-none-eabi/include/c++/14.3.1/bits\stl_iterator.h **** #if __cplusplus >= 201103L
1072:C:/Program Files (x86)/Arm GNU Toolchain arm-none-eabi/14.3 rel1/arm-none-eabi/include/c++/14.3.1/bits\stl_iterator.h ****       template<typename _Iter, typename = __convertible_from<_Iter>>
1073:C:/Program Files (x86)/Arm GNU Toolchain arm-none-eabi/14.3 rel1/arm-none-eabi/include/c++/14.3.1/bits\stl_iterator.h **** 	_GLIBCXX20_CONSTEXPR
1074:C:/Program Files (x86)/Arm GNU Toolchain arm-none-eabi/14.3 rel1/arm-none-eabi/include/c++/14.3.1/bits\stl_iterator.h **** 	__normal_iterator(const __normal_iterator<_Iter, _Container>& __i)
1075:C:/Program Files (x86)/Arm GNU Toolchain arm-none-eabi/14.3 rel1/arm-none-eabi/include/c++/14.3.1/bits\stl_iterator.h **** 	noexcept
1076:C:/Program Files (x86)/Arm GNU Toolchain arm-none-eabi/14.3 rel1/arm-none-eabi/include/c++/14.3.1/bits\stl_iterator.h **** #else
1077:C:/Program Files (x86)/Arm GNU Toolchain arm-none-eabi/14.3 rel1/arm-none-eabi/include/c++/14.3.1/bits\stl_iterator.h ****       // N.B. _Container::pointer is not actually in container requirements,
1078:C:/Program Files (x86)/Arm GNU Toolchain arm-none-eabi/14.3 rel1/arm-none-eabi/include/c++/14.3.1/bits\stl_iterator.h ****       // but is present in std::vector and std::basic_string.
1079:C:/Program Files (x86)/Arm GNU Toolchain arm-none-eabi/14.3 rel1/arm-none-eabi/include/c++/14.3.1/bits\stl_iterator.h ****       template<typename _Iter>
1080:C:/Program Files (x86)/Arm GNU Toolchain arm-none-eabi/14.3 rel1/arm-none-eabi/include/c++/14.3.1/bits\stl_iterator.h ****         __normal_iterator(const __normal_iterator<_Iter,
1081:C:/Program Files (x86)/Arm GNU Toolchain arm-none-eabi/14.3 rel1/arm-none-eabi/include/c++/14.3.1/bits\stl_iterator.h **** 			  typename __enable_if<
1082:C:/Program Files (x86)/Arm GNU Toolchain arm-none-eabi/14.3 rel1/arm-none-eabi/include/c++/14.3.1/bits\stl_iterator.h **** 	       (std::__are_same<_Iter, typename _Container::pointer>::__value),
1083:C:/Program Files (x86)/Arm GNU Toolchain arm-none-eabi/14.3 rel1/arm-none-eabi/include/c++/14.3.1/bits\stl_iterator.h **** 		      _Container>::__type>& __i)
1084:C:/Program Files (x86)/Arm GNU Toolchain arm-none-eabi/14.3 rel1/arm-none-eabi/include/c++/14.3.1/bits\stl_iterator.h **** #endif
1085:C:/Program Files (x86)/Arm GNU Toolchain arm-none-eabi/14.3 rel1/arm-none-eabi/include/c++/14.3.1/bits\stl_iterator.h ****         : _M_current(__i.base()) { }
1086:C:/Program Files (x86)/Arm GNU Toolchain arm-none-eabi/14.3 rel1/arm-none-eabi/include/c++/14.3.1/bits\stl_iterator.h **** 
1087:C:/Program Files (x86)/Arm GNU Toolchain arm-none-eabi/14.3 rel1/arm-none-eabi/include/c++/14.3.1/bits\stl_iterator.h ****       // Forward iterator requirements
1088:C:/Program Files (x86)/Arm GNU Toolchain arm-none-eabi/14.3 rel1/arm-none-eabi/include/c++/14.3.1/bits\stl_iterator.h ****       _GLIBCXX20_CONSTEXPR
1089:C:/Program Files (x86)/Arm GNU Toolchain arm-none-eabi/14.3 rel1/arm-none-eabi/include/c++/14.3.1/bits\stl_iterator.h ****       reference
1090:C:/Program Files (x86)/Arm GNU Toolchain arm-none-eabi/14.3 rel1/arm-none-eabi/include/c++/14.3.1/bits\stl_iterator.h ****       operator*() const _GLIBCXX_NOEXCEPT
1091:C:/Program Files (x86)/Arm GNU Toolchain arm-none-eabi/14.3 rel1/arm-none-eabi/include/c++/14.3.1/bits\stl_iterator.h ****       { return *_M_current; }
1092:C:/Program Files (x86)/Arm GNU Toolchain arm-none-eabi/14.3 rel1/arm-none-eabi/include/c++/14.3.1/bits\stl_iterator.h **** 
1093:C:/Program Files (x86)/Arm GNU Toolchain arm-none-eabi/14.3 rel1/arm-none-eabi/include/c++/14.3.1/bits\stl_iterator.h ****       _GLIBCXX20_CONSTEXPR
1094:C:/Program Files (x86)/Arm GNU Toolchain arm-none-eabi/14.3 rel1/arm-none-eabi/include/c++/14.3.1/bits\stl_iterator.h ****       pointer
1095:C:/Program Files (x86)/Arm GNU Toolchain arm-none-eabi/14.3 rel1/arm-none-eabi/include/c++/14.3.1/bits\stl_iterator.h ****       operator->() const _GLIBCXX_NOEXCEPT
1096:C:/Program Files (x86)/Arm GNU Toolchain arm-none-eabi/14.3 rel1/arm-none-eabi/include/c++/14.3.1/bits\stl_iterator.h ****       { return _M_current; }
1097:C:/Program Files (x86)/Arm GNU Toolchain arm-none-eabi/14.3 rel1/arm-none-eabi/include/c++/14.3.1/bits\stl_iterator.h **** 
1098:C:/Program Files (x86)/Arm GNU Toolchain arm-none-eabi/14.3 rel1/arm-none-eabi/include/c++/14.3.1/bits\stl_iterator.h ****       _GLIBCXX20_CONSTEXPR
1099:C:/Program Files (x86)/Arm GNU Toolchain arm-none-eabi/14.3 rel1/arm-none-eabi/include/c++/14.3.1/bits\stl_iterator.h ****       __normal_iterator&
1100:C:/Program Files (x86)/Arm GNU Toolchain arm-none-eabi/14.3 rel1/arm-none-eabi/include/c++/14.3.1/bits\stl_iterator.h ****       operator++() _GLIBCXX_NOEXCEPT
1101:C:/Program Files (x86)/Arm GNU Toolchain arm-none-eabi/14.3 rel1/arm-none-eabi/include/c++/14.3.1/bits\stl_iterator.h ****       {
1102:C:/Program Files (x86)/Arm GNU Toolchain arm-none-eabi/14.3 rel1/arm-none-eabi/include/c++/14.3.1/bits\stl_iterator.h **** 	++_M_current;
1103:C:/Program Files (x86)/Arm GNU Toolchain arm-none-eabi/14.3 rel1/arm-none-eabi/include/c++/14.3.1/bits\stl_iterator.h **** 	return *this;
1104:C:/Program Files (x86)/Arm GNU Toolchain arm-none-eabi/14.3 rel1/arm-none-eabi/include/c++/14.3.1/bits\stl_iterator.h ****       }
1105:C:/Program Files (x86)/Arm GNU Toolchain arm-none-eabi/14.3 rel1/arm-none-eabi/include/c++/14.3.1/bits\stl_iterator.h **** 
1106:C:/Program Files (x86)/Arm GNU Toolchain arm-none-eabi/14.3 rel1/arm-none-eabi/include/c++/14.3.1/bits\stl_iterator.h ****       _GLIBCXX20_CONSTEXPR
1107:C:/Program Files (x86)/Arm GNU Toolchain arm-none-eabi/14.3 rel1/arm-none-eabi/include/c++/14.3.1/bits\stl_iterator.h ****       __normal_iterator
1108:C:/Program Files (x86)/Arm GNU Toolchain arm-none-eabi/14.3 rel1/arm-none-eabi/include/c++/14.3.1/bits\stl_iterator.h ****       operator++(int) _GLIBCXX_NOEXCEPT
1109:C:/Program Files (x86)/Arm GNU Toolchain arm-none-eabi/14.3 rel1/arm-none-eabi/include/c++/14.3.1/bits\stl_iterator.h ****       { return __normal_iterator(_M_current++); }
1110:C:/Program Files (x86)/Arm GNU Toolchain arm-none-eabi/14.3 rel1/arm-none-eabi/include/c++/14.3.1/bits\stl_iterator.h **** 
1111:C:/Program Files (x86)/Arm GNU Toolchain arm-none-eabi/14.3 rel1/arm-none-eabi/include/c++/14.3.1/bits\stl_iterator.h ****       // Bidirectional iterator requirements
1112:C:/Program Files (x86)/Arm GNU Toolchain arm-none-eabi/14.3 rel1/arm-none-eabi/include/c++/14.3.1/bits\stl_iterator.h ****       _GLIBCXX20_CONSTEXPR
1113:C:/Program Files (x86)/Arm GNU Toolchain arm-none-eabi/14.3 rel1/arm-none-eabi/include/c++/14.3.1/bits\stl_iterator.h ****       __normal_iterator&
1114:C:/Program Files (x86)/Arm GNU Toolchain arm-none-eabi/14.3 rel1/arm-none-eabi/include/c++/14.3.1/bits\stl_iterator.h ****       operator--() _GLIBCXX_NOEXCEPT
1115:C:/Program Files (x86)/Arm GNU Toolchain arm-none-eabi/14.3 rel1/arm-none-eabi/include/c++/14.3.1/bits\stl_iterator.h ****       {
1116:C:/Program Files (x86)/Arm GNU Toolchain arm-none-eabi/14.3 rel1/arm-none-eabi/include/c++/14.3.1/bits\stl_iterator.h **** 	--_M_current;
ARM GAS  C:\Users\Oliver\AppData\Local\Temp\ccb1Hde1.s 			page 123


1117:C:/Program Files (x86)/Arm GNU Toolchain arm-none-eabi/14.3 rel1/arm-none-eabi/include/c++/14.3.1/bits\stl_iterator.h **** 	return *this;
1118:C:/Program Files (x86)/Arm GNU Toolchain arm-none-eabi/14.3 rel1/arm-none-eabi/include/c++/14.3.1/bits\stl_iterator.h ****       }
1119:C:/Program Files (x86)/Arm GNU Toolchain arm-none-eabi/14.3 rel1/arm-none-eabi/include/c++/14.3.1/bits\stl_iterator.h **** 
1120:C:/Program Files (x86)/Arm GNU Toolchain arm-none-eabi/14.3 rel1/arm-none-eabi/include/c++/14.3.1/bits\stl_iterator.h ****       _GLIBCXX20_CONSTEXPR
1121:C:/Program Files (x86)/Arm GNU Toolchain arm-none-eabi/14.3 rel1/arm-none-eabi/include/c++/14.3.1/bits\stl_iterator.h ****       __normal_iterator
1122:C:/Program Files (x86)/Arm GNU Toolchain arm-none-eabi/14.3 rel1/arm-none-eabi/include/c++/14.3.1/bits\stl_iterator.h ****       operator--(int) _GLIBCXX_NOEXCEPT
1123:C:/Program Files (x86)/Arm GNU Toolchain arm-none-eabi/14.3 rel1/arm-none-eabi/include/c++/14.3.1/bits\stl_iterator.h ****       { return __normal_iterator(_M_current--); }
1124:C:/Program Files (x86)/Arm GNU Toolchain arm-none-eabi/14.3 rel1/arm-none-eabi/include/c++/14.3.1/bits\stl_iterator.h **** 
1125:C:/Program Files (x86)/Arm GNU Toolchain arm-none-eabi/14.3 rel1/arm-none-eabi/include/c++/14.3.1/bits\stl_iterator.h ****       // Random access iterator requirements
1126:C:/Program Files (x86)/Arm GNU Toolchain arm-none-eabi/14.3 rel1/arm-none-eabi/include/c++/14.3.1/bits\stl_iterator.h ****       _GLIBCXX20_CONSTEXPR
1127:C:/Program Files (x86)/Arm GNU Toolchain arm-none-eabi/14.3 rel1/arm-none-eabi/include/c++/14.3.1/bits\stl_iterator.h ****       reference
1128:C:/Program Files (x86)/Arm GNU Toolchain arm-none-eabi/14.3 rel1/arm-none-eabi/include/c++/14.3.1/bits\stl_iterator.h ****       operator[](difference_type __n) const _GLIBCXX_NOEXCEPT
1129:C:/Program Files (x86)/Arm GNU Toolchain arm-none-eabi/14.3 rel1/arm-none-eabi/include/c++/14.3.1/bits\stl_iterator.h ****       { return _M_current[__n]; }
1130:C:/Program Files (x86)/Arm GNU Toolchain arm-none-eabi/14.3 rel1/arm-none-eabi/include/c++/14.3.1/bits\stl_iterator.h **** 
1131:C:/Program Files (x86)/Arm GNU Toolchain arm-none-eabi/14.3 rel1/arm-none-eabi/include/c++/14.3.1/bits\stl_iterator.h ****       _GLIBCXX20_CONSTEXPR
1132:C:/Program Files (x86)/Arm GNU Toolchain arm-none-eabi/14.3 rel1/arm-none-eabi/include/c++/14.3.1/bits\stl_iterator.h ****       __normal_iterator&
1133:C:/Program Files (x86)/Arm GNU Toolchain arm-none-eabi/14.3 rel1/arm-none-eabi/include/c++/14.3.1/bits\stl_iterator.h ****       operator+=(difference_type __n) _GLIBCXX_NOEXCEPT
1134:C:/Program Files (x86)/Arm GNU Toolchain arm-none-eabi/14.3 rel1/arm-none-eabi/include/c++/14.3.1/bits\stl_iterator.h ****       { _M_current += __n; return *this; }
1135:C:/Program Files (x86)/Arm GNU Toolchain arm-none-eabi/14.3 rel1/arm-none-eabi/include/c++/14.3.1/bits\stl_iterator.h **** 
1136:C:/Program Files (x86)/Arm GNU Toolchain arm-none-eabi/14.3 rel1/arm-none-eabi/include/c++/14.3.1/bits\stl_iterator.h ****       _GLIBCXX20_CONSTEXPR
1137:C:/Program Files (x86)/Arm GNU Toolchain arm-none-eabi/14.3 rel1/arm-none-eabi/include/c++/14.3.1/bits\stl_iterator.h ****       __normal_iterator
1138:C:/Program Files (x86)/Arm GNU Toolchain arm-none-eabi/14.3 rel1/arm-none-eabi/include/c++/14.3.1/bits\stl_iterator.h ****       operator+(difference_type __n) const _GLIBCXX_NOEXCEPT
1139:C:/Program Files (x86)/Arm GNU Toolchain arm-none-eabi/14.3 rel1/arm-none-eabi/include/c++/14.3.1/bits\stl_iterator.h ****       { return __normal_iterator(_M_current + __n); }
1140:C:/Program Files (x86)/Arm GNU Toolchain arm-none-eabi/14.3 rel1/arm-none-eabi/include/c++/14.3.1/bits\stl_iterator.h **** 
1141:C:/Program Files (x86)/Arm GNU Toolchain arm-none-eabi/14.3 rel1/arm-none-eabi/include/c++/14.3.1/bits\stl_iterator.h ****       _GLIBCXX20_CONSTEXPR
1142:C:/Program Files (x86)/Arm GNU Toolchain arm-none-eabi/14.3 rel1/arm-none-eabi/include/c++/14.3.1/bits\stl_iterator.h ****       __normal_iterator&
1143:C:/Program Files (x86)/Arm GNU Toolchain arm-none-eabi/14.3 rel1/arm-none-eabi/include/c++/14.3.1/bits\stl_iterator.h ****       operator-=(difference_type __n) _GLIBCXX_NOEXCEPT
1144:C:/Program Files (x86)/Arm GNU Toolchain arm-none-eabi/14.3 rel1/arm-none-eabi/include/c++/14.3.1/bits\stl_iterator.h ****       { _M_current -= __n; return *this; }
1145:C:/Program Files (x86)/Arm GNU Toolchain arm-none-eabi/14.3 rel1/arm-none-eabi/include/c++/14.3.1/bits\stl_iterator.h **** 
1146:C:/Program Files (x86)/Arm GNU Toolchain arm-none-eabi/14.3 rel1/arm-none-eabi/include/c++/14.3.1/bits\stl_iterator.h ****       _GLIBCXX20_CONSTEXPR
1147:C:/Program Files (x86)/Arm GNU Toolchain arm-none-eabi/14.3 rel1/arm-none-eabi/include/c++/14.3.1/bits\stl_iterator.h ****       __normal_iterator
1148:C:/Program Files (x86)/Arm GNU Toolchain arm-none-eabi/14.3 rel1/arm-none-eabi/include/c++/14.3.1/bits\stl_iterator.h ****       operator-(difference_type __n) const _GLIBCXX_NOEXCEPT
 1406              		.loc 5 1148 7 is_stmt 1 view .LVU354
 1407              	.LBB361:
 1408              	.LBI361:
1067:C:/Program Files (x86)/Arm GNU Toolchain arm-none-eabi/14.3 rel1/arm-none-eabi/include/c++/14.3.1/bits\stl_iterator.h ****       : _M_current(__i) { }
 1409              		.loc 5 1067 7 view .LVU355
1067:C:/Program Files (x86)/Arm GNU Toolchain arm-none-eabi/14.3 rel1/arm-none-eabi/include/c++/14.3.1/bits\stl_iterator.h ****       : _M_current(__i) { }
 1410              		.loc 5 1067 7 is_stmt 0 view .LVU356
 1411              	.LBE361:
 1412              	.LBE360:
 1413              	.LBE357:
  39:effects/motorwaheffect.cpp ****     parameters_.back()->SetDiscreteValues(lfoWaveShapes, 8);
 1414              		.loc 1 39 39 discriminator 1 view .LVU357
 1415 0174 E368     		ldr	r3, [r4, #12]
 1416 0176 0221     		movs	r1, #2
 1417 0178 53F8040C 		ldr	r0, [r3, #-4]
 1418 017c FFF7FEFF 		bl	_ZN11perspective15EffectParameter14SetDisplayTypeENS_11DisplayTypeE
 1419              	.LVL116:
  40:effects/motorwaheffect.cpp **** 
 1420              		.loc 1 40 5 is_stmt 1 view .LVU358
 1421              	.LBB362:
 1422              	.LBI362:
 1423              		.loc 3 1248 7 view .LVU359
 1424              	.LBB363:
 1425              	.LBI363:
 906:C:/Program Files (x86)/Arm GNU Toolchain arm-none-eabi/14.3 rel1/arm-none-eabi/include/c++/14.3.1/bits\stl_vector.h ****       { return iterator(this->_M_impl._M_finish); }
ARM GAS  C:\Users\Oliver\AppData\Local\Temp\ccb1Hde1.s 			page 124


 1426              		.loc 3 906 7 view .LVU360
 1427              	.LBB364:
 1428              	.LBI364:
1067:C:/Program Files (x86)/Arm GNU Toolchain arm-none-eabi/14.3 rel1/arm-none-eabi/include/c++/14.3.1/bits\stl_iterator.h ****       : _M_current(__i) { }
 1429              		.loc 5 1067 7 view .LVU361
1067:C:/Program Files (x86)/Arm GNU Toolchain arm-none-eabi/14.3 rel1/arm-none-eabi/include/c++/14.3.1/bits\stl_iterator.h ****       : _M_current(__i) { }
 1430              		.loc 5 1067 7 is_stmt 0 view .LVU362
 1431              	.LBE364:
 1432              	.LBE363:
 1433              	.LBB365:
 1434              	.LBI365:
 1435              		.loc 5 1148 7 is_stmt 1 view .LVU363
 1436              	.LBB366:
 1437              	.LBI366:
1067:C:/Program Files (x86)/Arm GNU Toolchain arm-none-eabi/14.3 rel1/arm-none-eabi/include/c++/14.3.1/bits\stl_iterator.h ****       : _M_current(__i) { }
 1438              		.loc 5 1067 7 view .LVU364
1067:C:/Program Files (x86)/Arm GNU Toolchain arm-none-eabi/14.3 rel1/arm-none-eabi/include/c++/14.3.1/bits\stl_iterator.h ****       : _M_current(__i) { }
 1439              		.loc 5 1067 7 is_stmt 0 view .LVU365
 1440              	.LBE366:
 1441              	.LBE365:
 1442              	.LBE362:
  40:effects/motorwaheffect.cpp **** 
 1443              		.loc 1 40 42 discriminator 1 view .LVU366
 1444 0180 E368     		ldr	r3, [r4, #12]
 1445 0182 0822     		movs	r2, #8
 1446 0184 3049     		ldr	r1, .L68+68
 1447 0186 53F8040C 		ldr	r0, [r3, #-4]
 1448 018a FFF7FEFF 		bl	_ZN11perspective15EffectParameter17SetDiscreteValuesEPPKci
 1449              	.LVL117:
  42:effects/motorwaheffect.cpp **** }
 1450              		.loc 1 42 5 is_stmt 1 view .LVU367
  42:effects/motorwaheffect.cpp **** }
 1451              		.loc 1 42 11 is_stmt 0 view .LVU368
 1452 018e 2368     		ldr	r3, [r4]
 1453 0190 2E4A     		ldr	r2, .L68+72
 1454 0192 5B69     		ldr	r3, [r3, #20]
 1455 0194 9342     		cmp	r3, r2
 1456 0196 2ED1     		bne	.L62
 1457              	.LVL118:
 1458              	.LBB367:
 1459              	.LBI367:
  92:effects/motorwaheffect.cpp ****     if (parameters_.size() >= 6) {
 1460              		.loc 1 92 6 is_stmt 1 view .LVU369
 1461              	.LBB368:
  93:effects/motorwaheffect.cpp ****         float rateHz = parameters_[3]->GetValue();
 1462              		.loc 1 93 5 view .LVU370
 1463              	.LBB369:
 1464              	.LBB370:
 1465              	.LBI370:
1005:C:/Program Files (x86)/Arm GNU Toolchain arm-none-eabi/14.3 rel1/arm-none-eabi/include/c++/14.3.1/bits\stl_vector.h ****       { return size_type(this->_M_impl._M_finish - this->_M_impl._M_start); }
 1466              		.loc 3 1005 7 view .LVU371
 1467              	.LBB371:
1006:C:/Program Files (x86)/Arm GNU Toolchain arm-none-eabi/14.3 rel1/arm-none-eabi/include/c++/14.3.1/bits\stl_vector.h **** 
 1468              		.loc 3 1006 50 is_stmt 0 view .LVU372
 1469 0198 D4E90223 		ldrd	r2, r3, [r4, #8]
 1470 019c 9B1A     		subs	r3, r3, r2
 1471              	.LBE371:
ARM GAS  C:\Users\Oliver\AppData\Local\Temp\ccb1Hde1.s 			page 125


 1472              	.LBE370:
  93:effects/motorwaheffect.cpp ****         float rateHz = parameters_[3]->GetValue();
 1473              		.loc 1 93 5 discriminator 1 view .LVU373
 1474 019e 142B     		cmp	r3, #20
 1475 01a0 07D8     		bhi	.L67
 1476              	.L63:
 1477              	.LBE369:
 101:effects/motorwaheffect.cpp **** }
 1478              		.loc 1 101 5 is_stmt 1 view .LVU374
 101:effects/motorwaheffect.cpp **** }
 1479              		.loc 1 101 28 is_stmt 0 view .LVU375
 1480 01a2 2046     		mov	r0, r4
 1481              	.LBE368:
 1482              	.LBE367:
  43:effects/motorwaheffect.cpp **** 
 1483              		.loc 1 43 1 view .LVU376
 1484 01a4 04B0     		add	sp, sp, #16
 1485              		.cfi_remember_state
 1486              		.cfi_def_cfa_offset 40
 1487              		@ sp needed
 1488 01a6 BDEC048B 		vldm	sp!, {d8-d9}
 1489              		.cfi_restore 82
 1490              		.cfi_restore 83
 1491              		.cfi_restore 80
 1492              		.cfi_restore 81
 1493              		.cfi_def_cfa_offset 24
 1494 01aa BDE8F041 		pop	{r4, r5, r6, r7, r8, lr}
 1495              		.cfi_restore 14
 1496              		.cfi_restore 8
 1497              		.cfi_restore 7
 1498              		.cfi_restore 6
 1499              		.cfi_restore 5
 1500              		.cfi_restore 4
 1501              		.cfi_def_cfa_offset 0
 1502              	.LVL119:
 1503              	.LBB388:
 1504              	.LBB387:
 101:effects/motorwaheffect.cpp **** }
 1505              		.loc 1 101 28 view .LVU377
 1506 01ae FFF7FEBF 		b	_ZN11perspective15AutowahV2Effect6UpdateEv
 1507              	.LVL120:
 1508              	.L67:
 1509              		.cfi_restore_state
 1510              	.LBB386:
 1511              	.LBB372:
  94:effects/motorwaheffect.cpp ****         int waveform = static_cast<int>(std::round(parameters_[5]->GetValue()));
 1512              		.loc 1 94 9 is_stmt 1 view .LVU378
  94:effects/motorwaheffect.cpp ****         int waveform = static_cast<int>(std::round(parameters_[5]->GetValue()));
 1513              		.loc 1 94 48 is_stmt 0 discriminator 1 view .LVU379
 1514 01b2 D068     		ldr	r0, [r2, #12]
 1515 01b4 FFF7FEFF 		bl	_ZNK11perspective15EffectParameter8GetValueEv
 1516              	.LVL121:
  95:effects/motorwaheffect.cpp **** 
 1517              		.loc 1 95 51 discriminator 1 view .LVU380
 1518 01b8 A368     		ldr	r3, [r4, #8]
  94:effects/motorwaheffect.cpp ****         int waveform = static_cast<int>(std::round(parameters_[5]->GetValue()));
 1519              		.loc 1 94 48 discriminator 1 view .LVU381
ARM GAS  C:\Users\Oliver\AppData\Local\Temp\ccb1Hde1.s 			page 126


 1520 01ba B0EE408A 		vmov.f32	s16, s0
 1521              	.LVL122:
  95:effects/motorwaheffect.cpp **** 
 1522              		.loc 1 95 9 is_stmt 1 view .LVU382
 1523              	.LBB373:
 1524              	.LBI373:
1141:C:/Program Files (x86)/Arm GNU Toolchain arm-none-eabi/14.3 rel1/arm-none-eabi/include/c++/14.3.1/bits\stl_vector.h ****       {
 1525              		.loc 3 1141 7 view .LVU383
1141:C:/Program Files (x86)/Arm GNU Toolchain arm-none-eabi/14.3 rel1/arm-none-eabi/include/c++/14.3.1/bits\stl_vector.h ****       {
 1526              		.loc 3 1141 7 is_stmt 0 view .LVU384
 1527              	.LBE373:
  95:effects/motorwaheffect.cpp **** 
 1528              		.loc 1 95 51 discriminator 1 view .LVU385
 1529 01be 5869     		ldr	r0, [r3, #20]
 1530 01c0 FFF7FEFF 		bl	_ZNK11perspective15EffectParameter8GetValueEv
 1531              	.LVL123:
  95:effects/motorwaheffect.cpp **** 
 1532              		.loc 1 95 51 discriminator 1 view .LVU386
 1533 01c4 F0EE407A 		vmov.f32	s15, s0
 1534              	.LVL124:
 1535              	.LBB374:
 1536              	.LBI374:
2687:C:/Program Files (x86)/Arm GNU Toolchain arm-none-eabi/14.3 rel1/arm-none-eabi/include/c++/14.3.1\cmath ****   { return __builtin_roundf(__x); }
 1537              		.loc 4 2687 3 is_stmt 1 view .LVU387
 1538              	.LBB375:
 1539              		.loc 4 2688 5 view .LVU388
 1540              	.LBE375:
 1541              	.LBE374:
 1542              	.LBB377:
 1543              	.LBB378:
  69:dependencies/DaisySP/Source/Synthesis/oscillator.h ****         phase_inc_ = CalcPhaseInc(f);
 1544              		.loc 2 69 20 is_stmt 0 view .LVU389
 1545 01c8 84ED3B8A 		vstr.32	s16, [r4, #236]
  70:dependencies/DaisySP/Source/Synthesis/oscillator.h ****     }
 1546              		.loc 2 70 34 view .LVU390
 1547 01cc B0EE480A 		vmov.f32	s0, s16
 1548              	.LVL125:
  70:dependencies/DaisySP/Source/Synthesis/oscillator.h ****     }
 1549              		.loc 2 70 34 view .LVU391
 1550 01d0 3846     		mov	r0, r7
 1551              	.LBE378:
 1552              	.LBE377:
 1553              	.LBB381:
 1554              	.LBB376:
 1555              		.loc 4 2688 28 view .LVU392
 1556 01d2 B8FE678A 		vrinta.f32	s16, s15
 1557              	.LVL126:
 1558              		.loc 4 2688 28 view .LVU393
 1559              	.LBE376:
 1560              	.LBE381:
  97:effects/motorwaheffect.cpp ****         lfo_.SetWaveform(static_cast<uint8_t>(waveform));
 1561              		.loc 1 97 9 is_stmt 1 view .LVU394
 1562              	.LBB382:
 1563              	.LBI377:
  67:dependencies/DaisySP/Source/Synthesis/oscillator.h ****     {
 1564              		.loc 2 67 17 view .LVU395
 1565              	.LBB379:
ARM GAS  C:\Users\Oliver\AppData\Local\Temp\ccb1Hde1.s 			page 127


  69:dependencies/DaisySP/Source/Synthesis/oscillator.h ****         phase_inc_ = CalcPhaseInc(f);
 1566              		.loc 2 69 9 view .LVU396
  70:dependencies/DaisySP/Source/Synthesis/oscillator.h ****     }
 1567              		.loc 2 70 9 view .LVU397
  70:dependencies/DaisySP/Source/Synthesis/oscillator.h ****     }
 1568              		.loc 2 70 34 is_stmt 0 view .LVU398
 1569 01d6 FFF7FEFF 		bl	_ZN7daisysp10Oscillator12CalcPhaseIncEf
 1570              	.LVL127:
  70:dependencies/DaisySP/Source/Synthesis/oscillator.h ****     }
 1571              		.loc 2 70 34 view .LVU399
 1572              	.LBE379:
 1573              	.LBE382:
  95:effects/motorwaheffect.cpp **** 
 1574              		.loc 1 95 79 discriminator 3 view .LVU400
 1575 01da FDEEC87A 		vcvt.s32.f32	s15, s16
 1576              	.LBB383:
 1577              	.LBB380:
  70:dependencies/DaisySP/Source/Synthesis/oscillator.h ****     }
 1578              		.loc 2 70 20 discriminator 1 view .LVU401
 1579 01de 84ED400A 		vstr.32	s0, [r4, #256]
 1580              	.LVL128:
  70:dependencies/DaisySP/Source/Synthesis/oscillator.h ****     }
 1581              		.loc 2 70 20 discriminator 1 view .LVU402
 1582              	.LBE380:
 1583              	.LBE383:
  98:effects/motorwaheffect.cpp ****     }
 1584              		.loc 1 98 9 is_stmt 1 view .LVU403
  95:effects/motorwaheffect.cpp **** 
 1585              		.loc 1 95 79 is_stmt 0 discriminator 3 view .LVU404
 1586 01e2 CDED037A 		vstr.32	s15, [sp, #12]	@ int
  98:effects/motorwaheffect.cpp ****     }
 1587              		.loc 1 98 25 view .LVU405
 1588 01e6 9DF80C30 		ldrb	r3, [sp, #12]	@ zero_extendqisi2
 1589              	.LVL129:
 1590              	.LBB384:
 1591              	.LBI384:
  79:dependencies/DaisySP/Source/Synthesis/oscillator.h ****     {
 1592              		.loc 2 79 17 is_stmt 1 view .LVU406
 1593              	.LBB385:
  81:dependencies/DaisySP/Source/Synthesis/oscillator.h ****     }
 1594              		.loc 2 81 9 view .LVU407
  81:dependencies/DaisySP/Source/Synthesis/oscillator.h ****     }
 1595              		.loc 2 81 19 is_stmt 0 discriminator 2 view .LVU408
 1596 01ea 082B     		cmp	r3, #8
 1597 01ec 28BF     		it	cs
 1598 01ee 0023     		movcs	r3, #0
 1599              	.LVL130:
  81:dependencies/DaisySP/Source/Synthesis/oscillator.h ****     }
 1600              		.loc 2 81 19 discriminator 4 view .LVU409
 1601 01f0 84F8E430 		strb	r3, [r4, #228]
 1602              	.LVL131:
 1603              		.loc 2 82 5 view .LVU410
 1604 01f4 D5E7     		b	.L63
 1605              	.LVL132:
 1606              	.L62:
 1607              		.loc 2 82 5 view .LVU411
 1608              	.LBE385:
ARM GAS  C:\Users\Oliver\AppData\Local\Temp\ccb1Hde1.s 			page 128


 1609              	.LBE384:
 1610              	.LBE372:
 1611              	.LBE386:
 1612              	.LBE387:
 1613              	.LBE388:
  42:effects/motorwaheffect.cpp **** }
 1614              		.loc 1 42 11 view .LVU412
 1615 01f6 2046     		mov	r0, r4
  43:effects/motorwaheffect.cpp **** 
 1616              		.loc 1 43 1 view .LVU413
 1617 01f8 04B0     		add	sp, sp, #16
 1618              		.cfi_def_cfa_offset 40
 1619              		@ sp needed
 1620 01fa BDEC048B 		vldm	sp!, {d8-d9}
 1621              		.cfi_restore 82
 1622              		.cfi_restore 83
 1623              		.cfi_restore 80
 1624              		.cfi_restore 81
 1625              		.cfi_def_cfa_offset 24
 1626 01fe BDE8F041 		pop	{r4, r5, r6, r7, r8, lr}
 1627              		.cfi_restore 14
 1628              		.cfi_restore 8
 1629              		.cfi_restore 7
 1630              		.cfi_restore 6
 1631              		.cfi_restore 5
 1632              		.cfi_restore 4
 1633              		.cfi_def_cfa_offset 0
 1634              	.LVL133:
  42:effects/motorwaheffect.cpp **** }
 1635              		.loc 1 42 11 view .LVU414
 1636 0202 1847     		bx	r3	@ indirect register sibling call
 1637              	.LVL134:
 1638              	.L69:
  42:effects/motorwaheffect.cpp **** }
 1639              		.loc 1 42 11 view .LVU415
 1640              		.align	2
 1641              	.L68:
 1642 0204 00805444 		.word	1146388480
 1643 0208 00000000 		.word	0
 1644 020c 0000C842 		.word	1120403456
 1645 0210 CDCC4C3F 		.word	1061997773
 1646 0214 9A99193F 		.word	1058642330
 1647 0218 00000000 		.word	.LC1
 1648 021c 6666663F 		.word	1063675494
 1649 0220 08000000 		.word	.LC2
 1650 0224 0000FA44 		.word	1157234688
 1651 0228 00007A43 		.word	1132068864
 1652 022c 18000000 		.word	.LC3
 1653 0230 CDCC4C3D 		.word	1028443341
 1654 0234 28000000 		.word	.LC4
 1655 0238 0000E144 		.word	1155596288
 1656 023c 00803B45 		.word	1161527296
 1657 0240 34000000 		.word	.LC5
 1658 0244 40000000 		.word	.LC6
 1659 0248 00000000 		.word	_ZN12_GLOBAL__N_1L13lfoWaveShapesE
 1660 024c 00000000 		.word	_ZN11perspective14MotorWahEffect6UpdateEv
 1661              		.cfi_endproc
ARM GAS  C:\Users\Oliver\AppData\Local\Temp\ccb1Hde1.s 			page 129


 1662              	.LFE6891:
 1664              		.global	_ZTVN11perspective14MotorWahEffectE
 1665              		.section	.rodata._ZTVN11perspective14MotorWahEffectE,"a"
 1666              		.align	2
 1669              	_ZTVN11perspective14MotorWahEffectE:
 1670 0000 00000000 		.word	0
 1671 0004 00000000 		.word	0
 1672 0008 00000000 		.word	_ZN11perspective14MotorWahEffectD1Ev
 1673 000c 00000000 		.word	_ZN11perspective14MotorWahEffectD0Ev
 1674 0010 00000000 		.word	_ZN11perspective14MotorWahEffect4InitEf
 1675 0014 00000000 		.word	_ZN11perspective14MotorWahEffect7ProcessEPfS1_j
 1676 0018 00000000 		.word	_ZN11perspective14MotorWahEffect13ProcessStereoEPfS1_S1_S1_j
 1677 001c 00000000 		.word	_ZN11perspective14MotorWahEffect6UpdateEv
 1678 0020 00000000 		.word	_ZN11perspective6Effect8SetTempoEf
 1679 0024 00000000 		.word	_ZN11perspective6Effect19SetMetronomeEnabledEb
 1680 0028 00000000 		.word	_ZNK11perspective14MotorWahEffect23GetTempoPulseBrightnessEv
 1681 002c 00000000 		.word	_ZN11perspective6Effect10OnSelectedEv
 1682 0030 00000000 		.word	_ZN11perspective6Effect12OnDeselectedEv
 1683              		.section	.rodata.str1.4,"aMS",%progbits,1
 1684              		.align	2
 1685              	.LC7:
 1686 0000 53696E00 		.ascii	"Sin\000"
 1687              		.align	2
 1688              	.LC8:
 1689 0004 54726900 		.ascii	"Tri\000"
 1690              		.align	2
 1691              	.LC9:
 1692 0008 53617700 		.ascii	"Saw\000"
 1693              		.align	2
 1694              	.LC10:
 1695 000c 52616D70 		.ascii	"Ramp\000"
 1695      00
 1696 0011 000000   		.align	2
 1697              	.LC11:
 1698 0014 53717561 		.ascii	"Square\000"
 1698      726500
 1699 001b 00       		.align	2
 1700              	.LC12:
 1701 001c 50422054 		.ascii	"PB Tri\000"
 1701      726900
 1702 0023 00       		.align	2
 1703              	.LC13:
 1704 0024 50422053 		.ascii	"PB Saw\000"
 1704      617700
 1705 002b 00       		.align	2
 1706              	.LC14:
 1707 002c 50422053 		.ascii	"PB Sq\000"
 1707      7100
 1708              		.section	.data._ZN12_GLOBAL__N_1L13lfoWaveShapesE,"aw"
 1709              		.align	2
 1712              	_ZN12_GLOBAL__N_1L13lfoWaveShapesE:
 1713 0000 00000000 		.word	.LC7
 1714 0004 04000000 		.word	.LC8
 1715 0008 08000000 		.word	.LC9
 1716 000c 0C000000 		.word	.LC10
 1717 0010 14000000 		.word	.LC11
 1718 0014 1C000000 		.word	.LC12
ARM GAS  C:\Users\Oliver\AppData\Local\Temp\ccb1Hde1.s 			page 130


 1719 0018 24000000 		.word	.LC13
 1720 001c 2C000000 		.word	.LC14
 1721              		.text
 1722              	.Letext0:
 1723              		.file 6 "C:/Program Files (x86)/Arm GNU Toolchain arm-none-eabi/14.3 rel1/arm-none-eabi/include/ma
 1724              		.file 7 "C:/Program Files (x86)/Arm GNU Toolchain arm-none-eabi/14.3 rel1/arm-none-eabi/include/sy
 1725              		.file 8 "C:/Program Files (x86)/Arm GNU Toolchain arm-none-eabi/14.3 rel1/arm-none-eabi/include/st
 1726              		.file 9 "C:/Program Files (x86)/Arm GNU Toolchain arm-none-eabi/14.3 rel1/lib/gcc/arm-none-eabi/14
 1727              		.file 10 "C:/Program Files (x86)/Arm GNU Toolchain arm-none-eabi/14.3 rel1/arm-none-eabi/include/c
 1728              		.file 11 "C:/Program Files (x86)/Arm GNU Toolchain arm-none-eabi/14.3 rel1/arm-none-eabi/include/c
 1729              		.file 12 "C:/Program Files (x86)/Arm GNU Toolchain arm-none-eabi/14.3 rel1/arm-none-eabi/include/c
 1730              		.file 13 "C:/Program Files (x86)/Arm GNU Toolchain arm-none-eabi/14.3 rel1/arm-none-eabi/include/c
 1731              		.file 14 "C:/Program Files (x86)/Arm GNU Toolchain arm-none-eabi/14.3 rel1/arm-none-eabi/include/c
 1732              		.file 15 "C:/Program Files (x86)/Arm GNU Toolchain arm-none-eabi/14.3 rel1/arm-none-eabi/include/c
 1733              		.file 16 "C:/Program Files (x86)/Arm GNU Toolchain arm-none-eabi/14.3 rel1/arm-none-eabi/include/c
 1734              		.file 17 "C:/Program Files (x86)/Arm GNU Toolchain arm-none-eabi/14.3 rel1/arm-none-eabi/include/c
 1735              		.file 18 "C:/Program Files (x86)/Arm GNU Toolchain arm-none-eabi/14.3 rel1/arm-none-eabi/include/c
 1736              		.file 19 "C:/Program Files (x86)/Arm GNU Toolchain arm-none-eabi/14.3 rel1/arm-none-eabi/include/c
 1737              		.file 20 "C:/Program Files (x86)/Arm GNU Toolchain arm-none-eabi/14.3 rel1/arm-none-eabi/include/c
 1738              		.file 21 "C:/Program Files (x86)/Arm GNU Toolchain arm-none-eabi/14.3 rel1/arm-none-eabi/include/c
 1739              		.file 22 "C:/Program Files (x86)/Arm GNU Toolchain arm-none-eabi/14.3 rel1/arm-none-eabi/include/c
 1740              		.file 23 "C:/Program Files (x86)/Arm GNU Toolchain arm-none-eabi/14.3 rel1/arm-none-eabi/include/c
 1741              		.file 24 "C:/Program Files (x86)/Arm GNU Toolchain arm-none-eabi/14.3 rel1/arm-none-eabi/include/c
 1742              		.file 25 "C:/Program Files (x86)/Arm GNU Toolchain arm-none-eabi/14.3 rel1/arm-none-eabi/include/c
 1743              		.file 26 "C:/Program Files (x86)/Arm GNU Toolchain arm-none-eabi/14.3 rel1/arm-none-eabi/include/c
 1744              		.file 27 "C:/Program Files (x86)/Arm GNU Toolchain arm-none-eabi/14.3 rel1/arm-none-eabi/include/c
 1745              		.file 28 "C:/Program Files (x86)/Arm GNU Toolchain arm-none-eabi/14.3 rel1/arm-none-eabi/include/c
 1746              		.file 29 "C:/Program Files (x86)/Arm GNU Toolchain arm-none-eabi/14.3 rel1/arm-none-eabi/include/c
 1747              		.file 30 "C:/Program Files (x86)/Arm GNU Toolchain arm-none-eabi/14.3 rel1/arm-none-eabi/include/c
 1748              		.file 31 "C:/Program Files (x86)/Arm GNU Toolchain arm-none-eabi/14.3 rel1/arm-none-eabi/include/c
 1749              		.file 32 "C:/Program Files (x86)/Arm GNU Toolchain arm-none-eabi/14.3 rel1/arm-none-eabi/include/c
 1750              		.file 33 "C:/Program Files (x86)/Arm GNU Toolchain arm-none-eabi/14.3 rel1/arm-none-eabi/include/c
 1751              		.file 34 "C:/Program Files (x86)/Arm GNU Toolchain arm-none-eabi/14.3 rel1/arm-none-eabi/include/c
 1752              		.file 35 "C:/Program Files (x86)/Arm GNU Toolchain arm-none-eabi/14.3 rel1/arm-none-eabi/include/c
 1753              		.file 36 "C:/Program Files (x86)/Arm GNU Toolchain arm-none-eabi/14.3 rel1/arm-none-eabi/include/s
 1754              		.file 37 "C:/Program Files (x86)/Arm GNU Toolchain arm-none-eabi/14.3 rel1/arm-none-eabi/include/s
 1755              		.file 38 "C:/Program Files (x86)/Arm GNU Toolchain arm-none-eabi/14.3 rel1/arm-none-eabi/include/s
 1756              		.file 39 "C:/Program Files (x86)/Arm GNU Toolchain arm-none-eabi/14.3 rel1/arm-none-eabi/include/m
 1757              		.file 40 "C:/Program Files (x86)/Arm GNU Toolchain arm-none-eabi/14.3 rel1/arm-none-eabi/include/s
 1758              		.file 41 "C:/Program Files (x86)/Arm GNU Toolchain arm-none-eabi/14.3 rel1/arm-none-eabi/include/c
 1759              		.file 42 "C:/Program Files (x86)/Arm GNU Toolchain arm-none-eabi/14.3 rel1/arm-none-eabi/include/c
 1760              		.file 43 "C:/Program Files (x86)/Arm GNU Toolchain arm-none-eabi/14.3 rel1/arm-none-eabi/include/c
 1761              		.file 44 "dependencies/libDaisy/src/daisy_core.h"
 1762              		.file 45 "dependencies/libDaisy/src/dev/max11300.h"
 1763              		.file 46 "dependencies/libDaisy/src/dev/sr_595.h"
 1764              		.file 47 "dependencies/libDaisy/src/util/wav_format.h"
 1765              		.file 48 "dependencies/libDaisy/src/daisy_seed.h"
 1766              		.file 49 "C:/Program Files (x86)/Arm GNU Toolchain arm-none-eabi/14.3 rel1/arm-none-eabi/include/c
 1767              		.file 50 "C:/Program Files (x86)/Arm GNU Toolchain arm-none-eabi/14.3 rel1/lib/gcc/arm-none-eabi/1
 1768              		.file 51 "C:/Program Files (x86)/Arm GNU Toolchain arm-none-eabi/14.3 rel1/arm-none-eabi/include/s
 1769              		.file 52 "C:/Program Files (x86)/Arm GNU Toolchain arm-none-eabi/14.3 rel1/arm-none-eabi/include/s
 1770              		.file 53 "C:/Program Files (x86)/Arm GNU Toolchain arm-none-eabi/14.3 rel1/arm-none-eabi/include/w
 1771              		.file 54 "dependencies/libDaisy/Middlewares/Third_Party/FatFs/src/integer.h"
 1772              		.file 55 "dependencies/libDaisy/Middlewares/Third_Party/FatFs/src/ff.h"
 1773              		.file 56 "effects/../parameters/effectparameter.h"
 1774              		.file 57 "effects/../parameters/../controls.h"
 1775              		.file 58 "effects/../parameters/potentiometerparameter.h"
ARM GAS  C:\Users\Oliver\AppData\Local\Temp\ccb1Hde1.s 			page 131


 1776              		.file 59 "effects/../parameters/encoderparameter.h"
 1777              		.file 60 "effects/motorwaheffect.h"
 1778              		.file 61 "effects/autowahv2effect.h"
 1779              		.file 62 "effects/effect.h"
 1780              		.file 63 "dependencies/DaisySP/Source/Control/adenv.h"
 1781              		.file 64 "dependencies/DaisySP/Source/Utility/dsp.h"
 1782              		.file 65 "C:/Program Files (x86)/Arm GNU Toolchain arm-none-eabi/14.3 rel1/arm-none-eabi/include/l
 1783              		.file 66 "C:/Program Files (x86)/Arm GNU Toolchain arm-none-eabi/14.3 rel1/arm-none-eabi/include/c
 1784              		.file 67 "C:/Program Files (x86)/Arm GNU Toolchain arm-none-eabi/14.3 rel1/arm-none-eabi/include/c
 1785              		.file 68 "<built-in>"
ARM GAS  C:\Users\Oliver\AppData\Local\Temp\ccb1Hde1.s 			page 132


DEFINED SYMBOLS
                            *ABS*:00000000 motorwaheffect.cpp
C:\Users\Oliver\AppData\Local\Temp\ccb1Hde1.s:20     .text._ZNK11perspective14MotorWahEffect23GetTempoPulseBrightnessEv:00000000 $t
C:\Users\Oliver\AppData\Local\Temp\ccb1Hde1.s:27     .text._ZNK11perspective14MotorWahEffect23GetTempoPulseBrightnessEv:00000000 _ZNK11perspective14MotorWahEffect23GetTempoPulseBrightnessEv
C:\Users\Oliver\AppData\Local\Temp\ccb1Hde1.s:43     .text._ZN11perspective14MotorWahEffectD2Ev:00000000 $t
C:\Users\Oliver\AppData\Local\Temp\ccb1Hde1.s:50     .text._ZN11perspective14MotorWahEffectD2Ev:00000000 _ZN11perspective14MotorWahEffectD2Ev
C:\Users\Oliver\AppData\Local\Temp\ccb1Hde1.s:91     .text._ZN11perspective14MotorWahEffectD2Ev:00000010 $d
C:\Users\Oliver\AppData\Local\Temp\ccb1Hde1.s:1669   .rodata._ZTVN11perspective14MotorWahEffectE:00000000 _ZTVN11perspective14MotorWahEffectE
C:\Users\Oliver\AppData\Local\Temp\ccb1Hde1.s:50     .text._ZN11perspective14MotorWahEffectD2Ev:00000000 _ZN11perspective14MotorWahEffectD1Ev
C:\Users\Oliver\AppData\Local\Temp\ccb1Hde1.s:98     .text._ZN11perspective14MotorWahEffectD0Ev:00000000 $t
C:\Users\Oliver\AppData\Local\Temp\ccb1Hde1.s:105    .text._ZN11perspective14MotorWahEffectD0Ev:00000000 _ZN11perspective14MotorWahEffectD0Ev
C:\Users\Oliver\AppData\Local\Temp\ccb1Hde1.s:156    .text._ZN11perspective14MotorWahEffectD0Ev:0000001c $d
C:\Users\Oliver\AppData\Local\Temp\ccb1Hde1.s:161    .text._ZN11perspective14MotorWahEffect7ProcessEPfS1_j:00000000 $t
C:\Users\Oliver\AppData\Local\Temp\ccb1Hde1.s:168    .text._ZN11perspective14MotorWahEffect7ProcessEPfS1_j:00000000 _ZN11perspective14MotorWahEffect7ProcessEPfS1_j
C:\Users\Oliver\AppData\Local\Temp\ccb1Hde1.s:481    .text._ZN11perspective14MotorWahEffect7ProcessEPfS1_j:00000118 $d
C:\Users\Oliver\AppData\Local\Temp\ccb1Hde1.s:491    .text._ZN11perspective14MotorWahEffect13ProcessStereoEPfS1_S1_S1_j:00000000 $t
C:\Users\Oliver\AppData\Local\Temp\ccb1Hde1.s:498    .text._ZN11perspective14MotorWahEffect13ProcessStereoEPfS1_S1_S1_j:00000000 _ZN11perspective14MotorWahEffect13ProcessStereoEPfS1_S1_S1_j
C:\Users\Oliver\AppData\Local\Temp\ccb1Hde1.s:800    .text._ZN11perspective14MotorWahEffect13ProcessStereoEPfS1_S1_S1_j:00000128 $d
C:\Users\Oliver\AppData\Local\Temp\ccb1Hde1.s:810    .rodata._ZN11perspective14MotorWahEffectC2Ev.str1.4:00000000 $d
C:\Users\Oliver\AppData\Local\Temp\ccb1Hde1.s:814    .text._ZN11perspective14MotorWahEffectC2Ev:00000000 $t
C:\Users\Oliver\AppData\Local\Temp\ccb1Hde1.s:821    .text._ZN11perspective14MotorWahEffectC2Ev:00000000 _ZN11perspective14MotorWahEffectC2Ev
C:\Users\Oliver\AppData\Local\Temp\ccb1Hde1.s:865    .text._ZN11perspective14MotorWahEffectC2Ev:00000014 $d
C:\Users\Oliver\AppData\Local\Temp\ccb1Hde1.s:821    .text._ZN11perspective14MotorWahEffectC2Ev:00000000 _ZN11perspective14MotorWahEffectC1Ev
C:\Users\Oliver\AppData\Local\Temp\ccb1Hde1.s:873    .text._ZN11perspective14MotorWahEffect6UpdateEv:00000000 $t
C:\Users\Oliver\AppData\Local\Temp\ccb1Hde1.s:880    .text._ZN11perspective14MotorWahEffect6UpdateEv:00000000 _ZN11perspective14MotorWahEffect6UpdateEv
C:\Users\Oliver\AppData\Local\Temp\ccb1Hde1.s:1062   .rodata._ZN11perspective14MotorWahEffect4InitEf.str1.4:00000000 $d
C:\Users\Oliver\AppData\Local\Temp\ccb1Hde1.s:1081   .text._ZN11perspective14MotorWahEffect4InitEf:00000000 $t
C:\Users\Oliver\AppData\Local\Temp\ccb1Hde1.s:1088   .text._ZN11perspective14MotorWahEffect4InitEf:00000000 _ZN11perspective14MotorWahEffect4InitEf
C:\Users\Oliver\AppData\Local\Temp\ccb1Hde1.s:1642   .text._ZN11perspective14MotorWahEffect4InitEf:00000204 $d
C:\Users\Oliver\AppData\Local\Temp\ccb1Hde1.s:1712   .data._ZN12_GLOBAL__N_1L13lfoWaveShapesE:00000000 _ZN12_GLOBAL__N_1L13lfoWaveShapesE
C:\Users\Oliver\AppData\Local\Temp\ccb1Hde1.s:1666   .rodata._ZTVN11perspective14MotorWahEffectE:00000000 $d
C:\Users\Oliver\AppData\Local\Temp\ccb1Hde1.s:1684   .rodata.str1.4:00000000 $d
C:\Users\Oliver\AppData\Local\Temp\ccb1Hde1.s:1709   .data._ZN12_GLOBAL__N_1L13lfoWaveShapesE:00000000 $d

UNDEFINED SYMBOLS
_ZN11perspective15AutowahV2EffectD2Ev
_ZdlPvj
_ZNK11perspective15EffectParameter8GetValueEv
_ZN7daisysp10Oscillator7ProcessEv
_ZNK11perspective15AutowahV2Effect21ComputeTargetCutoffHzEfffb
_ZN11perspective15AutowahV2Effect16ProcessWahSampleEffffRfb
_ZN11perspective15AutowahV2Effect22ProcessWahStereoSampleEfffffRfS1_b
_ZN11perspective15AutowahV2EffectC2EPKc
_ZN11perspective15AutowahV2Effect6UpdateEv
_ZN7daisysp10Oscillator12CalcPhaseIncEf
_ZN11perspective15AutowahV2Effect15InitFilterStateEff
_Znwj
_ZN11perspective22PotentiometerParameterC1EPKcfffNS_8PotCurveEii
_ZN11perspective6Effect12AddParameterEPNS_15EffectParameterE
_ZN11perspective16EncoderParameterC1EPKcffffii
_ZN11perspective15EffectParameter14SetDisplayTypeENS_11DisplayTypeE
_ZN11perspective15EffectParameter17SetDiscreteValuesEPPKci
_ZN11perspective6Effect8SetTempoEf
_ZN11perspective6Effect19SetMetronomeEnabledEb
_ZN11perspective6Effect10OnSelectedEv
_ZN11perspective6Effect12OnDeselectedEv
