ARM GAS  C:\Users\Oliver\AppData\Local\Temp\cclFZbsF.s 			page 1


   1              		.cpu cortex-m7
   2              		.arch armv7e-m
   3              		.fpu fpv5-d16
   4              		.eabi_attribute 28, 1
   5              		.eabi_attribute 20, 1
   6              		.eabi_attribute 21, 1
   7              		.eabi_attribute 23, 3
   8              		.eabi_attribute 24, 1
   9              		.eabi_attribute 25, 1
  10              		.eabi_attribute 26, 1
  11              		.eabi_attribute 30, 2
  12              		.eabi_attribute 34, 1
  13              		.eabi_attribute 18, 4
  14              		.file	"mysteriouseffect.cpp"
  15              		.text
  16              	.Ltext0:
  17              		.cfi_sections	.debug_frame
  18              		.file 1 "effects/mysteriouseffect.cpp"
  19              		.section	.text._ZN11perspective16MysteriousEffectD2Ev,"ax",%progbits
  20              		.align	1
  21              		.p2align 2,,3
  22              		.global	_ZN11perspective16MysteriousEffectD2Ev
  23              		.syntax unified
  24              		.thumb
  25              		.thumb_func
  27              	_ZN11perspective16MysteriousEffectD2Ev:
  28              	.LVL0:
  29              	.LFB6888:
   1:effects/mysteriouseffect.cpp **** #include "mysteriouseffect.h"
   2:effects/mysteriouseffect.cpp **** 
   3:effects/mysteriouseffect.cpp **** #include "autowahv2effect.h"
   4:effects/mysteriouseffect.cpp **** #include "delayeffect.h"
   5:effects/mysteriouseffect.cpp **** #include "flangereffect.h"
   6:effects/mysteriouseffect.cpp **** #include "reverbeffect.h"
   7:effects/mysteriouseffect.cpp **** #include "../controls.h"
   8:effects/mysteriouseffect.cpp **** #include "../parameters/encoderparameter.h"
   9:effects/mysteriouseffect.cpp **** #include "../parameters/potentiometerparameter.h"
  10:effects/mysteriouseffect.cpp **** #include "../parameters/timeparameter.h"
  11:effects/mysteriouseffect.cpp **** #include "../parameters/toggleparameter.h"
  12:effects/mysteriouseffect.cpp **** 
  13:effects/mysteriouseffect.cpp **** using namespace perspective;
  14:effects/mysteriouseffect.cpp **** 
  15:effects/mysteriouseffect.cpp **** namespace {
  16:effects/mysteriouseffect.cpp **** 
  17:effects/mysteriouseffect.cpp **** static const char* kDownBoostLabels[4] = {
  18:effects/mysteriouseffect.cpp ****     "Off", "Subtle", "Strong", "Max"
  19:effects/mysteriouseffect.cpp **** };
  20:effects/mysteriouseffect.cpp **** 
  21:effects/mysteriouseffect.cpp **** } // namespace
  22:effects/mysteriouseffect.cpp **** 
  23:effects/mysteriouseffect.cpp **** MysteriousEffect::MysteriousEffect()
  24:effects/mysteriouseffect.cpp ****     : CompoundEffect("Mysterious", RoutingMode::SERIES)
  25:effects/mysteriouseffect.cpp ****     , autowahV2Effect_(new AutowahV2Effect())
  26:effects/mysteriouseffect.cpp ****     , flangerEffect_(new FlangerEffect())
  27:effects/mysteriouseffect.cpp ****     , delayEffect_(new DelayEffect())
  28:effects/mysteriouseffect.cpp ****     , reverbEffect_(new ReverbEffect()) {
  29:effects/mysteriouseffect.cpp ****     AddEffect(autowahV2Effect_);
ARM GAS  C:\Users\Oliver\AppData\Local\Temp\cclFZbsF.s 			page 2


  30:effects/mysteriouseffect.cpp ****     AddEffect(flangerEffect_);
  31:effects/mysteriouseffect.cpp ****     AddEffect(delayEffect_);
  32:effects/mysteriouseffect.cpp ****     AddEffect(reverbEffect_);
  33:effects/mysteriouseffect.cpp **** }
  34:effects/mysteriouseffect.cpp **** 
  35:effects/mysteriouseffect.cpp **** MysteriousEffect::~MysteriousEffect() {
  30              		.loc 1 35 1 view -0
  31              		.cfi_startproc
  32              		@ args = 0, pretend = 0, frame = 0
  33              		@ frame_needed = 0, uses_anonymous_args = 0
  34              	.LBB124:
  35              		.loc 1 35 37 is_stmt 0 view .LVU1
  36 0000 034B     		ldr	r3, .L4
  37              	.LBE124:
  38              		.loc 1 35 1 view .LVU2
  39 0002 10B5     		push	{r4, lr}
  40              		.cfi_def_cfa_offset 8
  41              		.cfi_offset 4, -8
  42              		.cfi_offset 14, -4
  43              		.loc 1 35 1 view .LVU3
  44 0004 0446     		mov	r4, r0
  45              	.LBB125:
  46              		.loc 1 35 37 view .LVU4
  47 0006 0360     		str	r3, [r0]
  36:effects/mysteriouseffect.cpp **** }
  48              		.loc 1 36 1 view .LVU5
  49 0008 FFF7FEFF 		bl	_ZN11perspective14CompoundEffectD2Ev
  50              	.LVL1:
  51              		.loc 1 36 1 view .LVU6
  52              	.LBE125:
  53 000c 2046     		mov	r0, r4
  54 000e 10BD     		pop	{r4, pc}
  55              	.LVL2:
  56              	.L5:
  57              		.loc 1 36 1 view .LVU7
  58              		.align	2
  59              	.L4:
  60 0010 08000000 		.word	_ZTVN11perspective16MysteriousEffectE+8
  61              		.cfi_endproc
  62              	.LFE6888:
  64              		.global	_ZN11perspective16MysteriousEffectD1Ev
  65              		.thumb_set _ZN11perspective16MysteriousEffectD1Ev,_ZN11perspective16MysteriousEffectD2Ev
  66              		.section	.text._ZN11perspective16MysteriousEffectD0Ev,"ax",%progbits
  67              		.align	1
  68              		.p2align 2,,3
  69              		.global	_ZN11perspective16MysteriousEffectD0Ev
  70              		.syntax unified
  71              		.thumb
  72              		.thumb_func
  74              	_ZN11perspective16MysteriousEffectD0Ev:
  75              	.LVL3:
  76              	.LFB6890:
  35:effects/mysteriouseffect.cpp **** }
  77              		.loc 1 35 1 is_stmt 1 view -0
  78              		.cfi_startproc
  79              		@ args = 0, pretend = 0, frame = 0
  80              		@ frame_needed = 0, uses_anonymous_args = 0
ARM GAS  C:\Users\Oliver\AppData\Local\Temp\cclFZbsF.s 			page 3


  81              	.LBB126:
  82              	.LBB127:
  35:effects/mysteriouseffect.cpp **** }
  83              		.loc 1 35 37 is_stmt 0 view .LVU9
  84 0000 054B     		ldr	r3, .L8
  85              	.LBE127:
  86              	.LBE126:
  35:effects/mysteriouseffect.cpp **** }
  87              		.loc 1 35 1 view .LVU10
  88 0002 10B5     		push	{r4, lr}
  89              		.cfi_def_cfa_offset 8
  90              		.cfi_offset 4, -8
  91              		.cfi_offset 14, -4
  35:effects/mysteriouseffect.cpp **** }
  92              		.loc 1 35 1 view .LVU11
  93 0004 0446     		mov	r4, r0
  94              	.LVL4:
  95              	.LBB129:
  96              	.LBI126:
  35:effects/mysteriouseffect.cpp **** }
  97              		.loc 1 35 1 is_stmt 1 view .LVU12
  98              	.LBB128:
  35:effects/mysteriouseffect.cpp **** }
  99              		.loc 1 35 37 is_stmt 0 view .LVU13
 100 0006 0360     		str	r3, [r0]
 101              		.loc 1 36 1 view .LVU14
 102 0008 FFF7FEFF 		bl	_ZN11perspective14CompoundEffectD2Ev
 103              	.LVL5:
 104              		.loc 1 36 1 view .LVU15
 105              	.LBE128:
 106              	.LBE129:
 107              		.loc 1 36 1 discriminator 1 view .LVU16
 108 000c 6021     		movs	r1, #96
 109 000e 2046     		mov	r0, r4
 110 0010 FFF7FEFF 		bl	_ZdlPvj
 111              	.LVL6:
 112              		.loc 1 36 1 view .LVU17
 113 0014 2046     		mov	r0, r4
 114 0016 10BD     		pop	{r4, pc}
 115              	.LVL7:
 116              	.L9:
 117              		.loc 1 36 1 view .LVU18
 118              		.align	2
 119              	.L8:
 120 0018 08000000 		.word	_ZTVN11perspective16MysteriousEffectE+8
 121              		.cfi_endproc
 122              	.LFE6890:
 124              		.section	.text._ZN11perspective16MysteriousEffect6UpdateEv,"ax",%progbits
 125              		.align	1
 126              		.p2align 2,,3
 127              		.global	_ZN11perspective16MysteriousEffect6UpdateEv
 128              		.syntax unified
 129              		.thumb
 130              		.thumb_func
 132              	_ZN11perspective16MysteriousEffect6UpdateEv:
 133              	.LVL8:
 134              	.LFB6892:
ARM GAS  C:\Users\Oliver\AppData\Local\Temp\cclFZbsF.s 			page 4


  37:effects/mysteriouseffect.cpp **** 
  38:effects/mysteriouseffect.cpp **** void MysteriousEffect::Init(float sampleRate) {
  39:effects/mysteriouseffect.cpp ****     CompoundEffect::Init(sampleRate);
  40:effects/mysteriouseffect.cpp **** 
  41:effects/mysteriouseffect.cpp ****     AddParameter(new PotentiometerParameter("K1 Wah Mix", 0.0f, 1.0f, 0.62f, PotCurve::LIN, KNOB_1_
  42:effects/mysteriouseffect.cpp ****     parameters_.back()->SetDisplayType(DisplayType::SCALED);
  43:effects/mysteriouseffect.cpp ****     parameters_.back()->SetScaleFactor(100.0f);
  44:effects/mysteriouseffect.cpp **** 
  45:effects/mysteriouseffect.cpp ****     AddParameter(new PotentiometerParameter("K2 Sweep", 300.0f, 2600.0f, 1100.0f, PotCurve::LOG, KN
  46:effects/mysteriouseffect.cpp **** 
  47:effects/mysteriouseffect.cpp ****     AddParameter(new PotentiometerParameter("K3 Flange", 0.0f, 1.0f, 0.20f, PotCurve::LIN, KNOB_3_I
  48:effects/mysteriouseffect.cpp ****     parameters_.back()->SetDisplayType(DisplayType::SCALED);
  49:effects/mysteriouseffect.cpp ****     parameters_.back()->SetScaleFactor(100.0f);
  50:effects/mysteriouseffect.cpp **** 
  51:effects/mysteriouseffect.cpp ****     AddParameter(new PotentiometerParameter("K4 Motion", 0.05f, 0.8f, 0.14f, PotCurve::LOG, KNOB_4_
  52:effects/mysteriouseffect.cpp **** 
  53:effects/mysteriouseffect.cpp ****     AddParameter(new PotentiometerParameter("K5 Echo", 0.0f, 0.65f, 0.22f, PotCurve::LIN, KNOB_5_ID
  54:effects/mysteriouseffect.cpp ****     parameters_.back()->SetDisplayType(DisplayType::SCALED);
  55:effects/mysteriouseffect.cpp ****     parameters_.back()->SetScaleFactor(100.0f);
  56:effects/mysteriouseffect.cpp **** 
  57:effects/mysteriouseffect.cpp ****     AddParameter(new PotentiometerParameter("K6 Space", 0.0f, 0.75f, 0.34f, PotCurve::LIN, KNOB_6_I
  58:effects/mysteriouseffect.cpp ****     parameters_.back()->SetDisplayType(DisplayType::SCALED);
  59:effects/mysteriouseffect.cpp ****     parameters_.back()->SetScaleFactor(100.0f);
  60:effects/mysteriouseffect.cpp **** 
  61:effects/mysteriouseffect.cpp ****     AddParameter(new TimeParameter("E1 Time", 80.0f, 450.0f, 230.0f, 1.0f, ENCODER_1_IDX, "E1 Tempo
  62:effects/mysteriouseffect.cpp **** 
  63:effects/mysteriouseffect.cpp ****     AddParameter(new EncoderParameter("E2 Down+", 0.0f, 3.0f, 2.0f, 1.0f, ENCODER_2_IDX, 7));
  64:effects/mysteriouseffect.cpp ****     parameters_.back()->SetDisplayType(DisplayType::DISCRETE);
  65:effects/mysteriouseffect.cpp ****     parameters_.back()->SetDiscreteValues(kDownBoostLabels, 4);
  66:effects/mysteriouseffect.cpp **** 
  67:effects/mysteriouseffect.cpp ****     Update();
  68:effects/mysteriouseffect.cpp **** }
  69:effects/mysteriouseffect.cpp **** 
  70:effects/mysteriouseffect.cpp **** void MysteriousEffect::Update() {
 135              		.loc 1 70 33 is_stmt 1 view -0
 136              		.cfi_startproc
 137              		@ args = 0, pretend = 0, frame = 0
 138              		@ frame_needed = 0, uses_anonymous_args = 0
  71:effects/mysteriouseffect.cpp ****     if (parameters_.size() < 8) {
 139              		.loc 1 71 5 view .LVU20
 140              	.LBB130:
 141              	.LBI130:
 142              		.file 2 "C:/Program Files (x86)/Arm GNU Toolchain arm-none-eabi/14.3 rel1/arm-none-eabi/include/c+
   1:C:/Program Files (x86)/Arm GNU Toolchain arm-none-eabi/14.3 rel1/arm-none-eabi/include/c++/14.3.1/bits\stl_vector.h **** // Vector implementation -*- C++ -*-
   2:C:/Program Files (x86)/Arm GNU Toolchain arm-none-eabi/14.3 rel1/arm-none-eabi/include/c++/14.3.1/bits\stl_vector.h **** 
   3:C:/Program Files (x86)/Arm GNU Toolchain arm-none-eabi/14.3 rel1/arm-none-eabi/include/c++/14.3.1/bits\stl_vector.h **** // Copyright (C) 2001-2024 Free Software Foundation, Inc.
   4:C:/Program Files (x86)/Arm GNU Toolchain arm-none-eabi/14.3 rel1/arm-none-eabi/include/c++/14.3.1/bits\stl_vector.h **** //
   5:C:/Program Files (x86)/Arm GNU Toolchain arm-none-eabi/14.3 rel1/arm-none-eabi/include/c++/14.3.1/bits\stl_vector.h **** // This file is part of the GNU ISO C++ Library.  This library is free
   6:C:/Program Files (x86)/Arm GNU Toolchain arm-none-eabi/14.3 rel1/arm-none-eabi/include/c++/14.3.1/bits\stl_vector.h **** // software; you can redistribute it and/or modify it under the
   7:C:/Program Files (x86)/Arm GNU Toolchain arm-none-eabi/14.3 rel1/arm-none-eabi/include/c++/14.3.1/bits\stl_vector.h **** // terms of the GNU General Public License as published by the
   8:C:/Program Files (x86)/Arm GNU Toolchain arm-none-eabi/14.3 rel1/arm-none-eabi/include/c++/14.3.1/bits\stl_vector.h **** // Free Software Foundation; either version 3, or (at your option)
   9:C:/Program Files (x86)/Arm GNU Toolchain arm-none-eabi/14.3 rel1/arm-none-eabi/include/c++/14.3.1/bits\stl_vector.h **** // any later version.
  10:C:/Program Files (x86)/Arm GNU Toolchain arm-none-eabi/14.3 rel1/arm-none-eabi/include/c++/14.3.1/bits\stl_vector.h **** 
  11:C:/Program Files (x86)/Arm GNU Toolchain arm-none-eabi/14.3 rel1/arm-none-eabi/include/c++/14.3.1/bits\stl_vector.h **** // This library is distributed in the hope that it will be useful,
  12:C:/Program Files (x86)/Arm GNU Toolchain arm-none-eabi/14.3 rel1/arm-none-eabi/include/c++/14.3.1/bits\stl_vector.h **** // but WITHOUT ANY WARRANTY; without even the implied warranty of
  13:C:/Program Files (x86)/Arm GNU Toolchain arm-none-eabi/14.3 rel1/arm-none-eabi/include/c++/14.3.1/bits\stl_vector.h **** // MERCHANTABILITY or FITNESS FOR A PARTICULAR PURPOSE.  See the
  14:C:/Program Files (x86)/Arm GNU Toolchain arm-none-eabi/14.3 rel1/arm-none-eabi/include/c++/14.3.1/bits\stl_vector.h **** // GNU General Public License for more details.
ARM GAS  C:\Users\Oliver\AppData\Local\Temp\cclFZbsF.s 			page 5


  15:C:/Program Files (x86)/Arm GNU Toolchain arm-none-eabi/14.3 rel1/arm-none-eabi/include/c++/14.3.1/bits\stl_vector.h **** 
  16:C:/Program Files (x86)/Arm GNU Toolchain arm-none-eabi/14.3 rel1/arm-none-eabi/include/c++/14.3.1/bits\stl_vector.h **** // Under Section 7 of GPL version 3, you are granted additional
  17:C:/Program Files (x86)/Arm GNU Toolchain arm-none-eabi/14.3 rel1/arm-none-eabi/include/c++/14.3.1/bits\stl_vector.h **** // permissions described in the GCC Runtime Library Exception, version
  18:C:/Program Files (x86)/Arm GNU Toolchain arm-none-eabi/14.3 rel1/arm-none-eabi/include/c++/14.3.1/bits\stl_vector.h **** // 3.1, as published by the Free Software Foundation.
  19:C:/Program Files (x86)/Arm GNU Toolchain arm-none-eabi/14.3 rel1/arm-none-eabi/include/c++/14.3.1/bits\stl_vector.h **** 
  20:C:/Program Files (x86)/Arm GNU Toolchain arm-none-eabi/14.3 rel1/arm-none-eabi/include/c++/14.3.1/bits\stl_vector.h **** // You should have received a copy of the GNU General Public License and
  21:C:/Program Files (x86)/Arm GNU Toolchain arm-none-eabi/14.3 rel1/arm-none-eabi/include/c++/14.3.1/bits\stl_vector.h **** // a copy of the GCC Runtime Library Exception along with this program;
  22:C:/Program Files (x86)/Arm GNU Toolchain arm-none-eabi/14.3 rel1/arm-none-eabi/include/c++/14.3.1/bits\stl_vector.h **** // see the files COPYING3 and COPYING.RUNTIME respectively.  If not, see
  23:C:/Program Files (x86)/Arm GNU Toolchain arm-none-eabi/14.3 rel1/arm-none-eabi/include/c++/14.3.1/bits\stl_vector.h **** // <http://www.gnu.org/licenses/>.
  24:C:/Program Files (x86)/Arm GNU Toolchain arm-none-eabi/14.3 rel1/arm-none-eabi/include/c++/14.3.1/bits\stl_vector.h **** 
  25:C:/Program Files (x86)/Arm GNU Toolchain arm-none-eabi/14.3 rel1/arm-none-eabi/include/c++/14.3.1/bits\stl_vector.h **** /*
  26:C:/Program Files (x86)/Arm GNU Toolchain arm-none-eabi/14.3 rel1/arm-none-eabi/include/c++/14.3.1/bits\stl_vector.h ****  *
  27:C:/Program Files (x86)/Arm GNU Toolchain arm-none-eabi/14.3 rel1/arm-none-eabi/include/c++/14.3.1/bits\stl_vector.h ****  * Copyright (c) 1994
  28:C:/Program Files (x86)/Arm GNU Toolchain arm-none-eabi/14.3 rel1/arm-none-eabi/include/c++/14.3.1/bits\stl_vector.h ****  * Hewlett-Packard Company
  29:C:/Program Files (x86)/Arm GNU Toolchain arm-none-eabi/14.3 rel1/arm-none-eabi/include/c++/14.3.1/bits\stl_vector.h ****  *
  30:C:/Program Files (x86)/Arm GNU Toolchain arm-none-eabi/14.3 rel1/arm-none-eabi/include/c++/14.3.1/bits\stl_vector.h ****  * Permission to use, copy, modify, distribute and sell this software
  31:C:/Program Files (x86)/Arm GNU Toolchain arm-none-eabi/14.3 rel1/arm-none-eabi/include/c++/14.3.1/bits\stl_vector.h ****  * and its documentation for any purpose is hereby granted without fee,
  32:C:/Program Files (x86)/Arm GNU Toolchain arm-none-eabi/14.3 rel1/arm-none-eabi/include/c++/14.3.1/bits\stl_vector.h ****  * provided that the above copyright notice appear in all copies and
  33:C:/Program Files (x86)/Arm GNU Toolchain arm-none-eabi/14.3 rel1/arm-none-eabi/include/c++/14.3.1/bits\stl_vector.h ****  * that both that copyright notice and this permission notice appear
  34:C:/Program Files (x86)/Arm GNU Toolchain arm-none-eabi/14.3 rel1/arm-none-eabi/include/c++/14.3.1/bits\stl_vector.h ****  * in supporting documentation.  Hewlett-Packard Company makes no
  35:C:/Program Files (x86)/Arm GNU Toolchain arm-none-eabi/14.3 rel1/arm-none-eabi/include/c++/14.3.1/bits\stl_vector.h ****  * representations about the suitability of this software for any
  36:C:/Program Files (x86)/Arm GNU Toolchain arm-none-eabi/14.3 rel1/arm-none-eabi/include/c++/14.3.1/bits\stl_vector.h ****  * purpose.  It is provided "as is" without express or implied warranty.
  37:C:/Program Files (x86)/Arm GNU Toolchain arm-none-eabi/14.3 rel1/arm-none-eabi/include/c++/14.3.1/bits\stl_vector.h ****  *
  38:C:/Program Files (x86)/Arm GNU Toolchain arm-none-eabi/14.3 rel1/arm-none-eabi/include/c++/14.3.1/bits\stl_vector.h ****  *
  39:C:/Program Files (x86)/Arm GNU Toolchain arm-none-eabi/14.3 rel1/arm-none-eabi/include/c++/14.3.1/bits\stl_vector.h ****  * Copyright (c) 1996
  40:C:/Program Files (x86)/Arm GNU Toolchain arm-none-eabi/14.3 rel1/arm-none-eabi/include/c++/14.3.1/bits\stl_vector.h ****  * Silicon Graphics Computer Systems, Inc.
  41:C:/Program Files (x86)/Arm GNU Toolchain arm-none-eabi/14.3 rel1/arm-none-eabi/include/c++/14.3.1/bits\stl_vector.h ****  *
  42:C:/Program Files (x86)/Arm GNU Toolchain arm-none-eabi/14.3 rel1/arm-none-eabi/include/c++/14.3.1/bits\stl_vector.h ****  * Permission to use, copy, modify, distribute and sell this software
  43:C:/Program Files (x86)/Arm GNU Toolchain arm-none-eabi/14.3 rel1/arm-none-eabi/include/c++/14.3.1/bits\stl_vector.h ****  * and its documentation for any purpose is hereby granted without fee,
  44:C:/Program Files (x86)/Arm GNU Toolchain arm-none-eabi/14.3 rel1/arm-none-eabi/include/c++/14.3.1/bits\stl_vector.h ****  * provided that the above copyright notice appear in all copies and
  45:C:/Program Files (x86)/Arm GNU Toolchain arm-none-eabi/14.3 rel1/arm-none-eabi/include/c++/14.3.1/bits\stl_vector.h ****  * that both that copyright notice and this permission notice appear
  46:C:/Program Files (x86)/Arm GNU Toolchain arm-none-eabi/14.3 rel1/arm-none-eabi/include/c++/14.3.1/bits\stl_vector.h ****  * in supporting documentation.  Silicon Graphics makes no
  47:C:/Program Files (x86)/Arm GNU Toolchain arm-none-eabi/14.3 rel1/arm-none-eabi/include/c++/14.3.1/bits\stl_vector.h ****  * representations about the suitability of this  software for any
  48:C:/Program Files (x86)/Arm GNU Toolchain arm-none-eabi/14.3 rel1/arm-none-eabi/include/c++/14.3.1/bits\stl_vector.h ****  * purpose.  It is provided "as is" without express or implied warranty.
  49:C:/Program Files (x86)/Arm GNU Toolchain arm-none-eabi/14.3 rel1/arm-none-eabi/include/c++/14.3.1/bits\stl_vector.h ****  */
  50:C:/Program Files (x86)/Arm GNU Toolchain arm-none-eabi/14.3 rel1/arm-none-eabi/include/c++/14.3.1/bits\stl_vector.h **** 
  51:C:/Program Files (x86)/Arm GNU Toolchain arm-none-eabi/14.3 rel1/arm-none-eabi/include/c++/14.3.1/bits\stl_vector.h **** /** @file bits/stl_vector.h
  52:C:/Program Files (x86)/Arm GNU Toolchain arm-none-eabi/14.3 rel1/arm-none-eabi/include/c++/14.3.1/bits\stl_vector.h ****  *  This is an internal header file, included by other library headers.
  53:C:/Program Files (x86)/Arm GNU Toolchain arm-none-eabi/14.3 rel1/arm-none-eabi/include/c++/14.3.1/bits\stl_vector.h ****  *  Do not attempt to use it directly. @headername{vector}
  54:C:/Program Files (x86)/Arm GNU Toolchain arm-none-eabi/14.3 rel1/arm-none-eabi/include/c++/14.3.1/bits\stl_vector.h ****  */
  55:C:/Program Files (x86)/Arm GNU Toolchain arm-none-eabi/14.3 rel1/arm-none-eabi/include/c++/14.3.1/bits\stl_vector.h **** 
  56:C:/Program Files (x86)/Arm GNU Toolchain arm-none-eabi/14.3 rel1/arm-none-eabi/include/c++/14.3.1/bits\stl_vector.h **** #ifndef _STL_VECTOR_H
  57:C:/Program Files (x86)/Arm GNU Toolchain arm-none-eabi/14.3 rel1/arm-none-eabi/include/c++/14.3.1/bits\stl_vector.h **** #define _STL_VECTOR_H 1
  58:C:/Program Files (x86)/Arm GNU Toolchain arm-none-eabi/14.3 rel1/arm-none-eabi/include/c++/14.3.1/bits\stl_vector.h **** 
  59:C:/Program Files (x86)/Arm GNU Toolchain arm-none-eabi/14.3 rel1/arm-none-eabi/include/c++/14.3.1/bits\stl_vector.h **** #include <bits/stl_iterator_base_funcs.h>
  60:C:/Program Files (x86)/Arm GNU Toolchain arm-none-eabi/14.3 rel1/arm-none-eabi/include/c++/14.3.1/bits\stl_vector.h **** #include <bits/functexcept.h>
  61:C:/Program Files (x86)/Arm GNU Toolchain arm-none-eabi/14.3 rel1/arm-none-eabi/include/c++/14.3.1/bits\stl_vector.h **** #include <bits/concept_check.h>
  62:C:/Program Files (x86)/Arm GNU Toolchain arm-none-eabi/14.3 rel1/arm-none-eabi/include/c++/14.3.1/bits\stl_vector.h **** #if __cplusplus >= 201103L
  63:C:/Program Files (x86)/Arm GNU Toolchain arm-none-eabi/14.3 rel1/arm-none-eabi/include/c++/14.3.1/bits\stl_vector.h **** #include <initializer_list>
  64:C:/Program Files (x86)/Arm GNU Toolchain arm-none-eabi/14.3 rel1/arm-none-eabi/include/c++/14.3.1/bits\stl_vector.h **** #endif
  65:C:/Program Files (x86)/Arm GNU Toolchain arm-none-eabi/14.3 rel1/arm-none-eabi/include/c++/14.3.1/bits\stl_vector.h **** #if __cplusplus >= 202002L
  66:C:/Program Files (x86)/Arm GNU Toolchain arm-none-eabi/14.3 rel1/arm-none-eabi/include/c++/14.3.1/bits\stl_vector.h **** # include <compare>
  67:C:/Program Files (x86)/Arm GNU Toolchain arm-none-eabi/14.3 rel1/arm-none-eabi/include/c++/14.3.1/bits\stl_vector.h **** #endif
  68:C:/Program Files (x86)/Arm GNU Toolchain arm-none-eabi/14.3 rel1/arm-none-eabi/include/c++/14.3.1/bits\stl_vector.h **** #if __glibcxx_concepts // C++ >= C++20
  69:C:/Program Files (x86)/Arm GNU Toolchain arm-none-eabi/14.3 rel1/arm-none-eabi/include/c++/14.3.1/bits\stl_vector.h **** # include <bits/ranges_base.h>          // ranges::distance
  70:C:/Program Files (x86)/Arm GNU Toolchain arm-none-eabi/14.3 rel1/arm-none-eabi/include/c++/14.3.1/bits\stl_vector.h **** #endif
  71:C:/Program Files (x86)/Arm GNU Toolchain arm-none-eabi/14.3 rel1/arm-none-eabi/include/c++/14.3.1/bits\stl_vector.h **** 
ARM GAS  C:\Users\Oliver\AppData\Local\Temp\cclFZbsF.s 			page 6


  72:C:/Program Files (x86)/Arm GNU Toolchain arm-none-eabi/14.3 rel1/arm-none-eabi/include/c++/14.3.1/bits\stl_vector.h **** #include <debug/assertions.h>
  73:C:/Program Files (x86)/Arm GNU Toolchain arm-none-eabi/14.3 rel1/arm-none-eabi/include/c++/14.3.1/bits\stl_vector.h **** 
  74:C:/Program Files (x86)/Arm GNU Toolchain arm-none-eabi/14.3 rel1/arm-none-eabi/include/c++/14.3.1/bits\stl_vector.h **** #if _GLIBCXX_SANITIZE_STD_ALLOCATOR && _GLIBCXX_SANITIZE_VECTOR
  75:C:/Program Files (x86)/Arm GNU Toolchain arm-none-eabi/14.3 rel1/arm-none-eabi/include/c++/14.3.1/bits\stl_vector.h **** extern "C" void
  76:C:/Program Files (x86)/Arm GNU Toolchain arm-none-eabi/14.3 rel1/arm-none-eabi/include/c++/14.3.1/bits\stl_vector.h **** __sanitizer_annotate_contiguous_container(const void*, const void*,
  77:C:/Program Files (x86)/Arm GNU Toolchain arm-none-eabi/14.3 rel1/arm-none-eabi/include/c++/14.3.1/bits\stl_vector.h **** 					  const void*, const void*);
  78:C:/Program Files (x86)/Arm GNU Toolchain arm-none-eabi/14.3 rel1/arm-none-eabi/include/c++/14.3.1/bits\stl_vector.h **** #endif
  79:C:/Program Files (x86)/Arm GNU Toolchain arm-none-eabi/14.3 rel1/arm-none-eabi/include/c++/14.3.1/bits\stl_vector.h **** 
  80:C:/Program Files (x86)/Arm GNU Toolchain arm-none-eabi/14.3 rel1/arm-none-eabi/include/c++/14.3.1/bits\stl_vector.h **** namespace std _GLIBCXX_VISIBILITY(default)
  81:C:/Program Files (x86)/Arm GNU Toolchain arm-none-eabi/14.3 rel1/arm-none-eabi/include/c++/14.3.1/bits\stl_vector.h **** {
  82:C:/Program Files (x86)/Arm GNU Toolchain arm-none-eabi/14.3 rel1/arm-none-eabi/include/c++/14.3.1/bits\stl_vector.h **** _GLIBCXX_BEGIN_NAMESPACE_VERSION
  83:C:/Program Files (x86)/Arm GNU Toolchain arm-none-eabi/14.3 rel1/arm-none-eabi/include/c++/14.3.1/bits\stl_vector.h **** _GLIBCXX_BEGIN_NAMESPACE_CONTAINER
  84:C:/Program Files (x86)/Arm GNU Toolchain arm-none-eabi/14.3 rel1/arm-none-eabi/include/c++/14.3.1/bits\stl_vector.h **** 
  85:C:/Program Files (x86)/Arm GNU Toolchain arm-none-eabi/14.3 rel1/arm-none-eabi/include/c++/14.3.1/bits\stl_vector.h ****   /// See bits/stl_deque.h's _Deque_base for an explanation.
  86:C:/Program Files (x86)/Arm GNU Toolchain arm-none-eabi/14.3 rel1/arm-none-eabi/include/c++/14.3.1/bits\stl_vector.h ****   template<typename _Tp, typename _Alloc>
  87:C:/Program Files (x86)/Arm GNU Toolchain arm-none-eabi/14.3 rel1/arm-none-eabi/include/c++/14.3.1/bits\stl_vector.h ****     struct _Vector_base
  88:C:/Program Files (x86)/Arm GNU Toolchain arm-none-eabi/14.3 rel1/arm-none-eabi/include/c++/14.3.1/bits\stl_vector.h ****     {
  89:C:/Program Files (x86)/Arm GNU Toolchain arm-none-eabi/14.3 rel1/arm-none-eabi/include/c++/14.3.1/bits\stl_vector.h ****       typedef typename __gnu_cxx::__alloc_traits<_Alloc>::template
  90:C:/Program Files (x86)/Arm GNU Toolchain arm-none-eabi/14.3 rel1/arm-none-eabi/include/c++/14.3.1/bits\stl_vector.h **** 	rebind<_Tp>::other _Tp_alloc_type;
  91:C:/Program Files (x86)/Arm GNU Toolchain arm-none-eabi/14.3 rel1/arm-none-eabi/include/c++/14.3.1/bits\stl_vector.h ****       typedef typename __gnu_cxx::__alloc_traits<_Tp_alloc_type>::pointer
  92:C:/Program Files (x86)/Arm GNU Toolchain arm-none-eabi/14.3 rel1/arm-none-eabi/include/c++/14.3.1/bits\stl_vector.h ****        	pointer;
  93:C:/Program Files (x86)/Arm GNU Toolchain arm-none-eabi/14.3 rel1/arm-none-eabi/include/c++/14.3.1/bits\stl_vector.h **** 
  94:C:/Program Files (x86)/Arm GNU Toolchain arm-none-eabi/14.3 rel1/arm-none-eabi/include/c++/14.3.1/bits\stl_vector.h ****       struct _Vector_impl_data
  95:C:/Program Files (x86)/Arm GNU Toolchain arm-none-eabi/14.3 rel1/arm-none-eabi/include/c++/14.3.1/bits\stl_vector.h ****       {
  96:C:/Program Files (x86)/Arm GNU Toolchain arm-none-eabi/14.3 rel1/arm-none-eabi/include/c++/14.3.1/bits\stl_vector.h **** 	pointer _M_start;
  97:C:/Program Files (x86)/Arm GNU Toolchain arm-none-eabi/14.3 rel1/arm-none-eabi/include/c++/14.3.1/bits\stl_vector.h **** 	pointer _M_finish;
  98:C:/Program Files (x86)/Arm GNU Toolchain arm-none-eabi/14.3 rel1/arm-none-eabi/include/c++/14.3.1/bits\stl_vector.h **** 	pointer _M_end_of_storage;
  99:C:/Program Files (x86)/Arm GNU Toolchain arm-none-eabi/14.3 rel1/arm-none-eabi/include/c++/14.3.1/bits\stl_vector.h **** 
 100:C:/Program Files (x86)/Arm GNU Toolchain arm-none-eabi/14.3 rel1/arm-none-eabi/include/c++/14.3.1/bits\stl_vector.h **** 	_GLIBCXX20_CONSTEXPR
 101:C:/Program Files (x86)/Arm GNU Toolchain arm-none-eabi/14.3 rel1/arm-none-eabi/include/c++/14.3.1/bits\stl_vector.h **** 	_Vector_impl_data() _GLIBCXX_NOEXCEPT
 102:C:/Program Files (x86)/Arm GNU Toolchain arm-none-eabi/14.3 rel1/arm-none-eabi/include/c++/14.3.1/bits\stl_vector.h **** 	: _M_start(), _M_finish(), _M_end_of_storage()
 103:C:/Program Files (x86)/Arm GNU Toolchain arm-none-eabi/14.3 rel1/arm-none-eabi/include/c++/14.3.1/bits\stl_vector.h **** 	{ }
 104:C:/Program Files (x86)/Arm GNU Toolchain arm-none-eabi/14.3 rel1/arm-none-eabi/include/c++/14.3.1/bits\stl_vector.h **** 
 105:C:/Program Files (x86)/Arm GNU Toolchain arm-none-eabi/14.3 rel1/arm-none-eabi/include/c++/14.3.1/bits\stl_vector.h **** #if __cplusplus >= 201103L
 106:C:/Program Files (x86)/Arm GNU Toolchain arm-none-eabi/14.3 rel1/arm-none-eabi/include/c++/14.3.1/bits\stl_vector.h **** 	_GLIBCXX20_CONSTEXPR
 107:C:/Program Files (x86)/Arm GNU Toolchain arm-none-eabi/14.3 rel1/arm-none-eabi/include/c++/14.3.1/bits\stl_vector.h **** 	_Vector_impl_data(_Vector_impl_data&& __x) noexcept
 108:C:/Program Files (x86)/Arm GNU Toolchain arm-none-eabi/14.3 rel1/arm-none-eabi/include/c++/14.3.1/bits\stl_vector.h **** 	: _M_start(__x._M_start), _M_finish(__x._M_finish),
 109:C:/Program Files (x86)/Arm GNU Toolchain arm-none-eabi/14.3 rel1/arm-none-eabi/include/c++/14.3.1/bits\stl_vector.h **** 	  _M_end_of_storage(__x._M_end_of_storage)
 110:C:/Program Files (x86)/Arm GNU Toolchain arm-none-eabi/14.3 rel1/arm-none-eabi/include/c++/14.3.1/bits\stl_vector.h **** 	{ __x._M_start = __x._M_finish = __x._M_end_of_storage = pointer(); }
 111:C:/Program Files (x86)/Arm GNU Toolchain arm-none-eabi/14.3 rel1/arm-none-eabi/include/c++/14.3.1/bits\stl_vector.h **** #endif
 112:C:/Program Files (x86)/Arm GNU Toolchain arm-none-eabi/14.3 rel1/arm-none-eabi/include/c++/14.3.1/bits\stl_vector.h **** 
 113:C:/Program Files (x86)/Arm GNU Toolchain arm-none-eabi/14.3 rel1/arm-none-eabi/include/c++/14.3.1/bits\stl_vector.h **** 	_GLIBCXX20_CONSTEXPR
 114:C:/Program Files (x86)/Arm GNU Toolchain arm-none-eabi/14.3 rel1/arm-none-eabi/include/c++/14.3.1/bits\stl_vector.h **** 	void
 115:C:/Program Files (x86)/Arm GNU Toolchain arm-none-eabi/14.3 rel1/arm-none-eabi/include/c++/14.3.1/bits\stl_vector.h **** 	_M_copy_data(_Vector_impl_data const& __x) _GLIBCXX_NOEXCEPT
 116:C:/Program Files (x86)/Arm GNU Toolchain arm-none-eabi/14.3 rel1/arm-none-eabi/include/c++/14.3.1/bits\stl_vector.h **** 	{
 117:C:/Program Files (x86)/Arm GNU Toolchain arm-none-eabi/14.3 rel1/arm-none-eabi/include/c++/14.3.1/bits\stl_vector.h **** 	  _M_start = __x._M_start;
 118:C:/Program Files (x86)/Arm GNU Toolchain arm-none-eabi/14.3 rel1/arm-none-eabi/include/c++/14.3.1/bits\stl_vector.h **** 	  _M_finish = __x._M_finish;
 119:C:/Program Files (x86)/Arm GNU Toolchain arm-none-eabi/14.3 rel1/arm-none-eabi/include/c++/14.3.1/bits\stl_vector.h **** 	  _M_end_of_storage = __x._M_end_of_storage;
 120:C:/Program Files (x86)/Arm GNU Toolchain arm-none-eabi/14.3 rel1/arm-none-eabi/include/c++/14.3.1/bits\stl_vector.h **** 	}
 121:C:/Program Files (x86)/Arm GNU Toolchain arm-none-eabi/14.3 rel1/arm-none-eabi/include/c++/14.3.1/bits\stl_vector.h **** 
 122:C:/Program Files (x86)/Arm GNU Toolchain arm-none-eabi/14.3 rel1/arm-none-eabi/include/c++/14.3.1/bits\stl_vector.h **** 	_GLIBCXX20_CONSTEXPR
 123:C:/Program Files (x86)/Arm GNU Toolchain arm-none-eabi/14.3 rel1/arm-none-eabi/include/c++/14.3.1/bits\stl_vector.h **** 	void
 124:C:/Program Files (x86)/Arm GNU Toolchain arm-none-eabi/14.3 rel1/arm-none-eabi/include/c++/14.3.1/bits\stl_vector.h **** 	_M_swap_data(_Vector_impl_data& __x) _GLIBCXX_NOEXCEPT
 125:C:/Program Files (x86)/Arm GNU Toolchain arm-none-eabi/14.3 rel1/arm-none-eabi/include/c++/14.3.1/bits\stl_vector.h **** 	{
 126:C:/Program Files (x86)/Arm GNU Toolchain arm-none-eabi/14.3 rel1/arm-none-eabi/include/c++/14.3.1/bits\stl_vector.h **** 	  // Do not use std::swap(_M_start, __x._M_start), etc as it loses
 127:C:/Program Files (x86)/Arm GNU Toolchain arm-none-eabi/14.3 rel1/arm-none-eabi/include/c++/14.3.1/bits\stl_vector.h **** 	  // information used by TBAA.
 128:C:/Program Files (x86)/Arm GNU Toolchain arm-none-eabi/14.3 rel1/arm-none-eabi/include/c++/14.3.1/bits\stl_vector.h **** 	  _Vector_impl_data __tmp;
ARM GAS  C:\Users\Oliver\AppData\Local\Temp\cclFZbsF.s 			page 7


 129:C:/Program Files (x86)/Arm GNU Toolchain arm-none-eabi/14.3 rel1/arm-none-eabi/include/c++/14.3.1/bits\stl_vector.h **** 	  __tmp._M_copy_data(*this);
 130:C:/Program Files (x86)/Arm GNU Toolchain arm-none-eabi/14.3 rel1/arm-none-eabi/include/c++/14.3.1/bits\stl_vector.h **** 	  _M_copy_data(__x);
 131:C:/Program Files (x86)/Arm GNU Toolchain arm-none-eabi/14.3 rel1/arm-none-eabi/include/c++/14.3.1/bits\stl_vector.h **** 	  __x._M_copy_data(__tmp);
 132:C:/Program Files (x86)/Arm GNU Toolchain arm-none-eabi/14.3 rel1/arm-none-eabi/include/c++/14.3.1/bits\stl_vector.h **** 	}
 133:C:/Program Files (x86)/Arm GNU Toolchain arm-none-eabi/14.3 rel1/arm-none-eabi/include/c++/14.3.1/bits\stl_vector.h ****       };
 134:C:/Program Files (x86)/Arm GNU Toolchain arm-none-eabi/14.3 rel1/arm-none-eabi/include/c++/14.3.1/bits\stl_vector.h **** 
 135:C:/Program Files (x86)/Arm GNU Toolchain arm-none-eabi/14.3 rel1/arm-none-eabi/include/c++/14.3.1/bits\stl_vector.h ****       struct _Vector_impl
 136:C:/Program Files (x86)/Arm GNU Toolchain arm-none-eabi/14.3 rel1/arm-none-eabi/include/c++/14.3.1/bits\stl_vector.h **** 	: public _Tp_alloc_type, public _Vector_impl_data
 137:C:/Program Files (x86)/Arm GNU Toolchain arm-none-eabi/14.3 rel1/arm-none-eabi/include/c++/14.3.1/bits\stl_vector.h ****       {
 138:C:/Program Files (x86)/Arm GNU Toolchain arm-none-eabi/14.3 rel1/arm-none-eabi/include/c++/14.3.1/bits\stl_vector.h **** 	_GLIBCXX20_CONSTEXPR
 139:C:/Program Files (x86)/Arm GNU Toolchain arm-none-eabi/14.3 rel1/arm-none-eabi/include/c++/14.3.1/bits\stl_vector.h **** 	_Vector_impl() _GLIBCXX_NOEXCEPT_IF(
 140:C:/Program Files (x86)/Arm GNU Toolchain arm-none-eabi/14.3 rel1/arm-none-eabi/include/c++/14.3.1/bits\stl_vector.h **** 	    is_nothrow_default_constructible<_Tp_alloc_type>::value)
 141:C:/Program Files (x86)/Arm GNU Toolchain arm-none-eabi/14.3 rel1/arm-none-eabi/include/c++/14.3.1/bits\stl_vector.h **** #if __cpp_lib_concepts
 142:C:/Program Files (x86)/Arm GNU Toolchain arm-none-eabi/14.3 rel1/arm-none-eabi/include/c++/14.3.1/bits\stl_vector.h **** 	requires is_default_constructible_v<_Tp_alloc_type>
 143:C:/Program Files (x86)/Arm GNU Toolchain arm-none-eabi/14.3 rel1/arm-none-eabi/include/c++/14.3.1/bits\stl_vector.h **** #endif
 144:C:/Program Files (x86)/Arm GNU Toolchain arm-none-eabi/14.3 rel1/arm-none-eabi/include/c++/14.3.1/bits\stl_vector.h **** 	: _Tp_alloc_type()
 145:C:/Program Files (x86)/Arm GNU Toolchain arm-none-eabi/14.3 rel1/arm-none-eabi/include/c++/14.3.1/bits\stl_vector.h **** 	{ }
 146:C:/Program Files (x86)/Arm GNU Toolchain arm-none-eabi/14.3 rel1/arm-none-eabi/include/c++/14.3.1/bits\stl_vector.h **** 
 147:C:/Program Files (x86)/Arm GNU Toolchain arm-none-eabi/14.3 rel1/arm-none-eabi/include/c++/14.3.1/bits\stl_vector.h **** 	_GLIBCXX20_CONSTEXPR
 148:C:/Program Files (x86)/Arm GNU Toolchain arm-none-eabi/14.3 rel1/arm-none-eabi/include/c++/14.3.1/bits\stl_vector.h **** 	_Vector_impl(_Tp_alloc_type const& __a) _GLIBCXX_NOEXCEPT
 149:C:/Program Files (x86)/Arm GNU Toolchain arm-none-eabi/14.3 rel1/arm-none-eabi/include/c++/14.3.1/bits\stl_vector.h **** 	: _Tp_alloc_type(__a)
 150:C:/Program Files (x86)/Arm GNU Toolchain arm-none-eabi/14.3 rel1/arm-none-eabi/include/c++/14.3.1/bits\stl_vector.h **** 	{ }
 151:C:/Program Files (x86)/Arm GNU Toolchain arm-none-eabi/14.3 rel1/arm-none-eabi/include/c++/14.3.1/bits\stl_vector.h **** 
 152:C:/Program Files (x86)/Arm GNU Toolchain arm-none-eabi/14.3 rel1/arm-none-eabi/include/c++/14.3.1/bits\stl_vector.h **** #if __cplusplus >= 201103L
 153:C:/Program Files (x86)/Arm GNU Toolchain arm-none-eabi/14.3 rel1/arm-none-eabi/include/c++/14.3.1/bits\stl_vector.h **** 	// Not defaulted, to enforce noexcept(true) even when
 154:C:/Program Files (x86)/Arm GNU Toolchain arm-none-eabi/14.3 rel1/arm-none-eabi/include/c++/14.3.1/bits\stl_vector.h **** 	// !is_nothrow_move_constructible<_Tp_alloc_type>.
 155:C:/Program Files (x86)/Arm GNU Toolchain arm-none-eabi/14.3 rel1/arm-none-eabi/include/c++/14.3.1/bits\stl_vector.h **** 	_GLIBCXX20_CONSTEXPR
 156:C:/Program Files (x86)/Arm GNU Toolchain arm-none-eabi/14.3 rel1/arm-none-eabi/include/c++/14.3.1/bits\stl_vector.h **** 	_Vector_impl(_Vector_impl&& __x) noexcept
 157:C:/Program Files (x86)/Arm GNU Toolchain arm-none-eabi/14.3 rel1/arm-none-eabi/include/c++/14.3.1/bits\stl_vector.h **** 	: _Tp_alloc_type(std::move(__x)), _Vector_impl_data(std::move(__x))
 158:C:/Program Files (x86)/Arm GNU Toolchain arm-none-eabi/14.3 rel1/arm-none-eabi/include/c++/14.3.1/bits\stl_vector.h **** 	{ }
 159:C:/Program Files (x86)/Arm GNU Toolchain arm-none-eabi/14.3 rel1/arm-none-eabi/include/c++/14.3.1/bits\stl_vector.h **** 
 160:C:/Program Files (x86)/Arm GNU Toolchain arm-none-eabi/14.3 rel1/arm-none-eabi/include/c++/14.3.1/bits\stl_vector.h **** 	_GLIBCXX20_CONSTEXPR
 161:C:/Program Files (x86)/Arm GNU Toolchain arm-none-eabi/14.3 rel1/arm-none-eabi/include/c++/14.3.1/bits\stl_vector.h **** 	_Vector_impl(_Tp_alloc_type&& __a) noexcept
 162:C:/Program Files (x86)/Arm GNU Toolchain arm-none-eabi/14.3 rel1/arm-none-eabi/include/c++/14.3.1/bits\stl_vector.h **** 	: _Tp_alloc_type(std::move(__a))
 163:C:/Program Files (x86)/Arm GNU Toolchain arm-none-eabi/14.3 rel1/arm-none-eabi/include/c++/14.3.1/bits\stl_vector.h **** 	{ }
 164:C:/Program Files (x86)/Arm GNU Toolchain arm-none-eabi/14.3 rel1/arm-none-eabi/include/c++/14.3.1/bits\stl_vector.h **** 
 165:C:/Program Files (x86)/Arm GNU Toolchain arm-none-eabi/14.3 rel1/arm-none-eabi/include/c++/14.3.1/bits\stl_vector.h **** 	_GLIBCXX20_CONSTEXPR
 166:C:/Program Files (x86)/Arm GNU Toolchain arm-none-eabi/14.3 rel1/arm-none-eabi/include/c++/14.3.1/bits\stl_vector.h **** 	_Vector_impl(_Tp_alloc_type&& __a, _Vector_impl&& __rv) noexcept
 167:C:/Program Files (x86)/Arm GNU Toolchain arm-none-eabi/14.3 rel1/arm-none-eabi/include/c++/14.3.1/bits\stl_vector.h **** 	: _Tp_alloc_type(std::move(__a)), _Vector_impl_data(std::move(__rv))
 168:C:/Program Files (x86)/Arm GNU Toolchain arm-none-eabi/14.3 rel1/arm-none-eabi/include/c++/14.3.1/bits\stl_vector.h **** 	{ }
 169:C:/Program Files (x86)/Arm GNU Toolchain arm-none-eabi/14.3 rel1/arm-none-eabi/include/c++/14.3.1/bits\stl_vector.h **** #endif
 170:C:/Program Files (x86)/Arm GNU Toolchain arm-none-eabi/14.3 rel1/arm-none-eabi/include/c++/14.3.1/bits\stl_vector.h **** 
 171:C:/Program Files (x86)/Arm GNU Toolchain arm-none-eabi/14.3 rel1/arm-none-eabi/include/c++/14.3.1/bits\stl_vector.h **** #if _GLIBCXX_SANITIZE_STD_ALLOCATOR && _GLIBCXX_SANITIZE_VECTOR
 172:C:/Program Files (x86)/Arm GNU Toolchain arm-none-eabi/14.3 rel1/arm-none-eabi/include/c++/14.3.1/bits\stl_vector.h **** 	template<typename = _Tp_alloc_type>
 173:C:/Program Files (x86)/Arm GNU Toolchain arm-none-eabi/14.3 rel1/arm-none-eabi/include/c++/14.3.1/bits\stl_vector.h **** 	  struct _Asan
 174:C:/Program Files (x86)/Arm GNU Toolchain arm-none-eabi/14.3 rel1/arm-none-eabi/include/c++/14.3.1/bits\stl_vector.h **** 	  {
 175:C:/Program Files (x86)/Arm GNU Toolchain arm-none-eabi/14.3 rel1/arm-none-eabi/include/c++/14.3.1/bits\stl_vector.h **** 	    typedef typename __gnu_cxx::__alloc_traits<_Tp_alloc_type>
 176:C:/Program Files (x86)/Arm GNU Toolchain arm-none-eabi/14.3 rel1/arm-none-eabi/include/c++/14.3.1/bits\stl_vector.h **** 	      ::size_type size_type;
 177:C:/Program Files (x86)/Arm GNU Toolchain arm-none-eabi/14.3 rel1/arm-none-eabi/include/c++/14.3.1/bits\stl_vector.h **** 
 178:C:/Program Files (x86)/Arm GNU Toolchain arm-none-eabi/14.3 rel1/arm-none-eabi/include/c++/14.3.1/bits\stl_vector.h **** 	    static _GLIBCXX20_CONSTEXPR void
 179:C:/Program Files (x86)/Arm GNU Toolchain arm-none-eabi/14.3 rel1/arm-none-eabi/include/c++/14.3.1/bits\stl_vector.h **** 	    _S_shrink(_Vector_impl&, size_type) { }
 180:C:/Program Files (x86)/Arm GNU Toolchain arm-none-eabi/14.3 rel1/arm-none-eabi/include/c++/14.3.1/bits\stl_vector.h **** 	    static _GLIBCXX20_CONSTEXPR void
 181:C:/Program Files (x86)/Arm GNU Toolchain arm-none-eabi/14.3 rel1/arm-none-eabi/include/c++/14.3.1/bits\stl_vector.h **** 	    _S_on_dealloc(_Vector_impl&) { }
 182:C:/Program Files (x86)/Arm GNU Toolchain arm-none-eabi/14.3 rel1/arm-none-eabi/include/c++/14.3.1/bits\stl_vector.h **** 
 183:C:/Program Files (x86)/Arm GNU Toolchain arm-none-eabi/14.3 rel1/arm-none-eabi/include/c++/14.3.1/bits\stl_vector.h **** 	    typedef _Vector_impl& _Reinit;
 184:C:/Program Files (x86)/Arm GNU Toolchain arm-none-eabi/14.3 rel1/arm-none-eabi/include/c++/14.3.1/bits\stl_vector.h **** 
 185:C:/Program Files (x86)/Arm GNU Toolchain arm-none-eabi/14.3 rel1/arm-none-eabi/include/c++/14.3.1/bits\stl_vector.h **** 	    struct _Grow
ARM GAS  C:\Users\Oliver\AppData\Local\Temp\cclFZbsF.s 			page 8


 186:C:/Program Files (x86)/Arm GNU Toolchain arm-none-eabi/14.3 rel1/arm-none-eabi/include/c++/14.3.1/bits\stl_vector.h **** 	    {
 187:C:/Program Files (x86)/Arm GNU Toolchain arm-none-eabi/14.3 rel1/arm-none-eabi/include/c++/14.3.1/bits\stl_vector.h **** 	      _GLIBCXX20_CONSTEXPR _Grow(_Vector_impl&, size_type) { }
 188:C:/Program Files (x86)/Arm GNU Toolchain arm-none-eabi/14.3 rel1/arm-none-eabi/include/c++/14.3.1/bits\stl_vector.h **** 	      _GLIBCXX20_CONSTEXPR void _M_grew(size_type) { }
 189:C:/Program Files (x86)/Arm GNU Toolchain arm-none-eabi/14.3 rel1/arm-none-eabi/include/c++/14.3.1/bits\stl_vector.h **** 	    };
 190:C:/Program Files (x86)/Arm GNU Toolchain arm-none-eabi/14.3 rel1/arm-none-eabi/include/c++/14.3.1/bits\stl_vector.h **** 	  };
 191:C:/Program Files (x86)/Arm GNU Toolchain arm-none-eabi/14.3 rel1/arm-none-eabi/include/c++/14.3.1/bits\stl_vector.h **** 
 192:C:/Program Files (x86)/Arm GNU Toolchain arm-none-eabi/14.3 rel1/arm-none-eabi/include/c++/14.3.1/bits\stl_vector.h **** 	// Enable ASan annotations for memory obtained from std::allocator.
 193:C:/Program Files (x86)/Arm GNU Toolchain arm-none-eabi/14.3 rel1/arm-none-eabi/include/c++/14.3.1/bits\stl_vector.h **** 	template<typename _Up>
 194:C:/Program Files (x86)/Arm GNU Toolchain arm-none-eabi/14.3 rel1/arm-none-eabi/include/c++/14.3.1/bits\stl_vector.h **** 	  struct _Asan<allocator<_Up> >
 195:C:/Program Files (x86)/Arm GNU Toolchain arm-none-eabi/14.3 rel1/arm-none-eabi/include/c++/14.3.1/bits\stl_vector.h **** 	  {
 196:C:/Program Files (x86)/Arm GNU Toolchain arm-none-eabi/14.3 rel1/arm-none-eabi/include/c++/14.3.1/bits\stl_vector.h **** 	    typedef typename __gnu_cxx::__alloc_traits<_Tp_alloc_type>
 197:C:/Program Files (x86)/Arm GNU Toolchain arm-none-eabi/14.3 rel1/arm-none-eabi/include/c++/14.3.1/bits\stl_vector.h **** 	      ::size_type size_type;
 198:C:/Program Files (x86)/Arm GNU Toolchain arm-none-eabi/14.3 rel1/arm-none-eabi/include/c++/14.3.1/bits\stl_vector.h **** 
 199:C:/Program Files (x86)/Arm GNU Toolchain arm-none-eabi/14.3 rel1/arm-none-eabi/include/c++/14.3.1/bits\stl_vector.h **** 	    // Adjust ASan annotation for [_M_start, _M_end_of_storage) to
 200:C:/Program Files (x86)/Arm GNU Toolchain arm-none-eabi/14.3 rel1/arm-none-eabi/include/c++/14.3.1/bits\stl_vector.h **** 	    // mark end of valid region as __curr instead of __prev.
 201:C:/Program Files (x86)/Arm GNU Toolchain arm-none-eabi/14.3 rel1/arm-none-eabi/include/c++/14.3.1/bits\stl_vector.h **** 	    static _GLIBCXX20_CONSTEXPR void
 202:C:/Program Files (x86)/Arm GNU Toolchain arm-none-eabi/14.3 rel1/arm-none-eabi/include/c++/14.3.1/bits\stl_vector.h **** 	    _S_adjust(_Vector_impl& __impl, pointer __prev, pointer __curr)
 203:C:/Program Files (x86)/Arm GNU Toolchain arm-none-eabi/14.3 rel1/arm-none-eabi/include/c++/14.3.1/bits\stl_vector.h **** 	    {
 204:C:/Program Files (x86)/Arm GNU Toolchain arm-none-eabi/14.3 rel1/arm-none-eabi/include/c++/14.3.1/bits\stl_vector.h **** #if __cpp_lib_is_constant_evaluated
 205:C:/Program Files (x86)/Arm GNU Toolchain arm-none-eabi/14.3 rel1/arm-none-eabi/include/c++/14.3.1/bits\stl_vector.h **** 	      if (std::is_constant_evaluated())
 206:C:/Program Files (x86)/Arm GNU Toolchain arm-none-eabi/14.3 rel1/arm-none-eabi/include/c++/14.3.1/bits\stl_vector.h **** 		return;
 207:C:/Program Files (x86)/Arm GNU Toolchain arm-none-eabi/14.3 rel1/arm-none-eabi/include/c++/14.3.1/bits\stl_vector.h **** #endif
 208:C:/Program Files (x86)/Arm GNU Toolchain arm-none-eabi/14.3 rel1/arm-none-eabi/include/c++/14.3.1/bits\stl_vector.h **** 	      __sanitizer_annotate_contiguous_container(__impl._M_start,
 209:C:/Program Files (x86)/Arm GNU Toolchain arm-none-eabi/14.3 rel1/arm-none-eabi/include/c++/14.3.1/bits\stl_vector.h **** 		  __impl._M_end_of_storage, __prev, __curr);
 210:C:/Program Files (x86)/Arm GNU Toolchain arm-none-eabi/14.3 rel1/arm-none-eabi/include/c++/14.3.1/bits\stl_vector.h **** 	    }
 211:C:/Program Files (x86)/Arm GNU Toolchain arm-none-eabi/14.3 rel1/arm-none-eabi/include/c++/14.3.1/bits\stl_vector.h **** 
 212:C:/Program Files (x86)/Arm GNU Toolchain arm-none-eabi/14.3 rel1/arm-none-eabi/include/c++/14.3.1/bits\stl_vector.h **** 	    static _GLIBCXX20_CONSTEXPR void
 213:C:/Program Files (x86)/Arm GNU Toolchain arm-none-eabi/14.3 rel1/arm-none-eabi/include/c++/14.3.1/bits\stl_vector.h **** 	    _S_grow(_Vector_impl& __impl, size_type __n)
 214:C:/Program Files (x86)/Arm GNU Toolchain arm-none-eabi/14.3 rel1/arm-none-eabi/include/c++/14.3.1/bits\stl_vector.h **** 	    { _S_adjust(__impl, __impl._M_finish, __impl._M_finish + __n); }
 215:C:/Program Files (x86)/Arm GNU Toolchain arm-none-eabi/14.3 rel1/arm-none-eabi/include/c++/14.3.1/bits\stl_vector.h **** 
 216:C:/Program Files (x86)/Arm GNU Toolchain arm-none-eabi/14.3 rel1/arm-none-eabi/include/c++/14.3.1/bits\stl_vector.h **** 	    static _GLIBCXX20_CONSTEXPR void
 217:C:/Program Files (x86)/Arm GNU Toolchain arm-none-eabi/14.3 rel1/arm-none-eabi/include/c++/14.3.1/bits\stl_vector.h **** 	    _S_shrink(_Vector_impl& __impl, size_type __n)
 218:C:/Program Files (x86)/Arm GNU Toolchain arm-none-eabi/14.3 rel1/arm-none-eabi/include/c++/14.3.1/bits\stl_vector.h **** 	    { _S_adjust(__impl, __impl._M_finish + __n, __impl._M_finish); }
 219:C:/Program Files (x86)/Arm GNU Toolchain arm-none-eabi/14.3 rel1/arm-none-eabi/include/c++/14.3.1/bits\stl_vector.h **** 
 220:C:/Program Files (x86)/Arm GNU Toolchain arm-none-eabi/14.3 rel1/arm-none-eabi/include/c++/14.3.1/bits\stl_vector.h **** 	    static _GLIBCXX20_CONSTEXPR void
 221:C:/Program Files (x86)/Arm GNU Toolchain arm-none-eabi/14.3 rel1/arm-none-eabi/include/c++/14.3.1/bits\stl_vector.h **** 	    _S_on_dealloc(_Vector_impl& __impl)
 222:C:/Program Files (x86)/Arm GNU Toolchain arm-none-eabi/14.3 rel1/arm-none-eabi/include/c++/14.3.1/bits\stl_vector.h **** 	    {
 223:C:/Program Files (x86)/Arm GNU Toolchain arm-none-eabi/14.3 rel1/arm-none-eabi/include/c++/14.3.1/bits\stl_vector.h **** 	      if (__impl._M_start)
 224:C:/Program Files (x86)/Arm GNU Toolchain arm-none-eabi/14.3 rel1/arm-none-eabi/include/c++/14.3.1/bits\stl_vector.h **** 		_S_adjust(__impl, __impl._M_finish, __impl._M_end_of_storage);
 225:C:/Program Files (x86)/Arm GNU Toolchain arm-none-eabi/14.3 rel1/arm-none-eabi/include/c++/14.3.1/bits\stl_vector.h **** 	    }
 226:C:/Program Files (x86)/Arm GNU Toolchain arm-none-eabi/14.3 rel1/arm-none-eabi/include/c++/14.3.1/bits\stl_vector.h **** 
 227:C:/Program Files (x86)/Arm GNU Toolchain arm-none-eabi/14.3 rel1/arm-none-eabi/include/c++/14.3.1/bits\stl_vector.h **** 	    // Used on reallocation to tell ASan unused capacity is invalid.
 228:C:/Program Files (x86)/Arm GNU Toolchain arm-none-eabi/14.3 rel1/arm-none-eabi/include/c++/14.3.1/bits\stl_vector.h **** 	    struct _Reinit
 229:C:/Program Files (x86)/Arm GNU Toolchain arm-none-eabi/14.3 rel1/arm-none-eabi/include/c++/14.3.1/bits\stl_vector.h **** 	    {
 230:C:/Program Files (x86)/Arm GNU Toolchain arm-none-eabi/14.3 rel1/arm-none-eabi/include/c++/14.3.1/bits\stl_vector.h **** 	      explicit _GLIBCXX20_CONSTEXPR
 231:C:/Program Files (x86)/Arm GNU Toolchain arm-none-eabi/14.3 rel1/arm-none-eabi/include/c++/14.3.1/bits\stl_vector.h **** 	      _Reinit(_Vector_impl& __impl) : _M_impl(__impl)
 232:C:/Program Files (x86)/Arm GNU Toolchain arm-none-eabi/14.3 rel1/arm-none-eabi/include/c++/14.3.1/bits\stl_vector.h **** 	      {
 233:C:/Program Files (x86)/Arm GNU Toolchain arm-none-eabi/14.3 rel1/arm-none-eabi/include/c++/14.3.1/bits\stl_vector.h **** 		// Mark unused capacity as valid again before deallocating it.
 234:C:/Program Files (x86)/Arm GNU Toolchain arm-none-eabi/14.3 rel1/arm-none-eabi/include/c++/14.3.1/bits\stl_vector.h **** 		_S_on_dealloc(_M_impl);
 235:C:/Program Files (x86)/Arm GNU Toolchain arm-none-eabi/14.3 rel1/arm-none-eabi/include/c++/14.3.1/bits\stl_vector.h **** 	      }
 236:C:/Program Files (x86)/Arm GNU Toolchain arm-none-eabi/14.3 rel1/arm-none-eabi/include/c++/14.3.1/bits\stl_vector.h **** 
 237:C:/Program Files (x86)/Arm GNU Toolchain arm-none-eabi/14.3 rel1/arm-none-eabi/include/c++/14.3.1/bits\stl_vector.h **** 	      _GLIBCXX20_CONSTEXPR
 238:C:/Program Files (x86)/Arm GNU Toolchain arm-none-eabi/14.3 rel1/arm-none-eabi/include/c++/14.3.1/bits\stl_vector.h **** 	      ~_Reinit()
 239:C:/Program Files (x86)/Arm GNU Toolchain arm-none-eabi/14.3 rel1/arm-none-eabi/include/c++/14.3.1/bits\stl_vector.h **** 	      {
 240:C:/Program Files (x86)/Arm GNU Toolchain arm-none-eabi/14.3 rel1/arm-none-eabi/include/c++/14.3.1/bits\stl_vector.h **** 		// Mark unused capacity as invalid after reallocation.
 241:C:/Program Files (x86)/Arm GNU Toolchain arm-none-eabi/14.3 rel1/arm-none-eabi/include/c++/14.3.1/bits\stl_vector.h **** 		if (_M_impl._M_start)
 242:C:/Program Files (x86)/Arm GNU Toolchain arm-none-eabi/14.3 rel1/arm-none-eabi/include/c++/14.3.1/bits\stl_vector.h **** 		  _S_adjust(_M_impl, _M_impl._M_end_of_storage,
ARM GAS  C:\Users\Oliver\AppData\Local\Temp\cclFZbsF.s 			page 9


 243:C:/Program Files (x86)/Arm GNU Toolchain arm-none-eabi/14.3 rel1/arm-none-eabi/include/c++/14.3.1/bits\stl_vector.h **** 			    _M_impl._M_finish);
 244:C:/Program Files (x86)/Arm GNU Toolchain arm-none-eabi/14.3 rel1/arm-none-eabi/include/c++/14.3.1/bits\stl_vector.h **** 	      }
 245:C:/Program Files (x86)/Arm GNU Toolchain arm-none-eabi/14.3 rel1/arm-none-eabi/include/c++/14.3.1/bits\stl_vector.h **** 
 246:C:/Program Files (x86)/Arm GNU Toolchain arm-none-eabi/14.3 rel1/arm-none-eabi/include/c++/14.3.1/bits\stl_vector.h **** 	      _Vector_impl& _M_impl;
 247:C:/Program Files (x86)/Arm GNU Toolchain arm-none-eabi/14.3 rel1/arm-none-eabi/include/c++/14.3.1/bits\stl_vector.h **** 
 248:C:/Program Files (x86)/Arm GNU Toolchain arm-none-eabi/14.3 rel1/arm-none-eabi/include/c++/14.3.1/bits\stl_vector.h **** #if __cplusplus >= 201103L
 249:C:/Program Files (x86)/Arm GNU Toolchain arm-none-eabi/14.3 rel1/arm-none-eabi/include/c++/14.3.1/bits\stl_vector.h **** 	      _Reinit(const _Reinit&) = delete;
 250:C:/Program Files (x86)/Arm GNU Toolchain arm-none-eabi/14.3 rel1/arm-none-eabi/include/c++/14.3.1/bits\stl_vector.h **** 	      _Reinit& operator=(const _Reinit&) = delete;
 251:C:/Program Files (x86)/Arm GNU Toolchain arm-none-eabi/14.3 rel1/arm-none-eabi/include/c++/14.3.1/bits\stl_vector.h **** #endif
 252:C:/Program Files (x86)/Arm GNU Toolchain arm-none-eabi/14.3 rel1/arm-none-eabi/include/c++/14.3.1/bits\stl_vector.h **** 	    };
 253:C:/Program Files (x86)/Arm GNU Toolchain arm-none-eabi/14.3 rel1/arm-none-eabi/include/c++/14.3.1/bits\stl_vector.h **** 
 254:C:/Program Files (x86)/Arm GNU Toolchain arm-none-eabi/14.3 rel1/arm-none-eabi/include/c++/14.3.1/bits\stl_vector.h **** 	    // Tell ASan when unused capacity is initialized to be valid.
 255:C:/Program Files (x86)/Arm GNU Toolchain arm-none-eabi/14.3 rel1/arm-none-eabi/include/c++/14.3.1/bits\stl_vector.h **** 	    struct _Grow
 256:C:/Program Files (x86)/Arm GNU Toolchain arm-none-eabi/14.3 rel1/arm-none-eabi/include/c++/14.3.1/bits\stl_vector.h **** 	    {
 257:C:/Program Files (x86)/Arm GNU Toolchain arm-none-eabi/14.3 rel1/arm-none-eabi/include/c++/14.3.1/bits\stl_vector.h **** 	      _GLIBCXX20_CONSTEXPR
 258:C:/Program Files (x86)/Arm GNU Toolchain arm-none-eabi/14.3 rel1/arm-none-eabi/include/c++/14.3.1/bits\stl_vector.h **** 	      _Grow(_Vector_impl& __impl, size_type __n)
 259:C:/Program Files (x86)/Arm GNU Toolchain arm-none-eabi/14.3 rel1/arm-none-eabi/include/c++/14.3.1/bits\stl_vector.h **** 	      : _M_impl(__impl), _M_n(__n)
 260:C:/Program Files (x86)/Arm GNU Toolchain arm-none-eabi/14.3 rel1/arm-none-eabi/include/c++/14.3.1/bits\stl_vector.h **** 	      { _S_grow(_M_impl, __n); }
 261:C:/Program Files (x86)/Arm GNU Toolchain arm-none-eabi/14.3 rel1/arm-none-eabi/include/c++/14.3.1/bits\stl_vector.h **** 
 262:C:/Program Files (x86)/Arm GNU Toolchain arm-none-eabi/14.3 rel1/arm-none-eabi/include/c++/14.3.1/bits\stl_vector.h **** 	      _GLIBCXX20_CONSTEXPR
 263:C:/Program Files (x86)/Arm GNU Toolchain arm-none-eabi/14.3 rel1/arm-none-eabi/include/c++/14.3.1/bits\stl_vector.h **** 	      ~_Grow() { if (_M_n) _S_shrink(_M_impl, _M_n); }
 264:C:/Program Files (x86)/Arm GNU Toolchain arm-none-eabi/14.3 rel1/arm-none-eabi/include/c++/14.3.1/bits\stl_vector.h **** 
 265:C:/Program Files (x86)/Arm GNU Toolchain arm-none-eabi/14.3 rel1/arm-none-eabi/include/c++/14.3.1/bits\stl_vector.h **** 	      _GLIBCXX20_CONSTEXPR
 266:C:/Program Files (x86)/Arm GNU Toolchain arm-none-eabi/14.3 rel1/arm-none-eabi/include/c++/14.3.1/bits\stl_vector.h **** 	      void _M_grew(size_type __n) { _M_n -= __n; }
 267:C:/Program Files (x86)/Arm GNU Toolchain arm-none-eabi/14.3 rel1/arm-none-eabi/include/c++/14.3.1/bits\stl_vector.h **** 
 268:C:/Program Files (x86)/Arm GNU Toolchain arm-none-eabi/14.3 rel1/arm-none-eabi/include/c++/14.3.1/bits\stl_vector.h **** #if __cplusplus >= 201103L
 269:C:/Program Files (x86)/Arm GNU Toolchain arm-none-eabi/14.3 rel1/arm-none-eabi/include/c++/14.3.1/bits\stl_vector.h **** 	      _Grow(const _Grow&) = delete;
 270:C:/Program Files (x86)/Arm GNU Toolchain arm-none-eabi/14.3 rel1/arm-none-eabi/include/c++/14.3.1/bits\stl_vector.h **** 	      _Grow& operator=(const _Grow&) = delete;
 271:C:/Program Files (x86)/Arm GNU Toolchain arm-none-eabi/14.3 rel1/arm-none-eabi/include/c++/14.3.1/bits\stl_vector.h **** #endif
 272:C:/Program Files (x86)/Arm GNU Toolchain arm-none-eabi/14.3 rel1/arm-none-eabi/include/c++/14.3.1/bits\stl_vector.h **** 	    private:
 273:C:/Program Files (x86)/Arm GNU Toolchain arm-none-eabi/14.3 rel1/arm-none-eabi/include/c++/14.3.1/bits\stl_vector.h **** 	      _Vector_impl& _M_impl;
 274:C:/Program Files (x86)/Arm GNU Toolchain arm-none-eabi/14.3 rel1/arm-none-eabi/include/c++/14.3.1/bits\stl_vector.h **** 	      size_type _M_n;
 275:C:/Program Files (x86)/Arm GNU Toolchain arm-none-eabi/14.3 rel1/arm-none-eabi/include/c++/14.3.1/bits\stl_vector.h **** 	    };
 276:C:/Program Files (x86)/Arm GNU Toolchain arm-none-eabi/14.3 rel1/arm-none-eabi/include/c++/14.3.1/bits\stl_vector.h **** 	  };
 277:C:/Program Files (x86)/Arm GNU Toolchain arm-none-eabi/14.3 rel1/arm-none-eabi/include/c++/14.3.1/bits\stl_vector.h **** 
 278:C:/Program Files (x86)/Arm GNU Toolchain arm-none-eabi/14.3 rel1/arm-none-eabi/include/c++/14.3.1/bits\stl_vector.h **** #define _GLIBCXX_ASAN_ANNOTATE_REINIT \
 279:C:/Program Files (x86)/Arm GNU Toolchain arm-none-eabi/14.3 rel1/arm-none-eabi/include/c++/14.3.1/bits\stl_vector.h ****   typename _Base::_Vector_impl::template _Asan<>::_Reinit const \
 280:C:/Program Files (x86)/Arm GNU Toolchain arm-none-eabi/14.3 rel1/arm-none-eabi/include/c++/14.3.1/bits\stl_vector.h **** 	__attribute__((__unused__)) __reinit_guard(this->_M_impl)
 281:C:/Program Files (x86)/Arm GNU Toolchain arm-none-eabi/14.3 rel1/arm-none-eabi/include/c++/14.3.1/bits\stl_vector.h **** #define _GLIBCXX_ASAN_ANNOTATE_GROW(n) \
 282:C:/Program Files (x86)/Arm GNU Toolchain arm-none-eabi/14.3 rel1/arm-none-eabi/include/c++/14.3.1/bits\stl_vector.h ****   typename _Base::_Vector_impl::template _Asan<>::_Grow \
 283:C:/Program Files (x86)/Arm GNU Toolchain arm-none-eabi/14.3 rel1/arm-none-eabi/include/c++/14.3.1/bits\stl_vector.h **** 	__attribute__((__unused__)) __grow_guard(this->_M_impl, (n))
 284:C:/Program Files (x86)/Arm GNU Toolchain arm-none-eabi/14.3 rel1/arm-none-eabi/include/c++/14.3.1/bits\stl_vector.h **** #define _GLIBCXX_ASAN_ANNOTATE_GREW(n) __grow_guard._M_grew(n)
 285:C:/Program Files (x86)/Arm GNU Toolchain arm-none-eabi/14.3 rel1/arm-none-eabi/include/c++/14.3.1/bits\stl_vector.h **** #define _GLIBCXX_ASAN_ANNOTATE_SHRINK(n) \
 286:C:/Program Files (x86)/Arm GNU Toolchain arm-none-eabi/14.3 rel1/arm-none-eabi/include/c++/14.3.1/bits\stl_vector.h ****   _Base::_Vector_impl::template _Asan<>::_S_shrink(this->_M_impl, n)
 287:C:/Program Files (x86)/Arm GNU Toolchain arm-none-eabi/14.3 rel1/arm-none-eabi/include/c++/14.3.1/bits\stl_vector.h **** #define _GLIBCXX_ASAN_ANNOTATE_BEFORE_DEALLOC \
 288:C:/Program Files (x86)/Arm GNU Toolchain arm-none-eabi/14.3 rel1/arm-none-eabi/include/c++/14.3.1/bits\stl_vector.h ****   _Base::_Vector_impl::template _Asan<>::_S_on_dealloc(this->_M_impl)
 289:C:/Program Files (x86)/Arm GNU Toolchain arm-none-eabi/14.3 rel1/arm-none-eabi/include/c++/14.3.1/bits\stl_vector.h **** #else // ! (_GLIBCXX_SANITIZE_STD_ALLOCATOR && _GLIBCXX_SANITIZE_VECTOR)
 290:C:/Program Files (x86)/Arm GNU Toolchain arm-none-eabi/14.3 rel1/arm-none-eabi/include/c++/14.3.1/bits\stl_vector.h **** #define _GLIBCXX_ASAN_ANNOTATE_REINIT
 291:C:/Program Files (x86)/Arm GNU Toolchain arm-none-eabi/14.3 rel1/arm-none-eabi/include/c++/14.3.1/bits\stl_vector.h **** #define _GLIBCXX_ASAN_ANNOTATE_GROW(n)
 292:C:/Program Files (x86)/Arm GNU Toolchain arm-none-eabi/14.3 rel1/arm-none-eabi/include/c++/14.3.1/bits\stl_vector.h **** #define _GLIBCXX_ASAN_ANNOTATE_GREW(n)
 293:C:/Program Files (x86)/Arm GNU Toolchain arm-none-eabi/14.3 rel1/arm-none-eabi/include/c++/14.3.1/bits\stl_vector.h **** #define _GLIBCXX_ASAN_ANNOTATE_SHRINK(n)
 294:C:/Program Files (x86)/Arm GNU Toolchain arm-none-eabi/14.3 rel1/arm-none-eabi/include/c++/14.3.1/bits\stl_vector.h **** #define _GLIBCXX_ASAN_ANNOTATE_BEFORE_DEALLOC
 295:C:/Program Files (x86)/Arm GNU Toolchain arm-none-eabi/14.3 rel1/arm-none-eabi/include/c++/14.3.1/bits\stl_vector.h **** #endif // _GLIBCXX_SANITIZE_STD_ALLOCATOR && _GLIBCXX_SANITIZE_VECTOR
 296:C:/Program Files (x86)/Arm GNU Toolchain arm-none-eabi/14.3 rel1/arm-none-eabi/include/c++/14.3.1/bits\stl_vector.h ****       };
 297:C:/Program Files (x86)/Arm GNU Toolchain arm-none-eabi/14.3 rel1/arm-none-eabi/include/c++/14.3.1/bits\stl_vector.h **** 
 298:C:/Program Files (x86)/Arm GNU Toolchain arm-none-eabi/14.3 rel1/arm-none-eabi/include/c++/14.3.1/bits\stl_vector.h ****     public:
 299:C:/Program Files (x86)/Arm GNU Toolchain arm-none-eabi/14.3 rel1/arm-none-eabi/include/c++/14.3.1/bits\stl_vector.h ****       typedef _Alloc allocator_type;
ARM GAS  C:\Users\Oliver\AppData\Local\Temp\cclFZbsF.s 			page 10


 300:C:/Program Files (x86)/Arm GNU Toolchain arm-none-eabi/14.3 rel1/arm-none-eabi/include/c++/14.3.1/bits\stl_vector.h **** 
 301:C:/Program Files (x86)/Arm GNU Toolchain arm-none-eabi/14.3 rel1/arm-none-eabi/include/c++/14.3.1/bits\stl_vector.h ****       _GLIBCXX20_CONSTEXPR
 302:C:/Program Files (x86)/Arm GNU Toolchain arm-none-eabi/14.3 rel1/arm-none-eabi/include/c++/14.3.1/bits\stl_vector.h ****       _Tp_alloc_type&
 303:C:/Program Files (x86)/Arm GNU Toolchain arm-none-eabi/14.3 rel1/arm-none-eabi/include/c++/14.3.1/bits\stl_vector.h ****       _M_get_Tp_allocator() _GLIBCXX_NOEXCEPT
 304:C:/Program Files (x86)/Arm GNU Toolchain arm-none-eabi/14.3 rel1/arm-none-eabi/include/c++/14.3.1/bits\stl_vector.h ****       { return this->_M_impl; }
 305:C:/Program Files (x86)/Arm GNU Toolchain arm-none-eabi/14.3 rel1/arm-none-eabi/include/c++/14.3.1/bits\stl_vector.h **** 
 306:C:/Program Files (x86)/Arm GNU Toolchain arm-none-eabi/14.3 rel1/arm-none-eabi/include/c++/14.3.1/bits\stl_vector.h ****       _GLIBCXX20_CONSTEXPR
 307:C:/Program Files (x86)/Arm GNU Toolchain arm-none-eabi/14.3 rel1/arm-none-eabi/include/c++/14.3.1/bits\stl_vector.h ****       const _Tp_alloc_type&
 308:C:/Program Files (x86)/Arm GNU Toolchain arm-none-eabi/14.3 rel1/arm-none-eabi/include/c++/14.3.1/bits\stl_vector.h ****       _M_get_Tp_allocator() const _GLIBCXX_NOEXCEPT
 309:C:/Program Files (x86)/Arm GNU Toolchain arm-none-eabi/14.3 rel1/arm-none-eabi/include/c++/14.3.1/bits\stl_vector.h ****       { return this->_M_impl; }
 310:C:/Program Files (x86)/Arm GNU Toolchain arm-none-eabi/14.3 rel1/arm-none-eabi/include/c++/14.3.1/bits\stl_vector.h **** 
 311:C:/Program Files (x86)/Arm GNU Toolchain arm-none-eabi/14.3 rel1/arm-none-eabi/include/c++/14.3.1/bits\stl_vector.h ****       _GLIBCXX20_CONSTEXPR
 312:C:/Program Files (x86)/Arm GNU Toolchain arm-none-eabi/14.3 rel1/arm-none-eabi/include/c++/14.3.1/bits\stl_vector.h ****       allocator_type
 313:C:/Program Files (x86)/Arm GNU Toolchain arm-none-eabi/14.3 rel1/arm-none-eabi/include/c++/14.3.1/bits\stl_vector.h ****       get_allocator() const _GLIBCXX_NOEXCEPT
 314:C:/Program Files (x86)/Arm GNU Toolchain arm-none-eabi/14.3 rel1/arm-none-eabi/include/c++/14.3.1/bits\stl_vector.h ****       { return allocator_type(_M_get_Tp_allocator()); }
 315:C:/Program Files (x86)/Arm GNU Toolchain arm-none-eabi/14.3 rel1/arm-none-eabi/include/c++/14.3.1/bits\stl_vector.h **** 
 316:C:/Program Files (x86)/Arm GNU Toolchain arm-none-eabi/14.3 rel1/arm-none-eabi/include/c++/14.3.1/bits\stl_vector.h **** #if __cplusplus >= 201103L
 317:C:/Program Files (x86)/Arm GNU Toolchain arm-none-eabi/14.3 rel1/arm-none-eabi/include/c++/14.3.1/bits\stl_vector.h ****       _Vector_base() = default;
 318:C:/Program Files (x86)/Arm GNU Toolchain arm-none-eabi/14.3 rel1/arm-none-eabi/include/c++/14.3.1/bits\stl_vector.h **** #else
 319:C:/Program Files (x86)/Arm GNU Toolchain arm-none-eabi/14.3 rel1/arm-none-eabi/include/c++/14.3.1/bits\stl_vector.h ****       _Vector_base() { }
 320:C:/Program Files (x86)/Arm GNU Toolchain arm-none-eabi/14.3 rel1/arm-none-eabi/include/c++/14.3.1/bits\stl_vector.h **** #endif
 321:C:/Program Files (x86)/Arm GNU Toolchain arm-none-eabi/14.3 rel1/arm-none-eabi/include/c++/14.3.1/bits\stl_vector.h **** 
 322:C:/Program Files (x86)/Arm GNU Toolchain arm-none-eabi/14.3 rel1/arm-none-eabi/include/c++/14.3.1/bits\stl_vector.h ****       _GLIBCXX20_CONSTEXPR
 323:C:/Program Files (x86)/Arm GNU Toolchain arm-none-eabi/14.3 rel1/arm-none-eabi/include/c++/14.3.1/bits\stl_vector.h ****       _Vector_base(const allocator_type& __a) _GLIBCXX_NOEXCEPT
 324:C:/Program Files (x86)/Arm GNU Toolchain arm-none-eabi/14.3 rel1/arm-none-eabi/include/c++/14.3.1/bits\stl_vector.h ****       : _M_impl(__a) { }
 325:C:/Program Files (x86)/Arm GNU Toolchain arm-none-eabi/14.3 rel1/arm-none-eabi/include/c++/14.3.1/bits\stl_vector.h **** 
 326:C:/Program Files (x86)/Arm GNU Toolchain arm-none-eabi/14.3 rel1/arm-none-eabi/include/c++/14.3.1/bits\stl_vector.h ****       // Kept for ABI compatibility.
 327:C:/Program Files (x86)/Arm GNU Toolchain arm-none-eabi/14.3 rel1/arm-none-eabi/include/c++/14.3.1/bits\stl_vector.h **** #if !_GLIBCXX_INLINE_VERSION
 328:C:/Program Files (x86)/Arm GNU Toolchain arm-none-eabi/14.3 rel1/arm-none-eabi/include/c++/14.3.1/bits\stl_vector.h ****       _GLIBCXX20_CONSTEXPR
 329:C:/Program Files (x86)/Arm GNU Toolchain arm-none-eabi/14.3 rel1/arm-none-eabi/include/c++/14.3.1/bits\stl_vector.h ****       _Vector_base(size_t __n)
 330:C:/Program Files (x86)/Arm GNU Toolchain arm-none-eabi/14.3 rel1/arm-none-eabi/include/c++/14.3.1/bits\stl_vector.h ****       : _M_impl()
 331:C:/Program Files (x86)/Arm GNU Toolchain arm-none-eabi/14.3 rel1/arm-none-eabi/include/c++/14.3.1/bits\stl_vector.h ****       { _M_create_storage(__n); }
 332:C:/Program Files (x86)/Arm GNU Toolchain arm-none-eabi/14.3 rel1/arm-none-eabi/include/c++/14.3.1/bits\stl_vector.h **** #endif
 333:C:/Program Files (x86)/Arm GNU Toolchain arm-none-eabi/14.3 rel1/arm-none-eabi/include/c++/14.3.1/bits\stl_vector.h **** 
 334:C:/Program Files (x86)/Arm GNU Toolchain arm-none-eabi/14.3 rel1/arm-none-eabi/include/c++/14.3.1/bits\stl_vector.h ****       _GLIBCXX20_CONSTEXPR
 335:C:/Program Files (x86)/Arm GNU Toolchain arm-none-eabi/14.3 rel1/arm-none-eabi/include/c++/14.3.1/bits\stl_vector.h ****       _Vector_base(size_t __n, const allocator_type& __a)
 336:C:/Program Files (x86)/Arm GNU Toolchain arm-none-eabi/14.3 rel1/arm-none-eabi/include/c++/14.3.1/bits\stl_vector.h ****       : _M_impl(__a)
 337:C:/Program Files (x86)/Arm GNU Toolchain arm-none-eabi/14.3 rel1/arm-none-eabi/include/c++/14.3.1/bits\stl_vector.h ****       { _M_create_storage(__n); }
 338:C:/Program Files (x86)/Arm GNU Toolchain arm-none-eabi/14.3 rel1/arm-none-eabi/include/c++/14.3.1/bits\stl_vector.h **** 
 339:C:/Program Files (x86)/Arm GNU Toolchain arm-none-eabi/14.3 rel1/arm-none-eabi/include/c++/14.3.1/bits\stl_vector.h **** #if __cplusplus >= 201103L
 340:C:/Program Files (x86)/Arm GNU Toolchain arm-none-eabi/14.3 rel1/arm-none-eabi/include/c++/14.3.1/bits\stl_vector.h ****       _Vector_base(_Vector_base&&) = default;
 341:C:/Program Files (x86)/Arm GNU Toolchain arm-none-eabi/14.3 rel1/arm-none-eabi/include/c++/14.3.1/bits\stl_vector.h **** 
 342:C:/Program Files (x86)/Arm GNU Toolchain arm-none-eabi/14.3 rel1/arm-none-eabi/include/c++/14.3.1/bits\stl_vector.h ****       // Kept for ABI compatibility.
 343:C:/Program Files (x86)/Arm GNU Toolchain arm-none-eabi/14.3 rel1/arm-none-eabi/include/c++/14.3.1/bits\stl_vector.h **** # if !_GLIBCXX_INLINE_VERSION
 344:C:/Program Files (x86)/Arm GNU Toolchain arm-none-eabi/14.3 rel1/arm-none-eabi/include/c++/14.3.1/bits\stl_vector.h ****       _GLIBCXX20_CONSTEXPR
 345:C:/Program Files (x86)/Arm GNU Toolchain arm-none-eabi/14.3 rel1/arm-none-eabi/include/c++/14.3.1/bits\stl_vector.h ****       _Vector_base(_Tp_alloc_type&& __a) noexcept
 346:C:/Program Files (x86)/Arm GNU Toolchain arm-none-eabi/14.3 rel1/arm-none-eabi/include/c++/14.3.1/bits\stl_vector.h ****       : _M_impl(std::move(__a)) { }
 347:C:/Program Files (x86)/Arm GNU Toolchain arm-none-eabi/14.3 rel1/arm-none-eabi/include/c++/14.3.1/bits\stl_vector.h **** 
 348:C:/Program Files (x86)/Arm GNU Toolchain arm-none-eabi/14.3 rel1/arm-none-eabi/include/c++/14.3.1/bits\stl_vector.h ****       _GLIBCXX20_CONSTEXPR
 349:C:/Program Files (x86)/Arm GNU Toolchain arm-none-eabi/14.3 rel1/arm-none-eabi/include/c++/14.3.1/bits\stl_vector.h ****       _Vector_base(_Vector_base&& __x, const allocator_type& __a)
 350:C:/Program Files (x86)/Arm GNU Toolchain arm-none-eabi/14.3 rel1/arm-none-eabi/include/c++/14.3.1/bits\stl_vector.h ****       : _M_impl(__a)
 351:C:/Program Files (x86)/Arm GNU Toolchain arm-none-eabi/14.3 rel1/arm-none-eabi/include/c++/14.3.1/bits\stl_vector.h ****       {
 352:C:/Program Files (x86)/Arm GNU Toolchain arm-none-eabi/14.3 rel1/arm-none-eabi/include/c++/14.3.1/bits\stl_vector.h **** 	if (__x.get_allocator() == __a)
 353:C:/Program Files (x86)/Arm GNU Toolchain arm-none-eabi/14.3 rel1/arm-none-eabi/include/c++/14.3.1/bits\stl_vector.h **** 	  this->_M_impl._M_swap_data(__x._M_impl);
 354:C:/Program Files (x86)/Arm GNU Toolchain arm-none-eabi/14.3 rel1/arm-none-eabi/include/c++/14.3.1/bits\stl_vector.h **** 	else
 355:C:/Program Files (x86)/Arm GNU Toolchain arm-none-eabi/14.3 rel1/arm-none-eabi/include/c++/14.3.1/bits\stl_vector.h **** 	  {
 356:C:/Program Files (x86)/Arm GNU Toolchain arm-none-eabi/14.3 rel1/arm-none-eabi/include/c++/14.3.1/bits\stl_vector.h **** 	    size_t __n = __x._M_impl._M_finish - __x._M_impl._M_start;
ARM GAS  C:\Users\Oliver\AppData\Local\Temp\cclFZbsF.s 			page 11


 357:C:/Program Files (x86)/Arm GNU Toolchain arm-none-eabi/14.3 rel1/arm-none-eabi/include/c++/14.3.1/bits\stl_vector.h **** 	    _M_create_storage(__n);
 358:C:/Program Files (x86)/Arm GNU Toolchain arm-none-eabi/14.3 rel1/arm-none-eabi/include/c++/14.3.1/bits\stl_vector.h **** 	  }
 359:C:/Program Files (x86)/Arm GNU Toolchain arm-none-eabi/14.3 rel1/arm-none-eabi/include/c++/14.3.1/bits\stl_vector.h ****       }
 360:C:/Program Files (x86)/Arm GNU Toolchain arm-none-eabi/14.3 rel1/arm-none-eabi/include/c++/14.3.1/bits\stl_vector.h **** # endif
 361:C:/Program Files (x86)/Arm GNU Toolchain arm-none-eabi/14.3 rel1/arm-none-eabi/include/c++/14.3.1/bits\stl_vector.h **** 
 362:C:/Program Files (x86)/Arm GNU Toolchain arm-none-eabi/14.3 rel1/arm-none-eabi/include/c++/14.3.1/bits\stl_vector.h ****       _GLIBCXX20_CONSTEXPR
 363:C:/Program Files (x86)/Arm GNU Toolchain arm-none-eabi/14.3 rel1/arm-none-eabi/include/c++/14.3.1/bits\stl_vector.h ****       _Vector_base(const allocator_type& __a, _Vector_base&& __x)
 364:C:/Program Files (x86)/Arm GNU Toolchain arm-none-eabi/14.3 rel1/arm-none-eabi/include/c++/14.3.1/bits\stl_vector.h ****       : _M_impl(_Tp_alloc_type(__a), std::move(__x._M_impl))
 365:C:/Program Files (x86)/Arm GNU Toolchain arm-none-eabi/14.3 rel1/arm-none-eabi/include/c++/14.3.1/bits\stl_vector.h ****       { }
 366:C:/Program Files (x86)/Arm GNU Toolchain arm-none-eabi/14.3 rel1/arm-none-eabi/include/c++/14.3.1/bits\stl_vector.h **** #endif
 367:C:/Program Files (x86)/Arm GNU Toolchain arm-none-eabi/14.3 rel1/arm-none-eabi/include/c++/14.3.1/bits\stl_vector.h **** 
 368:C:/Program Files (x86)/Arm GNU Toolchain arm-none-eabi/14.3 rel1/arm-none-eabi/include/c++/14.3.1/bits\stl_vector.h ****       _GLIBCXX20_CONSTEXPR
 369:C:/Program Files (x86)/Arm GNU Toolchain arm-none-eabi/14.3 rel1/arm-none-eabi/include/c++/14.3.1/bits\stl_vector.h ****       ~_Vector_base() _GLIBCXX_NOEXCEPT
 370:C:/Program Files (x86)/Arm GNU Toolchain arm-none-eabi/14.3 rel1/arm-none-eabi/include/c++/14.3.1/bits\stl_vector.h ****       {
 371:C:/Program Files (x86)/Arm GNU Toolchain arm-none-eabi/14.3 rel1/arm-none-eabi/include/c++/14.3.1/bits\stl_vector.h **** 	_M_deallocate(_M_impl._M_start,
 372:C:/Program Files (x86)/Arm GNU Toolchain arm-none-eabi/14.3 rel1/arm-none-eabi/include/c++/14.3.1/bits\stl_vector.h **** 		      _M_impl._M_end_of_storage - _M_impl._M_start);
 373:C:/Program Files (x86)/Arm GNU Toolchain arm-none-eabi/14.3 rel1/arm-none-eabi/include/c++/14.3.1/bits\stl_vector.h ****       }
 374:C:/Program Files (x86)/Arm GNU Toolchain arm-none-eabi/14.3 rel1/arm-none-eabi/include/c++/14.3.1/bits\stl_vector.h **** 
 375:C:/Program Files (x86)/Arm GNU Toolchain arm-none-eabi/14.3 rel1/arm-none-eabi/include/c++/14.3.1/bits\stl_vector.h ****     public:
 376:C:/Program Files (x86)/Arm GNU Toolchain arm-none-eabi/14.3 rel1/arm-none-eabi/include/c++/14.3.1/bits\stl_vector.h ****       _Vector_impl _M_impl;
 377:C:/Program Files (x86)/Arm GNU Toolchain arm-none-eabi/14.3 rel1/arm-none-eabi/include/c++/14.3.1/bits\stl_vector.h **** 
 378:C:/Program Files (x86)/Arm GNU Toolchain arm-none-eabi/14.3 rel1/arm-none-eabi/include/c++/14.3.1/bits\stl_vector.h ****       _GLIBCXX20_CONSTEXPR
 379:C:/Program Files (x86)/Arm GNU Toolchain arm-none-eabi/14.3 rel1/arm-none-eabi/include/c++/14.3.1/bits\stl_vector.h ****       pointer
 380:C:/Program Files (x86)/Arm GNU Toolchain arm-none-eabi/14.3 rel1/arm-none-eabi/include/c++/14.3.1/bits\stl_vector.h ****       _M_allocate(size_t __n)
 381:C:/Program Files (x86)/Arm GNU Toolchain arm-none-eabi/14.3 rel1/arm-none-eabi/include/c++/14.3.1/bits\stl_vector.h ****       {
 382:C:/Program Files (x86)/Arm GNU Toolchain arm-none-eabi/14.3 rel1/arm-none-eabi/include/c++/14.3.1/bits\stl_vector.h **** 	typedef __gnu_cxx::__alloc_traits<_Tp_alloc_type> _Tr;
 383:C:/Program Files (x86)/Arm GNU Toolchain arm-none-eabi/14.3 rel1/arm-none-eabi/include/c++/14.3.1/bits\stl_vector.h **** 	return __n != 0 ? _Tr::allocate(_M_impl, __n) : pointer();
 384:C:/Program Files (x86)/Arm GNU Toolchain arm-none-eabi/14.3 rel1/arm-none-eabi/include/c++/14.3.1/bits\stl_vector.h ****       }
 385:C:/Program Files (x86)/Arm GNU Toolchain arm-none-eabi/14.3 rel1/arm-none-eabi/include/c++/14.3.1/bits\stl_vector.h **** 
 386:C:/Program Files (x86)/Arm GNU Toolchain arm-none-eabi/14.3 rel1/arm-none-eabi/include/c++/14.3.1/bits\stl_vector.h ****       _GLIBCXX20_CONSTEXPR
 387:C:/Program Files (x86)/Arm GNU Toolchain arm-none-eabi/14.3 rel1/arm-none-eabi/include/c++/14.3.1/bits\stl_vector.h ****       void
 388:C:/Program Files (x86)/Arm GNU Toolchain arm-none-eabi/14.3 rel1/arm-none-eabi/include/c++/14.3.1/bits\stl_vector.h ****       _M_deallocate(pointer __p, size_t __n)
 389:C:/Program Files (x86)/Arm GNU Toolchain arm-none-eabi/14.3 rel1/arm-none-eabi/include/c++/14.3.1/bits\stl_vector.h ****       {
 390:C:/Program Files (x86)/Arm GNU Toolchain arm-none-eabi/14.3 rel1/arm-none-eabi/include/c++/14.3.1/bits\stl_vector.h **** 	typedef __gnu_cxx::__alloc_traits<_Tp_alloc_type> _Tr;
 391:C:/Program Files (x86)/Arm GNU Toolchain arm-none-eabi/14.3 rel1/arm-none-eabi/include/c++/14.3.1/bits\stl_vector.h **** 	if (__p)
 392:C:/Program Files (x86)/Arm GNU Toolchain arm-none-eabi/14.3 rel1/arm-none-eabi/include/c++/14.3.1/bits\stl_vector.h **** 	  _Tr::deallocate(_M_impl, __p, __n);
 393:C:/Program Files (x86)/Arm GNU Toolchain arm-none-eabi/14.3 rel1/arm-none-eabi/include/c++/14.3.1/bits\stl_vector.h ****       }
 394:C:/Program Files (x86)/Arm GNU Toolchain arm-none-eabi/14.3 rel1/arm-none-eabi/include/c++/14.3.1/bits\stl_vector.h **** 
 395:C:/Program Files (x86)/Arm GNU Toolchain arm-none-eabi/14.3 rel1/arm-none-eabi/include/c++/14.3.1/bits\stl_vector.h ****     protected:
 396:C:/Program Files (x86)/Arm GNU Toolchain arm-none-eabi/14.3 rel1/arm-none-eabi/include/c++/14.3.1/bits\stl_vector.h **** 
 397:C:/Program Files (x86)/Arm GNU Toolchain arm-none-eabi/14.3 rel1/arm-none-eabi/include/c++/14.3.1/bits\stl_vector.h ****       _GLIBCXX20_CONSTEXPR
 398:C:/Program Files (x86)/Arm GNU Toolchain arm-none-eabi/14.3 rel1/arm-none-eabi/include/c++/14.3.1/bits\stl_vector.h ****       void
 399:C:/Program Files (x86)/Arm GNU Toolchain arm-none-eabi/14.3 rel1/arm-none-eabi/include/c++/14.3.1/bits\stl_vector.h ****       _M_create_storage(size_t __n)
 400:C:/Program Files (x86)/Arm GNU Toolchain arm-none-eabi/14.3 rel1/arm-none-eabi/include/c++/14.3.1/bits\stl_vector.h ****       {
 401:C:/Program Files (x86)/Arm GNU Toolchain arm-none-eabi/14.3 rel1/arm-none-eabi/include/c++/14.3.1/bits\stl_vector.h **** 	this->_M_impl._M_start = this->_M_allocate(__n);
 402:C:/Program Files (x86)/Arm GNU Toolchain arm-none-eabi/14.3 rel1/arm-none-eabi/include/c++/14.3.1/bits\stl_vector.h **** 	this->_M_impl._M_finish = this->_M_impl._M_start;
 403:C:/Program Files (x86)/Arm GNU Toolchain arm-none-eabi/14.3 rel1/arm-none-eabi/include/c++/14.3.1/bits\stl_vector.h **** 	this->_M_impl._M_end_of_storage = this->_M_impl._M_start + __n;
 404:C:/Program Files (x86)/Arm GNU Toolchain arm-none-eabi/14.3 rel1/arm-none-eabi/include/c++/14.3.1/bits\stl_vector.h ****       }
 405:C:/Program Files (x86)/Arm GNU Toolchain arm-none-eabi/14.3 rel1/arm-none-eabi/include/c++/14.3.1/bits\stl_vector.h ****     };
 406:C:/Program Files (x86)/Arm GNU Toolchain arm-none-eabi/14.3 rel1/arm-none-eabi/include/c++/14.3.1/bits\stl_vector.h **** 
 407:C:/Program Files (x86)/Arm GNU Toolchain arm-none-eabi/14.3 rel1/arm-none-eabi/include/c++/14.3.1/bits\stl_vector.h ****   /**
 408:C:/Program Files (x86)/Arm GNU Toolchain arm-none-eabi/14.3 rel1/arm-none-eabi/include/c++/14.3.1/bits\stl_vector.h ****    *  @brief A standard container which offers fixed time access to
 409:C:/Program Files (x86)/Arm GNU Toolchain arm-none-eabi/14.3 rel1/arm-none-eabi/include/c++/14.3.1/bits\stl_vector.h ****    *  individual elements in any order.
 410:C:/Program Files (x86)/Arm GNU Toolchain arm-none-eabi/14.3 rel1/arm-none-eabi/include/c++/14.3.1/bits\stl_vector.h ****    *
 411:C:/Program Files (x86)/Arm GNU Toolchain arm-none-eabi/14.3 rel1/arm-none-eabi/include/c++/14.3.1/bits\stl_vector.h ****    *  @ingroup sequences
 412:C:/Program Files (x86)/Arm GNU Toolchain arm-none-eabi/14.3 rel1/arm-none-eabi/include/c++/14.3.1/bits\stl_vector.h ****    *  @headerfile vector
 413:C:/Program Files (x86)/Arm GNU Toolchain arm-none-eabi/14.3 rel1/arm-none-eabi/include/c++/14.3.1/bits\stl_vector.h ****    *  @since C++98
ARM GAS  C:\Users\Oliver\AppData\Local\Temp\cclFZbsF.s 			page 12


 414:C:/Program Files (x86)/Arm GNU Toolchain arm-none-eabi/14.3 rel1/arm-none-eabi/include/c++/14.3.1/bits\stl_vector.h ****    *
 415:C:/Program Files (x86)/Arm GNU Toolchain arm-none-eabi/14.3 rel1/arm-none-eabi/include/c++/14.3.1/bits\stl_vector.h ****    *  @tparam _Tp  Type of element.
 416:C:/Program Files (x86)/Arm GNU Toolchain arm-none-eabi/14.3 rel1/arm-none-eabi/include/c++/14.3.1/bits\stl_vector.h ****    *  @tparam _Alloc  Allocator type, defaults to allocator<_Tp>.
 417:C:/Program Files (x86)/Arm GNU Toolchain arm-none-eabi/14.3 rel1/arm-none-eabi/include/c++/14.3.1/bits\stl_vector.h ****    *
 418:C:/Program Files (x86)/Arm GNU Toolchain arm-none-eabi/14.3 rel1/arm-none-eabi/include/c++/14.3.1/bits\stl_vector.h ****    *  Meets the requirements of a <a href="tables.html#65">container</a>, a
 419:C:/Program Files (x86)/Arm GNU Toolchain arm-none-eabi/14.3 rel1/arm-none-eabi/include/c++/14.3.1/bits\stl_vector.h ****    *  <a href="tables.html#66">reversible container</a>, and a
 420:C:/Program Files (x86)/Arm GNU Toolchain arm-none-eabi/14.3 rel1/arm-none-eabi/include/c++/14.3.1/bits\stl_vector.h ****    *  <a href="tables.html#67">sequence</a>, including the
 421:C:/Program Files (x86)/Arm GNU Toolchain arm-none-eabi/14.3 rel1/arm-none-eabi/include/c++/14.3.1/bits\stl_vector.h ****    *  <a href="tables.html#68">optional sequence requirements</a> with the
 422:C:/Program Files (x86)/Arm GNU Toolchain arm-none-eabi/14.3 rel1/arm-none-eabi/include/c++/14.3.1/bits\stl_vector.h ****    *  %exception of @c push_front and @c pop_front.
 423:C:/Program Files (x86)/Arm GNU Toolchain arm-none-eabi/14.3 rel1/arm-none-eabi/include/c++/14.3.1/bits\stl_vector.h ****    *
 424:C:/Program Files (x86)/Arm GNU Toolchain arm-none-eabi/14.3 rel1/arm-none-eabi/include/c++/14.3.1/bits\stl_vector.h ****    *  In some terminology a %vector can be described as a dynamic
 425:C:/Program Files (x86)/Arm GNU Toolchain arm-none-eabi/14.3 rel1/arm-none-eabi/include/c++/14.3.1/bits\stl_vector.h ****    *  C-style array, it offers fast and efficient access to individual
 426:C:/Program Files (x86)/Arm GNU Toolchain arm-none-eabi/14.3 rel1/arm-none-eabi/include/c++/14.3.1/bits\stl_vector.h ****    *  elements in any order and saves the user from worrying about
 427:C:/Program Files (x86)/Arm GNU Toolchain arm-none-eabi/14.3 rel1/arm-none-eabi/include/c++/14.3.1/bits\stl_vector.h ****    *  memory and size allocation.  Subscripting ( @c [] ) access is
 428:C:/Program Files (x86)/Arm GNU Toolchain arm-none-eabi/14.3 rel1/arm-none-eabi/include/c++/14.3.1/bits\stl_vector.h ****    *  also provided as with C-style arrays.
 429:C:/Program Files (x86)/Arm GNU Toolchain arm-none-eabi/14.3 rel1/arm-none-eabi/include/c++/14.3.1/bits\stl_vector.h ****   */
 430:C:/Program Files (x86)/Arm GNU Toolchain arm-none-eabi/14.3 rel1/arm-none-eabi/include/c++/14.3.1/bits\stl_vector.h ****   template<typename _Tp, typename _Alloc = std::allocator<_Tp> >
 431:C:/Program Files (x86)/Arm GNU Toolchain arm-none-eabi/14.3 rel1/arm-none-eabi/include/c++/14.3.1/bits\stl_vector.h ****     class vector : protected _Vector_base<_Tp, _Alloc>
 432:C:/Program Files (x86)/Arm GNU Toolchain arm-none-eabi/14.3 rel1/arm-none-eabi/include/c++/14.3.1/bits\stl_vector.h ****     {
 433:C:/Program Files (x86)/Arm GNU Toolchain arm-none-eabi/14.3 rel1/arm-none-eabi/include/c++/14.3.1/bits\stl_vector.h **** #ifdef _GLIBCXX_CONCEPT_CHECKS
 434:C:/Program Files (x86)/Arm GNU Toolchain arm-none-eabi/14.3 rel1/arm-none-eabi/include/c++/14.3.1/bits\stl_vector.h ****       // Concept requirements.
 435:C:/Program Files (x86)/Arm GNU Toolchain arm-none-eabi/14.3 rel1/arm-none-eabi/include/c++/14.3.1/bits\stl_vector.h ****       typedef typename _Alloc::value_type		_Alloc_value_type;
 436:C:/Program Files (x86)/Arm GNU Toolchain arm-none-eabi/14.3 rel1/arm-none-eabi/include/c++/14.3.1/bits\stl_vector.h **** # if __cplusplus < 201103L
 437:C:/Program Files (x86)/Arm GNU Toolchain arm-none-eabi/14.3 rel1/arm-none-eabi/include/c++/14.3.1/bits\stl_vector.h ****       __glibcxx_class_requires(_Tp, _SGIAssignableConcept)
 438:C:/Program Files (x86)/Arm GNU Toolchain arm-none-eabi/14.3 rel1/arm-none-eabi/include/c++/14.3.1/bits\stl_vector.h **** # endif
 439:C:/Program Files (x86)/Arm GNU Toolchain arm-none-eabi/14.3 rel1/arm-none-eabi/include/c++/14.3.1/bits\stl_vector.h ****       __glibcxx_class_requires2(_Tp, _Alloc_value_type, _SameTypeConcept)
 440:C:/Program Files (x86)/Arm GNU Toolchain arm-none-eabi/14.3 rel1/arm-none-eabi/include/c++/14.3.1/bits\stl_vector.h **** #endif
 441:C:/Program Files (x86)/Arm GNU Toolchain arm-none-eabi/14.3 rel1/arm-none-eabi/include/c++/14.3.1/bits\stl_vector.h **** 
 442:C:/Program Files (x86)/Arm GNU Toolchain arm-none-eabi/14.3 rel1/arm-none-eabi/include/c++/14.3.1/bits\stl_vector.h **** #if __cplusplus >= 201103L
 443:C:/Program Files (x86)/Arm GNU Toolchain arm-none-eabi/14.3 rel1/arm-none-eabi/include/c++/14.3.1/bits\stl_vector.h ****       static_assert(is_same<typename remove_cv<_Tp>::type, _Tp>::value,
 444:C:/Program Files (x86)/Arm GNU Toolchain arm-none-eabi/14.3 rel1/arm-none-eabi/include/c++/14.3.1/bits\stl_vector.h **** 	  "std::vector must have a non-const, non-volatile value_type");
 445:C:/Program Files (x86)/Arm GNU Toolchain arm-none-eabi/14.3 rel1/arm-none-eabi/include/c++/14.3.1/bits\stl_vector.h **** # if __cplusplus > 201703L || defined __STRICT_ANSI__
 446:C:/Program Files (x86)/Arm GNU Toolchain arm-none-eabi/14.3 rel1/arm-none-eabi/include/c++/14.3.1/bits\stl_vector.h ****       static_assert(is_same<typename _Alloc::value_type, _Tp>::value,
 447:C:/Program Files (x86)/Arm GNU Toolchain arm-none-eabi/14.3 rel1/arm-none-eabi/include/c++/14.3.1/bits\stl_vector.h **** 	  "std::vector must have the same value_type as its allocator");
 448:C:/Program Files (x86)/Arm GNU Toolchain arm-none-eabi/14.3 rel1/arm-none-eabi/include/c++/14.3.1/bits\stl_vector.h **** # endif
 449:C:/Program Files (x86)/Arm GNU Toolchain arm-none-eabi/14.3 rel1/arm-none-eabi/include/c++/14.3.1/bits\stl_vector.h **** #endif
 450:C:/Program Files (x86)/Arm GNU Toolchain arm-none-eabi/14.3 rel1/arm-none-eabi/include/c++/14.3.1/bits\stl_vector.h **** 
 451:C:/Program Files (x86)/Arm GNU Toolchain arm-none-eabi/14.3 rel1/arm-none-eabi/include/c++/14.3.1/bits\stl_vector.h ****       typedef _Vector_base<_Tp, _Alloc>			_Base;
 452:C:/Program Files (x86)/Arm GNU Toolchain arm-none-eabi/14.3 rel1/arm-none-eabi/include/c++/14.3.1/bits\stl_vector.h ****       typedef typename _Base::_Tp_alloc_type		_Tp_alloc_type;
 453:C:/Program Files (x86)/Arm GNU Toolchain arm-none-eabi/14.3 rel1/arm-none-eabi/include/c++/14.3.1/bits\stl_vector.h ****       typedef __gnu_cxx::__alloc_traits<_Tp_alloc_type>	_Alloc_traits;
 454:C:/Program Files (x86)/Arm GNU Toolchain arm-none-eabi/14.3 rel1/arm-none-eabi/include/c++/14.3.1/bits\stl_vector.h **** 
 455:C:/Program Files (x86)/Arm GNU Toolchain arm-none-eabi/14.3 rel1/arm-none-eabi/include/c++/14.3.1/bits\stl_vector.h ****     public:
 456:C:/Program Files (x86)/Arm GNU Toolchain arm-none-eabi/14.3 rel1/arm-none-eabi/include/c++/14.3.1/bits\stl_vector.h ****       typedef _Tp					value_type;
 457:C:/Program Files (x86)/Arm GNU Toolchain arm-none-eabi/14.3 rel1/arm-none-eabi/include/c++/14.3.1/bits\stl_vector.h ****       typedef typename _Base::pointer			pointer;
 458:C:/Program Files (x86)/Arm GNU Toolchain arm-none-eabi/14.3 rel1/arm-none-eabi/include/c++/14.3.1/bits\stl_vector.h ****       typedef typename _Alloc_traits::const_pointer	const_pointer;
 459:C:/Program Files (x86)/Arm GNU Toolchain arm-none-eabi/14.3 rel1/arm-none-eabi/include/c++/14.3.1/bits\stl_vector.h ****       typedef typename _Alloc_traits::reference		reference;
 460:C:/Program Files (x86)/Arm GNU Toolchain arm-none-eabi/14.3 rel1/arm-none-eabi/include/c++/14.3.1/bits\stl_vector.h ****       typedef typename _Alloc_traits::const_reference	const_reference;
 461:C:/Program Files (x86)/Arm GNU Toolchain arm-none-eabi/14.3 rel1/arm-none-eabi/include/c++/14.3.1/bits\stl_vector.h ****       typedef __gnu_cxx::__normal_iterator<pointer, vector> iterator;
 462:C:/Program Files (x86)/Arm GNU Toolchain arm-none-eabi/14.3 rel1/arm-none-eabi/include/c++/14.3.1/bits\stl_vector.h ****       typedef __gnu_cxx::__normal_iterator<const_pointer, vector>
 463:C:/Program Files (x86)/Arm GNU Toolchain arm-none-eabi/14.3 rel1/arm-none-eabi/include/c++/14.3.1/bits\stl_vector.h ****       const_iterator;
 464:C:/Program Files (x86)/Arm GNU Toolchain arm-none-eabi/14.3 rel1/arm-none-eabi/include/c++/14.3.1/bits\stl_vector.h ****       typedef std::reverse_iterator<const_iterator>	const_reverse_iterator;
 465:C:/Program Files (x86)/Arm GNU Toolchain arm-none-eabi/14.3 rel1/arm-none-eabi/include/c++/14.3.1/bits\stl_vector.h ****       typedef std::reverse_iterator<iterator>		reverse_iterator;
 466:C:/Program Files (x86)/Arm GNU Toolchain arm-none-eabi/14.3 rel1/arm-none-eabi/include/c++/14.3.1/bits\stl_vector.h ****       typedef size_t					size_type;
 467:C:/Program Files (x86)/Arm GNU Toolchain arm-none-eabi/14.3 rel1/arm-none-eabi/include/c++/14.3.1/bits\stl_vector.h ****       typedef ptrdiff_t					difference_type;
 468:C:/Program Files (x86)/Arm GNU Toolchain arm-none-eabi/14.3 rel1/arm-none-eabi/include/c++/14.3.1/bits\stl_vector.h ****       typedef _Alloc					allocator_type;
 469:C:/Program Files (x86)/Arm GNU Toolchain arm-none-eabi/14.3 rel1/arm-none-eabi/include/c++/14.3.1/bits\stl_vector.h **** 
 470:C:/Program Files (x86)/Arm GNU Toolchain arm-none-eabi/14.3 rel1/arm-none-eabi/include/c++/14.3.1/bits\stl_vector.h ****     private:
ARM GAS  C:\Users\Oliver\AppData\Local\Temp\cclFZbsF.s 			page 13


 471:C:/Program Files (x86)/Arm GNU Toolchain arm-none-eabi/14.3 rel1/arm-none-eabi/include/c++/14.3.1/bits\stl_vector.h **** #if __cplusplus >= 201103L
 472:C:/Program Files (x86)/Arm GNU Toolchain arm-none-eabi/14.3 rel1/arm-none-eabi/include/c++/14.3.1/bits\stl_vector.h ****       static constexpr bool
 473:C:/Program Files (x86)/Arm GNU Toolchain arm-none-eabi/14.3 rel1/arm-none-eabi/include/c++/14.3.1/bits\stl_vector.h ****       _S_nothrow_relocate(true_type)
 474:C:/Program Files (x86)/Arm GNU Toolchain arm-none-eabi/14.3 rel1/arm-none-eabi/include/c++/14.3.1/bits\stl_vector.h ****       {
 475:C:/Program Files (x86)/Arm GNU Toolchain arm-none-eabi/14.3 rel1/arm-none-eabi/include/c++/14.3.1/bits\stl_vector.h **** 	return noexcept(std::__relocate_a(std::declval<pointer>(),
 476:C:/Program Files (x86)/Arm GNU Toolchain arm-none-eabi/14.3 rel1/arm-none-eabi/include/c++/14.3.1/bits\stl_vector.h **** 					  std::declval<pointer>(),
 477:C:/Program Files (x86)/Arm GNU Toolchain arm-none-eabi/14.3 rel1/arm-none-eabi/include/c++/14.3.1/bits\stl_vector.h **** 					  std::declval<pointer>(),
 478:C:/Program Files (x86)/Arm GNU Toolchain arm-none-eabi/14.3 rel1/arm-none-eabi/include/c++/14.3.1/bits\stl_vector.h **** 					  std::declval<_Tp_alloc_type&>()));
 479:C:/Program Files (x86)/Arm GNU Toolchain arm-none-eabi/14.3 rel1/arm-none-eabi/include/c++/14.3.1/bits\stl_vector.h ****       }
 480:C:/Program Files (x86)/Arm GNU Toolchain arm-none-eabi/14.3 rel1/arm-none-eabi/include/c++/14.3.1/bits\stl_vector.h **** 
 481:C:/Program Files (x86)/Arm GNU Toolchain arm-none-eabi/14.3 rel1/arm-none-eabi/include/c++/14.3.1/bits\stl_vector.h ****       static constexpr bool
 482:C:/Program Files (x86)/Arm GNU Toolchain arm-none-eabi/14.3 rel1/arm-none-eabi/include/c++/14.3.1/bits\stl_vector.h ****       _S_nothrow_relocate(false_type)
 483:C:/Program Files (x86)/Arm GNU Toolchain arm-none-eabi/14.3 rel1/arm-none-eabi/include/c++/14.3.1/bits\stl_vector.h ****       { return false; }
 484:C:/Program Files (x86)/Arm GNU Toolchain arm-none-eabi/14.3 rel1/arm-none-eabi/include/c++/14.3.1/bits\stl_vector.h **** 
 485:C:/Program Files (x86)/Arm GNU Toolchain arm-none-eabi/14.3 rel1/arm-none-eabi/include/c++/14.3.1/bits\stl_vector.h ****       static constexpr bool
 486:C:/Program Files (x86)/Arm GNU Toolchain arm-none-eabi/14.3 rel1/arm-none-eabi/include/c++/14.3.1/bits\stl_vector.h ****       _S_use_relocate()
 487:C:/Program Files (x86)/Arm GNU Toolchain arm-none-eabi/14.3 rel1/arm-none-eabi/include/c++/14.3.1/bits\stl_vector.h ****       {
 488:C:/Program Files (x86)/Arm GNU Toolchain arm-none-eabi/14.3 rel1/arm-none-eabi/include/c++/14.3.1/bits\stl_vector.h **** 	// Instantiating std::__relocate_a might cause an error outside the
 489:C:/Program Files (x86)/Arm GNU Toolchain arm-none-eabi/14.3 rel1/arm-none-eabi/include/c++/14.3.1/bits\stl_vector.h **** 	// immediate context (in __relocate_object_a's noexcept-specifier),
 490:C:/Program Files (x86)/Arm GNU Toolchain arm-none-eabi/14.3 rel1/arm-none-eabi/include/c++/14.3.1/bits\stl_vector.h **** 	// so only do it if we know the type can be move-inserted into *this.
 491:C:/Program Files (x86)/Arm GNU Toolchain arm-none-eabi/14.3 rel1/arm-none-eabi/include/c++/14.3.1/bits\stl_vector.h **** 	return _S_nothrow_relocate(__is_move_insertable<_Tp_alloc_type>{});
 492:C:/Program Files (x86)/Arm GNU Toolchain arm-none-eabi/14.3 rel1/arm-none-eabi/include/c++/14.3.1/bits\stl_vector.h ****       }
 493:C:/Program Files (x86)/Arm GNU Toolchain arm-none-eabi/14.3 rel1/arm-none-eabi/include/c++/14.3.1/bits\stl_vector.h **** 
 494:C:/Program Files (x86)/Arm GNU Toolchain arm-none-eabi/14.3 rel1/arm-none-eabi/include/c++/14.3.1/bits\stl_vector.h ****       static pointer
 495:C:/Program Files (x86)/Arm GNU Toolchain arm-none-eabi/14.3 rel1/arm-none-eabi/include/c++/14.3.1/bits\stl_vector.h ****       _S_do_relocate(pointer __first, pointer __last, pointer __result,
 496:C:/Program Files (x86)/Arm GNU Toolchain arm-none-eabi/14.3 rel1/arm-none-eabi/include/c++/14.3.1/bits\stl_vector.h **** 		     _Tp_alloc_type& __alloc, true_type) noexcept
 497:C:/Program Files (x86)/Arm GNU Toolchain arm-none-eabi/14.3 rel1/arm-none-eabi/include/c++/14.3.1/bits\stl_vector.h ****       {
 498:C:/Program Files (x86)/Arm GNU Toolchain arm-none-eabi/14.3 rel1/arm-none-eabi/include/c++/14.3.1/bits\stl_vector.h **** 	return std::__relocate_a(__first, __last, __result, __alloc);
 499:C:/Program Files (x86)/Arm GNU Toolchain arm-none-eabi/14.3 rel1/arm-none-eabi/include/c++/14.3.1/bits\stl_vector.h ****       }
 500:C:/Program Files (x86)/Arm GNU Toolchain arm-none-eabi/14.3 rel1/arm-none-eabi/include/c++/14.3.1/bits\stl_vector.h **** 
 501:C:/Program Files (x86)/Arm GNU Toolchain arm-none-eabi/14.3 rel1/arm-none-eabi/include/c++/14.3.1/bits\stl_vector.h ****       static pointer
 502:C:/Program Files (x86)/Arm GNU Toolchain arm-none-eabi/14.3 rel1/arm-none-eabi/include/c++/14.3.1/bits\stl_vector.h ****       _S_do_relocate(pointer, pointer, pointer __result,
 503:C:/Program Files (x86)/Arm GNU Toolchain arm-none-eabi/14.3 rel1/arm-none-eabi/include/c++/14.3.1/bits\stl_vector.h **** 		     _Tp_alloc_type&, false_type) noexcept
 504:C:/Program Files (x86)/Arm GNU Toolchain arm-none-eabi/14.3 rel1/arm-none-eabi/include/c++/14.3.1/bits\stl_vector.h ****       { return __result; }
 505:C:/Program Files (x86)/Arm GNU Toolchain arm-none-eabi/14.3 rel1/arm-none-eabi/include/c++/14.3.1/bits\stl_vector.h **** 
 506:C:/Program Files (x86)/Arm GNU Toolchain arm-none-eabi/14.3 rel1/arm-none-eabi/include/c++/14.3.1/bits\stl_vector.h ****       static _GLIBCXX20_CONSTEXPR pointer
 507:C:/Program Files (x86)/Arm GNU Toolchain arm-none-eabi/14.3 rel1/arm-none-eabi/include/c++/14.3.1/bits\stl_vector.h ****       _S_relocate(pointer __first, pointer __last, pointer __result,
 508:C:/Program Files (x86)/Arm GNU Toolchain arm-none-eabi/14.3 rel1/arm-none-eabi/include/c++/14.3.1/bits\stl_vector.h **** 		  _Tp_alloc_type& __alloc) noexcept
 509:C:/Program Files (x86)/Arm GNU Toolchain arm-none-eabi/14.3 rel1/arm-none-eabi/include/c++/14.3.1/bits\stl_vector.h ****       {
 510:C:/Program Files (x86)/Arm GNU Toolchain arm-none-eabi/14.3 rel1/arm-none-eabi/include/c++/14.3.1/bits\stl_vector.h **** #if __cpp_if_constexpr
 511:C:/Program Files (x86)/Arm GNU Toolchain arm-none-eabi/14.3 rel1/arm-none-eabi/include/c++/14.3.1/bits\stl_vector.h **** 	// All callers have already checked _S_use_relocate() so just do it.
 512:C:/Program Files (x86)/Arm GNU Toolchain arm-none-eabi/14.3 rel1/arm-none-eabi/include/c++/14.3.1/bits\stl_vector.h **** 	return std::__relocate_a(__first, __last, __result, __alloc);
 513:C:/Program Files (x86)/Arm GNU Toolchain arm-none-eabi/14.3 rel1/arm-none-eabi/include/c++/14.3.1/bits\stl_vector.h **** #else
 514:C:/Program Files (x86)/Arm GNU Toolchain arm-none-eabi/14.3 rel1/arm-none-eabi/include/c++/14.3.1/bits\stl_vector.h **** 	using __do_it = __bool_constant<_S_use_relocate()>;
 515:C:/Program Files (x86)/Arm GNU Toolchain arm-none-eabi/14.3 rel1/arm-none-eabi/include/c++/14.3.1/bits\stl_vector.h **** 	return _S_do_relocate(__first, __last, __result, __alloc, __do_it{});
 516:C:/Program Files (x86)/Arm GNU Toolchain arm-none-eabi/14.3 rel1/arm-none-eabi/include/c++/14.3.1/bits\stl_vector.h **** #endif
 517:C:/Program Files (x86)/Arm GNU Toolchain arm-none-eabi/14.3 rel1/arm-none-eabi/include/c++/14.3.1/bits\stl_vector.h ****       }
 518:C:/Program Files (x86)/Arm GNU Toolchain arm-none-eabi/14.3 rel1/arm-none-eabi/include/c++/14.3.1/bits\stl_vector.h **** #endif // C++11
 519:C:/Program Files (x86)/Arm GNU Toolchain arm-none-eabi/14.3 rel1/arm-none-eabi/include/c++/14.3.1/bits\stl_vector.h **** 
 520:C:/Program Files (x86)/Arm GNU Toolchain arm-none-eabi/14.3 rel1/arm-none-eabi/include/c++/14.3.1/bits\stl_vector.h ****     protected:
 521:C:/Program Files (x86)/Arm GNU Toolchain arm-none-eabi/14.3 rel1/arm-none-eabi/include/c++/14.3.1/bits\stl_vector.h ****       using _Base::_M_allocate;
 522:C:/Program Files (x86)/Arm GNU Toolchain arm-none-eabi/14.3 rel1/arm-none-eabi/include/c++/14.3.1/bits\stl_vector.h ****       using _Base::_M_deallocate;
 523:C:/Program Files (x86)/Arm GNU Toolchain arm-none-eabi/14.3 rel1/arm-none-eabi/include/c++/14.3.1/bits\stl_vector.h ****       using _Base::_M_impl;
 524:C:/Program Files (x86)/Arm GNU Toolchain arm-none-eabi/14.3 rel1/arm-none-eabi/include/c++/14.3.1/bits\stl_vector.h ****       using _Base::_M_get_Tp_allocator;
 525:C:/Program Files (x86)/Arm GNU Toolchain arm-none-eabi/14.3 rel1/arm-none-eabi/include/c++/14.3.1/bits\stl_vector.h **** 
 526:C:/Program Files (x86)/Arm GNU Toolchain arm-none-eabi/14.3 rel1/arm-none-eabi/include/c++/14.3.1/bits\stl_vector.h ****     public:
 527:C:/Program Files (x86)/Arm GNU Toolchain arm-none-eabi/14.3 rel1/arm-none-eabi/include/c++/14.3.1/bits\stl_vector.h ****       // [23.2.4.1] construct/copy/destroy
ARM GAS  C:\Users\Oliver\AppData\Local\Temp\cclFZbsF.s 			page 14


 528:C:/Program Files (x86)/Arm GNU Toolchain arm-none-eabi/14.3 rel1/arm-none-eabi/include/c++/14.3.1/bits\stl_vector.h ****       // (assign() and get_allocator() are also listed in this section)
 529:C:/Program Files (x86)/Arm GNU Toolchain arm-none-eabi/14.3 rel1/arm-none-eabi/include/c++/14.3.1/bits\stl_vector.h **** 
 530:C:/Program Files (x86)/Arm GNU Toolchain arm-none-eabi/14.3 rel1/arm-none-eabi/include/c++/14.3.1/bits\stl_vector.h ****       /**
 531:C:/Program Files (x86)/Arm GNU Toolchain arm-none-eabi/14.3 rel1/arm-none-eabi/include/c++/14.3.1/bits\stl_vector.h ****        *  @brief  Creates a %vector with no elements.
 532:C:/Program Files (x86)/Arm GNU Toolchain arm-none-eabi/14.3 rel1/arm-none-eabi/include/c++/14.3.1/bits\stl_vector.h ****        */
 533:C:/Program Files (x86)/Arm GNU Toolchain arm-none-eabi/14.3 rel1/arm-none-eabi/include/c++/14.3.1/bits\stl_vector.h **** #if __cplusplus >= 201103L
 534:C:/Program Files (x86)/Arm GNU Toolchain arm-none-eabi/14.3 rel1/arm-none-eabi/include/c++/14.3.1/bits\stl_vector.h ****       vector() = default;
 535:C:/Program Files (x86)/Arm GNU Toolchain arm-none-eabi/14.3 rel1/arm-none-eabi/include/c++/14.3.1/bits\stl_vector.h **** #else
 536:C:/Program Files (x86)/Arm GNU Toolchain arm-none-eabi/14.3 rel1/arm-none-eabi/include/c++/14.3.1/bits\stl_vector.h ****       vector() { }
 537:C:/Program Files (x86)/Arm GNU Toolchain arm-none-eabi/14.3 rel1/arm-none-eabi/include/c++/14.3.1/bits\stl_vector.h **** #endif
 538:C:/Program Files (x86)/Arm GNU Toolchain arm-none-eabi/14.3 rel1/arm-none-eabi/include/c++/14.3.1/bits\stl_vector.h **** 
 539:C:/Program Files (x86)/Arm GNU Toolchain arm-none-eabi/14.3 rel1/arm-none-eabi/include/c++/14.3.1/bits\stl_vector.h ****       /**
 540:C:/Program Files (x86)/Arm GNU Toolchain arm-none-eabi/14.3 rel1/arm-none-eabi/include/c++/14.3.1/bits\stl_vector.h ****        *  @brief  Creates a %vector with no elements.
 541:C:/Program Files (x86)/Arm GNU Toolchain arm-none-eabi/14.3 rel1/arm-none-eabi/include/c++/14.3.1/bits\stl_vector.h ****        *  @param  __a  An allocator object.
 542:C:/Program Files (x86)/Arm GNU Toolchain arm-none-eabi/14.3 rel1/arm-none-eabi/include/c++/14.3.1/bits\stl_vector.h ****        */
 543:C:/Program Files (x86)/Arm GNU Toolchain arm-none-eabi/14.3 rel1/arm-none-eabi/include/c++/14.3.1/bits\stl_vector.h ****       explicit
 544:C:/Program Files (x86)/Arm GNU Toolchain arm-none-eabi/14.3 rel1/arm-none-eabi/include/c++/14.3.1/bits\stl_vector.h ****       _GLIBCXX20_CONSTEXPR
 545:C:/Program Files (x86)/Arm GNU Toolchain arm-none-eabi/14.3 rel1/arm-none-eabi/include/c++/14.3.1/bits\stl_vector.h ****       vector(const allocator_type& __a) _GLIBCXX_NOEXCEPT
 546:C:/Program Files (x86)/Arm GNU Toolchain arm-none-eabi/14.3 rel1/arm-none-eabi/include/c++/14.3.1/bits\stl_vector.h ****       : _Base(__a) { }
 547:C:/Program Files (x86)/Arm GNU Toolchain arm-none-eabi/14.3 rel1/arm-none-eabi/include/c++/14.3.1/bits\stl_vector.h **** 
 548:C:/Program Files (x86)/Arm GNU Toolchain arm-none-eabi/14.3 rel1/arm-none-eabi/include/c++/14.3.1/bits\stl_vector.h **** #if __cplusplus >= 201103L
 549:C:/Program Files (x86)/Arm GNU Toolchain arm-none-eabi/14.3 rel1/arm-none-eabi/include/c++/14.3.1/bits\stl_vector.h ****       /**
 550:C:/Program Files (x86)/Arm GNU Toolchain arm-none-eabi/14.3 rel1/arm-none-eabi/include/c++/14.3.1/bits\stl_vector.h ****        *  @brief  Creates a %vector with default constructed elements.
 551:C:/Program Files (x86)/Arm GNU Toolchain arm-none-eabi/14.3 rel1/arm-none-eabi/include/c++/14.3.1/bits\stl_vector.h ****        *  @param  __n  The number of elements to initially create.
 552:C:/Program Files (x86)/Arm GNU Toolchain arm-none-eabi/14.3 rel1/arm-none-eabi/include/c++/14.3.1/bits\stl_vector.h ****        *  @param  __a  An allocator.
 553:C:/Program Files (x86)/Arm GNU Toolchain arm-none-eabi/14.3 rel1/arm-none-eabi/include/c++/14.3.1/bits\stl_vector.h ****        *
 554:C:/Program Files (x86)/Arm GNU Toolchain arm-none-eabi/14.3 rel1/arm-none-eabi/include/c++/14.3.1/bits\stl_vector.h ****        *  This constructor fills the %vector with @a __n default
 555:C:/Program Files (x86)/Arm GNU Toolchain arm-none-eabi/14.3 rel1/arm-none-eabi/include/c++/14.3.1/bits\stl_vector.h ****        *  constructed elements.
 556:C:/Program Files (x86)/Arm GNU Toolchain arm-none-eabi/14.3 rel1/arm-none-eabi/include/c++/14.3.1/bits\stl_vector.h ****        */
 557:C:/Program Files (x86)/Arm GNU Toolchain arm-none-eabi/14.3 rel1/arm-none-eabi/include/c++/14.3.1/bits\stl_vector.h ****       explicit
 558:C:/Program Files (x86)/Arm GNU Toolchain arm-none-eabi/14.3 rel1/arm-none-eabi/include/c++/14.3.1/bits\stl_vector.h ****       _GLIBCXX20_CONSTEXPR
 559:C:/Program Files (x86)/Arm GNU Toolchain arm-none-eabi/14.3 rel1/arm-none-eabi/include/c++/14.3.1/bits\stl_vector.h ****       vector(size_type __n, const allocator_type& __a = allocator_type())
 560:C:/Program Files (x86)/Arm GNU Toolchain arm-none-eabi/14.3 rel1/arm-none-eabi/include/c++/14.3.1/bits\stl_vector.h ****       : _Base(_S_check_init_len(__n, __a), __a)
 561:C:/Program Files (x86)/Arm GNU Toolchain arm-none-eabi/14.3 rel1/arm-none-eabi/include/c++/14.3.1/bits\stl_vector.h ****       { _M_default_initialize(__n); }
 562:C:/Program Files (x86)/Arm GNU Toolchain arm-none-eabi/14.3 rel1/arm-none-eabi/include/c++/14.3.1/bits\stl_vector.h **** 
 563:C:/Program Files (x86)/Arm GNU Toolchain arm-none-eabi/14.3 rel1/arm-none-eabi/include/c++/14.3.1/bits\stl_vector.h ****       /**
 564:C:/Program Files (x86)/Arm GNU Toolchain arm-none-eabi/14.3 rel1/arm-none-eabi/include/c++/14.3.1/bits\stl_vector.h ****        *  @brief  Creates a %vector with copies of an exemplar element.
 565:C:/Program Files (x86)/Arm GNU Toolchain arm-none-eabi/14.3 rel1/arm-none-eabi/include/c++/14.3.1/bits\stl_vector.h ****        *  @param  __n  The number of elements to initially create.
 566:C:/Program Files (x86)/Arm GNU Toolchain arm-none-eabi/14.3 rel1/arm-none-eabi/include/c++/14.3.1/bits\stl_vector.h ****        *  @param  __value  An element to copy.
 567:C:/Program Files (x86)/Arm GNU Toolchain arm-none-eabi/14.3 rel1/arm-none-eabi/include/c++/14.3.1/bits\stl_vector.h ****        *  @param  __a  An allocator.
 568:C:/Program Files (x86)/Arm GNU Toolchain arm-none-eabi/14.3 rel1/arm-none-eabi/include/c++/14.3.1/bits\stl_vector.h ****        *
 569:C:/Program Files (x86)/Arm GNU Toolchain arm-none-eabi/14.3 rel1/arm-none-eabi/include/c++/14.3.1/bits\stl_vector.h ****        *  This constructor fills the %vector with @a __n copies of @a __value.
 570:C:/Program Files (x86)/Arm GNU Toolchain arm-none-eabi/14.3 rel1/arm-none-eabi/include/c++/14.3.1/bits\stl_vector.h ****        */
 571:C:/Program Files (x86)/Arm GNU Toolchain arm-none-eabi/14.3 rel1/arm-none-eabi/include/c++/14.3.1/bits\stl_vector.h ****       _GLIBCXX20_CONSTEXPR
 572:C:/Program Files (x86)/Arm GNU Toolchain arm-none-eabi/14.3 rel1/arm-none-eabi/include/c++/14.3.1/bits\stl_vector.h ****       vector(size_type __n, const value_type& __value,
 573:C:/Program Files (x86)/Arm GNU Toolchain arm-none-eabi/14.3 rel1/arm-none-eabi/include/c++/14.3.1/bits\stl_vector.h **** 	     const allocator_type& __a = allocator_type())
 574:C:/Program Files (x86)/Arm GNU Toolchain arm-none-eabi/14.3 rel1/arm-none-eabi/include/c++/14.3.1/bits\stl_vector.h ****       : _Base(_S_check_init_len(__n, __a), __a)
 575:C:/Program Files (x86)/Arm GNU Toolchain arm-none-eabi/14.3 rel1/arm-none-eabi/include/c++/14.3.1/bits\stl_vector.h ****       { _M_fill_initialize(__n, __value); }
 576:C:/Program Files (x86)/Arm GNU Toolchain arm-none-eabi/14.3 rel1/arm-none-eabi/include/c++/14.3.1/bits\stl_vector.h **** #else
 577:C:/Program Files (x86)/Arm GNU Toolchain arm-none-eabi/14.3 rel1/arm-none-eabi/include/c++/14.3.1/bits\stl_vector.h ****       /**
 578:C:/Program Files (x86)/Arm GNU Toolchain arm-none-eabi/14.3 rel1/arm-none-eabi/include/c++/14.3.1/bits\stl_vector.h ****        *  @brief  Creates a %vector with copies of an exemplar element.
 579:C:/Program Files (x86)/Arm GNU Toolchain arm-none-eabi/14.3 rel1/arm-none-eabi/include/c++/14.3.1/bits\stl_vector.h ****        *  @param  __n  The number of elements to initially create.
 580:C:/Program Files (x86)/Arm GNU Toolchain arm-none-eabi/14.3 rel1/arm-none-eabi/include/c++/14.3.1/bits\stl_vector.h ****        *  @param  __value  An element to copy.
 581:C:/Program Files (x86)/Arm GNU Toolchain arm-none-eabi/14.3 rel1/arm-none-eabi/include/c++/14.3.1/bits\stl_vector.h ****        *  @param  __a  An allocator.
 582:C:/Program Files (x86)/Arm GNU Toolchain arm-none-eabi/14.3 rel1/arm-none-eabi/include/c++/14.3.1/bits\stl_vector.h ****        *
 583:C:/Program Files (x86)/Arm GNU Toolchain arm-none-eabi/14.3 rel1/arm-none-eabi/include/c++/14.3.1/bits\stl_vector.h ****        *  This constructor fills the %vector with @a __n copies of @a __value.
 584:C:/Program Files (x86)/Arm GNU Toolchain arm-none-eabi/14.3 rel1/arm-none-eabi/include/c++/14.3.1/bits\stl_vector.h ****        */
ARM GAS  C:\Users\Oliver\AppData\Local\Temp\cclFZbsF.s 			page 15


 585:C:/Program Files (x86)/Arm GNU Toolchain arm-none-eabi/14.3 rel1/arm-none-eabi/include/c++/14.3.1/bits\stl_vector.h ****       explicit
 586:C:/Program Files (x86)/Arm GNU Toolchain arm-none-eabi/14.3 rel1/arm-none-eabi/include/c++/14.3.1/bits\stl_vector.h ****       vector(size_type __n, const value_type& __value = value_type(),
 587:C:/Program Files (x86)/Arm GNU Toolchain arm-none-eabi/14.3 rel1/arm-none-eabi/include/c++/14.3.1/bits\stl_vector.h **** 	     const allocator_type& __a = allocator_type())
 588:C:/Program Files (x86)/Arm GNU Toolchain arm-none-eabi/14.3 rel1/arm-none-eabi/include/c++/14.3.1/bits\stl_vector.h ****       : _Base(_S_check_init_len(__n, __a), __a)
 589:C:/Program Files (x86)/Arm GNU Toolchain arm-none-eabi/14.3 rel1/arm-none-eabi/include/c++/14.3.1/bits\stl_vector.h ****       { _M_fill_initialize(__n, __value); }
 590:C:/Program Files (x86)/Arm GNU Toolchain arm-none-eabi/14.3 rel1/arm-none-eabi/include/c++/14.3.1/bits\stl_vector.h **** #endif
 591:C:/Program Files (x86)/Arm GNU Toolchain arm-none-eabi/14.3 rel1/arm-none-eabi/include/c++/14.3.1/bits\stl_vector.h **** 
 592:C:/Program Files (x86)/Arm GNU Toolchain arm-none-eabi/14.3 rel1/arm-none-eabi/include/c++/14.3.1/bits\stl_vector.h ****       /**
 593:C:/Program Files (x86)/Arm GNU Toolchain arm-none-eabi/14.3 rel1/arm-none-eabi/include/c++/14.3.1/bits\stl_vector.h ****        *  @brief  %Vector copy constructor.
 594:C:/Program Files (x86)/Arm GNU Toolchain arm-none-eabi/14.3 rel1/arm-none-eabi/include/c++/14.3.1/bits\stl_vector.h ****        *  @param  __x  A %vector of identical element and allocator types.
 595:C:/Program Files (x86)/Arm GNU Toolchain arm-none-eabi/14.3 rel1/arm-none-eabi/include/c++/14.3.1/bits\stl_vector.h ****        *
 596:C:/Program Files (x86)/Arm GNU Toolchain arm-none-eabi/14.3 rel1/arm-none-eabi/include/c++/14.3.1/bits\stl_vector.h ****        *  All the elements of @a __x are copied, but any unused capacity in
 597:C:/Program Files (x86)/Arm GNU Toolchain arm-none-eabi/14.3 rel1/arm-none-eabi/include/c++/14.3.1/bits\stl_vector.h ****        *  @a __x  will not be copied
 598:C:/Program Files (x86)/Arm GNU Toolchain arm-none-eabi/14.3 rel1/arm-none-eabi/include/c++/14.3.1/bits\stl_vector.h ****        *  (i.e. capacity() == size() in the new %vector).
 599:C:/Program Files (x86)/Arm GNU Toolchain arm-none-eabi/14.3 rel1/arm-none-eabi/include/c++/14.3.1/bits\stl_vector.h ****        *
 600:C:/Program Files (x86)/Arm GNU Toolchain arm-none-eabi/14.3 rel1/arm-none-eabi/include/c++/14.3.1/bits\stl_vector.h ****        *  The newly-created %vector uses a copy of the allocator object used
 601:C:/Program Files (x86)/Arm GNU Toolchain arm-none-eabi/14.3 rel1/arm-none-eabi/include/c++/14.3.1/bits\stl_vector.h ****        *  by @a __x (unless the allocator traits dictate a different object).
 602:C:/Program Files (x86)/Arm GNU Toolchain arm-none-eabi/14.3 rel1/arm-none-eabi/include/c++/14.3.1/bits\stl_vector.h ****        */
 603:C:/Program Files (x86)/Arm GNU Toolchain arm-none-eabi/14.3 rel1/arm-none-eabi/include/c++/14.3.1/bits\stl_vector.h ****       _GLIBCXX20_CONSTEXPR
 604:C:/Program Files (x86)/Arm GNU Toolchain arm-none-eabi/14.3 rel1/arm-none-eabi/include/c++/14.3.1/bits\stl_vector.h ****       vector(const vector& __x)
 605:C:/Program Files (x86)/Arm GNU Toolchain arm-none-eabi/14.3 rel1/arm-none-eabi/include/c++/14.3.1/bits\stl_vector.h ****       : _Base(__x.size(),
 606:C:/Program Files (x86)/Arm GNU Toolchain arm-none-eabi/14.3 rel1/arm-none-eabi/include/c++/14.3.1/bits\stl_vector.h **** 	_Alloc_traits::_S_select_on_copy(__x._M_get_Tp_allocator()))
 607:C:/Program Files (x86)/Arm GNU Toolchain arm-none-eabi/14.3 rel1/arm-none-eabi/include/c++/14.3.1/bits\stl_vector.h ****       {
 608:C:/Program Files (x86)/Arm GNU Toolchain arm-none-eabi/14.3 rel1/arm-none-eabi/include/c++/14.3.1/bits\stl_vector.h **** 	this->_M_impl._M_finish =
 609:C:/Program Files (x86)/Arm GNU Toolchain arm-none-eabi/14.3 rel1/arm-none-eabi/include/c++/14.3.1/bits\stl_vector.h **** 	  std::__uninitialized_copy_a(__x.begin(), __x.end(),
 610:C:/Program Files (x86)/Arm GNU Toolchain arm-none-eabi/14.3 rel1/arm-none-eabi/include/c++/14.3.1/bits\stl_vector.h **** 				      this->_M_impl._M_start,
 611:C:/Program Files (x86)/Arm GNU Toolchain arm-none-eabi/14.3 rel1/arm-none-eabi/include/c++/14.3.1/bits\stl_vector.h **** 				      _M_get_Tp_allocator());
 612:C:/Program Files (x86)/Arm GNU Toolchain arm-none-eabi/14.3 rel1/arm-none-eabi/include/c++/14.3.1/bits\stl_vector.h ****       }
 613:C:/Program Files (x86)/Arm GNU Toolchain arm-none-eabi/14.3 rel1/arm-none-eabi/include/c++/14.3.1/bits\stl_vector.h **** 
 614:C:/Program Files (x86)/Arm GNU Toolchain arm-none-eabi/14.3 rel1/arm-none-eabi/include/c++/14.3.1/bits\stl_vector.h **** #if __cplusplus >= 201103L
 615:C:/Program Files (x86)/Arm GNU Toolchain arm-none-eabi/14.3 rel1/arm-none-eabi/include/c++/14.3.1/bits\stl_vector.h ****       /**
 616:C:/Program Files (x86)/Arm GNU Toolchain arm-none-eabi/14.3 rel1/arm-none-eabi/include/c++/14.3.1/bits\stl_vector.h ****        *  @brief  %Vector move constructor.
 617:C:/Program Files (x86)/Arm GNU Toolchain arm-none-eabi/14.3 rel1/arm-none-eabi/include/c++/14.3.1/bits\stl_vector.h ****        *
 618:C:/Program Files (x86)/Arm GNU Toolchain arm-none-eabi/14.3 rel1/arm-none-eabi/include/c++/14.3.1/bits\stl_vector.h ****        *  The newly-created %vector contains the exact contents of the
 619:C:/Program Files (x86)/Arm GNU Toolchain arm-none-eabi/14.3 rel1/arm-none-eabi/include/c++/14.3.1/bits\stl_vector.h ****        *  moved instance.
 620:C:/Program Files (x86)/Arm GNU Toolchain arm-none-eabi/14.3 rel1/arm-none-eabi/include/c++/14.3.1/bits\stl_vector.h ****        *  The contents of the moved instance are a valid, but unspecified
 621:C:/Program Files (x86)/Arm GNU Toolchain arm-none-eabi/14.3 rel1/arm-none-eabi/include/c++/14.3.1/bits\stl_vector.h ****        *  %vector.
 622:C:/Program Files (x86)/Arm GNU Toolchain arm-none-eabi/14.3 rel1/arm-none-eabi/include/c++/14.3.1/bits\stl_vector.h ****        */
 623:C:/Program Files (x86)/Arm GNU Toolchain arm-none-eabi/14.3 rel1/arm-none-eabi/include/c++/14.3.1/bits\stl_vector.h ****       vector(vector&&) noexcept = default;
 624:C:/Program Files (x86)/Arm GNU Toolchain arm-none-eabi/14.3 rel1/arm-none-eabi/include/c++/14.3.1/bits\stl_vector.h **** 
 625:C:/Program Files (x86)/Arm GNU Toolchain arm-none-eabi/14.3 rel1/arm-none-eabi/include/c++/14.3.1/bits\stl_vector.h ****       /// Copy constructor with alternative allocator
 626:C:/Program Files (x86)/Arm GNU Toolchain arm-none-eabi/14.3 rel1/arm-none-eabi/include/c++/14.3.1/bits\stl_vector.h ****       _GLIBCXX20_CONSTEXPR
 627:C:/Program Files (x86)/Arm GNU Toolchain arm-none-eabi/14.3 rel1/arm-none-eabi/include/c++/14.3.1/bits\stl_vector.h ****       vector(const vector& __x, const __type_identity_t<allocator_type>& __a)
 628:C:/Program Files (x86)/Arm GNU Toolchain arm-none-eabi/14.3 rel1/arm-none-eabi/include/c++/14.3.1/bits\stl_vector.h ****       : _Base(__x.size(), __a)
 629:C:/Program Files (x86)/Arm GNU Toolchain arm-none-eabi/14.3 rel1/arm-none-eabi/include/c++/14.3.1/bits\stl_vector.h ****       {
 630:C:/Program Files (x86)/Arm GNU Toolchain arm-none-eabi/14.3 rel1/arm-none-eabi/include/c++/14.3.1/bits\stl_vector.h **** 	this->_M_impl._M_finish =
 631:C:/Program Files (x86)/Arm GNU Toolchain arm-none-eabi/14.3 rel1/arm-none-eabi/include/c++/14.3.1/bits\stl_vector.h **** 	  std::__uninitialized_copy_a(__x.begin(), __x.end(),
 632:C:/Program Files (x86)/Arm GNU Toolchain arm-none-eabi/14.3 rel1/arm-none-eabi/include/c++/14.3.1/bits\stl_vector.h **** 				      this->_M_impl._M_start,
 633:C:/Program Files (x86)/Arm GNU Toolchain arm-none-eabi/14.3 rel1/arm-none-eabi/include/c++/14.3.1/bits\stl_vector.h **** 				      _M_get_Tp_allocator());
 634:C:/Program Files (x86)/Arm GNU Toolchain arm-none-eabi/14.3 rel1/arm-none-eabi/include/c++/14.3.1/bits\stl_vector.h ****       }
 635:C:/Program Files (x86)/Arm GNU Toolchain arm-none-eabi/14.3 rel1/arm-none-eabi/include/c++/14.3.1/bits\stl_vector.h **** 
 636:C:/Program Files (x86)/Arm GNU Toolchain arm-none-eabi/14.3 rel1/arm-none-eabi/include/c++/14.3.1/bits\stl_vector.h ****     private:
 637:C:/Program Files (x86)/Arm GNU Toolchain arm-none-eabi/14.3 rel1/arm-none-eabi/include/c++/14.3.1/bits\stl_vector.h ****       _GLIBCXX20_CONSTEXPR
 638:C:/Program Files (x86)/Arm GNU Toolchain arm-none-eabi/14.3 rel1/arm-none-eabi/include/c++/14.3.1/bits\stl_vector.h ****       vector(vector&& __rv, const allocator_type& __m, true_type) noexcept
 639:C:/Program Files (x86)/Arm GNU Toolchain arm-none-eabi/14.3 rel1/arm-none-eabi/include/c++/14.3.1/bits\stl_vector.h ****       : _Base(__m, std::move(__rv))
 640:C:/Program Files (x86)/Arm GNU Toolchain arm-none-eabi/14.3 rel1/arm-none-eabi/include/c++/14.3.1/bits\stl_vector.h ****       { }
 641:C:/Program Files (x86)/Arm GNU Toolchain arm-none-eabi/14.3 rel1/arm-none-eabi/include/c++/14.3.1/bits\stl_vector.h **** 
ARM GAS  C:\Users\Oliver\AppData\Local\Temp\cclFZbsF.s 			page 16


 642:C:/Program Files (x86)/Arm GNU Toolchain arm-none-eabi/14.3 rel1/arm-none-eabi/include/c++/14.3.1/bits\stl_vector.h ****       _GLIBCXX20_CONSTEXPR
 643:C:/Program Files (x86)/Arm GNU Toolchain arm-none-eabi/14.3 rel1/arm-none-eabi/include/c++/14.3.1/bits\stl_vector.h ****       vector(vector&& __rv, const allocator_type& __m, false_type)
 644:C:/Program Files (x86)/Arm GNU Toolchain arm-none-eabi/14.3 rel1/arm-none-eabi/include/c++/14.3.1/bits\stl_vector.h ****       : _Base(__m)
 645:C:/Program Files (x86)/Arm GNU Toolchain arm-none-eabi/14.3 rel1/arm-none-eabi/include/c++/14.3.1/bits\stl_vector.h ****       {
 646:C:/Program Files (x86)/Arm GNU Toolchain arm-none-eabi/14.3 rel1/arm-none-eabi/include/c++/14.3.1/bits\stl_vector.h **** 	if (__rv.get_allocator() == __m)
 647:C:/Program Files (x86)/Arm GNU Toolchain arm-none-eabi/14.3 rel1/arm-none-eabi/include/c++/14.3.1/bits\stl_vector.h **** 	  this->_M_impl._M_swap_data(__rv._M_impl);
 648:C:/Program Files (x86)/Arm GNU Toolchain arm-none-eabi/14.3 rel1/arm-none-eabi/include/c++/14.3.1/bits\stl_vector.h **** 	else if (!__rv.empty())
 649:C:/Program Files (x86)/Arm GNU Toolchain arm-none-eabi/14.3 rel1/arm-none-eabi/include/c++/14.3.1/bits\stl_vector.h **** 	  {
 650:C:/Program Files (x86)/Arm GNU Toolchain arm-none-eabi/14.3 rel1/arm-none-eabi/include/c++/14.3.1/bits\stl_vector.h **** 	    this->_M_create_storage(__rv.size());
 651:C:/Program Files (x86)/Arm GNU Toolchain arm-none-eabi/14.3 rel1/arm-none-eabi/include/c++/14.3.1/bits\stl_vector.h **** 	    this->_M_impl._M_finish =
 652:C:/Program Files (x86)/Arm GNU Toolchain arm-none-eabi/14.3 rel1/arm-none-eabi/include/c++/14.3.1/bits\stl_vector.h **** 	      std::__uninitialized_move_a(__rv.begin(), __rv.end(),
 653:C:/Program Files (x86)/Arm GNU Toolchain arm-none-eabi/14.3 rel1/arm-none-eabi/include/c++/14.3.1/bits\stl_vector.h **** 					  this->_M_impl._M_start,
 654:C:/Program Files (x86)/Arm GNU Toolchain arm-none-eabi/14.3 rel1/arm-none-eabi/include/c++/14.3.1/bits\stl_vector.h **** 					  _M_get_Tp_allocator());
 655:C:/Program Files (x86)/Arm GNU Toolchain arm-none-eabi/14.3 rel1/arm-none-eabi/include/c++/14.3.1/bits\stl_vector.h **** 	    __rv.clear();
 656:C:/Program Files (x86)/Arm GNU Toolchain arm-none-eabi/14.3 rel1/arm-none-eabi/include/c++/14.3.1/bits\stl_vector.h **** 	  }
 657:C:/Program Files (x86)/Arm GNU Toolchain arm-none-eabi/14.3 rel1/arm-none-eabi/include/c++/14.3.1/bits\stl_vector.h ****       }
 658:C:/Program Files (x86)/Arm GNU Toolchain arm-none-eabi/14.3 rel1/arm-none-eabi/include/c++/14.3.1/bits\stl_vector.h **** 
 659:C:/Program Files (x86)/Arm GNU Toolchain arm-none-eabi/14.3 rel1/arm-none-eabi/include/c++/14.3.1/bits\stl_vector.h ****     public:
 660:C:/Program Files (x86)/Arm GNU Toolchain arm-none-eabi/14.3 rel1/arm-none-eabi/include/c++/14.3.1/bits\stl_vector.h ****       /// Move constructor with alternative allocator
 661:C:/Program Files (x86)/Arm GNU Toolchain arm-none-eabi/14.3 rel1/arm-none-eabi/include/c++/14.3.1/bits\stl_vector.h ****       _GLIBCXX20_CONSTEXPR
 662:C:/Program Files (x86)/Arm GNU Toolchain arm-none-eabi/14.3 rel1/arm-none-eabi/include/c++/14.3.1/bits\stl_vector.h ****       vector(vector&& __rv, const __type_identity_t<allocator_type>& __m)
 663:C:/Program Files (x86)/Arm GNU Toolchain arm-none-eabi/14.3 rel1/arm-none-eabi/include/c++/14.3.1/bits\stl_vector.h ****       noexcept( noexcept(
 664:C:/Program Files (x86)/Arm GNU Toolchain arm-none-eabi/14.3 rel1/arm-none-eabi/include/c++/14.3.1/bits\stl_vector.h **** 	vector(std::declval<vector&&>(), std::declval<const allocator_type&>(),
 665:C:/Program Files (x86)/Arm GNU Toolchain arm-none-eabi/14.3 rel1/arm-none-eabi/include/c++/14.3.1/bits\stl_vector.h **** 	       std::declval<typename _Alloc_traits::is_always_equal>())) )
 666:C:/Program Files (x86)/Arm GNU Toolchain arm-none-eabi/14.3 rel1/arm-none-eabi/include/c++/14.3.1/bits\stl_vector.h ****       : vector(std::move(__rv), __m, typename _Alloc_traits::is_always_equal{})
 667:C:/Program Files (x86)/Arm GNU Toolchain arm-none-eabi/14.3 rel1/arm-none-eabi/include/c++/14.3.1/bits\stl_vector.h ****       { }
 668:C:/Program Files (x86)/Arm GNU Toolchain arm-none-eabi/14.3 rel1/arm-none-eabi/include/c++/14.3.1/bits\stl_vector.h **** 
 669:C:/Program Files (x86)/Arm GNU Toolchain arm-none-eabi/14.3 rel1/arm-none-eabi/include/c++/14.3.1/bits\stl_vector.h ****       /**
 670:C:/Program Files (x86)/Arm GNU Toolchain arm-none-eabi/14.3 rel1/arm-none-eabi/include/c++/14.3.1/bits\stl_vector.h ****        *  @brief  Builds a %vector from an initializer list.
 671:C:/Program Files (x86)/Arm GNU Toolchain arm-none-eabi/14.3 rel1/arm-none-eabi/include/c++/14.3.1/bits\stl_vector.h ****        *  @param  __l  An initializer_list.
 672:C:/Program Files (x86)/Arm GNU Toolchain arm-none-eabi/14.3 rel1/arm-none-eabi/include/c++/14.3.1/bits\stl_vector.h ****        *  @param  __a  An allocator.
 673:C:/Program Files (x86)/Arm GNU Toolchain arm-none-eabi/14.3 rel1/arm-none-eabi/include/c++/14.3.1/bits\stl_vector.h ****        *
 674:C:/Program Files (x86)/Arm GNU Toolchain arm-none-eabi/14.3 rel1/arm-none-eabi/include/c++/14.3.1/bits\stl_vector.h ****        *  Create a %vector consisting of copies of the elements in the
 675:C:/Program Files (x86)/Arm GNU Toolchain arm-none-eabi/14.3 rel1/arm-none-eabi/include/c++/14.3.1/bits\stl_vector.h ****        *  initializer_list @a __l.
 676:C:/Program Files (x86)/Arm GNU Toolchain arm-none-eabi/14.3 rel1/arm-none-eabi/include/c++/14.3.1/bits\stl_vector.h ****        *
 677:C:/Program Files (x86)/Arm GNU Toolchain arm-none-eabi/14.3 rel1/arm-none-eabi/include/c++/14.3.1/bits\stl_vector.h ****        *  This will call the element type's copy constructor N times
 678:C:/Program Files (x86)/Arm GNU Toolchain arm-none-eabi/14.3 rel1/arm-none-eabi/include/c++/14.3.1/bits\stl_vector.h ****        *  (where N is @a __l.size()) and do no memory reallocation.
 679:C:/Program Files (x86)/Arm GNU Toolchain arm-none-eabi/14.3 rel1/arm-none-eabi/include/c++/14.3.1/bits\stl_vector.h ****        */
 680:C:/Program Files (x86)/Arm GNU Toolchain arm-none-eabi/14.3 rel1/arm-none-eabi/include/c++/14.3.1/bits\stl_vector.h ****       _GLIBCXX20_CONSTEXPR
 681:C:/Program Files (x86)/Arm GNU Toolchain arm-none-eabi/14.3 rel1/arm-none-eabi/include/c++/14.3.1/bits\stl_vector.h ****       vector(initializer_list<value_type> __l,
 682:C:/Program Files (x86)/Arm GNU Toolchain arm-none-eabi/14.3 rel1/arm-none-eabi/include/c++/14.3.1/bits\stl_vector.h **** 	     const allocator_type& __a = allocator_type())
 683:C:/Program Files (x86)/Arm GNU Toolchain arm-none-eabi/14.3 rel1/arm-none-eabi/include/c++/14.3.1/bits\stl_vector.h ****       : _Base(__a)
 684:C:/Program Files (x86)/Arm GNU Toolchain arm-none-eabi/14.3 rel1/arm-none-eabi/include/c++/14.3.1/bits\stl_vector.h ****       {
 685:C:/Program Files (x86)/Arm GNU Toolchain arm-none-eabi/14.3 rel1/arm-none-eabi/include/c++/14.3.1/bits\stl_vector.h **** 	_M_range_initialize_n(__l.begin(), __l.end(), __l.size());
 686:C:/Program Files (x86)/Arm GNU Toolchain arm-none-eabi/14.3 rel1/arm-none-eabi/include/c++/14.3.1/bits\stl_vector.h ****       }
 687:C:/Program Files (x86)/Arm GNU Toolchain arm-none-eabi/14.3 rel1/arm-none-eabi/include/c++/14.3.1/bits\stl_vector.h **** #endif
 688:C:/Program Files (x86)/Arm GNU Toolchain arm-none-eabi/14.3 rel1/arm-none-eabi/include/c++/14.3.1/bits\stl_vector.h **** 
 689:C:/Program Files (x86)/Arm GNU Toolchain arm-none-eabi/14.3 rel1/arm-none-eabi/include/c++/14.3.1/bits\stl_vector.h ****       /**
 690:C:/Program Files (x86)/Arm GNU Toolchain arm-none-eabi/14.3 rel1/arm-none-eabi/include/c++/14.3.1/bits\stl_vector.h ****        *  @brief  Builds a %vector from a range.
 691:C:/Program Files (x86)/Arm GNU Toolchain arm-none-eabi/14.3 rel1/arm-none-eabi/include/c++/14.3.1/bits\stl_vector.h ****        *  @param  __first  An input iterator.
 692:C:/Program Files (x86)/Arm GNU Toolchain arm-none-eabi/14.3 rel1/arm-none-eabi/include/c++/14.3.1/bits\stl_vector.h ****        *  @param  __last  An input iterator.
 693:C:/Program Files (x86)/Arm GNU Toolchain arm-none-eabi/14.3 rel1/arm-none-eabi/include/c++/14.3.1/bits\stl_vector.h ****        *  @param  __a  An allocator.
 694:C:/Program Files (x86)/Arm GNU Toolchain arm-none-eabi/14.3 rel1/arm-none-eabi/include/c++/14.3.1/bits\stl_vector.h ****        *
 695:C:/Program Files (x86)/Arm GNU Toolchain arm-none-eabi/14.3 rel1/arm-none-eabi/include/c++/14.3.1/bits\stl_vector.h ****        *  Create a %vector consisting of copies of the elements from
 696:C:/Program Files (x86)/Arm GNU Toolchain arm-none-eabi/14.3 rel1/arm-none-eabi/include/c++/14.3.1/bits\stl_vector.h ****        *  [first,last).
 697:C:/Program Files (x86)/Arm GNU Toolchain arm-none-eabi/14.3 rel1/arm-none-eabi/include/c++/14.3.1/bits\stl_vector.h ****        *
 698:C:/Program Files (x86)/Arm GNU Toolchain arm-none-eabi/14.3 rel1/arm-none-eabi/include/c++/14.3.1/bits\stl_vector.h ****        *  If the iterators are forward, bidirectional, or
ARM GAS  C:\Users\Oliver\AppData\Local\Temp\cclFZbsF.s 			page 17


 699:C:/Program Files (x86)/Arm GNU Toolchain arm-none-eabi/14.3 rel1/arm-none-eabi/include/c++/14.3.1/bits\stl_vector.h ****        *  random-access, then this will call the elements' copy
 700:C:/Program Files (x86)/Arm GNU Toolchain arm-none-eabi/14.3 rel1/arm-none-eabi/include/c++/14.3.1/bits\stl_vector.h ****        *  constructor N times (where N is distance(first,last)) and do
 701:C:/Program Files (x86)/Arm GNU Toolchain arm-none-eabi/14.3 rel1/arm-none-eabi/include/c++/14.3.1/bits\stl_vector.h ****        *  no memory reallocation.  But if only input iterators are
 702:C:/Program Files (x86)/Arm GNU Toolchain arm-none-eabi/14.3 rel1/arm-none-eabi/include/c++/14.3.1/bits\stl_vector.h ****        *  used, then this will do at most 2N calls to the copy
 703:C:/Program Files (x86)/Arm GNU Toolchain arm-none-eabi/14.3 rel1/arm-none-eabi/include/c++/14.3.1/bits\stl_vector.h ****        *  constructor, and logN memory reallocations.
 704:C:/Program Files (x86)/Arm GNU Toolchain arm-none-eabi/14.3 rel1/arm-none-eabi/include/c++/14.3.1/bits\stl_vector.h ****        */
 705:C:/Program Files (x86)/Arm GNU Toolchain arm-none-eabi/14.3 rel1/arm-none-eabi/include/c++/14.3.1/bits\stl_vector.h **** #if __cplusplus >= 201103L
 706:C:/Program Files (x86)/Arm GNU Toolchain arm-none-eabi/14.3 rel1/arm-none-eabi/include/c++/14.3.1/bits\stl_vector.h ****       template<typename _InputIterator,
 707:C:/Program Files (x86)/Arm GNU Toolchain arm-none-eabi/14.3 rel1/arm-none-eabi/include/c++/14.3.1/bits\stl_vector.h **** 	       typename = std::_RequireInputIter<_InputIterator>>
 708:C:/Program Files (x86)/Arm GNU Toolchain arm-none-eabi/14.3 rel1/arm-none-eabi/include/c++/14.3.1/bits\stl_vector.h **** 	_GLIBCXX20_CONSTEXPR
 709:C:/Program Files (x86)/Arm GNU Toolchain arm-none-eabi/14.3 rel1/arm-none-eabi/include/c++/14.3.1/bits\stl_vector.h **** 	vector(_InputIterator __first, _InputIterator __last,
 710:C:/Program Files (x86)/Arm GNU Toolchain arm-none-eabi/14.3 rel1/arm-none-eabi/include/c++/14.3.1/bits\stl_vector.h **** 	       const allocator_type& __a = allocator_type())
 711:C:/Program Files (x86)/Arm GNU Toolchain arm-none-eabi/14.3 rel1/arm-none-eabi/include/c++/14.3.1/bits\stl_vector.h **** 	: _Base(__a)
 712:C:/Program Files (x86)/Arm GNU Toolchain arm-none-eabi/14.3 rel1/arm-none-eabi/include/c++/14.3.1/bits\stl_vector.h **** 	{
 713:C:/Program Files (x86)/Arm GNU Toolchain arm-none-eabi/14.3 rel1/arm-none-eabi/include/c++/14.3.1/bits\stl_vector.h **** #if __glibcxx_concepts // C++ >= C++20
 714:C:/Program Files (x86)/Arm GNU Toolchain arm-none-eabi/14.3 rel1/arm-none-eabi/include/c++/14.3.1/bits\stl_vector.h **** 	  if constexpr (sized_sentinel_for<_InputIterator, _InputIterator>
 715:C:/Program Files (x86)/Arm GNU Toolchain arm-none-eabi/14.3 rel1/arm-none-eabi/include/c++/14.3.1/bits\stl_vector.h **** 			  || forward_iterator<_InputIterator>)
 716:C:/Program Files (x86)/Arm GNU Toolchain arm-none-eabi/14.3 rel1/arm-none-eabi/include/c++/14.3.1/bits\stl_vector.h **** 	    {
 717:C:/Program Files (x86)/Arm GNU Toolchain arm-none-eabi/14.3 rel1/arm-none-eabi/include/c++/14.3.1/bits\stl_vector.h **** 	      const auto __n
 718:C:/Program Files (x86)/Arm GNU Toolchain arm-none-eabi/14.3 rel1/arm-none-eabi/include/c++/14.3.1/bits\stl_vector.h **** 		= static_cast<size_type>(ranges::distance(__first, __last));
 719:C:/Program Files (x86)/Arm GNU Toolchain arm-none-eabi/14.3 rel1/arm-none-eabi/include/c++/14.3.1/bits\stl_vector.h **** 	      _M_range_initialize_n(__first, __last, __n);
 720:C:/Program Files (x86)/Arm GNU Toolchain arm-none-eabi/14.3 rel1/arm-none-eabi/include/c++/14.3.1/bits\stl_vector.h **** 	      return;
 721:C:/Program Files (x86)/Arm GNU Toolchain arm-none-eabi/14.3 rel1/arm-none-eabi/include/c++/14.3.1/bits\stl_vector.h **** 	    }
 722:C:/Program Files (x86)/Arm GNU Toolchain arm-none-eabi/14.3 rel1/arm-none-eabi/include/c++/14.3.1/bits\stl_vector.h **** 	  else
 723:C:/Program Files (x86)/Arm GNU Toolchain arm-none-eabi/14.3 rel1/arm-none-eabi/include/c++/14.3.1/bits\stl_vector.h **** #endif
 724:C:/Program Files (x86)/Arm GNU Toolchain arm-none-eabi/14.3 rel1/arm-none-eabi/include/c++/14.3.1/bits\stl_vector.h **** 	  _M_range_initialize(__first, __last,
 725:C:/Program Files (x86)/Arm GNU Toolchain arm-none-eabi/14.3 rel1/arm-none-eabi/include/c++/14.3.1/bits\stl_vector.h **** 			      std::__iterator_category(__first));
 726:C:/Program Files (x86)/Arm GNU Toolchain arm-none-eabi/14.3 rel1/arm-none-eabi/include/c++/14.3.1/bits\stl_vector.h **** 	}
 727:C:/Program Files (x86)/Arm GNU Toolchain arm-none-eabi/14.3 rel1/arm-none-eabi/include/c++/14.3.1/bits\stl_vector.h **** #else
 728:C:/Program Files (x86)/Arm GNU Toolchain arm-none-eabi/14.3 rel1/arm-none-eabi/include/c++/14.3.1/bits\stl_vector.h ****       template<typename _InputIterator>
 729:C:/Program Files (x86)/Arm GNU Toolchain arm-none-eabi/14.3 rel1/arm-none-eabi/include/c++/14.3.1/bits\stl_vector.h **** 	vector(_InputIterator __first, _InputIterator __last,
 730:C:/Program Files (x86)/Arm GNU Toolchain arm-none-eabi/14.3 rel1/arm-none-eabi/include/c++/14.3.1/bits\stl_vector.h **** 	       const allocator_type& __a = allocator_type())
 731:C:/Program Files (x86)/Arm GNU Toolchain arm-none-eabi/14.3 rel1/arm-none-eabi/include/c++/14.3.1/bits\stl_vector.h **** 	: _Base(__a)
 732:C:/Program Files (x86)/Arm GNU Toolchain arm-none-eabi/14.3 rel1/arm-none-eabi/include/c++/14.3.1/bits\stl_vector.h **** 	{
 733:C:/Program Files (x86)/Arm GNU Toolchain arm-none-eabi/14.3 rel1/arm-none-eabi/include/c++/14.3.1/bits\stl_vector.h **** 	  // Check whether it's an integral type.  If so, it's not an iterator.
 734:C:/Program Files (x86)/Arm GNU Toolchain arm-none-eabi/14.3 rel1/arm-none-eabi/include/c++/14.3.1/bits\stl_vector.h **** 	  typedef typename std::__is_integer<_InputIterator>::__type _Integral;
 735:C:/Program Files (x86)/Arm GNU Toolchain arm-none-eabi/14.3 rel1/arm-none-eabi/include/c++/14.3.1/bits\stl_vector.h **** 	  _M_initialize_dispatch(__first, __last, _Integral());
 736:C:/Program Files (x86)/Arm GNU Toolchain arm-none-eabi/14.3 rel1/arm-none-eabi/include/c++/14.3.1/bits\stl_vector.h **** 	}
 737:C:/Program Files (x86)/Arm GNU Toolchain arm-none-eabi/14.3 rel1/arm-none-eabi/include/c++/14.3.1/bits\stl_vector.h **** #endif
 738:C:/Program Files (x86)/Arm GNU Toolchain arm-none-eabi/14.3 rel1/arm-none-eabi/include/c++/14.3.1/bits\stl_vector.h **** 
 739:C:/Program Files (x86)/Arm GNU Toolchain arm-none-eabi/14.3 rel1/arm-none-eabi/include/c++/14.3.1/bits\stl_vector.h ****       /**
 740:C:/Program Files (x86)/Arm GNU Toolchain arm-none-eabi/14.3 rel1/arm-none-eabi/include/c++/14.3.1/bits\stl_vector.h ****        *  The dtor only erases the elements, and note that if the
 741:C:/Program Files (x86)/Arm GNU Toolchain arm-none-eabi/14.3 rel1/arm-none-eabi/include/c++/14.3.1/bits\stl_vector.h ****        *  elements themselves are pointers, the pointed-to memory is
 742:C:/Program Files (x86)/Arm GNU Toolchain arm-none-eabi/14.3 rel1/arm-none-eabi/include/c++/14.3.1/bits\stl_vector.h ****        *  not touched in any way.  Managing the pointer is the user's
 743:C:/Program Files (x86)/Arm GNU Toolchain arm-none-eabi/14.3 rel1/arm-none-eabi/include/c++/14.3.1/bits\stl_vector.h ****        *  responsibility.
 744:C:/Program Files (x86)/Arm GNU Toolchain arm-none-eabi/14.3 rel1/arm-none-eabi/include/c++/14.3.1/bits\stl_vector.h ****        */
 745:C:/Program Files (x86)/Arm GNU Toolchain arm-none-eabi/14.3 rel1/arm-none-eabi/include/c++/14.3.1/bits\stl_vector.h ****       _GLIBCXX20_CONSTEXPR
 746:C:/Program Files (x86)/Arm GNU Toolchain arm-none-eabi/14.3 rel1/arm-none-eabi/include/c++/14.3.1/bits\stl_vector.h ****       ~vector() _GLIBCXX_NOEXCEPT
 747:C:/Program Files (x86)/Arm GNU Toolchain arm-none-eabi/14.3 rel1/arm-none-eabi/include/c++/14.3.1/bits\stl_vector.h ****       {
 748:C:/Program Files (x86)/Arm GNU Toolchain arm-none-eabi/14.3 rel1/arm-none-eabi/include/c++/14.3.1/bits\stl_vector.h **** 	std::_Destroy(this->_M_impl._M_start, this->_M_impl._M_finish,
 749:C:/Program Files (x86)/Arm GNU Toolchain arm-none-eabi/14.3 rel1/arm-none-eabi/include/c++/14.3.1/bits\stl_vector.h **** 		      _M_get_Tp_allocator());
 750:C:/Program Files (x86)/Arm GNU Toolchain arm-none-eabi/14.3 rel1/arm-none-eabi/include/c++/14.3.1/bits\stl_vector.h **** 	_GLIBCXX_ASAN_ANNOTATE_BEFORE_DEALLOC;
 751:C:/Program Files (x86)/Arm GNU Toolchain arm-none-eabi/14.3 rel1/arm-none-eabi/include/c++/14.3.1/bits\stl_vector.h ****       }
 752:C:/Program Files (x86)/Arm GNU Toolchain arm-none-eabi/14.3 rel1/arm-none-eabi/include/c++/14.3.1/bits\stl_vector.h **** 
 753:C:/Program Files (x86)/Arm GNU Toolchain arm-none-eabi/14.3 rel1/arm-none-eabi/include/c++/14.3.1/bits\stl_vector.h ****       /**
 754:C:/Program Files (x86)/Arm GNU Toolchain arm-none-eabi/14.3 rel1/arm-none-eabi/include/c++/14.3.1/bits\stl_vector.h ****        *  @brief  %Vector assignment operator.
 755:C:/Program Files (x86)/Arm GNU Toolchain arm-none-eabi/14.3 rel1/arm-none-eabi/include/c++/14.3.1/bits\stl_vector.h ****        *  @param  __x  A %vector of identical element and allocator types.
ARM GAS  C:\Users\Oliver\AppData\Local\Temp\cclFZbsF.s 			page 18


 756:C:/Program Files (x86)/Arm GNU Toolchain arm-none-eabi/14.3 rel1/arm-none-eabi/include/c++/14.3.1/bits\stl_vector.h ****        *
 757:C:/Program Files (x86)/Arm GNU Toolchain arm-none-eabi/14.3 rel1/arm-none-eabi/include/c++/14.3.1/bits\stl_vector.h ****        *  All the elements of @a __x are copied, but any unused capacity in
 758:C:/Program Files (x86)/Arm GNU Toolchain arm-none-eabi/14.3 rel1/arm-none-eabi/include/c++/14.3.1/bits\stl_vector.h ****        *  @a __x will not be copied.
 759:C:/Program Files (x86)/Arm GNU Toolchain arm-none-eabi/14.3 rel1/arm-none-eabi/include/c++/14.3.1/bits\stl_vector.h ****        *
 760:C:/Program Files (x86)/Arm GNU Toolchain arm-none-eabi/14.3 rel1/arm-none-eabi/include/c++/14.3.1/bits\stl_vector.h ****        *  Whether the allocator is copied depends on the allocator traits.
 761:C:/Program Files (x86)/Arm GNU Toolchain arm-none-eabi/14.3 rel1/arm-none-eabi/include/c++/14.3.1/bits\stl_vector.h ****        */
 762:C:/Program Files (x86)/Arm GNU Toolchain arm-none-eabi/14.3 rel1/arm-none-eabi/include/c++/14.3.1/bits\stl_vector.h ****       _GLIBCXX20_CONSTEXPR
 763:C:/Program Files (x86)/Arm GNU Toolchain arm-none-eabi/14.3 rel1/arm-none-eabi/include/c++/14.3.1/bits\stl_vector.h ****       vector&
 764:C:/Program Files (x86)/Arm GNU Toolchain arm-none-eabi/14.3 rel1/arm-none-eabi/include/c++/14.3.1/bits\stl_vector.h ****       operator=(const vector& __x);
 765:C:/Program Files (x86)/Arm GNU Toolchain arm-none-eabi/14.3 rel1/arm-none-eabi/include/c++/14.3.1/bits\stl_vector.h **** 
 766:C:/Program Files (x86)/Arm GNU Toolchain arm-none-eabi/14.3 rel1/arm-none-eabi/include/c++/14.3.1/bits\stl_vector.h **** #if __cplusplus >= 201103L
 767:C:/Program Files (x86)/Arm GNU Toolchain arm-none-eabi/14.3 rel1/arm-none-eabi/include/c++/14.3.1/bits\stl_vector.h ****       /**
 768:C:/Program Files (x86)/Arm GNU Toolchain arm-none-eabi/14.3 rel1/arm-none-eabi/include/c++/14.3.1/bits\stl_vector.h ****        *  @brief  %Vector move assignment operator.
 769:C:/Program Files (x86)/Arm GNU Toolchain arm-none-eabi/14.3 rel1/arm-none-eabi/include/c++/14.3.1/bits\stl_vector.h ****        *  @param  __x  A %vector of identical element and allocator types.
 770:C:/Program Files (x86)/Arm GNU Toolchain arm-none-eabi/14.3 rel1/arm-none-eabi/include/c++/14.3.1/bits\stl_vector.h ****        *
 771:C:/Program Files (x86)/Arm GNU Toolchain arm-none-eabi/14.3 rel1/arm-none-eabi/include/c++/14.3.1/bits\stl_vector.h ****        *  The contents of @a __x are moved into this %vector (without copying,
 772:C:/Program Files (x86)/Arm GNU Toolchain arm-none-eabi/14.3 rel1/arm-none-eabi/include/c++/14.3.1/bits\stl_vector.h ****        *  if the allocators permit it).
 773:C:/Program Files (x86)/Arm GNU Toolchain arm-none-eabi/14.3 rel1/arm-none-eabi/include/c++/14.3.1/bits\stl_vector.h ****        *  Afterwards @a __x is a valid, but unspecified %vector.
 774:C:/Program Files (x86)/Arm GNU Toolchain arm-none-eabi/14.3 rel1/arm-none-eabi/include/c++/14.3.1/bits\stl_vector.h ****        *
 775:C:/Program Files (x86)/Arm GNU Toolchain arm-none-eabi/14.3 rel1/arm-none-eabi/include/c++/14.3.1/bits\stl_vector.h ****        *  Whether the allocator is moved depends on the allocator traits.
 776:C:/Program Files (x86)/Arm GNU Toolchain arm-none-eabi/14.3 rel1/arm-none-eabi/include/c++/14.3.1/bits\stl_vector.h ****        */
 777:C:/Program Files (x86)/Arm GNU Toolchain arm-none-eabi/14.3 rel1/arm-none-eabi/include/c++/14.3.1/bits\stl_vector.h ****       _GLIBCXX20_CONSTEXPR
 778:C:/Program Files (x86)/Arm GNU Toolchain arm-none-eabi/14.3 rel1/arm-none-eabi/include/c++/14.3.1/bits\stl_vector.h ****       vector&
 779:C:/Program Files (x86)/Arm GNU Toolchain arm-none-eabi/14.3 rel1/arm-none-eabi/include/c++/14.3.1/bits\stl_vector.h ****       operator=(vector&& __x) noexcept(_Alloc_traits::_S_nothrow_move())
 780:C:/Program Files (x86)/Arm GNU Toolchain arm-none-eabi/14.3 rel1/arm-none-eabi/include/c++/14.3.1/bits\stl_vector.h ****       {
 781:C:/Program Files (x86)/Arm GNU Toolchain arm-none-eabi/14.3 rel1/arm-none-eabi/include/c++/14.3.1/bits\stl_vector.h **** 	constexpr bool __move_storage =
 782:C:/Program Files (x86)/Arm GNU Toolchain arm-none-eabi/14.3 rel1/arm-none-eabi/include/c++/14.3.1/bits\stl_vector.h **** 	  _Alloc_traits::_S_propagate_on_move_assign()
 783:C:/Program Files (x86)/Arm GNU Toolchain arm-none-eabi/14.3 rel1/arm-none-eabi/include/c++/14.3.1/bits\stl_vector.h **** 	  || _Alloc_traits::_S_always_equal();
 784:C:/Program Files (x86)/Arm GNU Toolchain arm-none-eabi/14.3 rel1/arm-none-eabi/include/c++/14.3.1/bits\stl_vector.h **** 	_M_move_assign(std::move(__x), __bool_constant<__move_storage>());
 785:C:/Program Files (x86)/Arm GNU Toolchain arm-none-eabi/14.3 rel1/arm-none-eabi/include/c++/14.3.1/bits\stl_vector.h **** 	return *this;
 786:C:/Program Files (x86)/Arm GNU Toolchain arm-none-eabi/14.3 rel1/arm-none-eabi/include/c++/14.3.1/bits\stl_vector.h ****       }
 787:C:/Program Files (x86)/Arm GNU Toolchain arm-none-eabi/14.3 rel1/arm-none-eabi/include/c++/14.3.1/bits\stl_vector.h **** 
 788:C:/Program Files (x86)/Arm GNU Toolchain arm-none-eabi/14.3 rel1/arm-none-eabi/include/c++/14.3.1/bits\stl_vector.h ****       /**
 789:C:/Program Files (x86)/Arm GNU Toolchain arm-none-eabi/14.3 rel1/arm-none-eabi/include/c++/14.3.1/bits\stl_vector.h ****        *  @brief  %Vector list assignment operator.
 790:C:/Program Files (x86)/Arm GNU Toolchain arm-none-eabi/14.3 rel1/arm-none-eabi/include/c++/14.3.1/bits\stl_vector.h ****        *  @param  __l  An initializer_list.
 791:C:/Program Files (x86)/Arm GNU Toolchain arm-none-eabi/14.3 rel1/arm-none-eabi/include/c++/14.3.1/bits\stl_vector.h ****        *
 792:C:/Program Files (x86)/Arm GNU Toolchain arm-none-eabi/14.3 rel1/arm-none-eabi/include/c++/14.3.1/bits\stl_vector.h ****        *  This function fills a %vector with copies of the elements in the
 793:C:/Program Files (x86)/Arm GNU Toolchain arm-none-eabi/14.3 rel1/arm-none-eabi/include/c++/14.3.1/bits\stl_vector.h ****        *  initializer list @a __l.
 794:C:/Program Files (x86)/Arm GNU Toolchain arm-none-eabi/14.3 rel1/arm-none-eabi/include/c++/14.3.1/bits\stl_vector.h ****        *
 795:C:/Program Files (x86)/Arm GNU Toolchain arm-none-eabi/14.3 rel1/arm-none-eabi/include/c++/14.3.1/bits\stl_vector.h ****        *  Note that the assignment completely changes the %vector and
 796:C:/Program Files (x86)/Arm GNU Toolchain arm-none-eabi/14.3 rel1/arm-none-eabi/include/c++/14.3.1/bits\stl_vector.h ****        *  that the resulting %vector's size is the same as the number
 797:C:/Program Files (x86)/Arm GNU Toolchain arm-none-eabi/14.3 rel1/arm-none-eabi/include/c++/14.3.1/bits\stl_vector.h ****        *  of elements assigned.
 798:C:/Program Files (x86)/Arm GNU Toolchain arm-none-eabi/14.3 rel1/arm-none-eabi/include/c++/14.3.1/bits\stl_vector.h ****        */
 799:C:/Program Files (x86)/Arm GNU Toolchain arm-none-eabi/14.3 rel1/arm-none-eabi/include/c++/14.3.1/bits\stl_vector.h ****       _GLIBCXX20_CONSTEXPR
 800:C:/Program Files (x86)/Arm GNU Toolchain arm-none-eabi/14.3 rel1/arm-none-eabi/include/c++/14.3.1/bits\stl_vector.h ****       vector&
 801:C:/Program Files (x86)/Arm GNU Toolchain arm-none-eabi/14.3 rel1/arm-none-eabi/include/c++/14.3.1/bits\stl_vector.h ****       operator=(initializer_list<value_type> __l)
 802:C:/Program Files (x86)/Arm GNU Toolchain arm-none-eabi/14.3 rel1/arm-none-eabi/include/c++/14.3.1/bits\stl_vector.h ****       {
 803:C:/Program Files (x86)/Arm GNU Toolchain arm-none-eabi/14.3 rel1/arm-none-eabi/include/c++/14.3.1/bits\stl_vector.h **** 	this->_M_assign_aux(__l.begin(), __l.end(),
 804:C:/Program Files (x86)/Arm GNU Toolchain arm-none-eabi/14.3 rel1/arm-none-eabi/include/c++/14.3.1/bits\stl_vector.h **** 			    random_access_iterator_tag());
 805:C:/Program Files (x86)/Arm GNU Toolchain arm-none-eabi/14.3 rel1/arm-none-eabi/include/c++/14.3.1/bits\stl_vector.h **** 	return *this;
 806:C:/Program Files (x86)/Arm GNU Toolchain arm-none-eabi/14.3 rel1/arm-none-eabi/include/c++/14.3.1/bits\stl_vector.h ****       }
 807:C:/Program Files (x86)/Arm GNU Toolchain arm-none-eabi/14.3 rel1/arm-none-eabi/include/c++/14.3.1/bits\stl_vector.h **** #endif
 808:C:/Program Files (x86)/Arm GNU Toolchain arm-none-eabi/14.3 rel1/arm-none-eabi/include/c++/14.3.1/bits\stl_vector.h **** 
 809:C:/Program Files (x86)/Arm GNU Toolchain arm-none-eabi/14.3 rel1/arm-none-eabi/include/c++/14.3.1/bits\stl_vector.h ****       /**
 810:C:/Program Files (x86)/Arm GNU Toolchain arm-none-eabi/14.3 rel1/arm-none-eabi/include/c++/14.3.1/bits\stl_vector.h ****        *  @brief  Assigns a given value to a %vector.
 811:C:/Program Files (x86)/Arm GNU Toolchain arm-none-eabi/14.3 rel1/arm-none-eabi/include/c++/14.3.1/bits\stl_vector.h ****        *  @param  __n  Number of elements to be assigned.
 812:C:/Program Files (x86)/Arm GNU Toolchain arm-none-eabi/14.3 rel1/arm-none-eabi/include/c++/14.3.1/bits\stl_vector.h ****        *  @param  __val  Value to be assigned.
ARM GAS  C:\Users\Oliver\AppData\Local\Temp\cclFZbsF.s 			page 19


 813:C:/Program Files (x86)/Arm GNU Toolchain arm-none-eabi/14.3 rel1/arm-none-eabi/include/c++/14.3.1/bits\stl_vector.h ****        *
 814:C:/Program Files (x86)/Arm GNU Toolchain arm-none-eabi/14.3 rel1/arm-none-eabi/include/c++/14.3.1/bits\stl_vector.h ****        *  This function fills a %vector with @a __n copies of the given
 815:C:/Program Files (x86)/Arm GNU Toolchain arm-none-eabi/14.3 rel1/arm-none-eabi/include/c++/14.3.1/bits\stl_vector.h ****        *  value.  Note that the assignment completely changes the
 816:C:/Program Files (x86)/Arm GNU Toolchain arm-none-eabi/14.3 rel1/arm-none-eabi/include/c++/14.3.1/bits\stl_vector.h ****        *  %vector and that the resulting %vector's size is the same as
 817:C:/Program Files (x86)/Arm GNU Toolchain arm-none-eabi/14.3 rel1/arm-none-eabi/include/c++/14.3.1/bits\stl_vector.h ****        *  the number of elements assigned.
 818:C:/Program Files (x86)/Arm GNU Toolchain arm-none-eabi/14.3 rel1/arm-none-eabi/include/c++/14.3.1/bits\stl_vector.h ****        */
 819:C:/Program Files (x86)/Arm GNU Toolchain arm-none-eabi/14.3 rel1/arm-none-eabi/include/c++/14.3.1/bits\stl_vector.h ****       _GLIBCXX20_CONSTEXPR
 820:C:/Program Files (x86)/Arm GNU Toolchain arm-none-eabi/14.3 rel1/arm-none-eabi/include/c++/14.3.1/bits\stl_vector.h ****       void
 821:C:/Program Files (x86)/Arm GNU Toolchain arm-none-eabi/14.3 rel1/arm-none-eabi/include/c++/14.3.1/bits\stl_vector.h ****       assign(size_type __n, const value_type& __val)
 822:C:/Program Files (x86)/Arm GNU Toolchain arm-none-eabi/14.3 rel1/arm-none-eabi/include/c++/14.3.1/bits\stl_vector.h ****       { _M_fill_assign(__n, __val); }
 823:C:/Program Files (x86)/Arm GNU Toolchain arm-none-eabi/14.3 rel1/arm-none-eabi/include/c++/14.3.1/bits\stl_vector.h **** 
 824:C:/Program Files (x86)/Arm GNU Toolchain arm-none-eabi/14.3 rel1/arm-none-eabi/include/c++/14.3.1/bits\stl_vector.h ****       /**
 825:C:/Program Files (x86)/Arm GNU Toolchain arm-none-eabi/14.3 rel1/arm-none-eabi/include/c++/14.3.1/bits\stl_vector.h ****        *  @brief  Assigns a range to a %vector.
 826:C:/Program Files (x86)/Arm GNU Toolchain arm-none-eabi/14.3 rel1/arm-none-eabi/include/c++/14.3.1/bits\stl_vector.h ****        *  @param  __first  An input iterator.
 827:C:/Program Files (x86)/Arm GNU Toolchain arm-none-eabi/14.3 rel1/arm-none-eabi/include/c++/14.3.1/bits\stl_vector.h ****        *  @param  __last   An input iterator.
 828:C:/Program Files (x86)/Arm GNU Toolchain arm-none-eabi/14.3 rel1/arm-none-eabi/include/c++/14.3.1/bits\stl_vector.h ****        *
 829:C:/Program Files (x86)/Arm GNU Toolchain arm-none-eabi/14.3 rel1/arm-none-eabi/include/c++/14.3.1/bits\stl_vector.h ****        *  This function fills a %vector with copies of the elements in the
 830:C:/Program Files (x86)/Arm GNU Toolchain arm-none-eabi/14.3 rel1/arm-none-eabi/include/c++/14.3.1/bits\stl_vector.h ****        *  range [__first,__last).
 831:C:/Program Files (x86)/Arm GNU Toolchain arm-none-eabi/14.3 rel1/arm-none-eabi/include/c++/14.3.1/bits\stl_vector.h ****        *
 832:C:/Program Files (x86)/Arm GNU Toolchain arm-none-eabi/14.3 rel1/arm-none-eabi/include/c++/14.3.1/bits\stl_vector.h ****        *  Note that the assignment completely changes the %vector and
 833:C:/Program Files (x86)/Arm GNU Toolchain arm-none-eabi/14.3 rel1/arm-none-eabi/include/c++/14.3.1/bits\stl_vector.h ****        *  that the resulting %vector's size is the same as the number
 834:C:/Program Files (x86)/Arm GNU Toolchain arm-none-eabi/14.3 rel1/arm-none-eabi/include/c++/14.3.1/bits\stl_vector.h ****        *  of elements assigned.
 835:C:/Program Files (x86)/Arm GNU Toolchain arm-none-eabi/14.3 rel1/arm-none-eabi/include/c++/14.3.1/bits\stl_vector.h ****        */
 836:C:/Program Files (x86)/Arm GNU Toolchain arm-none-eabi/14.3 rel1/arm-none-eabi/include/c++/14.3.1/bits\stl_vector.h **** #if __cplusplus >= 201103L
 837:C:/Program Files (x86)/Arm GNU Toolchain arm-none-eabi/14.3 rel1/arm-none-eabi/include/c++/14.3.1/bits\stl_vector.h ****       template<typename _InputIterator,
 838:C:/Program Files (x86)/Arm GNU Toolchain arm-none-eabi/14.3 rel1/arm-none-eabi/include/c++/14.3.1/bits\stl_vector.h **** 	       typename = std::_RequireInputIter<_InputIterator>>
 839:C:/Program Files (x86)/Arm GNU Toolchain arm-none-eabi/14.3 rel1/arm-none-eabi/include/c++/14.3.1/bits\stl_vector.h **** 	_GLIBCXX20_CONSTEXPR
 840:C:/Program Files (x86)/Arm GNU Toolchain arm-none-eabi/14.3 rel1/arm-none-eabi/include/c++/14.3.1/bits\stl_vector.h **** 	void
 841:C:/Program Files (x86)/Arm GNU Toolchain arm-none-eabi/14.3 rel1/arm-none-eabi/include/c++/14.3.1/bits\stl_vector.h **** 	assign(_InputIterator __first, _InputIterator __last)
 842:C:/Program Files (x86)/Arm GNU Toolchain arm-none-eabi/14.3 rel1/arm-none-eabi/include/c++/14.3.1/bits\stl_vector.h **** 	{ _M_assign_aux(__first, __last, std::__iterator_category(__first)); }
 843:C:/Program Files (x86)/Arm GNU Toolchain arm-none-eabi/14.3 rel1/arm-none-eabi/include/c++/14.3.1/bits\stl_vector.h **** #else
 844:C:/Program Files (x86)/Arm GNU Toolchain arm-none-eabi/14.3 rel1/arm-none-eabi/include/c++/14.3.1/bits\stl_vector.h ****       template<typename _InputIterator>
 845:C:/Program Files (x86)/Arm GNU Toolchain arm-none-eabi/14.3 rel1/arm-none-eabi/include/c++/14.3.1/bits\stl_vector.h **** 	void
 846:C:/Program Files (x86)/Arm GNU Toolchain arm-none-eabi/14.3 rel1/arm-none-eabi/include/c++/14.3.1/bits\stl_vector.h **** 	assign(_InputIterator __first, _InputIterator __last)
 847:C:/Program Files (x86)/Arm GNU Toolchain arm-none-eabi/14.3 rel1/arm-none-eabi/include/c++/14.3.1/bits\stl_vector.h **** 	{
 848:C:/Program Files (x86)/Arm GNU Toolchain arm-none-eabi/14.3 rel1/arm-none-eabi/include/c++/14.3.1/bits\stl_vector.h **** 	  // Check whether it's an integral type.  If so, it's not an iterator.
 849:C:/Program Files (x86)/Arm GNU Toolchain arm-none-eabi/14.3 rel1/arm-none-eabi/include/c++/14.3.1/bits\stl_vector.h **** 	  typedef typename std::__is_integer<_InputIterator>::__type _Integral;
 850:C:/Program Files (x86)/Arm GNU Toolchain arm-none-eabi/14.3 rel1/arm-none-eabi/include/c++/14.3.1/bits\stl_vector.h **** 	  _M_assign_dispatch(__first, __last, _Integral());
 851:C:/Program Files (x86)/Arm GNU Toolchain arm-none-eabi/14.3 rel1/arm-none-eabi/include/c++/14.3.1/bits\stl_vector.h **** 	}
 852:C:/Program Files (x86)/Arm GNU Toolchain arm-none-eabi/14.3 rel1/arm-none-eabi/include/c++/14.3.1/bits\stl_vector.h **** #endif
 853:C:/Program Files (x86)/Arm GNU Toolchain arm-none-eabi/14.3 rel1/arm-none-eabi/include/c++/14.3.1/bits\stl_vector.h **** 
 854:C:/Program Files (x86)/Arm GNU Toolchain arm-none-eabi/14.3 rel1/arm-none-eabi/include/c++/14.3.1/bits\stl_vector.h **** #if __cplusplus >= 201103L
 855:C:/Program Files (x86)/Arm GNU Toolchain arm-none-eabi/14.3 rel1/arm-none-eabi/include/c++/14.3.1/bits\stl_vector.h ****       /**
 856:C:/Program Files (x86)/Arm GNU Toolchain arm-none-eabi/14.3 rel1/arm-none-eabi/include/c++/14.3.1/bits\stl_vector.h ****        *  @brief  Assigns an initializer list to a %vector.
 857:C:/Program Files (x86)/Arm GNU Toolchain arm-none-eabi/14.3 rel1/arm-none-eabi/include/c++/14.3.1/bits\stl_vector.h ****        *  @param  __l  An initializer_list.
 858:C:/Program Files (x86)/Arm GNU Toolchain arm-none-eabi/14.3 rel1/arm-none-eabi/include/c++/14.3.1/bits\stl_vector.h ****        *
 859:C:/Program Files (x86)/Arm GNU Toolchain arm-none-eabi/14.3 rel1/arm-none-eabi/include/c++/14.3.1/bits\stl_vector.h ****        *  This function fills a %vector with copies of the elements in the
 860:C:/Program Files (x86)/Arm GNU Toolchain arm-none-eabi/14.3 rel1/arm-none-eabi/include/c++/14.3.1/bits\stl_vector.h ****        *  initializer list @a __l.
 861:C:/Program Files (x86)/Arm GNU Toolchain arm-none-eabi/14.3 rel1/arm-none-eabi/include/c++/14.3.1/bits\stl_vector.h ****        *
 862:C:/Program Files (x86)/Arm GNU Toolchain arm-none-eabi/14.3 rel1/arm-none-eabi/include/c++/14.3.1/bits\stl_vector.h ****        *  Note that the assignment completely changes the %vector and
 863:C:/Program Files (x86)/Arm GNU Toolchain arm-none-eabi/14.3 rel1/arm-none-eabi/include/c++/14.3.1/bits\stl_vector.h ****        *  that the resulting %vector's size is the same as the number
 864:C:/Program Files (x86)/Arm GNU Toolchain arm-none-eabi/14.3 rel1/arm-none-eabi/include/c++/14.3.1/bits\stl_vector.h ****        *  of elements assigned.
 865:C:/Program Files (x86)/Arm GNU Toolchain arm-none-eabi/14.3 rel1/arm-none-eabi/include/c++/14.3.1/bits\stl_vector.h ****        */
 866:C:/Program Files (x86)/Arm GNU Toolchain arm-none-eabi/14.3 rel1/arm-none-eabi/include/c++/14.3.1/bits\stl_vector.h ****       _GLIBCXX20_CONSTEXPR
 867:C:/Program Files (x86)/Arm GNU Toolchain arm-none-eabi/14.3 rel1/arm-none-eabi/include/c++/14.3.1/bits\stl_vector.h ****       void
 868:C:/Program Files (x86)/Arm GNU Toolchain arm-none-eabi/14.3 rel1/arm-none-eabi/include/c++/14.3.1/bits\stl_vector.h ****       assign(initializer_list<value_type> __l)
 869:C:/Program Files (x86)/Arm GNU Toolchain arm-none-eabi/14.3 rel1/arm-none-eabi/include/c++/14.3.1/bits\stl_vector.h ****       {
ARM GAS  C:\Users\Oliver\AppData\Local\Temp\cclFZbsF.s 			page 20


 870:C:/Program Files (x86)/Arm GNU Toolchain arm-none-eabi/14.3 rel1/arm-none-eabi/include/c++/14.3.1/bits\stl_vector.h **** 	this->_M_assign_aux(__l.begin(), __l.end(),
 871:C:/Program Files (x86)/Arm GNU Toolchain arm-none-eabi/14.3 rel1/arm-none-eabi/include/c++/14.3.1/bits\stl_vector.h **** 			    random_access_iterator_tag());
 872:C:/Program Files (x86)/Arm GNU Toolchain arm-none-eabi/14.3 rel1/arm-none-eabi/include/c++/14.3.1/bits\stl_vector.h ****       }
 873:C:/Program Files (x86)/Arm GNU Toolchain arm-none-eabi/14.3 rel1/arm-none-eabi/include/c++/14.3.1/bits\stl_vector.h **** #endif
 874:C:/Program Files (x86)/Arm GNU Toolchain arm-none-eabi/14.3 rel1/arm-none-eabi/include/c++/14.3.1/bits\stl_vector.h **** 
 875:C:/Program Files (x86)/Arm GNU Toolchain arm-none-eabi/14.3 rel1/arm-none-eabi/include/c++/14.3.1/bits\stl_vector.h ****       /// Get a copy of the memory allocation object.
 876:C:/Program Files (x86)/Arm GNU Toolchain arm-none-eabi/14.3 rel1/arm-none-eabi/include/c++/14.3.1/bits\stl_vector.h ****       using _Base::get_allocator;
 877:C:/Program Files (x86)/Arm GNU Toolchain arm-none-eabi/14.3 rel1/arm-none-eabi/include/c++/14.3.1/bits\stl_vector.h **** 
 878:C:/Program Files (x86)/Arm GNU Toolchain arm-none-eabi/14.3 rel1/arm-none-eabi/include/c++/14.3.1/bits\stl_vector.h ****       // iterators
 879:C:/Program Files (x86)/Arm GNU Toolchain arm-none-eabi/14.3 rel1/arm-none-eabi/include/c++/14.3.1/bits\stl_vector.h ****       /**
 880:C:/Program Files (x86)/Arm GNU Toolchain arm-none-eabi/14.3 rel1/arm-none-eabi/include/c++/14.3.1/bits\stl_vector.h ****        *  Returns a read/write iterator that points to the first
 881:C:/Program Files (x86)/Arm GNU Toolchain arm-none-eabi/14.3 rel1/arm-none-eabi/include/c++/14.3.1/bits\stl_vector.h ****        *  element in the %vector.  Iteration is done in ordinary
 882:C:/Program Files (x86)/Arm GNU Toolchain arm-none-eabi/14.3 rel1/arm-none-eabi/include/c++/14.3.1/bits\stl_vector.h ****        *  element order.
 883:C:/Program Files (x86)/Arm GNU Toolchain arm-none-eabi/14.3 rel1/arm-none-eabi/include/c++/14.3.1/bits\stl_vector.h ****        */
 884:C:/Program Files (x86)/Arm GNU Toolchain arm-none-eabi/14.3 rel1/arm-none-eabi/include/c++/14.3.1/bits\stl_vector.h ****       _GLIBCXX_NODISCARD _GLIBCXX20_CONSTEXPR
 885:C:/Program Files (x86)/Arm GNU Toolchain arm-none-eabi/14.3 rel1/arm-none-eabi/include/c++/14.3.1/bits\stl_vector.h ****       iterator
 886:C:/Program Files (x86)/Arm GNU Toolchain arm-none-eabi/14.3 rel1/arm-none-eabi/include/c++/14.3.1/bits\stl_vector.h ****       begin() _GLIBCXX_NOEXCEPT
 887:C:/Program Files (x86)/Arm GNU Toolchain arm-none-eabi/14.3 rel1/arm-none-eabi/include/c++/14.3.1/bits\stl_vector.h ****       { return iterator(this->_M_impl._M_start); }
 888:C:/Program Files (x86)/Arm GNU Toolchain arm-none-eabi/14.3 rel1/arm-none-eabi/include/c++/14.3.1/bits\stl_vector.h **** 
 889:C:/Program Files (x86)/Arm GNU Toolchain arm-none-eabi/14.3 rel1/arm-none-eabi/include/c++/14.3.1/bits\stl_vector.h ****       /**
 890:C:/Program Files (x86)/Arm GNU Toolchain arm-none-eabi/14.3 rel1/arm-none-eabi/include/c++/14.3.1/bits\stl_vector.h ****        *  Returns a read-only (constant) iterator that points to the
 891:C:/Program Files (x86)/Arm GNU Toolchain arm-none-eabi/14.3 rel1/arm-none-eabi/include/c++/14.3.1/bits\stl_vector.h ****        *  first element in the %vector.  Iteration is done in ordinary
 892:C:/Program Files (x86)/Arm GNU Toolchain arm-none-eabi/14.3 rel1/arm-none-eabi/include/c++/14.3.1/bits\stl_vector.h ****        *  element order.
 893:C:/Program Files (x86)/Arm GNU Toolchain arm-none-eabi/14.3 rel1/arm-none-eabi/include/c++/14.3.1/bits\stl_vector.h ****        */
 894:C:/Program Files (x86)/Arm GNU Toolchain arm-none-eabi/14.3 rel1/arm-none-eabi/include/c++/14.3.1/bits\stl_vector.h ****       _GLIBCXX_NODISCARD _GLIBCXX20_CONSTEXPR
 895:C:/Program Files (x86)/Arm GNU Toolchain arm-none-eabi/14.3 rel1/arm-none-eabi/include/c++/14.3.1/bits\stl_vector.h ****       const_iterator
 896:C:/Program Files (x86)/Arm GNU Toolchain arm-none-eabi/14.3 rel1/arm-none-eabi/include/c++/14.3.1/bits\stl_vector.h ****       begin() const _GLIBCXX_NOEXCEPT
 897:C:/Program Files (x86)/Arm GNU Toolchain arm-none-eabi/14.3 rel1/arm-none-eabi/include/c++/14.3.1/bits\stl_vector.h ****       { return const_iterator(this->_M_impl._M_start); }
 898:C:/Program Files (x86)/Arm GNU Toolchain arm-none-eabi/14.3 rel1/arm-none-eabi/include/c++/14.3.1/bits\stl_vector.h **** 
 899:C:/Program Files (x86)/Arm GNU Toolchain arm-none-eabi/14.3 rel1/arm-none-eabi/include/c++/14.3.1/bits\stl_vector.h ****       /**
 900:C:/Program Files (x86)/Arm GNU Toolchain arm-none-eabi/14.3 rel1/arm-none-eabi/include/c++/14.3.1/bits\stl_vector.h ****        *  Returns a read/write iterator that points one past the last
 901:C:/Program Files (x86)/Arm GNU Toolchain arm-none-eabi/14.3 rel1/arm-none-eabi/include/c++/14.3.1/bits\stl_vector.h ****        *  element in the %vector.  Iteration is done in ordinary
 902:C:/Program Files (x86)/Arm GNU Toolchain arm-none-eabi/14.3 rel1/arm-none-eabi/include/c++/14.3.1/bits\stl_vector.h ****        *  element order.
 903:C:/Program Files (x86)/Arm GNU Toolchain arm-none-eabi/14.3 rel1/arm-none-eabi/include/c++/14.3.1/bits\stl_vector.h ****        */
 904:C:/Program Files (x86)/Arm GNU Toolchain arm-none-eabi/14.3 rel1/arm-none-eabi/include/c++/14.3.1/bits\stl_vector.h ****       _GLIBCXX_NODISCARD _GLIBCXX20_CONSTEXPR
 905:C:/Program Files (x86)/Arm GNU Toolchain arm-none-eabi/14.3 rel1/arm-none-eabi/include/c++/14.3.1/bits\stl_vector.h ****       iterator
 906:C:/Program Files (x86)/Arm GNU Toolchain arm-none-eabi/14.3 rel1/arm-none-eabi/include/c++/14.3.1/bits\stl_vector.h ****       end() _GLIBCXX_NOEXCEPT
 907:C:/Program Files (x86)/Arm GNU Toolchain arm-none-eabi/14.3 rel1/arm-none-eabi/include/c++/14.3.1/bits\stl_vector.h ****       { return iterator(this->_M_impl._M_finish); }
 908:C:/Program Files (x86)/Arm GNU Toolchain arm-none-eabi/14.3 rel1/arm-none-eabi/include/c++/14.3.1/bits\stl_vector.h **** 
 909:C:/Program Files (x86)/Arm GNU Toolchain arm-none-eabi/14.3 rel1/arm-none-eabi/include/c++/14.3.1/bits\stl_vector.h ****       /**
 910:C:/Program Files (x86)/Arm GNU Toolchain arm-none-eabi/14.3 rel1/arm-none-eabi/include/c++/14.3.1/bits\stl_vector.h ****        *  Returns a read-only (constant) iterator that points one past
 911:C:/Program Files (x86)/Arm GNU Toolchain arm-none-eabi/14.3 rel1/arm-none-eabi/include/c++/14.3.1/bits\stl_vector.h ****        *  the last element in the %vector.  Iteration is done in
 912:C:/Program Files (x86)/Arm GNU Toolchain arm-none-eabi/14.3 rel1/arm-none-eabi/include/c++/14.3.1/bits\stl_vector.h ****        *  ordinary element order.
 913:C:/Program Files (x86)/Arm GNU Toolchain arm-none-eabi/14.3 rel1/arm-none-eabi/include/c++/14.3.1/bits\stl_vector.h ****        */
 914:C:/Program Files (x86)/Arm GNU Toolchain arm-none-eabi/14.3 rel1/arm-none-eabi/include/c++/14.3.1/bits\stl_vector.h ****       _GLIBCXX_NODISCARD _GLIBCXX20_CONSTEXPR
 915:C:/Program Files (x86)/Arm GNU Toolchain arm-none-eabi/14.3 rel1/arm-none-eabi/include/c++/14.3.1/bits\stl_vector.h ****       const_iterator
 916:C:/Program Files (x86)/Arm GNU Toolchain arm-none-eabi/14.3 rel1/arm-none-eabi/include/c++/14.3.1/bits\stl_vector.h ****       end() const _GLIBCXX_NOEXCEPT
 917:C:/Program Files (x86)/Arm GNU Toolchain arm-none-eabi/14.3 rel1/arm-none-eabi/include/c++/14.3.1/bits\stl_vector.h ****       { return const_iterator(this->_M_impl._M_finish); }
 918:C:/Program Files (x86)/Arm GNU Toolchain arm-none-eabi/14.3 rel1/arm-none-eabi/include/c++/14.3.1/bits\stl_vector.h **** 
 919:C:/Program Files (x86)/Arm GNU Toolchain arm-none-eabi/14.3 rel1/arm-none-eabi/include/c++/14.3.1/bits\stl_vector.h ****       /**
 920:C:/Program Files (x86)/Arm GNU Toolchain arm-none-eabi/14.3 rel1/arm-none-eabi/include/c++/14.3.1/bits\stl_vector.h ****        *  Returns a read/write reverse iterator that points to the
 921:C:/Program Files (x86)/Arm GNU Toolchain arm-none-eabi/14.3 rel1/arm-none-eabi/include/c++/14.3.1/bits\stl_vector.h ****        *  last element in the %vector.  Iteration is done in reverse
 922:C:/Program Files (x86)/Arm GNU Toolchain arm-none-eabi/14.3 rel1/arm-none-eabi/include/c++/14.3.1/bits\stl_vector.h ****        *  element order.
 923:C:/Program Files (x86)/Arm GNU Toolchain arm-none-eabi/14.3 rel1/arm-none-eabi/include/c++/14.3.1/bits\stl_vector.h ****        */
 924:C:/Program Files (x86)/Arm GNU Toolchain arm-none-eabi/14.3 rel1/arm-none-eabi/include/c++/14.3.1/bits\stl_vector.h ****       _GLIBCXX_NODISCARD _GLIBCXX20_CONSTEXPR
 925:C:/Program Files (x86)/Arm GNU Toolchain arm-none-eabi/14.3 rel1/arm-none-eabi/include/c++/14.3.1/bits\stl_vector.h ****       reverse_iterator
 926:C:/Program Files (x86)/Arm GNU Toolchain arm-none-eabi/14.3 rel1/arm-none-eabi/include/c++/14.3.1/bits\stl_vector.h ****       rbegin() _GLIBCXX_NOEXCEPT
ARM GAS  C:\Users\Oliver\AppData\Local\Temp\cclFZbsF.s 			page 21


 927:C:/Program Files (x86)/Arm GNU Toolchain arm-none-eabi/14.3 rel1/arm-none-eabi/include/c++/14.3.1/bits\stl_vector.h ****       { return reverse_iterator(end()); }
 928:C:/Program Files (x86)/Arm GNU Toolchain arm-none-eabi/14.3 rel1/arm-none-eabi/include/c++/14.3.1/bits\stl_vector.h **** 
 929:C:/Program Files (x86)/Arm GNU Toolchain arm-none-eabi/14.3 rel1/arm-none-eabi/include/c++/14.3.1/bits\stl_vector.h ****       /**
 930:C:/Program Files (x86)/Arm GNU Toolchain arm-none-eabi/14.3 rel1/arm-none-eabi/include/c++/14.3.1/bits\stl_vector.h ****        *  Returns a read-only (constant) reverse iterator that points
 931:C:/Program Files (x86)/Arm GNU Toolchain arm-none-eabi/14.3 rel1/arm-none-eabi/include/c++/14.3.1/bits\stl_vector.h ****        *  to the last element in the %vector.  Iteration is done in
 932:C:/Program Files (x86)/Arm GNU Toolchain arm-none-eabi/14.3 rel1/arm-none-eabi/include/c++/14.3.1/bits\stl_vector.h ****        *  reverse element order.
 933:C:/Program Files (x86)/Arm GNU Toolchain arm-none-eabi/14.3 rel1/arm-none-eabi/include/c++/14.3.1/bits\stl_vector.h ****        */
 934:C:/Program Files (x86)/Arm GNU Toolchain arm-none-eabi/14.3 rel1/arm-none-eabi/include/c++/14.3.1/bits\stl_vector.h ****       _GLIBCXX_NODISCARD _GLIBCXX20_CONSTEXPR
 935:C:/Program Files (x86)/Arm GNU Toolchain arm-none-eabi/14.3 rel1/arm-none-eabi/include/c++/14.3.1/bits\stl_vector.h ****       const_reverse_iterator
 936:C:/Program Files (x86)/Arm GNU Toolchain arm-none-eabi/14.3 rel1/arm-none-eabi/include/c++/14.3.1/bits\stl_vector.h ****       rbegin() const _GLIBCXX_NOEXCEPT
 937:C:/Program Files (x86)/Arm GNU Toolchain arm-none-eabi/14.3 rel1/arm-none-eabi/include/c++/14.3.1/bits\stl_vector.h ****       { return const_reverse_iterator(end()); }
 938:C:/Program Files (x86)/Arm GNU Toolchain arm-none-eabi/14.3 rel1/arm-none-eabi/include/c++/14.3.1/bits\stl_vector.h **** 
 939:C:/Program Files (x86)/Arm GNU Toolchain arm-none-eabi/14.3 rel1/arm-none-eabi/include/c++/14.3.1/bits\stl_vector.h ****       /**
 940:C:/Program Files (x86)/Arm GNU Toolchain arm-none-eabi/14.3 rel1/arm-none-eabi/include/c++/14.3.1/bits\stl_vector.h ****        *  Returns a read/write reverse iterator that points to one
 941:C:/Program Files (x86)/Arm GNU Toolchain arm-none-eabi/14.3 rel1/arm-none-eabi/include/c++/14.3.1/bits\stl_vector.h ****        *  before the first element in the %vector.  Iteration is done
 942:C:/Program Files (x86)/Arm GNU Toolchain arm-none-eabi/14.3 rel1/arm-none-eabi/include/c++/14.3.1/bits\stl_vector.h ****        *  in reverse element order.
 943:C:/Program Files (x86)/Arm GNU Toolchain arm-none-eabi/14.3 rel1/arm-none-eabi/include/c++/14.3.1/bits\stl_vector.h ****        */
 944:C:/Program Files (x86)/Arm GNU Toolchain arm-none-eabi/14.3 rel1/arm-none-eabi/include/c++/14.3.1/bits\stl_vector.h ****       _GLIBCXX_NODISCARD _GLIBCXX20_CONSTEXPR
 945:C:/Program Files (x86)/Arm GNU Toolchain arm-none-eabi/14.3 rel1/arm-none-eabi/include/c++/14.3.1/bits\stl_vector.h ****       reverse_iterator
 946:C:/Program Files (x86)/Arm GNU Toolchain arm-none-eabi/14.3 rel1/arm-none-eabi/include/c++/14.3.1/bits\stl_vector.h ****       rend() _GLIBCXX_NOEXCEPT
 947:C:/Program Files (x86)/Arm GNU Toolchain arm-none-eabi/14.3 rel1/arm-none-eabi/include/c++/14.3.1/bits\stl_vector.h ****       { return reverse_iterator(begin()); }
 948:C:/Program Files (x86)/Arm GNU Toolchain arm-none-eabi/14.3 rel1/arm-none-eabi/include/c++/14.3.1/bits\stl_vector.h **** 
 949:C:/Program Files (x86)/Arm GNU Toolchain arm-none-eabi/14.3 rel1/arm-none-eabi/include/c++/14.3.1/bits\stl_vector.h ****       /**
 950:C:/Program Files (x86)/Arm GNU Toolchain arm-none-eabi/14.3 rel1/arm-none-eabi/include/c++/14.3.1/bits\stl_vector.h ****        *  Returns a read-only (constant) reverse iterator that points
 951:C:/Program Files (x86)/Arm GNU Toolchain arm-none-eabi/14.3 rel1/arm-none-eabi/include/c++/14.3.1/bits\stl_vector.h ****        *  to one before the first element in the %vector.  Iteration
 952:C:/Program Files (x86)/Arm GNU Toolchain arm-none-eabi/14.3 rel1/arm-none-eabi/include/c++/14.3.1/bits\stl_vector.h ****        *  is done in reverse element order.
 953:C:/Program Files (x86)/Arm GNU Toolchain arm-none-eabi/14.3 rel1/arm-none-eabi/include/c++/14.3.1/bits\stl_vector.h ****        */
 954:C:/Program Files (x86)/Arm GNU Toolchain arm-none-eabi/14.3 rel1/arm-none-eabi/include/c++/14.3.1/bits\stl_vector.h ****       _GLIBCXX_NODISCARD _GLIBCXX20_CONSTEXPR
 955:C:/Program Files (x86)/Arm GNU Toolchain arm-none-eabi/14.3 rel1/arm-none-eabi/include/c++/14.3.1/bits\stl_vector.h ****       const_reverse_iterator
 956:C:/Program Files (x86)/Arm GNU Toolchain arm-none-eabi/14.3 rel1/arm-none-eabi/include/c++/14.3.1/bits\stl_vector.h ****       rend() const _GLIBCXX_NOEXCEPT
 957:C:/Program Files (x86)/Arm GNU Toolchain arm-none-eabi/14.3 rel1/arm-none-eabi/include/c++/14.3.1/bits\stl_vector.h ****       { return const_reverse_iterator(begin()); }
 958:C:/Program Files (x86)/Arm GNU Toolchain arm-none-eabi/14.3 rel1/arm-none-eabi/include/c++/14.3.1/bits\stl_vector.h **** 
 959:C:/Program Files (x86)/Arm GNU Toolchain arm-none-eabi/14.3 rel1/arm-none-eabi/include/c++/14.3.1/bits\stl_vector.h **** #if __cplusplus >= 201103L
 960:C:/Program Files (x86)/Arm GNU Toolchain arm-none-eabi/14.3 rel1/arm-none-eabi/include/c++/14.3.1/bits\stl_vector.h ****       /**
 961:C:/Program Files (x86)/Arm GNU Toolchain arm-none-eabi/14.3 rel1/arm-none-eabi/include/c++/14.3.1/bits\stl_vector.h ****        *  Returns a read-only (constant) iterator that points to the
 962:C:/Program Files (x86)/Arm GNU Toolchain arm-none-eabi/14.3 rel1/arm-none-eabi/include/c++/14.3.1/bits\stl_vector.h ****        *  first element in the %vector.  Iteration is done in ordinary
 963:C:/Program Files (x86)/Arm GNU Toolchain arm-none-eabi/14.3 rel1/arm-none-eabi/include/c++/14.3.1/bits\stl_vector.h ****        *  element order.
 964:C:/Program Files (x86)/Arm GNU Toolchain arm-none-eabi/14.3 rel1/arm-none-eabi/include/c++/14.3.1/bits\stl_vector.h ****        */
 965:C:/Program Files (x86)/Arm GNU Toolchain arm-none-eabi/14.3 rel1/arm-none-eabi/include/c++/14.3.1/bits\stl_vector.h ****       [[__nodiscard__]] _GLIBCXX20_CONSTEXPR
 966:C:/Program Files (x86)/Arm GNU Toolchain arm-none-eabi/14.3 rel1/arm-none-eabi/include/c++/14.3.1/bits\stl_vector.h ****       const_iterator
 967:C:/Program Files (x86)/Arm GNU Toolchain arm-none-eabi/14.3 rel1/arm-none-eabi/include/c++/14.3.1/bits\stl_vector.h ****       cbegin() const noexcept
 968:C:/Program Files (x86)/Arm GNU Toolchain arm-none-eabi/14.3 rel1/arm-none-eabi/include/c++/14.3.1/bits\stl_vector.h ****       { return const_iterator(this->_M_impl._M_start); }
 969:C:/Program Files (x86)/Arm GNU Toolchain arm-none-eabi/14.3 rel1/arm-none-eabi/include/c++/14.3.1/bits\stl_vector.h **** 
 970:C:/Program Files (x86)/Arm GNU Toolchain arm-none-eabi/14.3 rel1/arm-none-eabi/include/c++/14.3.1/bits\stl_vector.h ****       /**
 971:C:/Program Files (x86)/Arm GNU Toolchain arm-none-eabi/14.3 rel1/arm-none-eabi/include/c++/14.3.1/bits\stl_vector.h ****        *  Returns a read-only (constant) iterator that points one past
 972:C:/Program Files (x86)/Arm GNU Toolchain arm-none-eabi/14.3 rel1/arm-none-eabi/include/c++/14.3.1/bits\stl_vector.h ****        *  the last element in the %vector.  Iteration is done in
 973:C:/Program Files (x86)/Arm GNU Toolchain arm-none-eabi/14.3 rel1/arm-none-eabi/include/c++/14.3.1/bits\stl_vector.h ****        *  ordinary element order.
 974:C:/Program Files (x86)/Arm GNU Toolchain arm-none-eabi/14.3 rel1/arm-none-eabi/include/c++/14.3.1/bits\stl_vector.h ****        */
 975:C:/Program Files (x86)/Arm GNU Toolchain arm-none-eabi/14.3 rel1/arm-none-eabi/include/c++/14.3.1/bits\stl_vector.h ****       [[__nodiscard__]] _GLIBCXX20_CONSTEXPR
 976:C:/Program Files (x86)/Arm GNU Toolchain arm-none-eabi/14.3 rel1/arm-none-eabi/include/c++/14.3.1/bits\stl_vector.h ****       const_iterator
 977:C:/Program Files (x86)/Arm GNU Toolchain arm-none-eabi/14.3 rel1/arm-none-eabi/include/c++/14.3.1/bits\stl_vector.h ****       cend() const noexcept
 978:C:/Program Files (x86)/Arm GNU Toolchain arm-none-eabi/14.3 rel1/arm-none-eabi/include/c++/14.3.1/bits\stl_vector.h ****       { return const_iterator(this->_M_impl._M_finish); }
 979:C:/Program Files (x86)/Arm GNU Toolchain arm-none-eabi/14.3 rel1/arm-none-eabi/include/c++/14.3.1/bits\stl_vector.h **** 
 980:C:/Program Files (x86)/Arm GNU Toolchain arm-none-eabi/14.3 rel1/arm-none-eabi/include/c++/14.3.1/bits\stl_vector.h ****       /**
 981:C:/Program Files (x86)/Arm GNU Toolchain arm-none-eabi/14.3 rel1/arm-none-eabi/include/c++/14.3.1/bits\stl_vector.h ****        *  Returns a read-only (constant) reverse iterator that points
 982:C:/Program Files (x86)/Arm GNU Toolchain arm-none-eabi/14.3 rel1/arm-none-eabi/include/c++/14.3.1/bits\stl_vector.h ****        *  to the last element in the %vector.  Iteration is done in
 983:C:/Program Files (x86)/Arm GNU Toolchain arm-none-eabi/14.3 rel1/arm-none-eabi/include/c++/14.3.1/bits\stl_vector.h ****        *  reverse element order.
ARM GAS  C:\Users\Oliver\AppData\Local\Temp\cclFZbsF.s 			page 22


 984:C:/Program Files (x86)/Arm GNU Toolchain arm-none-eabi/14.3 rel1/arm-none-eabi/include/c++/14.3.1/bits\stl_vector.h ****        */
 985:C:/Program Files (x86)/Arm GNU Toolchain arm-none-eabi/14.3 rel1/arm-none-eabi/include/c++/14.3.1/bits\stl_vector.h ****       [[__nodiscard__]] _GLIBCXX20_CONSTEXPR
 986:C:/Program Files (x86)/Arm GNU Toolchain arm-none-eabi/14.3 rel1/arm-none-eabi/include/c++/14.3.1/bits\stl_vector.h ****       const_reverse_iterator
 987:C:/Program Files (x86)/Arm GNU Toolchain arm-none-eabi/14.3 rel1/arm-none-eabi/include/c++/14.3.1/bits\stl_vector.h ****       crbegin() const noexcept
 988:C:/Program Files (x86)/Arm GNU Toolchain arm-none-eabi/14.3 rel1/arm-none-eabi/include/c++/14.3.1/bits\stl_vector.h ****       { return const_reverse_iterator(end()); }
 989:C:/Program Files (x86)/Arm GNU Toolchain arm-none-eabi/14.3 rel1/arm-none-eabi/include/c++/14.3.1/bits\stl_vector.h **** 
 990:C:/Program Files (x86)/Arm GNU Toolchain arm-none-eabi/14.3 rel1/arm-none-eabi/include/c++/14.3.1/bits\stl_vector.h ****       /**
 991:C:/Program Files (x86)/Arm GNU Toolchain arm-none-eabi/14.3 rel1/arm-none-eabi/include/c++/14.3.1/bits\stl_vector.h ****        *  Returns a read-only (constant) reverse iterator that points
 992:C:/Program Files (x86)/Arm GNU Toolchain arm-none-eabi/14.3 rel1/arm-none-eabi/include/c++/14.3.1/bits\stl_vector.h ****        *  to one before the first element in the %vector.  Iteration
 993:C:/Program Files (x86)/Arm GNU Toolchain arm-none-eabi/14.3 rel1/arm-none-eabi/include/c++/14.3.1/bits\stl_vector.h ****        *  is done in reverse element order.
 994:C:/Program Files (x86)/Arm GNU Toolchain arm-none-eabi/14.3 rel1/arm-none-eabi/include/c++/14.3.1/bits\stl_vector.h ****        */
 995:C:/Program Files (x86)/Arm GNU Toolchain arm-none-eabi/14.3 rel1/arm-none-eabi/include/c++/14.3.1/bits\stl_vector.h ****       [[__nodiscard__]] _GLIBCXX20_CONSTEXPR
 996:C:/Program Files (x86)/Arm GNU Toolchain arm-none-eabi/14.3 rel1/arm-none-eabi/include/c++/14.3.1/bits\stl_vector.h ****       const_reverse_iterator
 997:C:/Program Files (x86)/Arm GNU Toolchain arm-none-eabi/14.3 rel1/arm-none-eabi/include/c++/14.3.1/bits\stl_vector.h ****       crend() const noexcept
 998:C:/Program Files (x86)/Arm GNU Toolchain arm-none-eabi/14.3 rel1/arm-none-eabi/include/c++/14.3.1/bits\stl_vector.h ****       { return const_reverse_iterator(begin()); }
 999:C:/Program Files (x86)/Arm GNU Toolchain arm-none-eabi/14.3 rel1/arm-none-eabi/include/c++/14.3.1/bits\stl_vector.h **** #endif
1000:C:/Program Files (x86)/Arm GNU Toolchain arm-none-eabi/14.3 rel1/arm-none-eabi/include/c++/14.3.1/bits\stl_vector.h **** 
1001:C:/Program Files (x86)/Arm GNU Toolchain arm-none-eabi/14.3 rel1/arm-none-eabi/include/c++/14.3.1/bits\stl_vector.h ****       // [23.2.4.2] capacity
1002:C:/Program Files (x86)/Arm GNU Toolchain arm-none-eabi/14.3 rel1/arm-none-eabi/include/c++/14.3.1/bits\stl_vector.h ****       /**  Returns the number of elements in the %vector.  */
1003:C:/Program Files (x86)/Arm GNU Toolchain arm-none-eabi/14.3 rel1/arm-none-eabi/include/c++/14.3.1/bits\stl_vector.h ****       _GLIBCXX_NODISCARD _GLIBCXX20_CONSTEXPR
1004:C:/Program Files (x86)/Arm GNU Toolchain arm-none-eabi/14.3 rel1/arm-none-eabi/include/c++/14.3.1/bits\stl_vector.h ****       size_type
1005:C:/Program Files (x86)/Arm GNU Toolchain arm-none-eabi/14.3 rel1/arm-none-eabi/include/c++/14.3.1/bits\stl_vector.h ****       size() const _GLIBCXX_NOEXCEPT
 143              		.loc 2 1005 7 view .LVU21
 144              	.LBB131:
1006:C:/Program Files (x86)/Arm GNU Toolchain arm-none-eabi/14.3 rel1/arm-none-eabi/include/c++/14.3.1/bits\stl_vector.h ****       { return size_type(this->_M_impl._M_finish - this->_M_impl._M_start); }
 145              		.loc 2 1006 50 is_stmt 0 view .LVU22
 146 0000 D0E90223 		ldrd	r2, r3, [r0, #8]
 147 0004 9B1A     		subs	r3, r3, r2
 148              	.LBE131:
 149              	.LBE130:
 150              		.loc 1 71 5 discriminator 1 view .LVU23
 151 0006 1C2B     		cmp	r3, #28
 152 0008 00D8     		bhi	.L36
 153 000a 7047     		bx	lr
 154              	.L36:
  72:effects/mysteriouseffect.cpp ****         return;
  73:effects/mysteriouseffect.cpp ****     }
  74:effects/mysteriouseffect.cpp **** 
  75:effects/mysteriouseffect.cpp ****     float wahMix = parameters_[0]->GetValue();
 155              		.loc 1 75 5 is_stmt 1 view .LVU24
  70:effects/mysteriouseffect.cpp ****     if (parameters_.size() < 8) {
 156              		.loc 1 70 33 is_stmt 0 view .LVU25
 157 000c 70B5     		push	{r4, r5, r6, lr}
 158              		.cfi_def_cfa_offset 16
 159              		.cfi_offset 4, -16
 160              		.cfi_offset 5, -12
 161              		.cfi_offset 6, -8
 162              		.cfi_offset 14, -4
 163 000e 0446     		mov	r4, r0
 164              		.loc 1 75 44 discriminator 1 view .LVU26
 165 0010 1068     		ldr	r0, [r2]
 166              	.LVL9:
  70:effects/mysteriouseffect.cpp ****     if (parameters_.size() < 8) {
 167              		.loc 1 70 33 view .LVU27
 168 0012 2DED088B 		vpush.64	{d8, d9, d10, d11}
 169              		.cfi_def_cfa_offset 48
 170              		.cfi_offset 80, -48
ARM GAS  C:\Users\Oliver\AppData\Local\Temp\cclFZbsF.s 			page 23


 171              		.cfi_offset 81, -44
 172              		.cfi_offset 82, -40
 173              		.cfi_offset 83, -36
 174              		.cfi_offset 84, -32
 175              		.cfi_offset 85, -28
 176              		.cfi_offset 86, -24
 177              		.cfi_offset 87, -20
 178              		.loc 1 75 44 discriminator 1 view .LVU28
 179 0016 FFF7FEFF 		bl	_ZNK11perspective15EffectParameter8GetValueEv
 180              	.LVL10:
  76:effects/mysteriouseffect.cpp ****     float sweepHz = parameters_[1]->GetValue();
 181              		.loc 1 76 45 discriminator 1 view .LVU29
 182 001a A368     		ldr	r3, [r4, #8]
  75:effects/mysteriouseffect.cpp ****     float sweepHz = parameters_[1]->GetValue();
 183              		.loc 1 75 44 discriminator 1 view .LVU30
 184 001c B0EE40AA 		vmov.f32	s20, s0
 185              	.LVL11:
 186              		.loc 1 76 5 is_stmt 1 view .LVU31
 187              	.LBB132:
 188              	.LBI132:
1007:C:/Program Files (x86)/Arm GNU Toolchain arm-none-eabi/14.3 rel1/arm-none-eabi/include/c++/14.3.1/bits\stl_vector.h **** 
1008:C:/Program Files (x86)/Arm GNU Toolchain arm-none-eabi/14.3 rel1/arm-none-eabi/include/c++/14.3.1/bits\stl_vector.h ****       /**  Returns the size() of the largest possible %vector.  */
1009:C:/Program Files (x86)/Arm GNU Toolchain arm-none-eabi/14.3 rel1/arm-none-eabi/include/c++/14.3.1/bits\stl_vector.h ****       _GLIBCXX_NODISCARD _GLIBCXX20_CONSTEXPR
1010:C:/Program Files (x86)/Arm GNU Toolchain arm-none-eabi/14.3 rel1/arm-none-eabi/include/c++/14.3.1/bits\stl_vector.h ****       size_type
1011:C:/Program Files (x86)/Arm GNU Toolchain arm-none-eabi/14.3 rel1/arm-none-eabi/include/c++/14.3.1/bits\stl_vector.h ****       max_size() const _GLIBCXX_NOEXCEPT
1012:C:/Program Files (x86)/Arm GNU Toolchain arm-none-eabi/14.3 rel1/arm-none-eabi/include/c++/14.3.1/bits\stl_vector.h ****       { return _S_max_size(_M_get_Tp_allocator()); }
1013:C:/Program Files (x86)/Arm GNU Toolchain arm-none-eabi/14.3 rel1/arm-none-eabi/include/c++/14.3.1/bits\stl_vector.h **** 
1014:C:/Program Files (x86)/Arm GNU Toolchain arm-none-eabi/14.3 rel1/arm-none-eabi/include/c++/14.3.1/bits\stl_vector.h **** #if __cplusplus >= 201103L
1015:C:/Program Files (x86)/Arm GNU Toolchain arm-none-eabi/14.3 rel1/arm-none-eabi/include/c++/14.3.1/bits\stl_vector.h ****       /**
1016:C:/Program Files (x86)/Arm GNU Toolchain arm-none-eabi/14.3 rel1/arm-none-eabi/include/c++/14.3.1/bits\stl_vector.h ****        *  @brief  Resizes the %vector to the specified number of elements.
1017:C:/Program Files (x86)/Arm GNU Toolchain arm-none-eabi/14.3 rel1/arm-none-eabi/include/c++/14.3.1/bits\stl_vector.h ****        *  @param  __new_size  Number of elements the %vector should contain.
1018:C:/Program Files (x86)/Arm GNU Toolchain arm-none-eabi/14.3 rel1/arm-none-eabi/include/c++/14.3.1/bits\stl_vector.h ****        *
1019:C:/Program Files (x86)/Arm GNU Toolchain arm-none-eabi/14.3 rel1/arm-none-eabi/include/c++/14.3.1/bits\stl_vector.h ****        *  This function will %resize the %vector to the specified
1020:C:/Program Files (x86)/Arm GNU Toolchain arm-none-eabi/14.3 rel1/arm-none-eabi/include/c++/14.3.1/bits\stl_vector.h ****        *  number of elements.  If the number is smaller than the
1021:C:/Program Files (x86)/Arm GNU Toolchain arm-none-eabi/14.3 rel1/arm-none-eabi/include/c++/14.3.1/bits\stl_vector.h ****        *  %vector's current size the %vector is truncated, otherwise
1022:C:/Program Files (x86)/Arm GNU Toolchain arm-none-eabi/14.3 rel1/arm-none-eabi/include/c++/14.3.1/bits\stl_vector.h ****        *  default constructed elements are appended.
1023:C:/Program Files (x86)/Arm GNU Toolchain arm-none-eabi/14.3 rel1/arm-none-eabi/include/c++/14.3.1/bits\stl_vector.h ****        */
1024:C:/Program Files (x86)/Arm GNU Toolchain arm-none-eabi/14.3 rel1/arm-none-eabi/include/c++/14.3.1/bits\stl_vector.h ****       _GLIBCXX20_CONSTEXPR
1025:C:/Program Files (x86)/Arm GNU Toolchain arm-none-eabi/14.3 rel1/arm-none-eabi/include/c++/14.3.1/bits\stl_vector.h ****       void
1026:C:/Program Files (x86)/Arm GNU Toolchain arm-none-eabi/14.3 rel1/arm-none-eabi/include/c++/14.3.1/bits\stl_vector.h ****       resize(size_type __new_size)
1027:C:/Program Files (x86)/Arm GNU Toolchain arm-none-eabi/14.3 rel1/arm-none-eabi/include/c++/14.3.1/bits\stl_vector.h ****       {
1028:C:/Program Files (x86)/Arm GNU Toolchain arm-none-eabi/14.3 rel1/arm-none-eabi/include/c++/14.3.1/bits\stl_vector.h **** 	if (__new_size > size())
1029:C:/Program Files (x86)/Arm GNU Toolchain arm-none-eabi/14.3 rel1/arm-none-eabi/include/c++/14.3.1/bits\stl_vector.h **** 	  _M_default_append(__new_size - size());
1030:C:/Program Files (x86)/Arm GNU Toolchain arm-none-eabi/14.3 rel1/arm-none-eabi/include/c++/14.3.1/bits\stl_vector.h **** 	else if (__new_size < size())
1031:C:/Program Files (x86)/Arm GNU Toolchain arm-none-eabi/14.3 rel1/arm-none-eabi/include/c++/14.3.1/bits\stl_vector.h **** 	  _M_erase_at_end(this->_M_impl._M_start + __new_size);
1032:C:/Program Files (x86)/Arm GNU Toolchain arm-none-eabi/14.3 rel1/arm-none-eabi/include/c++/14.3.1/bits\stl_vector.h ****       }
1033:C:/Program Files (x86)/Arm GNU Toolchain arm-none-eabi/14.3 rel1/arm-none-eabi/include/c++/14.3.1/bits\stl_vector.h **** 
1034:C:/Program Files (x86)/Arm GNU Toolchain arm-none-eabi/14.3 rel1/arm-none-eabi/include/c++/14.3.1/bits\stl_vector.h ****       /**
1035:C:/Program Files (x86)/Arm GNU Toolchain arm-none-eabi/14.3 rel1/arm-none-eabi/include/c++/14.3.1/bits\stl_vector.h ****        *  @brief  Resizes the %vector to the specified number of elements.
1036:C:/Program Files (x86)/Arm GNU Toolchain arm-none-eabi/14.3 rel1/arm-none-eabi/include/c++/14.3.1/bits\stl_vector.h ****        *  @param  __new_size  Number of elements the %vector should contain.
1037:C:/Program Files (x86)/Arm GNU Toolchain arm-none-eabi/14.3 rel1/arm-none-eabi/include/c++/14.3.1/bits\stl_vector.h ****        *  @param  __x  Data with which new elements should be populated.
1038:C:/Program Files (x86)/Arm GNU Toolchain arm-none-eabi/14.3 rel1/arm-none-eabi/include/c++/14.3.1/bits\stl_vector.h ****        *
1039:C:/Program Files (x86)/Arm GNU Toolchain arm-none-eabi/14.3 rel1/arm-none-eabi/include/c++/14.3.1/bits\stl_vector.h ****        *  This function will %resize the %vector to the specified
1040:C:/Program Files (x86)/Arm GNU Toolchain arm-none-eabi/14.3 rel1/arm-none-eabi/include/c++/14.3.1/bits\stl_vector.h ****        *  number of elements.  If the number is smaller than the
1041:C:/Program Files (x86)/Arm GNU Toolchain arm-none-eabi/14.3 rel1/arm-none-eabi/include/c++/14.3.1/bits\stl_vector.h ****        *  %vector's current size the %vector is truncated, otherwise
1042:C:/Program Files (x86)/Arm GNU Toolchain arm-none-eabi/14.3 rel1/arm-none-eabi/include/c++/14.3.1/bits\stl_vector.h ****        *  the %vector is extended and new elements are populated with
1043:C:/Program Files (x86)/Arm GNU Toolchain arm-none-eabi/14.3 rel1/arm-none-eabi/include/c++/14.3.1/bits\stl_vector.h ****        *  given data.
ARM GAS  C:\Users\Oliver\AppData\Local\Temp\cclFZbsF.s 			page 24


1044:C:/Program Files (x86)/Arm GNU Toolchain arm-none-eabi/14.3 rel1/arm-none-eabi/include/c++/14.3.1/bits\stl_vector.h ****        */
1045:C:/Program Files (x86)/Arm GNU Toolchain arm-none-eabi/14.3 rel1/arm-none-eabi/include/c++/14.3.1/bits\stl_vector.h ****       _GLIBCXX20_CONSTEXPR
1046:C:/Program Files (x86)/Arm GNU Toolchain arm-none-eabi/14.3 rel1/arm-none-eabi/include/c++/14.3.1/bits\stl_vector.h ****       void
1047:C:/Program Files (x86)/Arm GNU Toolchain arm-none-eabi/14.3 rel1/arm-none-eabi/include/c++/14.3.1/bits\stl_vector.h ****       resize(size_type __new_size, const value_type& __x)
1048:C:/Program Files (x86)/Arm GNU Toolchain arm-none-eabi/14.3 rel1/arm-none-eabi/include/c++/14.3.1/bits\stl_vector.h ****       {
1049:C:/Program Files (x86)/Arm GNU Toolchain arm-none-eabi/14.3 rel1/arm-none-eabi/include/c++/14.3.1/bits\stl_vector.h **** 	if (__new_size > size())
1050:C:/Program Files (x86)/Arm GNU Toolchain arm-none-eabi/14.3 rel1/arm-none-eabi/include/c++/14.3.1/bits\stl_vector.h **** 	  _M_fill_insert(end(), __new_size - size(), __x);
1051:C:/Program Files (x86)/Arm GNU Toolchain arm-none-eabi/14.3 rel1/arm-none-eabi/include/c++/14.3.1/bits\stl_vector.h **** 	else if (__new_size < size())
1052:C:/Program Files (x86)/Arm GNU Toolchain arm-none-eabi/14.3 rel1/arm-none-eabi/include/c++/14.3.1/bits\stl_vector.h **** 	  _M_erase_at_end(this->_M_impl._M_start + __new_size);
1053:C:/Program Files (x86)/Arm GNU Toolchain arm-none-eabi/14.3 rel1/arm-none-eabi/include/c++/14.3.1/bits\stl_vector.h ****       }
1054:C:/Program Files (x86)/Arm GNU Toolchain arm-none-eabi/14.3 rel1/arm-none-eabi/include/c++/14.3.1/bits\stl_vector.h **** #else
1055:C:/Program Files (x86)/Arm GNU Toolchain arm-none-eabi/14.3 rel1/arm-none-eabi/include/c++/14.3.1/bits\stl_vector.h ****       /**
1056:C:/Program Files (x86)/Arm GNU Toolchain arm-none-eabi/14.3 rel1/arm-none-eabi/include/c++/14.3.1/bits\stl_vector.h ****        *  @brief  Resizes the %vector to the specified number of elements.
1057:C:/Program Files (x86)/Arm GNU Toolchain arm-none-eabi/14.3 rel1/arm-none-eabi/include/c++/14.3.1/bits\stl_vector.h ****        *  @param  __new_size  Number of elements the %vector should contain.
1058:C:/Program Files (x86)/Arm GNU Toolchain arm-none-eabi/14.3 rel1/arm-none-eabi/include/c++/14.3.1/bits\stl_vector.h ****        *  @param  __x  Data with which new elements should be populated.
1059:C:/Program Files (x86)/Arm GNU Toolchain arm-none-eabi/14.3 rel1/arm-none-eabi/include/c++/14.3.1/bits\stl_vector.h ****        *
1060:C:/Program Files (x86)/Arm GNU Toolchain arm-none-eabi/14.3 rel1/arm-none-eabi/include/c++/14.3.1/bits\stl_vector.h ****        *  This function will %resize the %vector to the specified
1061:C:/Program Files (x86)/Arm GNU Toolchain arm-none-eabi/14.3 rel1/arm-none-eabi/include/c++/14.3.1/bits\stl_vector.h ****        *  number of elements.  If the number is smaller than the
1062:C:/Program Files (x86)/Arm GNU Toolchain arm-none-eabi/14.3 rel1/arm-none-eabi/include/c++/14.3.1/bits\stl_vector.h ****        *  %vector's current size the %vector is truncated, otherwise
1063:C:/Program Files (x86)/Arm GNU Toolchain arm-none-eabi/14.3 rel1/arm-none-eabi/include/c++/14.3.1/bits\stl_vector.h ****        *  the %vector is extended and new elements are populated with
1064:C:/Program Files (x86)/Arm GNU Toolchain arm-none-eabi/14.3 rel1/arm-none-eabi/include/c++/14.3.1/bits\stl_vector.h ****        *  given data.
1065:C:/Program Files (x86)/Arm GNU Toolchain arm-none-eabi/14.3 rel1/arm-none-eabi/include/c++/14.3.1/bits\stl_vector.h ****        */
1066:C:/Program Files (x86)/Arm GNU Toolchain arm-none-eabi/14.3 rel1/arm-none-eabi/include/c++/14.3.1/bits\stl_vector.h ****       _GLIBCXX20_CONSTEXPR
1067:C:/Program Files (x86)/Arm GNU Toolchain arm-none-eabi/14.3 rel1/arm-none-eabi/include/c++/14.3.1/bits\stl_vector.h ****       void
1068:C:/Program Files (x86)/Arm GNU Toolchain arm-none-eabi/14.3 rel1/arm-none-eabi/include/c++/14.3.1/bits\stl_vector.h ****       resize(size_type __new_size, value_type __x = value_type())
1069:C:/Program Files (x86)/Arm GNU Toolchain arm-none-eabi/14.3 rel1/arm-none-eabi/include/c++/14.3.1/bits\stl_vector.h ****       {
1070:C:/Program Files (x86)/Arm GNU Toolchain arm-none-eabi/14.3 rel1/arm-none-eabi/include/c++/14.3.1/bits\stl_vector.h **** 	if (__new_size > size())
1071:C:/Program Files (x86)/Arm GNU Toolchain arm-none-eabi/14.3 rel1/arm-none-eabi/include/c++/14.3.1/bits\stl_vector.h **** 	  _M_fill_insert(end(), __new_size - size(), __x);
1072:C:/Program Files (x86)/Arm GNU Toolchain arm-none-eabi/14.3 rel1/arm-none-eabi/include/c++/14.3.1/bits\stl_vector.h **** 	else if (__new_size < size())
1073:C:/Program Files (x86)/Arm GNU Toolchain arm-none-eabi/14.3 rel1/arm-none-eabi/include/c++/14.3.1/bits\stl_vector.h **** 	  _M_erase_at_end(this->_M_impl._M_start + __new_size);
1074:C:/Program Files (x86)/Arm GNU Toolchain arm-none-eabi/14.3 rel1/arm-none-eabi/include/c++/14.3.1/bits\stl_vector.h ****       }
1075:C:/Program Files (x86)/Arm GNU Toolchain arm-none-eabi/14.3 rel1/arm-none-eabi/include/c++/14.3.1/bits\stl_vector.h **** #endif
1076:C:/Program Files (x86)/Arm GNU Toolchain arm-none-eabi/14.3 rel1/arm-none-eabi/include/c++/14.3.1/bits\stl_vector.h **** 
1077:C:/Program Files (x86)/Arm GNU Toolchain arm-none-eabi/14.3 rel1/arm-none-eabi/include/c++/14.3.1/bits\stl_vector.h **** #if __cplusplus >= 201103L
1078:C:/Program Files (x86)/Arm GNU Toolchain arm-none-eabi/14.3 rel1/arm-none-eabi/include/c++/14.3.1/bits\stl_vector.h ****       /**  A non-binding request to reduce capacity() to size().  */
1079:C:/Program Files (x86)/Arm GNU Toolchain arm-none-eabi/14.3 rel1/arm-none-eabi/include/c++/14.3.1/bits\stl_vector.h ****       _GLIBCXX20_CONSTEXPR
1080:C:/Program Files (x86)/Arm GNU Toolchain arm-none-eabi/14.3 rel1/arm-none-eabi/include/c++/14.3.1/bits\stl_vector.h ****       void
1081:C:/Program Files (x86)/Arm GNU Toolchain arm-none-eabi/14.3 rel1/arm-none-eabi/include/c++/14.3.1/bits\stl_vector.h ****       shrink_to_fit()
1082:C:/Program Files (x86)/Arm GNU Toolchain arm-none-eabi/14.3 rel1/arm-none-eabi/include/c++/14.3.1/bits\stl_vector.h ****       { _M_shrink_to_fit(); }
1083:C:/Program Files (x86)/Arm GNU Toolchain arm-none-eabi/14.3 rel1/arm-none-eabi/include/c++/14.3.1/bits\stl_vector.h **** #endif
1084:C:/Program Files (x86)/Arm GNU Toolchain arm-none-eabi/14.3 rel1/arm-none-eabi/include/c++/14.3.1/bits\stl_vector.h **** 
1085:C:/Program Files (x86)/Arm GNU Toolchain arm-none-eabi/14.3 rel1/arm-none-eabi/include/c++/14.3.1/bits\stl_vector.h ****       /**
1086:C:/Program Files (x86)/Arm GNU Toolchain arm-none-eabi/14.3 rel1/arm-none-eabi/include/c++/14.3.1/bits\stl_vector.h ****        *  Returns the total number of elements that the %vector can
1087:C:/Program Files (x86)/Arm GNU Toolchain arm-none-eabi/14.3 rel1/arm-none-eabi/include/c++/14.3.1/bits\stl_vector.h ****        *  hold before needing to allocate more memory.
1088:C:/Program Files (x86)/Arm GNU Toolchain arm-none-eabi/14.3 rel1/arm-none-eabi/include/c++/14.3.1/bits\stl_vector.h ****        */
1089:C:/Program Files (x86)/Arm GNU Toolchain arm-none-eabi/14.3 rel1/arm-none-eabi/include/c++/14.3.1/bits\stl_vector.h ****       _GLIBCXX_NODISCARD _GLIBCXX20_CONSTEXPR
1090:C:/Program Files (x86)/Arm GNU Toolchain arm-none-eabi/14.3 rel1/arm-none-eabi/include/c++/14.3.1/bits\stl_vector.h ****       size_type
1091:C:/Program Files (x86)/Arm GNU Toolchain arm-none-eabi/14.3 rel1/arm-none-eabi/include/c++/14.3.1/bits\stl_vector.h ****       capacity() const _GLIBCXX_NOEXCEPT
1092:C:/Program Files (x86)/Arm GNU Toolchain arm-none-eabi/14.3 rel1/arm-none-eabi/include/c++/14.3.1/bits\stl_vector.h ****       {
1093:C:/Program Files (x86)/Arm GNU Toolchain arm-none-eabi/14.3 rel1/arm-none-eabi/include/c++/14.3.1/bits\stl_vector.h **** 	return size_type(this->_M_impl._M_end_of_storage
1094:C:/Program Files (x86)/Arm GNU Toolchain arm-none-eabi/14.3 rel1/arm-none-eabi/include/c++/14.3.1/bits\stl_vector.h **** 			   - this->_M_impl._M_start);
1095:C:/Program Files (x86)/Arm GNU Toolchain arm-none-eabi/14.3 rel1/arm-none-eabi/include/c++/14.3.1/bits\stl_vector.h ****       }
1096:C:/Program Files (x86)/Arm GNU Toolchain arm-none-eabi/14.3 rel1/arm-none-eabi/include/c++/14.3.1/bits\stl_vector.h **** 
1097:C:/Program Files (x86)/Arm GNU Toolchain arm-none-eabi/14.3 rel1/arm-none-eabi/include/c++/14.3.1/bits\stl_vector.h ****       /**
1098:C:/Program Files (x86)/Arm GNU Toolchain arm-none-eabi/14.3 rel1/arm-none-eabi/include/c++/14.3.1/bits\stl_vector.h ****        *  Returns true if the %vector is empty.  (Thus begin() would
1099:C:/Program Files (x86)/Arm GNU Toolchain arm-none-eabi/14.3 rel1/arm-none-eabi/include/c++/14.3.1/bits\stl_vector.h ****        *  equal end().)
1100:C:/Program Files (x86)/Arm GNU Toolchain arm-none-eabi/14.3 rel1/arm-none-eabi/include/c++/14.3.1/bits\stl_vector.h ****        */
ARM GAS  C:\Users\Oliver\AppData\Local\Temp\cclFZbsF.s 			page 25


1101:C:/Program Files (x86)/Arm GNU Toolchain arm-none-eabi/14.3 rel1/arm-none-eabi/include/c++/14.3.1/bits\stl_vector.h ****       _GLIBCXX_NODISCARD _GLIBCXX20_CONSTEXPR
1102:C:/Program Files (x86)/Arm GNU Toolchain arm-none-eabi/14.3 rel1/arm-none-eabi/include/c++/14.3.1/bits\stl_vector.h ****       bool
1103:C:/Program Files (x86)/Arm GNU Toolchain arm-none-eabi/14.3 rel1/arm-none-eabi/include/c++/14.3.1/bits\stl_vector.h ****       empty() const _GLIBCXX_NOEXCEPT
1104:C:/Program Files (x86)/Arm GNU Toolchain arm-none-eabi/14.3 rel1/arm-none-eabi/include/c++/14.3.1/bits\stl_vector.h ****       { return begin() == end(); }
1105:C:/Program Files (x86)/Arm GNU Toolchain arm-none-eabi/14.3 rel1/arm-none-eabi/include/c++/14.3.1/bits\stl_vector.h **** 
1106:C:/Program Files (x86)/Arm GNU Toolchain arm-none-eabi/14.3 rel1/arm-none-eabi/include/c++/14.3.1/bits\stl_vector.h ****       /**
1107:C:/Program Files (x86)/Arm GNU Toolchain arm-none-eabi/14.3 rel1/arm-none-eabi/include/c++/14.3.1/bits\stl_vector.h ****        *  @brief  Attempt to preallocate enough memory for specified number of
1108:C:/Program Files (x86)/Arm GNU Toolchain arm-none-eabi/14.3 rel1/arm-none-eabi/include/c++/14.3.1/bits\stl_vector.h ****        *          elements.
1109:C:/Program Files (x86)/Arm GNU Toolchain arm-none-eabi/14.3 rel1/arm-none-eabi/include/c++/14.3.1/bits\stl_vector.h ****        *  @param  __n  Number of elements required.
1110:C:/Program Files (x86)/Arm GNU Toolchain arm-none-eabi/14.3 rel1/arm-none-eabi/include/c++/14.3.1/bits\stl_vector.h ****        *  @throw  std::length_error  If @a n exceeds @c max_size().
1111:C:/Program Files (x86)/Arm GNU Toolchain arm-none-eabi/14.3 rel1/arm-none-eabi/include/c++/14.3.1/bits\stl_vector.h ****        *
1112:C:/Program Files (x86)/Arm GNU Toolchain arm-none-eabi/14.3 rel1/arm-none-eabi/include/c++/14.3.1/bits\stl_vector.h ****        *  This function attempts to reserve enough memory for the
1113:C:/Program Files (x86)/Arm GNU Toolchain arm-none-eabi/14.3 rel1/arm-none-eabi/include/c++/14.3.1/bits\stl_vector.h ****        *  %vector to hold the specified number of elements.  If the
1114:C:/Program Files (x86)/Arm GNU Toolchain arm-none-eabi/14.3 rel1/arm-none-eabi/include/c++/14.3.1/bits\stl_vector.h ****        *  number requested is more than max_size(), length_error is
1115:C:/Program Files (x86)/Arm GNU Toolchain arm-none-eabi/14.3 rel1/arm-none-eabi/include/c++/14.3.1/bits\stl_vector.h ****        *  thrown.
1116:C:/Program Files (x86)/Arm GNU Toolchain arm-none-eabi/14.3 rel1/arm-none-eabi/include/c++/14.3.1/bits\stl_vector.h ****        *
1117:C:/Program Files (x86)/Arm GNU Toolchain arm-none-eabi/14.3 rel1/arm-none-eabi/include/c++/14.3.1/bits\stl_vector.h ****        *  The advantage of this function is that if optimal code is a
1118:C:/Program Files (x86)/Arm GNU Toolchain arm-none-eabi/14.3 rel1/arm-none-eabi/include/c++/14.3.1/bits\stl_vector.h ****        *  necessity and the user can determine the number of elements
1119:C:/Program Files (x86)/Arm GNU Toolchain arm-none-eabi/14.3 rel1/arm-none-eabi/include/c++/14.3.1/bits\stl_vector.h ****        *  that will be required, the user can reserve the memory in
1120:C:/Program Files (x86)/Arm GNU Toolchain arm-none-eabi/14.3 rel1/arm-none-eabi/include/c++/14.3.1/bits\stl_vector.h ****        *  %advance, and thus prevent a possible reallocation of memory
1121:C:/Program Files (x86)/Arm GNU Toolchain arm-none-eabi/14.3 rel1/arm-none-eabi/include/c++/14.3.1/bits\stl_vector.h ****        *  and copying of %vector data.
1122:C:/Program Files (x86)/Arm GNU Toolchain arm-none-eabi/14.3 rel1/arm-none-eabi/include/c++/14.3.1/bits\stl_vector.h ****        */
1123:C:/Program Files (x86)/Arm GNU Toolchain arm-none-eabi/14.3 rel1/arm-none-eabi/include/c++/14.3.1/bits\stl_vector.h ****       _GLIBCXX20_CONSTEXPR
1124:C:/Program Files (x86)/Arm GNU Toolchain arm-none-eabi/14.3 rel1/arm-none-eabi/include/c++/14.3.1/bits\stl_vector.h ****       void
1125:C:/Program Files (x86)/Arm GNU Toolchain arm-none-eabi/14.3 rel1/arm-none-eabi/include/c++/14.3.1/bits\stl_vector.h ****       reserve(size_type __n);
1126:C:/Program Files (x86)/Arm GNU Toolchain arm-none-eabi/14.3 rel1/arm-none-eabi/include/c++/14.3.1/bits\stl_vector.h **** 
1127:C:/Program Files (x86)/Arm GNU Toolchain arm-none-eabi/14.3 rel1/arm-none-eabi/include/c++/14.3.1/bits\stl_vector.h ****       // element access
1128:C:/Program Files (x86)/Arm GNU Toolchain arm-none-eabi/14.3 rel1/arm-none-eabi/include/c++/14.3.1/bits\stl_vector.h ****       /**
1129:C:/Program Files (x86)/Arm GNU Toolchain arm-none-eabi/14.3 rel1/arm-none-eabi/include/c++/14.3.1/bits\stl_vector.h ****        *  @brief  Subscript access to the data contained in the %vector.
1130:C:/Program Files (x86)/Arm GNU Toolchain arm-none-eabi/14.3 rel1/arm-none-eabi/include/c++/14.3.1/bits\stl_vector.h ****        *  @param __n The index of the element for which data should be
1131:C:/Program Files (x86)/Arm GNU Toolchain arm-none-eabi/14.3 rel1/arm-none-eabi/include/c++/14.3.1/bits\stl_vector.h ****        *  accessed.
1132:C:/Program Files (x86)/Arm GNU Toolchain arm-none-eabi/14.3 rel1/arm-none-eabi/include/c++/14.3.1/bits\stl_vector.h ****        *  @return  Read/write reference to data.
1133:C:/Program Files (x86)/Arm GNU Toolchain arm-none-eabi/14.3 rel1/arm-none-eabi/include/c++/14.3.1/bits\stl_vector.h ****        *
1134:C:/Program Files (x86)/Arm GNU Toolchain arm-none-eabi/14.3 rel1/arm-none-eabi/include/c++/14.3.1/bits\stl_vector.h ****        *  This operator allows for easy, array-style, data access.
1135:C:/Program Files (x86)/Arm GNU Toolchain arm-none-eabi/14.3 rel1/arm-none-eabi/include/c++/14.3.1/bits\stl_vector.h ****        *  Note that data access with this operator is unchecked and
1136:C:/Program Files (x86)/Arm GNU Toolchain arm-none-eabi/14.3 rel1/arm-none-eabi/include/c++/14.3.1/bits\stl_vector.h ****        *  out_of_range lookups are not defined. (For checked lookups
1137:C:/Program Files (x86)/Arm GNU Toolchain arm-none-eabi/14.3 rel1/arm-none-eabi/include/c++/14.3.1/bits\stl_vector.h ****        *  see at().)
1138:C:/Program Files (x86)/Arm GNU Toolchain arm-none-eabi/14.3 rel1/arm-none-eabi/include/c++/14.3.1/bits\stl_vector.h ****        */
1139:C:/Program Files (x86)/Arm GNU Toolchain arm-none-eabi/14.3 rel1/arm-none-eabi/include/c++/14.3.1/bits\stl_vector.h ****       _GLIBCXX_NODISCARD _GLIBCXX20_CONSTEXPR
1140:C:/Program Files (x86)/Arm GNU Toolchain arm-none-eabi/14.3 rel1/arm-none-eabi/include/c++/14.3.1/bits\stl_vector.h ****       reference
1141:C:/Program Files (x86)/Arm GNU Toolchain arm-none-eabi/14.3 rel1/arm-none-eabi/include/c++/14.3.1/bits\stl_vector.h ****       operator[](size_type __n) _GLIBCXX_NOEXCEPT
 189              		.loc 2 1141 7 view .LVU32
 190              		.loc 2 1141 7 is_stmt 0 view .LVU33
 191              	.LBE132:
 192              		.loc 1 76 45 discriminator 1 view .LVU34
 193 0020 5868     		ldr	r0, [r3, #4]
 194 0022 FFF7FEFF 		bl	_ZNK11perspective15EffectParameter8GetValueEv
 195              	.LVL12:
  77:effects/mysteriouseffect.cpp ****     float flangeAmount = parameters_[2]->GetValue();
 196              		.loc 1 77 50 discriminator 1 view .LVU35
 197 0026 A368     		ldr	r3, [r4, #8]
  76:effects/mysteriouseffect.cpp ****     float flangeAmount = parameters_[2]->GetValue();
 198              		.loc 1 76 45 discriminator 1 view .LVU36
 199 0028 F0EE409A 		vmov.f32	s19, s0
 200              	.LVL13:
 201              		.loc 1 77 5 is_stmt 1 view .LVU37
 202              	.LBB133:
ARM GAS  C:\Users\Oliver\AppData\Local\Temp\cclFZbsF.s 			page 26


 203              	.LBI133:
 204              		.loc 2 1141 7 view .LVU38
 205              		.loc 2 1141 7 is_stmt 0 view .LVU39
 206              	.LBE133:
 207              		.loc 1 77 50 discriminator 1 view .LVU40
 208 002c 9868     		ldr	r0, [r3, #8]
 209 002e FFF7FEFF 		bl	_ZNK11perspective15EffectParameter8GetValueEv
 210              	.LVL14:
  78:effects/mysteriouseffect.cpp ****     float motionRate = parameters_[3]->GetValue();
 211              		.loc 1 78 48 discriminator 1 view .LVU41
 212 0032 A368     		ldr	r3, [r4, #8]
  77:effects/mysteriouseffect.cpp ****     float flangeAmount = parameters_[2]->GetValue();
 213              		.loc 1 77 50 discriminator 1 view .LVU42
 214 0034 B0EE40BA 		vmov.f32	s22, s0
 215              	.LVL15:
 216              		.loc 1 78 5 is_stmt 1 view .LVU43
 217              	.LBB134:
 218              	.LBI134:
 219              		.loc 2 1141 7 view .LVU44
 220              		.loc 2 1141 7 is_stmt 0 view .LVU45
 221              	.LBE134:
 222              		.loc 1 78 48 discriminator 1 view .LVU46
 223 0038 D868     		ldr	r0, [r3, #12]
 224 003a FFF7FEFF 		bl	_ZNK11perspective15EffectParameter8GetValueEv
 225              	.LVL16:
  79:effects/mysteriouseffect.cpp ****     float delayMix = parameters_[4]->GetValue();
 226              		.loc 1 79 46 discriminator 1 view .LVU47
 227 003e A368     		ldr	r3, [r4, #8]
  78:effects/mysteriouseffect.cpp ****     float motionRate = parameters_[3]->GetValue();
 228              		.loc 1 78 48 discriminator 1 view .LVU48
 229 0040 F0EE408A 		vmov.f32	s17, s0
 230              	.LVL17:
 231              		.loc 1 79 5 is_stmt 1 view .LVU49
 232              	.LBB135:
 233              	.LBI135:
 234              		.loc 2 1141 7 view .LVU50
 235              		.loc 2 1141 7 is_stmt 0 view .LVU51
 236              	.LBE135:
 237              		.loc 1 79 46 discriminator 1 view .LVU52
 238 0044 1869     		ldr	r0, [r3, #16]
 239 0046 FFF7FEFF 		bl	_ZNK11perspective15EffectParameter8GetValueEv
 240              	.LVL18:
  80:effects/mysteriouseffect.cpp ****     float space = parameters_[5]->GetValue();
 241              		.loc 1 80 43 discriminator 1 view .LVU53
 242 004a A368     		ldr	r3, [r4, #8]
  79:effects/mysteriouseffect.cpp ****     float delayMix = parameters_[4]->GetValue();
 243              		.loc 1 79 46 discriminator 1 view .LVU54
 244 004c F0EE40AA 		vmov.f32	s21, s0
 245              	.LVL19:
 246              		.loc 1 80 5 is_stmt 1 view .LVU55
 247              	.LBB136:
 248              	.LBI136:
 249              		.loc 2 1141 7 view .LVU56
 250              		.loc 2 1141 7 is_stmt 0 view .LVU57
 251              	.LBE136:
 252              		.loc 1 80 43 discriminator 1 view .LVU58
 253 0050 5869     		ldr	r0, [r3, #20]
ARM GAS  C:\Users\Oliver\AppData\Local\Temp\cclFZbsF.s 			page 27


 254 0052 FFF7FEFF 		bl	_ZNK11perspective15EffectParameter8GetValueEv
 255              	.LVL20:
 256              	.LBB137:
 257              	.LBB138:
1142:C:/Program Files (x86)/Arm GNU Toolchain arm-none-eabi/14.3 rel1/arm-none-eabi/include/c++/14.3.1/bits\stl_vector.h ****       {
1143:C:/Program Files (x86)/Arm GNU Toolchain arm-none-eabi/14.3 rel1/arm-none-eabi/include/c++/14.3.1/bits\stl_vector.h **** 	__glibcxx_requires_subscript(__n);
1144:C:/Program Files (x86)/Arm GNU Toolchain arm-none-eabi/14.3 rel1/arm-none-eabi/include/c++/14.3.1/bits\stl_vector.h **** 	return *(this->_M_impl._M_start + __n);
 258              		.loc 2 1144 25 view .LVU59
 259 0056 A368     		ldr	r3, [r4, #8]
 260              	.LBE138:
 261              	.LBE137:
 262              		.loc 1 80 43 discriminator 1 view .LVU60
 263 0058 B0EE408A 		vmov.f32	s16, s0
 264              	.LVL21:
  81:effects/mysteriouseffect.cpp ****     TimeParameter* delayTime = static_cast<TimeParameter*>(parameters_[6]);
 265              		.loc 1 81 5 is_stmt 1 view .LVU61
 266              	.LBB139:
 267              	.LBI137:
1141:C:/Program Files (x86)/Arm GNU Toolchain arm-none-eabi/14.3 rel1/arm-none-eabi/include/c++/14.3.1/bits\stl_vector.h ****       {
 268              		.loc 2 1141 7 view .LVU62
1141:C:/Program Files (x86)/Arm GNU Toolchain arm-none-eabi/14.3 rel1/arm-none-eabi/include/c++/14.3.1/bits\stl_vector.h ****       {
 269              		.loc 2 1141 7 is_stmt 0 view .LVU63
 270              	.LBE139:
 271              		.loc 1 81 74 discriminator 1 view .LVU64
 272 005c D3E90650 		ldrd	r5, r0, [r3, #24]
 273              	.LVL22:
  82:effects/mysteriouseffect.cpp ****     float downBoost = parameters_[7]->GetValue();
 274              		.loc 1 82 5 is_stmt 1 view .LVU65
 275              		.loc 1 82 47 is_stmt 0 discriminator 1 view .LVU66
 276 0060 FFF7FEFF 		bl	_ZNK11perspective15EffectParameter8GetValueEv
 277              	.LVL23:
  83:effects/mysteriouseffect.cpp **** 
  84:effects/mysteriouseffect.cpp ****     if (autowahV2Effect_ && autowahV2Effect_->GetParameterCount() >= 8) {
 278              		.loc 1 84 9 view .LVU67
 279 0064 206D     		ldr	r0, [r4, #80]
  82:effects/mysteriouseffect.cpp ****     float downBoost = parameters_[7]->GetValue();
 280              		.loc 1 82 47 discriminator 1 view .LVU68
 281 0066 B0EE409A 		vmov.f32	s18, s0
 282              	.LVL24:
 283              		.loc 1 84 5 is_stmt 1 view .LVU69
 284              		.loc 1 84 26 is_stmt 0 view .LVU70
 285 006a 20B1     		cbz	r0, .L14
 286              		.loc 1 84 64 discriminator 1 view .LVU71
 287 006c FFF7FEFF 		bl	_ZNK11perspective6Effect17GetParameterCountEv
 288              	.LVL25:
 289              		.loc 1 84 26 discriminator 1 view .LVU72
 290 0070 0728     		cmp	r0, #7
 291 0072 00F2BA80 		bhi	.L37
 292              	.L14:
  85:effects/mysteriouseffect.cpp ****         autowahV2Effect_->GetParameter(0)->SetValue(wahMix);
  86:effects/mysteriouseffect.cpp ****         autowahV2Effect_->GetParameter(1)->SetValue(0.82f);
  87:effects/mysteriouseffect.cpp ****         autowahV2Effect_->GetParameter(2)->SetValue(1200.0f);
  88:effects/mysteriouseffect.cpp ****         autowahV2Effect_->GetParameter(3)->SetValue(0.09f);
  89:effects/mysteriouseffect.cpp ****         autowahV2Effect_->GetParameter(4)->SetValue(0.14f);
  90:effects/mysteriouseffect.cpp ****         autowahV2Effect_->GetParameter(5)->SetValue(-sweepHz);
  91:effects/mysteriouseffect.cpp ****         autowahV2Effect_->GetParameter(6)->SetValue(0.0f);
  92:effects/mysteriouseffect.cpp ****         autowahV2Effect_->GetParameter(7)->SetValue(downBoost);
ARM GAS  C:\Users\Oliver\AppData\Local\Temp\cclFZbsF.s 			page 28


  93:effects/mysteriouseffect.cpp ****         autowahV2Effect_->Update();
  94:effects/mysteriouseffect.cpp ****     }
  95:effects/mysteriouseffect.cpp **** 
  96:effects/mysteriouseffect.cpp ****     if (flangerEffect_ && flangerEffect_->GetParameterCount() >= 6) {
 293              		.loc 1 96 5 is_stmt 1 view .LVU73
 294              		.loc 1 96 9 is_stmt 0 view .LVU74
 295 0076 606D     		ldr	r0, [r4, #84]
 296              		.loc 1 96 24 view .LVU75
 297 0078 18B1     		cbz	r0, .L17
 298              		.loc 1 96 60 discriminator 1 view .LVU76
 299 007a FFF7FEFF 		bl	_ZNK11perspective6Effect17GetParameterCountEv
 300              	.LVL26:
 301              		.loc 1 96 24 discriminator 1 view .LVU77
 302 007e 0528     		cmp	r0, #5
 303 0080 68D8     		bhi	.L38
 304              	.L17:
  97:effects/mysteriouseffect.cpp ****         flangerEffect_->GetParameter(0)->SetValue(0.06f + (flangeAmount * 0.18f));
  98:effects/mysteriouseffect.cpp ****         flangerEffect_->GetParameter(1)->SetValue(0.10f + (flangeAmount * 0.32f));
  99:effects/mysteriouseffect.cpp ****         flangerEffect_->GetParameter(2)->SetValue(motionRate);
 100:effects/mysteriouseffect.cpp ****         flangerEffect_->GetParameter(3)->SetValue(0.01f + (flangeAmount * 0.08f));
 101:effects/mysteriouseffect.cpp ****         flangerEffect_->GetParameter(4)->SetValue(1.2f + (flangeAmount * 1.4f));
 102:effects/mysteriouseffect.cpp ****         flangerEffect_->GetParameter(5)->SetValue(0.0f);
 103:effects/mysteriouseffect.cpp ****         flangerEffect_->Update();
 104:effects/mysteriouseffect.cpp ****     }
 105:effects/mysteriouseffect.cpp **** 
 106:effects/mysteriouseffect.cpp ****     if (delayEffect_ && delayEffect_->GetParameterCount() >= 5) {
 305              		.loc 1 106 5 is_stmt 1 view .LVU78
 306              	.LBB140:
 307              		.loc 1 106 9 is_stmt 0 view .LVU79
 308 0082 A06D     		ldr	r0, [r4, #88]
 309              		.loc 1 106 22 view .LVU80
 310 0084 18B1     		cbz	r0, .L20
 311              		.loc 1 106 56 discriminator 1 view .LVU81
 312 0086 FFF7FEFF 		bl	_ZNK11perspective6Effect17GetParameterCountEv
 313              	.LVL27:
 314              		.loc 1 106 22 discriminator 1 view .LVU82
 315 008a 0428     		cmp	r0, #4
 316 008c 26D8     		bhi	.L39
 317              	.LVL28:
 318              	.L20:
 319              		.loc 1 106 22 discriminator 1 view .LVU83
 320              	.LBE140:
 107:effects/mysteriouseffect.cpp ****         delayEffect_->GetParameter(0)->SetValue(delayMix);
 108:effects/mysteriouseffect.cpp ****         delayEffect_->GetParameter(1)->SetValue(0.10f + (space * 0.70f));
 109:effects/mysteriouseffect.cpp ****         delayEffect_->GetParameter(2)->SetValue(3.0f);
 110:effects/mysteriouseffect.cpp **** 
 111:effects/mysteriouseffect.cpp ****         EffectParameter* timeParam = delayEffect_->GetParameter(3);
 112:effects/mysteriouseffect.cpp ****         if (timeParam && timeParam->GetType() == ParameterType::ENCODER) {
 113:effects/mysteriouseffect.cpp ****             TimeParameter* delayTimeParam = static_cast<TimeParameter*>(timeParam);
 114:effects/mysteriouseffect.cpp ****             delayTimeParam->SetValue(delayTime->GetValueAsMs());
 115:effects/mysteriouseffect.cpp ****             delayTimeParam->SetDisplayMode(TimeDisplayMode::TIME_MS);
 116:effects/mysteriouseffect.cpp ****         }
 117:effects/mysteriouseffect.cpp **** 
 118:effects/mysteriouseffect.cpp ****         EffectParameter* tempoModeParam = delayEffect_->GetParameter(4);
 119:effects/mysteriouseffect.cpp ****         if (tempoModeParam && tempoModeParam->GetType() == ParameterType::TOGGLE) {
 120:effects/mysteriouseffect.cpp ****             ToggleParameter* toggleParam = static_cast<ToggleParameter*>(tempoModeParam);
 121:effects/mysteriouseffect.cpp ****             toggleParam->SetState(false);
ARM GAS  C:\Users\Oliver\AppData\Local\Temp\cclFZbsF.s 			page 29


 122:effects/mysteriouseffect.cpp ****         }
 123:effects/mysteriouseffect.cpp **** 
 124:effects/mysteriouseffect.cpp ****         delayEffect_->Update();
 125:effects/mysteriouseffect.cpp ****     }
 126:effects/mysteriouseffect.cpp **** 
 127:effects/mysteriouseffect.cpp ****     if (reverbEffect_) {
 321              		.loc 1 127 5 is_stmt 1 view .LVU84
 322              		.loc 1 127 9 is_stmt 0 view .LVU85
 323 008e E06D     		ldr	r0, [r4, #92]
 324              		.loc 1 127 5 view .LVU86
 325 0090 08B3     		cbz	r0, .L10
 128:effects/mysteriouseffect.cpp ****         reverbEffect_->SetMix(0.08f + (delayMix * 0.24f));
 326              		.loc 1 128 9 is_stmt 1 view .LVU87
 327              		.loc 1 128 30 is_stmt 0 view .LVU88
 328 0092 DFED857A 		vldr.32	s15, .L42
 329 0096 9FED850A 		vldr.32	s0, .L42+4
 330 009a AAEEA70A 		vfma.f32	s0, s21, s15
 331 009e FFF7FEFF 		bl	_ZN11perspective12ReverbEffect6SetMixEf
 332              	.LVL29:
 129:effects/mysteriouseffect.cpp ****         reverbEffect_->SetFeedback(0.70f + (space * 0.22f));
 333              		.loc 1 129 9 is_stmt 1 view .LVU89
 334              		.loc 1 129 35 is_stmt 0 view .LVU90
 335 00a2 DFED837A 		vldr.32	s15, .L42+8
 336 00a6 9FED830A 		vldr.32	s0, .L42+12
 337 00aa E06D     		ldr	r0, [r4, #92]
 338 00ac A8EE270A 		vfma.f32	s0, s16, s15
 339 00b0 FFF7FEFF 		bl	_ZN11perspective12ReverbEffect11SetFeedbackEf
 340              	.LVL30:
 130:effects/mysteriouseffect.cpp ****         reverbEffect_->SetLpFreq(3400.0f - (space * 1500.0f));
 341              		.loc 1 130 9 is_stmt 1 view .LVU91
 342              		.loc 1 130 33 is_stmt 0 view .LVU92
 343 00b4 DFED807A 		vldr.32	s15, .L42+16
 344 00b8 9FED800A 		vldr.32	s0, .L42+20
 345 00bc E06D     		ldr	r0, [r4, #92]
 346 00be A8EE670A 		vfms.f32	s0, s16, s15
 347 00c2 FFF7FEFF 		bl	_ZN11perspective12ReverbEffect9SetLpFreqEf
 348              	.LVL31:
 131:effects/mysteriouseffect.cpp ****         reverbEffect_->Update();
 349              		.loc 1 131 9 is_stmt 1 view .LVU93
 350 00c6 E06D     		ldr	r0, [r4, #92]
 132:effects/mysteriouseffect.cpp ****     }
 133:effects/mysteriouseffect.cpp **** }
 351              		.loc 1 133 1 is_stmt 0 view .LVU94
 352 00c8 BDEC088B 		vldm	sp!, {d8-d11}
 353              		.cfi_remember_state
 354              		.cfi_restore 86
 355              		.cfi_restore 87
 356              		.cfi_restore 84
 357              		.cfi_restore 85
 358              		.cfi_restore 82
 359              		.cfi_restore 83
 360              		.cfi_restore 80
 361              		.cfi_restore 81
 362              		.cfi_def_cfa_offset 16
 363              	.LVL32:
 131:effects/mysteriouseffect.cpp ****         reverbEffect_->Update();
 364              		.loc 1 131 30 view .LVU95
ARM GAS  C:\Users\Oliver\AppData\Local\Temp\cclFZbsF.s 			page 30


 365 00cc 0368     		ldr	r3, [r0]
 366              		.loc 1 133 1 view .LVU96
 367 00ce BDE87040 		pop	{r4, r5, r6, lr}
 368              		.cfi_restore 14
 369              		.cfi_restore 6
 370              		.cfi_restore 5
 371              		.cfi_restore 4
 372              		.cfi_def_cfa_offset 0
 373              	.LVL33:
 131:effects/mysteriouseffect.cpp ****         reverbEffect_->Update();
 374              		.loc 1 131 30 view .LVU97
 375 00d2 5B69     		ldr	r3, [r3, #20]
 376 00d4 1847     		bx	r3	@ indirect register sibling call
 377              	.LVL34:
 378              	.L10:
 379              		.cfi_restore_state
 380              		.loc 1 133 1 view .LVU98
 381 00d6 BDEC088B 		vldm	sp!, {d8-d11}
 382              		.cfi_remember_state
 383              		.cfi_restore 86
 384              		.cfi_restore 87
 385              		.cfi_restore 84
 386              		.cfi_restore 85
 387              		.cfi_restore 82
 388              		.cfi_restore 83
 389              		.cfi_restore 80
 390              		.cfi_restore 81
 391              		.cfi_def_cfa_offset 16
 392              	.LVL35:
 393              		.loc 1 133 1 view .LVU99
 394 00da 70BD     		pop	{r4, r5, r6, pc}
 395              	.LVL36:
 396              	.L39:
 397              		.cfi_restore_state
 398              	.LBB149:
 399              	.LBB141:
 107:effects/mysteriouseffect.cpp ****         delayEffect_->GetParameter(1)->SetValue(0.10f + (space * 0.70f));
 400              		.loc 1 107 9 is_stmt 1 view .LVU100
 107:effects/mysteriouseffect.cpp ****         delayEffect_->GetParameter(1)->SetValue(0.10f + (space * 0.70f));
 401              		.loc 1 107 35 is_stmt 0 view .LVU101
 402 00dc 0021     		movs	r1, #0
 403 00de A06D     		ldr	r0, [r4, #88]
 404 00e0 FFF7FEFF 		bl	_ZN11perspective6Effect12GetParameterEj
 405              	.LVL37:
 107:effects/mysteriouseffect.cpp ****         delayEffect_->GetParameter(1)->SetValue(0.10f + (space * 0.70f));
 406              		.loc 1 107 48 discriminator 1 view .LVU102
 407 00e4 0368     		ldr	r3, [r0]
 408 00e6 B0EE6A0A 		vmov.f32	s0, s21
 409 00ea 1B69     		ldr	r3, [r3, #16]
 410 00ec 9847     		blx	r3
 411              	.LVL38:
 108:effects/mysteriouseffect.cpp ****         delayEffect_->GetParameter(2)->SetValue(3.0f);
 412              		.loc 1 108 9 is_stmt 1 view .LVU103
 108:effects/mysteriouseffect.cpp ****         delayEffect_->GetParameter(2)->SetValue(3.0f);
 413              		.loc 1 108 35 is_stmt 0 view .LVU104
 414 00ee 0121     		movs	r1, #1
 415 00f0 A06D     		ldr	r0, [r4, #88]
ARM GAS  C:\Users\Oliver\AppData\Local\Temp\cclFZbsF.s 			page 31


 416 00f2 FFF7FEFF 		bl	_ZN11perspective6Effect12GetParameterEj
 417              	.LVL39:
 108:effects/mysteriouseffect.cpp ****         delayEffect_->GetParameter(2)->SetValue(3.0f);
 418              		.loc 1 108 48 discriminator 1 view .LVU105
 419 00f6 DFED6F7A 		vldr.32	s15, .L42+12
 420 00fa 0368     		ldr	r3, [r0]
 421 00fc 9FED700A 		vldr.32	s0, .L42+24
 422 0100 1B69     		ldr	r3, [r3, #16]
 423 0102 A8EE270A 		vfma.f32	s0, s16, s15
 424 0106 9847     		blx	r3
 425              	.LVL40:
 109:effects/mysteriouseffect.cpp **** 
 426              		.loc 1 109 9 is_stmt 1 view .LVU106
 109:effects/mysteriouseffect.cpp **** 
 427              		.loc 1 109 35 is_stmt 0 view .LVU107
 428 0108 0221     		movs	r1, #2
 429 010a A06D     		ldr	r0, [r4, #88]
 430 010c FFF7FEFF 		bl	_ZN11perspective6Effect12GetParameterEj
 431              	.LVL41:
 109:effects/mysteriouseffect.cpp **** 
 432              		.loc 1 109 48 discriminator 1 view .LVU108
 433 0110 0368     		ldr	r3, [r0]
 434 0112 B0EE080A 		vmov.f32	s0, #3.0e+0
 435 0116 1B69     		ldr	r3, [r3, #16]
 436 0118 9847     		blx	r3
 437              	.LVL42:
 111:effects/mysteriouseffect.cpp ****         if (timeParam && timeParam->GetType() == ParameterType::ENCODER) {
 438              		.loc 1 111 9 is_stmt 1 view .LVU109
 111:effects/mysteriouseffect.cpp ****         if (timeParam && timeParam->GetType() == ParameterType::ENCODER) {
 439              		.loc 1 111 64 is_stmt 0 view .LVU110
 440 011a 0321     		movs	r1, #3
 441 011c A06D     		ldr	r0, [r4, #88]
 442 011e FFF7FEFF 		bl	_ZN11perspective6Effect12GetParameterEj
 443              	.LVL43:
 112:effects/mysteriouseffect.cpp ****             TimeParameter* delayTimeParam = static_cast<TimeParameter*>(timeParam);
 444              		.loc 1 112 9 is_stmt 1 view .LVU111
 445              	.LBB142:
 112:effects/mysteriouseffect.cpp ****             TimeParameter* delayTimeParam = static_cast<TimeParameter*>(timeParam);
 446              		.loc 1 112 23 is_stmt 0 view .LVU112
 447 0122 0646     		mov	r6, r0
 448 0124 28B1     		cbz	r0, .L23
 112:effects/mysteriouseffect.cpp ****             TimeParameter* delayTimeParam = static_cast<TimeParameter*>(timeParam);
 449              		.loc 1 112 44 discriminator 1 view .LVU113
 450 0126 0368     		ldr	r3, [r0]
 451 0128 9B68     		ldr	r3, [r3, #8]
 452 012a 9847     		blx	r3
 453              	.LVL44:
 112:effects/mysteriouseffect.cpp ****             TimeParameter* delayTimeParam = static_cast<TimeParameter*>(timeParam);
 454              		.loc 1 112 23 discriminator 1 view .LVU114
 455 012c 0128     		cmp	r0, #1
 456 012e 00F0AE80 		beq	.L40
 457              	.LVL45:
 458              	.L23:
 112:effects/mysteriouseffect.cpp ****             TimeParameter* delayTimeParam = static_cast<TimeParameter*>(timeParam);
 459              		.loc 1 112 23 discriminator 1 view .LVU115
 460              	.LBE142:
 118:effects/mysteriouseffect.cpp ****         if (tempoModeParam && tempoModeParam->GetType() == ParameterType::TOGGLE) {
ARM GAS  C:\Users\Oliver\AppData\Local\Temp\cclFZbsF.s 			page 32


 461              		.loc 1 118 9 is_stmt 1 view .LVU116
 118:effects/mysteriouseffect.cpp ****         if (tempoModeParam && tempoModeParam->GetType() == ParameterType::TOGGLE) {
 462              		.loc 1 118 69 is_stmt 0 view .LVU117
 463 0132 0421     		movs	r1, #4
 464 0134 A06D     		ldr	r0, [r4, #88]
 465 0136 FFF7FEFF 		bl	_ZN11perspective6Effect12GetParameterEj
 466              	.LVL46:
 119:effects/mysteriouseffect.cpp ****             ToggleParameter* toggleParam = static_cast<ToggleParameter*>(tempoModeParam);
 467              		.loc 1 119 9 is_stmt 1 view .LVU118
 468              	.LBB144:
 119:effects/mysteriouseffect.cpp ****             ToggleParameter* toggleParam = static_cast<ToggleParameter*>(tempoModeParam);
 469              		.loc 1 119 28 is_stmt 0 view .LVU119
 470 013a 0546     		mov	r5, r0
 471 013c 28B1     		cbz	r0, .L26
 119:effects/mysteriouseffect.cpp ****             ToggleParameter* toggleParam = static_cast<ToggleParameter*>(tempoModeParam);
 472              		.loc 1 119 54 discriminator 1 view .LVU120
 473 013e 0368     		ldr	r3, [r0]
 474 0140 9B68     		ldr	r3, [r3, #8]
 475 0142 9847     		blx	r3
 476              	.LVL47:
 119:effects/mysteriouseffect.cpp ****             ToggleParameter* toggleParam = static_cast<ToggleParameter*>(tempoModeParam);
 477              		.loc 1 119 28 discriminator 1 view .LVU121
 478 0144 0228     		cmp	r0, #2
 479 0146 00F09D80 		beq	.L41
 480              	.L26:
 481              	.LBE144:
 124:effects/mysteriouseffect.cpp ****     }
 482              		.loc 1 124 9 is_stmt 1 view .LVU122
 483 014a A06D     		ldr	r0, [r4, #88]
 124:effects/mysteriouseffect.cpp ****     }
 484              		.loc 1 124 29 is_stmt 0 view .LVU123
 485 014c 0368     		ldr	r3, [r0]
 486 014e 5B69     		ldr	r3, [r3, #20]
 487 0150 9847     		blx	r3
 488              	.LVL48:
 489              	.LBE141:
 490 0152 9CE7     		b	.L20
 491              	.LVL49:
 492              	.L38:
 124:effects/mysteriouseffect.cpp ****     }
 493              		.loc 1 124 29 view .LVU124
 494              	.LBE149:
  97:effects/mysteriouseffect.cpp ****         flangerEffect_->GetParameter(1)->SetValue(0.10f + (flangeAmount * 0.32f));
 495              		.loc 1 97 9 is_stmt 1 view .LVU125
  97:effects/mysteriouseffect.cpp ****         flangerEffect_->GetParameter(1)->SetValue(0.10f + (flangeAmount * 0.32f));
 496              		.loc 1 97 37 is_stmt 0 view .LVU126
 497 0154 0021     		movs	r1, #0
 498 0156 606D     		ldr	r0, [r4, #84]
 499 0158 FFF7FEFF 		bl	_ZN11perspective6Effect12GetParameterEj
 500              	.LVL50:
  97:effects/mysteriouseffect.cpp ****         flangerEffect_->GetParameter(1)->SetValue(0.10f + (flangeAmount * 0.32f));
 501              		.loc 1 97 50 discriminator 1 view .LVU127
 502 015c DFED597A 		vldr.32	s15, .L42+28
 503 0160 0368     		ldr	r3, [r0]
 504 0162 9FED590A 		vldr.32	s0, .L42+32
 505 0166 1B69     		ldr	r3, [r3, #16]
 506 0168 ABEE270A 		vfma.f32	s0, s22, s15
ARM GAS  C:\Users\Oliver\AppData\Local\Temp\cclFZbsF.s 			page 33


 507 016c 9847     		blx	r3
 508              	.LVL51:
  98:effects/mysteriouseffect.cpp ****         flangerEffect_->GetParameter(2)->SetValue(motionRate);
 509              		.loc 1 98 9 is_stmt 1 view .LVU128
  98:effects/mysteriouseffect.cpp ****         flangerEffect_->GetParameter(2)->SetValue(motionRate);
 510              		.loc 1 98 37 is_stmt 0 view .LVU129
 511 016e 0121     		movs	r1, #1
 512 0170 606D     		ldr	r0, [r4, #84]
 513 0172 FFF7FEFF 		bl	_ZN11perspective6Effect12GetParameterEj
 514              	.LVL52:
  98:effects/mysteriouseffect.cpp ****         flangerEffect_->GetParameter(2)->SetValue(motionRate);
 515              		.loc 1 98 50 discriminator 1 view .LVU130
 516 0176 DFED557A 		vldr.32	s15, .L42+36
 517 017a 0368     		ldr	r3, [r0]
 518 017c 9FED500A 		vldr.32	s0, .L42+24
 519 0180 1B69     		ldr	r3, [r3, #16]
 520 0182 ABEE270A 		vfma.f32	s0, s22, s15
 521 0186 9847     		blx	r3
 522              	.LVL53:
  99:effects/mysteriouseffect.cpp ****         flangerEffect_->GetParameter(3)->SetValue(0.01f + (flangeAmount * 0.08f));
 523              		.loc 1 99 9 is_stmt 1 view .LVU131
  99:effects/mysteriouseffect.cpp ****         flangerEffect_->GetParameter(3)->SetValue(0.01f + (flangeAmount * 0.08f));
 524              		.loc 1 99 37 is_stmt 0 view .LVU132
 525 0188 0221     		movs	r1, #2
 526 018a 606D     		ldr	r0, [r4, #84]
 527 018c FFF7FEFF 		bl	_ZN11perspective6Effect12GetParameterEj
 528              	.LVL54:
  99:effects/mysteriouseffect.cpp ****         flangerEffect_->GetParameter(3)->SetValue(0.01f + (flangeAmount * 0.08f));
 529              		.loc 1 99 50 discriminator 1 view .LVU133
 530 0190 0368     		ldr	r3, [r0]
 531 0192 B0EE680A 		vmov.f32	s0, s17
 532 0196 1B69     		ldr	r3, [r3, #16]
 533 0198 9847     		blx	r3
 534              	.LVL55:
 100:effects/mysteriouseffect.cpp ****         flangerEffect_->GetParameter(4)->SetValue(1.2f + (flangeAmount * 1.4f));
 535              		.loc 1 100 9 is_stmt 1 view .LVU134
 100:effects/mysteriouseffect.cpp ****         flangerEffect_->GetParameter(4)->SetValue(1.2f + (flangeAmount * 1.4f));
 536              		.loc 1 100 37 is_stmt 0 view .LVU135
 537 019a 0321     		movs	r1, #3
 538 019c 606D     		ldr	r0, [r4, #84]
 539 019e FFF7FEFF 		bl	_ZN11perspective6Effect12GetParameterEj
 540              	.LVL56:
 100:effects/mysteriouseffect.cpp ****         flangerEffect_->GetParameter(4)->SetValue(1.2f + (flangeAmount * 1.4f));
 541              		.loc 1 100 50 discriminator 1 view .LVU136
 542 01a2 DFED427A 		vldr.32	s15, .L42+4
 543 01a6 0368     		ldr	r3, [r0]
 544 01a8 9FED490A 		vldr.32	s0, .L42+40
 545 01ac 1B69     		ldr	r3, [r3, #16]
 546 01ae ABEE270A 		vfma.f32	s0, s22, s15
 547 01b2 9847     		blx	r3
 548              	.LVL57:
 101:effects/mysteriouseffect.cpp ****         flangerEffect_->GetParameter(5)->SetValue(0.0f);
 549              		.loc 1 101 9 is_stmt 1 view .LVU137
 101:effects/mysteriouseffect.cpp ****         flangerEffect_->GetParameter(5)->SetValue(0.0f);
 550              		.loc 1 101 37 is_stmt 0 view .LVU138
 551 01b4 0421     		movs	r1, #4
 552 01b6 606D     		ldr	r0, [r4, #84]
ARM GAS  C:\Users\Oliver\AppData\Local\Temp\cclFZbsF.s 			page 34


 553 01b8 FFF7FEFF 		bl	_ZN11perspective6Effect12GetParameterEj
 554              	.LVL58:
 101:effects/mysteriouseffect.cpp ****         flangerEffect_->GetParameter(5)->SetValue(0.0f);
 555              		.loc 1 101 50 discriminator 1 view .LVU139
 556 01bc DFED457A 		vldr.32	s15, .L42+44
 557 01c0 0368     		ldr	r3, [r0]
 558 01c2 9FED450A 		vldr.32	s0, .L42+48
 559 01c6 1B69     		ldr	r3, [r3, #16]
 560 01c8 ABEE270A 		vfma.f32	s0, s22, s15
 561 01cc 9847     		blx	r3
 562              	.LVL59:
 102:effects/mysteriouseffect.cpp ****         flangerEffect_->Update();
 563              		.loc 1 102 9 is_stmt 1 view .LVU140
 102:effects/mysteriouseffect.cpp ****         flangerEffect_->Update();
 564              		.loc 1 102 37 is_stmt 0 view .LVU141
 565 01ce 0521     		movs	r1, #5
 566 01d0 606D     		ldr	r0, [r4, #84]
 567 01d2 FFF7FEFF 		bl	_ZN11perspective6Effect12GetParameterEj
 568              	.LVL60:
 102:effects/mysteriouseffect.cpp ****         flangerEffect_->Update();
 569              		.loc 1 102 50 discriminator 1 view .LVU142
 570 01d6 0368     		ldr	r3, [r0]
 571 01d8 9FED400A 		vldr.32	s0, .L42+52
 572 01dc 1B69     		ldr	r3, [r3, #16]
 573 01de 9847     		blx	r3
 574              	.LVL61:
 103:effects/mysteriouseffect.cpp ****     }
 575              		.loc 1 103 9 is_stmt 1 view .LVU143
 576 01e0 606D     		ldr	r0, [r4, #84]
 103:effects/mysteriouseffect.cpp ****     }
 577              		.loc 1 103 31 is_stmt 0 view .LVU144
 578 01e2 0368     		ldr	r3, [r0]
 579 01e4 5B69     		ldr	r3, [r3, #20]
 580 01e6 9847     		blx	r3
 581              	.LVL62:
 582 01e8 4BE7     		b	.L17
 583              	.L37:
  85:effects/mysteriouseffect.cpp ****         autowahV2Effect_->GetParameter(1)->SetValue(0.82f);
 584              		.loc 1 85 9 is_stmt 1 view .LVU145
  85:effects/mysteriouseffect.cpp ****         autowahV2Effect_->GetParameter(1)->SetValue(0.82f);
 585              		.loc 1 85 39 is_stmt 0 view .LVU146
 586 01ea 0021     		movs	r1, #0
 587 01ec 206D     		ldr	r0, [r4, #80]
 588 01ee FFF7FEFF 		bl	_ZN11perspective6Effect12GetParameterEj
 589              	.LVL63:
  85:effects/mysteriouseffect.cpp ****         autowahV2Effect_->GetParameter(1)->SetValue(0.82f);
 590              		.loc 1 85 52 discriminator 1 view .LVU147
 591 01f2 0368     		ldr	r3, [r0]
 592 01f4 B0EE4A0A 		vmov.f32	s0, s20
 593 01f8 1B69     		ldr	r3, [r3, #16]
 594 01fa 9847     		blx	r3
 595              	.LVL64:
  86:effects/mysteriouseffect.cpp ****         autowahV2Effect_->GetParameter(2)->SetValue(1200.0f);
 596              		.loc 1 86 9 is_stmt 1 view .LVU148
  86:effects/mysteriouseffect.cpp ****         autowahV2Effect_->GetParameter(2)->SetValue(1200.0f);
 597              		.loc 1 86 39 is_stmt 0 view .LVU149
 598 01fc 0121     		movs	r1, #1
ARM GAS  C:\Users\Oliver\AppData\Local\Temp\cclFZbsF.s 			page 35


 599 01fe 206D     		ldr	r0, [r4, #80]
 600 0200 FFF7FEFF 		bl	_ZN11perspective6Effect12GetParameterEj
 601              	.LVL65:
  86:effects/mysteriouseffect.cpp ****         autowahV2Effect_->GetParameter(2)->SetValue(1200.0f);
 602              		.loc 1 86 52 discriminator 1 view .LVU150
 603 0204 0368     		ldr	r3, [r0]
 604 0206 9FED360A 		vldr.32	s0, .L42+56
 605 020a 1B69     		ldr	r3, [r3, #16]
 606 020c 9847     		blx	r3
 607              	.LVL66:
  87:effects/mysteriouseffect.cpp ****         autowahV2Effect_->GetParameter(3)->SetValue(0.09f);
 608              		.loc 1 87 9 is_stmt 1 view .LVU151
  87:effects/mysteriouseffect.cpp ****         autowahV2Effect_->GetParameter(3)->SetValue(0.09f);
 609              		.loc 1 87 39 is_stmt 0 view .LVU152
 610 020e 0221     		movs	r1, #2
 611 0210 206D     		ldr	r0, [r4, #80]
 612 0212 FFF7FEFF 		bl	_ZN11perspective6Effect12GetParameterEj
 613              	.LVL67:
  87:effects/mysteriouseffect.cpp ****         autowahV2Effect_->GetParameter(3)->SetValue(0.09f);
 614              		.loc 1 87 52 discriminator 1 view .LVU153
 615 0216 0368     		ldr	r3, [r0]
 616 0218 9FED320A 		vldr.32	s0, .L42+60
 617 021c 1B69     		ldr	r3, [r3, #16]
 618 021e 9847     		blx	r3
 619              	.LVL68:
  88:effects/mysteriouseffect.cpp ****         autowahV2Effect_->GetParameter(4)->SetValue(0.14f);
 620              		.loc 1 88 9 is_stmt 1 view .LVU154
  88:effects/mysteriouseffect.cpp ****         autowahV2Effect_->GetParameter(4)->SetValue(0.14f);
 621              		.loc 1 88 39 is_stmt 0 view .LVU155
 622 0220 0321     		movs	r1, #3
 623 0222 206D     		ldr	r0, [r4, #80]
 624 0224 FFF7FEFF 		bl	_ZN11perspective6Effect12GetParameterEj
 625              	.LVL69:
  88:effects/mysteriouseffect.cpp ****         autowahV2Effect_->GetParameter(4)->SetValue(0.14f);
 626              		.loc 1 88 52 discriminator 1 view .LVU156
 627 0228 0368     		ldr	r3, [r0]
 628 022a 9FED2F0A 		vldr.32	s0, .L42+64
 629 022e 1B69     		ldr	r3, [r3, #16]
 630 0230 9847     		blx	r3
 631              	.LVL70:
  89:effects/mysteriouseffect.cpp ****         autowahV2Effect_->GetParameter(5)->SetValue(-sweepHz);
 632              		.loc 1 89 9 is_stmt 1 view .LVU157
  89:effects/mysteriouseffect.cpp ****         autowahV2Effect_->GetParameter(5)->SetValue(-sweepHz);
 633              		.loc 1 89 39 is_stmt 0 view .LVU158
 634 0232 0421     		movs	r1, #4
 635 0234 206D     		ldr	r0, [r4, #80]
 636 0236 FFF7FEFF 		bl	_ZN11perspective6Effect12GetParameterEj
 637              	.LVL71:
  89:effects/mysteriouseffect.cpp ****         autowahV2Effect_->GetParameter(5)->SetValue(-sweepHz);
 638              		.loc 1 89 52 discriminator 1 view .LVU159
 639 023a 0368     		ldr	r3, [r0]
 640 023c 9FED2B0A 		vldr.32	s0, .L42+68
 641 0240 1B69     		ldr	r3, [r3, #16]
 642 0242 9847     		blx	r3
 643              	.LVL72:
  90:effects/mysteriouseffect.cpp ****         autowahV2Effect_->GetParameter(6)->SetValue(0.0f);
 644              		.loc 1 90 9 is_stmt 1 view .LVU160
ARM GAS  C:\Users\Oliver\AppData\Local\Temp\cclFZbsF.s 			page 36


  90:effects/mysteriouseffect.cpp ****         autowahV2Effect_->GetParameter(6)->SetValue(0.0f);
 645              		.loc 1 90 39 is_stmt 0 view .LVU161
 646 0244 0521     		movs	r1, #5
 647 0246 206D     		ldr	r0, [r4, #80]
 648 0248 FFF7FEFF 		bl	_ZN11perspective6Effect12GetParameterEj
 649              	.LVL73:
  90:effects/mysteriouseffect.cpp ****         autowahV2Effect_->GetParameter(6)->SetValue(0.0f);
 650              		.loc 1 90 52 discriminator 1 view .LVU162
 651 024c 0368     		ldr	r3, [r0]
 652 024e B1EE690A 		vneg.f32	s0, s19
 653 0252 1B69     		ldr	r3, [r3, #16]
 654 0254 9847     		blx	r3
 655              	.LVL74:
  91:effects/mysteriouseffect.cpp ****         autowahV2Effect_->GetParameter(7)->SetValue(downBoost);
 656              		.loc 1 91 9 is_stmt 1 view .LVU163
  91:effects/mysteriouseffect.cpp ****         autowahV2Effect_->GetParameter(7)->SetValue(downBoost);
 657              		.loc 1 91 39 is_stmt 0 view .LVU164
 658 0256 0621     		movs	r1, #6
 659 0258 206D     		ldr	r0, [r4, #80]
 660 025a FFF7FEFF 		bl	_ZN11perspective6Effect12GetParameterEj
 661              	.LVL75:
  91:effects/mysteriouseffect.cpp ****         autowahV2Effect_->GetParameter(7)->SetValue(downBoost);
 662              		.loc 1 91 52 discriminator 1 view .LVU165
 663 025e 0368     		ldr	r3, [r0]
 664 0260 9FED1E0A 		vldr.32	s0, .L42+52
 665 0264 1B69     		ldr	r3, [r3, #16]
 666 0266 9847     		blx	r3
 667              	.LVL76:
  92:effects/mysteriouseffect.cpp ****         autowahV2Effect_->Update();
 668              		.loc 1 92 9 is_stmt 1 view .LVU166
  92:effects/mysteriouseffect.cpp ****         autowahV2Effect_->Update();
 669              		.loc 1 92 39 is_stmt 0 view .LVU167
 670 0268 0721     		movs	r1, #7
 671 026a 206D     		ldr	r0, [r4, #80]
 672 026c FFF7FEFF 		bl	_ZN11perspective6Effect12GetParameterEj
 673              	.LVL77:
  92:effects/mysteriouseffect.cpp ****         autowahV2Effect_->Update();
 674              		.loc 1 92 52 discriminator 1 view .LVU168
 675 0270 0368     		ldr	r3, [r0]
 676 0272 B0EE490A 		vmov.f32	s0, s18
 677 0276 1B69     		ldr	r3, [r3, #16]
 678 0278 9847     		blx	r3
 679              	.LVL78:
  93:effects/mysteriouseffect.cpp ****     }
 680              		.loc 1 93 9 is_stmt 1 view .LVU169
 681 027a 206D     		ldr	r0, [r4, #80]
  93:effects/mysteriouseffect.cpp ****     }
 682              		.loc 1 93 33 is_stmt 0 view .LVU170
 683 027c 0368     		ldr	r3, [r0]
 684 027e 5B69     		ldr	r3, [r3, #20]
 685 0280 9847     		blx	r3
 686              	.LVL79:
 687 0282 F8E6     		b	.L14
 688              	.LVL80:
 689              	.L41:
 690              	.LBB150:
 691              	.LBB148:
ARM GAS  C:\Users\Oliver\AppData\Local\Temp\cclFZbsF.s 			page 37


 692              	.LBB146:
 693              	.LBB145:
 120:effects/mysteriouseffect.cpp ****             toggleParam->SetState(false);
 694              		.loc 1 120 13 is_stmt 1 view .LVU171
 121:effects/mysteriouseffect.cpp ****         }
 695              		.loc 1 121 13 view .LVU172
 121:effects/mysteriouseffect.cpp ****         }
 696              		.loc 1 121 34 is_stmt 0 view .LVU173
 697 0284 0021     		movs	r1, #0
 698 0286 2846     		mov	r0, r5
 699 0288 FFF7FEFF 		bl	_ZN11perspective15ToggleParameter8SetStateEb
 700              	.LVL81:
 701              	.LBE145:
 702 028c 5DE7     		b	.L26
 703              	.LVL82:
 704              	.L40:
 121:effects/mysteriouseffect.cpp ****         }
 705              		.loc 1 121 34 view .LVU174
 706              	.LBE146:
 707              	.LBB147:
 708              	.LBB143:
 113:effects/mysteriouseffect.cpp ****             delayTimeParam->SetValue(delayTime->GetValueAsMs());
 709              		.loc 1 113 13 is_stmt 1 view .LVU175
 114:effects/mysteriouseffect.cpp ****             delayTimeParam->SetDisplayMode(TimeDisplayMode::TIME_MS);
 710              		.loc 1 114 13 view .LVU176
 114:effects/mysteriouseffect.cpp ****             delayTimeParam->SetDisplayMode(TimeDisplayMode::TIME_MS);
 711              		.loc 1 114 37 is_stmt 0 view .LVU177
 712 028e 3368     		ldr	r3, [r6]
 713 0290 2846     		mov	r0, r5
 714 0292 1D69     		ldr	r5, [r3, #16]
 715              	.LVL83:
 114:effects/mysteriouseffect.cpp ****             delayTimeParam->SetDisplayMode(TimeDisplayMode::TIME_MS);
 716              		.loc 1 114 37 view .LVU178
 717 0294 FFF7FEFF 		bl	_ZNK11perspective13TimeParameter12GetValueAsMsEv
 718              	.LVL84:
 114:effects/mysteriouseffect.cpp ****             delayTimeParam->SetDisplayMode(TimeDisplayMode::TIME_MS);
 719              		.loc 1 114 37 discriminator 1 view .LVU179
 720 0298 3046     		mov	r0, r6
 721 029a A847     		blx	r5
 722              	.LVL85:
 115:effects/mysteriouseffect.cpp ****         }
 723              		.loc 1 115 13 is_stmt 1 view .LVU180
 115:effects/mysteriouseffect.cpp ****         }
 724              		.loc 1 115 43 is_stmt 0 view .LVU181
 725 029c 0021     		movs	r1, #0
 726 029e 3046     		mov	r0, r6
 727 02a0 FFF7FEFF 		bl	_ZN11perspective13TimeParameter14SetDisplayModeENS_15TimeDisplayModeE
 728              	.LVL86:
 729              	.LBE143:
 730 02a4 45E7     		b	.L23
 731              	.L43:
 732 02a6 00BF     		.align	2
 733              	.L42:
 734 02a8 8FC2753E 		.word	1047904911
 735 02ac 0AD7A33D 		.word	1034147594
 736 02b0 AE47613E 		.word	1046562734
 737 02b4 3333333F 		.word	1060320051
ARM GAS  C:\Users\Oliver\AppData\Local\Temp\cclFZbsF.s 			page 38


 738 02b8 0080BB44 		.word	1153138688
 739 02bc 00805445 		.word	1163165696
 740 02c0 CDCCCC3D 		.word	1036831949
 741 02c4 EC51383E 		.word	1043878380
 742 02c8 8FC2753D 		.word	1031127695
 743 02cc 0AD7A33E 		.word	1050924810
 744 02d0 0AD7233C 		.word	1008981770
 745 02d4 3333B33F 		.word	1068708659
 746 02d8 9A99993F 		.word	1067030938
 747 02dc 00000000 		.word	0
 748 02e0 85EB513F 		.word	1062333317
 749 02e4 00009644 		.word	1150681088
 750 02e8 EC51B83D 		.word	1035489772
 751 02ec 295C0F3E 		.word	1041194025
 752              	.LBE147:
 753              	.LBE148:
 754              	.LBE150:
 755              		.cfi_endproc
 756              	.LFE6892:
 758              		.section	.rodata._ZN11perspective16MysteriousEffectC2Ev.str1.4,"aMS",%progbits,1
 759              		.align	2
 760              	.LC0:
 761 0000 4D797374 		.ascii	"Mysterious\000"
 761      6572696F 
 761      757300
 762              		.section	.text._ZN11perspective16MysteriousEffectC2Ev,"ax",%progbits
 763              		.align	1
 764              		.p2align 2,,3
 765              		.global	_ZN11perspective16MysteriousEffectC2Ev
 766              		.syntax unified
 767              		.thumb
 768              		.thumb_func
 770              	_ZN11perspective16MysteriousEffectC2Ev:
 771              	.LVL87:
 772              	.LFB6885:
  23:effects/mysteriouseffect.cpp ****     : CompoundEffect("Mysterious", RoutingMode::SERIES)
 773              		.loc 1 23 1 is_stmt 1 view -0
 774              		.cfi_startproc
 775              		@ args = 0, pretend = 0, frame = 0
 776              		@ frame_needed = 0, uses_anonymous_args = 0
  23:effects/mysteriouseffect.cpp ****     : CompoundEffect("Mysterious", RoutingMode::SERIES)
 777              		.loc 1 23 1 is_stmt 0 view .LVU183
 778 0000 38B5     		push	{r3, r4, r5, lr}
 779              		.cfi_def_cfa_offset 16
 780              		.cfi_offset 3, -16
 781              		.cfi_offset 4, -12
 782              		.cfi_offset 5, -8
 783              		.cfi_offset 14, -4
 784              	.LBB151:
  28:effects/mysteriouseffect.cpp ****     AddEffect(autowahV2Effect_);
 785              		.loc 1 28 39 view .LVU184
 786 0002 0022     		movs	r2, #0
 787 0004 1A49     		ldr	r1, .L46
 788              	.LBE151:
  23:effects/mysteriouseffect.cpp ****     : CompoundEffect("Mysterious", RoutingMode::SERIES)
 789              		.loc 1 23 1 view .LVU185
 790 0006 0446     		mov	r4, r0
ARM GAS  C:\Users\Oliver\AppData\Local\Temp\cclFZbsF.s 			page 39


 791              	.LBB152:
  28:effects/mysteriouseffect.cpp ****     AddEffect(autowahV2Effect_);
 792              		.loc 1 28 39 view .LVU186
 793 0008 FFF7FEFF 		bl	_ZN11perspective14CompoundEffectC2EPKcNS_11RoutingModeE
 794              	.LVL88:
  28:effects/mysteriouseffect.cpp ****     AddEffect(autowahV2Effect_);
 795              		.loc 1 28 39 discriminator 1 view .LVU187
 796 000c 194B     		ldr	r3, .L46+4
  25:effects/mysteriouseffect.cpp ****     , flangerEffect_(new FlangerEffect())
 797              		.loc 1 25 44 view .LVU188
 798 000e E420     		movs	r0, #228
  28:effects/mysteriouseffect.cpp ****     AddEffect(autowahV2Effect_);
 799              		.loc 1 28 39 discriminator 1 view .LVU189
 800 0010 2360     		str	r3, [r4]
  25:effects/mysteriouseffect.cpp ****     , flangerEffect_(new FlangerEffect())
 801              		.loc 1 25 44 view .LVU190
 802 0012 FFF7FEFF 		bl	_Znwj
 803              	.LVL89:
 804 0016 0546     		mov	r5, r0
  25:effects/mysteriouseffect.cpp ****     , flangerEffect_(new FlangerEffect())
 805              		.loc 1 25 44 discriminator 1 view .LVU191
 806 0018 FFF7FEFF 		bl	_ZN11perspective15AutowahV2EffectC1Ev
 807              	.LVL90:
  26:effects/mysteriouseffect.cpp ****     , delayEffect_(new DelayEffect())
 808              		.loc 1 26 40 view .LVU192
 809 001c 44F24400 		movw	r0, #16452
  25:effects/mysteriouseffect.cpp ****     , flangerEffect_(new FlangerEffect())
 810              		.loc 1 25 7 discriminator 2 view .LVU193
 811 0020 2565     		str	r5, [r4, #80]
  26:effects/mysteriouseffect.cpp ****     , delayEffect_(new DelayEffect())
 812              		.loc 1 26 40 view .LVU194
 813 0022 FFF7FEFF 		bl	_Znwj
 814              	.LVL91:
 815 0026 0546     		mov	r5, r0
  26:effects/mysteriouseffect.cpp ****     , delayEffect_(new DelayEffect())
 816              		.loc 1 26 40 discriminator 1 view .LVU195
 817 0028 FFF7FEFF 		bl	_ZN11perspective13FlangerEffectC1Ev
 818              	.LVL92:
  27:effects/mysteriouseffect.cpp ****     , reverbEffect_(new ReverbEffect()) {
 819              		.loc 1 27 36 view .LVU196
 820 002c FC20     		movs	r0, #252
  26:effects/mysteriouseffect.cpp ****     , delayEffect_(new DelayEffect())
 821              		.loc 1 26 7 discriminator 2 view .LVU197
 822 002e 6565     		str	r5, [r4, #84]
  27:effects/mysteriouseffect.cpp ****     , reverbEffect_(new ReverbEffect()) {
 823              		.loc 1 27 36 view .LVU198
 824 0030 FFF7FEFF 		bl	_Znwj
 825              	.LVL93:
 826 0034 0546     		mov	r5, r0
  27:effects/mysteriouseffect.cpp ****     , reverbEffect_(new ReverbEffect()) {
 827              		.loc 1 27 36 discriminator 1 view .LVU199
 828 0036 FFF7FEFF 		bl	_ZN11perspective11DelayEffectC1Ev
 829              	.LVL94:
  28:effects/mysteriouseffect.cpp ****     AddEffect(autowahV2Effect_);
 830              		.loc 1 28 38 view .LVU200
 831 003a 4820     		movs	r0, #72
  27:effects/mysteriouseffect.cpp ****     , reverbEffect_(new ReverbEffect()) {
ARM GAS  C:\Users\Oliver\AppData\Local\Temp\cclFZbsF.s 			page 40


 832              		.loc 1 27 7 discriminator 2 view .LVU201
 833 003c A565     		str	r5, [r4, #88]
  28:effects/mysteriouseffect.cpp ****     AddEffect(autowahV2Effect_);
 834              		.loc 1 28 38 view .LVU202
 835 003e FFF7FEFF 		bl	_Znwj
 836              	.LVL95:
 837 0042 0546     		mov	r5, r0
  28:effects/mysteriouseffect.cpp ****     AddEffect(autowahV2Effect_);
 838              		.loc 1 28 38 discriminator 1 view .LVU203
 839 0044 FFF7FEFF 		bl	_ZN11perspective12ReverbEffectC1Ev
 840              	.LVL96:
  29:effects/mysteriouseffect.cpp ****     AddEffect(flangerEffect_);
 841              		.loc 1 29 14 view .LVU204
 842 0048 216D     		ldr	r1, [r4, #80]
 843 004a 2046     		mov	r0, r4
  28:effects/mysteriouseffect.cpp ****     AddEffect(autowahV2Effect_);
 844              		.loc 1 28 7 discriminator 2 view .LVU205
 845 004c E565     		str	r5, [r4, #92]
  29:effects/mysteriouseffect.cpp ****     AddEffect(flangerEffect_);
 846              		.loc 1 29 5 is_stmt 1 view .LVU206
  29:effects/mysteriouseffect.cpp ****     AddEffect(flangerEffect_);
 847              		.loc 1 29 14 is_stmt 0 view .LVU207
 848 004e FFF7FEFF 		bl	_ZN11perspective14CompoundEffect9AddEffectEPNS_6EffectE
 849              	.LVL97:
  30:effects/mysteriouseffect.cpp ****     AddEffect(delayEffect_);
 850              		.loc 1 30 5 is_stmt 1 view .LVU208
  30:effects/mysteriouseffect.cpp ****     AddEffect(delayEffect_);
 851              		.loc 1 30 14 is_stmt 0 view .LVU209
 852 0052 616D     		ldr	r1, [r4, #84]
 853 0054 2046     		mov	r0, r4
 854 0056 FFF7FEFF 		bl	_ZN11perspective14CompoundEffect9AddEffectEPNS_6EffectE
 855              	.LVL98:
  31:effects/mysteriouseffect.cpp ****     AddEffect(reverbEffect_);
 856              		.loc 1 31 5 is_stmt 1 view .LVU210
  31:effects/mysteriouseffect.cpp ****     AddEffect(reverbEffect_);
 857              		.loc 1 31 14 is_stmt 0 view .LVU211
 858 005a A16D     		ldr	r1, [r4, #88]
 859 005c 2046     		mov	r0, r4
 860 005e FFF7FEFF 		bl	_ZN11perspective14CompoundEffect9AddEffectEPNS_6EffectE
 861              	.LVL99:
  32:effects/mysteriouseffect.cpp **** }
 862              		.loc 1 32 5 is_stmt 1 view .LVU212
  32:effects/mysteriouseffect.cpp **** }
 863              		.loc 1 32 14 is_stmt 0 view .LVU213
 864 0062 2046     		mov	r0, r4
 865 0064 E16D     		ldr	r1, [r4, #92]
 866 0066 FFF7FEFF 		bl	_ZN11perspective14CompoundEffect9AddEffectEPNS_6EffectE
 867              	.LVL100:
 868              	.LBE152:
  33:effects/mysteriouseffect.cpp **** 
 869              		.loc 1 33 1 view .LVU214
 870 006a 2046     		mov	r0, r4
 871 006c 38BD     		pop	{r3, r4, r5, pc}
 872              	.LVL101:
 873              	.L47:
  33:effects/mysteriouseffect.cpp **** 
 874              		.loc 1 33 1 view .LVU215
ARM GAS  C:\Users\Oliver\AppData\Local\Temp\cclFZbsF.s 			page 41


 875 006e 00BF     		.align	2
 876              	.L46:
 877 0070 00000000 		.word	.LC0
 878 0074 08000000 		.word	_ZTVN11perspective16MysteriousEffectE+8
 879              		.cfi_endproc
 880              	.LFE6885:
 882              		.global	_ZN11perspective16MysteriousEffectC1Ev
 883              		.thumb_set _ZN11perspective16MysteriousEffectC1Ev,_ZN11perspective16MysteriousEffectC2Ev
 884              		.section	.rodata._ZN11perspective16MysteriousEffect4InitEf.str1.4,"aMS",%progbits,1
 885              		.align	2
 886              	.LC1:
 887 0000 4B312057 		.ascii	"K1 Wah Mix\000"
 887      6168204D 
 887      697800
 888 000b 00       		.align	2
 889              	.LC2:
 890 000c 4B322053 		.ascii	"K2 Sweep\000"
 890      77656570 
 890      00
 891 0015 000000   		.align	2
 892              	.LC3:
 893 0018 4B332046 		.ascii	"K3 Flange\000"
 893      6C616E67 
 893      6500
 894 0022 0000     		.align	2
 895              	.LC4:
 896 0024 4B34204D 		.ascii	"K4 Motion\000"
 896      6F74696F 
 896      6E00
 897 002e 0000     		.align	2
 898              	.LC5:
 899 0030 4B352045 		.ascii	"K5 Echo\000"
 899      63686F00 
 900              		.align	2
 901              	.LC6:
 902 0038 4B362053 		.ascii	"K6 Space\000"
 902      70616365 
 902      00
 903 0041 000000   		.align	2
 904              	.LC7:
 905 0044 45312054 		.ascii	"E1 Tempo\000"
 905      656D706F 
 905      00
 906 004d 000000   		.align	2
 907              	.LC8:
 908 0050 45312054 		.ascii	"E1 Time\000"
 908      696D6500 
 909              		.align	2
 910              	.LC9:
 911 0058 45322044 		.ascii	"E2 Down+\000"
 911      6F776E2B 
 911      00
 912              		.section	.text._ZN11perspective16MysteriousEffect4InitEf,"ax",%progbits
 913              		.align	1
 914              		.p2align 2,,3
 915              		.global	_ZN11perspective16MysteriousEffect4InitEf
 916              		.syntax unified
ARM GAS  C:\Users\Oliver\AppData\Local\Temp\cclFZbsF.s 			page 42


 917              		.thumb
 918              		.thumb_func
 920              	_ZN11perspective16MysteriousEffect4InitEf:
 921              	.LVL102:
 922              	.LFB6891:
  38:effects/mysteriouseffect.cpp ****     CompoundEffect::Init(sampleRate);
 923              		.loc 1 38 47 is_stmt 1 view -0
 924              		.cfi_startproc
 925              		@ args = 0, pretend = 0, frame = 0
 926              		@ frame_needed = 0, uses_anonymous_args = 0
  39:effects/mysteriouseffect.cpp **** 
 927              		.loc 1 39 5 view .LVU217
  38:effects/mysteriouseffect.cpp ****     CompoundEffect::Init(sampleRate);
 928              		.loc 1 38 47 is_stmt 0 view .LVU218
 929 0000 2DE9F043 		push	{r4, r5, r6, r7, r8, r9, lr}
 930              		.cfi_def_cfa_offset 28
 931              		.cfi_offset 4, -28
 932              		.cfi_offset 5, -24
 933              		.cfi_offset 6, -20
 934              		.cfi_offset 7, -16
 935              		.cfi_offset 8, -12
 936              		.cfi_offset 9, -8
 937              		.cfi_offset 14, -4
 938 0004 2DED028B 		vpush.64	{d8}
 939              		.cfi_def_cfa_offset 36
 940              		.cfi_offset 80, -36
 941              		.cfi_offset 81, -32
 942 0008 83B0     		sub	sp, sp, #12
 943              		.cfi_def_cfa_offset 48
  38:effects/mysteriouseffect.cpp ****     CompoundEffect::Init(sampleRate);
 944              		.loc 1 38 47 view .LVU219
 945 000a 0446     		mov	r4, r0
  41:effects/mysteriouseffect.cpp ****     parameters_.back()->SetDisplayType(DisplayType::SCALED);
 946              		.loc 1 41 106 discriminator 1 view .LVU220
 947 000c 0026     		movs	r6, #0
  39:effects/mysteriouseffect.cpp **** 
 948              		.loc 1 39 25 view .LVU221
 949 000e FFF7FEFF 		bl	_ZN11perspective14CompoundEffect4InitEf
 950              	.LVL103:
  41:effects/mysteriouseffect.cpp ****     parameters_.back()->SetDisplayType(DisplayType::SCALED);
 951              		.loc 1 41 5 is_stmt 1 view .LVU222
  41:effects/mysteriouseffect.cpp ****     parameters_.back()->SetDisplayType(DisplayType::SCALED);
 952              		.loc 1 41 106 is_stmt 0 discriminator 1 view .LVU223
 953 0012 9FED7B8A 		vldr.32	s16, .L50
  41:effects/mysteriouseffect.cpp ****     parameters_.back()->SetDisplayType(DisplayType::SCALED);
 954              		.loc 1 41 106 view .LVU224
 955 0016 3020     		movs	r0, #48
 956 0018 FFF7FEFF 		bl	_Znwj
 957              	.LVL104:
 958 001c 0546     		mov	r5, r0
  41:effects/mysteriouseffect.cpp ****     parameters_.back()->SetDisplayType(DisplayType::SCALED);
 959              		.loc 1 41 106 discriminator 1 view .LVU225
 960 001e 3246     		mov	r2, r6
 961 0020 F7EE000A 		vmov.f32	s1, #1.0e+0
 962 0024 9FED771A 		vldr.32	s2, .L50+4
 963 0028 B0EE480A 		vmov.f32	s0, s16
 964 002c 3346     		mov	r3, r6
ARM GAS  C:\Users\Oliver\AppData\Local\Temp\cclFZbsF.s 			page 43


 965 002e 0096     		str	r6, [sp]
 966 0030 7549     		ldr	r1, .L50+8
  47:effects/mysteriouseffect.cpp ****     parameters_.back()->SetDisplayType(DisplayType::SCALED);
 967              		.loc 1 47 105 discriminator 1 view .LVU226
 968 0032 4FF00208 		mov	r8, #2
  41:effects/mysteriouseffect.cpp ****     parameters_.back()->SetDisplayType(DisplayType::SCALED);
 969              		.loc 1 41 106 discriminator 1 view .LVU227
 970 0036 FFF7FEFF 		bl	_ZN11perspective22PotentiometerParameterC1EPKcfffNS_8PotCurveEii
 971              	.LVL105:
  41:effects/mysteriouseffect.cpp ****     parameters_.back()->SetDisplayType(DisplayType::SCALED);
 972              		.loc 1 41 17 discriminator 2 view .LVU228
 973 003a 2946     		mov	r1, r5
 974 003c 2046     		mov	r0, r4
  43:effects/mysteriouseffect.cpp **** 
 975              		.loc 1 43 39 discriminator 1 view .LVU229
 976 003e DFED738A 		vldr.32	s17, .L50+12
  41:effects/mysteriouseffect.cpp ****     parameters_.back()->SetDisplayType(DisplayType::SCALED);
 977              		.loc 1 41 17 discriminator 2 view .LVU230
 978 0042 FFF7FEFF 		bl	_ZN11perspective6Effect12AddParameterEPNS_15EffectParameterE
 979              	.LVL106:
  42:effects/mysteriouseffect.cpp ****     parameters_.back()->SetScaleFactor(100.0f);
 980              		.loc 1 42 5 is_stmt 1 view .LVU231
 981              	.LBB153:
 982              	.LBI153:
1145:C:/Program Files (x86)/Arm GNU Toolchain arm-none-eabi/14.3 rel1/arm-none-eabi/include/c++/14.3.1/bits\stl_vector.h ****       }
1146:C:/Program Files (x86)/Arm GNU Toolchain arm-none-eabi/14.3 rel1/arm-none-eabi/include/c++/14.3.1/bits\stl_vector.h **** 
1147:C:/Program Files (x86)/Arm GNU Toolchain arm-none-eabi/14.3 rel1/arm-none-eabi/include/c++/14.3.1/bits\stl_vector.h ****       /**
1148:C:/Program Files (x86)/Arm GNU Toolchain arm-none-eabi/14.3 rel1/arm-none-eabi/include/c++/14.3.1/bits\stl_vector.h ****        *  @brief  Subscript access to the data contained in the %vector.
1149:C:/Program Files (x86)/Arm GNU Toolchain arm-none-eabi/14.3 rel1/arm-none-eabi/include/c++/14.3.1/bits\stl_vector.h ****        *  @param __n The index of the element for which data should be
1150:C:/Program Files (x86)/Arm GNU Toolchain arm-none-eabi/14.3 rel1/arm-none-eabi/include/c++/14.3.1/bits\stl_vector.h ****        *  accessed.
1151:C:/Program Files (x86)/Arm GNU Toolchain arm-none-eabi/14.3 rel1/arm-none-eabi/include/c++/14.3.1/bits\stl_vector.h ****        *  @return  Read-only (constant) reference to data.
1152:C:/Program Files (x86)/Arm GNU Toolchain arm-none-eabi/14.3 rel1/arm-none-eabi/include/c++/14.3.1/bits\stl_vector.h ****        *
1153:C:/Program Files (x86)/Arm GNU Toolchain arm-none-eabi/14.3 rel1/arm-none-eabi/include/c++/14.3.1/bits\stl_vector.h ****        *  This operator allows for easy, array-style, data access.
1154:C:/Program Files (x86)/Arm GNU Toolchain arm-none-eabi/14.3 rel1/arm-none-eabi/include/c++/14.3.1/bits\stl_vector.h ****        *  Note that data access with this operator is unchecked and
1155:C:/Program Files (x86)/Arm GNU Toolchain arm-none-eabi/14.3 rel1/arm-none-eabi/include/c++/14.3.1/bits\stl_vector.h ****        *  out_of_range lookups are not defined. (For checked lookups
1156:C:/Program Files (x86)/Arm GNU Toolchain arm-none-eabi/14.3 rel1/arm-none-eabi/include/c++/14.3.1/bits\stl_vector.h ****        *  see at().)
1157:C:/Program Files (x86)/Arm GNU Toolchain arm-none-eabi/14.3 rel1/arm-none-eabi/include/c++/14.3.1/bits\stl_vector.h ****        */
1158:C:/Program Files (x86)/Arm GNU Toolchain arm-none-eabi/14.3 rel1/arm-none-eabi/include/c++/14.3.1/bits\stl_vector.h ****       _GLIBCXX_NODISCARD _GLIBCXX20_CONSTEXPR
1159:C:/Program Files (x86)/Arm GNU Toolchain arm-none-eabi/14.3 rel1/arm-none-eabi/include/c++/14.3.1/bits\stl_vector.h ****       const_reference
1160:C:/Program Files (x86)/Arm GNU Toolchain arm-none-eabi/14.3 rel1/arm-none-eabi/include/c++/14.3.1/bits\stl_vector.h ****       operator[](size_type __n) const _GLIBCXX_NOEXCEPT
1161:C:/Program Files (x86)/Arm GNU Toolchain arm-none-eabi/14.3 rel1/arm-none-eabi/include/c++/14.3.1/bits\stl_vector.h ****       {
1162:C:/Program Files (x86)/Arm GNU Toolchain arm-none-eabi/14.3 rel1/arm-none-eabi/include/c++/14.3.1/bits\stl_vector.h **** 	__glibcxx_requires_subscript(__n);
1163:C:/Program Files (x86)/Arm GNU Toolchain arm-none-eabi/14.3 rel1/arm-none-eabi/include/c++/14.3.1/bits\stl_vector.h **** 	return *(this->_M_impl._M_start + __n);
1164:C:/Program Files (x86)/Arm GNU Toolchain arm-none-eabi/14.3 rel1/arm-none-eabi/include/c++/14.3.1/bits\stl_vector.h ****       }
1165:C:/Program Files (x86)/Arm GNU Toolchain arm-none-eabi/14.3 rel1/arm-none-eabi/include/c++/14.3.1/bits\stl_vector.h **** 
1166:C:/Program Files (x86)/Arm GNU Toolchain arm-none-eabi/14.3 rel1/arm-none-eabi/include/c++/14.3.1/bits\stl_vector.h ****     protected:
1167:C:/Program Files (x86)/Arm GNU Toolchain arm-none-eabi/14.3 rel1/arm-none-eabi/include/c++/14.3.1/bits\stl_vector.h ****       /// Safety check used only from at().
1168:C:/Program Files (x86)/Arm GNU Toolchain arm-none-eabi/14.3 rel1/arm-none-eabi/include/c++/14.3.1/bits\stl_vector.h ****       _GLIBCXX20_CONSTEXPR
1169:C:/Program Files (x86)/Arm GNU Toolchain arm-none-eabi/14.3 rel1/arm-none-eabi/include/c++/14.3.1/bits\stl_vector.h ****       void
1170:C:/Program Files (x86)/Arm GNU Toolchain arm-none-eabi/14.3 rel1/arm-none-eabi/include/c++/14.3.1/bits\stl_vector.h ****       _M_range_check(size_type __n) const
1171:C:/Program Files (x86)/Arm GNU Toolchain arm-none-eabi/14.3 rel1/arm-none-eabi/include/c++/14.3.1/bits\stl_vector.h ****       {
1172:C:/Program Files (x86)/Arm GNU Toolchain arm-none-eabi/14.3 rel1/arm-none-eabi/include/c++/14.3.1/bits\stl_vector.h **** 	if (__n >= this->size())
1173:C:/Program Files (x86)/Arm GNU Toolchain arm-none-eabi/14.3 rel1/arm-none-eabi/include/c++/14.3.1/bits\stl_vector.h **** 	  __throw_out_of_range_fmt(__N("vector::_M_range_check: __n "
1174:C:/Program Files (x86)/Arm GNU Toolchain arm-none-eabi/14.3 rel1/arm-none-eabi/include/c++/14.3.1/bits\stl_vector.h **** 				       "(which is %zu) >= this->size() "
1175:C:/Program Files (x86)/Arm GNU Toolchain arm-none-eabi/14.3 rel1/arm-none-eabi/include/c++/14.3.1/bits\stl_vector.h **** 				       "(which is %zu)"),
1176:C:/Program Files (x86)/Arm GNU Toolchain arm-none-eabi/14.3 rel1/arm-none-eabi/include/c++/14.3.1/bits\stl_vector.h **** 				   __n, this->size());
1177:C:/Program Files (x86)/Arm GNU Toolchain arm-none-eabi/14.3 rel1/arm-none-eabi/include/c++/14.3.1/bits\stl_vector.h ****       }
ARM GAS  C:\Users\Oliver\AppData\Local\Temp\cclFZbsF.s 			page 44


1178:C:/Program Files (x86)/Arm GNU Toolchain arm-none-eabi/14.3 rel1/arm-none-eabi/include/c++/14.3.1/bits\stl_vector.h **** 
1179:C:/Program Files (x86)/Arm GNU Toolchain arm-none-eabi/14.3 rel1/arm-none-eabi/include/c++/14.3.1/bits\stl_vector.h ****     public:
1180:C:/Program Files (x86)/Arm GNU Toolchain arm-none-eabi/14.3 rel1/arm-none-eabi/include/c++/14.3.1/bits\stl_vector.h ****       /**
1181:C:/Program Files (x86)/Arm GNU Toolchain arm-none-eabi/14.3 rel1/arm-none-eabi/include/c++/14.3.1/bits\stl_vector.h ****        *  @brief  Provides access to the data contained in the %vector.
1182:C:/Program Files (x86)/Arm GNU Toolchain arm-none-eabi/14.3 rel1/arm-none-eabi/include/c++/14.3.1/bits\stl_vector.h ****        *  @param __n The index of the element for which data should be
1183:C:/Program Files (x86)/Arm GNU Toolchain arm-none-eabi/14.3 rel1/arm-none-eabi/include/c++/14.3.1/bits\stl_vector.h ****        *  accessed.
1184:C:/Program Files (x86)/Arm GNU Toolchain arm-none-eabi/14.3 rel1/arm-none-eabi/include/c++/14.3.1/bits\stl_vector.h ****        *  @return  Read/write reference to data.
1185:C:/Program Files (x86)/Arm GNU Toolchain arm-none-eabi/14.3 rel1/arm-none-eabi/include/c++/14.3.1/bits\stl_vector.h ****        *  @throw  std::out_of_range  If @a __n is an invalid index.
1186:C:/Program Files (x86)/Arm GNU Toolchain arm-none-eabi/14.3 rel1/arm-none-eabi/include/c++/14.3.1/bits\stl_vector.h ****        *
1187:C:/Program Files (x86)/Arm GNU Toolchain arm-none-eabi/14.3 rel1/arm-none-eabi/include/c++/14.3.1/bits\stl_vector.h ****        *  This function provides for safer data access.  The parameter
1188:C:/Program Files (x86)/Arm GNU Toolchain arm-none-eabi/14.3 rel1/arm-none-eabi/include/c++/14.3.1/bits\stl_vector.h ****        *  is first checked that it is in the range of the vector.  The
1189:C:/Program Files (x86)/Arm GNU Toolchain arm-none-eabi/14.3 rel1/arm-none-eabi/include/c++/14.3.1/bits\stl_vector.h ****        *  function throws out_of_range if the check fails.
1190:C:/Program Files (x86)/Arm GNU Toolchain arm-none-eabi/14.3 rel1/arm-none-eabi/include/c++/14.3.1/bits\stl_vector.h ****        */
1191:C:/Program Files (x86)/Arm GNU Toolchain arm-none-eabi/14.3 rel1/arm-none-eabi/include/c++/14.3.1/bits\stl_vector.h ****       _GLIBCXX_NODISCARD _GLIBCXX20_CONSTEXPR
1192:C:/Program Files (x86)/Arm GNU Toolchain arm-none-eabi/14.3 rel1/arm-none-eabi/include/c++/14.3.1/bits\stl_vector.h ****       reference
1193:C:/Program Files (x86)/Arm GNU Toolchain arm-none-eabi/14.3 rel1/arm-none-eabi/include/c++/14.3.1/bits\stl_vector.h ****       at(size_type __n)
1194:C:/Program Files (x86)/Arm GNU Toolchain arm-none-eabi/14.3 rel1/arm-none-eabi/include/c++/14.3.1/bits\stl_vector.h ****       {
1195:C:/Program Files (x86)/Arm GNU Toolchain arm-none-eabi/14.3 rel1/arm-none-eabi/include/c++/14.3.1/bits\stl_vector.h **** 	_M_range_check(__n);
1196:C:/Program Files (x86)/Arm GNU Toolchain arm-none-eabi/14.3 rel1/arm-none-eabi/include/c++/14.3.1/bits\stl_vector.h **** 	return (*this)[__n];
1197:C:/Program Files (x86)/Arm GNU Toolchain arm-none-eabi/14.3 rel1/arm-none-eabi/include/c++/14.3.1/bits\stl_vector.h ****       }
1198:C:/Program Files (x86)/Arm GNU Toolchain arm-none-eabi/14.3 rel1/arm-none-eabi/include/c++/14.3.1/bits\stl_vector.h **** 
1199:C:/Program Files (x86)/Arm GNU Toolchain arm-none-eabi/14.3 rel1/arm-none-eabi/include/c++/14.3.1/bits\stl_vector.h ****       /**
1200:C:/Program Files (x86)/Arm GNU Toolchain arm-none-eabi/14.3 rel1/arm-none-eabi/include/c++/14.3.1/bits\stl_vector.h ****        *  @brief  Provides access to the data contained in the %vector.
1201:C:/Program Files (x86)/Arm GNU Toolchain arm-none-eabi/14.3 rel1/arm-none-eabi/include/c++/14.3.1/bits\stl_vector.h ****        *  @param __n The index of the element for which data should be
1202:C:/Program Files (x86)/Arm GNU Toolchain arm-none-eabi/14.3 rel1/arm-none-eabi/include/c++/14.3.1/bits\stl_vector.h ****        *  accessed.
1203:C:/Program Files (x86)/Arm GNU Toolchain arm-none-eabi/14.3 rel1/arm-none-eabi/include/c++/14.3.1/bits\stl_vector.h ****        *  @return  Read-only (constant) reference to data.
1204:C:/Program Files (x86)/Arm GNU Toolchain arm-none-eabi/14.3 rel1/arm-none-eabi/include/c++/14.3.1/bits\stl_vector.h ****        *  @throw  std::out_of_range  If @a __n is an invalid index.
1205:C:/Program Files (x86)/Arm GNU Toolchain arm-none-eabi/14.3 rel1/arm-none-eabi/include/c++/14.3.1/bits\stl_vector.h ****        *
1206:C:/Program Files (x86)/Arm GNU Toolchain arm-none-eabi/14.3 rel1/arm-none-eabi/include/c++/14.3.1/bits\stl_vector.h ****        *  This function provides for safer data access.  The parameter
1207:C:/Program Files (x86)/Arm GNU Toolchain arm-none-eabi/14.3 rel1/arm-none-eabi/include/c++/14.3.1/bits\stl_vector.h ****        *  is first checked that it is in the range of the vector.  The
1208:C:/Program Files (x86)/Arm GNU Toolchain arm-none-eabi/14.3 rel1/arm-none-eabi/include/c++/14.3.1/bits\stl_vector.h ****        *  function throws out_of_range if the check fails.
1209:C:/Program Files (x86)/Arm GNU Toolchain arm-none-eabi/14.3 rel1/arm-none-eabi/include/c++/14.3.1/bits\stl_vector.h ****        */
1210:C:/Program Files (x86)/Arm GNU Toolchain arm-none-eabi/14.3 rel1/arm-none-eabi/include/c++/14.3.1/bits\stl_vector.h ****       _GLIBCXX_NODISCARD _GLIBCXX20_CONSTEXPR
1211:C:/Program Files (x86)/Arm GNU Toolchain arm-none-eabi/14.3 rel1/arm-none-eabi/include/c++/14.3.1/bits\stl_vector.h ****       const_reference
1212:C:/Program Files (x86)/Arm GNU Toolchain arm-none-eabi/14.3 rel1/arm-none-eabi/include/c++/14.3.1/bits\stl_vector.h ****       at(size_type __n) const
1213:C:/Program Files (x86)/Arm GNU Toolchain arm-none-eabi/14.3 rel1/arm-none-eabi/include/c++/14.3.1/bits\stl_vector.h ****       {
1214:C:/Program Files (x86)/Arm GNU Toolchain arm-none-eabi/14.3 rel1/arm-none-eabi/include/c++/14.3.1/bits\stl_vector.h **** 	_M_range_check(__n);
1215:C:/Program Files (x86)/Arm GNU Toolchain arm-none-eabi/14.3 rel1/arm-none-eabi/include/c++/14.3.1/bits\stl_vector.h **** 	return (*this)[__n];
1216:C:/Program Files (x86)/Arm GNU Toolchain arm-none-eabi/14.3 rel1/arm-none-eabi/include/c++/14.3.1/bits\stl_vector.h ****       }
1217:C:/Program Files (x86)/Arm GNU Toolchain arm-none-eabi/14.3 rel1/arm-none-eabi/include/c++/14.3.1/bits\stl_vector.h **** 
1218:C:/Program Files (x86)/Arm GNU Toolchain arm-none-eabi/14.3 rel1/arm-none-eabi/include/c++/14.3.1/bits\stl_vector.h ****       /**
1219:C:/Program Files (x86)/Arm GNU Toolchain arm-none-eabi/14.3 rel1/arm-none-eabi/include/c++/14.3.1/bits\stl_vector.h ****        *  Returns a read/write reference to the data at the first
1220:C:/Program Files (x86)/Arm GNU Toolchain arm-none-eabi/14.3 rel1/arm-none-eabi/include/c++/14.3.1/bits\stl_vector.h ****        *  element of the %vector.
1221:C:/Program Files (x86)/Arm GNU Toolchain arm-none-eabi/14.3 rel1/arm-none-eabi/include/c++/14.3.1/bits\stl_vector.h ****        */
1222:C:/Program Files (x86)/Arm GNU Toolchain arm-none-eabi/14.3 rel1/arm-none-eabi/include/c++/14.3.1/bits\stl_vector.h ****       _GLIBCXX_NODISCARD _GLIBCXX20_CONSTEXPR
1223:C:/Program Files (x86)/Arm GNU Toolchain arm-none-eabi/14.3 rel1/arm-none-eabi/include/c++/14.3.1/bits\stl_vector.h ****       reference
1224:C:/Program Files (x86)/Arm GNU Toolchain arm-none-eabi/14.3 rel1/arm-none-eabi/include/c++/14.3.1/bits\stl_vector.h ****       front() _GLIBCXX_NOEXCEPT
1225:C:/Program Files (x86)/Arm GNU Toolchain arm-none-eabi/14.3 rel1/arm-none-eabi/include/c++/14.3.1/bits\stl_vector.h ****       {
1226:C:/Program Files (x86)/Arm GNU Toolchain arm-none-eabi/14.3 rel1/arm-none-eabi/include/c++/14.3.1/bits\stl_vector.h **** 	__glibcxx_requires_nonempty();
1227:C:/Program Files (x86)/Arm GNU Toolchain arm-none-eabi/14.3 rel1/arm-none-eabi/include/c++/14.3.1/bits\stl_vector.h **** 	return *begin();
1228:C:/Program Files (x86)/Arm GNU Toolchain arm-none-eabi/14.3 rel1/arm-none-eabi/include/c++/14.3.1/bits\stl_vector.h ****       }
1229:C:/Program Files (x86)/Arm GNU Toolchain arm-none-eabi/14.3 rel1/arm-none-eabi/include/c++/14.3.1/bits\stl_vector.h **** 
1230:C:/Program Files (x86)/Arm GNU Toolchain arm-none-eabi/14.3 rel1/arm-none-eabi/include/c++/14.3.1/bits\stl_vector.h ****       /**
1231:C:/Program Files (x86)/Arm GNU Toolchain arm-none-eabi/14.3 rel1/arm-none-eabi/include/c++/14.3.1/bits\stl_vector.h ****        *  Returns a read-only (constant) reference to the data at the first
1232:C:/Program Files (x86)/Arm GNU Toolchain arm-none-eabi/14.3 rel1/arm-none-eabi/include/c++/14.3.1/bits\stl_vector.h ****        *  element of the %vector.
1233:C:/Program Files (x86)/Arm GNU Toolchain arm-none-eabi/14.3 rel1/arm-none-eabi/include/c++/14.3.1/bits\stl_vector.h ****        */
1234:C:/Program Files (x86)/Arm GNU Toolchain arm-none-eabi/14.3 rel1/arm-none-eabi/include/c++/14.3.1/bits\stl_vector.h ****       _GLIBCXX_NODISCARD _GLIBCXX20_CONSTEXPR
ARM GAS  C:\Users\Oliver\AppData\Local\Temp\cclFZbsF.s 			page 45


1235:C:/Program Files (x86)/Arm GNU Toolchain arm-none-eabi/14.3 rel1/arm-none-eabi/include/c++/14.3.1/bits\stl_vector.h ****       const_reference
1236:C:/Program Files (x86)/Arm GNU Toolchain arm-none-eabi/14.3 rel1/arm-none-eabi/include/c++/14.3.1/bits\stl_vector.h ****       front() const _GLIBCXX_NOEXCEPT
1237:C:/Program Files (x86)/Arm GNU Toolchain arm-none-eabi/14.3 rel1/arm-none-eabi/include/c++/14.3.1/bits\stl_vector.h ****       {
1238:C:/Program Files (x86)/Arm GNU Toolchain arm-none-eabi/14.3 rel1/arm-none-eabi/include/c++/14.3.1/bits\stl_vector.h **** 	__glibcxx_requires_nonempty();
1239:C:/Program Files (x86)/Arm GNU Toolchain arm-none-eabi/14.3 rel1/arm-none-eabi/include/c++/14.3.1/bits\stl_vector.h **** 	return *begin();
1240:C:/Program Files (x86)/Arm GNU Toolchain arm-none-eabi/14.3 rel1/arm-none-eabi/include/c++/14.3.1/bits\stl_vector.h ****       }
1241:C:/Program Files (x86)/Arm GNU Toolchain arm-none-eabi/14.3 rel1/arm-none-eabi/include/c++/14.3.1/bits\stl_vector.h **** 
1242:C:/Program Files (x86)/Arm GNU Toolchain arm-none-eabi/14.3 rel1/arm-none-eabi/include/c++/14.3.1/bits\stl_vector.h ****       /**
1243:C:/Program Files (x86)/Arm GNU Toolchain arm-none-eabi/14.3 rel1/arm-none-eabi/include/c++/14.3.1/bits\stl_vector.h ****        *  Returns a read/write reference to the data at the last
1244:C:/Program Files (x86)/Arm GNU Toolchain arm-none-eabi/14.3 rel1/arm-none-eabi/include/c++/14.3.1/bits\stl_vector.h ****        *  element of the %vector.
1245:C:/Program Files (x86)/Arm GNU Toolchain arm-none-eabi/14.3 rel1/arm-none-eabi/include/c++/14.3.1/bits\stl_vector.h ****        */
1246:C:/Program Files (x86)/Arm GNU Toolchain arm-none-eabi/14.3 rel1/arm-none-eabi/include/c++/14.3.1/bits\stl_vector.h ****       _GLIBCXX_NODISCARD _GLIBCXX20_CONSTEXPR
1247:C:/Program Files (x86)/Arm GNU Toolchain arm-none-eabi/14.3 rel1/arm-none-eabi/include/c++/14.3.1/bits\stl_vector.h ****       reference
1248:C:/Program Files (x86)/Arm GNU Toolchain arm-none-eabi/14.3 rel1/arm-none-eabi/include/c++/14.3.1/bits\stl_vector.h ****       back() _GLIBCXX_NOEXCEPT
 983              		.loc 2 1248 7 view .LVU232
 984              	.LBB154:
 985              	.LBI154:
 906:C:/Program Files (x86)/Arm GNU Toolchain arm-none-eabi/14.3 rel1/arm-none-eabi/include/c++/14.3.1/bits\stl_vector.h ****       { return iterator(this->_M_impl._M_finish); }
 986              		.loc 2 906 7 view .LVU233
 987              	.LBB155:
 988              	.LBI155:
 989              		.file 3 "C:/Program Files (x86)/Arm GNU Toolchain arm-none-eabi/14.3 rel1/arm-none-eabi/include/c+
   1:C:/Program Files (x86)/Arm GNU Toolchain arm-none-eabi/14.3 rel1/arm-none-eabi/include/c++/14.3.1/bits\stl_iterator.h **** // Iterators -*- C++ -*-
   2:C:/Program Files (x86)/Arm GNU Toolchain arm-none-eabi/14.3 rel1/arm-none-eabi/include/c++/14.3.1/bits\stl_iterator.h **** 
   3:C:/Program Files (x86)/Arm GNU Toolchain arm-none-eabi/14.3 rel1/arm-none-eabi/include/c++/14.3.1/bits\stl_iterator.h **** // Copyright (C) 2001-2024 Free Software Foundation, Inc.
   4:C:/Program Files (x86)/Arm GNU Toolchain arm-none-eabi/14.3 rel1/arm-none-eabi/include/c++/14.3.1/bits\stl_iterator.h **** //
   5:C:/Program Files (x86)/Arm GNU Toolchain arm-none-eabi/14.3 rel1/arm-none-eabi/include/c++/14.3.1/bits\stl_iterator.h **** // This file is part of the GNU ISO C++ Library.  This library is free
   6:C:/Program Files (x86)/Arm GNU Toolchain arm-none-eabi/14.3 rel1/arm-none-eabi/include/c++/14.3.1/bits\stl_iterator.h **** // software; you can redistribute it and/or modify it under the
   7:C:/Program Files (x86)/Arm GNU Toolchain arm-none-eabi/14.3 rel1/arm-none-eabi/include/c++/14.3.1/bits\stl_iterator.h **** // terms of the GNU General Public License as published by the
   8:C:/Program Files (x86)/Arm GNU Toolchain arm-none-eabi/14.3 rel1/arm-none-eabi/include/c++/14.3.1/bits\stl_iterator.h **** // Free Software Foundation; either version 3, or (at your option)
   9:C:/Program Files (x86)/Arm GNU Toolchain arm-none-eabi/14.3 rel1/arm-none-eabi/include/c++/14.3.1/bits\stl_iterator.h **** // any later version.
  10:C:/Program Files (x86)/Arm GNU Toolchain arm-none-eabi/14.3 rel1/arm-none-eabi/include/c++/14.3.1/bits\stl_iterator.h **** 
  11:C:/Program Files (x86)/Arm GNU Toolchain arm-none-eabi/14.3 rel1/arm-none-eabi/include/c++/14.3.1/bits\stl_iterator.h **** // This library is distributed in the hope that it will be useful,
  12:C:/Program Files (x86)/Arm GNU Toolchain arm-none-eabi/14.3 rel1/arm-none-eabi/include/c++/14.3.1/bits\stl_iterator.h **** // but WITHOUT ANY WARRANTY; without even the implied warranty of
  13:C:/Program Files (x86)/Arm GNU Toolchain arm-none-eabi/14.3 rel1/arm-none-eabi/include/c++/14.3.1/bits\stl_iterator.h **** // MERCHANTABILITY or FITNESS FOR A PARTICULAR PURPOSE.  See the
  14:C:/Program Files (x86)/Arm GNU Toolchain arm-none-eabi/14.3 rel1/arm-none-eabi/include/c++/14.3.1/bits\stl_iterator.h **** // GNU General Public License for more details.
  15:C:/Program Files (x86)/Arm GNU Toolchain arm-none-eabi/14.3 rel1/arm-none-eabi/include/c++/14.3.1/bits\stl_iterator.h **** 
  16:C:/Program Files (x86)/Arm GNU Toolchain arm-none-eabi/14.3 rel1/arm-none-eabi/include/c++/14.3.1/bits\stl_iterator.h **** // Under Section 7 of GPL version 3, you are granted additional
  17:C:/Program Files (x86)/Arm GNU Toolchain arm-none-eabi/14.3 rel1/arm-none-eabi/include/c++/14.3.1/bits\stl_iterator.h **** // permissions described in the GCC Runtime Library Exception, version
  18:C:/Program Files (x86)/Arm GNU Toolchain arm-none-eabi/14.3 rel1/arm-none-eabi/include/c++/14.3.1/bits\stl_iterator.h **** // 3.1, as published by the Free Software Foundation.
  19:C:/Program Files (x86)/Arm GNU Toolchain arm-none-eabi/14.3 rel1/arm-none-eabi/include/c++/14.3.1/bits\stl_iterator.h **** 
  20:C:/Program Files (x86)/Arm GNU Toolchain arm-none-eabi/14.3 rel1/arm-none-eabi/include/c++/14.3.1/bits\stl_iterator.h **** // You should have received a copy of the GNU General Public License and
  21:C:/Program Files (x86)/Arm GNU Toolchain arm-none-eabi/14.3 rel1/arm-none-eabi/include/c++/14.3.1/bits\stl_iterator.h **** // a copy of the GCC Runtime Library Exception along with this program;
  22:C:/Program Files (x86)/Arm GNU Toolchain arm-none-eabi/14.3 rel1/arm-none-eabi/include/c++/14.3.1/bits\stl_iterator.h **** // see the files COPYING3 and COPYING.RUNTIME respectively.  If not, see
  23:C:/Program Files (x86)/Arm GNU Toolchain arm-none-eabi/14.3 rel1/arm-none-eabi/include/c++/14.3.1/bits\stl_iterator.h **** // <http://www.gnu.org/licenses/>.
  24:C:/Program Files (x86)/Arm GNU Toolchain arm-none-eabi/14.3 rel1/arm-none-eabi/include/c++/14.3.1/bits\stl_iterator.h **** 
  25:C:/Program Files (x86)/Arm GNU Toolchain arm-none-eabi/14.3 rel1/arm-none-eabi/include/c++/14.3.1/bits\stl_iterator.h **** /*
  26:C:/Program Files (x86)/Arm GNU Toolchain arm-none-eabi/14.3 rel1/arm-none-eabi/include/c++/14.3.1/bits\stl_iterator.h ****  *
  27:C:/Program Files (x86)/Arm GNU Toolchain arm-none-eabi/14.3 rel1/arm-none-eabi/include/c++/14.3.1/bits\stl_iterator.h ****  * Copyright (c) 1994
  28:C:/Program Files (x86)/Arm GNU Toolchain arm-none-eabi/14.3 rel1/arm-none-eabi/include/c++/14.3.1/bits\stl_iterator.h ****  * Hewlett-Packard Company
  29:C:/Program Files (x86)/Arm GNU Toolchain arm-none-eabi/14.3 rel1/arm-none-eabi/include/c++/14.3.1/bits\stl_iterator.h ****  *
  30:C:/Program Files (x86)/Arm GNU Toolchain arm-none-eabi/14.3 rel1/arm-none-eabi/include/c++/14.3.1/bits\stl_iterator.h ****  * Permission to use, copy, modify, distribute and sell this software
  31:C:/Program Files (x86)/Arm GNU Toolchain arm-none-eabi/14.3 rel1/arm-none-eabi/include/c++/14.3.1/bits\stl_iterator.h ****  * and its documentation for any purpose is hereby granted without fee,
  32:C:/Program Files (x86)/Arm GNU Toolchain arm-none-eabi/14.3 rel1/arm-none-eabi/include/c++/14.3.1/bits\stl_iterator.h ****  * provided that the above copyright notice appear in all copies and
  33:C:/Program Files (x86)/Arm GNU Toolchain arm-none-eabi/14.3 rel1/arm-none-eabi/include/c++/14.3.1/bits\stl_iterator.h ****  * that both that copyright notice and this permission notice appear
  34:C:/Program Files (x86)/Arm GNU Toolchain arm-none-eabi/14.3 rel1/arm-none-eabi/include/c++/14.3.1/bits\stl_iterator.h ****  * in supporting documentation.  Hewlett-Packard Company makes no
  35:C:/Program Files (x86)/Arm GNU Toolchain arm-none-eabi/14.3 rel1/arm-none-eabi/include/c++/14.3.1/bits\stl_iterator.h ****  * representations about the suitability of this software for any
ARM GAS  C:\Users\Oliver\AppData\Local\Temp\cclFZbsF.s 			page 46


  36:C:/Program Files (x86)/Arm GNU Toolchain arm-none-eabi/14.3 rel1/arm-none-eabi/include/c++/14.3.1/bits\stl_iterator.h ****  * purpose.  It is provided "as is" without express or implied warranty.
  37:C:/Program Files (x86)/Arm GNU Toolchain arm-none-eabi/14.3 rel1/arm-none-eabi/include/c++/14.3.1/bits\stl_iterator.h ****  *
  38:C:/Program Files (x86)/Arm GNU Toolchain arm-none-eabi/14.3 rel1/arm-none-eabi/include/c++/14.3.1/bits\stl_iterator.h ****  *
  39:C:/Program Files (x86)/Arm GNU Toolchain arm-none-eabi/14.3 rel1/arm-none-eabi/include/c++/14.3.1/bits\stl_iterator.h ****  * Copyright (c) 1996-1998
  40:C:/Program Files (x86)/Arm GNU Toolchain arm-none-eabi/14.3 rel1/arm-none-eabi/include/c++/14.3.1/bits\stl_iterator.h ****  * Silicon Graphics Computer Systems, Inc.
  41:C:/Program Files (x86)/Arm GNU Toolchain arm-none-eabi/14.3 rel1/arm-none-eabi/include/c++/14.3.1/bits\stl_iterator.h ****  *
  42:C:/Program Files (x86)/Arm GNU Toolchain arm-none-eabi/14.3 rel1/arm-none-eabi/include/c++/14.3.1/bits\stl_iterator.h ****  * Permission to use, copy, modify, distribute and sell this software
  43:C:/Program Files (x86)/Arm GNU Toolchain arm-none-eabi/14.3 rel1/arm-none-eabi/include/c++/14.3.1/bits\stl_iterator.h ****  * and its documentation for any purpose is hereby granted without fee,
  44:C:/Program Files (x86)/Arm GNU Toolchain arm-none-eabi/14.3 rel1/arm-none-eabi/include/c++/14.3.1/bits\stl_iterator.h ****  * provided that the above copyright notice appear in all copies and
  45:C:/Program Files (x86)/Arm GNU Toolchain arm-none-eabi/14.3 rel1/arm-none-eabi/include/c++/14.3.1/bits\stl_iterator.h ****  * that both that copyright notice and this permission notice appear
  46:C:/Program Files (x86)/Arm GNU Toolchain arm-none-eabi/14.3 rel1/arm-none-eabi/include/c++/14.3.1/bits\stl_iterator.h ****  * in supporting documentation.  Silicon Graphics makes no
  47:C:/Program Files (x86)/Arm GNU Toolchain arm-none-eabi/14.3 rel1/arm-none-eabi/include/c++/14.3.1/bits\stl_iterator.h ****  * representations about the suitability of this software for any
  48:C:/Program Files (x86)/Arm GNU Toolchain arm-none-eabi/14.3 rel1/arm-none-eabi/include/c++/14.3.1/bits\stl_iterator.h ****  * purpose.  It is provided "as is" without express or implied warranty.
  49:C:/Program Files (x86)/Arm GNU Toolchain arm-none-eabi/14.3 rel1/arm-none-eabi/include/c++/14.3.1/bits\stl_iterator.h ****  */
  50:C:/Program Files (x86)/Arm GNU Toolchain arm-none-eabi/14.3 rel1/arm-none-eabi/include/c++/14.3.1/bits\stl_iterator.h **** 
  51:C:/Program Files (x86)/Arm GNU Toolchain arm-none-eabi/14.3 rel1/arm-none-eabi/include/c++/14.3.1/bits\stl_iterator.h **** /** @file bits/stl_iterator.h
  52:C:/Program Files (x86)/Arm GNU Toolchain arm-none-eabi/14.3 rel1/arm-none-eabi/include/c++/14.3.1/bits\stl_iterator.h ****  *  This is an internal header file, included by other library headers.
  53:C:/Program Files (x86)/Arm GNU Toolchain arm-none-eabi/14.3 rel1/arm-none-eabi/include/c++/14.3.1/bits\stl_iterator.h ****  *  Do not attempt to use it directly. @headername{iterator}
  54:C:/Program Files (x86)/Arm GNU Toolchain arm-none-eabi/14.3 rel1/arm-none-eabi/include/c++/14.3.1/bits\stl_iterator.h ****  *
  55:C:/Program Files (x86)/Arm GNU Toolchain arm-none-eabi/14.3 rel1/arm-none-eabi/include/c++/14.3.1/bits\stl_iterator.h ****  *  This file implements reverse_iterator, back_insert_iterator,
  56:C:/Program Files (x86)/Arm GNU Toolchain arm-none-eabi/14.3 rel1/arm-none-eabi/include/c++/14.3.1/bits\stl_iterator.h ****  *  front_insert_iterator, insert_iterator, __normal_iterator, and their
  57:C:/Program Files (x86)/Arm GNU Toolchain arm-none-eabi/14.3 rel1/arm-none-eabi/include/c++/14.3.1/bits\stl_iterator.h ****  *  supporting functions and overloaded operators.
  58:C:/Program Files (x86)/Arm GNU Toolchain arm-none-eabi/14.3 rel1/arm-none-eabi/include/c++/14.3.1/bits\stl_iterator.h ****  */
  59:C:/Program Files (x86)/Arm GNU Toolchain arm-none-eabi/14.3 rel1/arm-none-eabi/include/c++/14.3.1/bits\stl_iterator.h **** 
  60:C:/Program Files (x86)/Arm GNU Toolchain arm-none-eabi/14.3 rel1/arm-none-eabi/include/c++/14.3.1/bits\stl_iterator.h **** #ifndef _STL_ITERATOR_H
  61:C:/Program Files (x86)/Arm GNU Toolchain arm-none-eabi/14.3 rel1/arm-none-eabi/include/c++/14.3.1/bits\stl_iterator.h **** #define _STL_ITERATOR_H 1
  62:C:/Program Files (x86)/Arm GNU Toolchain arm-none-eabi/14.3 rel1/arm-none-eabi/include/c++/14.3.1/bits\stl_iterator.h **** 
  63:C:/Program Files (x86)/Arm GNU Toolchain arm-none-eabi/14.3 rel1/arm-none-eabi/include/c++/14.3.1/bits\stl_iterator.h **** #include <bits/cpp_type_traits.h>
  64:C:/Program Files (x86)/Arm GNU Toolchain arm-none-eabi/14.3 rel1/arm-none-eabi/include/c++/14.3.1/bits\stl_iterator.h **** #include <bits/stl_iterator_base_types.h>
  65:C:/Program Files (x86)/Arm GNU Toolchain arm-none-eabi/14.3 rel1/arm-none-eabi/include/c++/14.3.1/bits\stl_iterator.h **** #include <ext/type_traits.h>
  66:C:/Program Files (x86)/Arm GNU Toolchain arm-none-eabi/14.3 rel1/arm-none-eabi/include/c++/14.3.1/bits\stl_iterator.h **** #include <bits/move.h>
  67:C:/Program Files (x86)/Arm GNU Toolchain arm-none-eabi/14.3 rel1/arm-none-eabi/include/c++/14.3.1/bits\stl_iterator.h **** #include <bits/ptr_traits.h>
  68:C:/Program Files (x86)/Arm GNU Toolchain arm-none-eabi/14.3 rel1/arm-none-eabi/include/c++/14.3.1/bits\stl_iterator.h **** 
  69:C:/Program Files (x86)/Arm GNU Toolchain arm-none-eabi/14.3 rel1/arm-none-eabi/include/c++/14.3.1/bits\stl_iterator.h **** #if __cplusplus >= 201103L
  70:C:/Program Files (x86)/Arm GNU Toolchain arm-none-eabi/14.3 rel1/arm-none-eabi/include/c++/14.3.1/bits\stl_iterator.h **** # include <type_traits>
  71:C:/Program Files (x86)/Arm GNU Toolchain arm-none-eabi/14.3 rel1/arm-none-eabi/include/c++/14.3.1/bits\stl_iterator.h **** #endif
  72:C:/Program Files (x86)/Arm GNU Toolchain arm-none-eabi/14.3 rel1/arm-none-eabi/include/c++/14.3.1/bits\stl_iterator.h **** 
  73:C:/Program Files (x86)/Arm GNU Toolchain arm-none-eabi/14.3 rel1/arm-none-eabi/include/c++/14.3.1/bits\stl_iterator.h **** #if __cplusplus >= 202002L
  74:C:/Program Files (x86)/Arm GNU Toolchain arm-none-eabi/14.3 rel1/arm-none-eabi/include/c++/14.3.1/bits\stl_iterator.h **** # include <compare>
  75:C:/Program Files (x86)/Arm GNU Toolchain arm-none-eabi/14.3 rel1/arm-none-eabi/include/c++/14.3.1/bits\stl_iterator.h **** # include <new>
  76:C:/Program Files (x86)/Arm GNU Toolchain arm-none-eabi/14.3 rel1/arm-none-eabi/include/c++/14.3.1/bits\stl_iterator.h **** # include <bits/exception_defines.h>
  77:C:/Program Files (x86)/Arm GNU Toolchain arm-none-eabi/14.3 rel1/arm-none-eabi/include/c++/14.3.1/bits\stl_iterator.h **** # include <bits/iterator_concepts.h>
  78:C:/Program Files (x86)/Arm GNU Toolchain arm-none-eabi/14.3 rel1/arm-none-eabi/include/c++/14.3.1/bits\stl_iterator.h **** # include <bits/stl_construct.h>
  79:C:/Program Files (x86)/Arm GNU Toolchain arm-none-eabi/14.3 rel1/arm-none-eabi/include/c++/14.3.1/bits\stl_iterator.h **** #endif
  80:C:/Program Files (x86)/Arm GNU Toolchain arm-none-eabi/14.3 rel1/arm-none-eabi/include/c++/14.3.1/bits\stl_iterator.h **** 
  81:C:/Program Files (x86)/Arm GNU Toolchain arm-none-eabi/14.3 rel1/arm-none-eabi/include/c++/14.3.1/bits\stl_iterator.h **** #if __glibcxx_tuple_like // >= C++23
  82:C:/Program Files (x86)/Arm GNU Toolchain arm-none-eabi/14.3 rel1/arm-none-eabi/include/c++/14.3.1/bits\stl_iterator.h **** # include <bits/utility.h> // for tuple_element_t
  83:C:/Program Files (x86)/Arm GNU Toolchain arm-none-eabi/14.3 rel1/arm-none-eabi/include/c++/14.3.1/bits\stl_iterator.h **** #endif
  84:C:/Program Files (x86)/Arm GNU Toolchain arm-none-eabi/14.3 rel1/arm-none-eabi/include/c++/14.3.1/bits\stl_iterator.h **** 
  85:C:/Program Files (x86)/Arm GNU Toolchain arm-none-eabi/14.3 rel1/arm-none-eabi/include/c++/14.3.1/bits\stl_iterator.h **** namespace std _GLIBCXX_VISIBILITY(default)
  86:C:/Program Files (x86)/Arm GNU Toolchain arm-none-eabi/14.3 rel1/arm-none-eabi/include/c++/14.3.1/bits\stl_iterator.h **** {
  87:C:/Program Files (x86)/Arm GNU Toolchain arm-none-eabi/14.3 rel1/arm-none-eabi/include/c++/14.3.1/bits\stl_iterator.h **** _GLIBCXX_BEGIN_NAMESPACE_VERSION
  88:C:/Program Files (x86)/Arm GNU Toolchain arm-none-eabi/14.3 rel1/arm-none-eabi/include/c++/14.3.1/bits\stl_iterator.h **** 
  89:C:/Program Files (x86)/Arm GNU Toolchain arm-none-eabi/14.3 rel1/arm-none-eabi/include/c++/14.3.1/bits\stl_iterator.h ****   /**
  90:C:/Program Files (x86)/Arm GNU Toolchain arm-none-eabi/14.3 rel1/arm-none-eabi/include/c++/14.3.1/bits\stl_iterator.h ****    * @addtogroup iterators
  91:C:/Program Files (x86)/Arm GNU Toolchain arm-none-eabi/14.3 rel1/arm-none-eabi/include/c++/14.3.1/bits\stl_iterator.h ****    * @{
  92:C:/Program Files (x86)/Arm GNU Toolchain arm-none-eabi/14.3 rel1/arm-none-eabi/include/c++/14.3.1/bits\stl_iterator.h ****    */
ARM GAS  C:\Users\Oliver\AppData\Local\Temp\cclFZbsF.s 			page 47


  93:C:/Program Files (x86)/Arm GNU Toolchain arm-none-eabi/14.3 rel1/arm-none-eabi/include/c++/14.3.1/bits\stl_iterator.h **** 
  94:C:/Program Files (x86)/Arm GNU Toolchain arm-none-eabi/14.3 rel1/arm-none-eabi/include/c++/14.3.1/bits\stl_iterator.h **** #if __glibcxx_concepts
  95:C:/Program Files (x86)/Arm GNU Toolchain arm-none-eabi/14.3 rel1/arm-none-eabi/include/c++/14.3.1/bits\stl_iterator.h ****   namespace __detail
  96:C:/Program Files (x86)/Arm GNU Toolchain arm-none-eabi/14.3 rel1/arm-none-eabi/include/c++/14.3.1/bits\stl_iterator.h ****   {
  97:C:/Program Files (x86)/Arm GNU Toolchain arm-none-eabi/14.3 rel1/arm-none-eabi/include/c++/14.3.1/bits\stl_iterator.h ****     // Weaken iterator_category _Cat to _Limit if it is derived from that,
  98:C:/Program Files (x86)/Arm GNU Toolchain arm-none-eabi/14.3 rel1/arm-none-eabi/include/c++/14.3.1/bits\stl_iterator.h ****     // otherwise use _Otherwise.
  99:C:/Program Files (x86)/Arm GNU Toolchain arm-none-eabi/14.3 rel1/arm-none-eabi/include/c++/14.3.1/bits\stl_iterator.h ****     template<typename _Cat, typename _Limit, typename _Otherwise = _Cat>
 100:C:/Program Files (x86)/Arm GNU Toolchain arm-none-eabi/14.3 rel1/arm-none-eabi/include/c++/14.3.1/bits\stl_iterator.h ****       using __clamp_iter_cat
 101:C:/Program Files (x86)/Arm GNU Toolchain arm-none-eabi/14.3 rel1/arm-none-eabi/include/c++/14.3.1/bits\stl_iterator.h **** 	= __conditional_t<derived_from<_Cat, _Limit>, _Limit, _Otherwise>;
 102:C:/Program Files (x86)/Arm GNU Toolchain arm-none-eabi/14.3 rel1/arm-none-eabi/include/c++/14.3.1/bits\stl_iterator.h ****   }
 103:C:/Program Files (x86)/Arm GNU Toolchain arm-none-eabi/14.3 rel1/arm-none-eabi/include/c++/14.3.1/bits\stl_iterator.h **** #endif
 104:C:/Program Files (x86)/Arm GNU Toolchain arm-none-eabi/14.3 rel1/arm-none-eabi/include/c++/14.3.1/bits\stl_iterator.h **** 
 105:C:/Program Files (x86)/Arm GNU Toolchain arm-none-eabi/14.3 rel1/arm-none-eabi/include/c++/14.3.1/bits\stl_iterator.h **** // Ignore warnings about std::iterator.
 106:C:/Program Files (x86)/Arm GNU Toolchain arm-none-eabi/14.3 rel1/arm-none-eabi/include/c++/14.3.1/bits\stl_iterator.h **** #pragma GCC diagnostic push
 107:C:/Program Files (x86)/Arm GNU Toolchain arm-none-eabi/14.3 rel1/arm-none-eabi/include/c++/14.3.1/bits\stl_iterator.h **** #pragma GCC diagnostic ignored "-Wdeprecated-declarations"
 108:C:/Program Files (x86)/Arm GNU Toolchain arm-none-eabi/14.3 rel1/arm-none-eabi/include/c++/14.3.1/bits\stl_iterator.h **** 
 109:C:/Program Files (x86)/Arm GNU Toolchain arm-none-eabi/14.3 rel1/arm-none-eabi/include/c++/14.3.1/bits\stl_iterator.h ****   // 24.4.1 Reverse iterators
 110:C:/Program Files (x86)/Arm GNU Toolchain arm-none-eabi/14.3 rel1/arm-none-eabi/include/c++/14.3.1/bits\stl_iterator.h ****   /**
 111:C:/Program Files (x86)/Arm GNU Toolchain arm-none-eabi/14.3 rel1/arm-none-eabi/include/c++/14.3.1/bits\stl_iterator.h ****    *  Bidirectional and random access iterators have corresponding reverse
 112:C:/Program Files (x86)/Arm GNU Toolchain arm-none-eabi/14.3 rel1/arm-none-eabi/include/c++/14.3.1/bits\stl_iterator.h ****    *  %iterator adaptors that iterate through the data structure in the
 113:C:/Program Files (x86)/Arm GNU Toolchain arm-none-eabi/14.3 rel1/arm-none-eabi/include/c++/14.3.1/bits\stl_iterator.h ****    *  opposite direction.  They have the same signatures as the corresponding
 114:C:/Program Files (x86)/Arm GNU Toolchain arm-none-eabi/14.3 rel1/arm-none-eabi/include/c++/14.3.1/bits\stl_iterator.h ****    *  iterators.  The fundamental relation between a reverse %iterator and its
 115:C:/Program Files (x86)/Arm GNU Toolchain arm-none-eabi/14.3 rel1/arm-none-eabi/include/c++/14.3.1/bits\stl_iterator.h ****    *  corresponding %iterator @c i is established by the identity:
 116:C:/Program Files (x86)/Arm GNU Toolchain arm-none-eabi/14.3 rel1/arm-none-eabi/include/c++/14.3.1/bits\stl_iterator.h ****    *  @code
 117:C:/Program Files (x86)/Arm GNU Toolchain arm-none-eabi/14.3 rel1/arm-none-eabi/include/c++/14.3.1/bits\stl_iterator.h ****    *      &*(reverse_iterator(i)) == &*(i - 1)
 118:C:/Program Files (x86)/Arm GNU Toolchain arm-none-eabi/14.3 rel1/arm-none-eabi/include/c++/14.3.1/bits\stl_iterator.h ****    *  @endcode
 119:C:/Program Files (x86)/Arm GNU Toolchain arm-none-eabi/14.3 rel1/arm-none-eabi/include/c++/14.3.1/bits\stl_iterator.h ****    *
 120:C:/Program Files (x86)/Arm GNU Toolchain arm-none-eabi/14.3 rel1/arm-none-eabi/include/c++/14.3.1/bits\stl_iterator.h ****    *  <em>This mapping is dictated by the fact that while there is always a
 121:C:/Program Files (x86)/Arm GNU Toolchain arm-none-eabi/14.3 rel1/arm-none-eabi/include/c++/14.3.1/bits\stl_iterator.h ****    *  pointer past the end of an array, there might not be a valid pointer
 122:C:/Program Files (x86)/Arm GNU Toolchain arm-none-eabi/14.3 rel1/arm-none-eabi/include/c++/14.3.1/bits\stl_iterator.h ****    *  before the beginning of an array.</em> [24.4.1]/1,2
 123:C:/Program Files (x86)/Arm GNU Toolchain arm-none-eabi/14.3 rel1/arm-none-eabi/include/c++/14.3.1/bits\stl_iterator.h ****    *
 124:C:/Program Files (x86)/Arm GNU Toolchain arm-none-eabi/14.3 rel1/arm-none-eabi/include/c++/14.3.1/bits\stl_iterator.h ****    *  Reverse iterators can be tricky and surprising at first.  Their
 125:C:/Program Files (x86)/Arm GNU Toolchain arm-none-eabi/14.3 rel1/arm-none-eabi/include/c++/14.3.1/bits\stl_iterator.h ****    *  semantics make sense, however, and the trickiness is a side effect of
 126:C:/Program Files (x86)/Arm GNU Toolchain arm-none-eabi/14.3 rel1/arm-none-eabi/include/c++/14.3.1/bits\stl_iterator.h ****    *  the requirement that the iterators must be safe.
 127:C:/Program Files (x86)/Arm GNU Toolchain arm-none-eabi/14.3 rel1/arm-none-eabi/include/c++/14.3.1/bits\stl_iterator.h ****   */
 128:C:/Program Files (x86)/Arm GNU Toolchain arm-none-eabi/14.3 rel1/arm-none-eabi/include/c++/14.3.1/bits\stl_iterator.h ****   template<typename _Iterator>
 129:C:/Program Files (x86)/Arm GNU Toolchain arm-none-eabi/14.3 rel1/arm-none-eabi/include/c++/14.3.1/bits\stl_iterator.h ****     class reverse_iterator
 130:C:/Program Files (x86)/Arm GNU Toolchain arm-none-eabi/14.3 rel1/arm-none-eabi/include/c++/14.3.1/bits\stl_iterator.h ****     : public iterator<typename iterator_traits<_Iterator>::iterator_category,
 131:C:/Program Files (x86)/Arm GNU Toolchain arm-none-eabi/14.3 rel1/arm-none-eabi/include/c++/14.3.1/bits\stl_iterator.h **** 		      typename iterator_traits<_Iterator>::value_type,
 132:C:/Program Files (x86)/Arm GNU Toolchain arm-none-eabi/14.3 rel1/arm-none-eabi/include/c++/14.3.1/bits\stl_iterator.h **** 		      typename iterator_traits<_Iterator>::difference_type,
 133:C:/Program Files (x86)/Arm GNU Toolchain arm-none-eabi/14.3 rel1/arm-none-eabi/include/c++/14.3.1/bits\stl_iterator.h **** 		      typename iterator_traits<_Iterator>::pointer,
 134:C:/Program Files (x86)/Arm GNU Toolchain arm-none-eabi/14.3 rel1/arm-none-eabi/include/c++/14.3.1/bits\stl_iterator.h ****                       typename iterator_traits<_Iterator>::reference>
 135:C:/Program Files (x86)/Arm GNU Toolchain arm-none-eabi/14.3 rel1/arm-none-eabi/include/c++/14.3.1/bits\stl_iterator.h ****     {
 136:C:/Program Files (x86)/Arm GNU Toolchain arm-none-eabi/14.3 rel1/arm-none-eabi/include/c++/14.3.1/bits\stl_iterator.h ****       template<typename _Iter>
 137:C:/Program Files (x86)/Arm GNU Toolchain arm-none-eabi/14.3 rel1/arm-none-eabi/include/c++/14.3.1/bits\stl_iterator.h **** 	friend class reverse_iterator;
 138:C:/Program Files (x86)/Arm GNU Toolchain arm-none-eabi/14.3 rel1/arm-none-eabi/include/c++/14.3.1/bits\stl_iterator.h **** 
 139:C:/Program Files (x86)/Arm GNU Toolchain arm-none-eabi/14.3 rel1/arm-none-eabi/include/c++/14.3.1/bits\stl_iterator.h **** #if __glibcxx_concepts
 140:C:/Program Files (x86)/Arm GNU Toolchain arm-none-eabi/14.3 rel1/arm-none-eabi/include/c++/14.3.1/bits\stl_iterator.h ****       // _GLIBCXX_RESOLVE_LIB_DEFECTS
 141:C:/Program Files (x86)/Arm GNU Toolchain arm-none-eabi/14.3 rel1/arm-none-eabi/include/c++/14.3.1/bits\stl_iterator.h ****       // 3435. three_way_comparable_with<reverse_iterator<int*>, [...]>
 142:C:/Program Files (x86)/Arm GNU Toolchain arm-none-eabi/14.3 rel1/arm-none-eabi/include/c++/14.3.1/bits\stl_iterator.h ****       template<typename _Iter>
 143:C:/Program Files (x86)/Arm GNU Toolchain arm-none-eabi/14.3 rel1/arm-none-eabi/include/c++/14.3.1/bits\stl_iterator.h **** 	static constexpr bool __convertible = !is_same_v<_Iter, _Iterator>
 144:C:/Program Files (x86)/Arm GNU Toolchain arm-none-eabi/14.3 rel1/arm-none-eabi/include/c++/14.3.1/bits\stl_iterator.h **** 	    && convertible_to<const _Iter&, _Iterator>;
 145:C:/Program Files (x86)/Arm GNU Toolchain arm-none-eabi/14.3 rel1/arm-none-eabi/include/c++/14.3.1/bits\stl_iterator.h **** #endif
 146:C:/Program Files (x86)/Arm GNU Toolchain arm-none-eabi/14.3 rel1/arm-none-eabi/include/c++/14.3.1/bits\stl_iterator.h **** 
 147:C:/Program Files (x86)/Arm GNU Toolchain arm-none-eabi/14.3 rel1/arm-none-eabi/include/c++/14.3.1/bits\stl_iterator.h ****     protected:
 148:C:/Program Files (x86)/Arm GNU Toolchain arm-none-eabi/14.3 rel1/arm-none-eabi/include/c++/14.3.1/bits\stl_iterator.h ****       _Iterator current;
 149:C:/Program Files (x86)/Arm GNU Toolchain arm-none-eabi/14.3 rel1/arm-none-eabi/include/c++/14.3.1/bits\stl_iterator.h **** 
ARM GAS  C:\Users\Oliver\AppData\Local\Temp\cclFZbsF.s 			page 48


 150:C:/Program Files (x86)/Arm GNU Toolchain arm-none-eabi/14.3 rel1/arm-none-eabi/include/c++/14.3.1/bits\stl_iterator.h ****       typedef iterator_traits<_Iterator>		__traits_type;
 151:C:/Program Files (x86)/Arm GNU Toolchain arm-none-eabi/14.3 rel1/arm-none-eabi/include/c++/14.3.1/bits\stl_iterator.h **** 
 152:C:/Program Files (x86)/Arm GNU Toolchain arm-none-eabi/14.3 rel1/arm-none-eabi/include/c++/14.3.1/bits\stl_iterator.h ****     public:
 153:C:/Program Files (x86)/Arm GNU Toolchain arm-none-eabi/14.3 rel1/arm-none-eabi/include/c++/14.3.1/bits\stl_iterator.h ****       typedef _Iterator					iterator_type;
 154:C:/Program Files (x86)/Arm GNU Toolchain arm-none-eabi/14.3 rel1/arm-none-eabi/include/c++/14.3.1/bits\stl_iterator.h ****       typedef typename __traits_type::pointer		pointer;
 155:C:/Program Files (x86)/Arm GNU Toolchain arm-none-eabi/14.3 rel1/arm-none-eabi/include/c++/14.3.1/bits\stl_iterator.h **** #if ! __glibcxx_concepts
 156:C:/Program Files (x86)/Arm GNU Toolchain arm-none-eabi/14.3 rel1/arm-none-eabi/include/c++/14.3.1/bits\stl_iterator.h ****       typedef typename __traits_type::difference_type	difference_type;
 157:C:/Program Files (x86)/Arm GNU Toolchain arm-none-eabi/14.3 rel1/arm-none-eabi/include/c++/14.3.1/bits\stl_iterator.h ****       typedef typename __traits_type::reference		reference;
 158:C:/Program Files (x86)/Arm GNU Toolchain arm-none-eabi/14.3 rel1/arm-none-eabi/include/c++/14.3.1/bits\stl_iterator.h **** #else
 159:C:/Program Files (x86)/Arm GNU Toolchain arm-none-eabi/14.3 rel1/arm-none-eabi/include/c++/14.3.1/bits\stl_iterator.h ****       using iterator_concept
 160:C:/Program Files (x86)/Arm GNU Toolchain arm-none-eabi/14.3 rel1/arm-none-eabi/include/c++/14.3.1/bits\stl_iterator.h **** 	= __conditional_t<random_access_iterator<_Iterator>,
 161:C:/Program Files (x86)/Arm GNU Toolchain arm-none-eabi/14.3 rel1/arm-none-eabi/include/c++/14.3.1/bits\stl_iterator.h **** 			  random_access_iterator_tag,
 162:C:/Program Files (x86)/Arm GNU Toolchain arm-none-eabi/14.3 rel1/arm-none-eabi/include/c++/14.3.1/bits\stl_iterator.h **** 			  bidirectional_iterator_tag>;
 163:C:/Program Files (x86)/Arm GNU Toolchain arm-none-eabi/14.3 rel1/arm-none-eabi/include/c++/14.3.1/bits\stl_iterator.h ****       using iterator_category
 164:C:/Program Files (x86)/Arm GNU Toolchain arm-none-eabi/14.3 rel1/arm-none-eabi/include/c++/14.3.1/bits\stl_iterator.h **** 	= __detail::__clamp_iter_cat<typename __traits_type::iterator_category,
 165:C:/Program Files (x86)/Arm GNU Toolchain arm-none-eabi/14.3 rel1/arm-none-eabi/include/c++/14.3.1/bits\stl_iterator.h **** 				     random_access_iterator_tag>;
 166:C:/Program Files (x86)/Arm GNU Toolchain arm-none-eabi/14.3 rel1/arm-none-eabi/include/c++/14.3.1/bits\stl_iterator.h ****       using value_type = iter_value_t<_Iterator>;
 167:C:/Program Files (x86)/Arm GNU Toolchain arm-none-eabi/14.3 rel1/arm-none-eabi/include/c++/14.3.1/bits\stl_iterator.h ****       using difference_type = iter_difference_t<_Iterator>;
 168:C:/Program Files (x86)/Arm GNU Toolchain arm-none-eabi/14.3 rel1/arm-none-eabi/include/c++/14.3.1/bits\stl_iterator.h ****       using reference = iter_reference_t<_Iterator>;
 169:C:/Program Files (x86)/Arm GNU Toolchain arm-none-eabi/14.3 rel1/arm-none-eabi/include/c++/14.3.1/bits\stl_iterator.h **** #endif
 170:C:/Program Files (x86)/Arm GNU Toolchain arm-none-eabi/14.3 rel1/arm-none-eabi/include/c++/14.3.1/bits\stl_iterator.h **** 
 171:C:/Program Files (x86)/Arm GNU Toolchain arm-none-eabi/14.3 rel1/arm-none-eabi/include/c++/14.3.1/bits\stl_iterator.h ****       /**
 172:C:/Program Files (x86)/Arm GNU Toolchain arm-none-eabi/14.3 rel1/arm-none-eabi/include/c++/14.3.1/bits\stl_iterator.h ****        *  The default constructor value-initializes member @p current.
 173:C:/Program Files (x86)/Arm GNU Toolchain arm-none-eabi/14.3 rel1/arm-none-eabi/include/c++/14.3.1/bits\stl_iterator.h ****        *  If it is a pointer, that means it is zero-initialized.
 174:C:/Program Files (x86)/Arm GNU Toolchain arm-none-eabi/14.3 rel1/arm-none-eabi/include/c++/14.3.1/bits\stl_iterator.h ****       */
 175:C:/Program Files (x86)/Arm GNU Toolchain arm-none-eabi/14.3 rel1/arm-none-eabi/include/c++/14.3.1/bits\stl_iterator.h ****       // _GLIBCXX_RESOLVE_LIB_DEFECTS
 176:C:/Program Files (x86)/Arm GNU Toolchain arm-none-eabi/14.3 rel1/arm-none-eabi/include/c++/14.3.1/bits\stl_iterator.h ****       // 235 No specification of default ctor for reverse_iterator
 177:C:/Program Files (x86)/Arm GNU Toolchain arm-none-eabi/14.3 rel1/arm-none-eabi/include/c++/14.3.1/bits\stl_iterator.h ****       // 1012. reverse_iterator default ctor should value initialize
 178:C:/Program Files (x86)/Arm GNU Toolchain arm-none-eabi/14.3 rel1/arm-none-eabi/include/c++/14.3.1/bits\stl_iterator.h ****       _GLIBCXX17_CONSTEXPR
 179:C:/Program Files (x86)/Arm GNU Toolchain arm-none-eabi/14.3 rel1/arm-none-eabi/include/c++/14.3.1/bits\stl_iterator.h ****       reverse_iterator()
 180:C:/Program Files (x86)/Arm GNU Toolchain arm-none-eabi/14.3 rel1/arm-none-eabi/include/c++/14.3.1/bits\stl_iterator.h ****       _GLIBCXX_NOEXCEPT_IF(noexcept(_Iterator()))
 181:C:/Program Files (x86)/Arm GNU Toolchain arm-none-eabi/14.3 rel1/arm-none-eabi/include/c++/14.3.1/bits\stl_iterator.h ****       : current()
 182:C:/Program Files (x86)/Arm GNU Toolchain arm-none-eabi/14.3 rel1/arm-none-eabi/include/c++/14.3.1/bits\stl_iterator.h ****       { }
 183:C:/Program Files (x86)/Arm GNU Toolchain arm-none-eabi/14.3 rel1/arm-none-eabi/include/c++/14.3.1/bits\stl_iterator.h **** 
 184:C:/Program Files (x86)/Arm GNU Toolchain arm-none-eabi/14.3 rel1/arm-none-eabi/include/c++/14.3.1/bits\stl_iterator.h ****       /**
 185:C:/Program Files (x86)/Arm GNU Toolchain arm-none-eabi/14.3 rel1/arm-none-eabi/include/c++/14.3.1/bits\stl_iterator.h ****        *  This %iterator will move in the opposite direction that @p x does.
 186:C:/Program Files (x86)/Arm GNU Toolchain arm-none-eabi/14.3 rel1/arm-none-eabi/include/c++/14.3.1/bits\stl_iterator.h ****       */
 187:C:/Program Files (x86)/Arm GNU Toolchain arm-none-eabi/14.3 rel1/arm-none-eabi/include/c++/14.3.1/bits\stl_iterator.h ****       explicit _GLIBCXX17_CONSTEXPR
 188:C:/Program Files (x86)/Arm GNU Toolchain arm-none-eabi/14.3 rel1/arm-none-eabi/include/c++/14.3.1/bits\stl_iterator.h ****       reverse_iterator(iterator_type __x)
 189:C:/Program Files (x86)/Arm GNU Toolchain arm-none-eabi/14.3 rel1/arm-none-eabi/include/c++/14.3.1/bits\stl_iterator.h ****       _GLIBCXX_NOEXCEPT_IF(noexcept(_Iterator(__x)))
 190:C:/Program Files (x86)/Arm GNU Toolchain arm-none-eabi/14.3 rel1/arm-none-eabi/include/c++/14.3.1/bits\stl_iterator.h ****       : current(__x)
 191:C:/Program Files (x86)/Arm GNU Toolchain arm-none-eabi/14.3 rel1/arm-none-eabi/include/c++/14.3.1/bits\stl_iterator.h ****       { }
 192:C:/Program Files (x86)/Arm GNU Toolchain arm-none-eabi/14.3 rel1/arm-none-eabi/include/c++/14.3.1/bits\stl_iterator.h **** 
 193:C:/Program Files (x86)/Arm GNU Toolchain arm-none-eabi/14.3 rel1/arm-none-eabi/include/c++/14.3.1/bits\stl_iterator.h ****       /**
 194:C:/Program Files (x86)/Arm GNU Toolchain arm-none-eabi/14.3 rel1/arm-none-eabi/include/c++/14.3.1/bits\stl_iterator.h ****        *  The copy constructor is normal.
 195:C:/Program Files (x86)/Arm GNU Toolchain arm-none-eabi/14.3 rel1/arm-none-eabi/include/c++/14.3.1/bits\stl_iterator.h ****       */
 196:C:/Program Files (x86)/Arm GNU Toolchain arm-none-eabi/14.3 rel1/arm-none-eabi/include/c++/14.3.1/bits\stl_iterator.h ****       _GLIBCXX17_CONSTEXPR
 197:C:/Program Files (x86)/Arm GNU Toolchain arm-none-eabi/14.3 rel1/arm-none-eabi/include/c++/14.3.1/bits\stl_iterator.h ****       reverse_iterator(const reverse_iterator& __x)
 198:C:/Program Files (x86)/Arm GNU Toolchain arm-none-eabi/14.3 rel1/arm-none-eabi/include/c++/14.3.1/bits\stl_iterator.h ****       _GLIBCXX_NOEXCEPT_IF(noexcept(_Iterator(__x.current)))
 199:C:/Program Files (x86)/Arm GNU Toolchain arm-none-eabi/14.3 rel1/arm-none-eabi/include/c++/14.3.1/bits\stl_iterator.h ****       : current(__x.current)
 200:C:/Program Files (x86)/Arm GNU Toolchain arm-none-eabi/14.3 rel1/arm-none-eabi/include/c++/14.3.1/bits\stl_iterator.h ****       { }
 201:C:/Program Files (x86)/Arm GNU Toolchain arm-none-eabi/14.3 rel1/arm-none-eabi/include/c++/14.3.1/bits\stl_iterator.h **** 
 202:C:/Program Files (x86)/Arm GNU Toolchain arm-none-eabi/14.3 rel1/arm-none-eabi/include/c++/14.3.1/bits\stl_iterator.h **** #if __cplusplus >= 201103L
 203:C:/Program Files (x86)/Arm GNU Toolchain arm-none-eabi/14.3 rel1/arm-none-eabi/include/c++/14.3.1/bits\stl_iterator.h ****       reverse_iterator& operator=(const reverse_iterator&) = default;
 204:C:/Program Files (x86)/Arm GNU Toolchain arm-none-eabi/14.3 rel1/arm-none-eabi/include/c++/14.3.1/bits\stl_iterator.h **** #endif
 205:C:/Program Files (x86)/Arm GNU Toolchain arm-none-eabi/14.3 rel1/arm-none-eabi/include/c++/14.3.1/bits\stl_iterator.h **** 
 206:C:/Program Files (x86)/Arm GNU Toolchain arm-none-eabi/14.3 rel1/arm-none-eabi/include/c++/14.3.1/bits\stl_iterator.h ****       /**
ARM GAS  C:\Users\Oliver\AppData\Local\Temp\cclFZbsF.s 			page 49


 207:C:/Program Files (x86)/Arm GNU Toolchain arm-none-eabi/14.3 rel1/arm-none-eabi/include/c++/14.3.1/bits\stl_iterator.h ****        *  A %reverse_iterator across other types can be copied if the
 208:C:/Program Files (x86)/Arm GNU Toolchain arm-none-eabi/14.3 rel1/arm-none-eabi/include/c++/14.3.1/bits\stl_iterator.h ****        *  underlying %iterator can be converted to the type of @c current.
 209:C:/Program Files (x86)/Arm GNU Toolchain arm-none-eabi/14.3 rel1/arm-none-eabi/include/c++/14.3.1/bits\stl_iterator.h ****       */
 210:C:/Program Files (x86)/Arm GNU Toolchain arm-none-eabi/14.3 rel1/arm-none-eabi/include/c++/14.3.1/bits\stl_iterator.h ****       template<typename _Iter>
 211:C:/Program Files (x86)/Arm GNU Toolchain arm-none-eabi/14.3 rel1/arm-none-eabi/include/c++/14.3.1/bits\stl_iterator.h **** #if __glibcxx_concepts
 212:C:/Program Files (x86)/Arm GNU Toolchain arm-none-eabi/14.3 rel1/arm-none-eabi/include/c++/14.3.1/bits\stl_iterator.h **** 	requires __convertible<_Iter>
 213:C:/Program Files (x86)/Arm GNU Toolchain arm-none-eabi/14.3 rel1/arm-none-eabi/include/c++/14.3.1/bits\stl_iterator.h **** #endif
 214:C:/Program Files (x86)/Arm GNU Toolchain arm-none-eabi/14.3 rel1/arm-none-eabi/include/c++/14.3.1/bits\stl_iterator.h **** 	_GLIBCXX17_CONSTEXPR
 215:C:/Program Files (x86)/Arm GNU Toolchain arm-none-eabi/14.3 rel1/arm-none-eabi/include/c++/14.3.1/bits\stl_iterator.h ****         reverse_iterator(const reverse_iterator<_Iter>& __x)
 216:C:/Program Files (x86)/Arm GNU Toolchain arm-none-eabi/14.3 rel1/arm-none-eabi/include/c++/14.3.1/bits\stl_iterator.h **** 	_GLIBCXX_NOEXCEPT_IF(noexcept(_Iterator(__x.current)))
 217:C:/Program Files (x86)/Arm GNU Toolchain arm-none-eabi/14.3 rel1/arm-none-eabi/include/c++/14.3.1/bits\stl_iterator.h **** 	: current(__x.current)
 218:C:/Program Files (x86)/Arm GNU Toolchain arm-none-eabi/14.3 rel1/arm-none-eabi/include/c++/14.3.1/bits\stl_iterator.h **** 	{ }
 219:C:/Program Files (x86)/Arm GNU Toolchain arm-none-eabi/14.3 rel1/arm-none-eabi/include/c++/14.3.1/bits\stl_iterator.h **** 
 220:C:/Program Files (x86)/Arm GNU Toolchain arm-none-eabi/14.3 rel1/arm-none-eabi/include/c++/14.3.1/bits\stl_iterator.h **** #if __cplusplus >= 201103L
 221:C:/Program Files (x86)/Arm GNU Toolchain arm-none-eabi/14.3 rel1/arm-none-eabi/include/c++/14.3.1/bits\stl_iterator.h ****       template<typename _Iter>
 222:C:/Program Files (x86)/Arm GNU Toolchain arm-none-eabi/14.3 rel1/arm-none-eabi/include/c++/14.3.1/bits\stl_iterator.h **** #if __glibcxx_concepts
 223:C:/Program Files (x86)/Arm GNU Toolchain arm-none-eabi/14.3 rel1/arm-none-eabi/include/c++/14.3.1/bits\stl_iterator.h **** 	requires __convertible<_Iter>
 224:C:/Program Files (x86)/Arm GNU Toolchain arm-none-eabi/14.3 rel1/arm-none-eabi/include/c++/14.3.1/bits\stl_iterator.h **** 	  && assignable_from<_Iterator&, const _Iter&>
 225:C:/Program Files (x86)/Arm GNU Toolchain arm-none-eabi/14.3 rel1/arm-none-eabi/include/c++/14.3.1/bits\stl_iterator.h **** #endif
 226:C:/Program Files (x86)/Arm GNU Toolchain arm-none-eabi/14.3 rel1/arm-none-eabi/include/c++/14.3.1/bits\stl_iterator.h **** 	_GLIBCXX17_CONSTEXPR
 227:C:/Program Files (x86)/Arm GNU Toolchain arm-none-eabi/14.3 rel1/arm-none-eabi/include/c++/14.3.1/bits\stl_iterator.h **** 	reverse_iterator&
 228:C:/Program Files (x86)/Arm GNU Toolchain arm-none-eabi/14.3 rel1/arm-none-eabi/include/c++/14.3.1/bits\stl_iterator.h **** 	operator=(const reverse_iterator<_Iter>& __x)
 229:C:/Program Files (x86)/Arm GNU Toolchain arm-none-eabi/14.3 rel1/arm-none-eabi/include/c++/14.3.1/bits\stl_iterator.h **** 	_GLIBCXX_NOEXCEPT_IF(noexcept(current = __x.current))
 230:C:/Program Files (x86)/Arm GNU Toolchain arm-none-eabi/14.3 rel1/arm-none-eabi/include/c++/14.3.1/bits\stl_iterator.h **** 	{
 231:C:/Program Files (x86)/Arm GNU Toolchain arm-none-eabi/14.3 rel1/arm-none-eabi/include/c++/14.3.1/bits\stl_iterator.h **** 	  current = __x.current;
 232:C:/Program Files (x86)/Arm GNU Toolchain arm-none-eabi/14.3 rel1/arm-none-eabi/include/c++/14.3.1/bits\stl_iterator.h **** 	  return *this;
 233:C:/Program Files (x86)/Arm GNU Toolchain arm-none-eabi/14.3 rel1/arm-none-eabi/include/c++/14.3.1/bits\stl_iterator.h **** 	}
 234:C:/Program Files (x86)/Arm GNU Toolchain arm-none-eabi/14.3 rel1/arm-none-eabi/include/c++/14.3.1/bits\stl_iterator.h **** #endif
 235:C:/Program Files (x86)/Arm GNU Toolchain arm-none-eabi/14.3 rel1/arm-none-eabi/include/c++/14.3.1/bits\stl_iterator.h **** 
 236:C:/Program Files (x86)/Arm GNU Toolchain arm-none-eabi/14.3 rel1/arm-none-eabi/include/c++/14.3.1/bits\stl_iterator.h ****       /**
 237:C:/Program Files (x86)/Arm GNU Toolchain arm-none-eabi/14.3 rel1/arm-none-eabi/include/c++/14.3.1/bits\stl_iterator.h ****        *  @return  @c current, the %iterator used for underlying work.
 238:C:/Program Files (x86)/Arm GNU Toolchain arm-none-eabi/14.3 rel1/arm-none-eabi/include/c++/14.3.1/bits\stl_iterator.h ****       */
 239:C:/Program Files (x86)/Arm GNU Toolchain arm-none-eabi/14.3 rel1/arm-none-eabi/include/c++/14.3.1/bits\stl_iterator.h ****       _GLIBCXX_NODISCARD
 240:C:/Program Files (x86)/Arm GNU Toolchain arm-none-eabi/14.3 rel1/arm-none-eabi/include/c++/14.3.1/bits\stl_iterator.h ****       _GLIBCXX17_CONSTEXPR iterator_type
 241:C:/Program Files (x86)/Arm GNU Toolchain arm-none-eabi/14.3 rel1/arm-none-eabi/include/c++/14.3.1/bits\stl_iterator.h ****       base() const
 242:C:/Program Files (x86)/Arm GNU Toolchain arm-none-eabi/14.3 rel1/arm-none-eabi/include/c++/14.3.1/bits\stl_iterator.h ****       _GLIBCXX_NOEXCEPT_IF(noexcept(_Iterator(current)))
 243:C:/Program Files (x86)/Arm GNU Toolchain arm-none-eabi/14.3 rel1/arm-none-eabi/include/c++/14.3.1/bits\stl_iterator.h ****       { return current; }
 244:C:/Program Files (x86)/Arm GNU Toolchain arm-none-eabi/14.3 rel1/arm-none-eabi/include/c++/14.3.1/bits\stl_iterator.h **** 
 245:C:/Program Files (x86)/Arm GNU Toolchain arm-none-eabi/14.3 rel1/arm-none-eabi/include/c++/14.3.1/bits\stl_iterator.h ****       /**
 246:C:/Program Files (x86)/Arm GNU Toolchain arm-none-eabi/14.3 rel1/arm-none-eabi/include/c++/14.3.1/bits\stl_iterator.h ****        *  @return  A reference to the value at @c --current
 247:C:/Program Files (x86)/Arm GNU Toolchain arm-none-eabi/14.3 rel1/arm-none-eabi/include/c++/14.3.1/bits\stl_iterator.h ****        *
 248:C:/Program Files (x86)/Arm GNU Toolchain arm-none-eabi/14.3 rel1/arm-none-eabi/include/c++/14.3.1/bits\stl_iterator.h ****        *  This requires that @c --current is dereferenceable.
 249:C:/Program Files (x86)/Arm GNU Toolchain arm-none-eabi/14.3 rel1/arm-none-eabi/include/c++/14.3.1/bits\stl_iterator.h ****        *
 250:C:/Program Files (x86)/Arm GNU Toolchain arm-none-eabi/14.3 rel1/arm-none-eabi/include/c++/14.3.1/bits\stl_iterator.h ****        *  @warning This implementation requires that for an iterator of the
 251:C:/Program Files (x86)/Arm GNU Toolchain arm-none-eabi/14.3 rel1/arm-none-eabi/include/c++/14.3.1/bits\stl_iterator.h ****        *           underlying iterator type, @c x, a reference obtained by
 252:C:/Program Files (x86)/Arm GNU Toolchain arm-none-eabi/14.3 rel1/arm-none-eabi/include/c++/14.3.1/bits\stl_iterator.h ****        *           @c *x remains valid after @c x has been modified or
 253:C:/Program Files (x86)/Arm GNU Toolchain arm-none-eabi/14.3 rel1/arm-none-eabi/include/c++/14.3.1/bits\stl_iterator.h ****        *           destroyed. This is a bug: http://gcc.gnu.org/PR51823
 254:C:/Program Files (x86)/Arm GNU Toolchain arm-none-eabi/14.3 rel1/arm-none-eabi/include/c++/14.3.1/bits\stl_iterator.h ****       */
 255:C:/Program Files (x86)/Arm GNU Toolchain arm-none-eabi/14.3 rel1/arm-none-eabi/include/c++/14.3.1/bits\stl_iterator.h ****       _GLIBCXX_NODISCARD
 256:C:/Program Files (x86)/Arm GNU Toolchain arm-none-eabi/14.3 rel1/arm-none-eabi/include/c++/14.3.1/bits\stl_iterator.h ****       _GLIBCXX17_CONSTEXPR reference
 257:C:/Program Files (x86)/Arm GNU Toolchain arm-none-eabi/14.3 rel1/arm-none-eabi/include/c++/14.3.1/bits\stl_iterator.h ****       operator*() const
 258:C:/Program Files (x86)/Arm GNU Toolchain arm-none-eabi/14.3 rel1/arm-none-eabi/include/c++/14.3.1/bits\stl_iterator.h ****       {
 259:C:/Program Files (x86)/Arm GNU Toolchain arm-none-eabi/14.3 rel1/arm-none-eabi/include/c++/14.3.1/bits\stl_iterator.h **** 	_Iterator __tmp = current;
 260:C:/Program Files (x86)/Arm GNU Toolchain arm-none-eabi/14.3 rel1/arm-none-eabi/include/c++/14.3.1/bits\stl_iterator.h **** 	return *--__tmp;
 261:C:/Program Files (x86)/Arm GNU Toolchain arm-none-eabi/14.3 rel1/arm-none-eabi/include/c++/14.3.1/bits\stl_iterator.h ****       }
 262:C:/Program Files (x86)/Arm GNU Toolchain arm-none-eabi/14.3 rel1/arm-none-eabi/include/c++/14.3.1/bits\stl_iterator.h **** 
 263:C:/Program Files (x86)/Arm GNU Toolchain arm-none-eabi/14.3 rel1/arm-none-eabi/include/c++/14.3.1/bits\stl_iterator.h ****       /**
ARM GAS  C:\Users\Oliver\AppData\Local\Temp\cclFZbsF.s 			page 50


 264:C:/Program Files (x86)/Arm GNU Toolchain arm-none-eabi/14.3 rel1/arm-none-eabi/include/c++/14.3.1/bits\stl_iterator.h ****        *  @return  A pointer to the value at @c --current
 265:C:/Program Files (x86)/Arm GNU Toolchain arm-none-eabi/14.3 rel1/arm-none-eabi/include/c++/14.3.1/bits\stl_iterator.h ****        *
 266:C:/Program Files (x86)/Arm GNU Toolchain arm-none-eabi/14.3 rel1/arm-none-eabi/include/c++/14.3.1/bits\stl_iterator.h ****        *  This requires that @c --current is dereferenceable.
 267:C:/Program Files (x86)/Arm GNU Toolchain arm-none-eabi/14.3 rel1/arm-none-eabi/include/c++/14.3.1/bits\stl_iterator.h ****       */
 268:C:/Program Files (x86)/Arm GNU Toolchain arm-none-eabi/14.3 rel1/arm-none-eabi/include/c++/14.3.1/bits\stl_iterator.h ****       _GLIBCXX_NODISCARD
 269:C:/Program Files (x86)/Arm GNU Toolchain arm-none-eabi/14.3 rel1/arm-none-eabi/include/c++/14.3.1/bits\stl_iterator.h ****       _GLIBCXX17_CONSTEXPR pointer
 270:C:/Program Files (x86)/Arm GNU Toolchain arm-none-eabi/14.3 rel1/arm-none-eabi/include/c++/14.3.1/bits\stl_iterator.h ****       operator->() const
 271:C:/Program Files (x86)/Arm GNU Toolchain arm-none-eabi/14.3 rel1/arm-none-eabi/include/c++/14.3.1/bits\stl_iterator.h **** #if __cplusplus > 201703L && __cpp_concepts >= 201907L
 272:C:/Program Files (x86)/Arm GNU Toolchain arm-none-eabi/14.3 rel1/arm-none-eabi/include/c++/14.3.1/bits\stl_iterator.h ****       requires is_pointer_v<_Iterator>
 273:C:/Program Files (x86)/Arm GNU Toolchain arm-none-eabi/14.3 rel1/arm-none-eabi/include/c++/14.3.1/bits\stl_iterator.h **** 	|| requires(const _Iterator __i) { __i.operator->(); }
 274:C:/Program Files (x86)/Arm GNU Toolchain arm-none-eabi/14.3 rel1/arm-none-eabi/include/c++/14.3.1/bits\stl_iterator.h **** #endif
 275:C:/Program Files (x86)/Arm GNU Toolchain arm-none-eabi/14.3 rel1/arm-none-eabi/include/c++/14.3.1/bits\stl_iterator.h ****       {
 276:C:/Program Files (x86)/Arm GNU Toolchain arm-none-eabi/14.3 rel1/arm-none-eabi/include/c++/14.3.1/bits\stl_iterator.h **** 	// _GLIBCXX_RESOLVE_LIB_DEFECTS
 277:C:/Program Files (x86)/Arm GNU Toolchain arm-none-eabi/14.3 rel1/arm-none-eabi/include/c++/14.3.1/bits\stl_iterator.h **** 	// 1052. operator-> should also support smart pointers
 278:C:/Program Files (x86)/Arm GNU Toolchain arm-none-eabi/14.3 rel1/arm-none-eabi/include/c++/14.3.1/bits\stl_iterator.h **** 	_Iterator __tmp = current;
 279:C:/Program Files (x86)/Arm GNU Toolchain arm-none-eabi/14.3 rel1/arm-none-eabi/include/c++/14.3.1/bits\stl_iterator.h **** 	--__tmp;
 280:C:/Program Files (x86)/Arm GNU Toolchain arm-none-eabi/14.3 rel1/arm-none-eabi/include/c++/14.3.1/bits\stl_iterator.h **** 	return _S_to_pointer(__tmp);
 281:C:/Program Files (x86)/Arm GNU Toolchain arm-none-eabi/14.3 rel1/arm-none-eabi/include/c++/14.3.1/bits\stl_iterator.h ****       }
 282:C:/Program Files (x86)/Arm GNU Toolchain arm-none-eabi/14.3 rel1/arm-none-eabi/include/c++/14.3.1/bits\stl_iterator.h **** 
 283:C:/Program Files (x86)/Arm GNU Toolchain arm-none-eabi/14.3 rel1/arm-none-eabi/include/c++/14.3.1/bits\stl_iterator.h ****       /**
 284:C:/Program Files (x86)/Arm GNU Toolchain arm-none-eabi/14.3 rel1/arm-none-eabi/include/c++/14.3.1/bits\stl_iterator.h ****        *  @return  @c *this
 285:C:/Program Files (x86)/Arm GNU Toolchain arm-none-eabi/14.3 rel1/arm-none-eabi/include/c++/14.3.1/bits\stl_iterator.h ****        *
 286:C:/Program Files (x86)/Arm GNU Toolchain arm-none-eabi/14.3 rel1/arm-none-eabi/include/c++/14.3.1/bits\stl_iterator.h ****        *  Decrements the underlying iterator.
 287:C:/Program Files (x86)/Arm GNU Toolchain arm-none-eabi/14.3 rel1/arm-none-eabi/include/c++/14.3.1/bits\stl_iterator.h ****       */
 288:C:/Program Files (x86)/Arm GNU Toolchain arm-none-eabi/14.3 rel1/arm-none-eabi/include/c++/14.3.1/bits\stl_iterator.h ****       _GLIBCXX17_CONSTEXPR reverse_iterator&
 289:C:/Program Files (x86)/Arm GNU Toolchain arm-none-eabi/14.3 rel1/arm-none-eabi/include/c++/14.3.1/bits\stl_iterator.h ****       operator++()
 290:C:/Program Files (x86)/Arm GNU Toolchain arm-none-eabi/14.3 rel1/arm-none-eabi/include/c++/14.3.1/bits\stl_iterator.h ****       {
 291:C:/Program Files (x86)/Arm GNU Toolchain arm-none-eabi/14.3 rel1/arm-none-eabi/include/c++/14.3.1/bits\stl_iterator.h **** 	--current;
 292:C:/Program Files (x86)/Arm GNU Toolchain arm-none-eabi/14.3 rel1/arm-none-eabi/include/c++/14.3.1/bits\stl_iterator.h **** 	return *this;
 293:C:/Program Files (x86)/Arm GNU Toolchain arm-none-eabi/14.3 rel1/arm-none-eabi/include/c++/14.3.1/bits\stl_iterator.h ****       }
 294:C:/Program Files (x86)/Arm GNU Toolchain arm-none-eabi/14.3 rel1/arm-none-eabi/include/c++/14.3.1/bits\stl_iterator.h **** 
 295:C:/Program Files (x86)/Arm GNU Toolchain arm-none-eabi/14.3 rel1/arm-none-eabi/include/c++/14.3.1/bits\stl_iterator.h ****       /**
 296:C:/Program Files (x86)/Arm GNU Toolchain arm-none-eabi/14.3 rel1/arm-none-eabi/include/c++/14.3.1/bits\stl_iterator.h ****        *  @return  The original value of @c *this
 297:C:/Program Files (x86)/Arm GNU Toolchain arm-none-eabi/14.3 rel1/arm-none-eabi/include/c++/14.3.1/bits\stl_iterator.h ****        *
 298:C:/Program Files (x86)/Arm GNU Toolchain arm-none-eabi/14.3 rel1/arm-none-eabi/include/c++/14.3.1/bits\stl_iterator.h ****        *  Decrements the underlying iterator.
 299:C:/Program Files (x86)/Arm GNU Toolchain arm-none-eabi/14.3 rel1/arm-none-eabi/include/c++/14.3.1/bits\stl_iterator.h ****       */
 300:C:/Program Files (x86)/Arm GNU Toolchain arm-none-eabi/14.3 rel1/arm-none-eabi/include/c++/14.3.1/bits\stl_iterator.h ****       _GLIBCXX17_CONSTEXPR reverse_iterator
 301:C:/Program Files (x86)/Arm GNU Toolchain arm-none-eabi/14.3 rel1/arm-none-eabi/include/c++/14.3.1/bits\stl_iterator.h ****       operator++(int)
 302:C:/Program Files (x86)/Arm GNU Toolchain arm-none-eabi/14.3 rel1/arm-none-eabi/include/c++/14.3.1/bits\stl_iterator.h ****       {
 303:C:/Program Files (x86)/Arm GNU Toolchain arm-none-eabi/14.3 rel1/arm-none-eabi/include/c++/14.3.1/bits\stl_iterator.h **** 	reverse_iterator __tmp = *this;
 304:C:/Program Files (x86)/Arm GNU Toolchain arm-none-eabi/14.3 rel1/arm-none-eabi/include/c++/14.3.1/bits\stl_iterator.h **** 	--current;
 305:C:/Program Files (x86)/Arm GNU Toolchain arm-none-eabi/14.3 rel1/arm-none-eabi/include/c++/14.3.1/bits\stl_iterator.h **** 	return __tmp;
 306:C:/Program Files (x86)/Arm GNU Toolchain arm-none-eabi/14.3 rel1/arm-none-eabi/include/c++/14.3.1/bits\stl_iterator.h ****       }
 307:C:/Program Files (x86)/Arm GNU Toolchain arm-none-eabi/14.3 rel1/arm-none-eabi/include/c++/14.3.1/bits\stl_iterator.h **** 
 308:C:/Program Files (x86)/Arm GNU Toolchain arm-none-eabi/14.3 rel1/arm-none-eabi/include/c++/14.3.1/bits\stl_iterator.h ****       /**
 309:C:/Program Files (x86)/Arm GNU Toolchain arm-none-eabi/14.3 rel1/arm-none-eabi/include/c++/14.3.1/bits\stl_iterator.h ****        *  @return  @c *this
 310:C:/Program Files (x86)/Arm GNU Toolchain arm-none-eabi/14.3 rel1/arm-none-eabi/include/c++/14.3.1/bits\stl_iterator.h ****        *
 311:C:/Program Files (x86)/Arm GNU Toolchain arm-none-eabi/14.3 rel1/arm-none-eabi/include/c++/14.3.1/bits\stl_iterator.h ****        *  Increments the underlying iterator.
 312:C:/Program Files (x86)/Arm GNU Toolchain arm-none-eabi/14.3 rel1/arm-none-eabi/include/c++/14.3.1/bits\stl_iterator.h ****       */
 313:C:/Program Files (x86)/Arm GNU Toolchain arm-none-eabi/14.3 rel1/arm-none-eabi/include/c++/14.3.1/bits\stl_iterator.h ****       _GLIBCXX17_CONSTEXPR reverse_iterator&
 314:C:/Program Files (x86)/Arm GNU Toolchain arm-none-eabi/14.3 rel1/arm-none-eabi/include/c++/14.3.1/bits\stl_iterator.h ****       operator--()
 315:C:/Program Files (x86)/Arm GNU Toolchain arm-none-eabi/14.3 rel1/arm-none-eabi/include/c++/14.3.1/bits\stl_iterator.h ****       {
 316:C:/Program Files (x86)/Arm GNU Toolchain arm-none-eabi/14.3 rel1/arm-none-eabi/include/c++/14.3.1/bits\stl_iterator.h **** 	++current;
 317:C:/Program Files (x86)/Arm GNU Toolchain arm-none-eabi/14.3 rel1/arm-none-eabi/include/c++/14.3.1/bits\stl_iterator.h **** 	return *this;
 318:C:/Program Files (x86)/Arm GNU Toolchain arm-none-eabi/14.3 rel1/arm-none-eabi/include/c++/14.3.1/bits\stl_iterator.h ****       }
 319:C:/Program Files (x86)/Arm GNU Toolchain arm-none-eabi/14.3 rel1/arm-none-eabi/include/c++/14.3.1/bits\stl_iterator.h **** 
 320:C:/Program Files (x86)/Arm GNU Toolchain arm-none-eabi/14.3 rel1/arm-none-eabi/include/c++/14.3.1/bits\stl_iterator.h ****       /**
ARM GAS  C:\Users\Oliver\AppData\Local\Temp\cclFZbsF.s 			page 51


 321:C:/Program Files (x86)/Arm GNU Toolchain arm-none-eabi/14.3 rel1/arm-none-eabi/include/c++/14.3.1/bits\stl_iterator.h ****        *  @return  A reverse_iterator with the previous value of @c *this
 322:C:/Program Files (x86)/Arm GNU Toolchain arm-none-eabi/14.3 rel1/arm-none-eabi/include/c++/14.3.1/bits\stl_iterator.h ****        *
 323:C:/Program Files (x86)/Arm GNU Toolchain arm-none-eabi/14.3 rel1/arm-none-eabi/include/c++/14.3.1/bits\stl_iterator.h ****        *  Increments the underlying iterator.
 324:C:/Program Files (x86)/Arm GNU Toolchain arm-none-eabi/14.3 rel1/arm-none-eabi/include/c++/14.3.1/bits\stl_iterator.h ****       */
 325:C:/Program Files (x86)/Arm GNU Toolchain arm-none-eabi/14.3 rel1/arm-none-eabi/include/c++/14.3.1/bits\stl_iterator.h ****       _GLIBCXX17_CONSTEXPR reverse_iterator
 326:C:/Program Files (x86)/Arm GNU Toolchain arm-none-eabi/14.3 rel1/arm-none-eabi/include/c++/14.3.1/bits\stl_iterator.h ****       operator--(int)
 327:C:/Program Files (x86)/Arm GNU Toolchain arm-none-eabi/14.3 rel1/arm-none-eabi/include/c++/14.3.1/bits\stl_iterator.h ****       {
 328:C:/Program Files (x86)/Arm GNU Toolchain arm-none-eabi/14.3 rel1/arm-none-eabi/include/c++/14.3.1/bits\stl_iterator.h **** 	reverse_iterator __tmp = *this;
 329:C:/Program Files (x86)/Arm GNU Toolchain arm-none-eabi/14.3 rel1/arm-none-eabi/include/c++/14.3.1/bits\stl_iterator.h **** 	++current;
 330:C:/Program Files (x86)/Arm GNU Toolchain arm-none-eabi/14.3 rel1/arm-none-eabi/include/c++/14.3.1/bits\stl_iterator.h **** 	return __tmp;
 331:C:/Program Files (x86)/Arm GNU Toolchain arm-none-eabi/14.3 rel1/arm-none-eabi/include/c++/14.3.1/bits\stl_iterator.h ****       }
 332:C:/Program Files (x86)/Arm GNU Toolchain arm-none-eabi/14.3 rel1/arm-none-eabi/include/c++/14.3.1/bits\stl_iterator.h **** 
 333:C:/Program Files (x86)/Arm GNU Toolchain arm-none-eabi/14.3 rel1/arm-none-eabi/include/c++/14.3.1/bits\stl_iterator.h ****       /**
 334:C:/Program Files (x86)/Arm GNU Toolchain arm-none-eabi/14.3 rel1/arm-none-eabi/include/c++/14.3.1/bits\stl_iterator.h ****        *  @return  A reverse_iterator that refers to @c current - @a __n
 335:C:/Program Files (x86)/Arm GNU Toolchain arm-none-eabi/14.3 rel1/arm-none-eabi/include/c++/14.3.1/bits\stl_iterator.h ****        *
 336:C:/Program Files (x86)/Arm GNU Toolchain arm-none-eabi/14.3 rel1/arm-none-eabi/include/c++/14.3.1/bits\stl_iterator.h ****        *  The underlying iterator must be a Random Access Iterator.
 337:C:/Program Files (x86)/Arm GNU Toolchain arm-none-eabi/14.3 rel1/arm-none-eabi/include/c++/14.3.1/bits\stl_iterator.h ****       */
 338:C:/Program Files (x86)/Arm GNU Toolchain arm-none-eabi/14.3 rel1/arm-none-eabi/include/c++/14.3.1/bits\stl_iterator.h ****       _GLIBCXX_NODISCARD
 339:C:/Program Files (x86)/Arm GNU Toolchain arm-none-eabi/14.3 rel1/arm-none-eabi/include/c++/14.3.1/bits\stl_iterator.h ****       _GLIBCXX17_CONSTEXPR reverse_iterator
 340:C:/Program Files (x86)/Arm GNU Toolchain arm-none-eabi/14.3 rel1/arm-none-eabi/include/c++/14.3.1/bits\stl_iterator.h ****       operator+(difference_type __n) const
 341:C:/Program Files (x86)/Arm GNU Toolchain arm-none-eabi/14.3 rel1/arm-none-eabi/include/c++/14.3.1/bits\stl_iterator.h ****       { return reverse_iterator(current - __n); }
 342:C:/Program Files (x86)/Arm GNU Toolchain arm-none-eabi/14.3 rel1/arm-none-eabi/include/c++/14.3.1/bits\stl_iterator.h **** 
 343:C:/Program Files (x86)/Arm GNU Toolchain arm-none-eabi/14.3 rel1/arm-none-eabi/include/c++/14.3.1/bits\stl_iterator.h ****       /**
 344:C:/Program Files (x86)/Arm GNU Toolchain arm-none-eabi/14.3 rel1/arm-none-eabi/include/c++/14.3.1/bits\stl_iterator.h ****        *  @return  *this
 345:C:/Program Files (x86)/Arm GNU Toolchain arm-none-eabi/14.3 rel1/arm-none-eabi/include/c++/14.3.1/bits\stl_iterator.h ****        *
 346:C:/Program Files (x86)/Arm GNU Toolchain arm-none-eabi/14.3 rel1/arm-none-eabi/include/c++/14.3.1/bits\stl_iterator.h ****        *  Moves the underlying iterator backwards @a __n steps.
 347:C:/Program Files (x86)/Arm GNU Toolchain arm-none-eabi/14.3 rel1/arm-none-eabi/include/c++/14.3.1/bits\stl_iterator.h ****        *  The underlying iterator must be a Random Access Iterator.
 348:C:/Program Files (x86)/Arm GNU Toolchain arm-none-eabi/14.3 rel1/arm-none-eabi/include/c++/14.3.1/bits\stl_iterator.h ****       */
 349:C:/Program Files (x86)/Arm GNU Toolchain arm-none-eabi/14.3 rel1/arm-none-eabi/include/c++/14.3.1/bits\stl_iterator.h ****       _GLIBCXX17_CONSTEXPR reverse_iterator&
 350:C:/Program Files (x86)/Arm GNU Toolchain arm-none-eabi/14.3 rel1/arm-none-eabi/include/c++/14.3.1/bits\stl_iterator.h ****       operator+=(difference_type __n)
 351:C:/Program Files (x86)/Arm GNU Toolchain arm-none-eabi/14.3 rel1/arm-none-eabi/include/c++/14.3.1/bits\stl_iterator.h ****       {
 352:C:/Program Files (x86)/Arm GNU Toolchain arm-none-eabi/14.3 rel1/arm-none-eabi/include/c++/14.3.1/bits\stl_iterator.h **** 	current -= __n;
 353:C:/Program Files (x86)/Arm GNU Toolchain arm-none-eabi/14.3 rel1/arm-none-eabi/include/c++/14.3.1/bits\stl_iterator.h **** 	return *this;
 354:C:/Program Files (x86)/Arm GNU Toolchain arm-none-eabi/14.3 rel1/arm-none-eabi/include/c++/14.3.1/bits\stl_iterator.h ****       }
 355:C:/Program Files (x86)/Arm GNU Toolchain arm-none-eabi/14.3 rel1/arm-none-eabi/include/c++/14.3.1/bits\stl_iterator.h **** 
 356:C:/Program Files (x86)/Arm GNU Toolchain arm-none-eabi/14.3 rel1/arm-none-eabi/include/c++/14.3.1/bits\stl_iterator.h ****       /**
 357:C:/Program Files (x86)/Arm GNU Toolchain arm-none-eabi/14.3 rel1/arm-none-eabi/include/c++/14.3.1/bits\stl_iterator.h ****        *  @return  A reverse_iterator that refers to @c current - @a __n
 358:C:/Program Files (x86)/Arm GNU Toolchain arm-none-eabi/14.3 rel1/arm-none-eabi/include/c++/14.3.1/bits\stl_iterator.h ****        *
 359:C:/Program Files (x86)/Arm GNU Toolchain arm-none-eabi/14.3 rel1/arm-none-eabi/include/c++/14.3.1/bits\stl_iterator.h ****        *  The underlying iterator must be a Random Access Iterator.
 360:C:/Program Files (x86)/Arm GNU Toolchain arm-none-eabi/14.3 rel1/arm-none-eabi/include/c++/14.3.1/bits\stl_iterator.h ****       */
 361:C:/Program Files (x86)/Arm GNU Toolchain arm-none-eabi/14.3 rel1/arm-none-eabi/include/c++/14.3.1/bits\stl_iterator.h ****       _GLIBCXX_NODISCARD
 362:C:/Program Files (x86)/Arm GNU Toolchain arm-none-eabi/14.3 rel1/arm-none-eabi/include/c++/14.3.1/bits\stl_iterator.h ****       _GLIBCXX17_CONSTEXPR reverse_iterator
 363:C:/Program Files (x86)/Arm GNU Toolchain arm-none-eabi/14.3 rel1/arm-none-eabi/include/c++/14.3.1/bits\stl_iterator.h ****       operator-(difference_type __n) const
 364:C:/Program Files (x86)/Arm GNU Toolchain arm-none-eabi/14.3 rel1/arm-none-eabi/include/c++/14.3.1/bits\stl_iterator.h ****       { return reverse_iterator(current + __n); }
 365:C:/Program Files (x86)/Arm GNU Toolchain arm-none-eabi/14.3 rel1/arm-none-eabi/include/c++/14.3.1/bits\stl_iterator.h **** 
 366:C:/Program Files (x86)/Arm GNU Toolchain arm-none-eabi/14.3 rel1/arm-none-eabi/include/c++/14.3.1/bits\stl_iterator.h ****       /**
 367:C:/Program Files (x86)/Arm GNU Toolchain arm-none-eabi/14.3 rel1/arm-none-eabi/include/c++/14.3.1/bits\stl_iterator.h ****        *  @return  *this
 368:C:/Program Files (x86)/Arm GNU Toolchain arm-none-eabi/14.3 rel1/arm-none-eabi/include/c++/14.3.1/bits\stl_iterator.h ****        *
 369:C:/Program Files (x86)/Arm GNU Toolchain arm-none-eabi/14.3 rel1/arm-none-eabi/include/c++/14.3.1/bits\stl_iterator.h ****        *  Moves the underlying iterator forwards @a __n steps.
 370:C:/Program Files (x86)/Arm GNU Toolchain arm-none-eabi/14.3 rel1/arm-none-eabi/include/c++/14.3.1/bits\stl_iterator.h ****        *  The underlying iterator must be a Random Access Iterator.
 371:C:/Program Files (x86)/Arm GNU Toolchain arm-none-eabi/14.3 rel1/arm-none-eabi/include/c++/14.3.1/bits\stl_iterator.h ****       */
 372:C:/Program Files (x86)/Arm GNU Toolchain arm-none-eabi/14.3 rel1/arm-none-eabi/include/c++/14.3.1/bits\stl_iterator.h ****       _GLIBCXX17_CONSTEXPR reverse_iterator&
 373:C:/Program Files (x86)/Arm GNU Toolchain arm-none-eabi/14.3 rel1/arm-none-eabi/include/c++/14.3.1/bits\stl_iterator.h ****       operator-=(difference_type __n)
 374:C:/Program Files (x86)/Arm GNU Toolchain arm-none-eabi/14.3 rel1/arm-none-eabi/include/c++/14.3.1/bits\stl_iterator.h ****       {
 375:C:/Program Files (x86)/Arm GNU Toolchain arm-none-eabi/14.3 rel1/arm-none-eabi/include/c++/14.3.1/bits\stl_iterator.h **** 	current += __n;
 376:C:/Program Files (x86)/Arm GNU Toolchain arm-none-eabi/14.3 rel1/arm-none-eabi/include/c++/14.3.1/bits\stl_iterator.h **** 	return *this;
 377:C:/Program Files (x86)/Arm GNU Toolchain arm-none-eabi/14.3 rel1/arm-none-eabi/include/c++/14.3.1/bits\stl_iterator.h ****       }
ARM GAS  C:\Users\Oliver\AppData\Local\Temp\cclFZbsF.s 			page 52


 378:C:/Program Files (x86)/Arm GNU Toolchain arm-none-eabi/14.3 rel1/arm-none-eabi/include/c++/14.3.1/bits\stl_iterator.h **** 
 379:C:/Program Files (x86)/Arm GNU Toolchain arm-none-eabi/14.3 rel1/arm-none-eabi/include/c++/14.3.1/bits\stl_iterator.h ****       /**
 380:C:/Program Files (x86)/Arm GNU Toolchain arm-none-eabi/14.3 rel1/arm-none-eabi/include/c++/14.3.1/bits\stl_iterator.h ****        *  @return  The value at @c current - @a __n - 1
 381:C:/Program Files (x86)/Arm GNU Toolchain arm-none-eabi/14.3 rel1/arm-none-eabi/include/c++/14.3.1/bits\stl_iterator.h ****        *
 382:C:/Program Files (x86)/Arm GNU Toolchain arm-none-eabi/14.3 rel1/arm-none-eabi/include/c++/14.3.1/bits\stl_iterator.h ****        *  The underlying iterator must be a Random Access Iterator.
 383:C:/Program Files (x86)/Arm GNU Toolchain arm-none-eabi/14.3 rel1/arm-none-eabi/include/c++/14.3.1/bits\stl_iterator.h ****       */
 384:C:/Program Files (x86)/Arm GNU Toolchain arm-none-eabi/14.3 rel1/arm-none-eabi/include/c++/14.3.1/bits\stl_iterator.h ****       _GLIBCXX_NODISCARD
 385:C:/Program Files (x86)/Arm GNU Toolchain arm-none-eabi/14.3 rel1/arm-none-eabi/include/c++/14.3.1/bits\stl_iterator.h ****       _GLIBCXX17_CONSTEXPR reference
 386:C:/Program Files (x86)/Arm GNU Toolchain arm-none-eabi/14.3 rel1/arm-none-eabi/include/c++/14.3.1/bits\stl_iterator.h ****       operator[](difference_type __n) const
 387:C:/Program Files (x86)/Arm GNU Toolchain arm-none-eabi/14.3 rel1/arm-none-eabi/include/c++/14.3.1/bits\stl_iterator.h ****       { return *(*this + __n); }
 388:C:/Program Files (x86)/Arm GNU Toolchain arm-none-eabi/14.3 rel1/arm-none-eabi/include/c++/14.3.1/bits\stl_iterator.h **** 
 389:C:/Program Files (x86)/Arm GNU Toolchain arm-none-eabi/14.3 rel1/arm-none-eabi/include/c++/14.3.1/bits\stl_iterator.h **** #if __cplusplus > 201703L && __glibcxx_concepts
 390:C:/Program Files (x86)/Arm GNU Toolchain arm-none-eabi/14.3 rel1/arm-none-eabi/include/c++/14.3.1/bits\stl_iterator.h ****       [[nodiscard]]
 391:C:/Program Files (x86)/Arm GNU Toolchain arm-none-eabi/14.3 rel1/arm-none-eabi/include/c++/14.3.1/bits\stl_iterator.h ****       friend constexpr iter_rvalue_reference_t<_Iterator>
 392:C:/Program Files (x86)/Arm GNU Toolchain arm-none-eabi/14.3 rel1/arm-none-eabi/include/c++/14.3.1/bits\stl_iterator.h ****       iter_move(const reverse_iterator& __i)
 393:C:/Program Files (x86)/Arm GNU Toolchain arm-none-eabi/14.3 rel1/arm-none-eabi/include/c++/14.3.1/bits\stl_iterator.h ****       noexcept(is_nothrow_copy_constructible_v<_Iterator>
 394:C:/Program Files (x86)/Arm GNU Toolchain arm-none-eabi/14.3 rel1/arm-none-eabi/include/c++/14.3.1/bits\stl_iterator.h **** 	       && noexcept(ranges::iter_move(--std::declval<_Iterator&>())))
 395:C:/Program Files (x86)/Arm GNU Toolchain arm-none-eabi/14.3 rel1/arm-none-eabi/include/c++/14.3.1/bits\stl_iterator.h ****       {
 396:C:/Program Files (x86)/Arm GNU Toolchain arm-none-eabi/14.3 rel1/arm-none-eabi/include/c++/14.3.1/bits\stl_iterator.h **** 	auto __tmp = __i.base();
 397:C:/Program Files (x86)/Arm GNU Toolchain arm-none-eabi/14.3 rel1/arm-none-eabi/include/c++/14.3.1/bits\stl_iterator.h **** 	return ranges::iter_move(--__tmp);
 398:C:/Program Files (x86)/Arm GNU Toolchain arm-none-eabi/14.3 rel1/arm-none-eabi/include/c++/14.3.1/bits\stl_iterator.h ****       }
 399:C:/Program Files (x86)/Arm GNU Toolchain arm-none-eabi/14.3 rel1/arm-none-eabi/include/c++/14.3.1/bits\stl_iterator.h **** 
 400:C:/Program Files (x86)/Arm GNU Toolchain arm-none-eabi/14.3 rel1/arm-none-eabi/include/c++/14.3.1/bits\stl_iterator.h ****       template<indirectly_swappable<_Iterator> _Iter2>
 401:C:/Program Files (x86)/Arm GNU Toolchain arm-none-eabi/14.3 rel1/arm-none-eabi/include/c++/14.3.1/bits\stl_iterator.h **** 	friend constexpr void
 402:C:/Program Files (x86)/Arm GNU Toolchain arm-none-eabi/14.3 rel1/arm-none-eabi/include/c++/14.3.1/bits\stl_iterator.h **** 	iter_swap(const reverse_iterator& __x,
 403:C:/Program Files (x86)/Arm GNU Toolchain arm-none-eabi/14.3 rel1/arm-none-eabi/include/c++/14.3.1/bits\stl_iterator.h **** 		  const reverse_iterator<_Iter2>& __y)
 404:C:/Program Files (x86)/Arm GNU Toolchain arm-none-eabi/14.3 rel1/arm-none-eabi/include/c++/14.3.1/bits\stl_iterator.h **** 	noexcept(is_nothrow_copy_constructible_v<_Iterator>
 405:C:/Program Files (x86)/Arm GNU Toolchain arm-none-eabi/14.3 rel1/arm-none-eabi/include/c++/14.3.1/bits\stl_iterator.h **** 		 && is_nothrow_copy_constructible_v<_Iter2>
 406:C:/Program Files (x86)/Arm GNU Toolchain arm-none-eabi/14.3 rel1/arm-none-eabi/include/c++/14.3.1/bits\stl_iterator.h **** 		 && noexcept(ranges::iter_swap(--std::declval<_Iterator&>(),
 407:C:/Program Files (x86)/Arm GNU Toolchain arm-none-eabi/14.3 rel1/arm-none-eabi/include/c++/14.3.1/bits\stl_iterator.h **** 					       --std::declval<_Iter2&>())))
 408:C:/Program Files (x86)/Arm GNU Toolchain arm-none-eabi/14.3 rel1/arm-none-eabi/include/c++/14.3.1/bits\stl_iterator.h **** 	{
 409:C:/Program Files (x86)/Arm GNU Toolchain arm-none-eabi/14.3 rel1/arm-none-eabi/include/c++/14.3.1/bits\stl_iterator.h **** 	  auto __xtmp = __x.base();
 410:C:/Program Files (x86)/Arm GNU Toolchain arm-none-eabi/14.3 rel1/arm-none-eabi/include/c++/14.3.1/bits\stl_iterator.h **** 	  auto __ytmp = __y.base();
 411:C:/Program Files (x86)/Arm GNU Toolchain arm-none-eabi/14.3 rel1/arm-none-eabi/include/c++/14.3.1/bits\stl_iterator.h **** 	  ranges::iter_swap(--__xtmp, --__ytmp);
 412:C:/Program Files (x86)/Arm GNU Toolchain arm-none-eabi/14.3 rel1/arm-none-eabi/include/c++/14.3.1/bits\stl_iterator.h **** 	}
 413:C:/Program Files (x86)/Arm GNU Toolchain arm-none-eabi/14.3 rel1/arm-none-eabi/include/c++/14.3.1/bits\stl_iterator.h **** #endif
 414:C:/Program Files (x86)/Arm GNU Toolchain arm-none-eabi/14.3 rel1/arm-none-eabi/include/c++/14.3.1/bits\stl_iterator.h **** 
 415:C:/Program Files (x86)/Arm GNU Toolchain arm-none-eabi/14.3 rel1/arm-none-eabi/include/c++/14.3.1/bits\stl_iterator.h ****     private:
 416:C:/Program Files (x86)/Arm GNU Toolchain arm-none-eabi/14.3 rel1/arm-none-eabi/include/c++/14.3.1/bits\stl_iterator.h ****       template<typename _Tp>
 417:C:/Program Files (x86)/Arm GNU Toolchain arm-none-eabi/14.3 rel1/arm-none-eabi/include/c++/14.3.1/bits\stl_iterator.h **** 	static _GLIBCXX17_CONSTEXPR _Tp*
 418:C:/Program Files (x86)/Arm GNU Toolchain arm-none-eabi/14.3 rel1/arm-none-eabi/include/c++/14.3.1/bits\stl_iterator.h **** 	_S_to_pointer(_Tp* __p)
 419:C:/Program Files (x86)/Arm GNU Toolchain arm-none-eabi/14.3 rel1/arm-none-eabi/include/c++/14.3.1/bits\stl_iterator.h ****         { return __p; }
 420:C:/Program Files (x86)/Arm GNU Toolchain arm-none-eabi/14.3 rel1/arm-none-eabi/include/c++/14.3.1/bits\stl_iterator.h **** 
 421:C:/Program Files (x86)/Arm GNU Toolchain arm-none-eabi/14.3 rel1/arm-none-eabi/include/c++/14.3.1/bits\stl_iterator.h ****       template<typename _Tp>
 422:C:/Program Files (x86)/Arm GNU Toolchain arm-none-eabi/14.3 rel1/arm-none-eabi/include/c++/14.3.1/bits\stl_iterator.h **** 	static _GLIBCXX17_CONSTEXPR pointer
 423:C:/Program Files (x86)/Arm GNU Toolchain arm-none-eabi/14.3 rel1/arm-none-eabi/include/c++/14.3.1/bits\stl_iterator.h **** 	_S_to_pointer(_Tp __t)
 424:C:/Program Files (x86)/Arm GNU Toolchain arm-none-eabi/14.3 rel1/arm-none-eabi/include/c++/14.3.1/bits\stl_iterator.h ****         { return __t.operator->(); }
 425:C:/Program Files (x86)/Arm GNU Toolchain arm-none-eabi/14.3 rel1/arm-none-eabi/include/c++/14.3.1/bits\stl_iterator.h ****     };
 426:C:/Program Files (x86)/Arm GNU Toolchain arm-none-eabi/14.3 rel1/arm-none-eabi/include/c++/14.3.1/bits\stl_iterator.h **** 
 427:C:/Program Files (x86)/Arm GNU Toolchain arm-none-eabi/14.3 rel1/arm-none-eabi/include/c++/14.3.1/bits\stl_iterator.h ****   ///@{
 428:C:/Program Files (x86)/Arm GNU Toolchain arm-none-eabi/14.3 rel1/arm-none-eabi/include/c++/14.3.1/bits\stl_iterator.h ****   /**
 429:C:/Program Files (x86)/Arm GNU Toolchain arm-none-eabi/14.3 rel1/arm-none-eabi/include/c++/14.3.1/bits\stl_iterator.h ****    *  @param  __x  A %reverse_iterator.
 430:C:/Program Files (x86)/Arm GNU Toolchain arm-none-eabi/14.3 rel1/arm-none-eabi/include/c++/14.3.1/bits\stl_iterator.h ****    *  @param  __y  A %reverse_iterator.
 431:C:/Program Files (x86)/Arm GNU Toolchain arm-none-eabi/14.3 rel1/arm-none-eabi/include/c++/14.3.1/bits\stl_iterator.h ****    *  @return  A simple bool.
 432:C:/Program Files (x86)/Arm GNU Toolchain arm-none-eabi/14.3 rel1/arm-none-eabi/include/c++/14.3.1/bits\stl_iterator.h ****    *
 433:C:/Program Files (x86)/Arm GNU Toolchain arm-none-eabi/14.3 rel1/arm-none-eabi/include/c++/14.3.1/bits\stl_iterator.h ****    *  Reverse iterators forward comparisons to their underlying base()
 434:C:/Program Files (x86)/Arm GNU Toolchain arm-none-eabi/14.3 rel1/arm-none-eabi/include/c++/14.3.1/bits\stl_iterator.h ****    *  iterators.
ARM GAS  C:\Users\Oliver\AppData\Local\Temp\cclFZbsF.s 			page 53


 435:C:/Program Files (x86)/Arm GNU Toolchain arm-none-eabi/14.3 rel1/arm-none-eabi/include/c++/14.3.1/bits\stl_iterator.h ****    *
 436:C:/Program Files (x86)/Arm GNU Toolchain arm-none-eabi/14.3 rel1/arm-none-eabi/include/c++/14.3.1/bits\stl_iterator.h ****   */
 437:C:/Program Files (x86)/Arm GNU Toolchain arm-none-eabi/14.3 rel1/arm-none-eabi/include/c++/14.3.1/bits\stl_iterator.h **** #if __cplusplus <= 201703L || ! defined __glibcxx_concepts
 438:C:/Program Files (x86)/Arm GNU Toolchain arm-none-eabi/14.3 rel1/arm-none-eabi/include/c++/14.3.1/bits\stl_iterator.h ****   template<typename _Iterator>
 439:C:/Program Files (x86)/Arm GNU Toolchain arm-none-eabi/14.3 rel1/arm-none-eabi/include/c++/14.3.1/bits\stl_iterator.h ****     _GLIBCXX_NODISCARD
 440:C:/Program Files (x86)/Arm GNU Toolchain arm-none-eabi/14.3 rel1/arm-none-eabi/include/c++/14.3.1/bits\stl_iterator.h ****     inline _GLIBCXX17_CONSTEXPR bool
 441:C:/Program Files (x86)/Arm GNU Toolchain arm-none-eabi/14.3 rel1/arm-none-eabi/include/c++/14.3.1/bits\stl_iterator.h ****     operator==(const reverse_iterator<_Iterator>& __x,
 442:C:/Program Files (x86)/Arm GNU Toolchain arm-none-eabi/14.3 rel1/arm-none-eabi/include/c++/14.3.1/bits\stl_iterator.h **** 	       const reverse_iterator<_Iterator>& __y)
 443:C:/Program Files (x86)/Arm GNU Toolchain arm-none-eabi/14.3 rel1/arm-none-eabi/include/c++/14.3.1/bits\stl_iterator.h ****     { return __x.base() == __y.base(); }
 444:C:/Program Files (x86)/Arm GNU Toolchain arm-none-eabi/14.3 rel1/arm-none-eabi/include/c++/14.3.1/bits\stl_iterator.h **** 
 445:C:/Program Files (x86)/Arm GNU Toolchain arm-none-eabi/14.3 rel1/arm-none-eabi/include/c++/14.3.1/bits\stl_iterator.h ****   template<typename _Iterator>
 446:C:/Program Files (x86)/Arm GNU Toolchain arm-none-eabi/14.3 rel1/arm-none-eabi/include/c++/14.3.1/bits\stl_iterator.h ****     _GLIBCXX_NODISCARD
 447:C:/Program Files (x86)/Arm GNU Toolchain arm-none-eabi/14.3 rel1/arm-none-eabi/include/c++/14.3.1/bits\stl_iterator.h ****     inline _GLIBCXX17_CONSTEXPR bool
 448:C:/Program Files (x86)/Arm GNU Toolchain arm-none-eabi/14.3 rel1/arm-none-eabi/include/c++/14.3.1/bits\stl_iterator.h ****     operator<(const reverse_iterator<_Iterator>& __x,
 449:C:/Program Files (x86)/Arm GNU Toolchain arm-none-eabi/14.3 rel1/arm-none-eabi/include/c++/14.3.1/bits\stl_iterator.h **** 	      const reverse_iterator<_Iterator>& __y)
 450:C:/Program Files (x86)/Arm GNU Toolchain arm-none-eabi/14.3 rel1/arm-none-eabi/include/c++/14.3.1/bits\stl_iterator.h ****     { return __y.base() < __x.base(); }
 451:C:/Program Files (x86)/Arm GNU Toolchain arm-none-eabi/14.3 rel1/arm-none-eabi/include/c++/14.3.1/bits\stl_iterator.h **** 
 452:C:/Program Files (x86)/Arm GNU Toolchain arm-none-eabi/14.3 rel1/arm-none-eabi/include/c++/14.3.1/bits\stl_iterator.h ****   template<typename _Iterator>
 453:C:/Program Files (x86)/Arm GNU Toolchain arm-none-eabi/14.3 rel1/arm-none-eabi/include/c++/14.3.1/bits\stl_iterator.h ****     _GLIBCXX_NODISCARD
 454:C:/Program Files (x86)/Arm GNU Toolchain arm-none-eabi/14.3 rel1/arm-none-eabi/include/c++/14.3.1/bits\stl_iterator.h ****     inline _GLIBCXX17_CONSTEXPR bool
 455:C:/Program Files (x86)/Arm GNU Toolchain arm-none-eabi/14.3 rel1/arm-none-eabi/include/c++/14.3.1/bits\stl_iterator.h ****     operator!=(const reverse_iterator<_Iterator>& __x,
 456:C:/Program Files (x86)/Arm GNU Toolchain arm-none-eabi/14.3 rel1/arm-none-eabi/include/c++/14.3.1/bits\stl_iterator.h **** 	       const reverse_iterator<_Iterator>& __y)
 457:C:/Program Files (x86)/Arm GNU Toolchain arm-none-eabi/14.3 rel1/arm-none-eabi/include/c++/14.3.1/bits\stl_iterator.h ****     { return !(__x == __y); }
 458:C:/Program Files (x86)/Arm GNU Toolchain arm-none-eabi/14.3 rel1/arm-none-eabi/include/c++/14.3.1/bits\stl_iterator.h **** 
 459:C:/Program Files (x86)/Arm GNU Toolchain arm-none-eabi/14.3 rel1/arm-none-eabi/include/c++/14.3.1/bits\stl_iterator.h ****   template<typename _Iterator>
 460:C:/Program Files (x86)/Arm GNU Toolchain arm-none-eabi/14.3 rel1/arm-none-eabi/include/c++/14.3.1/bits\stl_iterator.h ****     _GLIBCXX_NODISCARD
 461:C:/Program Files (x86)/Arm GNU Toolchain arm-none-eabi/14.3 rel1/arm-none-eabi/include/c++/14.3.1/bits\stl_iterator.h ****     inline _GLIBCXX17_CONSTEXPR bool
 462:C:/Program Files (x86)/Arm GNU Toolchain arm-none-eabi/14.3 rel1/arm-none-eabi/include/c++/14.3.1/bits\stl_iterator.h ****     operator>(const reverse_iterator<_Iterator>& __x,
 463:C:/Program Files (x86)/Arm GNU Toolchain arm-none-eabi/14.3 rel1/arm-none-eabi/include/c++/14.3.1/bits\stl_iterator.h **** 	      const reverse_iterator<_Iterator>& __y)
 464:C:/Program Files (x86)/Arm GNU Toolchain arm-none-eabi/14.3 rel1/arm-none-eabi/include/c++/14.3.1/bits\stl_iterator.h ****     { return __y < __x; }
 465:C:/Program Files (x86)/Arm GNU Toolchain arm-none-eabi/14.3 rel1/arm-none-eabi/include/c++/14.3.1/bits\stl_iterator.h **** 
 466:C:/Program Files (x86)/Arm GNU Toolchain arm-none-eabi/14.3 rel1/arm-none-eabi/include/c++/14.3.1/bits\stl_iterator.h ****   template<typename _Iterator>
 467:C:/Program Files (x86)/Arm GNU Toolchain arm-none-eabi/14.3 rel1/arm-none-eabi/include/c++/14.3.1/bits\stl_iterator.h ****     _GLIBCXX_NODISCARD
 468:C:/Program Files (x86)/Arm GNU Toolchain arm-none-eabi/14.3 rel1/arm-none-eabi/include/c++/14.3.1/bits\stl_iterator.h ****     inline _GLIBCXX17_CONSTEXPR bool
 469:C:/Program Files (x86)/Arm GNU Toolchain arm-none-eabi/14.3 rel1/arm-none-eabi/include/c++/14.3.1/bits\stl_iterator.h ****     operator<=(const reverse_iterator<_Iterator>& __x,
 470:C:/Program Files (x86)/Arm GNU Toolchain arm-none-eabi/14.3 rel1/arm-none-eabi/include/c++/14.3.1/bits\stl_iterator.h **** 	       const reverse_iterator<_Iterator>& __y)
 471:C:/Program Files (x86)/Arm GNU Toolchain arm-none-eabi/14.3 rel1/arm-none-eabi/include/c++/14.3.1/bits\stl_iterator.h ****     { return !(__y < __x); }
 472:C:/Program Files (x86)/Arm GNU Toolchain arm-none-eabi/14.3 rel1/arm-none-eabi/include/c++/14.3.1/bits\stl_iterator.h **** 
 473:C:/Program Files (x86)/Arm GNU Toolchain arm-none-eabi/14.3 rel1/arm-none-eabi/include/c++/14.3.1/bits\stl_iterator.h ****   template<typename _Iterator>
 474:C:/Program Files (x86)/Arm GNU Toolchain arm-none-eabi/14.3 rel1/arm-none-eabi/include/c++/14.3.1/bits\stl_iterator.h ****     _GLIBCXX_NODISCARD
 475:C:/Program Files (x86)/Arm GNU Toolchain arm-none-eabi/14.3 rel1/arm-none-eabi/include/c++/14.3.1/bits\stl_iterator.h ****     inline _GLIBCXX17_CONSTEXPR bool
 476:C:/Program Files (x86)/Arm GNU Toolchain arm-none-eabi/14.3 rel1/arm-none-eabi/include/c++/14.3.1/bits\stl_iterator.h ****     operator>=(const reverse_iterator<_Iterator>& __x,
 477:C:/Program Files (x86)/Arm GNU Toolchain arm-none-eabi/14.3 rel1/arm-none-eabi/include/c++/14.3.1/bits\stl_iterator.h **** 	       const reverse_iterator<_Iterator>& __y)
 478:C:/Program Files (x86)/Arm GNU Toolchain arm-none-eabi/14.3 rel1/arm-none-eabi/include/c++/14.3.1/bits\stl_iterator.h ****     { return !(__x < __y); }
 479:C:/Program Files (x86)/Arm GNU Toolchain arm-none-eabi/14.3 rel1/arm-none-eabi/include/c++/14.3.1/bits\stl_iterator.h **** 
 480:C:/Program Files (x86)/Arm GNU Toolchain arm-none-eabi/14.3 rel1/arm-none-eabi/include/c++/14.3.1/bits\stl_iterator.h ****   // _GLIBCXX_RESOLVE_LIB_DEFECTS
 481:C:/Program Files (x86)/Arm GNU Toolchain arm-none-eabi/14.3 rel1/arm-none-eabi/include/c++/14.3.1/bits\stl_iterator.h ****   // DR 280. Comparison of reverse_iterator to const reverse_iterator.
 482:C:/Program Files (x86)/Arm GNU Toolchain arm-none-eabi/14.3 rel1/arm-none-eabi/include/c++/14.3.1/bits\stl_iterator.h **** 
 483:C:/Program Files (x86)/Arm GNU Toolchain arm-none-eabi/14.3 rel1/arm-none-eabi/include/c++/14.3.1/bits\stl_iterator.h ****   template<typename _IteratorL, typename _IteratorR>
 484:C:/Program Files (x86)/Arm GNU Toolchain arm-none-eabi/14.3 rel1/arm-none-eabi/include/c++/14.3.1/bits\stl_iterator.h ****     _GLIBCXX_NODISCARD
 485:C:/Program Files (x86)/Arm GNU Toolchain arm-none-eabi/14.3 rel1/arm-none-eabi/include/c++/14.3.1/bits\stl_iterator.h ****     inline _GLIBCXX17_CONSTEXPR bool
 486:C:/Program Files (x86)/Arm GNU Toolchain arm-none-eabi/14.3 rel1/arm-none-eabi/include/c++/14.3.1/bits\stl_iterator.h ****     operator==(const reverse_iterator<_IteratorL>& __x,
 487:C:/Program Files (x86)/Arm GNU Toolchain arm-none-eabi/14.3 rel1/arm-none-eabi/include/c++/14.3.1/bits\stl_iterator.h **** 	       const reverse_iterator<_IteratorR>& __y)
 488:C:/Program Files (x86)/Arm GNU Toolchain arm-none-eabi/14.3 rel1/arm-none-eabi/include/c++/14.3.1/bits\stl_iterator.h ****     { return __x.base() == __y.base(); }
 489:C:/Program Files (x86)/Arm GNU Toolchain arm-none-eabi/14.3 rel1/arm-none-eabi/include/c++/14.3.1/bits\stl_iterator.h **** 
 490:C:/Program Files (x86)/Arm GNU Toolchain arm-none-eabi/14.3 rel1/arm-none-eabi/include/c++/14.3.1/bits\stl_iterator.h ****   template<typename _IteratorL, typename _IteratorR>
 491:C:/Program Files (x86)/Arm GNU Toolchain arm-none-eabi/14.3 rel1/arm-none-eabi/include/c++/14.3.1/bits\stl_iterator.h ****     _GLIBCXX_NODISCARD
ARM GAS  C:\Users\Oliver\AppData\Local\Temp\cclFZbsF.s 			page 54


 492:C:/Program Files (x86)/Arm GNU Toolchain arm-none-eabi/14.3 rel1/arm-none-eabi/include/c++/14.3.1/bits\stl_iterator.h ****     inline _GLIBCXX17_CONSTEXPR bool
 493:C:/Program Files (x86)/Arm GNU Toolchain arm-none-eabi/14.3 rel1/arm-none-eabi/include/c++/14.3.1/bits\stl_iterator.h ****     operator<(const reverse_iterator<_IteratorL>& __x,
 494:C:/Program Files (x86)/Arm GNU Toolchain arm-none-eabi/14.3 rel1/arm-none-eabi/include/c++/14.3.1/bits\stl_iterator.h **** 	      const reverse_iterator<_IteratorR>& __y)
 495:C:/Program Files (x86)/Arm GNU Toolchain arm-none-eabi/14.3 rel1/arm-none-eabi/include/c++/14.3.1/bits\stl_iterator.h ****     { return __x.base() > __y.base(); }
 496:C:/Program Files (x86)/Arm GNU Toolchain arm-none-eabi/14.3 rel1/arm-none-eabi/include/c++/14.3.1/bits\stl_iterator.h **** 
 497:C:/Program Files (x86)/Arm GNU Toolchain arm-none-eabi/14.3 rel1/arm-none-eabi/include/c++/14.3.1/bits\stl_iterator.h ****   template<typename _IteratorL, typename _IteratorR>
 498:C:/Program Files (x86)/Arm GNU Toolchain arm-none-eabi/14.3 rel1/arm-none-eabi/include/c++/14.3.1/bits\stl_iterator.h ****     _GLIBCXX_NODISCARD
 499:C:/Program Files (x86)/Arm GNU Toolchain arm-none-eabi/14.3 rel1/arm-none-eabi/include/c++/14.3.1/bits\stl_iterator.h ****     inline _GLIBCXX17_CONSTEXPR bool
 500:C:/Program Files (x86)/Arm GNU Toolchain arm-none-eabi/14.3 rel1/arm-none-eabi/include/c++/14.3.1/bits\stl_iterator.h ****     operator!=(const reverse_iterator<_IteratorL>& __x,
 501:C:/Program Files (x86)/Arm GNU Toolchain arm-none-eabi/14.3 rel1/arm-none-eabi/include/c++/14.3.1/bits\stl_iterator.h **** 	       const reverse_iterator<_IteratorR>& __y)
 502:C:/Program Files (x86)/Arm GNU Toolchain arm-none-eabi/14.3 rel1/arm-none-eabi/include/c++/14.3.1/bits\stl_iterator.h ****     { return __x.base() != __y.base(); }
 503:C:/Program Files (x86)/Arm GNU Toolchain arm-none-eabi/14.3 rel1/arm-none-eabi/include/c++/14.3.1/bits\stl_iterator.h **** 
 504:C:/Program Files (x86)/Arm GNU Toolchain arm-none-eabi/14.3 rel1/arm-none-eabi/include/c++/14.3.1/bits\stl_iterator.h ****   template<typename _IteratorL, typename _IteratorR>
 505:C:/Program Files (x86)/Arm GNU Toolchain arm-none-eabi/14.3 rel1/arm-none-eabi/include/c++/14.3.1/bits\stl_iterator.h ****     _GLIBCXX_NODISCARD
 506:C:/Program Files (x86)/Arm GNU Toolchain arm-none-eabi/14.3 rel1/arm-none-eabi/include/c++/14.3.1/bits\stl_iterator.h ****     inline _GLIBCXX17_CONSTEXPR bool
 507:C:/Program Files (x86)/Arm GNU Toolchain arm-none-eabi/14.3 rel1/arm-none-eabi/include/c++/14.3.1/bits\stl_iterator.h ****     operator>(const reverse_iterator<_IteratorL>& __x,
 508:C:/Program Files (x86)/Arm GNU Toolchain arm-none-eabi/14.3 rel1/arm-none-eabi/include/c++/14.3.1/bits\stl_iterator.h **** 	      const reverse_iterator<_IteratorR>& __y)
 509:C:/Program Files (x86)/Arm GNU Toolchain arm-none-eabi/14.3 rel1/arm-none-eabi/include/c++/14.3.1/bits\stl_iterator.h ****     { return __x.base() < __y.base(); }
 510:C:/Program Files (x86)/Arm GNU Toolchain arm-none-eabi/14.3 rel1/arm-none-eabi/include/c++/14.3.1/bits\stl_iterator.h **** 
 511:C:/Program Files (x86)/Arm GNU Toolchain arm-none-eabi/14.3 rel1/arm-none-eabi/include/c++/14.3.1/bits\stl_iterator.h ****   template<typename _IteratorL, typename _IteratorR>
 512:C:/Program Files (x86)/Arm GNU Toolchain arm-none-eabi/14.3 rel1/arm-none-eabi/include/c++/14.3.1/bits\stl_iterator.h ****     inline _GLIBCXX17_CONSTEXPR bool
 513:C:/Program Files (x86)/Arm GNU Toolchain arm-none-eabi/14.3 rel1/arm-none-eabi/include/c++/14.3.1/bits\stl_iterator.h ****     operator<=(const reverse_iterator<_IteratorL>& __x,
 514:C:/Program Files (x86)/Arm GNU Toolchain arm-none-eabi/14.3 rel1/arm-none-eabi/include/c++/14.3.1/bits\stl_iterator.h **** 	       const reverse_iterator<_IteratorR>& __y)
 515:C:/Program Files (x86)/Arm GNU Toolchain arm-none-eabi/14.3 rel1/arm-none-eabi/include/c++/14.3.1/bits\stl_iterator.h ****     { return __x.base() >= __y.base(); }
 516:C:/Program Files (x86)/Arm GNU Toolchain arm-none-eabi/14.3 rel1/arm-none-eabi/include/c++/14.3.1/bits\stl_iterator.h **** 
 517:C:/Program Files (x86)/Arm GNU Toolchain arm-none-eabi/14.3 rel1/arm-none-eabi/include/c++/14.3.1/bits\stl_iterator.h ****   template<typename _IteratorL, typename _IteratorR>
 518:C:/Program Files (x86)/Arm GNU Toolchain arm-none-eabi/14.3 rel1/arm-none-eabi/include/c++/14.3.1/bits\stl_iterator.h ****     _GLIBCXX_NODISCARD
 519:C:/Program Files (x86)/Arm GNU Toolchain arm-none-eabi/14.3 rel1/arm-none-eabi/include/c++/14.3.1/bits\stl_iterator.h ****     inline _GLIBCXX17_CONSTEXPR bool
 520:C:/Program Files (x86)/Arm GNU Toolchain arm-none-eabi/14.3 rel1/arm-none-eabi/include/c++/14.3.1/bits\stl_iterator.h ****     operator>=(const reverse_iterator<_IteratorL>& __x,
 521:C:/Program Files (x86)/Arm GNU Toolchain arm-none-eabi/14.3 rel1/arm-none-eabi/include/c++/14.3.1/bits\stl_iterator.h **** 	       const reverse_iterator<_IteratorR>& __y)
 522:C:/Program Files (x86)/Arm GNU Toolchain arm-none-eabi/14.3 rel1/arm-none-eabi/include/c++/14.3.1/bits\stl_iterator.h ****     { return __x.base() <= __y.base(); }
 523:C:/Program Files (x86)/Arm GNU Toolchain arm-none-eabi/14.3 rel1/arm-none-eabi/include/c++/14.3.1/bits\stl_iterator.h **** #else // C++20
 524:C:/Program Files (x86)/Arm GNU Toolchain arm-none-eabi/14.3 rel1/arm-none-eabi/include/c++/14.3.1/bits\stl_iterator.h ****   template<typename _IteratorL, typename _IteratorR>
 525:C:/Program Files (x86)/Arm GNU Toolchain arm-none-eabi/14.3 rel1/arm-none-eabi/include/c++/14.3.1/bits\stl_iterator.h ****     [[nodiscard]]
 526:C:/Program Files (x86)/Arm GNU Toolchain arm-none-eabi/14.3 rel1/arm-none-eabi/include/c++/14.3.1/bits\stl_iterator.h ****     constexpr bool
 527:C:/Program Files (x86)/Arm GNU Toolchain arm-none-eabi/14.3 rel1/arm-none-eabi/include/c++/14.3.1/bits\stl_iterator.h ****     operator==(const reverse_iterator<_IteratorL>& __x,
 528:C:/Program Files (x86)/Arm GNU Toolchain arm-none-eabi/14.3 rel1/arm-none-eabi/include/c++/14.3.1/bits\stl_iterator.h **** 	       const reverse_iterator<_IteratorR>& __y)
 529:C:/Program Files (x86)/Arm GNU Toolchain arm-none-eabi/14.3 rel1/arm-none-eabi/include/c++/14.3.1/bits\stl_iterator.h ****     requires requires { { __x.base() == __y.base() } -> convertible_to<bool>; }
 530:C:/Program Files (x86)/Arm GNU Toolchain arm-none-eabi/14.3 rel1/arm-none-eabi/include/c++/14.3.1/bits\stl_iterator.h ****     { return __x.base() == __y.base(); }
 531:C:/Program Files (x86)/Arm GNU Toolchain arm-none-eabi/14.3 rel1/arm-none-eabi/include/c++/14.3.1/bits\stl_iterator.h **** 
 532:C:/Program Files (x86)/Arm GNU Toolchain arm-none-eabi/14.3 rel1/arm-none-eabi/include/c++/14.3.1/bits\stl_iterator.h ****   template<typename _IteratorL, typename _IteratorR>
 533:C:/Program Files (x86)/Arm GNU Toolchain arm-none-eabi/14.3 rel1/arm-none-eabi/include/c++/14.3.1/bits\stl_iterator.h ****     [[nodiscard]]
 534:C:/Program Files (x86)/Arm GNU Toolchain arm-none-eabi/14.3 rel1/arm-none-eabi/include/c++/14.3.1/bits\stl_iterator.h ****     constexpr bool
 535:C:/Program Files (x86)/Arm GNU Toolchain arm-none-eabi/14.3 rel1/arm-none-eabi/include/c++/14.3.1/bits\stl_iterator.h ****     operator!=(const reverse_iterator<_IteratorL>& __x,
 536:C:/Program Files (x86)/Arm GNU Toolchain arm-none-eabi/14.3 rel1/arm-none-eabi/include/c++/14.3.1/bits\stl_iterator.h **** 	       const reverse_iterator<_IteratorR>& __y)
 537:C:/Program Files (x86)/Arm GNU Toolchain arm-none-eabi/14.3 rel1/arm-none-eabi/include/c++/14.3.1/bits\stl_iterator.h ****     requires requires { { __x.base() != __y.base() } -> convertible_to<bool>; }
 538:C:/Program Files (x86)/Arm GNU Toolchain arm-none-eabi/14.3 rel1/arm-none-eabi/include/c++/14.3.1/bits\stl_iterator.h ****     { return __x.base() != __y.base(); }
 539:C:/Program Files (x86)/Arm GNU Toolchain arm-none-eabi/14.3 rel1/arm-none-eabi/include/c++/14.3.1/bits\stl_iterator.h **** 
 540:C:/Program Files (x86)/Arm GNU Toolchain arm-none-eabi/14.3 rel1/arm-none-eabi/include/c++/14.3.1/bits\stl_iterator.h ****   template<typename _IteratorL, typename _IteratorR>
 541:C:/Program Files (x86)/Arm GNU Toolchain arm-none-eabi/14.3 rel1/arm-none-eabi/include/c++/14.3.1/bits\stl_iterator.h ****     [[nodiscard]]
 542:C:/Program Files (x86)/Arm GNU Toolchain arm-none-eabi/14.3 rel1/arm-none-eabi/include/c++/14.3.1/bits\stl_iterator.h ****     constexpr bool
 543:C:/Program Files (x86)/Arm GNU Toolchain arm-none-eabi/14.3 rel1/arm-none-eabi/include/c++/14.3.1/bits\stl_iterator.h ****     operator<(const reverse_iterator<_IteratorL>& __x,
 544:C:/Program Files (x86)/Arm GNU Toolchain arm-none-eabi/14.3 rel1/arm-none-eabi/include/c++/14.3.1/bits\stl_iterator.h **** 	      const reverse_iterator<_IteratorR>& __y)
 545:C:/Program Files (x86)/Arm GNU Toolchain arm-none-eabi/14.3 rel1/arm-none-eabi/include/c++/14.3.1/bits\stl_iterator.h ****     requires requires { { __x.base() > __y.base() } -> convertible_to<bool>; }
 546:C:/Program Files (x86)/Arm GNU Toolchain arm-none-eabi/14.3 rel1/arm-none-eabi/include/c++/14.3.1/bits\stl_iterator.h ****     { return __x.base() > __y.base(); }
 547:C:/Program Files (x86)/Arm GNU Toolchain arm-none-eabi/14.3 rel1/arm-none-eabi/include/c++/14.3.1/bits\stl_iterator.h **** 
 548:C:/Program Files (x86)/Arm GNU Toolchain arm-none-eabi/14.3 rel1/arm-none-eabi/include/c++/14.3.1/bits\stl_iterator.h ****   template<typename _IteratorL, typename _IteratorR>
ARM GAS  C:\Users\Oliver\AppData\Local\Temp\cclFZbsF.s 			page 55


 549:C:/Program Files (x86)/Arm GNU Toolchain arm-none-eabi/14.3 rel1/arm-none-eabi/include/c++/14.3.1/bits\stl_iterator.h ****     [[nodiscard]]
 550:C:/Program Files (x86)/Arm GNU Toolchain arm-none-eabi/14.3 rel1/arm-none-eabi/include/c++/14.3.1/bits\stl_iterator.h ****     constexpr bool
 551:C:/Program Files (x86)/Arm GNU Toolchain arm-none-eabi/14.3 rel1/arm-none-eabi/include/c++/14.3.1/bits\stl_iterator.h ****     operator>(const reverse_iterator<_IteratorL>& __x,
 552:C:/Program Files (x86)/Arm GNU Toolchain arm-none-eabi/14.3 rel1/arm-none-eabi/include/c++/14.3.1/bits\stl_iterator.h **** 	      const reverse_iterator<_IteratorR>& __y)
 553:C:/Program Files (x86)/Arm GNU Toolchain arm-none-eabi/14.3 rel1/arm-none-eabi/include/c++/14.3.1/bits\stl_iterator.h ****     requires requires { { __x.base() < __y.base() } -> convertible_to<bool>; }
 554:C:/Program Files (x86)/Arm GNU Toolchain arm-none-eabi/14.3 rel1/arm-none-eabi/include/c++/14.3.1/bits\stl_iterator.h ****     { return __x.base() < __y.base(); }
 555:C:/Program Files (x86)/Arm GNU Toolchain arm-none-eabi/14.3 rel1/arm-none-eabi/include/c++/14.3.1/bits\stl_iterator.h **** 
 556:C:/Program Files (x86)/Arm GNU Toolchain arm-none-eabi/14.3 rel1/arm-none-eabi/include/c++/14.3.1/bits\stl_iterator.h ****   template<typename _IteratorL, typename _IteratorR>
 557:C:/Program Files (x86)/Arm GNU Toolchain arm-none-eabi/14.3 rel1/arm-none-eabi/include/c++/14.3.1/bits\stl_iterator.h ****     [[nodiscard]]
 558:C:/Program Files (x86)/Arm GNU Toolchain arm-none-eabi/14.3 rel1/arm-none-eabi/include/c++/14.3.1/bits\stl_iterator.h ****     constexpr bool
 559:C:/Program Files (x86)/Arm GNU Toolchain arm-none-eabi/14.3 rel1/arm-none-eabi/include/c++/14.3.1/bits\stl_iterator.h ****     operator<=(const reverse_iterator<_IteratorL>& __x,
 560:C:/Program Files (x86)/Arm GNU Toolchain arm-none-eabi/14.3 rel1/arm-none-eabi/include/c++/14.3.1/bits\stl_iterator.h **** 	       const reverse_iterator<_IteratorR>& __y)
 561:C:/Program Files (x86)/Arm GNU Toolchain arm-none-eabi/14.3 rel1/arm-none-eabi/include/c++/14.3.1/bits\stl_iterator.h ****     requires requires { { __x.base() >= __y.base() } -> convertible_to<bool>; }
 562:C:/Program Files (x86)/Arm GNU Toolchain arm-none-eabi/14.3 rel1/arm-none-eabi/include/c++/14.3.1/bits\stl_iterator.h ****     { return __x.base() >= __y.base(); }
 563:C:/Program Files (x86)/Arm GNU Toolchain arm-none-eabi/14.3 rel1/arm-none-eabi/include/c++/14.3.1/bits\stl_iterator.h **** 
 564:C:/Program Files (x86)/Arm GNU Toolchain arm-none-eabi/14.3 rel1/arm-none-eabi/include/c++/14.3.1/bits\stl_iterator.h ****   template<typename _IteratorL, typename _IteratorR>
 565:C:/Program Files (x86)/Arm GNU Toolchain arm-none-eabi/14.3 rel1/arm-none-eabi/include/c++/14.3.1/bits\stl_iterator.h ****     [[nodiscard]]
 566:C:/Program Files (x86)/Arm GNU Toolchain arm-none-eabi/14.3 rel1/arm-none-eabi/include/c++/14.3.1/bits\stl_iterator.h ****     constexpr bool
 567:C:/Program Files (x86)/Arm GNU Toolchain arm-none-eabi/14.3 rel1/arm-none-eabi/include/c++/14.3.1/bits\stl_iterator.h ****     operator>=(const reverse_iterator<_IteratorL>& __x,
 568:C:/Program Files (x86)/Arm GNU Toolchain arm-none-eabi/14.3 rel1/arm-none-eabi/include/c++/14.3.1/bits\stl_iterator.h **** 	       const reverse_iterator<_IteratorR>& __y)
 569:C:/Program Files (x86)/Arm GNU Toolchain arm-none-eabi/14.3 rel1/arm-none-eabi/include/c++/14.3.1/bits\stl_iterator.h ****     requires requires { { __x.base() <= __y.base() } -> convertible_to<bool>; }
 570:C:/Program Files (x86)/Arm GNU Toolchain arm-none-eabi/14.3 rel1/arm-none-eabi/include/c++/14.3.1/bits\stl_iterator.h ****     { return __x.base() <= __y.base(); }
 571:C:/Program Files (x86)/Arm GNU Toolchain arm-none-eabi/14.3 rel1/arm-none-eabi/include/c++/14.3.1/bits\stl_iterator.h **** 
 572:C:/Program Files (x86)/Arm GNU Toolchain arm-none-eabi/14.3 rel1/arm-none-eabi/include/c++/14.3.1/bits\stl_iterator.h ****   template<typename _IteratorL,
 573:C:/Program Files (x86)/Arm GNU Toolchain arm-none-eabi/14.3 rel1/arm-none-eabi/include/c++/14.3.1/bits\stl_iterator.h **** 	   three_way_comparable_with<_IteratorL> _IteratorR>
 574:C:/Program Files (x86)/Arm GNU Toolchain arm-none-eabi/14.3 rel1/arm-none-eabi/include/c++/14.3.1/bits\stl_iterator.h ****     [[nodiscard]]
 575:C:/Program Files (x86)/Arm GNU Toolchain arm-none-eabi/14.3 rel1/arm-none-eabi/include/c++/14.3.1/bits\stl_iterator.h ****     constexpr compare_three_way_result_t<_IteratorL, _IteratorR>
 576:C:/Program Files (x86)/Arm GNU Toolchain arm-none-eabi/14.3 rel1/arm-none-eabi/include/c++/14.3.1/bits\stl_iterator.h ****     operator<=>(const reverse_iterator<_IteratorL>& __x,
 577:C:/Program Files (x86)/Arm GNU Toolchain arm-none-eabi/14.3 rel1/arm-none-eabi/include/c++/14.3.1/bits\stl_iterator.h **** 		const reverse_iterator<_IteratorR>& __y)
 578:C:/Program Files (x86)/Arm GNU Toolchain arm-none-eabi/14.3 rel1/arm-none-eabi/include/c++/14.3.1/bits\stl_iterator.h ****     { return __y.base() <=> __x.base(); }
 579:C:/Program Files (x86)/Arm GNU Toolchain arm-none-eabi/14.3 rel1/arm-none-eabi/include/c++/14.3.1/bits\stl_iterator.h **** 
 580:C:/Program Files (x86)/Arm GNU Toolchain arm-none-eabi/14.3 rel1/arm-none-eabi/include/c++/14.3.1/bits\stl_iterator.h ****   // Additional, non-standard overloads to avoid ambiguities with greedy,
 581:C:/Program Files (x86)/Arm GNU Toolchain arm-none-eabi/14.3 rel1/arm-none-eabi/include/c++/14.3.1/bits\stl_iterator.h ****   // unconstrained overloads in associated namespaces.
 582:C:/Program Files (x86)/Arm GNU Toolchain arm-none-eabi/14.3 rel1/arm-none-eabi/include/c++/14.3.1/bits\stl_iterator.h **** 
 583:C:/Program Files (x86)/Arm GNU Toolchain arm-none-eabi/14.3 rel1/arm-none-eabi/include/c++/14.3.1/bits\stl_iterator.h ****   template<typename _Iterator>
 584:C:/Program Files (x86)/Arm GNU Toolchain arm-none-eabi/14.3 rel1/arm-none-eabi/include/c++/14.3.1/bits\stl_iterator.h ****     [[nodiscard]]
 585:C:/Program Files (x86)/Arm GNU Toolchain arm-none-eabi/14.3 rel1/arm-none-eabi/include/c++/14.3.1/bits\stl_iterator.h ****     constexpr bool
 586:C:/Program Files (x86)/Arm GNU Toolchain arm-none-eabi/14.3 rel1/arm-none-eabi/include/c++/14.3.1/bits\stl_iterator.h ****     operator==(const reverse_iterator<_Iterator>& __x,
 587:C:/Program Files (x86)/Arm GNU Toolchain arm-none-eabi/14.3 rel1/arm-none-eabi/include/c++/14.3.1/bits\stl_iterator.h **** 	       const reverse_iterator<_Iterator>& __y)
 588:C:/Program Files (x86)/Arm GNU Toolchain arm-none-eabi/14.3 rel1/arm-none-eabi/include/c++/14.3.1/bits\stl_iterator.h ****     requires requires { { __x.base() == __y.base() } -> convertible_to<bool>; }
 589:C:/Program Files (x86)/Arm GNU Toolchain arm-none-eabi/14.3 rel1/arm-none-eabi/include/c++/14.3.1/bits\stl_iterator.h ****     { return __x.base() == __y.base(); }
 590:C:/Program Files (x86)/Arm GNU Toolchain arm-none-eabi/14.3 rel1/arm-none-eabi/include/c++/14.3.1/bits\stl_iterator.h **** 
 591:C:/Program Files (x86)/Arm GNU Toolchain arm-none-eabi/14.3 rel1/arm-none-eabi/include/c++/14.3.1/bits\stl_iterator.h ****   template<three_way_comparable _Iterator>
 592:C:/Program Files (x86)/Arm GNU Toolchain arm-none-eabi/14.3 rel1/arm-none-eabi/include/c++/14.3.1/bits\stl_iterator.h ****     [[nodiscard]]
 593:C:/Program Files (x86)/Arm GNU Toolchain arm-none-eabi/14.3 rel1/arm-none-eabi/include/c++/14.3.1/bits\stl_iterator.h ****     constexpr compare_three_way_result_t<_Iterator, _Iterator>
 594:C:/Program Files (x86)/Arm GNU Toolchain arm-none-eabi/14.3 rel1/arm-none-eabi/include/c++/14.3.1/bits\stl_iterator.h ****     operator<=>(const reverse_iterator<_Iterator>& __x,
 595:C:/Program Files (x86)/Arm GNU Toolchain arm-none-eabi/14.3 rel1/arm-none-eabi/include/c++/14.3.1/bits\stl_iterator.h **** 		const reverse_iterator<_Iterator>& __y)
 596:C:/Program Files (x86)/Arm GNU Toolchain arm-none-eabi/14.3 rel1/arm-none-eabi/include/c++/14.3.1/bits\stl_iterator.h ****     { return __y.base() <=> __x.base(); }
 597:C:/Program Files (x86)/Arm GNU Toolchain arm-none-eabi/14.3 rel1/arm-none-eabi/include/c++/14.3.1/bits\stl_iterator.h **** #endif // C++20
 598:C:/Program Files (x86)/Arm GNU Toolchain arm-none-eabi/14.3 rel1/arm-none-eabi/include/c++/14.3.1/bits\stl_iterator.h ****   ///@}
 599:C:/Program Files (x86)/Arm GNU Toolchain arm-none-eabi/14.3 rel1/arm-none-eabi/include/c++/14.3.1/bits\stl_iterator.h **** 
 600:C:/Program Files (x86)/Arm GNU Toolchain arm-none-eabi/14.3 rel1/arm-none-eabi/include/c++/14.3.1/bits\stl_iterator.h **** #if __cplusplus < 201103L
 601:C:/Program Files (x86)/Arm GNU Toolchain arm-none-eabi/14.3 rel1/arm-none-eabi/include/c++/14.3.1/bits\stl_iterator.h ****   template<typename _Iterator>
 602:C:/Program Files (x86)/Arm GNU Toolchain arm-none-eabi/14.3 rel1/arm-none-eabi/include/c++/14.3.1/bits\stl_iterator.h ****     inline typename reverse_iterator<_Iterator>::difference_type
 603:C:/Program Files (x86)/Arm GNU Toolchain arm-none-eabi/14.3 rel1/arm-none-eabi/include/c++/14.3.1/bits\stl_iterator.h ****     operator-(const reverse_iterator<_Iterator>& __x,
 604:C:/Program Files (x86)/Arm GNU Toolchain arm-none-eabi/14.3 rel1/arm-none-eabi/include/c++/14.3.1/bits\stl_iterator.h **** 	      const reverse_iterator<_Iterator>& __y)
 605:C:/Program Files (x86)/Arm GNU Toolchain arm-none-eabi/14.3 rel1/arm-none-eabi/include/c++/14.3.1/bits\stl_iterator.h ****     { return __y.base() - __x.base(); }
ARM GAS  C:\Users\Oliver\AppData\Local\Temp\cclFZbsF.s 			page 56


 606:C:/Program Files (x86)/Arm GNU Toolchain arm-none-eabi/14.3 rel1/arm-none-eabi/include/c++/14.3.1/bits\stl_iterator.h **** 
 607:C:/Program Files (x86)/Arm GNU Toolchain arm-none-eabi/14.3 rel1/arm-none-eabi/include/c++/14.3.1/bits\stl_iterator.h ****   template<typename _IteratorL, typename _IteratorR>
 608:C:/Program Files (x86)/Arm GNU Toolchain arm-none-eabi/14.3 rel1/arm-none-eabi/include/c++/14.3.1/bits\stl_iterator.h ****     inline typename reverse_iterator<_IteratorL>::difference_type
 609:C:/Program Files (x86)/Arm GNU Toolchain arm-none-eabi/14.3 rel1/arm-none-eabi/include/c++/14.3.1/bits\stl_iterator.h ****     operator-(const reverse_iterator<_IteratorL>& __x,
 610:C:/Program Files (x86)/Arm GNU Toolchain arm-none-eabi/14.3 rel1/arm-none-eabi/include/c++/14.3.1/bits\stl_iterator.h **** 	      const reverse_iterator<_IteratorR>& __y)
 611:C:/Program Files (x86)/Arm GNU Toolchain arm-none-eabi/14.3 rel1/arm-none-eabi/include/c++/14.3.1/bits\stl_iterator.h ****     { return __y.base() - __x.base(); }
 612:C:/Program Files (x86)/Arm GNU Toolchain arm-none-eabi/14.3 rel1/arm-none-eabi/include/c++/14.3.1/bits\stl_iterator.h **** #else
 613:C:/Program Files (x86)/Arm GNU Toolchain arm-none-eabi/14.3 rel1/arm-none-eabi/include/c++/14.3.1/bits\stl_iterator.h ****   // _GLIBCXX_RESOLVE_LIB_DEFECTS
 614:C:/Program Files (x86)/Arm GNU Toolchain arm-none-eabi/14.3 rel1/arm-none-eabi/include/c++/14.3.1/bits\stl_iterator.h ****   // DR 685. reverse_iterator/move_iterator difference has invalid signatures
 615:C:/Program Files (x86)/Arm GNU Toolchain arm-none-eabi/14.3 rel1/arm-none-eabi/include/c++/14.3.1/bits\stl_iterator.h ****   template<typename _IteratorL, typename _IteratorR>
 616:C:/Program Files (x86)/Arm GNU Toolchain arm-none-eabi/14.3 rel1/arm-none-eabi/include/c++/14.3.1/bits\stl_iterator.h ****     [[__nodiscard__]]
 617:C:/Program Files (x86)/Arm GNU Toolchain arm-none-eabi/14.3 rel1/arm-none-eabi/include/c++/14.3.1/bits\stl_iterator.h ****     inline _GLIBCXX17_CONSTEXPR auto
 618:C:/Program Files (x86)/Arm GNU Toolchain arm-none-eabi/14.3 rel1/arm-none-eabi/include/c++/14.3.1/bits\stl_iterator.h ****     operator-(const reverse_iterator<_IteratorL>& __x,
 619:C:/Program Files (x86)/Arm GNU Toolchain arm-none-eabi/14.3 rel1/arm-none-eabi/include/c++/14.3.1/bits\stl_iterator.h **** 	      const reverse_iterator<_IteratorR>& __y)
 620:C:/Program Files (x86)/Arm GNU Toolchain arm-none-eabi/14.3 rel1/arm-none-eabi/include/c++/14.3.1/bits\stl_iterator.h ****     -> decltype(__y.base() - __x.base())
 621:C:/Program Files (x86)/Arm GNU Toolchain arm-none-eabi/14.3 rel1/arm-none-eabi/include/c++/14.3.1/bits\stl_iterator.h ****     { return __y.base() - __x.base(); }
 622:C:/Program Files (x86)/Arm GNU Toolchain arm-none-eabi/14.3 rel1/arm-none-eabi/include/c++/14.3.1/bits\stl_iterator.h **** #endif
 623:C:/Program Files (x86)/Arm GNU Toolchain arm-none-eabi/14.3 rel1/arm-none-eabi/include/c++/14.3.1/bits\stl_iterator.h **** 
 624:C:/Program Files (x86)/Arm GNU Toolchain arm-none-eabi/14.3 rel1/arm-none-eabi/include/c++/14.3.1/bits\stl_iterator.h ****   template<typename _Iterator>
 625:C:/Program Files (x86)/Arm GNU Toolchain arm-none-eabi/14.3 rel1/arm-none-eabi/include/c++/14.3.1/bits\stl_iterator.h ****     _GLIBCXX_NODISCARD
 626:C:/Program Files (x86)/Arm GNU Toolchain arm-none-eabi/14.3 rel1/arm-none-eabi/include/c++/14.3.1/bits\stl_iterator.h ****     inline _GLIBCXX17_CONSTEXPR reverse_iterator<_Iterator>
 627:C:/Program Files (x86)/Arm GNU Toolchain arm-none-eabi/14.3 rel1/arm-none-eabi/include/c++/14.3.1/bits\stl_iterator.h ****     operator+(typename reverse_iterator<_Iterator>::difference_type __n,
 628:C:/Program Files (x86)/Arm GNU Toolchain arm-none-eabi/14.3 rel1/arm-none-eabi/include/c++/14.3.1/bits\stl_iterator.h **** 	      const reverse_iterator<_Iterator>& __x)
 629:C:/Program Files (x86)/Arm GNU Toolchain arm-none-eabi/14.3 rel1/arm-none-eabi/include/c++/14.3.1/bits\stl_iterator.h ****     { return reverse_iterator<_Iterator>(__x.base() - __n); }
 630:C:/Program Files (x86)/Arm GNU Toolchain arm-none-eabi/14.3 rel1/arm-none-eabi/include/c++/14.3.1/bits\stl_iterator.h **** 
 631:C:/Program Files (x86)/Arm GNU Toolchain arm-none-eabi/14.3 rel1/arm-none-eabi/include/c++/14.3.1/bits\stl_iterator.h **** #if __cplusplus >= 201103L
 632:C:/Program Files (x86)/Arm GNU Toolchain arm-none-eabi/14.3 rel1/arm-none-eabi/include/c++/14.3.1/bits\stl_iterator.h ****   // Same as C++14 make_reverse_iterator but used in C++11 mode too.
 633:C:/Program Files (x86)/Arm GNU Toolchain arm-none-eabi/14.3 rel1/arm-none-eabi/include/c++/14.3.1/bits\stl_iterator.h ****   template<typename _Iterator>
 634:C:/Program Files (x86)/Arm GNU Toolchain arm-none-eabi/14.3 rel1/arm-none-eabi/include/c++/14.3.1/bits\stl_iterator.h ****     inline _GLIBCXX17_CONSTEXPR reverse_iterator<_Iterator>
 635:C:/Program Files (x86)/Arm GNU Toolchain arm-none-eabi/14.3 rel1/arm-none-eabi/include/c++/14.3.1/bits\stl_iterator.h ****     __make_reverse_iterator(_Iterator __i)
 636:C:/Program Files (x86)/Arm GNU Toolchain arm-none-eabi/14.3 rel1/arm-none-eabi/include/c++/14.3.1/bits\stl_iterator.h ****     { return reverse_iterator<_Iterator>(__i); }
 637:C:/Program Files (x86)/Arm GNU Toolchain arm-none-eabi/14.3 rel1/arm-none-eabi/include/c++/14.3.1/bits\stl_iterator.h **** 
 638:C:/Program Files (x86)/Arm GNU Toolchain arm-none-eabi/14.3 rel1/arm-none-eabi/include/c++/14.3.1/bits\stl_iterator.h **** # ifdef __glibcxx_make_reverse_iterator // C++ >= 14
 639:C:/Program Files (x86)/Arm GNU Toolchain arm-none-eabi/14.3 rel1/arm-none-eabi/include/c++/14.3.1/bits\stl_iterator.h ****   // _GLIBCXX_RESOLVE_LIB_DEFECTS
 640:C:/Program Files (x86)/Arm GNU Toolchain arm-none-eabi/14.3 rel1/arm-none-eabi/include/c++/14.3.1/bits\stl_iterator.h ****   // DR 2285. make_reverse_iterator
 641:C:/Program Files (x86)/Arm GNU Toolchain arm-none-eabi/14.3 rel1/arm-none-eabi/include/c++/14.3.1/bits\stl_iterator.h ****   /// Generator function for reverse_iterator.
 642:C:/Program Files (x86)/Arm GNU Toolchain arm-none-eabi/14.3 rel1/arm-none-eabi/include/c++/14.3.1/bits\stl_iterator.h ****   template<typename _Iterator>
 643:C:/Program Files (x86)/Arm GNU Toolchain arm-none-eabi/14.3 rel1/arm-none-eabi/include/c++/14.3.1/bits\stl_iterator.h ****     [[__nodiscard__]]
 644:C:/Program Files (x86)/Arm GNU Toolchain arm-none-eabi/14.3 rel1/arm-none-eabi/include/c++/14.3.1/bits\stl_iterator.h ****     inline _GLIBCXX17_CONSTEXPR reverse_iterator<_Iterator>
 645:C:/Program Files (x86)/Arm GNU Toolchain arm-none-eabi/14.3 rel1/arm-none-eabi/include/c++/14.3.1/bits\stl_iterator.h ****     make_reverse_iterator(_Iterator __i)
 646:C:/Program Files (x86)/Arm GNU Toolchain arm-none-eabi/14.3 rel1/arm-none-eabi/include/c++/14.3.1/bits\stl_iterator.h ****     { return reverse_iterator<_Iterator>(__i); }
 647:C:/Program Files (x86)/Arm GNU Toolchain arm-none-eabi/14.3 rel1/arm-none-eabi/include/c++/14.3.1/bits\stl_iterator.h **** 
 648:C:/Program Files (x86)/Arm GNU Toolchain arm-none-eabi/14.3 rel1/arm-none-eabi/include/c++/14.3.1/bits\stl_iterator.h **** #  if __cplusplus > 201703L && defined __glibcxx_concepts
 649:C:/Program Files (x86)/Arm GNU Toolchain arm-none-eabi/14.3 rel1/arm-none-eabi/include/c++/14.3.1/bits\stl_iterator.h ****   template<typename _Iterator1, typename _Iterator2>
 650:C:/Program Files (x86)/Arm GNU Toolchain arm-none-eabi/14.3 rel1/arm-none-eabi/include/c++/14.3.1/bits\stl_iterator.h ****     requires (!sized_sentinel_for<_Iterator1, _Iterator2>)
 651:C:/Program Files (x86)/Arm GNU Toolchain arm-none-eabi/14.3 rel1/arm-none-eabi/include/c++/14.3.1/bits\stl_iterator.h ****     inline constexpr bool
 652:C:/Program Files (x86)/Arm GNU Toolchain arm-none-eabi/14.3 rel1/arm-none-eabi/include/c++/14.3.1/bits\stl_iterator.h ****     disable_sized_sentinel_for<reverse_iterator<_Iterator1>,
 653:C:/Program Files (x86)/Arm GNU Toolchain arm-none-eabi/14.3 rel1/arm-none-eabi/include/c++/14.3.1/bits\stl_iterator.h **** 			       reverse_iterator<_Iterator2>> = true;
 654:C:/Program Files (x86)/Arm GNU Toolchain arm-none-eabi/14.3 rel1/arm-none-eabi/include/c++/14.3.1/bits\stl_iterator.h **** #  endif // C++20
 655:C:/Program Files (x86)/Arm GNU Toolchain arm-none-eabi/14.3 rel1/arm-none-eabi/include/c++/14.3.1/bits\stl_iterator.h **** # endif // __glibcxx_make_reverse_iterator
 656:C:/Program Files (x86)/Arm GNU Toolchain arm-none-eabi/14.3 rel1/arm-none-eabi/include/c++/14.3.1/bits\stl_iterator.h **** 
 657:C:/Program Files (x86)/Arm GNU Toolchain arm-none-eabi/14.3 rel1/arm-none-eabi/include/c++/14.3.1/bits\stl_iterator.h ****   template<typename _Iterator>
 658:C:/Program Files (x86)/Arm GNU Toolchain arm-none-eabi/14.3 rel1/arm-none-eabi/include/c++/14.3.1/bits\stl_iterator.h ****     _GLIBCXX20_CONSTEXPR
 659:C:/Program Files (x86)/Arm GNU Toolchain arm-none-eabi/14.3 rel1/arm-none-eabi/include/c++/14.3.1/bits\stl_iterator.h ****     auto
 660:C:/Program Files (x86)/Arm GNU Toolchain arm-none-eabi/14.3 rel1/arm-none-eabi/include/c++/14.3.1/bits\stl_iterator.h ****     __niter_base(reverse_iterator<_Iterator> __it)
 661:C:/Program Files (x86)/Arm GNU Toolchain arm-none-eabi/14.3 rel1/arm-none-eabi/include/c++/14.3.1/bits\stl_iterator.h ****     -> decltype(__make_reverse_iterator(__niter_base(__it.base())))
 662:C:/Program Files (x86)/Arm GNU Toolchain arm-none-eabi/14.3 rel1/arm-none-eabi/include/c++/14.3.1/bits\stl_iterator.h ****     { return __make_reverse_iterator(__niter_base(__it.base())); }
ARM GAS  C:\Users\Oliver\AppData\Local\Temp\cclFZbsF.s 			page 57


 663:C:/Program Files (x86)/Arm GNU Toolchain arm-none-eabi/14.3 rel1/arm-none-eabi/include/c++/14.3.1/bits\stl_iterator.h **** 
 664:C:/Program Files (x86)/Arm GNU Toolchain arm-none-eabi/14.3 rel1/arm-none-eabi/include/c++/14.3.1/bits\stl_iterator.h ****   template<typename _Iterator>
 665:C:/Program Files (x86)/Arm GNU Toolchain arm-none-eabi/14.3 rel1/arm-none-eabi/include/c++/14.3.1/bits\stl_iterator.h ****     struct __is_move_iterator<reverse_iterator<_Iterator> >
 666:C:/Program Files (x86)/Arm GNU Toolchain arm-none-eabi/14.3 rel1/arm-none-eabi/include/c++/14.3.1/bits\stl_iterator.h ****       : __is_move_iterator<_Iterator>
 667:C:/Program Files (x86)/Arm GNU Toolchain arm-none-eabi/14.3 rel1/arm-none-eabi/include/c++/14.3.1/bits\stl_iterator.h ****     { };
 668:C:/Program Files (x86)/Arm GNU Toolchain arm-none-eabi/14.3 rel1/arm-none-eabi/include/c++/14.3.1/bits\stl_iterator.h **** 
 669:C:/Program Files (x86)/Arm GNU Toolchain arm-none-eabi/14.3 rel1/arm-none-eabi/include/c++/14.3.1/bits\stl_iterator.h ****   template<typename _Iterator>
 670:C:/Program Files (x86)/Arm GNU Toolchain arm-none-eabi/14.3 rel1/arm-none-eabi/include/c++/14.3.1/bits\stl_iterator.h ****     _GLIBCXX20_CONSTEXPR
 671:C:/Program Files (x86)/Arm GNU Toolchain arm-none-eabi/14.3 rel1/arm-none-eabi/include/c++/14.3.1/bits\stl_iterator.h ****     auto
 672:C:/Program Files (x86)/Arm GNU Toolchain arm-none-eabi/14.3 rel1/arm-none-eabi/include/c++/14.3.1/bits\stl_iterator.h ****     __miter_base(reverse_iterator<_Iterator> __it)
 673:C:/Program Files (x86)/Arm GNU Toolchain arm-none-eabi/14.3 rel1/arm-none-eabi/include/c++/14.3.1/bits\stl_iterator.h ****     -> decltype(__make_reverse_iterator(__miter_base(__it.base())))
 674:C:/Program Files (x86)/Arm GNU Toolchain arm-none-eabi/14.3 rel1/arm-none-eabi/include/c++/14.3.1/bits\stl_iterator.h ****     { return __make_reverse_iterator(__miter_base(__it.base())); }
 675:C:/Program Files (x86)/Arm GNU Toolchain arm-none-eabi/14.3 rel1/arm-none-eabi/include/c++/14.3.1/bits\stl_iterator.h **** #endif // C++11
 676:C:/Program Files (x86)/Arm GNU Toolchain arm-none-eabi/14.3 rel1/arm-none-eabi/include/c++/14.3.1/bits\stl_iterator.h **** 
 677:C:/Program Files (x86)/Arm GNU Toolchain arm-none-eabi/14.3 rel1/arm-none-eabi/include/c++/14.3.1/bits\stl_iterator.h ****   // 24.4.2.2.1 back_insert_iterator
 678:C:/Program Files (x86)/Arm GNU Toolchain arm-none-eabi/14.3 rel1/arm-none-eabi/include/c++/14.3.1/bits\stl_iterator.h ****   /**
 679:C:/Program Files (x86)/Arm GNU Toolchain arm-none-eabi/14.3 rel1/arm-none-eabi/include/c++/14.3.1/bits\stl_iterator.h ****    *  @brief  Turns assignment into insertion.
 680:C:/Program Files (x86)/Arm GNU Toolchain arm-none-eabi/14.3 rel1/arm-none-eabi/include/c++/14.3.1/bits\stl_iterator.h ****    *
 681:C:/Program Files (x86)/Arm GNU Toolchain arm-none-eabi/14.3 rel1/arm-none-eabi/include/c++/14.3.1/bits\stl_iterator.h ****    *  These are output iterators, constructed from a container-of-T.
 682:C:/Program Files (x86)/Arm GNU Toolchain arm-none-eabi/14.3 rel1/arm-none-eabi/include/c++/14.3.1/bits\stl_iterator.h ****    *  Assigning a T to the iterator appends it to the container using
 683:C:/Program Files (x86)/Arm GNU Toolchain arm-none-eabi/14.3 rel1/arm-none-eabi/include/c++/14.3.1/bits\stl_iterator.h ****    *  push_back.
 684:C:/Program Files (x86)/Arm GNU Toolchain arm-none-eabi/14.3 rel1/arm-none-eabi/include/c++/14.3.1/bits\stl_iterator.h ****    *
 685:C:/Program Files (x86)/Arm GNU Toolchain arm-none-eabi/14.3 rel1/arm-none-eabi/include/c++/14.3.1/bits\stl_iterator.h ****    *  Tip:  Using the back_inserter function to create these iterators can
 686:C:/Program Files (x86)/Arm GNU Toolchain arm-none-eabi/14.3 rel1/arm-none-eabi/include/c++/14.3.1/bits\stl_iterator.h ****    *  save typing.
 687:C:/Program Files (x86)/Arm GNU Toolchain arm-none-eabi/14.3 rel1/arm-none-eabi/include/c++/14.3.1/bits\stl_iterator.h ****   */
 688:C:/Program Files (x86)/Arm GNU Toolchain arm-none-eabi/14.3 rel1/arm-none-eabi/include/c++/14.3.1/bits\stl_iterator.h ****   template<typename _Container>
 689:C:/Program Files (x86)/Arm GNU Toolchain arm-none-eabi/14.3 rel1/arm-none-eabi/include/c++/14.3.1/bits\stl_iterator.h ****     class back_insert_iterator
 690:C:/Program Files (x86)/Arm GNU Toolchain arm-none-eabi/14.3 rel1/arm-none-eabi/include/c++/14.3.1/bits\stl_iterator.h ****     : public iterator<output_iterator_tag, void, void, void, void>
 691:C:/Program Files (x86)/Arm GNU Toolchain arm-none-eabi/14.3 rel1/arm-none-eabi/include/c++/14.3.1/bits\stl_iterator.h ****     {
 692:C:/Program Files (x86)/Arm GNU Toolchain arm-none-eabi/14.3 rel1/arm-none-eabi/include/c++/14.3.1/bits\stl_iterator.h ****     protected:
 693:C:/Program Files (x86)/Arm GNU Toolchain arm-none-eabi/14.3 rel1/arm-none-eabi/include/c++/14.3.1/bits\stl_iterator.h ****       _Container* container;
 694:C:/Program Files (x86)/Arm GNU Toolchain arm-none-eabi/14.3 rel1/arm-none-eabi/include/c++/14.3.1/bits\stl_iterator.h **** 
 695:C:/Program Files (x86)/Arm GNU Toolchain arm-none-eabi/14.3 rel1/arm-none-eabi/include/c++/14.3.1/bits\stl_iterator.h ****     public:
 696:C:/Program Files (x86)/Arm GNU Toolchain arm-none-eabi/14.3 rel1/arm-none-eabi/include/c++/14.3.1/bits\stl_iterator.h ****       /// A nested typedef for the type of whatever container you used.
 697:C:/Program Files (x86)/Arm GNU Toolchain arm-none-eabi/14.3 rel1/arm-none-eabi/include/c++/14.3.1/bits\stl_iterator.h ****       typedef _Container          container_type;
 698:C:/Program Files (x86)/Arm GNU Toolchain arm-none-eabi/14.3 rel1/arm-none-eabi/include/c++/14.3.1/bits\stl_iterator.h **** #if __cplusplus > 201703L
 699:C:/Program Files (x86)/Arm GNU Toolchain arm-none-eabi/14.3 rel1/arm-none-eabi/include/c++/14.3.1/bits\stl_iterator.h ****       using difference_type = ptrdiff_t;
 700:C:/Program Files (x86)/Arm GNU Toolchain arm-none-eabi/14.3 rel1/arm-none-eabi/include/c++/14.3.1/bits\stl_iterator.h **** #endif
 701:C:/Program Files (x86)/Arm GNU Toolchain arm-none-eabi/14.3 rel1/arm-none-eabi/include/c++/14.3.1/bits\stl_iterator.h **** 
 702:C:/Program Files (x86)/Arm GNU Toolchain arm-none-eabi/14.3 rel1/arm-none-eabi/include/c++/14.3.1/bits\stl_iterator.h ****       /// The only way to create this %iterator is with a container.
 703:C:/Program Files (x86)/Arm GNU Toolchain arm-none-eabi/14.3 rel1/arm-none-eabi/include/c++/14.3.1/bits\stl_iterator.h ****       explicit _GLIBCXX20_CONSTEXPR
 704:C:/Program Files (x86)/Arm GNU Toolchain arm-none-eabi/14.3 rel1/arm-none-eabi/include/c++/14.3.1/bits\stl_iterator.h ****       back_insert_iterator(_Container& __x)
 705:C:/Program Files (x86)/Arm GNU Toolchain arm-none-eabi/14.3 rel1/arm-none-eabi/include/c++/14.3.1/bits\stl_iterator.h ****       : container(std::__addressof(__x)) { }
 706:C:/Program Files (x86)/Arm GNU Toolchain arm-none-eabi/14.3 rel1/arm-none-eabi/include/c++/14.3.1/bits\stl_iterator.h **** 
 707:C:/Program Files (x86)/Arm GNU Toolchain arm-none-eabi/14.3 rel1/arm-none-eabi/include/c++/14.3.1/bits\stl_iterator.h ****       /**
 708:C:/Program Files (x86)/Arm GNU Toolchain arm-none-eabi/14.3 rel1/arm-none-eabi/include/c++/14.3.1/bits\stl_iterator.h ****        *  @param  __value  An instance of whatever type
 709:C:/Program Files (x86)/Arm GNU Toolchain arm-none-eabi/14.3 rel1/arm-none-eabi/include/c++/14.3.1/bits\stl_iterator.h ****        *                 container_type::const_reference is; presumably a
 710:C:/Program Files (x86)/Arm GNU Toolchain arm-none-eabi/14.3 rel1/arm-none-eabi/include/c++/14.3.1/bits\stl_iterator.h ****        *                 reference-to-const T for container<T>.
 711:C:/Program Files (x86)/Arm GNU Toolchain arm-none-eabi/14.3 rel1/arm-none-eabi/include/c++/14.3.1/bits\stl_iterator.h ****        *  @return  This %iterator, for chained operations.
 712:C:/Program Files (x86)/Arm GNU Toolchain arm-none-eabi/14.3 rel1/arm-none-eabi/include/c++/14.3.1/bits\stl_iterator.h ****        *
 713:C:/Program Files (x86)/Arm GNU Toolchain arm-none-eabi/14.3 rel1/arm-none-eabi/include/c++/14.3.1/bits\stl_iterator.h ****        *  This kind of %iterator doesn't really have a @a position in the
 714:C:/Program Files (x86)/Arm GNU Toolchain arm-none-eabi/14.3 rel1/arm-none-eabi/include/c++/14.3.1/bits\stl_iterator.h ****        *  container (you can think of the position as being permanently at
 715:C:/Program Files (x86)/Arm GNU Toolchain arm-none-eabi/14.3 rel1/arm-none-eabi/include/c++/14.3.1/bits\stl_iterator.h ****        *  the end, if you like).  Assigning a value to the %iterator will
 716:C:/Program Files (x86)/Arm GNU Toolchain arm-none-eabi/14.3 rel1/arm-none-eabi/include/c++/14.3.1/bits\stl_iterator.h ****        *  always append the value to the end of the container.
 717:C:/Program Files (x86)/Arm GNU Toolchain arm-none-eabi/14.3 rel1/arm-none-eabi/include/c++/14.3.1/bits\stl_iterator.h ****       */
 718:C:/Program Files (x86)/Arm GNU Toolchain arm-none-eabi/14.3 rel1/arm-none-eabi/include/c++/14.3.1/bits\stl_iterator.h **** #if __cplusplus < 201103L
 719:C:/Program Files (x86)/Arm GNU Toolchain arm-none-eabi/14.3 rel1/arm-none-eabi/include/c++/14.3.1/bits\stl_iterator.h ****       back_insert_iterator&
ARM GAS  C:\Users\Oliver\AppData\Local\Temp\cclFZbsF.s 			page 58


 720:C:/Program Files (x86)/Arm GNU Toolchain arm-none-eabi/14.3 rel1/arm-none-eabi/include/c++/14.3.1/bits\stl_iterator.h ****       operator=(typename _Container::const_reference __value)
 721:C:/Program Files (x86)/Arm GNU Toolchain arm-none-eabi/14.3 rel1/arm-none-eabi/include/c++/14.3.1/bits\stl_iterator.h ****       {
 722:C:/Program Files (x86)/Arm GNU Toolchain arm-none-eabi/14.3 rel1/arm-none-eabi/include/c++/14.3.1/bits\stl_iterator.h **** 	container->push_back(__value);
 723:C:/Program Files (x86)/Arm GNU Toolchain arm-none-eabi/14.3 rel1/arm-none-eabi/include/c++/14.3.1/bits\stl_iterator.h **** 	return *this;
 724:C:/Program Files (x86)/Arm GNU Toolchain arm-none-eabi/14.3 rel1/arm-none-eabi/include/c++/14.3.1/bits\stl_iterator.h ****       }
 725:C:/Program Files (x86)/Arm GNU Toolchain arm-none-eabi/14.3 rel1/arm-none-eabi/include/c++/14.3.1/bits\stl_iterator.h **** #else
 726:C:/Program Files (x86)/Arm GNU Toolchain arm-none-eabi/14.3 rel1/arm-none-eabi/include/c++/14.3.1/bits\stl_iterator.h ****       _GLIBCXX20_CONSTEXPR
 727:C:/Program Files (x86)/Arm GNU Toolchain arm-none-eabi/14.3 rel1/arm-none-eabi/include/c++/14.3.1/bits\stl_iterator.h ****       back_insert_iterator&
 728:C:/Program Files (x86)/Arm GNU Toolchain arm-none-eabi/14.3 rel1/arm-none-eabi/include/c++/14.3.1/bits\stl_iterator.h ****       operator=(const typename _Container::value_type& __value)
 729:C:/Program Files (x86)/Arm GNU Toolchain arm-none-eabi/14.3 rel1/arm-none-eabi/include/c++/14.3.1/bits\stl_iterator.h ****       {
 730:C:/Program Files (x86)/Arm GNU Toolchain arm-none-eabi/14.3 rel1/arm-none-eabi/include/c++/14.3.1/bits\stl_iterator.h **** 	container->push_back(__value);
 731:C:/Program Files (x86)/Arm GNU Toolchain arm-none-eabi/14.3 rel1/arm-none-eabi/include/c++/14.3.1/bits\stl_iterator.h **** 	return *this;
 732:C:/Program Files (x86)/Arm GNU Toolchain arm-none-eabi/14.3 rel1/arm-none-eabi/include/c++/14.3.1/bits\stl_iterator.h ****       }
 733:C:/Program Files (x86)/Arm GNU Toolchain arm-none-eabi/14.3 rel1/arm-none-eabi/include/c++/14.3.1/bits\stl_iterator.h **** 
 734:C:/Program Files (x86)/Arm GNU Toolchain arm-none-eabi/14.3 rel1/arm-none-eabi/include/c++/14.3.1/bits\stl_iterator.h ****       _GLIBCXX20_CONSTEXPR
 735:C:/Program Files (x86)/Arm GNU Toolchain arm-none-eabi/14.3 rel1/arm-none-eabi/include/c++/14.3.1/bits\stl_iterator.h ****       back_insert_iterator&
 736:C:/Program Files (x86)/Arm GNU Toolchain arm-none-eabi/14.3 rel1/arm-none-eabi/include/c++/14.3.1/bits\stl_iterator.h ****       operator=(typename _Container::value_type&& __value)
 737:C:/Program Files (x86)/Arm GNU Toolchain arm-none-eabi/14.3 rel1/arm-none-eabi/include/c++/14.3.1/bits\stl_iterator.h ****       {
 738:C:/Program Files (x86)/Arm GNU Toolchain arm-none-eabi/14.3 rel1/arm-none-eabi/include/c++/14.3.1/bits\stl_iterator.h **** 	container->push_back(std::move(__value));
 739:C:/Program Files (x86)/Arm GNU Toolchain arm-none-eabi/14.3 rel1/arm-none-eabi/include/c++/14.3.1/bits\stl_iterator.h **** 	return *this;
 740:C:/Program Files (x86)/Arm GNU Toolchain arm-none-eabi/14.3 rel1/arm-none-eabi/include/c++/14.3.1/bits\stl_iterator.h ****       }
 741:C:/Program Files (x86)/Arm GNU Toolchain arm-none-eabi/14.3 rel1/arm-none-eabi/include/c++/14.3.1/bits\stl_iterator.h **** #endif
 742:C:/Program Files (x86)/Arm GNU Toolchain arm-none-eabi/14.3 rel1/arm-none-eabi/include/c++/14.3.1/bits\stl_iterator.h **** 
 743:C:/Program Files (x86)/Arm GNU Toolchain arm-none-eabi/14.3 rel1/arm-none-eabi/include/c++/14.3.1/bits\stl_iterator.h ****       /// Simply returns *this.
 744:C:/Program Files (x86)/Arm GNU Toolchain arm-none-eabi/14.3 rel1/arm-none-eabi/include/c++/14.3.1/bits\stl_iterator.h ****       _GLIBCXX_NODISCARD _GLIBCXX20_CONSTEXPR
 745:C:/Program Files (x86)/Arm GNU Toolchain arm-none-eabi/14.3 rel1/arm-none-eabi/include/c++/14.3.1/bits\stl_iterator.h ****       back_insert_iterator&
 746:C:/Program Files (x86)/Arm GNU Toolchain arm-none-eabi/14.3 rel1/arm-none-eabi/include/c++/14.3.1/bits\stl_iterator.h ****       operator*()
 747:C:/Program Files (x86)/Arm GNU Toolchain arm-none-eabi/14.3 rel1/arm-none-eabi/include/c++/14.3.1/bits\stl_iterator.h ****       { return *this; }
 748:C:/Program Files (x86)/Arm GNU Toolchain arm-none-eabi/14.3 rel1/arm-none-eabi/include/c++/14.3.1/bits\stl_iterator.h **** 
 749:C:/Program Files (x86)/Arm GNU Toolchain arm-none-eabi/14.3 rel1/arm-none-eabi/include/c++/14.3.1/bits\stl_iterator.h ****       /// Simply returns *this.  (This %iterator does not @a move.)
 750:C:/Program Files (x86)/Arm GNU Toolchain arm-none-eabi/14.3 rel1/arm-none-eabi/include/c++/14.3.1/bits\stl_iterator.h ****       _GLIBCXX20_CONSTEXPR
 751:C:/Program Files (x86)/Arm GNU Toolchain arm-none-eabi/14.3 rel1/arm-none-eabi/include/c++/14.3.1/bits\stl_iterator.h ****       back_insert_iterator&
 752:C:/Program Files (x86)/Arm GNU Toolchain arm-none-eabi/14.3 rel1/arm-none-eabi/include/c++/14.3.1/bits\stl_iterator.h ****       operator++()
 753:C:/Program Files (x86)/Arm GNU Toolchain arm-none-eabi/14.3 rel1/arm-none-eabi/include/c++/14.3.1/bits\stl_iterator.h ****       { return *this; }
 754:C:/Program Files (x86)/Arm GNU Toolchain arm-none-eabi/14.3 rel1/arm-none-eabi/include/c++/14.3.1/bits\stl_iterator.h **** 
 755:C:/Program Files (x86)/Arm GNU Toolchain arm-none-eabi/14.3 rel1/arm-none-eabi/include/c++/14.3.1/bits\stl_iterator.h ****       /// Simply returns *this.  (This %iterator does not @a move.)
 756:C:/Program Files (x86)/Arm GNU Toolchain arm-none-eabi/14.3 rel1/arm-none-eabi/include/c++/14.3.1/bits\stl_iterator.h ****       _GLIBCXX20_CONSTEXPR
 757:C:/Program Files (x86)/Arm GNU Toolchain arm-none-eabi/14.3 rel1/arm-none-eabi/include/c++/14.3.1/bits\stl_iterator.h ****       back_insert_iterator
 758:C:/Program Files (x86)/Arm GNU Toolchain arm-none-eabi/14.3 rel1/arm-none-eabi/include/c++/14.3.1/bits\stl_iterator.h ****       operator++(int)
 759:C:/Program Files (x86)/Arm GNU Toolchain arm-none-eabi/14.3 rel1/arm-none-eabi/include/c++/14.3.1/bits\stl_iterator.h ****       { return *this; }
 760:C:/Program Files (x86)/Arm GNU Toolchain arm-none-eabi/14.3 rel1/arm-none-eabi/include/c++/14.3.1/bits\stl_iterator.h ****     };
 761:C:/Program Files (x86)/Arm GNU Toolchain arm-none-eabi/14.3 rel1/arm-none-eabi/include/c++/14.3.1/bits\stl_iterator.h **** 
 762:C:/Program Files (x86)/Arm GNU Toolchain arm-none-eabi/14.3 rel1/arm-none-eabi/include/c++/14.3.1/bits\stl_iterator.h ****   /**
 763:C:/Program Files (x86)/Arm GNU Toolchain arm-none-eabi/14.3 rel1/arm-none-eabi/include/c++/14.3.1/bits\stl_iterator.h ****    *  @param  __x  A container of arbitrary type.
 764:C:/Program Files (x86)/Arm GNU Toolchain arm-none-eabi/14.3 rel1/arm-none-eabi/include/c++/14.3.1/bits\stl_iterator.h ****    *  @return  An instance of back_insert_iterator working on @p __x.
 765:C:/Program Files (x86)/Arm GNU Toolchain arm-none-eabi/14.3 rel1/arm-none-eabi/include/c++/14.3.1/bits\stl_iterator.h ****    *
 766:C:/Program Files (x86)/Arm GNU Toolchain arm-none-eabi/14.3 rel1/arm-none-eabi/include/c++/14.3.1/bits\stl_iterator.h ****    *  This wrapper function helps in creating back_insert_iterator instances.
 767:C:/Program Files (x86)/Arm GNU Toolchain arm-none-eabi/14.3 rel1/arm-none-eabi/include/c++/14.3.1/bits\stl_iterator.h ****    *  Typing the name of the %iterator requires knowing the precise full
 768:C:/Program Files (x86)/Arm GNU Toolchain arm-none-eabi/14.3 rel1/arm-none-eabi/include/c++/14.3.1/bits\stl_iterator.h ****    *  type of the container, which can be tedious and impedes generic
 769:C:/Program Files (x86)/Arm GNU Toolchain arm-none-eabi/14.3 rel1/arm-none-eabi/include/c++/14.3.1/bits\stl_iterator.h ****    *  programming.  Using this function lets you take advantage of automatic
 770:C:/Program Files (x86)/Arm GNU Toolchain arm-none-eabi/14.3 rel1/arm-none-eabi/include/c++/14.3.1/bits\stl_iterator.h ****    *  template parameter deduction, making the compiler match the correct
 771:C:/Program Files (x86)/Arm GNU Toolchain arm-none-eabi/14.3 rel1/arm-none-eabi/include/c++/14.3.1/bits\stl_iterator.h ****    *  types for you.
 772:C:/Program Files (x86)/Arm GNU Toolchain arm-none-eabi/14.3 rel1/arm-none-eabi/include/c++/14.3.1/bits\stl_iterator.h ****   */
 773:C:/Program Files (x86)/Arm GNU Toolchain arm-none-eabi/14.3 rel1/arm-none-eabi/include/c++/14.3.1/bits\stl_iterator.h ****   template<typename _Container>
 774:C:/Program Files (x86)/Arm GNU Toolchain arm-none-eabi/14.3 rel1/arm-none-eabi/include/c++/14.3.1/bits\stl_iterator.h ****     _GLIBCXX_NODISCARD _GLIBCXX20_CONSTEXPR
 775:C:/Program Files (x86)/Arm GNU Toolchain arm-none-eabi/14.3 rel1/arm-none-eabi/include/c++/14.3.1/bits\stl_iterator.h ****     inline back_insert_iterator<_Container>
 776:C:/Program Files (x86)/Arm GNU Toolchain arm-none-eabi/14.3 rel1/arm-none-eabi/include/c++/14.3.1/bits\stl_iterator.h ****     back_inserter(_Container& __x)
ARM GAS  C:\Users\Oliver\AppData\Local\Temp\cclFZbsF.s 			page 59


 777:C:/Program Files (x86)/Arm GNU Toolchain arm-none-eabi/14.3 rel1/arm-none-eabi/include/c++/14.3.1/bits\stl_iterator.h ****     { return back_insert_iterator<_Container>(__x); }
 778:C:/Program Files (x86)/Arm GNU Toolchain arm-none-eabi/14.3 rel1/arm-none-eabi/include/c++/14.3.1/bits\stl_iterator.h **** 
 779:C:/Program Files (x86)/Arm GNU Toolchain arm-none-eabi/14.3 rel1/arm-none-eabi/include/c++/14.3.1/bits\stl_iterator.h ****   /**
 780:C:/Program Files (x86)/Arm GNU Toolchain arm-none-eabi/14.3 rel1/arm-none-eabi/include/c++/14.3.1/bits\stl_iterator.h ****    *  @brief  Turns assignment into insertion.
 781:C:/Program Files (x86)/Arm GNU Toolchain arm-none-eabi/14.3 rel1/arm-none-eabi/include/c++/14.3.1/bits\stl_iterator.h ****    *
 782:C:/Program Files (x86)/Arm GNU Toolchain arm-none-eabi/14.3 rel1/arm-none-eabi/include/c++/14.3.1/bits\stl_iterator.h ****    *  These are output iterators, constructed from a container-of-T.
 783:C:/Program Files (x86)/Arm GNU Toolchain arm-none-eabi/14.3 rel1/arm-none-eabi/include/c++/14.3.1/bits\stl_iterator.h ****    *  Assigning a T to the iterator prepends it to the container using
 784:C:/Program Files (x86)/Arm GNU Toolchain arm-none-eabi/14.3 rel1/arm-none-eabi/include/c++/14.3.1/bits\stl_iterator.h ****    *  push_front.
 785:C:/Program Files (x86)/Arm GNU Toolchain arm-none-eabi/14.3 rel1/arm-none-eabi/include/c++/14.3.1/bits\stl_iterator.h ****    *
 786:C:/Program Files (x86)/Arm GNU Toolchain arm-none-eabi/14.3 rel1/arm-none-eabi/include/c++/14.3.1/bits\stl_iterator.h ****    *  Tip:  Using the front_inserter function to create these iterators can
 787:C:/Program Files (x86)/Arm GNU Toolchain arm-none-eabi/14.3 rel1/arm-none-eabi/include/c++/14.3.1/bits\stl_iterator.h ****    *  save typing.
 788:C:/Program Files (x86)/Arm GNU Toolchain arm-none-eabi/14.3 rel1/arm-none-eabi/include/c++/14.3.1/bits\stl_iterator.h ****   */
 789:C:/Program Files (x86)/Arm GNU Toolchain arm-none-eabi/14.3 rel1/arm-none-eabi/include/c++/14.3.1/bits\stl_iterator.h ****   template<typename _Container>
 790:C:/Program Files (x86)/Arm GNU Toolchain arm-none-eabi/14.3 rel1/arm-none-eabi/include/c++/14.3.1/bits\stl_iterator.h ****     class front_insert_iterator
 791:C:/Program Files (x86)/Arm GNU Toolchain arm-none-eabi/14.3 rel1/arm-none-eabi/include/c++/14.3.1/bits\stl_iterator.h ****     : public iterator<output_iterator_tag, void, void, void, void>
 792:C:/Program Files (x86)/Arm GNU Toolchain arm-none-eabi/14.3 rel1/arm-none-eabi/include/c++/14.3.1/bits\stl_iterator.h ****     {
 793:C:/Program Files (x86)/Arm GNU Toolchain arm-none-eabi/14.3 rel1/arm-none-eabi/include/c++/14.3.1/bits\stl_iterator.h ****     protected:
 794:C:/Program Files (x86)/Arm GNU Toolchain arm-none-eabi/14.3 rel1/arm-none-eabi/include/c++/14.3.1/bits\stl_iterator.h ****       _Container* container;
 795:C:/Program Files (x86)/Arm GNU Toolchain arm-none-eabi/14.3 rel1/arm-none-eabi/include/c++/14.3.1/bits\stl_iterator.h **** 
 796:C:/Program Files (x86)/Arm GNU Toolchain arm-none-eabi/14.3 rel1/arm-none-eabi/include/c++/14.3.1/bits\stl_iterator.h ****     public:
 797:C:/Program Files (x86)/Arm GNU Toolchain arm-none-eabi/14.3 rel1/arm-none-eabi/include/c++/14.3.1/bits\stl_iterator.h ****       /// A nested typedef for the type of whatever container you used.
 798:C:/Program Files (x86)/Arm GNU Toolchain arm-none-eabi/14.3 rel1/arm-none-eabi/include/c++/14.3.1/bits\stl_iterator.h ****       typedef _Container          container_type;
 799:C:/Program Files (x86)/Arm GNU Toolchain arm-none-eabi/14.3 rel1/arm-none-eabi/include/c++/14.3.1/bits\stl_iterator.h **** #if __cplusplus > 201703L
 800:C:/Program Files (x86)/Arm GNU Toolchain arm-none-eabi/14.3 rel1/arm-none-eabi/include/c++/14.3.1/bits\stl_iterator.h ****       using difference_type = ptrdiff_t;
 801:C:/Program Files (x86)/Arm GNU Toolchain arm-none-eabi/14.3 rel1/arm-none-eabi/include/c++/14.3.1/bits\stl_iterator.h **** #endif
 802:C:/Program Files (x86)/Arm GNU Toolchain arm-none-eabi/14.3 rel1/arm-none-eabi/include/c++/14.3.1/bits\stl_iterator.h **** 
 803:C:/Program Files (x86)/Arm GNU Toolchain arm-none-eabi/14.3 rel1/arm-none-eabi/include/c++/14.3.1/bits\stl_iterator.h ****       /// The only way to create this %iterator is with a container.
 804:C:/Program Files (x86)/Arm GNU Toolchain arm-none-eabi/14.3 rel1/arm-none-eabi/include/c++/14.3.1/bits\stl_iterator.h ****       explicit _GLIBCXX20_CONSTEXPR
 805:C:/Program Files (x86)/Arm GNU Toolchain arm-none-eabi/14.3 rel1/arm-none-eabi/include/c++/14.3.1/bits\stl_iterator.h ****       front_insert_iterator(_Container& __x)
 806:C:/Program Files (x86)/Arm GNU Toolchain arm-none-eabi/14.3 rel1/arm-none-eabi/include/c++/14.3.1/bits\stl_iterator.h ****       : container(std::__addressof(__x)) { }
 807:C:/Program Files (x86)/Arm GNU Toolchain arm-none-eabi/14.3 rel1/arm-none-eabi/include/c++/14.3.1/bits\stl_iterator.h **** 
 808:C:/Program Files (x86)/Arm GNU Toolchain arm-none-eabi/14.3 rel1/arm-none-eabi/include/c++/14.3.1/bits\stl_iterator.h ****       /**
 809:C:/Program Files (x86)/Arm GNU Toolchain arm-none-eabi/14.3 rel1/arm-none-eabi/include/c++/14.3.1/bits\stl_iterator.h ****        *  @param  __value  An instance of whatever type
 810:C:/Program Files (x86)/Arm GNU Toolchain arm-none-eabi/14.3 rel1/arm-none-eabi/include/c++/14.3.1/bits\stl_iterator.h ****        *                 container_type::const_reference is; presumably a
 811:C:/Program Files (x86)/Arm GNU Toolchain arm-none-eabi/14.3 rel1/arm-none-eabi/include/c++/14.3.1/bits\stl_iterator.h ****        *                 reference-to-const T for container<T>.
 812:C:/Program Files (x86)/Arm GNU Toolchain arm-none-eabi/14.3 rel1/arm-none-eabi/include/c++/14.3.1/bits\stl_iterator.h ****        *  @return  This %iterator, for chained operations.
 813:C:/Program Files (x86)/Arm GNU Toolchain arm-none-eabi/14.3 rel1/arm-none-eabi/include/c++/14.3.1/bits\stl_iterator.h ****        *
 814:C:/Program Files (x86)/Arm GNU Toolchain arm-none-eabi/14.3 rel1/arm-none-eabi/include/c++/14.3.1/bits\stl_iterator.h ****        *  This kind of %iterator doesn't really have a @a position in the
 815:C:/Program Files (x86)/Arm GNU Toolchain arm-none-eabi/14.3 rel1/arm-none-eabi/include/c++/14.3.1/bits\stl_iterator.h ****        *  container (you can think of the position as being permanently at
 816:C:/Program Files (x86)/Arm GNU Toolchain arm-none-eabi/14.3 rel1/arm-none-eabi/include/c++/14.3.1/bits\stl_iterator.h ****        *  the front, if you like).  Assigning a value to the %iterator will
 817:C:/Program Files (x86)/Arm GNU Toolchain arm-none-eabi/14.3 rel1/arm-none-eabi/include/c++/14.3.1/bits\stl_iterator.h ****        *  always prepend the value to the front of the container.
 818:C:/Program Files (x86)/Arm GNU Toolchain arm-none-eabi/14.3 rel1/arm-none-eabi/include/c++/14.3.1/bits\stl_iterator.h ****       */
 819:C:/Program Files (x86)/Arm GNU Toolchain arm-none-eabi/14.3 rel1/arm-none-eabi/include/c++/14.3.1/bits\stl_iterator.h **** #if __cplusplus < 201103L
 820:C:/Program Files (x86)/Arm GNU Toolchain arm-none-eabi/14.3 rel1/arm-none-eabi/include/c++/14.3.1/bits\stl_iterator.h ****       front_insert_iterator&
 821:C:/Program Files (x86)/Arm GNU Toolchain arm-none-eabi/14.3 rel1/arm-none-eabi/include/c++/14.3.1/bits\stl_iterator.h ****       operator=(typename _Container::const_reference __value)
 822:C:/Program Files (x86)/Arm GNU Toolchain arm-none-eabi/14.3 rel1/arm-none-eabi/include/c++/14.3.1/bits\stl_iterator.h ****       {
 823:C:/Program Files (x86)/Arm GNU Toolchain arm-none-eabi/14.3 rel1/arm-none-eabi/include/c++/14.3.1/bits\stl_iterator.h **** 	container->push_front(__value);
 824:C:/Program Files (x86)/Arm GNU Toolchain arm-none-eabi/14.3 rel1/arm-none-eabi/include/c++/14.3.1/bits\stl_iterator.h **** 	return *this;
 825:C:/Program Files (x86)/Arm GNU Toolchain arm-none-eabi/14.3 rel1/arm-none-eabi/include/c++/14.3.1/bits\stl_iterator.h ****       }
 826:C:/Program Files (x86)/Arm GNU Toolchain arm-none-eabi/14.3 rel1/arm-none-eabi/include/c++/14.3.1/bits\stl_iterator.h **** #else
 827:C:/Program Files (x86)/Arm GNU Toolchain arm-none-eabi/14.3 rel1/arm-none-eabi/include/c++/14.3.1/bits\stl_iterator.h ****       _GLIBCXX20_CONSTEXPR
 828:C:/Program Files (x86)/Arm GNU Toolchain arm-none-eabi/14.3 rel1/arm-none-eabi/include/c++/14.3.1/bits\stl_iterator.h ****       front_insert_iterator&
 829:C:/Program Files (x86)/Arm GNU Toolchain arm-none-eabi/14.3 rel1/arm-none-eabi/include/c++/14.3.1/bits\stl_iterator.h ****       operator=(const typename _Container::value_type& __value)
 830:C:/Program Files (x86)/Arm GNU Toolchain arm-none-eabi/14.3 rel1/arm-none-eabi/include/c++/14.3.1/bits\stl_iterator.h ****       {
 831:C:/Program Files (x86)/Arm GNU Toolchain arm-none-eabi/14.3 rel1/arm-none-eabi/include/c++/14.3.1/bits\stl_iterator.h **** 	container->push_front(__value);
 832:C:/Program Files (x86)/Arm GNU Toolchain arm-none-eabi/14.3 rel1/arm-none-eabi/include/c++/14.3.1/bits\stl_iterator.h **** 	return *this;
 833:C:/Program Files (x86)/Arm GNU Toolchain arm-none-eabi/14.3 rel1/arm-none-eabi/include/c++/14.3.1/bits\stl_iterator.h ****       }
ARM GAS  C:\Users\Oliver\AppData\Local\Temp\cclFZbsF.s 			page 60


 834:C:/Program Files (x86)/Arm GNU Toolchain arm-none-eabi/14.3 rel1/arm-none-eabi/include/c++/14.3.1/bits\stl_iterator.h **** 
 835:C:/Program Files (x86)/Arm GNU Toolchain arm-none-eabi/14.3 rel1/arm-none-eabi/include/c++/14.3.1/bits\stl_iterator.h ****       _GLIBCXX20_CONSTEXPR
 836:C:/Program Files (x86)/Arm GNU Toolchain arm-none-eabi/14.3 rel1/arm-none-eabi/include/c++/14.3.1/bits\stl_iterator.h ****       front_insert_iterator&
 837:C:/Program Files (x86)/Arm GNU Toolchain arm-none-eabi/14.3 rel1/arm-none-eabi/include/c++/14.3.1/bits\stl_iterator.h ****       operator=(typename _Container::value_type&& __value)
 838:C:/Program Files (x86)/Arm GNU Toolchain arm-none-eabi/14.3 rel1/arm-none-eabi/include/c++/14.3.1/bits\stl_iterator.h ****       {
 839:C:/Program Files (x86)/Arm GNU Toolchain arm-none-eabi/14.3 rel1/arm-none-eabi/include/c++/14.3.1/bits\stl_iterator.h **** 	container->push_front(std::move(__value));
 840:C:/Program Files (x86)/Arm GNU Toolchain arm-none-eabi/14.3 rel1/arm-none-eabi/include/c++/14.3.1/bits\stl_iterator.h **** 	return *this;
 841:C:/Program Files (x86)/Arm GNU Toolchain arm-none-eabi/14.3 rel1/arm-none-eabi/include/c++/14.3.1/bits\stl_iterator.h ****       }
 842:C:/Program Files (x86)/Arm GNU Toolchain arm-none-eabi/14.3 rel1/arm-none-eabi/include/c++/14.3.1/bits\stl_iterator.h **** #endif
 843:C:/Program Files (x86)/Arm GNU Toolchain arm-none-eabi/14.3 rel1/arm-none-eabi/include/c++/14.3.1/bits\stl_iterator.h **** 
 844:C:/Program Files (x86)/Arm GNU Toolchain arm-none-eabi/14.3 rel1/arm-none-eabi/include/c++/14.3.1/bits\stl_iterator.h ****       /// Simply returns *this.
 845:C:/Program Files (x86)/Arm GNU Toolchain arm-none-eabi/14.3 rel1/arm-none-eabi/include/c++/14.3.1/bits\stl_iterator.h ****       _GLIBCXX_NODISCARD _GLIBCXX20_CONSTEXPR
 846:C:/Program Files (x86)/Arm GNU Toolchain arm-none-eabi/14.3 rel1/arm-none-eabi/include/c++/14.3.1/bits\stl_iterator.h ****       front_insert_iterator&
 847:C:/Program Files (x86)/Arm GNU Toolchain arm-none-eabi/14.3 rel1/arm-none-eabi/include/c++/14.3.1/bits\stl_iterator.h ****       operator*()
 848:C:/Program Files (x86)/Arm GNU Toolchain arm-none-eabi/14.3 rel1/arm-none-eabi/include/c++/14.3.1/bits\stl_iterator.h ****       { return *this; }
 849:C:/Program Files (x86)/Arm GNU Toolchain arm-none-eabi/14.3 rel1/arm-none-eabi/include/c++/14.3.1/bits\stl_iterator.h **** 
 850:C:/Program Files (x86)/Arm GNU Toolchain arm-none-eabi/14.3 rel1/arm-none-eabi/include/c++/14.3.1/bits\stl_iterator.h ****       /// Simply returns *this.  (This %iterator does not @a move.)
 851:C:/Program Files (x86)/Arm GNU Toolchain arm-none-eabi/14.3 rel1/arm-none-eabi/include/c++/14.3.1/bits\stl_iterator.h ****       _GLIBCXX20_CONSTEXPR
 852:C:/Program Files (x86)/Arm GNU Toolchain arm-none-eabi/14.3 rel1/arm-none-eabi/include/c++/14.3.1/bits\stl_iterator.h ****       front_insert_iterator&
 853:C:/Program Files (x86)/Arm GNU Toolchain arm-none-eabi/14.3 rel1/arm-none-eabi/include/c++/14.3.1/bits\stl_iterator.h ****       operator++()
 854:C:/Program Files (x86)/Arm GNU Toolchain arm-none-eabi/14.3 rel1/arm-none-eabi/include/c++/14.3.1/bits\stl_iterator.h ****       { return *this; }
 855:C:/Program Files (x86)/Arm GNU Toolchain arm-none-eabi/14.3 rel1/arm-none-eabi/include/c++/14.3.1/bits\stl_iterator.h **** 
 856:C:/Program Files (x86)/Arm GNU Toolchain arm-none-eabi/14.3 rel1/arm-none-eabi/include/c++/14.3.1/bits\stl_iterator.h ****       /// Simply returns *this.  (This %iterator does not @a move.)
 857:C:/Program Files (x86)/Arm GNU Toolchain arm-none-eabi/14.3 rel1/arm-none-eabi/include/c++/14.3.1/bits\stl_iterator.h ****       _GLIBCXX20_CONSTEXPR
 858:C:/Program Files (x86)/Arm GNU Toolchain arm-none-eabi/14.3 rel1/arm-none-eabi/include/c++/14.3.1/bits\stl_iterator.h ****       front_insert_iterator
 859:C:/Program Files (x86)/Arm GNU Toolchain arm-none-eabi/14.3 rel1/arm-none-eabi/include/c++/14.3.1/bits\stl_iterator.h ****       operator++(int)
 860:C:/Program Files (x86)/Arm GNU Toolchain arm-none-eabi/14.3 rel1/arm-none-eabi/include/c++/14.3.1/bits\stl_iterator.h ****       { return *this; }
 861:C:/Program Files (x86)/Arm GNU Toolchain arm-none-eabi/14.3 rel1/arm-none-eabi/include/c++/14.3.1/bits\stl_iterator.h ****     };
 862:C:/Program Files (x86)/Arm GNU Toolchain arm-none-eabi/14.3 rel1/arm-none-eabi/include/c++/14.3.1/bits\stl_iterator.h **** 
 863:C:/Program Files (x86)/Arm GNU Toolchain arm-none-eabi/14.3 rel1/arm-none-eabi/include/c++/14.3.1/bits\stl_iterator.h ****   /**
 864:C:/Program Files (x86)/Arm GNU Toolchain arm-none-eabi/14.3 rel1/arm-none-eabi/include/c++/14.3.1/bits\stl_iterator.h ****    *  @param  __x  A container of arbitrary type.
 865:C:/Program Files (x86)/Arm GNU Toolchain arm-none-eabi/14.3 rel1/arm-none-eabi/include/c++/14.3.1/bits\stl_iterator.h ****    *  @return  An instance of front_insert_iterator working on @p x.
 866:C:/Program Files (x86)/Arm GNU Toolchain arm-none-eabi/14.3 rel1/arm-none-eabi/include/c++/14.3.1/bits\stl_iterator.h ****    *
 867:C:/Program Files (x86)/Arm GNU Toolchain arm-none-eabi/14.3 rel1/arm-none-eabi/include/c++/14.3.1/bits\stl_iterator.h ****    *  This wrapper function helps in creating front_insert_iterator instances.
 868:C:/Program Files (x86)/Arm GNU Toolchain arm-none-eabi/14.3 rel1/arm-none-eabi/include/c++/14.3.1/bits\stl_iterator.h ****    *  Typing the name of the %iterator requires knowing the precise full
 869:C:/Program Files (x86)/Arm GNU Toolchain arm-none-eabi/14.3 rel1/arm-none-eabi/include/c++/14.3.1/bits\stl_iterator.h ****    *  type of the container, which can be tedious and impedes generic
 870:C:/Program Files (x86)/Arm GNU Toolchain arm-none-eabi/14.3 rel1/arm-none-eabi/include/c++/14.3.1/bits\stl_iterator.h ****    *  programming.  Using this function lets you take advantage of automatic
 871:C:/Program Files (x86)/Arm GNU Toolchain arm-none-eabi/14.3 rel1/arm-none-eabi/include/c++/14.3.1/bits\stl_iterator.h ****    *  template parameter deduction, making the compiler match the correct
 872:C:/Program Files (x86)/Arm GNU Toolchain arm-none-eabi/14.3 rel1/arm-none-eabi/include/c++/14.3.1/bits\stl_iterator.h ****    *  types for you.
 873:C:/Program Files (x86)/Arm GNU Toolchain arm-none-eabi/14.3 rel1/arm-none-eabi/include/c++/14.3.1/bits\stl_iterator.h ****   */
 874:C:/Program Files (x86)/Arm GNU Toolchain arm-none-eabi/14.3 rel1/arm-none-eabi/include/c++/14.3.1/bits\stl_iterator.h ****   template<typename _Container>
 875:C:/Program Files (x86)/Arm GNU Toolchain arm-none-eabi/14.3 rel1/arm-none-eabi/include/c++/14.3.1/bits\stl_iterator.h ****     _GLIBCXX_NODISCARD _GLIBCXX20_CONSTEXPR
 876:C:/Program Files (x86)/Arm GNU Toolchain arm-none-eabi/14.3 rel1/arm-none-eabi/include/c++/14.3.1/bits\stl_iterator.h ****     inline front_insert_iterator<_Container>
 877:C:/Program Files (x86)/Arm GNU Toolchain arm-none-eabi/14.3 rel1/arm-none-eabi/include/c++/14.3.1/bits\stl_iterator.h ****     front_inserter(_Container& __x)
 878:C:/Program Files (x86)/Arm GNU Toolchain arm-none-eabi/14.3 rel1/arm-none-eabi/include/c++/14.3.1/bits\stl_iterator.h ****     { return front_insert_iterator<_Container>(__x); }
 879:C:/Program Files (x86)/Arm GNU Toolchain arm-none-eabi/14.3 rel1/arm-none-eabi/include/c++/14.3.1/bits\stl_iterator.h **** 
 880:C:/Program Files (x86)/Arm GNU Toolchain arm-none-eabi/14.3 rel1/arm-none-eabi/include/c++/14.3.1/bits\stl_iterator.h ****   /**
 881:C:/Program Files (x86)/Arm GNU Toolchain arm-none-eabi/14.3 rel1/arm-none-eabi/include/c++/14.3.1/bits\stl_iterator.h ****    *  @brief  Turns assignment into insertion.
 882:C:/Program Files (x86)/Arm GNU Toolchain arm-none-eabi/14.3 rel1/arm-none-eabi/include/c++/14.3.1/bits\stl_iterator.h ****    *
 883:C:/Program Files (x86)/Arm GNU Toolchain arm-none-eabi/14.3 rel1/arm-none-eabi/include/c++/14.3.1/bits\stl_iterator.h ****    *  These are output iterators, constructed from a container-of-T.
 884:C:/Program Files (x86)/Arm GNU Toolchain arm-none-eabi/14.3 rel1/arm-none-eabi/include/c++/14.3.1/bits\stl_iterator.h ****    *  Assigning a T to the iterator inserts it in the container at the
 885:C:/Program Files (x86)/Arm GNU Toolchain arm-none-eabi/14.3 rel1/arm-none-eabi/include/c++/14.3.1/bits\stl_iterator.h ****    *  %iterator's position, rather than overwriting the value at that
 886:C:/Program Files (x86)/Arm GNU Toolchain arm-none-eabi/14.3 rel1/arm-none-eabi/include/c++/14.3.1/bits\stl_iterator.h ****    *  position.
 887:C:/Program Files (x86)/Arm GNU Toolchain arm-none-eabi/14.3 rel1/arm-none-eabi/include/c++/14.3.1/bits\stl_iterator.h ****    *
 888:C:/Program Files (x86)/Arm GNU Toolchain arm-none-eabi/14.3 rel1/arm-none-eabi/include/c++/14.3.1/bits\stl_iterator.h ****    *  (Sequences will actually insert a @e copy of the value before the
 889:C:/Program Files (x86)/Arm GNU Toolchain arm-none-eabi/14.3 rel1/arm-none-eabi/include/c++/14.3.1/bits\stl_iterator.h ****    *  %iterator's position.)
 890:C:/Program Files (x86)/Arm GNU Toolchain arm-none-eabi/14.3 rel1/arm-none-eabi/include/c++/14.3.1/bits\stl_iterator.h ****    *
ARM GAS  C:\Users\Oliver\AppData\Local\Temp\cclFZbsF.s 			page 61


 891:C:/Program Files (x86)/Arm GNU Toolchain arm-none-eabi/14.3 rel1/arm-none-eabi/include/c++/14.3.1/bits\stl_iterator.h ****    *  Tip:  Using the inserter function to create these iterators can
 892:C:/Program Files (x86)/Arm GNU Toolchain arm-none-eabi/14.3 rel1/arm-none-eabi/include/c++/14.3.1/bits\stl_iterator.h ****    *  save typing.
 893:C:/Program Files (x86)/Arm GNU Toolchain arm-none-eabi/14.3 rel1/arm-none-eabi/include/c++/14.3.1/bits\stl_iterator.h ****   */
 894:C:/Program Files (x86)/Arm GNU Toolchain arm-none-eabi/14.3 rel1/arm-none-eabi/include/c++/14.3.1/bits\stl_iterator.h ****   template<typename _Container>
 895:C:/Program Files (x86)/Arm GNU Toolchain arm-none-eabi/14.3 rel1/arm-none-eabi/include/c++/14.3.1/bits\stl_iterator.h ****     class insert_iterator
 896:C:/Program Files (x86)/Arm GNU Toolchain arm-none-eabi/14.3 rel1/arm-none-eabi/include/c++/14.3.1/bits\stl_iterator.h ****     : public iterator<output_iterator_tag, void, void, void, void>
 897:C:/Program Files (x86)/Arm GNU Toolchain arm-none-eabi/14.3 rel1/arm-none-eabi/include/c++/14.3.1/bits\stl_iterator.h ****     {
 898:C:/Program Files (x86)/Arm GNU Toolchain arm-none-eabi/14.3 rel1/arm-none-eabi/include/c++/14.3.1/bits\stl_iterator.h **** #if __cplusplus > 201703L && defined __glibcxx_concepts
 899:C:/Program Files (x86)/Arm GNU Toolchain arm-none-eabi/14.3 rel1/arm-none-eabi/include/c++/14.3.1/bits\stl_iterator.h ****       using _Iter = std::__detail::__range_iter_t<_Container>;
 900:C:/Program Files (x86)/Arm GNU Toolchain arm-none-eabi/14.3 rel1/arm-none-eabi/include/c++/14.3.1/bits\stl_iterator.h **** #else
 901:C:/Program Files (x86)/Arm GNU Toolchain arm-none-eabi/14.3 rel1/arm-none-eabi/include/c++/14.3.1/bits\stl_iterator.h ****       typedef typename _Container::iterator		_Iter;
 902:C:/Program Files (x86)/Arm GNU Toolchain arm-none-eabi/14.3 rel1/arm-none-eabi/include/c++/14.3.1/bits\stl_iterator.h **** #endif
 903:C:/Program Files (x86)/Arm GNU Toolchain arm-none-eabi/14.3 rel1/arm-none-eabi/include/c++/14.3.1/bits\stl_iterator.h ****     protected:
 904:C:/Program Files (x86)/Arm GNU Toolchain arm-none-eabi/14.3 rel1/arm-none-eabi/include/c++/14.3.1/bits\stl_iterator.h ****       _Container* container;
 905:C:/Program Files (x86)/Arm GNU Toolchain arm-none-eabi/14.3 rel1/arm-none-eabi/include/c++/14.3.1/bits\stl_iterator.h ****       _Iter iter;
 906:C:/Program Files (x86)/Arm GNU Toolchain arm-none-eabi/14.3 rel1/arm-none-eabi/include/c++/14.3.1/bits\stl_iterator.h **** 
 907:C:/Program Files (x86)/Arm GNU Toolchain arm-none-eabi/14.3 rel1/arm-none-eabi/include/c++/14.3.1/bits\stl_iterator.h ****     public:
 908:C:/Program Files (x86)/Arm GNU Toolchain arm-none-eabi/14.3 rel1/arm-none-eabi/include/c++/14.3.1/bits\stl_iterator.h ****       /// A nested typedef for the type of whatever container you used.
 909:C:/Program Files (x86)/Arm GNU Toolchain arm-none-eabi/14.3 rel1/arm-none-eabi/include/c++/14.3.1/bits\stl_iterator.h ****       typedef _Container          container_type;
 910:C:/Program Files (x86)/Arm GNU Toolchain arm-none-eabi/14.3 rel1/arm-none-eabi/include/c++/14.3.1/bits\stl_iterator.h **** 
 911:C:/Program Files (x86)/Arm GNU Toolchain arm-none-eabi/14.3 rel1/arm-none-eabi/include/c++/14.3.1/bits\stl_iterator.h **** #if __cplusplus > 201703L && defined __glibcxx_concepts
 912:C:/Program Files (x86)/Arm GNU Toolchain arm-none-eabi/14.3 rel1/arm-none-eabi/include/c++/14.3.1/bits\stl_iterator.h ****       using difference_type = ptrdiff_t;
 913:C:/Program Files (x86)/Arm GNU Toolchain arm-none-eabi/14.3 rel1/arm-none-eabi/include/c++/14.3.1/bits\stl_iterator.h **** #endif
 914:C:/Program Files (x86)/Arm GNU Toolchain arm-none-eabi/14.3 rel1/arm-none-eabi/include/c++/14.3.1/bits\stl_iterator.h **** 
 915:C:/Program Files (x86)/Arm GNU Toolchain arm-none-eabi/14.3 rel1/arm-none-eabi/include/c++/14.3.1/bits\stl_iterator.h ****       /**
 916:C:/Program Files (x86)/Arm GNU Toolchain arm-none-eabi/14.3 rel1/arm-none-eabi/include/c++/14.3.1/bits\stl_iterator.h ****        *  The only way to create this %iterator is with a container and an
 917:C:/Program Files (x86)/Arm GNU Toolchain arm-none-eabi/14.3 rel1/arm-none-eabi/include/c++/14.3.1/bits\stl_iterator.h ****        *  initial position (a normal %iterator into the container).
 918:C:/Program Files (x86)/Arm GNU Toolchain arm-none-eabi/14.3 rel1/arm-none-eabi/include/c++/14.3.1/bits\stl_iterator.h ****       */
 919:C:/Program Files (x86)/Arm GNU Toolchain arm-none-eabi/14.3 rel1/arm-none-eabi/include/c++/14.3.1/bits\stl_iterator.h ****       _GLIBCXX20_CONSTEXPR
 920:C:/Program Files (x86)/Arm GNU Toolchain arm-none-eabi/14.3 rel1/arm-none-eabi/include/c++/14.3.1/bits\stl_iterator.h ****       insert_iterator(_Container& __x, _Iter __i)
 921:C:/Program Files (x86)/Arm GNU Toolchain arm-none-eabi/14.3 rel1/arm-none-eabi/include/c++/14.3.1/bits\stl_iterator.h ****       : container(std::__addressof(__x)), iter(__i) {}
 922:C:/Program Files (x86)/Arm GNU Toolchain arm-none-eabi/14.3 rel1/arm-none-eabi/include/c++/14.3.1/bits\stl_iterator.h **** 
 923:C:/Program Files (x86)/Arm GNU Toolchain arm-none-eabi/14.3 rel1/arm-none-eabi/include/c++/14.3.1/bits\stl_iterator.h ****       /**
 924:C:/Program Files (x86)/Arm GNU Toolchain arm-none-eabi/14.3 rel1/arm-none-eabi/include/c++/14.3.1/bits\stl_iterator.h ****        *  @param  __value  An instance of whatever type
 925:C:/Program Files (x86)/Arm GNU Toolchain arm-none-eabi/14.3 rel1/arm-none-eabi/include/c++/14.3.1/bits\stl_iterator.h ****        *                 container_type::const_reference is; presumably a
 926:C:/Program Files (x86)/Arm GNU Toolchain arm-none-eabi/14.3 rel1/arm-none-eabi/include/c++/14.3.1/bits\stl_iterator.h ****        *                 reference-to-const T for container<T>.
 927:C:/Program Files (x86)/Arm GNU Toolchain arm-none-eabi/14.3 rel1/arm-none-eabi/include/c++/14.3.1/bits\stl_iterator.h ****        *  @return  This %iterator, for chained operations.
 928:C:/Program Files (x86)/Arm GNU Toolchain arm-none-eabi/14.3 rel1/arm-none-eabi/include/c++/14.3.1/bits\stl_iterator.h ****        *
 929:C:/Program Files (x86)/Arm GNU Toolchain arm-none-eabi/14.3 rel1/arm-none-eabi/include/c++/14.3.1/bits\stl_iterator.h ****        *  This kind of %iterator maintains its own position in the
 930:C:/Program Files (x86)/Arm GNU Toolchain arm-none-eabi/14.3 rel1/arm-none-eabi/include/c++/14.3.1/bits\stl_iterator.h ****        *  container.  Assigning a value to the %iterator will insert the
 931:C:/Program Files (x86)/Arm GNU Toolchain arm-none-eabi/14.3 rel1/arm-none-eabi/include/c++/14.3.1/bits\stl_iterator.h ****        *  value into the container at the place before the %iterator.
 932:C:/Program Files (x86)/Arm GNU Toolchain arm-none-eabi/14.3 rel1/arm-none-eabi/include/c++/14.3.1/bits\stl_iterator.h ****        *
 933:C:/Program Files (x86)/Arm GNU Toolchain arm-none-eabi/14.3 rel1/arm-none-eabi/include/c++/14.3.1/bits\stl_iterator.h ****        *  The position is maintained such that subsequent assignments will
 934:C:/Program Files (x86)/Arm GNU Toolchain arm-none-eabi/14.3 rel1/arm-none-eabi/include/c++/14.3.1/bits\stl_iterator.h ****        *  insert values immediately after one another.  For example,
 935:C:/Program Files (x86)/Arm GNU Toolchain arm-none-eabi/14.3 rel1/arm-none-eabi/include/c++/14.3.1/bits\stl_iterator.h ****        *  @code
 936:C:/Program Files (x86)/Arm GNU Toolchain arm-none-eabi/14.3 rel1/arm-none-eabi/include/c++/14.3.1/bits\stl_iterator.h ****        *     // vector v contains A and Z
 937:C:/Program Files (x86)/Arm GNU Toolchain arm-none-eabi/14.3 rel1/arm-none-eabi/include/c++/14.3.1/bits\stl_iterator.h ****        *
 938:C:/Program Files (x86)/Arm GNU Toolchain arm-none-eabi/14.3 rel1/arm-none-eabi/include/c++/14.3.1/bits\stl_iterator.h ****        *     insert_iterator i (v, ++v.begin());
 939:C:/Program Files (x86)/Arm GNU Toolchain arm-none-eabi/14.3 rel1/arm-none-eabi/include/c++/14.3.1/bits\stl_iterator.h ****        *     i = 1;
 940:C:/Program Files (x86)/Arm GNU Toolchain arm-none-eabi/14.3 rel1/arm-none-eabi/include/c++/14.3.1/bits\stl_iterator.h ****        *     i = 2;
 941:C:/Program Files (x86)/Arm GNU Toolchain arm-none-eabi/14.3 rel1/arm-none-eabi/include/c++/14.3.1/bits\stl_iterator.h ****        *     i = 3;
 942:C:/Program Files (x86)/Arm GNU Toolchain arm-none-eabi/14.3 rel1/arm-none-eabi/include/c++/14.3.1/bits\stl_iterator.h ****        *
 943:C:/Program Files (x86)/Arm GNU Toolchain arm-none-eabi/14.3 rel1/arm-none-eabi/include/c++/14.3.1/bits\stl_iterator.h ****        *     // vector v contains A, 1, 2, 3, and Z
 944:C:/Program Files (x86)/Arm GNU Toolchain arm-none-eabi/14.3 rel1/arm-none-eabi/include/c++/14.3.1/bits\stl_iterator.h ****        *  @endcode
 945:C:/Program Files (x86)/Arm GNU Toolchain arm-none-eabi/14.3 rel1/arm-none-eabi/include/c++/14.3.1/bits\stl_iterator.h ****       */
 946:C:/Program Files (x86)/Arm GNU Toolchain arm-none-eabi/14.3 rel1/arm-none-eabi/include/c++/14.3.1/bits\stl_iterator.h **** #if __cplusplus < 201103L
 947:C:/Program Files (x86)/Arm GNU Toolchain arm-none-eabi/14.3 rel1/arm-none-eabi/include/c++/14.3.1/bits\stl_iterator.h ****       insert_iterator&
ARM GAS  C:\Users\Oliver\AppData\Local\Temp\cclFZbsF.s 			page 62


 948:C:/Program Files (x86)/Arm GNU Toolchain arm-none-eabi/14.3 rel1/arm-none-eabi/include/c++/14.3.1/bits\stl_iterator.h ****       operator=(typename _Container::const_reference __value)
 949:C:/Program Files (x86)/Arm GNU Toolchain arm-none-eabi/14.3 rel1/arm-none-eabi/include/c++/14.3.1/bits\stl_iterator.h ****       {
 950:C:/Program Files (x86)/Arm GNU Toolchain arm-none-eabi/14.3 rel1/arm-none-eabi/include/c++/14.3.1/bits\stl_iterator.h **** 	iter = container->insert(iter, __value);
 951:C:/Program Files (x86)/Arm GNU Toolchain arm-none-eabi/14.3 rel1/arm-none-eabi/include/c++/14.3.1/bits\stl_iterator.h **** 	++iter;
 952:C:/Program Files (x86)/Arm GNU Toolchain arm-none-eabi/14.3 rel1/arm-none-eabi/include/c++/14.3.1/bits\stl_iterator.h **** 	return *this;
 953:C:/Program Files (x86)/Arm GNU Toolchain arm-none-eabi/14.3 rel1/arm-none-eabi/include/c++/14.3.1/bits\stl_iterator.h ****       }
 954:C:/Program Files (x86)/Arm GNU Toolchain arm-none-eabi/14.3 rel1/arm-none-eabi/include/c++/14.3.1/bits\stl_iterator.h **** #else
 955:C:/Program Files (x86)/Arm GNU Toolchain arm-none-eabi/14.3 rel1/arm-none-eabi/include/c++/14.3.1/bits\stl_iterator.h ****       _GLIBCXX20_CONSTEXPR
 956:C:/Program Files (x86)/Arm GNU Toolchain arm-none-eabi/14.3 rel1/arm-none-eabi/include/c++/14.3.1/bits\stl_iterator.h ****       insert_iterator&
 957:C:/Program Files (x86)/Arm GNU Toolchain arm-none-eabi/14.3 rel1/arm-none-eabi/include/c++/14.3.1/bits\stl_iterator.h ****       operator=(const typename _Container::value_type& __value)
 958:C:/Program Files (x86)/Arm GNU Toolchain arm-none-eabi/14.3 rel1/arm-none-eabi/include/c++/14.3.1/bits\stl_iterator.h ****       {
 959:C:/Program Files (x86)/Arm GNU Toolchain arm-none-eabi/14.3 rel1/arm-none-eabi/include/c++/14.3.1/bits\stl_iterator.h **** 	iter = container->insert(iter, __value);
 960:C:/Program Files (x86)/Arm GNU Toolchain arm-none-eabi/14.3 rel1/arm-none-eabi/include/c++/14.3.1/bits\stl_iterator.h **** 	++iter;
 961:C:/Program Files (x86)/Arm GNU Toolchain arm-none-eabi/14.3 rel1/arm-none-eabi/include/c++/14.3.1/bits\stl_iterator.h **** 	return *this;
 962:C:/Program Files (x86)/Arm GNU Toolchain arm-none-eabi/14.3 rel1/arm-none-eabi/include/c++/14.3.1/bits\stl_iterator.h ****       }
 963:C:/Program Files (x86)/Arm GNU Toolchain arm-none-eabi/14.3 rel1/arm-none-eabi/include/c++/14.3.1/bits\stl_iterator.h **** 
 964:C:/Program Files (x86)/Arm GNU Toolchain arm-none-eabi/14.3 rel1/arm-none-eabi/include/c++/14.3.1/bits\stl_iterator.h ****       _GLIBCXX20_CONSTEXPR
 965:C:/Program Files (x86)/Arm GNU Toolchain arm-none-eabi/14.3 rel1/arm-none-eabi/include/c++/14.3.1/bits\stl_iterator.h ****       insert_iterator&
 966:C:/Program Files (x86)/Arm GNU Toolchain arm-none-eabi/14.3 rel1/arm-none-eabi/include/c++/14.3.1/bits\stl_iterator.h ****       operator=(typename _Container::value_type&& __value)
 967:C:/Program Files (x86)/Arm GNU Toolchain arm-none-eabi/14.3 rel1/arm-none-eabi/include/c++/14.3.1/bits\stl_iterator.h ****       {
 968:C:/Program Files (x86)/Arm GNU Toolchain arm-none-eabi/14.3 rel1/arm-none-eabi/include/c++/14.3.1/bits\stl_iterator.h **** 	iter = container->insert(iter, std::move(__value));
 969:C:/Program Files (x86)/Arm GNU Toolchain arm-none-eabi/14.3 rel1/arm-none-eabi/include/c++/14.3.1/bits\stl_iterator.h **** 	++iter;
 970:C:/Program Files (x86)/Arm GNU Toolchain arm-none-eabi/14.3 rel1/arm-none-eabi/include/c++/14.3.1/bits\stl_iterator.h **** 	return *this;
 971:C:/Program Files (x86)/Arm GNU Toolchain arm-none-eabi/14.3 rel1/arm-none-eabi/include/c++/14.3.1/bits\stl_iterator.h ****       }
 972:C:/Program Files (x86)/Arm GNU Toolchain arm-none-eabi/14.3 rel1/arm-none-eabi/include/c++/14.3.1/bits\stl_iterator.h **** #endif
 973:C:/Program Files (x86)/Arm GNU Toolchain arm-none-eabi/14.3 rel1/arm-none-eabi/include/c++/14.3.1/bits\stl_iterator.h **** 
 974:C:/Program Files (x86)/Arm GNU Toolchain arm-none-eabi/14.3 rel1/arm-none-eabi/include/c++/14.3.1/bits\stl_iterator.h ****       /// Simply returns *this.
 975:C:/Program Files (x86)/Arm GNU Toolchain arm-none-eabi/14.3 rel1/arm-none-eabi/include/c++/14.3.1/bits\stl_iterator.h ****       _GLIBCXX_NODISCARD _GLIBCXX20_CONSTEXPR
 976:C:/Program Files (x86)/Arm GNU Toolchain arm-none-eabi/14.3 rel1/arm-none-eabi/include/c++/14.3.1/bits\stl_iterator.h ****       insert_iterator&
 977:C:/Program Files (x86)/Arm GNU Toolchain arm-none-eabi/14.3 rel1/arm-none-eabi/include/c++/14.3.1/bits\stl_iterator.h ****       operator*()
 978:C:/Program Files (x86)/Arm GNU Toolchain arm-none-eabi/14.3 rel1/arm-none-eabi/include/c++/14.3.1/bits\stl_iterator.h ****       { return *this; }
 979:C:/Program Files (x86)/Arm GNU Toolchain arm-none-eabi/14.3 rel1/arm-none-eabi/include/c++/14.3.1/bits\stl_iterator.h **** 
 980:C:/Program Files (x86)/Arm GNU Toolchain arm-none-eabi/14.3 rel1/arm-none-eabi/include/c++/14.3.1/bits\stl_iterator.h ****       /// Simply returns *this.  (This %iterator does not @a move.)
 981:C:/Program Files (x86)/Arm GNU Toolchain arm-none-eabi/14.3 rel1/arm-none-eabi/include/c++/14.3.1/bits\stl_iterator.h ****       _GLIBCXX20_CONSTEXPR
 982:C:/Program Files (x86)/Arm GNU Toolchain arm-none-eabi/14.3 rel1/arm-none-eabi/include/c++/14.3.1/bits\stl_iterator.h ****       insert_iterator&
 983:C:/Program Files (x86)/Arm GNU Toolchain arm-none-eabi/14.3 rel1/arm-none-eabi/include/c++/14.3.1/bits\stl_iterator.h ****       operator++()
 984:C:/Program Files (x86)/Arm GNU Toolchain arm-none-eabi/14.3 rel1/arm-none-eabi/include/c++/14.3.1/bits\stl_iterator.h ****       { return *this; }
 985:C:/Program Files (x86)/Arm GNU Toolchain arm-none-eabi/14.3 rel1/arm-none-eabi/include/c++/14.3.1/bits\stl_iterator.h **** 
 986:C:/Program Files (x86)/Arm GNU Toolchain arm-none-eabi/14.3 rel1/arm-none-eabi/include/c++/14.3.1/bits\stl_iterator.h ****       /// Simply returns *this.  (This %iterator does not @a move.)
 987:C:/Program Files (x86)/Arm GNU Toolchain arm-none-eabi/14.3 rel1/arm-none-eabi/include/c++/14.3.1/bits\stl_iterator.h ****       _GLIBCXX20_CONSTEXPR
 988:C:/Program Files (x86)/Arm GNU Toolchain arm-none-eabi/14.3 rel1/arm-none-eabi/include/c++/14.3.1/bits\stl_iterator.h ****       insert_iterator&
 989:C:/Program Files (x86)/Arm GNU Toolchain arm-none-eabi/14.3 rel1/arm-none-eabi/include/c++/14.3.1/bits\stl_iterator.h ****       operator++(int)
 990:C:/Program Files (x86)/Arm GNU Toolchain arm-none-eabi/14.3 rel1/arm-none-eabi/include/c++/14.3.1/bits\stl_iterator.h ****       { return *this; }
 991:C:/Program Files (x86)/Arm GNU Toolchain arm-none-eabi/14.3 rel1/arm-none-eabi/include/c++/14.3.1/bits\stl_iterator.h ****     };
 992:C:/Program Files (x86)/Arm GNU Toolchain arm-none-eabi/14.3 rel1/arm-none-eabi/include/c++/14.3.1/bits\stl_iterator.h **** 
 993:C:/Program Files (x86)/Arm GNU Toolchain arm-none-eabi/14.3 rel1/arm-none-eabi/include/c++/14.3.1/bits\stl_iterator.h **** #pragma GCC diagnostic pop
 994:C:/Program Files (x86)/Arm GNU Toolchain arm-none-eabi/14.3 rel1/arm-none-eabi/include/c++/14.3.1/bits\stl_iterator.h **** 
 995:C:/Program Files (x86)/Arm GNU Toolchain arm-none-eabi/14.3 rel1/arm-none-eabi/include/c++/14.3.1/bits\stl_iterator.h ****   /**
 996:C:/Program Files (x86)/Arm GNU Toolchain arm-none-eabi/14.3 rel1/arm-none-eabi/include/c++/14.3.1/bits\stl_iterator.h ****    *  @param __x  A container of arbitrary type.
 997:C:/Program Files (x86)/Arm GNU Toolchain arm-none-eabi/14.3 rel1/arm-none-eabi/include/c++/14.3.1/bits\stl_iterator.h ****    *  @param __i  An iterator into the container.
 998:C:/Program Files (x86)/Arm GNU Toolchain arm-none-eabi/14.3 rel1/arm-none-eabi/include/c++/14.3.1/bits\stl_iterator.h ****    *  @return  An instance of insert_iterator working on @p __x.
 999:C:/Program Files (x86)/Arm GNU Toolchain arm-none-eabi/14.3 rel1/arm-none-eabi/include/c++/14.3.1/bits\stl_iterator.h ****    *
1000:C:/Program Files (x86)/Arm GNU Toolchain arm-none-eabi/14.3 rel1/arm-none-eabi/include/c++/14.3.1/bits\stl_iterator.h ****    *  This wrapper function helps in creating insert_iterator instances.
1001:C:/Program Files (x86)/Arm GNU Toolchain arm-none-eabi/14.3 rel1/arm-none-eabi/include/c++/14.3.1/bits\stl_iterator.h ****    *  Typing the name of the %iterator requires knowing the precise full
1002:C:/Program Files (x86)/Arm GNU Toolchain arm-none-eabi/14.3 rel1/arm-none-eabi/include/c++/14.3.1/bits\stl_iterator.h ****    *  type of the container, which can be tedious and impedes generic
1003:C:/Program Files (x86)/Arm GNU Toolchain arm-none-eabi/14.3 rel1/arm-none-eabi/include/c++/14.3.1/bits\stl_iterator.h ****    *  programming.  Using this function lets you take advantage of automatic
1004:C:/Program Files (x86)/Arm GNU Toolchain arm-none-eabi/14.3 rel1/arm-none-eabi/include/c++/14.3.1/bits\stl_iterator.h ****    *  template parameter deduction, making the compiler match the correct
ARM GAS  C:\Users\Oliver\AppData\Local\Temp\cclFZbsF.s 			page 63


1005:C:/Program Files (x86)/Arm GNU Toolchain arm-none-eabi/14.3 rel1/arm-none-eabi/include/c++/14.3.1/bits\stl_iterator.h ****    *  types for you.
1006:C:/Program Files (x86)/Arm GNU Toolchain arm-none-eabi/14.3 rel1/arm-none-eabi/include/c++/14.3.1/bits\stl_iterator.h ****   */
1007:C:/Program Files (x86)/Arm GNU Toolchain arm-none-eabi/14.3 rel1/arm-none-eabi/include/c++/14.3.1/bits\stl_iterator.h **** #if __cplusplus > 201703L && defined __glibcxx_concepts
1008:C:/Program Files (x86)/Arm GNU Toolchain arm-none-eabi/14.3 rel1/arm-none-eabi/include/c++/14.3.1/bits\stl_iterator.h ****   template<typename _Container>
1009:C:/Program Files (x86)/Arm GNU Toolchain arm-none-eabi/14.3 rel1/arm-none-eabi/include/c++/14.3.1/bits\stl_iterator.h ****     [[nodiscard]]
1010:C:/Program Files (x86)/Arm GNU Toolchain arm-none-eabi/14.3 rel1/arm-none-eabi/include/c++/14.3.1/bits\stl_iterator.h ****     constexpr insert_iterator<_Container>
1011:C:/Program Files (x86)/Arm GNU Toolchain arm-none-eabi/14.3 rel1/arm-none-eabi/include/c++/14.3.1/bits\stl_iterator.h ****     inserter(_Container& __x, std::__detail::__range_iter_t<_Container> __i)
1012:C:/Program Files (x86)/Arm GNU Toolchain arm-none-eabi/14.3 rel1/arm-none-eabi/include/c++/14.3.1/bits\stl_iterator.h ****     { return insert_iterator<_Container>(__x, __i); }
1013:C:/Program Files (x86)/Arm GNU Toolchain arm-none-eabi/14.3 rel1/arm-none-eabi/include/c++/14.3.1/bits\stl_iterator.h **** #else
1014:C:/Program Files (x86)/Arm GNU Toolchain arm-none-eabi/14.3 rel1/arm-none-eabi/include/c++/14.3.1/bits\stl_iterator.h ****   template<typename _Container>
1015:C:/Program Files (x86)/Arm GNU Toolchain arm-none-eabi/14.3 rel1/arm-none-eabi/include/c++/14.3.1/bits\stl_iterator.h ****     _GLIBCXX_NODISCARD
1016:C:/Program Files (x86)/Arm GNU Toolchain arm-none-eabi/14.3 rel1/arm-none-eabi/include/c++/14.3.1/bits\stl_iterator.h ****     inline insert_iterator<_Container>
1017:C:/Program Files (x86)/Arm GNU Toolchain arm-none-eabi/14.3 rel1/arm-none-eabi/include/c++/14.3.1/bits\stl_iterator.h ****     inserter(_Container& __x, typename _Container::iterator __i)
1018:C:/Program Files (x86)/Arm GNU Toolchain arm-none-eabi/14.3 rel1/arm-none-eabi/include/c++/14.3.1/bits\stl_iterator.h ****     { return insert_iterator<_Container>(__x, __i); }
1019:C:/Program Files (x86)/Arm GNU Toolchain arm-none-eabi/14.3 rel1/arm-none-eabi/include/c++/14.3.1/bits\stl_iterator.h **** #endif
1020:C:/Program Files (x86)/Arm GNU Toolchain arm-none-eabi/14.3 rel1/arm-none-eabi/include/c++/14.3.1/bits\stl_iterator.h **** 
1021:C:/Program Files (x86)/Arm GNU Toolchain arm-none-eabi/14.3 rel1/arm-none-eabi/include/c++/14.3.1/bits\stl_iterator.h ****   /// @} group iterators
1022:C:/Program Files (x86)/Arm GNU Toolchain arm-none-eabi/14.3 rel1/arm-none-eabi/include/c++/14.3.1/bits\stl_iterator.h **** 
1023:C:/Program Files (x86)/Arm GNU Toolchain arm-none-eabi/14.3 rel1/arm-none-eabi/include/c++/14.3.1/bits\stl_iterator.h **** _GLIBCXX_END_NAMESPACE_VERSION
1024:C:/Program Files (x86)/Arm GNU Toolchain arm-none-eabi/14.3 rel1/arm-none-eabi/include/c++/14.3.1/bits\stl_iterator.h **** } // namespace
1025:C:/Program Files (x86)/Arm GNU Toolchain arm-none-eabi/14.3 rel1/arm-none-eabi/include/c++/14.3.1/bits\stl_iterator.h **** 
1026:C:/Program Files (x86)/Arm GNU Toolchain arm-none-eabi/14.3 rel1/arm-none-eabi/include/c++/14.3.1/bits\stl_iterator.h **** namespace __gnu_cxx _GLIBCXX_VISIBILITY(default)
1027:C:/Program Files (x86)/Arm GNU Toolchain arm-none-eabi/14.3 rel1/arm-none-eabi/include/c++/14.3.1/bits\stl_iterator.h **** {
1028:C:/Program Files (x86)/Arm GNU Toolchain arm-none-eabi/14.3 rel1/arm-none-eabi/include/c++/14.3.1/bits\stl_iterator.h **** _GLIBCXX_BEGIN_NAMESPACE_VERSION
1029:C:/Program Files (x86)/Arm GNU Toolchain arm-none-eabi/14.3 rel1/arm-none-eabi/include/c++/14.3.1/bits\stl_iterator.h **** 
1030:C:/Program Files (x86)/Arm GNU Toolchain arm-none-eabi/14.3 rel1/arm-none-eabi/include/c++/14.3.1/bits\stl_iterator.h ****   // This iterator adapter is @a normal in the sense that it does not
1031:C:/Program Files (x86)/Arm GNU Toolchain arm-none-eabi/14.3 rel1/arm-none-eabi/include/c++/14.3.1/bits\stl_iterator.h ****   // change the semantics of any of the operators of its iterator
1032:C:/Program Files (x86)/Arm GNU Toolchain arm-none-eabi/14.3 rel1/arm-none-eabi/include/c++/14.3.1/bits\stl_iterator.h ****   // parameter.  Its primary purpose is to convert an iterator that is
1033:C:/Program Files (x86)/Arm GNU Toolchain arm-none-eabi/14.3 rel1/arm-none-eabi/include/c++/14.3.1/bits\stl_iterator.h ****   // not a class, e.g. a pointer, into an iterator that is a class.
1034:C:/Program Files (x86)/Arm GNU Toolchain arm-none-eabi/14.3 rel1/arm-none-eabi/include/c++/14.3.1/bits\stl_iterator.h ****   // The _Container parameter exists solely so that different containers
1035:C:/Program Files (x86)/Arm GNU Toolchain arm-none-eabi/14.3 rel1/arm-none-eabi/include/c++/14.3.1/bits\stl_iterator.h ****   // using this template can instantiate different types, even if the
1036:C:/Program Files (x86)/Arm GNU Toolchain arm-none-eabi/14.3 rel1/arm-none-eabi/include/c++/14.3.1/bits\stl_iterator.h ****   // _Iterator parameter is the same.
1037:C:/Program Files (x86)/Arm GNU Toolchain arm-none-eabi/14.3 rel1/arm-none-eabi/include/c++/14.3.1/bits\stl_iterator.h ****   template<typename _Iterator, typename _Container>
1038:C:/Program Files (x86)/Arm GNU Toolchain arm-none-eabi/14.3 rel1/arm-none-eabi/include/c++/14.3.1/bits\stl_iterator.h ****     class __normal_iterator
1039:C:/Program Files (x86)/Arm GNU Toolchain arm-none-eabi/14.3 rel1/arm-none-eabi/include/c++/14.3.1/bits\stl_iterator.h ****     {
1040:C:/Program Files (x86)/Arm GNU Toolchain arm-none-eabi/14.3 rel1/arm-none-eabi/include/c++/14.3.1/bits\stl_iterator.h ****     protected:
1041:C:/Program Files (x86)/Arm GNU Toolchain arm-none-eabi/14.3 rel1/arm-none-eabi/include/c++/14.3.1/bits\stl_iterator.h ****       _Iterator _M_current;
1042:C:/Program Files (x86)/Arm GNU Toolchain arm-none-eabi/14.3 rel1/arm-none-eabi/include/c++/14.3.1/bits\stl_iterator.h **** 
1043:C:/Program Files (x86)/Arm GNU Toolchain arm-none-eabi/14.3 rel1/arm-none-eabi/include/c++/14.3.1/bits\stl_iterator.h ****       typedef std::iterator_traits<_Iterator>		__traits_type;
1044:C:/Program Files (x86)/Arm GNU Toolchain arm-none-eabi/14.3 rel1/arm-none-eabi/include/c++/14.3.1/bits\stl_iterator.h **** 
1045:C:/Program Files (x86)/Arm GNU Toolchain arm-none-eabi/14.3 rel1/arm-none-eabi/include/c++/14.3.1/bits\stl_iterator.h **** #if __cplusplus >= 201103L
1046:C:/Program Files (x86)/Arm GNU Toolchain arm-none-eabi/14.3 rel1/arm-none-eabi/include/c++/14.3.1/bits\stl_iterator.h ****       template<typename _Iter>
1047:C:/Program Files (x86)/Arm GNU Toolchain arm-none-eabi/14.3 rel1/arm-none-eabi/include/c++/14.3.1/bits\stl_iterator.h **** 	using __convertible_from
1048:C:/Program Files (x86)/Arm GNU Toolchain arm-none-eabi/14.3 rel1/arm-none-eabi/include/c++/14.3.1/bits\stl_iterator.h **** 	  = std::__enable_if_t<std::is_convertible<_Iter, _Iterator>::value>;
1049:C:/Program Files (x86)/Arm GNU Toolchain arm-none-eabi/14.3 rel1/arm-none-eabi/include/c++/14.3.1/bits\stl_iterator.h **** #endif
1050:C:/Program Files (x86)/Arm GNU Toolchain arm-none-eabi/14.3 rel1/arm-none-eabi/include/c++/14.3.1/bits\stl_iterator.h **** 
1051:C:/Program Files (x86)/Arm GNU Toolchain arm-none-eabi/14.3 rel1/arm-none-eabi/include/c++/14.3.1/bits\stl_iterator.h ****     public:
1052:C:/Program Files (x86)/Arm GNU Toolchain arm-none-eabi/14.3 rel1/arm-none-eabi/include/c++/14.3.1/bits\stl_iterator.h ****       typedef _Iterator					iterator_type;
1053:C:/Program Files (x86)/Arm GNU Toolchain arm-none-eabi/14.3 rel1/arm-none-eabi/include/c++/14.3.1/bits\stl_iterator.h ****       typedef typename __traits_type::iterator_category iterator_category;
1054:C:/Program Files (x86)/Arm GNU Toolchain arm-none-eabi/14.3 rel1/arm-none-eabi/include/c++/14.3.1/bits\stl_iterator.h ****       typedef typename __traits_type::value_type  	value_type;
1055:C:/Program Files (x86)/Arm GNU Toolchain arm-none-eabi/14.3 rel1/arm-none-eabi/include/c++/14.3.1/bits\stl_iterator.h ****       typedef typename __traits_type::difference_type 	difference_type;
1056:C:/Program Files (x86)/Arm GNU Toolchain arm-none-eabi/14.3 rel1/arm-none-eabi/include/c++/14.3.1/bits\stl_iterator.h ****       typedef typename __traits_type::reference 	reference;
1057:C:/Program Files (x86)/Arm GNU Toolchain arm-none-eabi/14.3 rel1/arm-none-eabi/include/c++/14.3.1/bits\stl_iterator.h ****       typedef typename __traits_type::pointer   	pointer;
1058:C:/Program Files (x86)/Arm GNU Toolchain arm-none-eabi/14.3 rel1/arm-none-eabi/include/c++/14.3.1/bits\stl_iterator.h **** 
1059:C:/Program Files (x86)/Arm GNU Toolchain arm-none-eabi/14.3 rel1/arm-none-eabi/include/c++/14.3.1/bits\stl_iterator.h **** #if __cplusplus > 201703L && __glibcxx_concepts
1060:C:/Program Files (x86)/Arm GNU Toolchain arm-none-eabi/14.3 rel1/arm-none-eabi/include/c++/14.3.1/bits\stl_iterator.h ****       using iterator_concept = std::__detail::__iter_concept<_Iterator>;
1061:C:/Program Files (x86)/Arm GNU Toolchain arm-none-eabi/14.3 rel1/arm-none-eabi/include/c++/14.3.1/bits\stl_iterator.h **** #endif
ARM GAS  C:\Users\Oliver\AppData\Local\Temp\cclFZbsF.s 			page 64


1062:C:/Program Files (x86)/Arm GNU Toolchain arm-none-eabi/14.3 rel1/arm-none-eabi/include/c++/14.3.1/bits\stl_iterator.h **** 
1063:C:/Program Files (x86)/Arm GNU Toolchain arm-none-eabi/14.3 rel1/arm-none-eabi/include/c++/14.3.1/bits\stl_iterator.h ****       _GLIBCXX_CONSTEXPR __normal_iterator() _GLIBCXX_NOEXCEPT
1064:C:/Program Files (x86)/Arm GNU Toolchain arm-none-eabi/14.3 rel1/arm-none-eabi/include/c++/14.3.1/bits\stl_iterator.h ****       : _M_current(_Iterator()) { }
1065:C:/Program Files (x86)/Arm GNU Toolchain arm-none-eabi/14.3 rel1/arm-none-eabi/include/c++/14.3.1/bits\stl_iterator.h **** 
1066:C:/Program Files (x86)/Arm GNU Toolchain arm-none-eabi/14.3 rel1/arm-none-eabi/include/c++/14.3.1/bits\stl_iterator.h ****       explicit _GLIBCXX20_CONSTEXPR
1067:C:/Program Files (x86)/Arm GNU Toolchain arm-none-eabi/14.3 rel1/arm-none-eabi/include/c++/14.3.1/bits\stl_iterator.h ****       __normal_iterator(const _Iterator& __i) _GLIBCXX_NOEXCEPT
 990              		.loc 3 1067 7 view .LVU234
 991              		.loc 3 1067 7 is_stmt 0 view .LVU235
 992              	.LBE155:
 993              	.LBE154:
 994              	.LBB156:
 995              	.LBI156:
1068:C:/Program Files (x86)/Arm GNU Toolchain arm-none-eabi/14.3 rel1/arm-none-eabi/include/c++/14.3.1/bits\stl_iterator.h ****       : _M_current(__i) { }
1069:C:/Program Files (x86)/Arm GNU Toolchain arm-none-eabi/14.3 rel1/arm-none-eabi/include/c++/14.3.1/bits\stl_iterator.h **** 
1070:C:/Program Files (x86)/Arm GNU Toolchain arm-none-eabi/14.3 rel1/arm-none-eabi/include/c++/14.3.1/bits\stl_iterator.h ****       // Allow iterator to const_iterator conversion
1071:C:/Program Files (x86)/Arm GNU Toolchain arm-none-eabi/14.3 rel1/arm-none-eabi/include/c++/14.3.1/bits\stl_iterator.h **** #if __cplusplus >= 201103L
1072:C:/Program Files (x86)/Arm GNU Toolchain arm-none-eabi/14.3 rel1/arm-none-eabi/include/c++/14.3.1/bits\stl_iterator.h ****       template<typename _Iter, typename = __convertible_from<_Iter>>
1073:C:/Program Files (x86)/Arm GNU Toolchain arm-none-eabi/14.3 rel1/arm-none-eabi/include/c++/14.3.1/bits\stl_iterator.h **** 	_GLIBCXX20_CONSTEXPR
1074:C:/Program Files (x86)/Arm GNU Toolchain arm-none-eabi/14.3 rel1/arm-none-eabi/include/c++/14.3.1/bits\stl_iterator.h **** 	__normal_iterator(const __normal_iterator<_Iter, _Container>& __i)
1075:C:/Program Files (x86)/Arm GNU Toolchain arm-none-eabi/14.3 rel1/arm-none-eabi/include/c++/14.3.1/bits\stl_iterator.h **** 	noexcept
1076:C:/Program Files (x86)/Arm GNU Toolchain arm-none-eabi/14.3 rel1/arm-none-eabi/include/c++/14.3.1/bits\stl_iterator.h **** #else
1077:C:/Program Files (x86)/Arm GNU Toolchain arm-none-eabi/14.3 rel1/arm-none-eabi/include/c++/14.3.1/bits\stl_iterator.h ****       // N.B. _Container::pointer is not actually in container requirements,
1078:C:/Program Files (x86)/Arm GNU Toolchain arm-none-eabi/14.3 rel1/arm-none-eabi/include/c++/14.3.1/bits\stl_iterator.h ****       // but is present in std::vector and std::basic_string.
1079:C:/Program Files (x86)/Arm GNU Toolchain arm-none-eabi/14.3 rel1/arm-none-eabi/include/c++/14.3.1/bits\stl_iterator.h ****       template<typename _Iter>
1080:C:/Program Files (x86)/Arm GNU Toolchain arm-none-eabi/14.3 rel1/arm-none-eabi/include/c++/14.3.1/bits\stl_iterator.h ****         __normal_iterator(const __normal_iterator<_Iter,
1081:C:/Program Files (x86)/Arm GNU Toolchain arm-none-eabi/14.3 rel1/arm-none-eabi/include/c++/14.3.1/bits\stl_iterator.h **** 			  typename __enable_if<
1082:C:/Program Files (x86)/Arm GNU Toolchain arm-none-eabi/14.3 rel1/arm-none-eabi/include/c++/14.3.1/bits\stl_iterator.h **** 	       (std::__are_same<_Iter, typename _Container::pointer>::__value),
1083:C:/Program Files (x86)/Arm GNU Toolchain arm-none-eabi/14.3 rel1/arm-none-eabi/include/c++/14.3.1/bits\stl_iterator.h **** 		      _Container>::__type>& __i)
1084:C:/Program Files (x86)/Arm GNU Toolchain arm-none-eabi/14.3 rel1/arm-none-eabi/include/c++/14.3.1/bits\stl_iterator.h **** #endif
1085:C:/Program Files (x86)/Arm GNU Toolchain arm-none-eabi/14.3 rel1/arm-none-eabi/include/c++/14.3.1/bits\stl_iterator.h ****         : _M_current(__i.base()) { }
1086:C:/Program Files (x86)/Arm GNU Toolchain arm-none-eabi/14.3 rel1/arm-none-eabi/include/c++/14.3.1/bits\stl_iterator.h **** 
1087:C:/Program Files (x86)/Arm GNU Toolchain arm-none-eabi/14.3 rel1/arm-none-eabi/include/c++/14.3.1/bits\stl_iterator.h ****       // Forward iterator requirements
1088:C:/Program Files (x86)/Arm GNU Toolchain arm-none-eabi/14.3 rel1/arm-none-eabi/include/c++/14.3.1/bits\stl_iterator.h ****       _GLIBCXX20_CONSTEXPR
1089:C:/Program Files (x86)/Arm GNU Toolchain arm-none-eabi/14.3 rel1/arm-none-eabi/include/c++/14.3.1/bits\stl_iterator.h ****       reference
1090:C:/Program Files (x86)/Arm GNU Toolchain arm-none-eabi/14.3 rel1/arm-none-eabi/include/c++/14.3.1/bits\stl_iterator.h ****       operator*() const _GLIBCXX_NOEXCEPT
1091:C:/Program Files (x86)/Arm GNU Toolchain arm-none-eabi/14.3 rel1/arm-none-eabi/include/c++/14.3.1/bits\stl_iterator.h ****       { return *_M_current; }
1092:C:/Program Files (x86)/Arm GNU Toolchain arm-none-eabi/14.3 rel1/arm-none-eabi/include/c++/14.3.1/bits\stl_iterator.h **** 
1093:C:/Program Files (x86)/Arm GNU Toolchain arm-none-eabi/14.3 rel1/arm-none-eabi/include/c++/14.3.1/bits\stl_iterator.h ****       _GLIBCXX20_CONSTEXPR
1094:C:/Program Files (x86)/Arm GNU Toolchain arm-none-eabi/14.3 rel1/arm-none-eabi/include/c++/14.3.1/bits\stl_iterator.h ****       pointer
1095:C:/Program Files (x86)/Arm GNU Toolchain arm-none-eabi/14.3 rel1/arm-none-eabi/include/c++/14.3.1/bits\stl_iterator.h ****       operator->() const _GLIBCXX_NOEXCEPT
1096:C:/Program Files (x86)/Arm GNU Toolchain arm-none-eabi/14.3 rel1/arm-none-eabi/include/c++/14.3.1/bits\stl_iterator.h ****       { return _M_current; }
1097:C:/Program Files (x86)/Arm GNU Toolchain arm-none-eabi/14.3 rel1/arm-none-eabi/include/c++/14.3.1/bits\stl_iterator.h **** 
1098:C:/Program Files (x86)/Arm GNU Toolchain arm-none-eabi/14.3 rel1/arm-none-eabi/include/c++/14.3.1/bits\stl_iterator.h ****       _GLIBCXX20_CONSTEXPR
1099:C:/Program Files (x86)/Arm GNU Toolchain arm-none-eabi/14.3 rel1/arm-none-eabi/include/c++/14.3.1/bits\stl_iterator.h ****       __normal_iterator&
1100:C:/Program Files (x86)/Arm GNU Toolchain arm-none-eabi/14.3 rel1/arm-none-eabi/include/c++/14.3.1/bits\stl_iterator.h ****       operator++() _GLIBCXX_NOEXCEPT
1101:C:/Program Files (x86)/Arm GNU Toolchain arm-none-eabi/14.3 rel1/arm-none-eabi/include/c++/14.3.1/bits\stl_iterator.h ****       {
1102:C:/Program Files (x86)/Arm GNU Toolchain arm-none-eabi/14.3 rel1/arm-none-eabi/include/c++/14.3.1/bits\stl_iterator.h **** 	++_M_current;
1103:C:/Program Files (x86)/Arm GNU Toolchain arm-none-eabi/14.3 rel1/arm-none-eabi/include/c++/14.3.1/bits\stl_iterator.h **** 	return *this;
1104:C:/Program Files (x86)/Arm GNU Toolchain arm-none-eabi/14.3 rel1/arm-none-eabi/include/c++/14.3.1/bits\stl_iterator.h ****       }
1105:C:/Program Files (x86)/Arm GNU Toolchain arm-none-eabi/14.3 rel1/arm-none-eabi/include/c++/14.3.1/bits\stl_iterator.h **** 
1106:C:/Program Files (x86)/Arm GNU Toolchain arm-none-eabi/14.3 rel1/arm-none-eabi/include/c++/14.3.1/bits\stl_iterator.h ****       _GLIBCXX20_CONSTEXPR
1107:C:/Program Files (x86)/Arm GNU Toolchain arm-none-eabi/14.3 rel1/arm-none-eabi/include/c++/14.3.1/bits\stl_iterator.h ****       __normal_iterator
1108:C:/Program Files (x86)/Arm GNU Toolchain arm-none-eabi/14.3 rel1/arm-none-eabi/include/c++/14.3.1/bits\stl_iterator.h ****       operator++(int) _GLIBCXX_NOEXCEPT
1109:C:/Program Files (x86)/Arm GNU Toolchain arm-none-eabi/14.3 rel1/arm-none-eabi/include/c++/14.3.1/bits\stl_iterator.h ****       { return __normal_iterator(_M_current++); }
1110:C:/Program Files (x86)/Arm GNU Toolchain arm-none-eabi/14.3 rel1/arm-none-eabi/include/c++/14.3.1/bits\stl_iterator.h **** 
1111:C:/Program Files (x86)/Arm GNU Toolchain arm-none-eabi/14.3 rel1/arm-none-eabi/include/c++/14.3.1/bits\stl_iterator.h ****       // Bidirectional iterator requirements
1112:C:/Program Files (x86)/Arm GNU Toolchain arm-none-eabi/14.3 rel1/arm-none-eabi/include/c++/14.3.1/bits\stl_iterator.h ****       _GLIBCXX20_CONSTEXPR
ARM GAS  C:\Users\Oliver\AppData\Local\Temp\cclFZbsF.s 			page 65


1113:C:/Program Files (x86)/Arm GNU Toolchain arm-none-eabi/14.3 rel1/arm-none-eabi/include/c++/14.3.1/bits\stl_iterator.h ****       __normal_iterator&
1114:C:/Program Files (x86)/Arm GNU Toolchain arm-none-eabi/14.3 rel1/arm-none-eabi/include/c++/14.3.1/bits\stl_iterator.h ****       operator--() _GLIBCXX_NOEXCEPT
1115:C:/Program Files (x86)/Arm GNU Toolchain arm-none-eabi/14.3 rel1/arm-none-eabi/include/c++/14.3.1/bits\stl_iterator.h ****       {
1116:C:/Program Files (x86)/Arm GNU Toolchain arm-none-eabi/14.3 rel1/arm-none-eabi/include/c++/14.3.1/bits\stl_iterator.h **** 	--_M_current;
1117:C:/Program Files (x86)/Arm GNU Toolchain arm-none-eabi/14.3 rel1/arm-none-eabi/include/c++/14.3.1/bits\stl_iterator.h **** 	return *this;
1118:C:/Program Files (x86)/Arm GNU Toolchain arm-none-eabi/14.3 rel1/arm-none-eabi/include/c++/14.3.1/bits\stl_iterator.h ****       }
1119:C:/Program Files (x86)/Arm GNU Toolchain arm-none-eabi/14.3 rel1/arm-none-eabi/include/c++/14.3.1/bits\stl_iterator.h **** 
1120:C:/Program Files (x86)/Arm GNU Toolchain arm-none-eabi/14.3 rel1/arm-none-eabi/include/c++/14.3.1/bits\stl_iterator.h ****       _GLIBCXX20_CONSTEXPR
1121:C:/Program Files (x86)/Arm GNU Toolchain arm-none-eabi/14.3 rel1/arm-none-eabi/include/c++/14.3.1/bits\stl_iterator.h ****       __normal_iterator
1122:C:/Program Files (x86)/Arm GNU Toolchain arm-none-eabi/14.3 rel1/arm-none-eabi/include/c++/14.3.1/bits\stl_iterator.h ****       operator--(int) _GLIBCXX_NOEXCEPT
1123:C:/Program Files (x86)/Arm GNU Toolchain arm-none-eabi/14.3 rel1/arm-none-eabi/include/c++/14.3.1/bits\stl_iterator.h ****       { return __normal_iterator(_M_current--); }
1124:C:/Program Files (x86)/Arm GNU Toolchain arm-none-eabi/14.3 rel1/arm-none-eabi/include/c++/14.3.1/bits\stl_iterator.h **** 
1125:C:/Program Files (x86)/Arm GNU Toolchain arm-none-eabi/14.3 rel1/arm-none-eabi/include/c++/14.3.1/bits\stl_iterator.h ****       // Random access iterator requirements
1126:C:/Program Files (x86)/Arm GNU Toolchain arm-none-eabi/14.3 rel1/arm-none-eabi/include/c++/14.3.1/bits\stl_iterator.h ****       _GLIBCXX20_CONSTEXPR
1127:C:/Program Files (x86)/Arm GNU Toolchain arm-none-eabi/14.3 rel1/arm-none-eabi/include/c++/14.3.1/bits\stl_iterator.h ****       reference
1128:C:/Program Files (x86)/Arm GNU Toolchain arm-none-eabi/14.3 rel1/arm-none-eabi/include/c++/14.3.1/bits\stl_iterator.h ****       operator[](difference_type __n) const _GLIBCXX_NOEXCEPT
1129:C:/Program Files (x86)/Arm GNU Toolchain arm-none-eabi/14.3 rel1/arm-none-eabi/include/c++/14.3.1/bits\stl_iterator.h ****       { return _M_current[__n]; }
1130:C:/Program Files (x86)/Arm GNU Toolchain arm-none-eabi/14.3 rel1/arm-none-eabi/include/c++/14.3.1/bits\stl_iterator.h **** 
1131:C:/Program Files (x86)/Arm GNU Toolchain arm-none-eabi/14.3 rel1/arm-none-eabi/include/c++/14.3.1/bits\stl_iterator.h ****       _GLIBCXX20_CONSTEXPR
1132:C:/Program Files (x86)/Arm GNU Toolchain arm-none-eabi/14.3 rel1/arm-none-eabi/include/c++/14.3.1/bits\stl_iterator.h ****       __normal_iterator&
1133:C:/Program Files (x86)/Arm GNU Toolchain arm-none-eabi/14.3 rel1/arm-none-eabi/include/c++/14.3.1/bits\stl_iterator.h ****       operator+=(difference_type __n) _GLIBCXX_NOEXCEPT
1134:C:/Program Files (x86)/Arm GNU Toolchain arm-none-eabi/14.3 rel1/arm-none-eabi/include/c++/14.3.1/bits\stl_iterator.h ****       { _M_current += __n; return *this; }
1135:C:/Program Files (x86)/Arm GNU Toolchain arm-none-eabi/14.3 rel1/arm-none-eabi/include/c++/14.3.1/bits\stl_iterator.h **** 
1136:C:/Program Files (x86)/Arm GNU Toolchain arm-none-eabi/14.3 rel1/arm-none-eabi/include/c++/14.3.1/bits\stl_iterator.h ****       _GLIBCXX20_CONSTEXPR
1137:C:/Program Files (x86)/Arm GNU Toolchain arm-none-eabi/14.3 rel1/arm-none-eabi/include/c++/14.3.1/bits\stl_iterator.h ****       __normal_iterator
1138:C:/Program Files (x86)/Arm GNU Toolchain arm-none-eabi/14.3 rel1/arm-none-eabi/include/c++/14.3.1/bits\stl_iterator.h ****       operator+(difference_type __n) const _GLIBCXX_NOEXCEPT
1139:C:/Program Files (x86)/Arm GNU Toolchain arm-none-eabi/14.3 rel1/arm-none-eabi/include/c++/14.3.1/bits\stl_iterator.h ****       { return __normal_iterator(_M_current + __n); }
1140:C:/Program Files (x86)/Arm GNU Toolchain arm-none-eabi/14.3 rel1/arm-none-eabi/include/c++/14.3.1/bits\stl_iterator.h **** 
1141:C:/Program Files (x86)/Arm GNU Toolchain arm-none-eabi/14.3 rel1/arm-none-eabi/include/c++/14.3.1/bits\stl_iterator.h ****       _GLIBCXX20_CONSTEXPR
1142:C:/Program Files (x86)/Arm GNU Toolchain arm-none-eabi/14.3 rel1/arm-none-eabi/include/c++/14.3.1/bits\stl_iterator.h ****       __normal_iterator&
1143:C:/Program Files (x86)/Arm GNU Toolchain arm-none-eabi/14.3 rel1/arm-none-eabi/include/c++/14.3.1/bits\stl_iterator.h ****       operator-=(difference_type __n) _GLIBCXX_NOEXCEPT
1144:C:/Program Files (x86)/Arm GNU Toolchain arm-none-eabi/14.3 rel1/arm-none-eabi/include/c++/14.3.1/bits\stl_iterator.h ****       { _M_current -= __n; return *this; }
1145:C:/Program Files (x86)/Arm GNU Toolchain arm-none-eabi/14.3 rel1/arm-none-eabi/include/c++/14.3.1/bits\stl_iterator.h **** 
1146:C:/Program Files (x86)/Arm GNU Toolchain arm-none-eabi/14.3 rel1/arm-none-eabi/include/c++/14.3.1/bits\stl_iterator.h ****       _GLIBCXX20_CONSTEXPR
1147:C:/Program Files (x86)/Arm GNU Toolchain arm-none-eabi/14.3 rel1/arm-none-eabi/include/c++/14.3.1/bits\stl_iterator.h ****       __normal_iterator
1148:C:/Program Files (x86)/Arm GNU Toolchain arm-none-eabi/14.3 rel1/arm-none-eabi/include/c++/14.3.1/bits\stl_iterator.h ****       operator-(difference_type __n) const _GLIBCXX_NOEXCEPT
 996              		.loc 3 1148 7 is_stmt 1 view .LVU236
 997              	.LBB157:
 998              	.LBI157:
1067:C:/Program Files (x86)/Arm GNU Toolchain arm-none-eabi/14.3 rel1/arm-none-eabi/include/c++/14.3.1/bits\stl_iterator.h ****       : _M_current(__i) { }
 999              		.loc 3 1067 7 view .LVU237
1067:C:/Program Files (x86)/Arm GNU Toolchain arm-none-eabi/14.3 rel1/arm-none-eabi/include/c++/14.3.1/bits\stl_iterator.h ****       : _M_current(__i) { }
 1000              		.loc 3 1067 7 is_stmt 0 view .LVU238
 1001              	.LBE157:
 1002              	.LBE156:
 1003              	.LBE153:
  42:effects/mysteriouseffect.cpp ****     parameters_.back()->SetScaleFactor(100.0f);
 1004              		.loc 1 42 39 discriminator 1 view .LVU239
 1005 0046 E368     		ldr	r3, [r4, #12]
 1006 0048 0121     		movs	r1, #1
  45:effects/mysteriouseffect.cpp **** 
 1007              		.loc 1 45 111 discriminator 1 view .LVU240
 1008 004a 0125     		movs	r5, #1
  42:effects/mysteriouseffect.cpp ****     parameters_.back()->SetScaleFactor(100.0f);
 1009              		.loc 1 42 39 discriminator 1 view .LVU241
 1010 004c 53F8040C 		ldr	r0, [r3, #-4]
 1011 0050 FFF7FEFF 		bl	_ZN11perspective15EffectParameter14SetDisplayTypeENS_11DisplayTypeE
ARM GAS  C:\Users\Oliver\AppData\Local\Temp\cclFZbsF.s 			page 66


 1012              	.LVL107:
  43:effects/mysteriouseffect.cpp **** 
 1013              		.loc 1 43 5 is_stmt 1 view .LVU242
 1014              	.LBB158:
 1015              	.LBI158:
 1016              		.loc 2 1248 7 view .LVU243
 1017              	.LBB159:
 1018              	.LBI159:
 906:C:/Program Files (x86)/Arm GNU Toolchain arm-none-eabi/14.3 rel1/arm-none-eabi/include/c++/14.3.1/bits\stl_vector.h ****       { return iterator(this->_M_impl._M_finish); }
 1019              		.loc 2 906 7 view .LVU244
 1020              	.LBB160:
 1021              	.LBI160:
1067:C:/Program Files (x86)/Arm GNU Toolchain arm-none-eabi/14.3 rel1/arm-none-eabi/include/c++/14.3.1/bits\stl_iterator.h ****       : _M_current(__i) { }
 1022              		.loc 3 1067 7 view .LVU245
1067:C:/Program Files (x86)/Arm GNU Toolchain arm-none-eabi/14.3 rel1/arm-none-eabi/include/c++/14.3.1/bits\stl_iterator.h ****       : _M_current(__i) { }
 1023              		.loc 3 1067 7 is_stmt 0 view .LVU246
 1024              	.LBE160:
 1025              	.LBE159:
 1026              	.LBB161:
 1027              	.LBI161:
 1028              		.loc 3 1148 7 is_stmt 1 view .LVU247
 1029              	.LBB162:
 1030              	.LBI162:
1067:C:/Program Files (x86)/Arm GNU Toolchain arm-none-eabi/14.3 rel1/arm-none-eabi/include/c++/14.3.1/bits\stl_iterator.h ****       : _M_current(__i) { }
 1031              		.loc 3 1067 7 view .LVU248
1067:C:/Program Files (x86)/Arm GNU Toolchain arm-none-eabi/14.3 rel1/arm-none-eabi/include/c++/14.3.1/bits\stl_iterator.h ****       : _M_current(__i) { }
 1032              		.loc 3 1067 7 is_stmt 0 view .LVU249
 1033              	.LBE162:
 1034              	.LBE161:
 1035              	.LBE158:
  43:effects/mysteriouseffect.cpp **** 
 1036              		.loc 1 43 39 discriminator 1 view .LVU250
 1037 0054 E368     		ldr	r3, [r4, #12]
 1038 0056 B0EE680A 		vmov.f32	s0, s17
 1039 005a 53F8040C 		ldr	r0, [r3, #-4]
 1040 005e FFF7FEFF 		bl	_ZN11perspective15EffectParameter14SetScaleFactorEf
 1041              	.LVL108:
  45:effects/mysteriouseffect.cpp **** 
 1042              		.loc 1 45 5 is_stmt 1 view .LVU251
  45:effects/mysteriouseffect.cpp **** 
 1043              		.loc 1 45 111 is_stmt 0 view .LVU252
 1044 0062 3020     		movs	r0, #48
 1045 0064 FFF7FEFF 		bl	_Znwj
 1046              	.LVL109:
 1047 0068 0746     		mov	r7, r0
  45:effects/mysteriouseffect.cpp **** 
 1048              		.loc 1 45 111 discriminator 1 view .LVU253
 1049 006a 2B46     		mov	r3, r5
 1050 006c 2A46     		mov	r2, r5
 1051 006e 9FED681A 		vldr.32	s2, .L50+16
 1052 0072 DFED680A 		vldr.32	s1, .L50+20
 1053 0076 9FED680A 		vldr.32	s0, .L50+24
 1054 007a 0095     		str	r5, [sp]
 1055 007c 6749     		ldr	r1, .L50+28
 1056 007e FFF7FEFF 		bl	_ZN11perspective22PotentiometerParameterC1EPKcfffNS_8PotCurveEii
 1057              	.LVL110:
  45:effects/mysteriouseffect.cpp **** 
ARM GAS  C:\Users\Oliver\AppData\Local\Temp\cclFZbsF.s 			page 67


 1058              		.loc 1 45 17 discriminator 2 view .LVU254
 1059 0082 3946     		mov	r1, r7
 1060 0084 2046     		mov	r0, r4
 1061 0086 FFF7FEFF 		bl	_ZN11perspective6Effect12AddParameterEPNS_15EffectParameterE
 1062              	.LVL111:
  47:effects/mysteriouseffect.cpp ****     parameters_.back()->SetDisplayType(DisplayType::SCALED);
 1063              		.loc 1 47 5 is_stmt 1 view .LVU255
  47:effects/mysteriouseffect.cpp ****     parameters_.back()->SetDisplayType(DisplayType::SCALED);
 1064              		.loc 1 47 105 is_stmt 0 view .LVU256
 1065 008a 3020     		movs	r0, #48
 1066 008c FFF7FEFF 		bl	_Znwj
 1067              	.LVL112:
 1068 0090 0746     		mov	r7, r0
  47:effects/mysteriouseffect.cpp ****     parameters_.back()->SetDisplayType(DisplayType::SCALED);
 1069              		.loc 1 47 105 discriminator 1 view .LVU257
 1070 0092 3246     		mov	r2, r6
 1071 0094 F7EE000A 		vmov.f32	s1, #1.0e+0
 1072 0098 9FED611A 		vldr.32	s2, .L50+32
 1073 009c B0EE480A 		vmov.f32	s0, s16
 1074 00a0 4346     		mov	r3, r8
 1075 00a2 6049     		ldr	r1, .L50+36
 1076 00a4 CDF80080 		str	r8, [sp]
 1077 00a8 FFF7FEFF 		bl	_ZN11perspective22PotentiometerParameterC1EPKcfffNS_8PotCurveEii
 1078              	.LVL113:
  47:effects/mysteriouseffect.cpp ****     parameters_.back()->SetDisplayType(DisplayType::SCALED);
 1079              		.loc 1 47 17 discriminator 2 view .LVU258
 1080 00ac 3946     		mov	r1, r7
 1081 00ae 2046     		mov	r0, r4
 1082 00b0 FFF7FEFF 		bl	_ZN11perspective6Effect12AddParameterEPNS_15EffectParameterE
 1083              	.LVL114:
  48:effects/mysteriouseffect.cpp ****     parameters_.back()->SetScaleFactor(100.0f);
 1084              		.loc 1 48 5 is_stmt 1 view .LVU259
 1085              	.LBB163:
 1086              	.LBI163:
 1087              		.loc 2 1248 7 view .LVU260
 1088              	.LBB164:
 1089              	.LBI164:
 906:C:/Program Files (x86)/Arm GNU Toolchain arm-none-eabi/14.3 rel1/arm-none-eabi/include/c++/14.3.1/bits\stl_vector.h ****       { return iterator(this->_M_impl._M_finish); }
 1090              		.loc 2 906 7 view .LVU261
 1091              	.LBB165:
 1092              	.LBI165:
1067:C:/Program Files (x86)/Arm GNU Toolchain arm-none-eabi/14.3 rel1/arm-none-eabi/include/c++/14.3.1/bits\stl_iterator.h ****       : _M_current(__i) { }
 1093              		.loc 3 1067 7 view .LVU262
1067:C:/Program Files (x86)/Arm GNU Toolchain arm-none-eabi/14.3 rel1/arm-none-eabi/include/c++/14.3.1/bits\stl_iterator.h ****       : _M_current(__i) { }
 1094              		.loc 3 1067 7 is_stmt 0 view .LVU263
 1095              	.LBE165:
 1096              	.LBE164:
 1097              	.LBB166:
 1098              	.LBI166:
 1099              		.loc 3 1148 7 is_stmt 1 view .LVU264
 1100              	.LBB167:
 1101              	.LBI167:
1067:C:/Program Files (x86)/Arm GNU Toolchain arm-none-eabi/14.3 rel1/arm-none-eabi/include/c++/14.3.1/bits\stl_iterator.h ****       : _M_current(__i) { }
 1102              		.loc 3 1067 7 view .LVU265
1067:C:/Program Files (x86)/Arm GNU Toolchain arm-none-eabi/14.3 rel1/arm-none-eabi/include/c++/14.3.1/bits\stl_iterator.h ****       : _M_current(__i) { }
 1103              		.loc 3 1067 7 is_stmt 0 view .LVU266
 1104              	.LBE167:
ARM GAS  C:\Users\Oliver\AppData\Local\Temp\cclFZbsF.s 			page 68


 1105              	.LBE166:
 1106              	.LBE163:
  48:effects/mysteriouseffect.cpp ****     parameters_.back()->SetScaleFactor(100.0f);
 1107              		.loc 1 48 39 discriminator 1 view .LVU267
 1108 00b4 E368     		ldr	r3, [r4, #12]
 1109 00b6 2946     		mov	r1, r5
 1110 00b8 53F8040C 		ldr	r0, [r3, #-4]
 1111 00bc FFF7FEFF 		bl	_ZN11perspective15EffectParameter14SetDisplayTypeENS_11DisplayTypeE
 1112              	.LVL115:
  49:effects/mysteriouseffect.cpp **** 
 1113              		.loc 1 49 5 is_stmt 1 view .LVU268
 1114              	.LBB168:
 1115              	.LBI168:
 1116              		.loc 2 1248 7 view .LVU269
 1117              	.LBB169:
 1118              	.LBI169:
 906:C:/Program Files (x86)/Arm GNU Toolchain arm-none-eabi/14.3 rel1/arm-none-eabi/include/c++/14.3.1/bits\stl_vector.h ****       { return iterator(this->_M_impl._M_finish); }
 1119              		.loc 2 906 7 view .LVU270
 1120              	.LBB170:
 1121              	.LBI170:
1067:C:/Program Files (x86)/Arm GNU Toolchain arm-none-eabi/14.3 rel1/arm-none-eabi/include/c++/14.3.1/bits\stl_iterator.h ****       : _M_current(__i) { }
 1122              		.loc 3 1067 7 view .LVU271
1067:C:/Program Files (x86)/Arm GNU Toolchain arm-none-eabi/14.3 rel1/arm-none-eabi/include/c++/14.3.1/bits\stl_iterator.h ****       : _M_current(__i) { }
 1123              		.loc 3 1067 7 is_stmt 0 view .LVU272
 1124              	.LBE170:
 1125              	.LBE169:
 1126              	.LBB171:
 1127              	.LBI171:
 1128              		.loc 3 1148 7 is_stmt 1 view .LVU273
 1129              	.LBB172:
 1130              	.LBI172:
1067:C:/Program Files (x86)/Arm GNU Toolchain arm-none-eabi/14.3 rel1/arm-none-eabi/include/c++/14.3.1/bits\stl_iterator.h ****       : _M_current(__i) { }
 1131              		.loc 3 1067 7 view .LVU274
1067:C:/Program Files (x86)/Arm GNU Toolchain arm-none-eabi/14.3 rel1/arm-none-eabi/include/c++/14.3.1/bits\stl_iterator.h ****       : _M_current(__i) { }
 1132              		.loc 3 1067 7 is_stmt 0 view .LVU275
 1133              	.LBE172:
 1134              	.LBE171:
 1135              	.LBE168:
  49:effects/mysteriouseffect.cpp **** 
 1136              		.loc 1 49 39 discriminator 1 view .LVU276
 1137 00c0 E368     		ldr	r3, [r4, #12]
 1138 00c2 B0EE680A 		vmov.f32	s0, s17
 1139 00c6 53F8040C 		ldr	r0, [r3, #-4]
 1140 00ca FFF7FEFF 		bl	_ZN11perspective15EffectParameter14SetScaleFactorEf
 1141              	.LVL116:
  51:effects/mysteriouseffect.cpp **** 
 1142              		.loc 1 51 5 is_stmt 1 view .LVU277
  51:effects/mysteriouseffect.cpp **** 
 1143              		.loc 1 51 106 is_stmt 0 view .LVU278
 1144 00ce 3020     		movs	r0, #48
 1145 00d0 FFF7FEFF 		bl	_Znwj
 1146              	.LVL117:
  51:effects/mysteriouseffect.cpp **** 
 1147              		.loc 1 51 106 discriminator 1 view .LVU279
 1148 00d4 0323     		movs	r3, #3
  51:effects/mysteriouseffect.cpp **** 
 1149              		.loc 1 51 106 view .LVU280
ARM GAS  C:\Users\Oliver\AppData\Local\Temp\cclFZbsF.s 			page 69


 1150 00d6 0746     		mov	r7, r0
  51:effects/mysteriouseffect.cpp **** 
 1151              		.loc 1 51 106 discriminator 1 view .LVU281
 1152 00d8 2A46     		mov	r2, r5
 1153 00da 0093     		str	r3, [sp]
 1154 00dc 9FED521A 		vldr.32	s2, .L50+40
 1155 00e0 DFED520A 		vldr.32	s1, .L50+44
 1156 00e4 9FED520A 		vldr.32	s0, .L50+48
 1157 00e8 5249     		ldr	r1, .L50+52
 1158 00ea FFF7FEFF 		bl	_ZN11perspective22PotentiometerParameterC1EPKcfffNS_8PotCurveEii
 1159              	.LVL118:
  51:effects/mysteriouseffect.cpp **** 
 1160              		.loc 1 51 17 discriminator 2 view .LVU282
 1161 00ee 3946     		mov	r1, r7
 1162 00f0 2046     		mov	r0, r4
  53:effects/mysteriouseffect.cpp ****     parameters_.back()->SetDisplayType(DisplayType::SCALED);
 1163              		.loc 1 53 104 discriminator 1 view .LVU283
 1164 00f2 0427     		movs	r7, #4
  51:effects/mysteriouseffect.cpp **** 
 1165              		.loc 1 51 17 discriminator 2 view .LVU284
 1166 00f4 FFF7FEFF 		bl	_ZN11perspective6Effect12AddParameterEPNS_15EffectParameterE
 1167              	.LVL119:
  53:effects/mysteriouseffect.cpp ****     parameters_.back()->SetDisplayType(DisplayType::SCALED);
 1168              		.loc 1 53 5 is_stmt 1 view .LVU285
  53:effects/mysteriouseffect.cpp ****     parameters_.back()->SetDisplayType(DisplayType::SCALED);
 1169              		.loc 1 53 104 is_stmt 0 view .LVU286
 1170 00f8 3020     		movs	r0, #48
 1171 00fa FFF7FEFF 		bl	_Znwj
 1172              	.LVL120:
 1173 00fe 8146     		mov	r9, r0
  53:effects/mysteriouseffect.cpp ****     parameters_.back()->SetDisplayType(DisplayType::SCALED);
 1174              		.loc 1 53 104 discriminator 1 view .LVU287
 1175 0100 3246     		mov	r2, r6
 1176 0102 9FED4D1A 		vldr.32	s2, .L50+56
 1177 0106 DFED4D0A 		vldr.32	s1, .L50+60
 1178 010a B0EE480A 		vmov.f32	s0, s16
 1179 010e 3B46     		mov	r3, r7
 1180 0110 4B49     		ldr	r1, .L50+64
 1181 0112 0097     		str	r7, [sp]
 1182 0114 FFF7FEFF 		bl	_ZN11perspective22PotentiometerParameterC1EPKcfffNS_8PotCurveEii
 1183              	.LVL121:
  53:effects/mysteriouseffect.cpp ****     parameters_.back()->SetDisplayType(DisplayType::SCALED);
 1184              		.loc 1 53 17 discriminator 2 view .LVU288
 1185 0118 4946     		mov	r1, r9
 1186 011a 2046     		mov	r0, r4
 1187 011c FFF7FEFF 		bl	_ZN11perspective6Effect12AddParameterEPNS_15EffectParameterE
 1188              	.LVL122:
  54:effects/mysteriouseffect.cpp ****     parameters_.back()->SetScaleFactor(100.0f);
 1189              		.loc 1 54 5 is_stmt 1 view .LVU289
 1190              	.LBB173:
 1191              	.LBI173:
 1192              		.loc 2 1248 7 view .LVU290
 1193              	.LBB174:
 1194              	.LBI174:
 906:C:/Program Files (x86)/Arm GNU Toolchain arm-none-eabi/14.3 rel1/arm-none-eabi/include/c++/14.3.1/bits\stl_vector.h ****       { return iterator(this->_M_impl._M_finish); }
 1195              		.loc 2 906 7 view .LVU291
 1196              	.LBB175:
ARM GAS  C:\Users\Oliver\AppData\Local\Temp\cclFZbsF.s 			page 70


 1197              	.LBI175:
1067:C:/Program Files (x86)/Arm GNU Toolchain arm-none-eabi/14.3 rel1/arm-none-eabi/include/c++/14.3.1/bits\stl_iterator.h ****       : _M_current(__i) { }
 1198              		.loc 3 1067 7 view .LVU292
1067:C:/Program Files (x86)/Arm GNU Toolchain arm-none-eabi/14.3 rel1/arm-none-eabi/include/c++/14.3.1/bits\stl_iterator.h ****       : _M_current(__i) { }
 1199              		.loc 3 1067 7 is_stmt 0 view .LVU293
 1200              	.LBE175:
 1201              	.LBE174:
 1202              	.LBB176:
 1203              	.LBI176:
 1204              		.loc 3 1148 7 is_stmt 1 view .LVU294
 1205              	.LBB177:
 1206              	.LBI177:
1067:C:/Program Files (x86)/Arm GNU Toolchain arm-none-eabi/14.3 rel1/arm-none-eabi/include/c++/14.3.1/bits\stl_iterator.h ****       : _M_current(__i) { }
 1207              		.loc 3 1067 7 view .LVU295
1067:C:/Program Files (x86)/Arm GNU Toolchain arm-none-eabi/14.3 rel1/arm-none-eabi/include/c++/14.3.1/bits\stl_iterator.h ****       : _M_current(__i) { }
 1208              		.loc 3 1067 7 is_stmt 0 view .LVU296
 1209              	.LBE177:
 1210              	.LBE176:
 1211              	.LBE173:
  54:effects/mysteriouseffect.cpp ****     parameters_.back()->SetScaleFactor(100.0f);
 1212              		.loc 1 54 39 discriminator 1 view .LVU297
 1213 0120 E368     		ldr	r3, [r4, #12]
 1214 0122 2946     		mov	r1, r5
 1215 0124 53F8040C 		ldr	r0, [r3, #-4]
 1216 0128 FFF7FEFF 		bl	_ZN11perspective15EffectParameter14SetDisplayTypeENS_11DisplayTypeE
 1217              	.LVL123:
  55:effects/mysteriouseffect.cpp **** 
 1218              		.loc 1 55 5 is_stmt 1 view .LVU298
 1219              	.LBB178:
 1220              	.LBI178:
 1221              		.loc 2 1248 7 view .LVU299
 1222              	.LBB179:
 1223              	.LBI179:
 906:C:/Program Files (x86)/Arm GNU Toolchain arm-none-eabi/14.3 rel1/arm-none-eabi/include/c++/14.3.1/bits\stl_vector.h ****       { return iterator(this->_M_impl._M_finish); }
 1224              		.loc 2 906 7 view .LVU300
 1225              	.LBB180:
 1226              	.LBI180:
1067:C:/Program Files (x86)/Arm GNU Toolchain arm-none-eabi/14.3 rel1/arm-none-eabi/include/c++/14.3.1/bits\stl_iterator.h ****       : _M_current(__i) { }
 1227              		.loc 3 1067 7 view .LVU301
1067:C:/Program Files (x86)/Arm GNU Toolchain arm-none-eabi/14.3 rel1/arm-none-eabi/include/c++/14.3.1/bits\stl_iterator.h ****       : _M_current(__i) { }
 1228              		.loc 3 1067 7 is_stmt 0 view .LVU302
 1229              	.LBE180:
 1230              	.LBE179:
 1231              	.LBB181:
 1232              	.LBI181:
 1233              		.loc 3 1148 7 is_stmt 1 view .LVU303
 1234              	.LBB182:
 1235              	.LBI182:
1067:C:/Program Files (x86)/Arm GNU Toolchain arm-none-eabi/14.3 rel1/arm-none-eabi/include/c++/14.3.1/bits\stl_iterator.h ****       : _M_current(__i) { }
 1236              		.loc 3 1067 7 view .LVU304
1067:C:/Program Files (x86)/Arm GNU Toolchain arm-none-eabi/14.3 rel1/arm-none-eabi/include/c++/14.3.1/bits\stl_iterator.h ****       : _M_current(__i) { }
 1237              		.loc 3 1067 7 is_stmt 0 view .LVU305
 1238              	.LBE182:
 1239              	.LBE181:
 1240              	.LBE178:
  55:effects/mysteriouseffect.cpp **** 
 1241              		.loc 1 55 39 discriminator 1 view .LVU306
ARM GAS  C:\Users\Oliver\AppData\Local\Temp\cclFZbsF.s 			page 71


 1242 012c E368     		ldr	r3, [r4, #12]
 1243 012e B0EE680A 		vmov.f32	s0, s17
 1244 0132 53F8040C 		ldr	r0, [r3, #-4]
 1245 0136 FFF7FEFF 		bl	_ZN11perspective15EffectParameter14SetScaleFactorEf
 1246              	.LVL124:
  57:effects/mysteriouseffect.cpp ****     parameters_.back()->SetDisplayType(DisplayType::SCALED);
 1247              		.loc 1 57 5 is_stmt 1 view .LVU307
  57:effects/mysteriouseffect.cpp ****     parameters_.back()->SetDisplayType(DisplayType::SCALED);
 1248              		.loc 1 57 105 is_stmt 0 view .LVU308
 1249 013a 3020     		movs	r0, #48
 1250 013c FFF7FEFF 		bl	_Znwj
 1251              	.LVL125:
  57:effects/mysteriouseffect.cpp ****     parameters_.back()->SetDisplayType(DisplayType::SCALED);
 1252              		.loc 1 57 105 discriminator 1 view .LVU309
 1253 0140 0523     		movs	r3, #5
  57:effects/mysteriouseffect.cpp ****     parameters_.back()->SetDisplayType(DisplayType::SCALED);
 1254              		.loc 1 57 105 view .LVU310
 1255 0142 8146     		mov	r9, r0
  57:effects/mysteriouseffect.cpp ****     parameters_.back()->SetDisplayType(DisplayType::SCALED);
 1256              		.loc 1 57 105 discriminator 1 view .LVU311
 1257 0144 3246     		mov	r2, r6
 1258 0146 F6EE080A 		vmov.f32	s1, #7.5e-1
 1259 014a 9FED3E1A 		vldr.32	s2, .L50+68
 1260 014e B0EE480A 		vmov.f32	s0, s16
 1261 0152 0093     		str	r3, [sp]
 1262 0154 3C49     		ldr	r1, .L50+72
 1263 0156 FFF7FEFF 		bl	_ZN11perspective22PotentiometerParameterC1EPKcfffNS_8PotCurveEii
 1264              	.LVL126:
  57:effects/mysteriouseffect.cpp ****     parameters_.back()->SetDisplayType(DisplayType::SCALED);
 1265              		.loc 1 57 17 discriminator 2 view .LVU312
 1266 015a 4946     		mov	r1, r9
 1267 015c 2046     		mov	r0, r4
 1268 015e FFF7FEFF 		bl	_ZN11perspective6Effect12AddParameterEPNS_15EffectParameterE
 1269              	.LVL127:
  58:effects/mysteriouseffect.cpp ****     parameters_.back()->SetScaleFactor(100.0f);
 1270              		.loc 1 58 5 is_stmt 1 view .LVU313
 1271              	.LBB183:
 1272              	.LBI183:
 1273              		.loc 2 1248 7 view .LVU314
 1274              	.LBB184:
 1275              	.LBI184:
 906:C:/Program Files (x86)/Arm GNU Toolchain arm-none-eabi/14.3 rel1/arm-none-eabi/include/c++/14.3.1/bits\stl_vector.h ****       { return iterator(this->_M_impl._M_finish); }
 1276              		.loc 2 906 7 view .LVU315
 1277              	.LBB185:
 1278              	.LBI185:
1067:C:/Program Files (x86)/Arm GNU Toolchain arm-none-eabi/14.3 rel1/arm-none-eabi/include/c++/14.3.1/bits\stl_iterator.h ****       : _M_current(__i) { }
 1279              		.loc 3 1067 7 view .LVU316
1067:C:/Program Files (x86)/Arm GNU Toolchain arm-none-eabi/14.3 rel1/arm-none-eabi/include/c++/14.3.1/bits\stl_iterator.h ****       : _M_current(__i) { }
 1280              		.loc 3 1067 7 is_stmt 0 view .LVU317
 1281              	.LBE185:
 1282              	.LBE184:
 1283              	.LBB186:
 1284              	.LBI186:
 1285              		.loc 3 1148 7 is_stmt 1 view .LVU318
 1286              	.LBB187:
 1287              	.LBI187:
1067:C:/Program Files (x86)/Arm GNU Toolchain arm-none-eabi/14.3 rel1/arm-none-eabi/include/c++/14.3.1/bits\stl_iterator.h ****       : _M_current(__i) { }
ARM GAS  C:\Users\Oliver\AppData\Local\Temp\cclFZbsF.s 			page 72


 1288              		.loc 3 1067 7 view .LVU319
1067:C:/Program Files (x86)/Arm GNU Toolchain arm-none-eabi/14.3 rel1/arm-none-eabi/include/c++/14.3.1/bits\stl_iterator.h ****       : _M_current(__i) { }
 1289              		.loc 3 1067 7 is_stmt 0 view .LVU320
 1290              	.LBE187:
 1291              	.LBE186:
 1292              	.LBE183:
  58:effects/mysteriouseffect.cpp ****     parameters_.back()->SetScaleFactor(100.0f);
 1293              		.loc 1 58 39 discriminator 1 view .LVU321
 1294 0162 E368     		ldr	r3, [r4, #12]
 1295 0164 2946     		mov	r1, r5
 1296 0166 53F8040C 		ldr	r0, [r3, #-4]
 1297 016a FFF7FEFF 		bl	_ZN11perspective15EffectParameter14SetDisplayTypeENS_11DisplayTypeE
 1298              	.LVL128:
  59:effects/mysteriouseffect.cpp **** 
 1299              		.loc 1 59 5 is_stmt 1 view .LVU322
 1300              	.LBB188:
 1301              	.LBI188:
 1302              		.loc 2 1248 7 view .LVU323
 1303              	.LBB189:
 1304              	.LBI189:
 906:C:/Program Files (x86)/Arm GNU Toolchain arm-none-eabi/14.3 rel1/arm-none-eabi/include/c++/14.3.1/bits\stl_vector.h ****       { return iterator(this->_M_impl._M_finish); }
 1305              		.loc 2 906 7 view .LVU324
 1306              	.LBB190:
 1307              	.LBI190:
1067:C:/Program Files (x86)/Arm GNU Toolchain arm-none-eabi/14.3 rel1/arm-none-eabi/include/c++/14.3.1/bits\stl_iterator.h ****       : _M_current(__i) { }
 1308              		.loc 3 1067 7 view .LVU325
1067:C:/Program Files (x86)/Arm GNU Toolchain arm-none-eabi/14.3 rel1/arm-none-eabi/include/c++/14.3.1/bits\stl_iterator.h ****       : _M_current(__i) { }
 1309              		.loc 3 1067 7 is_stmt 0 view .LVU326
 1310              	.LBE190:
 1311              	.LBE189:
 1312              	.LBB191:
 1313              	.LBI191:
 1314              		.loc 3 1148 7 is_stmt 1 view .LVU327
 1315              	.LBB192:
 1316              	.LBI192:
1067:C:/Program Files (x86)/Arm GNU Toolchain arm-none-eabi/14.3 rel1/arm-none-eabi/include/c++/14.3.1/bits\stl_iterator.h ****       : _M_current(__i) { }
 1317              		.loc 3 1067 7 view .LVU328
1067:C:/Program Files (x86)/Arm GNU Toolchain arm-none-eabi/14.3 rel1/arm-none-eabi/include/c++/14.3.1/bits\stl_iterator.h ****       : _M_current(__i) { }
 1318              		.loc 3 1067 7 is_stmt 0 view .LVU329
 1319              	.LBE192:
 1320              	.LBE191:
 1321              	.LBE188:
  59:effects/mysteriouseffect.cpp **** 
 1322              		.loc 1 59 39 discriminator 1 view .LVU330
 1323 016e E368     		ldr	r3, [r4, #12]
 1324 0170 B0EE680A 		vmov.f32	s0, s17
 1325 0174 53F8040C 		ldr	r0, [r3, #-4]
 1326 0178 FFF7FEFF 		bl	_ZN11perspective15EffectParameter14SetScaleFactorEf
 1327              	.LVL129:
  61:effects/mysteriouseffect.cpp **** 
 1328              		.loc 1 61 5 is_stmt 1 view .LVU331
  61:effects/mysteriouseffect.cpp **** 
 1329              		.loc 1 61 104 is_stmt 0 view .LVU332
 1330 017c 4420     		movs	r0, #68
 1331 017e FFF7FEFF 		bl	_Znwj
 1332              	.LVL130:
  61:effects/mysteriouseffect.cpp **** 
ARM GAS  C:\Users\Oliver\AppData\Local\Temp\cclFZbsF.s 			page 73


 1333              		.loc 1 61 104 discriminator 1 view .LVU333
 1334 0182 0623     		movs	r3, #6
 1335 0184 3246     		mov	r2, r6
  61:effects/mysteriouseffect.cpp **** 
 1336              		.loc 1 61 104 view .LVU334
 1337 0186 0646     		mov	r6, r0
  61:effects/mysteriouseffect.cpp **** 
 1338              		.loc 1 61 104 discriminator 1 view .LVU335
 1339 0188 F7EE001A 		vmov.f32	s3, #1.0e+0
 1340 018c 9FED2F1A 		vldr.32	s2, .L50+76
 1341 0190 DFED2F0A 		vldr.32	s1, .L50+80
 1342 0194 9FED2F0A 		vldr.32	s0, .L50+84
 1343 0198 0093     		str	r3, [sp]
 1344 019a 2F49     		ldr	r1, .L50+88
 1345 019c 2F4B     		ldr	r3, .L50+92
 1346 019e FFF7FEFF 		bl	_ZN11perspective13TimeParameterC1EPKcffffiS2_i
 1347              	.LVL131:
  61:effects/mysteriouseffect.cpp **** 
 1348              		.loc 1 61 17 discriminator 2 view .LVU336
 1349 01a2 3146     		mov	r1, r6
 1350 01a4 2046     		mov	r0, r4
 1351 01a6 FFF7FEFF 		bl	_ZN11perspective6Effect12AddParameterEPNS_15EffectParameterE
 1352              	.LVL132:
  63:effects/mysteriouseffect.cpp ****     parameters_.back()->SetDisplayType(DisplayType::DISCRETE);
 1353              		.loc 1 63 5 is_stmt 1 view .LVU337
  63:effects/mysteriouseffect.cpp ****     parameters_.back()->SetDisplayType(DisplayType::DISCRETE);
 1354              		.loc 1 63 91 is_stmt 0 view .LVU338
 1355 01aa 3820     		movs	r0, #56
 1356 01ac FFF7FEFF 		bl	_Znwj
 1357              	.LVL133:
  63:effects/mysteriouseffect.cpp ****     parameters_.back()->SetDisplayType(DisplayType::DISCRETE);
 1358              		.loc 1 63 91 discriminator 1 view .LVU339
 1359 01b0 2A46     		mov	r2, r5
  63:effects/mysteriouseffect.cpp ****     parameters_.back()->SetDisplayType(DisplayType::DISCRETE);
 1360              		.loc 1 63 91 view .LVU340
 1361 01b2 0546     		mov	r5, r0
  63:effects/mysteriouseffect.cpp ****     parameters_.back()->SetDisplayType(DisplayType::DISCRETE);
 1362              		.loc 1 63 91 discriminator 1 view .LVU341
 1363 01b4 F7EE001A 		vmov.f32	s3, #1.0e+0
 1364 01b8 B0EE001A 		vmov.f32	s2, #2.0e+0
 1365 01bc 0723     		movs	r3, #7
 1366 01be F0EE080A 		vmov.f32	s1, #3.0e+0
 1367 01c2 2749     		ldr	r1, .L50+96
 1368 01c4 B0EE480A 		vmov.f32	s0, s16
 1369 01c8 FFF7FEFF 		bl	_ZN11perspective16EncoderParameterC1EPKcffffii
 1370              	.LVL134:
  63:effects/mysteriouseffect.cpp ****     parameters_.back()->SetDisplayType(DisplayType::DISCRETE);
 1371              		.loc 1 63 17 discriminator 2 view .LVU342
 1372 01cc 2946     		mov	r1, r5
 1373 01ce 2046     		mov	r0, r4
 1374 01d0 FFF7FEFF 		bl	_ZN11perspective6Effect12AddParameterEPNS_15EffectParameterE
 1375              	.LVL135:
  64:effects/mysteriouseffect.cpp ****     parameters_.back()->SetDiscreteValues(kDownBoostLabels, 4);
 1376              		.loc 1 64 5 is_stmt 1 view .LVU343
 1377              	.LBB193:
 1378              	.LBI193:
 1379              		.loc 2 1248 7 view .LVU344
ARM GAS  C:\Users\Oliver\AppData\Local\Temp\cclFZbsF.s 			page 74


 1380              	.LBB194:
 1381              	.LBI194:
 906:C:/Program Files (x86)/Arm GNU Toolchain arm-none-eabi/14.3 rel1/arm-none-eabi/include/c++/14.3.1/bits\stl_vector.h ****       { return iterator(this->_M_impl._M_finish); }
 1382              		.loc 2 906 7 view .LVU345
 1383              	.LBB195:
 1384              	.LBI195:
1067:C:/Program Files (x86)/Arm GNU Toolchain arm-none-eabi/14.3 rel1/arm-none-eabi/include/c++/14.3.1/bits\stl_iterator.h ****       : _M_current(__i) { }
 1385              		.loc 3 1067 7 view .LVU346
1067:C:/Program Files (x86)/Arm GNU Toolchain arm-none-eabi/14.3 rel1/arm-none-eabi/include/c++/14.3.1/bits\stl_iterator.h ****       : _M_current(__i) { }
 1386              		.loc 3 1067 7 is_stmt 0 view .LVU347
 1387              	.LBE195:
 1388              	.LBE194:
 1389              	.LBB196:
 1390              	.LBI196:
 1391              		.loc 3 1148 7 is_stmt 1 view .LVU348
 1392              	.LBB197:
 1393              	.LBI197:
1067:C:/Program Files (x86)/Arm GNU Toolchain arm-none-eabi/14.3 rel1/arm-none-eabi/include/c++/14.3.1/bits\stl_iterator.h ****       : _M_current(__i) { }
 1394              		.loc 3 1067 7 view .LVU349
1067:C:/Program Files (x86)/Arm GNU Toolchain arm-none-eabi/14.3 rel1/arm-none-eabi/include/c++/14.3.1/bits\stl_iterator.h ****       : _M_current(__i) { }
 1395              		.loc 3 1067 7 is_stmt 0 view .LVU350
 1396              	.LBE197:
 1397              	.LBE196:
 1398              	.LBE193:
  64:effects/mysteriouseffect.cpp ****     parameters_.back()->SetDiscreteValues(kDownBoostLabels, 4);
 1399              		.loc 1 64 39 discriminator 1 view .LVU351
 1400 01d4 E368     		ldr	r3, [r4, #12]
 1401 01d6 4146     		mov	r1, r8
 1402 01d8 53F8040C 		ldr	r0, [r3, #-4]
 1403 01dc FFF7FEFF 		bl	_ZN11perspective15EffectParameter14SetDisplayTypeENS_11DisplayTypeE
 1404              	.LVL136:
  65:effects/mysteriouseffect.cpp **** 
 1405              		.loc 1 65 5 is_stmt 1 view .LVU352
 1406              	.LBB198:
 1407              	.LBI198:
 1408              		.loc 2 1248 7 view .LVU353
 1409              	.LBB199:
 1410              	.LBI199:
 906:C:/Program Files (x86)/Arm GNU Toolchain arm-none-eabi/14.3 rel1/arm-none-eabi/include/c++/14.3.1/bits\stl_vector.h ****       { return iterator(this->_M_impl._M_finish); }
 1411              		.loc 2 906 7 view .LVU354
 1412              	.LBB200:
 1413              	.LBI200:
1067:C:/Program Files (x86)/Arm GNU Toolchain arm-none-eabi/14.3 rel1/arm-none-eabi/include/c++/14.3.1/bits\stl_iterator.h ****       : _M_current(__i) { }
 1414              		.loc 3 1067 7 view .LVU355
1067:C:/Program Files (x86)/Arm GNU Toolchain arm-none-eabi/14.3 rel1/arm-none-eabi/include/c++/14.3.1/bits\stl_iterator.h ****       : _M_current(__i) { }
 1415              		.loc 3 1067 7 is_stmt 0 view .LVU356
 1416              	.LBE200:
 1417              	.LBE199:
 1418              	.LBB201:
 1419              	.LBI201:
 1420              		.loc 3 1148 7 is_stmt 1 view .LVU357
 1421              	.LBB202:
 1422              	.LBI202:
1067:C:/Program Files (x86)/Arm GNU Toolchain arm-none-eabi/14.3 rel1/arm-none-eabi/include/c++/14.3.1/bits\stl_iterator.h ****       : _M_current(__i) { }
 1423              		.loc 3 1067 7 view .LVU358
1067:C:/Program Files (x86)/Arm GNU Toolchain arm-none-eabi/14.3 rel1/arm-none-eabi/include/c++/14.3.1/bits\stl_iterator.h ****       : _M_current(__i) { }
 1424              		.loc 3 1067 7 is_stmt 0 view .LVU359
ARM GAS  C:\Users\Oliver\AppData\Local\Temp\cclFZbsF.s 			page 75


 1425              	.LBE202:
 1426              	.LBE201:
 1427              	.LBE198:
  65:effects/mysteriouseffect.cpp **** 
 1428              		.loc 1 65 42 discriminator 1 view .LVU360
 1429 01e0 E368     		ldr	r3, [r4, #12]
 1430 01e2 3A46     		mov	r2, r7
 1431 01e4 1F49     		ldr	r1, .L50+100
 1432 01e6 53F8040C 		ldr	r0, [r3, #-4]
 1433 01ea FFF7FEFF 		bl	_ZN11perspective15EffectParameter17SetDiscreteValuesEPPKci
 1434              	.LVL137:
  67:effects/mysteriouseffect.cpp **** }
 1435              		.loc 1 67 5 is_stmt 1 view .LVU361
  67:effects/mysteriouseffect.cpp **** }
 1436              		.loc 1 67 11 is_stmt 0 view .LVU362
 1437 01ee 2368     		ldr	r3, [r4]
 1438 01f0 2046     		mov	r0, r4
 1439 01f2 5B69     		ldr	r3, [r3, #20]
  68:effects/mysteriouseffect.cpp **** 
 1440              		.loc 1 68 1 view .LVU363
 1441 01f4 03B0     		add	sp, sp, #12
 1442              		.cfi_def_cfa_offset 36
 1443              		@ sp needed
 1444 01f6 BDEC028B 		vldm	sp!, {d8}
 1445              		.cfi_restore 80
 1446              		.cfi_restore 81
 1447              		.cfi_def_cfa_offset 28
 1448 01fa BDE8F043 		pop	{r4, r5, r6, r7, r8, r9, lr}
 1449              		.cfi_restore 14
 1450              		.cfi_restore 9
 1451              		.cfi_restore 8
 1452              		.cfi_restore 7
 1453              		.cfi_restore 6
 1454              		.cfi_restore 5
 1455              		.cfi_restore 4
 1456              		.cfi_def_cfa_offset 0
 1457              	.LVL138:
  67:effects/mysteriouseffect.cpp **** }
 1458              		.loc 1 67 11 view .LVU364
 1459 01fe 1847     		bx	r3	@ indirect register sibling call
 1460              	.LVL139:
 1461              	.L51:
  67:effects/mysteriouseffect.cpp **** }
 1462              		.loc 1 67 11 view .LVU365
 1463              		.align	2
 1464              	.L50:
 1465 0200 00000000 		.word	0
 1466 0204 52B81E3F 		.word	1058977874
 1467 0208 00000000 		.word	.LC1
 1468 020c 0000C842 		.word	1120403456
 1469 0210 00808944 		.word	1149861888
 1470 0214 00802245 		.word	1159888896
 1471 0218 00009643 		.word	1133903872
 1472 021c 0C000000 		.word	.LC2
 1473 0220 CDCC4C3E 		.word	1045220557
 1474 0224 18000000 		.word	.LC3
 1475 0228 295C0F3E 		.word	1041194025
ARM GAS  C:\Users\Oliver\AppData\Local\Temp\cclFZbsF.s 			page 76


 1476 022c CDCC4C3F 		.word	1061997773
 1477 0230 CDCC4C3D 		.word	1028443341
 1478 0234 24000000 		.word	.LC4
 1479 0238 AE47613E 		.word	1046562734
 1480 023c 6666263F 		.word	1059481190
 1481 0240 30000000 		.word	.LC5
 1482 0244 7B14AE3E 		.word	1051595899
 1483 0248 38000000 		.word	.LC6
 1484 024c 00006643 		.word	1130758144
 1485 0250 0000E143 		.word	1138819072
 1486 0254 0000A042 		.word	1117782016
 1487 0258 50000000 		.word	.LC8
 1488 025c 44000000 		.word	.LC7
 1489 0260 58000000 		.word	.LC9
 1490 0264 00000000 		.word	_ZN12_GLOBAL__N_1L16kDownBoostLabelsE
 1491              		.cfi_endproc
 1492              	.LFE6891:
 1494              		.global	_ZTVN11perspective16MysteriousEffectE
 1495              		.section	.rodata._ZTVN11perspective16MysteriousEffectE,"a"
 1496              		.align	2
 1499              	_ZTVN11perspective16MysteriousEffectE:
 1500 0000 00000000 		.word	0
 1501 0004 00000000 		.word	0
 1502 0008 00000000 		.word	_ZN11perspective16MysteriousEffectD1Ev
 1503 000c 00000000 		.word	_ZN11perspective16MysteriousEffectD0Ev
 1504 0010 00000000 		.word	_ZN11perspective16MysteriousEffect4InitEf
 1505 0014 00000000 		.word	_ZN11perspective14CompoundEffect7ProcessEPfS1_j
 1506 0018 00000000 		.word	_ZN11perspective14CompoundEffect13ProcessStereoEPfS1_S1_S1_j
 1507 001c 00000000 		.word	_ZN11perspective16MysteriousEffect6UpdateEv
 1508 0020 00000000 		.word	_ZN11perspective14CompoundEffect8SetTempoEf
 1509 0024 00000000 		.word	_ZN11perspective14CompoundEffect19SetMetronomeEnabledEb
 1510 0028 00000000 		.word	_ZNK11perspective14CompoundEffect23GetTempoPulseBrightnessEv
 1511 002c 00000000 		.word	_ZN11perspective14CompoundEffect10OnSelectedEv
 1512 0030 00000000 		.word	_ZN11perspective14CompoundEffect12OnDeselectedEv
 1513              		.section	.rodata.str1.4,"aMS",%progbits,1
 1514              		.align	2
 1515              	.LC10:
 1516 0000 4F666600 		.ascii	"Off\000"
 1517              		.align	2
 1518              	.LC11:
 1519 0004 53756274 		.ascii	"Subtle\000"
 1519      6C6500
 1520 000b 00       		.align	2
 1521              	.LC12:
 1522 000c 5374726F 		.ascii	"Strong\000"
 1522      6E6700
 1523 0013 00       		.align	2
 1524              	.LC13:
 1525 0014 4D617800 		.ascii	"Max\000"
 1526              		.section	.data._ZN12_GLOBAL__N_1L16kDownBoostLabelsE,"aw"
 1527              		.align	2
 1530              	_ZN12_GLOBAL__N_1L16kDownBoostLabelsE:
 1531 0000 00000000 		.word	.LC10
 1532 0004 04000000 		.word	.LC11
 1533 0008 0C000000 		.word	.LC12
 1534 000c 14000000 		.word	.LC13
 1535              		.text
ARM GAS  C:\Users\Oliver\AppData\Local\Temp\cclFZbsF.s 			page 77


 1536              	.Letext0:
 1537              		.file 4 "C:/Program Files (x86)/Arm GNU Toolchain arm-none-eabi/14.3 rel1/arm-none-eabi/include/ma
 1538              		.file 5 "C:/Program Files (x86)/Arm GNU Toolchain arm-none-eabi/14.3 rel1/arm-none-eabi/include/sy
 1539              		.file 6 "C:/Program Files (x86)/Arm GNU Toolchain arm-none-eabi/14.3 rel1/arm-none-eabi/include/st
 1540              		.file 7 "C:/Program Files (x86)/Arm GNU Toolchain arm-none-eabi/14.3 rel1/lib/gcc/arm-none-eabi/14
 1541              		.file 8 "C:/Program Files (x86)/Arm GNU Toolchain arm-none-eabi/14.3 rel1/arm-none-eabi/include/c+
 1542              		.file 9 "C:/Program Files (x86)/Arm GNU Toolchain arm-none-eabi/14.3 rel1/arm-none-eabi/include/c+
 1543              		.file 10 "C:/Program Files (x86)/Arm GNU Toolchain arm-none-eabi/14.3 rel1/arm-none-eabi/include/c
 1544              		.file 11 "C:/Program Files (x86)/Arm GNU Toolchain arm-none-eabi/14.3 rel1/arm-none-eabi/include/c
 1545              		.file 12 "C:/Program Files (x86)/Arm GNU Toolchain arm-none-eabi/14.3 rel1/arm-none-eabi/include/c
 1546              		.file 13 "C:/Program Files (x86)/Arm GNU Toolchain arm-none-eabi/14.3 rel1/arm-none-eabi/include/c
 1547              		.file 14 "C:/Program Files (x86)/Arm GNU Toolchain arm-none-eabi/14.3 rel1/arm-none-eabi/include/c
 1548              		.file 15 "C:/Program Files (x86)/Arm GNU Toolchain arm-none-eabi/14.3 rel1/arm-none-eabi/include/c
 1549              		.file 16 "C:/Program Files (x86)/Arm GNU Toolchain arm-none-eabi/14.3 rel1/arm-none-eabi/include/c
 1550              		.file 17 "C:/Program Files (x86)/Arm GNU Toolchain arm-none-eabi/14.3 rel1/arm-none-eabi/include/c
 1551              		.file 18 "C:/Program Files (x86)/Arm GNU Toolchain arm-none-eabi/14.3 rel1/arm-none-eabi/include/c
 1552              		.file 19 "C:/Program Files (x86)/Arm GNU Toolchain arm-none-eabi/14.3 rel1/arm-none-eabi/include/c
 1553              		.file 20 "C:/Program Files (x86)/Arm GNU Toolchain arm-none-eabi/14.3 rel1/arm-none-eabi/include/c
 1554              		.file 21 "C:/Program Files (x86)/Arm GNU Toolchain arm-none-eabi/14.3 rel1/arm-none-eabi/include/c
 1555              		.file 22 "C:/Program Files (x86)/Arm GNU Toolchain arm-none-eabi/14.3 rel1/arm-none-eabi/include/c
 1556              		.file 23 "C:/Program Files (x86)/Arm GNU Toolchain arm-none-eabi/14.3 rel1/arm-none-eabi/include/c
 1557              		.file 24 "C:/Program Files (x86)/Arm GNU Toolchain arm-none-eabi/14.3 rel1/arm-none-eabi/include/c
 1558              		.file 25 "C:/Program Files (x86)/Arm GNU Toolchain arm-none-eabi/14.3 rel1/arm-none-eabi/include/c
 1559              		.file 26 "C:/Program Files (x86)/Arm GNU Toolchain arm-none-eabi/14.3 rel1/arm-none-eabi/include/c
 1560              		.file 27 "C:/Program Files (x86)/Arm GNU Toolchain arm-none-eabi/14.3 rel1/arm-none-eabi/include/c
 1561              		.file 28 "C:/Program Files (x86)/Arm GNU Toolchain arm-none-eabi/14.3 rel1/arm-none-eabi/include/c
 1562              		.file 29 "C:/Program Files (x86)/Arm GNU Toolchain arm-none-eabi/14.3 rel1/arm-none-eabi/include/c
 1563              		.file 30 "C:/Program Files (x86)/Arm GNU Toolchain arm-none-eabi/14.3 rel1/arm-none-eabi/include/c
 1564              		.file 31 "C:/Program Files (x86)/Arm GNU Toolchain arm-none-eabi/14.3 rel1/arm-none-eabi/include/c
 1565              		.file 32 "C:/Program Files (x86)/Arm GNU Toolchain arm-none-eabi/14.3 rel1/arm-none-eabi/include/c
 1566              		.file 33 "C:/Program Files (x86)/Arm GNU Toolchain arm-none-eabi/14.3 rel1/arm-none-eabi/include/c
 1567              		.file 34 "C:/Program Files (x86)/Arm GNU Toolchain arm-none-eabi/14.3 rel1/arm-none-eabi/include/c
 1568              		.file 35 "C:/Program Files (x86)/Arm GNU Toolchain arm-none-eabi/14.3 rel1/arm-none-eabi/include/s
 1569              		.file 36 "C:/Program Files (x86)/Arm GNU Toolchain arm-none-eabi/14.3 rel1/arm-none-eabi/include/s
 1570              		.file 37 "C:/Program Files (x86)/Arm GNU Toolchain arm-none-eabi/14.3 rel1/arm-none-eabi/include/s
 1571              		.file 38 "C:/Program Files (x86)/Arm GNU Toolchain arm-none-eabi/14.3 rel1/arm-none-eabi/include/m
 1572              		.file 39 "C:/Program Files (x86)/Arm GNU Toolchain arm-none-eabi/14.3 rel1/arm-none-eabi/include/s
 1573              		.file 40 "C:/Program Files (x86)/Arm GNU Toolchain arm-none-eabi/14.3 rel1/arm-none-eabi/include/c
 1574              		.file 41 "C:/Program Files (x86)/Arm GNU Toolchain arm-none-eabi/14.3 rel1/arm-none-eabi/include/c
 1575              		.file 42 "C:/Program Files (x86)/Arm GNU Toolchain arm-none-eabi/14.3 rel1/arm-none-eabi/include/c
 1576              		.file 43 "dependencies/libDaisy/src/daisy_core.h"
 1577              		.file 44 "dependencies/libDaisy/src/dev/max11300.h"
 1578              		.file 45 "dependencies/libDaisy/src/dev/sr_595.h"
 1579              		.file 46 "dependencies/libDaisy/src/util/wav_format.h"
 1580              		.file 47 "dependencies/libDaisy/src/daisy_seed.h"
 1581              		.file 48 "C:/Program Files (x86)/Arm GNU Toolchain arm-none-eabi/14.3 rel1/arm-none-eabi/include/c
 1582              		.file 49 "C:/Program Files (x86)/Arm GNU Toolchain arm-none-eabi/14.3 rel1/lib/gcc/arm-none-eabi/1
 1583              		.file 50 "C:/Program Files (x86)/Arm GNU Toolchain arm-none-eabi/14.3 rel1/arm-none-eabi/include/s
 1584              		.file 51 "C:/Program Files (x86)/Arm GNU Toolchain arm-none-eabi/14.3 rel1/arm-none-eabi/include/s
 1585              		.file 52 "C:/Program Files (x86)/Arm GNU Toolchain arm-none-eabi/14.3 rel1/arm-none-eabi/include/w
 1586              		.file 53 "dependencies/libDaisy/Middlewares/Third_Party/FatFs/src/integer.h"
 1587              		.file 54 "dependencies/libDaisy/Middlewares/Third_Party/FatFs/src/ff.h"
 1588              		.file 55 "effects/../parameters/effectparameter.h"
 1589              		.file 56 "effects/../parameters/../controls.h"
 1590              		.file 57 "effects/../parameters/potentiometerparameter.h"
 1591              		.file 58 "effects/../parameters/encoderparameter.h"
 1592              		.file 59 "effects/compoundeffect.h"
ARM GAS  C:\Users\Oliver\AppData\Local\Temp\cclFZbsF.s 			page 78


 1593              		.file 60 "effects/effect.h"
 1594              		.file 61 "effects/delayeffect.h"
 1595              		.file 62 "effects/flangereffect.h"
 1596              		.file 63 "effects/../parameters/timeparameter.h"
 1597              		.file 64 "effects/mysteriouseffect.h"
 1598              		.file 65 "effects/autowahv2effect.h"
 1599              		.file 66 "effects/reverbeffect.h"
 1600              		.file 67 "effects/../parameters/toggleparameter.h"
 1601              		.file 68 "dependencies/DaisySP/Source/Control/adenv.h"
 1602              		.file 69 "dependencies/DaisySP/Source/Utility/dsp.h"
 1603              		.file 70 "C:/Program Files (x86)/Arm GNU Toolchain arm-none-eabi/14.3 rel1/arm-none-eabi/include/l
 1604              		.file 71 "effects/tempoeffect.h"
 1605              		.file 72 "C:/Program Files (x86)/Arm GNU Toolchain arm-none-eabi/14.3 rel1/arm-none-eabi/include/c
 1606              		.file 73 "C:/Program Files (x86)/Arm GNU Toolchain arm-none-eabi/14.3 rel1/arm-none-eabi/include/c
 1607              		.file 74 "<built-in>"
ARM GAS  C:\Users\Oliver\AppData\Local\Temp\cclFZbsF.s 			page 79


DEFINED SYMBOLS
                            *ABS*:00000000 mysteriouseffect.cpp
C:\Users\Oliver\AppData\Local\Temp\cclFZbsF.s:20     .text._ZN11perspective16MysteriousEffectD2Ev:00000000 $t
C:\Users\Oliver\AppData\Local\Temp\cclFZbsF.s:27     .text._ZN11perspective16MysteriousEffectD2Ev:00000000 _ZN11perspective16MysteriousEffectD2Ev
C:\Users\Oliver\AppData\Local\Temp\cclFZbsF.s:60     .text._ZN11perspective16MysteriousEffectD2Ev:00000010 $d
C:\Users\Oliver\AppData\Local\Temp\cclFZbsF.s:1499   .rodata._ZTVN11perspective16MysteriousEffectE:00000000 _ZTVN11perspective16MysteriousEffectE
C:\Users\Oliver\AppData\Local\Temp\cclFZbsF.s:27     .text._ZN11perspective16MysteriousEffectD2Ev:00000000 _ZN11perspective16MysteriousEffectD1Ev
C:\Users\Oliver\AppData\Local\Temp\cclFZbsF.s:67     .text._ZN11perspective16MysteriousEffectD0Ev:00000000 $t
C:\Users\Oliver\AppData\Local\Temp\cclFZbsF.s:74     .text._ZN11perspective16MysteriousEffectD0Ev:00000000 _ZN11perspective16MysteriousEffectD0Ev
C:\Users\Oliver\AppData\Local\Temp\cclFZbsF.s:120    .text._ZN11perspective16MysteriousEffectD0Ev:00000018 $d
C:\Users\Oliver\AppData\Local\Temp\cclFZbsF.s:125    .text._ZN11perspective16MysteriousEffect6UpdateEv:00000000 $t
C:\Users\Oliver\AppData\Local\Temp\cclFZbsF.s:132    .text._ZN11perspective16MysteriousEffect6UpdateEv:00000000 _ZN11perspective16MysteriousEffect6UpdateEv
C:\Users\Oliver\AppData\Local\Temp\cclFZbsF.s:734    .text._ZN11perspective16MysteriousEffect6UpdateEv:000002a8 $d
C:\Users\Oliver\AppData\Local\Temp\cclFZbsF.s:759    .rodata._ZN11perspective16MysteriousEffectC2Ev.str1.4:00000000 $d
C:\Users\Oliver\AppData\Local\Temp\cclFZbsF.s:763    .text._ZN11perspective16MysteriousEffectC2Ev:00000000 $t
C:\Users\Oliver\AppData\Local\Temp\cclFZbsF.s:770    .text._ZN11perspective16MysteriousEffectC2Ev:00000000 _ZN11perspective16MysteriousEffectC2Ev
C:\Users\Oliver\AppData\Local\Temp\cclFZbsF.s:877    .text._ZN11perspective16MysteriousEffectC2Ev:00000070 $d
C:\Users\Oliver\AppData\Local\Temp\cclFZbsF.s:770    .text._ZN11perspective16MysteriousEffectC2Ev:00000000 _ZN11perspective16MysteriousEffectC1Ev
C:\Users\Oliver\AppData\Local\Temp\cclFZbsF.s:885    .rodata._ZN11perspective16MysteriousEffect4InitEf.str1.4:00000000 $d
C:\Users\Oliver\AppData\Local\Temp\cclFZbsF.s:913    .text._ZN11perspective16MysteriousEffect4InitEf:00000000 $t
C:\Users\Oliver\AppData\Local\Temp\cclFZbsF.s:920    .text._ZN11perspective16MysteriousEffect4InitEf:00000000 _ZN11perspective16MysteriousEffect4InitEf
C:\Users\Oliver\AppData\Local\Temp\cclFZbsF.s:1465   .text._ZN11perspective16MysteriousEffect4InitEf:00000200 $d
C:\Users\Oliver\AppData\Local\Temp\cclFZbsF.s:1530   .data._ZN12_GLOBAL__N_1L16kDownBoostLabelsE:00000000 _ZN12_GLOBAL__N_1L16kDownBoostLabelsE
C:\Users\Oliver\AppData\Local\Temp\cclFZbsF.s:1496   .rodata._ZTVN11perspective16MysteriousEffectE:00000000 $d
C:\Users\Oliver\AppData\Local\Temp\cclFZbsF.s:1514   .rodata.str1.4:00000000 $d
C:\Users\Oliver\AppData\Local\Temp\cclFZbsF.s:1527   .data._ZN12_GLOBAL__N_1L16kDownBoostLabelsE:00000000 $d

UNDEFINED SYMBOLS
_ZN11perspective14CompoundEffectD2Ev
_ZdlPvj
_ZNK11perspective15EffectParameter8GetValueEv
_ZNK11perspective6Effect17GetParameterCountEv
_ZN11perspective12ReverbEffect6SetMixEf
_ZN11perspective12ReverbEffect11SetFeedbackEf
_ZN11perspective12ReverbEffect9SetLpFreqEf
_ZN11perspective6Effect12GetParameterEj
_ZN11perspective15ToggleParameter8SetStateEb
_ZNK11perspective13TimeParameter12GetValueAsMsEv
_ZN11perspective13TimeParameter14SetDisplayModeENS_15TimeDisplayModeE
_ZN11perspective14CompoundEffectC2EPKcNS_11RoutingModeE
_Znwj
_ZN11perspective15AutowahV2EffectC1Ev
_ZN11perspective13FlangerEffectC1Ev
_ZN11perspective11DelayEffectC1Ev
_ZN11perspective12ReverbEffectC1Ev
_ZN11perspective14CompoundEffect9AddEffectEPNS_6EffectE
_ZN11perspective14CompoundEffect4InitEf
_ZN11perspective22PotentiometerParameterC1EPKcfffNS_8PotCurveEii
_ZN11perspective6Effect12AddParameterEPNS_15EffectParameterE
_ZN11perspective15EffectParameter14SetDisplayTypeENS_11DisplayTypeE
_ZN11perspective15EffectParameter14SetScaleFactorEf
_ZN11perspective13TimeParameterC1EPKcffffiS2_i
_ZN11perspective16EncoderParameterC1EPKcffffii
_ZN11perspective15EffectParameter17SetDiscreteValuesEPPKci
_ZN11perspective14CompoundEffect7ProcessEPfS1_j
_ZN11perspective14CompoundEffect13ProcessStereoEPfS1_S1_S1_j
_ZN11perspective14CompoundEffect8SetTempoEf
ARM GAS  C:\Users\Oliver\AppData\Local\Temp\cclFZbsF.s 			page 80


_ZN11perspective14CompoundEffect19SetMetronomeEnabledEb
_ZNK11perspective14CompoundEffect23GetTempoPulseBrightnessEv
_ZN11perspective14CompoundEffect10OnSelectedEv
_ZN11perspective14CompoundEffect12OnDeselectedEv
