:02000004900466
:100000000000022095070490890704902D82059036
:100010008907049089070490890704900000000074
:1000200000000000000000000000000089070490AC
:10003000890704900000000089070490B1810590B1
:100040008907049089070490890704908907049020
:100050008907049089070490890704908907049010
:10006000890704908907049089070490CD6605905C
:10007000D9660590554C0590E5660590F1660590AA
:10008000995A0690D15605908907049089070490E3
:1000900089070490890704908907049089070490D0
:1000A00089070490890704908907049089070490C0
:1000B000F17F0590FD7F059009800590055705901B
:1000C000890704901157059089070490E1760590FF
:1000D000ED760590A9580690D958069011590690CA
:1000E00089070490890704900000000089070490A4
:1000F0008907049089070490890704908907049070
:10010000890704908907049015800590F976059079
:1001100049590690815906908907049089070490EF
:1001200089070490890704901D7705905177059001
:10013000CD5A069089070490890704908907049096
:1001400000000000000000000000000000000000AF
:10015000890704908907049089070490B95906908B
:100160001D57059089070490C1810590E581059090
:1001700089070490098205908907049089070490F3
:100180008907049089070490F1590690295A06902E
:1001900005770590117705908907049089070490E9
:1001A00089070490890704908907049089070490BF
:1001B00011630590890704908907049089070490CA
:1001C00089070490890704905D4705906947059069
:1001D0008907049075470590890704908907049062
:1001E000890704908907049089070490890704907F
:1001F000890704908907049089070490890704906F
:10020000890704908907049089070490890704905E
:10021000890704908907049089070490890704904E
:100220008907049089070490890704900000000062
:100230008907049089070490000000008907049052
:10024000890704908907049089070490890704901E
:10025000890704908907049089070490890704900E
:1002600089070490890704908907049089070490FE
:100270008907049089070490615A069000000000E5
:100280008907049089070490890704900000000002
:08029000000000008907049042
:1002A00001F0FF01102A2BDB10F0070F08D010F827
:1002B000013B013A8B422DD010F0070F42B3F6D12B
:1002C000F0B441EA012141EA014122F007047FF044
:1002D00000070023F0E80256083C85EA010586EA9B
:1002E000010685FA47F5A3FA87F586FA47F6A5FAD7
:1002F00087F68EB9EED1F0BC01F0FF0102F00702E3
:1003000032B110F8013B013A83EA010313B1F8D18D
:100310000020704701387047002D06BF354603386E
:10032000073815F0010F07D1013015F4807F02BFA7
:10033000013015F4C03F0130F0BC0138704700BFF8
:10034000034613F8012B002AFBD1181A0138704715
:1003500081F0004102E000BF83F0004330B54FEA76
:1003600041044FEA430594EA050F08BF90EA020FE3
:100370001FBF54EA000C55EA020C7FEA645C7FEA76
:10038000655C00F0E2804FEA5454D4EB5555B8BF99
:100390006D420CDD2C4480EA020281EA030382EA0A
:1003A000000083EA010180EA020281EA0303362D9C
:1003B00088BF30BD11F0004F4FEA01314FF4801C6F
:1003C0004CEA113102D0404261EB410113F0004F81
:1003D0004FEA03334CEA133302D0524263EB430338
:1003E00094EA050F00F0A780A4F10104D5F1200ED6
:1003F0000DDB02FA0EFC22FA05F2801841F1000131
:1004000003FA0EF2801843FA05F359410EE0A5F104
:1004100020050EF1200E012A03FA0EFC28BF4CF035
:10042000020C43FA05F3C01851EBE37101F00045EB
:1004300007D54FF0000EDCF1000C7EEB00006EEBF8
:100440000101B1F5801F1BD3B1F5001F0CD3490882
:100450005FEA30004FEA3C0C04F101044FEA4452D9
:1004600012F5800F80F09A80BCF1004F08BF5FEA60
:10047000500C50F1000041EB045141EA050130BD40
:100480005FEA4C0C404141EB0101013C28BFB1F552
:10049000801FE9D291F0000F04BF01460020B1FA9D
:1004A00081F308BF2033A3F10B03B3F120020CDA70
:1004B0000C3208DD02F1140CC2F10C0201FA0CF04E
:1004C00021FA02F10CE002F11402D8BFC2F1200CB3
:1004D00001FA02F120FA0CFCDCBF41EA0C01904069
:1004E000E41AA2BF01EB0451294330BD6FEA0404B2
:1004F0001F3C1CDA0C340EDC04F11404C4F120029D
:1005000020FA04F001FA02F340EA030021FA04F3AE
:1005100045EA030130BDC4F10C04C4F1200220FA05
:1005200002F001FA04F340EA0300294630BD21FA43
:1005300004F0294630BD94F0000F83F4801306BF09
:1005400081F480110134013D4EE77FEA645C18BFFD
:100550007FEA655C29D094EA050F08BF90EA020F94
:1005600005D054EA000C04BF1946104630BD91EA8C
:10057000030F1EBF0021002030BD5FEA545C05D18F
:100580004000494128BF41F0004130BD14F58004CE
:100590003CBF01F5801130BD01F0004545F0FE4142
:1005A00041F470014FF0000030BD7FEA645C1ABF77
:1005B000194610467FEA655C1CBF0B46024650EAAE
:1005C000013406BF52EA033591EA030F41F40021DA
:1005D00030BD00BF90F0000F04BF0021704730B560
:1005E0004FF4806404F132044FF000054FF0000135
:1005F00050E700BF90F0000F04BF0021704730B5F6
:100600004FF4806404F1320410F0004548BF4042CA
:100610004FF000013EE700BF42004FEAE2014FEA1F
:1006200031014FEA02701FBF12F07F4393F07F4FFA
:1006300081F06051704732F07F4208BF704793F0FD
:100640007F4F04BF41F40021704730B54FF4607410
:1006500001F0004521F000411CE700BF50EA010213
:1006600008BF704730B54FF000050AE050EA0102BC
:1006700008BF704730B511F0004502D5404261EB2C
:1006800041014FF4806404F132045FEA915C3FF46D
:10069000D8AE4FF003025FEADC0C18BF03325FEA0A
:1006A000DC0C18BF033202EBDC02C2F1200300FABB
:1006B00003FC20FA02F001FA03FE40EA0E0021FAE0
:1006C00002F11444BDE600BF53B94AB9002908BF7E
:1006D00000281CBF4FF0FF314FF0FF3000F00CB886
:1006E000ADF1080C6DE904CE2CF078FDDDF804E0E6
:1006F000DDE9022304B07047704700BF0348044B94
:10070000834202D0034B03B118477047840800248A
:1007100084080024000000000548064B1B1AD90F6E
:1007200001EBA301491002D0034B03B118477047F6
:1007300084080024840800240000000010B5064C42
:10074000237843B9FFF7DAFF044B13B10448AFF342
:1007500000800123237010BD8808002400000000E1
:100760006411079008B5054B1BB105490548AFF367
:100770000080BDE80840FFF7CFBF00BF00000000C9
:100780008C08002464110790684620F007018D460C
:10079000FEE700BF0B4A08B50B4B934204D0D21AB8
:1007A0000A4918462AF077FE094A0A4B934204D0B8
:1007B000D21A002118462AF080FD2AF03DFE00F0F2
:1007C0000BF8FEE78408002400000024B011079015
:1007D0009C6B00248808002400B5ADF5057D01A8B8
:1007E00003F034F801A803F025FF01A802F0EEFCA5
:1007F00001A802F03FFB00200DF5057D5DF804FB2C
:100800002DE9F0476FF0F4110024464A4FF60B7EB5
:10081000034600F1F408944602F1100902F11807AA
:1008200000F1FC0644610462A0F828E04463A0F8EB
:100830003CE08464A0F858E044660467A0F87C407B
:10084000C0F88040C0E90041C0E90211012180F8F0
:1008500074100021C0E90B44C0E91044C0E91744FA
:10086000C0E92144C0E92344C0E925448167C0E9C7
:100870002744C0E92944C0E92B44C0E92D44C0E91C
:100880002F44C0E93144C0E93444C0F8D840C0F82E
:10089000E040A0F8E440D2F824A0BCE80700C3F888
:1008A000E600C3F8EA10C3F8EE20BCF8002099E88F
:1008B0000300A3F8F22088E8030097E8070086E821
:1008C0000700C3F808A11846A3F80CE1C3F81841C3
:1008D000A3F820E1C3F82C41A3F834E1C3F8404168
:1008E000A3F848E1C3F85441A3F85CE1C3F86841B8
:1008F000A3F870E1C3F87C41C3E94444C3E9494427
:10090000C3E94E44C3E95344C3E95844C3E95D44D1
:10091000C3E96144C3E96344C3E96544C3E9674487
:10092000BDE8F08774D5069010B50446D0F8D00025
:1009300020B1D4F8D810091A27F0FFF9D4F8A40090
:1009400020B1D4F8AC10091A27F0F7F9D4F89800C0
:1009500020B1D4F8A010091A27F0EFF9D4F88C00D0
:1009600020B1D4F89410091A27F0E7F9D4F88000E0
:1009700020B1D4F88810091A27F0DFF9204610BDFD
:10098000B7EEC07A70B5044642482DED028B53ECA9
:10099000172B84B0B0EE408A13F0BAFDD4F8B03013
:1009A000002B0EDD00252E46D4F88000B0EE480A5C
:1009B00001362844243501F0D7FAD4F8B030B342D8
:1009C000F2DCD4F8B420002A0ADDD4F88C3002EB33
:1009D000820203EBC20283ED018A28339A42FAD1E4
:1009E000D4F8B820002A0CDDD4F8983002EB42028B
:1009F00003EB421283ED018A603303ED158A9A42BC
:100A0000F8D1D4F8BC20002A09DDD4F8A4302C2178
:100A100001FB023283ED048A2C339342FAD194F81D
:100A200074307BB39FED1C7AC7EE087A0123032054
:100A300000218DF80C3004F5C27594F87C20CDE9C6
:100A40000001FDEEE77A17EE903A013B0293E2B91E
:100A50006946284617F0E4FA42F20F71284617F06B
:100A60005FFB22460D49284617F076FB284617F013
:100A70003BFB012384ED1E8A84F87C3004B0BDEC7E
:100A8000028B70BD9FED067ACEE7284617F03EFB3D
:100A9000DEE700BFE0D506900080BB465D0C049009
:100AA00000409C46D0F8BC30002B2DE9F0410446B4
:100AB00082B00CDD00252E46D4F8A400013628446F
:100AC0002C3513F0FFFCD4F8BC30B342F4DC94F8BE
:100AD0007D50EDBBD4F8CC30D3B3D4F8C83001335B
:100AE0000F2B38DCC4F8C830D4F8C43001330F2BD6
:100AF00058DD0025D4F8B430AB42C4F8C45053DDFF
:100B000004F1E0082F460AE0FF2B00F08380013754
:100B1000D4F8B430283508F101089F4244DAD4F8FB
:100B20008C00284401F068FAD4F88C602E4496F8C2
:100B300020307F2B64D0802BE6D198F80030002B3A
:100B400000F08580002388F80030E0E7C4F8C0306A
:100B500002B0BDE8F081D4F8B070C4F8C850002FDE
:100B6000C2DDD4F8800005EBC50300EB830150F82B
:100B700023308E881B889A1B4B60002AB8BF5242D4
:100B8000082A03DC0135BD42EDDBADE72A460096BD
:100B9000D4F8CC00013501F05BFDD4F8B070BD4253
:100BA000DFDBA1E7C4F8C430D4F8C0300133012B37
:100BB000CCDD0025D4F8B830AB42C4F8C050C7DD56
:100BC000D4F898002E46284401F060FAD4F8980032
:100BD0004119CB6D33B90136D4F8B83060359E4237
:100BE000F1DBB5E73246D4F8CC0002F055F8013617
:100BF000D4F8B8306035B342AADDD4F89800E2E703
:100C0000002331463A46D4F8CC0088F8003001F091
:100C1000EDFD7CE717F07AFB736AC01A98F8003094
:100C2000012B3FF474AFB0F57A7FFFF670AF07EE9B
:100C3000900A0123D4F88C103A46B8EEE70AD4F8AB
:100C4000CC00294488F8003001F058FF5FE73146B6
:100C50003A46D4F8CC0001F08DFE73E7FFF722BFCF
:100C600070B50546D0F8CC0082B0D0B1D5F8B03020
:100C7000002B16DD002401E0D5F8CC00D5F880105B
:100C800004EBC4032246013451F8236001EB8301D5
:100C900033884B60009301F0DBFCD5F8B030A34201
:100CA000EADC02B070BD00BF2DE9F04FBBB00023FD
:100CB0004FF60B72072102AFADF5147D05461E46B7
:100CC000C0F8B01002AC2280E360A046A28223628A
:100CD00022856363A287A364A4F854202366A4F842
:100CE00068206367A4F87C20C4E90133C4E90633B3
:100CF000C4E90B33C4E91033C4E91633C4E91B3328
:100D0000C4E92033C4F88830A4F89020C4F89C309B
:100D1000A4F8A820C4F8B430A4F8D020C4F8DC307B
:100D2000A4F8E420C4F8F030A4F8FC20C4F808319A
:100D3000A4F81021C4F81C31A4F82421C4E92533F7
:100D4000C4E92B33C4E92F23C4E93133C4E9353373
:100D5000C4E93A33C4E94033C4E94533C4E94A330A
:100D6000C4F83031A4F83821C4F84431A4F8502133
:100D7000C4F85C31A4F86421C4F87031A4F8782177
:100D8000C4F88431A4F88C21C4F89831A4F8A421C3
:100D9000C4F8B031A4F8B821C4F8C431A4F8CC2107
:100DA000C4F8D831C4E94F33C4E95533C4E95A33E0
:100DB000C4E95F33C4E96433C4E96A33C4E96F3317
:100DC000C4E97433A4F8E021C4F8EC31A4F8F821A4
:100DD000C4F80432A4F80C22C4F81832A4F8202273
:100DE000C4F82C32A4F83422C4F84032C4E9793370
:100DF000C4E97F33C4E98433C4E98933C4E98E3359
:100E000005EB4603022240460136B3F8E61008F12E
:100E1000540813F0B5FCD5F8B020B242F0DC05F16F
:100E20001803214618467B60042313F0B9FCD5F85B
:100E3000B030002B40F3A580002612E007F1080C2B
:100E400004F124080136BCE80F000FC4BCE80F0011
:100E5000B6450FC4DCF800302360C5F8848040F349
:100E60009080F1B2786813F09BFE002395ED1E0A86
:100E70000146DFEDCE7A1A46DFEDCD0A07F1080014
:100E800020EE270A01F000F8D5F8B0E00EF1FF33AC
:100E9000B34203D1C74AC84BFA613B62D5E921434B
:100EA0009C42CBD1D5F88090C449A4EB090AC44A2E
:100EB0004FEAAA0301FB03F3934200F05B83012B8B
:100EC000194638BF01215B1880F03483934228BF54
:100ED000134603EBC3039B0018463B6026F031FF2B
:100EE00007F1080C824480464C45BCE80F00AAE894
:100EF0000F00BCE80F00AAE80F00DCF80030CAF8C9
:100F0000003000F0058308F1240BCA46D646ABF149
:100F1000240C0AF1240A0BF1240BBEE80F00ACE804
:100F20000F00BEE80F005445ACE80F00DEF80030BB
:100F3000CCF80030EAD1A4F12403A04AA3EB0903C2
:100F40009B0802FB03F323F04043013303EBC3038D
:100F500008EB83042434B9F1000F06D0D5F88810CB
:100F60004846A1EB090126F0E8FE3B680136D5F8BA
:100F7000B0E04344B645C5F88830C5E920843FF762
:100F800070AF00260423B046C5F8B43095ED1E0AB4
:100F900005EB4802DFED857A00234FF60B74B2F8BB
:100FA000F41020EE270A07F12C007B643C87C7E988
:100FB0000F3301F001F8D5E924639E4200F004816B
:100FC00007F12C0406F1280C0FCC0FC60FCC0FC66E
:100FD00094E8030086E80300C5F890C008F1010812
:100FE000D5F8B4304345D1DC00260223B046C5F81D
:100FF000B83008EB4801F6EE007A4FF60B7095ED2D
:101000001E0A05EB41010024A7F8940020EE270AF0
:10101000B1F80031B1F8FE20A7F8B000A7F8C4007D
:1010200007F18000B1F8FC10C7F89840C7F8BC4041
:10103000C7F8D040C7E92744C7E92D44C7E932447F
:1010400000F0F0FFD5E927439C4200F00A822046D9
:101050006034602207F180012AF01DFAC5F89C4037
:10106000D5E924639E4200F08D8107F1880406F1E2
:10107000280C0FCC0FC60FCC0FC694E8030086E8EF
:101080000300C5F890C008F10108D5F8B830434511
:10109000AFDCD5F8B420002602211A44B046C5F8CA
:1010A000BC10C5F8B42008F1840300224FF60B747D
:1010B00095ED1E0A35F8131007F15400A7F86C409F
:1010C000BA67C7E91C2213F0C1F9D5E92A639E4229
:1010D00000F0E98007F1540406F12C0C0FCC0FC688
:1010E0000FCC0FC694E8070086E80700C5F8A8C033
:1010F00008F10108D5F8BC304345D4DC01260024B2
:10110000062205F5867066F307012346009462F314
:101110000F21224614F06EF8072266F307012346DA
:1011200005F59070009462F30F21224614F062F8E6
:1011300064F307012346224666F30F2105F59A70F2
:10114000009414F057F8042264F30701234605F5D0
:10115000A470009462F30F21224614F04BF805228C
:1011600064F30701234605F5AE70009462F30F2186
:10117000224614F03FF805F5B8750C2266F3070116
:101180002346284662F30F210094324614F032F8C9
:101190003146284614F048F90A4813F0B9F978683E
:1011A00013F0EAFCE437BD46BDE8F08F0000803D57
:1011B0006F12033B4FECC43F9A99993E398EE33846
:1011C000E3388E0324D60690D5F88CA0DC49A6EB34
:1011D0000A0BDC4A4FEAEB0301FB03F3934200F0F6
:1011E000C981012B194638BF01215B1880F0A0810D
:1011F000934228BF134603EB8303DC00204626F00E
:10120000A0FD07F12C0E00EB0B0C81465645BEE805
:101210000F00ACE80F00BEE80F00ACE80F009EE83E
:1012200003008CE8030000F0758109F1280BD64615
:10123000C7F80080F046ABF1280C0EF1280E0BF138
:10124000280BB8E80F00ACE80F00B8E80F007645AF
:10125000ACE80F0098E803008CE80300EAD1A6F19F
:101260002803B94AD7F80080A3EB0A03DB0802FB86
:1012700003F323F06043013303EB830309EBC3065D
:101280002836BAF1000F06D0D5F894105046A1EBDD
:101290000A0126F052FD4C44C5F89060C5F88C90C8
:1012A000C5F894409AE6D5F8A4A0A849A6EB0A0B85
:1012B000A74A4FEAAB0301FB03F3934200F05A81C4
:1012C000012B194638BF01215B1880F0378193420A
:1012D00028BF13462C2202FB03F4204626F031FDE2
:1012E00007F1540E00EB0B0C81465645BEE80F008B
:1012F000ACE80F00BEE80F00ACE80F009EE8070066
:101300008CE8070000F0088109F12C0BD646C7F8DD
:101310000080F046ABF12C0C0EF12C0E0BF12C0BD7
:10132000B8E80F00ACE80F00B8E80F007645ACE86D
:101330000F0098E807008CE80700EAD1A6F12C031B
:10134000844AD7F80080A3EB0A039B0802FB03F34F
:101350002C2223F0404303FB022209EB02062C3629
:10136000BAF1000F06D0D5F8AC105046A1EB0A0137
:1013700026F0E3FC4C44C5F8A860C5F8A490C5F875
:10138000AC40B5E6D5F88CA06D49A6EB0A0B6D4ACA
:101390004FEAEB0301FB03F3934200F0EB80012BD8
:1013A000194638BF01215B1880F0BC80934228BFEA
:1013B000134603EB8303DC00204626F0C2FC07F152
:1013C000880E00EB0B0C81465645BEE80F00ACE8DA
:1013D0000F00BEE80F00ACE80F009EE803008CE8A9
:1013E000030000F09B8009F1280BD646C7F8008067
:1013F000F046ABF1280C0EF1280E0BF1280BB8E8E3
:101400000F00ACE80F00B8E80F007645ACE80F001D
:1014100098E803008CE80300EAD1A6F128034A4AC1
:10142000D7F80080A3EB0A03DB0802FB03F323F0E9
:101430006043013303EB830309EBC3062836BAF19B
:10144000000F06D0D5F894105046A1EB0A0126F003
:1014500074FC4C44C5F89060C5F88C90C5F8944075
:1014600011E6D5F898A03C49A4EB0A0B3B4A4FEA99
:101470006B1301FB03F393427CD0012B194638BF59
:1014800001215B1850D2934228BF134603EB43035C
:101490005B0118463B6026F054FC6022814607F150
:1014A0008001584429F0F7FF544539D009F160060E
:1014B000D34659460BF1600BA6F16000602229F07B
:1014C000EAFF5C4506F16006F3D1A4F16003244A0B
:1014D000A3EB0A035B0902FB03F323F07843013318
:1014E00003EB430309EB43146034BAF1000F06D059
:1014F000D5F8A0105046A1EB0A0126F01EFC3E686C
:10150000C5F89C404E44C5F89890C5F8A060A7E582
:1015100044461FE54E46B3E64E4620E74E468DE76D
:101520004C46E1E70F4C47E70F4B18463B60B2E7EC
:101530000C4C63E60D4B18463B60CFE40C4CCCE6FC
:10154000CDCCCCCC33333303CDCCCC0CA38B2EBA47
:101550002EBAE802A38B2E3AABAAAAAA555555017A
:10156000ABAAAA02F8FFFF7FE0FFFF7FECFFFF7F3F
:10157000E8FFFF7F014826F0FFFB00BF08D606907A
:101580002DE9F043CA4A87B00446CA49CA484FF415
:10159000A07510F0D1FEF02600230122C749009665
:1015A000C548CDE901521A4610F0EAFEC44A8169E5
:1015B0003346009505AD05920022019518304D681F
:1015C0001146A8471C2026F0BCFBBE4905460FF07B
:1015D00087FC02232020DC21C4F8DC500A2202937D
:1015E0000023CDE90010B849B34810F0C9FED4F883
:1015F000D430D4F8D8200646D4F8DC1093420162E7
:1016000000F0FE8043F8040BC4F8D43020230221FC
:10161000DC200A22CDE901310090AC49A64810F047
:10162000AFFED4F8D430D4F8D8200646D4F8DC1075
:101630009342016200F0108143F8040BC4F8D430E7
:1016400002212022DC204023CDE9012100900A2242
:101650009F49994810F094FED4F8D430D4F8D8209B
:101660000646D4F8DC109342016200F0418143F851
:10167000040BC4F8D43002212022DC206023CDE901
:10168000012100900A2293498B4810F079FED4F88A
:10169000D430D4F8D8200646D4F8DC109342016246
:1016A00000F0D68143F8040BC4F8D4300221202284
:1016B000DC208023CDE9012100900A2286497E4862
:1016C00010F05EFED4F8D430D4F8D8200646D4F812
:1016D000DC109342016200F0638143F8040BC4F80C
:1016E000D43002212022DC20A023CDE9012100906A
:1016F0000A227A49704810F043FED4F8D430D4F866
:10170000D8200646D4F8DC109342016200F0F8813C
:1017100043F8040BC4F8D43002212022DC20C0237B
:10172000CDE9012100900A226D49634810F028FE9E
:10173000D4F8D430D4F8D8200646D4F8DC1093423C
:10174000016200F0018143F8040BC4F8D430022197
:101750002022DC20E023CDE9012100900A2261490A
:10176000554810F00DFED4F8D430D4F8D8200646F1
:10177000D4F8DC109342016200F0968143F8040B28
:10178000C4F8D43002212022DC204FF48073CDE94C
:10179000012100900A225449474810F0F1FDD4F885
:1017A000D430D4F8D8200646D4F8DC109342016235
:1017B00000F0228143F8040BC4F8D4300221202227
:1017C000DC204FF49073CDE9012100900A224749B3
:1017D000394810F0D5FDD4F8D430D4F8D8200646D6
:1017E000D4F8DC109342016200F0B68143F8040B98
:1017F0003148C4F8D43007B0BDE8F04311F036BA30
:10180000D4F8D0806FF06042A3EB0805B2EBA50FCF
:101810004FEAA50300F08E82012B194638BF012143
:101820005B1880F07982934228BF13469F003846A8
:1018300026F087FA002D465105F10406814606443C
:1018400000F3BA81B8F1000F40F02E824F44C4E992
:101850003496C4F8D870D9E6D4F8D0806FF06042DE
:10186000A3EB0805B2EBA50F4FEAA50300F06282D7
:10187000012B194638BF01215B1880F04782934243
:1018800028BF13469F00384626F05BFA002D4651CC
:1018900005F104068146064400F3A681B8F1000F65
:1018A00040F02F824F44C4E93496C4F8D870C7E69C
:1018B00000FC08C000000030A4080024004C04C054
:1018C000946F09FF24DF069000DE03C0007003C0A0
:1018D000000203C0009402C0002602C000B801C08C
:1018E000004A01C000DC00C0006E00C0000000C063
:1018F000D4F8D0806FF06042A3EB0805B2EBA50FDF
:101900004FEAA50300F01682012B194638BF0121CA
:101910005B1880F0FF81934228BF13469F00384632
:1019200026F00FFA002D465105F1040681460644C3
:1019300000F38A81B8F1000F40F0DE814F44C4E922
:101940003496C4F8D87096E6D4F8D0806FF0604230
:10195000A3EB0805B2EBA50F4FEAA50300F0EA815F
:10196000012B194638BF01215B1880F0D1819342C9
:1019700028BF13469F00384626F0E3F9002D465154
:1019800005F104068146064400F34681B8F1000FD4
:1019900040F0AD814F44C4E93496C4F8D870D6E61F
:1019A000D4F8D0806FF06042A3EB0805B2EBA50F2E
:1019B0004FEAA50300F0BE81012B194638BF012173
:1019C0005B1880F0B581934228BF13469F003846CC
:1019D00026F0B7F9002D465105F10406814606446C
:1019E00000F34A81B8F1000F40F07C814F44C4E914
:1019F0003496C4F8D87074E6D4F8D0806FF06042A2
:101A0000A3EB0805B2EBA50F4FEAA50300F0928106
:101A1000012B194638BF01215B1880F08781934262
:101A200028BF13469F00384626F08BF9002D4651FB
:101A300005F104068146064400F3E280B8F1000F88
:101A400040F04B814F44C4E93496C4F8D870B5E6F1
:101A5000D4F8D0806FF06042A3EB0805B2EBA50F7D
:101A60004FEAA50300F06681012B194638BF01211A
:101A70005B1880F05981934228BF13469F00384677
:101A800026F05FF9002D465105F104068146064413
:101A900000F3E680B8F1000F40F01A814F44C4E92A
:101AA0003496C4F8D87001E6D4F8D0806FF0604264
:101AB000A3EB0805B2EBA50F4FEAA50300F03A81AE
:101AC000012B194638BF01215B1880F02B8193420E
:101AD00028BF13469F00384626F033F9002D4651A3
:101AE00005F104068146064400F3A280B8F1000F18
:101AF00040F0E9804F44C4E93496C4F8D87041E618
:101B0000D4F8D0806FF06042A3EB0805B2EBA50FCC
:101B10004FEAA50300F00E81012B194638BF0121C1
:101B20005B1880F0FD80934228BF13469F00384623
:101B300026F007F9002D465105F1040681460644BA
:101B400000F3A680B8F1000F40F0B8804F44C4E91C
:101B50003496C4F8D870DFE5D4F8D0806FF06042D6
:101B6000A3EB0805B2EBA50F4FEAA50300F0E28056
:101B7000012B194638BF01215B1880F0CF809342BA
:101B800028BF13469F00384626F0DBF8002D46514B
:101B900005F10406814606441ADCB8F1000F40F056
:101BA00088804F446548C4E93496C4F8D87007B0BB
:101BB000BDE8F04311F05AB841462A4629F06BFCC3
:101BC000D4F8D810A1EB0801404626F0B6F83DE65F
:101BD00041462A4629F05FFCD4F8D810A1EB080151
:101BE000404626F0AAF8DCE741462A4629F053FC95
:101BF000D4F8D810A1EB0801404626F09EF851E633
:101C000041462A4629F047FCD4F8D810A1EB080138
:101C1000404626F092F815E741462A4629F03BFC5B
:101C2000D4F8D810A1EB0801404626F086F8B1E6BA
:101C300041462A4629F02FFCD4F8D810A1EB080120
:101C4000404626F07AF855E741462A4629F023FC1B
:101C5000D4F8D810A1EB0801404626F06EF86DE6E6
:101C600041462A4629F017FCD4F8D810A1EB080108
:101C7000404626F062F811E741462A4629F00BFC5F
:101C8000D4F8D810A1EB0801404626F056F8ADE68E
:101C900041462A4629F0FFFBD4F8D810A1EB0801F1
:101CA000404626F04AF851E7D4F8D810A1EB0801D5
:101CB0008AE7D4F8D810A1EB080191E7D4F8D8103E
:101CC000A1EB0801ECE7D4F8D810A1EB0801B7E7C5
:101CD000D4F8D810A1EB0801CAE7D4F8D810A1EBCA
:101CE000080195E7D4F8D810A1EB0801CCE7D4F8A7
:101CF000D810A1EB080197E7D4F8D810A1EB0801A0
:101D0000AAE7D4F8D810A1EB080175E70C4FBAE5A3
:101D10000B4F30E60A4F02E6094F88E5084F32E7DD
:101D2000074F04E7064FD6E6054FA8E6044F7AE6CC
:101D3000034F4CE6034826F01FF800BFA408002418
:101D4000FCFFFF7F08D606900B4690F8741010B584
:101D5000C0F8CC30044611F09DF9002012F03AFC96
:101D60002046FFF70DFC2046FEF79EFF4FF47A70E9
:101D700016F0D4FA20469FED060AFEF701FE16F093
:101D80007DFC01460348BDE8104012F0C1BB00BF16
:101D90000000FA4434D6069000292ADBF0B51D462F
:101DA00083B0D0E93430C01AB1EBA00F1FDA53F87A
:101DB00021400027164601A92368204601979B6809
:101DC00098474FF0FF33314604F1180663623046FE
:101DD000E7610FF0ADF8A02330462946E3610FF02C
:101DE000A7F8044803B0BDE8F04010F03FBF03B0CF
:101DF000F0BD7047A408002430B5D0E9344583B065
:101E0000A54209D054F8040B002201A903680192ED
:101E10009B689847A542F5D1024803B0BDE8304021
:101E200010F024BFA408002408B5134B2A202B214E
:101E30002C2203F5805C187058719872D87318754D
:101E40000E485976997783F8231083F8281083F881
:101E50002D1083F8322083F8332683F8342C8CF845
:101E600035228CF8362810F021FA054A0549034836
:101E7000BDE8084025F05CBF00000030A408002445
:101E800000000024F9220590F6EE006A9FED156A25
:101E900020EE207A0160F7EE007A80ED046A80ED92
:101EA000030A27EE267AC7EE876AF4EEE76AF1EEB8
:101EB00010FA08DCF4EEC66AF1EE10FA54BFF0EE48
:101EC000667AF0EE467ADFF824C0074902770022EE
:101ED000C0ED027AC0F814C0816143778277C0ED0B
:101EE000080A7047000000008FC2753D8FC2953F01
:101EF000D0ED017A9FED086AB8EEE77A90ED040A1A
:101F0000D0ED026AC7EE067A77EEC07AA6EEA70A8F
:101F100080ED040A704700BF00FF7F47037F1BB1BD
:101F2000F7EE007A37EEC00A90ED067AD0ED057A2A
:101F300030EE470A437F60EE277A0BB1F1EE677A05
:101F4000F5EEC07AF1EE10FA08D4B7EE000AF4EE1E
:101F5000C07AF1EE10FA30FE270A70479FED010AB1
:101F6000704700BF00000000837F80ED030AE3B9E3
:101F7000D0ED087A27EE800AB6EE007AF7EE007A06
:101F800020EE070A87EE807AB4EEE77AF1EE10FAD7
:101F900008DCB5EEC07ADFED067AF1EE10FA58BF34
:101FA000F0EE477AC0ED027A7047DFED027AE1E7A2
:101FB000000000006F12033B10B52DED028B86B0C0
:101FC0000446B0EE408AADF8141016F0A1F94FF4B3
:101FD0008072002301212060228404F10C00217210
:101FE0001A46059984ED018A009313F003F906B0AF
:101FF000BDEC028B10BD00BF10B504460C3013F0D1
:1020000007FA94F8213094F82020434043EA420331
:10201000DBB27F2B84F8203000D010BD16F076F9AB
:10202000606210BD30B52DED028BB0EE408A87B0F6
:1020300004460025ADF81410ADF81020ADF80C30B2
:1020400016F064F92B4620602A46059904F1300009
:1020500084ED018A009513F0CDF82B462A460499A9
:1020600004F14400009513F0C5F8B0EE480A039956
:1020700004F10800FFF7A0FF4FF6FF73E565A4F831
:10208000583007B0BDEC028B30BD00BF70B50446C0
:1020900016F03CF92268824200D170BD94F8586075
:1020A000034604F130007600236013F0B1F90346D3
:1020B00076B294F8595004F144001E436D0084F840
:1020C00058606DB213F0A4F994F8583028430022F8
:1020D00003F0030340B2E265022B84F8590000F0DC
:1020E000030007D0002BD8D10228D6D14FF0FF3300
:1020F000E36570BD0028D0D10123E36570BD00BF4A
:10210000F8B508220446002320202261C4E90033E8
:10211000C4E90233C4E90533C4E90733C4E9093328
:10212000C4E90B3325F00DFE256906464FF4FA701D
:10213000013DE66025F005FE03466D08204603F5E7
:10214000FA7206EB850746F82530E26127622763BD
:10215000E262C4E90533C4E90933F8BDF8B5D0E952
:1021600000570646BD420BD02C46A36803222146E9
:102170002046002B33D01C349847A742F5D1756018
:10218000F06890B1356B346A0435AC4208D254F82B
:10219000040B4FF4FA7125F0D0FDA542F7D8F06892
:1021A0003169890025F0C9FD75683468AC4209D0F1
:1021B000A36803222146204663B11C349847A542F8
:1021C000F6D1356825B1B1682846491B25F0B5FD23
:1021D0003046F8BD1C34AC42EAD13568F2E71C3415
:1021E000A742C2D1CBE700BF2DE9F04F1F4689B00F
:1021F00005460E469046D0E901439C4239D04FF047
:1022000000098B68CDF81090CDF81C90CDE90599A8
:102210002BB3022204A89847F3680793B368069388
:10222000C4E90099C4E90299002B00F0BF800222A2
:1022300004A920469847079B4FF0FF32E360069BB6
:10224000A261A360C4E904871BB104A90322084664
:1022500098476B681C336B6009B0BDE8F08FC4E928
:102260000033C4E902334FF0FF33C4E90427A3610C
:10227000EFE7036852490293E31A524A03939B1013
:1022800001FB03F3934200F09780012B194638BFFE
:1022900001215B1880F08680934228BF1346C3EB70
:1022A000C3039B001846019325F04BFD4FF0000A35
:1022B000039A8346B36800EB0209CDF810A0CDF86D
:1022C0001CA0CDE905AA002B5ED00222314604A84D
:1022D0009847039B4BF803A0F368C9F80CA0079339
:1022E000B368C9E901AA0693002B52D0022204A9BF
:1022F00048469847079B4FF0FF32C9F80C30069BC1
:10230000C9F81820C9F80830C9E904871BB104A925
:10231000032208469847029B9C4241D01E465F46D6
:102320000023D6E90221C7E90033C7E9023132B1FF
:10233000BA6096E80300C6E9023387E80300B36990
:10234000D6E90421BB61C7E90421B368BBB13146BA
:1023500030461C36032298471C37B442E0D1029B1A
:102360001C3723B1A9681846C91A25F0E6FC019B61
:102370005B44C5E900B7AB6009B0BDE8F08F1C361F
:102380001C37B442CCD1EAE78350C9F80C30C9E914
:1023900001334FF0FF33C9E90487C9F81830BAE7B1
:1023A0005F46DCE7084B184601937DE74FF0FF33AB
:1023B000C4E90487A3614CE7044825F0DDFC00BFB5
:1023C000B76DDBB624499204F0FFFF7F08D6069074
:1023D0002DE9F04F1F4689B005460E469046D0E9DC
:1023E00001439C4235D04FF000098B68CDF8109026
:1023F000CDF81C90CDE905991BB3022204A898479B
:10240000F3680793B3680693C4E90099C4E9029995
:10241000002B00F0BA80022204A920469847079BAF
:10242000E360069BA761A360C4E904891BB104A90A
:102430000322084698476B681C336B6009B0BDE8FF
:10244000F08FC4E90033C4E90233C4E90423A7616F
:10245000F1E7036850490293E31A504A03939B1033
:1024600001FB03F3934200F09480012B194638BF1F
:1024700001215B1880F08580934228BF1346C3EB8F
:10248000C3039B001846019325F05BFC4FF0000A44
:10249000039A8346B36800EB0209CDF810A0CDF88B
:1024A0001CA0CDE905AA002B5CD00222314604A86D
:1024B0009847039B4BF803A0F368C9F80CA0079357
:1024C000B368C9E901AA0693002B50D0022204A9DF
:1024D00048469847079BC9F81870C9F80C30069B06
:1024E000C9E9048AC9F808301BB104A903220846C7
:1024F0009847029B9C4242D01E465F460023D6E985
:102500000221C7E90033C7E9023132B1BA6096E867
:102510000300C6E9023387E80300B369D6E9042162
:10252000BB61C7E90421B368BBB1314630461C36F4
:10253000032298471C37B442E0D1029B1C3723B1D9
:10254000A9681846C91A25F0F8FB019B5B44C5E948
:1025500000B7AB6009B0BDE8F08F1C361C37B44241
:10256000CCD1EAE78350C9F80C30C9E90133002324
:10257000C9F81080C9F81870C9F81430B9E75F4677
:10258000DBE7074B184601937EE7C4E90483A761A4
:1025900051E7044825F0F0FBB76DDBB624499204FF
:1025A000F0FFFF7F08D60690F0B5436A87B0476911
:1025B000BB4236D0064601AC3D46A646F4690FCD77
:1025C000A4F1140CAEE80F0067452B68CEF800307C
:1025D0002DD01437019B77612BB3D6E90045AC426F
:1025E00003D11AE01C34A54217D02269019B9A42FC
:1025F000F8D1636913B1029A9342F3D1A3695A1CCB
:1026000002D0039A9342EDD1A368F3B1E368204668
:102610001C3401A99847A542E7D17769736ABB4288
:10262000C9D107B0F0BD0298FFF762FCD5E74FF4BF
:10263000FA71B06925F081FB336A5F68043307F5EE
:10264000FA723362C6E90672C4E725F098FB00BF50
:102650002DE9F84F04461D46406A0F46E36A1646C8
:10266000A3F1140C60450BD000F114034160C0E9E4
:1026700002250A9A0261002202606362BDE8F88FB7
:10268000D4F83080A36A216AC01AB8F10003A8EB1D
:102690000109626918BF0123DFF84CE18010C3EB28
:1026A000A9034FEAA90A03EB830303EB830CE36955
:1026B0009B1A9A100EFB00C30EFB0233484A93424A
:1026C00000F08A80D4E90303A8EB0002A3EBA20286
:1026D000012A18D94FF4FA7025F033FBC8F804002A
:1026E0000A98636A226B186100205F60111D1860F0
:1026F000C3E902655368216303F5FA726362C4E9B2
:102700000A32BDE8F88F0AF10202B3EB420F1ED97C
:102710009B1A08F104025B08521A00EB830841453A
:102720003BD9042A42DD404628F0AEFDD8F80030FF
:10273000C4F82080A36103F5FA73E36158F8093007
:10274000C844A36203F5FA73C4E90B38C2E7012B4E
:102750002CBF03EB030803F1010808F1020BBBF1E6
:10276000005F28D24FEA8B0025F0EBFA226B216A3A
:10277000A8EB0A03043282465B08521A00EB830876
:10278000042A1DDD404628F07FFD2169E0688900AC
:1027900025F0D3FAC4E903ABC8E709F10400042A21
:1027A000404412DD801A28F06FFDBFE7BED10A68F1
:1027B00040F82320BAE7BBF1804F0BD325F0D9FABC
:1027C000E3D10A6840F82320DFE7AFD10B6840F877
:1027D000043CABE725F0CAFA024825F0CDFA00BF69
:1027E000CCCCCC0C4CD60690CDCCCCCC2DE9F84F33
:1027F0000446C06A0E461546636A143883420BD0FD
:10280000012100225E60196003F114019D60C3E99B
:1028100003226162BDE8F88F276BA26A216A9B1AC6
:102820003A1EA7EB0108E06918BF01224FEAA30E88
:1028300063694FEAA80BC2EBA802DFF834C1C01AE3
:10284000494B02EB8202801002EB82020CFB0E224B
:102850000CFB00229A4200F08380D4E903033A1A69
:10286000A3EBA202012A17D94FF4FA7025F069FAF6
:10287000012278600021636A1A60226B5E60196130
:102880000432C3E902511168226301F5FA736162EF
:10289000C4E90A13BDE8F88F0BF10202B3EB420F53
:1028A0001BD99B1A3A1D5B08521A00EB8307B942E9
:1028B00037D9042A3EDD384628F0E6FC3B6827621B
:1028C000A36103F5FA73E36157F808304744A36244
:1028D00003F5FA73C4E90B37C6E7012B2CBFDF18E9
:1028E0005F1C07F10209B9F1005F28D24FEA8900A5
:1028F00025F027FA226B216AA7EB0B0304328246EC
:102900005B08521A00EB8307042A1DDD384628F0C5
:10291000BBFC2169E068890025F00FFAC4E903A92E
:10292000CCE708F10400042A384412DD801A28F0AC
:10293000ABFCC3E7C2D10A6840F82320BEE7B9F177
:10294000804F0BD325F015FAE3D10A6840F8232015
:10295000DFE7B3D10B6840F8043CAFE725F006FA97
:10296000024825F009FA00BFCCCCCC0C4CD606901E
:10297000CDCCCCCC2DE9F84F0446C06A0E461546A6
:10298000636A143883420BD0022100225E60196012
:1029900003F114019D60C3E903226162BDE8F88F71
:1029A000276BA26A216A9B1A3A1EA7EB0108E0690D
:1029B00018BF01224FEAA30E63694FEAA80BC2EBCE
:1029C000A802DFF834C1C01A494B02EB8202801022
:1029D00002EB82020CFB0E220CFB00229A4200F05A
:1029E0008380D4E903033A1AA3EBA202012A17D980
:1029F0004FF4FA7025F0A5F9022278600021636A8D
:102A00001A60226B5E6019610432C3E902511168D9
:102A1000226301F5FA736162C4E90A13BDE8F88F15
:102A20000BF10202B3EB420F1BD99B1A3A1D5B0854
:102A3000521A00EB8307B94237D9042A3EDD3846E3
:102A400028F022FC3B682762A36103F5FA73E36177
:102A500057F808304744A36203F5FA73C4E90B370B
:102A6000C6E7012B2CBFDF185F1C07F10209B9F183
:102A7000005F28D24FEA890025F063F9226B216AB2
:102A8000A7EB0B03043282465B08521A00EB830764
:102A9000042A1DDD384628F0F7FB2169E06889002B
:102AA00025F04BF9C4E903A9CCE708F10400042A96
:102AB000384412DD801A28F0E7FBC3E7C2D10A6868
:102AC00040F82320BEE7B9F1804F0BD325F051F930
:102AD000E3D10A6840F82320DFE7B3D10B6840F860
:102AE000043CAFE725F042F9024825F045F900BF64
:102AF000CCCCCC0C4CD60690CDCCCCCC2DE9F84F20
:102B00000446C06A0E461546636A143883422DEDAA
:102B1000028BBDEEC08A0ED00322596083ED038A7A
:102B200000211A6003F114029D6019616262BDEC1C
:102B3000028BBDE8F88F276BA26A216A9B1A3A1EA6
:102B4000A7EB0108E06918BF01224FEAA30E6369F1
:102B50004FEAA80BC2EBA802DFF838C1C01A4B4BF2
:102B600002EB8202801002EB82020CFB0E220CFBB5
:102B700000229A4200F08680D4E903033A1AA3EBBC
:102B8000A202012A1AD94FF4FA7025F0DAF8216B63
:102B900078600322636A002004311A605E600A686C
:102BA00083ED038A9D60186102F5FA732163626206
:102BB000BDEC028BC4E90A23BDE8F88F0BF10202D9
:102BC000B3EB420F1BD99B1A3A1D5B08521A00EB5C
:102BD0008307B94237D9042A3EDD384628F054FB32
:102BE0003B682762A36103F5FA73E36157F8083085
:102BF0004744A36203F5FA73C4E90B37C3E7012B1B
:102C00002CBFDF185F1C07F10209B9F1005F28D261
:102C10004FEA890025F095F8226B216AA7EB0B0398
:102C2000043282465B08521A00EB8307042A1DDD3A
:102C3000384628F029FB2169E068890025F07DF8F5
:102C4000C4E903A9CCE708F10400042A384412DDE2
:102C5000801A28F019FBC3E7C2D10A6840F8232084
:102C6000BEE7B9F1804F0BD325F083F8E3D10A68B2
:102C700040F82320DFE7B3D10B6840F8043CAFE70E
:102C800025F074F8024825F077F800BFCCCCCC0CC6
:102C90004CD60690CDCCCCCC2DE9F84F04461D4641
:102CA000406A0F46E36A1646A3F1140C60450BD048
:102CB000002200F11403416002610422C0E90265B0
:102CC00002606362BDE8F88FD4F83080A36A216A9D
:102CD000C01AB8F10003A8EB0109626918BF01230B
:102CE000DFF84CE18010C3EBA9034FEAA90A03EB1C
:102CF000830303EB830CE3699B1A9A100EFB00C35A
:102D00000EFB0233484A934200F08A80D4E9030361
:102D1000A8EB0002A3EBA202012A18D94FF4FA7023
:102D200025F00FF8226BC8F804000021636A042024
:102D30001961111D5F601860C3E902655368216362
:102D400003F5FA726362C4E90A32BDE8F88F0AF14A
:102D50000202B3EB420F1ED99B1A08F104025B0872
:102D6000521A00EB830841453BD9042A42DD404614
:102D700028F08AFAD8F80030C4F82080A36103F55F
:102D8000FA73E36158F80930C844A36203F5FA7393
:102D9000C4E90B38C2E7012B2CBF03EB030803F196
:102DA000010808F1020BBBF1005F28D24FEA8B004B
:102DB00024F0C7FF226B216AA8EB0A030432824683
:102DC0005B08521A00EB8308042A1DDD404628F0F8
:102DD0005BFA2169E068890024F0AFFFC4E903AB26
:102DE000C8E709F10400042A404412DD801A28F0E3
:102DF0004BFABFE7BED10A6840F82320BAE7BBF11F
:102E0000804F0BD324F0B5FFE3D10A6840F82320AC
:102E1000DFE7AFD10B6840F8043CABE724F0A6FF36
:102E2000024824F0A9FF00BFCCCCCC0C4CD60690B5
:102E3000CDCCCCCC041D08B52046FFF7B5FBFBE795
:102E4000044B10B5044640F8043BFFF759F92046FF
:102E500010BD00BFE4E90690044B10B5044640F8ED
:102E6000043BFFF77BF9204610BD00BFE4E9069064
:102E70000430704710B50A4B0446D0F8E0012360D7
:102E800020B1D4F8E811091A24F057FF04F13800F2
:102E9000FDF74AFD2046FFF7DFFF204610BD00BFCB
:102EA000FCE9069038B50468D4F8DC31D3B115F0EC
:102EB0002DFAD4F80432054693B1C31AB3F5FA6F6C
:102EC0000ED207EE903AD4F8DC019FED070AF8EE37
:102ED000E77AC4F80832036880EE270A9B699847AE
:102EE000C4F8045238BD00BF00007A44012A06D05D
:102EF000022A0AD0032A00D022B1002070470160C4
:102F0000002070470260002070470B6803600020BB
:102F1000704700BF012A06D0022A0AD0032A00D037
:102F200022B100207047016000207047026000203D
:102F300070470B6803600020704700BF012A06D06D
:102F4000022A0AD0032A00D022B100207047016073
:102F5000002070470260002070470B68036000206B
:102F6000704700BF012A06D0022A0AD0032A00D0E7
:102F700022B10020704701600020704702600020ED
:102F800070470B6803600020704700BF012A06D01D
:102F9000022A0AD0032A00D022B100207047016023
:102FA000002070470260002070470B68036000201B
:102FB000704700BF012A06D0022A0AD0032A00D097
:102FC00022B100207047016000207047026000209D
:102FD00070470B6803600020704700BF012A06D0CD
:102FE000022A0AD0032A00D022B1002070470160D3
:102FF000002070470260002070470B6803600020CB
:10300000704700BF012A06D0022A0AD0032A00D046
:1030100022B100207047016000207047026000204C
:1030200070470B6803600020704700BF012A06D07C
:10303000022A0AD0032A00D022B100207047016082
:10304000002070470260002070470B68036000207A
:10305000704700BF012A06D0022A0AD0032A00D0F6
:1030600022B10020704701600020704702600020FC
:1030700070470B6803600020704700BF012A06D02C
:10308000022A0AD0032A00D022B100207047016032
:10309000002070470260002070470B68036000202A
:1030A000704700BF10B50C4B0446D0F8E001236018
:1030B00020B1D4F8E811091A24F03FFE04F13800D9
:1030C000FDF732FC2046FFF7C7FE20464FF40371A0
:1030D00024F033FE204610BDFCE9069010B50468CC
:1030E00094F8F03183F0010384F8F03113B1D4F88F
:1030F000F41101B1012104F5D47012F095F994F89E
:10310000F03173B1D4F8F431C3B994F800320C4AF9
:1031100063B904F138000B4B0921BDE81040FEF7FC
:103120003BBE084A94F80032002BF2D004F138007C
:10313000054B0921BDE81040FEF72EBE034AF1E71A
:103140007CD6069074DD069090D6069084D60690C4
:1031500010B50468D4F8F42194F8F011B2FA82F3AF
:103160005B09C4F8F43101B112BB012104F5D4703C
:1031700012F05AF994F8F03143B1D4F8F431ABB904
:1031800094F800320D4A33B90D4B05E00C4A94F81F
:103190000032002BF8D00B4B383409212046FEF7C3
:1031A000FBFD2046BDE81040FDF75ABD064AEEE79C
:1031B000002104F5D47012F037F9DBE77CD60690D5
:1031C00074DD069090D6069084D6069080B50446AD
:1031D0008EB0DFF8F480071D00F138053FE0D6E936
:1031E0000F36009627F09AFFD4F8FC312E4A1021B2
:1031F00093ED0D7A06A8B7EEC77A8DED007B27F028
:103200008DFFD4F8FC31294A1021D3ED0E7A0AA89B
:10321000F5EEC07AB7EEE76AF1EE10FA02DC244A66
:1032200010210AA88DED006B27F078FF02AB214A30
:1032300001212846FEF7B0FD06AB1F4A02212846B1
:10324000FEF7AAFD0AAB1D4A03212846FEF7A4FD9E
:1032500000230121284684F8B5300FF055FE0123E4
:10326000384684F8B530FFF79FF994F8F831002B11
:10327000EED0D4F8FC611021114A02A8114B002EA7
:10328000E6D096F844C0BCF1000FA8D1D8F80020D1
:103290000693ADF80820ADF82820120C8DF80A200E
:1032A0008DF82A20C2E700BF9CD60690A4D60690CF
:1032B000ACD60690B8D60690C0D60690CCD606906E
:1032C00094D606902D2D2D00B4D6069010B5046826
:1032D000D4F8DC01002835D094F80012036881F09E
:1032E0000101DB6984F800129847D4F8DC01036817
:1032F0005B69984794F8F03193B9134A94F8003217
:10330000B3B1124B092104F13800FEF745FD94F8E2
:1033100000327BB10E490F48BDE8104011F0F8B8FB
:10332000D4F8F43163B994F800320B4A002BE8D199
:10333000054BE7E709490748BDE8104011F0E8B838
:10334000074ADBE710BD00BF74DD069090D60690FB
:10335000D4D60690DCD606907CD60690D8D60690B9
:1033600084D6069070B50C6884B015688CB123685B
:10337000102206686946DB682046013598472046DA
:1033800002F04AFA6B460246294606F13800FEF77B
:1033900003FD04B070BD00BF2DE9F0410646D0F832
:1033A000DC0184B00C4610B103689B6A9847D6F8DC
:1033B000E03106F13808C6F8EC41002553F8240046
:1033C0000368C6F8DC015B6A9847D6F8DC0196F81A
:1033D00000120368DB699847D6F8DC0103685B6973
:1033E00098474046FEF708FDD6F8DC0101F01CFACC
:1033F000234B024600214046FEF7CEFC1EE0D6F8E5
:10340000DC0101F015FA0446B8B102F009FA0346EE
:103410002046002B11DB02F003FA236810226946D4
:10342000DB68074620469847204602F0F5F96B46D0
:103430000246791C4046FEF7AFFC0135D6F8DC01A8
:1034400001F000FA85422946D9D396F8F03143B10C
:10345000D6F8F43193B996F800320A4A33B9084BDA
:1034600005E0074A96F80032002BF8D0064B0921F8
:10347000404604B0BDE8F041FEF78EBC034AF1E7D8
:1034800074DD06907CD6069090D6069084D6069081
:103490000068D0E978239A420CD09B1AD0F8EC113E
:1034A0009B1021B101398B4204D9FFF775BF591E1A
:1034B000002BFAD1704700BF0068D0E978239A4208
:1034C0000BD09B1AD0F8EC119B105A1E914205D2DA
:1034D00001318B4201D9FFF75FBF70470021FFF731
:1034E0005BBF00BF0368F0B50646D3F8DC0185B0CA
:1034F000002849D00F46002503E033680135D3F892
:10350000DC0101F09FF9854229463DD23368D3F8AA
:10351000DC0101F08DF904460028EED002F07EF9BE
:10352000BB689842E9D1236820469B6898470028E9
:10353000E3D1786890ED040AFEF7F0FC204602F033
:103540001FFA204602F06CF9002814DB2046376889
:1035500002F066F9236810226946DB6805462046BA
:103560009847204602F058F96B460246691C07F15D
:103570003800FEF711FC3368D3F8DC0103685B699F
:1035800005B0BDE8F040184705B0F0BD4F4BF0B5B1
:103590001D6883B01DB395F8F83184460E46144675
:1035A000FBB9D5F8DC0195F8F031002865D0002B87
:1035B00054D0D5F8F431012B74D09CB3DCE9003041
:1035C000D6E9001203EB840453F8046B41F8046B52
:1035D000A34250F8046B42F8046BF5D122E003B02B
:1035E000F0BDD5F8FC010028DBD0036801924A68E1
:1035F00000921F690B68DCE90012B84794B1D6E964
:103600000007A60007EB8404A04202D28219974269
:1036100015D33246002127F050FE324600213846AD
:1036200027F04BFE9FED2A0AD5F8F430002BD6DDAB
:10363000D5F8DC0003B0BDE8F04010F031BF002346
:1036400040F8043B904247F8043BEBD0002340F89D
:10365000043B904247F8043BF1D1E3E70268019450
:103660007368009333681469DCE90012A047D5F849
:10367000DC0103681B6A9847D6E7002B99D1002C20
:10368000D0D0DCE90030D6E9001203EB840453F813
:10369000046B41F8046BA34250F8046B42F8046BCE
:1036A000F5D1BFE7002CBDD0DCE90030D6E900122F
:1036B00003EB840453F8046B41F8046BA34250F805
:1036C000046B42F8046BF5D1ACE700BF8809002415
:1036D000000000000368F0B50646D3F8DC0185B0B1
:1036E000002854D00F46002503E033680135D3F895
:1036F000DC0101F0A7F88542294648D23368D3F8A7
:10370000DC0101F095F804460028EED002F086F8BE
:10371000BB689842E9D1236820469B6898470228F5
:10372000E3D1204602F0D4FA204602F079F80028CE
:1037300014DB2046376802F073F8236810226946CC
:10374000DB68054620469847204602F065F86B4640
:103750000246691C07F13800FEF71EFB204602F006
:103760005BF8014620460C4602F03AF8FDEEC07ABE
:103770000848214617EE902A10F0CAFE3368D3F8A5
:10378000DC0103685B6905B0BDE8F040184705B08F
:10379000F0BD00BFECD606900368F0B50646D3F83E
:1037A000DC0185B0002848D00F46002503E03368CF
:1037B0000135D3F8DC0101F045F8854229463CD2B9
:1037C0003368D3F8DC0101F033F804460028EED06A
:1037D00002F024F8BB689842E9D1236820469B6830
:1037E00098470128E3D1F968002928DD236820469D
:1037F0005B699847204602F013F8002814DB204646
:10380000376802F00DF8236810226946DB68054628
:1038100020469847204601F0FFFF6B460246691C90
:1038200007F13800FEF7B8FA3368D3F8DC01036813
:103830005B6905B0BDE8F040184705B0F0BDD9D0D0
:103840002368494220469B699847D3E710B5044650
:10385000FFF7F6FA0E4B204640F8383BFCF7D0FF56
:10386000002301210B4A2046C4F8EC3184F8F031E2
:10387000C4F8F41184F8F831C4F8FC3184F800324B
:103880001460C4E97733C4E97933C4E9813310BDE6
:10389000FCE906908809002430B5002385B05E4914
:1038A000051D5E4A04460391694602921A4600903D
:1038B00028460193FEF798FC029B1BB10322694640
:1038C00068469847564A0023694628460392554A57
:1038D00002920422CDE90043FEF786FC029B1BB155
:1038E00003226946684698474F4A0023694628469E
:1038F00003924E4A02920222CDE90043FEF774FC85
:10390000029B1BB10322694668469847484A002338
:10391000694628460392474A02920222CDE90043B3
:10392000FEF756FD029B1BB1032269466846984785
:10393000414A0023694628460392404A02920322E4
:10394000CDE90043FEF744FD029B1BB1032269460B
:103950006846984700223A4B69462846039301235C
:10396000CDE90042374A02920222FEF731FD029B66
:103970001BB1032269466846984700220223694624
:103980002846CDE90042304A0392304A02921A4654
:10399000FEF71EFD029B1BB103226946684698474D
:1039A00000222B4B6946284603930223CDE90042AF
:1039B000284A02920322FEF70BFD029B1BB1032251
:1039C0006946684698470022234B69462846039378
:1039D0000323CDE90042214A02920222FEF7F8FCBD
:1039E000029B1BB1032269466846984700210323C6
:1039F0001B4A284601911B4903921A4602916946C7
:103A00000094FEF7E5FC029B1BB103226946684661
:103A1000984705B030BD00BFE5340490ED2E04900A
:103A200099370490152F0490D53604903D2F0490BB
:103A3000B9340490652F04904D3B04908D2F049071
:103A400091340490B52F0490DD300490DD2F049064
:103A50005131049005300490A52E04902D3004902F
:103A6000CD32049055300490D0F8FC21002A59D072
:103A700090F8F831F0B504468FB02BB392F844308B
:103A800023BB294B02AE294A06AD1B680AAF06923A
:103A90001A0CADF80830ADF828308DF80A208DF8F2
:103AA0002A2038343346224A01212046FEF774F991
:103AB0002B46204A02212046FEF76EF93B461E4A5D
:103AC00003212046FEF768F90FB0F0BDD36B02AEBC
:103AD000126C1021304606AD00920AAF174A27F04B
:103AE0001DFBD4F8FC31164A102193ED0D7A2846BF
:103AF000B7EEC77A8DED007B27F010FBD4F8FC31D0
:103B000010213846D3ED0E7AF5EEC07AB7EEE76AAB
:103B1000F1EE10FA8DED006BCCBF0A4A0A4A27F08D
:103B2000FDFABEE7704700BFB4D606902D2D2D00DC
:103B3000B8D60690C0D60690CCD6069094D60690FD
:103B40009CD60690A4D60690ACD6069070B50468B4
:103B500094F8F8517DB1D4F8EC110022D4E978033F
:103B600084F8F8211B1AB1EBA30F1CD22046BDE844
:103B70007040FFF711BCD4F8FC31A3B1012304F16C
:103B8000380684F8F051304684F8F831FEF734F9FD
:103B900030462946044B054AFEF7FEF82046BDE8AC
:103BA0007040FFF761BF70BD74DD0690F4D60690DB
:103BB0002DE9F043044638302DED028B85B00FF02F
:103BC000ABF9D048B0EE408A10F0A2FCFC2024F003
:103BD000B8F8064603F092FCB0EE480A304603F00F
:103BE000B1FAD4E97932934200F0968143F8046B3C
:103BF000C4F8E4317C2024F0A4F806460BF004FD60
:103C0000B0EE480A30460BF033FDD4E979329342E6
:103C100000F0B08143F8046BC4F8E4314FF4A270B3
:103C200024F08FF8064604F039FAB0EE480A304620
:103C300003F0AEFCD4E97932934200F0C78143F837
:103C4000046BC4F8E431382024F07BF806460CF00D
:103C5000CDF9B0EE480A30460CF0E6F8D4E97932F6
:103C6000934200F0DF8143F8046BC4F8E43148204C
:103C700024F067F8064605F0AFFAB0EE480A304681
:103C800005F096F8D4E97932934200F0F78143F8D1
:103C9000046BC4F8E4319C4824F053F8064602F063
:103CA000B1FFB0EE480A304602F0D6F9D4E97932D5
:103CB000934200F00F8243F8046BC4F8E43144F2FD
:103CC000440024F03EF8064605F002F8B0EE480A3B
:103CD000304604F025FAD4E97932934200F0268286
:103CE00043F8046BC4F8E431C02024F02AF80646F7
:103CF00009F0A2FCB0EE480A304608F0A1FCD4E975
:103D00007932934200F03E8243F8046BC4F8E43108
:103D1000D02024F016F8064606F03CF8B0EE480A2B
:103D2000304605F041FFD4E97932934200F05682E3
:103D300043F8046BC4F8E431E42024F002F80646AA
:103D400006F0DEFDB0EE480A304606F06DF8D4E924
:103D50007932934200F06E8243F8046BC4F8E43188
:103D60004FF4887023F0EDFF064607F009FDB0EE32
:103D7000480A304607F048FDD4E97932934200F012
:103D8000858243F8046BC4F8E431C82023F0D9FFDE
:103D9000064605F031FCB0EE480A304605F08EFAD2
:103DA000D4E97932934200F09D8243F8046BC4F861
:103DB000E4315C2023F0C5FF06460CF0ABFAB0EE10
:103DC000480A30460CF0D0FAD4E97932934200F038
:103DD000B58243F8046BC4F8E431602023F0B1FFEE
:103DE000064608F05BF9B0EE480A304608F06CF978
:103DF000D4E97932934200F0CC8243F8046BC4F8E2
:103E0000E431602023F09DFF064607F0B5FFB0EED9
:103E1000480A304607F0ECFFD4E97932934244D0A7
:103E200043F8046BC4F8E431384810F071FB5420B7
:103E300023F087FF05460AF081FAB0EE480A2846CB
:103E4000C4F8FC5109F088FCD4E97856AE4227D07A
:103E5000DFF8C0802E4F002355F8040B6946CDE9EA
:103E60000043CDE9027800F0F3FC029B93B10322FA
:103E7000694668469847AE42EDD1D4E978239A4224
:103E80000ED00021204605B0BDEC028BBDE8F0430A
:103E9000FFF782BAAE42DED1D4E978239A42F0D15C
:103EA00005B0BDEC028BBDE8F083D4F8E0816FF083
:103EB0006042A3EB0805B2EBA50F4FEAA50300F0A3
:103EC000B183012B194638BF01215B1880F08D8327
:103ED000934228BF13469F00384623F032FF2B1D24
:103EE000002D4651814600EB030600F37D82B8F1B8
:103EF000000F40F032834F44C4E97896C4F8E8716B
:103F000092E700BF00D706904400010018D7069042
:103F10007D30049065330490D4F8E0816FF0604206
:103F2000A3EB0805B2EBA50F4FEAA50300F07A83D7
:103F3000012B194638BF01215B1880F06283934240
:103F400028BF13464FEA8309484623F0FAFE002DA6
:103F5000465105F104060746064400F3ED82B8F128
:103F6000000F40F0F58207EB0903C4E97876C4F846
:103F7000E8313FE6D4F8E0816FF06042A3EB08053A
:103F8000B2EBA50F4FEAA50300F04C83012B1946B5
:103F900038BF01215B1880F03783934228BF134656
:103FA0009F00384623F0CDFE2B1D002D4651814643
:103FB00000EB030600F3B482B8F1000F40F0D782A3
:103FC0004F44C4E97896C4F8E87127E6D4F8E08154
:103FD0006FF06042A3EB0805B2EBA50F4FEAA50313
:103FE00000F02083012B194638BF01215B1880F0B7
:103FF0000D83934228BF13469F00384623F0A1FE4D
:104000002B1D002D4651814600EB030600F37C82F8
:10401000B8F1000F40F0A6824F44C4E97896C4F886
:10402000E87110E6D4F8E0816FF06042A3EB080578
:10403000B2EBA50F4FEAA50300F0F482012B19465D
:1040400038BF01215B1880F0E582934228BF1346F8
:104050009F00384623F075FE2B1D002D46518146EA
:1040600000EB030600F34482B8F1000F40F08482B5
:104070004F44C4E97896C4F8E871F8E5D4F8E081D3
:104080006FF06042A3EB0805B2EBA50F4FEAA50362
:1040900000F0C882012B194638BF01215B1880F05F
:1040A000B782934228BF13469F00384623F049FE4B
:1040B0002B1D002D4651814600EB030600F30C82B8
:1040C000B8F1000F40F05D824F44C4E97896C4F81F
:1040D000E871E0E5D4F8E0816FF06042A3EB0805F9
:1040E000B2EBA50F4FEAA50300F09C82012B194605
:1040F00038BF01215B1880F09382934228BF13469A
:104100009F00384623F01DFE2B1D002D4651814691
:1041100000EB030600F3D481B8F1000F40F04582B4
:104120004F44C4E97896C4F8E871C8E5D4F8E08152
:104130006FF06042A3EB0805B2EBA50F4FEAA503B1
:1041400000F07082012B194638BF01215B1880F006
:104150005082934228BF13469F00384623F0F1FD5A
:104160002B1D002D4651814600EB030600F39C8178
:10417000B8F1000F40F014824F44C4E97896C4F8B7
:10418000E871B1E5D4F8E0816FF06042A3EB080577
:10419000B2EBA50F4FEAA50300F04482012B1946AC
:1041A00038BF01215B1880F02882934228BF134654
:1041B0009F00384623F0C5FD2B1D002D465181463A
:1041C00000EB030600F36481B8F1000F40F0F281C8
:1041D0004F44C4E97896C4F8E87199E5D4F8E081D1
:1041E0006FF06042A3EB0805B2EBA50F4FEAA50301
:1041F00000F01882012B194638BF01215B1880F0AE
:10420000FA81934228BF13469F00384623F099FD58
:104210002B1D002D4651814600EB030600F32C8137
:10422000B8F1000F40F0CB814F44C4E97896C4F850
:10423000E87181E5D4F8E0816FF06042A3EB0805F6
:10424000B2EBA50F4FEAA50300F0EC81012B194654
:1042500038BF01215B1880F0DF81934228BF1346ED
:104260009F00384623F06DFD2B1D002D46518146E1
:1042700000EB030600F3F480B8F1000F40F08B81EF
:104280004F44C4E97896C4F8E87169E5D4F8E08150
:104290006FF06042A3EB0805B2EBA50F4FEAA50350
:1042A00000F0C081012B194638BF01215B1880F056
:1042B000B581934228BF13469F00384623F041FD45
:1042C0002B1D002D4651814600EB030600F3BC80F8
:1042D000B8F1000F40F05A814F44C4E97896C4F811
:1042E000E87152E5D4F8E0816FF06042A3EB080575
:1042F000B2EBA50F4FEAA50300F09481012B1946FC
:1043000038BF01215B1880F06E81934228BF1346AD
:104310009F00384623F015FD2B1D002D4651814688
:1043200000EB030600F38480B8F1000F40F04C81ED
:104330004F44C4E97896C4F8E8713AE5D4F8E081CE
:104340006FF06042A3EB0805B2EBA50F4FEAA5039F
:1043500000F06881012B194638BF01215B1880F0FD
:104360004E81934228BF13469F00384623F0E9FC54
:104370002B1D002D4651814600EB03064CDCB8F1A5
:10438000000F40F026814F44C4E97896C4F8E871E4
:1043900023E5D4F8E0816FF06042A3EB0805B2EBAF
:1043A000A50F4FEAA50300F03D81012B194638BF48
:1043B00001215B1880F01B81934228BF13469F00A8
:1043C000384623F0BEFC2B1D002D4651814600EBE4
:1043D000030615DCB8F1000F40F000814F44C4E93A
:1043E0007896C4F8E8710CE541462A4627F053F860
:1043F000D4F8E811A1EB0801404623F09EFC7AE5D1
:1044000041462A4627F047F8D4F8E811A1EB080105
:10441000404623F092FCE1E741462A4627F03BF86C
:10442000D4F8E811A1EB0801404623F086FCAAE786
:1044300041462A4627F02FF8D4F8E811A1EB0801ED
:10444000404623F07AFC73E741462A4627F023F8DA
:10445000D4F8E811A1EB0801404623F06EFC3BE7DD
:1044600041462A4627F017F8D4F8E811A1EB0801D5
:10447000404623F062FC03E741462A4627F00BF84A
:10448000D4F8E811A1EB0801404623F056FCCBE636
:1044900041462A4626F0FFFFD4F8E811A1EB0801B7
:1044A000404623F04AFC93E641462A4626F0F3FFB5
:1044B000D4F8E811A1EB0801404623F03EFC5BE68E
:1044C00041462A4626F0E7FFD4F8E811A1EB08019F
:1044D000404623F032FC23E641462A4626F0DBFF25
:1044E000D4F8E811A1EB0801404623F026FCEBE5E7
:1044F00041462A4626F0CFFFD4F8E811A1EB080187
:10450000404623F01AFCB3E541462A4626F0C3FF95
:10451000D4F8E811A1EB0801404623F00EFC7BE53E
:1045200041462A4626F0B7FFD4F8E811A1EB08016E
:10453000404623F002FC43E541462A4626F0ABFF05
:10454000D4F8E811A1EB0801404623F0F6FB0AE598
:10455000D4F8E811A1EB0801F6E7D4F8E811A1EBD3
:10456000080149E7D4F8E811A1EB0801D4E7D4F831
:10457000E811A1EB0801DBE7D4F8E811A1EB080191
:10458000BEE7D4F8E811A1EB0801ADE7D4F8E811D3
:10459000A1EB080160E7D4F8E811A1EB080167E797
:1045A000D4F8E811A1EB080186E7D4F8E811A1EBF3
:1045B00008018DE7D4F8E811A1EB080170E7D4F801
:1045C000E811A1EB08015FE7D4F8E811A1EB0801BD
:1045D00036E7D4F8E811A1EB080125E7D4F8E81193
:1045E000A1EB080114E7114F93E6104F74E40F4F4D
:1045F000E6E60E4FB1E50D4F07E60C4FD9E50B4F40
:10460000B3E6DFF828909FE4084FCAE4074FF4E4CC
:10461000064F4AE5054F1CE5044F22E6034F4CE6E2
:10462000024F6EE5024823F0A7FB00BFFCFFFF7FAF
:1046300008D6069038B500F138050446FEF718FC98
:1046400001462846FDF780FB2046FFF7B1FA2046D9
:10465000FFF722F928460249BDE838400EF058BC61
:104660008D3504902DE9F041079E15461A460368E2
:104670000446069FD3F80C803346C047206829467D
:104680003346C5683A462046AC46BDE8F04160472F
:1046900080ED070A704700BF817570479FED010AE2
:1046A000704700BF00000000704700BF38B501220E
:1046B00000230F4D044603618282C0E90053C0E924
:1046C00002330C48A375A06100202362E061E3621D
:1046D000C4E9093351B10D460846FBF731FE0130FC
:1046E00023F042FB2946606026F0CDFE204638BD0F
:1046F00014EA069000803B4710B50C4B0446406816
:10470000236018B123F01BFB00236360A36A23B16D
:1047100004F12001032208469847A06818B12169D6
:10472000091A23F00AFB204610BD00BF14EA0690C8
:1047300089B12DE9F843044608460D4601F070F8AA
:10474000023009D0D4E9033293422BD043F8045B02
:10475000E360BDE8F8837047D4E90268464557D066
:104760004FF0FF3901E0B04513D056F8047B002F1D
:10477000F9D0384601F054F80028F4DB384601F04F
:104780004FF84845EFDD384601F04AF8B04581461C
:10479000EBD109F10101284601F062F8D4E90332B6
:1047A0009342D3D1D4F808806FF06042A3EB08069F
:1047B000B2EBA60F4FEAA6032ED0012B194638BF45
:1047C00001215B1826D2934228BF13469F0038462A
:1047D00023F0B7FA002E855106F104058146054401
:1047E0000EDCB8F1000F04D14F44C4E902952761F3
:1047F000AFE72169A1EB0801404623F09EFAF3E7F9
:104800004146324626F047FE2169A1EB0801F3E755
:104810000021C0E7024FDAE7024823F0ADFA00BFFB
:10482000FCFFFF7F08D606904068704741757047CF
:10483000D0E902239B1AB1EBA30F34BF52F8210039
:1048400000207047D0E90203181A8010704700BF9B
:10485000F0B587B00023054602AC02930593C4E986
:1048600001338B6803B30E46022220469847D6E9EF
:10487000023794E8030005F12002CDE9000192E837
:10488000030084E80300DDE9000182E80300AE6A6A
:10489000AB62EB6A0496EF6205931EB103222146D8
:1048A0002046B04707B0F0BD1F46E2E7836AFBB180
:1048B000D0E9022330B59B1A83B00446B1EBA30FB5
:1048C00014D252F821508DB1284600F0A9FF0028DB
:1048D0000CDB284600F0A4FFA36ACDE9005043B1E9
:1048E000E36A01AA694604F12000984703B030BD8D
:1048F000704723F044FA00BF90ED370A704700BFBD
:1049000010B50446FFF7D2FE00220B494FF0FF33EB
:104910004FF07C50C4F8D420C4F8DC202160002182
:10492000064A2063204684F83810C4F8E030C4F802
:10493000D820C4F8E43010BD48EA06903333333F42
:10494000034B10B504460360FFF7D6FE204610BDAA
:1049500048EA0690D0F8E430002B10B52DED028B1C
:1049600006DB0446D0E90212521AB3EBA20F06D3BB
:10497000B6EE008AB0EE480ABDEC028B10BD51F8CD
:10498000230001F0A5FAD4ED077AF5EEC07AF1EE36
:1049900010FA03DD9FED270A27EE800AD4F8E030F5
:1049A000DFED247A002B87EE808AE3DBD4E9021264
:1049B000521AB3EBA20FDDD251F8230003689B68B3
:1049C00098470028D6D1D4F8E0200621A36853F8F0
:1049D000220000F083FF0628CCD801A353F820F072
:1049E0002B4A0490214A0490174A04907549049078
:1049F0000D4A0490034A0490FD49049038EE088A59
:104A0000B8E7F7EE087A28EE278AB3E7F7EE047ADC
:104A100028EE278AAEE7F6EE087A28EE278AA9E77D
:104A2000F6EE007A28EE278AA4E7F5EE007A28EE63
:104A3000278A9FE700007042D0F8E030002B20DB8F
:104A4000D0E9021210B5521A0446B3EBA20F15D2E8
:104A500051F8230003689B68984778B9D4F8E020A0
:104A60000621A36853F8220000F038FF062805D875
:104A7000DFE800F0190A0D0410131600B7EE000A63
:104A800010BDB7EE000A7047B6EE000A10BDB6EED4
:104A9000080A10BDB7EE040A10BDB7EE080A10BD33
:104AA000B0EE000A10BDB5EE000A10BD90F8383027
:104AB00010B504462DED028B002B4ED0D0F8E4301B
:104AC000002B05DBD0E90212521AB3EBA20F54D32C
:104AD000DFED318AD4ED077AF5EEC07AF1EE10FA07
:104AE00003DDDFED2E8A67EEA88AB7EE007AD4EDFB
:104AF000357A94ED068AA37D77EEC77AF5EEC07A13
:104B0000C4ED357AF1EE10FA17D9D4ED377ADFED2E
:104B1000246AB7EE006A9FED237A28EE268AC6EE55
:104B2000086A77EEE67AC7FE877AC4ED377AC3B9AA
:104B30009FED1C0ABDEC028B10BD2BBBF0EE486A4A
:104B40009FED166AF7EE007A86EE287A27EE087A4D
:104B5000B0EE668A84ED357AD9E70023C0F8DC3000
:104B6000E6E7002104F13C0022F08AF9D4ED367A20
:104B7000BDEC028B20EE270A10BD51F8230001F096
:104B8000A7F9F0EE408AA5E704F13C0022F01EFBF5
:104B9000D4ED066AA37DD3E70000F0420000704226
:104BA0008FC2F53D0000000038B5D0E90E452DED6F
:104BB000028BA54280ED070A0CD0B0EE408A54F873
:104BC000043BB0EE480A184613B11B689B6998472E
:104BD000A542F4D1BDEC028B38BD00BF70B5D0E961
:104BE0000E468175A6420AD00D4654F8043B29466C
:104BF000184613B11B68DB699847A642F5D170BD12
:104C000038B5D0E90E452DED028B9FED0C8AA542FB
:104C10000FD054F8043B1846002BF8D01B681B6AD1
:104C20009847B4EEC80AF1EE10FA30FE088AA542A1
:104C3000EFD1B0EE480ABDEC028B38BD0000000099
:104C400038B5D0E90E45A54209D054F8043B1846C2
:104C5000002BF8D01B685B6A9847A542F5D138BD98
:104C600038B5D0E90E45A54209D054F8043B1846A2
:104C7000002BF8D01B689B6A9847A542F5D138BD38
:104C80002DE9F84F0446007D894616461F462DED56
:104C9000028B00286DD0D4E90EECE64569D0206B7C
:104CA00068BBDEF8000020B10568ED68A847D4E9CC
:104CB0000EECACEB0E03042B1DD94FEA870801253F
:104CC0005EF825004246314600284AD0606C26F046
:104CD000E2FBA16B3B46324651F8250001350168E5
:104CE000D1F80C90616CC847D4E90EECACEB0E0324
:104CF000B5EBA30FE4D3BDEC028BBDE8F88F9D00AC
:104D0000104600212A4626F0D8FA94F83430002BB9
:104D100045D194F83530ABBBB7EE008AD4E90E3AF2
:104D20009A45E8D09846354401E0C245E3D058F8AA
:104D3000040B0028F9D003684946626CD3F80CB024
:104D40003B46D847002FF0D0636CB446DCED007AC8
:104D5000B3EC017AE7EE087AECEC017A6545F5D11F
:104D6000E3E70135B5EBA30FAAD3BDEC028BBDE899
:104D7000F88FBDEC028BBA0049463046BDE8F84FCB
:104D800026F089BBD4E90E23B7EE007A9B1A9B105C
:104D900007EE903AF8EE677A87EE278ABEE72A4652
:104DA0004946304626F077FBB3E700BF2DE9F04FC8
:104DB0001D46037D8A4693462DED028B85B0DDF8B6
:104DC0004080119E002B00F0BC800446D0E90E23E9
:104DD0009A4200F0B680C36C9E421DD9406C08B167
:104DE00022F0ADFFA06C08B122F0A9FF6FF0604384
:104DF000E6649E4234BFB0004FF0FF3022F0B4FFB3
:104E00006FF060436064E06C984234BF80004FF004
:104E1000FF3022F0A9FFA064236B002B3ED1D4F811
:104E200038C0DCF8000048B103685A465146CDE965
:104E300000861F692B46B847D4F838C0E36BA3EB54
:104E40000C03042B25D94FEA860901276046B34697
:104E500050F827604A462946002E69D0606C26F03B
:104E60001AFB4A464146A06C26F015FBA36B53F88B
:104E7000270001370368CDE9008BD3F810A02B463B
:104E8000D4E91112D047D4E90E031B1AB7EBA30FD4
:104E9000DED305B0BDEC028BBDE8F08FB70000217A
:104EA00028463A4626F009FA3A460021404626F0BE
:104EB00004FA94F83430002B60D194F83530002B8C
:104EC0004FD1B7EE008AD4E90E329342E1D0CDF84B
:104ED00008A09946CDF80CB02F449246AB4601E0AD
:104EE000CA45D6D059F8040B0028F9D003680196BA
:104EF000A26C00921D69636CDDE90212A847002EC6
:104F0000EED0606C4246A16C5B46B0EC017AD3ED0A
:104F1000007AE7EE087AE3EC017A9F42D2ED007A5C
:104F2000B1EC017AE8EE077AE2EC017AEDD1D7E74D
:104F30000137B7EBA30F8BD305B0BDEC028BBDE8F7
:104F4000F08FB60051462846324626F0A4FA324683
:104F50005946404605B0BDEC028BBDE8F04F26F047
:104F60009ABAD4E90E23B7EE007A9B1A9B1007EE8B
:104F7000903AF8EE677A87EE278AA4E73A465146D8
:104F8000284626F088FA3A465946404626F083FAE3
:104F900093E700BFF8B5D0E90E571B4B0646AF426A
:104FA000036008D119E0FFF7F5FF5021204622F0F9
:104FB000C4FEAF420CD055F8044B144B2046002CD5
:104FC000F7D0226852689A42EDD09047AF42F2D1B2
:104FD000D6E90E32934218BFF363706C18B122F019
:104FE000AEFE00237364B06C18B122F0A8FE00235B
:104FF000B364B06B18B1316C091A22F09EFE3046D2
:10500000FFF77AFB3046F8BD7CEA06901150049019
:1050100010B50446FFF7BEFF5021204622F08DFE5A
:10502000204610BD2DE9F04FD0E90E258DB09542F8
:1050300000F0A98093465BF8040B002800F0B780CD
:105040000368DFF878915B694B4540F0AF80D0E9A9
:105050000E37BB4200F0AB809A4601955AF8040B1C
:10506000002800F0898003685B694B4540F09C8014
:10507000D0E90E54A5427FD0A046CDF808A055F83F
:10508000040B002874D003685B694B4540F08A80AC
:10509000D0E90E36B3426BD09A4603955AF8040B0A
:1050A000002862D003685B694B4579D1D0E90E4591
:1050B000AC425AD0CDF818A0A246CDE904785AF8EF
:1050C000040B00284BD003685B694B455ED1D0E9E7
:1050D0000E239A4243D090461F460796CDF820A053
:1050E00002E09847474538D058F8040B0028F9D01B
:1050F00003685B694B45F4D1D0E90E4A5445F1D0C1
:105100002646099756F8040B10B303685B694B45B4
:1051100044D1D0E90E74A7421AD0CDE90A563D46D3
:1051200055F8040B80B103685B694B4532D1D0E977
:105130000E76B74208D057F8043B184613B11B68E7
:105140005B699847BE42F6D1AC42E9D1DDE90A5627
:10515000B245D7D1099F4745C6D1DDE9076A554514
:10516000ADD1DDF818A0DDE90478564596D1039D50
:10517000A84584D1DDF808A057457FF46FAF019DA5
:105180005D457FF458AF0DB0BDE8F08F98475545A9
:1051900095D1E6E79847AC42C2D1D7E79847D7E721
:1051A0009847E2E79847E3E79847E5E798475D4582
:1051B0007FF441AF0DB0BDE8F08F00BF25500490E3
:1051C0002DE9F04FD0E90E362DED028B9E4295B0C1
:1051D000044680ED060A00F08581B0EE408A9A46CA
:1051E00081465AF8044B002C00F0B3812368384AFA
:1051F0009B68934240F0A98184ED068AD4E90E7839
:10520000474500F05981CDF80CA0CDE9016457F86D
:10521000044B002C00F0498123682D4A9B6893427F
:1052200040F09C8184ED068AD4E90E239A4200F076
:105230002A81CDF810809B469046059758F8045B6C
:10524000002D00F01B812B68214A9B68934240F09F
:10525000778185ED068AD5E90E37BB4200F0FC80E8
:105260009A460895CDE9064B3C465AF8047B002F38
:1052700000F0EC803B68164A9B68934240F05B81EB
:1052800087ED068AD7E90E36B34200F0CD80099447
:105290009B46CDF828803446D0465BF8045B002D51
:1052A00000F0BB802B680A4A9B68934240F0318132
:1052B00085ED068AD5E90E32934200F09C809A462D
:1052C000CDF83490CDE90B741446474609E000BF91
:1052D000C1510490B0EE480A30469847544500F05A
:1052E00085805AF8046B002EF8D033689E4A9B687C
:1052F0009342EFD186ED068AD6E90E394B4560D050
:105300009846CDF840A0CDE90E5458F8044B002C37
:1053100051D02368944A9B68934240F0078184ED02
:10532000068AD4E90E5A554533D01397CDE9116456
:1053300055F8044B44B322688B4B92689A4240F074
:10534000F08084ED068AD4E90E67BE420AD056F892
:10535000043BB0EE480A184613B11B689B68984797
:10536000B742F4D180224FF40070E26422F0FCFCDA
:105370006FF060426064E06C904234BF80004FF098
:10538000FF3022F0F1FCA064AA45D1D1139FDDE9E2
:10539000116480234FF40070E36422F0E5FC6FF0A9
:1053A00060436064E06C984234BF80004FF0FF308F
:1053B00022F0DAFCA064C145A7D1DDF840A0DDE908
:1053C0000E5480234FF40070F36422F0CDFC6FF094
:1053D00060437064F06C984234BF80004FF0FF303F
:1053E00022F0C2FC5445B0647FF47BAFB8460C9CFD
:1053F0000B9FDDF8349080234FF40070EB6422F0B3
:10540000B3FC6FF060436864E86C984234BF80007E
:105410004FF0FF3022F0A8FCA8645C457FF43DAF5C
:10542000C246099CDDF8288080234FF40070FB649D
:1054300022F09AFC6FF060437864F86C984234BFB5
:1054400080004FF0FF3022F08FFCB86454457FF4A9
:105450000CAF089DDDE9064B80234FF40070EB6430
:1054600022F082FC6FF060436864E86C984234BFBD
:1054700080004FF0FF3022F077FCA864C3457FF432
:10548000DDAEDDE9048780234FF40070E36422F091
:105490006BFCE36C6FF060426064934234BF980031
:1054A0004FF0FF3022F060FCA064B8457FF4AFAE4F
:1054B000DDF80CA0DDE9016480234FF40070E364A3
:1054C00022F052FC6FF060436064E06C984234BF9D
:1054D00080004FF0FF3022F047FC5645A0647FF477
:1054E00080AE4C4680234FF40070E36422F03CFC15
:1054F000E36C6FF060426064934234BF98004FF0F9
:10550000FF3022F031FCA06415B0BDEC028BBDE889
:10551000F08FB0EE480A284698475C457FF4BDAE50
:105520007EE7B0EE480A204690472DE7B0EE480AE5
:10553000204698473FE7B0EE480A3846984785E747
:10554000B0EE480A2846984798E7B0EE480A204649
:10555000984756457FF445AE4C46C3E7B0EE480A3F
:1055600020469847A1E700BFC151049038B50446D2
:105570001546FFF79BF800230649012220462563C4
:10558000A3632160A286E364C4E90F33C4E9113345
:1055900038BD00BF7CEA0690C9B1D0E90F322DE9D1
:1055A000F047934204460D4612D043F8041BC363F0
:1055B00094ED060AB5EEC00AF1EE10FA05DD2B688F
:1055C00028469B68BDE8F0471847BDE8F08770475C
:1055D000D0F838806FF06041A3EB0806B1EBA60F5E
:1055E0004FEAA6032CD0012B1A4638BF01229F1880
:1055F00024D28F4228BF0F46BF00384606F1040A66
:1056000022F09FFB002E81468244855107DCB8F1D1
:10561000000F0FD14F44C4E90E9A2764C8E74146F2
:10562000324625F038FF216CA1EB0801404622F0FC
:1056300084FBEFE7216CA1EB0801F7E7024FDCE701
:10564000024822F099FB00BFFCFFFF7F08D60690BE
:1056500080F83410704700BF80F83510704700BFE5
:10566000D0ED027AF4EEC07AF1EE10FA08DCD0ED5B
:10567000037AF4EEC07AF1EE10FA58BFF0EE407AF9
:10568000C0ED047A704700BF002968D0F0B5164617
:1056900083B08AB1C36904460D46012B0ED0022B9C
:1056A0001DD090ED047A3146304A2846B7EEC77ACD
:1056B0008DED007B25F032FD03B0F0BDD0ED047A16
:1056C000314690ED087A2846284A27EE277AB7EE29
:1056D000C77A8DED007B25F021FD03B0F0BD436A54
:1056E000ABB3876A002F32DDD0ED037A013F90ED36
:1056F000027AF4EEC77AF1EE10FA33D9D0ED046AEB
:1057000077EEC77A36EEC77AC7EE276A07EE907A49
:10571000B8EEE77AF6EE007AE7EE267AFDEEE77A63
:1057200017EE903A002B1BDB9F42A8BF1F463A465C
:1057300061680F480EF0ECFE636A0E4A314653F87A
:105740002730284603B0BDE8F04025F0E7BC0A4A00
:105750003146284603B0BDE8F04025F0DFBC704775
:105760000027E4E7DFED056AD0E700BF34D70690F5
:105770003CD7069094D70690B4D60690000000005F
:1057800038B504460F4862614FF07E522060002019
:1057900084ED020AC4ED030A84ED041A60606062BD
:1057A0002262A062C4E9063051B10D460846FAF7FC
:1057B000C7FD013022F0D8FA2946606025F063FE6B
:1057C000204638BDB0EA069010B5044B0446406848
:1057D000236008B122F0B3FA204610BDB0EA06906B
:1057E00090ED040A704700BFD0ED037A90ED027A85
:1057F000F4EEC77AF1EE10FA08D9D0ED046A77EE2C
:10580000C77A36EEC77A87EE270A70479FED010AFE
:10581000704700BF00000000406870474069704753
:1058200080697047B5EEC00AF1EE10FA12D4F7EEB7
:10583000006AB4EEE60AF1EE10FA76FE806AD0ED68
:10584000027A90ED037A37EE677AE7EE267AC0EDBA
:10585000047A7047DFED016AF1E700BF0000000045
:1058600081617047C161704780ED080A704700BFD1
:105870002DE9F041171E064688460BDD0D1F00245A
:105880002246013455F8043F716804480EF040FE8A
:10589000A742F5D1C6E90987BDE8F0816CD706902B
:1058A000F4EEC00AF1EE10FA0CD9D0ED047A80EDD6
:1058B000020AB4EEE70AC0ED030AF1EE10FA02DDC7
:1058C00080ED040A7047F4EEE70AF1EE10FA54BFD7
:1058D000B0EE670AB0EE600AF2E700BFD0ED037ADF
:1058E00090ED027AF4EEC77AF1EE10FA1BD9D0ED02
:1058F000046A77EEC77A36EEC77AC7EE276A07EEF4
:10590000901AB8EEE77AF6EE007AE7EE267AFDEE28
:10591000E77A17EE900A002803DB8842A8BF084602
:10592000704700207047DFED016AE8E700000000E3
:1059300000207047034B10B504460360FFF744FF97
:10594000204610BDCCEA0690054B10B50446036016
:10595000FFF73AFF3021204622F0EFF9204610BD34
:10596000CCEA069038B515461A46049B0446FFF764
:1059700007FF024B2046E562236038BDCCEA069063
:10598000C36AF0EE400A013B10B50446052B06D869
:10599000DFE803F015202B36031060EE000AD4ED8B
:1059A000027A94ED037A37EE677AE7EE207AC4ED57
:1059B000047A10BD60EE007A60EE270AEFE79FEDF3
:1059C0001C0A22F0C1FBDFED1B7ADFED1B0AE0EEC3
:1059D000270AE4E7B2EE020A22F0B6FBF4EE007A00
:1059E000FCEE000AE0EE270AD9E79FED140A22F048
:1059F000ABFBDFED137ADFED130AE0EE270ACEE70B
:105A0000F6EE007AB4EEE70AF1EE10FA04D570EE85
:105A1000007A60EE270AC2E7B7EE007A77EE407AA6
:105A200077EEA76AA7EEE67AF0EE470AB7E700BF7F
:105A3000721C574283379B3C83379BBCA154983CD4
:105A4000DE6C82BFDE6C823F01207047034B10B5D5
:105A500004460360FFF7B8FE204610BDE8EA069052
:105A6000054B10B504460360FFF7AEFE3821204613
:105A700022F063F9204610BDE8EA069038B50446E6
:105A80002DED028B08EE101A12F040FC236B054638
:105A9000C21AB2F5967F00D823BBB7EE006AF0EECB
:105AA000465AB8EEC88AD4ED0B6A94ED047AD4ED68
:105AB000027A66EEC86A84ED0D6A2563A6EEA57AC1
:105AC000B4EEE77AF1EE10FA07D4D4ED037AB4EE2F
:105AD000E77AF1EE10FA77FE877ABDEC028BC4ED1F
:105AE000047A38BD2046FFF797FE01460A480EF0BB
:105AF0000FFDF0EE007AD4ED0D5A9FED086A75EEB9
:105B0000A75AF4EEC65AF1EE10FA02DCB0EE656A5E
:105B1000C7E7F0EE465AC4E798D70690000048421F
:105B200038B504462DED028B08EE101A12F0EEFB8C
:105B3000236B0546C21AB2F5967F00D823BBF7EE59
:105B4000006AB0EE666AB8EEC88AD4ED0B5A94EDDE
:105B5000047AD4ED027A28EE258AC4ED0D6A256315
:105B6000A8EE067AB4EEE77AF1EE10FA07D4D4ED97
:105B7000037AB4EEE77AF1EE10FA77FE877ABDEC9D
:105B8000028BC4ED047A38BD2046FFF745FE01467E
:105B90000A480EF0BDFCF0EE007A94ED0D6ADFEDE0
:105BA000086A36EE276AB4EEE66AF1EE10FA02DC15
:105BB000F0EE466AC7E7B0EE666AC4E798D706908B
:105BC0000000484210B52DED028BB0EE618A04460C
:105BD000FFF7D6FD4FF07E530549002284ED0B8A76
:105BE0002046216022636363BDEC028B10BD00BFC1
:105BF000E8EA0690F6EE007AB4EEE70AF1EE10FA63
:105C0000ACBF0123002380F82C30ACBF4FF07E5393
:105C100000230361704700BF02207047034B10B59B
:105C200004460360FFF7D0FD204610BD0CEB069044
:105C3000054B10B504460360FFF7C6FD4021204622
:105C400022F07BF8204610BD0CEB06900346084678
:105C5000114638B132B193F82C2022B93533044AB9
:105C600025F05CBA70472D33014A25F057BA00BFC2
:105C700094D7069038B5154604461A4605B3B7EED4
:105C8000001AF7EE000A9FED100A069B2046FFF768
:105C900077FD0E4B84F82C500025049907222360D1
:105CA00004F12D0025F011FB0722059904F13500C0
:105CB00084F8345025F009FB204684F83C5038BD68
:105CC0009FED011ADDE700BF000000000CEB06901D
:105CD00090F82C3083F0010380F82C301BB14FF08A
:105CE0007E530361704700230361704790F82C00D6
:105CF000704700BF80F82C1019B14FF07E5303613C
:105D0000704700230361704710B50A4B0446C06B0F
:105D1000236018B122F013F80023E363206C18B15C
:105D200022F00DF8002323642046FFF78FFE204663
:105D300010BD00BF28EB0690F9B170B5154682B0D2
:105D4000CAB106460C46FFF74BFDB36B0BB3012BF4
:105D500014D1B5EEC00AF1EE10FA25DDDFED167AAA
:105D60002946164A204687EE807AB7EEC77A8DED2F
:105D7000007B25F0D3F902B070BD7047B7EEC00AC2
:105D80000F4A294620468DED000B25F0C7F902B0D9
:105D900070BDB7EEC00A0B4A294620468DED000BB8
:105DA00025F0BCF902B070BD074A2946204602B072
:105DB000BDE8704025F0B2B900606A47ECD70690A4
:105DC000F4D70690ACD60690B4D6069010B50C4B1E
:105DD0000446C06B236018B121F0B1FF0023E363D8
:105DE000206C18B121F0ABFF002323642046FFF79D
:105DF0002DFE2046442121F0A0FF204610BD00BF0B
:105E000028EB069070B51E46049B04460D46FFF72E
:105E1000D9FE00231D4A23642260C4E90E33D5B1A4
:105E20002846FAF78DFA013021F09EFF2946E063FB
:105E300025F029FB4EB13046FAF782FA013021F005
:105E400093FF3146206425F01EFBA36B4BB1012B61
:105E500005D0204670BD002EEDD1204670BD256CCA
:105E600015B9E56B002DF4D060680028F1D021F061
:105E700066FF2846FAF764FA013021F075FF2946DB
:105E8000606025F000FB204670BD00BF28EB069047
:105E900038B50446816389B9E56B8DB1606878B126
:105EA00021F04DFF2846FAF74BFA013021F05CFF54
:105EB00029466060BDE8384025F0E5BA012900D0E8
:105EC00038BD056C002DE9D1E6E700BF806B704757
:105ED00008B5FFF785FCB5EEC00AF1EE10FA02DC5A
:105EE0009FED040A08BDF0EE407A9FED037A87EE3D
:105EF000270A08BD0000000000606A47FFF770BC79
:105F0000836B10B5012B82B0019104D002B0BDE8C3
:105F10001040FFF7B3BD0446FFF762FCB5EEC00AC0
:105F2000F1EE10FA23DC9FED167ADDED017AB6EE84
:105F3000006AF3EE0E6AF8EEE77AA7EEC67AB4EEE0
:105F4000E67AF1EE10FA17D4DFED0E7ADFED0E6A85
:105F5000B4EEE77AF1EE10FA77FE877A86EEA70ABA
:105F6000236820461B6902B0BDE810401847DFEDEA
:105F7000067A87EE807AD8E79FED040AF0E700BF43
:105F8000000000000000484300606A470000FA4437
:105F9000836B10B5012B82B0019104D002B0BDE833
:105FA0001040FFF7BDBD0446FFF71AFCB5EEC00A6E
:105FB000F1EE10FA23DC9FED167ADDED017AB6EEF4
:105FC000006AF3EE0E6AF8EEE77AA7EE867AB4EE90
:105FD000E67AF1EE10FA17D4DFED0E7ADFED0E6AF5
:105FE000B4EEE77AF1EE10FA77FE877A86EEA70A2A
:105FF000236820461B6902B0BDE810401847DFED5A
:10600000067A87EE807AD8E79FED040AF0E700BFB2
:10601000000000000000484300606A470000FA44A6
:10602000704700BF034B10B504460360FEF764FBE6
:10603000204610BD4CEB0690054B10B5044603609E
:10604000FEF75AFB0349204621F077FE204610BD9B
:106050004CEB06904400010070B5044682B04FF44A
:106060008032002184ED060A303025F026F93020F8
:1060700021F067FE6FF0010500230646F7EE000AE7
:106080009FED451A1A469FED450A45490095FFF7D1
:1060900069FC31462046FEF74BFB302021F051FED3
:1060A0000646F7EE000A01239FED3E1A00229FEDFF
:1060B0003B0A3D490095FFF755FC31462046FEF767
:1060C00037FB302021F03DFE0646F0EE080A0223A1
:1060D0009FED361A01229FED360A36490095FFF7EB
:1060E00041FC31462046FEF723FB302021F029FEFB
:1060F0000646F6EE080A0323BEEE080A9FED2E1AA6
:1061000000222E490095FFF72DFC31462046FEF770
:106110000FFB302021F015FE0646B2EE081A0423CC
:10612000F3EE090A0022B1EE040A25490095FFF7B3
:1061300019FC31462046FEF7FBFA382021F001FE1B
:106140009FED161A2B460546F7EE001A0122F0EED7
:10615000080A1C49B0EE410AFFF734FD29462046E3
:10616000FEF7E6FAE368022153F8040CFFF77AFB26
:10617000E3680422144953F8040CFFF779FB236801
:10618000124A5B69934201D102B070BD204602B051
:10619000BDE87040184700BF6666E63E000000009C
:1061A000FCD706906666263F04D806903333B33E8C
:1061B000CDCC4C3D10D80690CDCCCC3D18D8069017
:1061C00024D8069030D80690040000242160049062
:1061D0002DE9F84F0746007D0C4615461E462DED6D
:1061E000088B60B93BB101EB830254F8043BA24237
:1061F00045F8043BF9D1BDEC088BBDE8F88FF7EE0C
:10620000008ABB689FEDCE9A1868FFF7E9FAB4EEF2
:10621000E80ABB68F1EE10FA586838FE808AB4EEDE
:10622000C98AF1EE10FA38FE098AFFF7D9FAB4EEFE
:10623000E80ABB689868F1EE10FA78FE808AF4EEFE
:10624000C98AF1EE10FA78FE898AFFF7C9FABB68AD
:10625000B0EE40BAD868FFF7C3FABB68B0EE409A18
:106260001869FFF7BDFABB68F0EE409A5869FFF76E
:10627000B7FAFDEEC07AD7ED06AA17EE90AA8BEE1C
:106280002AAA002EB7D004EB860807F5803607F15E
:106290003009D6F830B0F2EE087A68EEA78AD6ED6B
:1062A0000D7AB7EE007AF4EEC77AF1EE10FA11DB50
:1062B000B7EE007A77EEC77AF4EEC77AF1EE10FA0D
:1062C000F6DAF5EEC07AF1EE10FA08D5B7EE007AFC
:1062D00077EE877AF5EEC07AF1EE10FAF6D4BAF1DD
:1062E000020F00F0D580BAF1030F00F0F380BAF18D
:1062F000010F40F0DE8077EEA77AB7EE006A77EE06
:10630000A76AF4EEC67AF1EE10FA00F10D81B0EE54
:10631000087AF6EE007A37EE667A37EE067A27EEDE
:10632000277A27EE287A39EE877A07EE90BA9FED22
:10633000856A07EB8B03F8EEE77AD6ED0F5A2AEE63
:10634000C77AD4ED006A2246E9EE256AE7EE067ABE
:10635000C3ED0C6AF5EEC07AF1EE10FA08D59FEDA8
:106360007A7A77EE877AF5EEC07AF1EE10FAF6D403
:106370009FED757AF4EEC77AF1EE10FA08DB9FED27
:10638000727A77EEC77AF4EEC77AF1EE10FAF6DA9F
:10639000BDEEE77A41F6FF7CF7EE004A0BF1010310
:1063A000043417EE100AB8EEC77A74EEC83AC3F395
:1063B0000C0B844477EEC77ADCF10001CCF30C0CB3
:1063C000C1F30C0158BFC1F1000C09EB800109EBCE
:1063D0008C0CD1ED006A411C9CED005A00F1020CBE
:1063E0004842C1F30C0135EE666AC0F30C0058BF99
:1063F000414209EB810191ED004ADCF10001CCF34F
:106400000C0CC1F30C0174EE455A58BFC1F1000CDD
:10641000594209EB8C0CC1F30C039CED007A58BF78
:10642000C3F1000B37EE447A37EE457A37EE267A21
:1064300036EE476AA7EE876AB0EE657AA7EE867AEF
:10644000E7EE876A68EE267AC6ED0F6A92ED007A6B
:10645000E7EE237AE5EC017AD6ED0D7A7AEE277A2B
:10646000F4EEE47AF1EE10FA43DBB7EE007A77EE61
:10647000C77AF4EEC77AF1EE10FAF6DAA045C6ED67
:106480000D7A4BD0BAF1020FD7ED06AA7FF42BAFED
:10649000F0EE005ABFEE007AB7EE006AF6EE006A40
:1064A000A7EEA57A37EE067A27EE267A27EE287A27
:1064B00039E79FED260A27EE800A21F0E1FFB7EECB
:1064C000007AF6EE007A30EE077A27EE277A27EE8A
:1064D000287A28E7B6EE007AF4EEC77AF1EE10FAE1
:1064E00004D49FED177A28EE877A1CE7B0EE687A1D
:1064F00019E7F5EEC07AF1EE10FABFD5B7EE007AE3
:1065000077EE877AF5EEC07AF1EE10FAF6D4A04570
:10651000C6ED0D7A02D0D7ED06AAC2E6BDEC088B17
:10652000C6F830B0BDE8F88F76EEC67AB6EE007ADF
:1065300077EE867A67EE877A27EEA87AF3E600BFD1
:10654000000000006F12833A00000046DB0FC940D4
:106550002DE9F04F8146007D0D4617461E462DED74
:106560000A8B85B0199C90B964B1189905EB840425
:1065700055F8042B43F8042BAC4257F8042B41F890
:10658000042BF5D105B0BDEC0A8BBDE8F08FB7EE5A
:10659000008AD9F80830DFEDC39A1868FFF720F9B0
:1065A000B4EEC80AD9F80830F1EE10FA586838FE8F
:1065B000009AB4EEE99AF1EE10FA39FE299AFFF743
:1065C0000FF9B4EEC80AD9F808309868F1EE10FA5D
:1065D00078FE007AF4EEE97AF1EE10FA77FEA99AE5
:1065E000FFF7FEF8D9F80830B0EE40BAD868FFF7E8
:1065F000F7F8D9F80830B0EE40AA1869FFF7F0F8BC
:10660000D9F80830F0EE40AA5869FFF7E9F8FDEE36
:10661000C07AD9ED068A17EE90BACBEE28BA002CD4
:10662000B0D0029609F5803605EB84039FED99BA48
:1066300096ED0D7AF2EE087A0393B4EEC87A189BC1
:106640002BEE8BBA346B69EEA79A0193F1EE10FA38
:10665000C0F2F58148F2300809F1300AC844F7EE7B
:10666000007A37EE677AB4EEE77AF1EE10FAF6DAEE
:10667000BBF1020F96ED0E8A00F0FB81BBF1030F18
:1066800000F03A82BBF1010F40F0588237EE077AF2
:10669000F7EE007A37EE070AB4EEE77AF1EE10FA79
:1066A00000F18182B4EEE78AB0EE087AF1EE10FADA
:1066B00037EE400AC0F27F82F7EE007A38EE678A42
:1066C000B4EEE78AF1EE10FAF6DAB7EE00CABBF1E3
:1066D000020FF6EE007A30EE0CCA2CEE27CA2CEE32
:1066E00029CA00F0D981BBF1030F00F01B82BBF176
:1066F000010F40F0F08138EE088AB7EE007A78EEAC
:10670000087AB4EEC78AF1EE10FA00F14182F0EE99
:10671000086AB6EE006A76EEE76A76EE876A66EE9B
:10672000866A66EEA96A07EE904A3AEE8CCA96ED42
:10673000107A7AEEA66AF8EEE77A97ED006A28EE0C
:10674000CCCA9FED555AAAEE076AD6ED0F4AB0EEB5
:10675000677AD5ED005A09EB840366EEA88AEAEE63
:10676000245A2846ACEE057A394668EE858AC3ED90
:106770000C5A03F50043B5EEC07A83ED0C6AF1EED6
:1067800010FA08D5DFED456A37EE267AB5EEC07A05
:10679000F1EE10FAF6D4DFED416AB4EEE67AF1EEEE
:1067A00010FA08DBDFED3D6A37EE667AB4EEE67A82
:1067B000F1EE10FAF6DAFDEEC76A41F6FF7377EEF6
:1067C000E87A16EE90EAF8EEE66AF5EEC07A0EF197
:1067D000010C0EF1020273440AEB8E0E37EE667A5C
:1067E0009EED006AD3F1000EC3F30C03CEF30C0E42
:1067F00058BFCEF10003DCF1000E0AEB8303D3EDAA
:10680000004ACCF30C03CEF30C0C74EEC65A58BFFE
:10681000CCF10003D2F1000C0AEB830393ED004AA4
:10682000C2F30C03CCF30C0234EE645A58BF53424B
:10683000F1EE10FA0AEB8303D3ED006A76EEC46A38
:1068400076EEE46A76EE866A75EEE65AE7EE265A4A
:10685000F0EE456AE7EE256AA7EE266A08D59FEDB9
:106860000F7A77EE877AF5EEC07AF1EE10FAF6D469
:106870009FED0A7AF4EEC77AF1EE10FA14DB9FED81
:10688000077A77EEC77AF4EEC77AF1EE10FAF6DA05
:106890000AE000BF0E2D823F6F12833A00000046CF
:1068A000DB0FC94000000000BDEEE77A41F6FF7340
:1068B00029EE065A0134F7EE002A043517EE10EAE5
:1068C000B8EEC77A04370EF1010C0EF102027344E0
:1068D00008EB8E0E77EEC77A9EED007AD3F1000EAC
:1068E000C3F30C0372EEC93ACEF30C0E58BFCEF1CF
:1068F0000003DCF1000E08EB830393ED004ACCF3B8
:106900000C03CEF30C0C74EE475A58BFCCF10003C5
:10691000D2F1000C08EB830393ED003AC2F30C03B1
:10692000CCF30C0273EE444A58BF534208EB830386
:10693000D3ED006A86ED0F6A76EEC36A029B76EEAF
:10694000C46A76EE876A35EEE66AA7EEA66AF0EECE
:10695000646AE7EE866AA7EEA67AF0EE457A86EDDF
:10696000107A29EE077AD0ED006AE6EEA37AE3EC1E
:10697000017AD1ED007A0293A3EEA77A019BA3ECF2
:10698000017AD6ED0D7A019363427BEEA77AC4F3C8
:106990000C04C3F30C03F4EEE27A58BF5C42F1EE50
:1069A00010FA32DBB7EE007A77EEC77AF4EEC77AE8
:1069B000F1EE10FAF6DA96ED0E7AF7EE006AC6ED11
:1069C0000D7A3BEE077AB4EEE67AF1EE10FA26DBAA
:1069D000F7EE006A37EE667AB4EEE67AF1EE10FA78
:1069E000F6DA039B86ED0E7AAB4222D0B7EE007A40
:1069F000F4EEC77AF1EE10FAC0F2EB80D9ED068A18
:106A00002DE6B7EE007A77EE877AF5EEC07AF1EEF2
:106A100010FAF6D4CFE7F7EE006A37EE267AB5EE35
:106A2000C07AF1EE10FAF6D4039B86ED0E7AAB42F3
:106A3000DCD1346305B0BDEC0A8BBDE8F08FB5EE58
:106A4000C07AF1EE10FA40F1D680F7EE007A37EE18
:106A5000277AB5EEC07AF1EE10FAF6D448F2300893
:106A6000BBF1020F09F1300A96ED0E8AC8447FF49B
:106A700005AEF7EE007AF0EE006ABFEE000AB4EE63
:106A8000E78AA7EE260AF1EE10FABFF615AEB5EECC
:106A9000C08AF1EE10FA64D4B0EE006AFFEE006A2C
:106AA000B7EE007AF6EE007AE8EE066A30EE070AF4
:106AB00020EE270A76EE876A20EE29CA66EEA76ADC
:106AC00066EEA96A2FE670EE277AB6EE007A67EED8
:106AD000877A27EEA9CA1FED8E0A28EE000A21F058
:106AE000CFFCB7EE007AF6EE007A70EE076A66EE3B
:106AF000A76A66EEA96A16E6F6EE007AB4EEE77AC1
:106B0000F1EE10FA3AD5B7EE000AB4EEC08AF1EE13
:106B100010FABFF6D1ADB5EEC08AF1EE10FA20D46E
:106B2000B0EE69CAF6EE007AB4EEE78AF1EE10FA3A
:106B300021D45FEDA46A69EEA66AF4E51FEDA80A08
:106B400027EE000A21F09CFCF7EE007AB4EEE78A0B
:106B5000F1EE10FABFF6B0ADB5EEC08AF1EE10FA64
:106B6000B1D5F7EE007A38EE278AB5EEC08AF1EE9D
:106B700010FAF6D4A9E5F0EE696AD4E5F7EE007AEA
:106B8000B4EEE78AF1EE10FA28DBBFEE000A93E5D7
:106B900077EEC77AF6EE006A77EE877A67EEA67A26
:106BA00067EEA96ABFE5B4EEE78A30EE670AF1EE58
:106BB00010FABFF681ADB5EEC08AF1EE10FAD0D46E
:106BC00070EE277AB6EE007A67EE877A27EEA9CACA
:106BD00091E5B0EE677AD9ED068A49E51FEDCFCA97
:106BE000B4EECC8AF1EE10FA02D5BFEE000AB8E797
:106BF00029EE8CCA96E748F2300809F1300AC844F9
:106C000036E500BF10B509490446FDF74FFD0849B8
:106C100004F58033002221604FF07A5000215A633E
:106C2000986320461963DA631A6410BD38D8069059
:106C30004CEB0690704700BF704700BFD0F8F430AF
:106C40000C4A002B10B50446026005DB072B0DD95A
:106C50004FF0FF33C4F8F4300023204684F8F830B6
:106C6000C4E93B33FDF76CFE204610BD024A00210B
:106C7000D154EDE780EB06908C09002438B5D0E9BB
:106C800002232DED028B9B1A102B02D8BDEC028B38
:106C900038BDD56804462846FFF730F99FED347AB1
:106CA000A368C0EE077A186903689B68C4ED0C7A84
:106CB0009847022841D094F838302046002B39D12B
:106CC00094ED0C8AFDF7B8FE28EE000AD4ED066AB2
:106CD000B6EE007A84ED0D0A20EE260AD4ED3A7A5B
:106CE00070EE677AF0EEE77AF4EEC77AF1EE10FA1A
:106CF000CCDD94F8F83084ED3A0A002BC6D0D4F8F5
:106D0000EC30002BC2D0D4F8F0100029BED0FDEE3C
:106D1000C07A184A17EE900AB8EEE77A904230EE41
:106D2000470A28BF104683ED000A986081ED000AEB
:106D30008860ABE7FDF70EFEC8E7A3681869FEF7A9
:106D4000D5FF94F8382003468242B6D084F8380044
:106D500040B101212846FFF79BF803212046FDF7AB
:106D6000A5FDA8E701462846FFF792F8F5E700BF22
:106D700000007A44FFED02002DE9F04F1E46037D2E
:106D80000F4693462DED028B83B0002B6AD090F80E
:106D9000F8300446002B65D0D0F8EC30002B61D0E1
:106DA000D0E902329A426ED01868FEF719FDA26847
:106DB000E368B0EE408A9B1A042B40F29F80506833
:106DC000FEF70EFD002E48D0D4F8EC503946637D16
:106DD000D84607EB860ACDF804B0D5E9012E002B82
:106DE00056D10EEB0203474C474F05EB8209A4FB3B
:106DF00003BC581C95ED006A4FEA1C3CD1ED007AAB
:106E000007FB1C3305EB830393ED037AA4FB00C35C
:106E10001B0B07FB13003D4B05EB80001344D0ED2B
:106E2000036AA4FB032476EEC76A220B07FB123227
:106E3000A6EE267AE0EE077AC9ED037AF1EC017A44
:106E4000E8EE077A5145E8EC017ACAD1DDF804B0E2
:106E50006A600BEB860B4BED017A03B0BDEC028B45
:106E6000BDE8F08F002EF8D039465B4607EB86066A
:106E700051F8042BB14243F8042BF9D103B0BDEC17
:106E8000028BBDE8F08FB6EE008AB0EE480A99E7B3
:106E900002EB0E031B4C1C4F05EB8209A4FB03BC49
:106EA0001A4895ED006A4FEA1C3C10445A1CB1EC9C
:106EB000017A07FB1C338A4505EB8303D3ED037A84
:106EC000A4FB02C3A4FB004C4FEA133307FB1323BC
:106ED0004FEA1C3205EB830307FB1202D3ED036A72
:106EE00076EEE76AE6EE867AA7EE807A67EE887A33
:106EF00089ED037AE8EC017ACAD1A7E7B6EE000A79
:106F000060E700BFF119760500EE0200FFED020018
:106F10002DE9F04F0746007D0D4692461C462DEDAB
:106F2000048B83B0002800F0C48097F8F830002B61
:106F300000F0BF80D7F8EC30002B00F0BA80D7F813
:106F4000F030002B00F0B580D7E902329A4200F011
:106F5000C6801868FEF744FCB0EE409AD7E90223D9
:106F60009B1A042B40F2C0805068FEF739FCF0EE0B
:106F7000409A119B002B00F0AD80DDF840804FF06F
:106F8000000B009515E0C4ED008A88ED008A0BF136
:106F9000010BD4ED007A119B70EE277A5B45E4EC8F
:106FA000017AF8EC017A77EE807A48ED017A00F008
:106FB0009180009AD7F8EC00F2EC017A45680092D3
:106FC00082684B4B2A44DFF830C1D7F8F010A3FB9E
:106FD000029E561C90ED006A4FEA1E3ED1ED006AFB
:106FE0000CFB1E2200EB8202D2ED038AA3FB06E219
:106FF000120B0CFB126600EB860696ED037AD1E9C4
:10700000016237EE687A324400EB850605F53B35C0
:10701000019602F1010EA3FB0269E7EE068A05F272
:10702000FF15019E4FEA19390CFB192201EB820270
:10703000E8EEA97A92ED038AA3FB0E92120B0CFBE9
:1070400012EE01EB8E0E9EED037AA3FB05E2C6ED78
:10705000037A37EE487AFAEC017A120B254EA7EE46
:10706000268A0CFB1255456038464A68961901EB92
:107070008202E8EE297AC2ED037AA3FB06231B0BFA
:107080000CFB13664E60FDF711FD7B7D69EE288ACF
:1070900029EE088A002B7FF476AF009B53ED017A2E
:1070A00077EEA87AC4ED007A5AED017A38EE278A95
:1070B0006BE7119B73B129465246109805EB830587
:1070C00051F8043B44F8043BA94252F8043B40F811
:1070D000043BF5D103B0BDEC048BBDE8F08FB6EEF8
:1070E000009AF0EE499A44E7F6EE009A41E700BFB5
:1070F000F1197605FFED020000EE0200D0F8F43041
:107100000E4A002B10B50446026005DB072B11D98F
:107110004FF0FF33C4F8F4300023204684F8F830F1
:10712000C4E93B33FDF70CFC2046FC2120F005FEB2
:10713000204610BD024A0021D154E9E780EB0690B9
:107140008C09002490F8F8302DE9F04304462DED29
:10715000028BB0EE408A85B080ED060A23BB8F4BD0
:107160001A78002A00F0DE805A78002A00F0D980D0
:107170009A78002A00F00A81DA78002A00F0048167
:107180001A79002A00F0FE805A79002A00F0008166
:107190009A79002A00F0FE80DA79002A00F0FC805B
:1071A0004FF0FF33C0F8F43004F13C05B0EE480A6C
:1071B0009FED7B8A28461FF01BFE28469FED790A2B
:1071C00020F016F82846B6EE000A20F023F82846EC
:1071D0009FED750A20F02CF89FED740A28466FF099
:1071E00001051FF0F7FF84ED358A302020F0A9FD5E
:1071F00000230646B6EE001A1A46F7EE000AB0EE75
:10720000480A00956A49FEF7ADFB31462046FDF776
:107210008FFAE368012153F8040CFEF723FBE368BF
:107220009FED640A53F8040CFEF71EFB302020F09B
:1072300088FD0646B6EE001ADFED5F0A0022B0EECA
:10724000480A012300955D49FEF78CFB3146204634
:10725000FDF76EFAE368012153F8040CFEF702FB18
:10726000E3689FED540A53F8040CFEF7FDFA302052
:1072700020F067FD0646B0EE480A0022B0EE081A7C
:107280000223F1EE080A00954D49FEF76BFB3146EB
:107290002046FDF74DFAE368022153F8040CFEF78F
:1072A000E1FAE3680722474953F8040CFEF7E0FAD5
:1072B00002234420C4F8E03020F043FD0095054649
:1072C000F7EE001AB2EE040A9FED3F1ADFED3F0A17
:1072D00000223F4B3F49FEF795FD29462046FDF72A
:1072E00027FA03234020C4F8E43020F02AFD4FF0B1
:1072F000FF32394B05463949CDE90132384A04237A
:1073000000920022FEF7B6FC20462946FDF710FA4F
:10731000236820465B6905B0BDEC028BBDE8F043F5
:10732000184701222F4D4FF001082F4E002102FB7C
:1073300005F52E4F03F80280AB1905F10C09C4F8CE
:10734000F420C4F8EC30EB1906EB0900284AC4F825
:10735000F030043623F0B1FF07EB09004FF00009CD
:107360000437234A46F805902E444946C6F804805F
:1073700023F0A3FF47F805903D44C5F8048084F846
:10738000F88011E70422CDE70322CBE70222C9E708
:107390000522C7E70622C5E70722C3E78C090024B8
:1073A00000000000000070429A99993ECDCC4C3FFD
:1073B000FCD706900000C8423333733F58D806907C
:1073C00064D80690140000240000FA430000FA4438
:1073D00074D8069080D8069094D8069088D80690E5
:1073E00098D806900CB80B0060C866C0000809C0A9
:1073F00000B80B0003683E4A5B6993425BD1D0E959
:10740000022370B59B1A0446102B2DED028B02D877
:10741000BDEC028B70BDD5682846FEF76FFD9FED71
:10742000357AA368C0EE077A186903689B68C4EDD3
:107430000C7A9847022842D094F838302046002B26
:107440003AD194ED0C8AFDF7F7FA28EE000AD4ED54
:10745000066AB6EE007A84ED0D0A20EE260AD4ED17
:107460003A7A70EE677AF0EEE77AF4EEC77AF1EEE8
:1074700010FACDDD94F8F83084ED3A0A002BC7D02D
:10748000D4F8EC30002BC3D0D4F8F0100029BFD0D2
:10749000FDEEC07A184A17EE900AB8EEE77A9042ED
:1074A00030EE470A28BF104683ED000A986081ED50
:1074B000000A8860ACE71847FDF74CFAC7E7A368F5
:1074C0001869FEF713FC94F838309842B6D084F867
:1074D000380040B101212846FEF7DAFC032120469E
:1074E000FDF7E4F9A8E701462846FEF7D1FCF5E7E9
:1074F0007D6C049000007A44FFED020010B50A494B
:107500000446FDF7FDF90023084800214FF0FF3243
:10751000C4F8EC3020602046C4F8E81084F8F83055
:10752000C4E93C3210BD00BFECD8069080EB069059
:1075300006490020064A08B520F0FAFB044A05492E
:107540000020BDE8084020F0F3BB00BF356C04907C
:1075500000000024396C0490704700BF034B10B545
:1075600004460360FDF7ECF9204610BDB4EB06902D
:10757000064B10B504460360FDF7E2F94FF4A27123
:10758000204620F0DAFB204610BD00BFB4EB069089
:107590002DE9F043C74A044600250021012604F1E5
:1075A0003C0704F1E8082DED068B89B080ED060A52
:1075B000C148B0EE40AA23F080FEBF4B2946BD4A29
:1075C000BE48B7EE009AB6EE008ADFEDBD8ADFED69
:1075D000BD9A43E9025623F070FEB84BB0EE4A0A5A
:1075E000384643E902561FF003FC38469FEDB60AC1
:1075F0001FF0FEFD3846B6EE000A1FF00BFE3846BF
:107600009FEDB20A1FF014FE38469FEDB10A40F21A
:1076100001171FF0DFFDC9EE0AAA4046C4ED358A06
:1076200084ED3EAAC4ED3C9A84ED3B8AB0EE690A33
:1076300084ED3D8AC4ED408AC4ED3FAA20F0CAF82B
:10764000F0EE407A404684F8E850A4F81071B0EEAD
:10765000480AC4ED417A04F58A7884ED3B9A84EDBA
:107660003C8A20F0B7F8F0EE407A4046B0EE690A66
:1076700084ED49AAC4ED417AC4ED4AAAC4ED479A03
:1076800084ED468A84ED488AC4ED4B8A20F0A2F846
:10769000F0EE407A404684F81451A4F83C71B0EE04
:1076A000480AC4ED4C7A6FF0010784ED469A84EDE8
:1076B000478A20F08FF8302084ED4C0A20F041FBFF
:1076C0008046B0EE481A2A46F0EE490A2B46B0EE44
:1076D000680A80490097FEF745F941462046FDF7C4
:1076E00027F8E368314653F8040CFEF7BBF8E3686B
:1076F000B0EE690A53F8040CFEF7B6F8302020F01B
:1077000020FB8046B0EE481A2A46DFED730AB0EE41
:10771000680A334671490097FEF724F9414620462E
:10772000FDF706F8E368314653F8040CFEF79AF8C3
:10773000E368B0EE690A53F8040CFEF795F83020C0
:1077400020F0FFFA8046B0EE481A3246B0EE680AE2
:107750000223F2EE040A62490097FEF703F941465C
:107760002046FCF7E5FF302020F0EBFA8046B0EE33
:10777000681A2A46F0EE490A0323B0EE680A59490E
:107780000097FEF7EFF841462046FCF7D1FFE3688B
:10779000314653F8040CFEF765F8E368B0EE690A69
:1077A00053F8040CFEF760F8302020F0CAFA804647
:1077B000B0EE680A2A46B0EE081A0423F1EE080A71
:1077C00049490097FEF7CEF8414620464FF004089D
:1077D000FCF7AEFFE368022153F8040CFEF742F811
:1077E000E3680722414953F8040CFEF741F8E368C7
:1077F0001022C4F8E08053F8040C0DEB020103687A
:10780000DB689847442020F09CFA8146F0EE491A44
:107810002A46B2EE040A9FED361ADFED360A364BE1
:1078200036490097FEF7EEFA49462046FCF780FFFE
:1078300005233820C4F8E43020F083FA32460646A7
:10784000F1EE0C0AF0EE491A3B46B0EE681A2C49EC
:10785000B0EE680AFEF7B6F931462046FCF768FF3D
:10786000E368022153F8040CFDF7FCFFE3680822EB
:10787000244953F8040CFDF7FBFF402020F061FA87
:107880004FF0FF312A460546029143461E490191B9
:107890001E4900911E49FEF7EDF929462046FCF7E6
:1078A00047FF236820465B69984709B0BDEC068B0B
:1078B000BDE8F08300B80B00D840D0C0CC88C4C06D
:1078C000000000000000C842000070429A99993EF2
:1078D000CDCC4C3FFCD706903333733F58D806903D
:1078E000BCD80690C8D80690D8D80690500000247E
:1078F0000000FA430000FA4474D8069080D806903D
:1079000030D806903000002494D8069098D806907D
:1079100088D8069038B5D0E902232DED028B9B1A4A
:107920001C2B02D8BDEC028B38BD04469068FDF7D5
:1079300057FFB0EE408A04F1E80084ED3C0A1FF0E6
:1079400049FFF0EE407A04F58A70B0EE480A84ED03
:10795000478AC4ED417A1FF03DFFB5EE007AD4EDC1
:107960004B7AA36877EE877A84ED4C0A5D69C4EDA3
:107970004B7A2846FEF7C2FA9FED377AA368C0EE2D
:10798000077A9869C4ED0C7AFDF72AFFFDEEC07AFC
:10799000A26817EE903A83F30303DBB284F8E83071
:1079A00084F81431D06903689B689847022838D05E
:1079B00094F8383020468BBB94ED0C8AFDF73CF8E8
:1079C00028EE000AD4ED066AB6EE007A84ED0D0AC0
:1079D00020EE260AD4ED507A70EE677AF0EEE77A60
:1079E000F4EEC77AF1EE10FA9CDDFDEEC07A1B4B87
:1079F00084ED500A1A4917EE900AB8EEE77A194A50
:107A0000984230EE470A28BF1846BDEC028B8860CA
:107A1000906081ED000A82ED000A38BDFCF79AFF04
:107A2000D0E7A368D869FEF761F994F838200346D7
:107A30008242BFD084F8380040B101212846FEF7C9
:107A400027FA05212046FCF731FFB1E70146284619
:107A5000FEF71EFAF5E700BF00007A44FFED0200D2
:107A6000CC40D0C0C088C4C02DE9F04F1F46037D74
:107A70000D4616462DED048B83B0002B00F0F680EA
:107A80008046D0E902329A4200F099801868FDF7EA
:107A9000A7FED8F80820D8F80C30B0EE408A9B1A20
:107AA000042B40F28E805068FDF79AFED8F808202B
:107AB000D8F80C30F0EE408A9B1A0C2B40F2F38081
:107AC000D068FDF78DFED8ED0D9AB0EE409A002FEC
:107AD00070D0DFED767AB4EEE70AF1EE10FA74DDDD
:107AE0004FF0000908F1E80B714C019658461FF061
:107AF000DBFCF0EE697A29EE000AD8ED066A9FED0C
:107B00006B7AB0EE006A6B4BE0EE077A6168C7FEF5
:107B1000877AC7FEC67A67EEA67A01EB030C664A3F
:107B200004EB810A6548BDEEE77A17EE10EAB8EE7D
:107B3000C77A734577EEC77A28BF7346A3600B44B4
:107B4000C4ED007AA2FB036E591CF5EC016A4FEA02
:107B50001E3E00FB1E3304EB830393ED037AA2FB6E
:107B600001E3A2FB0CE21B0B120B00FB131100FB49
:107B700012C098F8152004EB8101606091ED036A52
:107B800036EE476AA7EE867AF0EE667AE8EE877AF6
:107B900028EE077ACAED037A002A76D155ED017AEC
:107BA00009F10109019B77EE877A4F45E3EC017AF1
:107BB00001939BD103B0BDEC048BBDE8F08FB6EE12
:107BC000008A002FF6D0F6EE008A4FF0000908F187
:107BD000E80B374C58461FF067FC374A374894ED9E
:107BE000006AB5EC017AD4E901E3734404EB8E0C2E
:107BF000A2FB03A1090B00FB1131013304EB81014E
:107C0000D1ED037AA2FB03A1090B00FB113398F815
:107C1000151004EB8303D3ED036A264B76EEE76A77
:107C20007344E6EE867AA2FB03E2120B00FB1233EA
:107C3000A7EEA87A636067EE887A8CED037A51B973
:107C400015ED017A09F1010977EE277A4F45E6EC47
:107C5000017ABFD1AEE709F10109E6EC017A4F459F
:107C6000B8D103B0BDEC048BBDE8F08F002FA1D0DC
:107C700001EB870755F8043BAF4246F8043BF9D1C6
:107C800003B0BDEC048BBDE8F08F09F10109019B45
:107C90004F45A3EC017A01937FF428AF03B0BDEC0C
:107CA000048BBDE8F08F002F8FD183E76F12833AEA
:107CB000CC40D0C0FFED0200F119760500EE0200C5
:107CC0002DE9F04F8046007D0C4615461E462DEDF1
:107CD000068B85B0002800F0BC81D8E902329A42B8
:107CE00000F00A811868FDF77BFDF0EE408AD8E9C4
:107CF00002239B1A042B40F201815068FDF770FDAE
:107D0000B0EE409AD8E902239B1A0C2B40F2B581C1
:107D1000D068FDF765FD159BF0EE40AAD8ED0D9AF1
:107D2000002B00F0A581DFEDD77AB4EEE70AF1EE83
:107D300010FA40F3E98008F1E8020023A246019519
:107D4000029208F58A72DDF850B09946CE4DCF4CBC
:107D50000392009618E0009B83ED00AA009B09F1B6
:107D600001098BED008AD3ED007A70EE277AE3ECFF
:107D7000017AFBEC017A0093159B77EE807A4B45F4
:107D80004BED017A00F0748102981FF08DFBB0EE8C
:107D9000408A03981FF088FBB0EE697A2AEE888A41
:107DA00098ED066ADFEDB76AF0EE005A2AEE800A17
:107DB000B748A8EE267A636887FE267AF0EE697ADD
:107DC000B44987FE657A27EE067A6E68E0EE267A79
:107DD000B14FC7FEA67AC7FEE57AFDEEC75A67EE39
:107DE000867AF8EEE56A15EE902ABDEEE76A8242E1
:107DF00037EE667AF8EEC66A28BF024684ED007A4E
:107E000077EEE67AC5ED007AFAEC016AA2601A44D0
:107E100016EE103A02F1010C834228BF0346AB6014
:107E20003344A1FB026E4FEA1E3E07FB1E2204EB09
:107E3000820292ED03AAA1FB0CE2120B07FB12CC0B
:107E40005A1C04EB8C0C9CED036AA1FB03EC4FEA7B
:107E50001C3C36EE4A6A07FB1C33A7EE06AA05EB6C
:107E60008303B0EE667A93ED038AA1FB02C31B0B7A
:107E7000A9EE0A7A07FB1322636805EB820204EB82
:107E80008303D2ED036A019A76EEC86A83ED037A22
:107E90006368A7EEA68AF2EC017A034401926A684D
:107EA000104405EB8202E9EE087AC2ED037AA1FBE9
:107EB00003C2A1FB00C1120B090B07FB123307FB26
:107EC0001100636068604046FCF7F0FD98F81530DB
:107ED00028EE8AAA28EE888A002B7FF43CAF5AED60
:107EE000017A009B77EE8A7AC3ED007A019B53ED0D
:107EF000017A38EE278A31E7F6EE008A159B002BCF
:107F000000F0B680B6EE009A08F1E8032746AA46CC
:107F1000DDF85090029308F58A734FF0000B5A4D2C
:107F20005A4C0393CDE900781EE0009B53ED017A93
:107F300077EEA97AC6ED007A5AED017A38EE278AF3
:107F400089ED008A0BF1010BD6ED007A159B70EEDE
:107F5000277A5B45E6EC017AF9EC017A77EE807AD4
:107F600049ED017A00F0848002981FF09DFA039891
:107F70001FF09AFA009B6F68F3EC017AAA680093ED
:107F80003A44DFF814C194ED006AD5ED006AD4E9F3
:107F90000113C8183F4BA3FB007800F1010E019FAD
:107FA0004FEA18380CFB180004EB8000D0ED039A60
:107FB000A3FB0E80000B0CFB10EE501C04EB8E0E8E
:107FC0009EED037AA3FB028E4FEA1E3E37EE697ADE
:107FD0000CFB1E22E7EE069A05EB820292ED038A65
:107FE000A3FB00E2120BE9EE297A0CFB1200284AEF
:107FF00005EB800090ED037A04EB8100114437EE2D
:10800000487AC0ED037AFAEC017A6868A7EE268A0E
:10801000024405EB8000E9EE087AC0ED037AA3FB89
:1080200001E0A3FB02E3000B1B0B0CFB1011384615
:108030000CFB132261606A60FCF738FD7B7D68EE03
:10804000A99A28EE288A002B3FF46FAFC6ED009A5C
:1080500076E7159B63B1149801EB830451F8043B58
:1080600046F8043B8C4252F8043B40F8043BF5D1FF
:1080700005B0BDEC068BBDE8F08F159B002B7FF49F
:1080800043AFF5E76F12833AC088C4C0CC40D0C07C
:10809000FFED0200F119760500EE020010B505496A
:1080A0000446FCF72DFC044A002320462260C4F855
:1080B000403110BDE8D80690B4EB0690064A074957
:1080C000074808B51FF034FE034A04490548BDE8D7
:1080D00008401FF02DBE00BF000000245975049019
:1080E000CC40D0C0C088C4C0704700BF034B10B59F
:1080F00004460360FCF700FB204610BDE8EB069049
:10810000064B10B504460360FCF7F6FA44F244014E
:1081100020461FF012FE204610BD00BFE8EB06907F
:1081200070B5044682B04FF48042002184ED060A07
:10813000303023F0C2F830201FF003FE6FF001054D
:1081400000230646F7EE000A9FED451A1A469FEDFA
:10815000450A45490095FDF705FC31462046FCF7E8
:10816000E7FA30201FF0EDFD0646F7EE000A012386
:108170009FED3E1A00229FED3B0A3D490095FDF719
:10818000F1FB31462046FCF7D3FA30201FF0D9FD31
:108190000646B5EE001A0223F0EE000A9FED350AFE
:1081A000012235490095FDF7DDFB31462046FCF7FD
:1081B000BFFA30201FF0C5FD064603239FED2F1A9E
:1081C000DFED2F0A00229FED2F0A2F490095FDF7C2
:1081D000C9FB31462046FCF7ABFA30201FF0B1FD59
:1081E0000646F1EE000A04239FED281A00229FEDB7
:1081F000280A28490095FDF7B5FB31462046FCF7D3
:1082000097FA38201FF09DFD9FED161A2B46054664
:10821000F7EE001A0122F0EE080A1F49B0EE410AFB
:10822000FDF7D0FC29462046FCF782FAE3680221DC
:1082300053F8040CFDF716FBE3680422174953F8C2
:10824000040CFDF715FB2368154A5B69934201D1C5
:1082500002B070BD204602B0BDE87040184700BFB4
:108260006666E63E00000000FCD706903333333FDD
:1082700004D806900AD7A33C10D806903333B33EF7
:108280003333733F333373BF18D806909A99993FAD
:10829000CDCC4C3E18D9069030D806906C00002406
:1082A000E98004902DE9F84F0746007D0C461546FD
:1082B0001E462DED088B60B93BB101EB830254F8EB
:1082C000043BA24245F8043BF9D1BDEC088BBDE864
:1082D000F88FF7EE008ABB689FEDCE9A1868FDF71D
:1082E0007FFAB4EEE80ABB68F1EE10FA586838FE7F
:1082F000808AB4EEC98AF1EE10FA38FE098AFDF7D9
:108300006FFAB4EEE80ABB689868F1EE10FA78FEEE
:10831000808AF4EEC98AF1EE10FA78FE898AFDF7B8
:108320005FFABB68B0EE40BAD868FDF759FABB688F
:10833000B0EE409A1869FDF753FABB68F0EE409A28
:108340005869FDF74DFAFDEEC07AD7ED06AA17EE93
:1083500090AA8BEE2AAA002EB7D004EB860807F568
:10836000804607F13009D6F830B0F1EE087A68EEB1
:10837000A78AD6ED0D7AB7EE007AF4EEC77AF1EE61
:1083800010FA11DBB7EE007A77EEC77AF4EEC77A0F
:10839000F1EE10FAF6DAF5EEC07AF1EE10FA08D541
:1083A000B7EE007A77EE877AF5EEC07AF1EE10FA42
:1083B000F6D4BAF1020F00F0D580BAF1030F00F045
:1083C000F380BAF1010F40F0DE8077EEA77AB7EEC6
:1083D000006A77EEA76AF4EEC67AF1EE10FA00F1C1
:1083E0000D81B0EE087AF6EE007A37EE667A37EE57
:1083F000067A27EE277A27EE287A39EE877A07EE73
:1084000090BA9FED856A07EB8B02F8EEE77AD6ED1E
:108410000F5A2AEEC77AD4ED006A2346E9EE256AA0
:10842000E7EE067AC2ED0C6AF5EEC07AF1EE10FACC
:1084300008D59FED7A7A77EE877AF5EEC07AF1EE7D
:1084400010FAF6D49FED757AF4EEC77AF1EE10FAD1
:1084500008DB9FED727A77EEC77AF4EEC77AF1EE19
:1084600010FAF6DABDEEE77A0BF10101F7EE004AF9
:108470000434C1F30A0B17EE10CAB8EEC77A74EED3
:10848000C83A0CF2FF720CF1010E77EEC77A504237
:10849000C2F30A02C0F30A0058BF424209EB82024B
:1084A00092ED005A09EB8C020CF1020CD2ED006A3D
:1084B000DEF10002CEF30A0EC2F30A0235EE666A5E
:1084C00058BFC2F1000EDCF10002CCF30A0CC2F37B
:1084D0000A0209EB8E0E58BFC2F1000C9EED004A55
:1084E0004A4209EB8C0C74EE455AC2F30A029CED29
:1084F000007A58BFC2F1000B37EE447A37EE457A66
:1085000037EE267A36EE476AA7EE876AB0EE657ACE
:10851000A7EE867AE7EE876A68EE267AC6ED0F6ADE
:1085200093ED007AE7EE237AE5EC017AD6ED0D7A49
:108530007AEE277AF4EEE47AF1EE10FA43DBB7EE46
:10854000007A77EEC77AF4EEC77AF1EE10FAF6DA2F
:10855000A045C6ED0D7A4BD0BAF1020FD7ED06AAB1
:108560007FF42BAFF0EE005ABFEE007AB7EE006A50
:10857000F6EE006AA7EEA57A37EE067A27EE267A9F
:1085800027EE287A39E79FED260A27EE800A1FF0AA
:1085900077FFB7EE007AF6EE007A30EE077A27EE34
:1085A000277A27EE287A28E7B6EE007AF4EEC77A23
:1085B000F1EE10FA04D49FED177A28EE877A1CE7C3
:1085C000B0EE687A19E7F5EEC07AF1EE10FABFD591
:1085D000B7EE007A77EE877AF5EEC07AF1EE10FA10
:1085E000F6D4A045C6ED0D7A02D0D7ED06AAC2E6B4
:1085F000BDEC088BC6F830B0BDE8F88F76EEC67AD1
:10860000B6EE007A77EE867A67EE877A27EEA87A5A
:10861000F3E600BF000000006F12833A000000453F
:10862000DB0FC9402DE9F04F8146007D0D4617460E
:108630001E462DED0A8B85B0199C90B964B118992E
:1086400005EB840455F8042B43F8042BAC4257F88F
:10865000042B41F8042BF5D105B0BDEC0A8BBDE825
:10866000F08FB7EE008AD9F80830DFEDC29A1868AB
:10867000FDF7B6F8B4EEC80AD9F80830F1EE10FAF2
:10868000586838FE009AB4EEE99AF1EE10FA39FE15
:10869000299AFDF7A5F8B4EEC80AD9F80830986809
:1086A000F1EE10FA78FE007AF4EEE97AF1EE10FAC3
:1086B00077FEA99AFDF794F8D9F80830B0EE40BAE1
:1086C000D868FDF78DF8D9F80830B0EE40AA1869DF
:1086D000FDF786F8D9F80830F0EE40AA5869FDF7A2
:1086E0007FF8FDEEC07AD9ED068A17EE90BACBEE90
:1086F00028BA002CB0D0029609F5804605EB840319
:108700009FED98BA96ED0D7AF1EE087A0393B4EEE8
:10871000C87A189B2BEE8BBA346B69EEA79A01933B
:10872000F1EE10FAC0F2F18142F2300809F1300A9C
:10873000C844F7EE007A37EE677AB4EEE77AF1EEE6
:1087400010FAF6DABBF1020F96ED0E8A00F0F7810F
:10875000BBF1030F00F03682BBF1010F40F05482F1
:1087600037EE077AF7EE007A37EE070AB4EEE77ACB
:10877000F1EE10FA00F17D82B4EEE78AB0EE087AED
:10878000F1EE10FA37EE400AC0F27B82F7EE007A83
:1087900038EE678AB4EEE78AF1EE10FAF6DAB7EE51
:1087A00000CABBF1020FF6EE007A30EE0CCA2CEED6
:1087B00027CA2CEE29CA00F0D581BBF1030F00F0C7
:1087C0001782BBF1010F40F0EC8138EE088AB7EE5A
:1087D000007A78EE087AB4EEC78AF1EE10FA00F16A
:1087E0003D82F0EE086AB6EE006A76EEE76A76EE53
:1087F000876A66EE866A66EEA96A07EE904A3AEEE6
:108800008CCA96ED107A7AEEA66AF8EEE77A97EDC2
:10881000006A28EECCCA9FED545AAAEE076AD6ED3C
:108820000F4AB0EE677AD5ED005A09EB840366EE85
:10883000A88AEAEE245A2846ACEE057A394668EE54
:10884000858AC3ED0C5A03F50053B5EEC07A83ED6B
:108850000C6AF1EE10FA08D5DFED446A37EE267A9D
:10886000B5EEC07AF1EE10FAF6D4DFED406AB4EE60
:10887000E67AF1EE10FA08DBDFED3C6A37EE667A55
:10888000B4EEE67AF1EE10FAF6DAFDEEC76A77EEAC
:10889000E87A16EE90EAF8EEE66AF5EEC07A0EF2A5
:1088A000FF7C0EF101020EF102030AEB8E0E37EE91
:1088B000667A9EED006ADCF1000ECCF30A0CCEF372
:1088C0000A0E58BFCEF1000C0AEB8C0CDCED004A0E
:1088D000D2F1000CC2F30A02CCF30A0C74EEC65AB1
:1088E00058BFCCF100020AEB820292ED004A5A42D4
:1088F000C3F30A03C2F30A0234EE645A58BF534268
:10890000F1EE10FA0AEB8303D3ED006A76EEC46A47
:1089100076EEE46A76EE866A75EEE65AE7EE265A59
:10892000F0EE456AE7EE256AA7EE266A08D59FEDC8
:108930000F7A77EE877AF5EEC07AF1EE10FAF6D478
:108940009FED0A7AF4EEC77AF1EE10FA14DB9FED90
:10895000077A77EEC77AF4EEC77AF1EE10FAF6DA14
:108960000AE000BFFCA9813F6F12833A0000004576
:10897000DB0FC94000000000BDEEE77A013429EEAC
:10898000065A0435F7EE002A043717EE10EAB8EE5F
:10899000C77A0EF2FF7C0EF101020EF1020308EB22
:1089A0008E0E77EEC77A9EED007ADCF1000ECCF3E6
:1089B0000A0C72EEC93ACEF30A0E58BFCEF1000C83
:1089C00008EB8C0C9CED004AD2F1000CC2F30A02B9
:1089D000CCF30A0C74EE475A58BFCCF1000208EBF6
:1089E000820292ED003A5A42C3F30A03C2F30A022A
:1089F00073EE444A58BF534208EB8303D3ED006A39
:108A000086ED0F6A76EEC36A029B76EEC46A76EE56
:108A1000876A35EEE66AA7EEA66AF0EE646AE7EECC
:108A2000866AA7EEA67AF0EE457A86ED107A29EEF0
:108A3000077AD0ED006AE6EEA37AE3EC017AD1ED95
:108A4000007A0293A3EEA77A019BA3EC017AD6EDFC
:108A50000D7A019363427BEEA77AC4F30A04C3F351
:108A60000A03F4EEE27A58BF5C42F1EE10FA32DB10
:108A7000B7EE007A77EEC77AF4EEC77AF1EE10FA25
:108A8000F6DA96ED0E7AF7EE006AC6ED0D7A3BEE59
:108A9000077AB4EEE67AF1EE10FA26DBF7EE006A1A
:108AA00037EE667AB4EEE67AF1EE10FAF6DA039B68
:108AB00086ED0E7AAB4222D0B7EE007AF4EEC77A9A
:108AC000F1EE10FAC0F2EB80D9ED068A31E6B7EE8E
:108AD000007A77EE877AF5EEC07AF1EE10FAF6D4E6
:108AE000CFE7F7EE006A37EE267AB5EEC07AF1EE00
:108AF00010FAF6D4039B86ED0E7AAB42DCD13463D8
:108B000005B0BDEC0A8BBDE8F08FB5EEC07AF1EE92
:108B100010FA40F1D680F7EE007A37EE277AB5EEFC
:108B2000C07AF1EE10FAF6D442F23008BBF1020F2F
:108B300009F1300A96ED0E8AC8447FF409AEF7EECB
:108B4000007AF0EE006ABFEE000AB4EEE78AA7EE04
:108B5000260AF1EE10FABFF619AEB5EEC08AF1EEB4
:108B600010FA64D4B0EE006AFFEE006AB7EE007A45
:108B7000F6EE007AE8EE066A30EE070A20EE270AE3
:108B800076EE876A20EE29CA66EEA76A66EEA96AC3
:108B900033E670EE277AB6EE007A67EE877A27EE34
:108BA000A9CA1FED8D0A28EE000A1FF069FCB7EE76
:108BB000007AF6EE007A70EE076A66EEA76A66EE55
:108BC000A96A1AE6F6EE007AB4EEE77AF1EE10FA48
:108BD0003AD5B7EE000AB4EEC08AF1EE10FABFF64D
:108BE000D5ADB5EEC08AF1EE10FA20D4B0EE69CA68
:108BF000F6EE007AB4EEE78AF1EE10FA21D45FEDDA
:108C0000A36A69EEA66AF8E51FEDA70A27EE000A37
:108C10001FF036FCF7EE007AB4EEE78AF1EE10FAB8
:108C2000BFF6B4ADB5EEC08AF1EE10FAB1D5F7EEED
:108C3000007A38EE278AB5EEC08AF1EE10FAF6D443
:108C4000ADE5F0EE696AD8E5F7EE007AB4EEE78AB2
:108C5000F1EE10FA28DBBFEE000A97E577EEC77A4F
:108C6000F6EE006A77EE877A67EEA67A67EEA96A73
:108C7000C3E5B4EEE78A30EE670AF1EE10FABFF60C
:108C800085ADB5EEC08AF1EE10FAD0D470EE277A39
:108C9000B6EE007A67EE877A27EEA9CA95E5B0EEC0
:108CA000677AD9ED068A4DE51FEDCECAB4EECC8ABF
:108CB000F1EE10FA02D5BFEE000AB8E729EE8CCA31
:108CC00096E742F2300809F1300AC8443AE500BF9D
:108CD00010B504460849FBF7E9FC084804F5804351
:108CE0000021206000221963204605495A63DA6397
:108CF00099631A6410BD00BF28D90690E8EB06906E
:108D0000C3F5A83E036C002B03DB06D04FF0FF3306
:108D10000364002380F844307047014A1370F5E77C
:108D20009409002410B582B00193134602680093A1
:108D300014690A46A04702B010BD00BF704700BFCB
:108D4000036C0A4A002B10B50446026003DB0AD00C
:108D50004FF0FF3323640023204684F84430FBF7B0
:108D6000CBFC204610BD024A1370F1E71CEC0690C4
:108D700094090024036C0C4A002B10B504460260D1
:108D800003DB0ED04FF0FF3323640023204684F82A
:108D90004430FBF7B1FC204648211EF0CEFF2046B0
:108DA00010BD024A1370EDE71CEC069094090024F4
:108DB00070B5044630206FF001052DED028B82B0B6
:108DC00084ED060A1EF0BDFF9FED218A00230646B2
:108DD000B0EE480A9FED1F1A1A46F7EE000A0095FA
:108DE0001D49FCF7BFFD31462046FBF7A1FC3020B2
:108DF0001EF0A7FF0646B0EE480A0123F7EE000A70
:108E00009FED161A002200951549FCF7ABFD31467F
:108E10002046FBF78DFC30201EF093FF00950546A1
:108E200002239FED101A0122DFED0F0A9FED0F0ABA
:108E30000F49FCF797FD20462946FBF779FC23688C
:108E400020465B6902B0BDEC028BBDE8704018475C
:108E5000000000009A99193EFCD7069085EB513F1F
:108E600058D8069000002F4500803B46000048433C
:108E700030D90690D0E902239B1A082B00D87047FE
:108E800010B52DED048BB7EE009A04461068FCF780
:108E9000A7FCDFED3D9AB4EEC90AA3685868F1EE6D
:108EA00010FA54BFF0EE498AF0EE408AF4EEE98AF7
:108EB000F1EE10FA78FEA98AFCF792FCB4EEC90A2A
:108EC000A3689868F1EE10FA54BFB0EE498AB0EE8C
:108ED000408AB4EEE98AF1EE10FA38FE298AFCF7EE
:108EE0007FFCF4EEC98A94F8443084ED0F0AF1EE69
:108EF00010FA58BFF0EE498AF4EEE98AF1EE10FA62
:108F0000B4EEC98A78FEA98AC4ED0D8AF1EE10FA92
:108F100054BFF0EE497AF0EE487AF4EEE97AF1EED9
:108F200010FA77FEA97AC4ED0E7A4BB3236B3BB3EC
:108F3000F4EEC97A9FED156A9FED157AF1EE10FAFD
:108F400058BFF0EE497AF4EEE97AF1EE10FA77FEC6
:108F5000A97AC3ED007AD4ED067AD4ED0F6A67EEF4
:108F6000867AF4EEE67AF1EE10FA58BFF0EE667A01
:108F7000F4EEC77AF1EE10FA77FE877AC3ED017A44
:108F8000BDEC048B10BD00BF000000006666E63E2D
:108F9000000048432DE9F04F1E4687B0037D0C4684
:108FA00011991BB190F84430074683B961B1109B09
:108FB00004EB810154F8040B46F8040B8C4252F880
:108FC000040B43F8040BF5D107B0BDE8F08F006B3C
:108FD0000028EBD00029F7D09346DDF840804FF011
:108FE0000009039600E0386B05AE002504AB5A4635
:108FF00021460096049509F1010905951EF040FDF2
:10900000B7EE007AD7ED0D7A9DED045A043454ED95
:10901000015A0BF1040B77EE676A039B67EE857AC2
:109020009DED056AE5EEA67AE3EC017AD7ED0D7ABF
:109030005BED016A37EE677A039367EE867A119BE0
:109040004B45E6EE877AE8EC017ACCD107B0BDE873
:10905000F08F00BF90F8443070B504462DED048BBE
:109060007BB9574B1A78002A40F09A805548012561
:1090700094ED060A226420631D701EF035FC84F80E
:1090800044502368504A5B69934240F09280D4E98F
:1090900002239B1A082B02D8BDEC048B70BDB7EEDF
:1090A000009A1068FCF79CFBDFED489AA368B4EEC9
:1090B000C90A5868F1EE10FA54BFF0EE498AF0EE92
:1090C000408AF4EEE98AF1EE10FA78FEA98AFCF7FC
:1090D00087FBB4EEC90AA3689868F1EE10FA54BF92
:1090E000B0EE498AB0EE408AB4EEE98AF1EE10FAA9
:1090F00038FE298AFCF774FBF4EEC98A94F84430F0
:1091000084ED0F0AF1EE10FA58BFF0EE498AF4EE42
:10911000E98AF1EE10FAB4EEC98A78FEA98AC4EDA4
:109120000D8AF1EE10FA54BFF0EE497AF0EE487A6B
:10913000F4EEE97AF1EE10FA77FEA97AC4ED0E7A30
:10914000002BA9D0236B002BA6D0F4EEC97A9FED9B
:10915000206A9FED207AF1EE10FA58BFF0EE497ABE
:10916000F4EEE97AF1EE10FA77FEA97AC3ED007A0F
:10917000D4ED067AD4ED0F6A67EE867ABDEC048BE7
:10918000F4EEE67AF1EE10FA58BFF0EE667AF4EEFD
:10919000C77AF1EE10FA77FE877AC3ED017A70BDD7
:1091A0004FF0FF33084A036423685B6993423FF43E
:1091B0006EAF2046BDEC048BBDE87040184700BF81
:1091C00094090024D8F8DBC0758E049000000000DC
:1091D0006666E63E0000484310B50A490446FBF7C0
:1091E00065FA0949094A00230948216062634FF082
:1091F000FF320849A06320462363E16384F84430CA
:10920000226410BD40D906901CEC06909A99193E34
:1092100085EB513F00002F45F7EE007A9FED087A6D
:10922000B4EEE70AF1EE10FA58BFB0EE670AB4EEFA
:10923000C70AF1EE10FA30FE070A80ED0D0A7047FA
:1092400000000000F7EE007A9FED087AB4EEE70A1E
:10925000F1EE10FA58BFB0EE670AB4EEC70AF1EEAD
:1092600010FA30FE070A80ED0E0A70470000000079
:1092700080ED0F0A704700BF024A002002491EF02D
:1092800057BD00BF000000243D8D0490034B10B576
:1092900004460360FBF730FA204610BD50EC069000
:1092A000054B10B504460360FBF726FAC82120469B
:1092B0001EF043FD204610BD50EC0690F0B504466C
:1092C0003030002604272DED028BB0EE408A83B0AB
:1092D00084ED060A1DF0BAFF04F17C00B0EE480AE6
:1092E0009FED3A8A1DF0B2FF30201EF02AFD0546A0
:1092F000B0EE480A33463246B6EE001AF7EE000AE0
:1093000000963349FCF72EFB294620460125FBF742
:109310000FFA30201EF015FD32460646B0EE480A20
:109320002B46F7EE000A9FED2B1A00952A49FCF711
:1093300019FB31462046FBF7FBF930201EF001FDFA
:109340000646B0EE480A0623B6EE001A0322F7EEF0
:10935000000A22490097FCF705FB314620469FEDA5
:10936000208AFBF7E5F930201EF0EBFC02230646CD
:10937000F0EE480A2A469FED1B1A9FED1B0A009348
:1093800003231A49FCF7EEFA31462046FBF7D0F9E1
:1093900030201EF0D6FC03212A4605463B46B0EE9F
:1093A000481ADFED130A9FED130A00911249FCF7EA
:1093B000D9FA20462946FBF7BBF9236820465B69AA
:1093C00003B0BDEC028BBDE8F04018470000000080
:1093D000FCD706909A99593F48D9069058D90690DB
:1093E0000000FA440000C8430000A04264D906907F
:1093F00000409C450000484370D90690D0E9022304
:109400009B1A102B00D8704770B50446D0682DED1C
:10941000028BFCF7E5F9A368F0EE408A04F1300610
:109420001869FCF7DDF9F2EE040AA36878EEA00AE9
:109430009D682846F4EEC00AF1EE10FA30FE808AEC
:10944000FCF7D2F9F0EE407A2846F0EE480AB0EE8A
:10945000680AB0EE678AFCF723FA2846B0EE480A9D
:10946000FCF7E0F92846FCF7BBF9B0EE408A04F1BE
:109470007C0530461DF072FFB0EE480A28461DF00C
:109480006DFF02212046FBF711FAA3685868FCF72C
:10949000A7F9B0EE408A30461DF0C0FF2846B0EE76
:1094A000480ABDEC028BBDE870401DF0B7BF00BF9D
:1094B0002DE9F8431F46037D0C4615462DED028B22
:1094C00053B38046D0E90232934222D01868FCF7A9
:1094D00087F9B0EE408AC7B1002608F1300994ED53
:1094E000000A48461DF0D6FEB7EE007AD8ED1A7A8B
:1094F0000136F4EC016A37EE487AB74268EE277A13
:10950000E6EE877AE5EC017AE9D1BDEC028BBDE8A5
:10951000F883B6EE008ADEE7002FF6D001EB87076E
:1095200054F8043BBC4245F8043BF9D1BDEC028B36
:10953000BDE8F8832DE9F04F1E46037D0C46154625
:109540002DED028B83B00F9F002B41D08046D0E9D8
:1095500002329A4239D01868FCF742F9B0EE408ADC
:1095600077B308F17C03DDF838A04FF0000908F16B
:10957000300B019394ED000A58461DF08BFE95EDDB
:10958000000A019809F101091DF084FEF7EE006A56
:1095900098ED1A7A4F45B4EC016A76EEC86AD8EDB8
:1095A0002D7A28EE077A67EE887AA6EE267AA6EC60
:1095B000017AB5EC017AE6EE877AEAEC017AD9D144
:1095C00003B0BDEC028BBDE8F08FB6EE008AC7E7B2
:1095D000002FF5D00E9B01EB870754F8042B46F8BB
:1095E000042BBC4255F8042B43F8042BF5D103B0EF
:1095F000BDEC028BBDE8F08F10B504490446FBF7C3
:1096000055F8034B2046236010BD00BF80D906905B
:1096100050EC0690B7EE000AD0ED337AF4EEC07A43
:10962000F1EE10FA30FE270A704700BF034B10B569
:1096300004460360FBF760F8204610BD84EC0690FA
:10964000054B10B504460360FBF756F8D0212046C1
:109650001EF073FB204610BD84EC0690D0E9022377
:109660009B1A142B00D8704710B5044650682DED96
:10967000028BFCF7B5F8B0EE408A04F130001DF023
:10968000CDFE04F17C00B0EE480ABDEC028BBDE8D3
:1096900010401DF0C3BE00BF2DE9F843057D804694
:1096A0000C46174699462DED088B002D00F0F780EB
:1096B000D0E902329A4200F0E6801868FCF790F890
:1096C000F0EE408AD8E902239B1A142B40F2F9806D
:1096D0009068FCF785F8F0EE409AD8E902239B1ACF
:1096E000142B40F2D4809FED7A9AD068FCF778F87A
:1096F000B4EEC90AB0EE408AD8E90223F1EE10FABE
:10970000A3EB0203CCBF01260026142B40F2C2803B
:109710001069FCF765F8B4EEC90AB0EE40AAD8E9C2
:109720000223F1EE10FAA3EB0203CCBF01250025C2
:10973000142B40F2C9805069FCF752F8B0EE409A01
:1097400073B2F6EE007A9FED626ABFEE00BA002BAC
:10975000DFED606A9FED605AF1EE005A06FE087A6E
:10976000B4EEE77A002DD8ED06BAB1EE048A06FE13
:109770000AAAF1EE10FA27EE2B0A77FE877AF4EEAA
:10978000E67A8BEE000AF1EE10FA77FEA67A77EE13
:10979000E67A87EE857AA7EE258A1EF0F9FBF0EED1
:1097A00040AA2AEE2B0AB7EE00AA8BEE000A1EF0A2
:1097B000EFFB7AEE6AAA3AEE40AAB9F1000F5ED04A
:1097C000B5EEC09ADFED457AF3EE04BA002508F154
:1097D0003006F1EE10FA6BFEA7BAF4EC016AB7EEB0
:1097E000007AD8ED327AB7EE00BAF0EEE66A9FED75
:1097F0003C0A3046013566EE886AF4EEC76AF1EE3F
:1098000010FA37FE267AB4EEE77A77EE676A88EDCB
:10981000337AF1EE10FACCBFEAEEA67AEAEE267AB7
:1098200028EE277AC8ED327AF0EE697AB4EECB7A78
:10983000F1EE10FA3BFE077AE7EE097AF4EEC07A11
:10984000F1EE10FA30FE270AB4EEEB0AF1EE10FA50
:1098500030FE2B0A1DF082FD14ED010A30461DF08A
:1098600019FDD8ED1A7A3BEE68BA14ED017A68EE6C
:10987000A77AA945E7EE0B7AE7EC017AADD1BDEC0A
:10988000088BBDE8F883F6EE008ADFED169A9FEDAF
:10989000168A2E469FED0FAA9FED149A50E70023DB
:1098A000C0F8CC30B9F1000FE9D001EB890954F8C8
:1098B000043BA14547F8043BF9D1BDEC088BBDE85A
:1098C000F883DFED089AE2E79FED089A38E700BFDA
:1098D00017B7D1386F12833AEE7CFF3E0000C842C2
:1098E00000409C4500007A44CDCCCC3D0000C844EB
:1098F0002DE9F84F077D04460E46154698462DED96
:109900000A8B002F00F02181D0E902329A4200F048
:1099100010811868FBF764FFF0EE40BAD4E9022327
:109920009B1A142B40F22A819068FBF759FFB0EE86
:1099300040AAD4E902239B1A142B40F2FE809FED2B
:10994000929AD068FBF74CFFB4EEC90AB0EE408A99
:10995000D4E90223F1EE10FAA3EB0203CCBF4FF0DF
:1099600001094FF00009142B40F2EA801069FBF75F
:1099700037FFB4EEC90AF0EE408AD4E90223F1EED3
:1099800010FAA3EB0203CCBF01270027142B40F2EF
:10999000F8805069FBF724FFF0EE409A4FFA89F304
:1099A000F6EE007A9FED786AB1EE049A002BDFEDB7
:1099B000776AD4ED06AA06FE087AB4EEE77A002F9D
:1099C000DFED735A27EE2A0A46FE288AF1EE10FAD6
:1099D000BFEE008AB1EE006A77FE877AF4EEE67A8F
:1099E00088EE000AF1EE10FA77FEA67A77EEE67AB4
:1099F00087EEA57AA7EE069A1EF0CAFA68EEAA8A42
:109A0000B0EE40BAF7EE00AA88EE280A1EF0C0FABF
:109A1000159B3AEECBBA7AEEC0AA002B00F08580F7
:109A2000F5EEC09ADFED5B7AB3EE04CAC346DDF80B
:109A300050A00027F1EE10FA04F1300904F17C087F
:109A40002CFE27CAF6EC017AF6EE005AB5EC016A54
:109A5000F7EE006AF0EEE77A94ED327AB0EEC66A7D
:109A60009FED4D8AF7EE008A4846013777EE867AF9
:109A700067EEA57A67EE897AF4EEE67AF1EE10FAEF
:109A800076FEA77AF4EEC77A77EEC76AC4ED337A2A
:109A9000F1EE10FACCBFABEE267AAAEEA67A69EE0A
:109AA000077A84ED327AB0EE4A7AF4EEE87AF1EE93
:109AB00010FA78FEA77AA7EEA97AB4EEC87AF1EE8A
:109AC00010FA38FE078AB4EECC8AF1EE10FA38FEAE
:109AD0000C8AB0EE480A1DF041FCB0EE480A404640
:109AE0001DF03CFC16ED010A48461DF0D3FB15EDB8
:109AF000010A40461DF0CEFB94ED1A7A78EEEB8A0F
:109B000056ED016A2BEE877AD4ED2D7A159B6BEE1C
:109B1000A77AA6EEA87ABB42ABEC017A15ED017AE2
:109B2000E8EE877AEAEC017A8CD1BDEC0A8BBDE8CD
:109B3000F88FF6EE00BA9FED19AA9FED198AB94683
:109B4000DFED128ADFED179A28E70023C0F8CC304A
:109B5000159B002BE9D01A461499434606EB820B5D
:109B600056F8042B43F8042BB34555F8042B41F861
:109B7000042BF5D1BDEC0A8BBDE8F88F9FED07AA49
:109B8000DBE7DFED089A09E717B7D1386F12833AA0
:109B9000EE7CFF3E0000C84200409C4500007A4435
:109BA000CDCCCC3D0000C8442DE9F041044600F185
:109BB00030086FF0010504F17C072DED028BB0EE4B
:109BC000408A82B080ED060A40461DF03FFB3846D1
:109BD000B0EE480A1DF03AFB30201EF0B2F8002328
:109BE0000646B6EE001A1A46F7EE000A9FED570A2F
:109BF00057490095FBF7B6FE31462046FAF798FD27
:109C000030201EF09EF80646F7EE000A9FED511A2E
:109C10009FED4E0A012300224F490095FBF7A2FE5B
:109C200031462046FAF784FD30201EF08AF80646B9
:109C30009FED4A1A0223DFED4A0A01229FED490AED
:109C400049490095FBF78EFE31462046FAF770FD34
:109C500030201EF076F80646F7EE000A9FED431A14
:109C600001229FED430A032342490095FBF77AFE48
:109C700031462046FAF75CFDE368012153F8040CF5
:109C8000FBF7F0FDE3689FED350A53F8040CFBF792
:109C9000EBFD30201EF055F80646F6EE000A9FED6B
:109CA000361A01229FED320A042334490095FBF74E
:109CB00059FE31462046FAF73BFDE368012153F88F
:109CC000040CFBF7CFFDE3689FED240A53F8040C66
:109CD000FBF7CAFD30201EF034F800950546052339
:109CE00000229FED271ADFED270A9FED270A27495B
:109CF000FBF738FE29462046FAF71AFD2368244A66
:109D00005B6993421BD1D4E902239B1A142B04D81C
:109D100002B0BDEC028BBDE8F0815068FBF760FD3E
:109D2000B0EE408A40461DF079FB3846B0EE480A56
:109D300002B0BDEC028BBDE8F0411DF06FBB2046C8
:109D400002B0BDEC028BBDE8F041184700000000F6
:109D5000FCD706909A99593F48D9069000007A445A
:109D60000000FA440000C84384D90690CDCC4C3E94
:109D70006F12833A94D906900AD7233CA4D906904F
:109D80000000C84400803B4500803BC5B4D9069024
:109D90005D96049010B506490446FAF787FC002347
:109DA000044A2046C4F8C8302260C4F8CC3010BD44
:109DB000C4D9069084EC069090ED330A704700BF3A
:109DC000034B10B504460360FAF796FC204610BD1D
:109DD000B8EC0690054B10B504460360FAF78CFC0E
:109DE000E42120461DF0A9FF204610BDB8EC0690E6
:109DF000D0E902239B1A142B12D9F3EE047A90EDCA
:109E0000367AB4EEE77AF1EE10FA07D4DFED057A90
:109E1000B4EEE77AF1EE10FA77FE877AC0ED367A83
:109E2000704700BF00409C4570B5044630306FF06D
:109E300001052DED048B82B084ED060A1DF006FAB3
:109E400004F17C0094ED060AF7EE008A1DF0FEF99D
:109E500094ED069A9FED990ADFED997A29EE000AB2
:109E60009FED987A9FED988ADFED989AB4EEE70A15
:109E700084ED328A84ED338A84ED348AF1EE10FA6F
:109E800084ED358AC4ED369A58BFB0EE670A20EEED
:109E9000070A80EE090A1EF07BF8DFED8D7ABFEE2F
:109EA000007A29EE279A78EEC07A87EE090AC4ED87
:109EB000377A1EF06DF8302038EEC00A84ED380A8B
:109EC0001DF03FFF00230646B6EE001A1A46F0EEDC
:109ED000680AB0EE480A7F490095FBF743FD31461A
:109EE0002046FAF725FC30201DF02BFF0646F0EE49
:109EF000680A0123B0EE480A9FED771A00227749DD
:109F00000095FBF72FFD31462046FAF711FC302073
:109F10001DF017FF0646B0EE691A0223DFED700A46
:109F200001229FED700A70490095FBF71BFD314639
:109F30002046FAF7FDFB30201DF003FF0646F0EE49
:109F4000680A9FED6A1A01229FED690A0323694995
:109F50000095FBF707FD31462046FAF7E9FBE36879
:109F6000012153F8040CFBF77DFCE368B0EE690AAD
:109F700053F8040CFBF778FC30201DF0E2FE064697
:109F8000F6EE000A9FED5C1A01229FED590A0423A8
:109F90005A490095FBF7E6FC31462046FAF7C8FB24
:109FA000E368012153F8040CFBF75CFCE368B0EEB6
:109FB000690A53F8040CFBF757FC30201DF0C1FE72
:109FC000064605239FED4E1ADFED4E0A00229FED57
:109FD0004E0A4E490095FBF7C5FC31462046FAF77C
:109FE000A7FB38201DF0ADFE0646B0EE001A2B464A
:109FF000F0EE080A0022F0EE681A4549B0EE480A71
:10A00000FBF7E0FD31462046FAF792FBE3680221B8
:10A0100053F8040CFBF726FCE36804223D4953F88F
:10A02000040CFBF725FC38201DF08BFE2B46054663
:10A03000F0EE080AF0EE681A0122B0EE681A36490E
:10A04000B0EE480AFBF7BEFD29462046FAF770FB42
:10A05000E368022153F8040CFBF704FCE3680422D4
:10A060002E4953F8040CFBF703FC23682C4A5B6968
:10A0700093421BD1D4E902239B1A142B12D9F3EE7D
:10A08000047A94ED367AB4EEE77AF1EE10FA07D45A
:10A09000DFED247AB4EEE77AF1EE10FA77FE877AF4
:10A0A000C4ED367A02B0BDEC048B70BD204602B020
:10A0B000BDEC048BBDE87040184700BF6666E63E05
:10A0C0000000F042DB0FC9C00000000000007A442D
:10A0D0000AD7A33BFCD706909A99593F48D90690D6
:10A0E0000000FA440000C84384D90690CDCC4C3E11
:10A0F0006F12833A94D906900AD7233CA4D90690CC
:10A100000000C84400803B4500803BC5B4D90690A0
:10A11000CCD906908C000024D8D906907C0000246D
:10A12000F19D049000409C452DE9F0479846037D41
:10A1300004460D4692462DED0C8B002B00F0E2817B
:10A14000D0E902329A4200F08E811868FBF748FB92
:10A15000A268E368F0EE409A9B1A142B40F26C83DD
:10A160005068FBF73DFBA268E368B0EE40AA9B1A7B
:10A17000142B40F27C819068FBF732FBA268E36805
:10A18000F0EE408A9B1A142B40F25D83D068FBF7F7
:10A1900027FBA268E368B0EE408A9B1A142B40F2BA
:10A1A0005F831069FBF71CFBA268E368F0EE40BA1E
:10A1B0009B1A142B40F25F835069FBF711FBA268D6
:10A1C000E368F0EE40AA9B1A182B40F25D83906979
:10A1D000FBF706FBF8FE407AFDEEE77AA268E3683B
:10A1E000F8EEE77A9B1AF5EEC07AF1EE10FA40F13C
:10A1F00052834FF000096FF001071C2B40F21F83C0
:10A20000D069FBF7EDFAF8FE407AFDEEE77AF8EE5A
:10A21000E77AF5EEC07AF1EE10FA40F14D830026B0
:10A22000DFEDC87A94ED06CAB4EEE78AF1EE10FAD3
:10A2300000F1F782F6EE007ADFEDC26A9FEDC26AA6
:10A24000B1EE007AB1EE049AB4EEE78AF1EE10FABC
:10A2500077FE887A77EEE67AC7EE866AA6EE879A68
:10A26000F0EE007AB4EEE78AF1EE10FA77FE887A23
:10A2700067EE8C7ABFEE000AB7EE00BA80EE270ACE
:10A280001DF086FEDFEDB17AF4EEE7BA3BEE40BAA0
:10A29000F1EE10FA07D4F0EE007AF4EEE7BAF1EE40
:10A2A00010FA77FEAB7A67EE8C7ABFEE000AF7EE13
:10A2B00000BA80EE270A1DF06BFE012F7BEEC0BABC
:10A2C00040F25881A24B03EB860393ED00CAB8F12C
:10A2D000000F00F0258138EEAADA002604F13007DD
:10A2E00024E0B7EE000AB4EEC0AAF1EE10FA30FE98
:10A2F0000A0A384601361DF091F894ED360A3846C0
:10A300001DF02CF8B0EE6C0A38461CF0C3FFB7EE17
:10A31000007AD4ED1A7AB04537EE697A69EEA77AF9
:10A32000ECEE877AEAEC017A00F0FA8095ED006AAB
:10A33000F7EE007A94ED347AD4ED375A36EE476A68
:10A34000D4ED326AA6EE257A84ED347AB5EC017A42
:10A35000B0EEC77A27EE097AB4EEE77AF1EE10FA9A
:10A3600077FE877AF4EEE76A37EEE67AC4ED337A61
:10A37000F7EE047AF1EE10FA54BFEBEE876AEBEEDB
:10A38000076A29EE267AC4ED326ADFED726A27EE9B
:10A39000277AB4EEE67AF1EE10FA00F19880F7EE43
:10A3A000007AB4EEE77AF1EE10FAF5EEC0AA77FE85
:10A3B000877AF1EE10FA72D4F3EE04CAF4EEEC8A66
:10A3C000F1EE10FA7BD49FED648AF4EEC88AF1EEC8
:10A3D00010FAF4EECDCA38FE288AF1EE10FA00F336
:10A3E000AE809FED5D7AB4EEC7DAF1EE10FA37FE7B
:10A3F0000D7A77EE486A9FED536AF0EEE65AF4EE76
:10A40000C65AF1EE10FA19D4F7EE000AF4EEE07A2B
:10A41000F1EE10FA70FEA70AB9F1000F5FD0A0EEBE
:10A42000A68AB4EEEC8AF1EE10FA68D4DFED4A7A2F
:10A43000B4EEE78AF1EE10FA37FE888AD4ED367A68
:10A44000B5EEC0AA94ED387A38EE678A55ED01CAA8
:10A45000F1EE10FAE8EE077AC4ED367A7FF541AFF7
:10A460009FED3C0A45E7F6EE009A9FED3CAA4FF0BF
:10A470000009F7EE007ADFED3A8ADFED3AAA4F469F
:10A48000DFED39BA4B469FED398AB0EE087A002BE2
:10A4900047FE877AFDEEE77A17EE906AC0E667EE30
:10A4A0008C7AF5EEC07AF1EE10FA3FD5F0EE667ACE
:10A4B000DFED2FCAF4EEEC8AF1EE10FA83D5B4EE9C
:10A4C000ECDAF1EE10FA1AD4B0EE6C8A89E7F5EE08
:10A4D000C0AAF1EE10FA27D4F0EE667A6CE787EEA8
:10A4E000080AB5EEC00AF1EE10FAA7D91DF02CFE4D
:10A4F00020EE088AB4EEEC8AF1EE10FA96D5B0EEB2
:10A500006C8A9BE70023C0F8CC30B8F1000F07D06D
:10A5100001EB880855F8043B45454AF8043BF9D15E
:10A52000BDEC0C8BBDE8F0876CEE267AB7EE007AB6
:10A53000F4EEC77AF1EE10FA77FE277AB8E7B0EEBC
:10A540006C7A56E76F12833AEE7CFF3E17B7D1382C
:10A55000F4EC06900000000000409C459A99593F99
:10A5600000007A440000C8440AD7233CCDCC4C3EBE
:10A570000000C842D54B03EB860393ED00CAB8F147
:10A58000000FCDD038EEAADA002604F1300795EDA1
:10A59000007AB7EE006AD4ED345A94ED374A77EE7C
:10A5A000657ADFEDCB4A9FEDCB5AD4ED326AE4EE0B
:10A5B000275A77EE657AC4ED345AB5EC017AF0EE9D
:10A5C000E77AB0EEC77A67EEA47AE7EE057A67EE2F
:10A5D000897AF4EEC67AF1EE10FA76FE277AF4EE76
:10A5E000E67A37EEE67AC4ED337AF1EE10FACCBFB4
:10A5F000EBEE076AEBEE876A9FEDB77A66EE897A33
:10A60000C4ED326ADFEDB56A67EE877AF4EEE67A7A
:10A61000F1EE10FA00F1C980B7EE007AF4EEC77AD5
:10A62000F1EE10FAF5EEC0AA37FE277AF0EE477A7F
:10A63000F1EE10FA00F19F80F3EE04CAB1EEE77A72
:10A64000F4EEEC8AF1EE10FA00F1A6809FEDA48AF8
:10A65000F4EEC88AF1EE10FAF4EECDCA38FE288A7C
:10A66000F1EE10FA00F3DA80DFED9D7AB4EEE7DA6E
:10A67000F1EE10FA77FE8D7A77EEC86A9FED996A4F
:10A68000F0EEE65AF4EEC65AF1EE10FA21D4B5EE29
:10A69000C07AF1EE10FA00F1BE80F7EE000AB4EED7
:10A6A000E07AF1EE10FA70FE870AB9F1000F00F0BF
:10A6B0009080A6EEA08AB4EEEC8AF1EE10FA00F1DA
:10A6C0009A80DFED877AB4EEE78AF1EE10FA37FE72
:10A6D000888AD4ED367A94ED387A38EE678ADFEDE1
:10A6E000806A55ED01CAE7EE087A87EEA67AC4EDD6
:10A6F000367AB5EEC07AF1EE10FA5ED4F7EE006A63
:10A70000B6EE006AF6EE087AB4EEE67AF1EE10FAEA
:10A7100076FE876AB1EEE67AE7EE067A67EE8A7A27
:10A72000F5EEC07AF1EE10FA50D4B7EE000AF4EE6E
:10A73000C07AF1EE10FA30FE270A384601361CF0D6
:10A740006DFE94ED360A38461CF008FEB0EE6C0A39
:10A7500038461CF09FFDB7EE007AD4ED1A7AB0456A
:10A7600037EE697A69EEA77AECEE877AEAEC017A3D
:10A770007FF40DAFD4E627EE0C7AB5EEC07AF1EE99
:10A7800010FA3DD5B0EE667ADFED57CAF4EEEC8AEA
:10A79000F1EE10FA7FF55AAFB4EEECDAB0EE6C8A57
:10A7A000F1EE10FA7FF560AF93E7F4EEE6AAF1EE72
:10A7B00010FA23D4F0EE667A3EE7F6EE087A67EEFA
:10A7C0008A7AF5EEC07AF1EE10FAAED59FED430A23
:10A7D000B3E787EE880AB5EEC00AF1EE10FA7FF60D
:10A7E00078AF1DF0B1FC20EE088AB4EEEC8AF1EEF1
:10A7F00010FA7FF566AFB0EE6C8A6AE72CEE267A27
:10A80000F7EE007AB4EEE77AF1EE10FA77FE877A87
:10A81000B1EEE77AB8E7DFED310A46E7F0EE6C7AA1
:10A820002AE7DFED327AB1EE049AB4EEE78AF1EE70
:10A8300010FA3FF51DAD13E59FED2DAA17E6F7EED3
:10A84000007A002321E64FF0000994ED06CADFEDFF
:10A8500029AA0126DFED28BA4F469FED288AE9E4B0
:10A860004FF00009F7EE007ADFED22AADFED22BA01
:10A870004F464B4609E64FF00009F7EE007ADFED50
:10A880001DAA4F464B4600E64FF00009F7EE007A4E
:10A890004F464B46F9E5B0EE087AF4EEC77AF1EE92
:10A8A00010FA37FE277AFDEEC77A17EE909AA9F1D3
:10A8B000020729F00209A0E4B0EE087AF4EEC77AA4
:10A8C000F1EE10FACCBF01230023DEE5E4EC0690A4
:10A8D0003333B33E6666263F3333933F00000000B8
:10A8E00000409C456F12833A0000C84217B7D13828
:10A8F0009A99593F0000C8440AD7233CCDCC4C3E1E
:10A9000010B50C490446F9F7D1FE00230A4A0B485A
:10A910000B4920602046C4F8C830C4F8CC30C4F8D5
:10A92000D030C4F8D430C4F8D810C4F8DC20C4F84F
:10A93000E02010BDE4D906900AD7233CB8EC06907D
:10A9400000007A4410B50446F9F7B0FE00230A4A25
:10A950000A480B4920602046C4F8C830C4F8CC30FF
:10A96000C4F8D030C4F8D430C4F8D810C4F8DC200F
:10A97000C4F8E02010BD00BF0AD7233CB8EC069015
:10A9800000007A4410B5044630302DED028B84ED82
:10A99000060AB0EE608A1CF059FC94ED060A04F138
:10A9A0007C001CF053FCF3EE047A0023B4EEE78A3B
:10A9B000C4F8C830C4F8CC30C4F8D030F1EE10FA86
:10A9C000C4F8D43007D4DFED1C7AB4EEE78AF1EE98
:10A9D00010FA77FE887A94ED068AF7EE008A9FEDEA
:10A9E000170A9FED177A28EE000ADFED166AC4ED0C
:10A9F000367AB4EEC70AF1EE10FA58BFB0EE470A45
:10AA000020EE260A80EE080A1DF0C2FADFED0E7A6B
:10AA1000BFEE007A28EE278A78EEC07A87EE080A21
:10AA2000C4ED377A1DF0B4FA78EEC08AC4ED388AE6
:10AA3000BDEC028B10BD00BF00409C456666E63E43
:10AA40000000F042DB0FC9C00AD7A33BD0ED367A35
:10AA500090ED387A71EEE71A70B5E7EE217A044688
:10AA60000D462DED028BF0EE408AB0EE608AC0ED0F
:10AA7000367A52BBB5EEC01AF1EE10FA45D4B7EEF5
:10AA8000000AB4EEC01AF1EE10FA30FE010A04F129
:10AA9000300630461CF0C2FC94ED360A30461CF0FD
:10AAA0005DFCB0EE680A30461CF0F4FBF7EE007A6D
:10AAB00094ED1A7A77EEC87A28EE078AA7EEA88A6C
:10AAC00085ED008ABDEC028B70BDDFED136A87EE69
:10AAD000A67AB5EEC07AF1EE10FA19D4F7EE006A54
:10AAE000B6EE006AF6EE087AB4EEE67AF1EE10FA07
:10AAF00076FE876AB1EEE67AE7EE067A21EE271A4D
:10AB0000B5EEC01AF1EE10FAB9D59FED040ABEE712
:10AB1000F6EE087AF2E700BF00409C450000000016
:10AB2000D0ED367A90ED387A32EE672A2DE9F04191
:10AB3000E7EE027A04460E4615462DED048BB0EE84
:10AB4000409AF0EE608AB0EE418AC0ED367A002B72
:10AB500046D1F5EEC01AF1EE10FA61D4F7EE009A84
:10AB6000F4EEE91AF1EE10FA79FEA19A04F1300838
:10AB700004F17C07B0EE690A40461CF04FFCB0EED1
:10AB8000690A38461CF04AFC94ED360A40461CF02F
:10AB9000E5FB94ED360A38461CF0E0FBB0EE490ABE
:10ABA00040461CF077FBB0EE680A38461CF072FB9A
:10ABB000B7EE007AD4ED2D6AD4ED1A7A37EE487AE2
:10ABC00068EE277A28EE268AE7EE097AA7EE288A29
:10ABD000C6ED007A85ED008ABDEC048BBDE8F081FE
:10ABE000DFED126A87EEA67AB5EEC07AF1EE10FAC2
:10ABF00019D4F7EE006AB6EE006AF6EE087AB4EE03
:10AC0000E67AF1EE10FA76FE876AB1EEE67AE7EEC2
:10AC1000067A61EEA71AF5EEC01AF1EE10FA9DD58C
:10AC2000DFED039AA2E7F6EE087AF2E700409C45D2
:10AC3000000000002DE9F04F90F8149004460D46F6
:10AC400016461F462DED0A8B83B0DDF85C80B9F106
:10AC5000000F00F0D781D0E902329A4200F09E81C5
:10AC60001868FAF7BDFDF0EE409AD4E902239B1A6A
:10AC7000142B40F25F835068FAF7B2FDB0EE40AAA1
:10AC8000D4E902239B1A142B40F28C819068FAF7C6
:10AC9000A7FDB0EE408AD4E902239B1A142B40F2A0
:10ACA0005083D068FAF79CFDF0EE40AAD4E9022365
:10ACB0009B1A142B40F253831069FAF791FDB0EE02
:10ACC00040BAD4E902239B1A142B40F252835069F4
:10ACD000FAF786FDB0EE409AD4E902239B1A182BAE
:10ACE00040F24F839069FAF77BFDF8FE407AFDEE63
:10ACF000E77AD4E90223F8EEE77A9B1AF5EEC07AF8
:10AD0000F1EE10FA40F1438300216FF0010B894608
:10AD100000911C2B40F21183D069FAF761FDF8FE17
:10AD2000407AFDEEE77AF8EEE77AF5EEC07AF1EEDA
:10AD300010FA40F1458300239A46DFEDDA7AD4ED2C
:10AD400006BAF4EEE7AAF1EE10FA00F1E882F6EEA8
:10AD5000007ADFEDD46A9FEDCF6AB1EE007AF1EEB2
:10AD6000048AF4EEE7AAF1EE10FA77FEAA7A77EEFB
:10AD7000E67AC7EE866AE6EE878AF0EE007AF4EEAF
:10AD8000E7AAF1EE10FA77FEAA7A67EEAB7ABFEE89
:10AD9000000AF7EE00AA80EE270A1DF0F9F8DFEDB1
:10ADA000C87AB4EEE7BA7AEEC0AAF1EE10FA07D488
:10ADB000F0EE007AB4EEE7BAF1EE10FA77FE8B7A95
:10ADC00067EEAB7ABFEE000AF7EE00BA80EE270A14
:10ADD0001DF0DEF8BBF1010F7BEEC0BA40F24A81F4
:10ADE000AD4B03EB8A03D3ED00CAB8F1000F00F0BE
:10ADF0001C81BA4638EE09CA169F4FF0000B69E075
:10AE0000F7EE007AB4EEE77AF1EE10FAB5EEC09AFA
:10AE100077FE877AF1EE10FA00F10C81B3EE04BAF6
:10AE2000B4EECB8AF1EE10FA00F1B0809FED9E2ACD
:10AE3000B4EEC28AF1EE10FAB4EECCBA32FE082AB1
:10AE4000F1EE10FA00F313819FED977AB4EEC7CAC2
:10AE5000F1EE10FA37FE0C7A77EE426A9FED916AB6
:10AE6000F0EEE65AF4EEC65AF1EE10FA1BD4F7EE05
:10AE7000000A009BF4EEE07AF1EE10FA70FEA70AE9
:10AE8000002B00F0A680A0EEA62AB4EECB2AF1EEAD
:10AE900010FA00F1B480DFED847AB4EEE72AF1EE27
:10AEA00010FA37FE822A0BF1010B3A465146F0EEBA
:10AEB0004A1AB0EE691A4B4656ED010A204615EDC6
:10AEC000010A0AF1040AFFF72BFED84507F104072F
:10AED00000F0AB80D5ED005AF6EE004A94ED346AEE
:10AEE000B7EE007A94ED375A75EEC65AD4ED357A3E
:10AEF000D4ED326AA5EE856A84ED346A96ED006A77
:10AF000036EE676AE6EE057AC4ED357AF6EC017A3C
:10AF1000B5EC016AF0EEE77AB0EEC66A77EE867AB3
:10AF200067EEA47A67EEA87AF4EEC77AF1EE10FA2B
:10AF300077FE277AF4EEE76A37EEE67AC4ED337AE5
:10AF4000F7EE047AF1EE10FA54BFEBEE876AEAEE00
:10AF5000876A26EEA87AC4ED326ADFED586A27EEDA
:10AF6000277AB4EEE67AF1EE10FA7FF549AFB5EE46
:10AF7000C09AF1EE10FA6FD4B3EE04BAF0EE667A2E
:10AF8000B4EECB8AF1EE10FA7FF550AFB4EECBCA37
:10AF9000F1EE10FA33D4B0EE4B2A55E7F6EE009AF4
:10AFA0009FED48AA0023F7EE007A9FED3C8A9FEDC3
:10AFB000489A9B469FED45BADFED43AA0093B0EE59
:10AFC000087A002B47FE877AFDEEE77A17EE90AA03
:10AFD000B3E687EE020AB5EEC00AF1EE10FA7FF68C
:10AFE00062AF8DED012A1DF0AFF89DED012A20EE34
:10AFF000022AB4EECB2AF1EE10FA7FF54CAFB0EE98
:10B000004B2A50E70023C0F8CC30B8F1000F0CD029
:10B01000169B01EB880855F8042B47F8042BA8452C
:10B0200056F8042B43F8042BF5D103B0BDEC0A8B82
:10B03000BDE8F08F67EEAC7AF5EEC07AF1EE10FA6B
:10B040000CD5F0EE667A9FED1CBAB4EECB8AF1EE29
:10B0500010FA7FF5EBAE99E76CEEA67AB7EE007AC0
:10B06000F4EEC77AF1EE10FA77FE277AEBE7B0EE4E
:10B070004B7AF1E60A4B03EB8A0393ED00CAB8F171
:10B08000000FD2D0BA4638EE09BA169F4FF0000B27
:10B0900094E000BFEE7CFF3EF4EC069000007A44A2
:10B0A000E4EC06906F12833A00409C453333B33E84
:10B0B0006666263F3333933F0000C842000000001D
:10B0C00017B7D1389A99593FCDCC4C3E0AD7233C7B
:10B0D0000000C844B7EE007AF4EEC77AF1EE10FA39
:10B0E000B5EEC09A37FE277AF0EE477AF1EE10FA05
:10B0F00000F1CF80F3EE04CAB1EEE77AB4EEEC8A49
:10B10000F1EE10FA00F1D6801FED192AB4EEC28AD2
:10B11000F1EE10FAF4EECBCA32FE082AF1EE10FA84
:10B1200000F3FA805FED207AB4EEE7BAF1EE10FAA0
:10B1300077FE8B7A77EEC26A1FED266AF0EEE65A4A
:10B14000F4EEC65AF1EE10FA21D4B5EEC07AF1EE63
:10B1500010FA00F1DE80F7EE000AB4EEE07AF1EECC
:10B1600010FA70FE870A009B002B00F0AC80A6EE60
:10B17000A02AB4EEEC2AF1EE10FA00F1BA805FEDED
:10B18000367AB4EEE72AF1EE10FA37FE822A0BF196
:10B19000010B3A465146F0EE4A1AB0EE691A4B4698
:10B1A00056ED010A204615ED010A0AF1040AFFF7DF
:10B1B000B7FCD84507F104073FF437AF95ED007AA7
:10B1C000B6EE004AD4ED347AB7EE006A94ED373A21
:10B1D00077EE675A94ED355A5FED4C3A5FED4C4A85
:10B1E000E3EE257AD4ED326AC4ED347A77EE677AED
:10B1F000D6ED005AB0EE457A75EEC52AF0EEE77A44
:10B20000A3EE227A75EEC75A84ED357AB5EC017A51
:10B21000B6EC015AF0EEE55AB0EEC77AB0EEC55A78
:10B2200077EEA57A37EE057A67EE847A27EE047A10
:10B2300067EEA37AE7EE247A67EEA87AF4EEC67A90
:10B24000F1EE10FA76FE277AF4EEE67A37EEE67A39
:10B25000C4ED337AF1EE10FACCBFEAEE876AEBEE7A
:10B26000876A1FED6C7A66EEA87AC4ED326A5FEDEC
:10B270006D6A67EE877AF4EEE67AF1EE10FA7FF502
:10B2800029AFB4EEE69AF1EE10FA35D4F0EE667A14
:10B2900030E727EE0C7AB5EEC07AF1EE10FA2DD534
:10B2A000B0EE667A5FED7CCAB4EEEC8AF1EE10FA8D
:10B2B0007FF52AAFB4EEECBAB0EE6C2AF1EE10FADC
:10B2C0007FF530AF63E787EE820AB5EEC00AF1EE94
:10B2D00010FA7FF65CAF8DED012A1CF035FF9DED75
:10B2E000012A20EE022AB4EEEC2AF1EE10FA7FF5E4
:10B2F00046AFB0EE6C2A4AE72CEE267AF7EE007ADB
:10B30000B4EEE77AF1EE10FA77FE877AB1EEE77ADB
:10B31000C8E75FED960A26E7F0EE6C7A0AE75FED84
:10B32000987AF1EE048AF4EEE7AAF1EE10FA3FF50E
:10B330002CAD22E51FED9DAA34E6F7EE007A00233E
:10B340003DE600230122D4ED06BA1FED9F9A9246F6
:10B350001FEDA2BA9B465FEDA4AA0093F7E4002379
:10B36000F7EE007A1FEDA69A1FEDA8BA9B46009350
:10B3700025E60023F7EE007A1FEDAB9A9B4600937B
:10B380001DE60023F7EE007A9B46009317E6B0EE29
:10B39000087AF4EEC77AF1EE10FA37FE277AFDEE5E
:10B3A000C77A17EE90AAAAF1020B2AF00201BBF1AC
:10B3B000010F00918CBF4FF000094FF00109A8E484
:10B3C000B0EE087AF4EEC77AF1EE10FACCBF0123A2
:10B3D0000023F4E5F5EEC00A30EE207AF1EE10FA23
:10B3E00008B52DED028B62D4F3EE048AB4EEE80AC0
:10B3F000F1EE10FA62D49FED378AB4EEC80AF1EE8E
:10B4000010FAB4EEE87A38FE008AF1EE10FA4BD466
:10B41000DFED307AB4EEE77AF1EE10FA77FE877A54
:10B4200037EEC87ADFED2C6AB0EEC76AB4EEE66A92
:10B43000F1EE10FA1CD4B5EEC01AF1EE10FA1CD4DD
:10B44000F7EE000AB4EEE01AF1EE10FA70FE810A8F
:10B45000B9B9A7EE208AB4EEE88AF1EE10FA20D44A
:10B46000DFED1C7AB4EEE78AF1EE10FA37FE888A37
:10B47000B0EE480ABDEC028B08BDDFED180A0029CA
:10B48000E7D087EE880AB5EEC00AF1EE10FAEFD9E0
:10B490001CF05AFE20EE088AB4EEE88AF1EE10FAAB
:10B4A000DED5B0EE688AE3E7F0EE687AB8E7DFED64
:10B4B0000C8AB4EEE80AF1EE10FA9CD5B4EEE87A04
:10B4C000B0EE688AF1EE10FAA2D5B0EE480ABDECF3
:10B4D000028B08BD00409C456F12833A00000000BB
:10B4E0000000C84290ED330A704700BF034B10B50F
:10B4F00004460360FEF764FC204610BD0CED069088
:10B50000064B10B504460360FEF75AFC4FF48871F1
:10B5100020461CF012FC204610BD00BF0CED06902A
:10B520002DE9F8439946037D80460E4615462DEDDC
:10B53000048B002B68D0D0E902329A425BD01868A5
:10B54000FAF74EF9D8F80820D8F80C30B0EE408A57
:10B550009B1A042B6AD95068FAF742F9D8F80820E8
:10B56000D8F80C30F0EE409A9B1A082B47D9906817
:10B57000FAF736F9D8F80820D8F80C30B0EE409A2F
:10B580009B1A102B55D91069FAF72AF9F0EE408A68
:10B59000B9F1000F2BD0002408F1E407384601343C
:10B5A0001BF082FFB7EE007AB0EE401A0121F6EEF2
:10B5B000007A4046F0EE680A31EE071AB0EE490A0A
:10B5C00021EE271A88ED331AFFF704FF2946F0EE23
:10B5D000401A0122B0EE691AB6EC010AF0EE480AF0
:10B5E0004046FFF733FAA14505F10405D6D1BDEC7D
:10B5F000048BBDE8F8839FED108ADFED109A9FED74
:10B60000109ADFED108AC3E70023C0F8CC30B9F1FF
:10B61000000FECD001EB890956F8043BB14545F821
:10B62000043BF9D1BDEC048BBDE8F883DFED039A50
:10B63000E5E7DFED048AABE79A99193F6666663F56
:10B64000008054440000E1442DE9F84F047D814618
:10B650008A4693461E462DED048BDDF83C80002C77
:10B6600068D0D0E902329A425BD01868FAF7B8F88D
:10B67000B0EE408AD9E902239B1A042B71D9506895
:10B68000FAF7AEF8F0EE409AD9E902239B1A082B9C
:10B690004BD99068FAF7A4F8B0EE409AD9E90223A2
:10B6A0009B1A102B60D91069FAF79AF8F0EE408ACD
:10B6B000B8F1000F31D00E9D002409F1E40738469F
:10B6C00001341BF0F1FEB7EE007AB0EE401A012112
:10B6D000F6EE007A4846F0EE680A31EE071AB0EE50
:10B6E000490A21EE271A89ED331AFFF773FE2A461D
:10B6F000B0EE402A3146F0EE691A0123B0EE481A46
:10B70000FBEC010ABAEC010A4846FFF709FAA0452A
:10B7100006F1040605F10405D1D1BDEC048BBDE8AA
:10B72000F88F9FED138ADFED139A9FED139ADFEDEB
:10B73000138ABDE70023C0F8CC30B8F1000FECD07D
:10B740000E9801EB880851F8043B46F8043B41454C
:10B7500052F8043B40F8043BF5D1BDEC048BBDE846
:10B76000F88FDFED049AE0E7DFED048AA0E700BF81
:10B770009A99193F6666663F008054440000E14490
:10B7800010B504490446FFF7DDF8034B204623605B
:10B7900010BD00BF2CDA06900CED0690D0E9022314
:10B7A00010B59B1A0446142B2DED028B82B007D8DE
:10B7B000204602B0BDEC028BBDE81040FEF718BB7E
:10B7C000D068FAF70DF8A368B0EE408A5869FAF726
:10B7D00007F8F0EE407A84ED3B8AB0EE480A04F1B7
:10B7E000E400B8FE678A1BF0F5FFFDEEC87A84ED31
:10B7F000400ACDED017A9DF80430082B28BF0023C4
:10B8000084F8E430D4E700BF2DE9F0410446DFEDD1
:10B810007F0A00266FF0010504F1E4072DED048B8B
:10B82000F7EE008A84B0FFF7ADF8D4ED067A9FED0D
:10B83000788A4FF07C5388EEA77A9FED760A3846D7
:10B84000C4ED3D7AC4F8E830C4F8F03084ED3B0A2A
:10B8500084ED3F8A9FED709A84ED3E7A1BF0BAFF2B
:10B86000F0EE407A40F20113384684F8E460B0EE1E
:10B87000490AC4ED407AA4F80C31C4ED3A8A84ED4B
:10B880003B9A1BF0A7FF302084ED400A1CF059FAC8
:10B89000804633463246F0EE680A9FED601AB0EEFD
:10B8A000480A5F490095FAF75DF841462046F8F7E7
:10B8B0003FFF30201CF045FA80463246F0EE680A21
:10B8C000B0EE480A9FED571A012357490095FAF741
:10B8D00049F841462046F8F72BFF30201CF031FA9A
:10B8E00080469FED4A1A0223DFED500A01229FEDA8
:10B8F000500A50490095FAF735F841462046F8F7C6
:10B9000017FF30201CF01DFA8046F2EE080A9FED6A
:10B910004A0AB0EE491A0323012248490095FAF772
:10B9200021F841462046F8F703FF30201CF009FAC1
:10B9300032460646B0EE480A9FED411A0423DFED79
:10B94000410A41490095FAF70DF831462046F8F7CB
:10B95000EFFE38201CF0F5F92B460546F1EE0C0AF7
:10B96000F0EE681A0122B0EE481A3849B0EE480AE3
:10B97000FAF728F929462046F8F7DAFEE3680221AB
:10B9800053F8040CF9F76EFFE3680822304953F8C6
:10B99000040CF9F76DFF23682E4A5B6993422ED1A0
:10B9A000D4E902239B1A142B07D8204604B0BDEC1F
:10B9B000048BBDE8F041FEF71BBAD068F9F710FF21
:10B9C000A368B0EE408A5869F9F70AFFF0EE407AB2
:10B9D00084ED3B8AB0EE480A3846B8FE678A1BF011
:10B9E000F9FEFDEEC87A84ED400ACDED037A9DF8AC
:10B9F0000C30082B28BF002384F8E430D5E720461C
:10BA000004B0BDEC048BBDE8F041184700805444FD
:10BA1000000000000000C842CDCC4C3F9A99193F6D
:10BA2000FCD706906666663F48D906900000FA4447
:10BA300000007A4384D90690CDCC4C3D38DA06908C
:10BA40000000E14400803B4544DA069030D806907F
:10BA50009C0000249DB70490034B10B5044603607E
:10BA6000F9F798FA204610BD40ED0690054B10B549
:10BA700004460360F9F78EFA602120461CF05DF958
:10BA8000204610BD40ED0690D0E902239B1A1C2BE6
:10BA900000D8704770B5044610682DED088BF9F793
:10BAA0009FFEA368B0EE40AA5868F9F799FEA36814
:10BAB000F0EE409A9868F9F793FEA368B0EE40BAAA
:10BAC000D868F9F78DFEA368F0EE408A1869F9F797
:10BAD00087FEA368F0EE40AA5869F9F781FEA368D3
:10BAE000B0EE408AD3E90650F9F77AFE206DB0EE49
:10BAF000409A20B1F8F7A6FE072800F2BA80606DE0
:10BB000018B1F8F79FFE052868D8A06D18B1F8F7AE
:10BB100099FE042826D8E06D08B3DFED857A9FED05
:10BB2000850AAAEEA70AFDF777FBDFED837A9FED82
:10BB3000830AE06DA8EE270AFDF784FBDFED807A2B
:10BB40009FED800AE06DA8EE670AFDF791FBE06DBE
:10BB5000BDEC088B0368BDE870405B691847BDEC1D
:10BB6000088B70BD0021A06DF8F762FE0368B0EE8F
:10BB70006A0A1B6998470121A06DF8F759FEDFEDAD
:10BB80006F7A03689FED700A1B69A8EE270A984731
:10BB90000221A06DF8F74CFE0368B0EE080A1B699D
:10BBA00098470321A06DF8F743FE064628B10368C5
:10BBB0009B689847012800F0AE800421A06DF8F73B
:10BBC00037FE054628B103689B689847022800F0B5
:10BBD0009D80A06D03685B6998479CE70021606DBC
:10BBE000F8F726FEDFED597A03689FED590A1B69C5
:10BBF000ABEE270A98470121606DF8F719FEDFEDDB
:10BC0000557A03689FED500A1B69ABEE270A9847E7
:10BC10000221606DF8F70CFE0368B0EE680A1B693C
:10BC200098470321606DF8F703FEDFED427A036861
:10BC30009FED490A1B69ABEE270A98470421606D06
:10BC4000F8F7F6FDDFED457A03689FED450A1B69BD
:10BC5000ABEE270A98470521606DF8F7E9FD036808
:10BC60009FED400A1B699847606D03685B699847C0
:10BC70004BE70021206DF8F7DBFD0368B0EE4A0AC0
:10BC80001B6998470121206DF8F7D2FD03689FEDED
:10BC9000360A1B6998470221206DF8F7C9FD036831
:10BCA0009FED320A1B6998470321206DF8F7C0FD0C
:10BCB00003689FED2F0A1B6998470421206DF8F750
:10BCC000B7FD03689FED2B0A1B6998470521206D7E
:10BCD000F8F7AEFD0368B1EE690A1B6998470621C3
:10BCE000206DF8F7A5FD03689FED1E0A1B699847B4
:10BCF0000721206DF8F79CFD0368B0EE490A1B6927
:10BD00009847206D03685B699847F8E6002128464C
:10BD1000F9F7F0FF5DE7336828461D69FAF7EEF89A
:10BD20003046A84700213046FAF7B2F845E700BF91
:10BD30008FC2753E0AD7A33DAE47613E3333333FD2
:10BD40000080BB4400805445CDCCCC3DEC51383E06
:10BD50008FC2753D0AD7A33E0AD7233C3333B33F86
:10BD60009A99993F0000000085EB513F00009644EE
:10BD7000EC51B83D295C0F3E38B500221A49044603
:10BD8000F9F7F4FB194BE42023601BF0DAFF0546BA
:10BD9000FEF7B6FD44F2440025651BF0D2FF0546D0
:10BDA000FCF796FFFC2065651BF0CBFF0546FBF713
:10BDB000A5FB4820A5651BF0C4FF0546FDF70CFA5E
:10BDC000216D2046E565F9F7E7FB616D2046F9F73F
:10BDD000E3FBA16D2046F9F7DFFB2046E16DF9F7A3
:10BDE000DBFB204638BD00BF50DA069040ED0690E0
:10BDF0002DE9F0432DED028B83B004460026F9F7C0
:10BE0000DFF99FED7B8A30201BF09BFF0546324611
:10BE1000F7EE000A9FED771AB0EE480A3346009617
:10BE200075494FF00208F9F79DFD29462046DFEDE0
:10BE3000738AF8F77DFCE3680121012553F8040CAF
:10BE4000F9F710FDE368B0EE680A53F8040CF9F74F
:10BE50000BFD30201BF075FF07462B462A469FED51
:10BE6000681ADFED680A9FED680A00956749F9F7DF
:10BE700079FD39462046F8F75BFC30201BF061FF66
:10BE800007463246F7EE000A9FED611AB0EE480A07
:10BE900043466049CDF80080F9F764FD39462046F5
:10BEA000F8F746FCE368294653F8040CF9F7DAFC86
:10BEB000E368B0EE680A53F8040CF9F7D5FC3020BB
:10BEC0001BF03FFF032307462A4600939FED521ABB
:10BED000DFED520A9FED520A5249F9F743FD394608
:10BEE00020460427F8F724FC30201BF02AFF814667
:10BEF00032469FED4D1ADFED4D0AB0EE480A3B4643
:10BF00004B490097F9F72EFD49462046F8F710FCFB
:10BF1000E368294653F8040CF9F7A4FCE368B0EE93
:10BF2000680A53F8040CF9F79FFC30201BF009FF56
:10BF3000052381463246F6EE080A9FED3E1AB0EE22
:10BF4000480A00933C49F9F70DFD49462046F8F7A9
:10BF5000EFFBE368294653F8040CF9F783FCE36828
:10BF6000B0EE680A53F8040CF9F77EFC44201BF08D
:10BF7000E8FE062332460646F7EE001A9FED2F1A1A
:10BF8000DFED2F0A9FED2F0A00932F492F4BF9F772
:10BF900039FF31462046F8F7CBFB38201BF0D1FEA5
:10BFA0002A460546F7EE001AB0EE001A0723F0EE17
:10BFB000080A2749B0EE480AF9F704FE2946204648
:10BFC000F8F7B6FBE368414653F8040CF9F74AFC6E
:10BFD000E3683A461F4953F8040CF9F749FC236813
:10BFE00020465B6903B0BDEC028BBDE8F043184707
:10BFF0000000000052B81E3F5CDA06900000C84204
:10C0000000808944008022450000964368DA06904B
:10C01000CDCC4C3E74DA0690295C0F3ECDCC4C3F23
:10C02000CDCC4C3D80DA0690AE47613E6666263F39
:10C030008CDA06907B14AE3E94DA069000006643DC
:10C040000000E1430000A04280D8069074D806901A
:10C05000D8D90690BC0000240346406D83ED070A42
:10C0600010B103689B691847704700BF034B10B5B8
:10C0700004460360F8F78EFF204610BD74ED06906D
:10C08000054B10B504460360F8F784FF6021204695
:10C090001BF053FE204610BD74ED069010B5002233
:10C0A00007490446F9F762FA00224FF0FF330549C9
:10C0B0002046C4E914222160C4E9163310BD00BF34
:10C0C000A0DA069074ED069070B50446E4202DEDDC
:10C0D000028B84B084ED060AB0EE408A1BF031FE7C
:10C0E0000546FEF70DFC204629462565F9F754FA6A
:10C0F000FC201BF026FE0546FBF700FA20462946E9
:10C100006565F9F749FAB0EE480A20466FF0010577
:10C11000F9F756F830201BF014FE00230646F7EE20
:10C12000000A1A469FED6D1A9FED6D0A6D49009544
:10C13000F9F718FC31462046F8F7FAFA30201BF0E0
:10C1400000FE012306469FED681A1A46DFED670AD6
:10C150009FED670A67490095F9F704FC31462046D0
:10C16000F8F7E6FA30201BF0ECFD064602239FEDBF
:10C17000621ADFED620A00229FED610A61490095B3
:10C18000F9F7F0FB31462046F8F7D2FA30201BF0E1
:10C19000D8FD064603239FED5C1ADFED5C0A002202
:10C1A0009FED4F0A5A490095F9F7DCFB31462046CE
:10C1B000F8F7BEFA30201BF0C4FD064604239FEDBD
:10C1C000551ADFED550A00229FED450A53490095A7
:10C1D000F9F7C8FB31462046F8F7AAFA44201BF0CD
:10C1E000B0FD00950546F7EE001AB2EE040A9FED89
:10C1F0004C1ADFED4C0A00224B4B4C49F9F702FE7A
:10C2000028460121F9F744FE29462046F8F790FA1E
:10C2100005234020A3651BF094FD4FF0FF32444BF3
:10C2200005464449CDE90132434A042300920122E4
:10C23000F9F720FD20462946F8F77AFA0623606DC3
:10C24000E36548B1F8F7FEFA02282FD8606D18B1FF
:10C25000F8F7F8FA042808D8236820465B6904B088
:10C26000BDEC028BBDE8704018470421606DF8F703
:10C27000DFFA054620B103689B689847022827D05B
:10C28000606DF8F7DFFA0328E6D90321606DF8F74F
:10C29000CFFA05460028DFD003689B68984701283D
:10C2A000DAD101462846F9F7F3FDD5E70221606DA2
:10C2B000F8F7BEFA05460028C8D003689B6898477F
:10C2C0000028C3D19FED1D0A2846F9F759FBBDE7A9
:10C2D00001212846F9F70EFDD2E700BFAE47613FC6
:10C2E000000000005CDA069000002A440000C84408
:10C2F00000007A43A4DA06900000964400800945C5
:10C3000000009643B0DA0690E17A143FCDCC4C3F62
:10C31000B8DA0690B81E853E6666263FC4DA0690F7
:10C3200000000B440000FA4474D8069080D80690B0
:10C33000D4DA069088D80690DCDA0690ABAAAA3E3A
:10C34000F0B5856D0446002D2DED068B83B080F28F
:10C350009D8000252E462046F8F774FA06281ED840
:10C36000002E7DD0002D7BD02846F9F7BFFC054676
:10C370003046F9F7ABFDA84240F0EF803046F9F7C0
:10C38000A7FD2368974AB0EE407A9B69DFED967A65
:10C39000934287EE270A6AD0204698476EE0002134
:10C3A0002046F8F745FAF9F71BFA01212046B0EECE
:10C3B00040AAF8F73DFAF9F713FA02212046F0EE09
:10C3C000409AF8F735FAF9F70BFA03212046B0EE58
:10C3D000409AF8F72DFAF9F703FA04212046F0EE17
:10C3E000408AF8F725FAF9F7FBF9206DB0EE408A9C
:10C3F000002865D1606D0028B2D0F8F723FA042830
:10C40000AED99FED7A7A0021DFED797ADFED796A96
:10C41000E8EE077A9FED789A606DA8EEA69AF0EEA6
:10C42000678AF8F705FA0368B0EE490A1B6998476E
:10C430000121606DF8F7FCF90368B0EE680A1B692A
:10C4400098470221606DF8F7F3F90368B0EE000A2F
:10C450001B699847002E40F0A580002D40F0868093
:10C460002368B0EE000A5F4A9B69934294D1606DE5
:10C4700084ED070A10B103689B699847204603B012
:10C48000BDEC068BBDE8F040F8F7CCBDF8F7DAF963
:10C490008542BFF65EAFE56D002DFFF65AAF204630
:10C4A000F8F7D0F98542BFF654AFA16D2046F8F7F2
:10C4B000BFF9E16D06462046F8F7BAF905464AE7A6
:10C4C000F8F7C0F9072895D90021206DF8F7B0F9E1
:10C4D0000368B0EE4A0A1B6998470121206DF8F7FE
:10C4E000A7F903689FED450A1B6998470221206D53
:10C4F000F8F79EF90368B0EE690A1B6998470321B3
:10C50000206DF8F795F903689FED3D0A1B69984780
:10C510000421206DF8F78CF903689FED3A0A1B6936
:10C5200098470521206DF8F783F90368B0EE490AB2
:10C530001B6998470621206DF8F77AF903689FED8B
:10C54000320A1B6998470721206DF8F771F90368D3
:10C55000B7EE000A1B6998474CE729463046F9F7C1
:10C5600097FCA16D2046F8F7A1F907E7606DF8F791
:10C5700069F904287FF6F4AE0421606DF8F758F9E4
:10C58000074600283FF4ECAE03689B6898470228F2
:10C590007FF4E6AE2846F9F7A9FB01463846F9F7DD
:10C5A000A9FBDDE6606DF8F74DF903287FF655AF7E
:10C5B0000321606DF8F73CF9074600283FF44DAFC2
:10C5C00003689B68984701287FF447AF3B68304673
:10C5D0001B690193F9F792FC3846019B9847002D9F
:10C5E000C4D13DE759C00490000070423D0AD73ED7
:10C5F0000AD7233EB81E053F295C8F3E6666663F1C
:10C60000295C8F3DCDCC4C3D00000000704700BF41
:10C61000034B10B504460360F8F76EF8204610BDD2
:10C62000A8ED0690054B10B504460360F8F764F8D2
:10C63000C02120461BF081FB204610BDA8ED0690CE
:10C6400070B5044630206FF001052DED028B9FED93
:10C65000778A82B084ED060A84ED0C8A84ED0D8A17
:10C6600084ED1C8A84ED1D8A84ED0E8A84ED0F8A88
:10C6700084ED1E8A84ED1F8A84ED108A84ED118A70
:10C6800084ED208A84ED218A84ED128A84ED138A58
:10C6900084ED228A84ED238A84ED148A84ED158A40
:10C6A00084ED248A84ED258A84ED168A84ED178A28
:10C6B00084ED268A84ED278A84ED188A84ED198A10
:10C6C00084ED288A84ED298A84ED1A8A84ED1B8AF8
:10C6D00084ED2A8A84ED2B8A1BF033FB0023064667
:10C6E000B6EE001A1A46F7EE000AB0EE480A5049B4
:10C6F0000095F9F737F931462046F8F719F8302058
:10C700001BF01FFB0646B6EE081A0123F7EE000ADF
:10C710000022B0EE480A47490095F9F723F931465F
:10C720002046F8F705F830201BF00BFB0646F1EE2B
:10C73000000A02239FED401A01229FED400A404962
:10C740000095F9F70FF931462046F7F7F1FF302051
:10C750001BF0F7FA064603239FED3A1ADFED3A0A7B
:10C7600000229FED3A0A3A490095F9F7FBF8314665
:10C770002046F7F7DDFF30201BF0E3FA06460423DE
:10C780009FED341ADFED340A01229FED340A34495B
:10C790000095F9F7E7F831462046F7F7C9FF38204A
:10C7A0001BF0CFFA06462B46F7EE001AB1EE001A40
:10C7B0000022F2EE000A2B49B0EE000AF9F702FA65
:10C7C00031462046F7F7B4FF38201BF0BAFA2B4663
:10C7D0000546F7EE001AF0EE080A0122B0EE481AFC
:10C7E0002149B0EE480AF9F7EDF929462046F7F756
:10C7F0009FFFE368022153F8040CF9F733F8E3686C
:10C8000004221A4953F8040CF9F732F82368184A3D
:10C810005B69934203D102B0BDEC028B70BD204630
:10C8200002B0BDEC028BBDE870401847000000006C
:10C83000FCD7069004D806909A99993E0AD7A33C53
:10C8400010D806903333B33E3333733F333373BF63
:10C8500018D806900000E1430000964400001643FB
:10C86000E4DA0690F4DA069030D80690CC00002482
:10C870000DC604902DE9F0470746007D8846154611
:10C880001C462DED108B84B068B93BB101EB8302DF
:10C8900051F8043B8A4245F8043BF9D104B0BDECA1
:10C8A000108BBDE8F087F7EE00AABB689FEDE68A23
:10C8B000B0EE00BA1868F8F793FFB4EEEA0ABB6866
:10C8C000F1EE10FA58687AFE809AF4EEC89AF1EE0A
:10C8D00010FA79FE889AF8F783FFB4EEEA0ABB688B
:10C8E0009868F1EE10FA7AFE807AF4EEC87AF1EEEA
:10C8F00010FA37FE888AF8F773FFBB68B0EE409AEB
:10C90000D868F8F76DFFBB688DED010A1869F8F774
:10C9100067FFBB68F0EE408A5869F8F761FFF2EEF6
:10C92000007ABB68B4EEE70A9869F1EE10FA77FE78
:10C93000807AF4EECB7AF1EE10FA77FE8B7AFDEE88
:10C94000E77A17EE909AF8F74BFFFDEEC07A97ED75
:10C9500006DA4B4689EE0DCA022B17EE90AAB8BF35
:10C960000223002C9AD09FEDAD7A06EE903AB0EEFD
:10C970006A6A9FEDABAAF0EE047ADFEDAA5AB0EE38
:10C980006A4A08EB8404A8EE476A9FEDA77AB8EEDE
:10C99000E69ADFEDA66AA8EE274AD7ED2C7A8BEE51
:10C9A000095A9FEDA3BA28EE866ACAEE894AB4EE08
:10C9B000CA6A68EE848AF1EE10FA3AFE06AAB4EE6C
:10C9C000C7AAB0EE4B6AA5EE25BAF1EE10FAF4EE66
:10C9D000E68AA4EEA56A3AFE07AA3AEE2A7AF1EEB2
:10C9E00010FA76FEA86AB4EEE67A8DED026AF1EEF0
:10C9F00010FA58BFF0EE476A36EECA7A8DED037A28
:10CA0000B7EE007AF4EEC77AF1EE10FA11DBB7EE6A
:10CA1000007A77EEC77AF4EEC77AF1EE10FAF6DA1A
:10CA2000F5EEC07AF1EE10FA08D5B7EE007A77EE9F
:10CA3000877AF5EEC07AF1EE10FAF6D4BAF1020F69
:10CA400000F06682BAF1030F00F08882BAF1010F9C
:10CA500040F0718277EEA77AF7EE006A37EEA77A98
:10CA6000F4EEE67AF1EE10FA00F1A282B0EE08EAF6
:10CA7000F6EE007A3EEE47EA3EEE26EA2EEE27EA92
:10CA8000DDED037A2EEE27EA3AEE0EEA9DED027A0C
:10CA9000DFED688AF3EE04BA98ED006AF7EE00CA9B
:10CAA0006DEE288AD7ED2E7A2EEE070A9DED017ADB
:10CAB000DFED61EA4646A7EE276ADFED60DAF4EEC5
:10CAC000C08ADFED5FAAF1EE10FAB0EE468A48BFE9
:10CAD000B0EE680AB4EEEB0AF1EE10FA30FE2B0A63
:10CAE00020EE2E0A80EE0D0A1BF028FA97ED0DFAC3
:10CAF0003CEEC05A30EE2C0A2EEE0B6AC5EE005A00
:10CB0000F4EEED5AF1EE10FA7DFEA55AF4EEEA5A73
:10CB1000F1EE10FAF4EEC68A75FEAA5AA5EEC8FA2E
:10CB2000F1EE10FAC7ED0C5A54BFB0EE460AB0EE63
:10CB3000680AB0EE486AB4EEEB0AAFEE256AF1EE91
:10CB400010FA30FE2B0A20EE2E0A87ED0D6A80EED9
:10CB50000D0A1BF0F3F997ED0F8A7CEEC05A30EE08
:10CB60002C0A85EE806AF0EE4F5AB4EEED6AF1EED3
:10CB700010FA3DFE866AB4EEEA6AF1EE10FA36FE6D
:10CB80002A6AA6EE4F8AB9F1020F87ED0E6AE8EE27
:10CB9000065AC7ED0F5A40F38E81F0EE085A9FED0A
:10CBA00024FADFED20FAB0EE4F0A85EE896AA6EE90
:10CBB0002F0A2EEE000AB4EEE80AF1EE10FA38FE63
:10CBC000800AB4EEEB0AF1EE10FA30FE2B0A20EEEA
:10CBD0002E0A80EE0D0A1BF0B1F9D7ED115A3CEE8A
:10CBE000C05A30EE2C0A85EE006AB4EEED6AF1EE22
:10CBF00010FA3DFE866AB4EEEA6AF1EE10FA36FEED
:10CC00002A6AE6EE485AB9F1030F87ED106AA6EEDC
:10CC1000258A87ED118A40F3AF8117E09A99593F31
:10CC20000080BB456666663F000020420000FA4572
:10CC30006666263F6666E63EDB0F494048E17A3F7E
:10CC400048E17ABFDB0FC94000000000B1EE005A96
:10CC5000CDED005AB0EE4F0A85EE096AA6EE2F0A16
:10CC60002EEE000AF4EEC08AF1EE10FA48BFB0EEE4
:10CC7000680AB4EEEB0AF1EE10FA30FE2B0A20EE51
:10CC80002E0A80EE0D0A1BF059F997ED138ADDED9F
:10CC9000005A3CEEC05A30EE2C0A85EE006AB4EE23
:10CCA000ED6AF1EE10FA3DFE866AB4EEEA6AF1EE44
:10CCB00010FA36FE2A6AA6EE658AB9F1040F87EDEE
:10CCC000126AE6EE085AC7ED135A40F3F480F1EE0B
:10CCD000045AB0EE4F0A85EE896AA6EE2F0A2EEEB0
:10CCE000000AF4EEC08AF1EE10FA48BFB0EE680A0E
:10CCF000B4EEEB0AF1EE10FA30FE2B0A20EE2E0A0B
:10CD000080EE0D0A1BF01AF9D7ED155A3CEEC05A09
:10CD100030EE2C0A85EE006AB4EEED6AF1EE10FA00
:10CD20003DFE866AB4EEEA6AF1EE10FA36FE2A6A31
:10CD3000E6EE485AB9F1050F87ED146AA6EE258A8A
:10CD400087ED158A40F31881B1EE086ACDED005ADF
:10CD500086EE095AB0EE4F6AA5EE2F6A2EEE066AED
:10CD6000F4EEC68AF1EE10FA48BFB0EE686AB4EE8F
:10CD7000EB6AF1EE10FA36FE2B6A26EE2E0A80EEF2
:10CD80000D0A1BF0DBF897ED178ADDED005A3CEE3B
:10CD9000C05A30EE2C0A85EE006AB4EEED6AF1EE70
:10CDA00010FA3DFE866AB4EEEA6AF1EE10FA36FE3B
:10CDB0002A6AA6EE658AB9F1060F87ED166AE6EED5
:10CDC000085AC7ED175A76DDB1EE0C6AC6EE095A5D
:10CDD000B0EE4F6AA5EEAF6A2EEE066AF4EEC68A92
:10CDE000F1EE10FA48BFB0EE686AB4EEEB6AF1EE0D
:10CDF00010FA36FE2B6A26EE2E0A80EE0D0A1BF084
:10CE00009DF87CEEC05A30EE2C0A85EE806AD7ED94
:10CE1000195AB4EEED6AF1EE10FA3DFE866AB4EEF0
:10CE2000EA6AF1EE10FA36FE2A6AE6EE485AB9F1DD
:10CE3000070F87ED186AA6EE258A87ED198A40F359
:10CE40009B80B2EE005ACDED005A85EE096AA6EE3F
:10CE50002FFA2EEE0FEAB4EEE8EAF1EE10FA78FEC1
:10CE60008E8AF4EEEB8AF1EE10FA78FEAB8A28EEA9
:10CE7000AE0A80EE0D0A1BF061F897ED1B8ADDED1E
:10CE8000005A7CEEC06A30EE2C0AC6EE807AF4EED0
:10CE9000ED7AF1EE10FA7DFEA77AF4EEEA7AF1EE81
:10CEA00010FA77FEAA7AA7EEE58AC7ED1A7AE8EEBD
:10CEB000275AC7ED1B5AB7EE007A87ED2E8A69EE26
:10CEC000887A96ED006A08F1040877EE696AE6EE62
:10CED000267AE5EC017AD7ED2C7A7CEE277AF4EE0F
:10CEE000C77AF1EE10FA4DDBB7EE007A77EEC77A2B
:10CEF000F4EEC77AF1EE10FAF6DAA045C7ED2C7A17
:10CF00003FF4CCACBAF1020F97ED06DA7FF49AAD9C
:10CF1000F0EE005ABFEE007AB7EE006AF6EE006A55
:10CF2000A7EEA57ADDED037A37EE06EA2EEE26EAC5
:10CF30002EEE27EAA8E51FEDBD0A27EE800A1BF0BA
:10CF40009FFAB7EE007AF6EE007A30EE07EA2EEEA0
:10CF500027EADDED037A2EEE27EA95E5B6EE007AB4
:10CF6000F4EEC77AF1EE10FA09D41FEDC9EADDED4F
:10CF7000037A27EE8EEA87E5B0EE658A9BE79DEDA2
:10CF800003EA81E5F5EEC07AF1EE10FAB5D5B7EE19
:10CF9000007A77EE877AF5EEC07AF1EE10FAF6D4E1
:10CFA000A045C7ED2C7A3FF479AC97ED06DA27E57A
:10CFB00077EE667AB6EE007A77EEA67A67EE877A33
:10CFC0009DED037A27EE87EA5EE500BF2DE9F04F7D
:10CFD0001746027D0E4698462DED108B89B0DDF880
:10CFE0008CA0A2B9BAF1000F0CD0229906EB8A0AE4
:10CFF00056F8043B48F8043BB24557F8043B41F867
:10D00000043BF5D109B0BDEC108BBDE8F08FB7EE55
:10D0100000AA836804469FEDE58A1868B2EE009A7C
:10D02000F8F7DEFBB4EECA0AA368F1EE10FA58680E
:10D030007AFE00AAF4EEC8AAF1EE10FA7AFE88AAE7
:10D04000F8F7CEFBB4EECA0AA3689868F1EE10FABE
:10D050007AFE007AF4EEC87AF1EE10FA37FE888A8A
:10D06000F8F7BEFBA368B0EE40BAD868F8F7B8FB93
:10D07000A3688DED030A1869F8F7B2FBA368F0EE18
:10D08000409A5869F8F7ACFBB4EEC90AA368F1EE10
:10D0900010FA986939FE009AF8F7A2FBD4ED068AD7
:10D0A000F0EE007A8BEE285AB4EEE79AF1EE10FA21
:10D0B00039FE279AFDEEC97A17EE905AFDEEC07A36
:10D0C000022D8DED045A17EE909AB8BF0225BAF1E1
:10D0D000000F97D0F0EE4A6ADFEDA87AF0EE045A1E
:10D0E000DFEDA7BAB0EE4A7A9FEDA66AE8EE676A6E
:10D0F000DFEDA57ADFEDA5CA06EB8A03A8EE257A57
:10D1000065EE2C5A0793229B69EEA66ACDED065A6E
:10D11000009369EE879A94ED2C7AF4EEEB6AF1EEC7
:10D1200010FA7BFEA6BAF4EEC6BAF1EE10FAF4EEEF
:10D13000E79A3BFE866A76EE0A6AF1EE10FA8DED0A
:10D14000056A77FEA97AF4EEE76AF1EE10FAB4EE1A
:10D15000CA7A58BFF0EE667AF1EE10FA37EEC6BA28
:10D16000C0F2838107EE905AB8EEE7AAF7EE007A94
:10D1700037EE677AB4EEE77AF1EE10FAF6DAB9F143
:10D18000020F94ED2D8A00F07F81B9F1030F00F0BA
:10D19000D881B9F1010F40F0A88137EE077AF7EE98
:10D1A000007A37EE070AB4EEE77AF1EE10FA00F1F2
:10D1B0001982B4EEE78AB0EE087AF1EE10FA37EE93
:10D1C000400AC0F21782F7EE007A38EE678AB4EEB2
:10D1D000E78AF1EE10FAF6DAB7EE009AB9F1020F2B
:10D1E000F6EE007A30EE099A29EE279A29EE0B9A8C
:10D1F00000F0C981B9F1030F00F0B981B9F1010F55
:10D2000040F08E8138EE088AB7EE007A78EE087A20
:10D21000B4EEC78AF1EE10FA00F1D981F0EE089A67
:10D22000F6EE006A79EEE79A79EE879A69EEA69AA9
:10D2300069EE8B9ADDED036AA24694ED2E7A4FF0EB
:10D24000000B96ED00FAD4ED2F7AD7ED00EAA6EEAA
:10D2500087FADFED4FFAE6EEA7EADDED057A68EE34
:10D26000AFFA37EE899A77EEA99ACDE901760BF1FC
:10D27000010B9FED487A9FED488AF3EE04BA07EE62
:10D2800090BA9FED46CAF7EE00CADFED45DAF8EE38
:10D29000E75A9FED44DA0AF1080A85EE8A6AA6EE9B
:10D2A000078A29EE080A29EE888AB4EEEF0AF1EE21
:10D2B00010FA3FFE800AB4EEEB0AF1EE10FA30FEEF
:10D2C0002B0A20EE0C0A80EE280A1AF037FE7CEEBC
:10D2D000C05A30EE2C0A85EE80EAB4EEEDEAF1EEAB
:10D2E00010FA3DFE8EEAB4EECDEAF1EE10FAB4EE9D
:10D2F000EF8A3EFE0DEA8AED0AEAF1EE10FA3FFEF1
:10D30000888AB4EEEB8AF1EE10FA38FE2B8A28EE0A
:10D310000C0A80EE280A1AF011FEDAED0B5A9AED8B
:10D320001B5AEEEE4F5A7CEEC04A30EE2C0AF0EE5D
:10D330004F6AF0EE6E7AB0EE65FAC4EE805AEFEE08
:10D340000E6ACAED0B6AF4EEED5AF1EE10FA7DFEAC
:10D35000A5DAF4EECDDAF1EE10FA7DFE8DDAADEE5F
:10D36000EE5A5D45CAED1ADAE5EE2D7AF0EE45EAA1
:10D37000CAED1B7A7FF47BAF1AE000BF9A99593F40
:10D380000080BB45000020420000FA45AE47813FC7
:10D390006666E63E6666663F6666263FDB0F494088
:10D3A00048E17A3F48E17ABFDB0FC9400000000046
:10D3B000029B7CEEEA6A6AEE8F7A84ED2EFA84EDA7
:10D3C0002F5A6AEE85EA93ED006A0436019B043712
:10D3D000E6EE267A9DED047AE8EC017AD3ED007A48
:10D3E000009BE6EEA7EAE3EC01EAD4ED2C7A009389
:10D3F00077EE277AF4EEEC7AF1EE10FA65DBB7EE11
:10D40000007A77EEC77AF4EEC77AF1EE10FAF6DA20
:10D4100094ED2D7AF7EE006A9DED066AC4ED2C7A44
:10D4200036EE077AB4EEE67AF1EE10FA57DBF7EE55
:10D43000006A37EE667AB4EEE67AF1EE10FAF6DAC2
:10D44000079B84ED2D7AB3423FF4DCADB7EE007A52
:10D45000F4EEC77AF1EE10FAC0F2DB80D4ED068A62
:10D4600084E6F7EE007A37EE277AB5EEC07AF1EE71
:10D4700010FAF6D407EE905AB9F1020F94ED2D8A06
:10D48000B8EEE7AA7FF481AEF7EE007AF0EE006A1C
:10D49000BFEE000AB4EEE78AA7EE260AF1EE10FA14
:10D4A000BFF691AEB5EEC08AF1EE10FA6BD5F7EE8D
:10D4B000007A38EE278AB5EEC08AF1EE10FAF6D47B
:10D4C0008AE6B7EE007A77EE877AF5EEC07AF1EE6B
:10D4D00010FAF6D49CE7F7EE006A37EE267AB5EE3E
:10D4E000C07AF1EE10FAF6D4AAE71FED510A27EE42
:10D4F000000A1AF0C5FFF7EE007AB4EEE78AF1EE03
:10D5000010FABFF660AEB5EEC08AF1EE10FACED4D6
:10D5100070EE277AB6EE007A67EE877A27EE8B9A5E
:10D520001FED5F0A28EE000A1AF0AAFFB7EE007A94
:10D53000F6EE007A70EE079A69EEA79A69EE8B9A7A
:10D5400078E6F6EE007AB4EEE77AF1EE10FA34D52A
:10D55000B7EE000AB4EEC08AF1EE10FABFF633AEB1
:10D56000B5EEC08AF1EE10FAA1D4B0EE4B9AF6EE09
:10D57000007AB4EEE78AF1EE10FA1BD45FED759AEB
:10D580006BEE299A56E6F0EE006AFFEE009AB7EECF
:10D59000007AF6EE007AE8EE269A30EE070A20EEE0
:10D5A000270A79EE879A20EE0B9A69EEA79A69EE20
:10D5B0008B9A3FE6F0EE4B9A3CE6F7EE007AB4EE3B
:10D5C000E78AF1EE10FA29DBBFEE000AFBE577EE01
:10D5D000C77AF6EE006A77EE877A67EEA67A67EE8C
:10D5E0008B9A27E6B4EEE78A30EE670AF1EE10FA7E
:10D5F000BFF6E9ADB5EEC08AF1EE10FA3FF557AFD0
:10D6000070EE277AB6EE007A67EE877A27EE8B9A6D
:10D61000F8E5B0EE677AD4ED068AB0E51FED9D9A85
:10D62000B4EEC98AF1EE10FA02D5BFEE000A3EE769
:10D630002BEE099A9BE700BF10B504460E49F7F799
:10D6400035F80E4B20464022002140F8303B1DF0BB
:10D6500034FE4022002104F170001DF02EFE002354
:10D660004FF07A522046C4F8B030C4F8B420C4F861
:10D67000B830C4F8BC3010BD00DB0690A8ED0690B1
:10D6800038B5144B0446C56C03607DB1A86C18B165
:10D69000296D091A1AF051FBE86918B1696A091A6B
:10D6A0001AF04BFB902128461AF047FB256D5DB11F
:10D6B000D5F8880020B1D5F89010091A1AF03DFB72
:10D6C000A82128461AF039FB2046F7F715F820461E
:10D6D00038BD00BFDCED0690D0E90232934207D09E
:10D6E00010B504461868F8F77BF884ED0C0A10BDF5
:10D6F000704700BF38B5164B0446C56C03607DB15A
:10D70000A86C18B1296D091A1AF017FBE86918B14D
:10D71000696A091A1AF011FB902128461AF00DFBCC
:10D72000256D5DB1D5F8880020B1D5F89010091AA3
:10D730001AF003FBA82128461AF0FFFA2046F6F754
:10D74000DBFF204654211AF0F8FA204638BD00BF0E
:10D75000DCED0690000000002DE9F0430646302085
:10D760002DED088B89B086ED060AB0EE408A1AF0DE
:10D77000E8FA00236FF0010204469FEDD31ADFEDB3
:10D78000D30A9FEDD30AD34900921A46F8F7EAF874
:10D7900021463046F6F7CCFF90201AF0D2FADFEDA2
:10D7A000CE7A0023002168EE277ACC4A0372044621
:10D7B000C360FCEEE77A0160426017EE903A1F33D7
:10D7C0005F2B00F2E6812022402300212361012308
:10D7D000C4E90611C4E908115B009342FCD300229E
:10D7E000591E029207926161CDE90322BC4A93421D
:10D7F00000F2EE8103EB43034FEAC30808F1180976
:10D8000040461AF09EFA8646814400F1180C4FF00B
:10D81000004302AFACF118050CF1180CCDE905334B
:10D820000FCFE1450FC597E8030085E80300EED16F
:10D8300000220EEB0803DFEDAB7A0027226368EECF
:10D84000277A6263E2632522A7496264FCEEE77AE5
:10D85000C4F81CE0A76284F82C702765C4ED107A28
:10D86000A163C4E90833236903F11F025209C4E923
:10D87000127740F0938107EE903AB0EE004B5B08D0
:10D880009FED9A6AB8EE675B002506EE903A4FF07E
:10D890000008954AA82084EE057BA365226684EDE6
:10D8A000228AF464F8EEE66AE5662567656766EE47
:10D8B000866AA567E567C4F88050C4ED176AC4F8A6
:10D8C0008450C4F88C80C4E91988B7EEC77B84ED16
:10D8D000157A1AF036FAB7EEC89A854B04469FEDD2
:10D8E000707B036087EE09BBB0EE4B0B1AF094FA25
:10D8F000B0EE40ABB0EE4B0B1AF04EFADFED7D6AA6
:10D90000B7EE00BB4FF0804386EE886AA561A36244
:10D91000E56125626562B0EE407B6563A5639FEDBE
:10D92000625B9FED630B8AEE054B37EE0B5B84ED7C
:10D930000B6AB7EEC66AB8EE00AB26EE000B27EE18
:10D940000A7B34EE0B6B3BEE444B84EE063BB7EEAA
:10D95000C33B84ED053AB6EE003B25EE033BB1EE4A
:10D96000455B85EE064B83EE065BB7EEC44B84ED5C
:10D97000024AF7EEC55BC4ED015AC4ED035A87EEC7
:10D98000065BB7EEC55B84ED045A1AF085FA30EEFB
:10D99000006B30EE0B0B9FED587ADFED582AF1EE5D
:10D9A000087A28EE077A002286EE005B9FED543A53
:10D9B000A564C4F84C80E563BCEEC77A256428EE04
:10D9C000228A6564F0EE083A656517EE103A84F82D
:10D9D0007480BCEEC87AC4F88480A4F85030494BF7
:10D9E00017EE107AC4F890809FED334BC4E91823EA
:10D9F000454B012F29EE044B444AA366444B226752
:10DA0000A367444B8AEE046BE367C4E92288B7EE50
:10DA1000C55B84ED0C5AB7EEC66BF0EE676A36EE66
:10DA2000237AE6EE076AE6EE267A67EE837AC4ED9D
:10DA3000167A40F2C980012252009742FCD8531E48
:10DA4000B2F1005FC4F8803080F0C28095002846B3
:10DA50001AF077F92A460021804605441DF02DFC76
:10DA6000B8EE003B0023F1EE087A3168B0EE087A98
:10DA7000DFED234A49690022C4F898307363B36329
:10DA8000B364254B25489942C4F88880C4F8947043
:10DA9000F0633465326486F844209FED096B3FE003
:10DAA0005E3855297A6A6F4039B4C876BE9FF63F12
:10DAB000182D4454FB2109409A9999999999993FB5
:10DAC000FCA9F1D24D62403F0000DC430000E1437D
:10DAD0000000D74308DB0690CDCC4C3D9C44B8BB3E
:10DAE000555555053EC32E3A000080BF6F12033CCA
:10DAF0009BE8A13E008040448FC2753C6F12033A00
:10DB0000AAAA2A3E00003BC05555553F00002041BF
:10DB10009C44B83B2815E93AD9D60490B4D606906F
:10DB20009FED2D5BC4E9235529EE066B29EE059B7D
:10DB300083EE065B83EE096BB7EEC55BF0EE675ACA
:10DB4000B7EEC66B75EE076A36EE077AE5EE265A33
:10DB5000F0EE676AE6EE076AB0EE677AA5EE257A20
:10DB6000E6EE267A27EE247A67EEA47A84ED277A09
:10DB7000C4ED287A21D1D6E902329A4204D018683D
:10DB8000F7F72EFE86ED0C0A09B0BDEC088BBDE858
:10DB9000F0835A0923F01F03120116E69500284668
:10DBA0001AF0CFF839462A46074605441DF085FB92
:10DBB00023692565C4E912755DE6304609B0BDEC00
:10DBC000088BBDE8F04308470425C4F880803EE791
:10DBD00003481AF0D1F800BF7B14AE47E17A843FC6
:10DBE00014DB069090ED0D7AD0ED0C7ADFED916AA2
:10DBF000F4EEC77A2DE9F04FF1EE10FAD0F80CE010
:10DC00002DED068B77FE877ABEF1010F27EEA68AEF
:10DC100099B040F27783826C4FF0010CC36C416C79
:10DC20009B1A08921791C3F3D9034169D0ED047A86
:10DC30005A1E83690191F8EE677A012A0EEB0304FC
:10DC4000C1694FF0FF3338BF01229FED7B7A02910B
:10DC5000E11816925201CDF81CC087EE27AAD0ED2C
:10DC6000179A84469FED759A099303910B92CDF80C
:10DC700000E0CDE9103306E0079B009A01339A4299
:10DC8000079300F01483079B019AE31A1340029A4A
:10DC900003EB430302EBC300D0ED027AB4EEE78A54
:10DCA000F1EE10FAE8D8009A079B9A4200F0178329
:10DCB0009E46169E1F4606901594CDF814C004E0AB
:10DCC0000137009BBB4200F07882039BDD1B019B68
:10DCD0001D40029B05EB450503EBC505D5ED027A1A
:10DCE000B4EEE78AF1EE10FAEAD8069BEA68D96842
:10DCF000914200F3FA82511A059A936D8E46994229
:10DD000000F2D282136C99420493D9D3099A4B0939
:10DD100011F01F04A2F1FF32B2FA82F24FEA52125E
:10DD20000A92089A02EB830840F05D810C959246B6
:10DD30004546A1468B46884655F8042B09F1010952
:10DD40005AF8040B50401FF035FA4E450444224661
:10DD5000F2D10C9D5946C646002C71D10A9B002B6E
:10DD60006ED08B09089A11F03E0FC1F3440802EB04
:10DD7000830940F0FD81924644468B4659F8043BA6
:10DD800008F101085AF8040B58401FF013FA4645F1
:10DD90000444F3D15946002C00F0A582059BB7EE50
:10DDA000009ADFED267A002493ED157A079BA7EE03
:10DDB000679A0991013BCDE91037069B07EE901A4F
:10DDC00095ED006AD3ED006AF8EEE75A95ED017A19
:10DDD000F1EE464AD3ED017AB1EE665A37EE467A55
:10DDE000012377EEE67A1293C4EE878A85EE277ACE
:10DDF00078EEC78A78EEA58A002C7FF461AFDDED5E
:10DE0000097A0598F8EEE77ABFEE007AF4EE477AE1
:10DE1000F1EE10FA40F0F281FFEE006A9FED079AF2
:10DE2000C0ED0E6A80ED0F9A19B0BDEC068BBDE80F
:10DE3000F08F00BF9A99193F0000004200000000D7
:10DE40001F2900F3FD8001F1010C0B9B634540F29B
:10DE50003482DDF820E04FEA5C131CF01F04B14669
:10DE60001397CDE90E510EEB830524D17746264654
:10DE7000F046E246934655F8043B013457F8040B4C
:10DE800058401FF097F9A14506443346F3D15A464E
:10DE9000C646D4469A4233D30CF101010B9A8A420A
:10DEA00040F28F818C461A461CF01F044FEA5C1327
:10DEB0000EEB8305DAD000275EF82360C4F1200A58
:10DEC000CDF828E0B8467746C346CDE90CC226FA1D
:10DED00004FE55F8046F57F8043B0BF1010B06FAEA
:10DEE0000AF040EA0E0058401FF064F9D94580441A
:10DEF000EDD14346DDF828E0DDE90CC29A42CBD2F1
:10DF00004E46139F0CF1FF3C9346DDE90E5101F1A3
:10DF1000FF3E049B734580F05F814FEA5E130F95CF
:10DF200013911EF01F050899B1461497CDF828C02B
:10DF300001EB8307DC4624D10E462C468846F24688
:10DF4000E34657F8043B013556F8040B58401FF0E0
:10DF500031F9A9450444F4D1DC464146D646A445EE
:10DF600033D30EF1FF33049ACDF828E09A4263D2FE
:10DF70009E46A4464FEA5E131EF01F0501EB830781
:10DF8000DAD04FF0000851F82360C5F1200A8B4623
:10DF90004446CDF838C0CDE90C1E26FA05FE57F8E8
:10DFA000046F5BF8043B08F1010806FA0AF040EA46
:10DFB0000E0058401FF0FEF8C1450444EDD1DDF8D5
:10DFC00038C0A445DDE90C1ECBD2E346DDED097A6D
:10DFD000DDF828C04E46F8EEE77A0F9D5C46E6462F
:10DFE000DDE9131733E052F823B0A446C4F120034F
:10DFF00000240E9791464746A24698460F91CDE9D8
:10E000000C515D46E34625FA0BFE57F8045F59F8BC
:10E01000043B0AF1010A05FA08F040EA0E005840F4
:10E020001FF0C8F856450444EDD10E9F2246DDF896
:10E030003CE0DDE90C518FE64E460F9DDDE91317FC
:10E04000DDED097A631CF8EEE77A00F0CE80FFEE92
:10E05000005A07EE104AF7EE006A059BB8EEC77A41
:10E06000F4EE657A93ED155AB0EE666A079BF1EE11
:10E0700010FA03F1FF30A7EE456A00F03C8107EE8D
:10E0800090EAF8EEE77AF4EEE78AF1EE10FA40DC77
:10E09000069B95ED005A93ED007AD3ED017AB1EE2F
:10E0A000454AD5ED015AF1EE474A77EEC77A179AFD
:10E0B00075EEC55A84EE257AC4EEA75A07EE901A7B
:10E0C000F8EEE77A37EE657A37EE277AC7EE287AE8
:10E0D000F8FE677AF4EEE67AF1EE10FA77FEA67AA9
:10E0E000FDEEE77A17EE903A9342A8BF1346BEFBC7
:10E0F000F3F29C46099BD21A002AB8BF524207EE9F
:10E10000902AF8EEE77AF4EEE79AF1EE10FA00F3CF
:10E11000AE80B4EEC96AF1EE10FA7FF76DAE069BE1
:10E1200007EE901AD5ED005AB0EE469AD3ED006A8C
:10E13000B8EEE75A95ED017AB1EE654AD3ED017A72
:10E14000F1EE664A37EE657A012377EEE67ACDF88E
:10E1500024E01090C4EE078A1197129384EEA77AF8
:10E1600078EEC78A78EE858A002C7FF4A9AD46E662
:10E1700052F823304FF0000BC8F12000049592466E
:10E180004D461C468146CDE909175F4624FA08FE34
:10E1900055F8044F5AF8043B0BF1010B04FA09F04F
:10E1A00040EA0E0058401FF005F85E450744EDD1E7
:10E1B0003C46049D09990A9FEDE5159CDDF814C0C5
:10E1C0005AE5DDE90E519B46049B01F1FF3E4E46A8
:10E1D000139F7345FFF4A1AE5C46DDED097AE64678
:10E1E000631CF8EEE77A7FF432AFBFEE007A059851
:10E1F000F4EE477AF1EE10FA3FF40EAE039B11995C
:10E20000109A9A1A5B1A01990A400B40029902EB84
:10E21000420203EB430301EBC20201EBC303D468E8
:10E22000D9688C4275DCD2ED007A091B93ED007A37
:10E23000D3ED015AB1EE675A92ED016AF1EE474A09
:10E2400075EEC75A36EE676A07EE901AC4EEA56AF5
:10E25000C5EE065AB8EEE77ADDED127AF8EE677A87
:10E2600076EEE56A36EE877AC7EE276AD8E5B4EE31
:10E27000C96AF1EE10FA7FF7BFAD129B63453FF418
:10E28000BBAD76EE497AF0EEE77AB4EEE7AAF1EEAE
:10E2900010FA16DBB0EE469ACDF848C0CDE910076B
:10E2A000002C7FF40DADAAE59446159CE4E4DDED69
:10E2B000097A6046F8EEE77AA6E5A3464FF01F0C10
:10E2C00025E60123B0EE469AF0EE478ACDF824E029
:10E2D000109011971293002C7FF4F2AC8FE5134647
:10E2E00001330793CFE4059896E50D4B98210D4A2D
:10E2F0000D481CF0DFF8B0EE469ACDF824E01090FF
:10E3000011975AE5094B40F21711094A09481CF0C8
:10E31000D1F8034BA421084A03481CF0CBF800BFF6
:10E32000CCDB069008DC06907CDC06902CDB0690AB
:10E330005CDB06908CDB0690C8DC069010B50B49C0
:10E340000446F6F7B3F90A4900230022094821637D
:10E350000949206020466263A263236484F8443044
:10E36000A264E163C4E9133310BD00BF40DD069031
:10E370000000DC43DCED0690B4D6069000000000FF
:10E380002DE9F04FC46C2DED028B85B0002C00F010
:10E390008381036D8046002B00F07E8193ED066A39
:10E3A000D3ED027A93ED017A66EE277A93ED074A70
:10E3B000D3ED033AD3ED086AE0EE077AD3ED044AD1
:10E3C000D3ED095A93ED055A93ED007A83ED076A70
:10E3D00083ED060AE3EE847AC3ED096AE4EEE67A99
:10E3E000E5EE657AF4EEC77AC3ED087AF1EE10FA3D
:10E3F00040F37381D3ED0D7AB7EE006AD3ED0E6A68
:10E4000093ED0A3A37EE677A77EEE63A93ED0C4AE7
:10E41000D3ED0F4A93ED105AF0EEE33AD3ED115AD3
:10E42000B3F84C20A3EE234A511CA3F84C10B3F8C8
:10E430005010B4EEC64AF1EE10FA36FE046AE6EE6B
:10E44000077A37EEE67AC3ED0D7AE6EE076AF0EE6C
:10E45000E67AC3ED0E6AF4EEE47AF1EE10FAF4EE29
:10E46000C57A58BFF0EE674AF1EE10FAF4EEE57A9D
:10E47000C3ED0F4A58BFB0EE675AF1EE10FA83EDC4
:10E48000105A58BFF0EE675A9142C3ED115A00F08E
:10E490002E81D3ED0F5A93ED107AD3ED117AB4EEAD
:10E4A000E57A93ED156AF1EE10FA37FE257AB4EEAF
:10E4B000E77AF1EE10FA58BFF0EE477AB4EEE76A69
:10E4C000C3ED127AF1EE10FA40F1FA8093F874205D
:10E4D000C3ED157A002A40F0E480D3F89410D3E914
:10E4E00020020139013A02401144C3F8842001405E
:10E4F000D3F8880000EB820200EB8100C2ED007AC5
:10E5000090ED007A93ED1E6A37EEC77AB4EEC67AC4
:10E51000F1EE10FA40F3D080012283F87420F7EE78
:10E52000005A012017EE902ADFEDC74ADFEDC70A37
:10E53000F8EE673AC2F316029FEDC54A9FEDC56A31
:10E5400042F07C52DFEDC41AA3EE846A93ED265AA2
:10E5500007EE102ADFEDC12AB4EEE55A77EE244A21
:10E5600035EE655AF1EE10FA80EEA42A4CBF93ED19
:10E57000271A93ED281AA7EE616AE5EE015AB3EE69
:10E58000044A93ED183B26EEA55AC3ED265A36EE03
:10E59000426A26EE226A26EE046AB7EEC66AB4EE36
:10E5A000C36BF1EE10FA00F2C980F7EE005AD3ED1A
:10E5B0001C6AB6EE007AD4F81CB025EEA66A226A70
:10E5C000E168A2EB0B02276966EE277AD210C3ED51
:10E5D000177AA34BC8ED127AD4ED016A03FB02F25D
:10E5E00088F84400780866EE877A914294F808C06B
:10E5F000E5EE067AC0F0BC80002394F82CE0E360DE
:10E600002372A362BEF1000F40F0AF82002A00F037
:10E61000C282F5EEC07AF1EE10FA40F3058694ED71
:10E620000C7A0021D4F82890D4E905656B1E226885
:10E6300001313340A36103EB43030BEBC3031A60C7
:10E640004FF00042C3ED017A1A610022C3ED027A55
:10E65000C3F80C905A610123E1602372F4EEC77A8B
:10E66000F1EE10FA01DDC4ED0C7A09F101037246F6
:10E67000C4ED007AA362002B5BD0002A40F0318108
:10E6800098F8443043B9002376490022C8F8343062
:10E69000C8F83830C8E90F1205B0BDEC028BBDE8F0
:10E6A000F08F93ED1F7AB4EEE77AF1EE10FA7FF770
:10E6B00036AF002283F87420DFED6B5A002031E77B
:10E6C00036EE676A93ED167A93F87420E7EE067AD1
:10E6D000C3ED157A002AE4D1FFE6B1EE477AF4EEF5
:10E6E000C77AF1EE10FA58BFB0EE677A82E6B3F857
:10E6F0004E100022A3F84C204A1CA3F84E20584A82
:10E70000A2FB0102520802EB4202891A002203EB2B
:10E710008101CA63BDE6002394F82C20E3602372D4
:10E72000A362BCF1000F04D0636E013363664F4BEC
:10E7300023664E4BA3630023E3639EE793ED1A4ADF
:10E7400033EE466BB7EEC44A26EE046BB7EEC66BEB
:10E75000B5EEC06AF1EE10FA3ED49FED457AB4EE04
:10E76000C76AF1EE10FA00F14685DFED425A1EE766
:10E77000D4F82890814500F0ED8194F82CE0BEF1AA
:10E78000000F40F02982E646F5EEC07AF1EE10FA6D
:10E7900046DDBEF1000F00F02085D4E905231340CB
:10E7A00003EB43030BEBC30393ED026A93ED057A8E
:10E7B000F4EEC67AF1EE10FAB5EE407A58BFB0EE3C
:10E7C000676AF1EE10FA83ED026A00F06A8294ED56
:10E7D0000C7A94F82CE041E79FED277AB4EEC76AF3
:10E7E000F1EE10FA40F37882B2EE047A234AF7EEA3
:10E7F000004A26EE476ABCEEC67A17EE101AB8EE4B
:10E80000477A02EB810536EE476AD5ED016A95ED50
:10E81000007A76EEC76AA6EE267AC4EE875AC6E676
:10E820004B46BEF1000F00F0C181F4EEE76AF1EE55
:10E8300010FA25DC09F1010394F82CE0C4ED007A0C
:10E840007246A36217E700BFF944B43EA3E9DC3F78
:10E85000000000347773F8C275BFBF3F9B209A3E1B
:10E86000ABAAAAAAB4D6069000000000000080BFA0
:10E870000000F042002474490000F0C238EE069017
:10E88000D4E9052394ED0D7A13400022B5EE407AC9
:10E8900003EB43032272F1EE10FA0BEBC303C3F850
:10E8A000109001D1236B636309F10103C4ED007A79
:10E8B000BB42A362C0F08181E6681B1A012EA362ED
:10E8C0007FF629AF012184F82C10BCF1000F00F075
:10E8D0006A82626E0A446266CC4A2266002B00F0AD
:10E8E0006082D4ED0D7A94ED0C8AA36CF4EEC87AB4
:10E8F000E56C9FEDC77A1F46F1EE10FA58BFB0EEF7
:10E90000678AAB4228EE078A04D0EA1B002138460A
:10E910001CF0D3FCE668002E4BD0ED1B3B46029664
:10E92000AD100194D4E905976A01BD191E469246BF
:10E93000013D04E0AF4205F1FF3338D01D4609EA3E
:10E94000050303EB43030BEBC303D3ED027AF4EEB1
:10E95000C87AF1EE10FAEDDBDA6822EAE27252458B
:10E96000E8D81C695109A24506EB81032CBFA41A03
:10E97000AAEB020412F01F0200F0A980C2F1200EDF
:10E9800056F821004FF0FF3C009203900246A64546
:10E990002CFA0EF06FEA000040F29280AEEB040E0B
:10E9A00011462CFA0EF202400A431A60C2E7DDE972
:10E9B00001462046FFF716F994ED1B7AD4ED0F7A45
:10E9C000B5EE407AF1EE10FA40F09C809FED917A1E
:10E9D00098F84430F4EEC77AF1EE10FAFFF652AE32
:10E9E000BFEE007AD4ED0E7AF4EE477AF1EE10FA2B
:10E9F0003FF448AED4ED226A86EEA77AB5EEC07A2F
:10EA0000F1EE10FA7FF73EAED4ED1D6A0022D4ED90
:10EA10001E7AB4EEE67AC4ED1E6A84ED1D7A84EDAA
:10EA20001B7AF1EE10FAC4F88C2054BFB0EE476A9E
:10EA3000B0EE666A76FE876AF4EEC67AF1EE10FAF8
:10EA400058BFF0EE467AF4EEE76AF1EE10FA58BFDE
:10EA5000F0EE667AC4ED1C7A002B3FF414AE98ED0C
:10EA60000C0A88ED0D7A87EE000A19F003FB9FED82
:10EA70006A7A6A49DFED6A6A6A48F2EE087AA0EEBD
:10EA8000277AF8FE477AFDEEE77A17EE903AF8EE2D
:10EA9000E77A81FB0321DA1777EE677AC2EB61022E
:10EAA00002EB420167EEA67A013AA3EB8103C8EDBF
:10EAB0000E7A50F82330C8F84020C8F83C30EBE517
:10EAC0001043009A0433203A46F8210014441F2CC6
:10EAD0000ED9A4F120021846FF2104F01F045209A8
:10EAE0000132920000921CF0E8FB009A03461344A6
:10EAF000002C3FF41FAF01221968A240013A1143D4
:10EB0000196017E7DFED486AF4EEE67AF1EE10FAE5
:10EB100002D50023C4F88C30BFEE006AD4ED0E6A33
:10EB2000F4EE466AF1EE10FA09D094ED226AC6EED0
:10EB3000264AF5EEC04AF1EE10FA00F3D08098F8BC
:10EB40004430002B3FF49FADB5EEC07AF1EE10FAE1
:10EB500085DCA1E500297FF410AE94F82CE0217249
:10EB6000A162BEF1000F3FF454AD4FF0000ED4E9A6
:10EB70000565714606EA050909EB49090BEBC90968
:10EB8000D9F80C301B1AC9F80C30D9F810301B1A00
:10EB9000C9F8103035E0F5EEC07A0023E360F1EEFD
:10EBA00010FA2372A36200F34D8300230133C4EDF6
:10EBB000007ABB42A362BFF47FAE94F82C20BCF174
:10EBC000000F3FF458AD616E013161660F49216657
:10EBD000002B7FF452ADACE5D4E9056505EA060EDD
:10EBE0000EEB4E0E0BEBCE0EDEF80C301B1ACEF8F1
:10EBF0000C30BCF1000F00F01E83E646012900F046
:10EC000028814FF0010AA14616E000BF000080BF36
:10EC10009A99193F6666663F00008A42ABAAAA2A03
:10EC20000000C84208EE0690CDCC4C3F000000002A
:10EC30000AF1010A8A4515D00AEB0503334003EBBC
:10EC400043030BEBC3031C69241A07EE104A1C6133
:10EC5000DC68B8EEC77A241AB5EEC07ADC60F1EE53
:10EC600010FAE5D54C4694ED0C7A00215245C4F8D3
:10EC70000CA084ED0D7A1FED137A84F82C1084ED2E
:10EC80000C7A00F2D382F4EEC77AE1602172A162BD
:10EC9000F1EE10FA89DD002A00F0D4828E46894612
:10ECA000C4E4B7EEC66A94ED0C7AB7EEE75A9FED6E
:10ECB000CC4B26EE046BB4EEC65BF1EE10FA08D531
:10ECC000DA68A9EB020206EE902AF8EE666AC3ED56
:10ECD000056A94F82CE0C1E4DFEDC35A67E477EEEF
:10ECE000646ADFEDC25AD4F88C3027EE254AF0EE84
:10ECF000E66A0133C4F88C30B4EEE64AF1EE10FA5D
:10ED000000F3A980022B1DD9B4EEE47AF1EE10FADB
:10ED100040F30182C7EE245AF8FE655AFDEEE55A2B
:10ED200015EE902A012A0DDDF8EEE55A65EEA45A9B
:10ED300037EE655AB0EEC55AB4EEC54AF1EE10FA98
:10ED400000F31B82DFEDAA5AF4EEE57AF1EE10FA39
:10ED500030DCD4ED1D6AD4ED1E7AB4EEE67AC4ED53
:10ED60001E6A84ED1D7AF1EE10FA54BFB0EE476AC8
:10ED7000B0EE666A76FE876AF4EEC67AF1EE10FAB5
:10ED800058BFF0EE467AF4EEE76AF1EE10FA58BF9B
:10ED9000F0EE667AB0EE677AC4ED1C7AC4ED1B7AA9
:10EDA000CDE66246C5E4002B3ED1924B0022A36320
:10EDB000E26396E5DFED905AF4EEE57AF1EE10FAB3
:10EDC00051D4D4ED1D7A94ED1E7AF4EEE74AC4EDE9
:10EDD0001E7AC4ED1D4AF1EE10FA54BFF0EE646ADB
:10EDE000F0EE676A77FEA47AB4EEE67AF1EE10FAF6
:10EDF00058BFB0EE667AF4EEC77AF1EE10FA58BF5B
:10EE0000B0EE677AF4EE474A84ED1C7AF1EE10FA20
:10EE100024D1002384ED1B7AC4F88C3098F8443058
:10EE2000002B7FF41CAE2EE494ED0D7AD4ED0C7A19
:10EE3000A36CF4EEC77AE56CDFED706A1F46F1EE65
:10EE400010FA77FE877A9D4227EEA68A7FF45DADA1
:10EE500063E58A4607E7B0EE647A7AE7C4F88C3057
:10EE600084ED1B7A6BE6FFEE007A94ED185AB4EE4F
:10EE7000675AF1EE10FA20D1D4E919218A421CD048
:10EE8000012EA26619D9751E002D16DDA2696769CB
:10EE9000164406F1FF3CACEB0501013D394001EBA6
:10EEA00041010BEBC10191ED023AB4EEC83AF1EE2B
:10EEB00010FA80F2A980002DEDD1D4ED107AF8EE91
:10EEC000677AF4EEC57AF1EE10FA00F34081C6EEEF
:10EED000055AB4EE657AF1EE10FA24D094ED206A6A
:10EEE000D4ED217AF4EEC65A84ED216AC4ED205A9D
:10EEF000F1EE10FA54BFB0EE655AB0EE465A36FE47
:10EF0000256AF4EEC57AF1EE10FA58BFF0EE457AB4
:10EF1000B4EEE76AF1EE10FA58BFF0EE467AF0EE82
:10EF2000675AC4ED1F7AF5EEC05AF1EE10FA40F3BD
:10EF30000E8137EE655AB0EEC55AB4EEC54AF1EE11
:10EF400010FA00F31D81022B1DD9B4EEE57AF1EE23
:10EF500010FA40F33281C7EE257AF8FE677AFDEEAB
:10EF6000E77A17EE903A012B0DDDF8EEE77A67EEBF
:10EF7000A57A37EE677AB0EEC77AB4EEC74AF1EEFB
:10EF800010FA00F3FF80F4EE456AD4ED1D7A94ED9B
:10EF90001E7AC4ED1E7AF1EE10FA65FEA44AF4EE74
:10EFA000E47AC4ED1D4AF1EE10FA77FEA46A58BF68
:10EFB000F0EE647AB4EEE67AF1EE10FA58BFB0EEF5
:10EFC000667AF4EEC77AF1EE10FA58BFB0EE677ABF
:10EFD00084ED1C7A84ED1B7AB1E500BFAFF30080AD
:10EFE000333333333333D33FBD3786350000003DF1
:10EFF000CDCC4C3F000080BF6666663F9A99193FB2
:10F00000CCCC4C3E9899193EB5EEC03A91ED052A0C
:10F01000F1EE435AACEB0500F1EE422AF1EE10FAA4
:10F02000B5EEC02A58BFF0EE435AF1EE10FA58BFC1
:10F03000F0EE422A07EA00025FED0F1A02EB4202ED
:10F040000BEBC202D2ED027A77EEC33AF5EEC03A8C
:10F05000F1EE10FAF5EEC07A48BFF1EE633AF1EE48
:10F0600010FA48BFF1EE677AF4EEE75AF1EE10FAC3
:10F0700075FEA77A67EEA17AF4EEE37AF1EE10FA64
:10F0800045DBD2ED057A5FED211A77EEC23AF5EE57
:10F09000C03AF1EE10FAF5EEC07A48BFF1EE633AED
:10F0A000F1EE10FA48BFF1EE677AF4EEE72AF1EEDE
:10F0B00010FA72FEA77A67EEA17AF4EEE37AF1EE27
:10F0C00010FA24DBD568C868854200F38E8092ED83
:10F0D000005A401B91ED003AD1ED013AF1EE452A7C
:10F0E000D2ED015AB1EE432A73EEC33A07EE900A0D
:10F0F00075EEC55AF8EEE77A82EE235AC2EEA53ACB
:10F1000035EE635A35EE275A84ED185AD5E60130AC
:10F1100086428FD1CFE6C4EE875AF8FE655AFDEEDF
:10F12000E55A15EE902A012A7FF70CAEF8EEE55A63
:10F1300084EEA55A77EE455AF0EEE55AB4EEE54A6C
:10F14000F1EE10FA7FF7FEADB0EE457A01E6D4EDB0
:10F150001D7A94ED1E7AF4EEE74AC4ED1E7AC4EDF2
:10F160001D4AF1EE10FA54BFF0EE646AF0EE676AE1
:10F1700077FEA47AB4EEE67A1EE7B0EE657AE8E5AB
:10F18000F0EE657A94ED1D7AD4ED1E6AB4EEE77A5E
:10F19000C4ED1D7A84ED1E7AF1EE10FA37FE276A6F
:10F1A000F4EEC66A48BFF0EE477AF1EE10FA54BFAB
:10F1B000B0EE467AB0EE667A03E7C5EE877AF8FEDF
:10F1C000677AFDEEE77A17EE903A012B7FF7DBAE18
:10F1D000B8EEE76AC5EE867ACBE694ED0C7A94F841
:10F1E0002CE0D4E90565FFF721BA194BA421194A8F
:10F1F00019481BF05FF9B2EE047A184A26EE076A46
:10F20000BCEEC67A17EE101AB8EE477A02EB81050B
:10F2100036EE476AD5ED005A95ED017A37EE657AFC
:10F22000E6EE075AFFF7C3B9A36ABFE45146D4F824
:10F230002890FFF7A9BADEF810301B1ACEF810306C
:10F24000E646DBE4064BF221064A03481BF032F99E
:10F25000CCDB0690C8DC06907CDC069038EE06908D
:10F2600048DD069078DD069093B12DE9F041074620
:10F2700098460E4615460024B6EC010A013438467D
:10F28000A5EC010AFFF77CF8A045F5D1BDE8F081B7
:10F29000704700BF2DE9F047DDF82480B8F1000F7A
:10F2A00015D007460C4699461646DDF820A00025E5
:10F2B00023680135384649F8043B56F8043B4AF8C0
:10F2C000043BB4EC010AFFF75BF8A845F0D1BDE8B8
:10F2D000F08700BF034B10B504460360F5F75AFEF4
:10F2E000204610BD04010790054B10B5044603608D
:10F2F000F5F750FE7C21204618F01FFD204610BD7A
:10F3000004010790D0E902239B1A242B00D87047F0
:10F31000036D70B504462DED088B002B00F088803E
:10F32000436D002B00F084801068F6F759FAA3684B
:10F33000F0EE40BA5868F6F753FAA368B0EE40BA58
:10F340009868F6F74DFAA368F0EE40AAD868F6F789
:10F3500047FAA368B0EE40AA1869F6F741FAA36825
:10F36000F0EE409A5869F6F73BFAA368B0EE409A7F
:10F370009E693046F6F734FAA368B0EE408ADD693C
:10F380002846F6F72DFAA368F0EE408A186A03685B
:10F390009B689847022800F0A980A368586A036810
:10F3A0009B689847022800F08880206DF5F74AFA9C
:10F3B000042840D8606DF5F745FA042838D90025AF
:10F3C000D4ED1B7AF4EE4A7AF1EE10FA40F0F480B4
:10F3D0000026D4ED1C7AF4EE697AF1EE10FA40F0D2
:10F3E000DE80D4ED1D7AF4EE497AF1EE10FA40F0A9
:10F3F000F080D4ED1E7AF4EE687AF1EE10FA40F067
:10F400008D8094F85930002B54D0B7EE008A042137
:10F41000606DF5F70DFA0368B0EE480A1B6998476E
:10F420001DB1206D03685B6998470EB1606D37E0D0
:10F43000BDEC088B70BDD4ED177AF4EE6B7AF1EE6B
:10F4400010FA78D10025D4ED187AF4EE4B7AF1EE6B
:10F4500010FA40F09780D4ED197AF4EE6A7AF1EE62
:10F4600010FA40F08280D4ED1A7AF4EE487AF1EE88
:10F4700010FA6DD194F85830CBB99FED618A042110
:10F48000206DF5F7D5F90368B0EE480A1B69984777
:10F49000606DF5F7D7F9042892D8002DC8D0206DFB
:10F4A0000368BDEC088B5B69BDE870401847B7EE98
:10F4B000008AE4E79FED528AA9E7A368586AF6F745
:10F4C00015FC94F8593083423FF46FAF84F859002B
:10F4D000002800F08B8001212846F6F7D9FC07218F
:10F4E0002046F5F7E3F9474BA3675EE7A368186A80
:10F4F000F6F7FCFB94F8583083423FF44EAF84F8A3
:10F500005800002877D001213046F6F7C1FC0621CB
:10F510002046F5F7CBF93B4BA3663EE70321606D30
:10F52000F5F786F90368B0EE680A01261B6998476B
:10F53000C4ED1E8A65E70021206DF5F779F90368AF
:10F54000B0EE6B0A01251B699847C4ED17BA7AE73C
:10F550000321206DF5F76CF90368B0EE480A012528
:10F560001B69984784ED1A8A84E70221206DF5F71C
:10F570005FF90368B0EE6A0A01251B699847C4ED7C
:10F5800019AA70E70121206DF5F752F90368B0EE72
:10F590004B0A01251B69984784ED18BA5BE70121E6
:10F5A000606DF5F745F90368B0EE690A01261B693D
:10F5B0009847C4ED1C9A14E70021606DF5F738F9FF
:10F5C0000368B0EE4A0A01261B69984784ED1BAA1E
:10F5D000FFE60221606DF5F72BF90368B0EE490AEA
:10F5E00001261B69984784ED1D9A02E701462846CB
:10F5F000F6F74EFC73E701463046F6F749FC86E71E
:10F6000000000000000080BF38B501221549044603
:10F61000F5F7ACFF144B00221449FC20A4F8582045
:10F62000E36523666366A366E36623676367A36790
:10F630002160C4E9142218F084FB0546F7F75EFF49
:10F64000FC20256518F07DFB0546F7F757FF216D77
:10F6500020466565F5F7A0FF2046616DF5F79CFF34
:10F66000204638BDE4DD0690000080BF040107900D
:10F670002DE9F041044684B0F5F7A2FD01212046B2
:10F68000F5F7E6FF20460021F5F7E6FF206D10B103
:10F690000121F5F7CBF8606D10B10121F5F7C6F83F
:10F6A00030206FF0010518F04CFB00230646B6EE43
:10F6B000001A1A46F7EE000A9FED890A4FF0FF384C
:10F6C00000958849F6F74EF931462046864FF5F702
:10F6D0002FF8E368012153F8040CF6F7C3F8E36848
:10F6E0009FED820A53F8040CF6F7BEF8302018F0AC
:10F6F00028FB0646B6EE001ADFED7D0A00229FEDDC
:10F70000780A012300957B49F6F72CF9314620460B
:10F71000F5F70EF8E368012153F8040CF6F7A2F8A8
:10F72000E3689FED720A53F8040CF6F79DF8302059
:10F7300018F007FB0646B0EE081A9FED690AF1EED5
:10F74000080A0022022300956B49F6F70BF93146AF
:10F750002046F4F7EDFFE368022153F8040CF6F7B6
:10F7600081F8E3680722654953F8040CF6F780F83E
:10F77000302018F0E6FA0646B6EE001A0022F7EE40
:10F78000000A9FED570A032300955D49F6F7EAF852
:10F7900031462046F4F7CCFFE368012153F8040C0E
:10F7A000F6F760F8E3689FED510A53F8040CF6F79A
:10F7B0005BF8302018F0C5FA0646B6EE001ADFED09
:10F7C0004C0A00229FED460A042300954D49F6F7A6
:10F7D000C9F831462046F4F7ABFFE368012153F83E
:10F7E000040CF6F73FF8E3689FED400A53F8040C69
:10F7F000F6F73AF8302018F0A4FA0646B0EE081AE8
:10F800009FED370AF1EE080A0022052300953E49D4
:10F81000F6F7A8F831462046F4F78AFFE36802219C
:10F8200053F8040CF6F71EF8E3680722334953F83F
:10F83000040CF6F71DF8442018F083FA0646F7EE9C
:10F84000001A324B9FED321A0022DFED320A9FED93
:10F85000320A00953149F6F7D5FA31462046304E46
:10F86000F4F766FF442018F06CFA00950546F7EEB1
:10F87000001A9FED271A0122DFED260A9FED260AC6
:10F88000284B2949F6F7BEFA29462046F4F750FFDF
:10F89000402018F056FA054604230022234900961A
:10F8A000CDE90178F6F7E6F929462046F4F740FF5E
:10F8B000402018F046FA0546052300221B49009611
:10F8C000CDE90178F6F7D6F920462946F4F730FF5E
:10F8D000236820465B6904B0BDE8F041184700BFCB
:10F8E00000000000FCD7069094D806900000C842A3
:10F8F0003333733F58D8069064D80690DC00002458
:10F90000F4DD0690FCDD069008DE069018DE069019
:10F910000000FA430000FA4400007A4324DE069017
:10F9200098D8069030DE06903CDE069088D8069087
:10F93000704700BF034B10B504460360F4F7DCFECC
:10F94000204610BD38010790054B10B504460360F2
:10F95000F4F7D2FE3821204618F0EFF9204610BD0A
:10F9600038010790D0E902239B1A082B00D8704772
:10F9700010B504469068F5F733FFDFED175AD4ED64
:10F98000067AB6EE006AC0EE256A94ED0D7A66EE50
:10F99000A77AC4ED0C6A37EEC77AB0EEC77AB4EE38
:10F9A000C67AF1EE10FA16DDBDEEE77A4BF67F333C
:10F9B000C4ED0D7A094917EE100AF8EEC76A084A35
:10F9C000984277EEE67A28BF1846C1ED007A886043
:10F9D0009060C2ED007A10BD00007A4428F2E4C0C5
:10F9E0001C04E2C02DE9F0471E46037D88461546FB
:10F9F0002DED028B002B00F0A0800746D0E90232EB
:10FA00009A425CD01868F5F7EBFEBA68FB68B0EE76
:10FA1000408A9B1A042B40F29E805068F5F7E0FE66
:10FA2000002E48D041464D4C7B7DA84601EB86090F
:10FA3000D4E90102002B47D102EB000C484F4BF6F2
:10FA4000803E94ED006AA7FB0C3A0CF10103D1ED66
:10FA5000007A4FEA9A2A0EFB1ACC04EB8C0C9CED30
:10FA6000037AA7FB03AC4FEA9C2C0EFB1C3304EB80
:10FA70008303D3ED036A04EB800376EEC76AA6EE38
:10FA8000267AE0EE077AC3ED037A4BF67F33F1EC8A
:10FA9000017A0344E8EE077A4945A7FB03074FEADA
:10FAA00097200EFB1030E8EC017AC5D105EB8605F6
:10FAB000606045ED017ABDEC028BBDE8F087B6EEE3
:10FAC000008AB5EE000AABE702EB000C244F4BF6C0
:10FAD000803E94ED006AA7FB0C3A0CF10103B1ECF7
:10FAE000017A4FEA9A2A89450EFB1ACC04EB8C0C5A
:10FAF000DCED037AA7FB03AC4FEA9C2C0EFB1C3316
:10FB000004EB8303D3ED036A04EB800376EEE76A2C
:10FB1000E6EE867AA7EE807A67EE887A83ED037A3E
:10FB20004BF67F33E8EC017A0344A7FB03074FEA67
:10FB300097200EFB1030C7D1B8E7002EBBD001EBE9
:10FB4000860651F8043BB14245F8043BF9D1BDECBF
:10FB5000028BBDE8F087B5EE000A61E728F2E4C049
:10FB6000F11976052DE9F04F9846037D8A469346B4
:10FB70002DED028B85B0119C002B00F0B280054664
:10FB8000D0E902329A4200F0A7801868F5F728FE03
:10FB9000B0EE408AD5E902239B1A042B40F23A8149
:10FBA0005068F5F71DFE002C00F091809B4F5146E8
:10FBB0009B4EBA686B7D0092B2687D687068019256
:10FBC000002B40F0A3805A460AEB8404DDF840B0D5
:10FBD000C24603940292009B4BF6803E019C03EBCD
:10FBE000050C904B044497ED006AA3FB0C290CF123
:10FBF0000108D1ED006A4FEA9929D6ED005A029A20
:10FC00000EFB19CC07EB8C0C9CED037AA3FB089C34
:10FC10004FEA9C2C0EFB1C8804F1010C07EB8808B2
:10FC2000D8ED037AA3FB049881464FEA982877EE33
:10FC3000C77A0EFB1844A6EE277A06EB8404D4EDAF
:10FC4000037AA3FB0C84D046A40AE0EE076A0EFBFD
:10FC500014CC07EB850406EB8C0C9CED036AC4ED19
:10FC6000036A06EB800436EE676AE5EE867A92ED6B
:10FC7000006AA0EE276A84ED036A4BF67F34F1EC4C
:10FC8000016A05EB040C0444E8EE076AA3FB0C05CB
:10FC9000A3FB0430039BAD0A800A99420EFB15C5F5
:10FCA000EAEC016AB2EC017A0EFB10405C46A8EE69
:10FCB000277A0292ABEC017A8DD106EB89097D603F
:10FCC000706089ED036AC8ED006A84ED007A05B0C2
:10FCD000BDEC028BBDE8F08FB6EE008AB5EE000AEF
:10FCE00061E7002CF3D04346109801EB840451F8EF
:10FCF000045B43F8045BA14252F8045B40F8045BE8
:10FD0000F5D105B0BDEC028BBDE8F08F0AEB8402A3
:10FD1000DDF840A0CDF808800392009A4BF6803EB3
:10FD2000019C02EB050C3F4A044497ED006AA2FBDC
:10FD30000C390CF10108F1EC016A4FEA9929D6ED72
:10FD4000005A029B0EFB19CC07EB8C0CDCED037AFE
:10FD5000A2FB089C4FEA9C2C0EFB1C8804F1010CB2
:10FD600007EB880898ED037AA2FB04984FEA9828DD
:10FD700037EE677A0EFB1844E7EE067A06EB84044A
:10FD800094ED037AA2FB0C848046A40AE7EE806A15
:10FD90000EFB14CC07EB850467EE887A06EB8C0C1F
:10FDA0009CED036AC4ED036A4BF67F3436EE476A76
:10FDB000FBEC016A05EB040C044406EB8005A6EE9F
:10FDC000257AE7EE006A27EE086AC5ED036AA2FB12
:10FDD0000C05A2FB04205246AD0A800A0EFB15C595
:10FDE0000EFB10401C46E3EC017A0293039BAAEC45
:10FDF000016A8B4291D106EB88087D607060C8ED86
:10FE0000036AC4ED007A82ED006A05B0BDEC028B96
:10FE1000BDE8F08FB5EE000AC5E600BF28F2E4C0E9
:10FE20001C04E2C0F11976052DE9F047044682B0C2
:10FE30000025614A84ED060A0021604801261BF076
:10FE40003CFA5E4B29465C4A5D48A3F10C086FF012
:10FE5000010743E902561BF030FA594B3020A3F159
:10FE60000C0943E9025617F06CFF82462A46B6EEAB
:10FE7000001AF7EE000A9FED530A2B4652490097ED
:10FE8000F5F770FD51462046F4F752FCE368314621
:10FE900053F8040CF5F7E6FCE3689FED4C0A53F8C1
:10FEA000040CF5F7E1FC302017F04BFF82462A46A0
:10FEB000B5EE001ADFED460A33469FED420A45498A
:10FEC0000097F5F74FFD51462046F4F731FCE36803
:10FED000314653F8040CF5F7C5FCE3689FED3B0A87
:10FEE00053F8040CF5F7C0FC382017F02AFF2A4617
:10FEF0000546F7EE001AB2EE040A9FED371ADFED61
:10FF0000370A3B463649F5F75DFE29462046F4F7A9
:10FF10000FFCE368314653F8040CF5F7A3FCE368E3
:10FF2000B7EE000A53F8040CF5F79EFC23682D4A3F
:10FF30005B6993423BD1D4E902239B1A082B02D878
:10FF400002B0BDE8F0879068F5F74AFCDFED265A6D
:10FF5000D4ED067AB6EE006AC0EE256A94ED0D7A0D
:10FF600066EEA77AC4ED0C6A37EEC77AB0EEC77AB0
:10FF7000B4EEC67AF1EE10FAE2DDBDEEE77A4BF6AA
:10FF80007F33C4ED0D7A17EE102AF8EEC76A9A4255
:10FF900077EEE67A28BF1A46C8ED007AC8F808203E
:10FFA000C9F80820C9ED007A02B0BDE8F087204604
:10FFB00002B0BDE8F047184700EE020034F2E4C09A
:10FFC0002804E2C000000000FCD706900000C842F0
:10FFD0003333333F58D8069000004842000048436E
:10FFE00080D8069065F9049000007A4410B506495F
:10FFF0000446F4F75BFB4FF0785204490023204697
:02000004900565
:1000000022632160636310BD48DE069038010790CB
:10001000064A0749074808B517F08AFE034A04490B
:100020000548BDE8084017F083BE00BF000000246B
:1000300031F9049028F2E4C01C04E2C0034B10B56F
:1000400004460360F4F7A6FF204610BD6C0107903C
:10005000054B10B504460360F4F79CFF5C21204675
:1000600017F06BFE204610BD6C010790D0E902230B
:100070002DE9F0479B1A0446202B2DED028B40F210
:100080000C81006D002800F00881F4F7DBFB0928E3
:1000900040F20381A368986903689B689847012828
:1000A00040F00D81A368D86903689B6898470128D0
:1000B00040F00581A368186A03689B689847022886
:1000C00040F0FD80A3681D6A2846D3E90687F5F74E
:1000D0000DFE002800F008814046F5F7F9FEDFED3F
:1000E000876AB6EE087AC6EE807A27EE870A9FED19
:1000F000847A38469FED836AB4EEC70ADFED825AF0
:10010000DFED826AF1EE10FA77FE007AF4EEC67A3D
:10011000F1EE10FA77FE867A67EEA57AF4EEC77AEA
:10012000F1EE10FA37FE277AB4EEE67AF1EE10FA25
:1001300037FE268AF5F7E2FE70EE487AB6EE007AD0
:10014000F0EEE77AF4EEC77AF1EE10FA09DD3B68DB
:100150003846B0EE480A1B69984707212046F4F755
:10016000A5FB0021206DF4F763FBA3680646186821
:100170003368D3F81090F5F733FB3046C8470121B8
:10018000206DF4F755FBA368064658683368D3F82A
:100190001090F5F725FB3046C8470221206DF4F793
:1001A00047FB064628463368D3F81090F5F79EFDC6
:1001B000002800F09D80B0EE000A3046C8470321B9
:1001C000206DF4F735FBA3680646D8683368D3F88A
:1001D0001090F5F705FB3046C8470421206DF4F771
:1001E00027FBA368064618693368D3F81090F5F723
:1001F000F7FA3046C8470521206DF4F719FB03686C
:10020000B0EE080A1B6998470621206DF4F710FB31
:10021000064640463368D3F81090F5F76FFE304637
:10022000C8470721206DF4F703FB0368B0EE480AC6
:100230001B6998470821206DF4F7FAFA064628460C
:100240003368D3F81090F5F751FD002849D0B7EE88
:10025000000A3046C8470921206DF4F7E9FA03681F
:100260009FED2B0A1B6998472846F5F73FFD94F848
:1002700058300146834208D0404684F85810F5F7BC
:1002800007FE06212046F4F711FB38460021F5F75A
:10029000FFFD206D03685B699847606D78B1F4F7E6
:1002A000D1FA20B1D4E902239B1A142B0BD8606D2C
:1002B000BDEC028B0368BDE8F0475B691847BDECF5
:1002C000028BBDE8F0870021606DF4F7B1FAA368F6
:1002D000054658692B681E69F5F782FA2846B0472B
:1002E000E5E79FED0B0AB4E74046F5F707FEFEE6AB
:1002F000A3689868F5F774FA5FE700BF00606A4783
:100300000000FA440000A042050FB63F00007A4307
:100310000000000038B5124900220446F5F726F91E
:100320000023104A7C20226084F85830C4E914333A
:1003300017F007FD0546FFF767F93820256517F028
:1003400000FD0546FFF752FE216D20466565F5F775
:1003500023F92046616DF5F71FF9204638BD00BF2F
:1003600054DE06906C0107902DE9F047044684B0F6
:10037000F4F726FF606D10B10021F4F757FA00255D
:10038000302017F0DEFC0646B6EE001A2A46F7EEDD
:10039000000A9FEDA30A2B46A24900954FF0050ADB
:1003A000F5F7E0FA314620460126F4F7C1F9E36893
:1003B000012153F8040CF5F755FAE3689FED9A0A0A
:1003C00053F8040CF5F750FA302017F0BAFC074642
:1003D000B6EE001ADFED950A2A469FED910A3346E4
:1003E00093490096F5F7BEFA394620460227F4F7FE
:1003F0009FF9E368314653F8040CF5F733FAE368E4
:100400009FED890A53F8040CF5F72EFA302017F007
:1004100098FC8046B0EE001A9FED810AF1EE080AC2
:100420002A463B4683490097F5F79CFA4146204609
:100430004FF00408F4F77CF9E368394653F8040CEC
:10044000F5F710FAE36807227B4953F8040CF5F737
:100450000FFA302017F075FC8146F7EE000A9FED89
:10046000771A2A469FED6E0A03237549CDF800805E
:10047000F5F778FA49462046F4F75AF9E368314629
:1004800053F8040CF5F7EEF9E3689FED670A53F8AB
:10049000040CF5F7E9F9302017F053FC8146B6EE6D
:1004A000001ADFED620A2A469FED5D0A4346654960
:1004B000CDF800A0F5F756FA49462046F4F738F98A
:1004C000E368314653F8040CF5F7CCF9E3689FED87
:1004D000560A53F8040CF5F7C7F9302017F031FC31
:1004E00006228146B6EE001AF6EE080A9FED4C0A87
:1004F0005346554900922A46F5F734FA49462046B4
:10050000F4F716F9E368314653F8040CF5F7AAF945
:10051000E3689FED450A53F8040CF5F7A5F944206C
:1005200017F00FFC03238146F7EE001A9FED471AE0
:100530002A46DFED470A9FED470A47490093474B9C
:10054000F5F760FC49462046F4F7F2F8442017F02E
:10055000F8FB07238146F7EE001A00933246404B22
:100560009FED401ADFED3A0A19469FED3A0AF5F77A
:1005700049FC49462046F4F7DBF8402017F0E1FB40
:100580004FF0FF32434680460292374A3749019284
:10059000374A00922A46F5F76DFB41462046F4F7AC
:1005A000C7F8A368B7EE000A186A03681B69984782
:1005B000A3689FED300A986903681B699847A36890
:1005C0009FED280AD86903681B699847606D18B1C8
:1005D000F4F738F9B84206D8236820465B6904B0BE
:1005E000BDE8F04718473946606DF4F721F9036814
:1005F0009FED210A1B6998472946606DF4F718F9A9
:100600000368B6EE000A1B6998473146606DF4F73F
:100610000FF90368B5EE000A1B699847DCE700BFD5
:1006200000000000FCD706900000C8423333733F3F
:1006300058D8069064D80690F80000243333B33EAF
:10064000F4DD0690FCDD06905CDE06900000FA43C7
:100650000000FA4400007A4380D8069074D80690CF
:1006600068DE06900000FF4394D8069088D8069074
:1006700098D80690380BEF43000048422DE9F04F20
:1006800000F1400683B005461123304600218DF865
:10069000073004F0C9FE01220DF10701642328464A
:1006A00007F08AFA782007F039FE1323304600213C
:1006B0008DF8073004F0B8FE01220DF10701642324
:1006C000284607F079FA3623304600218DF80730A6
:1006D00004F0AAFE01220DF107016423284607F069
:1006E0006BFA0823304601218DF8073004F09CFE98
:1006F00001220DF107016423284607F05DFAB623B5
:10070000304600214FF00A088DF8073004F08CFEC7
:10071000642301220DF107012846002707F04CFA57
:10072000304601218DF8078004F07EFE01220DF194
:100730000701642328464FF0C00907F03DFA8223E1
:10074000304601218DF8073004F06EFE642301224B
:100750000DF10701284607F02FFA304601218DF8E8
:10076000077004F061FE642301220DF107012846A1
:100770000C2407F021FA304601218DF8079004F08F
:1007800053FE01220DF10701642328464FF0330A7E
:1007900007F012FA3A23394630468DF8073004F054
:1007A00043FE01220DF107016423284607F004FAF5
:1007B0005523304601218DF8073004F035FE012223
:1007C0000DF107016423284607F0F6F9404607F0CB
:1007D000A5FDB223394630468DF8073004F024FEDB
:1007E000642301220DF10701284607F0E5F93046A0
:1007F00001218DF8074004F017FE642301220DF15A
:10080000070128464FF00E0B07F0D6F930460121BC
:100810008DF8074004F008FE642301220DF1070162
:10082000284607F0C9F9304601218DF8077004F019
:10083000FBFD642301220DF10701284607F0BCF9F6
:10084000304601218DF807A004F0EEFD642301225B
:100850000DF10701284607F0AFF9304601218DF868
:1008600007A004F0E1FD01220DF1070164232846F1
:100870004FF0280A07F0A0F9B723394630468DF823
:10088000073004F0D1FD01220DF107016423284651
:1008900007F092F93523304601218DF8073004F036
:1008A000C3FD01220DF107016423284607F084F9F6
:1008B000BB23394630468DF8073004F0B5FD64237C
:1008C00001220DF10701284607F076F93046012193
:1008D0008DF807A004F0A8FD642301220DF10701A3
:1008E000284607F069F9394630468DF8079004F03C
:1008F0009BFD642301220DF1070128464FF0D0092A
:1009000007F05AF9304601218DF8074004F08CFDBC
:1009100001220DF1070164232846012407F04CF958
:10092000C223394630468DF8073004F07DFD64233C
:1009300001220DF10701284607F03EF92146304615
:100940008DF8074004F070FD22460DF10701642385
:10095000284607F031F9FF23214630468DF807304D
:1009600004F062FD22460DF107016423284607F0DA
:1009700023F9C323394630468DF8073004F054FD7F
:1009800022460DF107016423284607F015F91023CC
:10099000214630468DF8073004F046FD22460DF121
:1009A00007016423284607F007F9C4233946304677
:1009B0008DF8073004F038FD22460DF1070164235D
:1009C000284607F0F9F82023214630468DF80730F5
:1009D00004F02AFD22460DF107016423284607F0A2
:1009E000EBF8C623394630468DF8073004F01CFD7D
:1009F00022460DF107016423284607F0DDF80F2396
:100A0000214630468DF8073004F00EFD224664235F
:100A10000DF10701284607F0CFF8394630468DF82A
:100A2000079004F001FD22460DF1070164232846DA
:100A300007F0C2F8A423214630468DF8073004F0B1
:100A4000F3FC22460DF107016423284607F0B4F8B1
:100A5000A123214630468DF8073004F0E5FC2246FC
:100A60000DF107016423284607F0A6F8E023394674
:100A700030468DF8073004F0D7FC224664230DF190
:100A80000701284607F098F8214630468DF8079070
:100A900004F0CAFC224664230DF10701284607F042
:100AA0008BF8214630468DF8077004F0BDFC2246D5
:100AB0000DF107016423284607F07EF84FF002038A
:100AC000214630468DF8073004F0AEFC6423224600
:100AD0000DF10701284607F06FF84FF00702214695
:100AE00030468DF8072004F09FFC224664230DF168
:100AF0000701284607F060F8214630468DF8078048
:100B000004F092FC224664230DF10701284607F009
:100B100053F8214630468DF807A004F085FC2246A4
:100B20000DF107016423284607F046F832232146D9
:100B300030468DF8073004F077FC22460DF10701AE
:100B40006423284607F038F84423214630468DF8C0
:100B5000073004F069FC22460DF1070164232846A2
:100B600007F02AF84223214630468DF8073004F07A
:100B70005BFC22460DF107016423284607F01CF8B0
:100B80000623214630468DF8073004F04DFC2246FE
:100B900064230DF10701284607F00EF82146304680
:100BA0008DF807B004F040FC22460DF107016423E4
:100BB000284607F001F81223214630468DF8073009
:100BC00004F032FC22460DF107016423284606F0AA
:100BD000F3FF1423214630468DF8073004F024FC3F
:100BE000224664230DF10701284606F0E5FF4FF089
:100BF000170130468DF80710214604F015FC0DF161
:100C00000700224664230146284606F0D5FFE1236B
:100C1000394630468DF8073004F006FC0DF1070028
:100C2000224664230146284606F0C6FF2146304688
:100C30008DF8079004F0F8FB0DF1070022466423BD
:100C40000146284606F0B8FF214630468DF8077069
:100C500004F0EAFB0DF10700224664230146284612
:100C600006F0AAFF4FF00203214630468DF8073008
:100C700004F0DAFB0DF10700642322460146284602
:100C800006F09AFF4FF00702214630468DF8072004
:100C900004F0CAFB0DF107002246642301462846F2
:100CA00006F08AFF214630468DF8078004F0BCFB31
:100CB0000DF10700224664230146284606F07CFF1A
:100CC000214630468DF807A004F0AEFB0DF1070079
:100CD000224664230146284606F06EFF3123214652
:100CE00030468DF8073004F09FFB0DF107002246D7
:100CF00064234FF021080146284606F05DFF542387
:100D0000214630468DF8073004F08EFB0DF10700C8
:100D1000224664230146284606F04EFF472321461B
:100D200030468DF8073004F07FFB0DF107002246B6
:100D300064230146284606F03FFF214630468DF8E1
:100D400007B004F071FB0DF1070022466423014651
:100D5000284606F031FF1C23214630468DF8073027
:100D600004F062FB0DF10700224664230146284689
:100D700006F022FF4FF0170130468DF8071021468C
:100D800004F052FB22460DF107016423284606F0C9
:100D900013FF1B23214630468DF8073004F044FB37
:100DA00022460DF107016423284606F005FF1E23A5
:100DB000214630468DF8073004F036FB2246642386
:100DC0000DF10701284606F0F7FE394630468DF84A
:100DD000078004F029FB224664230DF10701284611
:100DE00006F0EAFE394630468DF8078004F01CFB19
:100DF00022460DF107016423284606F0DDFE782027
:100E000007F08CFA2923394630468DF8073004F074
:100E10000BFB642322460DF10701284606F0CCFEA9
:100E2000782003B0BDE8F04F07F078BA2A4B2B4A80
:100E30001B8812882DE9F043012583B0038165F3F7
:100E400007010923002600F14008082763F30F215A
:100E50004FF003090223044682802A464561466218
:100E6000C6804681876183623346C0E90366C0E974
:100E700007554046CDF8009004F0BCF965F3070132
:100E800033462A4667F30F2104F12C07CDF8009072
:100E9000384604F0AFF92946404604F0C5FA294621
:100EA000384604F0C1FA211D204606F0EFFD314618
:100EB000384604F0B9FA322007F030FA29463846AD
:100EC00004F0B2FA322007F029FA204603B0BDE858
:100ED000F043FFF7D3BB00BF980107909C01079038
:100EE000B1F80AC00B890CF1010C4A68ACEB030C99
:100EF00010B51FFA8CF34FF0000E01604260A0F8AD
:100F000008E09BB102EBC30C744692F9061008325C
:100F100012F8053C0B445BB2A34201DD1C46437250
:100F2000714501DA8E4601726245EED110BD00BFF7
:100F30000A78002A3ED0B0F804C02DE9F0470D46EB
:100F400084B0044600F1100700F10C06A168B4F863
:100F500006A0D4F800E0D1E9003118891B68121A04
:100F6000204601EBC20831F8329098F905104B4445
:100F700098F906206144524489B292B2CDE90267E1
:100F800098F803C0CDF804C098F802C0CDF800C0AE
:100F9000DEF80890C84798F804C0A3889C441FFA5C
:100FA0008CFCA4F804C015F8012F002ACED104B09F
:100FB000BDE8F087704700BF704700BFF0B4848978
:100FC0008C4240F2AA80C589954240F2A6804669CB
:100FD000002E00F0A280DD7804FB021CC46A002D04
:100FE00000F09280FF2D00F09480A4F10104B4FA87
:100FF00084F46409002C40F08C8007EE905A1F782E
:1010000056F82C50B7EE006AF8EEE77A9FED447A76
:1010100004EE107A2F0EC7EE875A07EE907AEFB2E1
:10102000F8EEE77AB8EEC44AC7EE874A07EE907A40
:10103000C5F30727C5F30745F8EEE77A36EE656A8C
:10104000B0EE655A67EEA47AA6EE245A67EE867A69
:10105000E4EE257A65EE076A07EE107AB8EEC77AF5
:1010600087EE854A07EE905A5D789B78F8EEE77A2E
:1010700027EE247A67EEA47A04EE905A27EE067AD9
:10108000F8EEE44A67EE867A06EE103AB8EEC66AE3
:10109000A4EEA57AE6EE257ABCEEC44AC7EE055A60
:1010A00014EE103A63F3070487EE856ABCEEE67A25
:1010B000FCEEE55A15EE903ABCEEC66A63F30F24D7
:1010C00016EE103A63F3174417EE103A63F31F64F9
:1010D00046F82C40048943682144408993F8D04065
:1010E00089B2024493F8D10092B2B1FBF4F1B2FBA1
:1010F000F0F201EB8101012003EB4103134483F87B
:101100006C000020F0BC7047002CFAD0FF2D7FF45B
:101110006CAF1B6846F82C30DCE70220F0BC70474F
:1011200000007F4370B582B0002201260446019181
:101130000368C189C56AC662009111461E69838928
:10114000B047E56202B070BD10B50446302116F01C
:10115000F4FD204610BD00BF70B5044682B072B6E3
:10116000B0F8E030B0F8DE10013B01319BB289B23B
:10117000A0F8E0300529B0F8E03028BF00219BB28C
:10118000A0F8DE1023B980F8E23062B602B070BD7C
:10119000D0F8D82001EB8103084E0021D51840304B
:1011A00004F042F9002301222946204601940096CA
:1011B00006F00CFD62B602B070BD00BFC111059013
:1011C00070B5044682B072B6B0F8DE300121D0F8B6
:1011D000D820403003EB8303074E0B44D51804F0AE
:1011E00023F900230422294620460194009606F0A4
:1011F000EDFC62B602B070BD1914059070B50446DE
:1012000082B072B6B0F8DE300121D0F8D82040307C
:1012100003EB8303074E1A33D51804F005F90023B6
:101220000422294620460194009606F0CFFC62B6BF
:1012300002B070BD5514059070B5044682B072B608
:10124000B0F8DE300121D0F8D820403003EB430560
:10125000094E03EB45233333D51804F0E5F800239A
:101260004FF4C062294620460194009606F0AEFC79
:1012700062B602B070BD00BF5911059070B562B67C
:1012800090F8D0304C1E0E0A2344002466F3070465
:101290009DB2C3F3072361F30F2463F31744B0F83F
:1012A000DC3065F31F6403EB8301D0F8D85090F86D
:1012B000D1300D440021C5F80140140A64F3070140
:1012C00062F30F21013A1344B0F8DC20C3F3072482
:1012D0009BB202EB820264F3174163F31F61D0F803
:1012E000D8301344C3F81A10B0F8DC30D0F8D81056
:1012F00003EB430490F8D12003EB44233333194428
:10130000AAB390F8D0300024D0F8D42014FB03F511
:101310006BB36B1C01F1020E4FF0000C02EB830269
:1013200012F8023C043212F8076C714623F00703EE
:101330000CF1010C43EA56131FFA8CF50EF8023C2F
:1013400012F8073C12F808ECDB0023F01F0343EA15
:10135000DE0301F1020E01F8013C90F8D030AB42FF
:10136000DED8013490F8D150A2B29542CCD872B6F2
:10137000B0F8DC30B0F8E02001339BB2052B28BF79
:101380000023A0F8DC30531C9BB2A0F8E03062B61A
:10139000012070BDF8B58E461E460146069D70457B
:1013A00014460ED0A6421DD02268086892F810C0DC
:1013B000037C9C450FD28E4504F1040445F8042BB0
:1013C000F0D1361B042E19DD32462146284619F08D
:1013D0005BFFA819F8BD043145F8040B7145F0D046
:1013E000A642E1D1AEEB0107042F0BDD361B2846E8
:1013F0003A463D4419F048FF042EE5DCE9D1236864
:101400002B60E6E72F4403D10B682B603D46D8E7FD
:101410003D460026DDE700BF70B5044682B072B6D7
:10142000B0F8DE300021D0F8D820403003EB830341
:10143000074E1933D51803F0F7FF00230122294680
:1014400020460194009606F0C1FB62B602B070BD62
:10145000FD11059070B5044682B072B6B0F8DE306A
:101460000021D0F8D820403003EB4305084E03EBB1
:1014700045233233D51803F0D7FF00230122294634
:1014800020460194009606F0A1FB62B602B070BD42
:10149000391205902DE9F04F0F1A89B084460C4699
:1014A000BB10182F02EB07090392049340F34C8101
:1014B00006468246B0461C36A346A6F118050EE045
:1014C000A0EB0802042A40F30C81C2F10403414658
:1014D000184419F0D9FEAE4246F81C4C19D02846E3
:1014E00056F81C3C55F8044B1A7C94F810C0624521
:1014F000E6D855F8082C031F117C614506D95A60BF
:10150000184653F8042D117C6145F8D8AE420460AA
:10151000E5D15C46A31B182BCCDCB345D4462FD0B9
:1015200008F12005AB452BD0E046A2460CE08A1B13
:10153000042A40F30581C2F104000844314619F041
:10154000A3FEAA45346019D02946336855F8044BE8
:101550001A7C207C8242EAD855F8082C0B1F92F89E
:1015600010C0844507D95A60194653F8042D92F8E3
:1015700010C08445F7D8AA450C60E5D1C44654464E
:101580001C2F40F3AB804FF00708049DCDF810C02E
:10159000B5EB480F4FEA480AC0F2C0804FEA88070F
:1015A0004FEAC80BDDE90316F21930465E4400919C
:1015B00011463346FFF7EEFEA31B0146BAEBA30F1D
:1015C0004FEAA302F0DD4245009123463046A8BF12
:1015D0004246B84606EB82021146FFF7DBFEBD42EB
:1015E000C0F2A280BF00039E0794B7EB8A0F049B52
:1015F00006EB8A0B14BF012200221446CDE9055ADE
:1016000031463E445D46F21B93450FD074B12868C5
:101610000A6890F810C092F810E0E64565D90435E4
:1016200043F8040BAE4201D05945F0D1ABEB010AAF
:10163000BAF1040F65DD1846524619F025FE03463F
:101640005344A6EB050ABAF1040F63DD1846294698
:10165000524619F019FE0346A9EB06025344BB4457
:10166000B8EBA20F4FEAA201CADD079CDDE9055ADB
:101670008A45A8BF8A4606EB8A029145174605D1DE
:1016800015E0043743F8040BB94510D0B2420ED030
:101690003868316890F810C091F810E0E645F0D84D
:1016A000043643F8041BB24201D0B945F0D1A2EB95
:1016B000060ABAF1040F3FDD18465246314619F0CA
:1016C000E3FD0346A9EB070203EB0A00042A2FDD22
:1016D000394619F0D9FD45453FF75AAF09B0BDE885
:1016E000F08F08BF45F8043CF5E6043143F8042BBD
:1016F00059459BD0AE428AD1ABEB010ABAF1040F37
:1017000099DC9DD1096819605344A6EB050ABAF12A
:10171000040F9BDCA0D1296819609DE72A464FEA97
:101720008807DDE903164EE7049B2946039E9FE7E1
:10173000D1D13B680360CEE7C4D132681A60C1E7FB
:1017400008BF45F8043CFCE68142C7D0051DA9420C
:10175000C4D06646E8E600BF2DE9F0479246DDE9D1
:10176000082593421CDC0C1A0F468146042C5FDDD1
:1017700001462246284619F087FD2A1995420DD0C8
:10178000BA4540D039682B680C7C187C844233D22F
:10179000AA4207F1040749F8041BF1D1BDE8F0871C
:1017A000AAEB010980460C465646B9F1040F05EB39
:1017B000090741DD4A46284619F066FD444546D0F2
:1017C000BD42EBD0231F3A1F1168301F1C6891F8EF
:1017D00010C0277CBC4507D2434546F8044CA3F112
:1017E00004031BD00646EFE7954246F8041CA2F11D
:1017F0000402D3D00646E7E7043549F8043BAA4281
:10180000CCD0BA45BED1AA42C8D0521B042A25DD8D
:1018100029464846BDE8F04719F036BD0432521B50
:10182000042A20DD2946801ABDE8F04719F02CBDB6
:10183000A3D103682B60A0E702D08142C0D1ADE7FD
:101840000B6881422B60BBD14AF8043CA6E74A46AC
:1018500029462046BDE8F04719F016BD9ED12B68F9
:10186000C9F800309AE799D12B6846F8083C95E70B
:101870002DE9F04FD0F814E083B09046BDF8306009
:101880000D9ABEF1000F00F0168184890F468C423C
:1018900040F211811D46C389434540F20C8169180D
:1018A000A14201DDE51BADB206EB0801994240F310
:1018B000AC80A3EB08039EB2D378002B00F0A78086
:1018C000002D00F0AA8008FB0471C5EB8579A40007
:1018D0004FF0000A29444FEA89099B460EEB810E1E
:1018E000C16AA1F10101B1FA81F149090EEB090CBC
:1018F000019070E09CF8030007EE90BADCF800B0AD
:101900000CF1040C04EE900AF8EEE77A1078F8EE89
:10191000E44A87EE865A02EE900A507803EE100AE7
:101920005FFA8BF084EE864A06EE900ACBF307202E
:1019300007EE100ACBF30740F8EEE66A07EE900ACE
:10194000B8EEC77A9078F8EEE77AF8EEE22A03EE7E
:10195000900AB8EEC33AF8EEE33A75EEC55AF0EEE7
:10196000454A66EE846A27EE047A67EE847A66EE6C
:10197000A56A27EE257AE5EE844AE2EE856A67EEEF
:10198000A57AA3EE057AE3EE857A24EE866AC6EEA2
:10199000A45AC7EE246A87EEA47ABCEEC66AFCEEAF
:1019A000E55A15EE900AFCEEE66A60F3070316EEC0
:1019B000900ABCEEC77A60F30F2317EE100A60F3AB
:1019C000174316EE100A60F31F634CF8043CF4450D
:1019D00012D092F803B0BBF1FF0FF7EE005A9FED63
:1019E000386A0B4601D0002984D013680CF1040C2E
:1019F0004CF8043CF445ECD10AF1010A0198A644E4
:101A0000B2450AD092F803B070E7D37813B9C16A2F
:101A100000294CD0002E7FF453AF4489B0F808C0A1
:101A20004444BC444768A4B21FFA8CFC97F8D02009
:101A300004F1FF3E0CF1FF33B6441D4497F8D1305A
:101A40001FFA8EFEADB2BCFBF2FCB4FBF3F4BEFB9E
:101A5000F3FE97F8D2309C45B5FBF2F503D303F1C2
:101A6000FF3C1FFA8CFC9D4201D3013B9DB297F8CD
:101A7000D3309C4201D35C1EA4B29E4502D3013BED
:101A80001FFA83FEA64512D3654510D36246A60011
:101A90003319501C012107EB4303134482B2AA42BD
:101AA00083F86C10F4D90C44A4B27445EED900202C
:101AB00003B0BDE8F08F022003B0BDE8F08F00BF97
:101AC00000007F43A0F11800FFF7D2BE2DE9F04FD0
:101AD0008DB0DDF858900692002B00F00181B9F12D
:101AE000000F00F0FD809A464B4480468B46022B47
:101AF00000F0ED80CA453BDDBAF1000F5346069A6F
:101B00000F46B8BF0AF10103501A5B10801008EBB2
:101B10008304079309E057F82350013822682D7C8D
:101B2000127C954234BF371D18464310002807EB3E
:101B30008306A0EB0300EEDC7B1A8C424FEAA30382
:101B400008933CD1BB46079D2146089C40462B4646
:101B50005A460094FFF7BAFFA9EB0402AAEB05036B
:101B6000394616925846069A0DB0BDE8F04FADE7DB
:101B7000B9F1000F4B46A1EB00004446B8BF09F194
:101B8000010380105B1001EB8307089309E054F810
:101B9000232001383D68127C2D7C95422CBF341DDA
:101BA00018464310002804EB8306A0EB0300EEDC8C
:101BB000A4EB08038C424FEAA3030793C2D08F42E1
:101BC00000F0CD800D1BA7EB040CA8104FEAAC066B
:101BD000C0EBAC0C604500F08680791A6045254664
:101BE00004EB010BCDE90974CDF82CB0C3464DDAF6
:101BF000012800F0BC80BCF1000F4FEA800305EB28
:101C0000800737DD0CF1FF38B8F1030F40F29B80FD
:101C10000833002B04DD05F108039F42C0F09380D8
:101C20004FEA5C0E2A463B4600210595CDE903604C
:101C30000131D2E90040D3E900567145C2E90056AE
:101C4000C3E9004002F1080203F10803F0D11CF0DF
:101C5000010F059D2CF00102DDE9036007D055F866
:101C6000221057F8223045F8223047F82210043568
:101C700005EB8805B6FBF0F300FB1363002B70D077
:101C80000646C01AA6EB000C6045B1DBBCF1010FA3
:101C900005EB860300F08180002805EB80054FEA04
:101CA00080070CDD294600228646013251F8044D9A
:101CB00053F8040D964508601C60F6D1ED1BB6FB89
:101CC000FCF00CFB106000284BD06646DAE70A688F
:101CD0000368147C187C844202D2C8F800200B6090
:101CE0000DB0BDE8F08F081F0A462346001B0C28E4
:101CF00064D9E61D761A0E2E60D980088E46451CE2
:101D00004FEA550C04EBCC0C11680833566853F8B5
:101D1000080C43F8081C53F8041C43F8046C9C4559
:101D2000C2E9000102F10802EED1EB077FF50BAF2B
:101D300025F0010554F825205EF8253044F82530BB
:101D40004EF82520FFE62A1F0023013352F8041F16
:101D50003C689C45146047F8041BF6D187E7A3460E
:101D6000F1E6D846DDF82CB0DDE90974EBE6B20007
:101D70002946D84605EB8606043ADDF82CB051F822
:101D8000043B042ADDE9097423DD2846039319F096
:101D90007BFA039B46F8043CD5E61A46D846DDF8A4
:101DA0002CB052F8046D521B042ADDE9097414DDCD
:101DB000981A294619F068FA2E60C4E60D44231FCC
:101DC00053F8042F0868186041F8042BA942F7D192
:101DD000B9E6DFD16A682A60DCE7EDD12A6843F80A
:101DE000042CE9E72DE9F0410C1A82B005460F46B4
:101DF000382C18DDE4104FEA840800EB84043E1B05
:101E00002146FFF7EFFF3946B6102046FFF7EAFFFD
:101E10003A464FEAA803214628460096FFF756FEA9
:101E200002B0BDE8F0818842FAD0061DB742F7D073
:101E3000B6462B6856F8048B1A7C98F81040A242DC
:101E40000ED9AEEB0502042A1CDDC2F104002946BE
:101E5000704419F019FAB742C5F80080E8D1DFE7FD
:101E600056F8082CAEF10403117CA14207D95A6040
:101E70009E4653F8042D92F810C0A445F7D8CEF82A
:101E80000080D3E708BF46F8043CE4E72DE9F04FB3
:101E90008B468646808987B05845BDF84010BDF80E
:101EA0004490DDE9126740F23581BEF80E4094425D
:101EB00040F23081DEF81450002D00F02B8101EB50
:101EC0000B0C844500F3268109EB020CA44500F3BA
:101ED00021815C1CB9F1000F00F0D280002900F0D4
:101EE000CF8093F800C002FB00B3DEF82C808000A6
:101EF0000B444FF0000A0090A8F1010005EB8305A8
:101F0000C1EB8173B0FA80F09B0040090193534606
:101F1000CDE902EBCDE90421DDF800B001996A18A2
:101F2000CDE9000A8A4610E0B8F1010F00F0F68012
:101F300001330432DBB2082B40F08D80AA424FF00F
:101F4000000314F801CB00F08D801CF0800F0CBF53
:101F5000BE46B6469EF803100029E5D0FF2900F0E2
:101F6000DD800098002840F0D98007EE901A9EF896
:101F700000001168B7EE006AF8EEE77A9FED6B7A21
:101F800004EE100A080E01330432C7EE875A07EE3A
:101F9000900AC8B2DBB2082BF8EEE77AB8EEC44A72
:101FA000C7EE874A07EE900AC1F30720C1F3074145
:101FB000F8EEE77A36EE656AB0EE655A67EEA47A17
:101FC000A6EE245A67EE867AE4EE257A65EE076A75
:101FD00007EE100AB8EEC77AFCEEE66A87EE854A8D
:101FE00007EE901A9EF80110F8EEE77A27EE247AB1
:101FF00067EEA47A04EE901A9EF8021027EE067A95
:10200000F8EEE44A67EE867A06EE101A0099B8EE0A
:10201000C66AA4EEA57AE6EE257ABCEEC44AC7EEFF
:10202000055A14EE100A60F3070187EE856AFCEE8C
:10203000E55A15EE900ABCEEC66A60F30F2116EE63
:10204000100A60F3174116EE900A60F31F6142F820
:10205000041C3FF473AF4FEA4C0CAA425FFA8CFCAD
:102060007FF473AF5146DDF804A000985D440AF197
:10207000010ACA457FF453AFDDE902EBDDE9042133
:10208000BEF80A4009F1FF36BEF808304F1E14446E
:10209000DEF804C05B44A4B29CF8D0209BB2264476
:1020A0001F44B6B2BFB2B3FBF2FE9CF8D130B4FB12
:1020B000F3F4B6FBF3F69CF8D2309E45B7FBF2F78B
:1020C00003D303F1FF3E1FFA8EFE9F4201D3013B73
:1020D0009FB29CF8D3309C4201D35C1EA4B29E42B6
:1020E00020D2A64212D3774510D37246A5002B19F1
:1020F000501C01210CEB4303134482B2BA4283F813
:102100006C10F4D90C44A4B2B442EED9002007B04C
:10211000BDE8F08F022007B0BDE8F08FDEF80010B8
:10212000116005E7013B9EB2DBE700BF00007F4383
:10213000A0F11800FFF7AABEF0B430F80C4CA14291
:1021400080F0AF8030F80A5C954240F2AA8050F8E7
:10215000046C002E00F0A580DD7804FB021C4469AD
:10216000002D00F09580FF2D00F09780A4F1010470
:10217000B4FA84F46409002C40F08F8007EE905A82
:102180001F7856F82C50B7EE006AF8EEE77A9FED0C
:10219000467A04EE107A2F0EC7EE875A07EE907A31
:1021A000EFB2F8EEE77AB8EEC44AC7EE874A07EE18
:1021B000907AC5F30727C5F30745F8EEE77A36EEC0
:1021C000656AB0EE655A67EEA47AA4EE865A67EEA9
:1021D000867AE5EE847A65EE076A07EE107AB8EE45
:1021E000C77A87EE854A07EE905A5D789B78F8EEBD
:1021F000E77A27EE247A67EEA47A04EE905A27EE67
:10220000067AF8EEE44A67EE867A06EE103AB8EE01
:10221000C66AA5EEA47AE5EE867ABCEEC44AC7EE9D
:10222000055A14EE103A63F3070487EE856ABCEE94
:10223000E67AFCEEE55A15EE903ABCEEC66A63F318
:102240000F2416EE103A63F3174417EE103A63F3B7
:102250001F6446F82C4030F8104C50F8143C2144D0
:1022600030F80E0C93F8D04089B2024493F8D100B4
:1022700092B2B1FBF4F1B2FBF0F201EB810101206B
:1022800003EB4103134483F86C000020F0BC70475B
:10229000002CFAD0FF2D7FF469AF1B6846F82C3074
:1022A000D9E70220F0BC704700007F4310B4002241
:1022B0006FF0F4110824816084610224A0F8E0200A
:1022C000846282635DF8044BC264026680F8E22097
:1022D00080F86420C0E900214FF60B71C0E90722A5
:1022E0008185A0F84010C0E90C22C0E91122C0E9A4
:1022F0001622C0E93622704770B5D0E91645064669
:10230000A5420DD054F8043B184613B11B685B6816
:102310009847A542F6D1D6E916439C4218BFF4650A
:10232000002386F8643024B1316E2046091B15F075
:1023300004FD304670BD00BF70B5154604460E461C
:102340000121D0E916326C3093420B4A18BF40F895
:10235000103C002340F8182C084A00F8083C42665C
:10236000642240F8043C18F0A8FF2046C4E9355622
:10237000BDE87040FEF75ABDF000400118200A0A7F
:102380002DE9F04F83B0824630208946BDF8307089
:102390001646BDF834801D469DF838B015F0D1FCC6
:1023A000914B0446C0F8149080F810B0C0F804A017
:1023B0004846236020334FF0000908FB07F2A36171
:1023C0004FF0FF33920049466362A781A4F80E8064
:1023D000C4F80890C4E90799C4E90A9918F06DFF98
:1023E000DAE91732934200F0AB8043F8044B4146E0
:1023F000CAF85C303A46534648464FF0010C8AF81A
:1024000064C0B3F854C0664503D30CF1FF3C1FFA17
:102410008CF6B3F856C0654503D30CF1FF3C1FFAA8
:102420008CF593F8D0C00139013A89B292B2B0FB71
:10243000FCFA93F8D100B9FBF0FEB1FBF0F993F888
:10244000D2108A45B2FBFCF203D301F1FF3A1FFA26
:102450008AFA8A4201D301398AB293F8D3108E45A1
:1024600003D301F1FF3E1FFA8EFE894502D30139E5
:102470001FFA81F9F1451BD3524515D3D4464FEAD3
:102480008E0808EB0E010CF10107012003EB41015E
:1024900061441FFA87FC944581F86C00F1D98644A9
:1024A0001FFA8EFECE45E9D9B4F80E806368A7897D
:1024B000721E2681658107EB020C93F8D0201FFA6B
:1024C0008CFCB6FBF2F6BCFBF2FC6A1E904493F85F
:1024D000D1201FFA88F8B5FBF2F5B8FBF2F893F8B3
:1024E000D220964201D3561EB6B2944502D3013A89
:1024F0001FFA82FC93F8D320954201D3551EADB24A
:10250000904502D3013A1FFA82F8A84514D3B44586
:1025100012D332464FEA850E0EEB0501571C0120FF
:1025200003EB41011144BAB2624581F86C00F3D962
:102530000544ADB24545ECD9204603B0BDE8F08F67
:10254000DAF858906FF06042A3EB0907B2EBA70FDF
:102550004FEAA70345D0012B194638BF012113EBE1
:1025600001083BD2904528BF90464FEA8808404674
:1025700015F0E7FB3B1D002F83460344C45118DCD4
:10258000B9F1000F25D12289B4F80A90A789104625
:10259000CAF85C300BEB0803B4F80E803A44CAF872
:1025A000603009EB0801636892B2CAF858B089B28A
:1025B00023E749463A46019318F06DFFDAF86010B8
:1025C000019BA1EB09014846019315F0B6FB019B65
:1025D000D9E7DAF86010A1EB0901F4E7DFF8108021
:1025E000C5E7024815F0C8FBA801079008D6069079
:1025F000FCFFFF7F2DE9F04F83B0DDF84090DDE96F
:102600000C40DDE90EC7B9F1000F00F0AC80960078
:102610004FEA830E4FEA8108002F00F0A480019654
:102620000025064623467046043304360CF1040C9C
:10263000002100906BE016F8010C07EE904A16F8A6
:10264000024CF8EEE22A04EE900AF8EEE77A16F869
:10265000040CB8EEC33AF8EEE44A87EE865A06EE6A
:10266000900A16F8030C07EE904A07EE100AC4EE23
:10267000863A04EE90AAF8EEE66AB8EEC77AF8EE6B
:10268000E77AF8EEE44A75EEC55AB0EE454A66EED2
:10269000A36A27EE237A67EEA37A66EEA56A27EE91
:1026A000257AA5EEA34AE2EE856A67EEA57AA3EE47
:1026B000057AE4EE857A24EE066AC6EE845AC7EE01
:1026C000046A87EE847ABCEEC66AFCEEE55A15EE23
:1026D000900AFCEEE66A60F3070216EE900ABCEE82
:1026E000C77A60F30F2217EE100A60F3174216EE56
:1026F000100A60F31F624CF8042C0131341D0CF1F8
:102700000402043389B2B94222D29446264613F811
:10271000014C9B46002CF0D033F804ECFF2CF7EE74
:10272000005A9FED126A5FFA8EF04FF0000213F824
:1027300002AC02EE900ACEF3072003EE100A7FF4FB
:102740007AAF0CF802AC2CF804EC0CF8014CD4E78E
:10275000013500985A46019BADB20644D318C444D3
:102760004D45FFF461AF03B0BDE8F08F00007F433B
:102770002DE9F04F85B01646074688460E9A344636
:10278000109893421DDD82421BDC002A3CD0741A53
:10279000CD1B042C40F3108122460F9818F074FDD5
:1027A000042D40F318812A46701B394618F06CFD41
:1027B00022460F99384618F067FD381905B0BDE874
:1027C000F08F834228DC1BB3A8EB0704A6EB0809B3
:1027D000042CA6EB040540F30481224639460F98E9
:1027E00018F052FDB9F1040F40F306814A46414604
:1027F000384618F049FD22460F99284618F044FD46
:10280000284605B0BDE8F08F384605B0BDE8F08F2A
:10281000304605B0BDE8F08FB84500F08B80B0457C
:1028200000F09980A8EB0700A6EB070E84104FEA92
:10283000AE02C4EBAE0E744500F0908074453D4688
:10284000BB46C24650DA012C00F0EA80BEF1000F10
:102850004FEA840305EB840C3BDD0EF1FF39B9F13F
:10286000030F6BD90833002B03DD05F108039C45EA
:1028700064D363464FEA5E08294600200395CDE9FC
:1028800001C99446A1460130D1E90027D3E900549B
:102890004045C1E90054C3E9002701F1080103F1F3
:1028A0000803F0D11EF0010F62464C46039DDDF88F
:1028B00004C02EF00101DDF8089007D055F8210082
:1028C0005CF8213045F821304CF82100043505EB47
:1028D0008905B2FBF4F304FB132333B32246E41A55
:1028E000A2EB040E7445AEDBBEF1010F05EB8203D3
:1028F00000F08880002C05EB84054FEA840C0DDD88
:1029000028460021A046013150F8047D53F8044DBB
:10291000884504601F60F6D1A5EB0C05B2FBFEF400
:102920000EFB14240CB17246DAE75F46D046A6EBE4
:1029300008043C44204605B0BDE8F08F281F002164
:10294000013150F8043FDCF80070714507604CF825
:10295000043BF5D1BAE73C462046ECE7A8F1040178
:1029600043463A46C91B0C2975D908F10704E41BF4
:102970000E2C70D98908481C4608844608EBC60608
:10298000D2E90041D3E90005C2E90005C3E90041ED
:10299000083308329E42F3D15FEACC7309D52CF09C
:1029A000010057F8203058F8202047F8202048F838
:1029B000203044462046BEE743D0042D69DD2A4638
:1029C000701B394618F060FC042C7FF4F6AE0F9BA8
:1029D0001B683B60F1E67FF4EBAE3B6846F8043CD5
:1029E000E6E645D0B9F1040F5EDD4A464146384679
:1029F00018F04AFC284604E77FF4FDAED8F8003012
:102A00003B60F8E6184653F8044D5F46D0465A1B23
:102A1000042A44DD801A294618F036FC2C6086E72B
:102A20009300294605EB82045F461A1FD04651F8F1
:102A3000049B042A3FDD284618F026FC44F8049C39
:102A400075E70B68042D0F9A1360B8DCBFD13B68A3
:102A500046F8043CBBE73A1F4044434652F8041F83
:102A60001C68146043F8041B8342F7D14446A1E775
:102A70003B68B9F1040F0F9A136020DD4A464146C6
:102A8000384618F001FC0F9B28461B6846F8043CAA
:102A9000B7E67FF492AE3B6846F8043C8DE6BDD1C4
:102AA0002B6840F8043CB9E77FF4AAAED8F80030B0
:102AB00028463B60A5E6C1D16B682B60BEE7E2D13A
:102AC000D8F800303B60DEE72DE9F04F87B01C46B8
:102AD000109FDDF84890BB42119D0592A8BF3C466F
:102AE00004954C4575DDBB4283461E468C4624DD6D
:102AF000002B9A460C46B8BF03F1010A059B4FEA2A
:102B00006A0A5B1A00EB8A059B100AE054F822005F
:102B1000013B2968007C097C884234BF0EF1040423
:102B200013465A10002B04EB820EA3EB0203EDDCDC
:102B3000A4EB0C084FEAA80823E0002FB846A1EB4D
:102B400000030546B8BF07F101089B104FEA68086B
:102B500001EB88040AE055F82210013B2068097C4B
:102B6000007C88422CBF0EF1040513465A10002B3E
:102B700005EB820EA3EB0203EDDCA5EB0B0A4FEA9B
:102B8000AA0A049BA6EB0A06614622462846CDF80F
:102B90000890A7EB0807CDE900833346FFF7E8FD6F
:102BA000049A2946054653465846CDF80890CDE983
:102BB00000822A46FFF788FF049A33462146119285
:102BC0002846059ACDF84890109707B0BDE8F04F19
:102BD0007AE7CDE9107507B0BDE8F04FFEF7BCBD50
:102BE000A1EB000C4FEAAC0C1CF1010C48BF0CF13E
:102BF000010C4FEA6C0C2DE9F04700EB8C089C456A
:102C000084B00446A1EB08090D4616461F464CF356
:102C10001D0A4FEAA90915DD4146FFF7E1FF3B46D2
:102C2000324629464046FFF7DBFF53462A464146D7
:102C30002046CDF80090CDE90167FFF745FF04B0CD
:102C4000BDE8F0874146FEF725FC3246294640465E
:102C5000FEF720FC53462A46414620460196CDF811
:102C60000090FEF779FD04B0BDE8F0872DE9F04F44
:102C700090F8643093B08046012B00F0E98098F81A
:102C8000D330FBB108F16B0B98F8D2204FF0000A5B
:102C90005C46C346B2B126460025274616F8013FDA
:102CA000012B12D00135EBB29A42F7D80AF1010399
:102CB0009BF8D3003C46D9B2884203D99A460A34DD
:102CC000002AE8D113B0BDE8F08F00214FF4406234
:102CD00031709BF8D0309BF8D18013FB05F3DBF803
:102CE000D40018FB0AF89BB207931FFA88F30A93E3
:102CF00018F0E3FADBE9163293420B926BD0984658
:102D00000A9BCDE90C56CDE90EA7089358F8044B61
:102D1000237C002B58D09BF8D03021891F46079B7D
:102D200065898B42DDF820E0A289184603EB07098C
:102D300038BF084601EB020CAE459BF8D1A038BF66
:102D4000AE460993E145D4BFC0EB0906C0EB0C06C3
:102D5000089BB4F80E909A44A944CA45D4BFCEEB60
:102D60000A0CCEEB090C0FFA86F9B6B21FFA8CFCEE
:102D7000B9F1000F0FFA8CFA26DDAEEB0309099BBF
:102D8000AEEB0505411AC01A1FFA89F9ADB2BAF1C6
:102D9000000F80B2A7EB060389B207FB090E584665
:102DA00002FB0515A2EB06020EDDDBF8D410CDE91F
:102DB000036C01EB8E061946CDE90166646904EBEC
:102DC00085040094FFF716FC0B9B43459ED1DDE97B
:102DD0000C56DDE90EA772B6BBF8E0309BB2042BAF
:102DE0002DD80A9A58460799FEF748FA72B6BBF8EA
:102DF000E0309BB243B39BF8E22002F0FF081ABB1D
:102E000062B64FF001098BF8E29072B6BBF8DE00B3
:102E10004146DBF8D83000EB80001C180BF1400075
:102E200002F002FB374843464A462146CDE9000BF3
:102E3000584604F0CBFE62B69BF8D22032E762B669
:102E4000012005F06BFAC6E762B69BF8D22029E7AD
:102E5000D0E91667B74234D0BB1B4FEAA30A1AF178
:102E6000010448BF0134002B4FEA640434DDA3465B
:102E70004FEA8B0911A9484614F074FF88B3A345A3
:102E8000054622D106EB090B4FEAA904A7EB0B0A72
:102E90004FEAAA0A2A4659463046FEF7FBFA2A4666
:102EA00039465846FEF7F6FA23463A465946304622
:102EB000CDF800A00195FEF74FFC4946284614F0D6
:102EC0003CFF002388F86430D9E65B46394630463B
:102ED0002A46FFF785FEF0E75CB9B346A1462546D2
:102EE000D8E7BBF1010F0BF1010BF5D04FEA6B0BEB
:102EF000BEE74FF00009394630464D46FEF772FFF7
:102F0000DBE700BFC1110590084605F007BA00BF16
:102F1000143001F069BA00BF143001F061BA00BF8B
:102F200010B540F203318EB000244FF60B7340F21F
:102F30000342ADF80810029909A8ADF81030ADF8B9
:102F400024300123ADF80C202246009407940C9401
:102F5000CDE90544CDE90A4402F04CF904A8012367
:102F600022460399009402F045F909A802F050FAAC
:102F700010B901200EB010BD04A802F049FA80F08B
:102F80000100C0B240000EB010BD00BF2DE9F041FD
:102F900003239AB00125002414934FF60B78394B84
:102FA000064610941193A3F19F631595A3F57D43F5
:102FB000ADF84C80CDE916451293FFF7B1FFA8425A
:102FC00007463DD002282BD12F4B2A460094CDF83E
:102FD0004A3040F60133ADF82C80ADF81830234666
:102FE00006990E94CDE918450BAD2846CDE90C4461
:102FF00002F000F92146284602F016FA10A906F15F
:10300000700003F0F1FB214B0FCB85E80F00326F0E
:10301000294606F1140001F0A7F91AB0BDE8F081C5
:1030200040F60132184B06F158001995ADF82C20E6
:103030000BAD0B991894CDF84A3000F0A3F8DDE7FA
:103040001023114A06A906908DF828300BAD104BBD
:10305000CDF84A2009940294CDE90730CDE918044F
:1030600002A802F061FB0823029A03A92846ADF8E2
:103070000C708DF80E40049705930B9400F0C2F885
:10308000BCE700BF04020404040604039CD50690B8
:103090000704010B2DE9F041384B0446384D40F24E
:1030A0000112012604F104082DED028B82B0456067
:1030B000A36003F58133ADF8042040F2027203F5FA
:1030C000807300202285E36040F606632682A38792
:1030D000E662266400918DF8060005F0D5FA0546F3
:1030E00005F01EF96946074610BB0DB304F1500008
:1030F0008DF8066005F044FA072D36D104F1140569
:103100002046FFF743FF284601F06AF92846B0EE53
:10311000408A01F061F9D0ED007AF8EE677A88EE26
:10312000277A84ED1B7A02B0BDEC028BBDE8F081FA
:1031300004F1500005F024FA072D02D1002FDDD054
:1031400004E04146204602F09BFE9FB104F12801B5
:10315000084601F035FE04F13C01084601F030FE5E
:1031600004F1120000F068F9C8E74146204602F079
:1031700087FEC3E7002DE9D0C0E700BF05070506BD
:103180000508050930B585B0002504460122ADF8D3
:103190000C102B460399009502F02CF801212046D3
:1031A00002F042F9012005F0B9F82946204602F064
:1031B0003BF9012005F0B2F80121204605B0BDE839
:1031C000304002F031B900BF10B5C2F3002384B023
:1031D0000C46017C8DF80D2043EA4402FA240223B8
:1031E0008DF80C2003AA009402F032FB18B10124E0
:1031F000204604B010BD04460A2005F08FF8204692
:1032000004B010BD034670B5044684B043F8042BE7
:10321000FA2507C983E80700A1791E23009503AAB0
:103220001A31ADF80C3020460223C9B2217402F0E5
:103230000FFB10B1012004B070BD0A2005F06EF83C
:103240004FF4B85200950223ADF80C20204603AA93
:10325000217C02F0FDFA0028ECD10A2005F05EF88E
:1032600041F2027200950223ADF80C20204603AA19
:10327000217C02F0EDFA0028DCD10A2005F04EF89E
:10328000042200950223ADF80C20204603AA217CDD
:1032900002F0DEFA0028CDD10A2005F03FF8062220
:1032A00000950223ADF80C20204603AA217C02F0F1
:1032B000CFFA0028BED10A2005F030F841F20822EA
:1032C00000950223ADF80C20204603AA217C02F0D1
:1032D000BFFA0028AED10A200A2605F01FF8009593
:1032E000022303AA217C2046ADF80C6002F0B0FA5C
:1032F00000289FD1304605F011F823790C22009563
:10330000002B217C8DF80C20204614BF6223422321
:103310006A448DF80D30022302F09AFA002889D110
:10332000304604F0FBFFA36800952046E268217C4C
:103330001343627943EA4213227982F0010243EA9D
:1033400082130E228DF80D3002238DF80C2003AA73
:1033500002F07EFA00287FF46DAF304604F0DEFF05
:10336000102200950223ADF80C20204603AA217CF0
:1033700002F06EFA00287FF45DAF304604F0CEFF15
:10338000122100950223ADF80C1003AA217C2046DF
:1033900002F05EFA00287FF44DAF304604F0BEFF25
:1033A00001220921204604B0BDE87040FFF70CBFA0
:1033B00070B586B000240125102602A94FF4805272
:1033C0001C480194CDE90256CDE904540EF0B4FA3C
:1033D000642005F099FE022302A94FF4805215489B
:1033E00002930594CDE903650EF0A6FA042302A921
:1033F0004FF480520F480396CDE90434032302931F
:103400000EF09AFA40F23223042202A909480193ED
:1034100010230495CDE90223019B4FF480520593BC
:103420000EF08AFA40F6060102480EF0A5FA204690
:1034300006B070BDA409002470B51D4B88B00822E9
:103440004FF4006400211B4E1A614FF0020C0392EE
:103450000A225C62202406924022054699600320DD
:10346000196210215E600126C3E905424FF4C07263
:10347000DE60DA6107229FED0C7BCDE900C20422F9
:10348000CDE904016946181D029283ED0A7B0EF016
:1034900029FA30B904462846FFF78AFF204608B0CB
:1034A00070BD304608B070BD001000000000000084
:1034B000A0090024404100525E4A0023F0B5146880
:1034C0008FB00A93002C40F0B2805B4B01210326A1
:1034D0000C2511600227D3F8D420584842F48052BA
:1034E000C3F8D420D3F8D42002F480520092009A7A
:1034F000D3F8E02042F01002C3F8E020D3F8E02037
:1035000002F010020192019AD3F8E02042F040024A
:10351000C3F8E020D3F8E02002F040020292029AC1
:10352000D3F8E02042F00802C3F8E020D3F8E0200E
:1035300002F008020392039AD3F8E02042F480726A
:10354000C3F8E020D3F8E02002F480720492049AD9
:10355000D3F8E02042F08002C3F8E020D3F8E02066
:1035600002F080020592059AD3F8E02042F0200292
:10357000C3F8E020D3F8E02002F020020692069A79
:10358000D3F8E02042F00402C3F8E0204FF6837243
:10359000D3F8E0300B9603F004030C950793022355
:1035A000079908A9CDE9082307F08CFF48F23713E3
:1035B00008A9234808930C950997CDE90A4607F016
:1035C00081FF4CF2037308A91E480893CDE90974E2
:1035D000CDE90B6507F076FF40F2FF6308A91A48B2
:1035E0000893CDE90974CDE90B6507F06BFF4FF641
:1035F0000C7308A915480893CDE90974CDE90B654A
:1036000007F060FF4FF63F0308A911480893CDE982
:103610000974CDE90B6507F055FF202308A90B4875
:1036200009970C950893CDE90A4607F04BFF0FB0B8
:10363000F0BD00BF98090024004402580010025851
:1036400000180258000C025800200258001C0258B2
:10365000001402582DE9F04F8BB0DFF85881064670
:103660004E4800AF0D46144603F0BCF94369D8E953
:103670000621002A00F0E081002940F09D8002220E
:10368000D8F804A04FF008097A62BAF1000F00F0F0
:103690009D80A200E946012B02F1070222F00702F9
:1036A000ADEB020D6846ADEB020DEB4600F0CB81B1
:1036B000022B00F05982002B40F0BA81002C00F060
:1036C000B7811A46D8ED0C6A9FED357A0146331D55
:1036D00036F922C0083107EE90CA33F922C002320F
:1036E000F8EEE77A944267EE877A67EEA67A41EDC4
:1036F000027A07EE90CAF8EEE77A67EE877A67EE0D
:10370000A67A41ED017AE3D859462246D0470021F6
:1037100098ED0D6A2B1DDFED236A23489FED237A78
:10372000DFED235ADBED007A024666EE277AF4EEEF
:10373000E67AF1EE10FA0CD9F4EEC77AF1EE10FA4F
:1037400067FE277A67EEA57AFDEEE77A17EE902AF4
:1037500012B2DBED017A45F8212066EE277AF4EE0D
:10376000E67AF1EE10FA40F2DB81F4EEC77A0BF163
:10377000080BF1EE10FA67FE277A67EEA57AFDEEE8
:10378000E77A17EE902A12B243F821200231A142C3
:10379000C8D3CD462C37BD46BDE8F08FF0090024D4
:1037A0000000003804FF7FBF0280FFFF04FF7F3F5F
:1037B00000FEFF46D80900240422D8F804A04FF0E8
:1037C00010097A62BAF1000F7FF463AF3B62D8F858
:1037D0000030BB61002BDDD0DA48C7F810D003F011
:1037E0006BF97B6AF860022B3B6A00F044826A4600
:1037F00060084946012BA2EBC4029546B860C4F3A9
:103800005D02EB46ABEBC4008546EE46ADEB090D21
:103810000BEB820968460EEB820CADEB010D014605
:10382000C7F820D0F961C0E900B909EB82008860CF
:103830000CEB820178617869029101EB820100EB67
:1038400082000391F969CDE900ECC86000F0EE83D5
:10385000022B00F00183002B40F0F581002C00F0DA
:103860004B847A6A022A00F04D841946D8F8242045
:10387000FB68DFEDB55A02EB8302FB697D6102F163
:10388000040ED3E902A0331D844636F92100D8ED99
:103890000C7A06EE100A33F9210006EE900A32F98E
:1038A0002100B8EEC66A07EE100AF8EEE66A3EF9A5
:1038B0002100B8EEC77A26EE256A66EEA56A27EEE5
:1038C000257A26EE276A66EEA76A27EE277A07EEA4
:1038D000900A48080231F8EEE77A0BEB80058C423B
:1038E00085ED006A09EB800567EEA57AC5ED006AF3
:1038F0000AEB80050CEB800085ED007A98ED0C7AE0
:1039000067EE877AC0ED007ABFD87D69BB69BA6877
:10391000D7E9070198473B6A98ED0D7AD3E900CEC5
:103920007B6A022B00F03D84D8F82C300020FA6826
:10393000DFED8C6A03EB820A3B6A9FED846ADFED60
:10394000845A0AF10408834ED3E9029B2B1D4208D6
:103950000CEB82019200D1ED007A67EE277AF4EE4B
:10396000E67AF1EE10FA40F28481F4EEC67AF1EED6
:1039700010FA66FE277A67EEA57AFDEEE77A17EE73
:10398000901A09B245F820100EEB0201D1ED007A31
:1039900067EE277AF4EEE67AF1EE10FA40F26781EC
:1039A000F4EEC67AF1EE10FA66FE277A67EEA57A93
:1039B000FDEEE77A17EE901A09B243F8201009EBF2
:1039C0000201D1ED007A67EE277AF4EEE67AF1EEA5
:1039D00010FA40F24A81F4EEC67AF1EE10FA66FE71
:1039E000277A67EEA57AFDEEE77A17EE901A09B20C
:1039F0005A444AF82010D2ED007A67EE277AF4EEA6
:103A0000E67AF1EE10FA40F22981F4EEC67AF1EE90
:103A100010FA66FE277A67EEA57AFDEEE77A17EED2
:103A2000902A12B248F82020023084428FD80FE149
:103A300022465946D047ACE600297FF420AE2C3709
:103A4000BD46BDE8F08F002CF2D0D8ED0C6A84465C
:103A50009FED417A0021331D56F821200CF1080C0E
:103A600082F40002A2F5000207EE902A53F821200A
:103A70000231F8EEE77A82F400028C42A2F50002ED
:103A800067EE877A67EEA67A4CED027A07EE902A07
:103A9000F8EEE77A67EE877A67EEA67A4CED017A60
:103AA000DAD822465946D047002298ED0D6A2B1DE0
:103AB000DFED2C6A29489FED257ADBED007A01467F
:103AC00066EE277AF4EEE67AF1EE10FA0BD9F4EE10
:103AD000C77AF1EE10FA67FE277AF0EE675AFEEE2B
:103AE000E45A15EE901ADBED017A45F8221066EEE5
:103AF000277AF4EEE67AF1EE10FA1AD9F4EEC77AE4
:103B00000BF1080BF1EE10FA67FE277AFEEEE47A6D
:103B100017EE901A43F8221002329442CDD838E6BC
:103B200043F8210002310BF1080B8C423FF6FAAD4D
:103B30002FE643F8220002320BF1080B9442BCD866
:103B400027E600BFF40900240000003804FF7F3F8F
:103B500000FEFF460280FFFF000000347E0080FF71
:103B60000000003004FF7FBF002C3FF461AFD8EDB0
:103B70000C6A01461FED067A0022331D844656F872
:103B80002200083107EE900A53F822000232F8EEC4
:103B9000E77A944267EE877A67EEA67A41ED027A79
:103BA00007EE900AF8EEE77A67EE877A67EEA67A74
:103BB00041ED017AE3D8604622465946D0470022BB
:103BC00098ED0D6A2B1D5FED196A9D489FEDA17A56
:103BD000DBED007A014666EE277AF4EEE67AF1EE46
:103BE00010FA0BD9F4EEC77AF1EE10FA67FE277AD5
:103BF000F0EE675AFEEEE05A15EE901ADBED017A10
:103C000045F8221066EE277AF4EEE67AF1EE10FA25
:103C100011D9F4EEC77A0BF1080BF1EE10FA67FE3A
:103C2000277AFEEEE07A17EE901A43F8221002325D
:103C30009442CDD8ADE543F8220002320BF1080BD7
:103C40009442C5D8A5E5BA68BB69D7E9070198478A
:103C5000D7F810D02C37BD46BDE8F08F48F820606B
:103C6000023084423FF673AEF2E73146C0E6314699
:103C7000A3E6314686E6A00049466208012B00F122
:103C8000070020F00700ADEB000DEB46ADEB000D9B
:103C9000BA606846ADEB090D0BEB8209EC46C7F83C
:103CA0001CD0ADEB010D00EB8201CCE900B9C7F8E7
:103CB00020D0009001917FF4CBAD002C00F01C824D
:103CC00098ED0C6A331DDFED5F6A56F82A1081F417
:103CD0000001A1F5000107EE901A53F82A1081F4B3
:103CE0000001B8EEE77AA1F5000127EE267A07EE8B
:103CF000901A4FEA5A010AF1020AF8EEE77A0BEB42
:103D0000810027EE067A09EB8101544567EEA67A19
:103D100080ED007A67EE867AC1ED007AD5D8BB696E
:103D2000D7E9070198473B6A98ED0D7AD3E900CEB1
:103D30007B6A022B00F0D282D8F82C300020FA687F
:103D4000DFED436A03EB820A3B6A9FED426A0AF1A8
:103D500004083D4ED3E9029B2B1D42080CEB820167
:103D60009200D1ED007A67EE277AF4EEE67AF1EE72
:103D700010FA63D9F4EEC67AF1EE10FA66FE277AED
:103D8000F0EE675AFEEEE45A15EE901A45F8201050
:103D90000EEB0201D1ED007A67EE277AF4EEE67AB7
:103DA000F1EE10FA48D9F4EEC67AF1EE10FA66FE9A
:103DB000277AF0EE675AFEEEE45A15EE901A43F8B1
:103DC000201009EB0201D1ED007A67EE277AF4EEBC
:103DD000E67AF1EE10FA2DD9F4EEC67AF1EE10FA89
:103DE00066FE277AF0EE675AFEEEE45A15EE901A58
:103DF0005A444AF82010D2ED007A67EE277AF4EEA2
:103E0000E67AF1EE10FA0FD9F4EEC67AF1EE10FA76
:103E100066FE277AFEEEE47A17EE902A48F8202014
:103E20000230844299D813E748F820600230844277
:103E300093D80DE73146DBE73146C0E73146A5E7C9
:103E4000007E0080000000347E0080FF0000003013
:103E500004FF7FBF04FF7F3F002C00F04D817B6A91
:103E6000022B00F07781D8F82430FA687D6103EBEB
:103E7000820CFB695FED0B5A00220CF1040ED3E9B2
:103E800002A1331D0D4656F82210D8ED0C7A07EE2C
:103E9000101A53F82210B8EEC76A07EE101A5CF831
:103EA0002210F8EEC76A07EE101A26EE256A5EF8B1
:103EB0002210B8EEC77A66EEA56A26EE276A27EECC
:103EC000257A66EEA76A27EE277A07EE901A510840
:103ED0000232F8EEE77A0BEB8100944280ED006A43
:103EE00009EB810067EEA57AC0ED006A0AEB81005C
:103EF00005EB810180ED007A98ED0C7A67EE877A08
:103F0000C1ED007ABFD87D69BB69BA68D7E90701FE
:103F100098473B6A98ED0D7AD3E900CE7B6A022B75
:103F200000F08881D8F82C300020FA685FED386AFC
:103F300003EB820A3B6A1FED396A0AF10408DF4E7F
:103F4000D3E9029B2B1D42080CEB82019200D1EDBC
:103F5000007A67EE277AF4EEE67AF1EE10FA63D98A
:103F6000F4EEC67AF1EE10FA66FE277AF0EE675AA2
:103F7000FEEEE05A15EE901A45F820100EEB020105
:103F8000D1ED007A67EE277AF4EEE67AF1EE10FAD8
:103F900048D9F4EEC67AF1EE10FA66FE277AF0EE12
:103FA000675AFEEEE05A15EE901A43F8201009EB1E
:103FB0000201D1ED007A67EE277AF4EEE67AF1EEAF
:103FC00010FA2DD9F4EEC67AF1EE10FA66FE277AD1
:103FD000F0EE675AFEEEE05A15EE901A5A444AF88F
:103FE0002010D2ED007A67EE277AF4EEE67AF1EE51
:103FF00010FA0FD9F4EEC67AF1EE10FA66FE277ABF
:10400000FEEEE07A17EE902A48F820200230844233
:1040100099D81DE648F820600230844293D817E60C
:104020003146DBE73146C0E73146A5E7002C63D0D7
:10403000D8F824305246F9687D6003EB810CDFED3F
:10404000A05A331D7D690CF1040E56F82210D8EDEC
:104050000C7A81F40001A1F5000107EE101A53F863
:10406000221081F40001B8EEC76AA1F5000126EE26
:10407000256A07EE101A5CF8221081F40001F8EEB0
:10408000C76A26EE276AA1F5000166EEA56A07EE6B
:10409000101A5EF82210B8EEC77A81F4000166EEBD
:1040A000A76AA1F5000127EE257A27EE277A07EE09
:1040B000901A51080232F8EEE77A0BEB810A94422B
:1040C0008AED006A09EB810A67EEA57ACAED006AFB
:1040D00005EB810A00EB81018AED007A98ED0C7AFC
:1040E00067EE877AC1ED007AAFD8BB69D7E9015294
:1040F000D7E90701984716E60022BB69D7E907010F
:104100009847A5E51A4698ED0C6ADFED6E6A331DF7
:1041100036F9221007EE101A33F9221007EE901A22
:10412000B8EEC77A51080232F8EEE77A27EE267A1F
:104130000BEB8100944209EB810167EEA67A27EE32
:10414000067A67EE867A80ED007AC1ED007ADFD8D4
:10415000FFF7DCBB98ED0C6A0022DFED5B6A331DD4
:1041600056F8221007EE901A53F82210B8EEE77AAC
:1041700007EE901A51080232F8EEE77A27EE267A17
:104180000BEB8100944209EB810167EEA67A27EEE2
:10419000067A67EE867A80ED007AC1ED007ADFD884
:1041A000B2E60021DFED4B6A9FED4B6A2B1DDFED80
:1041B000475A47484A0806460CEB82089200D8ED59
:1041C000007A67EE277AF4EEE67AF1EE10FA0CD96F
:1041D000F4EEC67AF1EE10FA66FE277A67EEA57A5B
:1041E000FDEEE77A17EE906A36B2724445F8216028
:1041F000D2ED007A67EE277AF4EEE67AF1EE10FA65
:1042000012D9F4EEC67AF1EE10FA66FE277A67EE5E
:10421000A57AFDEEE77A17EE902A12B243F8212034
:1042200002318C42C6D813E543F8210002318C429A
:10423000C0D80DE50021DFED276A9FED276A2B1D11
:104240001E484A0806460CEB82089200D8ED007A18
:1042500067EE277AF4EEE67AF1EE10FA0BD9F4EE77
:10426000C67AF1EE10FA66FE277AF0EE675AFEEE95
:10427000E05A15EE906A724445F82160D2ED007A5A
:1042800067EE277AF4EEE67AF1EE10FA0FD9F4EE43
:10429000C67AF1EE10FA66FE277AFEEEE07A17EEA5
:1042A000902A43F8212002318C42CAD8D0E443F846
:1042B000210002318C42C4D8CAE400BF007E0080D5
:1042C00000000034000000380000003000FEFF460F
:1042D0000280FFFF04FF7FBF04FF7F3F00215FEDEF
:1042E000036A1FED036A2B1D1E484A0806460CEBA5
:1042F00082089200D8ED007A67EE277AF4EEE67A2B
:10430000F1EE10FA0BD9F4EEC67AF1EE10FA66FE71
:10431000277AF0EE675AFEEEE45A15EE906A724480
:1043200045F82160D2ED007A67EE277AF4EEE67A5E
:10433000F1EE10FA0FD9F4EEC67AF1EE10FA66FE3D
:10434000277AFEEEE47A17EE902A43F82120023114
:104350008C42CAD87CE443F8210002318C42C4D894
:1043600076E400BF7E0080FF30B5184C85B015465E
:10437000046004F1080E0FC98EE80F00D4ED047A32
:10438000F5EEC07A8DE80F00F1EE10FA1ADDB7EE07
:10439000006A94ED057A27EE277AC6EE276A84ED47
:1043A0000D7AC4ED0C6A6DB1204640F8185F02F03A
:1043B00019FB074903690020064A2162A262E360F3
:1043C00005B030BD012005B030BD00BFD8090024C4
:1043D000383E0030381E003000680830704700BF9B
:1043E0000068183002F056BB30B5046883B00D4643
:1043F000E3694BB1A3680020E26A616A9B00009008
:1044000004F11C0002F0F0FAA3680748A26A9B00BE
:10441000216A009004F1180002F0E6FA0020C4E9D5
:10442000005003B030BD00BF55360590064B30201C
:1044300003214FF07E52C3E90201002000211A61DE
:104440005A61C3E906017047D809002470B52DED03
:10445000028B84B000260446B0EE408AADF80C1002
:1044600015463346012203991830009600F0C2FE2B
:1044700000232575A36084ED048AC4E900663DB17C
:104480004FF48073A4F8153004B0BDEC028B70BDFE
:104490004FF00103A4F8153004B0BDEC028B70BDE1
:1044A00020EE007ADFED067A27EE000A60EE277A2A
:1044B00080ED020AFCEEE77AC0ED017A704700BF9A
:1044C00000FF7F4790ED046AB7EE007ADFED0E5AE9
:1044D0000346D0ED036A1830C5EE867A77EEA67AE9
:1044E000F4EEC77AF1EE10FAC8BF77EEC77A10ED96
:1044F000047AB4EEE77A40ED037AF1EE10FACCBF1D
:10450000597D997D00F090BF0000F042704700BFD8
:104510000FB470B582B02B4C2B4E06AB206853F80D
:10452000042BC0F180013044019316F09FFE2368F4
:104530001844206038B3321800E020B312F8013D6F
:10454000014601380D2B18BF0A2BF6D08D1C7F2D8C
:1045500031D942F224428023A6F87E201D461B4E0C
:1045600023603368012B19D82A461749184800F0F0
:10457000EBF8D8B9336820600133336002B0BDE88E
:10458000704004B070470A230D227370022332700A
:104590001D460E4E23603368012BE5D92A460A4991
:1045A0000B4800F0D1F80028F8D1206002B0BDE837
:1045B000704004B070470D230A2273540E442B46FA
:1045C0007270E6E71C0A0024200A0024180A00245E
:1045D000140A002410B504460021084800F02EF803
:1045E000074B640007481C60FFF792FF0648FFF77F
:1045F0008FFF0A20BDE8104003F090BE140A00248B
:10460000180A002470DE069080DE0690064A0749EC
:10461000074808B513F08CFB034A04490548BDE878
:10462000084013F085BB00BF000000240D45059035
:10463000140A0024100A0024704700BF012910B595
:1046400017D002290ED019B1BDE8104009F0DEBC28
:10465000344B0A46344C354935481C600FF046FE51
:10466000D0B1FEE70122334933480FF03FFE68B175
:10467000FEE70A4630482F490FF038FE00B1FEE74A
:104680002E492D480FF056FEC0B1FEE72B492A48AF
:104690000FF050FE60B1FEE7284925480FF04AFEB2
:1046A00000B1FEE7264922480FF0C4FD08B3FEE73B
:1046B000244921480FF0BEFD60B1FEE721491E48A4
:1046C0000FF0B8FD00B1FEE71B480FF05BFE0028BD
:1046D000BAD0FEE718480FF055FE024640B9114B1C
:1046E000114C124912481C600FF000FE38B1FEE771
:1046F000FEE70F480FF046FE0028A5D0FEE70F4961
:104700000B480FF017FE00B1FEE70D4908480FF007
:1047100091FD00B1FEE706480FF034FE002893D06B
:10472000FEE700BFA00A00243946059028030024B4
:10473000A80A0024F8020024840D00248004002428
:10474000B00200249C020024084691B208B504F08F
:104750008DF8003818BF012008BD00BF014808F0DF
:1047600097BC00BF78500024014808F091BC00BFFE
:1047700078500024014808F08BBC00BF785000241A
:1047800010B4002383B00324018080F8503080F8F7
:104790005120C0E9014303B05DF8044B704700BFEE
:1047A0002DE9F04F0024BE4F8DB0BE4D0370804602
:1047B000BD4B164642608946202221463846C5F840
:1047C0008835C5F88475CDE90144CDE90344CDE9C8
:1047D0000544CDE90744CDE9094416F06EFD2022D9
:1047E000214605F26250C5F85145C5F85545C5F852
:1047F0005945C5F85D4516F060FD85F85065D8F857
:10480000043085F86846002B00F0798105F5AA6A26
:1048100009F1500B2646522209EB040128190136F2
:1048200016F039FE4FF0000327F8023B1BF8042076
:104830000AF8012FD8F8043062B14FF00102B342F8
:1048400004F1540485F86826E5D895F850650022EF
:1048500001230BE09E4204F15404DCD395F8683642
:1048600095F85065002BF3D10122032385F8A1258B
:10487000012198F800200027C5F8B8350023C5F8B5
:10488000A4650026C5F8943585F8A03585F8A835C7
:10489000C5F8BC35C5F8C035844BC5F89815C5F8C2
:1048A0008C354FF48023C5F890350823C5F89C3526
:1048B0007F4BC3E900679AB1002085F8C415013A1F
:1048C0000121E3E90801082A0CD8DFE812F0FB0017
:1048D000E400DF00DA00D500D000CA00C300BC004D
:1048E00085F8C425734805F027F8034608B1FFBED4
:1048F000FEE701A96F48019305F082F9002840F016
:10490000A080042340F2FF720990CDE9072395F8B7
:104910005035002B49D0684F8146DFF8A4A14FF0F5
:10492000070BA7F22C5494F83D30072B07D8DFE88B
:1049300003F082857F79767C3F04CDF818B0A4F12E
:10494000140000F04DFB94F83C30042B3ADC022BB1
:1049500000F3CE8000F0C98000233B7014F8143CB3
:1049600014F8132C002B40D0022B00F0B080012B48
:1049700005D1012A00F0C980002A00F0D28000236E
:10498000049304A95AF8043B4A48059304F020FC18
:10499000002840F0BC8009F1010995F85025013745
:1049A00054345FFA89F39A42BDD80DB0BDE8F08F58
:1049B0000623A4F11400069300F012FB94F83C3097
:1049C000042BC4DD03233B70A0460026404601367D
:1049D00000F006FB3B7808F11408B342F6DC14F84B
:1049E000143C14F8132C002BBED1062A00F083804F
:1049F000072A00F09280022A00F09580032A00F036
:104A00009680002A00F09180012A00F09280042A0A
:104A100000F09180052A294A08BF1346B0E7042315
:104A200006938CE70323069389E70523069386E71D
:104A30000223069383E70023069380E7012306936E
:104A40007DE7FFBEFEE740F2FF304FF4A07143E97F
:104A5000020147E740F2FF104FF4907143E9020171
:104A600040E7FF204FF4807143E902013AE77F20DD
:104A7000E02143E9020135E73F20C02143E902017B
:104A800030E71F20A02143E902012BE70F208021FE
:104A900043E9020126E70720602143E9020121E7FB
:104AA000385E003060100024785E00300020024044
:104AB00010160024EC150024A01500240000B84FA7
:104AC000D40107900320402143E902010AE7042AA8
:104AD00013D0052A17D0E2B1012A1CD0022A1ED019
:104AE000032A7FF44CAF154B4AE701233B706BE779
:104AF00002233B7068E7124B42E7124B40E7F6B2E5
:104B000001220323B2E6104B3AE7104B38E7FFBE11
:104B1000FEE70F4B34E70F4B32E70F4B30E70F4BFD
:104B20002EE70F4B2CE70F4B2AE70F4B28E70F4BD5
:104B300026E70F4B24E70F4B22E700BF00209036FB
:104B40000800900C1000C010000180212000F0141B
:104B50000004002A0008302E8000501D0010603232
:104B60000002B0250040C03A000021430080F03E22
:104B7000000052470000844B10B5084C40F2FF7211
:104B80004FF00111204604F0E9FF14F83C2C54F8D2
:104B9000081C2046BDE8104004F05ABDEC15002466
:104BA000034B0F29D3F8840598BF00EB41007047F1
:104BB00060100024234B02689A4200D07047224ABA
:104BC00000232248D2F8D81010B5214C82B041F011
:104BD0002001C4F8F0050920C4F8F835C4F8F4053C
:104BE0004FF48060C2F8D810D2F8D820C4F8FC3551
:104BF00002F02002C4F81036C4F8143601924FF4C3
:104C00000052019B94F86836C4F800064FF4006027
:104C100083F00103C4F80826C4F8040604F5BE6056
:104C20001B02C4F80C3605F011FA08B1FFBEFEE70E
:104C300004F28C5304F5BE62C4F82836C4F8D825B3
:104C400002B010BD00200240004402584000024063
:104C500060100024014806F021BA00BF501600245D
:104C6000444B02689A4200D070472DE9F047424D0C
:104C700095F868360BB9BDE8F08795F85025002AFD
:104C800048D005F5AC6605F13C0805F5AA67002497
:104C900013E003F001013380A8F1280017F811ACEC
:104CA00000F0C2FBBAF1010F23D895F8502501346A
:104CB00008F15408A3B29A422AD917F8013F0236E4
:104CC000002BF4D0D5F884350021327833F8140065
:104CD000D5F8883503EB041323F8120033883A78AB
:104CE00001339BB29A425FFA83F9D2D80B468946C8
:104CF000D1E7C9F34001A8F1140000F095FBBAF127
:104D0000020FC9F38001D0D0404600F08DFBCCE704
:104D100095F8683683F001031849194C00221B02EC
:104D2000C5F8F0150921A4F11000C5F80C364FF4B0
:104D30000063C5F8F4154FF4806163604FF40053CD
:104D4000C5F8F825C5F8FC25C5F80016C5F81026E5
:104D5000C5F81426A36005F079F908B1FFBEFEE797
:104D600095F85025A4F17400D5F88415BDE8F047F6
:104D700004F06EBC0020024060100024400002409D
:104D800060160024704700BF0C4B4FF60B710022D9
:104D900003F5A8601980DA6099821A6219855A634E
:104DA00099879A64C3E90122C3E90622C3E90B2269
:104DB000C3E9102254339842ECD1704760100024AC
:104DC00084460FC98CE80F009CF800300B2B47D0AD
:104DD00000B59CF801E091B0BEF10F0F3DD802295B
:104DE0003FD0032904D0A1F10101B1FA81F14909B1
:104DF000DCF808200C91012A05D0A2F10202B2FAD7
:104E000082F252095200DCF80C100D92022906D0F1
:104E1000032904D0A1F10101B1FA81F149090A2B5A
:104E20000E910FD8624A591E02EB8323CCF8103042
:104E3000092900F2AE80DFE801F0253443526170A9
:104E40007F8E9D1600231846CCF8103001230BA945
:104E500003FA0EF30B9306F035FB11B05DF804FB7B
:104E600070471121C4E7534B5348D3F8E02042F474
:104E70008062C3F8E020D3F8E03003F480630A9343
:104E80000A9BE3E74B4B4D48D3F8E02042F0020287
:104E9000C3F8E020D3F8E03003F002030193019B54
:104EA000D4E7444B4648D3F8E02042F00402C3F86C
:104EB000E020D3F8E03003F004030293029BC5E73F
:104EC0003C4B4048D3F8E02042F00802C3F8E02011
:104ED000D3F8E03003F008030393039BB6E7354BA8
:104EE0003948D3F8E02042F01002C3F8E020D3F8AC
:104EF000E03003F010030493049BA7E72D4B3348E5
:104F0000D3F8E02042F02002C3F8E020D3F8E030EC
:104F100003F020030593059B98E7264B2C48D3F814
:104F2000E02042F04002C3F8E020D3F8E03003F084
:104F300040030693069B89E71E4B2648D3F8E020E2
:104F400042F08002C3F8E020D3F8E03003F08003A1
:104F50000793079B7AE7174B1F48D3F8E02042F4EA
:104F60008072C3F8E020D3F8E03003F48073089334
:104F7000089B6BE70F4B1948D3F8E02042F400720E
:104F8000C3F8E020D3F8E03003F400730993099BE1
:104F90005CE7084B0648D3F8E02042F00102C3F872
:104FA000E020D3F8E03003F001030093009B4DE7CD
:104FB0000000025800440258002802580004025819
:104FC00000080258000C0258001002580014025841
:104FD00000180258001C02580020025800240258F1
:104FE00002780B2A38D090F801C00346BCF10F0FAD
:104FF00032D84068022800B591B03BD0032804D0D5
:10500000A0F10100B0FA80F0400999680C900129E4
:1050100005D0A1F10201B1FA81F149094900D8682E
:105020000D91022806D0032804D0A0F10100B0FAA7
:1050300080F040090A2A0E900FD86249501E01EBF9
:1050400082221A61092800F2AD80DFE800F02433E3
:105050004251606F7E8D9C157047002210461A6188
:1050600001230BA903FA0CF30B9306F02BFA11B0F2
:105070005DF804FB1120C8E7534B5448D3F8E020F7
:1050800042F48062C3F8E020D3F8E03003F4806398
:105090000A930A9BE4E74C4B4D48D3F8E02042F0DA
:1050A0000202C3F8E020D3F8E03003F002030193DA
:1050B000019BD5E7444B4748D3F8E02042F0040277
:1050C000C3F8E020D3F8E03003F004030293029B1E
:1050D000C6E73D4B4048D3F8E02042F00802C3F851
:1050E000E020D3F8E03003F008030393039BB7E715
:1050F000354B3A48D3F8E02042F01002C3F8E020E4
:10510000D3F8E03003F010030493049BA8E72E4B80
:105110003348D3F8E02042F02002C3F8E020D3F86F
:10512000E03003F020030593059B99E7264B2D48BB
:10513000D3F8E02042F04002C3F8E020D3F8E0309A
:1051400003F040030693069B8AE71F4B2648D3F8DB
:10515000E02042F08002C3F8E020D3F8E03003F012
:1051600080030793079B7BE7174B2048D3F8E02089
:1051700042F48072C3F8E020D3F8E03003F4807387
:105180000893089B6CE7104B1948D3F8E02042F4D1
:105190000072C3F8E020D3F8E03003F40073099301
:1051A000099B5DE7084B0748D3F8E02042F0010275
:1051B000C3F8E020D3F8E03003F001030093009B34
:1051C0004EE700BF00000258004402580028025871
:1051D0000004025800080258000C0258001002583F
:1051E0000014025800180258001C025800200258EF
:1051F0000024025810B592B00180ADF80410C9B275
:10520000149C0B29C460C0E901233FD090F801E051
:105210008446BEF10F0F39D8022A39D0032A04D0B0
:10522000A2F10102B2FA82F25209012B0E9205D0CC
:10523000A3F10203B3FA83F35B095B00022C0F9323
:1052400006D0032C04D0A4F10104B4FA84F4640958
:105250000A2910940FD8624B4A1E03EB8123CCF825
:105260001030092A00F2AC80DFE802F0233241500E
:105270005F6E7D8C9B1400231846CCF81030012300
:105280000DA903FA0EF30D9306F01CF912B010BD30
:105290001122CAE7534B5448D3F8E02042F480620D
:1052A000C3F8E020D3F8E03003F480630C930C9B48
:1052B000E5E74C4B4D48D3F8E02042F00202C3F83A
:1052C000E020D3F8E03003F002030393039BD6E71A
:1052D000444B4748D3F8E02042F00402C3F8E020F2
:1052E000D3F8E03003F004030493049BC7E73D4B7D
:1052F0004048D3F8E02042F00802C3F8E020D3F899
:10530000E03003F008030593059BB8E7354B3A48B6
:10531000D3F8E02042F01002C3F8E020D3F8E030E8
:1053200003F010030693069BA9E72E4B3348D3F8EE
:10533000E02042F02002C3F8E020D3F8E03003F090
:1053400020030793079B9AE7264B2D48D3F8E020CC
:1053500042F04002C3F8E020D3F8E03003F040030D
:105360000893089B8BE71F4B2648D3F8E02042F0B8
:105370008002C3F8E020D3F8E03003F08003099303
:10538000099B7CE7174B2048D3F8E02042F4807259
:10539000C3F8E020D3F8E03003F480730A930A9B4B
:1053A0006DE7104B1948D3F8E02042F40072C3F8BF
:1053B000E020D3F8E03003F400730B930B9B5EE71F
:1053C000084B0748D3F8E02042F00102C3F8E02080
:1053D000D3F8E03003F001030293029B4FE700BFD4
:1053E00000000258004402580028025800040258E5
:1053F00000080258000C025800100258001402580D
:1054000000180258001C02580020025800240258BC
:1054100008B5012143780069994089B206F086FBFE
:10542000003818BF012008BD01230A4641780069F1
:1054300003FA01F189B206F07FBB00BF10B500236B
:1054400086B0122204460393CDE901230368022BA0
:105450001FDC002B01DB0423049323790A2B1FD8C4
:10546000114800EB83206279012369469340009341
:1054700006F028F8A3790A2B14D80B4800EB8320F8
:10548000E279012369469340009306F01BF806B0C9
:1054900010BD032BE1D10623049323790A2BDFD916
:1054A0000020E0E70020EBE700000258634A0368B1
:1054B000934210B58CB028D0614A934258D0614ACB
:1054C000934200F09480604A934201D00CB010BD2A
:1054D0005E4C5F48D4F8E03043F00203C4F8E0309B
:1054E000D4F8E03003F002030A930A9BFFF7A6FF0B
:1054F000D4F8F43043F08003C4F8F430D4F8F43036
:1055000003F080030B930B9BE0E7504C5148D4F819
:10551000E03043F00203C4F8E030D4F8E03003F0A8
:1055200002030193019BFFF789FFD4F8E8300022C2
:105530001F2043F400131146C4F8E830D4F8E830D3
:1055400003F400130293029BD4F8D83043F0010314
:10555000C4F8D830D4F8D83003F001030393039B88
:1055600004F0C2FB1F200CB0BDE8104004F0F8BBF3
:10557000364C3948D4F8E03043F08003C4F8E030CA
:10558000D4F8E03003F080030493049BD4F8E030B7
:1055900043F00203C4F8E030D4F8E03003F0020333
:1055A0000593059BFFF74AFFD4F8E830002221203D
:1055B00043F480031146C4F8E830D4F8E83003F42B
:1055C00080030693069BD4F8D83043F00103C4F857
:1055D000D830D4F8D83003F001030793079B04F0C8
:1055E00083FB21200CB0BDE8104004F0B9BB1B4880
:1055F000FFF724FF154B00224820D3F8E84011465E
:1056000044F40004C3F8E840D3F8E84004F400048C
:105610000894089CD3F8D84044F00104C3F8D8405B
:10562000D3F8D83003F001030993099B04F05CFB25
:1056300048200CB0BDE8104004F092BB005400407C
:1056400000580040005C0040001C00580044025814
:1056500070190024D0160024B017002490180024DC
:10566000F0B5002287B0184B1021CDF802206F460C
:10567000CDF806209C46CDF80A206E46CDF80E20C7
:105680000CF11805CDF812200CF1300EADF81620F3
:10569000FF220E4B6C46ADF800101A700FCFACE82D
:1056A0000F0097E803008CE803000FCE0FC596E8C3
:1056B000030085E803000FCCAEE80F0094E8030078
:1056C0008EE8030007B0F0BD14010024CC160024BE
:1056D00010B5EFF3108472B6084B1A78120602D593
:1056E00004B962B610BD1B7805485BB2C3EBC303B7
:1056F00000EB431005F0D2FCF2E700BFCC1600240B
:10570000E4160024014807F0B7BB00BF5C17002473
:10571000014807F0B1BB00BF3C180024014807F066
:10572000ABBB00BF1C1900242DE9F0430D6885B008
:105730003E4EC5EBC503032D4FEA431706EB43135B
:1057400003605BDCCA680C46012A57D84FEAC508DB
:1057500050D020689C466168A8EB0509A2680DF14D
:10576000100EE36806EB4919ACE80F00304B227CC1
:105770008CF80020D9F808C00FCB0EE90F000EEB13
:105780008503BCF1010F53F8103CC9F88C3043D0AD
:10579000BCF1020F36D0BCF1000F08D102F06CFF53
:1057A000244B98420CBF244B244BC9F890308C37C3
:1057B000227CA8EB050800233744520006EB48166C
:1057C00001213846C6F8AC30C6E92521C6E92733A1
:1057D000C6E9293306F0F0FF80B90146384607F0E4
:1057E00057FB58B90146384607F07CFB003818BF14
:1057F000012004E00A7C103A672AAAD9012005B0EA
:10580000BDE8F08302F038FF0A4B98420CBF0C4B06
:105810000C4BC9F89030CAE702F02EFF054B9842B6
:105820000CBF094B094BC9F89030C0E7D0160024D3
:10583000ACD50690000E27075F4390608A62E03087
:10584000200BA0101A0980102D0FB0303211D0207B
:105850002DE9F041D0F8008082B00D4617461E4673
:1058600008F18C04204607F00FFB2028FAD1D8F865
:105870000C3073B96D002046089C33463A46A9B2F5
:10588000009406F0EFFF003818BF012002B0BDE819
:10589000F081089B32463946204607F0AFF9F2E71F
:1058A000094B6FF0F41110225960C3F8E410C3F8EB
:1058B000C411C3F8A4121A7483F8F02083F8D0211D
:1058C00083F8B022704700BFD016002430B5002303
:1058D00095B04FF48071062204460B930692139301
:1058E000CDE90C13CDE90E33CDE9113302F0CCFE36
:1058F00007282AD004F1100541F2883206A928466B
:1059000008F0C6FC28B1012384F85C30012015B0F2
:1059100030BD0223102206A9284602920022CDE9BA
:105920000033012303934FF48003CDE904230522C0
:105930004FF0807306926A460F9341F2883308F065
:1059400043FE0028DFD115B030BD032384F85C305E
:10595000DCE700BF0000000070B50023A4B04FF0EA
:1059600080724FF480750446ADF806301B93CDE984
:105970001E320122CDE91C53CDE92023CDE922338B
:10598000002942D0F02300F1100516AEADF8063024
:10599000C02341F2883231462846169308F078FC3D
:1059A00028B1012384F85C30012024B070BD41F29D
:1059B00088320DF10601284608F0E6FC034600286F
:1059C000EFD14FF48071052228460125089210225C
:1059D00010930D93159302930595CDE90E139FED4A
:1059E0001E7B4FF08071CDE91333119141F2883362
:1059F00008A9CDE9035202AA8DED067B08F0E4FD6B
:105A00000028D2D084F85C50CEE700F1100516AE25
:105A1000612341F2883231462846169308F038FC5B
:105A20000028BED141F288320DF10601284608F067
:105A300039FD0028B5D1BDF80630204623F07803A3
:105A400043F04003ADF80630FFF740FF00289FD039
:105A5000A7E700BFAFF30080000000000000400097
:105A60002DE9F04F00234FF4807601254FF0807828
:105A700004462DED028BABB08DF8073021931393C4
:105A80001B9322961C95CDF89480CDE92333CDE964
:105A90002653CDE92833CDE91463CDE91633CDE99A
:105AA000193306230E9302F0EFFD072808D004F106
:105AB000100741F288320EA9384608F0E9FB40B1E0
:105AC000012384F85C3001202BB0BDEC028BBDE8D3
:105AD000F08F02234FF0100A4FF0050908AA0EA913
:105AE00038460B95CDF85C80CDF828A0CDF83890DD
:105AF0009FED2B8BCDE9083341F288338DED0C8B74
:105B000008F062FD0028DBD141F2883238461CA93A
:105B100008F0BEFB0028D3D14FF0400B41F2883291
:105B20000DF1070138468DF807B008F02DFC00286C
:105B3000C6D143224FF400431CA93846CDF808B023
:105B40000595CDF87090CDF89480CDE9032341F20E
:105B5000883302AA8DED068B08F036FD0346002837
:105B6000AED1139308AA1B930EA938461496CDF80C
:105B70003890CDF85C80CDF828A00B95CDE9153391
:105B8000CDE91933CDE9083541F288338DED0C8B21
:105B900008F01AFD002897D084F85C5093E700BF06
:105BA00000000000000040002DE9F04700234FF402
:105BB000807601254FF0807804462DED028BAAB047
:105BC000CDE92333219313931B9322961C95CDF893
:105BD0009480CDE92653CDE92833CDE91463CDE98E
:105BE0001633CDE9193306230E9302F04DFD072835
:105BF00008D004F1100741F288320EA9384608F0A7
:105C000047FB40B1012384F85C3001202AB0BDEC91
:105C1000028BBDE8F08702234FF0100A4FF0050910
:105C200008AA0EA938460B95CDF85C80CDF828A0BF
:105C3000CDF838909FED2C8BCDE9083341F28833B5
:105C40008DED0C8B08F0C0FC0028DBD141F28832CE
:105C500038461CA908F01CFB0028D3D1402341F290
:105C600088320DF1070138468DF8073008F08CFBBB
:105C70000028C7D19DF8073008AA0C90FF20089390
:105C80004FF400431CA90B95CDF87090CDF894808B
:105C9000CDE909034FF4800338460D9341F2883370
:105CA00008F092FC03460028ACD113930EA91B9375
:105CB0003846029302AA1496CDF83890CDF85C804D
:105CC000CDF810A003950595CDE91533CDE919332D
:105CD00041F288338DED068B08F076FC002895D0D4
:105CE00084F85C5091E700BF000000000000400015
:105CF00070B50122AAB004460D465D48C02105F0EA
:105D00001BFF00265B4B0696594895FAA5F5CDE991
:105D10000466D3F8E02042F02002C3F8E020C0225D
:105D2000D3F8E03003F0200301930123019902A985
:105D3000CDE9022305F0C6FB142003F0E5F9324655
:105D4000C0214B4805F0F8FE142003F0DDF90122D4
:105D5000C021474805F0F0FE142003F0D5F90123D7
:105D6000454AE6612261C4E90533002D77D0B5FAD2
:105D700085F1013900234FF4807604F11005C4E960
:105D800008162846C4E90B3308F00CFA30B1012399
:105D90001D4684F85C3028462AB070BD66231690F4
:105DA000179041F2883213900EA91B900E93CDE903
:105DB0001460CDE91900284608F06AFA0028E6D1F7
:105DC00099230EA941F2883228460E9308F060FA12
:105DD0000028DCD105230122102124901C934FF0D0
:105DE00080732190259341F28833299008900B927B
:105DF0009FED1D7BCDE90921CDE92260CDE927008A
:105E000008AA1CA928468DED0C7B08F0DDFB0028B4
:105E1000BDD12046FFF7C8FE0028B8D1284608F0BB
:105E200025FA05460028B2D123790A2B02D8134857
:105E300000EB832063790121994005F047FDA379A8
:105E40000A2B0ED80D4800EB83200126E17906FAD3
:105E500001F105F03BFD266684F864609BE71F2195
:105E600088E70020F1E700BF0000000000004000CC
:105E7000001402580044025800500052000002581A
:105E80002DE9F041684CA2B00D46046002F0FCFB25
:105E9000072858D028682346AA68696807C3AA89D2
:105EA000184620F8042B267B677B08F0DFF90028D2
:105EB00038D194F86430002B3CD1012E2046236663
:105EC0000CBF4FF400054FF480152946FFF710FF73
:105ED000564B95FAA5F523610123C4E90533002348
:105EE000E361002D6FD0B5FA85F1013900234FF43D
:105EF00080754F48C4E90815C4E90B3308F052F91E
:105F000080B966230B90139041F2883206A906935C
:105F1000CDE90C50CDE90E00CDE91100444808F060
:105F2000B7F9A0B1012384F85C300126304622B0D5
:105F3000BDE8F08101239E42236614BF4FF4801513
:105F40004FF40005C4E7032384F85C30EDE79923A0
:105F500041F2883206A93648069308F099F90028DC
:105F6000E0D105234FF001081C906A4614934FF0CE
:105F70008073199014A91D9310232190009002930F
:105F800041F28833CDF80480CDF80C809FED227B60
:105F9000CDE91A50CDE91F0025488DED047B08F0AE
:105FA00013FB0028BED131461F48FFF7D5FC00285F
:105FB000B8D11D48FFF754FD06460028B2D127B1DD
:105FC00002232366B2E71F2190E7EB2306AA14A958
:105FD000174814934FF440631A951B934FF40053E2
:105FE000189717934FF440431C93A023169306234E
:105FF00019934FF080539FED0A7B21934FF040732C
:10600000CDE91F771D938DED067B08F06BFB002813
:10601000D6D084F85C8088E70000000000004000D3
:106020000000000000000000501A00240050005240
:10603000601A00245D4A01682DE9F04F91428FB04B
:106040004FF00004CDE90944CDE90B440D9402D092
:106050000FB0BDE8F08F564A06ADDFF860A10DF134
:106060001C0BD2F8D4305AF8080CAAF1680743F494
:106070008043DFF844814F4EC2F8D430D2F8D43098
:10608000DFF83C9103F480430193019BD36F43F409
:106090008043D367D36F23F48043D367D2F8E030D3
:1060A00043F04003C2F8E030D2F8E03003F04003A0
:1060B0000293029BD2F8E03043F02003C2F8E030B4
:1060C000D2F8E03003F020030393039BD2F8E030D2
:1060D00043F01003C2F8E030D2F8E03003F01003D0
:1060E0000493049BD2F8E03043F00203C2F8E0309E
:1060F000D2F8E03003F002030593059BE3B228BB1E
:10610000032B3ED8DAF818301A780A2A44D859787E
:10611000294B03EB822301228A40022009920022AC
:10612000CDF81890CDE90A0203220C922A7818467D
:1061300009A901340D9205F0C5F9386E01350BF14E
:10614000010B0AF1040AE3B20028D9D0062B18D0BB
:10615000DAF8002010780A2823D85178012208EBB9
:1061600080238A40022109920022CDE90A120322EB
:1061700096E803000C920790ADF820109BF80020E1
:10618000D5E700225C20114603F0AEFD5C2003F051
:10619000E7FD0FB0BDE8F08F5978012203468A4031
:1061A000BBE7537801229A400023DBE700500052FE
:1061B0000044025890DE069000000258B81A0024ED
:1061C0000A0A090A4E4B02689A4200D070474D4AAB
:1061D0002DE9F041D2F8D4304B4C23F48043216EAA
:1061E000C2F8D43000296FD0A36E1A780A2A79D861
:1061F000464800EB82205B780121994089B205F086
:1062000065FB236E002B67D0E36E1A780A2A6ED8DE
:106210003E4800EB82205B780121994089B205F06D
:1062200055FB236E002B5AD0236F1A780A2A60D8A8
:10623000364800EB82205B780121994089B205F055
:1062400045FB236E002B4FD0636F1A780A2A52D871
:106250002E4800EB82205B780121994089B205F03D
:1062600035FB236E002B32D0A36F1A780A2A44D84C
:10627000264800EB822059780126DFF88C8005251E
:1062800006FA01F1214F89B205F020FB236EB3B964
:10629000032D1CD8D8F8943018780135597808F1B6
:1062A00004080A2807EB802006FA01F1EDB288BF46
:1062B000002089B205F00AFB236E002BE8D0062DE2
:1062C00005D0D8F87C30E7E7D4F880308DE75C2043
:1062D000BDE8F04103F052BDD4F8843095E7D4F81E
:1062E0008830A2E7002086E7D4F88C30ADE70020A4
:1062F00091E700209FE70020ADE70020BBE700BF4B
:106300000050005200440258501A00240000025865
:10631000014808F075BA00BF601A00240E4B6FF0F8
:10632000F4120021981C30B41C1D9D1D9A60196642
:1063300083F8641003F108015D671C67C3E900225C
:1063400003F10A0230BCC3E91A30C3E91E12C3E9E3
:106350002030C3E922127047501A00242DE9F0437F
:10636000C2888BB005468388ADF80420008969890E
:10637000AA89ADF80630AB69ADF80800ADF80A108F
:10638000ADF80C20002B42D0EB69B3FA83F94FEA49
:1063900059190126022301AC0DF10E07DFF88080A8
:1063A0000796CDE9053623782A7961789A4216D086
:1063B0002A6806FA01F0EAB1012A02D10BB30A22D7
:1063C00008920A2B04901AD808EB832004A905F040
:1063D00079F80234BC42E6D10BB0BDE8F0836A79AB
:1063E0008A42E5D1B9F1000FF3D02A6806FA01F02C
:1063F000002AE1D106220A2B04900892E4D9002059
:10640000E4E7022906D00A2204900892DCE74FF064
:106410000109BEE70822089204220492D4E700BFD3
:1064200000000258A04A0368934270B505468AB03E
:106430007FD0203293427CD09C4A934204D02032B9
:10644000934201D00AB070BD994C9A48D4F8E0301C
:1064500043F00103C4F8E030D4F8E03003F0010366
:106460000593059BD4F8E03043F00803C4F8E0300E
:10647000D4F8E03003F008030693069BD4F8E0302C
:1064800043F04003C4F8E030D4F8E03003F04003B8
:106490000793079BD4F8F03043F40003C4F8F030BE
:1064A000D4F8F03003F400030893089BFFF756FF7D
:1064B000D4F8D820804B42F001022968D3F85C025E
:1064C000C4F8D820D4F8D82002F001020992774A03
:1064D000099C914200F0AB80D3F88022013A18BFAA
:1064E00001229201002840F0CC807448582103F228
:1064F0002C4403F54775C3F82C0400232046C4E957
:1065000001124FF480524FF48061636262614FF474
:106510008042C4E903314FF48073C4E906234FF489
:106520000033236203F092FD002800F09580FFBE47
:10653000FEE75F4C604ED4F8E030304643F0010394
:10654000C4F8E030D4F8E03003F001030093009B7E
:10655000D4F8E03043F01003C4F8E030D4F8E03071
:1065600003F010030193019BD4F8E03043F04003A3
:10657000C4F8E030D4F8E03003F040030293029B0B
:10658000D4F8F03043F48003C4F8F030D4F8F0309D
:1065900003F480030393039BFFF7E0FED4F8D830A5
:1065A000296843F00103404A3068C4F8D83091426A
:1065B000D4F8D83003F001030493049B27D0736A06
:1065C000013B18BF01239B01002852D13B4A06F52D
:1065D000E8745821C036C6F8102100222046C4E9CC
:1065E00001134FF480534FF48061626263614FF492
:1065F0008073C4E903214FF48042C4E906234FF4B9
:106600000033236203F022FD08B3FFBEFEE7336AC6
:10661000013B18BF01239B0118BB02F5284206F578
:10662000AC74572128360C32C6F83021D5E7D3F8A0
:106630007C22013A18BF0122920158BB2048572101
:1066400003F56D7403F52175C3F8B40355E7C6E986
:106650002044A6630AB070BDC5E92044A5630AB012
:1066600070BD184A06F5AC7459212836C6F8302199
:10667000B3E7154A06F5E8745A21C036C6F810216A
:10668000ABE711485A2103F22C4403F54775C3F8D0
:106690002C0432E70B48592103F56D7403F521757D
:1066A000C3F8B40329E700BF04580140045C01406B
:1066B000004402583C1D0024E01A00242800024037
:1066C000100002405800024070000240014804F0EF
:1066D000E5BC00BF381C0024014804F0DFBC00BF4B
:1066E000B01C0024014804F0D9BC00BF941E002453
:1066F000014804F0D3BC00BF0C1F00241A4A0368F1
:10670000934210B40BD02032934208D0174A9342E0
:1067100016D02032934213D05DF8044B7047144BCF
:106720000022D3F85442C3F85822002CF4D0D3F8F6
:106730004802D3E9931223465DF8044B52081847E8
:106740000B4B0022D3F8B044C3F8B424002CE3D0A0
:10675000D3F8AC24D3F8A814D3F8A40452082346E1
:106760005DF8044B184700BF04580140045C014029
:10677000E01A0024184A0368934210B40BD0203268
:10678000934208D0154A934217D02032934214D036
:106790005DF8044B7047124BD3E994245208C3F8B8
:1067A0005822002CF4D0D3E99201234601EB820158
:1067B00000EB82005DF8044B1847094BD3F8AC247A
:1067C000D3F8B0445208C3F8B424002CE0D0D3F876
:1067D000A814D3F8A404E8E704580140045C01407D
:1067E000E01A0024000000002DE9F0470C684FF487
:1067F0001776794D84B004FB06F6012C05EB0608EC
:10680000C0F8008000F39880002206F512730F464E
:106810008E46EA502B44C4465A60C8F850226AA3F8
:10682000D3E900236AA1D1E90001CDE900230DEBF2
:106830008403CDE90201D3F800A0D3F80890BEE8A4
:106840000F00ACE80F00BEE80F00ACE80F009EE8B8
:106850000300C8F828A0C8F8C0908CE803003B6982
:10686000042B0DD8DFE803F077818B0395004FF4FC
:1068700017734BF6803203FB04539A64C3F8E0208D
:10688000BA69396A002A53D000294FF0010214BFB7
:10689000032102214FF4177303FB0453C3E90B12C6
:1068A000FA69796A002A4BD1003918BF0121786949
:1068B0004FF41773012803FB0453C3E931127DD051
:1068C000022844D14FF003094FF000084FF417732A
:1068D000424F06F1280004FB03F30024284403F18F
:1068E000380203F1500C03F1D001BC503A4454601B
:1068F00003F1E8022B445C645C6347F80C40BC4441
:10690000CCF80440DC657C5039444C604146C3F807
:10691000DC40C3F8CC40BC503A4454604A46C3F80B
:10692000F44002230AF0B4FD00283BD0FFBEFEE78E
:10693000003918BF0121ADE7012004B0BDE8F087A0
:1069400000294FF0010214BF03210221AFE74FF0ED
:106950000009C846BAE74FF417734FF4FA5203FB25
:1069600004539A64C3F8E0208AE74FF417734FF496
:106970007A5203FB04539A64C3F8E02080E74FF493
:1069800017734FF4FA4203FB04539A64C3F8E020F0
:1069900076E74FF41773124A03FB04539A64C3F863
:1069A000E0206DE706F1C00002234A464146284434
:1069B0000AF06EFD0028C0D0FFBEFEE74FF00209CE
:1069C000804683E7AFF3008004580140045C014037
:1069D00024580140245C0140E01A0024E41A0024F9
:1069E0000077010000687047F8B504689DB20F4653
:1069F0001646C4F85032069BC4F85432A369012BE2
:106A0000C4E9921222D0636A2A46012B0FD0314684
:106A100004F1C0000AF0D8FD236A2A46012B0ED0EB
:106A2000314604F128000AF0CFFD0020F8BD04F142
:106A3000C0000AF051FE236A2A46012BF0D13946E4
:106A400004F128000AF048FE0020F8BD236A2A4617
:106A5000012B0FD0314604F128000AF0B5FD636A1E
:106A60002A46012B0ED0314604F1C0000AF0ACFDDD
:106A70000020F8BD04F128000AF02EFE636A2A46C1
:106A8000012BF0D1394604F1C0000AF025FE0020A8
:106A9000F8BD00BF03681B69042B05D8044A02EB4C
:106AA000830393ED000A70479FED020A704700BF11
:106AB0001402079000803B470368D3F858027047E0
:106AC000064B6FF0F4124FF60B71C3E90122998166
:106AD000A3F86812C3E99822704700BFE01A0024A7
:106AE00070B5002304464FF4806204214FF4403512
:106AF0003448C4F83821C4F8D410C4F83431C4F888
:106B00004C113149C4F8B000C4F82811C4E92F323F
:106B1000C4E93133C4E93335C4E93733C4E94F3309
:106B2000C4E95135C4E95533A2680323C4F8D83009
:106B3000C4F85031042A0AD8DFE802F003262D34C5
:106B40001F0025222623C4F8B420C4F82C310022CB
:106B5000402304F1B005C4F8B8202846C4F8303109
:106B600003F074FA08B1FFBEFEE704F594763046F0
:106B700003F06CFAE8B1FFBEFEE755225623C4F8D5
:106B8000B420C4F82C31E2E727222823C4F8B4202B
:106B9000C4F82C31DBE73D223E23C4F8B420C4F80E
:106BA0002C31D4E753225423C4F8B420C4F82C3138
:106BB000CDE704F12803C4E92865C4F8E830C4F837
:106BC000603170BD40040240580402402DE9F84F86
:106BD0000646884691461D4600F1280420460BF0E3
:106BE0009FFD0128FAD13046FFF77AFFEFF3108BB3
:106BF00072B6DFF858A096F90830124F8AF80030C4
:106C00000A9B114E3B600B9B33600DB11846A847A1
:106C10001FFA89F2414620460BF03CF928B9BBF136
:106C2000000F00D162B6BDE8F88F00233B603360EF
:106C3000FF238AF800300A9B13B101210B98984773
:106C40000120ECE79C1F0024981F0024A01F0024B3
:106C50002DE9F84F0646884691461D4600F1280466
:106C600020460BF05DFD0128FAD13046FFF738FFD2
:106C7000EFF3108B72B6DFF858A096F90830124F78
:106C80008AF800300A9B114E3B600B9B33600DB1BC
:106C90001846A8471FFA89F2414620460BF0B2F980
:106CA00028B9BBF1000F00D162B6BDE8F88F002310
:106CB0003B603360FF238AF800300A9B13B1012147
:106CC0000B9898470120ECE79C1F0024981F002494
:106CD000A01F00242DE9F84F064688461546994620
:106CE00000F1280420460BF01BFD0128FAD13046A4
:106CF000FFF7F6FEEFF3108B72B6DFF85CA096F9A3
:106D00000830134F8AF800300B9B124E3B600C9BEF
:106D100033600A9B0BB10C9898471FFA89F34246DF
:106D2000294620460BF02CFA28B9BBF1000F00D100
:106D300062B6BDE8F88F00233B603360FF238AF81A
:106D400000300B9B13B101210C9898470120ECE710
:106D50009C1F0024981F0024A01F00242DE9F0414F
:106D60000769022286B0002327F002058668BF1A51
:106D7000044606FA02F6B5FA85F518BF0127039313
:106D80006D09CDE90123C26812B92B463D461F4665
:106D90002378D4F820800B2B12D1A2780B2A00D0B4
:106DA0004FBB23790B2B01D0002D4DD1A3790B2B99
:106DB00002D0B8F1000F70D1002006B0BDE8F0811C
:106DC0006B4A94F801C052F8262011780B2902D0A2
:106DD0008B4200F08880D1780B2902D08B4200F0E2
:106DE000958091798B4202D10B2940F0958001204A
:106DF00006B0BDE8F081711C5D4BE77853F8213097
:106E000019780B2902D08A4200F08E80D9780B299C
:106E100002D08A4200F0958099790B29E7D08A4206
:106E2000E5D1D979B942E2D106339B780A2A049395
:106E300000F297804F4800EB822001236946BB4057
:106E4000009304F03FFBACE7B11C494A657952F866
:106E5000212011780B2901D08B426AD0D1780B29DF
:106E600001D08B4273D091790B29C0D08B42BED117
:106E7000D179A942BBD1063292780A2B049272D8FA
:106E80003C4800EB832001236946AB40009304F0AB
:106E900019FBA3790B2B8CD18EE7354A0336E479A5
:106EA00052F8262011780B2901D08B4245D0D17899
:106EB0000B2901D08B424FD091790B2997D08B426F
:106EC00095D1D179A14292D1063292780A2B0492BF
:106ED0004BD8284800EB832001236946A340009348
:106EE00004F0F0FA68E7517861457FF474AF927866
:106EF0000A2B049216D81F4800EB83200123694611
:106F000003FA0CF3009304F0DDFA46E711796145CA
:106F10007FF467AF0332EAE7D17961457FF467AF69
:106F20000632E4E70020E9E75978B9427FF46EAF12
:106F30007BE75178A94291D19EE75178A142B6D121
:106F4000C3E71979B9427FF467AF03336DE711796D
:106F5000A94288D103328FE71179A142ACD1033223
:106F6000B3E7002069E700208DE70020B4E700BF09
:106F70004C02079000000258B04A0368934200F0A8
:106F80005F83A2F57842934200F05C8302F5806251
:106F9000934200F0598302F57842934200F0568301
:106FA00002F5E052934200F05383A54A934240F029
:106FB00051830521A34B10B54FF4D074B2B001FB3F
:106FC00004F41A5D1C440A2A19D8DFE812F02B03D6
:106FD000AB02B902C902D702E502F30201030F03B3
:106FE0000B001D03984AD2F8E00040F40070C2F88C
:106FF000E000D2F8E02002F400723092309AA278D9
:107000000A2A19D8DFE812F0E200F000FE000C01B5
:1070100022013001CA01D801E6010B00F4018A4ABD
:10702000D2F8E00040F40070C2F8E000D2F8E020AE
:1070300002F400722592259A22790A2A19D8DFE8EB
:1070400012F0E501F30101020F021D022B023902C9
:10705000470255020B0063027B4AD2F8E00040F47D
:107060000070C2F8E000D2F8E02002F400721A9238
:107070001A9AA2790A2A19D8DFE812F020012E0103
:107080003C014A01580166017401820112010B00A2
:1070900004016D4AD2F8E00040F40070C2F8E0004C
:1070A000D2F8E02002F400720F920F9A4FF4D072DF
:1070B00002FB01339B68052B19D8DFE803F02F454D
:1070C0005B710321604B00225520D3F8F01041F48E
:1070D0008011C3F8F0101146D3F8F03003F4801398
:1070E0000493049B02F000FE552002F039FE204676
:1070F000FFF734FE012801D032B010BDFFBEFEE71D
:10710000514BD3F8F42042F02002C3F8F420D3F816
:10711000F43003F020030593059BE8E74A4B002277
:107120002320D3F8F01041F48051C3F8F010114639
:10713000D3F8F03003F480530093009B02F0D4FDA9
:10714000232002F00DFED2E73F4B00222420D3F88B
:10715000E81041F48041C3F8E8101146D3F8E83054
:1071600003F480430193019B02F0BEFD242002F052
:10717000F7FDBCE7344B00223320D3F8E81041F48C
:107180000041C3F8E8101146D3F8E83003F4004397
:107190000293029B02F0A8FD332002F0E1FDA6E776
:1071A000294B00225420D3F8F01041F40051C3F8C9
:1071B000F0101146D3F8F03003F400530393039B0F
:1071C00002F092FD542002F0CBFD90E71E4AD2F867
:1071D000E00040F00100C2F8E000D2F8E02002F048
:1071E00001021C921C9A27E7174AD2F8E00040F0EF
:1071F0000200C2F8E000D2F8E02002F002021D9284
:107200001D9A19E7104AD2F8E00040F00400C2F8D5
:10721000E000D2F8E02002F004021E921E9A0BE772
:10722000094AD2F8E00040F00800C2F8E000D2F8C5
:10723000E02002F008021F921F9AFDE60030014094
:10724000001400580820002400440258C34AD2F811
:10725000E00040F01000C2F8E000D2F8E02002F0B8
:1072600010022092209AE7E6BC4AD2F8E00040F0F3
:107270002000C2F8E000D2F8E02002F020022192C3
:10728000219AD9E6B54AD2F8E00040F48060C2F80D
:10729000E000D2F8E02002F480621092109A05E734
:1072A000AE4AD2F8E00040F48070C2F8E000D2F8B4
:1072B000E02002F480720E920E9AF7E6A74AD2F806
:1072C000E00040F00100C2F8E000D2F8E02002F057
:1072D00001020692069AE9E6A04AD2F8E00040F0E0
:1072E0000200C2F8E000D2F8E02002F002020792A9
:1072F000079ADBE6994AD2F8E00040F00400C2F8B1
:10730000E000D2F8E02002F004020892089ACDE6EC
:10731000924AD2F8E00040F00800C2F8E000D2F84B
:10732000E02002F008020992099ABFE68B4AD2F8DF
:10733000E00040F01000C2F8E000D2F8E02002F0D7
:1073400010020A920A9AB1E6844AD2F8E00040F0AC
:107350002000C2F8E000D2F8E02002F020020B92F8
:107360000B9AA3E67D4AD2F8E00040F04000C2F854
:10737000E000D2F8E02002F040020C920C9A95E670
:10738000764AD2F8E00040F08000C2F8E000D2F87F
:10739000E02002F080020D920D9A87E66F4AD2F843
:1073A000E00040F04000C2F8E000D2F8E02002F037
:1073B00040022292229A3FE6684AD2F8E00040F06A
:1073C0008000C2F8E000D2F8E02002F080022392B0
:1073D000239A31E6614AD2F8E00040F48070C2F8A6
:1073E000E000D2F8E02002F480722492249A23E68E
:1073F0005A4AD2F8E00040F48060C2F8E000D2F8C7
:10740000E02002F480622692269A15E6534AD2F8CA
:10741000E00040F00100C2F8E000D2F8E02002F005
:1074200001021192119A24E64C4AD2F8E00040F091
:107430000200C2F8E000D2F8E02002F0020212924C
:10744000129A16E6454AD2F8E00040F00400C2F86D
:10745000E000D2F8E02002F004021392139A08E64A
:107460003E4AD2F8E00040F00800C2F8E000D2F84E
:10747000E02002F008021492149AFAE5374AD2F892
:10748000E00040F01000C2F8E000D2F8E02002F086
:1074900010021592159AECE5304AD2F8E00040F05F
:1074A0002000C2F8E000D2F8E02002F0200216929C
:1074B000169ADEE5294AD2F8E00040F04000C2F812
:1074C000E000D2F8E02002F040021792179AD0E5CF
:1074D000224AD2F8E00040F08000C2F8E000D2F882
:1074E000E02002F080021892189AC2E51B4AD2F8F6
:1074F000E00040F48070C2F8E000D2F8E02002F42E
:1075000080721992199AB4E5144AD2F8E00040F456
:107510008060C2F8E000D2F8E02002F480621B92A2
:107520001B9AA6E50D4AD2F8E00040F00200C2F82E
:10753000E000D2F8E02002F002022892289A5EE5EC
:10754000064AD2F8E00040F00400C2F8E000D2F8A9
:10755000E02002F004022992299A50E500440258E2
:107560003E4AD2F8E00040F00800C2F8E000D2F84D
:10757000E02002F008022A922A9A40E5374AD2F81F
:10758000E00040F01000C2F8E000D2F8E02002F085
:1075900010022B922B9A32E5304AD2F8E00040F0EC
:1075A0002000C2F8E000D2F8E02002F020022C9285
:1075B0002C9A24E5294AD2F8E00040F04000C2F8B5
:1075C000E000D2F8E02002F040022D922D9A16E55C
:1075D000224AD2F8E00040F08000C2F8E000D2F881
:1075E000E02002F080022E922E9A08E51B4AD2F883
:1075F000E00040F48070C2F8E000D2F8E02002F42D
:1076000080722F922F9AFAE4144AD2F8E00040F4E4
:107610008060C2F8E000D2F8E02002F4806231928B
:10762000319AECE40D4AD2F8E00040F00100C2F8D3
:10763000E000D2F8E02002F001022792279ADEE46F
:107640000021B7E40121B5E40221B3E40321B1E450
:107650000421AFE400231B78FFDE00BF0044025882
:107660002DE9F043002289B01B4B01210DF1040CE0
:107670009E461A4B0791E146E04667460EF11C060E
:107680000EF138050EF15404CDE90122CDE90322B3
:10769000CDE90522FF221A70BCE80F00AEE80F000A
:1076A0009CE807008EE80700B9E80F000FC69CE8C9
:1076B000070086E80700B8E80F000FC59CE8070040
:1076C00085E807000FCF0FC49CE8070084E8070097
:1076D00009B0BDE8F08300BF5C010024A01F0024B6
:1076E00001480AF019BF00BF3020002401480AF009
:1076F00013BF00BFD021002401480AF00DBF00BF16
:107700007023002401480AF007BF00BF10250024A1
:1077100001480AF001BF00BFB026002410B5EFF306
:10772000108472B6084B1A78120602D504B962B6F4
:1077300010BD1B784FF4D070044A5BB200FB0320ED
:1077400003F0ACFCF2E700BFA01F0024B820002427
:1077500010B5EFF3108472B6084B1A78120602D5F2
:1077600004B962B610BD1B784FF4D070044A5BB206
:1077700000FB032003F092FCF2E700BFA01F0024EF
:10778000302100242DE9F04385B0EFF3108872B664
:10779000274AFF21274C1368217023B10021116073
:1077A000254A1068984723781B061DD5234E0025CF
:1077B000234F3446216889B1606878B1A369228972
:1077C000012BD4F81490D4E903CE20D09BB96346A2
:1077D0003846CDE900E9FFF73BFA08B301351C3420
:1077E00007F5D077042DE5D1B8F1000F00D162B6CE
:1077F00005B0BDE8F0831346CDF800C00246384618
:10780000CDE901E9FFF766FA0028E7D108E0014673
:1078100063463846CDE900E9FFF7D8F90028DDD105
:10782000C5EBC50506EB850346F825005860DBE788
:107830009C1F0024A01F0024981F00245C0100242A
:10784000082000242DE9F04385B0EFF3108872B6CC
:10785000274AFF21274C1368217023B100211160B2
:10786000254A1068984723781B061DD5234E00250E
:10787000234F3446216889B1606878B1A3692289B1
:10788000012BD4F81490D4E903CE20D09BB96346E1
:107890003846CDE900E9FFF7DBF908B301351C34C0
:1078A00007F5D077042DE5D1B8F1000F00D162B60D
:1078B00005B0BDE8F0831346CDF800C00246384657
:1078C000CDE901E9FFF706FA0028E7D108E0014613
:1078D00063463846CDE900E9FFF778F90028DDD1A5
:1078E000C5EBC50506EB850346F825005860DBE7C8
:1078F0009C1F0024A01F0024981F00245C0100246A
:10790000082000242DE9F04385B0EFF3108872B60B
:10791000274AFF21274C1368217023B100211160F1
:10792000254A1068984723781B061DD5234E00254D
:10793000234F3446216889B1606878B1A3692289F0
:10794000012BD4F81490D4E903CE20D09BB9634620
:107950003846CDE900E9FFF77BF908B301351C345F
:1079600007F5D077042DE5D1B8F1000F00D162B64C
:1079700005B0BDE8F0831346CDF800C00246384696
:10798000CDE901E9FFF7A6F90028E7D108E00146B3
:1079900063463846CDE900E9FFF718F90028DDD144
:1079A000C5EBC50506EB850346F825005860DBE707
:1079B0009C1F0024A01F0024981F00245C010024A9
:1079C000082000242DE9F04385B0EFF3108872B64B
:1079D0000AF046F8284A294CFF21136821702BB180
:1079E000002111600121264A1068984723781B0660
:1079F0001DD5244E0025244F3446216889B1606886
:107A000078B1A3692289012BD4F81490D4E903CE6C
:107A100020D09BB963463846CDE900E9FFF718F955
:107A200008B301351C3407F5D077042DE5D1B8F142
:107A3000000F00D162B605B0BDE8F0831346CDF863
:107A400000C002463846CDE901E9FFF743F90028B6
:107A5000E7D108E0014663463846CDE900E9FFF783
:107A6000B5F80028DDD1C5EBC50506EB850346F862
:107A700025005860DBE700BF9C1F0024A01F0024E6
:107A8000981F00245C010024082000242DE9F843FD
:107A90008F684FF4D074444E8C4607FB04F4052FD6
:107AA00006EB04050560AE46BCE80F00AEE80F002B
:107AB000BCE80F00AEE80F009CE803008EE803006E
:107AC00013D8EB68A3B1012B0FD100254FF4D0736D
:107AD00003FB07631A69032A07D85869011F1C2989
:107AE00003D8996949B1012905D00120BDE8F8837F
:107AF0004FF48005EAE74FF000714FF4D07303FBB9
:107B00000763DB691BB1012BEFD14FF080734FF49A
:107B1000D07808FB07F806EB080CDCF820E0BEF193
:107B2000020FE2D8DCF82490B9F1070FDDD8520437
:107B300008F178080138CCF82C50CCF830201B4ADA
:107B4000CCF8340004F128004FF000443044CCE974
:107B50000E134FEA09734FF08041CCF84430144BB8
:107B6000CCF85C1008EB020153F82E30CCF8403012
:107B7000104B53F82730CCF828300023CCE91233CF
:107B8000CCE91433CCE91833CCE91A33CCE91C33F3
:107B9000CCF8783042F808404B6009F061FF0028CB
:107BA000A4D0FFBEFEE700BF082000240C20002464
:107BB0002802079034020790006892B208B5283076
:107BC0000AF020F8003818BF012008BD2DE9F04167
:107BD000174C006894F800C01CF0800FDDE90667C0
:107BE00020D10D4696461C468068EFF3108272B68F
:107BF000104BC0EBC0004FF00008012103EB800CDC
:107C00008000CCF8045043F80080ACF808E0CCF8D1
:107C10001470CCF81810CCE9034602B962B6002003
:107C2000BDE8F081CDE90667BDE8F041FEF7CEBFC3
:107C3000A01F00245C0100245E4B00226FF0F411B1
:107C4000022030B40824DA615862C3F8BC21C3F8BA
:107C5000C401C3F85C23C3F86403C3F8E014C3F899
:107C6000E414C3F8F444C3F8F824C3F8FC24C3F8BC
:107C70000405C3F88016C3F88416C3F89446C3F805
:107C80009826C3F89C26C3F8A4064B4DC3E90542C9
:107C9000C3E96D42C3E9D542C3E90011C3E96811E4
:107CA000C3E9D011C3F82018C3F824184349C3F816
:107CB0003448C3F83828424CC3F83C28C3F8440879
:107CC0000A888B783F482372E280C28003723E4C60
:107CD0003E48E280A0F8032023724371C280037201
:107CE0003B4C3C480968E2802372A0F803203A4CE0
:107CF0004371C28003723948E2802372A0F80320E6
:107D0000374C4371C2800372080CEA802B722180C9
:107D1000A070A4F803206371E2802372314C2180AB
:107D2000A070A4F803206371E28023722E4C21809E
:107D3000A070A4F803206371E28023722B4C218091
:107D4000A070A4F803206371E2802372284C218084
:107D5000A070A4F803206371E2802372254C218077
:107D6000A070A4F803206371E2802372224C21806A
:107D7000A070E2802372A4F8032063711F4C21805D
:107D80001F49A070E2801F482372A1F803204B71A5
:107D9000CA800B72A4F803201B4963711B4CC2807C
:107DA000E28023720372A1F803204B71CA800B7228
:107DB00030BC70470820002408020024AC02079061
:107DC00080020024680200245C0200245002002487
:107DD000440200242002002414020024FC01002498
:107DE000F81F0024EC1F0024E01F0024D41F0024EF
:107DF000C81F0024BC1F0024B01F0024A41F00249F
:107E0000F0010024D8010024CC010024E401002466
:107E1000604A036811698B4200B587B078D0516F12
:107E20008B4200F0B180D2F8D8108B4200F0AE80C7
:107E3000D2F83C118B4200F0AB80B3F1804F59D0A7
:107E4000554A93420CD0002254498B4226D05449C3
:107E50008B4239D0534A934212D007B05DF804FBED
:107E6000514BD3F8E82042F00202C3F8E820D3F8DF
:107E7000E83003F002030293029B07B05DF804FBB5
:107E8000494BD3F8E82042F01002C3F8E820D3F8B9
:107E9000E83003F010030593059BDEE7424BD3F86F
:107EA000E81041F00401C3F8E810D3F8E83003F01B
:107EB00004030393039B002ACFD01E2000220F212E
:107EC00001F012FF1E2043E0374BD3F8E81041F0D9
:107ED0000801C3F8E810D3F8E83003F0080304936E
:107EE000049B002AB9D0322000220F2101F0FCFEB1
:107EF00032202DE02C4BD3F8E82042F00102C3F8E9
:107F0000E820D3F8E83003F001030193019BA4E7D4
:107F100000206421B3F1804F01FB0022127B1CD0B2
:107F20001D498B4290D1204BD3F8E81041F002015B
:107F3000C3F8E810D3F8E83003F002030293029B81
:107F4000002A8AD01D2000220F2101F0CDFE1D2025
:107F500007B05DF804EB01F003BF134BD3F8E81052
:107F600041F00101C3F8E810D3F8E83003F0010351
:107F70000193019B002A3FF470AF1C2000220F21C7
:107F800001F0B2FE1C20E3E70120C2E70220C0E7B7
:107F90000320BEE7C8290024000400400008004078
:107FA000000C004000100040004402580F4B0268D3
:107FB00019698A420BD0596F8A4211D0D3F8D81070
:107FC0008A420FD0D3F83C118A420DD0704700216D
:107FD000642202FB0133DA6D002AF7D0186E1047D5
:107FE0000121F5E70221F3E70321F1E7C829002485
:107FF00001480AF0C1BD00BFD829002401480AF099
:10800000BBBD00BF3C2A002401480AF0B5BD00BF3B
:10801000A02A002401480AF0AFBD00BF042B0024B1
:10802000F0B54FF0640C0F682C4D8DB00CFB07FCC5
:10803000032F05EB0C06066044DC0B46086834464B
:1080400049689A6807C41B7B254A237004AC73688F
:10805000D6F808E0003B18BF01231B01B3610023E1
:1080600073610FCA84E80F000DEB87031B69B3F13E
:10807000804F336104D01B4A934218BF1FFA8EFE13
:108080000CF110046423002180222C4403FB0753CD
:1080900020469A62C3E907E10AF046FB034600B1B5
:1080A000FEE74FF4805508A920460193CDE9085317
:1080B00001ADCDE90A33C5E901330AF08DFC034671
:1080C00018B1FEE701200DB0F0BD2946204601930E
:1080D00003930AF0FBFD0028F5D0FEE7C829002431
:1080E000BCD50690000C0040006808B5037B10303A
:1080F0002BB10AF01FFC003818BF012008BD0AF0A0
:10810000B5FB003818BF012008BD00BF006808B5E6
:1081100010300AF0F9FB003818BF012008BD00BF7D
:10812000034600201B681B699962704738B50468D4
:1081300023695D6A00F0A0FA23694000054A9B6A42
:108140000133B0FBF3F0A2FB0020800CB5FBF0F094
:1081500038BD00BF83DE1B4311B10368C3E91712AA
:10816000704700BF000000009FED0D7B0E4B00220A
:108170004FF0FF311A735A66996083F87020C3F884
:10818000D01083F8D420C3F8341183F8382183ED5C
:10819000007BC3E91A2183ED327BC3E94B22704790
:1081A0000000000000000000C8290024704700BF44
:1081B00008B500F097FFBDE8084001F059BE00BFC8
:1081C000064808B503680BB103F0BAFC044803681D
:1081D0001BB1BDE8084004F05BBF08BD8857002410
:1081E000684B0024064808B503680BB103F0A8FCEF
:1081F000044803681BB1BDE8084004F049BF08BD4E
:1082000088570024684B0024064808B503680BB162
:1082100003F096FC044803681BB1BDE8084004F075
:1082200037BF08BD88570024684B0024364BDA6AF4
:10823000520062D59A6A9A6A9A6A9B6A180600D5B1
:1082400000BE314B9B6A990600D500BE2E4B9B6A3F
:10825000DA0600D500BE2C4B9B6A1B0700D500BE7A
:10826000294B9B6A980700D500BE274B9B6AD9070C
:1082700000D500BE244B9B6A1A0400D500BE224BD9
:108280009B6A9B0400D500BE1F4B9B6AD80400D597
:1082900000BE1D4B9B6A190500D500BE1A4B9B6A98
:1082A0005A0500D500BE184B9B6A9B0500D500BE41
:1082B000154B9B6AD80500D500BE134B9B6A9901EC
:1082C00000D500BE104B9B6ADA0100D500BE0E4BF4
:1082D0009B6A1B0300D500BE0B4B9B6A580300D55D
:1082E00000BE094B9B6A990300D500BE064B9B6AF2
:1082F000DA0306D400BE00BEFEE7DB6A9B07FAD5B0
:10830000F8E700BEF6E700BF00ED00E000F0F6BEC3
:108310000148FFF70BBF00BF582B002400F0F4BE4C
:108320000A4B9B6803F17843B3F5003F0BD3084B2E
:10833000986848B19868012806D09868022803D048
:108340009868032070470120704700BF00ED00E0EF
:1083500000008038000000002DE9F043CFB0054652
:108360004C2200210AAC204612F0A7FF2022002157
:1083700002A812F0A2FFC02200211EA812F09DFF49
:10838000022005F01FFE2B68012B54D05A49002211
:1083900002260192C86A594A20F00100C862C8202A
:1083A000C96A01F001010191916941F44041916173
:1083B000926902F440420192019B504A93699904E8
:1083C000FCD54F490225002201278B6A4FF0040992
:1083D0004FF0080823F003032B438B62052320632F
:1083E0002046A3634FF48033A7616563E563C4F857
:1083F0004080C4E911222122CDE91355CDE90A2399
:10840000C4F82C9006F076FB00B1FEE740233F2233
:108410004FF4806404900993314602A8CDF814808B
:108420000894CDE906330323CDE9022306F0E0FEEC
:108430000346C8B1FEE7314900226B46042600928C
:1084400088692D4A40F440408861F020896901F430
:1084500040410091D16A41F00101D162D26A02F03B
:10846000010200921B68A8E7202226933F938021F7
:108470002C924FF480522D94002427921EA83692FD
:10848000062225914FF44011289240F22712CDF890
:10849000AC902992102220972A9202222497409190
:1084A000CDE92E334FF48033CDE922853293002578
:1084B00047938023CDE93C45CDE934234FF48074C4
:1084C0000C23002544940224219309A3D3E900231B
:1084D000CDE93045CDE91E2307F064F900B1FEE790
:1084E00005F094FD4FB0BDE8F08300BFAFF300800E
:1084F0000F130F030000000000040058004802584A
:108500000044025870B584B0012401F05FFC4FF4C0
:1085100080764FF04052194B6846ADF8004001920A
:1085200000250293039601F06FFC192368468DF82D
:108530000F408DF808304FF04043ADF80D600193C7
:108540008DF801408DF80A5001F05EFC02230B22E9
:1085500068468DF80F508DF801304FF062538DF85A
:1085600008200193ADF80D408DF80A4001F04CFC55
:10857000042001F039FC04B070BD00BF0E000103FF
:1085800030B50C46054685B0D1E9000185E8030009
:1085900000F078FDA379002B63D00DF069FCFDF7A6
:1085A0005FF8FFF75DF80DF001F923795BB330490F
:1085B0004B6913F4803326D1C1F88430BFF34F8F59
:1085C000D1F8805043F6E07EC5F34E3CC5F3C905B3
:1085D0004FEA4C1C0CEA0E002B4640EA8372013B2A
:1085E000C1F860225A1CF8D1ACF1200C1CF1200F0C
:1085F000F0D1BFF34F8F4B6943F480334B61BFF32E
:108600004F8FBFF36F8F6379B3B1194A536913F476
:10861000003311D1BFF34F8FBFF36F8FC2F85032C9
:10862000BFF34F8FBFF36F8F536943F40033536130
:10863000BFF34F8FBFF36F8F4FF0FF320023002443
:10864000002569460B4802928DF80C30CDE90045B3
:10865000FFF7E6FC0748FFF747FD0CF077FB05B096
:1086600030BD2846FFF778FE2846FFF74BFF94E71A
:1086700000ED00E0582B002406F024BF08B506F0FA
:1086800021FF400008BD00BF1C4B9B6803F17842EE
:10869000B2F5003F25D3B3F5803F20D303F160420C
:1086A000B2F5003F1FD303F15C42B2F5002F1CD39B
:1086B00003F17042B2F5902F19D303F14842B2F59D
:1086C000803F16D303F18042B2F1806F13D303F1E0
:1086D000E043B3F5000F34BF0720082070470120A6
:1086E0007047002070470220704703207047042025
:1086F0007047052070470620704700BF00ED00E07E
:1087000010B400230348044A04495DF8044B036095
:108710000FF00EBB582B002400000024AD81059003
:10872000704700BF0020704738B504460D46074823
:1087300021460BF099FD05480BF0BEFD044B204689
:1087400029461B689847002038BD00BFA80A0024AE
:10875000602B002438B504460D46074821460BF02F
:1087600083FD05480BF0A8FD044B204629461B68F5
:108770009847002038BD00BF840D00245C2B0024E6
:1087800000220949094808B50BF060FD084907486F
:108790000BF06AFD074B1A680AB1002008BD064AB3
:1087A00000201A6008BD00BF643B0024A80A002412
:1087B00064430024602B002421870590002209498E
:1087C000094808B50BF042FD084907480BF04CFD7D
:1087D000074B1A680AB1002008BD064A00201A603B
:1087E00008BD00BF642B0024840D002464330024E2
:1087F0005C2B00242187059020280CD0212801D053
:1088000000207047094B18689A889B7908600020FF
:108810008A808B717047054B0868B1F804C08A796B
:1088200018600020A3F804C09A71704794020024D5
:1088300020280CD0212801D000207047094B18684F
:108840009A889B79086000208A808B717047054B5D
:108850000868B1F804C08A7918600020A3F804C041
:108860009A7170478C0200240020704710B5094CA3
:10887000D4F8BC32D3F814320BB1012010BD0A4633
:10888000014620460BF0E2FC2046BDE810400BF00C
:10889000F7BC00BFA80A00244B4A036830B59342D6
:1088A0008BB04FF00004CDE90444CDE906440894B0
:1088B00004D0464A934249D00BB030BD444D4FF4EA
:1088C000C0524448D5F8E03043F00103C5F8E03029
:1088D000D5F8E03003F0010300930223009904A9C6
:1088E000CDE904230A23089302F0ECFD4FF4007253
:1088F000002304A937480694CDE9042302F0E2FDE1
:10890000D5F8D8302246214643F000636220C5F8EE
:10891000D830D5F8D83003F000630193019B01F003
:10892000E3F9622001F01CFA22462146632001F09F
:10893000DBF9632001F014FA22462146652001F09C
:10894000D3F9652001F00CFA0BB030BD204D4FF487
:10895000404204A9D5F8E03043F00203C5F8E03006
:10896000D5F8E03003F002030293022302981A487C
:10897000CDE904230C23089302F0A4FDD5F8D830E8
:10898000224621464A2043F00073C5F8D830D5F876
:10899000D83003F000730393039B01F0A5F94A203C
:1089A00001F0DEF9224621464B2001F09DF94B20D3
:1089B00001F0D6F9224621464D2001F095F94D20CF
:1089C00001F0CEF90BB030BD0000084000000440BB
:1089D00000440258000002580004025800F2C4414A
:1089E000D0F808050BF0E2BC01EBC10300EB8303F8
:1089F000D0F80805D3F888220BF008BD01EBC103BD
:108A000000EB8303D0F808059A6C0BF039BD00BF6A
:108A1000D0F808050BF0E2BD016910B5044619B1A4
:108A2000022900D0FEE70121D4F808050BF0B6FDBD
:108A3000D4F80805BDE810400BF082BD10B504461F
:108A4000D0F808050BF0AEFD2268D2F8003E43F0E6
:108A50000103C2F8003E236A23B1034A136943F0BD
:108A60000603136110BD00BF00ED00E0D0F808055B
:108A70000BF0A8BDD0F808050BF0D6BDD0F808055E
:108A80000BF0BCBDD0F808050BF0E4BDD0F808052C
:108A90000BF0E2BD70B5067804461EB1012E2CD055
:108AA000002070BD2B4D02232B4AAB612A600922A6
:108AB000C5F808056A600122C0F8C85228466E62EF
:108AC0002E63C5E903630123C5E90766C5E90A23E7
:108AD00004F034FA00B1FEE78021284605F052FA8E
:108AE00031464022284605F0CFF980220121284650
:108AF00005F0CAF92678012ED2D1184D00230222A2
:108B000017496B632846C5F80845C4F8C852296060
:108B1000AA61C5E90332C5E90733C5E90936C5E9E4
:108B20000B3309236B6004F009FA044600B1FEE739
:108B30004FF40071284605F025FA21468022284688
:108B400005F0A2F94FF4BA723146284605F09CF9B7
:108B5000A6E700BF7850002400000840684B0024BE
:108B60000000044008B5D0F8C80204F06FFA18B14C
:108B700002280CBF0120032008BD00BF9446D0F896
:108B8000C8021A4608B5634605F04EF818B1022827
:108B90000CBF0120032008BD08B5D0F8C80205F0BD
:108BA0007BF818B102280CBF0120032008BD00BFCC
:108BB00008B5D0F8C80205F0EDF818B102280CBFCE
:108BC0000120032008BD00BF08B5D0F8C80205F099
:108BD00023F918B102280CBF0120032008BD00BFF3
:108BE0000A06D0F8C83206D401EBC10103EB8103B9
:108BF00093F87E02704701F07F0101EBC10103EBA6
:108C0000810393F83E00704708B5D0F8C80204F01D
:108C1000F5FF18B102280CBF0120032008BD00BFDA
:108C200008B5D0F8C80205F093F818B102280CBFB7
:108C30000120032008BD00BF08B5D0F8C80205F028
:108C40005BF818B102280CBF0120032008BD00BF4B
:108C5000D0F8C80205F072B8122301480B807047A3
:108C6000E4020024122301480B80704714030024FF
:108C7000042301480B807047E00200240A460348A1
:108C8000034908B50BF0ACFF014808BD98DE06901B
:108C9000845500240A460348034908B50BF0A0FF99
:108CA000014808BDA8DE0690845500240A46034802
:108CB000034908B50BF094FF014808BDBCDE0690DF
:108CC000845500240A460348034908B50BF088FF81
:108CD000014808BDC8DE0690845500240A460348B2
:108CE000034908B50BF07CFF014808BDD8DE0690AB
:108CF00084550024042301480B807047E0020024BF
:108D00000A460348034908B50BF06AFF014808BD4D
:108D100098DE069084550024524A4FF01A0CD2F87F
:108D20000038D2F80808A1F800C01B1801D14E483D
:108D30007047D2F80418180F4B4AB3F1204F4FF088
:108D4000000C2CBF3730303082F803C0C3F3036C03
:108D50009070BCF1090F60464FF0000C8CBF3730AB
:108D6000303082F805C0C3F3035C1071BCF1090F09
:108D700060464FF0000C8CBF3730303082F807C0AF
:108D8000C3F3034C9071BCF1090F60464FF0000C27
:108D90008CBF3730303082F809C0C3F3033C107207
:108DA000BCF1090F60464FF0000C8CBF37303030FB
:108DB00082F80BC0C3F3032C9072BCF1090F60461C
:108DC0004FF0000C8CBF3730303082F80DC0C3F349
:108DD000031C1073BCF1090F60464FF0000C8CBFF0
:108DE0003730303082F80FC04FF0000C907303F032
:108DF0000F0082F813C04FF0000C034609284FF013
:108E0000000082F815C094BF30333733B1F1204FE2
:108E1000507413744FEA1173C1F303604FF0000CE8
:108E20002CBF37333033092882F817C093740346B8
:108E3000C1F303508CBF3733303309281375034611
:108E4000C1F303404FF000018CBF373330330928A2
:108E5000517693750346044894BF30333733137605
:108E6000704700BF00E0F11FC4020024524A4FF0D7
:108E70001A0CD2F80038D2F80808A1F800C01B1864
:108E800001D14E487047D2F80418180F4B4AB3F17D
:108E9000204F4FF0000C2CBF3730303082F803C029
:108EA000C3F3036C9070BCF1090F60464FF0000CE7
:108EB0008CBF3730303082F805C0C3F3035C1071CB
:108EC000BCF1090F60464FF0000C8CBF37303030DA
:108ED00082F807C0C3F3034C9071BCF1090F6046E0
:108EE0004FF0000C8CBF3730303082F809C0C3F32C
:108EF000033C1072BCF1090F60464FF0000C8CBFB0
:108F00003730303082F80BC0C3F3032C9072BCF1C1
:108F1000090F60464FF0000C8CBF3730303082F8BC
:108F20000DC0C3F3031C1073BCF1090F60464FF072
:108F3000000C8CBF3730303082F80FC04FF0000C7F
:108F4000907303F00F0082F813C04FF0000C03463B
:108F500009284FF0000082F815C094BF3033373332
:108F6000B1F1204F507413744FEA1173C1F30360D1
:108F70004FF0000C2CBF37333033092882F817C06C
:108F800093740346C1F303508CBF37333033092841
:108F900013750346C1F303404FF000018CBF373314
:108FA00030330928517693750346044894BF303313
:108FB00037331376704700BF00E0F11FC40200246E
:108FC0000A460348034908B50BF00AFE014808BDEC
:108FD000C8DE0690845500240A460348034908B5B4
:108FE0000BF0FEFD014808BDBCDE06908455002450
:108FF000D0F800030BF064BED0F800030BF078BE8D
:10900000D0F800030BF080BE704700BFD0F800031B
:109010000BF066BED0F800030BF066BE08B5D0F8C2
:10902000D40303F02BFA18B102280CBF0120022050
:1090300008BD00BF704700BF0F4B1B780BB9012064
:10904000704710B504464FF47A700C4AB0FBF3F346
:109050001068B0FBF3F000F0A3FE0F2C00D808B1AD
:10906000012010BD002221464FF0FF3000F03CFEF1
:10907000034B00201C6010BD44030024B8060024EC
:109080004803002410B50320124C00F01BFE06F02C
:1090900021F8114B11499A699B69C2F3032203F02D
:1090A0000F03A25CE35C02F01F020D4C03F01F03F0
:1090B000D04020FA03F320600E200B60FFF7BCFFC6
:1090C00010B10124204610BD0446FFF7B3FF20462F
:1090D00010BD00BFB802079000440258B406002437
:1090E000B8060024034A044B11681B780B44136034
:1090F000704700BF8C5A002444030024014B1868B9
:10910000704700BF8C5A002438B50446FFF7F6FFBD
:109110000546631C02D0044B1B781C44FFF7EEFF8E
:10912000401BA042FAD338BD44030024014B186809
:10913000000C70470010005C704700BF806B08B5E2
:10914000FFF7FAFF08BD00BF836B5A6D12F0500F96
:109150005A6D10B51DD1196842F400725A650A683B
:1091600012F0080FCA681BD012F4406F0DD1CA6804
:1091700094040AD45A6D22F480725A655A6DD1044F
:1091800003D45A6D42F001025A651846FBF768FD98
:1091900010BDD2060AD4DB6CBDE81040DB6C18476A
:1091A0009007E7D01846FBF75BFDF1E71846FBF7A1
:1091B000E9FD10BD806B08B5436D43F04003436586
:1091C000836D43F004038365FBF7DCFD08BD00BF3E
:1091D000F0B5002283B0019290F85020012A00F0EF
:1091E000D980034601201A6883F850009468640708
:1091F00009D55A6D012042F020025A65002283F8F9
:10920000502003B0F0BD0C68002C4FEA946CC0F203
:10921000BE80C4F31305002D7AD094FAA4F414B1DF
:10922000B4FA84F4A040D4692043D06148681F2573
:1092300002F1300E8409284004F00C0485400CFA39
:1092400000FC5EF8040020EA050040EA0C004EF83D
:109250000400906810F0040F906854D1070752D4AE
:109260000C6802F114060727E50DC4F3045405F059
:109270000405A740705920EA07008F68A7403843CB
:109280007051B7484D69006800F07040B0F1805FE0
:10929000D06804D010F0100FD06840F0CC80C0F33C
:1092A0008200400085400E690868042E00F0D680D8
:1092B00002F1600700F0F84457F8260000F0004083
:1092C0002043284347F826004C7E0D69A4F1010491
:1092D00057F82500B4FA84F420F00040640940EA0D
:1092E000C47047F82500087E0D69A0F101001469DB
:1092F00005F01F05B0FA80F024F4F0444009C002E4
:10930000A840204310619068C60704D5002075E787
:1093100000FA0CF087E7CE68086806F01807914C51
:10932000D2F8C050FC40C0F31307044025EA0705FB
:109330002C43C2F8C0408C4CA6422ED00028E5DA5F
:109340008A498A427CD001F580718A4278D0884C63
:109350008849A6688D68ED073FF54BAF864D06F04E
:10936000E077A84200F0D380844DA84200F0C1808D
:10937000834DA842CAD17002C8D48A42C6D1A2681D
:1093800022F0E0723A4342F48002A260BEE70CF0A1
:109390001F0C4BE7022003B0F0BD002F3AD090FA2B
:1093A000A0F4002C00F08280B4FA84F6013606F0B6
:1093B0001F05092D7AD9B4FA84F5B40601260135C2
:1093C00004F0F84490FAA0F005F01F0506FA05F540
:1093D0002C43002800F0BD80B0FA80F0304400F04B
:1093E0001F0000EB40001E38000540F000700443F1
:1093F00002F114060727E50DC4F3045405F0040533
:10940000A740705920EA07008F68A7403843705181
:10941000086893E7800E0124013000F01F058006E4
:10942000AC4000F0F840092D44EA000405EB45008B
:10943000D9D80005DBE7400800F00800854032E796
:1094400050494A4A8968926812F0010F4E4A926860
:109450007FF4CFAED7073FF5CCAE57E7156E840645
:1094600005F0F845B5EB806F03D1106E20F0004099
:109470001066506E00F0F840844203D1506E20F028
:1094800000405066906E00F0F840844203D1906E28
:1094900020F000409066D06E00F0F84084427FF4E7
:1094A00032AFD06E20F00040D0662CE790FAA0F4E6
:1094B000002C71D0B4FA84F40134A40604F0F8440A
:1094C00090FAA0F5002D49D0B5FA85F501260135B1
:1094D00005F01F0506FA05F52C4390FAA0F00028C8
:1094E00039D0B0FA80F0013000F01F0000EB4000EE
:1094F0009FE7F5013FF50AAF8A427FF407AFA26804
:1095000022F0E0723A4342F08072A260FEE6360238
:109510003FF5FCAE8A427FF4F9AEA2681B4922F007
:10952000E0723A4342F40002A2600A6818499209C4
:10953000A1FB02129209013252000192019A002A03
:109540003FF4E4AE019A013A0192019A002AF9D15E
:10955000DCE610484BE74FF4401048E70225BBE734
:109560000010005CFFFF0F000000FF4700200240DA
:109570000063025800600258000084CB000052C70C
:109580000000B8CF0023024000210240B8060024AA
:10959000632D3E05000050FE4FF0806490E700BF51
:1095A00003689A68D10701D5002070479968234A5B
:1095B000114270B5054609D06B6D012043F01003D0
:1095C0006B65AB6D43F00103AB6570BD99681C4AD8
:1095D0000A4042F001029A60FFF790FD2B68194A99
:1095E0000646934222D002F5807293421ED002F1C9
:1095F000C05202F5844292681A68D20714D4104C03
:109600009A68D00704D49A68224042F001029A6016
:10961000FFF774FD821B2B68022A02D91A68D10752
:10962000CAD51A68D207EBD5002070BD064A9268E9
:10963000D406E1D0054A9342DED1F5E73F00008031
:10964000C0FFFF7F002002400023024000210240B3
:109650002DE9F0413B4D044600680E461746A842EE
:109660001CD0394B984219D038498B68856815F061
:10967000040519D194F85020012A15D003F01F08D1
:1096800040F22121012321FA08F184F850301940D9
:109690000DD184F850100120BDE8F0812C498B6871
:1096A000856815F00405E5D00220BDE8F08120466C
:1096B000FFF776FF002840D1626D264B21681340EA
:1096C00043F480736365B8F1000F02D01E4B9942DA
:1096D00003D0636D23F480136365636D13F48053CB
:1096E0002ED0A36D23F00603A365E06C32461A4D1D
:1096F0003B46E66A4031C563184D0564184DC564A4
:109700001C2541F8405C002584F8505051F83C5C21
:1097100045F0100541F83C5C51F8345C25F0030538
:10972000354341F8345C00F021FF22680D4B91680D
:109730000B4043F004039360B7E784F85050AAE766
:10974000A365D2E7002002400021024000630258D6
:1097500000230240FEF0FFFF499105903D910590E6
:10976000B5910590C0FFFF7F38B503689A689507EB
:1097700002D59B68002038BD9A68D407FAD59A684C
:10978000044602F00D02012A09D0636D012043F066
:1097900010036365A36D43F00103A36538BD9868AA
:1097A00003210D4A024042F002029A601960FFF75D
:1097B000A5FC236805469B68D90703D4DAE79B68B4
:1097C000DB07D7D5FFF79AFC401B23680228F6D9A0
:1097D0009A68D207F3D5D8E7C0FFFF7F38B54F4A64
:1097E00004460368934224D002F58072934220D04D
:1097F0004B4B9B6813F4403F20D005F023FE636879
:109800000546B3F5003F6CD0B3F5403F71D0B3F5DA
:10981000803F66D0FFF78AFC41F203022368904242
:109820002CD8404A954246D99A6842F480729A6090
:1098300038BD3D4B9B6813F4403FDED14FF4002010
:10984000002107F0C5F863680546B3F5101F4CD03A
:1098500024D8B3F5E01F4AD04DD8B3F5801F08D007
:1098600054D8B3F5002F04D023F40022B2F5802F92
:10987000D0D19B0C5B00B5FBF3F5CBE72B4A9542AF
:1098800023D92B4A954225D92A4A95429A6839D834
:1098900022F4407242F400729A6038BDB3F5201F82
:1098A0002ED0B3F5301FB5D1FFF740FC41F20303D2
:1098B000984205D823689A6822F480729A6038BD6D
:1098C0001A4BB3EB152F236804D39A6822F4407225
:1098D0009A6038BD9A6822F4407242F480729A60AD
:1098E00038BD1B0CB5FBF3F594E7850992E7050934
:1098F00090E785088EE7B3F5001F8BD1450989E70E
:10990000C50987E742F440729A6038BDB3F5A01FDD
:10991000AFD0B3F5C01FACD07CE700BF0020024041
:1099200000630258002D31010023024021BCBE001B
:1099300041787D0181F0FA0270B5002382B0019375
:10994000002800F0B180456D0446002D00F0B08085
:1099500022689368980003D59168744B0B4093601C
:109960009368D90016D4724B72491B6890689B09A2
:10997000A1FB031370499B090140013341F0805161
:1099800091600193019B2BB1019B013B0193019BD2
:10999000002BF9D19368DB007CD4636D012543F083
:1099A00010036365A36D2B43A365936813F0040F45
:1099B000636D75D1DE0673D4636D23F4817343F058
:1099C000020363659368D8070DD45C4B9A4200F09C
:1099D000868003F580739A4200F08180584B9B6823
:1099E000DA0740F18F80FFF7A1FB41F2030C627DA3
:1099F000217F6045A3684FEA42324FEA014E266B51
:109A00005CD83343134343EA0E03012903D1226A8E
:109A1000013A43EA4243626A22B102F47872A16ACF
:109A20000A43134322684749D06801401943D16073
:109A3000936813F0040F93681CD11B071AD4D068E5
:109A4000414B217D034043EA8133E16A0B43D360FC
:109A500094F83830012B57D0136923F001031361B8
:109A600013692046616B23F070430B431361FFF7CA
:109A7000B5FE2268E368012B29D0136B23F00F0396
:109A80001363636D284623F0030343F0010363650A
:109A900002B070BD9368002513F0040F636D89D088
:109AA000636D43F0100363650125284602B070BD65
:109AB000FBF780F8A56584F8505049E7102BA0D13A
:109AC00042EA0E0242EA060343F01C039DE7116BD3
:109AD000A36921F00F01013B0B431363D1E7174B3F
:109AE0009B6813F0010F194B9B687FF47CAFD9077B
:109AF0003FF579AF164A9368616823F47C130B43F2
:109B0000936070E7134AF6E7D4E90F13666C0139E6
:109B10001069334343EA0143A16C0B430E490140F2
:109B20000B4343F0010313619AE700BFC0FFFF5FDF
:109B3000B8060024632D3E05C0FFFF6F00200240E1
:109B40000060025803C0F0FFFCBFFFFF002102408D
:109B500000230240006302581EF800FCF0B5002309
:109B600083B0019390F85030012B40D0012304467C
:109B70000E46154680F85030FFF7F6FDE8B9676DE0
:109B800005F080421B4B06F4803125683B4043F0D2
:109B900002036365184BAE68334013430B4343F035
:109BA0000043AB60AB68154A002B0FDB636D23F0FD
:109BB000030343F00103636503E0636D43F01003A7
:109BC0006365002384F8503003B0F0BD019B01337E
:109BD0000193019B9342E5D3636D0022012023F0A2
:109BE000120384F8502043F010036365ECE7022071
:109BF00003B0F0BDFDEEFFFFC0FFFE3F00F8C32540
:109C000090F85020012A35D0034600220120F0B4FC
:109C1000284D9AB01C681692AC4283F850001792F7
:109C200008D0596D83F8502041F0200159651AB0D1
:109C3000F0BC7047204A906840070BD5A2685A6D67
:109C4000012042F020025A65002283F850201AB009
:109C5000F0BC7047A0684507F1D40868A0B917495F
:109C6000886820F440408860A068C00704D59268E6
:109C70000020E9E7022070479268D507F8D4886889
:109C80000F4A02408A60F3E70C4E4F68B56825F42E
:109C900040453D43B560A468E407E8D49268D7071F
:109CA000E6D48A68B4681043054A22401043B06085
:109CB000DEE700BF002002400021024000230240F6
:109CC000E0F0FFFF06494FF6FF0C0002054BCA68A3
:109CD00000F4E06002EA0C0210430343CB607047DB
:109CE00000ED00E00000FA051A4BDB68C3F3022325
:109CF00000B5C3F1070E03F1040CBEF1040F28BF39
:109D00004FF0040EBCF1060F1AD9A3F1030C4FF06B
:109D1000FF3303FA0CF322EA03024FF0FF3300286B
:109D200003FA0EF321EA030303FA0CF343EA0203F6
:109D30004FEA0313DBB206DB074A13545DF804FB5A
:109D400000229446E9E700F00F00044A13545DF83E
:109D500004FB00BF00ED00E000E400E014ED00E0D3
:109D6000002807DB012300F01F01034A40098B4054
:109D700042F82030704700BF00E100E000280CDB13
:109D80004309012200F01F0004492033824041F8BA
:109D90002320BFF34F8FBFF36F8F704700E100E0C8
:109DA000431EB3F1807F01D3012070474FF0E022C2
:109DB000002005494FF0F00C5361072381F823C0C0
:109DC00090611361704700BF00ED00E0BFF35F8F4B
:109DD000044B00215A6A22F480325A62C3F894106C
:109DE000704700BF00ED00E0064B40F00100C3F8F3
:109DF00094005A6A42F480325A62BFF34F8FBFF325
:109E00006F8F704700ED00E0174A4378C2F8983032
:109E1000017821B3436800B5C2F89C30C37A90F84A
:109E20000CC01B0690F80FE043EA0C7390F80AC0D0
:109E30000B43817B43EACC4390F80DC043EA8C434B
:109E400090F809C043EA4143017A43EA0E4343EAEA
:109E50000C2343EA4103C2F8A0305DF804FBC2F8CA
:109E60009C10C2F8A010704700ED00E0704700BFE2
:109E700008B5FFF7FBFF08BD3649024603688B4271
:109E800033D01831591AB1FA81F1490969BB324806
:109E9000834239D0183083423ED01830834239D0C3
:109EA000183083423BD0183083423ED01830834272
:109EB0002FD000F55670834235D028498B4231D0DF
:109EC00018318B4234D018318B4234D018318B4248
:109ED00034D018318B4234D018318B4234D0183101
:109EE0008B4234D023F0FF0011E0DBB21C491D4847
:109EF000103BA1FB031310B41B091B4CE15C5DF884
:109F0000044BC2E91601704710211648D1659065CF
:109F1000704716211548F9E716211248F6E7062181
:109F20001248F3E706211248F0E710210F48EDE749
:109F300010210F48EAE716210D48E7E700210D48F8
:109F4000E4E706210B48E1E710210A48DEE7162185
:109F50000848DBE7100002404000024028040240AD
:109F6000ABAAAAAA00000240B00207900400024077
:109F700000040240040402400268284B284930B41F
:109F8000284D294CAA4218BF9A420CBF0123002336
:109F90008A4208BF43F001032831A24208BF43F0C0
:109FA000010328348A4208BF43F001032831A2424A
:109FB00008BF43F001038A4208BF43F00103D1B256
:109FC00013B91A4B9A4211D1A1F10803184C194A3E
:109FD0000121A4FB0343184C1D0902EB1313A940F4
:109FE0009B008166C0E9183430BC7047A1F11003B2
:109FF0001249134C1144A4FB0343A8294FEA13133D
:10A0000008D903F01F040F4A01211A44A1400E4C45
:10A010009300E6E708331C46F5E700BF08540258F2
:10A02000305402581C540258445402589454025854
:10A03000CDCCCCCC0096001680580258F0FBFDBF6A
:10A04000ABAAAAAA00820010800802402DE9F04FB6
:10A05000054683B0FFF752F8002D00F0AB812C6865
:10A060000646AE4BAE4A944218BF9C4202F118021B
:10A070000CBF01230023944208BF43F001031832B0
:10A08000944208BF43F001031832944208BF43F0E2
:10A0900001031832944208BF43F00103183294427E
:10A0A00008BF43F001031832944208BF43F0010394
:10A0B00002F55672944208BF43F0010318329442ED
:10A0C00008BF43F001031832944208BF43F0010374
:10A0D0001832944208BF43F001031832944208BF7B
:10A0E00043F001031832944208BF43F001031832D1
:10A0F000944208BF43F001031BB98A4B9C4240F0D5
:10A1000096810023022285F8343085F835202368B3
:10A1100023F00103236006E0FEF7F0FF801B052813
:10A1200000F243812C682368DF07F5D4D5E90230BB
:10A1300029690343AA6920680B4369690B43E969EC
:10A1400013430B4378490140286A034377480B4384
:10A15000696A042900F03E8100686FF30F00B0F1D6
:10A16000005F80F0F5802360636923F007030B43F1
:10A1700063612846FFF780FEEA6D3F236C4902F0D9
:10A180001F026C4F611A6C4E93406C4AB1FA81F118
:10A19000E71B8360A4EB020A694B4909604ABAFADB
:10A1A0008AFAA4EB03095D4B4FEA5A1AB7FA87F70C
:10A1B000944218BF9C4202F11802B9FA89F9A4EB43
:10A1C00006060CBF012300234FEA5919B6FA86F69A
:10A1D000944208BF43F0010318327F09944208BF3C
:10A1E00043F0010318327609944208BF43F001039B
:10A1F0001832944208BF43F001031832944208BF5A
:10A2000043F001031832944208BF43F0010302F502
:10A210005672944208BF43F001031832944208BFBB
:10A2200043F001031832944208BF43F0010318328F
:10A23000944208BF43F001031832944208BF43F030
:10A2400001031832944208BF43F0010318329442CC
:10A2500008BF43F001031832944208BF43F00103E2
:10A26000384A4AEA0303A4EB02083C320B43B8FA2B
:10A2700088F8A4EB020B143249EA03034FEA58189A
:10A28000BBFA8BFBA21A48EA03034FEA5B1BB2FA44
:10A2900082F23B435209334301925BEA030301D14B
:10A2A000002A33D028460091FFF766FEAB68A86EFF
:10A2B000802B0099D5E9184200F08380D5F804C0BE
:10A2C0005FFA8CF30CF1FF3CBCF1070F2360506088
:10A2D0007BD84AEA010A581E49EA0A0948EA0908ED
:10A2E00047EA08073E435BEA060603D1019A002AC3
:10A2F00000F01981144A15491A4492000123834041
:10A300000020C5E91B216B6710604B600020012312
:10A31000686585F8353003B0BDE8F08F1000024065
:10A3200028000240B80402403F8010FE0010005C8C
:10A330001C540258585402586C540258085402587D
:10A3400030540258445402583F960016405902585F
:10A3500068682E2832D93F38132806D8784E26FA56
:10A3600000F0C00701D543F480132360042963691A
:10A3700023F0070343EA01037FF4FAAEE86AA96A0F
:10A380000B4300283FF4F4AE002A35D1012949D00F
:10A3900031F002027FF4ECAEC2017FF5E9AE40225B
:10A3A00001236A6585F8353004E0202203236A65BD
:10A3B00085F83530012003B0BDE8F08F2828D4D9C6
:10A3C000D1E700236B60236050600023C5E91B3395
:10A3D0006B679BE70668D5E90B076FF30F0607432A
:10A3E000B6F1005F43EA0703B2D22360636923F04A
:10A3F000070343F00403C2E7B2F5005F04D002296B
:10A40000CDD90329C8D0B3E603293FF6B1AE01A2E6
:10A4100052F821F09FA3059099A305909FA3059062
:10A4200025A40590B0F1C07F7FF4A2AEB7E7454AFE
:10A430004549464BA4EB020A611A454FA4EB0309B8
:10A44000BAFA8AFA1433B1FA81F14FEA5A1AB9FA10
:10A4500089F9A4EB030849094FEA5919E71BB8FA2F
:10A4600088F84AEA01033B4E78324FEA581849EA25
:10A470000303B7FA87F7A61BA4EB020B48EA030312
:10A480007F09B6FA86F61432BBFA8BFB3B4376099A
:10A49000A21A4FEA5B1B3343B2FA82F25BEA030370
:10A4A0004FEA5212019201D1002A43D00223DFF871
:10A4B000B8E085F83530002385F83430AB68226881
:10A4C000402B02EA0E0E33D0A3F18003B3FA83F3DC
:10A4D0005B0998030091D5E9033243EA020C6A69EB
:10A4E000AB694CEA020C1C4A4CEA030CEB692244AF
:10A4F0004CEA030C2B6A4EEA131343EADC031843BD
:10A50000164BA3FB0223206028461B099B00EB652A
:10A51000FFF7B2FCEB6D0246009903F01F00012328
:10A5200083405360BEE60E4A0E491A449200E5E6A7
:10A530001020CFE7402203236A6585F8353039E7DC
:10A540000F030F00085402581C540258305402588C
:10A55000585402586C540258F8ABFDA7CDCCCCCC63
:10A560003F820010400902400F00FEFF002800F06B
:10A570003B822DE9F04390F83440012C00F0F78144
:10A58000012480F8344090F83540012C08D04FF475
:10A5900000620023426580F834300120BDE8F0837A
:10A5A0000224674EDFF8A4E180F835400024654DB1
:10A5B00044650468DFF8A881744518BFB442624F4F
:10A5C000D0F858C00CBF01260026444514BFB14640
:10A5D00046F00109BC4218BFAC420CBF0125002562
:10A5E00040F0C080276827F001072760D0F86CE0B2
:10A5F000D0E919767E60BEF1000F07D0D0E91C7655
:10A600007E601DB9B9F1000F00F01F81C76D07F022
:10A610001F083F2707FA08F7CCF80870276827F4C7
:10A620008027276063608368402B00F0A381A160CE
:10A63000E260002D40F08581444B026C9C4200F0AA
:10A64000C08118339C4200F0DA81B9F1000F40F06C
:10A65000A9813F4B9C4200F0E5813E4B9C4200F0BB
:10A66000068218339C4200F00E8203F556739C421A
:10A6700000F0278218339C4200F02E8218339C424F
:10A6800000F03E8218339C4200F0458218339C4211
:10A6900000F0558218339C4200F0538218339C42DC
:10A6A00000F05A8218339C4200F06182236823F044
:10A6B0000E0343F00A0323601AB1236843F0040336
:10A6C0002360254B254A944218BF9C4202F1140294
:10A6D0000CBF01230023944208BF43F0010314324E
:10A6E000944208BF43F001031432944208BF43F080
:10A6F00001031432944208BF43F001031432944220
:10A7000008BF43F001031432944208BF43F0010331
:10A710007BB1036ED0F86CE01A68D20300F122819D
:10A72000BEF1000F05D0DEF8003043F48073CEF8A0
:10A7300000302368002043F001032360BDE8F0836C
:10A740007000024010000240280002404000024019
:10A7500088000240A0000240085402581C540258CD
:10A7600058000240744500F03681444500F03E81B7
:10A77000B9F1000F40F00181B04FBC4200F04981B7
:10A780001837BC4200F06A811837BC4200F087815C
:10A7900007F55677BC4200F08B811837BC4200F0B9
:10A7A000A6811837BC4200F0AD811837BC4200F0DA
:10A7B000B4811837BC4200F0B9811837BC4200F0B0
:10A7C000C2811837BC4200F0C9811837BC4200F082
:10A7D000D0819B4FDFF874E2744518BFBC420EF184
:10A7E000280E0CBF01270027744508BF47F001075A
:10A7F0000EF1140E744508BF47F001070EF1140E58
:10A80000744508BF47F001070EF1140E744508BFE8
:10A8100047F00107D4F800E02EF0010EC4F800E084
:10A82000DFF830E2744508BF47F0010717B9854FDC
:10A83000BC424AD1D0F86CE0D0E919767E60BEF116
:10A84000000F02D0D0E91C767E607C4FDFF80882D2
:10A85000444518BFBC4208F118080CBF0127002767
:10A86000444508BF47F0010708F55678444508BF3E
:10A8700047F0010708F11808444508BF47F00107F1
:10A8800008F11808444508BF47F0010708F1180807
:10A89000444508BF47F0010708F11808444508BFC0
:10A8A00047F0010708F11808444508BF47F00107C1
:10A8B00008F11808444508BF47F00107002F7FF44E
:10A8C000A5AE614FBC423FF4A1AE604FDFF870E12E
:10A8D000744518BFBC420EF1140E0CBF01270027AF
:10A8E000744508BF47F001070EF1140E744508BF08
:10A8F00047F001070EF1140E744508BF47F0010739
:10A900000EF1140E744508BF47F001070EF1140E46
:10A91000744508BF47F001071FB94A4FBC4240F0D9
:10A920003481C76D07F01F0E012707FA0EF7CCF828
:10A93000047063608368402B00F02481A160E260B2
:10A940007AE62368026C23F01E0343F016032360AB
:10A950001AB1236843F008032360036E1A68D20318
:10A960007FF5DEAE1A6842F480721A60D8E60220E3
:10A97000BDE8F083A260E1605BE6DFF8D4E0DEF8DA
:10A98000707027F00107CEF87070D0F86CE0D0E955
:10A9900019767E60BEF1000F3FF438AED0E91C7628
:10A9A0007E6033E62A490B6F23F01E0343F0160343
:10A9B0000B67002A3FF4ADAE236843F00803236021
:10A9C000A7E623490B6C23F01E0343F016030B6428
:10A9D000002AF1D19DE6DFF878E0DEF8407027F03C
:10A9E0000107CEF8407001E601207047DFF860E013
:10A9F000DEF8587027F00107CEF85870C5E7144903
:10AA00008B6D23F01E0343F016038B65002AD3D110
:10AA10007FE6DFF83CE0DEF8887027F00107CEF82B
:10AA2000887007E70A49D1F8883023F01E0343F005
:10AA30001603C1F88830002ABED16AE688000240B9
:10AA40001C54025894540258B80402400854025846
:10AA50000000024080540258A0000240DFF830E1BC
:10AA6000DEF8A07027F00107CEF8A070E2E64849B2
:10AA7000D1F8A03023F01E0343F01603C1F8A03034
:10AA8000002A99D145E64249D1F8B83023F01E0397
:10AA900043F01603C1F8B830002A8DD139E6DFF84B
:10AAA000F0E0DEF8B87027F00107CEF8B870C1E624
:10AAB000DFF8E0E0DEF8107027F00107CEF8107044
:10AAC000B8E634490B6923F01E0343F016030B610B
:10AAD000002A7FF471AF1CE62E498B6A23F01E0317
:10AAE00043F016038B62002A7FF466AF11E6DFF8AD
:10AAF000A4E0DEF8287027F00107CEF8287099E668
:10AB000024495FE7DFF88CE0DEF8407027F00107AA
:10AB1000CEF840708EE61F4972E7DFF878E0DEF885
:10AB2000587027F00107CEF8587083E6DFF864E02C
:10AB3000DEF8707027F00107CEF870707AE61549DC
:10AB400031E714496FE7DFF84CE0DEF8887027F052
:10AB50000107CEF888706DE60E4989E7DFF834E02A
:10AB6000DEF8A07027F00107CEF8A07062E6094970
:10AB70008AE7DFF820E0DEF8B87027F00107CEF8AA
:10AB8000B87057E6A260E16056E5026C61E500BF6F
:10AB9000000002400004024070B50446FEF7AEFA21
:10ABA000002C6DD094F83530022B64D12568064610
:10ABB000AD4B9D4266D018339D4263D018339D4201
:10ABC00000F0F38018339D4200F01A8118339D4243
:10ABD00000F0258118339D4200F0FF8018339D421C
:10ABE00000F02E8118339D4200F04A8103F5567320
:10ABF0009D4200F0588118339D4200F06381183364
:10AC00009D4200F06E8118339D4200F06C81183334
:10AC10009D4200F06A8118339D4200F0688118332C
:10AC20009D4200F0688118339D4200F062812B68DC
:10AC30008E4A23F00E0395422B6000F0BF808C4BB0
:10AC40009D4200F0BB8014339D4200F0B780143366
:10AC50009D4200F0B38014339D4200F0AF80143366
:10AC60009D4200F0AB8014339D4200F0A780143366
:10AC70009D4214D1A2E080220023626584F8343022
:10AC8000012070BD2B68226E23F01E032B606B69C0
:10AC900023F080036B61136823F4807313602B68C7
:10ACA00023F001032B6005E0FEF728FA831B052B38
:10ACB00000F28A802B68DB07F6D423686A49E26DCC
:10ACC0008B42A06D02F01F025ED018318B425BD028
:10ACD00018318B4258D018318B4255D018318B42E5
:10ACE00052D018318B424FD018318B424CD0183192
:10ACF0008B4249D001F556718B4245D018318B42B9
:10AD000042D018318B423FD018318B423CD01831A1
:10AD10008B4239D018318B4236D018318B4233D028
:10AD200018318B4230D001219140514A41604F4847
:10AD30005049834218BF934200F13C000CBF0122EE
:10AD400000228B4208BF42F001022831834208BF33
:10AD500042F0010228308B4208BF42F00102283144
:10AD6000834208BF42F001028B4208BF42F0010259
:10AD70006AB9414A93420AD000230122184684F856
:10AD8000352084F8343070BD3F2393408360E36EF8
:10AD9000D4E919215160002BEED01A68D4E91C10B7
:10ADA00022F480721A604860E6E7344B1A6C22F095
:10ADB0001E021A645A6D22F080025A65226E1368D0
:10ADC00023F4807313606AE7202103220023616566
:10ADD00084F8343084F8352052E7284BD3F88820A3
:10ADE00022F01E02C3F88820D3F89C2022F08002B3
:10ADF000C3F89C20226E136823F4807313604EE71F
:10AE00001E4B9A6D22F01E029A65DA6E22F08002C5
:10AE1000DA66226E136823F4807313603FE7174BE2
:10AE20001A6F22F01E021A67D3F8842022F08002E3
:10AE3000C3F88420226E136823F4807313602EE716
:10AE40000E4BD3F8A02022F01E02C3F8A020D3F8A6
:10AE5000B42022F08002C3F8B420226E136823F4D9
:10AE6000807313601BE700BF1000024008540258B3
:10AE70001C540258305402589454025800000240A6
:10AE80001E4BD3F8B82022F01E02C3F8B820D3F826
:10AE9000CC2022F08002C3F8CC20226E136823F469
:10AEA00080731360FBE6164B1A6922F01E021A61CA
:10AEB0005A6A22F080025A62226E136823F4807369
:10AEC0001360ECE60E4B9A6A22F01E029A62DA6B6D
:10AED00022F08002DA63226E136823F48073136019
:10AEE000DDE6074B62E7064B8BE7054B98E7044B23
:10AEF00074E7034BC5E7024BA3E700BF0000024025
:10AF000000040240002860D090F83530022B5AD15E
:10AF10000268594B594910B5594CA24218BF9A4280
:10AF200004F130040CBF012300238A4208BF43F020
:10AF300001033031A24208BF43F0010330348A429A
:10AF400008BF43F001033031A24208BF43F00103C0
:10AF500030348A4208BF43F0010301F55C71A2421C
:10AF600008BF43F0010304F55C748A4208BF43F054
:10AF700001033031A24208BF43F0010330348A425A
:10AF800008BF43F001033031A24208BF43F0010380
:10AF900030348A4208BF43F001033031A24208BF77
:10AFA00043F001038A4208BF43F0010313B9354B54
:10AFB0009A420CD1042380F83530136823F0010342
:10AFC0001360002010BD80234365012070472E4B85
:10AFD000DFF8C4C01168624518BF9A422B4C21F0BB
:10AFE0000E010CF13C0C0CBF012300231160A242A6
:10AFF00008BF43F0010311682834624508BF43F0DD
:10B00000010321F00101A24208BF43F001031434FF
:10B010001160A24208BF43F001031D498A4208BFE4
:10B0200043F0010313B91B4B9A4219D10123D0F805
:10B0300058C0D0E91714226801F01F0122F4807271
:10B040008B402260CCF80430C36ED0E919215160E6
:10B0500033B11A68D0E91C1422F480721A604C6073
:10B0600001210022036D80F8351080F83420002B78
:10B07000A7D09847A5E700BF10000240400002405B
:10B0800028000240B80402401C54025830540258B0
:10B09000805402589454025808540258F0B50022C3
:10B0A000944B83B0856D07461E680192924B0268EF
:10B0B00092482C68824218BF9A4200F11800296811
:10B0C0000CBF01230023824208BF43F00103183064
:10B0D000824208BF43F001031830824208BF43F0A8
:10B0E00001031830824208BF43F001031830824246
:10B0F00008BF43F001031830824208BF43F0010348
:10B1000000F55670824208BF43F0010318308242B6
:10B1100008BF43F001031830824208BF43F0010327
:10B120001830824208BF43F001031830824208BF42
:10B1300043F001031830824208BF43F00103183086
:10B14000824208BF43F001031BB96D4B9A4240F0A5
:10B150002F81FB6D082103F01F03994021420BD082
:10B160001068400708D5106820F004001060A9603E
:10B17000796D41F00101796524FA03F1C80709D519
:10B180005169090606D501219940A960796D41F000
:10B190000201796504219940214207D01068800797
:10B1A00004D5A960796D41F00401796510219940B9
:10B1B000214200F0B0801068000740F1AC80A96027
:10B1C000116811F4802F116840F09E80C90503D4E6
:10B1D000116821F008011160396C002900F09B8092
:10B1E00038468847FB6D202103F01F039940214218
:10B1F00053D03A684048414CA24218BF824204F101
:10B2000018040CBF01200020A24208BF40F001003A
:10B210001834A24208BF40F001001834A24208BF0F
:10B2200040F001001834A24208BF40F00100183479
:10B23000A24208BF40F001001834A24208BF40F00B
:10B24000010004F55674A24208BF40F00100183412
:10B25000A24208BF40F001001834A24208BF40F0EB
:10B2600001001834A24208BF40F001001834A24285
:10B2700008BF40F001001834A24208BF40F00100AE
:10B280001834A24208BF40F00100002847D11C48F2
:10B29000824244D01068800744D47B6D002B70D06C
:10B2A0007B6DDC071ED53A68042187F835101549F7
:10B2B0001368A1FB066123F00103890A136002E011
:10B2C0001368D80704D5019B01338B420193F7D94A
:10B2D0001368DB074CBF0323012387F835300023B5
:10B2E00087F83430FB6C002B4BD0384603B0BDE8F8
:10B2F000F0401847B8060024100002402800024021
:10B30000B8040240B5814E1B08037FF565AFB96CE8
:10B3100000297FF465AF202199400C42BDD0106810
:10B32000C406BAD5A96097F8351004290ED0136861
:10B3300013F4802F136826D01D0331D5FB6B002B2F
:10B34000ABD0384698477B6DDBB1A9E7116821F097
:10B3500016011160516921F080015161396C19B3F6
:10B36000116821F0080111603F22012102FA03F364
:10B370000022AB603B6D87F8351087F83420002B36
:10B38000B3D103B0F0BD13F48073D7D1116821F0AD
:10B3900010011160012287F8343087F83520CDE79D
:10B3A0007B6C002BCDD178E7B96C0029D8D1DBE7D5
:10B3B000404B4148824218BF9A4200F114000CBF32
:10B3C00001230023824208BF43F00103143082426C
:10B3D00008BF43F001031430824208BF43F0010369
:10B3E0001430824208BF43F001031430824208BF88
:10B3F00043F0010313B9314B9A42C2D1F86D0424D2
:10B40000136800F01F0084400C420BD05E0709D582
:10B4100019046C6032D5DA0336D4BB6C002B7FF490
:10B4200064AFAEE7022484400C420BD09E0709D5DE
:10B4300019046C602DD5DA0337D47B6C002B7FF4B4
:10B4400054AF9EE7082484400C429AD01B0798D53D
:10B450001368002123F00E0313600123FA6C03FA32
:10B4600000F068607B6587F8341087F83530002A73
:10B4700087D0384603B0BDE8F04010479B0603D4A0
:10B48000136823F0040313603B6C002B7FF42DAF93
:10B4900077E713F0200308D11168012021F00A0199
:10B4A000116087F8350087F83430FB6B002B7FF490
:10B4B0001CAF66E7085402581C54025894540258B2
:10B4C000406D70470B68002B00F0E781B84A90424E
:10B4D0004FF000022DE9F04F4FF0010B85B000F066
:10B4E00010814FF0B04C00910BFA02FE1EEA030AE5
:10B4F00000F05581009954004D68032105F00307C1
:10B5000001FA04F607F1FF38F643B8F1010F40F2F3
:10B510006581032F0BD00099D0F80C80896808EA68
:10B52000060801FA04FE4EEA080EC0F80CE007FA1D
:10B5300004F4076815F4403F06EA070644EA0604E7
:10B54000046000F02C819B4E02F003070F21D6F817
:10B55000F440BF0044F0020401FA07FE9649C6F821
:10B56000F440D6F8F44022F00306884206F1B046D3
:10B5700004F0020406F580660394039CB46824EA90
:10B580000E0400F078818D49884200F0DC80DFF8FD
:10B5900030E2704500F07B81DFF828E2704500F072
:10B5A0007D81DFF824E2704500F06B81DFF81CE25A
:10B5B000704500F07981DFF818E2704500F07A817B
:10B5C000DFF810E2704500F07B81DFF80CE2704597
:10B5D0000CBF4FF0090E4FF00A0E0EFA07F73C436E
:10B5E000B6E0D0F80890022CCD680AEA090905FAFD
:10B5F00007F848EA0908C0F80880C6F30018D0F830
:10B60000049008FA02F829EA0E0E48EA0E0EC0F875
:10B6100004E0D0F80C808D680AEA080805FA07FEF5
:10B620004EEA080EC0F80CE017D102F0070E0D69C3
:10B630004FEAD2084FEA8E0E00EB880805FA0EF5A5
:10B64000D8F8209000950F2505FA0EFE009D29EAF6
:10B650000E0945EA090EC8F820E0BC40076816F458
:10B66000403F07EA0A0744EA0704046045D0514F07
:10B670000F25D7F8F44044F00204C7F8F440D7F897
:10B68000F44022F0030704F0020407F1B0470394EA
:10B6900007F58067039C02F00304D7F808E0A400D4
:10B6A00005FA04F4F5022EEA0404BC604FF0B0443D
:10B6B0006FEA0C07246800F1D2803C404FF0B0459F
:10B6C0002C606C68B50200F1D3803C404FF0B0456F
:10B6D0006C60D5F88440B50300F1C7803C404FF062
:10B6E000B045C5F88440D5F88040F50300F1BA8034
:10B6F0003C404FF0B045C5F88040013233FA02F4C7
:10B7000052D00BFA02FE13EA0E0CF6D04E68570028
:10B71000032506F0030405FA07F86FEA080A04F1A6
:10B72000FF38B8F1010F7FF65CAF032C95D0D0F84D
:10B730000C808D680AEA080805FA07FE4EEA080E32
:10B74000C0F80CE089E74FF0020E0EFA07F73C4311
:10B75000B460EF02DCF800406FEA0A064CBF4AEA28
:10B7600004043440A902CCF80040DCF8044054BF83
:10B7700034404AEA0404AF03CCF80440DCF88440C7
:10B7800054BF34404AEA0404E903CCF88440DCF8AE
:10B79000804054BF34404AEA0404CCF8804001326F
:10B7A00033FA02F47FF4A0AE05B0BDE8F08F00BF1D
:10B7B00000000258004402580004025800080258D1
:10B7C000000C0258001002580014025800180258C9
:10B7D000001C025800200258002402580099022F31
:10B7E000D0F80890C96809EA060901FA04F8009936
:10B7F00048EA09088968C0F80880C5F30018D0F83D
:10B80000049008FA02F829EA0E0E48EA0E0EC0F873
:10B8100004E001FA04FED0F80C8008EA06084EEABB
:10B82000080EC0F80CE07FF482AE02F0070E00991B
:10B830004FEAD2084FEA8E0E096900EB880801FA38
:10B840000EF1D8F8209001910F2101FA0EFE019916
:10B8500029EA0E0941EA090EC8F820E067E644EA41
:10B860000C042BE744EA0C0443E744EA0C0436E7F3
:10B870004CEA04042AE74FF0010E0EFA07F73C43A6
:10B8800066E74FF0050E0EFA07F73C4360E74FF00E
:10B89000030E0EFA07F73C435AE770474FF0040EC9
:10B8A0000EFA07F73C4353E74FF0060E0EFA07F780
:10B8B0003C434DE74FF0070E0EFA07F73C4347E7CE
:10B8C0004FF0080E0EFA07F73C4341E7002900F05D
:10B8D0000C818B4B98422DE9F04F00F09A800023A9
:10B8E0004FF001084FF00F0A4FF0B04708FA03F28B
:10B8F00012EA010E77D023F0030603F00304814D12
:10B9000006F1B046A400A8420AFA04F9D6F808C421
:10B9100006F5806609EA0C0C27D07B4DA8426ED054
:10B920007A4DA84270D07A4DA84263D0DFF8E8B1D2
:10B93000584500F0D580DFF8E4B1584500F0D680D6
:10B94000DFF8DCB1584500F0C680DFF8D8B15845C3
:10B9500000F0D180DFF8D0B158450CBF4FF0090B93
:10B960004FF00A0B0BFA04F401E008FA04F4A445C2
:10B9700017D1D7F8804024EA0E04C7F88040D7F8E2
:10B98000844024EA0E04C7F884407C6824EA0E044C
:10B990007C603C6824EA0E043C60B46824EA090434
:10B9A000B46003245E004FEAD30C04FA06F6046880
:10B9B00000EB8C0C3443046003F00704DCF820E057
:10B9C000A4000AFA04F42EEA0404CCF82040C46867
:10B9D00024EA0604C460446824EA020242608268E1
:10B9E00022EA06028260013331FA03F27FF47EAF6D
:10B9F000BDE8F08F4FF0040B0BFA04F4B7E74FF0FB
:10BA0000020B0BFA04F4B2E74FF0030B0BFA04F449
:10BA1000ADE700224FF0010C3E4C0F264FF0B0472F
:10BA20004FF0030E02F003030CFA02F522F00308B4
:10BA30009B0011EA0509A04406FA03F345D0D8F8A3
:10BA400008A013EA0A0F1DD1D7F880A02AEA090A34
:10BA5000C7F880A0D7F884A02AEA090AC7F884A00A
:10BA6000D7F804A02AEA090AC7F804A0D7F800A06A
:10BA70002AEA0909C7F80090D8F8089029EA0303D0
:10BA8000C8F808304FEA420803684FEAD2090EFAB4
:10BA900008F800EB890948EA0303036002F0070392
:10BAA000D9F820A09B0006FA03F32AEA0303C9F899
:10BAB0002030C36823EA0803C360436823EA050310
:10BAC0004360836823EA08038360013231FA02F39A
:10BAD000A8D1BDE8F08F4FF0070B0BFA04F446E74E
:10BAE0004FF0050B0BFA04F441E770474FF0060BDB
:10BAF0000BFA04F43BE74FF0080B0BFA04F436E7BB
:10BB0000000002580004025800080258000C0258B5
:10BB1000001002580004005800140258001802587F
:10BB2000001C0258002002580024025803691940E2
:10BB3000081E18BF0120704702B9090481617047CF
:10BB40002DE9F04F056885B00446284607F0F0FF60
:10BB5000012802D005B0BDE8F08F206807F0B4FFDF
:10BB60000028F7D0206807F0AFFF8102236802D5D4
:10BB70004FF400125A61184607F0A6FFC20223686C
:10BB800002D54FF480125A61184607F09DFF470115
:10BB9000236802D54FF080625A61184607F094FF7F
:10BBA0008607236801D502225A61184607F08CFFE8
:10BBB0008000236875D4184607F086FFC20100F1A3
:10BBC0002E81206807F080FF030700F121812068A3
:10BBD00007F07AFFC706266800F10681304607F0B5
:10BBE00073FF8001B6D5206808F000F8A26881468E
:10BBF000002A00F0F48005F5A06500264FF02C0A1D
:10BC00004FF0070B2AE007F063FF236810F0040FE2
:10BC100018465DD008EB471304223946C3F80825BF
:10BC20000AFB074383F861B007F0E4FF3946206858
:10BC300007F04EFF0346206813F4007379D03946AD
:10BC400008EB471807F0D6FF4FF40073C8F8083523
:10BC5000A26801362035964280F0C18006F00F03BD
:10BC600029FA03F3D907F4D52B68F7B2D4F800808A
:10BC70001A0439464046C6D407F02AFF0346206816
:10BC800013F004033DD0042308EB47183946C8F8E5
:10BC900008350AFB074383F861B007F0ABFFA268E1
:10BCA000D7E74FF000525A61D5F84024D10782D42B
:10BCB0001021284607F0CCFB284607F0F3FBA369C8
:10BCC000022B00F060822046FDF79AF9236872E7A4
:10BCD000394607F0FDFE236810F4807F184600F017
:10BCE000D88008EB47124FF480712C23C2F8081556
:10BCF000082203FB0743394683F8612007F07AFFE7
:10BD000094E73946019307F0E3FE830640F1F280A1
:10BD10002C22202108EB4718019B07FB02F2C8F8F0
:10BD20000815A11891F83D00012800F07D81A26856
:10BD30008FE73946019307F0CBFEC00740F1EE8054
:10BD400008F5A0602022E1684FEA471C00EB471885
:10BD5000C8F80820002900F0B3802C22D8F810E0A1
:10BD6000019B02FB0742CEF3120ED365936CA3EB4B
:10BD70000E031365012382F86130C8F8083092F889
:10BD80003F30032B14D8DFE803F02102210250F8E2
:10BD90000C300122394643F0005340F80C302C237C
:10BDA000204603FB074383F86020FDF72DF9E16887
:10BDB000012900F0D9802C2303FB074393F854207A
:10BDC00082F0010283F85420A26842E739462068D5
:10BDD00007F010FF1023E168C8F80830E8E723688F
:10BDE0004FF000725A61B5E6B36923F01003B361F6
:10BDF000376A07F4F011C7F30A12B1F5802F02D1A8
:10BE0000002A40F0C680B36943F01003B361E5E651
:10BE10002046FDF7EDF8082320684361D8E6266840
:10BE2000D6F840340293D6F840340393039B23F0B2
:10BE30002E030393029B9B0707D5029BDF0700F1AC
:10BE4000EF80039B43F002030393029B180715D571
:10BE5000039B43F008030393029B590740F1DC80E6
:10BE6000A169022900F002812369012B03D14EF65A
:10BE70006022C6F804242046FDF7C8F8029B9A0603
:10BE800003D5039B43F020030393039BC6F8403480
:10BE900097E6394607F01CFE236810F0080F184695
:10BEA0004AD008EB471208212C23C2F808150622B5
:10BEB00003FB0743394683F8612007F09BFEB5E694
:10BEC0002C23012203FB0743D96583F86120C8F8BE
:10BED000082093F83F30032B3FF66DAF01A252F8D4
:10BEE00023F000BFCDBD05908FBD0590CDBD059061
:10BEF0008FBD05903946206807F0EAFD03462068AB
:10BF000013F400735CD04FF4007208EB471339460A
:10BF1000C3F8082507F06EFEA2689AE63946206845
:10BF200007F0D6FD820640F1AC8008EB47182023CD
:10BF3000C8F80835A2688CE6394607F0C9FD2368C1
:10BF400010F4806F18467BD008EB47124FF48061E5
:10BF50002C23C2F80815092203FB0743394683F84E
:10BF6000612007F047FE61E62C2202FB0742136DB9
:10BF7000B2F84010013B0B44B3FBF1F3D9077FF556
:10BF8000D6AE92F8543083F0010382F85430A268A0
:10BF90005FE607F00F074FF02C0808FB0748D8F8BA
:10BFA000441000293FF42FAFD8F85030D8F84C0097
:10BFB0001344834240F22481042388F8603022E74E
:10BFC0003946019307F084FD10F00102216800F06A
:10BFD000DF802C22019B0846394602FB0742D365CD
:10BFE000019207F075FD08F5A063400603EB4713C7
:10BFF00005D5019A012182F83D1040229A602C2239
:10C000000120394602FB0742986082F861002068EF
:10C0100007F0F0FDA2681CE62046FCF7FBFF2DE7C9
:10C020002046FCF7E9FF0CE781F83D30603240F232
:10C0300002333946A352206807F0DCFDA26808E607
:10C04000394607F045FD03067FF5F0AD08EB4712D2
:10C0500080212C232068C2F80815072203FB074320
:10C06000394683F8612007F0C5FDDFE5029B2068B3
:10C0700003F4C023B3F5802F18BF012107F094FD0E
:10C08000F9E63946206807F023FD10F0020300F0BE
:10C09000D38008F5A0682C23022103FB074308EB9B
:10C0A00047129160790193F86130013B082B1BD84E
:10C0B00001A252F823F000BF21C105902FBD0590C9
:10C0C000DDC0059041C10590DDC0059031C10590EE
:10C0D000FDC005906FC10590FDC005902C23022284
:10C0E00003FB074383F861202C233946204603FBDA
:10C0F000074393F86020FCF787FF18E62C23022003
:10C1000003FB0743DA6D83F8610001328242DA658E
:10C1100040F224810022DA65042283F86020E3E7FC
:10C120002C2340F2012203FB0743A3F86020DBE746
:10C130002C2340F2052203FB0743A3F86020D3E73A
:10C140002C2340F2022007FB03F303F16002234497
:10C15000A05293F83F3013F0FD0FC5D158F80130CD
:10C1600023F0804343F0004348F80130BCE72C2320
:10C170004FF4017007FB03F3E1186033CA6D01321D
:10C18000CA65E052B0E70121206807F00DFD9AE58D
:10C1900008463946019207F09BFC236810F0400FD7
:10C1A000184614D02C23019A394608EB471803FB94
:10C1B0000743DA65052283F86120012283F83D20D8
:10C1C00007F018FD4023C8F80835A26841E5394654
:10C1D00007F07EFC0246206812F008024AD008F5FB
:10C1E000A0622C23394602EB471203FB07430827C2
:10C1F0009760062283F8612007F0FCFCA26828E51E
:10C200003046019207F0A4FB019AD8F8443006F5B5
:10C21000A066B8F84000134406EB47118242C8F804
:10C220004430D8F8503009691344C8F850304FEA08
:10C23000471364D02668E6E539462068019307F085
:10C2400047FC0246206812F040023BD008F5A06C83
:10C250002C22019B394602FB07420CEB471C40276E
:10C26000CCF80870D365052382F8613007F0C2FC72
:10C27000A268EEE43946019207F02AFC03462068E2
:10C28000D9064DD52C23019A03FB0743DA65042216
:10C2900083F8612093F83D3043B92C2303FB074317
:10C2A00093F83C2012B9012283F83D20394607F06B
:10C2B000A1FC08F5A068102308EB4718C8F808305F
:10C2C000A268C6E43946019207F002FC10F0100F94
:10C2D000019A3FF42CAD2C2303FB074393F83F1046
:10C2E000032939D011F0FD01E3D1E268D965002AB4
:10C2F000DFD10422394683F861202068D7E75E4AFF
:10C300000A40002A96D0F25822F0804242F00042C1
:10C31000F25098F8543083F0010388F8543089E7DC
:10C32000394607F0D5FB02061BD5E368002B3DD04C
:10C330002C2101FB0741CB6D0133022BCB652BD8A0
:10C34000022381F8603008F5A068802308EB4718C5
:10C35000C8F80830A2687CE4DA65CAE783F86000B0
:10C36000FCE63946206807F0B3FB034620685B050E
:10C3700027D52C23092208F5A068394603FB07437B
:10C3800008EB471883F8612007F034FC4FF4806312
:10C39000C8F80830A2685CE404220023204681F833
:10C3A0006020CB653946FCF72FFECCE72C23072213
:10C3B000394603FB074383F86120206807F01AFC25
:10C3C000C1E7394607F084FB81077FF5B0AC08F57B
:10C3D000A0682C23022103FB074308EB471291605E
:10C3E000790193F86130013B082B3FF6A0AC01A224
:10C3F00052F823F019C405902FBD0590DDC00590BB
:10C4000069C4059069C4059031C10590FDC00590CF
:10C410002FBD0590FDC005902C2340F2012107FBA4
:10C4200003F303F160022344A15293F83F20023A40
:10C43000012A3FF659AEE2687AB1012A7FF454AE80
:10C44000DA6C002A3FF450AEB3F84010013A0A44C7
:10C45000B2FBF1F2D2077FF547AE93F8552082F098
:10C46000010283F855203FE62C2340F2022203FB11
:10C470000743A3F8602037E60000F81F90F8F83271
:10C48000012B0CD0012310B50446006884F8F83263
:10C4900007F01AFC0023184684F8F83210BD022079
:10C4A000704700BF2DE9F0470368102604460D468B
:10C4B0001746986910F0020840F0AB809A6912F0B4
:10C4C000100C65D0691CDE6164D19A6912F0200CF1
:10C4D00073D19A699206FCD52022DA614CF0040CE3
:10C4E0004FF0010E9A6902F4806102F40070D205E7
:10C4F00030D54FF480724CF0010CDA6121B14FF469
:10C5000080624CF0080CDA6120B14FF400724CF0FC
:10C51000020CDA619A69900701D500229A629A6941
:10C52000D10703D49A6942F001029A615A68202027
:10C530003A4D00212A405A60636C43EA0C0363645D
:10C5400084F8410084F842100023012084F8403030
:10C55000BDE8F0870029D2D10028D6D1BEF1000F66
:10C56000D8D16A1CA5D0FCF7C9FDC21B2368AA421A
:10C5700001D8002D9DD19A6912F0020299D1636C05
:10C5800020210B43636484F8411084F84220DBE7E8
:10C59000E646A7E7B946C2469A69910633D4BAF18E
:10C5A000000F39D1FCF7AAFDA0EB090223689542E0
:10C5B00005D325B19A699006F4D5C4468CE758682E
:10C5C00094F842209969D2B209040BD5410409D4E8
:10C5D000202A07D05A6842F480425A60FCF78EFD48
:10C5E000236881469A699006D6D4FCF787FDA0EBB4
:10C5F000090023681928F5D99A694FF020084FF0EF
:10C60000010A9106CBD5C446BAF1000F7FF466AF9C
:10C6100062E70020BDE8F087C4465FE700E800FE5F
:10C620002DE9F84F036816469A6994066AD4B1FA60
:10C6300081F783460D464FF010087F099A6912F082
:10C64000100C62D0691CC3F81C8060D19C6914F086
:10C65000200440F0AD809A699206FCD52022DA6170
:10C6600044F0040C01249A6902F4806102F4007021
:10C67000D20532D54FF480724CF0010CDA6121B151
:10C680004FF480624CF0080CDA6120B14FF4007274
:10C690004CF0020CDA619A69900701D500229A6287
:10C6A0009A69D10703D49A6942F001029A615A68E3
:10C6B0002020404C002122405A60DBF8443043EAFD
:10C6C0000C03CBF844308BF841008BF84210002368
:10C6D00001208BF84030BDE8F88F0029D0D1002828
:10C6E000D4D1002CD7D1FCF709FD801BDBF800303A
:10C6F000A84200D81FB19A6912F0200243D09A696B
:10C7000092069BD50020BDE8F88F6446ABE7002475
:10C71000B146A2469A69910630D4BAF1000F9FD172
:10C72000FCF7ECFCA0EB0902DBF8003095420BD3E0
:10C7300057B99A69900691D4FCF7E0FCA0EB090286
:10C74000DBF800309542F3D258689BF84220996993
:10C75000D2B2090403D5410401D4202A1ED19A691A
:10C760009006D7D4FCF7CAFCA0EB0900DBF8003038
:10C770001928F4D920244FF0010ACBE7BAF1000FB1
:10C780007FF46EAF6AE7DBF8443020210B43CBF82F
:10C7900044308BF841108BF8422098E75A6842F4F5
:10C7A00080425A60FCF7AAFCDBF800308146D6E7ED
:10C7B000002453E700E800FE00284ED010B590F8A2
:10C7C0004130044603F0FF02002B41D023682421AE
:10C7D000626884F84110196822F07062E06821F004
:10C7E0000101012819601A619A68A16822F40042C7
:10C7F0009A6029D041F404410228996002D14FF493
:10C8000000625A6058684FF0200C154922690143B4
:10C810005960D96821F40041D960D4E90501024387
:10C8200042EA0122D4E90710DA60002201431046EF
:10C830001960196841F001011960626484F841C00F
:10C84000226384F8422010BD41F400419960D9E789
:10C8500080F84020F8F72AFEB8E70120704700BFB3
:10C86000008000022DE9F04F144690F8412083B07B
:10C87000202A0C9D2AD190F840208346012A25D0F9
:10C8800001220F461E4680F84020FCF737FCDBF8FB
:10C8900000208146916909041CD5FCF72FFCA0EB10
:10C8A0000900DBF800201928F4D991690B04F1D5AF
:10C8B000DBF844202020002102438BF84010CBF805
:10C8C00044208BF841008BF8421084E0022003B032
:10C8D000BDE8F08F21200021C7F30903CBF82440E5
:10C8E0008BF841001020CBF834108BF84200CBF8C5
:10C8F0004410ABF82A60BBF82A10019389B2FF29D3
:10C900006DD8BBF82A1089B2ABF82810002940F086
:10C910006D815168B0480140B048194308435060E8
:10C92000B5FA85FA4FEA5A1ABBF82A1089B20029DB
:10C9300000F027811027946914F0020440F0D88099
:10C94000916911F0100100F08F80681CD76140F0F0
:10C950008D80906910F0200040F09E8091698906DA
:10C96000FCD52021D16140F004010123906900F43D
:10C97000806600F40074C00550D54FF4807041F01B
:10C980000101D06126B14FF4806041F00801D0610F
:10C9900024B14FF4007041F00201D0619069860724
:10C9A00001D5002090629069C50703D4906940F0DA
:10C9B0000100906150680024894E2025304050606D
:10C9C000DBF844208BF840400A43CBF844208BF836
:10C9D00041508BF84240012003B0BDE8F08FFF21A9
:10C9E000FE204FF08077ABF828104FF47F011943F9
:10C9F00014F8013B784E9362ABF82800BBF82A008C
:10CA0000CBF82440013880B2ABF82A00506830409F
:10CA10000143394341F40051516081E7002EB2D106
:10CA2000002CB6D1002BB9D16C1C84D0FCF766FB6E
:10CA3000A0EB0901DBF800208D4203D3BAF1000F0F
:10CA40003FF479AF916911F002017FF474AFDBF824
:10CA5000442020208BF840100243CBF844208BF870
:10CA600041008BF84210B6E70B467FE74E46A046E2
:10CA700091698B0636D4B8F1000F40F09980FCF72D
:10CA80003DFB811BDBF800208D4207D3BAF1000F7C
:10CA900004D191698B06F2D5204662E753689BF872
:10CAA00042109069C9B200040CD558040AD4202958
:10CAB00008D0516841F480415160FCF71FFBDBF85E
:10CAC0000020064691698906D2D4FCF717FB801B2B
:10CAD000DBF800201928F5D9916920244FF00108CE
:10CAE0008B06C8D52046B8F1000F7FF43CAF38E77D
:10CAF000DBF82440BBF8281014F8010B01399062D0
:10CB0000BBF82A0089B2CBF824400138ABF82810D2
:10CB100080B2ABF82A00BBF82A0080B200283FF4AC
:10CB200003AF00297FF400AF681C11D091690B0698
:10CB300011D4FCF7E3FAA0EB0901DBF800208D42E9
:10CB400001D3002DF2D1916911F08001EED17EE781
:10CB500091690906FCD5BBF82A1089B2FF2929D9A9
:10CB600051682048019B01401F4819430843FF2199
:10CB7000ABF828105060BBF82A1089B200297FF466
:10CB8000D9AE4A4629465846FFF74AFD00287FF4A9
:10CB900022AFDBF800202024114DD46151682940D8
:10CBA00051608BF841408BF840008BF842008EE6D4
:10CBB0002046D8E6BBF82A100A4889B2019BCCB2BD
:10CBC000ABF8281051680140194341EA044141F093
:10CBD00000715160A8E600BF009800FC0020000230
:10CBE00000E800FE009C00FC0000FF0101394FF04E
:10CBF000007788B2411CC9B20904F8E62DE9F84370
:10CC00001D4690F84130202B7ED104460E46002967
:10CC100073D0B2FA82F817464FEA5818002A6CD03F
:10CC20005FFA83F990F84030012B6DD0012380F832
:10CC30004030FCF763FA216821236A1C66620646CD
:10CC400084F8413084F84290C4F8448067854B688A
:10CC5000C4F8348023F400434B601ED08B6918075E
:10CC600000F1F780FCF74AFA801B2168854201D366
:10CC7000002DF3D18B6913F00803EFD1626C2020F3
:10CC800084F840300243626484F8410084F8423002
:10CC90004B6843F400434B6032E08B691B0702D4BE
:10CCA0008A691707FCD5236AB3F5003F6BD00823C8
:10CCB000CB61E368022B00F0BC808B69DF03FCD5FD
:10CCC000638D9BB283B925E0636A13F8012B8A62F6
:10CCD000B4F82AC063620CF1FF3C1FFA8CFCA4F884
:10CCE0002AC0638D9BB29BB1294632462046FFF78E
:10CCF000D9FB21680028E7D0CAE74FF400736364CA
:10CD000001273846BDE8F88302273846BDE8F88396
:10CD10006A1C5FD18B69DB06FCD58B69980773D4DD
:10CD20008B69DA0703D48B6943F001038B6110230D
:10CD300032462046CB612946FFF772FC226807463F
:10CD4000E0B92023D3616B1C4ED093691B044ED5F0
:10CD5000FCF7D4F9831B22689D4201D3002DF4D146
:10CD600093691904F1D5636C20200021034384F8F2
:10CD70004010636484F8410084F84210536843F41F
:10CD800000435360BCE7636A0820E26813F8017B44
:10CD9000022A8F626362638D03F1FF339BB2638566
:10CDA000C86134D06B1C88D08B69D8035BD4FCF786
:10CDB000A5F9831B21689D4201D3002DF4D18B6915
:10CDC00013F48033F0D159E725B98B6913F01003C0
:10CDD0003FF454AF8B69DF069FD4FCF78FF9831BB8
:10CDE00021689D42F0D2F0E793691804FCD453689F
:10CDF0000021202043F40043536084F8410084F86C
:10CE0000401084F842107CE700238B6288E76A1C9C
:10CE10000FD08B691A072CD4FCF770F9831B21689B
:10CE20009D4201D3002DF4D18B6913F00803F0D19A
:10CE300024E78B691B0705D48B691807FCD50823E9
:10CE4000CB613AE70823CB618B69DF037FF535AF10
:10CE500036E7236AB3F5003F95D00823CB61E3683A
:10CE6000022BA1D1D5E7638D9BB2002B7FF43CAFA1
:10CE7000B0E70823CB6197E70268436B91691268BA
:10CE800003B11847704700BF90F84100704700BFDA
:10CE900090F84120202A23D15FFA82FC90F84020AC
:10CEA0000346012A1CD00268242000B583F8410003
:10CEB0004FF0000E106820F001001060106820F4A0
:10CEC000805010601068014370461160116841F095
:10CED0000101116083F841C083F840E05DF804FB74
:10CEE0000220704790F84120202A22D1034600B545
:10CEF0005FFA82FE90F84020012A1CD002682420AC
:10CF00004FF0000C83F84100106820F00100106021
:10CF1000106820F4706040EA0121604611601168D9
:10CF200041F00101116083F841E083F840C05DF8F1
:10CF300004FB0220704702205DF804FBF0B58BB0C3
:10CF400030B390F8BD34054603F0FF02002B74D0D7
:10CF500003232E4628686C4685F8BD342F1D06F045
:10CF6000D1F856F810EBB446BCE80F000FC4BCE88B
:10CF70000F000FC49CE8030084E80300704697E8A4
:10CF80000E0005F09BFF044630B1022385F8BD3446
:10CF9000012420460BB0F0BD0146286806F0BAF81F
:10CFA000686858B322464FF0010E214602EBC203D7
:10CFB00002F1010C05EB830383F83C20A3F8562013
:10CFC0005FFA8CF283F83DE0824283F84010D96426
:10CFD000C3E91111EAD3002204EBC403611C05EB81
:10CFE000830383F87C42CCB283F87D22844283F8A9
:10CFF0008022C3F88C22C3E9A122EDD36C460FCE68
:10D000000FC40FCE0FC496E8030084E8030097E82E
:10D010000E00286806F0B4F804460028B5D10122B5
:10D020006B6A85F83800934285F8BD240AD02868D9
:10D0300006F03AFD20460BB0F0BD80F8BC24FBF7AB
:10D040002BFC85E7284600F0A3FFF0E710B590F829
:10D05000BC3404460068012B17D0012384F8BC348B
:10D06000C3685B0602D5A36A012B09D006F042F81B
:10D07000206806F009FD0023184684F8BC3410BD72
:10D08000836B43F480338363F0E7022010BD00BF5D
:10D090002DE9F04F066889B00446304606F048FD99
:10D0A00010B109B0BDE8F08F0546206806F00CFD10
:10D0B0000028F6D0D6F8083806F500622068C3F3D9
:10D0C0000D230392C4F8FC3406F0FEFC81072368AC
:10D0D00003D55A6902F002025A61184606F0F4FCC0
:10D0E000C206236814D59A6922F010029A61376A41
:10D0F00007F4F01207F00F08B2F5802F00F0EA8372
:10D10000B2F5402F00F035839A6942F010029A611F
:10D11000184606F0D9FC070300F18782206806F064
:10D12000D3FC10F4802F206840F0268206F0CCFC5F
:10D130000028C0F29B81206806F0C6FC010500F1C2
:10D140005881206806F0C0FC030114D52268536999
:10D1500003F00063536194F8F434002B40F0BC8278
:10D160000121204684F8F414536DC3F38303C4F8FB
:10D17000F83400F025FF206806F0A6FC034620687E
:10D18000DF0400F19D8106F09FFC034620689D04AA
:10D1900000F17F8106F098FC010700F1E48120682E
:10D1A00006F092FC020671D5B269636822F0800233
:10D1B000012BB2616AD994F8A322012A00F0F78307
:10D1C000022B63D994F8C722012A00F00B84032BA9
:10D1D0005CD994F8EB22012A00F0C482042B55D9C3
:10D1E00094F80F23012A00F0D782052B4ED994F82A
:10D1F0003323012A00F03684062B47D994F85723AD
:10D20000012A00F04384072B40D994F87B23012A9C
:10D2100000F05584082B39D994F89F23012A00F097
:10D220006784092B32D994F8C323012A00F074844F
:10D230000A2B2BD994F8E723012A00F081840B2BC9
:10D2400024D994F80B24012A00F08E840C2B1DD9CC
:10D2500094F82F24012A00F08F840D2B16D994F80E
:10D260005324012A00F0AB840E2B0FD994F87724B5
:10D27000012A00F0B2840F2B08D994F89B34012BBB
:10D2800004D104F59361206806F002FB206806F0E3
:10D290001BFCC30240F1AB806368012B40F2898024
:10D2A00094F86420D6F82019012A00F02482022B79
:10D2B0007FD994F88820D6F84019012A00F02E82F0
:10D2C000032B76D994F8AC20D6F86019012A00F027
:10D2D0003182042B6DD994F8D020D6F88019012A18
:10D2E00000F03482052B64D994F8F420D6F8A01904
:10D2F000012A00F05083062B5BD994F81821D6F848
:10D30000C019012A00F06283072B52D994F83C21FE
:10D31000D6F8E019012A00F06D83082B49D994F85A
:10D320006021D6F8001A012A00F07483092B40D935
:10D3300094F88421D6F8201A012A00F07F830A2B62
:10D3400037D994F8A821D6F8401A012A00F0928320
:10D350000B2B2ED994F8CC21D6F8601A012A00F0B4
:10D36000A2830C2B25D994F8F021D6F8801A012A33
:10D3700000F0B2830D2B1CD994F81422D6F8A01A11
:10D38000012A00F0BD830E2B13D994F83822D6F869
:10D39000C01A012A00F0C8830F2B0AD994F85C2226
:10D3A000D6F8E01A012A00F0D383102B01D9D6F861
:10D3B000003B2068436903F48013436106F084FB5B
:10D3C000870221D4206806F07FFB400000F1C28074
:10D3D000206806F079FB41077FF563AE23685D683E
:10D3E0006A0700F199825A682A435A6059E6206810
:10D3F000E4E7039B9B68DA0700F18A8220684369AF
:10D4000003F4006343619DE6D4F804C0BCF1010F4E
:10D4100026D906F532622346012104E0013120328B
:10D42000243361451CD093F8A40215680128F5D176
:10D43000002DF3DAD4F8FC7405F4803507F0010709
:10D44000BD42EBD183F8A302B06940F08000B06127
:10D4500070690506E2D4039A536843F4007353607D
:10D460002068436903F400134361ACE7039A5368EF
:10D4700023F00103536094F8F434012B00F047814A
:10D480002046FBF7F3FA2068436903F00043436149
:10D4900052E606F051FB206806F02CF82568206162
:10D4A00001F0D0FF227C0146284605F0A9FD204668
:10D4B000FBF7B2FA2068436903F40053436169E65D
:10D4C000039A1021536823F00103536005F0C0FF55
:10D4D0006068D8B106F510634FF67F319960013569
:10D4E0001A682033A84222F4001243F8202CC3F813
:10D4F000E811D3F8E02122F40012C3F8E021D3F8B8
:10D50000E02142F00062C3F8E021E7D10399226BE9
:10D51000CB6943F00113CB61002A40F0E1804A69F6
:10D5200042F22B0313434B610B6943F00B030B6176
:10D53000D6F8003804F2C442217B23F4FE6320684D
:10D54000C6F8003806F008FB2068436903F48053EE
:10D55000436118E62046FBF795FA2068436903F01B
:10D560008043436135E72046FBF752FA2068436960
:10D5700003F00803436113E606F0BAFA8146002877
:10D5800000F011810495A04606F510674FF0000ADF
:10D590002068254619F0010F09D14FEA59090AF10F
:10D5A000010A08F12408203719F0010FF5D05FFABD
:10D5B0008AF4214606F0ACFA10F0010F834612D02F
:10D5C0000120039B0AF00F015A6B00FA01F122EAD5
:10D5D0000102E96881425A63B86000F0A2812146E5
:10D5E0002846FBF70BFA1BF0080F01D00823BB609D
:10D5F0001BF0100F01D01023BB601BF0400F01D0B7
:10D600004023BB601BF0020F40F058811BF0800FDD
:10D6100040F0008128685FEA590900F0C6800AF1ED
:10D62000010A08F124082037B4E7206806F058FA08
:10D63000074600283FF472AD06F53069A3464FF067
:10D64000000AF80708D47F080AF1010A09F1200945
:10D650000BF1240BF807F6D55FFA8AF32068194618
:10D66000049306F04DFA10F0010F804640F0B280AE
:10D6700018F0080F40F09C8018F0100F02D0102214
:10D68000C9F8082018F0020F0FD07269100604D5EF
:10D69000039B5A6842F480625A609BF87F22012AF9
:10D6A00000F08C810223C9F8083018F0200F02D056
:10D6B0002023C9F8083018F4005F03D04FF400535A
:10D6C000C9F808307F083FF429AD0AF1010A09F1D1
:10D6D00020090BF1240BB4E72046FBF7AFF94AE52C
:10D6E000D1F8843043F00B03C1F884304B6C43F025
:10D6F0000B034B641CE70029BFF6D9AD214684F823
:10D70000632051F8600B06F0C3F86368CFE5002191
:10D71000204684F8F41400F053FCB4E60029BFF668
:10D72000CFAD214684F8872051F8840B06F0B0F87D
:10D730006368C5E50029BFF6CCAD214684F8AB206F
:10D7400051F8A80B06F0A4F86368C2E50029BFF6FB
:10D75000C9AD214684F8CF2051F8CC0B06F098F8DB
:10D760006368BFE504F53A71206806F091F86368D4
:10D7700034E508EBC808082204F2C441304606F03C
:10D78000E7F8C7F30A1204EB88012368D1F8900286
:10D790000244C1F89022B7E404F54371206806F012
:10D7A00077F8636821E52068C0E42C46049DBDE459
:10D7B00021680822C9F8082001F53062086CC449C4
:10D7C00002EB4A128842936800F2BE802046FBF7C3
:10D7D00005F951E720680122E168C9F8082000F541
:10D7E00030620129D0F840E002EB4A12936800F061
:10D7F000BD80B8498E4500F01981BAF1000F04D1FF
:10D80000D4F88C22002A00F0E28104992046FBF72C
:10D81000EBF82DE7D8E9133228689A423FF6FBAEC1
:10D82000A3EB020CD8F844100790614528BF61466D
:10D8300000F5106C0CEB4A1C0331DCF818B01FFA31
:10D840008BFBBBEB910FC0F0A2808346CDE905A610
:10D85000E24622E09B1AD8F844205846934228BF5B
:10D86000134622461E462B7B0093B3B2D8F84810CD
:10D8700006F058F8D8F85020D8F8483032443344ED
:10D880000336C8F85020DAF81810C8F8483089B2C2
:10D89000D8F84C30B1EB960F76D39342DAD8DDE965
:10D8A00005A62868079B0AF00F0101248C40D3F8D5
:10D8B000341821EA0401C3F83418ACE65146304666
:10D8C00005F0C6FD98F83F20012A00F0C38002222F
:10D8D000BA609BE647F6F07217423FF415AC08EBCE
:10D8E000C808C7F30A12304604EB88081746D8F870
:10D8F000881206F02DF8D8F888323B44C8F88832F0
:10D90000D8F890323B44C8F890322368FFF7FCBB4C
:10D910002046FBF793F871E52046FBF7B7F823683C
:10D9200061E5D8E911020244C8F84820BAF1000FB5
:10D930007FF455AEEA6C002A7FF451AE05F2C44282
:10D94000286806F009F94AE61B045FD54FF4004148
:10D9500020469160FBF742F8E16801297FF48CAE24
:10D9600004F2C442206806F0F7F885E6190740F192
:10D97000958057498E457FF67BAE18047FF578AECB
:10D980004FF40041916073E6DDE905A628689342F3
:10D990003FF641AE86E70029BFF6ADAC214684F8DC
:10D9A000F32051F8F00B05F073FF6368A3E404F56E
:10D9B0002871206805F06CFF636801E40022049977
:10D9C00020468BF87F22FBF755F86BE60029BFF65F
:10D9D0009BAC04F58A71206884F8172105F058FF84
:10D9E000636891E404F53171206805F051FF6368C4
:10D9F000FFF7EDBB0029BFF690AC04F59C712068E1
:10DA000084F83B2105F044FF636886E42046FAF77A
:10DA1000E5FFA1E70029BFF689AC04F5AE712068E7
:10DA200084F85F2105F034FF63687FE41804A7D40D
:10DA300099067FF5EAAE20219160E6E60029BFF65F
:10DA40007EAC04F5C071206884F8832105F020FFC6
:10DA5000636874E400222146284688F83F20FBF7DB
:10DA60000DF834E704F54C71206805F011FF636888
:10DA7000FFF7C2BB0029BFF66BAC04F5D27120687A
:10DA800084F8A72105F004FF636861E404F555718B
:10DA9000206805F0FDFE6368FFF7B5BB990673D5F6
:10DAA00020219160E4E50029BFF65BAC04F5E47148
:10DAB000206884F8CB2105F0EBFE636851E404F59F
:10DAC0005E71206805F0E4FE6368FFF7A3BB00BF4A
:10DAD0000A30544F0A31544F0029BFF64BAC04F5BD
:10DAE000F671206884F8EF2105F0D2FE636841E406
:10DAF00004F56771206805F0CBFE6368FFF791BB02
:10DB00000029BFF640AC04F50471206884F81322A4
:10DB100005F0BEFE636836E404F57071206805F018
:10DB2000B7FE6368FFF784BB0029BFF635AC04F588
:10DB30000D71206884F8372205F0AAFE63682BE493
:10DB400004F57971206805F0A3FE6368FFF777BBE1
:10DB50000029BFF62AAC04F51671206884F85B2210
:10DB600005F096FE636820E404F58161206805F005
:10DB70008FFE6368FFF76ABB04F22C41206805F052
:10DB800087FE6368FFF769BB1B498E4502D91B04FA
:10DB90003FF5F6AE1169DBF89C22C1F31201521A6F
:10DBA000CBF89022BAF1000F7FF42FAED4F88C128C
:10DBB000D9B1D4F888121144C4F8881225E604F5C6
:10DBC0008A61206805F064FE6368FFF74DBB04F2CC
:10DBD000C442514605F0C0FF17E604F274412068C4
:10DBE00005F056FE6368FFF746BB04F2C44201210C
:10DBF00005F0B2FF09E600BF0A30544F90F8BC248C
:10DC0000012A0ED0012210B50446006884F83810AD
:10DC100084F8BC2405F026FF0023184684F8BC34A1
:10DC200010BD0220704700BF01F00F0C090610B5AF
:10DC300004460CEBCC004FEA800022D400F51F71A3
:10DC40004FF0000E2044214480F87DE28A604A783B
:10DC500081F800C00B710AB1A1F81AC0022B01D1E2
:10DC600000234B7194F8BC34012B13D0012320689E
:10DC700084F8BC3405F04AFC0023184684F8BC3410
:10DC800010BD00F13C014FF0010E2044214480F80A
:10DC90003DE0DBE7022010BD01F00F02090602EBB8
:10DCA000C20310B54FEA8303044616D403F51F716F
:10DCB00003440144002083F87D020A7094F8BC34C8
:10DCC000012B16D00123206884F8BC3405F064FCD5
:10DCD0000023184684F8BC3410BD03F13C01034412
:10DCE0000144012083F83D000A7094F8BC34012BF4
:10DCF000E8D1022010BD00BF01F00F0101EBC10C03
:10DD00004FEA8C0C10B500EB0C0E00248EF87C1240
:10DD10000CF51F718EF87D42CEF88C320144CEF89E
:10DD20009042C368CEF88822012B006808BFCEF865
:10DD30009822DAB205F08EFC002010BD01F00F0130
:10DD400001EBC10100EB8100D0F89002704700BFE9
:10DD500001F00F0101EBC10C4FEA8C0C38B500EB60
:10DD60000C0E012400258EF83C100CF13C018EF8BD
:10DD70003D400144CEE91335C368CEF84820A342A4
:10DD8000006808BFCEF85820DAB205F063FC002026
:10DD900038BD00BF38B5436801F00F059D4231D84A
:10DDA0000B0604461BD401EBC101890001F51F726B
:10DDB00043188118002283F87D2201230D708B7097
:10DDC00094F8BC249A421BD0206884F8BC3405F037
:10DDD000E5FDCDB10023184684F8BC3438BD05EB11
:10DDE000C50301229B0003F13C010344014483F875
:10DDF0003D2001230D708B7094F8BC249A42E3D12E
:10DE0000022038BD012038BD04F2C442217B2068C5
:10DE100005F0A2FEDEE700BF01F00F0238B543684F
:10DE20009A422ED802EBC203090604464FEA830346
:10DE300017D403F51F71002503440144002083F823
:10DE40007D020A708D7094F8BC34012B17D0012329
:10DE5000206884F8BC3405F0D9FD284684F8BC5409
:10DE600038BD03F13C01002503440144012083F83F
:10DE70003D000A708D7094F8BC34012BE7D102206C
:10DE800038BD012038BD00BF00681204436A19B9CB
:10DE9000134383620020704710B50139846A03EB95
:10DEA000144367D0D0F80441012903EB144361D037
:10DEB000D0F80841022903EB14435BD0D0F80C41A1
:10DEC000032903EB144355D0D0F81041042903EB88
:10DED00014434FD0D0F81441052903EB144349D023
:10DEE000D0F81841062903EB144343D0D0F81C4165
:10DEF000072903EB14433DD0D0F82041082903EB58
:10DF0000144337D0D0F82441092903EB144331D00E
:10DF1000D0F828410A2903EB14432BD0D0F82C4128
:10DF20000B2903EB144325D0D0F830410C2903EB27
:10DF300014431FD0D0F834410D2903EB144319D0FA
:10DF4000D0F838410E2903EB144313D0D0F83C41EC
:10DF50000F2903EB14430DD04FF00F0C0CF1400EC2
:10DF60000CF1010C00EB8E0E8C45DEF8044003EB47
:10DF70001443F3D31A4300EB81030020C3F80421B8
:10DF800010BD00BF034600201B685962704700BFE8
:10DF900003464FF0000C09491A68604610B401248A
:10DFA00083F8F4C4C3F8004593695DF8044B43F06B
:10DFB00000639361536D194351657047030000106E
:10DFC000704700BF38B5104CE36813F0040FE368E6
:10DFD00005D103F00703181A18BF012038BD23F03C
:10DFE00007030343E360FBF789F8054605E0FBF709
:10DFF00085F8401BB0F57A7F04D863689B04F6D59A
:10E00000002038BD012038BD00480258024AD368BC
:10E0100043F08073D360704700480258B2F1406FFC
:10E020004B6A2DE9F04301D0002B53D18C69D1E923
:10E03000079764B323430468486913434D6B4FEA61
:10E04000804C0868D1E90B86002F66D043EA070EA2
:10E050008B680F69E361B9F1000F75D040EA0903DD
:10E06000C868B2F1406F43EA080343EA060343EA93
:10E07000050343EA070343EA000343EA0C0343EAC8
:10E080000E0363616AD04B68A361BDE8F08337B3C8
:10E090003B4304684D6988681343AD044E6BE061EF
:10E0A0000869D1E90BC7B9F1000F63D040EA090054
:10E0B000B2F1406F40EA0C0040EA070040EA060077
:10E0C000CE6840EA060040EA050043EA00036361C7
:10E0D000D9D143E08C6A0568013C2C61A6E7B9F10F
:10E0E000000F50D043EA0903CC6A0068B2F1406FD8
:10E0F00043EA020343EA04030C6B43EA04034C6B58
:10E1000043EA0403CC6843EA04034C6943EA8443CA
:10E11000436123D04B68836120E0B9F1000F1FD029
:10E1200040EA0900B2F1406F40EA080040EA060008
:10E1300040EA0500CD6840EA050040EA0C0043EAE9
:10E14000000363619FD109E040EA080333432B4396
:10E150003B4343EA0C0343EA0E036361BDE8F083EB
:10E1600040EA080232432A4342EA0C021343636145
:10E17000BDE8F08340EA0C023A4332432A4313439A
:10E180006361BDE8F083002BE8D0CC6A00682343CC
:10E190000C6B13434A6923434C6B234343EA82438A
:10E1A0004361DBE7F8B50446FAF7A8FF002C56D028
:10E1B00094F841300546002B34D0A66C2268A16843
:10E1C0001368013923F4F85343EA01231360936879
:10E1D0009F0604D5731C2DD193689806FCD4D4E90E
:10E1E0000750E36811682B4300250343606843EA46
:10E1F00000631C480840616903431360A3695068C9
:10E200000B43216943EA01431749014028460B4368
:10E210005360136843F0010313600123656484F8BD
:10E220004130F8BD2046F7F705FF41F288331E461E
:10E23000A364C3E7B6FA86F77F09FAF75FFF401BCE
:10E24000B04205D827B9226893689906F5D4C6E785
:10E25000042384F84130636C43F0010363640120BC
:10E26000F8BD00BF2FFFFF00FEF8E0FF70B10268AD
:10E27000136823F0010310B513600446F7F7A2FFFB
:10E2800000236364184684F8413010BD01207047B4
:10E290002DE9F84304460F461646FAF72FFF94F887
:10E2A0004030012B53D0012384F8403094F84130A2
:10E2B000012B5FFA83F807D04FF002080023404695
:10E2C00084F84030BDE8F8830023711C8146636404
:10E2D0004FF0020384F8413024D12568AA6812F077
:10E2E00020020FD0AA6812F02002FBD13946204646
:10E2F000FFF794FE7B6A63B1012384F841304FF04D
:10E300000008DBE739462046FFF788FE7B6A002BD2
:10E31000F2D1AB689A07FCD502220123EA6084F8A7
:10E320004130ECE72568AA6812F0200214D0FAF711
:10E33000E5FEA0EB0900864201D3002EF2D10423B2
:10E3400084F84130636C43F001036364B6E74FF037
:10E3500002084046BDE8F88339462046FFF75EFED6
:10E360007B6A002BC8D1AB689B07D5D4FAF7C6FEF1
:10E37000A0EB09039E42E2D3002EE0D02568AB68F3
:10E380009B07F3D5C8E700BF2DE9F84304460E46C6
:10E390001546FAF7B3FE94F84030D4F80080012B0C
:10E3A0006BD0012384F8403094F84130012B5FFAA0
:10E3B00083F907D04FF002090023484684F8403023
:10E3C000BDE8F88300236364002E63D01223074660
:10E3D00084F84130D8F810300133E362D8F81030B7
:10E3E00066620133A362D8F8143023F04063C8F8A2
:10E3F0001430E36A002B52D0B5FA85F6414676090F
:10E40000681C28D08B685B070AD4FAF777FEC01B1C
:10E41000854237D3002E35D121688B685B07F4D550
:10E42000636A1B7888F82030E26A636A013A2168DF
:10E430000133E262E26A6362002AE1D1681C11D012
:10E440008B689B0711D4FAF759FEC31B9D4219D361
:10E45000C5B12168F4E78B685A07E1D48B685A0785
:10E46000F9D5DDE78B689A07FCD502234FF0000948
:10E47000CB60012384F841309EE74FF00209484603
:10E48000BDE8F883042384F84130636C43F0010352
:10E490006364EEE7636C43F0080363648CE7414612
:10E4A000CCE700BF2DE9F843044615460E46FAF7BF
:10E4B00025FE2768BA6994F84030012B70D00123FB
:10E4C00084F8403094F84130012B5FFA83F907D08B
:10E4D0004FF002090023484684F84030BDE8F88335
:10E4E00000236364002E68D02223804684F84130E4
:10E4F0003B690133A3633B692663013363637B6933
:10E5000023F0406343F080637B61BA61A36B002B0F
:10E5100058D0B5FA85F6394676096B1C2CD08B6835
:10E5200013F0060F0CD1FAF7E9FDA0EB08008542C5
:10E530003BD3002E39D121688B6813F0060FF2D03F
:10E5400097F82020236B1A70A26B236B013A216885
:10E550000133A263A26B2363002ADED1681C14D0AE
:10E560008B689B0714D4FAF7C9FDA0EB08039D4202
:10E570001BD3D5B12168F3E78B6813F0060FDFD109
:10E580008B6813F0060FF7D0DAE78B689A07FCD593
:10E5900002234FF00009CB60012384F8413099E752
:10E5A0004FF002094846BDE8F883042384F841305F
:10E5B000636C43F001036364EEE7636C43F00803AC
:10E5C000636487E73946C9E72DE9F04704461F46EB
:10E5D00088461646FAF792FD94F84030012B56D043
:10E5E000012384F8403094F84130012B5FFA83F91D
:10E5F00007D04FF002090023484684F84030BDE8B8
:10E60000F08700237A1C824663644FF0420384F84B
:10E61000413028D12568AB689B063DD5AB689F0685
:10E62000FCD4336820463269AB627368F1686B6270
:10E63000B368EB622B6823F4400313434FF000628E
:10E6400043F480032B60C8F828104146FFF7E6FC2E
:10E65000AB681A07FCD5082201234FF00009EA60D5
:10E6600084F84130C7E72568AB68980614D5FAF7F7
:10E6700045FDA0EB0A00874201D3002FF3D104230C
:10E6800084F84130636C43F001036364B3E74FF0F7
:10E6900002094846BDE8F0873368414632692046A2
:10E6A000AB6273686B62B368EB622B6823F4400360
:10E6B0001343F26843F480032B60C8F828204FF01E
:10E6C0000062FFF7ABFC791CC2D0AB681B07C2D459
:10E6D000FAF714FDA0EB0A039F42D0D3002FCED04F
:10E6E0002568F2E72DE9F04704460F461646FAF78B
:10E6F00005FD94F84030012B47D0012384F84030C9
:10E7000094F84130012B5FFA83F807D04FF00208EC
:10E710000023404684F84030BDE8F0870023D4F859
:10E7200048A081466364BAF1FF3F4FF0820384F84A
:10E73000413015D12568AB689A06FCD42B68726805
:10E7400023F00803082A43EA02032B6022D04FF08B
:10E750004062394620464FF00008FFF75FFCD7E7DC
:10E760002568AB689B06E9D5FAF7C8FCA0EB090061
:10E77000824502D3BAF1000FF2D1042384F841306C
:10E78000636C43F001036364C2E74FF00208404644
:10E79000BDE8F087326810232A63EB602B6843F4EE
:10E7A00080132B60D3E700BF704700BF08B5006C33
:10E7B00000238363C36290F84130082B0BD10368B8
:10E7C0000222DA601A6842F400321A601A6842F0D3
:10E7D00002021A6008BD012380F84130FFF7E4FF10
:10E7E00008BD00BF704700BF704700BF704700BF43
:10E7F000704700BF704700BF704700BF704700BF41
:10E8000038B5036804469A68196855070ED5480359
:10E810000CD594F84120122A75D094F84120222A70
:10E8200000F0A1802046FFF7E5FF38BD950726D50B
:10E83000880324D50222DA601A6822F4E0221A60E2
:10E8400094F84120122A7AD094F84120222A00F02C
:10E85000A98094F84120022A00F0D08094F8412049
:10E86000082AE2D15A690121204622F040625A6109
:10E8700084F84110636C3BBBFFF7B4FF38BD15074C
:10E8800025D4D50735D5C80333D50125DD601A68F1
:10E8900022F470221A60626C42F0020262641A680A
:10E8A000520779D51A68E06B22F004021A60574BC0
:10E8B000836507F073FB0028B7D0636C204643F0F4
:10E8C0000403636484F84150FFF76EFF38BD08030A
:10E8D000D7D50822DA601A68520206D51A680121D3
:10E8E00022F410221A6084F841102046FFF784FFBA
:10E8F00038BDD00699D5CA0297D510222046DA60D5
:10E90000FFF77CFF38BD9A6850078BD518460EE09C
:10E91000626A127883F82020E16A20680139626A0D
:10E92000E1620132816862624D077FF57BAFE26A86
:10E93000002AEDD1036823F48023036072E71A688C
:10E94000510709D51A68E16B22F0040209681A60C0
:10E95000CB6823F00103CB600123204684F84130CB
:10E96000FFF746FF38BD9A6852077FF55BAF184640
:10E970000EE093F82010226B1170A16B2068013912
:10E98000226BA16301328168226349077FF54AAF98
:10E99000A26B002AEDD1CDE7204684F84150FFF765
:10E9A00003FF38BD1A6852071DD49A6812F47C5FC1
:10E9B0000FD111E093F82010226B1170A16B206829
:10E9C0000139226BA16301328168226311F47C5FFB
:10E9D00002D0A26B002AEDD10123204684F84130F9
:10E9E000FFF704FF38BD1A68E16B22F004020968E2
:10E9F0001A60CB6823F00103CB60EDE701232046CA
:10EA000084F84130FFF7F0FE38BD00BFADE7059058
:10EA1000334B30B4996A9C6ADD6A14F47C7F5A6B7C
:10EA2000C4F3051036D0C2F3CC0205F0010501F0A5
:10EA3000030107EE900A05FB02F20129B8EEE77A1E
:10EA400006EE902AFAEEE96A02D0022942D019B302
:10EA5000DFED247A87EE876A1B6BC3F3080307EEAA
:10EA6000903AF7EE005AF8EEE77A77EEA67A77EE6C
:10EA7000A57A67EE867A1A4B1B6BC3F346230133E4
:10EA800007EE103AF8EEC76A87EEA67AFCEEC77A70
:10EA900017EE900A30BC70471A6892061DD51968A7
:10EAA000F7EE005A104A1B6BC1F3C101C3F3080310
:10EAB000CA4007EE903A06EE102AF8EEE77AB8EE72
:10EAC000C66A77EEA66AC6EE077A36EEA57A67EED4
:10EAD000877AD0E7DFED057ABCE7DFED057AB9E7A5
:10EAE000004402580024744A0090D0030024744B60
:10EAF0000024744C002800F0EA81F8B5036804464D
:10EB0000D80730D5A5490A69896A02F03802102A67
:10EB100000F00981182A00F001816368B3F5803F95
:10EB200000F02C81002B00F06A81B3F5A02F9B4BE5
:10EB30001A6800F0898222F480321A601A6822F47E
:10EB400080221A60FAF7DAFA944E41F288370546C5
:10EB500005E0FAF7D3FA401BB84200F24E81336861
:10EB60009A03F6D523689D0700F18A80D90633D52C
:10EB70008A4A1369926A03F03803082B00F0E38095
:10EB8000182B00F0DB80E369844D002B00F07181CD
:10EB90002B6843F080032B60FAF7B0FA064605E0D5
:10EBA000FAF7ACFA801B022800F227812B68DB05FC
:10EBB000F6D5FAF7BBFA41F20303226A984200F253
:10EBC00068826B68202A23F0F8430CBF43F080432F
:10EBD00043EA82636B6023681D0716D563696F4D36
:10EBE000002B00F024816B6F43F001036B67FAF791
:10EBF00085FA064605E0FAF781FA801B022800F242
:10EC0000FC806B6F9807F6D523689A0616D5A36922
:10EC1000624D002B00F01C812B6843F480532B6065
:10EC2000FAF76CFA064605E0FAF768FA801B022844
:10EC300000F2E3802B689F04F6D52368590700F1A2
:10EC4000A380636AD3B1554D2A6902F03802182AAD
:10EC500000F0AD81022B2B6823F080732B6000F055
:10EC60004181FAF74BFA044605E0FAF747FA001B30
:10EC7000022800F2C2802B689B01F6D40020F8BD68
:10EC8000464A1369926A13F038032DD1434BE26868
:10EC90001B68590701D5002A4ED0404D2B6823F040
:10ECA000190313432B60FAF729FA064605E0FAF731
:10ECB00025FA801B022800F2A0802B685B07F6D59E
:10ECC000FAF734FA41F20303226998426B6800F2C2
:10ECD000F78023F47C33402A0CBF43F4003343EA2B
:10ECE00002336B60236841E7182B00F0E5802B4D61
:10ECF000E2682B68002A00F0CE8023F0190313434A
:10ED00002B60FAF7FBF9064604E0FAF7F7F9801BE7
:10ED1000022872D82B685F07F7D5D1E701F003010D
:10ED200002297FF4FAAE1D4A126891037FF51BAFEA
:10ED30006268002A7FF417AF0120F8BD02F00302D9
:10ED4000012A7FF420AF154B1B68DA0502D5E36971
:10ED5000802BF1D1FAF7EAF941F20303226A9842D3
:10ED600000F2B780202A00F0A2810C494B6823F002
:10ED7000F84343EA82634B6023682DE7074A136830
:10ED800043F480331360DDE6054D2B6843F4807354
:10ED90002B60FAF7B3F9064609E000BF00440258B9
:10EDA00000480258FAF7AAF9801B642825D82B6876
:10EDB000DA05F7D5A368012B00F07381002B00F072
:10EDC0004F81052BA44B1A6F00F07A8122F00102CB
:10EDD0001A671A6F22F004021A67FAF78FF99E4E2B
:10EDE00041F28837054604E0FAF788F9401BB8423B
:10EDF00003D8336F9B07F7D523E70320F8BD964D63
:10EE000041F288372B6823F480332B602B6823F47E
:10EE100080232B60FAF772F9064604E0FAF76EF9E0
:10EE2000801BB842E9D82B689B03F7D49AE66B6F36
:10EE300023F001036B67FAF761F9064604E0FAF77D
:10EE40005DF9801B0228D8D86B6F9907F7D4DBE6F1
:10EE50002B6823F480532B60FAF750F9064604E040
:10EE6000FAF74CF9801B0228C7D82B689804F7D40E
:10EE7000E3E62B6823F080032B60FAF73FF90646A0
:10EE800004E0FAF73BF9801B0228B6D82B68DF05AF
:10EE9000F7D42368A0E623F001032B60FAF72EF9DC
:10EEA000064604E0FAF72AF9801B0228A5D82B6849
:10EEB0005807F7D4236859E690077FF418AFE5E6C2
:10EEC00023F0FE4343EA02636B6023684EE60120B1
:10EED00070476149CB6823F07C5343EA0263CB60FF
:10EEE000236879E6FAF70AF9064604E0FAF706F924
:10EEF000801B022881D82B689901F7D4A96A574B47
:10EF0000A26A0B401343E26A43EA0213AB62216B2D
:10EF1000D4E90D320139013B013AC1F308015B022A
:10EF200012049BB202F4FE021343E26B013A0B435C
:10EF3000120602F0FE4213432B63EB6A23F0010337
:10EF4000EB626B6BA26C6FF3CF0343EAC2036B639C
:10EF5000EB6A226C23F00C031343EB62EB6A626CE6
:10EF600023F002031343EB62EB6A43F48033EB625A
:10EF7000EB6A43F40033EB62EB6A43F48023EB6209
:10EF8000EB6A43F00103EB622B6843F080732B6064
:10EF9000FAF7B4F8304D044605E0FAF7AFF8001B75
:10EFA00002283FF62AAF2B689A01F6D566E6012BB8
:10EFB000AA6A286B3FF4C0AE02F00303A16A8B4239
:10EFC0007FF4BAAEC2F30512E36A9A427FF4B4AE9C
:10EFD000236BC0F30802013B9A427FF4ADAE636B32
:10EFE000C0F34622013B9A427FF4A6AEA36BC0F366
:10EFF0000642013B9A427FF49FAEE36BC0F306608A
:10F00000013B98427FF498AE6B6BA26CC3F3CC03C8
:10F010009A423FF433AE104AD36A23F00103D3621D
:10F02000FAF76CF80546FAF769F8A842FBD00A4AE5
:10F03000A16C536B6FF3CF0343EAC1035363D36AED
:10F0400043F00103D36219E642F480221A601A6881
:10F0500042F480321A6075E5004402580CFCFFFF50
:10F060001B4D41F288372B6F23F001032B672B6F69
:10F0700023F004032B67FAF741F8064605E0FAF798
:10F080003DF8801BB8423FF6B8AE2B6F9807F6D418
:10F09000D7E5EB6823F07C5343EA0263EB60236817
:10F0A0009AE50B4A136F43F00103136795E6084A8C
:10F0B000536823F0F84343F08043536023688BE5A3
:10F0C00042F004021A671A6F42F001021A6784E6DE
:10F0D000004402583F4A136903F03803102B4FD005
:10F0E000182B0AD0002B4DD1136899064CD5136804
:10F0F0003948C3F3C103D8407047916A30B4946A69
:10F10000D56A14F47C7F536BC4F3051036D0C3F377
:10F11000CC0305F0010501F0030107EE900A05FBA1
:10F1200003F30129F8EEE77A06EE903AFAEEE96A7F
:10F1300002D0022948D049B39FED287A87EE276A8A
:10F14000136BC3F3080307EE103AF7EE005AB8EE5C
:10F15000C77A37EE267A37EE257A27EE067A1D4BE8
:10F160001B6BC3F34623013307EE903AF8EEE76AD0
:10F17000C7EE267AFCEEE77A17EE900A30BC7047AD
:10F1800017487047174870471348704713689B0625
:10F190001DD51068F7EE005A136B0F49C0F3C1027A
:10F1A000C3F30803D14007EE103A06EE101AB8EE8A
:10F1B000C77AB8EEC66A77EE266A86EE277A76EECA
:10F1C000A57A27EE277ACAE79FED077AB6E79FED83
:10F1D000077AB3E7004402580090D0030024744A31
:10F1E0000024F40000093D000024744B0024744CFA
:10F1F000002800F00E818D4A136803F00F038B4244
:10F200002DE9F04104460D460CD2136823F00F039C
:10F210000B431360136803F00F038B4202D00120ED
:10F22000BDE8F081236858070BD5814920698A69B8
:10F2300002F07002904204D98A6922F070020243FF
:10F240008A6119070BD57A496069CA6902F07002B0
:10F25000904204D9CA6922F070020243CA61DA06F8
:10F260000BD57349A069CA6902F4E062904204D9DF
:10F27000CA6922F4E0620243CA619F060BD56C4959
:10F28000E0690A6A02F07002904204D90A6A22F028
:10F29000700202430A629E0703F0010240F1AB8054
:10F2A000634EE068B16901F00F01884204D9B16989
:10F2B00021F00F010143B161002A30D05C4AA168FE
:10F2C000936923F470630B439361616813680229A7
:10F2D00000F0A180032900F09880012900F0A180AE
:10F2E0005F079CD5524E41F28838336923F00703FB
:10F2F0000B433361F9F702FF074605E0F9F7FEFE1D
:10F30000C01B404500F28B803369626803F038030C
:10F31000B3EBC20FF2D123689E0706D5E0684449DB
:10F320008A6902F00F02824269D840490A6802F0F5
:10F330000F02AA420AD90A6822F00F022A430A6081
:10F340000A6802F00F02AA427FF469AF58070BD592
:10F35000374920698A6902F07002904204D28A69B2
:10F3600022F0700202438A6119070BD530496069A7
:10F37000CA6902F07002904204D2CA6922F0700297
:10F380000243CA61DA060BD52949A069CA6902F4A9
:10F39000E062904204D2CA6922F4E0620243CA6188
:10F3A0009B060BD5224AE169136A03F07003994268
:10F3B00004D2136A23F070030B431362FFF78AFE33
:10F3C0001B4A03461B4891699269C1F303211A4DF8
:10F3D00002F00F02194C415C825C01F01F011848D9
:10F3E00002F01F02CB4000682B60D3402360BDE8D1
:10F3F000F041F9F721BE002A7FF460AF95E78A69F2
:10F4000022F00F0202438A618FE79A013FF56AAF4B
:10F4100005E70120704798033FF564AFFFE603203E
:10F42000FEE6DB053FF55EAFF9E600BF00200052C7
:10F4300000440258B8020790B8060024B40600241D
:10F4400048030024184A38B5136903F03803102B19
:10F4500024D0182B09D01BBB13689B0622D5126839
:10F46000124BC2F3C102D34002E0FFF7D1FA0346C8
:10F470000D480F4C82698069C2F303220D4D00F0E4
:10F480000F000D49A25C205C02F01F0200F01F007B
:10F49000D34023FA00F00B60286038BD074BE7E744
:10F4A000074BE5E7014BE3E7004402580090D00327
:10F4B000B8020790B4060024B80600240024F40023
:10F4C00000093D001C4A38B5136903F03803102BBE
:10F4D0002BD0182B09D053BB13689B0629D5126873
:10F4E000164BC2F3C102D34002E0FFF791FA034684
:10F4F000114A13499069134DC0F30320124C085C64
:10F5000000F01F00C340906900F00F002B60085C02
:10F5100000F01F00C3402360D269C2F30212885C6E
:10F5200000F01F0023FA00F038BD084BE0E7084B5D
:10F53000DEE7024BDCE700BF004402580090D00336
:10F54000B8020790B8060024B40600240024F40092
:10F5500000093D001C4A38B5136903F03803102B2D
:10F560002BD0182B09D053BB13689B0629D51268E2
:10F57000164BC2F3C102D34002E0FFF749FA03463B
:10F58000114A13499069134DC0F30320124C085CD3
:10F5900000F01F00C340906900F00F002B60085C72
:10F5A00000F01F00C3402360D269C2F30222885CCE
:10F5B00000F01F0023FA00F038BD084BE0E7084BCD
:10F5C000DEE7024BDCE700BF004402580090D003A6
:10F5D000B8020790B8060024B40600240024F40002
:10F5E00000093D00F8B5364C06460F46236823F067
:10F5F00080632360F9F782FD054604E0F9F77EFD9C
:10F60000401B022856D823681A01F7D4A36A32682F
:10F6100023F47C3343EA0233A362D6E90232013B8E
:10F62000013A5B0212049BB202F4FE0213437268B9
:10F63000013AC2F3080213433269013A120602F09A
:10F64000FE421343A363E36A726923F0C0031343CA
:10F65000E362E36AB26923F020031343E362E36ADF
:10F6600023F01003E362E36BF2696FF3CF0343EA25
:10F67000C203E363E36A43F01003E362E36ADFB1CA
:10F68000012F0CBF43F4801343F40013E3620C4CCE
:10F69000236843F080632360F9F730FD054604E0FA
:10F6A000F9F72CFD401B022804D823681B01F7D56D
:10F6B0000020F8BD0320F8BD43F40023E362E6E731
:10F6C00000440258F8B5364C06460F46236823F02E
:10F6D00080532360F9F712FD054604E0F9F70EFDAB
:10F6E000401B022856D823689A00F7D4A36A3268D0
:10F6F00023F07C7343EA0253A362D6E90232013B52
:10F70000013A5B0212049BB202F4FE0213437268D8
:10F71000013AC2F3080213433269013A120602F0B9
:10F72000FE4213432364E36A726923F44063134384
:10F73000E362E36AB26923F400731343E362E36AAA
:10F7400023F48073E362636CF2696FF3CF0343EADF
:10F75000C2036364E36A43F48073E362E36ADFB184
:10F76000012F0CBF43F4000343F08073E3620C4CA1
:10F77000236843F080532360F9F7C0FC054604E09A
:10F78000F9F7BCFC401B022804D823689B00F7D57E
:10F790000020F8BD0320F8BD43F48003E362E6E7F0
:10F7A000004402582DE9F843D0E9003204461D0117
:10F7B00003F0006625D5816EB1F5001F00F0EF85DE
:10F7C00000F29386002900F0BE85B1F5801F40F05D
:10F7D0009086A949896A01F00301032900F089860E
:10F7E00002210830FFF7FEFED4E90032002840F085
:10F7F000DA86A16EA04D0026286D20F4401001434A
:10F800002965D8050AD5A16D042906D8DFE811F0CD
:10F8100003048605A2050804080401263546990557
:10F8200024D5E16D802900F04C8500F27D86002909
:10F8300000F03185402940F07E868F49896A01F0C9
:10F840000301032900F07786002104F10800FFF787
:10F85000C9FE0546D4E90032002D40F02485864FCC
:10F86000E06D396D21F4E071014339655F0528D5FC
:10F87000D4F8A810B1F5800F00F09E8500F25F86E5
:10F88000002900F01385B1F5001F40F060867A4929
:10F89000896A01F00301032900F05986002104F16F
:10F8A0000800FFF79FFE0546D4E90032002D40F026
:10F8B0000585714FD4F8A800B96D21F460010143AA
:10F8C000B965180528D5D4F8AC10B1F1007F00F067
:10F8D000518500F21186002900F07F85B1F1807F0B
:10F8E00040F012866449896A01F00301032900F09F
:10F8F0000B86002104F10800FFF774FE0546D4E9E9
:10F900000032002D40F048855B4FD4F8AC00B96D53
:10F9100021F0E0610143B965990118D5E16C202916
:10F9200000F0488400F2178639B1102940F016869D
:10F930005148C16A41F40031C162002D40F0CC83CE
:10F940004D4FE06CF96C21F030010143F964DF04A4
:10F9500026D5216EB1F5005F00F0C48400F2D88591
:10F96000002900F0D484B1F5805F40F0D985424988
:10F97000896A01F00301032900F0D285002104F116
:10F980000800FFF72FFE0546D4E90032002D40F0B5
:10F99000BB84394F206E396D21F4E0410143396554
:10F9A000980424D5616EB1F5003F00F0F18300F2B8
:10F9B000728591B1B1F5803F40F077852E49896A13
:10F9C00001F00301032900F07085012104F1080012
:10F9D000FFF708FE0546D4E90032002D40F0AB8366
:10F9E000254F606E396D21F4E021014339655904DA
:10F9F00026D5D4F8B010B1F1005F00F0B78300F263
:10FA00002E8591B1B1F1805F40F033851A49896A42
:10FA100001F00301032900F02C85012104F1080005
:10FA2000FFF7E0FD0546D4E90032002D40F0798370
:10FA3000114FD4F8B000B96D21F0E0410143B96530
:10FA40001F040DD5216FB1F1805F00F06482B1F128
:10FA5000005F00F08D85002900F0628201263546A6
:10FA6000D80114D5A16C032900F2A685DFE811F0B6
:10FA70000B000600ED030B00004402583648C16A33
:10FA800041F40031C162002D00F02C832E46590252
:10FA900000F17F82DF072FD5E16F28292AD8DFE820
:10FAA00011F05C0229002900290029002900290001
:10FAB00029004D02290029002900290029002900D8
:10FAC0002900CB0429002900290029002900290048
:10FAD00029005C02290029002900290029002900A9
:10FAE00029005C0229002900290029002900290099
:10FAF00029005C020126354698071ED5A16F05290D
:10FB000000F24D85DFE811F01500060085041500B0
:10FB1000150015001049896A01F00301032900F05E
:10FB20003E85012104F10800FFF75CFD0546D4E99C
:10FB30000032002D00F0E2822E46590721D5D4F87C
:10FB40009410052900F22785DFE811F0170008005E
:10FB5000500417001700170000440258B249896A80
:10FB600001F00301032900F01685012104F10800CA
:10FB7000FFF738FD0546D4E90032002D00F0C682BB
:10FB80002E469F0626D5D4F89010B1F1005F00F004
:10FB90006F8300F28E8491B1B1F1805F40F0938465
:10FBA000A149896A01F00301032900F08C84002136
:10FBB00004F10800FFF716FD0546D4E90032002DD8
:10FBC00040F0B582984FD4F89000796D21F0E04173
:10FBD00001437965580626D5D4F89C10B1F5006F1D
:10FBE00000F0B28200F2498491B1B1F5806F40F02B
:10FBF0004E848D49896A01F00301032900F047848E
:10FC0000002104F10800FFF7EDFC0546D4E90032BD
:10FC1000002D40F08A82844FD4F89C00B96D21F405
:10FC2000E0510143B965190626D5D4F8A010B1F505
:10FC3000804F00F0F78200F24A8491B1B1F5005F85
:10FC400040F04F847849896A01F00301032900F0EC
:10FC50004884002104F10800FFF7C4FC0546D4E9FC
:10FC60000032002D40F065826F4FD4F8A000B96DCE
:10FC700021F460410143B9651F070BD5D4F8840016
:10FC8000B0F5805F00F0E881674F796D21F4405155
:10FC900001437965D8060BD5D4F89800B0F5807F7C
:10FCA00000F0EE81604FB96D21F440710143B965F8
:10FCB000190324D5D4F8A410B1F5803F00F08D824B
:10FCC000B1F5003F10D0002940F035815648806AD8
:10FCD00000F00300032800F02E8104F10800FFF774
:10FCE00081FC0546D4E90032002D40F018824E4FC9
:10FCF000D4F8A400B96D21F440310143B9655F0324
:10FD00000FD5D4F88810B1F5001F00F07882B1F556
:10FD1000401F00F03281B1F5801F00F029810126DB
:10FD20003546D80320D5216D002900F0CB81B1F5EF
:10FD3000803F40F0ED803C49896A01F003010329CE
:10FD400000F0E680022104F10800FFF74BFC0546B5
:10FD5000D4E90032002D40F0BD81334F206DF96CA5
:10FD600021F480310143F964990010D52E49896A44
:10FD700001F00301032900F06681022104F128004B
:10FD8000FFF7A0FC0028D4E9003218BF01269F032A
:10FD90000ED5D4F88010B1F5807F00F0858140F257
:10FDA000CC8121F48070B0F5007F00F082810126C3
:10FDB000D80206D51C48656F016D21F0004129432A
:10FDC0000165D90007D51848D4F8B850016921F465
:10FDD0008041294301619F0206D51348E56E016DFC
:10FDE00021F08071294301655D0009D50E4908693C
:10FDF00020F4004008610869D4F8BC502843086129
:10FE0000002B06DA0848656DC16C21F0405129438A
:10FE1000C16418020BD50449D4F88C004B6D23F44F
:10FE20004003034302E000BF004402584B65D10782
:10FE30000FD5AA4B9B6A03F00303032B00F001814B
:10FE4000002104F10800FFF7CDFB0028626818BF0D
:10FE5000032693070FD5A14B9B6A03F00303032BE3
:10FE600000F0F380012104F10800FFF7BBFB00283C
:10FE7000626818BF032657070FD5984B9B6A03F09B
:10FE80000303032B00F0DB80022104F10800FFF7DD
:10FE9000A9FB0028626818BF032615070FD58F4BF2
:10FEA0009B6A03F00303032B00F0C780002104F1D9
:10FEB0002800FFF707FC0028626818BF0326D00659
:10FEC0001FD5864B9B6A03F00303032B00F0BF8012
:10FED000012104F12800FFF7F5FB626888B1920662
:10FEE0000CD503267D4B9B6A03F00303032B05D03F
:10FEF000022104F12800FFF7E5FB20B10120BDE855
:10FF0000F8839306EED4301E18BF0120BDE8F883B5
:10FF10000126354628E77148C16A41F40031C162C3
:10FF2000002D40F0E7806D4F206F396D21F040517A
:10FF30000143396594E501263546E0E66749896A5B
:10FF400001F0030103293FF4D5AD012104F10800BC
:10FF5000FFF748FB0546D4E90032002D40F0E3806E
:10FF60005E4FE06F796D21F0380101437965C3E59B
:10FF70005A48C16A41F40031C162002D40F0BC8092
:10FF8000564FD4F88800796D21F44011014379650A
:10FF9000C7E6534F3B6843F480733B60F9F7AEF814
:10FFA000804606E0F9F7AAF8A0EB0800642800F202
:10FFB000D9823B68DA05F5D5002D40F0D482474A56
:10FFC000D4F8B430116F594011F4407F0BD0116F49
:10FFD000106F21F4407140F480301067106F20F4EE
:10FFE000803010671167B3F5807F00F0E98203F479
:10FFF0004072B2F5407F00F0F78238490A6922F476
:02000004900664
:100000007C520A613548C3F30B01076F3943D4E9C9
:10001000003201673EE53148C16A41F40031C162F6
:100020003546002D40F08C812C4FA06D396D21F0AC
:10003000070101433965FFF7F2BB01263FE70126BF
:100040002BE7012605E70126A1E6012613E7910625
:100050007FF554AF012645E72049896A01F0030185
:10006000032900F0A382022104F12800FFF72AFBF4
:1000700000282368D4F8840018BF0126626803E6CC
:100080001649896A01F00301032900F092820221D6
:1000900004F12800FFF716FB00282368D4F8980025
:1000A00018BF01266268FDE50C4FF86A40F4003085
:1000B000F862002D46D1094D686D20F4407001436F
:1000C000696575E60548C16A41F40031C162002DD9
:1000D0003FF443AE2E4647E62E4638E4004402582D
:1000E00000480258C04FA06CF96C21F00301014395
:1000F000F964CCE42E46B3E42E4612E6BA4FA06F64
:10010000796D21F007010143796516E5B64FD4F802
:100110009400B96D21F007010143B96531E52E4620
:10012000EDE52E468CE42E46E6E42E467BE52E4693
:1001300050E52E46A0E52E4659E400297FF437AE5F
:10014000002DB8D02E4633E6A749896A01F0030195
:10015000032900F09C81022104F12800FFF7B2FA84
:100160000546D4E90032002DDFD154E59E49896A65
:1001700001F00301032900F07C81012104F1280032
:10018000FFF7A0FA0546D4E90032002DC9D14FE4AB
:100190009549896A01F00301032900F08681012154
:1001A00004F12800FFF78EFA0546D4E90032002D4D
:1001B000C1D115E48C49896A01F00301032900F0DB
:1001C000CD81022104F10800FFF70CFA0546D4E9BD
:1001D0000032002D80D1FFF7B3BB8349896A01F05B
:1001E000030103293FF4A7AE022104F12800FFF721
:1001F00069FA0546D4E90032002D90D177E57A49B5
:10020000896A01F0030103293FF489AD012104F15A
:100210002800FFF757FA0546D4E90032002D7FF495
:100220006BAFADE67049896A01F00301032900F064
:100230005881022104F12800FFF744FA0546D4E969
:100240000032002D7FF475AF0EE56749896A01F031
:100250000301032900F0B081022104F10800FFF737
:10026000C1F90546D4E90032002D7FF40FAC39E71F
:100270005D49896A01F00301032900F0248102210C
:1002800004F12800FFF71EFA0546D4E90032002DDC
:100290007FF44DAF96E45448C16A41F40031C16225
:1002A000002D3FF4DCAA2E46FFF7E0BA4E48C16AA3
:1002B00041F40031C162002D3FF4FBAA2E46FFF746
:1002C00000BB4949896A01F00301032900F0338129
:1002D000002104F12800FFF7F5F90546D4E90032C2
:1002E000FFF7BABA4049896A01F00301032900F017
:1002F0001781002104F12800FFF7E4F90546D4E94D
:100300000032002D3FF445AB2E46FFF749BB36487F
:10031000C16A41F40031C162FFF738BB3249896AD2
:1003200001F0030103293FF478AA002104F1080039
:10033000FFF758F90546D4E90032002D3FF474AEBA
:100340002E46FFF76CBA284DE86A40F40030E862A8
:10035000FFF750BA2449896A01F0030103293FF4E9
:100360005CAA002104F12800FFF7ACF90546D4E9A6
:10037000003256E61C49896A01F00301032900F0A6
:10038000C380002104F12800FFF79CF90546D4E959
:100390000032002D3FF4B8AA2E46FFF7BDBA12492D
:1003A000896A01F00301032900F0A38002212830AB
:1003B000FFF788F9FFF718BA0B49896A01F00301C2
:1003C000032900F0C480002104F12800FFF77AF926
:1003D0000546D4E90032FFF769BA0348C16A41F41F
:1003E0000031C162FFF78DBA004402588649896A1C
:1003F00001F00301032900F0CE80012104F128005F
:10040000FFF760F90546D4E90032002D7FF4B8AB60
:100410007CE67D49896A01F00301032900F0BF8071
:10042000012104F12800FFF74DF90546D4E9003217
:10043000002D7FF481AB61E67349896A01F0030105
:1004400003293FF457AB012104F12800FFF73AF9E3
:100450000546D4E90032002D7FF465AE80E521F039
:100460008050B0F1804F3FF4E0AAB1F1405F3FF41B
:10047000DCAA01263546FFF7E3BA21F48060B0F527
:10048000805F3FF4C5ABB1F5406F3FF4C1AB0126CF
:100490003546FFF7C8BB21F48030B0F5802F3FF41C
:1004A0009CAAB1F5403F3FF498AA01263546FFF7D4
:1004B0009EBA21F08050B0F1804F3FF480ABB1F193
:1004C000405F3FF47CAB01263546FFF783BB21F448
:1004D0000050B0F5004F3FF4C4ABB1F5C04F3FF44E
:1004E000C0AB01263546FFF7C7BBB1F5401F3FF44F
:1004F00081A90126FFF785B9B1F1407F3FF401AA38
:10050000B1F1806F3FF4FDA901263546FFF704BA2B
:10051000B1F5405F3FF43AAAB1F5804F3FF436AAF7
:1005200001263546FFF73CBAC0293FF495A9B1F53D
:10053000807F3FF491A901263546FFF797B9B1F5C1
:10054000C00F3FF4B3A9B1F5000F3FF4AFA90126E6
:100550003546FFF7B6B930293FF4EFA901263546F5
:10056000FFF7F5B903252E46D4E90032FFF792BA1A
:100570002549896A01F0030103293FF46FAA01218B
:1005800004F10800FFF72EF80546D4E90032002DEB
:100590007FF4B0ADC7E401263546FFF7F2BA012675
:1005A0003546FFF7CABA0326FFF72BB90126FFF736
:1005B0006BBB0126FFF776BB01263546FFF767BA0E
:1005C000F8F79CFDDFF84080074641F2883904E0E7
:1005D000F8F794FDC01B484510D8D8F870309B0739
:1005E000F6D5D4F8B43002E50748084A016902EAB2
:1005F000131221F47C510A43026103E50326D4E976
:1006000000323546FFF746BA00440258CFFFFF00DC
:1006100008B5FEF717FF054B054A1B6AC3F3021323
:10062000D35C03F01F03D84008BD00BF004402584C
:10063000B8020790474A70B4946A956AD66A15F46E
:100640007C3FC5F30533D16B5BD0C1F3CC01C6F35E
:10065000001604F0030407EE903A06FB01F1012CAA
:10066000B8EEE77A06EE901AFAEEE96A03D0022CA9
:100670006AD0002C4AD0DFED387A87EE876A936B18
:10068000C3F3080307EE903AF7EE005AF8EEE77A64
:1006900077EEA67A77EEA57A67EE867A2D4AB7EEE0
:1006A000006A936BC3F3462307EE103AB8EEC77A9D
:1006B00070BC37EE067AC7EE876AFCEEE66AC0EDDC
:1006C000006A936BC3F3064307EE103AB8EEC77A9D
:1006D00037EE067AC7EE876AFCEEE66AC0ED016A7D
:1006E000936BC3F3066306EE903AF8EEE66A76EE95
:1006F000866A87EEA67AFCEEC77A17EE903A836098
:10070000704770BCC0E900338360704713689B0674
:100710001DD51468F7EE005A936B1049C4F3C1025B
:10072000C3F30803D14007EE903A06EE101AF8EE34
:10073000E77AB8EEC66A77EEA66AC6EE077A36EEB4
:10074000A57A67EE877AA9E7DFED057A95E7DFED11
:10075000057A92E7004402580024744A0090D003BE
:100760000024744B0024744C474A70B4946A956A10
:10077000D66A15F07C7FC5F30553516C5BD0C1F38D
:10078000CC01C6F3002604F0030407EE903A06FB02
:1007900001F1012CB8EEE77A06EE901AFAEEE96A5A
:1007A00003D0022C6AD0002C4AD0DFED387A87EED5
:1007B000876A136CC3F3080307EE903AF7EE005A0A
:1007C000F8EEE77A77EEA67A77EEA57A67EE867A84
:1007D0002D4AB7EE006A136CC3F3462307EE103AB6
:1007E000B8EEC77A70BC37EE067AC7EE876AFCEEC1
:1007F000E66AC0ED006A136CC3F3064307EE103AD5
:10080000B8EEC77A37EE067AC7EE876AFCEEE66A7C
:10081000C0ED016A136CC3F3066306EE903AF8EE7E
:10082000E66A76EE866A87EEA67AFCEEC77A17EE5F
:10083000903A8360704770BCC0E9003383607047B2
:1008400013689B061DD51468F7EE005A136C104907
:10085000C4F3C102C3F30803D14007EE903A06EE99
:10086000101AF8EEE77AB8EEC66A77EEA66AC6EE18
:10087000077A36EEA57A67EE877AA9E7DFED057A83
:1008800095E7DFED057A92E7004402580024744AA8
:100890000090D0030024744B0024744C474A70B479
:1008A000946A956AD66A15F47C7FC5F30513516B7B
:1008B0005BD0C1F3CC0106F0010604F0030407EE9F
:1008C000903A06FB01F1012CB8EEE77A06EE901A99
:1008D000FAEEE96A4ED0022C6DD0002C4DD0DFED3F
:1008E000387A87EE876A136BC3F3080307EE903AF2
:1008F000F7EE005AF8EEE77A77EEA67A77EEA57A69
:1009000067EE867A2D4AB7EE006A136BC3F346236F
:1009100007EE103AB8EEC77A70BC37EE067AC7EE2B
:10092000876AFCEEE66AC0ED006A136BC3F3064308
:1009300007EE103AB8EEC77A37EE067AC7EE876A46
:10094000FCEEE66AC0ED016A136BC3F3066306EEC4
:10095000903AF8EEE66A76EE866A87EEA67AFCEEC4
:10096000C77A17EE903A8360704770BCC0E90033D5
:1009700083607047DFED137AB3E713689B06AED54B
:100980001468F7EE005A136B0F49C4F3C102C3F3A6
:100990000803D14007EE903A06EE101AF8EEE77A17
:1009A000B8EEC66A77EEA66AC6EE077A36EEA57A84
:1009B00067EE877AA6E7DFED057A92E700440258F2
:1009C0000024744C0024744A0090D0030024744B1B
:1009D000A0F580730B4300B585B043D0A0F500733C
:1009E0000B4328D0A0F580630B4300F0B880A0F53E
:1009F00000630B4342D0A0F580530B4300F0E88026
:100A0000A0F500530B4300F07F81A0F500230B43BA
:100A100000F0A181A0F580330B4300F06681A0F5C2
:100A200080430B4300F0F081A0F50040084300F044
:100A30002E82002050E09B4A136D03F4E073802B5C
:100A400000F0238100F2A280002B00F07881106872
:100A500010F0006040D0002301A80193FFF7EAFDE9
:100A6000019839E08F4B1B6D03F00703042B00F254
:100A70002083DFE803F0685C50303400894A936DCE
:100A800003F0E063B3F1007F00F0988140F2EE8064
:100A9000B3F1407F00F09E81B3F1806F40F0F581AB
:100AA000D36C126803F04053500702D5002B00F0BE
:100AB00087827C4A1268D10503D5B3F1805F00F0CC
:100AC000E882784A1268920303D5B3F1005F00F020
:100AD000E282002000E0744805B05DF804FB714A32
:100AE000D36C116803F04053480702D5002B00F087
:100AF00083816C4A1268D10503D5B3F1805F00F0A1
:100B00004182684A1268920303D5B3F1005F00F096
:100B100055820020E0E7634B186810F00050DBD0EE
:100B2000002301A80193FFF71FFE0198D4E75D4B56
:100B3000186810F00060CFD0002301A80193FFF7E0
:100B400079FD0198C8E7574B186810F00070C3D0C2
:100B5000002301A80293FFF7A1FE0298BCE7514AC7
:100B6000936D03F46003B3F5800F00F00F815BD841
:100B7000002B00F0AA80106810F00060ACD00023B9
:100B800001A80193FFF756FD0198A5E7C02B00F0DF
:100B9000D480B3F5807F40F0A680D36C116803F059
:100BA0004053480702D5002B00F069813D4A126886
:100BB000D10503D5B3F1805F00F00D82394A126888
:100BC000920303D5B3F1005F00F00E82002083E7AB
:100BD000344A136D03F4E043B3F5005F00F0438142
:100BE00064D9B3F5405F00F03C81B3F5804F40F02D
:100BF000C781D36C126803F04053500702D5002B15
:100C000000F0EB81274A1268D10503D5B3F1805F6C
:100C100000F04782234A1268920303D5B3F1005FC4
:100C200000F04182002057E7B3F5C00F59D0B3F56B
:100C3000000F40F0E780D36C116803F04053480781
:100C400002D5002B00F06B81164A1268D10503D53E
:100C5000B3F1805F00F0CA81124A1268920303D593
:100C6000B3F1005F00F0DE81002035E7002B00F0DB
:100C70009980106810F000603FF42EAF002301A8A7
:100C80000193FFF7D7FC019826E7106810F0005099
:100C90003FF422AF002301A80193FFF765FD0198FF
:100CA0001AE700BF004402580080BB00002B00F090
:100CB000CC80106810F000603FF40EAF002301A854
:100CC0000193FFF7B7FC019806E7106810F0007079
:100CD0003FF402AF002301A80293FFF7DFFD029863
:100CE000FAE6A948F8E60020F6E6A84BDA6C1868A0
:100CF000D30340F1098110F000603FF4EDAE01A88C
:100D0000FFF798FC0398E7E6A04A136D03F4E0238D
:100D1000B3F5403F00F009815ED8B3F5803F00F0A5
:100D20001C81B3F5003F00F00B81002B40F0518196
:100D300005B05DF804EBFEF7C5BB9348CCE6106840
:100D400010F000703FF4C8AE002301A80293FFF733
:100D5000A5FD0298C0E68D4A936D03F44033B3F5C8
:100D6000803F00F0C780B3F5003F00F0A880002B63
:100D700040F0A380106810F000603FF4ADAE002397
:100D800001A80193FFF756FC0198A5E6106810F042
:100D900000503FF4A1AE002301A80193FFF7E4FC4B
:100DA000019899E6106810F000703FF495AE0023AA
:100DB00001A80293FFF772FD02988DE6106810F00B
:100DC00000503FF489AE002301A80193FFF7CCFC4B
:100DD000019881E66C487FE6B3F5802F00F0C9806A
:100DE000B3F5A02F40F0F380684B186810F4003082
:100DF0003FF472AE66486FE613686648C3F3C103FA
:100E0000D84069E6002067E6604B9B6D03F0E04345
:100E1000B3F1405F00F00F8100F2C280B3F1805F58
:100E200000F02281B3F1005F00F01181002B40F04F
:100E30003481FEF707FB554B574A1B6AC3F3021375
:100E4000D35C03F01F03D84046E6106810F0007032
:100E50003FF442AE002301A80293FFF71FFD029862
:100E60003AE6494838E6106810F000503FF434AED6
:100E7000002301A80193FFF777FC01982CE6136883
:100E80004448C3F3C103D84026E6002024E63F4A85
:100E9000136D03F04053B3F1805F00F0B780B3F1FE
:100EA000005F00F0A780002B40F0A280106810F4D3
:100EB00000303FF411AE36480EE600200CE6D36C4D
:100EC000126803F04053500702D5002B00F0AC80AD
:100ED0002E4A1268D10503D5B3F1805F00F0E5809A
:100EE0002A4A1268920303D5B3F1005F00F0DF8055
:100EF0000020F1E5106810F000503FF4EDAD01A8BE
:100F0000FFF732FC0398E7E510F000703FF4E4AD22
:100F1000002301A80293FFF7C1FC0298DCE51368E7
:100F20001C48C3F3C103D840D6E5106810F0040094
:100F30003FF4D2AD13681748C3F3C103D840CBE5E3
:100F4000124B186810F000503FF4C6AD002301A802
:100F50000293FFF709FC0298BEE5106810F00060EC
:100F60003FF4BAAD002301A80293FFF763FB029898
:100F7000B2E5106810F480703FF4AEAD0748ABE501
:100F80000020A9E50548A7E50080BB000044025801
:100F90000024F4000090D003B802079000093D003F
:100FA000B3F1804F6DD0B3F1A04F78D1424B1868A8
:100FB00010F400303FF490AD40488DE53F488BE59C
:100FC0003D4B3F481B68C3F3C103D84084E5002074
:100FD00082E5002080E53B487EE5374B38481B68BA
:100FE000C3F3C103D84077E5344875E5354873E568
:100FF000002071E5106810F000603FF46DAD002333
:1010000001A80293FFF716FB029865E5106810F03F
:1010100000703FF461AD002301A80293FFF73EFC8E
:10102000029859E5254857E5234B25481B68C3F32B
:10103000C103D84050E5204B186810F004003FF47D
:101040004BAD1B681E48C3F3C103D84044E51A4B9F
:10105000186810F000503FF43FAD002301A8029340
:10106000FFF782FB029837E5134B186810F0006019
:101070003FF432AD002301A80293FFF7DBFA029898
:101080002AE50D4B186810F480703FF425AD0D482B
:1010900022E50C4820E509481EE500201CE500205B
:1010A0001AE5084818E5054816E5064814E503481A
:1010B00012E5002010E500BF004402580024F400AF
:1010C0000090D00300093D00002800F04B81F8B5E6
:1010D0000546F8F72BF895F838302968012BAC4B0A
:1010E0001CD099422BD02033994228D003F5787335
:1010F000994264D02033994261D003F578739942C4
:1011000000F02E812033994200F02A81A14B9942B0
:1011100002D0203399424AD19F4C11E0994205D028
:1011200003F1C053A3F58233994240D16B68012B80
:101130003DD16B6C002B3AD1954B9942E6D1974C3F
:1011400095F8913003F0FF02002B3FD0944B954A65
:101150001B68A2FB03230A681B0B22F480329B004E
:101160000A60F3B10A68013B12F48032F9D1E868F1
:101170000223012885F891301BD0984200F0388175
:10118000184617464FF0010C0326AB68013B042BB1
:1011900000F27981DFE813F03201220039012100E9
:1011A0003501D5F8943043F04003C5F89430012060
:1011B000F8BD4FF0110C122013261027E5E795F823
:1011C0009130794C03F0FF02002BBFD1284685F8FF
:1011D0009020F5F727F92968B8E707464FF400662D
:1011E0002B6A2760002B43D0694B994200F01F8186
:1011F0002033994200F01B816C4B994200F027810B
:101200002033994200F02381694B994200F0178105
:101210002033994200F013815E4B994200F0268101
:10122000644B994200F01B81AB69696CB3F5002FE8
:1012300000F0EF8002EB8202286A5300AA6AB2F142
:10124000806F14BF0122022200FB02F21202B3FBE4
:10125000F2F3594AA2FB0302D20802EB8200A3EB8D
:101260004003092B08BF0132042908BF52086A62F3
:101270006B682F6D33F0020340F0B380013F18BF5D
:1012800001277F02F7F752FF6B686A6CB0F5005FC9
:1012900042EA0302AB6C42EA0302EB6C42EA03024D
:1012A000EB6A42EA03026B6942EA0302AB6942EA73
:1012B00003026B6A4FEA035CAB6A42EA03022B68E3
:1012C0001868C0F083803D49014028691960196899
:1012D00041EA0C0101430A4332433A431A605A6817
:1012E0003749286B1140EA690243686B5960024331
:1012F0005968E86D0A4333495A609A6811406A6E2A
:101300000243286E9960024399684FF220000A4315
:10131000696D01390A43A96D013942EA01229A60D7
:10132000D968AA6E0140E86ED9600243D9680A43C1
:10133000696F42EA0142296F013942EA01221449E8
:101340008B42DA6010D0134A93420DD00023012261
:10135000C5F89430184685F8912085F89030F8BD8E
:10136000194CEDE601207047636C23F001036364C0
:1013700095F83830012BE9D1D5E90F23013A43EA3A
:1013800002136364636C43F001036364DEE700BF30
:1013900004580140045400580054005800580140BB
:1013A000B80600241BECCB95005C0140045C0140B6
:1013B0000460014024540058CDCCCCCC10C005F0C2
:1013C000F01FFFFF0080F8FF006001402F4901403F
:1013D0001960196841EA0C010A4332433A431A6022
:1013E0007DE7A7F10107B7FA87F77F097F0249E791
:1013F0004FF0210C222023262027C6E64FF48066DA
:10140000EEE637464FF40066EAE667464FF40066BC
:10141000E6E6042932D0082932D0686D02EB820258
:1014200053002A6A00FB02F2B3FBF2F311E700213A
:101430004FF48070FFF7CCFA29680246DCE6002101
:101440004FF40070FFF7C4FA29680246E4E6002171
:101450004FF40070FFF7BCFA29680246D4E64FF457
:1014600000600021FFF7B4FA0246DDE600214FF4E8
:101470008060FFF7ADFA29680246D1E64020CDE74B
:101480004FF48070CAE70026AAE600BF10C005F836
:10149000022930B428D9CC1E012C22D80429416855
:1014A0004FF00004036721F002014464B1FA81F1B6
:1014B000C464C46584664FF6FF744FEA51114467F3
:1014C00014BF0D24012401654FF4802184654FF47D
:1014D0000034C0E91841032A03D8DFE802F03A34A7
:1014E0003229012030BC7047002403674464C4647F
:1014F0008466446824F00204003C18BF012404659B
:101500004FF48034C4654FF6FF74446713F0010450
:10151000E7D149B14FF40035C0E91854032AE0D8A7
:10152000DFE802F04738281E0D464FF48024F3E729
:10153000E0215B01802281644365C26630BCFFF715
:10154000C3BDC021F5E780225B0182644365C266AA
:10155000F4E780211B01402281644365C266EDE708
:101560005B08E02480219A0184645B01C166C0E9C4
:101570001523E3E75B08C022802502294FEA831484
:1015800082644FEA4313C56644658365D6D1082358
:101590008366D3E75B08802202294FEA83148264C2
:1015A0004FEA4313C266C0E91543C7D110238366CF
:1015B000C4E75B08802440215A0184641B01C16692
:1015C000C0E91523BAE700BF2DE9F0410F460446F4
:1015D0001546F7F793FD002F60D0B5FA85F84FEA6E
:1015E0005818002D5AD094F89130012BDAB24FD10F
:1015F00094F89030012B4BD0434684F8902012226F
:10160000C4F8948065F30F03064684F891203946A8
:10161000D4F8800065F31F432C4AA767E3672B4685
:1016200002642B4AC0F85080C2632A4AC26422680E
:101630001C32F8F79BFF074670BB626C6368082A90
:1016400030D005226121023B012B88BF1146226860
:1016500013690B431361136843F40033136006E00E
:10166000F7F74CFD831BB3F57A7F22D822685569C2
:1016700015F4E025F4D01368DB0303D4136843F4B6
:10168000803313600023384684F89030BDE8F08141
:1016900002273846BDE8F08184F89080012738465B
:1016A000BDE8F08123F00202012ACAD1152271217E
:1016B000C9E7D4F89430032784F8905043F04003EE
:1016C0003846C4F89430BDE8F08100BF0118069098
:1016D000A117069079180690002950D038B5B2FAB3
:1016E00082F513466D09002A47D090F891200446F0
:1016F000012AD0B23DD194F89020012A39D084F843
:1017000090002846A1670A4663F30F002221C4F81F
:10171000945063F31F4084F891101D49E067D4F89A
:10172000840001641B490565C1631B49C1642168CC
:101730001C31F8F71BFFF0B9626C6368082A20D0EF
:1017400005226121023B012B88BF114623681A69DB
:101750000A431A611A6842F400321A601A68D20306
:1017600003D41A6842F480321A60002384F890305F
:1017700038BD022038BD84F89050012038BD0120CA
:10178000704723F00202012ADAD115227121D9E72C
:10179000691806900D18069079180690704700BFDA
:1017A000C369806BB3F5807F10B51BD003684FF021
:1017B000000C446C1968082C426821F40031A0F830
:1017C0007EC0196011D06FF061016FF00504023A1C
:1017D0004FF0010C012A88BF21461A690A401A619C
:1017E00080F891C0FFF7DAFF10BD22F00201012955
:1017F000E9D16FF071016FF01504E8E7704700BFA1
:10180000806B08B5FFF7FAFF08BD00BFC369806BA6
:10181000B3F5807F10B51BD003684FF0000C446C0B
:101820001968082C426821F400311960A0F87EC0C4
:1018300011D06FF061016FF00504023A4FF0010C16
:10184000012A88BF21461A690A401A6180F891C0AE
:10185000F4F790FF10BD22F002010129E9D16FF0E9
:1018600071016FF01504E8E7806B08B5F4F746FFE7
:1018700008BD00BF704700BF10B5846BF9F720FEAC
:10188000022823D0D4F89420216842F08002134B20
:101890001348C4F894201B680A68A0FB030322F4D1
:1018A00000321B0B0A600A689B0022F480320A6037
:1018B0006BB10A68013BD203FAD40122002320460F
:1018C00084F89120A4F87E30FFF7D4FF10BDD4F83F
:1018D000943043F04003C4F89430EEE7B806002497
:1018E0001BECCB9518B338B590F82C3004460D4658
:1018F00003F0FF02B3B12146022384F82C3051F8E3
:10190000040B01F043FA62682946206801F074FA7A
:10191000084A01210020136843F00043136084F853
:101920002C1038BD80F82D20F1F7C6FDE3E701202B
:10193000704700BF0040005270B590F82C3005464B
:10194000022BD8B204D000F0FB04012C01D00120FE
:1019500070BD02230E46286885F82C3001F08AFA03
:101960003368022B03D085F82C40002070BD05237E
:1019700085F82C30F9E700BF38B590F82C300446D4
:10198000022BD8B205D094F82C30012BDDB201D057
:10199000012038BD0223206884F82C3001F084FA3D
:1019A000002084F82C5038BD03682C495A6910B4C3
:1019B0009C6944F008049C619C6944F010049C619B
:1019C0001C6824F001041C601C692140196199689D
:1019D00021F44041996090F88110042901D09106CA
:1019E00030D490F88110032901D054061FD49105FA
:1019F00009D5D0F8841041F00101C0F8841099692C
:101A000041F400719961D20509D5D0F8842042F0E3
:101A10000802C0F884209A6942F480729A61002317
:101A20005DF8044BA0F86230A0F86A307047D0F837
:101A3000841041F00401C0F88410996941F040011C
:101A40009961D4E7D0F8841041F08001C0F8841087
:101A5000996941F020019961C3E700BF90FCFFFF45
:101A6000002800F0C2802DE9F8430446644B0020B2
:101A70002268E1689A42A0626FD0A3F578439A4247
:101A80006BD003F580639A4200F0A7800F2974D8C9
:101A9000E56BCB086809013300FB0333082B6CD8D6
:101AA00094F8813003F0FF06002B00F08B804FF09C
:101AB000000802236068D4F838E084F8813000F42C
:101AC0008009136823F001031360936803F4F81C82
:101AD000A369B3F1806F61D0B9F1000F01D006297D
:101AE00069D8176827F4807717600343676B41EA6A
:101AF000080143EA0E033B43676A3B4327693B43C4
:101B000067693B43276A3B43E76C3B43E7693943DB
:101B1000294341EA0C019160A1680B43A16C0B437E
:101B2000A16D0B43D36058BB936823F4C05343F4B7
:101B300000639360936823F4C06343F4806393600D
:101B4000136D23F00103136500230122C4F88430D0
:101B5000184684F88120BDE8F883294BE56B9A424A
:101B600003D0A3F578439A429AD101F1080368099A
:101B7000DB0800FB0333102B92D90120BDE8F8836A
:101B8000136D23F001031365B9F1000FDCD0D368A6
:101B9000616D23F000430B43D360D5E7B0F5800FB0
:101BA00025D0002898D1BEF1805F9AD1176847F4FC
:101BB0008057176095E71768266D27F480773743BD
:101BC000176092E7204684F88060F5F7D5F922681F
:101BD000E168D4F82880E56B6BE7E56B01F1080359
:101BE0006809DB0800FB0333C5E701207047BEF13D
:101BF000000F7FF474AF176847F4805717606EE7E3
:101C0000003001402DE9F8431E4690F88030012B4A
:101C100000F08680012304460D46904680F880300F
:101C2000D0F80090F7F76AFA94F881300746012B54
:101C3000D8B272D1002D00F0D580B8FA88F35B09D4
:101C4000B8F1000F00F0CE8003226366A4F868307C
:101C500084F88120C4F88430A4F86280A4F86A3043
:101C60002168E565A4F860800D46C4E91C33A368CB
:101C7000B3F5C02F00F0F980CB6823F4C02343F400
:101C80000033CB604B686FF30F0343EA08034B60EC
:101C90000B6843F001030B606368B3F5800F03D159
:101CA0000B6843F400730B6016F10108E36818BF7A
:101CB0004FF001080F2B71D8072BB4F862309BB29C
:101CC0004ED9DBB939E0B4F86220E36D92B2184620
:101CD000012A40F29F80E26B002A00F09B8053F8BB
:101CE000042B0A62E365B4F86230023B9BB2A4F8AD
:101CF0006230B4F862300D469BB2F3B14D6915F015
:101D00000205E0D1F7F7FAF9C01BB04203D3B8F1EE
:101D1000000F40F0AF802168EBE7002384F88030AB
:101D20000220BDE8F883F7F7E9F9C01B864203D823
:101D3000B8F1000F40F0928025686B691B07F2D55F
:101D40002046FFF731FE0122002384F88120D4F8D9
:101D5000840084F88030C01A18BF0120BDE8F883E1
:101D6000002BEAD04D6915F002056DD0B4F8623051
:101D7000E26D9BB2032B3AD9E36B402B37D952F873
:101D8000043B0B62B4F86230E265043B9BB2A4F8FA
:101D90006230B4F862300D469BB2E1E7B4F86230CD
:101DA0009BB28BB9C9E7E26D52F8043B0B62B4F801
:101DB0006230E265013B9BB2A4F86230B4F8623055
:101DC0000D469BB2002BB8D04D6915F00205EAD143
:101DD000F7F794F9C01BB04202D3B8F1000F49D114
:101DE0002168EBE7002384F88030BDE8F883B4F87D
:101DF00062309BB2012B19D9E36BBBB132F8023BC5
:101E0000A9F82030B4F86230E265023B9BB2A4F836
:101E10006230BEE730F8023BA9F82030B4F86230F7
:101E2000E065013B9BB2A4F8623062E7137881F869
:101E30002030B4F862302168013B9BB2A4F86230D4
:101E4000E36D0133E365A4E7F7F758F9C01BB0422F
:101E500002D3B8F1000F0DD121689AE7D4F884308D
:101E600043F02003C4F884306AE70B6843F400634E
:101E70000B6007E72046FFF797FDD4F88430012276
:101E8000032043F4807384F88050C4F8843084F8CD
:101E9000812046E790F88030012B00F0AA8070B5D1
:101EA000154690F8813001220446934280F8802044
:101EB0006ED1002967D0B5FA85F35B09002D62D099
:101EC00003224366036780F881204367C0F88430AB
:101ED000A0F86830A0F86250A0F86A308368026801
:101EE000B3F5C02FC165A0F8605066D0D36823F465
:101EF000C02343F40033D360E368A06F0F2B8669DF
:101F00004BD9B6F5804F3ED13B4E203252F8183CAB
:101F100006643A4E23F40043C663394EC664002675
:101F2000066542F8183CB4F862309BB2F8F71EFB25
:101F3000002847D1A26F2368D269B2F5807F5A6822
:101F40006FF30F0218BF2A435A609A68616842F41F
:101F50000042B1F5800F9A601A6942F448721A6122
:101F60001A6842F001021A6003D11A6842F4007242
:101F70001A60002384F8803070BDB6F5005F2DD064
:101F8000B6F5804F2DD0002384F88030012070BD3D
:101F9000002380F88030022070BD072BEDD8B6F505
:101FA000005F1ED0B6F5804FAED1B4F862309BB260
:101FB00003339B08A4F86230A6E7136843F4006378
:101FC000136099E7D4F88430012284F8806043F0EC
:101FD0001003C4F8843084F88120D7E7B6F5804F29
:101FE00092D1B4F862309BB201335B08A4F862303E
:101FF0008AE70220704700BFF523069079230690F8
:102000002124069090F88030012B00F0B18070B54B
:10201000154690F8813001220446934280F88020D2
:1020200067D1002960D0B5FA85F35B09002D5BD03C
:1020300004220367436780F88120A0F86030C0F86D
:102040008430A0F86A50A0F8623083680668B3F55F
:10205000C02F4166A0F8685064D0F36823F4C02311
:1020600043F48023F360E368E06F0F2B826945D966
:10207000B2F5804F38D1B36823F48043B3603D4B51
:102080000A4606F13001002603643B4B0665C36334
:102090003A4BC364B4F86A309BB2F8F767FA002889
:1020A00045D1E26F2368D269B2F5807F5A686FF339
:1020B0000F0218BF2A435A609A68616842F480424E
:1020C000B1F5800F9A601A6942F450721A611A6869
:1020D00042F001021A6003D11A6842F400721A60D9
:1020E000002384F8803070BD002384F88030012004
:1020F00070BD002380F88030022070BD072B22D8ED
:10210000B368B2F5005F23F48043B36028D0B2F522
:10211000804FB4D1B4F86A309BB203339B08A4F863
:102120006A30ACE7336823F4006333609BE7D4F88C
:102130008430012284F8806043F01003C4F88430B6
:1021400084F88120D3E7B2F5005F02D0B2F5804F6A
:10215000CAD1B368B2F5804F23F48043B3608ED107
:10216000B4F86A309BB201335B08A4F86A3086E7A2
:102170000220704705240690A12306902124069092
:102180002DE9F8431D4690F88030012B5CD00123E7
:10219000044680F8803090F88130012BDEB250D1B7
:1021A000002D18BF002A46D0B1FA81F35B0900293F
:1021B00041D0C165A0F8605001684266A0F868503F
:1021C000C0E91C33052084F88100C4F88430A4F8E9
:1021D0006250A4F86A50CB68E06F23F4C02387698B
:1021E000CB608B6823F440438B60E3680F2B2FD9BF
:1021F000B7F5804F1FD15D4B4FF00008DFF87491A9
:10220000303103645A4BC0F84C90C363B4F86A3061
:10221000C0F850809BB2F8F7A9F90746B8B3D4F8D4
:102220008430012284F8808043F01003C4F88430A5
:1022300084F8812002E0002384F880303046BDE835
:10224000F883002380F8803002263046BDE8F8830A
:10225000072B56D8A36F9B69B3F5005F6FD0B3F51A
:10226000804F06D1B4F862309BB203339B08A4F8C8
:102270006230B7F5005F5AD0B7F5804FBBD1B4F8E4
:102280006A309BB203339B08A4F86A30B3E7226834
:10229000A06F93682032E16D43F4804342F8183C0C
:1022A000B4F86230C0F84C909BB20765C0E90F7774
:1022B000F8F75CF900284AD1A26F2368D269B2F519
:1022C000807F5A686FF30F0218BF2A435A609A68DA
:1022D000616842F40042B1F5800F9A601A6942F4D5
:1022E00058721A611A6842F001021A6004D0002381
:1022F0001E4684F88030A1E71A6842F400721A6022
:10230000F5E7B7F5005F02D0B7F5804F93D1A36F23
:102310009B69B3F5804F06D1B4F862309BB20133AC
:102320005B08A4F86230B7F5804F7FF464AFB4F86F
:102330006A309BB201335B08A4F86A305BE7B4F8FB
:1023400062309BB201335B08A4F8623091E7E06F22
:10235000F8F722FCD4F88430012284F8807043F02E
:102360001003C4F8843084F8812067E715240690B0
:10237000C923069021240690806B08B590F881301F
:10238000072B09D0836FDB69B3F5807F05D0026826
:10239000136943F00803136108BDF5F7F3F908BDAD
:1023A000806B08B590F88130072B09D0C36FDB69CB
:1023B000B3F5807F05D00268136943F00803136109
:1023C00008BDF5F73FFA08BD806B08B590F881307D
:1023D000072B09D0836FDB69B3F5807F05D00268D6
:1023E000136943F00803136108BDF5F78BFA08BDC4
:1023F000704700BF806B08B5FFF7FAFF08BD00BF4C
:10240000704700BF806B08B5FFF7FAFF08BD00BF3B
:10241000704700BF806B08B5FFF7FAFF08BD00BF2B
:1024200010B5846BF9F74CF8022800D110BD236871
:1024300030495A69986940F008009861986940F0FD
:1024400010009861186820F00100186018690140B8
:102450001961996821F44041996094F88110042928
:1024600001D091063AD494F88110032901D0500686
:1024700029D4910509D5D4F8841041F00101C4F89C
:102480008410996941F400719961D20509D5D4F895
:10249000842042F00802C4F884209A6942F48072D1
:1024A0009A61002301222046A4F86230A4F86A3021
:1024B000D4F8843043F01003C4F8843084F88120C9
:1024C000F5F780FA10BDD4F8841041F00401C4F887
:1024D0008410996941F040019961CAE7D4F88410E9
:1024E00041F08001C4F88410996941F0200199619C
:1024F000B9E700BF90FCFFFF08B5806B0023012205
:10250000A0F86A30A0F8623080F88120F5F75AFA16
:1025100008BD00BF704700BF03682DE9F0411E6988
:1025200004465969D3F808C006EA010290F88150C0
:102530000905EDB202D5370700F1CD8002F0640144
:1025400002F0450702F02606042939D0012F3FD0BA
:10255000022E00F0D680160757D59A6942F008027D
:102560009A619A6942F010029A619A6942F4006293
:102570009A611A6922F008021A619A6812F4404FAF
:102580002ED1B4F86A2092B252B3616E0EE0226886
:10259000126B41F8042BB4F86A206166013A92B2DA
:1025A000A4F86A20B4F86A2092B2CAB1E2680F2A8D
:1025B000EDD8072A40F29E801A8E21F8022BEAE716
:1025C000636F20469847236F20469847012F02D11A
:1025D000236F20469847022E00F09380BDE8F081DB
:1025E0002046FFF7E1F9012384F88130D4F88430E4
:1025F000002B7CD1052D00F08980042D00F089800E
:10260000032DEBD1F5F7BEF8E8E712F4587FE5D0DB
:10261000550609D5D4F8841041F00401C4F884109B
:10262000996941F040019961900509D5D4F8841069
:1026300041F00101C4F88410996941F40071996175
:10264000D10509D5D4F8841041F00801C4F88410EC
:10265000996941F480719961920609D5D4F8842072
:1026600042F08002C4F884209A6942F020029A6104
:10267000D4F88420002AB1D019680CF4404C264AC2
:1026800021F00101BCF5404F1960196902EA01020D
:102690001A6128D19A68E06F22F440429A6050B1E2
:1026A0001E4B0365F8F72EFC28B1D4F8843043F0B4
:1026B0004003C4F88430A06F00288FD0174B036507
:1026C000F8F720FC002889D0D4F8843043F0400388
:1026D000C4F8843082E79A6942F400629A61FFF795
:1026E00019FFBDE8F0810123204684F88130F5F719
:1026F00069F973E7226892F830200A70616E01313F
:1027000049E7636F2046BDE8F0411847F5F7FAF84E
:1027100064E7F5F797F861E794FCFFFFF92406906A
:1027200090F88100704700BF002800F09180F8B554
:1027300090F83D30044603F0FF02002B00F0838048
:102740002268022343494448B2F1804FA2EB0101C1
:1027500084F83D30A2EB000E1368B1FA81F1A7694D
:10276000BEFA8EFEE6684FEA511165684FEA5E1EBA
:1027700020D0F9B9DFF8F0C062454BD00CF5806C81
:10278000624547D00CF5806C624513D0BEF1000F56
:1027900010D1324832498A4218BF82423ED001F5F8
:1027A00080618A423AD023F080033B431360D662B3
:1027B000956213E0A06823F070030343206923F4BB
:1027C0004073034323F080033B431360D66295625A
:1027D00011B9BEF1000F2BD06369136301230020F0
:1027E000536184F8483084F83E3084F83F3084F8F0
:1027F000403084F8413084F8423084F8433084F823
:10280000443084F8453084F8463084F8473084F802
:102810003D30F8BD23F07003A1680B43216923F418
:1028200040730B4323F080033B431360D6629562F1
:102830000C490A4B9A4218BF8A42CDD003F58063F7
:102840009A42C9D0CAE780F83C20F5F7E1FA77E769
:102850000120704700000140000401400040014099
:1028600000440140004801400004004090F83D3021
:10287000012B39D102681D4B1D49B2F1804F18BFA1
:102880009A4230B40CBF012300231A4D0224AA42FD
:1028900008BF43F0010380F83D40174C8A4208BF4F
:1028A00043F00103154801F58051A24208BF43F0EF
:1028B0000103824208BF43F001038A4208BF43F08C
:1028C000010313B90E4B9A4207D191680D4B0B408F
:1028D000062B06D0B3F5803F03D0136843F0010305
:1028E0001360002030BC7047012070470000014099
:1028F0000008004000040040000C004000040140BB
:102900000040014007000100026841F21111034636
:10291000106A084208D1106A40F24441084203D1CB
:10292000116821F0010111600122002083F83D208F
:10293000704700BF90F83D30012B3DD10268022165
:102940001E4BB2F1804F18BF9A4230B40CBF012326
:1029500000231B4D1B4CAA4208BF43F0010380F823
:102960003D10D168A24208BF43F0010304F5806422
:1029700041F001011448A24208BF43F00103D160B5
:10298000824208BF43F0010310498A4208BF43F066
:10299000010313B90E4B9A4207D191680D4B0B40BE
:1029A000062B06D0B3F5803F03D0136843F0010334
:1029B0001360002030BC70470120704700000140C8
:1029C00000040040000800400004014000180040DE
:1029D000004001400700010090F83C20012A6DD022
:1029E00002680346012030B4022483F83C0083F8D7
:1029F0003D40594C95682C4094600C68702C00F058
:102A0000878025D8502C5BD02BD8402C40F090806C
:102A10004C68CD68116A106A21F00A0120F00100AB
:102A20000C434E491062906920F0F00040EA051016
:102A3000906114629068014041F04701916000206C
:102A40000121002283F83D1083F83C2030BC704700
:102A5000B4F5005F4CD01FD8B4F5805018BF0120EA
:102A6000EEE7602CECD1C8684C68116A21F01001C7
:102A70001162916921F4704141EA0031106A20F03D
:102A8000A0009161354940EA04101062906801404D
:102A900041F067019160D2E731498C4206D04FD9AD
:102AA00030498C4202D010318C42C9D190682B49F8
:102AB0000140214341F007019160C0E702207047C7
:102AC0004C68CD68116A106A21F00A0120F00100FB
:102AD0000C4322491062906920F0F00040EA051092
:102AE000906114629068014041F057019160A6E73F
:102AF000D1E9015094682843CD6824F47F4140EA2D
:102B0000052008439060916841F48041916096E708
:102B1000D1E9015094682843CD6824F47F4140EA0C
:102B2000052008439060916841F07701916086E745
:102B300086D8202CBAD00AD834F0100180D1B5E75D
:102B400024F01001B1F5801F7FF47AAFAEE7302C8E
:102B5000ACD0012074E700BF8800CEFF8FFFCFFF0D
:102B60002000100030001000704700BF704700BF09
:102B7000704700BF704700BF036870B5DE68054648
:102B80001C69A10701D5B20759D4620701D57307A3
:102B900042D4200701D531072CD4E30601D5F00635
:102BA00015D4E10701D5F20762D423060AD5300611
:102BB00066D4600601D5710673D4A20601D5B306AA
:102BC0004DD470BDE205F4D5330662D4F1E72B682D
:102BD0006FF0100228461A6108222A77DB6913F485
:102BE000407F6FD1FFF7C0FF2846FFF7C1FF0023EA
:102BF0002B77D6E72B686FF0080228461A6104226B
:102C00002A77DB699A075AD1FFF7AEFF2846FFF70C
:102C1000AFFF00232B77C0E72B686FF00402284634
:102C20001A6102222A779B6913F4407F44D1FFF78F
:102C30009BFF2846FFF79CFF00232B77A9E76FF047
:102C400002021A61012202779B69990731D1FFF7CD
:102C50008BFF2846FFF78CFF00232B7795E72B6827
:102C60006FF0200228461A61BDE8704000F088B875
:102C70002B686FF0010228461A61F5F797F994E77F
:102C80002B686FF0800228461A6100F07BF8E1059E
:102C90008FD52B686FF4807228461A6100F074F8A3
:102CA00087E72B686FF0400228461A61FFF762FF42
:102CB00083E7FFF75BFFCFE7FFF758FFBCE7FFF7BE
:102CC00055FFA6E7FFF752FF91E700BF90F83C30B1
:102CD000012B4BD003680246022030B4244D82F809
:102CE0003D00AB4258689C6829D005F58065AB4231
:102CF00025D0204D20F07000AB4218BFB3F1804FBB
:102D000005F580650CBF4FF0010C4FF0000CAB4295
:102D100008BF4CF0010C05F58065AB4208BF4CF0D4
:102D2000010C0D682843144D5860AB4214BF604637
:102D30004CF0010060B91148834209D00DE04D68A4
:102D400020F4700028430D6820F07000284358607C
:102D5000896824F080040C439C60002301211846FC
:102D600082F83D1082F83C3030BC7047022070473A
:102D700000000140000400400018004000400140F5
:102D8000704700BF704700BF704700BF2DE9F0419A
:102D9000D1E9073ED1E900824F6A43EA0E03D1E947
:102DA00002C6D1E904548969B8F1000F0FD13B4341
:102DB0001343026843EA0C036FF30E0233432B43C1
:102DC00023430B43134303600020BDE8F08142EA34
:102DD0000C023B4332432A4322430A43016821F455
:102DE000F8410B43036043686FF30E0313434360E2
:102DF0000020BDE8F08100BFF0B5CC684B69013C14
:102E00008D688F69013B4FEA043E4C680E68013DB6
:102E1000013C1B052D02013E4FEA041C0C69791E82
:102E2000013C0906240472B94EEA03038268334365
:102E300002F0704243EA0C032B4323430B4313433A
:102E400083600020F0BD4EEA030E4CEA0503084AF9
:102E5000334323430B4381680A404EEA02028260F7
:102E6000C26802F070421343C3600020F0BD00BF8F
:102E7000FF0F0FFF10B4D1E900340246DFF824C081
:102E800000692343D1E9021400EA0C0C002043EA54
:102E9000442301395DF8044B43EA0C0343EA411330
:102EA000136170470000C0FF0246002053696FF3B2
:102EB0004D0343EA41035361704700BF84B0844629
:102EC00000B583B00DF1140E8EE80E000A9B012BA5
:102ED0003ED1826BA3F14213119922F48032012971
:102EE0008263C26803EA0203C360C36823F4401329
:102EF000C3607CD00023404A009303E0DCF810302C
:102F0000002B41DB009B01330093009B9342F5D9DA
:102F10000320079B012B16D1DCF85C20374B92B2C3
:102F2000CCF85C20DCF85C201343CCF85C30DCF897
:102F3000083043F00603CCF80830DCF8083043F0E2
:102F40002003CCF8083003B05DF804EB04B0704700
:102F5000C3680021284A43F04003C360019103E0A5
:102F6000DCF81030002B2CDB019B01330193019B1B
:102F70009342F5D903200E9BE3B9DCF8383043F4D3
:102F80008033CCF83830C4E700231B4A0093DCF8C8
:102F9000103043F00103CCF8103004E0DCF81000EE
:102FA00010F00100B5D0009B01330093009B9342C9
:102FB000F4D9ADE7DCF8383023F48033CCF838307E
:102FC000A7E700230C4A0193DCF8103043F001031B
:102FD000CCF8103004E0DCF8100010F00100CAD08A
:102FE000019B01330193019B9342F4D9C2E7C3686B
:102FF00043F48013C3607DE7400D03000000EE033F
:10300000022A03460AD04FF41051DA68002022F455
:103010007052DA60DA680A43DA607047234A24485B
:103020000A4482422CD9234A23480A4482422AD99C
:10303000224A23480A44824228D9224A22480A4482
:10304000824226D3214A22480A44824224D9214A74
:1030500021480A44824222D3204A21480A4482421B
:10306000D1D3204A20480A4482421BD31F4A204819
:103070000A4482422CBF4FF4C0514FF4E051C4E7E0
:103080004FF47051C1E74FF46051BEE74FF4505117
:10309000BBE74FF44051B8E74FF43051B5E74FF478
:1030A0002051B2E74FF40051AFE700BF405327FF74
:1030B000FF340C00401E1BFF3F420F0000DC0BFFE3
:1030C0007F4F1200808CF9FE20D6130060B6E5FE1B
:1030D0005FE3160000D3CEFE40771B00C05BB3FE5B
:1030E000C091210000CA91FE20753800E05459FEBD
:1030F000E09C4100034600209A6842F001029A6079
:10310000704700BF034600209A6822F001029A60CF
:10311000704700BF38B5C3680129054623F0C04396
:10312000C36017D0A1B9C3680C4643F08043C360A5
:1031300001E0322C0CD001200134F5F7E5FF6B697A
:10314000DB07F6D4A4F13200B0FA80F0400938BDB4
:10315000012038BDC368002443F00053C36001E080
:10316000322CF5D001200134F5F7CEFF6B69DA0778
:10317000F6D5A4F13200B0FA80F04009E7E700BFCD
:1031800084B084462DE9F04782B000F5006E0BACA8
:10319000159D84E80E0000230A46C0F80431C0F8EB
:1031A0000831C0F80C31C0F81031C0F81431C0F843
:1031B0001831C0F81C31C0F82031C0F82431C0F8F3
:1031C0002831C0F82C31C0F83031C0F83431C0F8A3
:1031D0003831C0F83C31002D40F0DD80DEF804309D
:1031E00043F00203CEF80430836B23F400138363AF
:1031F000036843F040030360036843F08003036007
:103200000023CCF8003E109B012B00F0CF80DCF8AF
:10321000003843F00303CCF80038002389490093B9
:1032200004E0DCF81030002BC0F2D980009B0133A1
:103230000093009B8B42F4D9032000238149019322
:1032400004E0DCF81030002BC0F2B780019B0133A2
:103250000193019B8B42F4D901200021CEF810107C
:10326000CEF81410CEF81C10002A56D0DCF8004915
:103270004FF67F36002C4FF00004B8BF4FF00061CE
:10328000012ACCF80019CCF81049CCF8086900F0F4
:10329000C7800CF5126301214FF0904807E08A4285
:1032A0001C601C6103F1200343F8186C0CD01F68EC
:1032B0000131002FF3DA8A42C3F800801C6103F168
:1032C000200343F8186CF2D1DCF8003B0CF53061B8
:1032D000002B5BDB0023CCF8003B4FF000084FF6DF
:1032E0007F3A0CF532630127C1F81080C1F808A0BD
:1032F000D3F8009000244FF090464FF67F31A1455F
:1033000007F1010739DBBA42C3F80080C3F8108027
:1033100003F1200343F818ACEAD1DEF810300022A4
:1033200023F48073CEF810306FF08043CCF818206F
:10333000CCF814300D9B2BB9DCF8183043F0100397
:10334000CCF81830DCF818203F4B1343119ACCF816
:1033500018302AB1DCF8183043F00803CCF81830E4
:10336000012D05D1DCF81820384B1343CCF8183068
:1033700002B0BDE8F04704B0704797421E601C6180
:1033800003F1200343F8181CB2D1C6E74FF00063E5
:10339000CCF8003BA1E7836B43F400138363002365
:1033A000CCF8003E109B012B7FF431AF0E9B83BB0A
:1033B000DCF80038CCF800382FE7002321490193CE
:1033C0001023CCF8103003E0DCF81030DB061AD5FF
:1033D000019B01330193019B8B42F5D93CE700230C
:1033E000184900934FF48463CCF8103004E0DCF803
:1033F000103013F020030AD0009B01330093009B90
:103400008B42F4D918E7003818BF012025E7184689
:1034100013E7DCF8003843F00103CCF80038FCE691
:10342000DCF8002B0CF53063002A04DBCCF8004BF1
:103430001C619E6071E74FF00062CCF8002B1C61AC
:103440009E606AE7400D030000383C8004000040A5
:1034500082B00023124A019302E00369002B08DBCB
:10346000019B01330193019B9342F6D9032002B0E3
:103470007047890100230A4A41F02001019301614C
:1034800003E0036913F0200306D0019B013301938D
:10349000019B9342F5D9E9E7184602B0704700BF97
:1034A000400D030082B00023114A019302E003693A
:1034B000002B08DB019B01330193019B9342F6D95A
:1034C000032002B0704700211023094A01910361D3
:1034D00003E0036913F0100306D0019B013301934D
:1034E000019B9342F5D9EBE7184602B0704700BF45
:1034F000400D0300D0F808389A0705D413F0060FE2
:103500000CBF00200F2070470220704730B50A78AA
:10351000012300F5006C02F00F0E00EB421003FADD
:103520000EF391F801E0BEF1010F18D0DCF81C2079
:1035300042EA0343CCF81C30D0F8003B1B040CD407
:103540008B68D0F8004BC3F30A030979114A23436F
:1035500043EA81431A43C0F8002B002030BDDCF859
:103560001C402343CCF81C30D0F800391C04F4D4A0
:103570008B68D0F80059C3F30A030C7905492B4333
:1035800043EA844343EA82531943C0F800190020F8
:1035900030BD00BF008000104A780B78012A00EB94
:1035A000431C2AD0DCF8002B002A19DB4FF48032B0
:1035B00003F00F03D0F83C1802FA03F3234A21EA80
:1035C0000301C0F83C18D0F81C1821EA0303C0F826
:1035D0001C380020DCF8003B1A40CCF8002B704768
:1035E000DCF8002B42F00062CCF8002BDCF8002B5A
:1035F00042F08042CCF8002BD8E7DCF80029002A02
:103600000BDADCF8002942F00062CCF80029DCF883
:10361000002942F08042CCF8002903F00F02012378
:10362000D0F83C1893400A4A21EA0301C0F83C183C
:10363000D0F81C1821EA0303C0F81C380020DCF87D
:1036400000391A40CCF80029704700BF0078F3EF2A
:10365000007833ECF0B54C780E78012C0D6900EB56
:10366000461391F804E05ED0D3F8104B03F5306CAC
:103670006FF31204C3F8104BD3F8104B6FF3DC4414
:10368000C3F8104B8C6856BB05B10C610C62DCF8BA
:103690001050C4F31204012A44EA0504CCF8104087
:1036A000DCF8104044F40024CCF8104035D0BEF1D2
:1036B000010F0CD1D0F8082812F4807FD3F8002B2A
:1036C0000CBF42F0005242F08052C3F8002BD3F8F6
:1036D000002B42F00442C3F8002B0020F0BD002D67
:1036E000D5D02544694E012A05F1FF35B5FBF4F527
:1036F000ADB205FB04F406EAC545DCF810600C62C7
:10370000C4F3120445EA0605CCF81050DCF810505A
:1037100044EA0504CCF81040C9D1CA68002AC6D0D2
:10372000CCF81420C3E703F51064276975B36FF371
:103730001207276127696FF3DC4727618F68002E26
:1037400068D1AF42C0F08680276947F4002727611F
:10375000D4F810C0C5F31207BEF1010F47EA0C07F9
:10376000276166D0012A7AD0D3F8002942F00442BA
:10377000C3F80029002DB0D006F00F060123D0F8C1
:103780003428B3401343C0F83438A6E76FF3DC475E
:10379000012A2761276947F40027276127696FF30A
:1037A0001207276129D0D3F80049BEF1010F44F078
:1037B0000444C3F8004990D1D0F8084814F4807F3D
:1037C000D3F800490CBF44F0005444F08054C3F8CF
:1037D0000049002A81D1ADB20335AD083FF47DAF79
:1037E000CB6800EB063603EB850106F5805653F8EF
:1037F000042B8B423260FAD16FE7CA696ABBBEF113
:10380000010F34D0D3F80029002042F00442C3F85D
:103810000029F0BD07EB050C0CF1FF3CBCFBF7FCED
:103820001A4F07EACC47D4F810C047EA0C072761C3
:103830008EE72769012A27F0C0472761276947F0EB
:103840000057276110D0D3F8004944F00444C3F86E
:103850000049B1E73D460F6176E76261CFE7CA698B
:10386000002ACFD06261CDE7CA6902B16261D0F8A7
:10387000082812F4807FD3F800290CBF42F00052D0
:1038800042F08052C3F80029BCE700BF0000F81FD7
:1038900010B4002383B04A780193012A0B784FEAD1
:1038A000431323D000F53060C158C218002904DB4F
:1038B000002003B05DF8044B7047C45842F2107109
:1038C00044F00064C450C45844F08044C45002E042
:1038D0001368002BECDA019B01330193019B8B42AF
:1038E000F6D9012003B05DF8044B704700F5106075
:1038F000C158C2180029DBDAC45842F2107144F0F2
:103900000064C450C45844F08044C45002E01368BA
:10391000002BCDDA019B01330193019B8B42F6D939
:10392000DFE700BF10B49DF8044064B903339B087F
:1039300009D0013201EB830300EB023051F8042B74
:103940008B420260FAD100205DF8044B704700BF43
:10395000F0B55FEA920E064602F003071CD000F5B0
:1039600080558C4600231C4601332A689E454CF83E
:10397000042BF8D1043101EB840067B106F58056C1
:10398000012F3368037005D01A0A022F427001D04C
:103990001B0C83703844F0BD0846EEE70B784A787C
:1039A00000EB4310003B18BF0123012A0CD0D0F8D4
:1039B000002B002A00DBA3B9D0F8003B43F400132E
:1039C000C0F8003B00207047D0F80029002A00DB37
:1039D00073B9D0F8003943F40013C0F8003900205F
:1039E0007047D0F8003B23F08043C0F8003BE3E78A
:1039F000D0F8003923F08043C0F80039D0F80039FE
:103A000043F40013C0F80039E9E700BF0B794A78A6
:103A100091F800C0023B012A00EB4C10DBB211D040
:103A2000D0F8002B012B22F40012C0F8002B01D992
:103A300000207047D0F8003B43F08053C0F8003BB3
:103A400000207047D0F80029012B22F40012C0F8A2
:103A50000029EDD8D0F8003943F08053C0F8003980
:103A600000207047034609010020D3F8002801F424
:103A7000FE6122F4FE62C3F80028D3F80028114347
:103A8000C3F80018704700BF03460020D3F8002E8B
:103A9000194622F00302C3F8002ED3F8043823F0AD
:103AA0000203C1F80438704703460020D3F8002E03
:103AB000194622F00302C3F8002ED3F8043843F06D
:103AC0000203C1F8043870474269806910407047AA
:103AD00000EB4111D1F80805D1F80C3518407047BA
:103AE000D0F81838D0F81C081840000C704700BFF8
:103AF000D0F81838D0F81C08184080B2704700BFC2
:103B000000EB4111D1F8082BD0F814081040704791
:103B1000D0F81028D0F8343800EB411001F00F0134
:103B2000D0F80809CB40DB01DBB2134318407047E3
:103B3000406900F00100704703460020D3F80029D7
:103B400019466FF30A02C3F80029D3F8043843F486
:103B50008073C1F80438704730B4056C00F53063E9
:103B6000104CA54203D9D0F8004B002C16DB0024E2
:103B700001291C611C6944F400241C611C6944F087
:103B800018041C611C6944F0C0441C6106D15A61D0
:103B9000D0F8003B43F08023C0F8003B002030BC4D
:103BA000704700BF0A30544FD0F8002401F00303DF
:103BB000012900F5806C22F00302C0F80024D0F83F
:103BC000002443EA0203C0F8003409D0022905D1D9
:103BD00041F270730020CCF8043070470120704728
:103BE0004BF680330020CCF804307047D0F8140432
:103BF00080B2704730B400EB4111002382B001F570
:103C0000A0620193D1F80045D1F800358568002BFA
:103C100001DBAD0623D4D1F80035640343F08043C3
:103C2000C1F800351FD5D0F8103413F47F0FD1F848
:103C3000003537D123F00043C1F80035D1F8003505
:103C400043F00043C1F8003502E01368002B06DAA8
:103C5000019B01330193019BB3F57A7FF5D90020D5
:103C600002B030BC704783689B0623D4C36A13F448
:103C70007F0FD1F8003515D123F00043C1F800358E
:103C8000D1F8003543F00043C1F8003502E0136875
:103C9000002BE4DA019B01330193019BB3F57A7F9A
:103CA000F5D9DCE743F000430020C1F8003502B04D
:103CB00030BC7047D1F80035002043F00043C1F814
:103CC000003502B030BC704710B4002485B0784A8B
:103CD00001460194836823F001038360029403E0AA
:103CE0000B69002BC0F2BB80029B01330293029B45
:103CF0009342F5D9032000236D4A039303E00B6937
:103D0000002BC0F2BE80039B01330393039B9342BD
:103D1000F5D90120D1F8003501F5A06201F5E06C7C
:103D200023F0802343F08043C1F80035D1F82035DB
:103D300023F0802343F08043C1F82035D1F840358B
:103D400023F0802343F08043C1F84035D1F860353B
:103D500023F0802343F08043C1F86035D1F88035EB
:103D600023F0802343F08043C1F88035D1F8A0359B
:103D700023F0802343F08043C1F8A035D1F8C0354B
:103D800023F0802343F08043C1F8C035D1F8E035FB
:103D900023F0802343F08043C1F8E035D1F80036AA
:103DA00023F0802343F08043C1F80036D1F8203659
:103DB00023F0802343F08043C1F82036D1F8403609
:103DC00023F0802343F08043C1F84036D1F86036B9
:103DD00023F0802343F08043C1F86036D1F8803669
:103DE00023F0802343F08043C1F88036D1F8A03619
:103DF00023F0802343F08043C1F8A036D1F8C036C9
:103E000023F0802343F08043C1F8C036D1F8E03678
:103E100023F0802343F08043C1F8E036136823F495
:103E2000004343F04043136002E01368002B06DABE
:103E3000019B01330193019BB3F57A7FF5D92032C1
:103E40006245EBD14FF0FF33C1F814344B618B68FE
:103E500043F001038B6005B05DF8044B7047002010
:103E60004FF48463124A02900B6103E00B6913F074
:103E7000200316D0029B01330293029B9342F5D993
:103E800038E7002410230A4A03940B6102E00B690F
:103E9000DB0608D5039B01330393039B9342F6D9BA
:103EA00037E7184627E7003818BF012032E700BF80
:103EB000400D0300D0F8D43200EB830010B5D0F8E9
:103EC000C04284B1D0F8C4325BB194F80002FF283C
:103ED00007D09B68214694F801229847FF2384F875
:103EE0000032002010BD032010BD00BF064B1A7821
:103EF0000346012A03D0432204481A8070476522F2
:103F000003481A80704700BFA40A002490030024CD
:103F100018040024064B1A780346012A03D04322D2
:103F200004481A807047652203481A80704700BF12
:103F3000A40A0024D403002418040024064B1A7891
:103F40000346012A03D0432204481A8070476522A1
:103F500003481A80704700BFA40A00244C030024C1
:103F60001804002403460A2201481A80704700BF43
:103F7000B804002438B5D0F8D432B03350F8235008
:103F800095B10446F4F764FE05F50371D4F8D43214
:103F9000C5F80C0204EB8304D5F80402D4F8C4324B
:103FA000DB689847002038BD032038BDF8B5D0F84D
:103FB000D43200EB830EDEF8C05245B301F00F049B
:103FC0000A4604EB840600EB8606B3696BB9DEF89B
:103FD000C43200211B69C5F8141223B105F5047120
:103FE000D5F8080298470020F8BDD0F8C87204EB55
:103FF000C40407EB8404646CB3FBF4F704FB1733CD
:10400000002BE4D11A46B361F4F70AFEEBE7032074
:10401000F8BD00BFD0F8D432002200EB830370B5A6
:10402000D3F8C06282B08DF80520ADF8062066B1E5
:1040300091F800C004460D461CF0600220D0202AF2
:1040400006D02946204600F0BFFD032002B070BD17
:10405000CA8891F801E08AB31CF0800F4ED0D3F8E3
:10406000C432314670469B689847EA8831462046FC
:10407000072A28BF072200F0DBFD002002B070BD38
:104080004B780B2BDDD801A252F823F0E9400690C3
:104090007B40069043400690434006904340069084
:1040A00043400690434006904340069043400690AC
:1040B00043400690D5400690CB400690D3F8C432DA
:1040C00070469B6898470020D8E790F89C32032BF5
:1040D000D3D0B6E790F89C32032BB2D101220DF178
:1040E000050100F0A5FDC8E790F89C32032BA8D18C
:1040F00002220DF1060100F09BFDBEE7402A314689
:1041000086F800E228BF402286F8012200F0A8FDD0
:10411000B3E700BF38B5044600258121F4F73CFD24
:10412000012120462587F4F737FD82212046A4F897
:104130007851F4F731FDD4F8D432E56404EB83030D
:10414000D3F8C0228AB1D3F8C4325B689847D4F858
:10415000D432B03354F8230006F0EEF9D4F8D43258
:10416000B03344F82350C4F8BC52002038BD00BF1F
:10417000F8B5044601214FF4077006F0B9F9D4F8F8
:10418000D4320546B03344F82300002850D0237CB5
:10419000C4F8BC02B3B34023022281212046F4F7C5
:1041A000EDFC01214023022220462187F4F7E6FCA2
:1041B0000127102208238221A4F84E202046032242
:1041C000A4F87871F4F7DAFCD4F8D4320026A4F815
:1041D0004C7004EB8303C5F80462D3F8C4321B6847
:1041E0009847D5F80422C5F81462C5F81862FAB1E8
:1041F000237CBBB94FF4007339462046F4F71CFD0D
:104200000020F8BD4FF40073022281212046F4F70C
:10421000B5FC01214FF40073022220462187F4F7F8
:10422000ADFCC5E7402339462046F4F705FDE7E736
:104230000220F8BD034639B1D0F8D422002003EBA8
:104240008203C3F8C412704703207047D0F8D432F9
:10425000B03350F823302BB10020C3F80812C3F854
:104260001022704703207047D0F8D432B03350F892
:1042700023301BB10020C3F804127047032070479D
:10428000D0F8D432B03350F8232092B110B5D2F820
:1042900014420CB1012010BD01238121C2F8143257
:1042A000D2F81032D2F80822C362F4F7B9FC2046E3
:1042B00010BD0320704700BFD0F8D422B03250F8B0
:1042C00022208AB1D2F8042208B5037C2BB1402306
:1042D0000121F4F7B1FC002008BD4FF40073012167
:1042E000F4F7AAFC002008BD0320704708B588B188
:1042F0000023C0F8B832C0F8C432C0F8D03209B1D7
:10430000C0F8B4120123027080F89C32BDE8084066
:10431000F4F7C0BB054806F0E7FE054806F0E4FEEA
:104320000A2006F0F3FE032008BD00BFECDE069075
:10433000F4DE069010B5002382B0ADF8063089B1E6
:10434000CB6A0446C0F8B81223B10DF106009847B5
:10435000C4F8D002D4F8D83200200133C4F8D832DF
:1043600002B010BD054806F0BFFE054806F0BCFED1
:104370000A2006F0CBFE0320F2E700BFECDE069039
:104380000CDF0690F4F7EEBBD0F8B8320BB11B6827
:1043900018471846704700BF08B5D0F8B8325B68B8
:1043A0009847002818BF032008BD00BF38B500F2A9
:1043B000AA250446284600F0FBFBB4F8B03294F876
:1043C000AA120122C4F8983201F01F03C4F8942203
:1043D00093420ED0022B06D08BB929462046BDE869
:1043E000384000F04FB929462046BDE8384000F07B
:1043F00031BB29462046BDE8384000F0EBBA2046E4
:1044000001F08001BDE83840F4F7D2BB70B5044636
:1044100031B90B46D0F89412032910D0002070BD9A
:1044200090F89C32032BF9D1D0F8B8329B69002B5D
:10443000F4D00022BDE87040C0F8D4221847D0E97B
:104440005715A94208D890F89C22032A0FD020467D
:1044500000F01EFC002070BD4B1B11462A469D42F9
:10446000C0F85C3128BF1A4600F008FCD6E7D0F847
:10447000B8221269002AEAD0C0F8D4329047E6E7A1
:1044800070B5044659B9D0F89432022B16D094F87E
:10449000A03213B1002384F8A032002070BD90F840
:1044A0009C32032BF9D1D0F8B8325B69002BF4D0E1
:1044B0000022BDE87040C0F8D4221847D0E9073682
:1044C0000D46B34210D81CD094F89C32032B2BD04D
:1044D00080212046F4F76CFB204600F0E5FB94F8C1
:1044E000A032002BD9D0D5E79B1B1146C3611A46D9
:1044F00000F0ACFB2B462A4629462046F4F79CFBED
:10450000C5E782699342DFD8D0F898329A42DBD26D
:104510000A4600F09BFB2B462A4629462046C4F853
:104520009852F4F789FBB2E7D4F8B832DB68002B75
:10453000CED000222046C4F8D4229847C8E700BF56
:10454000F8B500210122D0F8B832044680F89C2248
:104550004160C0F89412C0F8A41280F8A0121BB1F8
:104560005B680BB19847B0B90027002240250126AF
:10457000402311462046F4F701FB2B460022802100
:104580002046C4F86051A4F86461F4F7F7FA38469D
:10459000A6842562F8BD0327E7E700BF0346002095
:1045A0001974704790F89C220346042A04D090F8AE
:1045B0009C22D2B280F89D220422002083F89C2203
:1045C000704700BF90F89C32042B04D190F89D32C4
:1045D000DBB280F89C320020704700BF90F89C222C
:1045E000032A01D00020704708B5D0F8B83213B1C3
:1045F000DB6903B19847002008BD00BFD0F8D42282
:10460000AE3250F8222062B108B590F89C32032BEC
:1046100001D0002008BD136A002BFAD09847002073
:1046200008BD0320704700BFD0F8D422AE3250F846
:10463000222062B108B590F89C32032B01D00020F3
:1046400008BD536A002BFAD09847002008BD03200C
:10465000704700BF002070470121D0F8B82280F8D1
:104660009C1242B15268017908B5904708B9002000
:1046700008BD032008BD0020704700BF0020704720
:104680000020704770B50B7882B00D46044603F0E9
:104690006003202B28D0402B26D05BB18021204600
:1046A000F4F786FA00212046F4F782FA002528461E
:1046B00002B070BD4B78092BF0D801A252F823F05C
:1046C00039470690614706909D4606907F470690C1
:1046D0009D46069097470690D94706909D460690BE
:1046E0000D48069001470690D4F8D432294620465A
:1046F000AE3354F823309B6802B0BDE870401847D1
:104700008978B34D0129297000F2488190F89C32D4
:10471000022BDEB200F02881032E00F005818021FB
:10472000F4F746FA00212046F4F742FA29782046A9
:10473000FFF732FE0325BAE790F89C32013B022BCB
:10474000ACD8CA88022AA9D1D0F8A4320146002BDD
:104750000CBF0123032341F80C3F00F069FAA5E7E1
:1047600090F89C32013B022B98D84B88012B9DD1AD
:1047700000232046C4F8A43200F08AFA96E74B885A
:10478000012BF6D0022B89D18B881B0A80F8A0322E
:1047900000F07EFA8AE78B88002B7FF47FAFCB880E
:1047A000002B7FF47BAF4B887F2B3FF677AF90F8E1
:1047B0009C22032A3FF472AFDDB2294680F89E5254
:1047C000F4F722FA204600F063FA002D00F0FC8096
:1047D000022384F89C3269E74A880021130AADF865
:1047E0000610013B062B3FF659AF01A151F823F00B
:1047F000A148069087480690B14806909D460690CD
:104800009D4606907148069035480690CA88012A50
:104810007FF444AF90F89C32022BD9B200F2B780FB
:1048200000293FF43BAF0146002341F8083F00F068
:10483000FFF93BE7037C002B7FF430AFD0F8B832B0
:104840000DF106001B6B984707234370EB88002B84
:1048500066D0BDF80620002A3FF420AF9A420146F8
:10486000204628BF1A46ADF8062000F0E1F91DE702
:10487000037C002B7FF412AFD0F8B8320DF10600A4
:104880005B6B9847E2E7027CD0F8B832002A40F030
:104890008D809B6A0DF10600984702234370D5E78F
:1048A000D0F8B4320DF10601007C1B689847CDE7C3
:1048B000D2B2052A3FF6F2AEDFE802F026201A1443
:1048C0000E03D0F8B4329B69002B3FF4E7AE0DF134
:1048D0000601207C9847B9E7D0F8B4325B69002B19
:1048E000F5D1DBE6D0F8B4321B69002BEFD1D5E669
:1048F000D0F8B432DB68002BE9D1CFE6D0F8B4327F
:104900009B68002BE3D1C9E6D0F8B4325B68002B7A
:10491000DDD1C3E60223416080F89C32FFF73CFD05
:10492000204600F0B5F9C1E60029F3D0416801291D
:10493000F6D0C9B2FFF730FD297820466160FFF755
:1049400023FD05460028EBD080212046F4F730F9FE
:1049500000212046F4F72CF921792046FFF71CFDB1
:10496000022384F89C32A2E60029D9D001214160BB
:10497000FFF70AFD054600B380212046F4F718F939
:1049800000212046F4F714F984F89C628FE603298D
:104990007FF484AE011D00F04BF987E68021F4F727
:1049A00007F900212046F4F703F9C3E6DB6A0DF1AD
:1049B000060098470223437048E7204600F068F954
:1049C000032384F89C3271E6012384F89C326DE65F
:1049D000905A002438B50B780D4604465A060DD57A
:1049E00003F06002402A09D08021F4F7E1F80021A9
:1049F0002046F4F7DDF80025284638BD94F89C32AF
:104A0000013B022B02D82979012908D980212046AF
:104A1000F4F7CEF800212046F4F7CAF8EBE7204679
:104A2000FFF72CFE90B9D4F8B8329B6873B12946D1
:104A3000C4F8D40220469847EB880546002BDBD10A
:104A40000028D9D1204600F023F9D5E703252846D0
:104A500038BD00BF30B50C468A8883B00546237840
:104A6000D1B203F06003202B48D0402B46D053B185
:104A700080212846F4F79CF800212846F4F798F89E
:104A8000002003B030BD6378012B26D0032B47D024
:104A9000002BEDD190F89C32022BD8B25BD00328CA
:104AA000E6D101F00F03120603EB830305EB83034A
:104AB00062D4B3F86431002BDAD001EB81040B46E9
:104AC00005EB840404F5AA74002B61D1022221466F
:104AD0002846236000F0ACF8D2E790F89C32022B15
:104AE000DAB22FD0032AC3D16388002BC8D14B067A
:104AF00055D12846019100F0CBF801992846FFF7DF
:104B0000BFFD0028BCD1D5F8B832C5F8D4029B68E7
:104B1000002BB5D02146284603B0BDE830401847E9
:104B200090F89C32022BDAB20CD0032AA0D1638811
:104B300023B9480602D0E388002B35D0284600F080
:104B4000A7F89DE74A0693D0F4F732F8802128466B
:104B5000F4F72EF894E748068AD111064FF00003C7
:104B60004FF0020228464CBF05F1140105F5AA7169
:104B70000B6000F05DF883E79B8C002B3FF478AF6F
:104B800001F07F035C1C04EB840405EB84049BE7C9
:104B90002846F4F725F8031E18BF012396E7019174
:104BA000F4F712F80199A4E72846F4F701F8C5E7ED
:104BB0000B7803704B7843704B8843808B888380DD
:104BC000CB88C380704700BF10B504468021F3F73F
:104BD000EFFF00212046BDE81040F3F7E9BF00BF1A
:104BE00008B370B503780E4605461446E3B10130AC
:104BF000DBF7A6FB431CDBB201335B00DAB2238098
:104C00000323327073702C7864B12846022300218C
:104C10005A1CF4540233D2B2DBB2B15410F8014F33
:104C2000002CF5D170BD704702221346E7E700BFA4
:104C300010B5134602240A460021C0F89442C0E988
:104C40000633F3F7EDFF002010BD00BF8C460021B6
:104C500008B513466246F3F7E3FF002008BD00BF26
:104C600010B5134603240A460021C0F89442C0E957
:104C70005633F3F7E1FF002010BD00BF8C46002142
:104C800008B513466246F3F7D7FF002008BD00BF02
:104C9000002310B504241A461946C0F89442F3F7CD
:104CA000BFFF002010BD00BF002310B505241A4629
:104CB0001946C0F89442F3F7BFFF002010BD00BFB3
:104CC000D0F8C8230132C0F8C82302780B2A00D0DC
:104CD0007047D0F88033002BFAD09B69184700BF8B
:104CE000012380F823337047002380F82333704773
:104CF000034600220121104683F8201383F8212364
:104D000083F82223704700BF38B5012300250446ED
:104D100080F8213380F8235380F82053F4F77EF98C
:104D20002179204600F006F86179204600F002F86B
:104D3000284638BD0A2907D800EB8101D1F888330D
:104D4000C3F30E03C1F88833002070470C4A82B0C9
:104D50000C4BD2F8DC1041F04001C2F8DC10D2F864
:104D6000DC2002F040020192019A1A6822F020022F
:104D70001A601A6842F004021A6002B0704700BF5D
:104D800000440258001802481F4B02682DE9F04108
:104D9000D3F88C50C368ADB206695D1BAAB1AE42B0
:104DA00013D08768044607EB060810D2AE1B4046B6
:104DB000314601F0DDF8002327683146404662683D
:104DC000B847E3682561AB421AD0BDE8F0819E1B6D
:104DD0004046314601F0CCF8314600236268404637
:104DE0002668B0472946384601F0C2F800232668F5
:104DF000384662682946B047E3682561AB42E4D192
:104E000000232361BDE8F081000002402DE9F84F46
:104E10000446884691461E4600F13405284601F0B6
:104E2000F5FB2028FAD10023C4E93433C4E9373331
:104E3000C4F8E430C4F8EC30C4F84C31C4F85C3148
:104E4000C4F86431C4E955334FF48063C4F8D830F2
:104E5000C4F850314FF44033C4F8E830C4F860313E
:104E6000424BC4F8C83003F57A73C4F8403140238C
:104E7000C4F84831E369072B0BD8DFE803F004617D
:104E8000454C535A686F2923C4F8CC302A23C4F800
:104E9000443104F5A0773846F5F7D8F808B1FFBEDD
:104EA000FEE7C4F8B070C4F87851EFF3108A72B618
:104EB000DFF8C4B094F91C302D4F8BF800300A9BFA
:104EC0002C4C3B600B9B23600EB11846B0471FFA79
:104ED00089F24146284601F075F828B9BAF1000F69
:104EE00000D162B6BDE8F88FFF238BF800300023B5
:104EF0003B6023600A9B13B101210B989847012066
:104F0000BAF1000FEED1ECE72D23C4F8CC302E23FC
:104F1000C4F84431BDE73F23C4F8CC304023C4F883
:104F20004431B6E74123C4F8CC304223C4F84431BD
:104F3000AFE74723C4F8CC304823C4F84431A8E78E
:104F40002B23C4F8CC302C23C4F84431A1E74F23E1
:104F5000C4F8CC305023C4F844319AE75123C4F844
:104F6000CC305223C4F8443193E700BF880002409C
:104F7000985A0024945A00249C5A00242DE9F84F92
:104F80000446884691461E4600F13405284601F045
:104F90003DFB2028FAD10023C4E93433C4E9373378
:104FA000C4F8E430C4F8EC30C4F84C31C4F85C31D7
:104FB000C4F86431C4E955334FF48063C4F8D83081
:104FC000C4F850314FF44033C4F8E830C4F86031CD
:104FD000424BC4F8C83003F57A73C4F8403140231B
:104FE000C4F84831E369072B0BD8DFE803F004610C
:104FF000454C535A686F2923C4F8CC302A23C4F88F
:10500000443104F1C8073846F5F720F808B1FFBE6F
:10501000FEE7C4F8B470C4F80051EFF3108A72B61A
:10502000DFF8C4B094F91C302D4F8BF800300A9B88
:105030002C4C3B600B9B23600EB11846B0471FFA07
:1050400089F24146284601F0A9FE28B9BAF1000FBD
:1050500000D162B6BDE8F88FFF238BF80030002343
:105060003B6023600A9B13B101210B9898470120F4
:10507000BAF1000FEED1ECE72D23C4F8CC302E238B
:10508000C4F84431BDE73F23C4F8CC304023C4F812
:105090004431B6E74123C4F8CC304223C4F844314C
:1050A000AFE74723C4F8CC304823C4F84431A8E71D
:1050B0002B23C4F8CC302C23C4F84431A1E74F2370
:1050C000C4F8CC305023C4F844319AE75123C4F8D3
:1050D000CC305223C4F8443193E700BF880002402B
:1050E000985A0024945A00249C5A00242DE9F04137
:1050F0000C4682B0EFF3108772B6002948D1FF2327
:10510000254A264D2B7013682BB1002021461060D4
:10511000234A106898472B781B0625D5DFF888802E
:105120000025204C05E001351C3408F5DC78092DFC
:105130001AD0A369012B1CD0002BF4D12168404662
:105140000029F0D06669D4E90332CDE9002622892E
:10515000FFF714FF0028E6D1C5EBC505114A02EBA5
:10516000850342F82500586007B962B602B0BDE871
:10517000F08161680029D6D06369404601932369B4
:105180000093E3682289FFF741FE0028CBD1E3E7D3
:1051900001F080FDB3E700BF985A00249C5A002418
:1051A000945A0024C4040024D05A0024F0B50023EB
:1051B00087B0022204460393CDE90123037EC2692E
:1051C0000B2B4FEA42051ED1A37E0B2B02D10020F0
:1051D00007B0F0BD45486A1C454950F82220E57EDD
:1051E00008781478A04249D0A3425BD0D478A0427A
:1051F0004ED0A3426CD09479A04264D0A3426ED02A
:10520000012007B0F0BD394A394952F8252090F8FD
:1052100019E092F800C00878844520D0634524D076
:1052200092F803C0604524D0634536D092F806C09A
:10523000604528D06345E3D1D1797145E0D106328C
:1052400092780A2B049248D82A4800EB8320012345
:10525000694603FA0EF30093F6F734F9B4E757788A
:105260004E78B742DCD06345DAD156787645D7D14F
:10527000E6E74F781679B742D6D1D7E757784E7818
:10528000B742B1D1B2E74878D1798842D2D1B7E7F5
:1052900017794E78B742ACD1ADE716797645C5D1CE
:1052A0000332CDE75478AC42A0D192780A2B049215
:1052B0001AD8104800EB832001236946AB400093C5
:1052C000F6F700F983E74878D179884296D197E7D5
:1052D0001479AC428FD10332E7E70020B7E7D179E8
:1052E000A9428DD10632E0E70020E5E7C0050024A1
:1052F000B006002400000258B34A0368934230B558
:10530000A5B000F03D82A2F54C42934200F03A82F3
:1053100002F58062934200F0378202F58062934288
:1053200000F0348202F58062934200F0338202F58D
:105330004442934200F02C82A2F51C42934200F0BA
:105340002B8202F58062934200F028829F4A9342AA
:1053500040F0268208254FF4DC709D4C00FB054090
:10536000837E0A2B19D8DFE813F0B701C501D301FA
:10537000E101EF01FD018D019B01A9010B007F01FE
:10538000944BD3F8E02042F40072C3F8E020D3F845
:10539000E03003F400731D931D9B037E0A2B19D884
:1053A000DFE813F0380146015401CC00DA00E800D0
:1053B000F60004011C010B002A01864BD3F8E02003
:1053C00042F40072C3F8E020D3F8E03003F4007335
:1053D0001293129B4FF4DC7303FB0543DB69082B2C
:1053E00013D8DFE803F049576573818F9D053B00B3
:1053F000784BD3F8E82042F00042C3F8E820D3F815
:10540000E83003F000430793079BFFF7CFFE012826
:1054100001D1FFBEFEE74FF4DC73DFF8BCE10DF114
:105420007C0C03FB0544E3690DEB4305BEE80F006C
:10543000ACE80F00DEF800300022ACF80030114676
:10544000B5F97C00F4F750FCE3690DEB4303B3F9C5
:105450007C0025B0BDE83040F4F782BC5D4BD3F84A
:10546000F42042F00802C3F8F420D3F8F43003F03B
:1054700008030893089BC8E7564BD3F8F02042F086
:105480001002C3F8F020D3F8F03003F010030093BB
:10549000009BBAE74F4BD3F8E82042F40032C3F840
:1054A000E820D3F8E83003F400330193019BACE724
:1054B000484BD3F8E82042F48022C3F8E820D3F820
:1054C000E83003F480230293029B9EE7414BD3F81C
:1054D000E82042F40022C3F8E820D3F8E83003F4CF
:1054E00000230393039B90E73A4BD3F8E82042F460
:1054F0008012C3F8E820D3F8E83003F48013049353
:10550000049B82E7334BD3F8F02042F02002C3F82B
:10551000F020D3F8F03003F020030593059B74E7E7
:105520002C4BD3F8E82042F08042C3F8E820D3F8AF
:10553000E83003F080430693069B66E7254BD3F8DB
:10554000E02042F00802C3F8E020D3F8E03003F096
:1055500008030C930C9B3DE71E4BD3F8E02042F070
:105560001002C3F8E020D3F8E03003F010030D93ED
:105570000D9B2FE7174BD3F8E02042F02002C3F831
:10558000E020D3F8E03003F020030E930E9B21E7D8
:10559000104BD3F8E02042F04002C3F8E020D3F8EB
:1055A000E03003F040030F930F9B13E7094BD3F850
:1055B000E02042F08002C3F8E020D3F8E03003F0AE
:1055C00080031093109B05E700100140000C005869
:1055D000D05A002400440258CCD50690724BD3F820
:1055E000E02042F48072C3F8E020D3F8E03003F406
:1055F00080731193119BEDE66B4BD3F8E02042F4DE
:105600008062C3F8E020D3F8E03003F480631393A2
:10561000139BDFE6644BD3F8E02042F00102C3F8AD
:10562000E020D3F8E03003F001030993099BD1E6B1
:105630005D4BD3F8E02042F00202C3F8E020D3F83B
:10564000E03003F002030A930A9BC3E6564BD3F8FB
:10565000E02042F00402C3F8E020D3F8E03003F089
:1056600004030B930B9BB5E64F4BD3F8E02042F4B9
:105670008062C3F8E020D3F8E03003F480631E9327
:105680001E9B8AE6484BD3F8E02042F04002C3F864
:10569000E020D3F8E03003F040031A931A9B7CE635
:1056A000414BD3F8E02042F08002C3F8E020D3F869
:1056B000E03003F080031B931B9B6EE63A4BD3F85C
:1056C000E02042F48072C3F8E020D3F8E03003F425
:1056D00080731C931C9B60E6334BD3F8E02042F0B0
:1056E0000102C3F8E020D3F8E03003F00103149383
:1056F000149B52E62C4BD3F8E02042F00202C3F890
:10570000E020D3F8E03003F002031593159B44E644
:10571000254BD3F8E02042F00402C3F8E020D3F890
:10572000E03003F004031693169B36E61E4BD3F8C5
:10573000E02042F00802C3F8E020D3F8E03003F0A4
:1057400008031793179B28E6174BD3F8E02042F085
:105750001002C3F8E020D3F8E03003F010031893F0
:10576000189B1AE6104BD3F8E02042F02002C3F851
:10577000E020D3F8E03003F020031993199B0CE6E6
:105780000025E8E50125E6E50225E4E50325E2E557
:105790000525E0E50425DEE50625DCE50725DAE557
:1057A00000239B7EFFDE00BF004402582DE9F04F2E
:1057B00091B0002301223A490DF1240A09938B4646
:1057C00001F11C09CAF814305446CDF800A001F1CB
:1057D0003808CDF804A001F15407CDF808A001F174
:1057E0007006CDF80CA001F18C05CDF814A001F1E4
:1057F000C40E01F1E00CCAE90133CAE903330F9288
:10580000FF22284B1A7001F1A803CDE906AA0493E0
:10581000BAE80F00ABE80F009AE807008BE8070032
:105820000FCC009CA9E80F009AE8070089E8070060
:105830000FCC019CA8E80F009AE8070088E8070051
:105840000FCC029C0FC79AE8070087E807000FCC2F
:10585000039C0FC69AE8070086E807000FCC0FC527
:105860009AE80700059C85E807000FCC049C0FC44C
:105870009AE8070084E80700069C0FCCAEE80F000A
:105880009AE80700079C8EE807000FCCACE80F00F1
:105890009AE807008CE8070011B0BDE8F08F00BF60
:1058A000C40400249C5A002410B5094C094800F097
:1058B0006FFC237D1BB1636BDB69DB0600D410BD7D
:1058C0002046FFF761FA1022636B1A6210BD00BF19
:1058D000D05A0024045B002410B50B4C0B4800F098
:1058E00057FC94F8CC3123B1D4F8EC31DB69DB06FA
:1058F00000D410BD04F5DC70FFF746FA1022D4F88E
:10590000EC311A6210BD00BFD05A0024BC5C0024E8
:1059100010B50B4C0B4800F03BFC94F8843323B1DA
:10592000D4F8A433DB69DB0600D410BD04F55C7049
:10593000FFF72AFA1022D4F8A4331A6210BD00BF70
:10594000D05A0024745E002410B50B4C0B4800F0B4
:105950001FFC94F83C3523B1D4F85C35DB69DB06D9
:1059600000D410BD04F5A560FFF70EFA1022D4F89C
:105970005C351A6210BD00BFD05A00242C60002490
:1059800010B50B4C0B4800F003FC94F8F43623B12F
:10599000D4F81437DB69DB0600D410BD04F5DC60F5
:1059A000FFF7F2F91022D4F814371A6210BD00BFC5
:1059B000D05A0024E461002410B50B4C0B4800F0D1
:1059C000E7FB94F8AC3823B1D4F8CC38DB69DB06BC
:1059D00000D410BD04F69800FFF7D6F91022D4F8D1
:1059E000CC381A6210BD00BFD05A00249C6300243A
:1059F00010B50B4C0B4800F0CBFB94F8643A23B184
:105A0000D4F8843ADB69DB0600D410BD04F52560C8
:105A1000FFF7BAF91022D4F8843A1A6210BD00BF19
:105A2000D05A00245465002410B50B4C0B4800F0EC
:105A3000AFFB94F81C3C23B1D4F83C3CDB69DB069B
:105A400000D410BD04F60840FFF79EF91022D4F8E8
:105A50003C3C1A6210BD00BFD05A00240C670024E1
:105A600010B50B4C0B4800F093FB94F8D43D23B1D8
:105A7000D4F8F43DDB69DB0600D410BD04F55C60AE
:105A8000FFF782F91022D4F8F43D1A6210BD00BF6E
:105A9000D05A0024C468002410B5EFF3108472B605
:105AA000084B1A78120602D504B962B610BD1B78ED
:105AB0004FF4DC70044A5BB200FB0320F5F7EEFA0A
:105AC000F2E700BF9C5A0024985B002410B5EFF366
:105AD000108472B6084B1A78120602D504B962B661
:105AE00010BD1B784FF4DC70044A5BB200FB03204E
:105AF000F5F7D4FAF2E700BF9C5A0024105C0024AA
:105B00000021FFF7F3BA00BF214A036893422BD06C
:105B1000A2F54C42934229D002F58062934227D0ED
:105B200002F58062934225D002F58062934223D031
:105B300002F54442934221D0A2F51C4293421FD069
:105B400002F5806293421DD0124A93421CD1082272
:105B50004FF4DC71104B01FB0233197D11B1184673
:105B6000FFF712B9FFF7C2BA0022F1E70122EFE70F
:105B70000222EDE70322EBE70422E9E70522E7E74B
:105B80000622E5E70722E3E700231B7DFFDE00BFD7
:105B900000100140000C0058D05A0024204A03682D
:105BA000934229D0A2F54C42934227D002F580625D
:105BB000934225D002F58062934223D002F58062A1
:105BC000934221D002F5444293421FD0A2F51C42D9
:105BD00093421DD002F5806293421BD0114A93423A
:105BE0001AD108234FF4DC720F4802FB0300037D37
:105BF00003B97047FFF7C8B80023F3E70123F1E7C3
:105C00000223EFE70323EDE70423EBE70523E9E7AE
:105C10000623E7E70723E5E700231B7DFFDE00BF40
:105C200000100140000C0058D05A0024214A03689B
:105C300093422BD0A2F54C42934229D002F58062C8
:105C4000934227D002F58062934225D002F580620C
:105C5000934223D002F54442934221D0A2F51C4244
:105C600093421FD002F5806293421DD0124A9342A4
:105C70001CD108224FF4DC71104B4FF0000C01FBDB
:105C80000233012183F814C0FFF730BA0022F1E794
:105C90000122EFE70222EDE70322EBE70422E9E726
:105CA0000522E7E70622E5E70722E3E700231B7565
:105CB000FFDE00BF00100140000C0058D05A002445
:105CC0005A4B0122002147F6122030B46FF0F41431
:105CD0001A6259629C61C3F8D041C3F88843C3F883
:105CE0004045C3F84825C3F84C15C3F85425C3F8FC
:105CF0005805C3F8F846C3F80027C3F80417C3F8DB
:105D00000C27C3F81007C3F8B048C3F8B828C3F885
:105D1000BC18C3F8C428C3F8C808454DC3E90B2014
:105D2000C3E97621C3E97920C3E9E421C3E9E72087
:105D3000C3F8684AC3F8204CC3F8D84D3D4CC3F8AB
:105D4000702AC3F8741AC3F87C2AC3F8800AC3F80F
:105D5000282CC3F82C1CC3F8342CC3F8380CC3F817
:105D6000E02DC3F8E41DC3F8EC2D2188A278C3F818
:105D7000F00D314B3148A3F803105A71D9801A72D3
:105D80002F4B2A72E980A3F803102E4D5A71D98047
:105D90001A722D4BE9802A72A0F803104271C1805B
:105DA0000272A3F803105A71D98020681A72040C89
:105DB000264B274DA3F803105A71D9801A72188008
:105DC0009C70244BE980A3F803105A71D9801A7291
:105DD000214B2A72A3F803105A71D9801A721F4BF3
:105DE00018809C70A3F803105A71D9801A721C4B4A
:105DF00018809C70A3F803105A71D9801A72194B3D
:105E0000188019489C70A3F803105A71D9801A722F
:105E1000164BA0F803104271C1800272A3F8031060
:105E20005A71D9801A7230BC704700BFD05A002412
:105E3000A4060024B00600248C060024800600245A
:105E4000740600249806002468060024C45A00241E
:105E5000440600242C06002420060024B85A0024FE
:105E6000AC5A0024A05A002414060024080600247A
:105E70003E4B00220B20114610B5D3F8D84082B01B
:105E800044F00104C3F8D840D3F8D84004F001042A
:105E90000094009CD3F8D84044F00204C3F8D840E2
:105EA000D3F8D83003F002030193019BF3F71CFFF2
:105EB0000B20F3F755FF00220C201146F3F714FFD7
:105EC0000C20F3F74DFF00220D201146F3F70CFFD5
:105ED0000D20F3F745FF00220E201146F3F704FFD3
:105EE0000E20F3F73DFF00220F201146F3F7FCFED2
:105EF0000F20F3F735FF002210201146F3F7F4FED0
:105F00001020F3F72DFF00223C201146F3F7ECFEA2
:105F10003C20F3F725FF002211201146F3F7E4FEA1
:105F20001120F3F71DFF002238201146F3F7DCFEA5
:105F30003820F3F715FF002239201146F3F7D4FE7D
:105F40003920F3F70DFF00223A201146F3F7CCFE7B
:105F50003A20F3F705FF00223B201146F3F7C4FE79
:105F60003B2002B0BDE81040F3F7FABE00440258EF
:105F7000203100290FDD20F01F00BFF34F8F064AAC
:105F80000144C2F85C0220300B1A002BF9DCBFF38D
:105F90004F8FBFF36F8F704700ED00E0034628B1CD
:105FA00090F83D20022A03D08022826601207047AB
:105FB00002680421002083F83D10D36823F0010318
:105FC000D360704770B5D0F888600446202E36D173
:105FD000002932D0B2FA82F513466D096AB3A0F8EF
:105FE0005620A0F854202122C0F890500165C0F836
:105FF0008820C06F58B122680565124D2832C563EC
:10600000114D0564114DC564F4F7B0FA80B92268EA
:106010004023136202F1080353E8003F43F080037A
:1060200002F1080040E800310029F3D1002070BDE2
:106030001023C4F89030C4F88860012070BD02209D
:1060400070BD00BF5160069099600690A5600690F3
:1060500008B5C369806BB3F5807F18D00023026850
:10606000A0F8563002F1080353E8003F23F0800304
:1060700002F1080040E800310029F3D152E8003F66
:1060800043F0400342E800310029F7D108BDFFF793
:1060900037FD08BD704700BF806B08B5FFF7FAFFFA
:1060A00008BD00BF806B0368D0F8881010B5D0F829
:1060B0008C409A68120601D521290DD09A685206A3
:1060C00001D5222C23D0D0F8903043F01003C0F833
:1060D0009030FFF7ABFD10BD0022A0F8562053E82A
:1060E000002F22F0C00243E800210029F7D103F17C
:1060F000080252E8002F22F4000203F1080C4CE8D9
:1061000000210029F3D12022C0F88820D6E7002200
:10611000A0F85E2053E8002F22F4907243E800219B
:106120000029F7D1134C03F1080252E8002F224056
:1061300003F1080C4CE800210029F4D1C26E012AB9
:1061400006D0002320224367C0F88C20C366BAE73C
:1061500053E8002F22F0100243E800210029F0D07C
:1061600053E8002F22F0100243E800210029EFD16C
:10617000E7E700BFFEFFFFEF08B5806B0023A0F844
:106180005E30A0F85630FFF751FD08BD704700BFE4
:10619000036840F60F0CDA6912EA0C0F70B51D683F
:1061A0000446996830D1960607D505F0200C01F019
:1061B00080565CEA060C40F03881E06E012800F061
:1061C000D480D00200F1B680100606D501F400019B
:1061D00005F08000084340F02F81510640F1B58062
:1061E0006E0640F1B28053E8002F22F0400243E8EF
:1061F00000210029F7D1202200232046C4F888205E
:10620000A367FFF77DFC70BDB148084040F00681F0
:10621000B04E3542D1D0D60740F12F81EE0540F186
:10622000258101261E62D4F8906046F00106C4F86C
:106230009060960740F11C81CE0740F11E8102203C
:1062400056071862D4F8900040F00400C4F890009B
:1062500040F1308104201862D4F8900040F0020030
:10626000C4F89000100700F1108116050AD56801E6
:1062700008D54FF400601862D4F8900040F0200078
:10628000C4F89000D4F890000028BCD0960606D53B
:1062900005F0200501F080510D4340F0FF80D4F857
:1062A00090109A6801F0280102F0400252EA0105BC
:1062B00000F00881194651E8002F22F4907241E85D
:1062C000002019460028F6D1834803F1080252E85D
:1062D000002F024003F1080545E800210029F4D110
:1062E000E26E012A00F0B08000222021C4F88C1058
:1062F000E266996862674D0640F1D88003F10802B2
:1063000052E8002F22F0400203F1080040E800218B
:106310000029F3D1D4F88000002800F0C7806F4B2B
:106320000365F4F7EFFD00283FF46DAFD4F880006B
:10633000036D7EE04E027FF547AF4FF4801220469A
:106340001A62BDE8704000F04DBD100202D5690030
:1063500000F1B380D3017FF556AF002DBFF653AFE8
:106360002046BDE8704000F03FBDD0067FF529AF64
:10637000EE067FF526AF10221A629A68550640F1A4
:10638000AF80D4F8800001684A6892B2002A3FF4D6
:106390003AAFB4F85C1091427FF635AFA4F85E20B6
:1063A000C269B2F5807F2FD053E8002F22F48072AB
:1063B00043E800210029F7D103F1080252E8002F39
:1063C00022F0010203F1080545E800210029F3D17C
:1063D00003F1080252E8002F22F0400203F1080501
:1063E00045E800210029F3D12022C4F88C20E16681
:1063F00053E8002F22F0100243E800210029F7D1D2
:10640000F4F7CAFBB4F85C10022320462367B4F803
:106410005E30C91A89B2FFF7B9FE70BDD6077FF5A5
:1064200008AFEE057FF505AFFBE6436F002B3FF4A9
:10643000EAAEBDE870401847A36F002B3FF4E3AE0F
:106440002046BDE87040184753E8002F22F01002A4
:1064500043E8002100293FF447AF53E8002F22F022
:10646000100243E800210029EED13DE7960704D44D
:10647000560702D5CE073FF5EDAE16077FF5F5AE10
:1064800005F0200606433FF4F0AE08201862D4F869
:10649000900040F00800C4F89000E6E6626F002A21
:1064A0003FF4FDAE204690472368F8E62046FFF70C
:1064B000BDFB70BD1007E8D4D7E62046BDE87040AC
:1064C00000F094BC2046FFF7B1FBC4F8905070BDBB
:1064D0000100001020010004FEFFFFEF796106902B
:1064E000B4F85E00B4F85C10B4F85E20091A92B2F9
:1064F00089B200293FF487AE002A3FF484AE53E806
:10650000002F22F4907243E800200028F7D10F4DAD
:1065100003F1080252E8002F2A4003F1080646E87A
:1065200000200028F4D120226067C4F88C20E066A7
:1065300053E8002F22F0100243E800200028F7D192
:10654000022320462367FFF721FE70BDFEFFFFEF09
:10655000806B08B501230367C36E012B02D0FFF7E0
:106560001DFB08BDB0F85C104908FFF70FFE08BD21
:1065700008B5C369806BB3F5807F29D0002203681A
:10658000A0F85E2053E8002F22F4807243E8002137
:106590000029F7D103F1080252E8002F22F001028E
:1065A00003F1080C4CE800210029F3D103F10802A3
:1065B00052E8002F22F0400203F1080C4CE80021C1
:1065C0000029F3D12022C0F88C20C26E012A07D006
:1065D00000230367C36E012B13D0FFF795FA08BDA4
:1065E00053E8002F22F0100243E800210029EFD0E9
:1065F00053E8002F22F0100243E800210029EFD1D8
:10660000E6E7B0F85C10FFF7C1FD08BDD0F88820C0
:10661000D0F88C00104370470169826803680A4310
:1066200070B504461D68C06986B061690A439F4918
:1066300002432940656A0A43E1681A605A6822F4F5
:1066400040520A43A1695A60994A934200F0188166
:10665000226A9E681143974A324011439960DA6A70
:1066600022F00F022A43DA62934A934228D0934AD7
:1066700093421AD0924A934217D0924A934214D02E
:10668000914A934211D0914A934219D0904A934231
:106690000BD0904A934208D0012000234FF0011202
:1066A0006367A266A36706B070BD8B4B5B6D03F09A
:1066B0000703052BF0D8DFE803F09D5F6990718A2E
:1066C000854B5B6D03F03803282BE5D801A252F807
:1066D00023F000BF4F680690996606909966069071
:1066E0009966069099660690996606909966069056
:1066F0009966069079670690996606909966069065
:106700009966069099660690996606909966069035
:10671000996606908D670690996606909966069030
:106720009966069099660690996606909966069015
:1067300099660690DB6706909966069099660690C2
:1067400099660690996606909966069099660690F5
:10675000996606909D6706909966069099660690E0
:1067600099660690996606909966069099660690D5
:1067700099660690CF670690B0F5004F40D0684606
:10678000F9F758FF019800B3656A0BE0B0F5004FC8
:106790006ED003A8F9F7E8FF0498F4E7B0F5004FCE
:1067A0004E4834D04E4A636832F815104FF6EF72F7
:1067B000B0FBF1F000EB5300B0FBF3F0A0F11003DD
:1067C00093423FF669AF2368D860002065E7B0F5D3
:1067D000004F1CD04FF40040E4E7B0F5004F3CD030
:1067E0003D4B1A6891062DD51B683E48C3F3C10383
:1067F000D840D7E7B0F5004F26D0F8F763FEC2E7E0
:106800006846F9F717FF01980028DED0656A344B17
:10681000626833F815105308B0FBF1F003EB400346
:106820004FF6EF71B3FBF2F3A3F110028A423FF689
:1068300033AF23F00F02C3F34203216892B2134334
:10684000CB60C2E72748ADE7F8F73CFEDCE7B0F5E0
:10685000004F12D0F8F77EFE95E71F4B1A6890069E
:1068600040F188801B681F48C3F3C103D840CEE7BE
:1068700003A8F9F779FF0498C6E7F8F76BFEC3E7BA
:1068800098680C4A02400A4313499A60DA6A22F077
:106890000F022A43DA628B6D03F00703052B3FF6E4
:1068A000FBAEDFE803F059544B215F5CF369FFCF87
:1068B000000C0058FFF4FF1100100140004400409C
:1068C00000480040004C00400050004000140140CF
:1068D00000780040007C00400044025800093D0060
:1068E000C80207900090D003234B1A6892063BD44D
:1068F0002248234B666833F8152006EB4601B0FBAF
:10690000F2F399423FF6C8AEB3EB063F3FF6C4AE92
:1069100000234FF480751946D9F7D6FE00210346AF
:1069200070083246E3FB05010023D9F7CDFE154B75
:10693000A0F540729A423FF6AFAE44E703A8F9F7DC
:1069400013FF049800283FF440AF656AD1E768461A
:10695000F9F770FE0198F5E7F9F75AFEF2E74FF400
:106960000040C6E70848C4E71B680448C3F3C103F6
:10697000D840BEE701484AE7004402580090D003DF
:10698000C8020790FFFC0F0000093D00836A1A0748
:1069900010B406D50168846B4A6822F40042224391
:1069A0004A60DC0706D50168C46A4A6822F40032EE
:1069B00022434A60990706D50168046B4A6822F4AD
:1069C000803222434A605A0706D50168446B4A6800
:1069D00022F4802222434A60DC0606D50168C46B9B
:1069E0008A6822F4805222438A60990606D501689B
:1069F000046C8A6822F4005222438A605A060AD53F
:106A00000168446C4A68B4F5801F22F4801242EA9F
:106A100004024A600BD01B0606D50268C16C53689D
:106A200023F400230B4353605DF8044B70474A681E
:106A3000846C22F4C00222434A60ECE738B500239C
:106A40000446C0F89030F2F759FB216805460B6800
:106A50001B070FD40B685A0731D400232022184695
:106A6000C4F88820C4F88C20E3662367002384F8E8
:106A7000843038BDCB699802ECD40BE01A68520719
:106A800005D5DA6910074BD4DA69120576D4DB69CB
:106A90009802DFD4F2F732FB421B2368B2F1007F89
:106AA0001946EBD353E8002F22F0800243E800217F
:106AB0000029F7D12023C4F888300320D6E7CB691A
:106AC0005B02CAD40DE01A68500707D5DA691107CE
:106AD00000F18280DA69120500F1AC80DB695B02AB
:106AE000BBD4F2F70BFB431BB3F1007F2368EAD35F
:106AF00053E8002F22F4907243E800210029F7D1D7
:106B000003F1080252E8002F22F0010203F108000D
:106B100040E800210029F3D12023C4F88C30CCE7D1
:106B200008221A6253E8002F22F4907243E80021F1
:106B30000029F7D1564803F1080252E8002F02401D
:106B400003F1080545E800210029F4D1E26E012A8D
:106B50000BD0002220200821C4F88C006267E26676
:106B600084F88420C4F890109CE753E8002F22F0AA
:106B7000100243E800210029F7D1EAE74FF4006250
:106B80001A6253E8002F22F4907243E80021002992
:106B9000F7D13F4803F1080252E8002F024003F109
:106BA000080545E800210029F4D1E26E012A0AD047
:106BB000002220216267C4F88C1084F88420E266E9
:106BC000C4F890106EE753E8002F22F0100243E85B
:106BD00000210029F7D1EBE708221A6253E8002FC1
:106BE00022F4907243E800210029F7D1284803F1EC
:106BF000080252E8002F024003F1080545E8002191
:106C00000029F4D1E26E012A0BD0002220200821B5
:106C1000C4F88C006267E26684F88420C4F890109F
:106C200066E753E8002F22F0100243E80021002914
:106C3000F7D1EAE74FF400621A6253E8002F22F41A
:106C4000907243E800210029F7D1114803F10802AE
:106C500052E8002F024003F1080545E80021002911
:106C6000F4D1E26E012A0AD0002220216267C4F822
:106C70008C1084F88420E266C4F8901038E753E85A
:106C8000002F22F0100243E800210029F7D1EBE7A2
:106C9000FEFFFFEF80B3D0F8883010B5044633B361
:106CA00022682423A16AC4F88830136823F0010302
:106CB0001360C1B92046FFF7AFFC012811D023684B
:106CC00020465A6822F490425A609A6822F02A02BA
:106CD0009A601A6842F00102BDE810401A60FFF79E
:106CE000ADBE012010BD2046FFF750FEE2E780F860
:106CF0008430FEF701FBD3E70120704738B5134617
:106D0000002522220446C0F890508165A0F85C302E
:106D1000C0F88C20D0F8800060B10A462168056573
:106D20001B4D2431C5631B4D05641B4DC564F3F732
:106D30001DFC28BB23694BB1236853E8002F42F4A4
:106D4000807243E800210029F7D100E0236803F1B5
:106D5000080252E8002F42F0010203F1080040E867
:106D600000210029F3D103F1080252E8002F42F07C
:106D7000400203F1080141E800200028F3D138BDAA
:106D8000102220230120C4F89020C4F88C3038BD94
:106D90007165069051650690A5600690D0F88C301C
:106DA000202B1AD1B9B1B2FA82F35B099AB130B48F
:106DB0000468C3660A4B9C420AD063681B0207D56D
:106DC00054E8003F43F0806344E80035002DF7D1DC
:106DD00030BCFFF793BF012070470220704700BF0F
:106DE000000C0058704700BF704700BF704700BFDD
:106DF0000346DFED1E7A0022DFED1D5A1D49F7EE36
:106E0000004ADFF878C0C5EE806A9FED1B7A4830F3
:106E100087FE277AC6FEA76A87FE647AB6EE005A16
:106E200083ED000AC6FEC56AC3E90822C3ED0A7AEB
:106E3000C3ED0B7AC3ED0C7AC3ED0D7AC3ED0E7A78
:106E4000C3ED0F7AC3ED107AC3ED117AC3ED257A45
:106E50009A8383ED017AC3ED026A83ED037AC3F866
:106E600010C0C3ED065A596100F0F0B900000000EF
:106E7000000048420000C841CDCCCC3D295C8FBD0C
:106E8000F8B59FEDC07A0446DFEDBF7AB0EE000A98
:106E9000DFEDBE6A0F462DED0A8BD0ED00AAF1EEB4
:106EA000009A90ED04AA9FEDBA8A2AEE877A6AEEDC
:106EB000A77AD0ED02BA6AEE080A9FEDB69ABDEE47
:106EC000C77AFDEEE77A60EEA60A17EE106A2AEEA0
:106ED000899A17EE905A01F037F994ED03BAF0EE63
:106EE000408ADFEDAD0AB0EE000A2BEE088A68EEAC
:106EF000200A01F029F9F5EE006A6BEEA99A9FEDE0
:106F0000A77AF7EE007A3BEE26BA69EE809AC9FEC0
:106F1000E79A2BEE07BA1FB9237F002B00F0FB8006
:106F2000F1EE0C6A94ED016AF0EE087A0022BFEEF1
:106F3000007A00232662E6EE267A22776562E36312
:106F4000C4ED0B7AA6B3013ED4ED0B7A2662002E77
:106F500000F0DC80637FC4ED0A7A23BBDFED905A3A
:106F600067EEA55AB7EE005AD4ED0C6A77EEE64A02
:106F700085EE096AE6EE246A77EEE67AC4ED0C6ADD
:106F800037EEA59AB5EEC09AF1EE10FAC0F2B180D4
:106F9000EDB1013D6562002D40F0C880DFED817AE2
:106FA000F7EE006A23E0DFED807AF0EE675AD9E76A
:106FB000DFED7E6AF7EE007A94ED0A6A6AEEA66A61
:106FC000C7EEA65A77EEE57A67EE867AC2E7DFED7E
:106FD000785AF7EE007A94ED0E5A6AEEA55ADFED74
:106FE000726AC7EEA54A77EEE47A67EE857AC4ED59
:106FF0000E7A0BB1DFED6C6AD4ED0D7AB5EEC07A86
:1070000076EEE76AF1EE10FAE6EE267AC4ED0D7A36
:107010000DDA37EE077ADFED676AF7EE005AB0EE69
:10702000C76A67EE266A36EE256A86EE867ADFED57
:10703000625A9FED606AD4ED054A9FED585AF7EE0B
:10704000006A9FED5ECA67EEA57AD4ED065A37EE68
:10705000067A9FED556AB0EE668A27EE057AA7EEAE
:10706000A48AA7EE258A2BEE888A88FE068A88FEE7
:107070004C8A002B5DD0D4ED257A94ED017A38EE60
:10708000278ADFED4F7A2AEE07AAB4EEE68A84ED6E
:1070900011AAB7EECAAAF1EE10FAA8BF38EE668AB6
:1070A00084ED258A28EE278AB7EEC88AB0EE480B11
:1070B00000F0B2FEB0EE407BB0EE480B27EE0A7B4C
:1070C000B7EEC78B00F068FE2AEE00ABB7EECAAB96
:1070D000B0EE487A94ED100A84ED0FAAABEE097A6F
:1070E00037EE407AA9EE870ABDEC0A8B84ED100AD0
:1070F000F8BD79EE097ADFED2F5AF0EEE76A67EE18
:10710000A57A76EE856A87EEA69A41E7F7EE006AE1
:1071100077EEE67A1EE7F2EE047AD4ED0F6ABFEE60
:10712000007AD4E90865A6EEA77A0BE7DFED1E7AB0
:1071300036E704F148052AEE880A284600F00EF9E1
:10714000DFED207A284628EEA70A20EE0C0A20EE72
:10715000080A00F063F9DFED0B7AD4ED0E6A2846D9
:1071600087EEAB0A9FED187AF0EE497AE6EEC77A21
:1071700020EE270A00F08EF894ED208A94ED1EAAE6
:10718000A6E700BF6F12833AA69BC43B0000A04253
:10719000ABAAAA3D17B7D1380000D8420AD7A33D01
:1071A0005839343DCDCC4CBF0000000017B75139E1
:1071B000CDCC4C3D3333333F9A99D93FCDCCCC3EE7
:1071C000DB0FC9400080BB44CDCC4C3E012303778C
:1071D000704700BFF7EE007A9FED047A80FE070A41
:1071E00080FE670A80ED010A704700BF00000000C2
:1071F00090ED006AB6EE007ADFED056AC0EE067A21
:10720000C7FEA67AC7FEC77AC0ED027A704700BFF4
:1072100000000000F7EE007A9FED047A80FE070A76
:1072200080FE670A80ED030A704700BF000000007F
:107230009FED047ADFED047AE0EE077AC0ED047A80
:10724000704700BFCDCCCC3DCDCCCCBDB0EE087AE4
:1072500000234FF07C524FF07A51DFF834C0C0EE7B
:10726000077A80ED000A8260C0F804C0C260426400
:10727000016143618361C361036243628362C362EC
:10728000036403634363C3638363C0ED127A70478F
:1072900000004843B0EE402A90ED097A90ED044A90
:1072A000F6EE007AD0ED054AF0EE476AD0ED075AC7
:1072B000A4EEC72A90ED036AE7EE045A80ED0B0AAC
:1072C00027EE065A25EE075A72EE652AE4EE226A88
:1072D00075EEE21AE7EE456AB0EE657AA4EEE60ACC
:1072E000A4EE267AB0EE665A26EE266A26EE266AC6
:1072F00080ED060A70EE474A80ED077A27EE273ABE
:1073000060EE273AA4EE245AC0ED084AA5EEA73A4B
:1073100037EE647A24EEA74AE2EE273A27EE277A80
:10732000F0EE455AF0EE444A80ED0C3AA1EEA77A11
:10733000E6EEC65AE2EEA74AC0ED103A80ED0F7AAB
:1073400025EEA76AC0ED095AC0ED0D4AB0EE467AA7
:10735000A6EEA77A80ED0E7A704700BF90ED007A16
:10736000D0ED126ADFED2B7AC0FE277AC7FEE67AEF
:1073700077EE076A9FED286A10B587EEA67A044675
:107380002DED048BF5EE008AC0ED017AB7EE009A80
:10739000B4EEE87AF1EE10FA38FE877A27EE060AA4
:1073A00001F06EF830EE008AD4ED029AF0EE680A31
:1073B000B0EE690A84ED048A00F0C6FEF0EE007AB1
:1073C000F6EE006A39EE400A87EE887A30EE000A5F
:1073D000A8EE667AB4EEE77AF1EE10FA77FE877AD5
:1073E000F4EEC07AF1EE10FA04DCC4ED057ABDECDF
:1073F000048B10BDF0EE680AB0EE690A00F0A4FE3E
:1074000079EE407ABDEC048B77EEA77AC4ED057A6D
:1074100010BD00BFBD378635DB0F494010B5DFED2D
:10742000217A0446F5EE000A2DED028B80FE278AB4
:10743000F7EE008A88FE688AB0EE480A80ED028A7C
:1074400000F082FEF0EE007AD4ED046AB6EE006A37
:1074500038EEC00A87EEA67A30EE000AA6EEC67AAB
:10746000B4EEE77AF1EE10FA77FE877AB4EEE70A27
:10747000F1EE10FA0AD494ED117AC4ED057A67EEB4
:10748000087ABDEC028BC4ED037A10BDF5EE000A5C
:10749000B0EE480A00F058FE78EEC07A77EEA77A90
:1074A000E9E700BF00000000037810B504462DEDA9
:1074B000028BD0ED078A90ED068A072B00F28181BE
:1074C000DFE803F0488D9C7980A5E604D0ED037ACF
:1074D000B7EE007ABFEE000AF4EEC87AF1EE10FAC9
:1074E000F4EEC88A37FE000AF1EE10FA00F330819C
:1074F00077EE686AF4EEC86AF1EE10FA00F10881DE
:10750000B7EE007A77EE677A77EE887AFBFE676AE5
:1075100077EEE67AF4EEE87AF1EE10FA00F14181C6
:1075200077EE686AF4EEE67AF1EE10FA0DDD77EEAA
:10753000C77AC7EEA86AF0EE667AE6EEA67A76EE2D
:10754000A76A76EE876A30EE660ADFED9F7A20EE54
:10755000270A05E09FED9D0A28EE000A00F090FF43
:1075600078EE887AB7EE007AF4EEC77AF1EE10FA88
:1075700040F3B58077EEC77A012377EEE88AC4ED51
:10758000067AB6EE007A84F82930F4EEC78AF1EE76
:1075900010FA40F1A280F4EEC77AF1EE10FAACBF17
:1075A00001230023D4ED017A84F8283020EE270A45
:1075B000BDEC028B10BDF0EE007ABFEE000AA8EE23
:1075C000270ACDE790ED037AB7EE000AFFEE007AC6
:1075D000B4EEC87AF1EE10FA30FE270AC0E7B0EE3A
:1075E000007ABFEE000AF6EE007AA8EE070AB0EEC7
:1075F000C00A30EE670A30EE000AB1E7F0EE007A1A
:10760000BFEE000AA8EE270AB1EE400AA8E7F6EEA0
:10761000007AB7EE007AB4EEE78A37EE686AF1EEE8
:1076200010FAF4EEC88A5CD5F1EE10FA00F381800E
:10763000F6EE007A78EE277AFBFE676A77EEE67A56
:10764000F4EEE87AF1EE10FA00F19C80F4EEC67ADE
:10765000F1EE10FA0FDDF7EE005A77EEE57AC7EE9D
:10766000A86AF0EE667AE6EEA67A76EEA76A76EE7D
:10767000A56A37EE667AD4ED087AB1EE000A66EEB6
:10768000277AE7EE287A27EE800AC4ED087A67E7C2
:10769000F4EEC88AF0EE007ABFEE000AF1EE10FABE
:1076A000A8EE270A61DCB7EE007A77EE687AF4EE8E
:1076B000C87AF1EE10FA0DD578EE476AC6EEA87AD0
:1076C000F0EE676AE7EEA76A77EEA67A77EE877A3A
:1076D00030EE670AB1EE400A42E7002362E700237A
:1076E0004BE7F1EE10FA22DCB4EEC86AF1EE10FAC4
:1076F00064D578EE477AC7EEA86AF0EE667AE6EED1
:10770000A67A76EEA76A76EE876A36EEC77A8FE7B4
:1077100038EE476AC6EE286AB0EE666AA6EEA66A3A
:1077200076EE866A76EE876A30EE260AE8E6BFEEE7
:10773000007AC8EE286AB0EE005AF7EE005A66EEFC
:10774000E67AE6EE857A77EEE57A37EE877A6FE7C6
:1077500088EE286AF0EE005A66EE466AE6EE256A82
:1077600036EEC77A30EE070ACAE6C8EE286AB7EEE8
:10777000006A26EEE67AA6EEA77A77EE467A30EE33
:10778000670AA7E7C7EEA86AB0EE005AF7EE005AFC
:1077900066EEE67AE6EE857A77EEE57A37EE677A98
:1077A00069E7C7EEA86AB0EE006A66EEE67AE6EE32
:1077B000867A77EEC77A30EE670AC6E6BFEE007AC1
:1077C00036E79FED030ACBE6F4FD343FDB0FC940FB
:1077D00000000000D0ED057A20EE270A704700BFB8
:1077E0008B69B6EE004B90ED056A002BD1ED026A75
:1077F000DFED385AB8BF03F58033F8EEE66A10B40F
:1078000043F6095404FB03F3334C03F1010C1FFA54
:107810008CF31CF4004F04EB021C18BFA3F580335B
:107820001201DCED027A8B6186EE277AB7EEC77A19
:1078300037EE047BBDEEC77BD1ED037AF8EEE77A35
:1078400081ED077AE7EEA56AD1ED007AF8EEE77AE6
:1078500077EEE67AF5EEC07AF1EE10FA0AD5D1EDC0
:10786000016AF8EEE66A77EEA67AF5EEC07AF1EEF6
:1078700010FAF8D4C7EE865A07EE903A2244DFEDAC
:10788000172A90ED033AD2ED014A92ED005AF8EE34
:10789000E76ADFED133AF8EEC77A5DF8044BB7EE0E
:1078A000007A66EEA46AB6EE004B66EEA26AA3EE1C
:1078B000265A75EEC56AC6EEA75AA6EE257A27EEB9
:1078C000237AB7EEC77A37EE047BBDEEC77B81ED36
:1078D000047A704700008031E00207900000003811
:1078E0000000804D000000000123F7EE007A5C49A3
:1078F000F0EE403A5B4AB0EE673A2DE9F04F0027D0
:10790000834600F12404584DB846BA462DED0A8B43
:10791000DFED568A83B0036200F5B273B0EE40CA61
:10792000DFED53BAB7EE02AB9FED52BA80ED020A1B
:1079300080ED050A01604260C0ED037AC0ED048A63
:10794000C0ED067AC0ED078A01939FED439B06E0E8
:10795000494B9A4577DCDBED053A9BED033A95ED13
:10796000005AB6EE006BD5ED011A4FF00009B7EEE4
:10797000C54A95ED037AB7EEE12A019BB7EEC77AC7
:10798000424603EB8A072146A2EE0A4B5846C4F84A
:1079900014906762C4F8009037EE067BBDEEC77B9B
:1079A000B7EEC48B84ED067AF8EEC75A28EE237A38
:1079B00065EEA15AB7EEC77A65EEAB5A37EE097B92
:1079C000A5EE835AFDEEC77BB8EEE77A17EE906A14
:1079D000C4ED017AA5EE637AFDEEC77AF8EEE75AB8
:1079E000C4ED027A37EE657A27EE0B7AB7EEC77AE6
:1079F00037EE067BBDEEC77B84ED037AFFF7F0FE22
:107A00004E454FEA860249463846C4ED088A01DDF4
:107A100003F053FC2CEE087A08F1010828341035E5
:107A2000B8F1080FB7EEC77A37EE097BBDEEC77B1A
:107A300017EE103A0AEB830A8AD1002003B0BDEC9E
:107A40000A8BBDE8F08F012003B0BDEC0A8BBDE8C6
:107A5000F08F00BFAFF300800000000000803040D6
:107A6000EC51783F00401C46E00207900000000007
:107A7000000000380000804D788201000000000006
:107A80002DE9F0411E46036A002B2DED048B40F3D7
:107A90003781D0ED017A804690ED077A0C46154685
:107AA000F4EE477AF1EE10FA40F0CB8090ED068AC2
:107AB000DFED9B0ABFEE002AD8ED117A002798ED82
:107AC0001B7AB0EE600A77EEA07A98ED254AD8EDE1
:107AD0002F4A98ED395A77EE877AD8ED435A98EDC8
:107AE0004D6AB5EE007AD8ED576A77EE847AD4ED18
:107AF000008A95ED009A4446DFED8A9A77EEA47AE3
:107B00009FED851B77EE857A77EEA57A77EE867AFC
:107B100077EEA67AA7EE879AE7EE878A636A17F070
:107B20000100A26CA56A48FE897A02EB8301013349
:107B300094ED117AAB4277EEC77AA8BF5B1BC1ED1B
:107B4000007A6362D4E90B13B3F1805F04DB01EBCD
:107B5000237123F07043E162A94201DB491BE1621A
:107B600007EE903AB0EE426AB7EE007A0029F8EEDE
:107B7000E75AF6EE004AF0EE087A65EEA95AB0EE42
:107B8000425AA5EEA56A35EE877AA7EE245AB7EEDB
:107B9000C66A26EE016BB7EEC66B66EE277A35EE47
:107BA000465AF0EE673A77EEE57AD7EE243A73DD7F
:107BB000A5F1020C8C4540F3908000250D4402EBAA
:107BC000850252ED012AD2ED006A92ED013A92ED62
:107BD000024A66EEA77A94ED117AD8ED004A626BFC
:107BE000E2EE857A1A44236C2263E3EE237AE4EE14
:107BF000067AE7EEA56AF0EE477AE4EEE67A67EEFB
:107C0000887AE4EEA67AC4ED117AE0B3013B70EE17
:107C1000A70A002B23646CDD01372834082F7FF47A
:107C20007DAFDFED417A00200A9B20EE270A60EE4F
:107C3000A70ABDEC048B86ED000AC3ED000ABDE87F
:107C4000F0819FED3A7AB0EE008AC0ED077A67EED8
:107C5000877A90ED050A87EE800A00F009FDFFEEB5
:107C6000007A38EE408AE8EE087AF5EE407AB0EE17
:107C7000670AF1EE10FA48D4F1EEC07A38EE678A5E
:107C800088ED068A14E7013B30EE270A002B2364B7
:107C900026DD0137283441E7013905EB010C0CF1F1
:107CA00001018D4202EB8C0CD8BF491BDCED002A90
:107CB00002EB810C01318D42DCED006AD8BF491B1B
:107CC00002EB810C01318D429CED003AD8BF491B7B
:107CD00002EB810292ED004A7BE701F1FF3CE0E715
:107CE0003A4604F12401404601372834FFF778FD75
:107CF00014E73A4604F124014046FFF771FD8BE793
:107D0000BDEC048B0120BDE8F08100F0F5F8F0EE49
:107D1000407AB3E7AFF30080555555555555C53FEB
:107D200000000000000080313333B33EDB0FC94058
:107D30000B460146184602F0B5BC00F023B800F02F
:107D400021B8012838BF012010B50446204602F0B2
:107D5000EBFB00B110BD00F017F808B902F0A2FB70
:107D60008047F3E7FFF7EDBFFFF7EBBF08B502F081
:107D700099FB08B502F096FB08B502F093FB08B535
:107D800002F090FB02F0D8BB024B1868BFF35B8F88
:107D9000704700BF486A0024B0EE407B17EE903A6F
:107DA0001B4A23F0004393421AD91A4A934202D93C
:107DB00030EE400B704700B585B0684600F09CFF80
:107DC00000F0030001289DED000B9DED021B10D07B
:107DD000022809D090B900F07BFD05B05DF804FBE6
:107DE0009FED091B00F074BD00F072FDB1EE400B79
:107DF000F3E700F005FEB1EE400BEEE7012000F0E6
:107E0000FFFDEAE7AFF30080000000000000000083
:107E1000FB21E93FFFFFEF7FB0EE407B17EE903A8A
:107E20001B4A23F0004393421BD91A4A934202D9BA
:107E300030EE400B704700B585B0684600F05CFF3F
:107E400000F0030001289DED000B9DED021B13D0F7
:107E500002280BD098B9012000F0D2FD05B05DF8E2
:107E600004FB9FED091B002000F0CABD012000F0BB
:107E7000C7FDB1EE400BF1E700F02AFDEEE700F0A0
:107E800027FDB1EE400BE9E7000000000000000014
:107E9000FB21E93FFFFFEF7FB0EE407B17EE903A0A
:107EA000134A23F00043934218D9124A934202D94D
:107EB00030EE400B704700B585B0684600F01CFFFF
:107EC000400000F002009DED021B9DED000BC0F193
:107ED000010000F0EDFD05B05DF804FB9FED021B15
:107EE000012000F0E5BD00BF000000000000000020
:107EF000FB21E93FFFFFEF7F08B52DED028BB0EED0
:107F0000408A00F0E1FCB4EE488AF1EE10FA06D6A1
:107F1000DFED098AB4EEE88AF1EE10FA02D4BDEC86
:107F2000028B08BD03F082FA88EEA80ABDEC028B32
:107F30002123036008BD00BF0000000010EE103ACE
:107F4000114A23F00043934218D9B3F1FF4F02D3F3
:107F500030EE400A704700B583B0684601F004F97E
:107F6000400000F00200DDED010A9DED000AC0F1C5
:107F7000010001F01BF803B05DF804FBDFED030A1C
:107F8000012001F013B800BFDA0F493F00000000E4
:107F900010EE103A40F22A41C3F30A528A42B7EE79
:107FA000C03A32D8B7EE000B2D4B93ED4A2B93ED30
:107FB000481BB0EE417BA2EE037B17EE100A37EEB2
:107FC000417B00F01F0203EBC20130B492EE037B51
:107FD00093ED4C4B53F832404D6893ED4E6B93ED5F
:107FE000505BA4EE076B27EE074B00210A1905EB47
:107FF000C033A5EE070B43EC172BA6EE040B30BCE9
:1080000020EE070BB7EEC00B704713F5000F20D022
:10801000B2F5FF6F1AD2DFED137AB4EEE70AF1EE94
:1080200010FA10DCDFED107AB4EEE70AF1EE10FA88
:1080300012D4DFED0E7AB4EEE70AF1EE10FAB1D504
:10804000002000F013BC002000F016BC30EE000A47
:1080500070479FED070A7047002000F001BC00BF89
:10806000600307901772B142B4F1CFC2CF8ECEC277
:108070000000000010EE103AB3F17E5F3DD0A3F592
:108080000001B1F1FE4F1A463AD2BFEE002B02F1C9
:108090004043294903F54D03C3F3C34001EB0010EE
:1080A00091ED424B91ED447B91ED406B91ED465B40
:1080B000D90DC9052DED028B90ED021B90ED008BC3
:1080C000521ADB1500EE103A03EE902AB8EEC00B00
:1080D000B7EEE33A30EE010BA8EE032BBDEC028BBA
:1080E00022EE023BA4EE027BA5EE020BA6EE037B82
:1080F000A3EE070BB7EEC00B70479FED100A704759
:10810000590014D0B3F1FF4F14D0002B0BDBB1F1A9
:108110007F4F08D2DFED0A7A60EE277A17EE903AA9
:10812000A3F13862B1E700EE103A00F0BDBB0120C8
:1081300000F0A8BB704700BFA80407900000000033
:108140000000004B0000000030B510EE103A2DED9D
:10815000028B10EE901AA3F5000C4800BCF1FE4F04
:1081600083B09E4600F1FF346FF0807279D2944262
:1081700038BF002080F0B680BFEE001B0EF14043F8
:1081800003F54D03C3F3C3426FF31603AEEB0301D4
:10819000DB1507EE903AB64B03EB021292ED024B61
:1081A00092ED002B05EE101A93ED403B93ED426BE0
:1081B000B7EEC55AB8EEE77BA2EE051B37EE047B9F
:1081C00093ED442B21EE018BA1EE036B93ED465B07
:1081D00028EE083B93ED484BA1EE025BB7EEE00AB8
:1081E000A1EE047BA8EE057BA6EE037B20EE077BC9
:1081F00017EE903A48F2BF01C3F3CF338B424CD213
:10820000B7EE000B9B4B93ED402B37EE023B13EE8A
:10821000102A33EE423B02F01F01801803EBC1022B
:1082200093ED424B37EE437B53F83140556893ED65
:10823000446B93ED465BA7EE046B27EE074B0021E2
:108240000A1905EBC033A7EE050B43EC172BA6EE7E
:10825000040B20EE070BB7EEC00B03B0BDEC028B96
:1082600030BD944280F0C5805C00601E904280F07A
:108270009D80002B4DDB0020BEF5000FBFF47CAFCE
:10828000DFED7D7A07EE103A67EE277A17EE902A37
:1082900022F00042A2F1386E6EE79FED6D6BB4EEF6
:1082A000C67BF1EE10FA16DC9FED6B6BB4EEC67B6D
:1082B000F1EE10FA44DD4FF04C53002868D00193E2
:1082C000DDED016ABFEE006A76EE666AF4EE466A9C
:1082D000F1EE10FA94D003B0BDEC028BBDE8304053
:1082E00000F0CABA002879D0B3F17E5F47D0B0F170
:1082F0007F4F79D15A00B2F1FE4F6FEA010134BFCE
:1083000000220122C90F8A4200F09F809FED5B0A84
:10831000A3E7C1F3C7527E2A28D9962A77D801202D
:10832000C2F1960200FA02F2501E08421ED102EA81
:108330000100003818BF012000042EF0004E9BE71A
:108340009FED476BB4EEC67BF1EE10FA3FD99FED7F
:10835000466BB4EEC67BF1EE10FA7FF551AF03B079
:10836000BDEC028BBDE8304000F080BA00EE103A60
:1083700003B0BDEC028BBDE8304000F095BA81F44B
:108380008002520012F5000F2ED8B7EE000A64E703
:108390000093DDED006AB7EE006A76EE866AF4EED1
:1083A000466AF1EE10FA3FF42BAF94E7002B20EE73
:1083B000000A2EDB0020002C3FD10029BFF64DAF74
:1083C00003B0BDEC028BBDE8304000F05BBA03B0F7
:1083D000BDEC028BBDE8304000F042BA8EF4800262
:1083E000520012F5000FD0D907EE903A37EEA00AEE
:1083F00033E70028F2D05A00B2F17F4FF4D8B0F141
:108400007F4FF1D1B2F1FE4F7FF475AFBDE7002091
:1084100093E7C1F3C753A3F17F02172ACAD8C3F168
:108420009600012303FA00F0421E0A42C2D108401E
:10843000C1D0B1EE400A1846BDE70029BFF60DAF26
:10844000F7EE007A87EE800A07E720EEA00A04E73D
:1084500071D5D1FFFFFF5F40E2AAA3FFFFFF5F409E
:108460000000000000C062C00000000000A062C068
:10847000280C0790600307900000004B00000000EC
:1084800030B510EE104AC4F30A53B3F57D7FB7EE52
:10849000C06A83B01BD226EE065BB3F5667F6CD351
:1084A00026EE052B25EE021B6D4B93ED1A3B93ED4B
:1084B000187B93ED164BA5EE037BA2EE046BB0EE9A
:1084C000460BA7EE010BB7EEC00B03B030BD40F278
:1084D0002E42934259D8624A92ED087B26EE077BE2
:1084E000FDEEC77B92ED0A5B17EE903A03F50003B1
:1084F0001B169C0707EE903A54BF114602F170011B
:10850000D807B8EEE77BA7EE456B26EE067B1DD4B9
:1085100003F0030302EBC30291ED185B92ED000B35
:1085200091ED1A3B26EE000BB0EE456B91ED164B2C
:10853000A7EE036B20EE075B27EE057BA5EE040B91
:10854000A6EE070BB7EEC00B03B030BD91ED142BB8
:1085500027EE075B91ED126B91ED0E3BA7EE026BE0
:1085600091ED0C0B91ED104BA7EE030B27EE057B65
:10857000A5EE040BA6EE070BE4E714F0FF4F04BFD3
:10858000B7EEC55B8DED015ADEE7B3F5FF6F47D25D
:10859000344BC4F3836203EB820153F82220C4F30B
:1085A0001603C4F3C25043F400038340086A096908
:1085B000A3FB005003FB02F2E3FB010202F10051B6
:1085C0008D0F01F04041511AD8F750F805EBD474E3
:1085D0009FED216B41EC170BA10754BF204B224BA1
:1085E00027EE067BEA0727EE076B1ED41C4A02EB38
:1085F000C40293ED185B93ED1A3B92ED000B93EDE3
:10860000164B27EE000BB0EE457B20EE065BA6EE88
:10861000037BA5EE040B26EE056BA7EE060B91E798
:1086200003B0BDE8304000F03FB993ED142B26EEC7
:10863000065B93ED127B93ED0E3BA6EE027B93ED72
:108640000C0B93ED104BA6EE030B26EE056BA5EE7F
:10865000040BA7EE060B75E7182D4454FB21193CBB
:1086600028060790C80507909806079000000000AC
:1086700038B510EE104AC4F30A53B3F57D7FB7EE58
:10868000C07A1ED227EE077BB3F5667F6ED327EE46
:10869000071B614B93ED142B93ED125B93ED0E3B97
:1086A000A7EE025B93ED0C6B93ED104BA7EE036B03
:1086B00027EE017BA1EE046BA5EE076BB7EEC60BB0
:1086C00038BD40F22E42934253D8534A92ED086B84
:1086D00027EE066BFDEEC66B92ED0A5B16EE903A46
:1086E00003F500031B169C0706EE903A54BF114693
:1086F00002F17001D807B8EEE66BA6EE457B27EED7
:10870000076B1CD503F0030302EBC30292ED000BD1
:1087100091ED1A3B91ED185B91ED164B27EE000B96
:10872000B0EE457B20EE065BA6EE037BA5EE040BC8
:1087300026EE056BA7EE060BB7EEC00B38BD91ED2C
:10874000142B91ED127B91ED0E3B91ED0C0B91ED05
:10875000104B26EE065BA6EE027BA6EE030B26EE82
:10876000056BA5EE040BA7EE060BE5E7B7EE000AD6
:1087700038BDB3F5FF6F3BD2284BC4F3836203EBE4
:10878000820153F82220C4F31603C4F3C25043F409
:1087900000038340086A0969A3FB005003FB02F24F
:1087A000E3FB010202F100518D0F01F04041511A2B
:1087B000D7F75CFF05EBD4749FED156B41EC170BFD
:1087C000A10754BF144B164B27EE067BEA0727EE92
:1087D000076B11D5104A04F0030402EBC40292EDBA
:1087E000000B93ED1A3B93ED185B93ED164B95E759
:1087F000BDE8384000F058B893ED142B93ED127B90
:1088000093ED0E3B93ED0C0B93ED104BA1E700BFE6
:10881000182D4454FB21193C28060790C8050790E1
:108820009806079010B52DED028BB0EE408A0446F5
:1088300002F0FCFDB0EE480ABDEC028B046010BDF6
:1088400030B1F1EE407A27EE800A2220FFF7EABF2E
:10885000F0EE407A27EE800A2220FFF7E3BF00BF48
:108860009FED010AFFF7ECBF000000109FED010A29
:10887000FFF7E6BF0000201A9FED010AFFF7E0BFF7
:10888000000000709FED070AF7EE007ABFEE007A55
:1088900000284FF0220047FE877A87EE800AFFF714
:1088A000C1BF00BF00000000F0EE407A30EE407A19
:1088B000F4EE677AF1EE10FA87EE070A02D621206D
:1088C000FFF7B0BF704700BFB1EEC00A704700BFEE
:1088D00010EE903A23F00043B3F1795F2DED028B57
:1088E0002ED2FDEEC07B17EE903A002B65D020EE25
:1088F000004B9FED358B9FED362B9FED373BA4EE64
:10890000082B9FED375BA4EE023B9FED376BA4EE87
:10891000035B9FED377BA4EE056BA4EE067B24EE94
:10892000077B21EE401BB6EE006BA4EE071BB7EEF3
:10893000000B94EE061BBDEC028B30EE410B704732
:108940009FED218B20EE004B9FED212B9FED223BD5
:10895000A4EE082B9FED225BA2EE043B9FED226B61
:10896000A3EE045B9FED227BA5EE046B224AA6EEEC
:10897000047B934227EE047BD3D9204A934217D835
:10898000B7EE006B0020A3F5001141EC150B36EE9D
:10899000456B21EE401BB6EE003BA4EE071B94EEA8
:1089A000035BBDEC028B35EE415B36EE450B704749
:1089B000B6EE076BB5EE025BEBE7B7EE000BBDEC76
:1089C000028B7047AFF30080D43888BEE9FAA8BDA7
:1089D000C4B1B4BD9EEE213EAD529C804F7E92BE8E
:1089E0009015CB19A001FA3E7751C1166CC156BF44
:1089F0004C5555555555A53F3233D33F0000E93FFF
:108A000010EE903A23F00043B3F1795F04D2FDEE0B
:108A1000C07B17EE903A5BB320EE007B9FED162BE8
:108A20009FED173B9FED184BA7EE023B9FED185BA8
:108A3000A3EE074B9FED186BA4EE075BA5EE076B4B
:108A400020EE075B30B99FED164BA7EE064BA4EE68
:108A5000050B70479FED144B26EE456BB6EE003BC1
:108A6000A1EE036B96EE071BA5EE041B30EE410B47
:108A7000704700BFAFF300807CD5CF5A3AD9E53DAF
:108A8000EB9C2B8AE6E55ABE7DFEB157E31DC73E3F
:108A9000D561C119A0012ABFA6F810111111813F9B
:108AA000495555555555C5BF495555555555C53F5A
:108AB00038B5B0EE407B17EE903A8D4923F0004276
:108AC0008A422DED108B2DD8FDEEC06B16EE901A5C
:108AD000F1BB10EE104A431C2343134300F0BC804B
:108AE000012800F0968030EE016BBFEE005BBDEC1C
:108AF000108B85EE064B55EC164BB7EE006B53EC26
:108B0000142B0C460A4643EC102B45EC154BA5EEF6
:108B1000006B35EE477B31EE477BA7EE006BA6EE90
:108B2000040B38BD73498A4212D99FED515B002B6B
:108B30009FED516BB8BFB1EE411B35EE415B9FED30
:108B4000501BB8BFB1EE407B36EE477B35EE077B5E
:108B50009FED4DAB27EE075B25EE056B9FED4C8B34
:108B60009FED4D2BA6EE0A8B9FED4D4BA8EE062BED
:108B70009FED4DCBA2EE064B9FED4DEBA4EE06CB49
:108B8000B0EE414B9FED4C9BACEE06EB9FED4C0BDA
:108B90009FED4D3BA6EE090B9FED4DBBA0EE063BB6
:108BA0009FED4DDBA3EE06BB9FED4DFBABEE06DB71
:108BB0005049ADEE06FB27EE056BAFEE05EBAEEED2
:108BC000064BA4EE051B9FED485B8A42A6EE051BF3
:108BD00037EE010B20D801281BD0BFEE006B86EECC
:108BE000004B51EC100BB7EE005B53EC142B002044
:108BF000024643EC102B41EC160B36EE473BB0EE31
:108C0000457B31EE431BA6EE007BA1EE007BA7EE79
:108C1000040BBDEC108B38BD9B17BDEC108B20EE08
:108C2000004B06EE900A03F00203C3F10103B8EE15
:108C3000E63B06EE903A30EE030BB8EEE66B84EEC0
:108C4000005BB0EE004B35EE415B37EE457BA7EEA7
:108C5000443B26EE030B38BD00F0A0F9B7EE006BE5
:108C6000B0EE407B86EE070BD3E700BFAFF300808A
:108C7000075C143326A6813C182D4454FB21E93FA0
:108C80000000000000000000735360DBCB75F3BEF2
:108C9000A69237A0887E143F0165F2F2D844433F84
:108CA000280356C9226D6D3F37D60684F464963F7B
:108CB0007AFE10111111C13FD47ABF74702AFB3EA5
:108CC000E9A7F0320FB8123F68108D1AF726303F2F
:108CD0001583E0FEC8DB573F93846EE9E326823FAD
:108CE000FE41B31BBAA1AB3F635555555555D53F12
:108CF000FFFF2F3E2794E53F2DE9F04153EC102B69
:108D00009F4923F00048884588B004466BD99D49A7
:108D100088451D461CD8002B9FED897B40F3EF80D2
:108D200030EE477BA1F51B21A1F5F06188456BD0A2
:108D30009FED855B37EE456B37EE467B37EE457B27
:108D400084ED006B84ED027B012008B0BDE8F0816A
:108D50008D49884565D98D4988454ED816464FEAD4
:108D60002852A2F21642A8EB025747EC176B9FED70
:108D7000784BBDEEC75B08A8B8EEC55B37EE457B08
:108D800027EE047BBDEEC76B8DED025BB8EEC66BC4
:108D900037EE467B8DED046B27EE047B8DED067B75
:108DA000032130ED027BB5EE407BF1EE10FA0B466D
:108DB00001F1FF31F5D0764901910221009102A81D
:108DC000214600F011FB002DBFDA94ED006B94ED0D
:108DD000027BB1EE466BB1EE477B84ED006B84ED18
:108DE000027B4042B1E70020002184ED000BC4E982
:108DF0000201002008B0BDE8F08130EE407B80ED3C
:108E0000027B80ED007BF4E79FED535B9FED546B9D
:108E100037EE467B37EE456B37EE467B37EE457BCC
:108E20008EE700F0BBF8B6EE007B9FED4F5BA0EE47
:108E3000057BFDEEC77B9FED424B9FED436B17EE2D
:108E4000900A1F28B8EEE75BA5EE440B25EE067BE3
:108E5000B1EE454B30EE476B1ADC4E4B421E53F8D9
:108E60002230434514D084ED006B30EE460B30EEDB
:108E7000470B002D84ED020BBFF667AFB1EE466BDA
:108E8000B1EE400B84ED006B84ED020B40425CE7D9
:108E900016EE903AC3F30A53C3EB1853102B4FEA64
:108EA0002852E0DDB0EE403B9FED2D6B9FED2A2B6D
:108EB000A4EE063B30EE437BA4EE067B95EE027BF0
:108EC00033EE476B16EE903AC3F30A53D21A312AA7
:108ED00004DCB0EE430B84ED006BC6E79FED246B22
:108EE000B0EE430B9FED242BA4EE060B33EE407B3C
:108EF000A4EE067B95EE027B30EE476BB3E7264986
:108F000030EE077B88450ED09FED0F5B37EE056B8B
:108F100037EE467B37EE057B84ED006B84ED027BFC
:108F20004FF0FF3011E79FED0C5B9FED0D6B37EEBF
:108F3000067B37EE056B37EE467B37EE057BEBE7BE
:108F400000004054FB21F93F3163621A61B4D03D07
:108F500000000000000070417370032E8A19A33BCB
:108F60000000601A61B4D03D83C8C96D305FE43F32
:108F70000000002E8A19A33BC14920259A837B3922
:108F8000FB21E93F7BD90240FB213941FFFFEF7F05
:108F90008807079008070790FB21F93F51EC100B59
:108FA000024621F0004343EC102B704708B510EE49
:108FB000103A23F00042B2F1465FF0EE407A0FD251
:108FC000BDEEC07A17EE101AF9B9431C134300F036
:108FD000A080012803D0BFEE007A87EE270A08BDE3
:108FE00050498A4211D39FED507ADFED506A002B31
:108FF000BCBFF1EE600AF1EE407A77EE677A36EEAA
:10900000E07ADFED4B0A77EE277A67EEA76ADFEDAD
:10901000494ADFED495A9FED495A9FED496A414956
:1090200026EEA67A8A42E7EE245AA7EE056ADFED1D
:10903000454A9FED455AE5EE874AA6EE075ADFED11
:10904000435A9FED436AE4EE875AA5EE076ADFEDC7
:10905000414A9FED415AE5EE874AA6EE075A9FED39
:109060003F6ADFED3F5AA4EE876AE5EE075AB0EE9D
:10907000467AA5EEA67A27EEA65AB0EE606AA7EE6B
:10908000056ADFED384AE6EE260AE5EE240A37EEF9
:10909000A00A20D20128A2D0BFEE007AC7EE006A53
:1090A00010EE103A6FF30B0306EE103A16EE903AFC
:1090B00076EE677A6FF30B0300EE103AB7EE007AA4
:1090C00070EEE70AF0EE477AE6EE007AE0EE807A9C
:1090D000A7EEA60A08BD07EE100AB8EEC77A60EE42
:1090E000006A30EE070A9B1786EE806A03F00203DF
:1090F000C3F10103F0EE005A36EE606A06EE903AD4
:1091000077EEC67AF8EEE66AA7EEE57A26EE870AEB
:1091100008BD00F05FF9B7EE007AF0EE407A87EE16
:10912000270A08BD40A12C3FDA0F493F68212233AE
:10913000000000005FAE9BB745F4A3388453D937D5
:109140007AC09538C8261A3AB937813916696B3B07
:1091500048DEBE3AA427B33C1F37113C8988083E3D
:10916000D10D5D3DABAAAA3E70B510EE103A8B4A08
:1091700023F00044944286B0054671D9884A94424F
:109180001E4624D823F00042002BDFED867A864964
:1091900022F00F02B0EE407A40F3E6808A4270EE91
:1091A000677A09BF9FED817ADFED816ADFED816A21
:1091B00077EEC77A37EEE67A77EEC77A80ED007AF7
:1091C00077EEE67AC0ED017A012006B070BD7A4AEA
:1091D000944253D9B4F1FF4F49D2E215863AA4EB39
:1091E000C25307EE903ABDEEE77ADFED746AB8EE4F
:1091F000C77A77EEC77A8DED037A67EEA67ABDEE71
:10920000E77AB8EEC77A77EEC77A8DED047A67EE23
:10921000A67AF5EE407AF1EE10FACDED057A40F03F
:109220008E80B5EE407AF1EE10FA40F08A8001238C
:10923000634901910221009103A8294600F024FC12
:10924000002EC2DA95ED007AD5ED017AB1EE477ABB
:10925000F1EE677A85ED007AC5ED017A4042B4E718
:10926000002285ED000A4260002006B070BD70EE5D
:10927000407AC0ED017AC0ED007AF5E700F0AAF877
:109280009FED507A9FED476AF6EE007AE0EE077A9E
:109290009FED477AFDEEE77AF8EEE76A17EE900A5F
:1092A000A6EEC60A1F2866EE877AB1EE666A30EE31
:1092B000677A1EDC444A411E26F0004352F8212002
:1092C00023F0FF03934214D085ED007A30EE470A75
:1092D000002E30EE670A85ED010ABFF676AFB1EEDB
:1092E000477AB1EE400A85ED007A85ED010A4042E9
:1092F0006BE717EE103AC3F3C753C3EBD453082BF5
:109300004FEAE452E0DD9FED297A9FED2A5AF0EE14
:10931000405AE6EE075A70EE657AE6EE077AD6EE28
:10932000857A35EEE77A17EE103AC3F3C753D21AAF
:10933000192A08DCB0EE650A85ED007AC6E703233A
:1093400076E7022374E79FED217A9FED215AB0EE74
:10935000650AA6EE070A75EEC07AE6EE077AD6EE43
:10936000857A30EE677AAFE78A4270EE277A09BFD6
:109370009FED0E7ADFED0E6ADFED0E6A77EE877AEB
:1093800037EEA67A77EEC77A80ED007A77EEA67A86
:10939000C0ED017A4FF0FF3017E700BFD80F493F0B
:1093A000E3CB1640800FC93FD00FC93F004435378B
:1093B0004344353708A3852E800F4943000080437E
:1093C0001009079084F9223F9008079000A3852E8A
:1093D00032318D2410EE103A23F0004300EE103AA3
:1093E000704700BF000000002DE9F04F2DED088B05
:1093F000ADF5137D1C4603938146D34BA49812F11F
:10940000140F53F8205004F1FF38C0F26B82CF489C
:10941000D31E80FB0340DB17C3EBA0030293013391
:10942000A3EB8303DB001A44029B15EB0804A3EBB8
:1094300008031AD401349FEDBE6BA59E1C441AA8E4
:109440000AE056F8237007EE907A0133B8EEE77B16
:10945000A342A0EC027B08D0002BF2DAB0EE467BF0
:109460000133A342A0EC027BF6D1002DC0F2D882DA
:10947000039B1AAC04EBC3046AAF4FEAC30E464623
:1094800005EB030C09EBC3004FF0000A4FF0000B93
:10949000B8F1000F80F2CA8001366645E7E802ABFA
:1094A00004F10804F4D10DF1180A0AEB85039FEDCD
:1094B000A29B9FEDA38B043B09EB0E0404930AEBE4
:1094C0008507AB466AAE0095104605910DEBCB03C0
:1094D000BBF1000F93ED6A0B4FEACB0315DD33446C
:1094E000524620EE097B33ED025BB0EE406BBDEEE1
:1094F000C77BB342B8EEC77BA7EE486BBDEEC66B29
:1095000037EE050BA2EC016AEBD1019000F004FEEE
:10951000B4EE007BB0EE40AB20EE070B00F0ECFEAB
:10952000B2EE007B0198A0EE47ABBDEECABB0028AF
:10953000B8EECB7B3AEE47AB40F385800BF1FF32C0
:10954000C0F118035AF822C04CFA03F101FA03F3F0
:10955000ACEB0303C0F117051BEE10CA43FA05F587
:109560008C44002D0BEE10CA4AF8223000F32A81F9
:10957000B5EE40ABF1EE10FA76D1009B9B450BDDCA
:109580000AEB8B03002253F8041DBB4242EA01029E
:10959000F9D1002A40F07381009B013B5AF8232047
:1095A0000BF101039C46002A40F06781049A0121D7
:1095B00052F8045D0131002DFAD05944029D039AFE
:1095C00005EB030E0EF1804EA59D0EF1FF3E5A44B1
:1095D00005EB8E0E1AAD06EBC30B05EBC2059EED37
:1095E000017AB8EEC77BB8F1000FA5EC027B0EF153
:1095F000040E9FED4F7B09DB2A464B46B3EC025B22
:1096000032ED026BA342A5EE067BF7D10CF1010C03
:109610008C45ABEC027BE2DD8B4657E701366645B5
:10962000A7EC027B04F108043FF43DAF9FED407BC3
:10963000A2464B46B3EC025B3AED026B8342A5EEC9
:10964000067BF7D1EAE700F0FF80B6EE007BB4EED0
:10965000C7ABF1EE10FA80F23381B5EE40ABF1EE1C
:1096600010FA4FF0000588D002460599B0EE4A0B7B
:10967000404202950191009D009200F04DFD9FED4A
:10968000305BB0EE407BB4EEC50BF1EE10FADDE9D5
:109690000021029BC0F299819FED276B20EE066BA3
:1096A000BDEEC66B0BF10104B8EEC64BA4EE457BD4
:1096B000BDEEC77B183217EE100A4AF82B0016EEE3
:1096C000100A4AF82400B7EE000B1046CDE900312D
:1096D00000F022FD002CDDE90031C0F2A5819FEDF4
:1096E000165B661C6AAF0AEB8602F00007EBC60643
:1096F00032ED017A5245B8EEC77B27EE007B20EEB3
:10970000050B26ED027BF3D10DF5847EA0F1080256
:109710001744F046A44600269A46002D9FED047B90
:1097200024DB0B4BB94600221CE000BFAFF30080E6
:109730000000000000000000000000000000703E7B
:109740000000000000007041900D0790ABAAAA2A0B
:10975000500D0790B3EC025BB9EC026B9542A5EE9D
:10976000067B03DB964202F10102F3DA0CF1FF3CC7
:10977000BCF1FF3FA8EC027B06F10106A7F1080748
:10978000CBD1A49A022A534600F3D280002A00F3D8
:10979000AE800DD19FEDBA7B704430ED026B8645F3
:1097A00037EE067BF9D1002B40F02D8181ED007B57
:1097B0001BEE103A03F007000DF5137DBDEC088B8E
:1097C000BDE8F08F61460131BBF1000F0BEE101ABE
:1097D00040F31C8153464FF0000C53F8042B72B336
:1097E000C2F1807243F8042C6FF07F4203E01968E5
:1097F000511A43F8041B0CF1010CE345F7DC01227C
:1098000000280BDD012852D0022807D10BF1FF31CF
:109810005AF82130C3F315034AF82130022D7FF4A2
:10982000A7AEB7EE000B30EE4AAB002A3FF4A0AE75
:10983000019000F071FC01983AEE40AB98E60CF113
:10984000010CE345C9DCDBE70BF1FF335AF8235089
:10985000ED15002D7FF78CAE1BEE103ABBF1000F1B
:1098600003F101030BEE103AB4DC022D7FF480AE5D
:10987000B7EE007B37EE4AAB7AE619469EE60BF16F
:10988000FF34A0F118025AF8240005992B46009DD8
:1098900000287FF418AF0BF1804001380AEB8000FC
:1098A00050F8046D013C183A002EF9D00BE70BF18B
:1098B000FF315AF82130C3F316034AF82130ADE7DF
:1098C0001BEE103ABBF1000F03F101030BEE103A4F
:1098D000C8BF02253FF77EAFB7EE007B37EE4AAB3D
:1098E000022545E600206FF0170302909BE59EEDF0
:1098F000007B9FED636B704430ED025B864536EE76
:10990000056BF9D1002B75D137EE467B81ED006BED
:109910005CB144A80122B0EC026B0132944237EEF4
:10992000067BF8DA0BB1B1EE477B81ED027B3FE7B6
:10993000A49A032A7FF43CAF002C00F090800EEB39
:10994000C40696ED006BE5003246304630ED027BF2
:10995000B0EE465B864536EE076B37EE467B80ED14
:10996000006B37EE057B80ED027BEFD1012C76D0CA
:1099700096ED006B0EF1080032ED027BB0EE465B17
:10998000904236EE076B37EE467B82ED006B37EE8A
:10999000057B82ED027BEFD19FED397B05F108025B
:1099A00072440EF1100032ED026B904237EE067BEE
:1099B000F9D19EED005B9EED026B73B981ED005B0A
:1099C00081ED026B81ED047BF2E6BDEEC07B5C466F
:1099D00017EE100A4AF82B0075E6B1EE455BB1EEC2
:1099E000466BB1EE477B81ED005B81ED026B81ED53
:1099F000047BDDE6B1EE465B37EE467B81ED005B36
:109A0000002C86D18FE7B1EE477BCFE6012818D036
:109A100002287FF42AAFC3F315034AF8223024E763
:109A2000039B4FEAC30E3EE5A49A022A11DC002AEA
:109A300018DC7FF4BDAE9FED127B002B3FF4B6AE79
:109A4000E1E7C3F31603022D4AF822307FF490AD0C
:109A50000EE7A49A032A7FF4ABAE0DF5847E9FED4A
:109A6000087BA6E79DED427B2BB100224FF000431F
:109A7000C1E9002357E700220023C1E9002354E78E
:109A800000000000000000002DE9F04F2DED048BD8
:109A9000DBB01C46944603930A46BA4B68991CF106
:109AA000040F53F82170824604F1FF39C0F2568248
:109AB000BCF1030348BF0CF10403DB100293013334
:109AC0004FEAC30EACEB0E030593029B17EB0900A4
:109AD000A3EB090316D401309FEDAB7A699C1844BF
:109AE0001EA9002BA4BF54F8235007EE905A03F18F
:109AF0000103ACBFF8EEE77AF0EE477A8342E1EC7F
:109B0000017AEED1002FC0F2E28203991EA800EB89
:109B100081004FEA81087E18002346AD4C460AEBCF
:109B20008101B9F1000F80F2C8800134B44245F8D8
:109B3000043B00F10400F4D10DF1280B0BEB87037B
:109B4000CDE9062E043B9FED929ADFED908A0598B1
:109B500004930AEB080446AE0BEB87080097CDF898
:109B600020C00DEB8703002F93ED460A4FEA8705CF
:109B700015DD73195A4660EE097AB0EE407AFDEEB3
:109B8000E77A73ED016AF8EEE77AB342A7EEE87A76
:109B900037EEA60ABDEEC77AA2EC017AEBD10190AE
:109BA00000F03CFBF4EE007AB0EE408A20EE270A8B
:109BB00000F02EFCF2EE007AA0EE678A01980028F1
:109BC000FDEEC89AF8EEE97A38EE678A40F38280B3
:109BD000791EC0F108035BF821E04EFA03FC0CFA91
:109BE00003F3AEEB030EC0F1070219EE903A4EFA02
:109BF00002F26344002A09EE903A4BF821E000F3A8
:109C0000AF80B5EE408AF1EE10FA74D1009B9F420E
:109C10000ADD5D44002355F8041D454543EA010370
:109C2000F9D1002B40F00281009B013B5BF823201F
:109C30007B1C9C46002A40F0F780049A012152F8D0
:109C4000045D0131002DFAD03944029D039A05EBE1
:109C5000030E0EF1804E699D0EF1FF3E3A4405EB76
:109C60008E0E1EAD06EB830705EB8205DEED017A55
:109C7000F8EEE77AB9F1000F0EF1040EE5EC017A87
:109C8000DFED417A09DB2A465346F3EC016A32EDF7
:109C9000017AA342E6EE877AF7D10CF1010C8C45EC
:109CA000E7EC017AE2DD0F465BE70134B442E5EC14
:109CB000017A00F104003FF43FAFDFED337A8346D1
:109CC0005346F3EC016A3BED017A8B42E6EE877A6C
:109CD000F7D1EAE700F09180F6EE007AB4EEE78A79
:109CE000F1EE10FA80F22981B5EE408AF1EE10FA19
:109CF0004FF000028AD09246DDE9062EDDF820C042
:109D00000197AEEB0C00B0EE480A009F009200F005
:109D100085FADFED1E6AB4EEE60AF1EE10FADDE92F
:109D20000023F0EE407AC0F29C819FED197A0599EC
:109D300020EE077A0831BDEEC77A0591B8EEC77AF2
:109D40005C1CE7EE667ABDEEC77AFDEEE77A17EEA9
:109D5000901A4BF8231017EE103A4BF824307EE09F
:109D60000133002F09EE903A40F39D8159464FF0A0
:109D7000000E51F8043B002B39D0C3F5807341F835
:109D8000043C0CE0CC0D0790000000000000804374
:109D90000000803B0B68C3F1FF0341F8043B0EF168
:109DA000010E7745F6DC01239E4600280BDD0128D5
:109DB00000F0BB80022806D1791E5BF8213003F049
:109DC0003F0C4BF821C0022A7FF41BAFB7EE000A0C
:109DD000734630EE488A002B3FF413AF099201908E
:109DE00000F01CFA0198099A38EE408A09E70EF152
:109DF000010E7745BDDC9E46D7E77B1E5BF823202E
:109E0000D211002A7FF7FDAE19EE903A002F03F130
:109E1000010309EE903AA9DC022A7FF4F2AEF7EED4
:109E2000007A37EEC88AECE619460EE73B469246C2
:109E3000DDE905125C1EA1F108005BF82410009F0B
:109E4000059061B903F18043013B0BEB83030146AD
:109E500053F8040D013C08390028F9D00591059804
:109E60000092B7EE000A00F0D9F9002C009AB0EE8B
:109E7000407AC0F22281601C46AD5FED3B6A8100F2
:109E80000BEB800305EB800073ED017AF8EEE77AC7
:109E90005B4567EE877A27EE267A60ED017AF3D18B
:109EA0000DF1C8080E1F2E44C646A4460025002FFB
:109EB0007DDBDFF85C92DFED957A3046002307E02A
:109EC000F9EC016AB0EC017A9F42E6EE877A03DB97
:109ED0009D4203F10103F3DA0CF1FF3CBCF1FF3FBB
:109EE000EEEC017A05F10105A6F10406E1D1689BCB
:109EF000022B6ADC002B36DC0ED1DFED847A414484
:109F000031ED017A884577EE877AF9D15346002BF7
:109F100040F0C680C2ED007A19EE903A03F00700D7
:109F20005BB0BDEC048BBDE8F08F791E5BF821308F
:109F300003F07F0C4BF821C045E719EE903A002F53
:109F400003F1010309EE903AC8BF02223FF70EAFBA
:109F5000F7EE007A37EEC88A022252E600234FF06D
:109F6000080E0293AEE5DDED327A9FED687A41444A
:109F700071ED016A884537EE267AF9D15346002BF8
:109F800040F0848077EEC77A82ED007A64B133A91D
:109F90000123B1EC017A01339C4277EE877AF8DA3B
:109FA00053460BB1F1EE677AC2ED017AB4E70CF1DA
:109FB000FF3C0023BCF1FF3F4EF8043B05F10105D7
:109FC000A6F104067FF473AF91E7689B032BA3D13E
:109FD000002C00F08C8008EB840595ED007AA00041
:109FE0002B46294671ED017AF0EE476A37EE277A63
:109FF000884577EEC77A81ED007A77EEA67AC1EDD3
:10A00000017AEFD1012C72D095ED007A08F10401AC
:10A0100073ED017AF0EE476A37EE277A994277EED0
:10A02000C77A83ED007A77EEA67AC3ED017AEFD195
:10A03000031DDFED367A434408F1080833ED017A59
:10A04000984577EE877AF9D15346DDED326A9DED7A
:10A05000337A73B9C2ED006A82ED017AC2ED027AF9
:10A060005AE7FDEEC07A1C4617EE901A4BF8231003
:10A07000F5E6F1EE666AB1EE477AF1EE677AC2ED87
:10A08000006A82ED017AC2ED027A45E7F1EE476A95
:10A0900077EEC77AC2ED006A002C7FF478AF81E7D3
:10A0A000F1EE677A36E7012815D002287FF4B4AEC6
:10A0B0000EF03F034BF82130AEE6689B022B12DC1A
:10A0C000002B17DC7FF428AFDFED107A1EE7039B2F
:10A0D0004FEA830830E50EF07F03022A4BF8213067
:10A0E0007FF48FAD9BE6689B032B7FF415AFDFED0C
:10A0F000077AA9E75346DDED327A1BB14FF00043F2
:10A1000013604FE7002313604EE700BF000000001C
:10A11000A00D07900000000053EC102B10B4C3F307
:10A120000A54194664BB23F00041114325D09FED2A
:10A130002E7B394920EE077B884253EC172B49DBF5
:10A14000C3F30A541946363C4CF2503C604520DCBF
:10A15000204440F2FE74A0421BDC00282BDC10F1EE
:10A16000350F31DB36306FF31E519FED217B41EA15
:10A17000005343EC102B20EE070B5DF8044B7047A7
:10A1800040F2FF7C6445DFD130EE000B5DF8044BFC
:10A190007047002B9FED187B06DB9FED170B27EE1A
:10A1A000000B5DF8044B70479FED157B9FED120B84
:10A1B00027EE000BF5E76FF31E5141EA005343EC25
:10A1C000102B5DF8044B7047002B9FED0F7B01DADD
:10A1D0009FED0F7B9FED0C0B5DF8044B27EE000B02
:10A1E000704700BFAFF30080000000000000504344
:10A1F000000000000000903C9C7500883CE4377E25
:10A200009C7500883CE437FE59F3F8C21F6EA50127
:10A2100059F3F8C21F6EA581B03CFFFF10EE103A53
:10A2200033F000411A4625D0B1F1FF4F1FD213F091
:10A23000FF4F20D1DFED297A294A60EE277A90423C
:10A2400017EE903A31DB4CF2503CC3F3C7516045F6
:10A250001A46A1F1190114DD002BDFED227A9FEDE2
:10A26000210AB8BFDFED207A27EE800A704730EE72
:10A27000000A704770474CF2503C60454FEAD1519C
:10A28000EADC0144FE29E7DC002915DC11F1160F98
:10A2900019DB193122F0FF4242EAC15207EE902A3F
:10A2A0009FED120A27EE800A7047DFED117A07EE64
:10A2B000103A27EE270A704722F0FF4242EAC153C4
:10A2C00000EE103A7047002BDFED097A9FED080A87
:10A2D000B8BFDFED087A27EE800A70470000004C17
:10A2E000B03CFFFFCAF24971CAF249F100000033E5
:10A2F0006042A20D6042A28D00B583B08DED000BCF
:10A3000001990098C1F30A52A2F2FF33132B25DC06
:10A31000002B46DB3C4A1A4101EA020E5EEA000EBF
:10A320008C4620D09FED367B9DED006B36EE077B93
:10A33000B5EEC07BF1EE10FA09DD002904DA4FF426
:10A34000801141FA03F39C442CEA020100200B46E1
:10A35000024643EC102B03B05DF804FB332B07DD02
:10A36000B3F5806F2BD09DED000B03B05DF804FBBF
:10A37000A2F213424FF0FF3C2CFA02F21042F2D04C
:10A380009FED1F7B9DED006B36EE077BB5EEC07B2E
:10A39000F1EE10FADBDD002984461CDB2CEA02001A
:10A3A000D5E79FED177B30EE077BB5EEC07BF1EE76
:10A3B00010FACCDD002907DB00200146C7E79DED40
:10A3C000007B37EE070BD0E721F0004108430FD1A7
:10A3D0004FF00041BBE7142B0DD04FF0010EC3F13D
:10A3E00034030EFA03F39C44604588BF7144D5E7FB
:10A3F00006490020ABE70131D0E700BFAFF3008092
:10A400009C7500883CE4377EFFFF0F000000F0BF22
:10A4100010EE102AC2F3C7537F3B162B22F00041E7
:10A420001BDC002B10461EDB1A4919410A4223D0BF
:10A43000DFED197A70EE277AF5EEC07AF1EE10FAB8
:10A440001ADD002A04DA4FF4000242FA03F318443A
:10A4500020EA010300EE103A7047B1F1FF4F0BD331
:10A4600030EE000A7047DFED0C7A70EE277AF5EED9
:10A47000C07AF1EE10FA00DC7047002A02DB9FED93
:10A48000070A704711B99FED060A7047BFEE000A30
:10A49000F2E700BFFFFF7F00CAF249710000000031
:10A4A0000000008008B5062000F04AFF012003F0FC
:10A4B0005FF800001FB514461A46094B1B68054695
:10A4C000D8684CB1074B0091CDE9013406492B46C1
:10A4D00000F0DAFDFFF7E6FF044B1C46F3E700BF90
:10A4E000C8060024D80D0790E50D0790130E0790BD
:10A4F000024B0A460146186800F002B8C80600245C
:10A5000070B5A1FB025434B9294600F03FF8064665
:10A5100028B9304670BD0C2202600026F9E72A46B1
:10A52000214600F0CAFEF4E7024B0146186800F02D
:10A530002DB800BFC8060024024B0146186801F080
:10A540008DBD00BFC806002470B50F4E0C463168A3
:10A55000054611B900F048FF30602146284600F05A
:10A5600043FF431C03D14FF0FF34204670BDC41C91
:10A5700024F00304A042F8D0211A284600F034FF4A
:10A580000130F2D1EFE700BF4C6A00242DE9F84317
:10A59000CD1C25F0030508350C2D38BF0C25002DEA
:10A5A000064601DBA94204D90C2333600020BDE834
:10A5B000F883DFF8D48000F069F8D8F800301C4642
:10A5C00044BB29463046FFF7BFFF431C044658D121
:10A5D000D8F800402746002F43D1002C4BD02368E9
:10A5E0003946304604EB030900F0FEFE814542D1B6
:10A5F00021686D1A29463046FFF7A6FF01303AD090
:10A6000023682B442360D8F800305A6862BBC8F82E
:10A6100000700FE02268521B20D40B2A17D9611951
:10A62000A342256018BF5960636808BFC8F80010CE
:10A6300062514B60304600F02FF804F10B00231DEF
:10A6400020F00700C21A1CBF1B1AA350AFE76268B4
:10A65000A3420CBFC8F800205A60EBE723466468A9
:10A66000AEE73C467F68B6E71A465B68A342FBD17B
:10A6700000235360DEE70C233360304600F00CF813
:10A6800094E70560D6E700BF506A0024014800F057
:10A69000F8BE00BF946B0024014800F0F3BE00BF79
:10A6A000946B002410B504460448134620B10A46B2
:10A6B00002202146AFF3008010BD00BF0000000063
:10A6C000F0B52DED028BB0EE408B85B017460D9D99
:10A6D0000C9E18EE902A25F02005002AB6BF2D22E8
:10A6E0000022B1EE408B462D0C461A7004D0452D49
:10A6F00000D10134022100E0032103AB019302AB3E
:10A70000009322463346B0EE480B00F05DFF472D24
:10A7100014D1FB070AD50219B5EE408BF1EE10FA01
:10A7200008BF03923021039B934219D3039B0E9AD7
:10A730001B1A136005B0BDEC028BF0BD462D00EB7B
:10A740000402E9D10378302B07D1B5EE408BF1EE4E
:10A7500010FA1CBFC4F10104346033681A44DBE70B
:10A760005C1C03941970DEE7F7B50029BABF4942B3
:10A770002D232B2309290270437029DD0DF10704D5
:10A7800025460A272246B1FBF7F607FB161330339E
:10A7900002F8013C0B46632B04F1FF343146F1DC37
:10A7A0003031931E04F8011C411C1C46AB420AD3F5
:10A7B0000DF109039B1AA54238BF0023821C1344E4
:10A7C000181A03B0F0BD13F8016B01F8016FEDE743
:10A7D000302330318370C170031DF1E700000000A9
:10A7E0002DE9F04F8DB00C46DDF8588016461F4617
:10A7F000054600F0ADFDD0F800B05846D5F7A0FDF5
:10A8000000230A93D8F8003094F818902268059035
:10A81000073323F00703B3EC020B9FED997BB0EEF7
:10A82000C06BB4EE476BF1EE10FAC8F8003084ED5F
:10A83000120B24DDB5EEC00BF1EE10FA02D52D237C
:10A8400084F843309049914BB9F1470F8CBF88464B
:10A85000984622F004020323236122604FF0000A8D
:10A86000009733460BAA2146284600F0D3F9013061
:10A8700040F089804FF0FF300DB0BDE8F08FB4EEAE
:10A88000400BF1EE10FA09D710EE903A002BBCBF46
:10A890002D2384F843307E497E4BD5E76368591CED
:10A8A00009F0DF0A39D10623636042F48062002395
:10A8B000226003930AABCDE9019309AB0093616871
:10A8C0000DF123032846FFF7FBFEBAF1470F099964
:10A8D000804629D1C81C02DB63688B4241DAA9F1AA
:10A8E00002095FFA89F901394A4604F150000991D9
:10A8F000FFF73AFF0A9A1318012A8246236102DC05
:10A900002268D20701D5013323619DF82330002B43
:10A91000A6D02D2384F84330A2E7BAF1470FC4D163
:10A92000002BC2D10123BFE7B9F1650FDBD9B9F123
:10A93000660F18D1002963680BDD216113B9226805
:10A94000D00702D501330B442361A1654FF0000A03
:10A95000DBE713B92268D20701D50233F4E70123FC
:10A96000F2E74FF067090A9B8B4205DC23682161FF
:10A97000D807EAD54B1CE7E70029D4BFC1F1020292
:10A9800001221344E0E723685A0507D423694246AD
:10A9900031462846B84701302AD16BE7B9F1650F37
:10A9A00040F2E28094ED127BB5EE407BF1EE10FABE
:10A9B00033D1394A012331462846B84701303FF4A4
:10A9C00059AFDDE90938434502DB2368D8070FD5C5
:10A9D000059B5A4631462846B84701303FF44AAFF6
:10A9E0004FF0000908F1FF3804F11A0AC84509DCE4
:10A9F00023689B0700F10981E0680B9B9842B8BF70
:10AA0000184639E70123524631462846B8470130F7
:10AA10003FF430AF09F10109E8E7099B002B3DDC69
:10AA20001D4A012331462846B84701303FF422AF82
:10AA3000DDE9093959EA030302D12368D907D7D5DB
:10AA4000059B5A4631462846B84701303FF412AFBD
:10AA50004FF0000A04F11A0B099B5B42534501DCDD
:10AA60004B4694E701235A4631462846B847013001
:10AA70003FF400AF0AF1010AEEE700BFAFF3008038
:10AA8000FFFFFFFFFFFFEF7F180E0790140E0790E8
:10AA9000200E07901C0E0790240E0790A36DDDF882
:10AAA00028A05345A8BF5346002B994637DC002306
:10AAB000079329EAE97904F11A02A36D079906932D
:10AAC000A3EB09038B4231DC099B9A453BDC2368ED
:10AAD000DA0738D4099BAAEB0309069BAAEB030308
:10AAE0009945A8BF9946B9F1000F34DC4FF0000832
:10AAF00029EAE97904F11A0B099BAAEB0303A3EBFA
:10AB0000090343457FF774AF01235A46314628466F
:10AB1000B84701303FF4AEAE08F10108ECE7424619
:10AB200031462846B8470130C1D1A3E6012331465A
:10AB300028460692B84701303FF49CAE079B069A20
:10AB400001330793B9E7059B5A4631462846B84773
:10AB50000130BFD18EE6069A4B4642443146284624
:10AB6000B8470130C2D185E6DDF82890B9F1010F70
:10AB700001DCDB0736D50123424631462846B8477B
:10AB800001303FF477AE059B5A4631462846B84718
:10AB900001303FF46FAE94ED127BB5EE407BF1EEE9
:10ABA00010FA09F1FF3918D04B4608F1010231467D
:10ABB0002846B84701300CD15CE601235A4631469D
:10ABC0002846B84701303FF455AE08F10108C845A2
:10ABD000F3DB534604F15002DAE64FF0000804F1CB
:10ABE0001A0BF4E701234246E1E701234A463146C6
:10ABF0002846B84701303FF43DAE08F10108E3684C
:10AC00000B995B1A4345F0DCF6E64FF0000804F1BF
:10AC10001909F4E72DE9F047164698468A680B694A
:10AC2000DDF820909342B8BF1346336091F843207B
:10AC300007460C460AB1013333602368990642BFC8
:10AC4000336802333360256815F0060506D104F138
:10AC5000190AE36832689B1AAB4226DC94F8433049
:10AC60002268003B18BF012392062BD404F1430253
:10AC700041463846C84701301ED02368226903F098
:10AC80000603042B02BFE5683368ED1AA3680CBF06
:10AC900025EAE57500259342C4BF9B1AED180026EE
:10ACA0001A34B5421AD1002008E001235246414629
:10ACB0003846C847013003D14FF0FF30BDE8F08778
:10ACC0000135C6E7E1185A1C302081F843002244C0
:10ACD00094F8451082F843100233C7E70123224657
:10ACE00041463846C8470130E6D00136D9E7000072
:10ACF0002DE9F0430D7E85B0782D90460C9E0746D9
:10AD00000C46994601F1430207D8622D0AD8002D5E
:10AD100000F0D780582D00F0BC8004F1420684F882
:10AD200042503BE0A5F16303152BF6D801A151F881
:10AD300023F000BF8DAD0690A1AD06901BAD06902F
:10AD40001BAD06901BAD06901BAD0690A1AD069005
:10AD50001BAD06901BAD06901BAD06901BAD06907B
:10AD6000A9AE0690CBAD06905BAE06901BAD0690EB
:10AD70001BAD0690CBAE06901BAD0690CBAD0690FA
:10AD80001BAD06901BAD069063AE069033681A1D8E
:10AD90001B68326004F1420684F842300123A1E0CE
:10ADA00033682068191D3160060601D51D6803E06F
:10ADB0004506FBD5B3F90050002D03DA2D236D4273
:10ADC00084F843305B480A2311E0216833680806A1
:10ADD00053F8045B02D4490648BFADB23360237E0A
:10ADE00054486F2B5CD10823002184F84310666817
:10ADF000A660002E05DB21682E4321F004012160AE
:10AE000050D01646B5FBF3F103FB115C10F80CC0F3
:10AE100006F801CDAC4663450D46F3D9082B0BD19E
:10AE20002368DB0708D5236961689942DEBF3023B8
:10AE300006F8013C06F1FF36921B2261CDF8009026
:10AE4000434603AA21463846FFF7E4FE01304ED1BF
:10AE50004FF0FF3005B0BDE8F083236843F02003D6
:10AE600023603548782584F845502368316813F00D
:10AE7000800F51F8045B03D113F0400F18BFADB23F
:10AE80003160D90744BF43F0200323601DB1102374
:10AE9000AAE72848E7E7236823F020032360F6E7C2
:10AEA0000A23A1E71646B9E7336825686169181DCA
:10AEB00030602E061B6801D5196002E06806FBD5DC
:10AEC0001980002323611646B8E733681A1D3260E3
:10AED0001E68626800213046D5F7E2F908B1801B90
:10AEE000606063682361002384F84330A6E7236928
:10AEF000324641463846C8470130A9D023689B07EF
:10AF000013D4E068039B9842B8BF1846A2E7012318
:10AF1000324641463846C847013099D00135E3688A
:10AF200003995B1AAB42F2DCEBE7002504F119064A
:10AF3000F5E700BF260E0790370E0790002310B5E7
:10AF40000446C0E90033C0E904338360818143666D
:10AF5000C2818361194608225C3000F0AEF90D4BC6
:10AF600063620D4BA3620D4BE3620D4B23630D4BEC
:10AF700024629C4206D003F16802944202D0D0338E
:10AF80009C4205D104F15800BDE8104000F078BAA9
:10AF900010BD00BF89B10690ABB10690E3B1069039
:10AFA00009B20690546A0024024A0349034800F09B
:10AFB0007DB800BFBC06002431CE0690CC0600242C
:10AFC00041680C4B994210B5044601D001F030FFA6
:10AFD000A168094B994202D0204601F029FFE1689F
:10AFE000064B994204D02046BDE8104001F020BF36
:10AFF00010BD00BF546A0024BC6A0024246B0024E6
:10B000000C4B0D4A0D4810B504211A600022FFF7C1
:10B0100095FF0A4B01221C46092103F16800FFF746
:10B020008DFF04F1D0000222BDE810401221FFF78D
:10B0300085BF00BF8C6B0024A9AF0690546A002422
:10B04000014800F01EBA00BF956B0024014800F0D3
:10B0500019BA00BF956B002410B50446FFF7F0FF46
:10B06000236A1BB1BDE81040FFF7F0BF044B236219
:10B07000044B1B68002BF5D1FFF7C2FFF2E700BFBE
:10B08000C1AF06908C6B00240EB403B5014603AB30
:10B09000054853F8042B0068019301F033FD02B01A
:10B0A0005DF804EB03B07047C80600242DE9F843AF
:10B0B0000746884614460026D4E90195B9F10109EE
:10B0C00005D52468002CF7D13046BDE8F883AB895C
:10B0D000012B07D9B5F90E30013303D02946384684
:10B0E000C04706436835E9E70FB407B5064904AB26
:10B0F000086853F8042B8168019301F003FD03B045
:10B100005DF804EB04B07047C8060024024B01460A
:10B110001868826801F0B4BEC80600240CB430B5CB
:10B12000184B0C1E1D689DB008DA8B232B604FF066
:10B13000FF301DB0BDE8304002B070474FF40273DD
:10B14000ADF814304FF000031B9314BF04F1FF332C
:10B150002346049307934FF6FF7302900690ADF8D1
:10B160001630209A21AB02A92846019301F0A8FBD2
:10B17000431CBCBF8B232B60002CDAD0029B002227
:10B180001A70D6E7C806002410B50C46B1F90E10A7
:10B1900000F004F90028ABBF636DA3891B1823F4EA
:10B1A0008053ACBF6365A38110BD2DE9F0411F46FC
:10B1B0008B89DB0505460C46164605D5B1F90E1000
:10B1C0000223002200F0D8F8A389B4F90E1023F46A
:10B1D0008053A38132463B462846BDE8F04100F04B
:10B1E00013B910B50C46B1F90E1000F0C5F8B4F95A
:10B1F0000C30421C0BBF23F4805343F48053A381D3
:10B20000A38118BF606510BDB1F90E1000F0A4B89D
:10B2100030B51446002C9BB005461A4605DA8B2340
:10B2200003604FF0FF301BB030BD4FF40273ADF838
:10B230000C304FF00003199314BF04F1FF33234681
:10B24000029305934FF6FF7300910491ADF80E3011
:10B2500069461E9B01F034FB431CBCBF8B232B6053
:10B26000002CE0D0009B00221A70DCE707B50093A9
:10B2700013460A46014603480068FFF7C9FF03B0BA
:10B280005DF804FBC8060024884210B501EB0204F7
:10B2900002D98442234607D8431EA14207D011F8A1
:10B2A000012B03F8012FF8E70244824200D110BDC0
:10B2B00013F8011D02F8011DF7E70244034693420B
:10B2C00000D1704703F8011BF9E710B501390346B7
:10B2D00032B111F8014F03F8014B013A002CF7D1BC
:10B2E0001A440021934200D110BD03F8011BF9E775
:10B2F0001F2938B505460C4604D9162303604FF0C4
:10B30000FF3038BDC26B12B152F821304BB928461C
:10B3100000F068F8224601462846BDE8384000F0B3
:10B320004FB8012B0AD0591C03D11623036001200A
:10B33000E7E7002142F82410204698470020E0E784
:10B34000024B01461868FFF7D3BF00BFC8060024B0
:10B35000004870470808002438B5064D002304460D
:10B3600008462B6002F0B6F8431C02D12B6803B1EB
:10B37000236038BD906B002438B5074D044608465D
:10B38000114600222A601A4602F0CCF8431C02D172
:10B390002B6803B1236038BD906B002438B5074D8E
:10B3A00004460846114600222A601A4602F0C2F8F6
:10B3B000431C02D12B6803B1236038BD906B00247D
:10B3C00038B5074D00230446084611462B6002F0AD
:10B3D000A1F8431C02D12B6803B1236038BD00BF24
:10B3E000906B002402F086B838B5064D0023044661
:10B3F00008462B6002F0A6F8431C02D12B6803B16B
:10B40000236038BD906B002438B5074D04460846CC
:10B41000114600222A601A4602F0A2F8431C02D10B
:10B420002B6803B1236038BD906B0024014B186872
:10B43000704700BFC806002470B50D4B0D4D5B1B57
:10B440009C100026A64209D105F080FE0A4D0B4B48
:10B450005B1B9C100026A64205D170BD55F8043B2D
:10B4600098470136EEE755F8043B98470136F2E776
:10B470006C1107906C1107906C110790AC1107903C
:10B48000704770477047034611F8012B03F8012BF2
:10B49000002AF9D170470A44914200F1FF3300D1EC
:10B4A000704710B511F8014B03F8014F9142F9D1E3
:10B4B00010BD2DE9F74F03690C69A34207467EDBF7
:10B4C000013C01F11408A30000F11405009305EB01
:10B4D0008403019358F8243055F8242001339A420C
:10B4E00008EB8409B2FBF3F62ED34FF0000AC446F2
:10B4F000AE46D3465CF8043B98B206FB00A0020CB3
:10B500001B0C06FB0323DEF8002080B292B2121A55
:10B510005A44DEF800004FEA134A9BB2C3EB2243C1
:10B5200003EB104392B242EA0342E1454EF8042B8A
:10B530004FEA234BDED2009BEB582BB9019B043B17
:10B540009D421A462FD33C61384601F04DF8002841
:10B5500025DB2946002058F8042BD1F800C01FFA3B
:10B5600082FE1FFA8CF3A3EB0E030344120CC2EB12
:10B57000234202EB1C429BB243EA0243C14541F81D
:10B58000043B4FEA2240E6D255F8242005EB840321
:10B5900022B9043B9D421A460BD33C61013630462A
:10B5A00003B0BDE8F08F1268043B002ACBD1013C08
:10B5B000C6E71268043B002AEFD1013CEAE700200D
:10B5C000EEE70000000000002DE9F04F2DED028BAA
:10B5D00091B08DED080B0792C2691C9E059155EC48
:10B5E000104B81460D9382B91020FEF79DFF024655
:10B5F000C9F81C0020B99E4BEF219E48FEF75AFF68
:10B600000023C0E901330360C360116859B1526877
:10B610004A60012393408B60484600F0A7FDD9F8AB
:10B620001C3000221A602F1EB5BF01230023336097
:10B630003360914BBCBF27F000470997BB4310D143
:10B640000D9AC7F3130742F20F732743136000F0FC
:10B65000D4841D9B894F002B00F0D684FB1C00F086
:10B66000D1BC9DED088BB5EE408BF1EE10FA0AD1FE
:10B670000D9A012313601D9B13B11D9A804B13601B
:10B68000804F00F0C1BC0EAA0FA94846B0EE480B8F
:10B6900001F05EF83B0D0E9A019046D0B0EE487B6B
:10B6A00018EE901AC1F3130141F07F5141F440119B
:10B6B000A3F2FF33002007EE901AB7EE086B9FED60
:10B6C000665B37EE467B9FED666BA7EE056B9FEDE5
:10B6D000665B07EE903AB8EEE74BB0EE467BA4EE21
:10B6E000057BFDEEC76BB5EEC07BF1EE10FA16EEF2
:10B6F000908A0B9008D5B8EEE66BB4EE476BF1EE8E
:10B7000010FA18BF08F1FF38B8F1160F2BD85E49B0
:10B7100001EBC80191ED007BB4EEC78BF1EE10FA9E
:10B7200001D508F1FF3800211EE00F9B134403F2FE
:10B7300032412029C1BFC1F140018F4003F21241C3
:10B7400024FA01F1D6BFC1F12001394304FA01F115
:10B7500007EE901AB8EE677B013B17EE901A0120B6
:10B76000A1F1F871A7E70121D21A531E049345BF36
:10B77000C2F101030293002300234CBF0493029300
:10B78000B8F1000F0C9118DB049BCDF828804344DE
:10B7900004930023059A092A45D8052AC4BF043A10
:10B7A0000592059AA2F10202CCBF00240124032ACB
:10B7B00044D8DFE802F03436170B029B0022A3EBDB
:10B7C000080302930A92C8F10003E3E701220692FC
:10B7D000079A08EB020B0BF1010A5246012AB8BF87
:10B7E000012206E001220692079A002A29DD9346EB
:10B7F0009246D9F81C500021042000F1140696420C
:10B8000026D969604846039300F072FC039B074603
:10B8100000283DD11D4B024640F2AF11EDE600225B
:10B82000E1E70022D3E701240022CDE905244FF00F
:10B83000FF3B0021DA4612220791DAE70122069245
:10B84000F5E74FF0010BDA465A46CDF81CB0D0E7C9
:10B8500001314000D1E700BF61436F63A787D23F4A
:10B86000B3C8608B288AC63FFB799F501344D33FEF
:10B87000550E07906C0E07900000F07F510E079058
:10B88000250E0790240E0790800F0790C50E079095
:10B89000D9F81C20BAF10E0F106060D8002C5ED0D1
:10B8A000B8F1000F40F3A580BE4A08F00F0102EB8B
:10B8B000C10218F4807F92ED006B4FEA281100F06E
:10B8C0008A80B94A92ED087B01F00F01032288EECD
:10B8D000075BB548002940F0828085EE067B0C9915
:10B8E000002900F0AC80B7EE006BB4EEC67BF1EE41
:10B8F00010FA40F1A480BAF1000F00F0A080BBF173
:10B90000000F2CDDB2EE046B27EE067B08F1FF3151
:10B91000039101325E4606EE902AB1EE0C5BB8EE62
:10B92000E66BA6EE075B15EE902A51EC150BA2F123
:10B93000507141EC160B002E40F08580B1EE045B97
:10B9400037EE457BB4EEC67BF1EE10FA00F363826E
:10B95000B1EE466BB4EEC67BF1EE10FA1FD40F9A2F
:10B96000002AC0F22381B8F10E0F00F31F818D4B26
:10B9700003EBC80393ED007B079B002B80F2C6808E
:10B98000BAF1000F00F3C28009D1B1EE046B27EECB
:10B99000067BB4EEC78BF1EE10FA00F23982002676
:10B9A0003446079BDB4303933D46A04600243146C3
:10B9B000484600F0DBFBB8F1000F00F0A1802CB18D
:10B9C000444503D02146484600F0D0FB4146484656
:10B9D00000F0CCFB94E00222B0EE485B79E7CE07A2
:10B9E00004D590ED007B013226EE076B491008303C
:10B9F00070E720D0C8F100016A4A01F00F0002EBA5
:10BA0000C00292ED007B684828EE077B09110024F4
:10BA10000222B0EE476B19B9002C07FE067B5EE7E9
:10BA2000CD0705D590ED005B0132012426EE056BB4
:10BA300049100830EFE70222B0EE487B4FE7CDF81F
:10BA40000C80564667E7574A02EBC60212ED024BDE
:10BA5000069AB9194AB3B6EE003BB7EE002B3D4645
:10BA600083EE045BB2EE043B35EE466BFDEEC74B56
:10BA700014EE902AB8EEE45B303237EE457BB4EE3C
:10BA8000C67BF1EE10FA05F8012B39D432EE475B94
:10BA9000B4EEC65BF1EE10FA6DD48D423FF45FAFA9
:10BAA00026EE036B27EE037BE0E7384624EE065BC9
:10BAB000B2EE043BFDEEC74B14EE902A303200F894
:10BAC000012B8842B8EEE46B37EE467B1BD1B6EE15
:10BAD000006B35EE064BB4EEC47BF1EE10FA07EBCB
:10BAE000060548DC36EE456BB4EEC67BF1EE10FA87
:10BAF0007FF535AF2B4615F8012D302AFAD01D46BB
:10BB0000DDF80C8025E027EE037BD3E73D46B2EE5F
:10BB1000045B88EE076BBDEEC66B16EE103A303351
:10BB200005F8013BEB1B9A45B8EEC64BA4EE478BDC
:10BB300030D138EE088BB4EEC78BF1EE10FA18DC7A
:10BB4000B4EE478BF1EE10FA03D116EE103ADB0794
:10BB50000FD40199484600F009FB00230D9A2B7081
:10BB600008F1010313601D9B002B00F04D821D6046
:10BB70004AE2CDF80C802B461D4613F8012D392AD8
:10BB800005D19F42F8D1039A01320392302201324B
:10BB90001A70B5E728EE058BB5EE408BF1EE10FA82
:10BBA000B7D1D6E7800F0790580F07900699002964
:10BBB00000F0EA800599012900F3CC800B99002957
:10BBC00000F0C48002F23342029D1E460393029BA2
:10BBD00013440293049B012113444846049300F04C
:10BBE00079FB039B044665B1049A002A09DDAA4249
:10BBF0000299A8BF2A46891A02910499AD1A8A1A95
:10BC000004920BB3069A002A00F0C580002E00F0C3
:10BC1000BF802146324648460B9300F01BFC019A38
:10BC200001460446484600F06BFB019903904846E4
:10BC300000F09CFA0B9B9B1B00F0B08003991A4606
:10BC4000484600F007FC01900121484600F042FB05
:10BC50000A9B0646002B00F0DD811A460146484645
:10BC600000F0F8FB059B012B064600F3A080089B23
:10BC7000002B40F09680099BC3F31302002A40F08A
:10BC8000928023F00042120D1205002A00F08D80F0
:10BC9000029B01330293049B0133049301230B9312
:10BCA0000A9B002B00F0BC81326906EB820210690E
:10BCB00000F0C4FAC0F12000049B184410F01F00EB
:10BCC00000F08180C0F12002042A73DD029BC0F1E4
:10BCD0001C0003440293049B054403440493029B09
:10BCE000002B05DD01991A46484600F00FFC019033
:10BCF000049B002B05DD31461A46484600F006FC41
:10BD000006460C9B002B60D00198314600F06CFC7D
:10BD100000285ADA08F1FF330393019900230A221D
:10BD2000484600F045FA069B0190002B00F07A810E
:10BD3000214600230A22484600F03AFABBF1000FE0
:10BD400004466EDC059B022B48DC6AE00E9AC2F1C9
:10BD5000360239E70AF1FF36B34207DBBAF1000FCA
:10BD6000A3EB06060BDB029D52462FE7F21A0A9B55
:10BD7000029D13440A9352463346002626E7029A50
:10BD8000A2EB0A05002221E7029D069C1E462AE737
:10BD9000019A039252E701991A4651E7039B0193D6
:10BDA00052E700237BE7089B79E70B9278E70023B3
:10BDB0000B9379E793D0029B1C3213440293049BAC
:10BDC000154413448AE70246F5E7BAF1000FCDF8AF
:10BDD0000C80D34621DC059B022B1EDDBBF1000F3E
:10BDE0007FF4DFAD31465B460522484600F0E0F9BE
:10BDF00001460646019800F0F7FB00287FF7D1AD19
:10BE00003D46312305F8013B039B01330393CCE509
:10BE1000CDF80C8056463446F2E7069B002B00F026
:10BE20000581002D05DD21462A46484600F06EFBBF
:10BE300004460B9B002B57D06168484600F058F928
:10BE4000054628B9834B024640F2EF21FFF7D5BBE8
:10BE500022690232920004F10C010C30FFF71BFB47
:10BE600001222946484600F051FB80467B1C029384
:10BE700007EB0B030A93089B03F001030793029B54
:10BE80000198314603F1FF3BFFF713FB2146049075
:10BE900000F1300A019800F0A7FB424606903146B7
:10BEA000484600F0BDFBC2680546FAB90146019854
:10BEB00000F09AFB024629464846089200F056F9DF
:10BEC000059B089A029D42EA0301079B19430FD183
:10BED000BAF1390F28D0069B002B02DD049B03F139
:10BEE000310A8BF800A062E5A046BFE70122E2E735
:10BEF000069B002B04DB05990B4307990B4320D1CC
:10BF0000002AEEDD01990122484600F0FFFA314691
:10BF1000019000F069FB002803DCE2D11AF0010F68
:10BF2000DFD0BAF1390FD9D139238BF800302B4645
:10BF30001D46013B15F8012C392A56D001321A70E2
:10BF400035E5002A07DDBAF1390FEDD00AF101031A
:10BF50008BF800302BE5029B029A03F801AC0A9B98
:10BF600093422CD0019900230A22484600F020F980
:10BF7000444501904FF000034FF00A022146484625
:10BF800007D100F015F904468046029B0133029365
:10BF900075E700F00DF94146044600230A224846A1
:10BFA00000F006F98046F0E7BBF1000F0BF1FF351A
:10BFB00007F10102D8BF0025A046154400240199CD
:10BFC0000122484600F0A2FA3146019000F00CFB35
:10BFD0000028ACDC02D11AF0010FA8D12B461D4677
:10BFE00013F8012D302AFAD0E1E49F42A0D1039B3F
:10BFF0000133039331233B70D9E41D9B164F1BB1D2
:10C0000007F108031D9A1360384611B0BDEC028B8E
:10C01000BDE8F08F059B012B7FF729AE0A9B0B93A0
:10C02000012049E6BBF1000F7FF7D5AE3D460198F0
:10C030003146FFF73EFA00F1300A05F801ABEA1B82
:10C040009345B1DD019900230A22484600F0B0F87B
:10C050000190ECE7C50E0790480E079038B50546ED
:10C06000002941D051F8043C0C1F002BB8BFE41844
:10C07000FEF70CFB1D4A136833B963601460284651
:10C08000BDE83840FEF708BBA34208D92068211854
:10C090008B4201BF19685B6809182160EDE71A46F9
:10C0A0005B680BB1A342FAD911685018A0420BD1BA
:10C0B00020680144501883421160E0D118685B6821
:10C0C000536008441060DAE702D90C232B60D6E7EE
:10C0D000206821188B4204BF19685B68636004BF45
:10C0E000091821605460CAE738BD00BF506A0024B7
:10C0F00070B5C46905460E4684B91020FEF714FADF
:10C100000446E86128B90246164B17486B21FEF732
:10C11000D1F90023C0E901330360C360E36853B978
:10C12000212204212846FEF7EBF9EB69E060DB6889
:10C130000BB9002070BD53F8260030B1026843F8F7
:10C1400026200023C0E90333F4E7012101FA06F4B5
:10C15000621D92002846FEF7D3F90028E9D0C0E915
:10C160000164EEE7550E0790D60E079070B5C669CC
:10C1700005460C4676B91020FEF7D6F90246E8616E
:10C1800020B9094B09488F21FEF794F9C0E90166EF
:10C190000660C6603CB1EB696268DB6853F8221048
:10C1A000216043F8224070BD550E0790D60E0790CF
:10C1B0002DE9F0410D6907460C461E4601F1140CAD
:10C1C0000020DCF8003099B202FB01611E0C0B0C60
:10C1D00002FB063389B2013001EB034185424CF882
:10C1E000041B4FEA1346ECDC0EB3A368AB4219DC28
:10C1F000616838460131FFF77BFF804628B9024667
:10C200000C4B0D48BA21FEF755F92269023204F1B0
:10C210000C0192000C30FFF73EF921463846FFF73B
:10C22000A5FF444604EB850301355E612561204688
:10C23000BDE8F081C50E0790D60E0790B0F5803F9F
:10C24000034636BF030400201020B3F1807F3CBFBB
:10C250001B020830B3F1805F3CBF1B010430B3F117
:10C26000804F3CBF9B000230002B05DB13F0804F5A
:10C2700000F1010008BF202070470368024613F058
:10C2800007000BD0D90721D4980749BF5B089B084A
:10C29000012013605CBF13600220704799B209B996
:10C2A0001B0C1020D9B209B908301B0A190704BFAA
:10C2B0001B090430990704BF9B080230D90703D437
:10C2C0005B0800F1010003D0136070470020704745
:10C2D0002020704710B50C460121FFF709FF0246E8
:10C2E00028B9054B054840F24511FEF7E3F8012354
:10C2F0004461036110BD00BFC50E0790D60E0790C4
:10C300002DE9F04FD1F81090D2F810A0D14585B0AA
:10C310008846144604DB53460C46CA469046994666
:10C32000A36861680AEB0906B342B8BF0131FFF7A1
:10C33000DFFE30B90246454B45484FF4B171FEF778
:10C34000B9F800F1140505EB86072B460022BB4225
:10C350001FD304F1140C08F114010CEB8A0301EB58
:10C36000890202921A1B153A22F0030215349C42EC
:10C3700088BF00220192029A03918A420CD8002EB3
:10C3800003DD57F8043D002B5DD0066105B0BDE824
:10C39000F08F43F8042BDAE7B1F800A0BAF1000FF0
:10C3A00024D0E046A9464FF0000E58F8042BD9F8E7
:10C3B00000401FFA82FBA4B20AFB0B444FEA124B67
:10C3C000D9F8002074444FEA124E0AFB0BE202EB4C
:10C3D0001442A4B244EA0244434549F8044B4FEAEC
:10C3E000124EE2D8019AAA18C2F804E0039AB2F8F1
:10C3F00002800431B8F1000F23D02A68E646914646
:10C40000AA464FF0000BBEF8004008FB04B404EB52
:10C41000194492B242EA04424AF8042B5EF8042B13
:10C42000DAF800904FEA124B1FFA89F208FB0B2250
:10C4300002EB144273454FEA124BE4D8019C2C19CD
:10C440006260043597E7013E99E700BFC50E07908B
:10C45000D60E07902DE9F843174612F003028046E6
:10C460000D4607D0264C013A002354F82220FFF74E
:10C470009FFE0546BF103FD0D8F81C4094B910204D
:10C48000FEF752F80446C8F81C0030B902461D4BAE
:10C490001D4840F2B311FEF70DF80023C0E9013347
:10C4A0000360C360A66846B940F271214046FFF7B9
:10C4B00011FF0023A060064603602C464FF00009E0
:10C4C00007F001037F1053B1294632464046FFF77B
:10C4D00017FF214605464046FFF748FE67B1306822
:10C4E00038B9324631464046FFF70AFF3060C0F89F
:10C4F000009006462C46E3E72846BDE8F88300BFD7
:10C500004C0F0790550E0790D60E07902DE9F84F67
:10C510000C464968236903EB6218A3680746154671
:10C520004FEA621A08F101094B450BDB3846FFF769
:10C53000DFFD064648B90246294B2A484FF4EF7101
:10C54000FDF7B8FF01315B00EEE7002300F1140CAA
:10C5500000F110021946534535DB22692AEAEA7ACE
:10C560000CEB8A0C04F1140315F01F0E614603EB6B
:10C5700082022CD0CEF1200A002518688B4600FAE2
:10C580000EF02843CBF8000053F8045B9A4201F107
:10C59000040125FA0AF5F0D8131B153B23F0030319
:10C5A00004F115018A4238BF00239C44CCF80450A2
:10C5B00005B9C1463846C6F810902146FFF7D6FDAA
:10C5C0003046BDE8F88F42F8041F0133C3E753F843
:10C5D000045B0D609A4201F10401F8D8E9E700BF5D
:10C5E000C50E0790D60E07900A6903460069801AA7
:10C5F00030B50ED11433143103EB820401EB820108
:10C6000054F8045D51F8042D954203D005D24FF043
:10C61000FF3030BDA342F3D3FBE70120F9E7000070
:10C620002DE9F74F8A460646114650461446FFF755
:10C63000DBFF051E12D129463046FFF759FD0246A1
:10C6400028B9414B40F237214048FDF733FF012321
:10C65000C0E90435104603B0BDE8F08FBCBF5346B7
:10C66000A2463046DAF80410BABF1C460125002560
:10C67000FFF73EFD024618B9334B40F24521E3E790
:10C68000DAF810702669C5600AF1140904F1140E75
:10C6900000F114050AF1100309EB87080EEB86067A
:10C6A0000193AB464FF0000C019B5EF8040B53F86E
:10C6B00004AF01931FFA8AF3194683B2CB1A000C18
:10C6C0006344C0EB1A4000EB23409BB243EA0043B3
:10C6D00076454BF8043B4FEA204CE5D8331B153B1D
:10C6E000153423F00303A64238BF0023E8184B4457
:10C6F0001C1D04302646A5EB0905464506EB050E34
:10C700000ED308F10301091B21F003010133984501
:10C7100038BF0021014451F8043D9BB1176199E7EE
:10C7200056F8041BE2464FEA11491CFA81FC5144B9
:10C7300009EB2C4989B241EA09414FEA294CCEF86C
:10C740000010DAE7013FE6E7C50E0790D60E079026
:10C750002DE9F7430F46012159EC108B1646FFF7E0
:10C76000C7FC044630B90246234B244840F20F313F
:10C77000FDF7A0FEC9F30A55C9F313030DB143F445
:10C7800080130193B8F1000323D068460093FFF7AC
:10C7900074FD0099D8B1019AC0F1200302FA03F3A5
:10C7A0000B43C24063610192019BA361002B0CBF4C
:10C7B000012202222261A5B1A5F2334505443D6064
:10C7C000C0F135003060204603B0BDE8F083616100
:10C7D000EAE701A8FFF751FD019B636120300122C8
:10C7E000E8E704EB8203A0F2324038601869FFF7F3
:10C7F00025FDC0EB4210E5E7C50E0790D60E079069
:10C800002DE9F0478E681F46BE4282460C46904690
:10C81000334653D8B1F90C0010F4906F2BD06569F2
:10C820002368096905EB4505A3EB010905EBD575FF
:10C830007B1C6D104B44AB422A4684BF1D462A46E2
:10C84000430527D511465046FDF7A0FE064658B3CE
:10C8500021694A46FEF71FFEA38923F4906343F043
:10C860008003A381266165614E44A5EB090526601E
:10C87000A5603E463B461F4620683A464146FEF7C5
:10C8800003FDA3689B1BA36023683B442360002037
:10C89000BDE8F087504600F0CBFB06460028E1D10A
:10C8A00021695046FFF7DAFB0C23CAF80030A38950
:10C8B00043F04003A3814FF0FF30E9E73E46DBE75A
:10C8C0002DE9F0471F468B891B069CB006460D4696
:10C8D000144610D50B6973B94021FDF757FE286047
:10C8E000286130B90C2333604FF0FF301CB0BDE835
:10C8F000F08740236B610023099320238DF82930B2
:10C9000003973023654F8DF82A304FF001082346F6
:10C91000994613F8012B0AB1252AF9D1B9EB040A7B
:10C920000BD05346224629463046FFF769FF0130B7
:10C9300000F0A480099A5244099299F80030002B23
:10C9400000F09C8000234FF0FF32CDE9052309F170
:10C950000109049307938DF853301A934C464F48BE
:10C9600014F8011B0522D3F79BFC049BD0B9D80611
:10C9700044BF20228DF85320190744BF2B228DF885
:10C98000532099F800202A2A13D0079A4C460020F9
:10C990004FF00A0C214611F8013B303B092B49D9D5
:10C9A00068B913E0C01B08FA00F018430490A146D0
:10C9B000D4E7039A111D12680391002A01DB079244
:10C9C00004E0524243F002030792049323782E2B93
:10C9D0000AD163782A2B32D1039B1A1D1B6803925C
:10C9E00043EAE37302340593DFF8C0902178032211
:10C9F0004846D3F755FC38B1049BA0EB0900402210
:10CA0000824013430134049314F8011B24488DF829
:10CA100028100622D3F744FC002835D0214818BB43
:10CA2000039B073323F0070308330393099B034455
:10CA300009936CE70CFB02320C460120AAE70023A5
:10CA40000134059319464FF00A0C204610F8012BCB
:10CA5000303A092A03D9002BC6D00591C4E70CFB54
:10CA6000012104460123F0E703AB00932A460E4B55
:10CA700004A93046FDF7B4FE421CD7D1AB895B0652
:10CA80003FF532AF099831E703AB00932A46064BD6
:10CA900004A93046FEF72CF9EEE700BF300F0790EF
:10CAA0003A0F0790E1A7069001C80690360F07904D
:10CAB0009368013B002B10B4936008DA9469A34299
:10CAC00001DB0A2903D15DF8044B00F00DBA1368AD
:10CAD000581C1060197008465DF8044B7047F8B593
:10CAE00006460F461446D518AC4201D1002007E097
:10CAF00014F8011B3A463046FFF7DAFF431CF3D126
:10CB0000F8BD00002DE9F0470D469CB014461F46C5
:10CB1000064618B1036A0BB9FEF79EFA6B6ED90789
:10CB200005D4AB899A0502D4A86DFEF7AAFCAB899F
:10CB30001B0701D52B699BB92946304600F012FA34
:10CB400070B16B6EDC0704D54FF0FF301CB0BDE850
:10CB5000F087AB899805F7D4A86DFEF793FCF3E74F
:10CB60000023099320238DF82930039730236A4F3F
:10CB70008DF82A304FF001082346994613F8012B0F
:10CB80000AB1252AF9D1B9EB040A0BD05346224643
:10CB900029463046FFF7A3FF013000F0A480099A30
:10CBA0005244099299F80030002B00F09C80002339
:10CBB0004FF0FF32CDE9052309F1010904930793F2
:10CBC0008DF853301A934C46534814F8011B052234
:10CBD000D3F766FB049BD0B9D90644BF20228DF859
:10CBE00053201A0744BF2B228DF8532099F80020B8
:10CBF0002A2A13D0079A4C4600204FF00A0C2146EF
:10CC000011F8013B303B092B49D968B913E0C01B2F
:10CC100008FA00F018430490A146D4E7039A111DC6
:10CC200012680391002A01DB079204E0524243F0AC
:10CC300002030792049323782E2B0AD163782A2BC0
:10CC400032D1039B1A1D1B68039243EAE37302343B
:10CC50000593DFF8D490217803224846D3F720FBD0
:10CC600038B1049BA0EB09004022824013430134F9
:10CC7000049314F8011B29488DF828100622D3F7D5
:10CC80000FFB00283ED0264818BB039B073323F038
:10CC9000070308330393099B034409936CE70CFBD8
:10CCA00002320C460120AAE70023013405931946FD
:10CCB0004FF00A0C204610F8012B303A092A03D90C
:10CCC000002BC6D00591C4E70CFB012104460123CB
:10CCD000F0E703AB00932A46124B04A93046FDF758
:10CCE0007FFD431CD7D16B6ED90705D4AB899A055C
:10CCF00002D4A86DFEF7C6FBAB895B063FF524AFF7
:10CD0000099823E703AB00932A46064B04A9304653
:10CD1000FDF7EEFFE5E700BF300F07903A0F0790F1
:10CD2000E1A70690DFCA0690360F0790B1F90C20F4
:10CD30002DE9F041160705460C4651D44B68002BEF
:10CD400002DC0B6C002B49DDE66A002E46D0002386
:10CD500012F480522F682B6031D0626DA38959077D
:10CD600005D56368D21A636B0BB1236CD21A00230A
:10CD7000E66A216A2846B047421CB4F90C3006D155
:10CD800029681D2946D8294ACA40D60742D500221B
:10CD90006260D9042269226004D5421C01D12B684B
:10CDA00003B96065616B2F60C1B104F1440399421E
:10CDB00002D02846FFF752F9002363630EE0216A90
:10CDC00001232846B0470246501CC7D12B68002BD0
:10CDD000C4D01D2B01D0162B1AD12F6000201EE0CD
:10CDE0000F69002FFAD093070E6808BF4B690F60D8
:10CDF00018BF0023A6EB07088B60B8F1000FEDDD2C
:10CE0000216AA66A43463A462846B047002808DC0D
:10CE1000B4F90C3043F04003A3814FF0FF30BDE87C
:10CE2000F0810744A8EB0008E7E700BF01004020BD
:10CE300038B50B6905460C4613B90025284638BDA0
:10CE400018B1036A0BB9FEF707F9B4F90C30002BDF
:10CE5000F3D0626ED00704D4990502D4A06DFEF71A
:10CE600010FB28462146FFF761FF636EDA0705468F
:10CE7000E4D4A3899B05E1D4A06DFEF703FBDDE7B5
:10CE800070B50D461446064618B1036A0BB9FEF795
:10CE9000E3F8636ED80705D4A389990502D4A06D81
:10CEA000FEF7EFFAA368013B002BA36005DAA26945
:10CEB000934212DBEBB20A2B0FD023685A1C22607C
:10CEC0001D70EDB2636EDA0705D4A3899B0502D409
:10CED000A06DFEF7D7FA284670BD29462246304697
:10CEE00000F002F80546EDE7F8B50E461446054693
:10CEF00018B1036A0BB9FEF7AFF8A369A360A38961
:10CF00001A0701D5236943B92146284600F02AF8BB
:10CF100018B14FF0FF373846F8BD23682269981AD8
:10CF20006369F6B28342374605DC21462846FFF79F
:10CF30007FFF0028EDD1A368013BA36023685A1C42
:10CF400022601E706269431C9A4204D0A389DB07E9
:10CF5000E1D50A2EDFD121462846FFF769FF0028D8
:10CF6000D9D0D6E738B5284B054618680C4618B115
:10CF7000036A0BB9FEF770F8B4F90C301A0721D424
:10CF8000D80607D409222A6043F04003A3814FF05A
:10CF9000FF3030E0590712D5616B41B104F1440311
:10CFA000994202D02846FFF759F800236363002214
:10CFB000B4F90C3062602269226023F0240343F04C
:10CFC0000803A38122693AB99A0501D5180603D549
:10CFD0002146284600F08BF8B4F90C3013F001021A
:10CFE0000AD00022A26062695242A261226942B95B
:10CFF00013F08000C8D138BD990758BF6269A2609C
:10D00000F4E70020F7E700BFC806002482B001B9AA
:10D0100001A942B14BB113780B601278101E18BFF2
:10D02000012002B070471046FBE76FF00100F8E7FF
:10D030002DE9F041074614460D4621B9BDE8F041FF
:10D040001146FDF7A3BA2AB9FFF708F82546284686
:10D05000BDE8F08100F0A6F88442064602D8B4EBA1
:10D06000500FF4D821463846FDF790FA804608B9AB
:10D070004546ECE7B4422246294628BF3246FEF731
:10D080000AFA29463846FEF7E9FFF1E70346084663
:10D0900041B1FF2A04D98A221A604FF0FF3070474D
:10D0A0000A700120704770B50C46B1F90E100029C6
:10D0B00096B015461E460ADAA18911F0800113D1F7
:10D0C0004FF48062002031602A6016B070BD6A465D
:10D0D00000F046F80028EFDB019901F47041A1F55A
:10D0E000005359425941EBE700214022EAE78B897E
:10D0F00073B59E0705460C4607D504F14703236028
:10D1000023610123636102B070BD01AB6A46FFF782
:10D11000CAFF009E28463146FDF738FAB4F90C30B4
:10D1200038B99A05EFD423F0030343F00203A38137
:10D13000E3E743F08003A381019B2060C4E9040678
:10D14000002BE0D0B4F90E10284600F01BF80028A0
:10D15000D9D0A38923F0030343F00103A381D2E7CD
:10D1600038B5074D00230446084611462B6000F0F1
:10D17000B9F9431C02D12B6803B1236038BD00BF4D
:10D18000906B002438B5064D0023044608462B60FA
:10D1900000F0B8F9431C02D12B6803B1236038BDFD
:10D1A000906B002451F8043C181F002BBCBF0B5897
:10D1B000C0187047430803F05533C01A830803F0C2
:10D1C000333300F03330184400EB101000F00F3010
:10D1D00000EB002000EB0040000E70472DE9F04707
:10D1E000089D0F4604468C46002B48D18A421646BD
:10D1F00061D9B2FA82F34BB1C3F1200201FA03FC08
:10D2000020FA02F29E4042EA0C0C9C404FEA164E75
:10D21000B7B2BCFBFEF1220C0EFB11CC42EA0C4271
:10D2200001FB07F0904209D9B21801F1FF3C80F0F0
:10D23000EE80904240F2EB8002393244121AA4B2DE
:10D24000B2FBFEF00EFB102244EA024400FB07F79B
:10D25000A74209D9341900F1FF3280F0DA80A742E1
:10D2600040F2D7803444023840EA0140E41B0021F8
:10D270001DB1DC400023C5E90043BDE8F0878B42C7
:10D2800006D90DB1C5E9000100210846BDE8F087C7
:10D29000B3FA83F1002948D1BB4202D3824200F2A3
:10D2A0000781841A67EB030201209446002DE4D025
:10D2B000C5E9004CE1E7002A00F09280B2FA82F35F
:10D2C000002B40F0A8808A1A4FEA164E1FFA86FCFF
:10D2D0000121200CB2FBFEF70EFB172240EA0242AE
:10D2E0000CFB07F0904207D9B21807F1FF3802D2C1
:10D2F000904200F2E2804746121AA4B2B2FBFEF05E
:10D300000EFB102244EA02440CFB00FCA44507D9A2
:10D31000341900F1FF3202D2A44500F2CB8010464E
:10D32000A4EB0C0440EA0740A2E7C1F120068B40C1
:10D3300022FA06FC4CEA030C07FA01F420FA06F381
:10D34000F7404FEA1C49234300FA01F81FFA8CFE0C
:10D35000B7FBF9F01C0C09FB107744EA074400FB0B
:10D360000EF7A74202FA01F20AD91CEB040400F1FD
:10D37000FF3A80F09B80A74240F2988002386444D4
:10D38000E41B9FB2B4FBF9F309FB134447EA0444DE
:10D3900003FB0EFEA64509D91CEB040403F1FF377D
:10D3A00080F08280A6457FD9023B644443EA004076
:10D3B000A4EB0E04A0FB02E7BC427346B94663D35C
:10D3C00060D05DB1B8EB030264EB090404FA06F621
:10D3D00022FA01F31E43CC40C5E9006400214CE76A
:10D3E0006208480842EAC1710B0C43EA00438AB262
:10D3F00042EA0342B3FBF6F1E407B4463746B646C9
:10D400001F23B0FBF6F0D21B41EA004161E7614601
:10D4100014E7104628E7C3F1200120FA01F29E40EC
:10D4200027FA01F19F403A434FEA164E1FFA86FC55
:10D43000B1FBFEF70EFB1710110C41EA004107FB90
:10D440000CF8884504FA03F43AD9711807F1FF3053
:10D4500001D288451FD8A1EB0801B1FBFEF808FBFB
:10D460000CF70EFB181192B242EA0142BA422FD2D7
:10D47000B21808F1FF31C6D2BA42C4D2A8F10201F3
:10D480003244C0E7F0459CD2BEEB020367EB0C07C9
:10D490000138B94695E7A6EB08084144B81EB1FB30
:10D4A000FEF808FB0CF7DCE73B467FE7504667E7F2
:10D4B0000846FBE63444023832E7023F32441BE7B9
:10D4C000A1EB08013846B1FBFEF808FB0CF7C8E7F2
:10D4D000414698E7024B58221A604FF0FF307047E0
:10D4E000906B0024024B58221A604FF0FF307047B7
:10D4F000906B0024024B58221A604FF0FF307047A7
:10D50000906B0024024B58221A600020704700BF25
:10D51000906B0024024B58221A604FF0FF30704786
:10D52000906B0024024B58221A604FF0FF30704776
:10D53000906B0024024B58221A604FF0FF30704766
:10D54000906B0024044A05491368002B08BF0B4662
:10D550001844106018467047986B00249C6B002498
:10D56000024B58221A604FF0FF307047906B002436
:10D57000FEE700BF020100060007010100030200F0
:10D5800002040000010F010E00020609020C030252
:10D590000208020A0209020B030B0000300000001F
:10D5A000030000000000803F0000803F0054004066
:10D5B00000580040005C0040001C00580000004083
:10D5C0000004004000080040000C00402500260038
:10D5D0002700340035004700520053008E00000041
:10D5E00053657474696E6720636F6E74726F6C201C
:10D5F000757064617465207261746520746F202594
:10D600002E326620487A0000766563746F723A3A6B
:10D610005F4D5F7265616C6C6F635F617070656EAA
:10D62000640000005374617274696E672041444362
:10D63000000000005469636B204672657175656E69
:10D6400063793A20256420487A00000063616E6E99
:10D650006F7420637265617465207374643A3A6410
:10D6600065717565206C6172676572207468616EA2
:10D67000206D61785F73697A65282900427970614D
:10D68000737300005061737320546872750000005A
:10D690004D6574002573256400000000252E316659
:10D6A00020487A002B252E3066000000252E30669B
:10D6B000000000002D2D00004E6F7465000000007A
:10D6C0004672657175656E637900000043656E741E
:10D6D000730000004F4E00004F4646004D657472C7
:10D6E0006F6E6F6D653A20257300000025733A2038
:10D6F0002564000054554E4552204D4F44450000CE
:10D70000506F70756C6174696E67206566666563DD
:10D7100074732E2E2E000000446F6E6520706F70A3
:10D72000756C6174696E6720656666656374732ED7
:10D7300000000000252E3266000000004566666588
:10D740006374506172616D6574657220272573275B
:10D750002064697363726574652076616C756520F9
:10D76000696E6465783A2025640000004566666548
:10D770006374506172616D6574657220272573272B
:10D780002064697363726574652076616C756520C9
:10D7900025643A2025730000436F6E74696E756FBF
:10D7A0007573207475726E20646574656374656446
:10D7B00020666F7220706172616D657465722027DA
:10D7C0002573272E20496E6372656173696E672029
:10D7D000616363656C65726174696F6E206D756CF1
:10D7E0007469706C6965722E00000000252E316628
:10D7F00000000000252E3066206D73004B31204D57
:10D80000697800004B3220446570746800000000A5
:10D810004B332052617465004B3420466565646269
:10D8200061636B004B352044656C6179206D73003A
:10D83000453220576176650043686F72757300004A
:10D8400053696E65000000005472690053617700EF
:10D8500053717561726500004B32204665656462E4
:10D8600061636B004B332053756264697669736939
:10D870006F6E000045312054656D706F0000000030
:10D8800045312054696D650054656D706F204D6F92
:10D89000646500004F6666004F6E00005F00000088
:10D8A0005E0000005E2060005D0000005D206020E2
:10D8B000600000005D2060005C0000004B33204DE4
:10D8C0006F642052617465004B34204D6F642044B6
:10D8D00065707468000000004B3520537562646900
:10D8E000766973696F6E00004D6F642044656C61EA
:10D8F0007900000053696E0052616D7000000000F5
:10D900005042205472690000504220536177000059
:10D9100050422053710000004B35204D616E7561FF
:10D920006C206D7300000000466C616E67657200CC
:10D930004B33204375746F666620487A0000000000
:10D9400052657665726200004B32205265736F6ECD
:10D95000616E636500000000455020537765657077
:10D96000000000004B34204C6F7720467265710038
:10D970004B352048696768204672657100000000D9
:10D98000576168004B33204672657175656E637927
:10D99000000000004B342041747461636B206D7390
:10D9A000000000004B352052656C65617365206D89
:10D9B000730000004B362053656E73697469766995
:10D9C000747900004175746F7761680045312056A5
:10D9D0006F69636500000000453220446F776E2B4D
:10D9E000000000004175746F7761682056320000B6
:10D9F000537562746C6500005374726F6E6700003B
:10DA00004D617800436C617373696300436C6173AB
:10DA1000736963204C696E00526566696E656400C7
:10DA2000526566696E6564204C696E004D6F746F57
:10DA300072205761680000004B34205261746520E9
:10DA4000487A00004B35204465707468000000007F
:10DA50004D7973746572696F757300004B3120578F
:10DA60006168204D697800004B32205377656570FE
:10DA7000000000004B3320466C616E6765000000BB
:10DA80004B34204D6F74696F6E0000004B3520459C
:10DA900063686F004B3620537061636500000000BF
:10DAA000466C79004B3220537765657020487A00C8
:10DAB0004B332053656E73004B34204563686F20F1
:10DAC0004D6978004B35204563686F204664626B72
:10DAD0000000000054696D650000000054656D7021
:10DAE0006F0000004B352043656E74657220487AE4
:10DAF0000000000045312053746167657300000029
:10DB000050686173657200005265666572656E6388
:10DB100065000000766563746F723A3A5F4D5F6628
:10DB2000696C6C5F696E73657274000028285F7A97
:10DB3000632E6E756D5F65646765732829203E20CE
:10DB4000312920262620224E6F7420656E6F75675E
:10DB5000682065646765732E22290000766F69640A
:10DB60002063796366693A3A713A3A706572696F0F
:10DB7000645F6465746563746F723A3A6175746F5B
:10DB8000636F7272656C61746528290064657065E5
:10DB90006E64656E636965732F63796366692F715F
:10DBA0002F715F6C69622F696E636C7564652F718C
:10DBB0002F70697463682F706572696F645F646544
:10DBC000746563746F722E687070000028285F6C33
:10DBD000656164696E675F65646765203C3D206EC2
:10DBE0006578742E5F6C656164696E675F656467F4
:10DBF00065292026262022496E76616C6964206F93
:10DC0000726465722E2229007374643A3A73697AD9
:10DC1000655F742063796366693A3A713A3A7A6566
:10DC2000726F5F63726F7373696E675F636F6C6C43
:10DC30006563746F723A3A696E666F3A3A706572EC
:10DC4000696F6428636F6E73742063796366693AE1
:10DC50003A713A3A7A65726F5F63726F7373696E85
:10DC6000675F636F6C6C6563746F723A3A696E6676
:10DC70006F262920636F6E73740000006465706501
:10DC80006E64656E636965732F63796366692F716E
:10DC90002F715F6C69622F696E636C7564652F719B
:10DCA0002F7574696C6974792F7A65726F5F63720E
:10DCB0006F7373696E675F636F6C6C6563746F72AB
:10DCC0002E68707000000000666C6F6174206379CC
:10DCD0006366693A3A713A3A7A65726F5F63726F56
:10DCE0007373696E675F636F6C6C6563746F723AB0
:10DCF0003A696E666F3A3A6672616374696F6E6113
:10DD00006C5F706572696F6428636F6E73742063F3
:10DD1000796366693A3A713A3A7A65726F5F63720B
:10DD20006F7373696E675F636F6C6C6563746F723A
:10DD30003A3A696E666F262920636F6E737400002D
:10DD400054756E657200000028285F6E756D5F6502
:10DD500064676573203C205F696E666F2E73697A15
:10DD6000652829292026262022426164205F7369C4
:10DD70007A65222900000000766F69642063796368
:10DD800066693A3A713A3A7A65726F5F63726F7395
:10DD900073696E675F636F6C6C6563746F723A3A38
:10DDA0007570646174655F737461746528666C6F07
:10DDB0006174290043000000432300004400000078
:10DDC00044230000450000004600000046230000F8
:10DDD00047000000472300004100000041230000ED
:10DDE00042000000506172616C6C656C2044656C8F
:10DDF000617900004B34204D697800004B35204696
:10DE00006565646261636B004B36205375626469BB
:10DE1000766973696F6E000045312054656D706FCF
:10DE20002031000045312054696D6520310000002B
:10DE300045322054656D706F203200004532205409
:10DE4000696D652032000000536C61706261636B24
:10DE50000000000053747265657473004B362053E4
:10DE60006C6170204D697800453220506572630006
:10DE70004461697379206973206F6E6C696E650007
:10DE80003D3D3D3D3D3D3D3D3D3D3D3D3D3D3D00FF
:10DE90000A0A0909090A0000456C656374726F7308
:10DEA0006D697468000000004461697379205365EE
:10DEB00065642045787465726E616C00434443204C
:10DEC000436F6E666967000043444320496E746582
:10DED000726661636500000044616973792053656F
:10DEE0006564204275696C7420496E004552524F3A
:10DEF000523A2000496E76616C6964204465766907
:10DF000063652068616E646C65000000496E76612F
:10DF10006C696420436C6173732068616E646C6526
:10DF20000000000034E2069034DF069020007E00FE
:10DF30001B00000000000101060016000100021095
:10DF400006020600050006050801060009000D117D
:10DF50000D00050025000B140D01040041001211F5
:10DF60001401050068000E110F010500860002056E
:10DF70000401060088000516080105009600051634
:10DF800008020500A400080709010500AB000C0CFD
:10DF90000D010800BD00020506021400BF000702C3
:10DFA00008000F00C100020206021400C20007119F
:10DFB00006000500D1000B110D010500E900061156
:10DFC0000D030500F6000B110D0105000E010B11EC
:10DFD0000D01050026010B110D0105003E010B117D
:10DFE0000D01050056010B110D0105006E010B110D
:10DFF0000D01050086010B110D0105009E010B119D
:10E000000D010500B601020D06020900BA01021059
:10E0100006020900BE010A0B0D010800CC010A0727
:10E020000D010A00D5010A0B0D010800E3010B11D7
:10E030000D010500FB0115161701050035020F1132
:10E040000F00050055020C110F0205006F020F11A1
:10E05000110105008F020E1111020500AD020C1115
:10E060000F020500C7020B110E020500DF0210119E
:10E070001201050001030D11110205001D0302111B
:10E0800006020500220309110C01050036030E11DA
:10E090000F02050054030A110D0205006A030F1157
:10E0A000130205008A030D1111020500A6031011C9
:10E0B00012010500C8030C110F020500E203101243
:10E0C0001201050006040E111102050024040D11B1
:10E0D0000F01050040040C110E0105005A040D113A
:10E0E0001102050076040F110F00050096041711A8
:10E0F00017000500C7040F110F000500E7040E11FB
:10E100000E00050005050D110E00050021050A058C
:10E1100007FD0F002805071605FE03003C0507163E
:10E1200005FE030050050D1609FC030074050D16CD
:10E1300009FC03009805050503FE0F009C050B0D67
:10E140000D010900AE050A110C010500C4050A0DF8
:10E150000C010900D5050A110C010500EB050B0D9A
:10E160000D010900FD050711070005000C060A1244
:10E170000C01090023060A110C01050039060211E1
:10E18000050105003E06041604FF050049060A11B4
:10E190000B0105005F060211040105006406100D65
:10E1A000120109007E060A0D0C0109008F060B0DF5
:10E1B0000D010900A1060A120C010900B8060A1295
:10E1C0000C010900CF06070D08010900DB060A0D46
:10E1D0000C010900EC06061106000500F9060A0DFF
:10E1E0000C0109000A070B0D0B0009001C07110D9B
:10E1F0000FFF090038070B0D0B0009004A070B122F
:10E200000B00090063070A0D0B00090074070616CE
:10E210000801050085070216060205008B07061691
:10E22000080105009C070B040D010C000000000014
:10E230000000000000FFFFFD0FCF3CF3CC04206185
:10E24000031818C0867FFFFFE31818C0860421FF5B
:10E25000FFFF98C086042061000403E1FE32EC4D0C
:10E26000883103207C03F01F02604788F13F267548
:10E27000C7F010020038061B030C60C31860C618F4
:10E28000318C0C6601B18038C7003360198C06638D
:10E290000318C1C630618C30360C070007007E03BE
:10E2A0009C0C3030C0E601F803803E01DC4E3B3070
:10E2B0007CC0F3018E0F1FEE3F18FFC0088C463163
:10E2C00018C6318C630C6308610482184318431824
:10E2D000C6318C663188C4401818FF3C3C66240661
:10E2E0000060060060060FFFFFF060060060060099
:10E2F00060F580FFFCF0060C3060C3060C3860C18E
:10E30000860C1860C01F07F1C7306C0780F01E0331
:10E31000C0780F01E03C06C19C73FC1F000C31DF8C
:10E32000EF30C30C30C30C30C30C1F0FF983603CBB
:10E330000600C0180601806018060180601807FFFB
:10E34000FFE01E0FF18760600C018060780F80187D
:10E3500001803C07C0D831FC1F000180701E03C043
:10E36000D83B06618C318C33867FFFFE0300600C46
:10E3700001803FC7F980300600DE1FE706C0600C51
:10E3800001803C07809831FC1F000F87F9C3B0362D
:10E39000018033C6FEF0DC0F01E03C06C0DC31FC3E
:10E3A0001F00FFFFFC010060180200C0300600C023
:10E3B000300600C0300600C018001F07F1C73066E5
:10E3C0000CC18C60F83F8C1B01E03C0780D833FE09
:10E3D0001F001F07F183707C0780F01E0361EFECC4
:10E3E0007980300D81B873FC3E00F00003C0F0006E
:10E3F00003D600407078787030070078078070048A
:10E40000FFFFF00000003FFFFC80380780780380AA
:10E41000303878783808001F07F9C3703C0600C010
:10E42000300E0380C0300600C0000000600C000108
:10E43000FC003FF803C1E03803839E6E39FB319C3A
:10E4400078CD8186CC0C36C061B6030DB018ED8155
:10E45000866C1C7331E70DFFF0678E018000CE00E3
:10E460001C3E03C07FF800FF00038007001B00363E
:10E4700000EE018C03180C1818303060FFE1FFC764
:10E4800001CC0198036003C006FF8FFCC0EC06C0FE
:10E490006C06C0CFFCFFCC0EC03C03C03C03C06F79
:10E4A000FEFF8007E03FF0E07380660078003000F8
:10E4B0006000C001800300060036006E018E070F69
:10E4C000FC07E0FFC3FF8C07300EC01B003C00F0D0
:10E4D00003C00F003C00F003C01B006C073FF8FFB7
:10E4E000C0FFFFFFC00C00C00C00C00FFEFFEC001F
:10E4F000C00C00C00C00C00FFFFFF0FFFFFF00606A
:10E500000C01803007FEFFD80300600C018030064C
:10E5100000C00007F01FFC3C1E70066003E000C056
:10E5200000C000C07FC07FC003E003600370033CF5
:10E530000F1FFC03F0C01E00F007803C01E00F003D
:10E540007FFFFFFE00F007803C01E00F007803C072
:10E5500018FFFFFFFFC00180C06030180C060301E8
:10E5600080C0603C1E0F8EFE3E00C03B01CC0E30D2
:10E5700070C3831C0CE03700FE03DC0E383070C023
:10E58000C3038C07300EC01CC0300C0300C0300C1D
:10E590000300C0300C0300C0300C03FFFFC0E00FCD
:10E5A000E03FC07F80FD837B06F60DE633CC6798A5
:10E5B000CF319E363C6C78D8F0E1E1C3C386C01FF2
:10E5C00000FC07E03D81E60F3078C3C71E18F067F6
:10E5D000833C0DE03F01F807C01807E01FF8381C26
:10E5E000700E6006C007C003C003C003C003C003B1
:10E5F000C0076006700E381C1FF807E0FF8FFEC0D2
:10E600006C03C03C03C03C06FFEFF8C00C00C00C1C
:10E6100000C00C00C00007E01FF8381C700E600638
:10E62000C007C003C003C003C003C003E00360C64B
:10E6300070EE383C1FFC07F70003FFE3FFCC03B08C
:10E6400006C01B006C03BFFCFFC30E0C1C3038C09F
:10E65000E301CC03300EC01C0FC1FF0C1CC03601FF
:10E66000B000E007F00FE0078007803C01B00DC16B
:10E67000C7FC0FC0FFFFFF060060060060060060D9
:10E680000600600600600600600600600600C01E0E
:10E6900000F007803C01E00F007803C01E00F00787
:10E6A000803C01B019C1C7FC1FC0C007C01D80332A
:10E6B000006701C6030C061C1C18303060318063F3
:10E6C00000EE00D801B003E00380C0380780700D71
:10E6D00081B03303606606C0CC18C18C31861863E4
:10E6E0000C318318630630E60CE0DC1D81B01B039F
:10E6F000603606C06C0700700E00E0701C70706021
:10E70000C0E380EE00D801F001C003800D803B80A3
:10E710006301C707070C06380EE00EE01D80630397
:10E720000E1C18607380CC01E007800C003000C024
:10E7300003000C003000C003007FFBFFC00C00C0D2
:10E740000E006006006007003003003003801801EF
:10E75000801FFFFFF863B87E1F87718000000000F4
:10E76000000000000000000000003EE70C38DF0061
:10E7700002040810204081020408102040811EFF7E
:10E78000FFFFDF00010008004003001800E0070061
:10E790002C012008804402201080840420201F11B6
:10E7A000F89FC1FC0FC03C00010008004003001CA2
:10E7B000009004403101C80B404E02201000840438
:10E7C00020211F0BF85F81FC0FC03C0077FFF70092
:10E7D0001F0FF38760603C7F9F3706C0D83B8F3F99
:10E7E000E3C6C0300C0300DE3FEE1B03C0F03C0F5D
:10E7F00003C0F03E1BFCDE001F0FE71F83C0300C80
:10E800000300C038361CFE1F0000C0300C031ECFB2
:10E81000F61F03C0F03C0F03C0F0361CFF1EC01FE4
:10E8200007F1C3603C07FFFFFE00C01C0DC31FE1E2
:10E83000F01E7CC18FDF8C183060C183060C18304D
:10E840001ECFF61F83C0F03C0F03C0F8371CFF1E1D
:10E85000C03C0F867F8F80C0300C0300CF37EF1F86
:10E8600083C0F03C0F03C0F03C0F03C0C0F0FFFFBB
:10E87000FFC033003333333333333333FEC0300C14
:10E880000300C1F0EC7338DC3E0FC3B8C630CC3B9C
:10E8900006C1C0FFFFFFFFC0CE1CDF3EF3E7E1C3B0
:10E8A000C183C183C183C183C183C183C183C18348
:10E8B000C183CF37EF1F83C0F03C0F03C0F03C0F84
:10E8C00003C0C01F07F1C7707C0780F01E03C07C27
:10E8D0001DC71FC1F0DE3FEE1B07C0F03C0F03C099
:10E8E000F07E3BFCDE300C0300C030001EDFF71F63
:10E8F00083C0F03C0F03C0F8371CFF1EC0300C0370
:10E9000000C030DFFF860C183060C183060C003F6A
:10E910001FEE0F00E01F83F81F00F03E1DFE3F00BA
:10E9200010C30CFFF30C30C30C30C30F1CC0F03C01
:10E930000F03C0F03C0F03C0F07E3DFB3CC0C0782D
:10E940000D8330660C630C60D81B036038070040F1
:10E95000608330E19870C638C314619B304DB03687
:10E96000D81A2C0514038E01C7004100E06C18C6AC
:10E970001CC1B01C0380701B0770C6306E0EC078BF
:10E980000D8330630C630660CC1B01E03C03006028
:10E990000C0100603C07007FDFF01C0E070381C004
:10E9A00060381C0E03FFFFC01CF30C30C30C318C0D
:10E9B0003860C30C30C30C3C70FFFFFFFFFFF0E377
:10E9C000C30C30C30C3060C718C30C30C30CF380C9
:10E9D000781FC63F81E00D0A0D0000000000000016
:10E9E0000000000000000000000000000000000027
:10E9F000352E04900000000000000000752E0490E9
:10EA0000A530049035460490CD31049000000000FC
:10EA100000000000000000000000000000000000F6
:10EA2000000000006546049000000000914604903C
:10EA3000994604909D460490A9460490A9460490E6
:10EA400000000000000000000000000000000000C6
:10EA50000000000000000000654604900000000077
:10EA60009146049099460490F9480490A946049070
:10EA7000A94604900000000000000000954F04909B
:10EA800011500490C1510490814C0490AD4D0490FC
:10EA900025500490A94B0490DD4B0490014C049048
:10EAA000414C0490614C0490000000000000000004
:10EAB00000000000000000000000000089560490E3
:10EAC00061560490000000000000000035590490D9
:10EAD0004959049031590490895604906156049024
:10EAE00000000000000000004D5A0490615A04909C
:10EAF000495A049089560490615604907D5A0490B6
:10EB0000215B049000000000000000001D5C0490E8
:10EB1000315C0490195C04904D5C0490F55B0490AA
:10EB20000000000000000000095D0490CD5D04902D
:10EB3000495A0490395D049061560490015F049035
:10EB4000915F049000000000000000002560049028
:10EB50003960049059600490D1610490516504902B
:10EB60002160049091460490994604909D4604903B
:10EB7000A9460490A946049000000000000000008F
:10EB80003D6C0490FD70049045710490796D049083
:10EB9000116F04907D6C0490914604909946049006
:10EBA000F9480490F5730490356C0490000000005F
:10EBB000000000005D7504907175049091750490DB
:10EBC000697A0490C17C0490157904909146049070
:10EBD00099460490F9480490A9460490A9460490E7
:10EBE0000000000000000000ED800490018104900E
:10EBF00021810490A582049025860490E9800490E8
:10EC000091460490994604909D460490A94604902C
:10EC1000A94604900000000000000000418D04900F
:10EC2000758D0490B18D0490258D0490958F04907E
:10EC3000758E049091460490994604909D460490E8
:10EC400055900490058D0490000000000000000025
:10EC50008D920490A1920490BD920490B19404907E
:10EC600035950490FD930490914604909946049044
:10EC70009D460490A9460490A94604900000000017
:10EC8000000000002D96049041960490A99B0490EA
:10EC900099960490F19804905D96049091460490A2
:10ECA0009946049015960490A9460490A9460490AC
:10ECB0000000000000000000C19D0490D59D04905C
:10ECC000299E049029A1049035AC0490F19D0490F4
:10ECD0009146049099460490B99D0490A9460490E9
:10ECE000A94604900000803F14AE873F295C8F3F07
:10ECF0003D0A973F0000803FCDCC8C3F9A99993FC9
:10ED00006666A63F0000000000000000EDB404901D
:10ED100001B5049009B8049021B5049049B6049057
:10ED20009DB704909146049099460490E5B40490F0
:10ED3000A9460490A94604900000000000000000CD
:10ED400059BA04906DBA0490F1BD0490814C0490BE
:10ED5000AD4D049089BA0490A94B0490DD4B04900A
:10ED6000014C0490414C0490614C04900000000060
:10ED7000000000006DC0049081C00490C9C00490E0
:10ED8000814C0490AD4D049041C3049059C004904F
:10ED9000DD4B0490014C0490414C0490614C049074
:10EDA000000000000000000011C6049025C6049079
:10EDB00041C6049075C80490CDCF04900DC6049050
:10EDC00091460490994604909D460490A94604906B
:10EDD000A9460490000000000000000081D60490C5
:10EDE000F5D6049059D7049069F2049095F20490F6
:10EDF000D9D6049091460490994604909D4604907B
:10EE0000A9460490A9460490B4DD0690B8DD0690AA
:10EE1000BCDD0690C0DD0690C4DD0690C8DD06901E
:10EE2000CCDD0690D0DD0690D4DD0690D8DD0690CE
:10EE3000DCDD0690E0DD06900000803F707B813FC6
:10EE400044FB823F8A7F843F4F08863FA095873FDF
:10EE50008B27893F1EBE8A3F66598C3F71F98D3FD3
:10EE60004D9E8F3F0948913FB3F6923F59AA943F78
:10EE70000B63963FD720983FCDE3993FFCAB9B3F78
:10EE800072799D3F414C9F3F7824A13F2602A33FCA
:10EE90005CE5A43F2BCEA63FA3BCA83FD5B0AA3FBC
:10EEA000D1AAAC3FA9AAAE3F6EB0B03F33BCB23FCF
:10EEB00008CEB43FFFE5B63F2C04B93F9F28BB3FC7
:10EEC0006C53BD3FA684BF3F60BCC13FADFAC33F9A
:10EED0009F3FC63F4D8BC83FC8DDCA3F2537CD3F5A
:10EEE0007997CF3FD8FED13F586DD43F0DE3D63F41
:10EEF0000C60D93F6CE4DB3F4270DE3FA403E13F8E
:10EF0000A99EE33F6741E63FF5EBE83F6B9EEB3F91
:10EF1000DF58EE3F6A1BF13F23E6F33F23B9F63F8C
:10EF20008294F93F5978FC3FC164FF3FEA2C0140CD
:10EF3000D6AB0240302F044007B705406843074076
:10EF40005FD40840FB690A4049040C4058A30D40B7
:10EF500035470F40EFEF1040939D12403250144060
:10EF6000D807164096C417407B861940944D1B4025
:10EF7000F3191D40A7EB1E40BFC220404C9F22400A
:10EF80005D812440046926405056284052492A4059
:10EF90001B422C40BD402E4048453040CF4F3240B0
:10EFA0006360344015773640F993384020B73A40D3
:10EFB0009DE03C4082103F40E4464140D4834340C2
:10EFC00066C74540AF114840C2624A40B3BA4C40A0
:10EFD00096194F40807F514086EC5340BD605640AB
:10EFE0003ADC5840135F5B405EE95D40307B604037
:10EFF000A0146340C5B56540B55E6840880F6B409E
:10F0000055C86D40338970403B527340842376402D
:10F0100028FD78403FDF7B40E1C97E4094DE8040A0
:10F02000985C824007DF8340F165854061F186404E
:10F03000658188400B168A4061AF8B40734D8D40CF
:10F0400052F08E400A989040AA44924041F6934074
:10F05000DDAC95408D6897406129994066EF9A40F4
:10F06000AEBA9C40488B9E404261A040AE3CA2405C
:10F070009B1DA4401904A6403AF0A7400EE2A94007
:10F08000A5D9AB4011D7AD4063DAAF40ADE3B14095
:10F0900000F3B3406F08B6400A24B840E545BA40D3
:10F0A000126EBC40A59CBE40AED1C040430DC340D3
:10F0B000764FC5405C98C74007E8C9408B3ECC40BE
:10F0C000FF9BCE407400D140026CD340BCDED540E3
:10F0D000B858D8400BDADA40CB62DD400EF3DF409F
:10F0E000EB8AE240782AE540CBD1E740FC80EA4059
:10F0F0002338ED4055F7EF40ADBEF240418EF5406C
:10F100002A66F8408146FB405E2FFE406E9000412B
:10F110008A0D02410F8F03410B1505418C9F06415B
:10F120009D2E08414EC20941AB5A0B41C3F70C4119
:10F13000A3990E415B401041F7EB1141879C1341AD
:10F1400019521541BC0C17417FCC184172911A41DC
:10F15000A35B1C41222B1E41000020414BDA2141C0
:10F1600015BA23416C9F2541638A2741087B2941B9
:10F170006E712B41A56D2D41BF6F2F41CD77314170
:10F18000E08533410B9A35415FB43741EFD43941C3
:10F19000CEFB3B410D293E41C05C4041FB964241C4
:10F1A000CFD74441521F4741966D4941B0C24B41B0
:10F1B000B41E4E41B6815041CCEB52410A5D5541DF
:10F1C00085D5574153555A418ADC5C41406B5F41BC
:10F1D0008A0162417F9F644137456741C7F26941B7
:10F1E00048A86C41D0656F41782B724158F9744141
:10F1F00087CF774120AE7A413A957D417742804171
:10F20000ACBE8141473F834157C48441E84D8641AC
:10F2100008DC8741C46E894129068B4147A28C4195
:10F220002A438E41E0E88F41799391410343934112
:10F230008BF7944122B19641D66F9841B6339A41EB
:10F24000D1FC9B4138CB9D41F99E9F412578A1413E
:10F25000CB56A341FC3AA541C924A7414114A94179
:10F260007709AB417A04AD415C05AF412E0CB14149
:10F270000219B341EA2BB541F844B7413E64B941A4
:10F28000CE89BB41BCB5BD4119E8BF41FA20C2419E
:10F290007060C44191A6C6416FF3C8411F47CB417E
:10F2A000B5A1CD414503D041E36BD241A6DBD441AA
:10F2B000A252D741ECD0D9419B56DC41C3E3DE4199
:10F2C0007C78E141DB14E441F7B8E641E864E941C8
:10F2D000C418EC41A3D4EE419C98F141C964F441B7
:10F2E0004039F7411B16FA4172FBFC415FE9FF41CF
:10F2F000FE6F0142B0EF0242D473044276FC054235
:10F30000A48907426C1B0942DAB10A42FE4C0C4246
:10F31000E4EC0D429B910F42313B1142B5E91242A0
:10F32000359D1442C05516426513184233D6194212
:10F33000399E1B42876B1D422D3E1F4239162142CA
:10F34000BEF32242C9D624426DBF2642B9AD28423F
:10F35000BEA12A428E9B2C42399B2E42D0A0304225
:10F3600066AC32420CBE3442D5D53642D1F3384277
:10F3700014183B42B0423D42B9733F4240AB414258
:10F380005AE94342192E464293794842D9CB4A4220
:10F3900001254D4220854F4249EC5142915A544239
:10F3A0000ED05642D54C5942FCD05B42995C5E422D
:10F3B000C0EF60428A8A63420D2D66425FD7684281
:10F3C00097896B42CE436E421A06714294D07342C3
:10F3D00054A37642727E794208627C422E4E7F426E
:10F3E0007F21814249A082428123844235AB8542FC
:10F3F0007337874247C88842BF5D8A42E9F78B422C
:10F40000D3968D428B3A8F421FE390429E90924258
:10F410001643944295FA95422CB79742E97899425F
:10F42000DA3F9B42110C9D429BDD9E428AB4A04272
:10F43000EC90A242D372A4424E5AA6426E47A84212
:10F44000443AAA42E132AC425631AE42B435B042FF
:10F450000C40B2427150B442F466B642A883B8423E
:10F460009FA6BA42EBCFBC429FFFBE42CE35C142FF
:10F470008C72C342EBB5C5420000C842DE50CA429E
:10F480009AA8CC424707CF42FB6CD142CAD9D3429B
:10F49000CA4DD6420FC9D842AF4BDB42C0D5DD4280
:10F4A0005867E0428E00E34277A1E5422B4AE842EA
:10F4B000C1FAEA4250B3ED42F073F042B93CF34274
:10F4C000C30DF64226E7F842FBC8FB425CB3FE429E
:10F4D00030D30043125102435FD30343265A0543FE
:10F4E00073E5064354750843D6090A4308A30B4342
:10F4F000F6400D43AFE30E43428B1043BC3712433B
:10F500002DE91343A29F15432B5B1743D71B1943C8
:10F51000B5E11A43D4AC1C43447D1E43155320432C
:10F52000572E2243190F24436DF5254362E12743EB
:10F530000AD3294374CA2B43B4C72D43D8CA2F43D7
:10F54000F4D3314318E3334358F83543C3133843F6
:10F550006E353A436B5D3C43CB8B3E43A3C0404387
:10F5600006FC4243063E4543B78647432ED64943F1
:10F570007E2C4C43BB894E43FBED504352595343C1
:10F58000D4CB554398455843B3C65A43394F5D438E
:10F5900043DF5F43E5766243361665434EBD6743FE
:10F5A000426C6A432B236D431FE26F4338A97243B9
:10F5B0008C787543355078434B307B43E7187E4356
:10F5C000118580430B0282436E8383434809854340
:10F5D000A59386439422884321B689435A4E8B4390
:10F5E0004DEB8C43098D8E439A33904311DF914349
:10F5F0007A8F9343E644954362FF9643FEBE984359
:10F60000C8839A43D14D9C43271D9E43DBF19F4302
:10F61000FDCBA1439CABA343C990A543947BA743D7
:10F620000D6CA9434762AB43515EAD433D60AF43B0
:10F630001D68B1430276B343FE89B54322A4B743A4
:10F6400082C4B94330EBBB433E18BE43C04BC043FA
:10F65000C785C24369C6C443B80DC743C85BC94325
:10F66000ADB0CB437C0CCE43486FD04327D9D243B7
:10F670002E4AD54371C2D7430742DA4304C9DC435B
:10F680008057DF4390EDE1434A8BE443C530E743C5
:10F6900019DEE9435C93EC43A750EF431016F243A5
:10F6A000B0E3F443A0B9F743F797FA43D07EFD43A4
:10F6B0002137004434B30144AD3303449BB80444C0
:10F6C0000942064405D007449E620944DFF90A4412
:10F6D000D8950C4496360E4428DC0F449B86114482
:10F6E000FE35134461EA1444D0A316445D62184405
:10F6F00015261A4408EF1B4445BD1D44DD901F44E8
:10F70000DF6921445B482344612C254403162744C8
:10F710004F05294458FA2A442FF52C44E3F52E448A
:10F7200088FC30442E093344E71B3544C534374444
:10F73000DB5339443B793B44F7A43D4423D73F4452
:10F74000D10F4244154F444402954644ACE148442D
:10F7500027354B44888F4D44E2F04F444A59524478
:10F76000D6C854449A3F5744ABBD594421435C44E6
:10F770000FD05E448E646144B200644492A4664437
:10F7800046506944E5036C4487BF6E44428371442C
:10F790002F4F74446623774400007A4416E57C4476
:10F7A000C0D27F448D6481441DE482441F68844438
:10F7B0009EF08544A97D87444D0F894498A58A44CD
:10F7C00097408C4459E08D44EA848F445B2E9144E9
:10F7D000B9DC92441290944476489644F4059844D7
:10F7E0009AC8994478909B449D5D9D4419309F44EC
:10F7F000FC07A14456E5A24437C8A444B0B0A644CF
:10F80000D09EA844A992AA444C8CAC44CA8BAE4466
:10F810003491B0449B9CB24413AEB444ABC5B644DF
:10F8200078E3B8448A07BB44F631BD44CC62BF4498
:10F83000229AC14409D8C344951CC644DA67C84417
:10F84000ECB9CA44DF12CD44C872CF44BBD9D1440D
:10F85000CC47D44412BDD644A039D9448EBDDB4434
:10F86000F148DE44DFDBE0446D76E344B418E6445F
:10F87000CAC2E844C574EB44BE2EEE44CCF0F0445A
:10F8800007BBF344878DF6446568F944B94BFC44E3
:10F890009D37FF4415160145BD940245D317044515
:10F8A000659F05457F2B074530BC084584510A45B7
:10F8B0008AEB0B454F8A0D45E22D0F4550D610457A
:10F8C000A9831245FB35144554ED1545C3A91745C9
:10F8D000586B194521321B452FFE1C4590CF1E4504
:10F8E00055A620458E8222454A6424459A4B2645DA
:10F8F0008F382845392B2A45A9232C45F0212E4540
:10F90000202630454B30324581403445D55636456A
:10F91000597338451F963A453ABF3C45BDEE3E45C2
:10F92000BA2441454561434571A4454552EE4745DA
:10F93000FC3E4A4583964C45FBF44E45785A51456A
:10F9400011C75345D93A5645E5B558454D385B453D
:10F9500024C25D45825360457DEC62452B8D654533
:10F96000A3356845FCE56A454E9E6D45AF5E704522
:10F970003927734503F8754526D17845BAB27B45DA
:10F98000D89C7E45CDC780458D458245B8C7834507
:10F990005D4E854587D9864544698845A3FD8945DF
:10F9A000B0968B457A348D450ED78E457B7E90453B
:10F9B000D02A92451ADC934568929545CA4D9745E1
:10F9C0004E0E994504D49A45FB9E9C45426F9E4538
:10F9D000E944A0450120A2459900A445C1E6A545FA
:10F9E0008BD2A74507C4A94545BBAB4557B8AD4524
:10F9F0004EBBAF453CC4B14532D3B34542E8B545F3
:10FA00007E03B845F924BA45C44CBC45F47ABE45DA
:10FA10009AAFC045C9EAC245962CC5451475C7457D
:10FA200057C4C945721ACC457A77CE4583DBD04599
:10FA3000A346D345EFB8D5457A32D8455CB3DA450D
:10FA4000AA3BDD4579CBDF45E062E245F601E545BD
:10FA5000D2A8E7458957EA45350EED45EBCCEF4591
:10FA6000C593F245DA62F545423AF845171AFB4567
:10FA70007102FE45B57900468DF60146CE77034604
:10FA800086FD0446C08706468B160846F4A909463B
:10FA90000A420B46D8DE0C466F800E46DB26104627
:10FAA0002CD211466F821346B437154609F216461A
:10FAB0007DB1184620761A4600401C462E0F1E4681
:10FAC000B8E31F46B0BD2146249D23462682254625
:10FAD000C66C2746145D294621532B46FE4E2D4603
:10FAE000BD502F466F58314625663346F27935466C
:10FAF000E793374617B4394694DA3B4671073E46DA
:10FB0000C03A40469674424604B5444620FC4646F8
:10FB1000FB494946AC9E4B4645FA4D46DB5C504698
:10FB200084C65246533755465FAF5746BC2E5A4699
:10FB300080B55C46C2435F4697D9614616776446F6
:10FB4000561C67466DC96946737E6C46803B6F469E
:10FB5000AA0072460BCE7446BAA37746D1817A4684
:10FB600067687D46CC2B8046BDA781461528834615
:10FB7000E0AC84462B36864604C4874679568946CF
:10FB800097ED8A466B898C46042A8E4671CF8F4644
:10FB9000BE799146FB28934637DD9446809696467B
:10FBA000E454984674189A463FE19B4654AF9D46EC
:10FBB000C2829F469A5BA146EC39A346C81DA54662
:10FBC0003E07A7465FF6A8463CEBAA46E5E5AC46ED
:10FBD0006CE6AE46E3ECB0465AF9B246E50BB546E4
:10FBE0009424B7467943B946A968BB463494BD46C8
:10FBF0002EC6BF46A9FEC146BB3DC4467483C64659
:10FC0000EACFC8463123CB465C7DCD4680DECF4669
:10FC1000B246D24607B6D446932CD7466CAAD946EC
:10FC2000A92FDC465EBCDE46A150E1468AECE346E5
:10FC30002F90E646A73BE94609EFEB466CAAEE4655
:10FC4000E96DF1469639F4468E0DF746E7E9F94637
:10FC5000BBCEFC4624BCFF461D5901478BD802474A
:10FC60006A5C0447C7E40547AF710747300309479B
:10FC700057990A4732340C47CED30D473B780F478C
:10FC800086211147BECF1247F18214472E3B1647FB
:10FC900084F8174702BB1947B8821B47B44F1D476A
:10FCA00007221F47C0F92047F0D62247A6B92447AC
:10FCB000F4A12647E88F284795832A470B7D2C47D8
:10FCC0005C7C2E4798813047D28C32471A9E34474D
:10FCD00084B5364720D3384702F73A473D213D47A0
:10FCE000E2513F4705894147B9C64347120B464792
:10FCF0002356484701A84A47BF004D4772604F4707
:10FD00002EC751470835544716AA56476D265947FE
:10FD100022AA5B474B355E47FEC760475262634786
:10FD20005E04664737AE6847F55F6B47B1196E47AB
:10FD300080DB70477CA57347BC777647595279477B
:10FD40006C357C470E217F47AC0A81473289824758
:10FD5000260C8447959385478C1F87471AB08847A0
:10FD60004A458A472CDF8B47CC7D8D473A218F4708
:10FD700083C99047B6769247E128944713E09547A8
:10FD80005B9C9747C85D994769249B474EF09C4709
:10FD900087C19E472298A0473074A247C255A44706
:10FDA000E73CA647B029A8472E1CAA477214AC47C7
:10FDB0008C12AE478F16B0478B20B2479230B447B3
:10FDC000B746B6470B63B847A185BA478BAEBC4769
:10FDD000DCDDBE47A813C1470050C347F992C547B1
:10FDE000A6DCC7471C2DCA476D84CC47B0E2CE477E
:10FDF000F747D14758B4D347E927D647BEA2D847DB
:10FE0000EC24DB478AAEDD47AE3FE0476ED8E247E1
:10FE1000E178E5471D21E84739D1EA474D89ED47AB
:10FE20007049F047BB11F34745E2F54727BBF84758
:10FE30007A9CFB475786FE476BBC0048093A02484C
:10FE400012BC0348944205489BCD0648365D0848DD
:10FE500070F10948598A0B48FF270D486ECA0E48B1
:10FE6000B6711048E41D124808CF13483085154874
:10FE70006A401748C700194854C61A4823911C48BD
:10FE800041611E48BF362048AC1122481AF223486F
:10FE900017D82548B6C3274805B5294817AC2B48BD
:10FEA000FCA82D48C6AB2F4885B431484DC3334814
:10FEB0002ED835483AF3374885143A481F3C3C4819
:10FEC0001D6A3E48929E40488FD94248291B4548AA
:10FED0007363474881B2494867084C483A654E48C1
:10FEE0000DC95048F73353480AA655485E1F584875
:10FEF00007A05A481C285D48B1B75F48DE4E6248EB
:10FF0000B8ED644858946748D3426A4841F96C4850
:10FF1000B9B76F48547E7248294D754851247848C6
:10FF2000E5037B48FDEB7D485A6E804810EB814825
:10FF30002F6C8348C4F18448DC7B8648840A884857
:10FF4000C99D8948BA358B4865D28C48D6738E488E
:10FF50001E1A904848C5914866759348842A95486A
:10FF6000B1E49648FEA3984879689A4830329C4894
:10FF700035019E4896D59F4864AFA148AE8EA348F0
:10FF80008573A548F95DA7481B4EA948FC43AB48BB
:10FF9000AC3FAD483E41AF48C248B1484A56B3486D
:10FFA000E769B548AD83B748ADA3B948F9C9BB48BF
:10FFB000A5F6BD48C229C0486563C248A1A3C4488C
:10FFC00089EAC6483138C948AC8CCB4810E8CD48DE
:10FFD000714AD048E2B3D2487B24D5484E9CD748DA
:10FFE000731BDA48FEA1DC480630DF48A1C5E148B2
:10FFF000E562E448E807E748C3B4E9488C69EC489F
:02000004900763
:100000005A26EF4846EBF14867B8F448D78DF748D1
:10001000AC6BFA480152FD4877200049479C0149E2
:100020007D1C034925A104494E2A064904B8074905
:10003000554A09494FE10A49FF7C0C49731D0E4995
:10004000BAC20F49E26C1149F91B13490ED0144989
:10005000308916496D471849D60A1A4978D31B4981
:1000600064A11D49A9741F49574D21497F2B23497C
:10007000300F25497AF8264970E7284920DC2A49BB
:100080009DD62C49F7D62E493FDD304989E93249C2
:10009000E4FB3449631437491933394918583B494B
:1000A00072833D493AB53F4984ED4149622C444948
:1000B000E87146492ABE48493C114B49326B4D49CB
:1000C00021CC4F491C34524939A354498E19574900
:1000D0002F975949321C5C49ADA85E49B73C61492C
:1000E00065D86349CE7B6649092769492EDA6B4991
:1000F00054956E49925871490024744900000000DB
:1001000000000000D5F20490E9F2049071F604902A
:10011000814C0490AD4D049005F30490A94B0490DC
:10012000DD4B0490014C0490414C0490614C0490D0
:10013000000000000000000035F9049049F9049027
:1001400029FE0490E5F9049065FB049065F904909C
:1001500091460490994604909D460490A9460490C7
:10016000A946049000000000000000003D0005903A
:100170005100059069030590814C0490AD4D0490A9
:100180006D000590A94B0490DD4B0490014C049048
:10019000414C0490614C049001050000060B0000E6
:1001A0000000000000000000B90F05904911059003
:1001B00025110590BD0F0590711805908D1E0590B5
:1001C000E8FFFFFF0000000039210590C51A0590E7
:1001D00031210590060000000C0000001200000014
:1001E0001800000000010000060100000C010000E2
:1001F00012010000180100000002000006020000C9
:100200000C020000120200001802000000030000AF
:10021000060300000000FA4500007A460000FA4696
:1002200000803B470080BB47000000040000000046
:10023000000000200030014000380040003C004039
:100240000034014000500140001400588002002496
:1002500074020024680200245C020024500200247E
:1002600044020024380200242C020024200200242E
:100270001402002408020024FC010024F81F0024BA
:10028000EC1F0024E01F0024D41F0024C81F0024FA
:10029000BC1F0024B01F0024A41F0024F001002470
:1002A000E4010024D8010024CC0100240B00FF004D
:1002B00000061016000610160000000001020304DC
:1002C00001020304060708090100020004000600F9
:1002D00008000A000C00100020004000800000010F
:1002E0008207533D6F12833A6666464000C0F5446C
:1002F0000A1E6C3DE02D903A000060400066E64624
:100300003842893D89D2DE3A7B148E3F0032B346B3
:10031000EDC3973D52491D3AA2457E4000981946CB
:10032000DCB2A63D6F12833AF2D215400046A146D8
:10033000D815B03DE02D903AE5D0F23F0032B346FB
:100340008DDE363D89D2DE3A9318643F0066E6467C
:1003500008F3243D52491D3ADD244E4000446146D5
:10036000000000000000F03F748515D3B0D9EF3FC6
:100370000F89F96C58B5EF3F515B12D00193EF3FF5
:100380007B517D3CB872EF3FAAB968318754EF3F8B
:100390003862756E7A38EF3FE1DE1FF59D1EEF3F44
:1003A00015B7310AFE06EF3FCBA93A37A7F1EE3F6A
:1003B0002234124CA6DEEE3F2D89616008CEEE3F5E
:1003C000272A36D5DABFEE3F824F9D562BB4EE3F3B
:1003D000295448DD07ABEE3F85553AB07EA4EE3F89
:1003E000CD3B7F669EA0EE3F745FECE8759FEE3FCD
:1003F0008701EB7314A1EE3F13CE4C9989A5EE3F14
:10040000DBA02A42E5ACEE3FE5C5CDB037B7EE3F05
:1004100090F0A38291C4EE3F5D253EB203D5EE3F3E
:10042000ADD35A999FE8EE3F475EFBF276FFEE3F71
:100430009C5285DD9B19EF3F6990EFDC2037EF3F41
:1004400087A4FBDC1858EF3F5F9B7B33977CEF3F23
:10045000DA90A4A2AFA4EF3F40456E5B76D0EF3FA9
:10046000000000000000E8429423914BF86AAC3F82
:10047000F3C4FA50CEBFCE3FD6520CFF422EE63F19
:100480000000000000003843FE822B6547154740FE
:100490009423914BF86ABC3EF3C4FA50CEBF2E3F72
:1004A000D6520CFF422E963FBEF3F879EC61F63F30
:1004B0001930965BC6FEDEBF3D88AF4AED71F53F51
:1004C000A4FCD432680BDBBFB010F0F03995F43FD8
:1004D0007BB71F0A8B41D7BF8503B8B095C9F33FDF
:1004E0007BCF6D1AE99DD3BFA564880C190DF33F2E
:1004F00031B6F2F39B1DD0BFA08E0B7B225EF23F84
:10050000F07A3B1B1D7CC9BF3F341A4A4ABBF13FFE
:100510009F3CAF93E3F9C2BFBAE58AF05823F13F9D
:100520005C8D78BFCB60B9BFA70099413F95F03F84
:10053000CE5F47B69D6FAABF000000000000F03FED
:100540000000000000000000AC479AFD8C60EE3F08
:100550003DF5249FCA38B33FA06A021FB3A4EC3F05
:10056000BA913854A976C43FE6FC6A573620EB3F6F
:10057000D2E4C44A0B84CE3F2DAAA163D1C2E93F85
:100580001C65C6F04506D43FED417803E686E83F9A
:10059000F89F1B2C9C8ED83F624853F5DC67E73FE1
:1005A000CC7BB14EA4E0DC3F4D7E0AF7B612D7BF3C
:1005B000E0326849BFCADE3FDEE3FA9F4715E7BF76
:1005C000B8C8355F4715F73FA2000000F9A2000048
:1005D00083F9A2006E83F9A24E6E83F9444E6E83B6
:1005E00015444E6E2915444EFC29154427FC291547
:1005F0005727FC29D15727FCF5D1572734F5D15778
:10060000DD34F5D1C0DD34F5DBC0DD3462DBC0DDC7
:100610009562DBC0999562DB3C999562433C999564
:1006200090433C994190433C000000000000F03FA3
:10063000000000000000F0BF000000000000F0BF5C
:10064000000000000000F03F83C8C96D305F6441C6
:10065000182D4454FB21F93F000000000000F03F3A
:100660001C620CFDFFFFDFBF198F06E15355A53F4C
:100670009D359AE887C056BFC3F87B024393F93E85
:1006800003A695595455C5BFC40B23057610813F69
:1006900024CF7437EB9429BF000000000000F03F26
:1006A000000000000000F0BF000000000000F0BFEC
:1006B000000000000000F03F83C8C96D305F644156
:1006C000182D4454FB21F93F000000000000F0BF4A
:1006D0001C620CFDFFFFDF3F198F06E15355A5BFDC
:1006E0009D359AE887C0563FC3F87B024393F9BE15
:1006F00003A695595455C5BFC40B23057610813FF9
:1007000024CF7437EB9429BFFB21F93FFB2109402B
:100710007CD91240FB2119407A6A1F407CD92240C3
:10072000BBFD2540FB2129403A462C407A6A2F40E8
:100730005C4731407CD932409C6B3440BBFD354036
:10074000DB8F3740FB2139401BB43A403A463C40EE
:100750005AD83D407A6A3F404C7E40405C47414019
:100760006C1042407CD942408CA243409C6B444078
:10077000AC344540BBFD4540CBC64640DB8F4740CF
:10078000EB584840FB21494083F9A200444E6E00DB
:10079000FC291500D1572700DD34F50062DBC000CD
:1007A0003C999500419043006351FE00BBDEAB00D5
:1007B000B761C5003A6E2400D24D42004906E00000
:1007C00009EA2E001C92D100EB1DFE0029B11C008D
:1007D000E83EA700F535820044BB2E009CE984006A
:1007E000B4267000417E5F00D691390053833900F2
:1007F0009CF439008B5F840028F9BD00F81F3B0092
:10080000DEFF97000F980500112FEF000A5A8B00AA
:100810006D1F6D00CF7E360009CB2700464FB70015
:100820009E663F002DEA5F00BA277500E5EBC70022
:100830003D7BF100F739070092528A00FB6BEA001A
:100840001FB15F00085D8D00300356007BFC460041
:10085000F0AB6B0020BCCF0036F49A00E3A91D007A
:100860005E619100081BE60085996500A0145F0099
:100870008D40680080D8FF0027734D0006063100C8
:10088000CA561500C9A873007BE260006B8CC000DB
:10089000000FC93F000F494000CB9640000FC940F0
:1008A0000053FB4000CB164100ED2F41000F4941A2
:1008B0000031624100537B41003A8A4100CB9641AE
:1008C000005CA34100EDAF41007EBC41000FC94177
:1008D00000A0D5410031E24100C2EE410053FB418E
:1008E00000F20342003A0A420083104200CB164253
:1008F00000141D42005C234200A5294200ED2F4256
:1009000000363642007E3C4200C74242000F494258
:10091000A2000000F9000000830000006E0000004B
:100920004E000000440000001500000029000000F7
:10093000FC0000002700000057000000D10000006C
:10094000F500000034000000DD000000C0000000E1
:10095000DB0000006200000095000000990000002C
:100960003C00000043000000900000004100000037
:10097000FE0000005100000063000000AB0000001A
:10098000DE000000BB000000C500000061000000A8
:10099000B7000000240000006E0000003A000000D4
:1009A000420000004D000000D2000000E000000006
:1009B00006000000490000002E000000EA000000D0
:1009C00009000000D1000000920000001C0000009F
:1009D000FE0000001D000000EB0000001C000000F5
:1009E000B100000029000000A70000003E00000048
:1009F000E80000008200000035000000F500000063
:100A00002E000000BB000000440000008400000035
:100A1000E90000009C0000007000000026000000BB
:100A2000B40000005F0000007E00000041000000F4
:100A30003900000091000000D600000039000000DD
:100A4000830000005300000039000000F4000000A3
:100A50009C000000840000005F0000008B0000008C
:100A6000BD000000F9000000280000003B0000006D
:100A70001F000000F800000097000000FF000000C9
:100A8000DE00000005000000980000000F000000DC
:100A9000EF0000002F000000110000008B0000009C
:100AA0005A0000000A0000006D0000001F00000056
:100AB0006D000000360000007E000000CF00000046
:100AC00027000000CB00000009000000B700000074
:100AD0004F000000460000003F00000066000000DC
:100AE0009E0000005F000000EA0000002D000000F2
:100AF0007500000027000000BA000000C7000000D9
:100B0000EB000000E5000000F10000007B000000A9
:100B10003D0000000700000039000000F700000061
:100B20008A0000005200000092000000EA0000006D
:100B30006B000000FB0000005F000000B10000003F
:100B40001F0000008D0000005D0000000800000094
:100B500056000000030000003000000046000000C6
:100B6000FC0000007B0000006B000000AB000000F8
:100B7000F0000000CF000000BC00000020000000DA
:100B80009A000000F4000000360000001D00000084
:100B9000A9000000E30000009100000061000000D7
:100BA0005E000000E60000001B00000008000000DE
:100BB0006500000099000000850000005F00000053
:100BC00014000000A00000006800000040000000C9
:100BD0008D000000FF000000D80000008000000031
:100BE0004D000000730000002700000031000000ED
:100BF000060000000600000015000000560000007E
:100C0000CA00000073000000A8000000C900000036
:100C100060000000E20000007B000000C000000057
:100C20008C0000006B000000BEF3F879EC61F63F29
:100C30001930965BC6FEDEBF3D88AF4AED71F53FC9
:100C4000A4FCD432680BDBBFB010F0F03995F43F50
:100C50007BB71F0A8B41D7BF8503B8B095C9F33F57
:100C60007BCF6D1AE99DD3BFA564880C190DF33FA6
:100C700031B6F2F39B1DD0BFA08E0B7B225EF23FFC
:100C8000F07A3B1B1D7CC9BF3F341A4A4ABBF13F77
:100C90009F3CAF93E3F9C2BFBAE58AF05823F13F16
:100CA0005C8D78BFCB60B9BFA70099413F95F03FFD
:100CB000CE5F47B69D6FAABF000000000000F03F66
:100CC0000000000000000000AC479AFD8C60EE3F81
:100CD0003DF5249FCA38B33FA06A021FB3A4EC3F7E
:100CE000BA913854A976C43FE6FC6A573620EB3FE8
:100CF000D2E4C44A0B84CE3F2DAAA163D1C2E93FFE
:100D00001C65C6F04506D43FED417803E686E83F12
:100D1000F89F1B2C9C8ED83F624853F5DC67E73F59
:100D2000CC7BB14EA4E0DC3F0B6E49C91676D23FB6
:100D30007AC675A06919D7BFDDBAA76C0AC7DE3FAE
:100D4000C8F6BE484715E7BF2BB82A654715F73FD9
:100D500000000040FB21F93F000000002D44743EDC
:100D6000000000809846F83C0000006051CC783BC1
:100D700000000080831BF0390000004020257A38F5
:100D8000000000802282E336000000001DF3693578
:100D90000200000003000000040000000600000044
:100DA0000000C93F0000F0390000DA370000A2332C
:100DB0000000842E0000502B0000C2270000D0222B
:100DC0000000C41F0000C61B000044170400000000
:100DD00007000000090000002C2066756E6374692E
:100DE0006F6E3A2000617373657274696F6E2022B2
:100DF000257322206661696C65643A2066696C65BA
:100E000020222573222C206C696E652025642573B1
:100E100025730A00494E4600696E66004E414E0039
:100E20006E616E0030003031323334353637383948
:100E30004142434445460030313233343536373849
:100E40003961626364656600496E66696E697479CA
:100E5000004E614E005245454E54206D616C6C6FE2
:100E60006320737563636565646564002F646174F2
:100E7000612F6A656E6B696E732F776F726B73701B
:100E80006163652F474E552D746F6F6C63686169A0
:100E90006E2F61726D2D31342F7372632F6E6577F3
:100EA0006C69622D63796777696E2F6E65776C69FF
:100EB000622F6C6962632F7374646C69622F64744F
:100EC0006F612E630042616C6C6F632073756363A6
:100ED0006565646564002F646174612F6A656E6B7B
:100EE000696E732F776F726B73706163652F474EF6
:100EF000552D746F6F6C636861696E2F61726D2D13
:100F000031342F7372632F6E65776C69622D63794C
:100F10006777696E2F6E65776C69622F6C696263A3
:100F20002F7374646C69622F6D707265632E630039
:100F3000232D302B2000686C4C00656667454647C2
:100F4000004300504F534958002E00000500000098
:100F5000190000007D0000000080E03779C34143A4
:100F6000176E05B5B5B89346F5F93FE9034F384D0F
:100F7000321D30F94877825A3CBF737FDD4F1575BB
:100F8000000000000000F03F0000000000002440CE
:100F900000000000000059400000000000408F40A9
:100FA000000000000088C34000000000006AF84014
:100FB0000000000080842E4100000000D012634138
:100FC0000000000084D797410000000065CDCD41AE
:100FD000000000205FA00242000000E8764837428F
:100FE000000000A2941A6D42000040E59C30A2422D
:100FF0000000901EC4BCD64200003426F56B0C43A2
:101000000080E03779C3414300A0D8855734764348
:1010100000C84E676DC1AB43003D9160E458E143A9
:10102000408CB5781DAF154450EFE2D6E41A4B441E
:1010300092D54D06CFF08044F64AE1C7022DB54463
:10104000B49DD9794378EA44002020202020202034
:101050002020282828282820202020202020202068
:101060002020202020202020208810101010101078
:1010700010101010101010101004040404040404C4
:10108000040404101010101010104141414141415E
:101090000101010101010101010101010101010140
:1010A0000101010110101010101042424242424250
:1010B0000202020202020202020202020202020210
:1010C00002020202101010102000000000000000B8
:1010D0000000000000000000000000000000000010
:1010E0000000000000000000000000000000000000
:1010F00000000000000000000000000000000000F0
:1011000000000000000000000000000000000000DF
:1011100000000000000000000000000000000000CF
:1011200000000000000000000000000000000000BF
:1011300000000000000000000000000000000000AF
:10114000000000000000000000000000F8B500BF33
:10115000F8BC08BC9E467047F8B500BFF8BC08BC98
:041160009E467047F0
:081164003CF1FC7F01000000DA
:10116C0065070490291E049031750490BD8004908D
:10117C0079920490110005902D4405900D46059030
:10118C00894D0590A15805901D630590C16A059085
:10119C00397C05906981059001870590C15C0690AA
:0411AC003D07049067
:1011B0000000000040D8069048D806904CD8069011
:1011C00050D806909CD80690A0D80690A4D8069037
:1011D000A8D80690ACD80690B4D80690B8D8069097
:1011E000F4D8069048D806904CD80690F8D80690C7
:1011F00050D8069000D9069008D9069010D90690CC
:101200009CD80690A0D80690A4D80690A8D806909E
:10121000ACD80690B4D80690B8D8069040D80690BE
:1012200048D806904CD8069050D8069094D806908E
:10123000F0D90690F8D9069000DA069004DA069004
:101240000CDA069018DA069020DA0690F4D80690A8
:1012500048D806904CD80690F8D8069050D80690FA
:1012600000D9069008D9069010D9069094D8069017
:10127000F0D90690F8D9069000DA069040D806908A
:1012800048D806904CD8069050D806909CD8069026
:10129000A0D80690A4D80690A8D80690ACD80690FE
:1012A000B4D80690B8D806909CD80690A0D80690DE
:1012B000A4D80690A8D80690ACD80690B4D80690CA
:1012C000B8D80690100000000000000000000000E8
:1012D00000000000000000000000000010000000FE
:1012E00000000000000000000000000000000000FE
:1012F00000000000100000000000000000000000DE
:1013000000000000000000000000000000000000DD
:1013100000000000000000000000000000000000CD
:1013200000000000010000000000000000000000BC
:1013300000000000000000000000000000000000AD
:10134000010000000000000000000000000000009C
:10135000000000000000000000000000010000008C
:10136000000000000000000000000000000000007D
:101370000000000000000000010000000004080060
:101380000000000000000000010508000708000040
:101390000000000001040800060800000000000032
:1013A0000005080000000000000000000004060026
:1013B0000000000000000000020C0601050700000C
:1013C00000000000020B06010406000000000000FF
:1013D000020A06000000000000000000010C0501E8
:1013E0000407010905000000020105010F050203C1
:1013F00005000000010E05020205000000000000CB
:10140000030305000000000000000000060A0500BC
:1014100004050000000000000105050007050000AC
:101420000000000001040500060506090500000093
:10143000060B0500050500000000000000C20100C9
:101440000000080000C2010000000800BD870590F0
:101450006988059031880590558705900000000047
:101460008187059025870590F98705902987059044
:10147000000000001A03000000000000000000004F
:10148000000000000000000000000000000000005C
:1014900004030904120100020202004083044057C1
:1014A0000002010203010000598C0590F58C0590A3
:1014B000018D0590958C0590198D0590D98F05901B
:1014C000C18F0590120100020202004083044057C0
:1014D0000002010203010000658C0590718C0590EB
:1014E0007D8C0590DD8C05906D8E0590AD8C059002
:1014F000C58C0590010000001000000009074300A2
:10150000020104C0320904000001020201000524A6
:101510000010010524010001042402020524060034
:10152000010705820308001009040100020A0000F7
:10153000000705010240000007058102400000008D
:1015400009024300020100C0320904000001020246
:1015500001000524001001052401000104240202F9
:101560000524060001070582030800100904010094
:10157000020A000000070501024000000705810281
:101580004000000009024300020100C032090400CB
:1015900000010202010005240010010524010001E0
:1015A0000424020205240600010705820308001036
:1015B00009040100020A0000000705010200020000
:1015C000070581020002000009026500020100C057
:1015D0005009040000000101000009240100010974
:1015E00000010109040100020103000007240100B9
:1015F0000141000624020101000624020202000942
:101600002403010301020100092403020601010170
:101610000009050102400000000005250101010943
:1016200005810240000000000525010103000000C3
:10163000714106901541069015400690000000008B
:10164000B53E0690AD3F0690753F06900000000045
:101650000000000000000000153F0690ED3E0690DF
:101660003D3F0690653F06900A06000200000040DC
:101670000100000000000000000000000000000069
:101680000000000000000000000000000100000059
:10169000000000000000000000000000000000004A
:1016A0000000000000000000010000000000000039
:1016B000000000000000000000000000000000002A
:1016C0000000000001000000000000000000000019
:1016D000000000000000000000000000000000000A
:1016E00001000000000000000000000000000000F9
:1016F00000000000000000000000000001000000E9
:1017000000000000000000000000000000000000D9
:1017100000000000000000000100000000000000C8
:1017200000000000000000000000000000000000B9
:1017300000000000010000000000000000000000A8
:101740000000000000000000000000000000000099
:101750000100000000000000000000000000000088
:101760000000000000000000000000000100000078
:10177000A4060024980600248C0600248006002479
:1017800074060024680600245C0600245006002429
:101790004406002438060024C45A00242C060024E1
:1017A00020060024B85A0024AC5A0024A05A002471
:1017B00014060024080600240107080000000000A9
:1017C000000000000106080000000000000000000A
:1017D00001040B00000000000000000006090700E3
:1017E0000000000000000000010C0E0302080105CB
:1017F0000E000000020C0801060E000000000000B0
:10180000010808020B080001080000000109080295
:101810000A08000008000000020B0700000000009A
:1018200000000000020A07000000000000000000A5
:101830000003070000000000000000000002070095
:101840000000000000000000010707010F04000075
:1018500000000000010607010E0400000000000067
:101860000B00FF000090D0030090D00300000000A8
:1018700003000000546A0024CC060024000000008D
:10188000546A0024BC6A0024246B00240000000079
:101890000000000000000000000000000000000048
:1018A0000000000000000000000000000000000038
:1018B0000000000000000000000000000000000028
:1018C00000000000000000004300000000000000D5
:1018D0000000000000000000000000000000000008
:1018E00000000000000000004300000000000000B5
:1018F00000000000000000000000000000000000E8
:101900000000000000000000430000000000000094
:1019100000000000000000000000000000000000C7
:101920000000000000000000430000000000000074
:1019300000000000000000000000000000000000A7
:101940000000000000000000430000000000000054
:101950000000000000000000000000000000000087
:101960000000000000000000430000000000000034
:101970000000000000000000000000000000000067
:101980000000000000000000430000000000000014
:101990000000000000000000000000000000000047
:1019A00000000000000000008DD006900DD00690D1
:1019B0000000000048100790490F0790130E079091
:1019C000130E0790130E0790130E0790130E079037
:1019D000130E0790130E0790130E0790130E079027
:1019E000FFFFFFFFFFFFFFFFFFFFFFFFFFFF000005
:1019F000010041534349490000000000000000007D
:101A000000000000000000000000000000000000D6
:101A1000000041534349490000000000000000005D
:101A200000000000000000000000000000000000B6
:041A300000000000B2
:0400000590040795C7
:00000001FF
