ARM GAS  C:\Users\Oliver\AppData\Local\Temp\ccAPLW26.s 			page 1


   1              		.cpu cortex-m7
   2              		.arch armv7e-m
   3              		.fpu fpv5-d16
   4              		.eabi_attribute 28, 1
   5              		.eabi_attribute 20, 1
   6              		.eabi_attribute 21, 1
   7              		.eabi_attribute 23, 3
   8              		.eabi_attribute 24, 1
   9              		.eabi_attribute 25, 1
  10              		.eabi_attribute 26, 1
  11              		.eabi_attribute 30, 2
  12              		.eabi_attribute 34, 1
  13              		.eabi_attribute 18, 4
  14              		.file	"phasereffect.cpp"
  15              		.text
  16              	.Ltext0:
  17              		.cfi_sections	.debug_frame
  18              		.file 1 "effects/phasereffect.cpp"
  19              		.section	.text._ZN11perspective12PhaserEffect6UpdateEv,"ax",%progbits
  20              		.align	1
  21              		.p2align 2,,3
  22              		.global	_ZN11perspective12PhaserEffect6UpdateEv
  23              		.syntax unified
  24              		.thumb
  25              		.thumb_func
  27              	_ZN11perspective12PhaserEffect6UpdateEv:
  28              	.LVL0:
  29              	.LFB5154:
   1:effects/phasereffect.cpp **** #include "phasereffect.h"
   2:effects/phasereffect.cpp **** 
   3:effects/phasereffect.cpp **** #include "../controls.h"
   4:effects/phasereffect.cpp **** 
   5:effects/phasereffect.cpp **** #include <algorithm>
   6:effects/phasereffect.cpp **** #include <cmath>
   7:effects/phasereffect.cpp **** 
   8:effects/phasereffect.cpp **** using namespace perspective;
   9:effects/phasereffect.cpp **** 
  10:effects/phasereffect.cpp **** namespace {
  11:effects/phasereffect.cpp **** 
  12:effects/phasereffect.cpp **** static constexpr float kPi = 3.14159265358979323846f;
  13:effects/phasereffect.cpp **** 
  14:effects/phasereffect.cpp **** static inline float Clamp(float x, float lo, float hi) {
  15:effects/phasereffect.cpp ****     return std::max(lo, std::min(x, hi));
  16:effects/phasereffect.cpp **** }
  17:effects/phasereffect.cpp **** 
  18:effects/phasereffect.cpp **** static inline float WrapPhase(float phase) {
  19:effects/phasereffect.cpp ****     while (phase >= 1.0f) {
  20:effects/phasereffect.cpp ****         phase -= 1.0f;
  21:effects/phasereffect.cpp ****     }
  22:effects/phasereffect.cpp ****     while (phase < 0.0f) {
  23:effects/phasereffect.cpp ****         phase += 1.0f;
  24:effects/phasereffect.cpp ****     }
  25:effects/phasereffect.cpp ****     return phase;
  26:effects/phasereffect.cpp **** }
  27:effects/phasereffect.cpp **** 
  28:effects/phasereffect.cpp **** static inline float LfoValue(float phase, int shape) {
  29:effects/phasereffect.cpp ****     phase = WrapPhase(phase);
ARM GAS  C:\Users\Oliver\AppData\Local\Temp\ccAPLW26.s 			page 2


  30:effects/phasereffect.cpp ****     switch (shape) {
  31:effects/phasereffect.cpp ****         case 1: {
  32:effects/phasereffect.cpp ****             float t = phase * 2.0f;
  33:effects/phasereffect.cpp ****             return (t < 1.0f) ? (-1.0f + 2.0f * t) : (3.0f - 2.0f * t);
  34:effects/phasereffect.cpp ****         }
  35:effects/phasereffect.cpp ****         case 2:
  36:effects/phasereffect.cpp ****             return -1.0f + 2.0f * phase;
  37:effects/phasereffect.cpp ****         case 3:
  38:effects/phasereffect.cpp ****             return (phase < 0.5f) ? 1.0f : -1.0f;
  39:effects/phasereffect.cpp ****         case 0:
  40:effects/phasereffect.cpp ****         default:
  41:effects/phasereffect.cpp ****             return std::sinf(2.0f * kPi * phase);
  42:effects/phasereffect.cpp ****     }
  43:effects/phasereffect.cpp **** }
  44:effects/phasereffect.cpp **** 
  45:effects/phasereffect.cpp **** static inline float ComputeAllpassCoeff(float freqHz, float sampleRate) {
  46:effects/phasereffect.cpp ****     float clampedFreq = Clamp(freqHz, 20.0f, 0.45f * sampleRate);
  47:effects/phasereffect.cpp ****     float g = std::tanf(kPi * clampedFreq / sampleRate);
  48:effects/phasereffect.cpp ****     float a = (1.0f - g) / (1.0f + g);
  49:effects/phasereffect.cpp ****     return Clamp(a, -0.98f, 0.98f);
  50:effects/phasereffect.cpp **** }
  51:effects/phasereffect.cpp **** 
  52:effects/phasereffect.cpp **** } // namespace
  53:effects/phasereffect.cpp **** 
  54:effects/phasereffect.cpp **** PhaserEffect::PhaserEffect()
  55:effects/phasereffect.cpp ****     : Effect("Phaser")
  56:effects/phasereffect.cpp ****     , lfoPhaseL_(0.0f)
  57:effects/phasereffect.cpp ****     , lfoPhaseR_(0.25f)
  58:effects/phasereffect.cpp ****     , feedbackStateL_(0.0f)
  59:effects/phasereffect.cpp ****     , feedbackStateR_(0.0f) {
  60:effects/phasereffect.cpp **** }
  61:effects/phasereffect.cpp **** 
  62:effects/phasereffect.cpp **** PhaserEffect::~PhaserEffect() {
  63:effects/phasereffect.cpp **** }
  64:effects/phasereffect.cpp **** 
  65:effects/phasereffect.cpp **** void PhaserEffect::Init(float sampleRate) {
  66:effects/phasereffect.cpp ****     sampleRate_ = sampleRate;
  67:effects/phasereffect.cpp **** 
  68:effects/phasereffect.cpp ****     for (int i = 0; i < kMaxStages; ++i) {
  69:effects/phasereffect.cpp ****         stagesL_[i].a = 0.0f;
  70:effects/phasereffect.cpp ****         stagesL_[i].z1 = 0.0f;
  71:effects/phasereffect.cpp ****         stagesR_[i].a = 0.0f;
  72:effects/phasereffect.cpp ****         stagesR_[i].z1 = 0.0f;
  73:effects/phasereffect.cpp ****     }
  74:effects/phasereffect.cpp **** 
  75:effects/phasereffect.cpp ****     AddParameter(new PotentiometerParameter("K1 Mix", 0.0f, 1.0f, 0.5f, PotCurve::LIN, KNOB_1_IDX))
  76:effects/phasereffect.cpp ****     AddParameter(new PotentiometerParameter("K2 Depth", 0.0f, 1.0f, 0.75f, PotCurve::LIN, KNOB_2_ID
  77:effects/phasereffect.cpp ****     AddParameter(new PotentiometerParameter("K3 Rate", 0.02f, 4.0f, 0.3f, PotCurve::LOG, KNOB_3_IDX
  78:effects/phasereffect.cpp ****     AddParameter(new PotentiometerParameter("K4 Feedback", -0.95f, 0.95f, 0.35f, PotCurve::LIN, KNO
  79:effects/phasereffect.cpp ****     AddParameter(new PotentiometerParameter("K5 Center Hz", 150.0f, 1200.0f, 450.0f, PotCurve::LOG,
  80:effects/phasereffect.cpp ****     AddParameter(new EncoderParameter("E1 Stages", 2.0f, 8.0f, 4.0f, 1.0f, ENCODER_1_IDX));
  81:effects/phasereffect.cpp ****     AddParameter(new EncoderParameter("E2 Wave", 0.0f, 3.0f, 0.0f, 1.0f, ENCODER_2_IDX));
  82:effects/phasereffect.cpp **** 
  83:effects/phasereffect.cpp ****     static const char* kWaveNames[] = {"Sine", "Tri", "Saw", "Square"};
  84:effects/phasereffect.cpp ****     parameters_.back()->SetDisplayType(DisplayType::DISCRETE);
  85:effects/phasereffect.cpp ****     parameters_.back()->SetDiscreteValues(kWaveNames, 4);
  86:effects/phasereffect.cpp **** 
ARM GAS  C:\Users\Oliver\AppData\Local\Temp\ccAPLW26.s 			page 3


  87:effects/phasereffect.cpp ****     Update();
  88:effects/phasereffect.cpp **** }
  89:effects/phasereffect.cpp **** 
  90:effects/phasereffect.cpp **** void PhaserEffect::Process(float* in, float* out, size_t size) {
  91:effects/phasereffect.cpp ****     if (!enabled_) {
  92:effects/phasereffect.cpp ****         for (size_t i = 0; i < size; ++i) {
  93:effects/phasereffect.cpp ****             out[i] = in[i];
  94:effects/phasereffect.cpp ****         }
  95:effects/phasereffect.cpp ****         return;
  96:effects/phasereffect.cpp ****     }
  97:effects/phasereffect.cpp **** 
  98:effects/phasereffect.cpp ****     float mix = Clamp(parameters_[0]->GetValue(), 0.0f, 1.0f);
  99:effects/phasereffect.cpp ****     float depth = Clamp(parameters_[1]->GetValue(), 0.0f, 1.0f);
 100:effects/phasereffect.cpp ****     float rateHz = parameters_[2]->GetValue();
 101:effects/phasereffect.cpp ****     float feedback = parameters_[3]->GetValue();
 102:effects/phasereffect.cpp ****     float centerHz = parameters_[4]->GetValue();
 103:effects/phasereffect.cpp ****     int stages = static_cast<int>(Clamp(parameters_[5]->GetValue(), 2.0f, 8.0f));
 104:effects/phasereffect.cpp ****     int waveShape = static_cast<int>(parameters_[6]->GetValue());
 105:effects/phasereffect.cpp **** 
 106:effects/phasereffect.cpp ****     if (stages < 2) {
 107:effects/phasereffect.cpp ****         stages = 2;
 108:effects/phasereffect.cpp ****     }
 109:effects/phasereffect.cpp **** 
 110:effects/phasereffect.cpp ****     float phaseInc = rateHz / sampleRate_;
 111:effects/phasereffect.cpp **** 
 112:effects/phasereffect.cpp ****     for (size_t i = 0; i < size; ++i) {
 113:effects/phasereffect.cpp ****         float lfo = LfoValue(lfoPhaseL_, waveShape);
 114:effects/phasereffect.cpp ****         float mod = 0.5f * (lfo + 1.0f);
 115:effects/phasereffect.cpp **** 
 116:effects/phasereffect.cpp ****         float minHz = centerHz * (1.0f - 0.85f * depth);
 117:effects/phasereffect.cpp ****         float maxHz = centerHz * (1.0f + 2.5f * depth);
 118:effects/phasereffect.cpp ****         minHz = Clamp(minHz, 40.0f, 6000.0f);
 119:effects/phasereffect.cpp ****         maxHz = Clamp(maxHz, minHz + 1.0f, 8000.0f);
 120:effects/phasereffect.cpp **** 
 121:effects/phasereffect.cpp ****         float sweepHz = minHz + (maxHz - minHz) * mod;
 122:effects/phasereffect.cpp **** 
 123:effects/phasereffect.cpp ****         float x = in[i] + feedbackStateL_ * feedback;
 124:effects/phasereffect.cpp ****         float y = x;
 125:effects/phasereffect.cpp **** 
 126:effects/phasereffect.cpp ****         for (int s = 0; s < stages; ++s) {
 127:effects/phasereffect.cpp ****             float spread = static_cast<float>(s + 1) / static_cast<float>(stages);
 128:effects/phasereffect.cpp ****             float stageHz = sweepHz * (0.65f + spread * 0.9f);
 129:effects/phasereffect.cpp ****             stagesL_[s].a = ComputeAllpassCoeff(stageHz, sampleRate_);
 130:effects/phasereffect.cpp ****             y = stagesL_[s].Process(y);
 131:effects/phasereffect.cpp ****         }
 132:effects/phasereffect.cpp **** 
 133:effects/phasereffect.cpp ****         feedbackStateL_ = y;
 134:effects/phasereffect.cpp ****         out[i] = in[i] * (1.0f - mix) + y * mix;
 135:effects/phasereffect.cpp **** 
 136:effects/phasereffect.cpp ****         lfoPhaseL_ = WrapPhase(lfoPhaseL_ + phaseInc);
 137:effects/phasereffect.cpp ****     }
 138:effects/phasereffect.cpp **** }
 139:effects/phasereffect.cpp **** 
 140:effects/phasereffect.cpp **** void PhaserEffect::ProcessStereo(float* inL, float* inR, float* outL, float* outR, size_t size) {
 141:effects/phasereffect.cpp ****     if (!enabled_) {
 142:effects/phasereffect.cpp ****         for (size_t i = 0; i < size; ++i) {
 143:effects/phasereffect.cpp ****             outL[i] = inL[i];
ARM GAS  C:\Users\Oliver\AppData\Local\Temp\ccAPLW26.s 			page 4


 144:effects/phasereffect.cpp ****             outR[i] = inR[i];
 145:effects/phasereffect.cpp ****         }
 146:effects/phasereffect.cpp ****         return;
 147:effects/phasereffect.cpp ****     }
 148:effects/phasereffect.cpp **** 
 149:effects/phasereffect.cpp ****     float mix = Clamp(parameters_[0]->GetValue(), 0.0f, 1.0f);
 150:effects/phasereffect.cpp ****     float depth = Clamp(parameters_[1]->GetValue(), 0.0f, 1.0f);
 151:effects/phasereffect.cpp ****     float rateHz = parameters_[2]->GetValue();
 152:effects/phasereffect.cpp ****     float feedback = parameters_[3]->GetValue();
 153:effects/phasereffect.cpp ****     float centerHz = parameters_[4]->GetValue();
 154:effects/phasereffect.cpp ****     int stages = static_cast<int>(Clamp(parameters_[5]->GetValue(), 2.0f, 8.0f));
 155:effects/phasereffect.cpp ****     int waveShape = static_cast<int>(parameters_[6]->GetValue());
 156:effects/phasereffect.cpp **** 
 157:effects/phasereffect.cpp ****     if (stages < 2) {
 158:effects/phasereffect.cpp ****         stages = 2;
 159:effects/phasereffect.cpp ****     }
 160:effects/phasereffect.cpp **** 
 161:effects/phasereffect.cpp ****     float phaseInc = rateHz / sampleRate_;
 162:effects/phasereffect.cpp **** 
 163:effects/phasereffect.cpp ****     for (size_t i = 0; i < size; ++i) {
 164:effects/phasereffect.cpp ****         float lfoL = LfoValue(lfoPhaseL_, waveShape);
 165:effects/phasereffect.cpp ****         float lfoR = LfoValue(lfoPhaseR_, waveShape);
 166:effects/phasereffect.cpp **** 
 167:effects/phasereffect.cpp ****         float modL = 0.5f * (lfoL + 1.0f);
 168:effects/phasereffect.cpp ****         float modR = 0.5f * (lfoR + 1.0f);
 169:effects/phasereffect.cpp **** 
 170:effects/phasereffect.cpp ****         float minHz = centerHz * (1.0f - 0.85f * depth);
 171:effects/phasereffect.cpp ****         float maxHz = centerHz * (1.0f + 2.5f * depth);
 172:effects/phasereffect.cpp ****         minHz = Clamp(minHz, 40.0f, 6000.0f);
 173:effects/phasereffect.cpp ****         maxHz = Clamp(maxHz, minHz + 1.0f, 8000.0f);
 174:effects/phasereffect.cpp **** 
 175:effects/phasereffect.cpp ****         float sweepL = minHz + (maxHz - minHz) * modL;
 176:effects/phasereffect.cpp ****         float sweepR = minHz + (maxHz - minHz) * modR;
 177:effects/phasereffect.cpp **** 
 178:effects/phasereffect.cpp ****         float xL = inL[i] + feedbackStateL_ * feedback;
 179:effects/phasereffect.cpp ****         float xR = inR[i] + feedbackStateR_ * feedback;
 180:effects/phasereffect.cpp ****         float yL = xL;
 181:effects/phasereffect.cpp ****         float yR = xR;
 182:effects/phasereffect.cpp **** 
 183:effects/phasereffect.cpp ****         for (int s = 0; s < stages; ++s) {
 184:effects/phasereffect.cpp ****             float spread = static_cast<float>(s + 1) / static_cast<float>(stages);
 185:effects/phasereffect.cpp ****             float stageHzL = sweepL * (0.65f + spread * 0.9f);
 186:effects/phasereffect.cpp ****             float stageHzR = sweepR * (0.65f + spread * 0.9f);
 187:effects/phasereffect.cpp **** 
 188:effects/phasereffect.cpp ****             stagesL_[s].a = ComputeAllpassCoeff(stageHzL, sampleRate_);
 189:effects/phasereffect.cpp ****             stagesR_[s].a = ComputeAllpassCoeff(stageHzR, sampleRate_);
 190:effects/phasereffect.cpp **** 
 191:effects/phasereffect.cpp ****             yL = stagesL_[s].Process(yL);
 192:effects/phasereffect.cpp ****             yR = stagesR_[s].Process(yR);
 193:effects/phasereffect.cpp ****         }
 194:effects/phasereffect.cpp **** 
 195:effects/phasereffect.cpp ****         feedbackStateL_ = yL;
 196:effects/phasereffect.cpp ****         feedbackStateR_ = yR;
 197:effects/phasereffect.cpp **** 
 198:effects/phasereffect.cpp ****         outL[i] = inL[i] * (1.0f - mix) + yL * mix;
 199:effects/phasereffect.cpp ****         outR[i] = inR[i] * (1.0f - mix) + yR * mix;
 200:effects/phasereffect.cpp **** 
ARM GAS  C:\Users\Oliver\AppData\Local\Temp\ccAPLW26.s 			page 5


 201:effects/phasereffect.cpp ****         lfoPhaseL_ = WrapPhase(lfoPhaseL_ + phaseInc);
 202:effects/phasereffect.cpp ****         lfoPhaseR_ = WrapPhase(lfoPhaseR_ + phaseInc * 1.01f);
 203:effects/phasereffect.cpp ****     }
 204:effects/phasereffect.cpp **** }
 205:effects/phasereffect.cpp **** 
 206:effects/phasereffect.cpp **** void PhaserEffect::Update() {
  30              		.loc 1 206 29 view -0
  31              		.cfi_startproc
  32              		@ args = 0, pretend = 0, frame = 0
  33              		@ frame_needed = 0, uses_anonymous_args = 0
  34              		@ link register save eliminated.
 207:effects/phasereffect.cpp ****     // Parameters are read per-sample in Process for smooth modulation behavior.
 208:effects/phasereffect.cpp **** }
  35              		.loc 1 208 1 is_stmt 0 view .LVU1
  36 0000 7047     		bx	lr
  37              		.cfi_endproc
  38              	.LFE5154:
  40 0002 00BF     		.section	.text._ZN11perspective12PhaserEffectD2Ev,"ax",%progbits
  41              		.align	1
  42              		.p2align 2,,3
  43              		.global	_ZN11perspective12PhaserEffectD2Ev
  44              		.syntax unified
  45              		.thumb
  46              		.thumb_func
  48              	_ZN11perspective12PhaserEffectD2Ev:
  49              	.LVL1:
  50              	.LFB5148:
  62:effects/phasereffect.cpp **** }
  51              		.loc 1 62 1 is_stmt 1 view -0
  52              		.cfi_startproc
  53              		@ args = 0, pretend = 0, frame = 0
  54              		@ frame_needed = 0, uses_anonymous_args = 0
  55              	.LBB276:
  62:effects/phasereffect.cpp **** }
  56              		.loc 1 62 29 is_stmt 0 view .LVU3
  57 0000 034B     		ldr	r3, .L5
  58              	.LBE276:
  62:effects/phasereffect.cpp **** }
  59              		.loc 1 62 1 view .LVU4
  60 0002 10B5     		push	{r4, lr}
  61              		.cfi_def_cfa_offset 8
  62              		.cfi_offset 4, -8
  63              		.cfi_offset 14, -4
  62:effects/phasereffect.cpp **** }
  64              		.loc 1 62 1 view .LVU5
  65 0004 0446     		mov	r4, r0
  66              	.LBB277:
  62:effects/phasereffect.cpp **** }
  67              		.loc 1 62 29 view .LVU6
  68 0006 0360     		str	r3, [r0]
  63:effects/phasereffect.cpp **** 
  69              		.loc 1 63 1 view .LVU7
  70 0008 FFF7FEFF 		bl	_ZN11perspective6EffectD2Ev
  71              	.LVL2:
  63:effects/phasereffect.cpp **** 
  72              		.loc 1 63 1 view .LVU8
  73              	.LBE277:
ARM GAS  C:\Users\Oliver\AppData\Local\Temp\ccAPLW26.s 			page 6


  74 000c 2046     		mov	r0, r4
  75 000e 10BD     		pop	{r4, pc}
  76              	.LVL3:
  77              	.L6:
  63:effects/phasereffect.cpp **** 
  78              		.loc 1 63 1 view .LVU9
  79              		.align	2
  80              	.L5:
  81 0010 08000000 		.word	_ZTVN11perspective12PhaserEffectE+8
  82              		.cfi_endproc
  83              	.LFE5148:
  85              		.global	_ZN11perspective12PhaserEffectD1Ev
  86              		.thumb_set _ZN11perspective12PhaserEffectD1Ev,_ZN11perspective12PhaserEffectD2Ev
  87              		.section	.text._ZN11perspective12PhaserEffectD0Ev,"ax",%progbits
  88              		.align	1
  89              		.p2align 2,,3
  90              		.global	_ZN11perspective12PhaserEffectD0Ev
  91              		.syntax unified
  92              		.thumb
  93              		.thumb_func
  95              	_ZN11perspective12PhaserEffectD0Ev:
  96              	.LVL4:
  97              	.LFB5150:
  62:effects/phasereffect.cpp **** }
  98              		.loc 1 62 1 is_stmt 1 view -0
  99              		.cfi_startproc
 100              		@ args = 0, pretend = 0, frame = 0
 101              		@ frame_needed = 0, uses_anonymous_args = 0
 102              	.LBB278:
 103              	.LBB279:
  62:effects/phasereffect.cpp **** }
 104              		.loc 1 62 29 is_stmt 0 view .LVU11
 105 0000 054B     		ldr	r3, .L9
 106              	.LBE279:
 107              	.LBE278:
  62:effects/phasereffect.cpp **** }
 108              		.loc 1 62 1 view .LVU12
 109 0002 10B5     		push	{r4, lr}
 110              		.cfi_def_cfa_offset 8
 111              		.cfi_offset 4, -8
 112              		.cfi_offset 14, -4
  62:effects/phasereffect.cpp **** }
 113              		.loc 1 62 1 view .LVU13
 114 0004 0446     		mov	r4, r0
 115              	.LVL5:
 116              	.LBB281:
 117              	.LBI278:
  62:effects/phasereffect.cpp **** }
 118              		.loc 1 62 1 is_stmt 1 view .LVU14
 119              	.LBB280:
  62:effects/phasereffect.cpp **** }
 120              		.loc 1 62 29 is_stmt 0 view .LVU15
 121 0006 0360     		str	r3, [r0]
  63:effects/phasereffect.cpp **** 
 122              		.loc 1 63 1 view .LVU16
 123 0008 FFF7FEFF 		bl	_ZN11perspective6EffectD2Ev
 124              	.LVL6:
ARM GAS  C:\Users\Oliver\AppData\Local\Temp\ccAPLW26.s 			page 7


  63:effects/phasereffect.cpp **** 
 125              		.loc 1 63 1 view .LVU17
 126              	.LBE280:
 127              	.LBE281:
  63:effects/phasereffect.cpp **** 
 128              		.loc 1 63 1 discriminator 1 view .LVU18
 129 000c C021     		movs	r1, #192
 130 000e 2046     		mov	r0, r4
 131 0010 FFF7FEFF 		bl	_ZdlPvj
 132              	.LVL7:
  63:effects/phasereffect.cpp **** 
 133              		.loc 1 63 1 view .LVU19
 134 0014 2046     		mov	r0, r4
 135 0016 10BD     		pop	{r4, pc}
 136              	.LVL8:
 137              	.L10:
  63:effects/phasereffect.cpp **** 
 138              		.loc 1 63 1 view .LVU20
 139              		.align	2
 140              	.L9:
 141 0018 08000000 		.word	_ZTVN11perspective12PhaserEffectE+8
 142              		.cfi_endproc
 143              	.LFE5150:
 145              		.section	.rodata._ZN11perspective12PhaserEffect4InitEf.str1.4,"aMS",%progbits,1
 146              		.align	2
 147              	.LC0:
 148 0000 4B31204D 		.ascii	"K1 Mix\000"
 148      697800
 149 0007 00       		.align	2
 150              	.LC1:
 151 0008 4B322044 		.ascii	"K2 Depth\000"
 151      65707468 
 151      00
 152 0011 000000   		.align	2
 153              	.LC2:
 154 0014 4B332052 		.ascii	"K3 Rate\000"
 154      61746500 
 155              		.align	2
 156              	.LC3:
 157 001c 4B342046 		.ascii	"K4 Feedback\000"
 157      65656462 
 157      61636B00 
 158              		.align	2
 159              	.LC4:
 160 0028 4B352043 		.ascii	"K5 Center Hz\000"
 160      656E7465 
 160      7220487A 
 160      00
 161 0035 000000   		.align	2
 162              	.LC5:
 163 0038 45312053 		.ascii	"E1 Stages\000"
 163      74616765 
 163      7300
 164 0042 0000     		.align	2
 165              	.LC6:
 166 0044 45322057 		.ascii	"E2 Wave\000"
 166      61766500 
ARM GAS  C:\Users\Oliver\AppData\Local\Temp\ccAPLW26.s 			page 8


 167              		.section	.text._ZN11perspective12PhaserEffect4InitEf,"ax",%progbits
 168              		.align	1
 169              		.p2align 2,,3
 170              		.global	_ZN11perspective12PhaserEffect4InitEf
 171              		.syntax unified
 172              		.thumb
 173              		.thumb_func
 175              	_ZN11perspective12PhaserEffect4InitEf:
 176              	.LVL9:
 177              	.LFB5151:
  65:effects/phasereffect.cpp ****     sampleRate_ = sampleRate;
 178              		.loc 1 65 43 is_stmt 1 view -0
 179              		.cfi_startproc
 180              		@ args = 0, pretend = 0, frame = 0
 181              		@ frame_needed = 0, uses_anonymous_args = 0
  66:effects/phasereffect.cpp **** 
 182              		.loc 1 66 5 view .LVU22
  65:effects/phasereffect.cpp ****     sampleRate_ = sampleRate;
 183              		.loc 1 65 43 is_stmt 0 view .LVU23
 184 0000 70B5     		push	{r4, r5, r6, lr}
 185              		.cfi_def_cfa_offset 16
 186              		.cfi_offset 4, -16
 187              		.cfi_offset 5, -12
 188              		.cfi_offset 6, -8
 189              		.cfi_offset 14, -4
 190 0002 0446     		mov	r4, r0
  75:effects/phasereffect.cpp ****     AddParameter(new PotentiometerParameter("K2 Depth", 0.0f, 1.0f, 0.75f, PotCurve::LIN, KNOB_2_ID
 191              		.loc 1 75 98 view .LVU24
 192 0004 3020     		movs	r0, #48
 193              	.LVL10:
  75:effects/phasereffect.cpp ****     AddParameter(new PotentiometerParameter("K2 Depth", 0.0f, 1.0f, 0.75f, PotCurve::LIN, KNOB_2_ID
 194              		.loc 1 75 98 discriminator 1 view .LVU25
 195 0006 6FF00105 		mvn	r5, #1
  65:effects/phasereffect.cpp ****     sampleRate_ = sampleRate;
 196              		.loc 1 65 43 view .LVU26
 197 000a 2DED028B 		vpush.64	{d8}
 198              		.cfi_def_cfa_offset 24
 199              		.cfi_offset 80, -24
 200              		.cfi_offset 81, -20
 201              	.LBB297:
  69:effects/phasereffect.cpp ****         stagesL_[i].z1 = 0.0f;
 202              		.loc 1 69 23 view .LVU27
 203 000e 9FED778A 		vldr.32	s16, .L15
 204              	.LBE297:
  65:effects/phasereffect.cpp ****     sampleRate_ = sampleRate;
 205              		.loc 1 65 43 view .LVU28
 206 0012 82B0     		sub	sp, sp, #8
 207              		.cfi_def_cfa_offset 32
  66:effects/phasereffect.cpp **** 
 208              		.loc 1 66 17 view .LVU29
 209 0014 84ED060A 		vstr.32	s0, [r4, #24]
  68:effects/phasereffect.cpp ****         stagesL_[i].a = 0.0f;
 210              		.loc 1 68 5 is_stmt 1 view .LVU30
 211              	.LVL11:
 212              	.LBB298:
  68:effects/phasereffect.cpp ****         stagesL_[i].a = 0.0f;
 213              		.loc 1 68 23 discriminator 1 view .LVU31
ARM GAS  C:\Users\Oliver\AppData\Local\Temp\ccAPLW26.s 			page 9


  69:effects/phasereffect.cpp ****         stagesL_[i].z1 = 0.0f;
 214              		.loc 1 69 9 view .LVU32
  69:effects/phasereffect.cpp ****         stagesL_[i].z1 = 0.0f;
 215              		.loc 1 69 23 is_stmt 0 view .LVU33
 216 0018 84ED0C8A 		vstr.32	s16, [r4, #48]
  70:effects/phasereffect.cpp ****         stagesR_[i].a = 0.0f;
 217              		.loc 1 70 9 is_stmt 1 view .LVU34
  70:effects/phasereffect.cpp ****         stagesR_[i].a = 0.0f;
 218              		.loc 1 70 24 is_stmt 0 view .LVU35
 219 001c 84ED0D8A 		vstr.32	s16, [r4, #52]
  71:effects/phasereffect.cpp ****         stagesR_[i].z1 = 0.0f;
 220              		.loc 1 71 9 is_stmt 1 view .LVU36
  71:effects/phasereffect.cpp ****         stagesR_[i].z1 = 0.0f;
 221              		.loc 1 71 23 is_stmt 0 view .LVU37
 222 0020 84ED1C8A 		vstr.32	s16, [r4, #112]
  72:effects/phasereffect.cpp ****     }
 223              		.loc 1 72 9 is_stmt 1 view .LVU38
  72:effects/phasereffect.cpp ****     }
 224              		.loc 1 72 24 is_stmt 0 view .LVU39
 225 0024 84ED1D8A 		vstr.32	s16, [r4, #116]
  68:effects/phasereffect.cpp ****         stagesL_[i].a = 0.0f;
 226              		.loc 1 68 5 is_stmt 1 discriminator 3 view .LVU40
 227              	.LVL12:
  68:effects/phasereffect.cpp ****         stagesL_[i].a = 0.0f;
 228              		.loc 1 68 23 discriminator 1 view .LVU41
  69:effects/phasereffect.cpp ****         stagesL_[i].z1 = 0.0f;
 229              		.loc 1 69 9 view .LVU42
  69:effects/phasereffect.cpp ****         stagesL_[i].z1 = 0.0f;
 230              		.loc 1 69 23 is_stmt 0 view .LVU43
 231 0028 84ED0E8A 		vstr.32	s16, [r4, #56]
  70:effects/phasereffect.cpp ****         stagesR_[i].a = 0.0f;
 232              		.loc 1 70 9 is_stmt 1 view .LVU44
  70:effects/phasereffect.cpp ****         stagesR_[i].a = 0.0f;
 233              		.loc 1 70 24 is_stmt 0 view .LVU45
 234 002c 84ED0F8A 		vstr.32	s16, [r4, #60]
  71:effects/phasereffect.cpp ****         stagesR_[i].z1 = 0.0f;
 235              		.loc 1 71 9 is_stmt 1 view .LVU46
  71:effects/phasereffect.cpp ****         stagesR_[i].z1 = 0.0f;
 236              		.loc 1 71 23 is_stmt 0 view .LVU47
 237 0030 84ED1E8A 		vstr.32	s16, [r4, #120]
  72:effects/phasereffect.cpp ****     }
 238              		.loc 1 72 9 is_stmt 1 view .LVU48
  72:effects/phasereffect.cpp ****     }
 239              		.loc 1 72 24 is_stmt 0 view .LVU49
 240 0034 84ED1F8A 		vstr.32	s16, [r4, #124]
  68:effects/phasereffect.cpp ****         stagesL_[i].a = 0.0f;
 241              		.loc 1 68 5 is_stmt 1 discriminator 3 view .LVU50
 242              	.LVL13:
  68:effects/phasereffect.cpp ****         stagesL_[i].a = 0.0f;
 243              		.loc 1 68 23 discriminator 1 view .LVU51
  69:effects/phasereffect.cpp ****         stagesL_[i].z1 = 0.0f;
 244              		.loc 1 69 9 view .LVU52
  69:effects/phasereffect.cpp ****         stagesL_[i].z1 = 0.0f;
 245              		.loc 1 69 23 is_stmt 0 view .LVU53
 246 0038 84ED108A 		vstr.32	s16, [r4, #64]
  70:effects/phasereffect.cpp ****         stagesR_[i].a = 0.0f;
 247              		.loc 1 70 9 is_stmt 1 view .LVU54
ARM GAS  C:\Users\Oliver\AppData\Local\Temp\ccAPLW26.s 			page 10


  70:effects/phasereffect.cpp ****         stagesR_[i].a = 0.0f;
 248              		.loc 1 70 24 is_stmt 0 view .LVU55
 249 003c 84ED118A 		vstr.32	s16, [r4, #68]
  71:effects/phasereffect.cpp ****         stagesR_[i].z1 = 0.0f;
 250              		.loc 1 71 9 is_stmt 1 view .LVU56
  71:effects/phasereffect.cpp ****         stagesR_[i].z1 = 0.0f;
 251              		.loc 1 71 23 is_stmt 0 view .LVU57
 252 0040 84ED208A 		vstr.32	s16, [r4, #128]
  72:effects/phasereffect.cpp ****     }
 253              		.loc 1 72 9 is_stmt 1 view .LVU58
  72:effects/phasereffect.cpp ****     }
 254              		.loc 1 72 24 is_stmt 0 view .LVU59
 255 0044 84ED218A 		vstr.32	s16, [r4, #132]
  68:effects/phasereffect.cpp ****         stagesL_[i].a = 0.0f;
 256              		.loc 1 68 5 is_stmt 1 discriminator 3 view .LVU60
 257              	.LVL14:
  68:effects/phasereffect.cpp ****         stagesL_[i].a = 0.0f;
 258              		.loc 1 68 23 discriminator 1 view .LVU61
  69:effects/phasereffect.cpp ****         stagesL_[i].z1 = 0.0f;
 259              		.loc 1 69 9 view .LVU62
  69:effects/phasereffect.cpp ****         stagesL_[i].z1 = 0.0f;
 260              		.loc 1 69 23 is_stmt 0 view .LVU63
 261 0048 84ED128A 		vstr.32	s16, [r4, #72]
  70:effects/phasereffect.cpp ****         stagesR_[i].a = 0.0f;
 262              		.loc 1 70 9 is_stmt 1 view .LVU64
  70:effects/phasereffect.cpp ****         stagesR_[i].a = 0.0f;
 263              		.loc 1 70 24 is_stmt 0 view .LVU65
 264 004c 84ED138A 		vstr.32	s16, [r4, #76]
  71:effects/phasereffect.cpp ****         stagesR_[i].z1 = 0.0f;
 265              		.loc 1 71 9 is_stmt 1 view .LVU66
  71:effects/phasereffect.cpp ****         stagesR_[i].z1 = 0.0f;
 266              		.loc 1 71 23 is_stmt 0 view .LVU67
 267 0050 84ED228A 		vstr.32	s16, [r4, #136]
  72:effects/phasereffect.cpp ****     }
 268              		.loc 1 72 9 is_stmt 1 view .LVU68
  72:effects/phasereffect.cpp ****     }
 269              		.loc 1 72 24 is_stmt 0 view .LVU69
 270 0054 84ED238A 		vstr.32	s16, [r4, #140]
  68:effects/phasereffect.cpp ****         stagesL_[i].a = 0.0f;
 271              		.loc 1 68 5 is_stmt 1 discriminator 3 view .LVU70
 272              	.LVL15:
  68:effects/phasereffect.cpp ****         stagesL_[i].a = 0.0f;
 273              		.loc 1 68 23 discriminator 1 view .LVU71
  69:effects/phasereffect.cpp ****         stagesL_[i].z1 = 0.0f;
 274              		.loc 1 69 9 view .LVU72
  69:effects/phasereffect.cpp ****         stagesL_[i].z1 = 0.0f;
 275              		.loc 1 69 23 is_stmt 0 view .LVU73
 276 0058 84ED148A 		vstr.32	s16, [r4, #80]
  70:effects/phasereffect.cpp ****         stagesR_[i].a = 0.0f;
 277              		.loc 1 70 9 is_stmt 1 view .LVU74
  70:effects/phasereffect.cpp ****         stagesR_[i].a = 0.0f;
 278              		.loc 1 70 24 is_stmt 0 view .LVU75
 279 005c 84ED158A 		vstr.32	s16, [r4, #84]
  71:effects/phasereffect.cpp ****         stagesR_[i].z1 = 0.0f;
 280              		.loc 1 71 9 is_stmt 1 view .LVU76
  71:effects/phasereffect.cpp ****         stagesR_[i].z1 = 0.0f;
 281              		.loc 1 71 23 is_stmt 0 view .LVU77
ARM GAS  C:\Users\Oliver\AppData\Local\Temp\ccAPLW26.s 			page 11


 282 0060 84ED248A 		vstr.32	s16, [r4, #144]
  72:effects/phasereffect.cpp ****     }
 283              		.loc 1 72 9 is_stmt 1 view .LVU78
  72:effects/phasereffect.cpp ****     }
 284              		.loc 1 72 24 is_stmt 0 view .LVU79
 285 0064 84ED258A 		vstr.32	s16, [r4, #148]
  68:effects/phasereffect.cpp ****         stagesL_[i].a = 0.0f;
 286              		.loc 1 68 5 is_stmt 1 discriminator 3 view .LVU80
 287              	.LVL16:
  68:effects/phasereffect.cpp ****         stagesL_[i].a = 0.0f;
 288              		.loc 1 68 23 discriminator 1 view .LVU81
  69:effects/phasereffect.cpp ****         stagesL_[i].z1 = 0.0f;
 289              		.loc 1 69 9 view .LVU82
  69:effects/phasereffect.cpp ****         stagesL_[i].z1 = 0.0f;
 290              		.loc 1 69 23 is_stmt 0 view .LVU83
 291 0068 84ED168A 		vstr.32	s16, [r4, #88]
  70:effects/phasereffect.cpp ****         stagesR_[i].a = 0.0f;
 292              		.loc 1 70 9 is_stmt 1 view .LVU84
  70:effects/phasereffect.cpp ****         stagesR_[i].a = 0.0f;
 293              		.loc 1 70 24 is_stmt 0 view .LVU85
 294 006c 84ED178A 		vstr.32	s16, [r4, #92]
  71:effects/phasereffect.cpp ****         stagesR_[i].z1 = 0.0f;
 295              		.loc 1 71 9 is_stmt 1 view .LVU86
  71:effects/phasereffect.cpp ****         stagesR_[i].z1 = 0.0f;
 296              		.loc 1 71 23 is_stmt 0 view .LVU87
 297 0070 84ED268A 		vstr.32	s16, [r4, #152]
  72:effects/phasereffect.cpp ****     }
 298              		.loc 1 72 9 is_stmt 1 view .LVU88
  72:effects/phasereffect.cpp ****     }
 299              		.loc 1 72 24 is_stmt 0 view .LVU89
 300 0074 84ED278A 		vstr.32	s16, [r4, #156]
  68:effects/phasereffect.cpp ****         stagesL_[i].a = 0.0f;
 301              		.loc 1 68 5 is_stmt 1 discriminator 3 view .LVU90
 302              	.LVL17:
  68:effects/phasereffect.cpp ****         stagesL_[i].a = 0.0f;
 303              		.loc 1 68 23 discriminator 1 view .LVU91
  69:effects/phasereffect.cpp ****         stagesL_[i].z1 = 0.0f;
 304              		.loc 1 69 9 view .LVU92
  69:effects/phasereffect.cpp ****         stagesL_[i].z1 = 0.0f;
 305              		.loc 1 69 23 is_stmt 0 view .LVU93
 306 0078 84ED188A 		vstr.32	s16, [r4, #96]
  70:effects/phasereffect.cpp ****         stagesR_[i].a = 0.0f;
 307              		.loc 1 70 9 is_stmt 1 view .LVU94
  70:effects/phasereffect.cpp ****         stagesR_[i].a = 0.0f;
 308              		.loc 1 70 24 is_stmt 0 view .LVU95
 309 007c 84ED198A 		vstr.32	s16, [r4, #100]
  71:effects/phasereffect.cpp ****         stagesR_[i].z1 = 0.0f;
 310              		.loc 1 71 9 is_stmt 1 view .LVU96
  71:effects/phasereffect.cpp ****         stagesR_[i].z1 = 0.0f;
 311              		.loc 1 71 23 is_stmt 0 view .LVU97
 312 0080 84ED288A 		vstr.32	s16, [r4, #160]
  72:effects/phasereffect.cpp ****     }
 313              		.loc 1 72 9 is_stmt 1 view .LVU98
  72:effects/phasereffect.cpp ****     }
 314              		.loc 1 72 24 is_stmt 0 view .LVU99
 315 0084 84ED298A 		vstr.32	s16, [r4, #164]
  68:effects/phasereffect.cpp ****         stagesL_[i].a = 0.0f;
ARM GAS  C:\Users\Oliver\AppData\Local\Temp\ccAPLW26.s 			page 12


 316              		.loc 1 68 5 is_stmt 1 discriminator 3 view .LVU100
 317              	.LVL18:
  68:effects/phasereffect.cpp ****         stagesL_[i].a = 0.0f;
 318              		.loc 1 68 23 discriminator 1 view .LVU101
  69:effects/phasereffect.cpp ****         stagesL_[i].z1 = 0.0f;
 319              		.loc 1 69 9 view .LVU102
  69:effects/phasereffect.cpp ****         stagesL_[i].z1 = 0.0f;
 320              		.loc 1 69 23 is_stmt 0 view .LVU103
 321 0088 84ED1A8A 		vstr.32	s16, [r4, #104]
  70:effects/phasereffect.cpp ****         stagesR_[i].a = 0.0f;
 322              		.loc 1 70 9 is_stmt 1 view .LVU104
  70:effects/phasereffect.cpp ****         stagesR_[i].a = 0.0f;
 323              		.loc 1 70 24 is_stmt 0 view .LVU105
 324 008c 84ED1B8A 		vstr.32	s16, [r4, #108]
  71:effects/phasereffect.cpp ****         stagesR_[i].z1 = 0.0f;
 325              		.loc 1 71 9 is_stmt 1 view .LVU106
  71:effects/phasereffect.cpp ****         stagesR_[i].z1 = 0.0f;
 326              		.loc 1 71 23 is_stmt 0 view .LVU107
 327 0090 84ED2A8A 		vstr.32	s16, [r4, #168]
  72:effects/phasereffect.cpp ****     }
 328              		.loc 1 72 9 is_stmt 1 view .LVU108
  72:effects/phasereffect.cpp ****     }
 329              		.loc 1 72 24 is_stmt 0 view .LVU109
 330 0094 84ED2B8A 		vstr.32	s16, [r4, #172]
  68:effects/phasereffect.cpp ****         stagesL_[i].a = 0.0f;
 331              		.loc 1 68 5 is_stmt 1 discriminator 3 view .LVU110
 332              	.LVL19:
  68:effects/phasereffect.cpp ****         stagesL_[i].a = 0.0f;
 333              		.loc 1 68 23 discriminator 1 view .LVU111
 334              	.LBE298:
  75:effects/phasereffect.cpp ****     AddParameter(new PotentiometerParameter("K2 Depth", 0.0f, 1.0f, 0.75f, PotCurve::LIN, KNOB_2_ID
 335              		.loc 1 75 5 view .LVU112
  75:effects/phasereffect.cpp ****     AddParameter(new PotentiometerParameter("K2 Depth", 0.0f, 1.0f, 0.75f, PotCurve::LIN, KNOB_2_ID
 336              		.loc 1 75 98 is_stmt 0 view .LVU113
 337 0098 FFF7FEFF 		bl	_Znwj
 338              	.LVL20:
  75:effects/phasereffect.cpp ****     AddParameter(new PotentiometerParameter("K2 Depth", 0.0f, 1.0f, 0.75f, PotCurve::LIN, KNOB_2_ID
 339              		.loc 1 75 98 discriminator 1 view .LVU114
 340 009c 0023     		movs	r3, #0
  75:effects/phasereffect.cpp ****     AddParameter(new PotentiometerParameter("K2 Depth", 0.0f, 1.0f, 0.75f, PotCurve::LIN, KNOB_2_ID
 341              		.loc 1 75 98 view .LVU115
 342 009e 0646     		mov	r6, r0
  75:effects/phasereffect.cpp ****     AddParameter(new PotentiometerParameter("K2 Depth", 0.0f, 1.0f, 0.75f, PotCurve::LIN, KNOB_2_ID
 343              		.loc 1 75 98 discriminator 1 view .LVU116
 344 00a0 B6EE001A 		vmov.f32	s2, #5.0e-1
 345 00a4 1A46     		mov	r2, r3
 346 00a6 F7EE000A 		vmov.f32	s1, #1.0e+0
 347 00aa B0EE480A 		vmov.f32	s0, s16
 348 00ae 5049     		ldr	r1, .L15+4
 349 00b0 0095     		str	r5, [sp]
 350 00b2 FFF7FEFF 		bl	_ZN11perspective22PotentiometerParameterC1EPKcfffNS_8PotCurveEii
 351              	.LVL21:
  75:effects/phasereffect.cpp ****     AddParameter(new PotentiometerParameter("K2 Depth", 0.0f, 1.0f, 0.75f, PotCurve::LIN, KNOB_2_ID
 352              		.loc 1 75 17 discriminator 2 view .LVU117
 353 00b6 3146     		mov	r1, r6
 354 00b8 2046     		mov	r0, r4
 355 00ba FFF7FEFF 		bl	_ZN11perspective6Effect12AddParameterEPNS_15EffectParameterE
ARM GAS  C:\Users\Oliver\AppData\Local\Temp\ccAPLW26.s 			page 13


 356              	.LVL22:
  76:effects/phasereffect.cpp ****     AddParameter(new PotentiometerParameter("K3 Rate", 0.02f, 4.0f, 0.3f, PotCurve::LOG, KNOB_3_IDX
 357              		.loc 1 76 5 is_stmt 1 view .LVU118
  76:effects/phasereffect.cpp ****     AddParameter(new PotentiometerParameter("K3 Rate", 0.02f, 4.0f, 0.3f, PotCurve::LOG, KNOB_3_IDX
 358              		.loc 1 76 101 is_stmt 0 view .LVU119
 359 00be 3020     		movs	r0, #48
 360 00c0 FFF7FEFF 		bl	_Znwj
 361              	.LVL23:
 362 00c4 0646     		mov	r6, r0
  76:effects/phasereffect.cpp ****     AddParameter(new PotentiometerParameter("K3 Rate", 0.02f, 4.0f, 0.3f, PotCurve::LOG, KNOB_3_IDX
 363              		.loc 1 76 101 discriminator 1 view .LVU120
 364 00c6 B6EE081A 		vmov.f32	s2, #7.5e-1
 365 00ca 0123     		movs	r3, #1
 366 00cc F7EE000A 		vmov.f32	s1, #1.0e+0
 367 00d0 0022     		movs	r2, #0
 368 00d2 B0EE480A 		vmov.f32	s0, s16
 369 00d6 4749     		ldr	r1, .L15+8
 370 00d8 0095     		str	r5, [sp]
 371 00da FFF7FEFF 		bl	_ZN11perspective22PotentiometerParameterC1EPKcfffNS_8PotCurveEii
 372              	.LVL24:
  76:effects/phasereffect.cpp ****     AddParameter(new PotentiometerParameter("K3 Rate", 0.02f, 4.0f, 0.3f, PotCurve::LOG, KNOB_3_IDX
 373              		.loc 1 76 17 discriminator 2 view .LVU121
 374 00de 3146     		mov	r1, r6
 375 00e0 2046     		mov	r0, r4
 376 00e2 FFF7FEFF 		bl	_ZN11perspective6Effect12AddParameterEPNS_15EffectParameterE
 377              	.LVL25:
  77:effects/phasereffect.cpp ****     AddParameter(new PotentiometerParameter("K4 Feedback", -0.95f, 0.95f, 0.35f, PotCurve::LIN, KNO
 378              		.loc 1 77 5 is_stmt 1 view .LVU122
  77:effects/phasereffect.cpp ****     AddParameter(new PotentiometerParameter("K4 Feedback", -0.95f, 0.95f, 0.35f, PotCurve::LIN, KNO
 379              		.loc 1 77 100 is_stmt 0 view .LVU123
 380 00e6 3020     		movs	r0, #48
 381 00e8 FFF7FEFF 		bl	_Znwj
 382              	.LVL26:
 383 00ec 0646     		mov	r6, r0
  77:effects/phasereffect.cpp ****     AddParameter(new PotentiometerParameter("K4 Feedback", -0.95f, 0.95f, 0.35f, PotCurve::LIN, KNO
 384              		.loc 1 77 100 discriminator 1 view .LVU124
 385 00ee F1EE000A 		vmov.f32	s1, #4.0e+0
 386 00f2 0223     		movs	r3, #2
 387 00f4 9FED401A 		vldr.32	s2, .L15+12
 388 00f8 0122     		movs	r2, #1
 389 00fa 9FED400A 		vldr.32	s0, .L15+16
 390 00fe 4049     		ldr	r1, .L15+20
 391 0100 0095     		str	r5, [sp]
 392 0102 FFF7FEFF 		bl	_ZN11perspective22PotentiometerParameterC1EPKcfffNS_8PotCurveEii
 393              	.LVL27:
  77:effects/phasereffect.cpp ****     AddParameter(new PotentiometerParameter("K4 Feedback", -0.95f, 0.95f, 0.35f, PotCurve::LIN, KNO
 394              		.loc 1 77 17 discriminator 2 view .LVU125
 395 0106 3146     		mov	r1, r6
 396 0108 2046     		mov	r0, r4
 397 010a FFF7FEFF 		bl	_ZN11perspective6Effect12AddParameterEPNS_15EffectParameterE
 398              	.LVL28:
  78:effects/phasereffect.cpp ****     AddParameter(new PotentiometerParameter("K5 Center Hz", 150.0f, 1200.0f, 450.0f, PotCurve::LOG,
 399              		.loc 1 78 5 is_stmt 1 view .LVU126
  78:effects/phasereffect.cpp ****     AddParameter(new PotentiometerParameter("K5 Center Hz", 150.0f, 1200.0f, 450.0f, PotCurve::LOG,
 400              		.loc 1 78 107 is_stmt 0 view .LVU127
 401 010e 3020     		movs	r0, #48
 402 0110 FFF7FEFF 		bl	_Znwj
ARM GAS  C:\Users\Oliver\AppData\Local\Temp\ccAPLW26.s 			page 14


 403              	.LVL29:
 404 0114 0646     		mov	r6, r0
  78:effects/phasereffect.cpp ****     AddParameter(new PotentiometerParameter("K5 Center Hz", 150.0f, 1200.0f, 450.0f, PotCurve::LOG,
 405              		.loc 1 78 107 discriminator 1 view .LVU128
 406 0116 0323     		movs	r3, #3
 407 0118 9FED3A1A 		vldr.32	s2, .L15+24
 408 011c DFED3A0A 		vldr.32	s1, .L15+28
 409 0120 0022     		movs	r2, #0
 410 0122 9FED3A0A 		vldr.32	s0, .L15+32
 411 0126 3A49     		ldr	r1, .L15+36
 412 0128 0095     		str	r5, [sp]
 413 012a FFF7FEFF 		bl	_ZN11perspective22PotentiometerParameterC1EPKcfffNS_8PotCurveEii
 414              	.LVL30:
  78:effects/phasereffect.cpp ****     AddParameter(new PotentiometerParameter("K5 Center Hz", 150.0f, 1200.0f, 450.0f, PotCurve::LOG,
 415              		.loc 1 78 17 discriminator 2 view .LVU129
 416 012e 3146     		mov	r1, r6
 417 0130 2046     		mov	r0, r4
 418 0132 FFF7FEFF 		bl	_ZN11perspective6Effect12AddParameterEPNS_15EffectParameterE
 419              	.LVL31:
  79:effects/phasereffect.cpp ****     AddParameter(new EncoderParameter("E1 Stages", 2.0f, 8.0f, 4.0f, 1.0f, ENCODER_1_IDX));
 420              		.loc 1 79 5 is_stmt 1 view .LVU130
  79:effects/phasereffect.cpp ****     AddParameter(new EncoderParameter("E1 Stages", 2.0f, 8.0f, 4.0f, 1.0f, ENCODER_1_IDX));
 421              		.loc 1 79 111 is_stmt 0 view .LVU131
 422 0136 3020     		movs	r0, #48
 423 0138 FFF7FEFF 		bl	_Znwj
 424              	.LVL32:
 425 013c 0646     		mov	r6, r0
  79:effects/phasereffect.cpp ****     AddParameter(new EncoderParameter("E1 Stages", 2.0f, 8.0f, 4.0f, 1.0f, ENCODER_1_IDX));
 426              		.loc 1 79 111 discriminator 1 view .LVU132
 427 013e 0423     		movs	r3, #4
 428 0140 9FED341A 		vldr.32	s2, .L15+40
 429 0144 DFED340A 		vldr.32	s1, .L15+44
 430 0148 0122     		movs	r2, #1
 431 014a 9FED340A 		vldr.32	s0, .L15+48
 432 014e 3449     		ldr	r1, .L15+52
 433 0150 0095     		str	r5, [sp]
 434 0152 FFF7FEFF 		bl	_ZN11perspective22PotentiometerParameterC1EPKcfffNS_8PotCurveEii
 435              	.LVL33:
  79:effects/phasereffect.cpp ****     AddParameter(new EncoderParameter("E1 Stages", 2.0f, 8.0f, 4.0f, 1.0f, ENCODER_1_IDX));
 436              		.loc 1 79 17 discriminator 2 view .LVU133
 437 0156 3146     		mov	r1, r6
 438 0158 2046     		mov	r0, r4
 439 015a FFF7FEFF 		bl	_ZN11perspective6Effect12AddParameterEPNS_15EffectParameterE
 440              	.LVL34:
  80:effects/phasereffect.cpp ****     AddParameter(new EncoderParameter("E2 Wave", 0.0f, 3.0f, 0.0f, 1.0f, ENCODER_2_IDX));
 441              		.loc 1 80 5 is_stmt 1 view .LVU134
  80:effects/phasereffect.cpp ****     AddParameter(new EncoderParameter("E2 Wave", 0.0f, 3.0f, 0.0f, 1.0f, ENCODER_2_IDX));
 442              		.loc 1 80 89 is_stmt 0 view .LVU135
 443 015e 3820     		movs	r0, #56
 444 0160 FFF7FEFF 		bl	_Znwj
 445              	.LVL35:
 446 0164 0646     		mov	r6, r0
  80:effects/phasereffect.cpp ****     AddParameter(new EncoderParameter("E2 Wave", 0.0f, 3.0f, 0.0f, 1.0f, ENCODER_2_IDX));
 447              		.loc 1 80 89 discriminator 1 view .LVU136
 448 0166 2B46     		mov	r3, r5
 449 0168 F7EE001A 		vmov.f32	s3, #1.0e+0
 450 016c B1EE001A 		vmov.f32	s2, #4.0e+0
ARM GAS  C:\Users\Oliver\AppData\Local\Temp\ccAPLW26.s 			page 15


 451 0170 0022     		movs	r2, #0
 452 0172 F2EE000A 		vmov.f32	s1, #8.0e+0
 453 0176 2B49     		ldr	r1, .L15+56
 454 0178 B0EE000A 		vmov.f32	s0, #2.0e+0
 455 017c FFF7FEFF 		bl	_ZN11perspective16EncoderParameterC1EPKcffffii
 456              	.LVL36:
  80:effects/phasereffect.cpp ****     AddParameter(new EncoderParameter("E2 Wave", 0.0f, 3.0f, 0.0f, 1.0f, ENCODER_2_IDX));
 457              		.loc 1 80 17 discriminator 2 view .LVU137
 458 0180 3146     		mov	r1, r6
 459 0182 2046     		mov	r0, r4
 460 0184 FFF7FEFF 		bl	_ZN11perspective6Effect12AddParameterEPNS_15EffectParameterE
 461              	.LVL37:
  81:effects/phasereffect.cpp **** 
 462              		.loc 1 81 5 is_stmt 1 view .LVU138
  81:effects/phasereffect.cpp **** 
 463              		.loc 1 81 87 is_stmt 0 view .LVU139
 464 0188 3820     		movs	r0, #56
 465 018a FFF7FEFF 		bl	_Znwj
 466              	.LVL38:
  81:effects/phasereffect.cpp **** 
 467              		.loc 1 81 87 discriminator 1 view .LVU140
 468 018e 2B46     		mov	r3, r5
  81:effects/phasereffect.cpp **** 
 469              		.loc 1 81 87 view .LVU141
 470 0190 0546     		mov	r5, r0
  81:effects/phasereffect.cpp **** 
 471              		.loc 1 81 87 discriminator 1 view .LVU142
 472 0192 F7EE001A 		vmov.f32	s3, #1.0e+0
 473 0196 F0EE080A 		vmov.f32	s1, #3.0e+0
 474 019a 0122     		movs	r2, #1
 475 019c B0EE481A 		vmov.f32	s2, s16
 476 01a0 2149     		ldr	r1, .L15+60
 477 01a2 B0EE480A 		vmov.f32	s0, s16
 478 01a6 FFF7FEFF 		bl	_ZN11perspective16EncoderParameterC1EPKcffffii
 479              	.LVL39:
  81:effects/phasereffect.cpp **** 
 480              		.loc 1 81 17 discriminator 2 view .LVU143
 481 01aa 2946     		mov	r1, r5
 482 01ac 2046     		mov	r0, r4
 483 01ae FFF7FEFF 		bl	_ZN11perspective6Effect12AddParameterEPNS_15EffectParameterE
 484              	.LVL40:
  83:effects/phasereffect.cpp ****     parameters_.back()->SetDisplayType(DisplayType::DISCRETE);
 485              		.loc 1 83 5 is_stmt 1 view .LVU144
  84:effects/phasereffect.cpp ****     parameters_.back()->SetDiscreteValues(kWaveNames, 4);
 486              		.loc 1 84 5 view .LVU145
 487              	.LBB299:
 488              	.LBI299:
 489              		.file 2 "C:/Program Files (x86)/Arm GNU Toolchain arm-none-eabi/14.3 rel1/arm-none-eabi/include/c+
   1:C:/Program Files (x86)/Arm GNU Toolchain arm-none-eabi/14.3 rel1/arm-none-eabi/include/c++/14.3.1/bits\stl_vector.h **** // Vector implementation -*- C++ -*-
   2:C:/Program Files (x86)/Arm GNU Toolchain arm-none-eabi/14.3 rel1/arm-none-eabi/include/c++/14.3.1/bits\stl_vector.h **** 
   3:C:/Program Files (x86)/Arm GNU Toolchain arm-none-eabi/14.3 rel1/arm-none-eabi/include/c++/14.3.1/bits\stl_vector.h **** // Copyright (C) 2001-2024 Free Software Foundation, Inc.
   4:C:/Program Files (x86)/Arm GNU Toolchain arm-none-eabi/14.3 rel1/arm-none-eabi/include/c++/14.3.1/bits\stl_vector.h **** //
   5:C:/Program Files (x86)/Arm GNU Toolchain arm-none-eabi/14.3 rel1/arm-none-eabi/include/c++/14.3.1/bits\stl_vector.h **** // This file is part of the GNU ISO C++ Library.  This library is free
   6:C:/Program Files (x86)/Arm GNU Toolchain arm-none-eabi/14.3 rel1/arm-none-eabi/include/c++/14.3.1/bits\stl_vector.h **** // software; you can redistribute it and/or modify it under the
   7:C:/Program Files (x86)/Arm GNU Toolchain arm-none-eabi/14.3 rel1/arm-none-eabi/include/c++/14.3.1/bits\stl_vector.h **** // terms of the GNU General Public License as published by the
   8:C:/Program Files (x86)/Arm GNU Toolchain arm-none-eabi/14.3 rel1/arm-none-eabi/include/c++/14.3.1/bits\stl_vector.h **** // Free Software Foundation; either version 3, or (at your option)
   9:C:/Program Files (x86)/Arm GNU Toolchain arm-none-eabi/14.3 rel1/arm-none-eabi/include/c++/14.3.1/bits\stl_vector.h **** // any later version.
ARM GAS  C:\Users\Oliver\AppData\Local\Temp\ccAPLW26.s 			page 16


  10:C:/Program Files (x86)/Arm GNU Toolchain arm-none-eabi/14.3 rel1/arm-none-eabi/include/c++/14.3.1/bits\stl_vector.h **** 
  11:C:/Program Files (x86)/Arm GNU Toolchain arm-none-eabi/14.3 rel1/arm-none-eabi/include/c++/14.3.1/bits\stl_vector.h **** // This library is distributed in the hope that it will be useful,
  12:C:/Program Files (x86)/Arm GNU Toolchain arm-none-eabi/14.3 rel1/arm-none-eabi/include/c++/14.3.1/bits\stl_vector.h **** // but WITHOUT ANY WARRANTY; without even the implied warranty of
  13:C:/Program Files (x86)/Arm GNU Toolchain arm-none-eabi/14.3 rel1/arm-none-eabi/include/c++/14.3.1/bits\stl_vector.h **** // MERCHANTABILITY or FITNESS FOR A PARTICULAR PURPOSE.  See the
  14:C:/Program Files (x86)/Arm GNU Toolchain arm-none-eabi/14.3 rel1/arm-none-eabi/include/c++/14.3.1/bits\stl_vector.h **** // GNU General Public License for more details.
  15:C:/Program Files (x86)/Arm GNU Toolchain arm-none-eabi/14.3 rel1/arm-none-eabi/include/c++/14.3.1/bits\stl_vector.h **** 
  16:C:/Program Files (x86)/Arm GNU Toolchain arm-none-eabi/14.3 rel1/arm-none-eabi/include/c++/14.3.1/bits\stl_vector.h **** // Under Section 7 of GPL version 3, you are granted additional
  17:C:/Program Files (x86)/Arm GNU Toolchain arm-none-eabi/14.3 rel1/arm-none-eabi/include/c++/14.3.1/bits\stl_vector.h **** // permissions described in the GCC Runtime Library Exception, version
  18:C:/Program Files (x86)/Arm GNU Toolchain arm-none-eabi/14.3 rel1/arm-none-eabi/include/c++/14.3.1/bits\stl_vector.h **** // 3.1, as published by the Free Software Foundation.
  19:C:/Program Files (x86)/Arm GNU Toolchain arm-none-eabi/14.3 rel1/arm-none-eabi/include/c++/14.3.1/bits\stl_vector.h **** 
  20:C:/Program Files (x86)/Arm GNU Toolchain arm-none-eabi/14.3 rel1/arm-none-eabi/include/c++/14.3.1/bits\stl_vector.h **** // You should have received a copy of the GNU General Public License and
  21:C:/Program Files (x86)/Arm GNU Toolchain arm-none-eabi/14.3 rel1/arm-none-eabi/include/c++/14.3.1/bits\stl_vector.h **** // a copy of the GCC Runtime Library Exception along with this program;
  22:C:/Program Files (x86)/Arm GNU Toolchain arm-none-eabi/14.3 rel1/arm-none-eabi/include/c++/14.3.1/bits\stl_vector.h **** // see the files COPYING3 and COPYING.RUNTIME respectively.  If not, see
  23:C:/Program Files (x86)/Arm GNU Toolchain arm-none-eabi/14.3 rel1/arm-none-eabi/include/c++/14.3.1/bits\stl_vector.h **** // <http://www.gnu.org/licenses/>.
  24:C:/Program Files (x86)/Arm GNU Toolchain arm-none-eabi/14.3 rel1/arm-none-eabi/include/c++/14.3.1/bits\stl_vector.h **** 
  25:C:/Program Files (x86)/Arm GNU Toolchain arm-none-eabi/14.3 rel1/arm-none-eabi/include/c++/14.3.1/bits\stl_vector.h **** /*
  26:C:/Program Files (x86)/Arm GNU Toolchain arm-none-eabi/14.3 rel1/arm-none-eabi/include/c++/14.3.1/bits\stl_vector.h ****  *
  27:C:/Program Files (x86)/Arm GNU Toolchain arm-none-eabi/14.3 rel1/arm-none-eabi/include/c++/14.3.1/bits\stl_vector.h ****  * Copyright (c) 1994
  28:C:/Program Files (x86)/Arm GNU Toolchain arm-none-eabi/14.3 rel1/arm-none-eabi/include/c++/14.3.1/bits\stl_vector.h ****  * Hewlett-Packard Company
  29:C:/Program Files (x86)/Arm GNU Toolchain arm-none-eabi/14.3 rel1/arm-none-eabi/include/c++/14.3.1/bits\stl_vector.h ****  *
  30:C:/Program Files (x86)/Arm GNU Toolchain arm-none-eabi/14.3 rel1/arm-none-eabi/include/c++/14.3.1/bits\stl_vector.h ****  * Permission to use, copy, modify, distribute and sell this software
  31:C:/Program Files (x86)/Arm GNU Toolchain arm-none-eabi/14.3 rel1/arm-none-eabi/include/c++/14.3.1/bits\stl_vector.h ****  * and its documentation for any purpose is hereby granted without fee,
  32:C:/Program Files (x86)/Arm GNU Toolchain arm-none-eabi/14.3 rel1/arm-none-eabi/include/c++/14.3.1/bits\stl_vector.h ****  * provided that the above copyright notice appear in all copies and
  33:C:/Program Files (x86)/Arm GNU Toolchain arm-none-eabi/14.3 rel1/arm-none-eabi/include/c++/14.3.1/bits\stl_vector.h ****  * that both that copyright notice and this permission notice appear
  34:C:/Program Files (x86)/Arm GNU Toolchain arm-none-eabi/14.3 rel1/arm-none-eabi/include/c++/14.3.1/bits\stl_vector.h ****  * in supporting documentation.  Hewlett-Packard Company makes no
  35:C:/Program Files (x86)/Arm GNU Toolchain arm-none-eabi/14.3 rel1/arm-none-eabi/include/c++/14.3.1/bits\stl_vector.h ****  * representations about the suitability of this software for any
  36:C:/Program Files (x86)/Arm GNU Toolchain arm-none-eabi/14.3 rel1/arm-none-eabi/include/c++/14.3.1/bits\stl_vector.h ****  * purpose.  It is provided "as is" without express or implied warranty.
  37:C:/Program Files (x86)/Arm GNU Toolchain arm-none-eabi/14.3 rel1/arm-none-eabi/include/c++/14.3.1/bits\stl_vector.h ****  *
  38:C:/Program Files (x86)/Arm GNU Toolchain arm-none-eabi/14.3 rel1/arm-none-eabi/include/c++/14.3.1/bits\stl_vector.h ****  *
  39:C:/Program Files (x86)/Arm GNU Toolchain arm-none-eabi/14.3 rel1/arm-none-eabi/include/c++/14.3.1/bits\stl_vector.h ****  * Copyright (c) 1996
  40:C:/Program Files (x86)/Arm GNU Toolchain arm-none-eabi/14.3 rel1/arm-none-eabi/include/c++/14.3.1/bits\stl_vector.h ****  * Silicon Graphics Computer Systems, Inc.
  41:C:/Program Files (x86)/Arm GNU Toolchain arm-none-eabi/14.3 rel1/arm-none-eabi/include/c++/14.3.1/bits\stl_vector.h ****  *
  42:C:/Program Files (x86)/Arm GNU Toolchain arm-none-eabi/14.3 rel1/arm-none-eabi/include/c++/14.3.1/bits\stl_vector.h ****  * Permission to use, copy, modify, distribute and sell this software
  43:C:/Program Files (x86)/Arm GNU Toolchain arm-none-eabi/14.3 rel1/arm-none-eabi/include/c++/14.3.1/bits\stl_vector.h ****  * and its documentation for any purpose is hereby granted without fee,
  44:C:/Program Files (x86)/Arm GNU Toolchain arm-none-eabi/14.3 rel1/arm-none-eabi/include/c++/14.3.1/bits\stl_vector.h ****  * provided that the above copyright notice appear in all copies and
  45:C:/Program Files (x86)/Arm GNU Toolchain arm-none-eabi/14.3 rel1/arm-none-eabi/include/c++/14.3.1/bits\stl_vector.h ****  * that both that copyright notice and this permission notice appear
  46:C:/Program Files (x86)/Arm GNU Toolchain arm-none-eabi/14.3 rel1/arm-none-eabi/include/c++/14.3.1/bits\stl_vector.h ****  * in supporting documentation.  Silicon Graphics makes no
  47:C:/Program Files (x86)/Arm GNU Toolchain arm-none-eabi/14.3 rel1/arm-none-eabi/include/c++/14.3.1/bits\stl_vector.h ****  * representations about the suitability of this  software for any
  48:C:/Program Files (x86)/Arm GNU Toolchain arm-none-eabi/14.3 rel1/arm-none-eabi/include/c++/14.3.1/bits\stl_vector.h ****  * purpose.  It is provided "as is" without express or implied warranty.
  49:C:/Program Files (x86)/Arm GNU Toolchain arm-none-eabi/14.3 rel1/arm-none-eabi/include/c++/14.3.1/bits\stl_vector.h ****  */
  50:C:/Program Files (x86)/Arm GNU Toolchain arm-none-eabi/14.3 rel1/arm-none-eabi/include/c++/14.3.1/bits\stl_vector.h **** 
  51:C:/Program Files (x86)/Arm GNU Toolchain arm-none-eabi/14.3 rel1/arm-none-eabi/include/c++/14.3.1/bits\stl_vector.h **** /** @file bits/stl_vector.h
  52:C:/Program Files (x86)/Arm GNU Toolchain arm-none-eabi/14.3 rel1/arm-none-eabi/include/c++/14.3.1/bits\stl_vector.h ****  *  This is an internal header file, included by other library headers.
  53:C:/Program Files (x86)/Arm GNU Toolchain arm-none-eabi/14.3 rel1/arm-none-eabi/include/c++/14.3.1/bits\stl_vector.h ****  *  Do not attempt to use it directly. @headername{vector}
  54:C:/Program Files (x86)/Arm GNU Toolchain arm-none-eabi/14.3 rel1/arm-none-eabi/include/c++/14.3.1/bits\stl_vector.h ****  */
  55:C:/Program Files (x86)/Arm GNU Toolchain arm-none-eabi/14.3 rel1/arm-none-eabi/include/c++/14.3.1/bits\stl_vector.h **** 
  56:C:/Program Files (x86)/Arm GNU Toolchain arm-none-eabi/14.3 rel1/arm-none-eabi/include/c++/14.3.1/bits\stl_vector.h **** #ifndef _STL_VECTOR_H
  57:C:/Program Files (x86)/Arm GNU Toolchain arm-none-eabi/14.3 rel1/arm-none-eabi/include/c++/14.3.1/bits\stl_vector.h **** #define _STL_VECTOR_H 1
  58:C:/Program Files (x86)/Arm GNU Toolchain arm-none-eabi/14.3 rel1/arm-none-eabi/include/c++/14.3.1/bits\stl_vector.h **** 
  59:C:/Program Files (x86)/Arm GNU Toolchain arm-none-eabi/14.3 rel1/arm-none-eabi/include/c++/14.3.1/bits\stl_vector.h **** #include <bits/stl_iterator_base_funcs.h>
  60:C:/Program Files (x86)/Arm GNU Toolchain arm-none-eabi/14.3 rel1/arm-none-eabi/include/c++/14.3.1/bits\stl_vector.h **** #include <bits/functexcept.h>
  61:C:/Program Files (x86)/Arm GNU Toolchain arm-none-eabi/14.3 rel1/arm-none-eabi/include/c++/14.3.1/bits\stl_vector.h **** #include <bits/concept_check.h>
  62:C:/Program Files (x86)/Arm GNU Toolchain arm-none-eabi/14.3 rel1/arm-none-eabi/include/c++/14.3.1/bits\stl_vector.h **** #if __cplusplus >= 201103L
  63:C:/Program Files (x86)/Arm GNU Toolchain arm-none-eabi/14.3 rel1/arm-none-eabi/include/c++/14.3.1/bits\stl_vector.h **** #include <initializer_list>
  64:C:/Program Files (x86)/Arm GNU Toolchain arm-none-eabi/14.3 rel1/arm-none-eabi/include/c++/14.3.1/bits\stl_vector.h **** #endif
  65:C:/Program Files (x86)/Arm GNU Toolchain arm-none-eabi/14.3 rel1/arm-none-eabi/include/c++/14.3.1/bits\stl_vector.h **** #if __cplusplus >= 202002L
  66:C:/Program Files (x86)/Arm GNU Toolchain arm-none-eabi/14.3 rel1/arm-none-eabi/include/c++/14.3.1/bits\stl_vector.h **** # include <compare>
ARM GAS  C:\Users\Oliver\AppData\Local\Temp\ccAPLW26.s 			page 17


  67:C:/Program Files (x86)/Arm GNU Toolchain arm-none-eabi/14.3 rel1/arm-none-eabi/include/c++/14.3.1/bits\stl_vector.h **** #endif
  68:C:/Program Files (x86)/Arm GNU Toolchain arm-none-eabi/14.3 rel1/arm-none-eabi/include/c++/14.3.1/bits\stl_vector.h **** #if __glibcxx_concepts // C++ >= C++20
  69:C:/Program Files (x86)/Arm GNU Toolchain arm-none-eabi/14.3 rel1/arm-none-eabi/include/c++/14.3.1/bits\stl_vector.h **** # include <bits/ranges_base.h>          // ranges::distance
  70:C:/Program Files (x86)/Arm GNU Toolchain arm-none-eabi/14.3 rel1/arm-none-eabi/include/c++/14.3.1/bits\stl_vector.h **** #endif
  71:C:/Program Files (x86)/Arm GNU Toolchain arm-none-eabi/14.3 rel1/arm-none-eabi/include/c++/14.3.1/bits\stl_vector.h **** 
  72:C:/Program Files (x86)/Arm GNU Toolchain arm-none-eabi/14.3 rel1/arm-none-eabi/include/c++/14.3.1/bits\stl_vector.h **** #include <debug/assertions.h>
  73:C:/Program Files (x86)/Arm GNU Toolchain arm-none-eabi/14.3 rel1/arm-none-eabi/include/c++/14.3.1/bits\stl_vector.h **** 
  74:C:/Program Files (x86)/Arm GNU Toolchain arm-none-eabi/14.3 rel1/arm-none-eabi/include/c++/14.3.1/bits\stl_vector.h **** #if _GLIBCXX_SANITIZE_STD_ALLOCATOR && _GLIBCXX_SANITIZE_VECTOR
  75:C:/Program Files (x86)/Arm GNU Toolchain arm-none-eabi/14.3 rel1/arm-none-eabi/include/c++/14.3.1/bits\stl_vector.h **** extern "C" void
  76:C:/Program Files (x86)/Arm GNU Toolchain arm-none-eabi/14.3 rel1/arm-none-eabi/include/c++/14.3.1/bits\stl_vector.h **** __sanitizer_annotate_contiguous_container(const void*, const void*,
  77:C:/Program Files (x86)/Arm GNU Toolchain arm-none-eabi/14.3 rel1/arm-none-eabi/include/c++/14.3.1/bits\stl_vector.h **** 					  const void*, const void*);
  78:C:/Program Files (x86)/Arm GNU Toolchain arm-none-eabi/14.3 rel1/arm-none-eabi/include/c++/14.3.1/bits\stl_vector.h **** #endif
  79:C:/Program Files (x86)/Arm GNU Toolchain arm-none-eabi/14.3 rel1/arm-none-eabi/include/c++/14.3.1/bits\stl_vector.h **** 
  80:C:/Program Files (x86)/Arm GNU Toolchain arm-none-eabi/14.3 rel1/arm-none-eabi/include/c++/14.3.1/bits\stl_vector.h **** namespace std _GLIBCXX_VISIBILITY(default)
  81:C:/Program Files (x86)/Arm GNU Toolchain arm-none-eabi/14.3 rel1/arm-none-eabi/include/c++/14.3.1/bits\stl_vector.h **** {
  82:C:/Program Files (x86)/Arm GNU Toolchain arm-none-eabi/14.3 rel1/arm-none-eabi/include/c++/14.3.1/bits\stl_vector.h **** _GLIBCXX_BEGIN_NAMESPACE_VERSION
  83:C:/Program Files (x86)/Arm GNU Toolchain arm-none-eabi/14.3 rel1/arm-none-eabi/include/c++/14.3.1/bits\stl_vector.h **** _GLIBCXX_BEGIN_NAMESPACE_CONTAINER
  84:C:/Program Files (x86)/Arm GNU Toolchain arm-none-eabi/14.3 rel1/arm-none-eabi/include/c++/14.3.1/bits\stl_vector.h **** 
  85:C:/Program Files (x86)/Arm GNU Toolchain arm-none-eabi/14.3 rel1/arm-none-eabi/include/c++/14.3.1/bits\stl_vector.h ****   /// See bits/stl_deque.h's _Deque_base for an explanation.
  86:C:/Program Files (x86)/Arm GNU Toolchain arm-none-eabi/14.3 rel1/arm-none-eabi/include/c++/14.3.1/bits\stl_vector.h ****   template<typename _Tp, typename _Alloc>
  87:C:/Program Files (x86)/Arm GNU Toolchain arm-none-eabi/14.3 rel1/arm-none-eabi/include/c++/14.3.1/bits\stl_vector.h ****     struct _Vector_base
  88:C:/Program Files (x86)/Arm GNU Toolchain arm-none-eabi/14.3 rel1/arm-none-eabi/include/c++/14.3.1/bits\stl_vector.h ****     {
  89:C:/Program Files (x86)/Arm GNU Toolchain arm-none-eabi/14.3 rel1/arm-none-eabi/include/c++/14.3.1/bits\stl_vector.h ****       typedef typename __gnu_cxx::__alloc_traits<_Alloc>::template
  90:C:/Program Files (x86)/Arm GNU Toolchain arm-none-eabi/14.3 rel1/arm-none-eabi/include/c++/14.3.1/bits\stl_vector.h **** 	rebind<_Tp>::other _Tp_alloc_type;
  91:C:/Program Files (x86)/Arm GNU Toolchain arm-none-eabi/14.3 rel1/arm-none-eabi/include/c++/14.3.1/bits\stl_vector.h ****       typedef typename __gnu_cxx::__alloc_traits<_Tp_alloc_type>::pointer
  92:C:/Program Files (x86)/Arm GNU Toolchain arm-none-eabi/14.3 rel1/arm-none-eabi/include/c++/14.3.1/bits\stl_vector.h ****        	pointer;
  93:C:/Program Files (x86)/Arm GNU Toolchain arm-none-eabi/14.3 rel1/arm-none-eabi/include/c++/14.3.1/bits\stl_vector.h **** 
  94:C:/Program Files (x86)/Arm GNU Toolchain arm-none-eabi/14.3 rel1/arm-none-eabi/include/c++/14.3.1/bits\stl_vector.h ****       struct _Vector_impl_data
  95:C:/Program Files (x86)/Arm GNU Toolchain arm-none-eabi/14.3 rel1/arm-none-eabi/include/c++/14.3.1/bits\stl_vector.h ****       {
  96:C:/Program Files (x86)/Arm GNU Toolchain arm-none-eabi/14.3 rel1/arm-none-eabi/include/c++/14.3.1/bits\stl_vector.h **** 	pointer _M_start;
  97:C:/Program Files (x86)/Arm GNU Toolchain arm-none-eabi/14.3 rel1/arm-none-eabi/include/c++/14.3.1/bits\stl_vector.h **** 	pointer _M_finish;
  98:C:/Program Files (x86)/Arm GNU Toolchain arm-none-eabi/14.3 rel1/arm-none-eabi/include/c++/14.3.1/bits\stl_vector.h **** 	pointer _M_end_of_storage;
  99:C:/Program Files (x86)/Arm GNU Toolchain arm-none-eabi/14.3 rel1/arm-none-eabi/include/c++/14.3.1/bits\stl_vector.h **** 
 100:C:/Program Files (x86)/Arm GNU Toolchain arm-none-eabi/14.3 rel1/arm-none-eabi/include/c++/14.3.1/bits\stl_vector.h **** 	_GLIBCXX20_CONSTEXPR
 101:C:/Program Files (x86)/Arm GNU Toolchain arm-none-eabi/14.3 rel1/arm-none-eabi/include/c++/14.3.1/bits\stl_vector.h **** 	_Vector_impl_data() _GLIBCXX_NOEXCEPT
 102:C:/Program Files (x86)/Arm GNU Toolchain arm-none-eabi/14.3 rel1/arm-none-eabi/include/c++/14.3.1/bits\stl_vector.h **** 	: _M_start(), _M_finish(), _M_end_of_storage()
 103:C:/Program Files (x86)/Arm GNU Toolchain arm-none-eabi/14.3 rel1/arm-none-eabi/include/c++/14.3.1/bits\stl_vector.h **** 	{ }
 104:C:/Program Files (x86)/Arm GNU Toolchain arm-none-eabi/14.3 rel1/arm-none-eabi/include/c++/14.3.1/bits\stl_vector.h **** 
 105:C:/Program Files (x86)/Arm GNU Toolchain arm-none-eabi/14.3 rel1/arm-none-eabi/include/c++/14.3.1/bits\stl_vector.h **** #if __cplusplus >= 201103L
 106:C:/Program Files (x86)/Arm GNU Toolchain arm-none-eabi/14.3 rel1/arm-none-eabi/include/c++/14.3.1/bits\stl_vector.h **** 	_GLIBCXX20_CONSTEXPR
 107:C:/Program Files (x86)/Arm GNU Toolchain arm-none-eabi/14.3 rel1/arm-none-eabi/include/c++/14.3.1/bits\stl_vector.h **** 	_Vector_impl_data(_Vector_impl_data&& __x) noexcept
 108:C:/Program Files (x86)/Arm GNU Toolchain arm-none-eabi/14.3 rel1/arm-none-eabi/include/c++/14.3.1/bits\stl_vector.h **** 	: _M_start(__x._M_start), _M_finish(__x._M_finish),
 109:C:/Program Files (x86)/Arm GNU Toolchain arm-none-eabi/14.3 rel1/arm-none-eabi/include/c++/14.3.1/bits\stl_vector.h **** 	  _M_end_of_storage(__x._M_end_of_storage)
 110:C:/Program Files (x86)/Arm GNU Toolchain arm-none-eabi/14.3 rel1/arm-none-eabi/include/c++/14.3.1/bits\stl_vector.h **** 	{ __x._M_start = __x._M_finish = __x._M_end_of_storage = pointer(); }
 111:C:/Program Files (x86)/Arm GNU Toolchain arm-none-eabi/14.3 rel1/arm-none-eabi/include/c++/14.3.1/bits\stl_vector.h **** #endif
 112:C:/Program Files (x86)/Arm GNU Toolchain arm-none-eabi/14.3 rel1/arm-none-eabi/include/c++/14.3.1/bits\stl_vector.h **** 
 113:C:/Program Files (x86)/Arm GNU Toolchain arm-none-eabi/14.3 rel1/arm-none-eabi/include/c++/14.3.1/bits\stl_vector.h **** 	_GLIBCXX20_CONSTEXPR
 114:C:/Program Files (x86)/Arm GNU Toolchain arm-none-eabi/14.3 rel1/arm-none-eabi/include/c++/14.3.1/bits\stl_vector.h **** 	void
 115:C:/Program Files (x86)/Arm GNU Toolchain arm-none-eabi/14.3 rel1/arm-none-eabi/include/c++/14.3.1/bits\stl_vector.h **** 	_M_copy_data(_Vector_impl_data const& __x) _GLIBCXX_NOEXCEPT
 116:C:/Program Files (x86)/Arm GNU Toolchain arm-none-eabi/14.3 rel1/arm-none-eabi/include/c++/14.3.1/bits\stl_vector.h **** 	{
 117:C:/Program Files (x86)/Arm GNU Toolchain arm-none-eabi/14.3 rel1/arm-none-eabi/include/c++/14.3.1/bits\stl_vector.h **** 	  _M_start = __x._M_start;
 118:C:/Program Files (x86)/Arm GNU Toolchain arm-none-eabi/14.3 rel1/arm-none-eabi/include/c++/14.3.1/bits\stl_vector.h **** 	  _M_finish = __x._M_finish;
 119:C:/Program Files (x86)/Arm GNU Toolchain arm-none-eabi/14.3 rel1/arm-none-eabi/include/c++/14.3.1/bits\stl_vector.h **** 	  _M_end_of_storage = __x._M_end_of_storage;
 120:C:/Program Files (x86)/Arm GNU Toolchain arm-none-eabi/14.3 rel1/arm-none-eabi/include/c++/14.3.1/bits\stl_vector.h **** 	}
 121:C:/Program Files (x86)/Arm GNU Toolchain arm-none-eabi/14.3 rel1/arm-none-eabi/include/c++/14.3.1/bits\stl_vector.h **** 
 122:C:/Program Files (x86)/Arm GNU Toolchain arm-none-eabi/14.3 rel1/arm-none-eabi/include/c++/14.3.1/bits\stl_vector.h **** 	_GLIBCXX20_CONSTEXPR
 123:C:/Program Files (x86)/Arm GNU Toolchain arm-none-eabi/14.3 rel1/arm-none-eabi/include/c++/14.3.1/bits\stl_vector.h **** 	void
ARM GAS  C:\Users\Oliver\AppData\Local\Temp\ccAPLW26.s 			page 18


 124:C:/Program Files (x86)/Arm GNU Toolchain arm-none-eabi/14.3 rel1/arm-none-eabi/include/c++/14.3.1/bits\stl_vector.h **** 	_M_swap_data(_Vector_impl_data& __x) _GLIBCXX_NOEXCEPT
 125:C:/Program Files (x86)/Arm GNU Toolchain arm-none-eabi/14.3 rel1/arm-none-eabi/include/c++/14.3.1/bits\stl_vector.h **** 	{
 126:C:/Program Files (x86)/Arm GNU Toolchain arm-none-eabi/14.3 rel1/arm-none-eabi/include/c++/14.3.1/bits\stl_vector.h **** 	  // Do not use std::swap(_M_start, __x._M_start), etc as it loses
 127:C:/Program Files (x86)/Arm GNU Toolchain arm-none-eabi/14.3 rel1/arm-none-eabi/include/c++/14.3.1/bits\stl_vector.h **** 	  // information used by TBAA.
 128:C:/Program Files (x86)/Arm GNU Toolchain arm-none-eabi/14.3 rel1/arm-none-eabi/include/c++/14.3.1/bits\stl_vector.h **** 	  _Vector_impl_data __tmp;
 129:C:/Program Files (x86)/Arm GNU Toolchain arm-none-eabi/14.3 rel1/arm-none-eabi/include/c++/14.3.1/bits\stl_vector.h **** 	  __tmp._M_copy_data(*this);
 130:C:/Program Files (x86)/Arm GNU Toolchain arm-none-eabi/14.3 rel1/arm-none-eabi/include/c++/14.3.1/bits\stl_vector.h **** 	  _M_copy_data(__x);
 131:C:/Program Files (x86)/Arm GNU Toolchain arm-none-eabi/14.3 rel1/arm-none-eabi/include/c++/14.3.1/bits\stl_vector.h **** 	  __x._M_copy_data(__tmp);
 132:C:/Program Files (x86)/Arm GNU Toolchain arm-none-eabi/14.3 rel1/arm-none-eabi/include/c++/14.3.1/bits\stl_vector.h **** 	}
 133:C:/Program Files (x86)/Arm GNU Toolchain arm-none-eabi/14.3 rel1/arm-none-eabi/include/c++/14.3.1/bits\stl_vector.h ****       };
 134:C:/Program Files (x86)/Arm GNU Toolchain arm-none-eabi/14.3 rel1/arm-none-eabi/include/c++/14.3.1/bits\stl_vector.h **** 
 135:C:/Program Files (x86)/Arm GNU Toolchain arm-none-eabi/14.3 rel1/arm-none-eabi/include/c++/14.3.1/bits\stl_vector.h ****       struct _Vector_impl
 136:C:/Program Files (x86)/Arm GNU Toolchain arm-none-eabi/14.3 rel1/arm-none-eabi/include/c++/14.3.1/bits\stl_vector.h **** 	: public _Tp_alloc_type, public _Vector_impl_data
 137:C:/Program Files (x86)/Arm GNU Toolchain arm-none-eabi/14.3 rel1/arm-none-eabi/include/c++/14.3.1/bits\stl_vector.h ****       {
 138:C:/Program Files (x86)/Arm GNU Toolchain arm-none-eabi/14.3 rel1/arm-none-eabi/include/c++/14.3.1/bits\stl_vector.h **** 	_GLIBCXX20_CONSTEXPR
 139:C:/Program Files (x86)/Arm GNU Toolchain arm-none-eabi/14.3 rel1/arm-none-eabi/include/c++/14.3.1/bits\stl_vector.h **** 	_Vector_impl() _GLIBCXX_NOEXCEPT_IF(
 140:C:/Program Files (x86)/Arm GNU Toolchain arm-none-eabi/14.3 rel1/arm-none-eabi/include/c++/14.3.1/bits\stl_vector.h **** 	    is_nothrow_default_constructible<_Tp_alloc_type>::value)
 141:C:/Program Files (x86)/Arm GNU Toolchain arm-none-eabi/14.3 rel1/arm-none-eabi/include/c++/14.3.1/bits\stl_vector.h **** #if __cpp_lib_concepts
 142:C:/Program Files (x86)/Arm GNU Toolchain arm-none-eabi/14.3 rel1/arm-none-eabi/include/c++/14.3.1/bits\stl_vector.h **** 	requires is_default_constructible_v<_Tp_alloc_type>
 143:C:/Program Files (x86)/Arm GNU Toolchain arm-none-eabi/14.3 rel1/arm-none-eabi/include/c++/14.3.1/bits\stl_vector.h **** #endif
 144:C:/Program Files (x86)/Arm GNU Toolchain arm-none-eabi/14.3 rel1/arm-none-eabi/include/c++/14.3.1/bits\stl_vector.h **** 	: _Tp_alloc_type()
 145:C:/Program Files (x86)/Arm GNU Toolchain arm-none-eabi/14.3 rel1/arm-none-eabi/include/c++/14.3.1/bits\stl_vector.h **** 	{ }
 146:C:/Program Files (x86)/Arm GNU Toolchain arm-none-eabi/14.3 rel1/arm-none-eabi/include/c++/14.3.1/bits\stl_vector.h **** 
 147:C:/Program Files (x86)/Arm GNU Toolchain arm-none-eabi/14.3 rel1/arm-none-eabi/include/c++/14.3.1/bits\stl_vector.h **** 	_GLIBCXX20_CONSTEXPR
 148:C:/Program Files (x86)/Arm GNU Toolchain arm-none-eabi/14.3 rel1/arm-none-eabi/include/c++/14.3.1/bits\stl_vector.h **** 	_Vector_impl(_Tp_alloc_type const& __a) _GLIBCXX_NOEXCEPT
 149:C:/Program Files (x86)/Arm GNU Toolchain arm-none-eabi/14.3 rel1/arm-none-eabi/include/c++/14.3.1/bits\stl_vector.h **** 	: _Tp_alloc_type(__a)
 150:C:/Program Files (x86)/Arm GNU Toolchain arm-none-eabi/14.3 rel1/arm-none-eabi/include/c++/14.3.1/bits\stl_vector.h **** 	{ }
 151:C:/Program Files (x86)/Arm GNU Toolchain arm-none-eabi/14.3 rel1/arm-none-eabi/include/c++/14.3.1/bits\stl_vector.h **** 
 152:C:/Program Files (x86)/Arm GNU Toolchain arm-none-eabi/14.3 rel1/arm-none-eabi/include/c++/14.3.1/bits\stl_vector.h **** #if __cplusplus >= 201103L
 153:C:/Program Files (x86)/Arm GNU Toolchain arm-none-eabi/14.3 rel1/arm-none-eabi/include/c++/14.3.1/bits\stl_vector.h **** 	// Not defaulted, to enforce noexcept(true) even when
 154:C:/Program Files (x86)/Arm GNU Toolchain arm-none-eabi/14.3 rel1/arm-none-eabi/include/c++/14.3.1/bits\stl_vector.h **** 	// !is_nothrow_move_constructible<_Tp_alloc_type>.
 155:C:/Program Files (x86)/Arm GNU Toolchain arm-none-eabi/14.3 rel1/arm-none-eabi/include/c++/14.3.1/bits\stl_vector.h **** 	_GLIBCXX20_CONSTEXPR
 156:C:/Program Files (x86)/Arm GNU Toolchain arm-none-eabi/14.3 rel1/arm-none-eabi/include/c++/14.3.1/bits\stl_vector.h **** 	_Vector_impl(_Vector_impl&& __x) noexcept
 157:C:/Program Files (x86)/Arm GNU Toolchain arm-none-eabi/14.3 rel1/arm-none-eabi/include/c++/14.3.1/bits\stl_vector.h **** 	: _Tp_alloc_type(std::move(__x)), _Vector_impl_data(std::move(__x))
 158:C:/Program Files (x86)/Arm GNU Toolchain arm-none-eabi/14.3 rel1/arm-none-eabi/include/c++/14.3.1/bits\stl_vector.h **** 	{ }
 159:C:/Program Files (x86)/Arm GNU Toolchain arm-none-eabi/14.3 rel1/arm-none-eabi/include/c++/14.3.1/bits\stl_vector.h **** 
 160:C:/Program Files (x86)/Arm GNU Toolchain arm-none-eabi/14.3 rel1/arm-none-eabi/include/c++/14.3.1/bits\stl_vector.h **** 	_GLIBCXX20_CONSTEXPR
 161:C:/Program Files (x86)/Arm GNU Toolchain arm-none-eabi/14.3 rel1/arm-none-eabi/include/c++/14.3.1/bits\stl_vector.h **** 	_Vector_impl(_Tp_alloc_type&& __a) noexcept
 162:C:/Program Files (x86)/Arm GNU Toolchain arm-none-eabi/14.3 rel1/arm-none-eabi/include/c++/14.3.1/bits\stl_vector.h **** 	: _Tp_alloc_type(std::move(__a))
 163:C:/Program Files (x86)/Arm GNU Toolchain arm-none-eabi/14.3 rel1/arm-none-eabi/include/c++/14.3.1/bits\stl_vector.h **** 	{ }
 164:C:/Program Files (x86)/Arm GNU Toolchain arm-none-eabi/14.3 rel1/arm-none-eabi/include/c++/14.3.1/bits\stl_vector.h **** 
 165:C:/Program Files (x86)/Arm GNU Toolchain arm-none-eabi/14.3 rel1/arm-none-eabi/include/c++/14.3.1/bits\stl_vector.h **** 	_GLIBCXX20_CONSTEXPR
 166:C:/Program Files (x86)/Arm GNU Toolchain arm-none-eabi/14.3 rel1/arm-none-eabi/include/c++/14.3.1/bits\stl_vector.h **** 	_Vector_impl(_Tp_alloc_type&& __a, _Vector_impl&& __rv) noexcept
 167:C:/Program Files (x86)/Arm GNU Toolchain arm-none-eabi/14.3 rel1/arm-none-eabi/include/c++/14.3.1/bits\stl_vector.h **** 	: _Tp_alloc_type(std::move(__a)), _Vector_impl_data(std::move(__rv))
 168:C:/Program Files (x86)/Arm GNU Toolchain arm-none-eabi/14.3 rel1/arm-none-eabi/include/c++/14.3.1/bits\stl_vector.h **** 	{ }
 169:C:/Program Files (x86)/Arm GNU Toolchain arm-none-eabi/14.3 rel1/arm-none-eabi/include/c++/14.3.1/bits\stl_vector.h **** #endif
 170:C:/Program Files (x86)/Arm GNU Toolchain arm-none-eabi/14.3 rel1/arm-none-eabi/include/c++/14.3.1/bits\stl_vector.h **** 
 171:C:/Program Files (x86)/Arm GNU Toolchain arm-none-eabi/14.3 rel1/arm-none-eabi/include/c++/14.3.1/bits\stl_vector.h **** #if _GLIBCXX_SANITIZE_STD_ALLOCATOR && _GLIBCXX_SANITIZE_VECTOR
 172:C:/Program Files (x86)/Arm GNU Toolchain arm-none-eabi/14.3 rel1/arm-none-eabi/include/c++/14.3.1/bits\stl_vector.h **** 	template<typename = _Tp_alloc_type>
 173:C:/Program Files (x86)/Arm GNU Toolchain arm-none-eabi/14.3 rel1/arm-none-eabi/include/c++/14.3.1/bits\stl_vector.h **** 	  struct _Asan
 174:C:/Program Files (x86)/Arm GNU Toolchain arm-none-eabi/14.3 rel1/arm-none-eabi/include/c++/14.3.1/bits\stl_vector.h **** 	  {
 175:C:/Program Files (x86)/Arm GNU Toolchain arm-none-eabi/14.3 rel1/arm-none-eabi/include/c++/14.3.1/bits\stl_vector.h **** 	    typedef typename __gnu_cxx::__alloc_traits<_Tp_alloc_type>
 176:C:/Program Files (x86)/Arm GNU Toolchain arm-none-eabi/14.3 rel1/arm-none-eabi/include/c++/14.3.1/bits\stl_vector.h **** 	      ::size_type size_type;
 177:C:/Program Files (x86)/Arm GNU Toolchain arm-none-eabi/14.3 rel1/arm-none-eabi/include/c++/14.3.1/bits\stl_vector.h **** 
 178:C:/Program Files (x86)/Arm GNU Toolchain arm-none-eabi/14.3 rel1/arm-none-eabi/include/c++/14.3.1/bits\stl_vector.h **** 	    static _GLIBCXX20_CONSTEXPR void
 179:C:/Program Files (x86)/Arm GNU Toolchain arm-none-eabi/14.3 rel1/arm-none-eabi/include/c++/14.3.1/bits\stl_vector.h **** 	    _S_shrink(_Vector_impl&, size_type) { }
 180:C:/Program Files (x86)/Arm GNU Toolchain arm-none-eabi/14.3 rel1/arm-none-eabi/include/c++/14.3.1/bits\stl_vector.h **** 	    static _GLIBCXX20_CONSTEXPR void
ARM GAS  C:\Users\Oliver\AppData\Local\Temp\ccAPLW26.s 			page 19


 181:C:/Program Files (x86)/Arm GNU Toolchain arm-none-eabi/14.3 rel1/arm-none-eabi/include/c++/14.3.1/bits\stl_vector.h **** 	    _S_on_dealloc(_Vector_impl&) { }
 182:C:/Program Files (x86)/Arm GNU Toolchain arm-none-eabi/14.3 rel1/arm-none-eabi/include/c++/14.3.1/bits\stl_vector.h **** 
 183:C:/Program Files (x86)/Arm GNU Toolchain arm-none-eabi/14.3 rel1/arm-none-eabi/include/c++/14.3.1/bits\stl_vector.h **** 	    typedef _Vector_impl& _Reinit;
 184:C:/Program Files (x86)/Arm GNU Toolchain arm-none-eabi/14.3 rel1/arm-none-eabi/include/c++/14.3.1/bits\stl_vector.h **** 
 185:C:/Program Files (x86)/Arm GNU Toolchain arm-none-eabi/14.3 rel1/arm-none-eabi/include/c++/14.3.1/bits\stl_vector.h **** 	    struct _Grow
 186:C:/Program Files (x86)/Arm GNU Toolchain arm-none-eabi/14.3 rel1/arm-none-eabi/include/c++/14.3.1/bits\stl_vector.h **** 	    {
 187:C:/Program Files (x86)/Arm GNU Toolchain arm-none-eabi/14.3 rel1/arm-none-eabi/include/c++/14.3.1/bits\stl_vector.h **** 	      _GLIBCXX20_CONSTEXPR _Grow(_Vector_impl&, size_type) { }
 188:C:/Program Files (x86)/Arm GNU Toolchain arm-none-eabi/14.3 rel1/arm-none-eabi/include/c++/14.3.1/bits\stl_vector.h **** 	      _GLIBCXX20_CONSTEXPR void _M_grew(size_type) { }
 189:C:/Program Files (x86)/Arm GNU Toolchain arm-none-eabi/14.3 rel1/arm-none-eabi/include/c++/14.3.1/bits\stl_vector.h **** 	    };
 190:C:/Program Files (x86)/Arm GNU Toolchain arm-none-eabi/14.3 rel1/arm-none-eabi/include/c++/14.3.1/bits\stl_vector.h **** 	  };
 191:C:/Program Files (x86)/Arm GNU Toolchain arm-none-eabi/14.3 rel1/arm-none-eabi/include/c++/14.3.1/bits\stl_vector.h **** 
 192:C:/Program Files (x86)/Arm GNU Toolchain arm-none-eabi/14.3 rel1/arm-none-eabi/include/c++/14.3.1/bits\stl_vector.h **** 	// Enable ASan annotations for memory obtained from std::allocator.
 193:C:/Program Files (x86)/Arm GNU Toolchain arm-none-eabi/14.3 rel1/arm-none-eabi/include/c++/14.3.1/bits\stl_vector.h **** 	template<typename _Up>
 194:C:/Program Files (x86)/Arm GNU Toolchain arm-none-eabi/14.3 rel1/arm-none-eabi/include/c++/14.3.1/bits\stl_vector.h **** 	  struct _Asan<allocator<_Up> >
 195:C:/Program Files (x86)/Arm GNU Toolchain arm-none-eabi/14.3 rel1/arm-none-eabi/include/c++/14.3.1/bits\stl_vector.h **** 	  {
 196:C:/Program Files (x86)/Arm GNU Toolchain arm-none-eabi/14.3 rel1/arm-none-eabi/include/c++/14.3.1/bits\stl_vector.h **** 	    typedef typename __gnu_cxx::__alloc_traits<_Tp_alloc_type>
 197:C:/Program Files (x86)/Arm GNU Toolchain arm-none-eabi/14.3 rel1/arm-none-eabi/include/c++/14.3.1/bits\stl_vector.h **** 	      ::size_type size_type;
 198:C:/Program Files (x86)/Arm GNU Toolchain arm-none-eabi/14.3 rel1/arm-none-eabi/include/c++/14.3.1/bits\stl_vector.h **** 
 199:C:/Program Files (x86)/Arm GNU Toolchain arm-none-eabi/14.3 rel1/arm-none-eabi/include/c++/14.3.1/bits\stl_vector.h **** 	    // Adjust ASan annotation for [_M_start, _M_end_of_storage) to
 200:C:/Program Files (x86)/Arm GNU Toolchain arm-none-eabi/14.3 rel1/arm-none-eabi/include/c++/14.3.1/bits\stl_vector.h **** 	    // mark end of valid region as __curr instead of __prev.
 201:C:/Program Files (x86)/Arm GNU Toolchain arm-none-eabi/14.3 rel1/arm-none-eabi/include/c++/14.3.1/bits\stl_vector.h **** 	    static _GLIBCXX20_CONSTEXPR void
 202:C:/Program Files (x86)/Arm GNU Toolchain arm-none-eabi/14.3 rel1/arm-none-eabi/include/c++/14.3.1/bits\stl_vector.h **** 	    _S_adjust(_Vector_impl& __impl, pointer __prev, pointer __curr)
 203:C:/Program Files (x86)/Arm GNU Toolchain arm-none-eabi/14.3 rel1/arm-none-eabi/include/c++/14.3.1/bits\stl_vector.h **** 	    {
 204:C:/Program Files (x86)/Arm GNU Toolchain arm-none-eabi/14.3 rel1/arm-none-eabi/include/c++/14.3.1/bits\stl_vector.h **** #if __cpp_lib_is_constant_evaluated
 205:C:/Program Files (x86)/Arm GNU Toolchain arm-none-eabi/14.3 rel1/arm-none-eabi/include/c++/14.3.1/bits\stl_vector.h **** 	      if (std::is_constant_evaluated())
 206:C:/Program Files (x86)/Arm GNU Toolchain arm-none-eabi/14.3 rel1/arm-none-eabi/include/c++/14.3.1/bits\stl_vector.h **** 		return;
 207:C:/Program Files (x86)/Arm GNU Toolchain arm-none-eabi/14.3 rel1/arm-none-eabi/include/c++/14.3.1/bits\stl_vector.h **** #endif
 208:C:/Program Files (x86)/Arm GNU Toolchain arm-none-eabi/14.3 rel1/arm-none-eabi/include/c++/14.3.1/bits\stl_vector.h **** 	      __sanitizer_annotate_contiguous_container(__impl._M_start,
 209:C:/Program Files (x86)/Arm GNU Toolchain arm-none-eabi/14.3 rel1/arm-none-eabi/include/c++/14.3.1/bits\stl_vector.h **** 		  __impl._M_end_of_storage, __prev, __curr);
 210:C:/Program Files (x86)/Arm GNU Toolchain arm-none-eabi/14.3 rel1/arm-none-eabi/include/c++/14.3.1/bits\stl_vector.h **** 	    }
 211:C:/Program Files (x86)/Arm GNU Toolchain arm-none-eabi/14.3 rel1/arm-none-eabi/include/c++/14.3.1/bits\stl_vector.h **** 
 212:C:/Program Files (x86)/Arm GNU Toolchain arm-none-eabi/14.3 rel1/arm-none-eabi/include/c++/14.3.1/bits\stl_vector.h **** 	    static _GLIBCXX20_CONSTEXPR void
 213:C:/Program Files (x86)/Arm GNU Toolchain arm-none-eabi/14.3 rel1/arm-none-eabi/include/c++/14.3.1/bits\stl_vector.h **** 	    _S_grow(_Vector_impl& __impl, size_type __n)
 214:C:/Program Files (x86)/Arm GNU Toolchain arm-none-eabi/14.3 rel1/arm-none-eabi/include/c++/14.3.1/bits\stl_vector.h **** 	    { _S_adjust(__impl, __impl._M_finish, __impl._M_finish + __n); }
 215:C:/Program Files (x86)/Arm GNU Toolchain arm-none-eabi/14.3 rel1/arm-none-eabi/include/c++/14.3.1/bits\stl_vector.h **** 
 216:C:/Program Files (x86)/Arm GNU Toolchain arm-none-eabi/14.3 rel1/arm-none-eabi/include/c++/14.3.1/bits\stl_vector.h **** 	    static _GLIBCXX20_CONSTEXPR void
 217:C:/Program Files (x86)/Arm GNU Toolchain arm-none-eabi/14.3 rel1/arm-none-eabi/include/c++/14.3.1/bits\stl_vector.h **** 	    _S_shrink(_Vector_impl& __impl, size_type __n)
 218:C:/Program Files (x86)/Arm GNU Toolchain arm-none-eabi/14.3 rel1/arm-none-eabi/include/c++/14.3.1/bits\stl_vector.h **** 	    { _S_adjust(__impl, __impl._M_finish + __n, __impl._M_finish); }
 219:C:/Program Files (x86)/Arm GNU Toolchain arm-none-eabi/14.3 rel1/arm-none-eabi/include/c++/14.3.1/bits\stl_vector.h **** 
 220:C:/Program Files (x86)/Arm GNU Toolchain arm-none-eabi/14.3 rel1/arm-none-eabi/include/c++/14.3.1/bits\stl_vector.h **** 	    static _GLIBCXX20_CONSTEXPR void
 221:C:/Program Files (x86)/Arm GNU Toolchain arm-none-eabi/14.3 rel1/arm-none-eabi/include/c++/14.3.1/bits\stl_vector.h **** 	    _S_on_dealloc(_Vector_impl& __impl)
 222:C:/Program Files (x86)/Arm GNU Toolchain arm-none-eabi/14.3 rel1/arm-none-eabi/include/c++/14.3.1/bits\stl_vector.h **** 	    {
 223:C:/Program Files (x86)/Arm GNU Toolchain arm-none-eabi/14.3 rel1/arm-none-eabi/include/c++/14.3.1/bits\stl_vector.h **** 	      if (__impl._M_start)
 224:C:/Program Files (x86)/Arm GNU Toolchain arm-none-eabi/14.3 rel1/arm-none-eabi/include/c++/14.3.1/bits\stl_vector.h **** 		_S_adjust(__impl, __impl._M_finish, __impl._M_end_of_storage);
 225:C:/Program Files (x86)/Arm GNU Toolchain arm-none-eabi/14.3 rel1/arm-none-eabi/include/c++/14.3.1/bits\stl_vector.h **** 	    }
 226:C:/Program Files (x86)/Arm GNU Toolchain arm-none-eabi/14.3 rel1/arm-none-eabi/include/c++/14.3.1/bits\stl_vector.h **** 
 227:C:/Program Files (x86)/Arm GNU Toolchain arm-none-eabi/14.3 rel1/arm-none-eabi/include/c++/14.3.1/bits\stl_vector.h **** 	    // Used on reallocation to tell ASan unused capacity is invalid.
 228:C:/Program Files (x86)/Arm GNU Toolchain arm-none-eabi/14.3 rel1/arm-none-eabi/include/c++/14.3.1/bits\stl_vector.h **** 	    struct _Reinit
 229:C:/Program Files (x86)/Arm GNU Toolchain arm-none-eabi/14.3 rel1/arm-none-eabi/include/c++/14.3.1/bits\stl_vector.h **** 	    {
 230:C:/Program Files (x86)/Arm GNU Toolchain arm-none-eabi/14.3 rel1/arm-none-eabi/include/c++/14.3.1/bits\stl_vector.h **** 	      explicit _GLIBCXX20_CONSTEXPR
 231:C:/Program Files (x86)/Arm GNU Toolchain arm-none-eabi/14.3 rel1/arm-none-eabi/include/c++/14.3.1/bits\stl_vector.h **** 	      _Reinit(_Vector_impl& __impl) : _M_impl(__impl)
 232:C:/Program Files (x86)/Arm GNU Toolchain arm-none-eabi/14.3 rel1/arm-none-eabi/include/c++/14.3.1/bits\stl_vector.h **** 	      {
 233:C:/Program Files (x86)/Arm GNU Toolchain arm-none-eabi/14.3 rel1/arm-none-eabi/include/c++/14.3.1/bits\stl_vector.h **** 		// Mark unused capacity as valid again before deallocating it.
 234:C:/Program Files (x86)/Arm GNU Toolchain arm-none-eabi/14.3 rel1/arm-none-eabi/include/c++/14.3.1/bits\stl_vector.h **** 		_S_on_dealloc(_M_impl);
 235:C:/Program Files (x86)/Arm GNU Toolchain arm-none-eabi/14.3 rel1/arm-none-eabi/include/c++/14.3.1/bits\stl_vector.h **** 	      }
 236:C:/Program Files (x86)/Arm GNU Toolchain arm-none-eabi/14.3 rel1/arm-none-eabi/include/c++/14.3.1/bits\stl_vector.h **** 
 237:C:/Program Files (x86)/Arm GNU Toolchain arm-none-eabi/14.3 rel1/arm-none-eabi/include/c++/14.3.1/bits\stl_vector.h **** 	      _GLIBCXX20_CONSTEXPR
ARM GAS  C:\Users\Oliver\AppData\Local\Temp\ccAPLW26.s 			page 20


 238:C:/Program Files (x86)/Arm GNU Toolchain arm-none-eabi/14.3 rel1/arm-none-eabi/include/c++/14.3.1/bits\stl_vector.h **** 	      ~_Reinit()
 239:C:/Program Files (x86)/Arm GNU Toolchain arm-none-eabi/14.3 rel1/arm-none-eabi/include/c++/14.3.1/bits\stl_vector.h **** 	      {
 240:C:/Program Files (x86)/Arm GNU Toolchain arm-none-eabi/14.3 rel1/arm-none-eabi/include/c++/14.3.1/bits\stl_vector.h **** 		// Mark unused capacity as invalid after reallocation.
 241:C:/Program Files (x86)/Arm GNU Toolchain arm-none-eabi/14.3 rel1/arm-none-eabi/include/c++/14.3.1/bits\stl_vector.h **** 		if (_M_impl._M_start)
 242:C:/Program Files (x86)/Arm GNU Toolchain arm-none-eabi/14.3 rel1/arm-none-eabi/include/c++/14.3.1/bits\stl_vector.h **** 		  _S_adjust(_M_impl, _M_impl._M_end_of_storage,
 243:C:/Program Files (x86)/Arm GNU Toolchain arm-none-eabi/14.3 rel1/arm-none-eabi/include/c++/14.3.1/bits\stl_vector.h **** 			    _M_impl._M_finish);
 244:C:/Program Files (x86)/Arm GNU Toolchain arm-none-eabi/14.3 rel1/arm-none-eabi/include/c++/14.3.1/bits\stl_vector.h **** 	      }
 245:C:/Program Files (x86)/Arm GNU Toolchain arm-none-eabi/14.3 rel1/arm-none-eabi/include/c++/14.3.1/bits\stl_vector.h **** 
 246:C:/Program Files (x86)/Arm GNU Toolchain arm-none-eabi/14.3 rel1/arm-none-eabi/include/c++/14.3.1/bits\stl_vector.h **** 	      _Vector_impl& _M_impl;
 247:C:/Program Files (x86)/Arm GNU Toolchain arm-none-eabi/14.3 rel1/arm-none-eabi/include/c++/14.3.1/bits\stl_vector.h **** 
 248:C:/Program Files (x86)/Arm GNU Toolchain arm-none-eabi/14.3 rel1/arm-none-eabi/include/c++/14.3.1/bits\stl_vector.h **** #if __cplusplus >= 201103L
 249:C:/Program Files (x86)/Arm GNU Toolchain arm-none-eabi/14.3 rel1/arm-none-eabi/include/c++/14.3.1/bits\stl_vector.h **** 	      _Reinit(const _Reinit&) = delete;
 250:C:/Program Files (x86)/Arm GNU Toolchain arm-none-eabi/14.3 rel1/arm-none-eabi/include/c++/14.3.1/bits\stl_vector.h **** 	      _Reinit& operator=(const _Reinit&) = delete;
 251:C:/Program Files (x86)/Arm GNU Toolchain arm-none-eabi/14.3 rel1/arm-none-eabi/include/c++/14.3.1/bits\stl_vector.h **** #endif
 252:C:/Program Files (x86)/Arm GNU Toolchain arm-none-eabi/14.3 rel1/arm-none-eabi/include/c++/14.3.1/bits\stl_vector.h **** 	    };
 253:C:/Program Files (x86)/Arm GNU Toolchain arm-none-eabi/14.3 rel1/arm-none-eabi/include/c++/14.3.1/bits\stl_vector.h **** 
 254:C:/Program Files (x86)/Arm GNU Toolchain arm-none-eabi/14.3 rel1/arm-none-eabi/include/c++/14.3.1/bits\stl_vector.h **** 	    // Tell ASan when unused capacity is initialized to be valid.
 255:C:/Program Files (x86)/Arm GNU Toolchain arm-none-eabi/14.3 rel1/arm-none-eabi/include/c++/14.3.1/bits\stl_vector.h **** 	    struct _Grow
 256:C:/Program Files (x86)/Arm GNU Toolchain arm-none-eabi/14.3 rel1/arm-none-eabi/include/c++/14.3.1/bits\stl_vector.h **** 	    {
 257:C:/Program Files (x86)/Arm GNU Toolchain arm-none-eabi/14.3 rel1/arm-none-eabi/include/c++/14.3.1/bits\stl_vector.h **** 	      _GLIBCXX20_CONSTEXPR
 258:C:/Program Files (x86)/Arm GNU Toolchain arm-none-eabi/14.3 rel1/arm-none-eabi/include/c++/14.3.1/bits\stl_vector.h **** 	      _Grow(_Vector_impl& __impl, size_type __n)
 259:C:/Program Files (x86)/Arm GNU Toolchain arm-none-eabi/14.3 rel1/arm-none-eabi/include/c++/14.3.1/bits\stl_vector.h **** 	      : _M_impl(__impl), _M_n(__n)
 260:C:/Program Files (x86)/Arm GNU Toolchain arm-none-eabi/14.3 rel1/arm-none-eabi/include/c++/14.3.1/bits\stl_vector.h **** 	      { _S_grow(_M_impl, __n); }
 261:C:/Program Files (x86)/Arm GNU Toolchain arm-none-eabi/14.3 rel1/arm-none-eabi/include/c++/14.3.1/bits\stl_vector.h **** 
 262:C:/Program Files (x86)/Arm GNU Toolchain arm-none-eabi/14.3 rel1/arm-none-eabi/include/c++/14.3.1/bits\stl_vector.h **** 	      _GLIBCXX20_CONSTEXPR
 263:C:/Program Files (x86)/Arm GNU Toolchain arm-none-eabi/14.3 rel1/arm-none-eabi/include/c++/14.3.1/bits\stl_vector.h **** 	      ~_Grow() { if (_M_n) _S_shrink(_M_impl, _M_n); }
 264:C:/Program Files (x86)/Arm GNU Toolchain arm-none-eabi/14.3 rel1/arm-none-eabi/include/c++/14.3.1/bits\stl_vector.h **** 
 265:C:/Program Files (x86)/Arm GNU Toolchain arm-none-eabi/14.3 rel1/arm-none-eabi/include/c++/14.3.1/bits\stl_vector.h **** 	      _GLIBCXX20_CONSTEXPR
 266:C:/Program Files (x86)/Arm GNU Toolchain arm-none-eabi/14.3 rel1/arm-none-eabi/include/c++/14.3.1/bits\stl_vector.h **** 	      void _M_grew(size_type __n) { _M_n -= __n; }
 267:C:/Program Files (x86)/Arm GNU Toolchain arm-none-eabi/14.3 rel1/arm-none-eabi/include/c++/14.3.1/bits\stl_vector.h **** 
 268:C:/Program Files (x86)/Arm GNU Toolchain arm-none-eabi/14.3 rel1/arm-none-eabi/include/c++/14.3.1/bits\stl_vector.h **** #if __cplusplus >= 201103L
 269:C:/Program Files (x86)/Arm GNU Toolchain arm-none-eabi/14.3 rel1/arm-none-eabi/include/c++/14.3.1/bits\stl_vector.h **** 	      _Grow(const _Grow&) = delete;
 270:C:/Program Files (x86)/Arm GNU Toolchain arm-none-eabi/14.3 rel1/arm-none-eabi/include/c++/14.3.1/bits\stl_vector.h **** 	      _Grow& operator=(const _Grow&) = delete;
 271:C:/Program Files (x86)/Arm GNU Toolchain arm-none-eabi/14.3 rel1/arm-none-eabi/include/c++/14.3.1/bits\stl_vector.h **** #endif
 272:C:/Program Files (x86)/Arm GNU Toolchain arm-none-eabi/14.3 rel1/arm-none-eabi/include/c++/14.3.1/bits\stl_vector.h **** 	    private:
 273:C:/Program Files (x86)/Arm GNU Toolchain arm-none-eabi/14.3 rel1/arm-none-eabi/include/c++/14.3.1/bits\stl_vector.h **** 	      _Vector_impl& _M_impl;
 274:C:/Program Files (x86)/Arm GNU Toolchain arm-none-eabi/14.3 rel1/arm-none-eabi/include/c++/14.3.1/bits\stl_vector.h **** 	      size_type _M_n;
 275:C:/Program Files (x86)/Arm GNU Toolchain arm-none-eabi/14.3 rel1/arm-none-eabi/include/c++/14.3.1/bits\stl_vector.h **** 	    };
 276:C:/Program Files (x86)/Arm GNU Toolchain arm-none-eabi/14.3 rel1/arm-none-eabi/include/c++/14.3.1/bits\stl_vector.h **** 	  };
 277:C:/Program Files (x86)/Arm GNU Toolchain arm-none-eabi/14.3 rel1/arm-none-eabi/include/c++/14.3.1/bits\stl_vector.h **** 
 278:C:/Program Files (x86)/Arm GNU Toolchain arm-none-eabi/14.3 rel1/arm-none-eabi/include/c++/14.3.1/bits\stl_vector.h **** #define _GLIBCXX_ASAN_ANNOTATE_REINIT \
 279:C:/Program Files (x86)/Arm GNU Toolchain arm-none-eabi/14.3 rel1/arm-none-eabi/include/c++/14.3.1/bits\stl_vector.h ****   typename _Base::_Vector_impl::template _Asan<>::_Reinit const \
 280:C:/Program Files (x86)/Arm GNU Toolchain arm-none-eabi/14.3 rel1/arm-none-eabi/include/c++/14.3.1/bits\stl_vector.h **** 	__attribute__((__unused__)) __reinit_guard(this->_M_impl)
 281:C:/Program Files (x86)/Arm GNU Toolchain arm-none-eabi/14.3 rel1/arm-none-eabi/include/c++/14.3.1/bits\stl_vector.h **** #define _GLIBCXX_ASAN_ANNOTATE_GROW(n) \
 282:C:/Program Files (x86)/Arm GNU Toolchain arm-none-eabi/14.3 rel1/arm-none-eabi/include/c++/14.3.1/bits\stl_vector.h ****   typename _Base::_Vector_impl::template _Asan<>::_Grow \
 283:C:/Program Files (x86)/Arm GNU Toolchain arm-none-eabi/14.3 rel1/arm-none-eabi/include/c++/14.3.1/bits\stl_vector.h **** 	__attribute__((__unused__)) __grow_guard(this->_M_impl, (n))
 284:C:/Program Files (x86)/Arm GNU Toolchain arm-none-eabi/14.3 rel1/arm-none-eabi/include/c++/14.3.1/bits\stl_vector.h **** #define _GLIBCXX_ASAN_ANNOTATE_GREW(n) __grow_guard._M_grew(n)
 285:C:/Program Files (x86)/Arm GNU Toolchain arm-none-eabi/14.3 rel1/arm-none-eabi/include/c++/14.3.1/bits\stl_vector.h **** #define _GLIBCXX_ASAN_ANNOTATE_SHRINK(n) \
 286:C:/Program Files (x86)/Arm GNU Toolchain arm-none-eabi/14.3 rel1/arm-none-eabi/include/c++/14.3.1/bits\stl_vector.h ****   _Base::_Vector_impl::template _Asan<>::_S_shrink(this->_M_impl, n)
 287:C:/Program Files (x86)/Arm GNU Toolchain arm-none-eabi/14.3 rel1/arm-none-eabi/include/c++/14.3.1/bits\stl_vector.h **** #define _GLIBCXX_ASAN_ANNOTATE_BEFORE_DEALLOC \
 288:C:/Program Files (x86)/Arm GNU Toolchain arm-none-eabi/14.3 rel1/arm-none-eabi/include/c++/14.3.1/bits\stl_vector.h ****   _Base::_Vector_impl::template _Asan<>::_S_on_dealloc(this->_M_impl)
 289:C:/Program Files (x86)/Arm GNU Toolchain arm-none-eabi/14.3 rel1/arm-none-eabi/include/c++/14.3.1/bits\stl_vector.h **** #else // ! (_GLIBCXX_SANITIZE_STD_ALLOCATOR && _GLIBCXX_SANITIZE_VECTOR)
 290:C:/Program Files (x86)/Arm GNU Toolchain arm-none-eabi/14.3 rel1/arm-none-eabi/include/c++/14.3.1/bits\stl_vector.h **** #define _GLIBCXX_ASAN_ANNOTATE_REINIT
 291:C:/Program Files (x86)/Arm GNU Toolchain arm-none-eabi/14.3 rel1/arm-none-eabi/include/c++/14.3.1/bits\stl_vector.h **** #define _GLIBCXX_ASAN_ANNOTATE_GROW(n)
 292:C:/Program Files (x86)/Arm GNU Toolchain arm-none-eabi/14.3 rel1/arm-none-eabi/include/c++/14.3.1/bits\stl_vector.h **** #define _GLIBCXX_ASAN_ANNOTATE_GREW(n)
 293:C:/Program Files (x86)/Arm GNU Toolchain arm-none-eabi/14.3 rel1/arm-none-eabi/include/c++/14.3.1/bits\stl_vector.h **** #define _GLIBCXX_ASAN_ANNOTATE_SHRINK(n)
 294:C:/Program Files (x86)/Arm GNU Toolchain arm-none-eabi/14.3 rel1/arm-none-eabi/include/c++/14.3.1/bits\stl_vector.h **** #define _GLIBCXX_ASAN_ANNOTATE_BEFORE_DEALLOC
ARM GAS  C:\Users\Oliver\AppData\Local\Temp\ccAPLW26.s 			page 21


 295:C:/Program Files (x86)/Arm GNU Toolchain arm-none-eabi/14.3 rel1/arm-none-eabi/include/c++/14.3.1/bits\stl_vector.h **** #endif // _GLIBCXX_SANITIZE_STD_ALLOCATOR && _GLIBCXX_SANITIZE_VECTOR
 296:C:/Program Files (x86)/Arm GNU Toolchain arm-none-eabi/14.3 rel1/arm-none-eabi/include/c++/14.3.1/bits\stl_vector.h ****       };
 297:C:/Program Files (x86)/Arm GNU Toolchain arm-none-eabi/14.3 rel1/arm-none-eabi/include/c++/14.3.1/bits\stl_vector.h **** 
 298:C:/Program Files (x86)/Arm GNU Toolchain arm-none-eabi/14.3 rel1/arm-none-eabi/include/c++/14.3.1/bits\stl_vector.h ****     public:
 299:C:/Program Files (x86)/Arm GNU Toolchain arm-none-eabi/14.3 rel1/arm-none-eabi/include/c++/14.3.1/bits\stl_vector.h ****       typedef _Alloc allocator_type;
 300:C:/Program Files (x86)/Arm GNU Toolchain arm-none-eabi/14.3 rel1/arm-none-eabi/include/c++/14.3.1/bits\stl_vector.h **** 
 301:C:/Program Files (x86)/Arm GNU Toolchain arm-none-eabi/14.3 rel1/arm-none-eabi/include/c++/14.3.1/bits\stl_vector.h ****       _GLIBCXX20_CONSTEXPR
 302:C:/Program Files (x86)/Arm GNU Toolchain arm-none-eabi/14.3 rel1/arm-none-eabi/include/c++/14.3.1/bits\stl_vector.h ****       _Tp_alloc_type&
 303:C:/Program Files (x86)/Arm GNU Toolchain arm-none-eabi/14.3 rel1/arm-none-eabi/include/c++/14.3.1/bits\stl_vector.h ****       _M_get_Tp_allocator() _GLIBCXX_NOEXCEPT
 304:C:/Program Files (x86)/Arm GNU Toolchain arm-none-eabi/14.3 rel1/arm-none-eabi/include/c++/14.3.1/bits\stl_vector.h ****       { return this->_M_impl; }
 305:C:/Program Files (x86)/Arm GNU Toolchain arm-none-eabi/14.3 rel1/arm-none-eabi/include/c++/14.3.1/bits\stl_vector.h **** 
 306:C:/Program Files (x86)/Arm GNU Toolchain arm-none-eabi/14.3 rel1/arm-none-eabi/include/c++/14.3.1/bits\stl_vector.h ****       _GLIBCXX20_CONSTEXPR
 307:C:/Program Files (x86)/Arm GNU Toolchain arm-none-eabi/14.3 rel1/arm-none-eabi/include/c++/14.3.1/bits\stl_vector.h ****       const _Tp_alloc_type&
 308:C:/Program Files (x86)/Arm GNU Toolchain arm-none-eabi/14.3 rel1/arm-none-eabi/include/c++/14.3.1/bits\stl_vector.h ****       _M_get_Tp_allocator() const _GLIBCXX_NOEXCEPT
 309:C:/Program Files (x86)/Arm GNU Toolchain arm-none-eabi/14.3 rel1/arm-none-eabi/include/c++/14.3.1/bits\stl_vector.h ****       { return this->_M_impl; }
 310:C:/Program Files (x86)/Arm GNU Toolchain arm-none-eabi/14.3 rel1/arm-none-eabi/include/c++/14.3.1/bits\stl_vector.h **** 
 311:C:/Program Files (x86)/Arm GNU Toolchain arm-none-eabi/14.3 rel1/arm-none-eabi/include/c++/14.3.1/bits\stl_vector.h ****       _GLIBCXX20_CONSTEXPR
 312:C:/Program Files (x86)/Arm GNU Toolchain arm-none-eabi/14.3 rel1/arm-none-eabi/include/c++/14.3.1/bits\stl_vector.h ****       allocator_type
 313:C:/Program Files (x86)/Arm GNU Toolchain arm-none-eabi/14.3 rel1/arm-none-eabi/include/c++/14.3.1/bits\stl_vector.h ****       get_allocator() const _GLIBCXX_NOEXCEPT
 314:C:/Program Files (x86)/Arm GNU Toolchain arm-none-eabi/14.3 rel1/arm-none-eabi/include/c++/14.3.1/bits\stl_vector.h ****       { return allocator_type(_M_get_Tp_allocator()); }
 315:C:/Program Files (x86)/Arm GNU Toolchain arm-none-eabi/14.3 rel1/arm-none-eabi/include/c++/14.3.1/bits\stl_vector.h **** 
 316:C:/Program Files (x86)/Arm GNU Toolchain arm-none-eabi/14.3 rel1/arm-none-eabi/include/c++/14.3.1/bits\stl_vector.h **** #if __cplusplus >= 201103L
 317:C:/Program Files (x86)/Arm GNU Toolchain arm-none-eabi/14.3 rel1/arm-none-eabi/include/c++/14.3.1/bits\stl_vector.h ****       _Vector_base() = default;
 318:C:/Program Files (x86)/Arm GNU Toolchain arm-none-eabi/14.3 rel1/arm-none-eabi/include/c++/14.3.1/bits\stl_vector.h **** #else
 319:C:/Program Files (x86)/Arm GNU Toolchain arm-none-eabi/14.3 rel1/arm-none-eabi/include/c++/14.3.1/bits\stl_vector.h ****       _Vector_base() { }
 320:C:/Program Files (x86)/Arm GNU Toolchain arm-none-eabi/14.3 rel1/arm-none-eabi/include/c++/14.3.1/bits\stl_vector.h **** #endif
 321:C:/Program Files (x86)/Arm GNU Toolchain arm-none-eabi/14.3 rel1/arm-none-eabi/include/c++/14.3.1/bits\stl_vector.h **** 
 322:C:/Program Files (x86)/Arm GNU Toolchain arm-none-eabi/14.3 rel1/arm-none-eabi/include/c++/14.3.1/bits\stl_vector.h ****       _GLIBCXX20_CONSTEXPR
 323:C:/Program Files (x86)/Arm GNU Toolchain arm-none-eabi/14.3 rel1/arm-none-eabi/include/c++/14.3.1/bits\stl_vector.h ****       _Vector_base(const allocator_type& __a) _GLIBCXX_NOEXCEPT
 324:C:/Program Files (x86)/Arm GNU Toolchain arm-none-eabi/14.3 rel1/arm-none-eabi/include/c++/14.3.1/bits\stl_vector.h ****       : _M_impl(__a) { }
 325:C:/Program Files (x86)/Arm GNU Toolchain arm-none-eabi/14.3 rel1/arm-none-eabi/include/c++/14.3.1/bits\stl_vector.h **** 
 326:C:/Program Files (x86)/Arm GNU Toolchain arm-none-eabi/14.3 rel1/arm-none-eabi/include/c++/14.3.1/bits\stl_vector.h ****       // Kept for ABI compatibility.
 327:C:/Program Files (x86)/Arm GNU Toolchain arm-none-eabi/14.3 rel1/arm-none-eabi/include/c++/14.3.1/bits\stl_vector.h **** #if !_GLIBCXX_INLINE_VERSION
 328:C:/Program Files (x86)/Arm GNU Toolchain arm-none-eabi/14.3 rel1/arm-none-eabi/include/c++/14.3.1/bits\stl_vector.h ****       _GLIBCXX20_CONSTEXPR
 329:C:/Program Files (x86)/Arm GNU Toolchain arm-none-eabi/14.3 rel1/arm-none-eabi/include/c++/14.3.1/bits\stl_vector.h ****       _Vector_base(size_t __n)
 330:C:/Program Files (x86)/Arm GNU Toolchain arm-none-eabi/14.3 rel1/arm-none-eabi/include/c++/14.3.1/bits\stl_vector.h ****       : _M_impl()
 331:C:/Program Files (x86)/Arm GNU Toolchain arm-none-eabi/14.3 rel1/arm-none-eabi/include/c++/14.3.1/bits\stl_vector.h ****       { _M_create_storage(__n); }
 332:C:/Program Files (x86)/Arm GNU Toolchain arm-none-eabi/14.3 rel1/arm-none-eabi/include/c++/14.3.1/bits\stl_vector.h **** #endif
 333:C:/Program Files (x86)/Arm GNU Toolchain arm-none-eabi/14.3 rel1/arm-none-eabi/include/c++/14.3.1/bits\stl_vector.h **** 
 334:C:/Program Files (x86)/Arm GNU Toolchain arm-none-eabi/14.3 rel1/arm-none-eabi/include/c++/14.3.1/bits\stl_vector.h ****       _GLIBCXX20_CONSTEXPR
 335:C:/Program Files (x86)/Arm GNU Toolchain arm-none-eabi/14.3 rel1/arm-none-eabi/include/c++/14.3.1/bits\stl_vector.h ****       _Vector_base(size_t __n, const allocator_type& __a)
 336:C:/Program Files (x86)/Arm GNU Toolchain arm-none-eabi/14.3 rel1/arm-none-eabi/include/c++/14.3.1/bits\stl_vector.h ****       : _M_impl(__a)
 337:C:/Program Files (x86)/Arm GNU Toolchain arm-none-eabi/14.3 rel1/arm-none-eabi/include/c++/14.3.1/bits\stl_vector.h ****       { _M_create_storage(__n); }
 338:C:/Program Files (x86)/Arm GNU Toolchain arm-none-eabi/14.3 rel1/arm-none-eabi/include/c++/14.3.1/bits\stl_vector.h **** 
 339:C:/Program Files (x86)/Arm GNU Toolchain arm-none-eabi/14.3 rel1/arm-none-eabi/include/c++/14.3.1/bits\stl_vector.h **** #if __cplusplus >= 201103L
 340:C:/Program Files (x86)/Arm GNU Toolchain arm-none-eabi/14.3 rel1/arm-none-eabi/include/c++/14.3.1/bits\stl_vector.h ****       _Vector_base(_Vector_base&&) = default;
 341:C:/Program Files (x86)/Arm GNU Toolchain arm-none-eabi/14.3 rel1/arm-none-eabi/include/c++/14.3.1/bits\stl_vector.h **** 
 342:C:/Program Files (x86)/Arm GNU Toolchain arm-none-eabi/14.3 rel1/arm-none-eabi/include/c++/14.3.1/bits\stl_vector.h ****       // Kept for ABI compatibility.
 343:C:/Program Files (x86)/Arm GNU Toolchain arm-none-eabi/14.3 rel1/arm-none-eabi/include/c++/14.3.1/bits\stl_vector.h **** # if !_GLIBCXX_INLINE_VERSION
 344:C:/Program Files (x86)/Arm GNU Toolchain arm-none-eabi/14.3 rel1/arm-none-eabi/include/c++/14.3.1/bits\stl_vector.h ****       _GLIBCXX20_CONSTEXPR
 345:C:/Program Files (x86)/Arm GNU Toolchain arm-none-eabi/14.3 rel1/arm-none-eabi/include/c++/14.3.1/bits\stl_vector.h ****       _Vector_base(_Tp_alloc_type&& __a) noexcept
 346:C:/Program Files (x86)/Arm GNU Toolchain arm-none-eabi/14.3 rel1/arm-none-eabi/include/c++/14.3.1/bits\stl_vector.h ****       : _M_impl(std::move(__a)) { }
 347:C:/Program Files (x86)/Arm GNU Toolchain arm-none-eabi/14.3 rel1/arm-none-eabi/include/c++/14.3.1/bits\stl_vector.h **** 
 348:C:/Program Files (x86)/Arm GNU Toolchain arm-none-eabi/14.3 rel1/arm-none-eabi/include/c++/14.3.1/bits\stl_vector.h ****       _GLIBCXX20_CONSTEXPR
 349:C:/Program Files (x86)/Arm GNU Toolchain arm-none-eabi/14.3 rel1/arm-none-eabi/include/c++/14.3.1/bits\stl_vector.h ****       _Vector_base(_Vector_base&& __x, const allocator_type& __a)
 350:C:/Program Files (x86)/Arm GNU Toolchain arm-none-eabi/14.3 rel1/arm-none-eabi/include/c++/14.3.1/bits\stl_vector.h ****       : _M_impl(__a)
 351:C:/Program Files (x86)/Arm GNU Toolchain arm-none-eabi/14.3 rel1/arm-none-eabi/include/c++/14.3.1/bits\stl_vector.h ****       {
ARM GAS  C:\Users\Oliver\AppData\Local\Temp\ccAPLW26.s 			page 22


 352:C:/Program Files (x86)/Arm GNU Toolchain arm-none-eabi/14.3 rel1/arm-none-eabi/include/c++/14.3.1/bits\stl_vector.h **** 	if (__x.get_allocator() == __a)
 353:C:/Program Files (x86)/Arm GNU Toolchain arm-none-eabi/14.3 rel1/arm-none-eabi/include/c++/14.3.1/bits\stl_vector.h **** 	  this->_M_impl._M_swap_data(__x._M_impl);
 354:C:/Program Files (x86)/Arm GNU Toolchain arm-none-eabi/14.3 rel1/arm-none-eabi/include/c++/14.3.1/bits\stl_vector.h **** 	else
 355:C:/Program Files (x86)/Arm GNU Toolchain arm-none-eabi/14.3 rel1/arm-none-eabi/include/c++/14.3.1/bits\stl_vector.h **** 	  {
 356:C:/Program Files (x86)/Arm GNU Toolchain arm-none-eabi/14.3 rel1/arm-none-eabi/include/c++/14.3.1/bits\stl_vector.h **** 	    size_t __n = __x._M_impl._M_finish - __x._M_impl._M_start;
 357:C:/Program Files (x86)/Arm GNU Toolchain arm-none-eabi/14.3 rel1/arm-none-eabi/include/c++/14.3.1/bits\stl_vector.h **** 	    _M_create_storage(__n);
 358:C:/Program Files (x86)/Arm GNU Toolchain arm-none-eabi/14.3 rel1/arm-none-eabi/include/c++/14.3.1/bits\stl_vector.h **** 	  }
 359:C:/Program Files (x86)/Arm GNU Toolchain arm-none-eabi/14.3 rel1/arm-none-eabi/include/c++/14.3.1/bits\stl_vector.h ****       }
 360:C:/Program Files (x86)/Arm GNU Toolchain arm-none-eabi/14.3 rel1/arm-none-eabi/include/c++/14.3.1/bits\stl_vector.h **** # endif
 361:C:/Program Files (x86)/Arm GNU Toolchain arm-none-eabi/14.3 rel1/arm-none-eabi/include/c++/14.3.1/bits\stl_vector.h **** 
 362:C:/Program Files (x86)/Arm GNU Toolchain arm-none-eabi/14.3 rel1/arm-none-eabi/include/c++/14.3.1/bits\stl_vector.h ****       _GLIBCXX20_CONSTEXPR
 363:C:/Program Files (x86)/Arm GNU Toolchain arm-none-eabi/14.3 rel1/arm-none-eabi/include/c++/14.3.1/bits\stl_vector.h ****       _Vector_base(const allocator_type& __a, _Vector_base&& __x)
 364:C:/Program Files (x86)/Arm GNU Toolchain arm-none-eabi/14.3 rel1/arm-none-eabi/include/c++/14.3.1/bits\stl_vector.h ****       : _M_impl(_Tp_alloc_type(__a), std::move(__x._M_impl))
 365:C:/Program Files (x86)/Arm GNU Toolchain arm-none-eabi/14.3 rel1/arm-none-eabi/include/c++/14.3.1/bits\stl_vector.h ****       { }
 366:C:/Program Files (x86)/Arm GNU Toolchain arm-none-eabi/14.3 rel1/arm-none-eabi/include/c++/14.3.1/bits\stl_vector.h **** #endif
 367:C:/Program Files (x86)/Arm GNU Toolchain arm-none-eabi/14.3 rel1/arm-none-eabi/include/c++/14.3.1/bits\stl_vector.h **** 
 368:C:/Program Files (x86)/Arm GNU Toolchain arm-none-eabi/14.3 rel1/arm-none-eabi/include/c++/14.3.1/bits\stl_vector.h ****       _GLIBCXX20_CONSTEXPR
 369:C:/Program Files (x86)/Arm GNU Toolchain arm-none-eabi/14.3 rel1/arm-none-eabi/include/c++/14.3.1/bits\stl_vector.h ****       ~_Vector_base() _GLIBCXX_NOEXCEPT
 370:C:/Program Files (x86)/Arm GNU Toolchain arm-none-eabi/14.3 rel1/arm-none-eabi/include/c++/14.3.1/bits\stl_vector.h ****       {
 371:C:/Program Files (x86)/Arm GNU Toolchain arm-none-eabi/14.3 rel1/arm-none-eabi/include/c++/14.3.1/bits\stl_vector.h **** 	_M_deallocate(_M_impl._M_start,
 372:C:/Program Files (x86)/Arm GNU Toolchain arm-none-eabi/14.3 rel1/arm-none-eabi/include/c++/14.3.1/bits\stl_vector.h **** 		      _M_impl._M_end_of_storage - _M_impl._M_start);
 373:C:/Program Files (x86)/Arm GNU Toolchain arm-none-eabi/14.3 rel1/arm-none-eabi/include/c++/14.3.1/bits\stl_vector.h ****       }
 374:C:/Program Files (x86)/Arm GNU Toolchain arm-none-eabi/14.3 rel1/arm-none-eabi/include/c++/14.3.1/bits\stl_vector.h **** 
 375:C:/Program Files (x86)/Arm GNU Toolchain arm-none-eabi/14.3 rel1/arm-none-eabi/include/c++/14.3.1/bits\stl_vector.h ****     public:
 376:C:/Program Files (x86)/Arm GNU Toolchain arm-none-eabi/14.3 rel1/arm-none-eabi/include/c++/14.3.1/bits\stl_vector.h ****       _Vector_impl _M_impl;
 377:C:/Program Files (x86)/Arm GNU Toolchain arm-none-eabi/14.3 rel1/arm-none-eabi/include/c++/14.3.1/bits\stl_vector.h **** 
 378:C:/Program Files (x86)/Arm GNU Toolchain arm-none-eabi/14.3 rel1/arm-none-eabi/include/c++/14.3.1/bits\stl_vector.h ****       _GLIBCXX20_CONSTEXPR
 379:C:/Program Files (x86)/Arm GNU Toolchain arm-none-eabi/14.3 rel1/arm-none-eabi/include/c++/14.3.1/bits\stl_vector.h ****       pointer
 380:C:/Program Files (x86)/Arm GNU Toolchain arm-none-eabi/14.3 rel1/arm-none-eabi/include/c++/14.3.1/bits\stl_vector.h ****       _M_allocate(size_t __n)
 381:C:/Program Files (x86)/Arm GNU Toolchain arm-none-eabi/14.3 rel1/arm-none-eabi/include/c++/14.3.1/bits\stl_vector.h ****       {
 382:C:/Program Files (x86)/Arm GNU Toolchain arm-none-eabi/14.3 rel1/arm-none-eabi/include/c++/14.3.1/bits\stl_vector.h **** 	typedef __gnu_cxx::__alloc_traits<_Tp_alloc_type> _Tr;
 383:C:/Program Files (x86)/Arm GNU Toolchain arm-none-eabi/14.3 rel1/arm-none-eabi/include/c++/14.3.1/bits\stl_vector.h **** 	return __n != 0 ? _Tr::allocate(_M_impl, __n) : pointer();
 384:C:/Program Files (x86)/Arm GNU Toolchain arm-none-eabi/14.3 rel1/arm-none-eabi/include/c++/14.3.1/bits\stl_vector.h ****       }
 385:C:/Program Files (x86)/Arm GNU Toolchain arm-none-eabi/14.3 rel1/arm-none-eabi/include/c++/14.3.1/bits\stl_vector.h **** 
 386:C:/Program Files (x86)/Arm GNU Toolchain arm-none-eabi/14.3 rel1/arm-none-eabi/include/c++/14.3.1/bits\stl_vector.h ****       _GLIBCXX20_CONSTEXPR
 387:C:/Program Files (x86)/Arm GNU Toolchain arm-none-eabi/14.3 rel1/arm-none-eabi/include/c++/14.3.1/bits\stl_vector.h ****       void
 388:C:/Program Files (x86)/Arm GNU Toolchain arm-none-eabi/14.3 rel1/arm-none-eabi/include/c++/14.3.1/bits\stl_vector.h ****       _M_deallocate(pointer __p, size_t __n)
 389:C:/Program Files (x86)/Arm GNU Toolchain arm-none-eabi/14.3 rel1/arm-none-eabi/include/c++/14.3.1/bits\stl_vector.h ****       {
 390:C:/Program Files (x86)/Arm GNU Toolchain arm-none-eabi/14.3 rel1/arm-none-eabi/include/c++/14.3.1/bits\stl_vector.h **** 	typedef __gnu_cxx::__alloc_traits<_Tp_alloc_type> _Tr;
 391:C:/Program Files (x86)/Arm GNU Toolchain arm-none-eabi/14.3 rel1/arm-none-eabi/include/c++/14.3.1/bits\stl_vector.h **** 	if (__p)
 392:C:/Program Files (x86)/Arm GNU Toolchain arm-none-eabi/14.3 rel1/arm-none-eabi/include/c++/14.3.1/bits\stl_vector.h **** 	  _Tr::deallocate(_M_impl, __p, __n);
 393:C:/Program Files (x86)/Arm GNU Toolchain arm-none-eabi/14.3 rel1/arm-none-eabi/include/c++/14.3.1/bits\stl_vector.h ****       }
 394:C:/Program Files (x86)/Arm GNU Toolchain arm-none-eabi/14.3 rel1/arm-none-eabi/include/c++/14.3.1/bits\stl_vector.h **** 
 395:C:/Program Files (x86)/Arm GNU Toolchain arm-none-eabi/14.3 rel1/arm-none-eabi/include/c++/14.3.1/bits\stl_vector.h ****     protected:
 396:C:/Program Files (x86)/Arm GNU Toolchain arm-none-eabi/14.3 rel1/arm-none-eabi/include/c++/14.3.1/bits\stl_vector.h **** 
 397:C:/Program Files (x86)/Arm GNU Toolchain arm-none-eabi/14.3 rel1/arm-none-eabi/include/c++/14.3.1/bits\stl_vector.h ****       _GLIBCXX20_CONSTEXPR
 398:C:/Program Files (x86)/Arm GNU Toolchain arm-none-eabi/14.3 rel1/arm-none-eabi/include/c++/14.3.1/bits\stl_vector.h ****       void
 399:C:/Program Files (x86)/Arm GNU Toolchain arm-none-eabi/14.3 rel1/arm-none-eabi/include/c++/14.3.1/bits\stl_vector.h ****       _M_create_storage(size_t __n)
 400:C:/Program Files (x86)/Arm GNU Toolchain arm-none-eabi/14.3 rel1/arm-none-eabi/include/c++/14.3.1/bits\stl_vector.h ****       {
 401:C:/Program Files (x86)/Arm GNU Toolchain arm-none-eabi/14.3 rel1/arm-none-eabi/include/c++/14.3.1/bits\stl_vector.h **** 	this->_M_impl._M_start = this->_M_allocate(__n);
 402:C:/Program Files (x86)/Arm GNU Toolchain arm-none-eabi/14.3 rel1/arm-none-eabi/include/c++/14.3.1/bits\stl_vector.h **** 	this->_M_impl._M_finish = this->_M_impl._M_start;
 403:C:/Program Files (x86)/Arm GNU Toolchain arm-none-eabi/14.3 rel1/arm-none-eabi/include/c++/14.3.1/bits\stl_vector.h **** 	this->_M_impl._M_end_of_storage = this->_M_impl._M_start + __n;
 404:C:/Program Files (x86)/Arm GNU Toolchain arm-none-eabi/14.3 rel1/arm-none-eabi/include/c++/14.3.1/bits\stl_vector.h ****       }
 405:C:/Program Files (x86)/Arm GNU Toolchain arm-none-eabi/14.3 rel1/arm-none-eabi/include/c++/14.3.1/bits\stl_vector.h ****     };
 406:C:/Program Files (x86)/Arm GNU Toolchain arm-none-eabi/14.3 rel1/arm-none-eabi/include/c++/14.3.1/bits\stl_vector.h **** 
 407:C:/Program Files (x86)/Arm GNU Toolchain arm-none-eabi/14.3 rel1/arm-none-eabi/include/c++/14.3.1/bits\stl_vector.h ****   /**
 408:C:/Program Files (x86)/Arm GNU Toolchain arm-none-eabi/14.3 rel1/arm-none-eabi/include/c++/14.3.1/bits\stl_vector.h ****    *  @brief A standard container which offers fixed time access to
ARM GAS  C:\Users\Oliver\AppData\Local\Temp\ccAPLW26.s 			page 23


 409:C:/Program Files (x86)/Arm GNU Toolchain arm-none-eabi/14.3 rel1/arm-none-eabi/include/c++/14.3.1/bits\stl_vector.h ****    *  individual elements in any order.
 410:C:/Program Files (x86)/Arm GNU Toolchain arm-none-eabi/14.3 rel1/arm-none-eabi/include/c++/14.3.1/bits\stl_vector.h ****    *
 411:C:/Program Files (x86)/Arm GNU Toolchain arm-none-eabi/14.3 rel1/arm-none-eabi/include/c++/14.3.1/bits\stl_vector.h ****    *  @ingroup sequences
 412:C:/Program Files (x86)/Arm GNU Toolchain arm-none-eabi/14.3 rel1/arm-none-eabi/include/c++/14.3.1/bits\stl_vector.h ****    *  @headerfile vector
 413:C:/Program Files (x86)/Arm GNU Toolchain arm-none-eabi/14.3 rel1/arm-none-eabi/include/c++/14.3.1/bits\stl_vector.h ****    *  @since C++98
 414:C:/Program Files (x86)/Arm GNU Toolchain arm-none-eabi/14.3 rel1/arm-none-eabi/include/c++/14.3.1/bits\stl_vector.h ****    *
 415:C:/Program Files (x86)/Arm GNU Toolchain arm-none-eabi/14.3 rel1/arm-none-eabi/include/c++/14.3.1/bits\stl_vector.h ****    *  @tparam _Tp  Type of element.
 416:C:/Program Files (x86)/Arm GNU Toolchain arm-none-eabi/14.3 rel1/arm-none-eabi/include/c++/14.3.1/bits\stl_vector.h ****    *  @tparam _Alloc  Allocator type, defaults to allocator<_Tp>.
 417:C:/Program Files (x86)/Arm GNU Toolchain arm-none-eabi/14.3 rel1/arm-none-eabi/include/c++/14.3.1/bits\stl_vector.h ****    *
 418:C:/Program Files (x86)/Arm GNU Toolchain arm-none-eabi/14.3 rel1/arm-none-eabi/include/c++/14.3.1/bits\stl_vector.h ****    *  Meets the requirements of a <a href="tables.html#65">container</a>, a
 419:C:/Program Files (x86)/Arm GNU Toolchain arm-none-eabi/14.3 rel1/arm-none-eabi/include/c++/14.3.1/bits\stl_vector.h ****    *  <a href="tables.html#66">reversible container</a>, and a
 420:C:/Program Files (x86)/Arm GNU Toolchain arm-none-eabi/14.3 rel1/arm-none-eabi/include/c++/14.3.1/bits\stl_vector.h ****    *  <a href="tables.html#67">sequence</a>, including the
 421:C:/Program Files (x86)/Arm GNU Toolchain arm-none-eabi/14.3 rel1/arm-none-eabi/include/c++/14.3.1/bits\stl_vector.h ****    *  <a href="tables.html#68">optional sequence requirements</a> with the
 422:C:/Program Files (x86)/Arm GNU Toolchain arm-none-eabi/14.3 rel1/arm-none-eabi/include/c++/14.3.1/bits\stl_vector.h ****    *  %exception of @c push_front and @c pop_front.
 423:C:/Program Files (x86)/Arm GNU Toolchain arm-none-eabi/14.3 rel1/arm-none-eabi/include/c++/14.3.1/bits\stl_vector.h ****    *
 424:C:/Program Files (x86)/Arm GNU Toolchain arm-none-eabi/14.3 rel1/arm-none-eabi/include/c++/14.3.1/bits\stl_vector.h ****    *  In some terminology a %vector can be described as a dynamic
 425:C:/Program Files (x86)/Arm GNU Toolchain arm-none-eabi/14.3 rel1/arm-none-eabi/include/c++/14.3.1/bits\stl_vector.h ****    *  C-style array, it offers fast and efficient access to individual
 426:C:/Program Files (x86)/Arm GNU Toolchain arm-none-eabi/14.3 rel1/arm-none-eabi/include/c++/14.3.1/bits\stl_vector.h ****    *  elements in any order and saves the user from worrying about
 427:C:/Program Files (x86)/Arm GNU Toolchain arm-none-eabi/14.3 rel1/arm-none-eabi/include/c++/14.3.1/bits\stl_vector.h ****    *  memory and size allocation.  Subscripting ( @c [] ) access is
 428:C:/Program Files (x86)/Arm GNU Toolchain arm-none-eabi/14.3 rel1/arm-none-eabi/include/c++/14.3.1/bits\stl_vector.h ****    *  also provided as with C-style arrays.
 429:C:/Program Files (x86)/Arm GNU Toolchain arm-none-eabi/14.3 rel1/arm-none-eabi/include/c++/14.3.1/bits\stl_vector.h ****   */
 430:C:/Program Files (x86)/Arm GNU Toolchain arm-none-eabi/14.3 rel1/arm-none-eabi/include/c++/14.3.1/bits\stl_vector.h ****   template<typename _Tp, typename _Alloc = std::allocator<_Tp> >
 431:C:/Program Files (x86)/Arm GNU Toolchain arm-none-eabi/14.3 rel1/arm-none-eabi/include/c++/14.3.1/bits\stl_vector.h ****     class vector : protected _Vector_base<_Tp, _Alloc>
 432:C:/Program Files (x86)/Arm GNU Toolchain arm-none-eabi/14.3 rel1/arm-none-eabi/include/c++/14.3.1/bits\stl_vector.h ****     {
 433:C:/Program Files (x86)/Arm GNU Toolchain arm-none-eabi/14.3 rel1/arm-none-eabi/include/c++/14.3.1/bits\stl_vector.h **** #ifdef _GLIBCXX_CONCEPT_CHECKS
 434:C:/Program Files (x86)/Arm GNU Toolchain arm-none-eabi/14.3 rel1/arm-none-eabi/include/c++/14.3.1/bits\stl_vector.h ****       // Concept requirements.
 435:C:/Program Files (x86)/Arm GNU Toolchain arm-none-eabi/14.3 rel1/arm-none-eabi/include/c++/14.3.1/bits\stl_vector.h ****       typedef typename _Alloc::value_type		_Alloc_value_type;
 436:C:/Program Files (x86)/Arm GNU Toolchain arm-none-eabi/14.3 rel1/arm-none-eabi/include/c++/14.3.1/bits\stl_vector.h **** # if __cplusplus < 201103L
 437:C:/Program Files (x86)/Arm GNU Toolchain arm-none-eabi/14.3 rel1/arm-none-eabi/include/c++/14.3.1/bits\stl_vector.h ****       __glibcxx_class_requires(_Tp, _SGIAssignableConcept)
 438:C:/Program Files (x86)/Arm GNU Toolchain arm-none-eabi/14.3 rel1/arm-none-eabi/include/c++/14.3.1/bits\stl_vector.h **** # endif
 439:C:/Program Files (x86)/Arm GNU Toolchain arm-none-eabi/14.3 rel1/arm-none-eabi/include/c++/14.3.1/bits\stl_vector.h ****       __glibcxx_class_requires2(_Tp, _Alloc_value_type, _SameTypeConcept)
 440:C:/Program Files (x86)/Arm GNU Toolchain arm-none-eabi/14.3 rel1/arm-none-eabi/include/c++/14.3.1/bits\stl_vector.h **** #endif
 441:C:/Program Files (x86)/Arm GNU Toolchain arm-none-eabi/14.3 rel1/arm-none-eabi/include/c++/14.3.1/bits\stl_vector.h **** 
 442:C:/Program Files (x86)/Arm GNU Toolchain arm-none-eabi/14.3 rel1/arm-none-eabi/include/c++/14.3.1/bits\stl_vector.h **** #if __cplusplus >= 201103L
 443:C:/Program Files (x86)/Arm GNU Toolchain arm-none-eabi/14.3 rel1/arm-none-eabi/include/c++/14.3.1/bits\stl_vector.h ****       static_assert(is_same<typename remove_cv<_Tp>::type, _Tp>::value,
 444:C:/Program Files (x86)/Arm GNU Toolchain arm-none-eabi/14.3 rel1/arm-none-eabi/include/c++/14.3.1/bits\stl_vector.h **** 	  "std::vector must have a non-const, non-volatile value_type");
 445:C:/Program Files (x86)/Arm GNU Toolchain arm-none-eabi/14.3 rel1/arm-none-eabi/include/c++/14.3.1/bits\stl_vector.h **** # if __cplusplus > 201703L || defined __STRICT_ANSI__
 446:C:/Program Files (x86)/Arm GNU Toolchain arm-none-eabi/14.3 rel1/arm-none-eabi/include/c++/14.3.1/bits\stl_vector.h ****       static_assert(is_same<typename _Alloc::value_type, _Tp>::value,
 447:C:/Program Files (x86)/Arm GNU Toolchain arm-none-eabi/14.3 rel1/arm-none-eabi/include/c++/14.3.1/bits\stl_vector.h **** 	  "std::vector must have the same value_type as its allocator");
 448:C:/Program Files (x86)/Arm GNU Toolchain arm-none-eabi/14.3 rel1/arm-none-eabi/include/c++/14.3.1/bits\stl_vector.h **** # endif
 449:C:/Program Files (x86)/Arm GNU Toolchain arm-none-eabi/14.3 rel1/arm-none-eabi/include/c++/14.3.1/bits\stl_vector.h **** #endif
 450:C:/Program Files (x86)/Arm GNU Toolchain arm-none-eabi/14.3 rel1/arm-none-eabi/include/c++/14.3.1/bits\stl_vector.h **** 
 451:C:/Program Files (x86)/Arm GNU Toolchain arm-none-eabi/14.3 rel1/arm-none-eabi/include/c++/14.3.1/bits\stl_vector.h ****       typedef _Vector_base<_Tp, _Alloc>			_Base;
 452:C:/Program Files (x86)/Arm GNU Toolchain arm-none-eabi/14.3 rel1/arm-none-eabi/include/c++/14.3.1/bits\stl_vector.h ****       typedef typename _Base::_Tp_alloc_type		_Tp_alloc_type;
 453:C:/Program Files (x86)/Arm GNU Toolchain arm-none-eabi/14.3 rel1/arm-none-eabi/include/c++/14.3.1/bits\stl_vector.h ****       typedef __gnu_cxx::__alloc_traits<_Tp_alloc_type>	_Alloc_traits;
 454:C:/Program Files (x86)/Arm GNU Toolchain arm-none-eabi/14.3 rel1/arm-none-eabi/include/c++/14.3.1/bits\stl_vector.h **** 
 455:C:/Program Files (x86)/Arm GNU Toolchain arm-none-eabi/14.3 rel1/arm-none-eabi/include/c++/14.3.1/bits\stl_vector.h ****     public:
 456:C:/Program Files (x86)/Arm GNU Toolchain arm-none-eabi/14.3 rel1/arm-none-eabi/include/c++/14.3.1/bits\stl_vector.h ****       typedef _Tp					value_type;
 457:C:/Program Files (x86)/Arm GNU Toolchain arm-none-eabi/14.3 rel1/arm-none-eabi/include/c++/14.3.1/bits\stl_vector.h ****       typedef typename _Base::pointer			pointer;
 458:C:/Program Files (x86)/Arm GNU Toolchain arm-none-eabi/14.3 rel1/arm-none-eabi/include/c++/14.3.1/bits\stl_vector.h ****       typedef typename _Alloc_traits::const_pointer	const_pointer;
 459:C:/Program Files (x86)/Arm GNU Toolchain arm-none-eabi/14.3 rel1/arm-none-eabi/include/c++/14.3.1/bits\stl_vector.h ****       typedef typename _Alloc_traits::reference		reference;
 460:C:/Program Files (x86)/Arm GNU Toolchain arm-none-eabi/14.3 rel1/arm-none-eabi/include/c++/14.3.1/bits\stl_vector.h ****       typedef typename _Alloc_traits::const_reference	const_reference;
 461:C:/Program Files (x86)/Arm GNU Toolchain arm-none-eabi/14.3 rel1/arm-none-eabi/include/c++/14.3.1/bits\stl_vector.h ****       typedef __gnu_cxx::__normal_iterator<pointer, vector> iterator;
 462:C:/Program Files (x86)/Arm GNU Toolchain arm-none-eabi/14.3 rel1/arm-none-eabi/include/c++/14.3.1/bits\stl_vector.h ****       typedef __gnu_cxx::__normal_iterator<const_pointer, vector>
 463:C:/Program Files (x86)/Arm GNU Toolchain arm-none-eabi/14.3 rel1/arm-none-eabi/include/c++/14.3.1/bits\stl_vector.h ****       const_iterator;
 464:C:/Program Files (x86)/Arm GNU Toolchain arm-none-eabi/14.3 rel1/arm-none-eabi/include/c++/14.3.1/bits\stl_vector.h ****       typedef std::reverse_iterator<const_iterator>	const_reverse_iterator;
 465:C:/Program Files (x86)/Arm GNU Toolchain arm-none-eabi/14.3 rel1/arm-none-eabi/include/c++/14.3.1/bits\stl_vector.h ****       typedef std::reverse_iterator<iterator>		reverse_iterator;
ARM GAS  C:\Users\Oliver\AppData\Local\Temp\ccAPLW26.s 			page 24


 466:C:/Program Files (x86)/Arm GNU Toolchain arm-none-eabi/14.3 rel1/arm-none-eabi/include/c++/14.3.1/bits\stl_vector.h ****       typedef size_t					size_type;
 467:C:/Program Files (x86)/Arm GNU Toolchain arm-none-eabi/14.3 rel1/arm-none-eabi/include/c++/14.3.1/bits\stl_vector.h ****       typedef ptrdiff_t					difference_type;
 468:C:/Program Files (x86)/Arm GNU Toolchain arm-none-eabi/14.3 rel1/arm-none-eabi/include/c++/14.3.1/bits\stl_vector.h ****       typedef _Alloc					allocator_type;
 469:C:/Program Files (x86)/Arm GNU Toolchain arm-none-eabi/14.3 rel1/arm-none-eabi/include/c++/14.3.1/bits\stl_vector.h **** 
 470:C:/Program Files (x86)/Arm GNU Toolchain arm-none-eabi/14.3 rel1/arm-none-eabi/include/c++/14.3.1/bits\stl_vector.h ****     private:
 471:C:/Program Files (x86)/Arm GNU Toolchain arm-none-eabi/14.3 rel1/arm-none-eabi/include/c++/14.3.1/bits\stl_vector.h **** #if __cplusplus >= 201103L
 472:C:/Program Files (x86)/Arm GNU Toolchain arm-none-eabi/14.3 rel1/arm-none-eabi/include/c++/14.3.1/bits\stl_vector.h ****       static constexpr bool
 473:C:/Program Files (x86)/Arm GNU Toolchain arm-none-eabi/14.3 rel1/arm-none-eabi/include/c++/14.3.1/bits\stl_vector.h ****       _S_nothrow_relocate(true_type)
 474:C:/Program Files (x86)/Arm GNU Toolchain arm-none-eabi/14.3 rel1/arm-none-eabi/include/c++/14.3.1/bits\stl_vector.h ****       {
 475:C:/Program Files (x86)/Arm GNU Toolchain arm-none-eabi/14.3 rel1/arm-none-eabi/include/c++/14.3.1/bits\stl_vector.h **** 	return noexcept(std::__relocate_a(std::declval<pointer>(),
 476:C:/Program Files (x86)/Arm GNU Toolchain arm-none-eabi/14.3 rel1/arm-none-eabi/include/c++/14.3.1/bits\stl_vector.h **** 					  std::declval<pointer>(),
 477:C:/Program Files (x86)/Arm GNU Toolchain arm-none-eabi/14.3 rel1/arm-none-eabi/include/c++/14.3.1/bits\stl_vector.h **** 					  std::declval<pointer>(),
 478:C:/Program Files (x86)/Arm GNU Toolchain arm-none-eabi/14.3 rel1/arm-none-eabi/include/c++/14.3.1/bits\stl_vector.h **** 					  std::declval<_Tp_alloc_type&>()));
 479:C:/Program Files (x86)/Arm GNU Toolchain arm-none-eabi/14.3 rel1/arm-none-eabi/include/c++/14.3.1/bits\stl_vector.h ****       }
 480:C:/Program Files (x86)/Arm GNU Toolchain arm-none-eabi/14.3 rel1/arm-none-eabi/include/c++/14.3.1/bits\stl_vector.h **** 
 481:C:/Program Files (x86)/Arm GNU Toolchain arm-none-eabi/14.3 rel1/arm-none-eabi/include/c++/14.3.1/bits\stl_vector.h ****       static constexpr bool
 482:C:/Program Files (x86)/Arm GNU Toolchain arm-none-eabi/14.3 rel1/arm-none-eabi/include/c++/14.3.1/bits\stl_vector.h ****       _S_nothrow_relocate(false_type)
 483:C:/Program Files (x86)/Arm GNU Toolchain arm-none-eabi/14.3 rel1/arm-none-eabi/include/c++/14.3.1/bits\stl_vector.h ****       { return false; }
 484:C:/Program Files (x86)/Arm GNU Toolchain arm-none-eabi/14.3 rel1/arm-none-eabi/include/c++/14.3.1/bits\stl_vector.h **** 
 485:C:/Program Files (x86)/Arm GNU Toolchain arm-none-eabi/14.3 rel1/arm-none-eabi/include/c++/14.3.1/bits\stl_vector.h ****       static constexpr bool
 486:C:/Program Files (x86)/Arm GNU Toolchain arm-none-eabi/14.3 rel1/arm-none-eabi/include/c++/14.3.1/bits\stl_vector.h ****       _S_use_relocate()
 487:C:/Program Files (x86)/Arm GNU Toolchain arm-none-eabi/14.3 rel1/arm-none-eabi/include/c++/14.3.1/bits\stl_vector.h ****       {
 488:C:/Program Files (x86)/Arm GNU Toolchain arm-none-eabi/14.3 rel1/arm-none-eabi/include/c++/14.3.1/bits\stl_vector.h **** 	// Instantiating std::__relocate_a might cause an error outside the
 489:C:/Program Files (x86)/Arm GNU Toolchain arm-none-eabi/14.3 rel1/arm-none-eabi/include/c++/14.3.1/bits\stl_vector.h **** 	// immediate context (in __relocate_object_a's noexcept-specifier),
 490:C:/Program Files (x86)/Arm GNU Toolchain arm-none-eabi/14.3 rel1/arm-none-eabi/include/c++/14.3.1/bits\stl_vector.h **** 	// so only do it if we know the type can be move-inserted into *this.
 491:C:/Program Files (x86)/Arm GNU Toolchain arm-none-eabi/14.3 rel1/arm-none-eabi/include/c++/14.3.1/bits\stl_vector.h **** 	return _S_nothrow_relocate(__is_move_insertable<_Tp_alloc_type>{});
 492:C:/Program Files (x86)/Arm GNU Toolchain arm-none-eabi/14.3 rel1/arm-none-eabi/include/c++/14.3.1/bits\stl_vector.h ****       }
 493:C:/Program Files (x86)/Arm GNU Toolchain arm-none-eabi/14.3 rel1/arm-none-eabi/include/c++/14.3.1/bits\stl_vector.h **** 
 494:C:/Program Files (x86)/Arm GNU Toolchain arm-none-eabi/14.3 rel1/arm-none-eabi/include/c++/14.3.1/bits\stl_vector.h ****       static pointer
 495:C:/Program Files (x86)/Arm GNU Toolchain arm-none-eabi/14.3 rel1/arm-none-eabi/include/c++/14.3.1/bits\stl_vector.h ****       _S_do_relocate(pointer __first, pointer __last, pointer __result,
 496:C:/Program Files (x86)/Arm GNU Toolchain arm-none-eabi/14.3 rel1/arm-none-eabi/include/c++/14.3.1/bits\stl_vector.h **** 		     _Tp_alloc_type& __alloc, true_type) noexcept
 497:C:/Program Files (x86)/Arm GNU Toolchain arm-none-eabi/14.3 rel1/arm-none-eabi/include/c++/14.3.1/bits\stl_vector.h ****       {
 498:C:/Program Files (x86)/Arm GNU Toolchain arm-none-eabi/14.3 rel1/arm-none-eabi/include/c++/14.3.1/bits\stl_vector.h **** 	return std::__relocate_a(__first, __last, __result, __alloc);
 499:C:/Program Files (x86)/Arm GNU Toolchain arm-none-eabi/14.3 rel1/arm-none-eabi/include/c++/14.3.1/bits\stl_vector.h ****       }
 500:C:/Program Files (x86)/Arm GNU Toolchain arm-none-eabi/14.3 rel1/arm-none-eabi/include/c++/14.3.1/bits\stl_vector.h **** 
 501:C:/Program Files (x86)/Arm GNU Toolchain arm-none-eabi/14.3 rel1/arm-none-eabi/include/c++/14.3.1/bits\stl_vector.h ****       static pointer
 502:C:/Program Files (x86)/Arm GNU Toolchain arm-none-eabi/14.3 rel1/arm-none-eabi/include/c++/14.3.1/bits\stl_vector.h ****       _S_do_relocate(pointer, pointer, pointer __result,
 503:C:/Program Files (x86)/Arm GNU Toolchain arm-none-eabi/14.3 rel1/arm-none-eabi/include/c++/14.3.1/bits\stl_vector.h **** 		     _Tp_alloc_type&, false_type) noexcept
 504:C:/Program Files (x86)/Arm GNU Toolchain arm-none-eabi/14.3 rel1/arm-none-eabi/include/c++/14.3.1/bits\stl_vector.h ****       { return __result; }
 505:C:/Program Files (x86)/Arm GNU Toolchain arm-none-eabi/14.3 rel1/arm-none-eabi/include/c++/14.3.1/bits\stl_vector.h **** 
 506:C:/Program Files (x86)/Arm GNU Toolchain arm-none-eabi/14.3 rel1/arm-none-eabi/include/c++/14.3.1/bits\stl_vector.h ****       static _GLIBCXX20_CONSTEXPR pointer
 507:C:/Program Files (x86)/Arm GNU Toolchain arm-none-eabi/14.3 rel1/arm-none-eabi/include/c++/14.3.1/bits\stl_vector.h ****       _S_relocate(pointer __first, pointer __last, pointer __result,
 508:C:/Program Files (x86)/Arm GNU Toolchain arm-none-eabi/14.3 rel1/arm-none-eabi/include/c++/14.3.1/bits\stl_vector.h **** 		  _Tp_alloc_type& __alloc) noexcept
 509:C:/Program Files (x86)/Arm GNU Toolchain arm-none-eabi/14.3 rel1/arm-none-eabi/include/c++/14.3.1/bits\stl_vector.h ****       {
 510:C:/Program Files (x86)/Arm GNU Toolchain arm-none-eabi/14.3 rel1/arm-none-eabi/include/c++/14.3.1/bits\stl_vector.h **** #if __cpp_if_constexpr
 511:C:/Program Files (x86)/Arm GNU Toolchain arm-none-eabi/14.3 rel1/arm-none-eabi/include/c++/14.3.1/bits\stl_vector.h **** 	// All callers have already checked _S_use_relocate() so just do it.
 512:C:/Program Files (x86)/Arm GNU Toolchain arm-none-eabi/14.3 rel1/arm-none-eabi/include/c++/14.3.1/bits\stl_vector.h **** 	return std::__relocate_a(__first, __last, __result, __alloc);
 513:C:/Program Files (x86)/Arm GNU Toolchain arm-none-eabi/14.3 rel1/arm-none-eabi/include/c++/14.3.1/bits\stl_vector.h **** #else
 514:C:/Program Files (x86)/Arm GNU Toolchain arm-none-eabi/14.3 rel1/arm-none-eabi/include/c++/14.3.1/bits\stl_vector.h **** 	using __do_it = __bool_constant<_S_use_relocate()>;
 515:C:/Program Files (x86)/Arm GNU Toolchain arm-none-eabi/14.3 rel1/arm-none-eabi/include/c++/14.3.1/bits\stl_vector.h **** 	return _S_do_relocate(__first, __last, __result, __alloc, __do_it{});
 516:C:/Program Files (x86)/Arm GNU Toolchain arm-none-eabi/14.3 rel1/arm-none-eabi/include/c++/14.3.1/bits\stl_vector.h **** #endif
 517:C:/Program Files (x86)/Arm GNU Toolchain arm-none-eabi/14.3 rel1/arm-none-eabi/include/c++/14.3.1/bits\stl_vector.h ****       }
 518:C:/Program Files (x86)/Arm GNU Toolchain arm-none-eabi/14.3 rel1/arm-none-eabi/include/c++/14.3.1/bits\stl_vector.h **** #endif // C++11
 519:C:/Program Files (x86)/Arm GNU Toolchain arm-none-eabi/14.3 rel1/arm-none-eabi/include/c++/14.3.1/bits\stl_vector.h **** 
 520:C:/Program Files (x86)/Arm GNU Toolchain arm-none-eabi/14.3 rel1/arm-none-eabi/include/c++/14.3.1/bits\stl_vector.h ****     protected:
 521:C:/Program Files (x86)/Arm GNU Toolchain arm-none-eabi/14.3 rel1/arm-none-eabi/include/c++/14.3.1/bits\stl_vector.h ****       using _Base::_M_allocate;
 522:C:/Program Files (x86)/Arm GNU Toolchain arm-none-eabi/14.3 rel1/arm-none-eabi/include/c++/14.3.1/bits\stl_vector.h ****       using _Base::_M_deallocate;
ARM GAS  C:\Users\Oliver\AppData\Local\Temp\ccAPLW26.s 			page 25


 523:C:/Program Files (x86)/Arm GNU Toolchain arm-none-eabi/14.3 rel1/arm-none-eabi/include/c++/14.3.1/bits\stl_vector.h ****       using _Base::_M_impl;
 524:C:/Program Files (x86)/Arm GNU Toolchain arm-none-eabi/14.3 rel1/arm-none-eabi/include/c++/14.3.1/bits\stl_vector.h ****       using _Base::_M_get_Tp_allocator;
 525:C:/Program Files (x86)/Arm GNU Toolchain arm-none-eabi/14.3 rel1/arm-none-eabi/include/c++/14.3.1/bits\stl_vector.h **** 
 526:C:/Program Files (x86)/Arm GNU Toolchain arm-none-eabi/14.3 rel1/arm-none-eabi/include/c++/14.3.1/bits\stl_vector.h ****     public:
 527:C:/Program Files (x86)/Arm GNU Toolchain arm-none-eabi/14.3 rel1/arm-none-eabi/include/c++/14.3.1/bits\stl_vector.h ****       // [23.2.4.1] construct/copy/destroy
 528:C:/Program Files (x86)/Arm GNU Toolchain arm-none-eabi/14.3 rel1/arm-none-eabi/include/c++/14.3.1/bits\stl_vector.h ****       // (assign() and get_allocator() are also listed in this section)
 529:C:/Program Files (x86)/Arm GNU Toolchain arm-none-eabi/14.3 rel1/arm-none-eabi/include/c++/14.3.1/bits\stl_vector.h **** 
 530:C:/Program Files (x86)/Arm GNU Toolchain arm-none-eabi/14.3 rel1/arm-none-eabi/include/c++/14.3.1/bits\stl_vector.h ****       /**
 531:C:/Program Files (x86)/Arm GNU Toolchain arm-none-eabi/14.3 rel1/arm-none-eabi/include/c++/14.3.1/bits\stl_vector.h ****        *  @brief  Creates a %vector with no elements.
 532:C:/Program Files (x86)/Arm GNU Toolchain arm-none-eabi/14.3 rel1/arm-none-eabi/include/c++/14.3.1/bits\stl_vector.h ****        */
 533:C:/Program Files (x86)/Arm GNU Toolchain arm-none-eabi/14.3 rel1/arm-none-eabi/include/c++/14.3.1/bits\stl_vector.h **** #if __cplusplus >= 201103L
 534:C:/Program Files (x86)/Arm GNU Toolchain arm-none-eabi/14.3 rel1/arm-none-eabi/include/c++/14.3.1/bits\stl_vector.h ****       vector() = default;
 535:C:/Program Files (x86)/Arm GNU Toolchain arm-none-eabi/14.3 rel1/arm-none-eabi/include/c++/14.3.1/bits\stl_vector.h **** #else
 536:C:/Program Files (x86)/Arm GNU Toolchain arm-none-eabi/14.3 rel1/arm-none-eabi/include/c++/14.3.1/bits\stl_vector.h ****       vector() { }
 537:C:/Program Files (x86)/Arm GNU Toolchain arm-none-eabi/14.3 rel1/arm-none-eabi/include/c++/14.3.1/bits\stl_vector.h **** #endif
 538:C:/Program Files (x86)/Arm GNU Toolchain arm-none-eabi/14.3 rel1/arm-none-eabi/include/c++/14.3.1/bits\stl_vector.h **** 
 539:C:/Program Files (x86)/Arm GNU Toolchain arm-none-eabi/14.3 rel1/arm-none-eabi/include/c++/14.3.1/bits\stl_vector.h ****       /**
 540:C:/Program Files (x86)/Arm GNU Toolchain arm-none-eabi/14.3 rel1/arm-none-eabi/include/c++/14.3.1/bits\stl_vector.h ****        *  @brief  Creates a %vector with no elements.
 541:C:/Program Files (x86)/Arm GNU Toolchain arm-none-eabi/14.3 rel1/arm-none-eabi/include/c++/14.3.1/bits\stl_vector.h ****        *  @param  __a  An allocator object.
 542:C:/Program Files (x86)/Arm GNU Toolchain arm-none-eabi/14.3 rel1/arm-none-eabi/include/c++/14.3.1/bits\stl_vector.h ****        */
 543:C:/Program Files (x86)/Arm GNU Toolchain arm-none-eabi/14.3 rel1/arm-none-eabi/include/c++/14.3.1/bits\stl_vector.h ****       explicit
 544:C:/Program Files (x86)/Arm GNU Toolchain arm-none-eabi/14.3 rel1/arm-none-eabi/include/c++/14.3.1/bits\stl_vector.h ****       _GLIBCXX20_CONSTEXPR
 545:C:/Program Files (x86)/Arm GNU Toolchain arm-none-eabi/14.3 rel1/arm-none-eabi/include/c++/14.3.1/bits\stl_vector.h ****       vector(const allocator_type& __a) _GLIBCXX_NOEXCEPT
 546:C:/Program Files (x86)/Arm GNU Toolchain arm-none-eabi/14.3 rel1/arm-none-eabi/include/c++/14.3.1/bits\stl_vector.h ****       : _Base(__a) { }
 547:C:/Program Files (x86)/Arm GNU Toolchain arm-none-eabi/14.3 rel1/arm-none-eabi/include/c++/14.3.1/bits\stl_vector.h **** 
 548:C:/Program Files (x86)/Arm GNU Toolchain arm-none-eabi/14.3 rel1/arm-none-eabi/include/c++/14.3.1/bits\stl_vector.h **** #if __cplusplus >= 201103L
 549:C:/Program Files (x86)/Arm GNU Toolchain arm-none-eabi/14.3 rel1/arm-none-eabi/include/c++/14.3.1/bits\stl_vector.h ****       /**
 550:C:/Program Files (x86)/Arm GNU Toolchain arm-none-eabi/14.3 rel1/arm-none-eabi/include/c++/14.3.1/bits\stl_vector.h ****        *  @brief  Creates a %vector with default constructed elements.
 551:C:/Program Files (x86)/Arm GNU Toolchain arm-none-eabi/14.3 rel1/arm-none-eabi/include/c++/14.3.1/bits\stl_vector.h ****        *  @param  __n  The number of elements to initially create.
 552:C:/Program Files (x86)/Arm GNU Toolchain arm-none-eabi/14.3 rel1/arm-none-eabi/include/c++/14.3.1/bits\stl_vector.h ****        *  @param  __a  An allocator.
 553:C:/Program Files (x86)/Arm GNU Toolchain arm-none-eabi/14.3 rel1/arm-none-eabi/include/c++/14.3.1/bits\stl_vector.h ****        *
 554:C:/Program Files (x86)/Arm GNU Toolchain arm-none-eabi/14.3 rel1/arm-none-eabi/include/c++/14.3.1/bits\stl_vector.h ****        *  This constructor fills the %vector with @a __n default
 555:C:/Program Files (x86)/Arm GNU Toolchain arm-none-eabi/14.3 rel1/arm-none-eabi/include/c++/14.3.1/bits\stl_vector.h ****        *  constructed elements.
 556:C:/Program Files (x86)/Arm GNU Toolchain arm-none-eabi/14.3 rel1/arm-none-eabi/include/c++/14.3.1/bits\stl_vector.h ****        */
 557:C:/Program Files (x86)/Arm GNU Toolchain arm-none-eabi/14.3 rel1/arm-none-eabi/include/c++/14.3.1/bits\stl_vector.h ****       explicit
 558:C:/Program Files (x86)/Arm GNU Toolchain arm-none-eabi/14.3 rel1/arm-none-eabi/include/c++/14.3.1/bits\stl_vector.h ****       _GLIBCXX20_CONSTEXPR
 559:C:/Program Files (x86)/Arm GNU Toolchain arm-none-eabi/14.3 rel1/arm-none-eabi/include/c++/14.3.1/bits\stl_vector.h ****       vector(size_type __n, const allocator_type& __a = allocator_type())
 560:C:/Program Files (x86)/Arm GNU Toolchain arm-none-eabi/14.3 rel1/arm-none-eabi/include/c++/14.3.1/bits\stl_vector.h ****       : _Base(_S_check_init_len(__n, __a), __a)
 561:C:/Program Files (x86)/Arm GNU Toolchain arm-none-eabi/14.3 rel1/arm-none-eabi/include/c++/14.3.1/bits\stl_vector.h ****       { _M_default_initialize(__n); }
 562:C:/Program Files (x86)/Arm GNU Toolchain arm-none-eabi/14.3 rel1/arm-none-eabi/include/c++/14.3.1/bits\stl_vector.h **** 
 563:C:/Program Files (x86)/Arm GNU Toolchain arm-none-eabi/14.3 rel1/arm-none-eabi/include/c++/14.3.1/bits\stl_vector.h ****       /**
 564:C:/Program Files (x86)/Arm GNU Toolchain arm-none-eabi/14.3 rel1/arm-none-eabi/include/c++/14.3.1/bits\stl_vector.h ****        *  @brief  Creates a %vector with copies of an exemplar element.
 565:C:/Program Files (x86)/Arm GNU Toolchain arm-none-eabi/14.3 rel1/arm-none-eabi/include/c++/14.3.1/bits\stl_vector.h ****        *  @param  __n  The number of elements to initially create.
 566:C:/Program Files (x86)/Arm GNU Toolchain arm-none-eabi/14.3 rel1/arm-none-eabi/include/c++/14.3.1/bits\stl_vector.h ****        *  @param  __value  An element to copy.
 567:C:/Program Files (x86)/Arm GNU Toolchain arm-none-eabi/14.3 rel1/arm-none-eabi/include/c++/14.3.1/bits\stl_vector.h ****        *  @param  __a  An allocator.
 568:C:/Program Files (x86)/Arm GNU Toolchain arm-none-eabi/14.3 rel1/arm-none-eabi/include/c++/14.3.1/bits\stl_vector.h ****        *
 569:C:/Program Files (x86)/Arm GNU Toolchain arm-none-eabi/14.3 rel1/arm-none-eabi/include/c++/14.3.1/bits\stl_vector.h ****        *  This constructor fills the %vector with @a __n copies of @a __value.
 570:C:/Program Files (x86)/Arm GNU Toolchain arm-none-eabi/14.3 rel1/arm-none-eabi/include/c++/14.3.1/bits\stl_vector.h ****        */
 571:C:/Program Files (x86)/Arm GNU Toolchain arm-none-eabi/14.3 rel1/arm-none-eabi/include/c++/14.3.1/bits\stl_vector.h ****       _GLIBCXX20_CONSTEXPR
 572:C:/Program Files (x86)/Arm GNU Toolchain arm-none-eabi/14.3 rel1/arm-none-eabi/include/c++/14.3.1/bits\stl_vector.h ****       vector(size_type __n, const value_type& __value,
 573:C:/Program Files (x86)/Arm GNU Toolchain arm-none-eabi/14.3 rel1/arm-none-eabi/include/c++/14.3.1/bits\stl_vector.h **** 	     const allocator_type& __a = allocator_type())
 574:C:/Program Files (x86)/Arm GNU Toolchain arm-none-eabi/14.3 rel1/arm-none-eabi/include/c++/14.3.1/bits\stl_vector.h ****       : _Base(_S_check_init_len(__n, __a), __a)
 575:C:/Program Files (x86)/Arm GNU Toolchain arm-none-eabi/14.3 rel1/arm-none-eabi/include/c++/14.3.1/bits\stl_vector.h ****       { _M_fill_initialize(__n, __value); }
 576:C:/Program Files (x86)/Arm GNU Toolchain arm-none-eabi/14.3 rel1/arm-none-eabi/include/c++/14.3.1/bits\stl_vector.h **** #else
 577:C:/Program Files (x86)/Arm GNU Toolchain arm-none-eabi/14.3 rel1/arm-none-eabi/include/c++/14.3.1/bits\stl_vector.h ****       /**
 578:C:/Program Files (x86)/Arm GNU Toolchain arm-none-eabi/14.3 rel1/arm-none-eabi/include/c++/14.3.1/bits\stl_vector.h ****        *  @brief  Creates a %vector with copies of an exemplar element.
 579:C:/Program Files (x86)/Arm GNU Toolchain arm-none-eabi/14.3 rel1/arm-none-eabi/include/c++/14.3.1/bits\stl_vector.h ****        *  @param  __n  The number of elements to initially create.
ARM GAS  C:\Users\Oliver\AppData\Local\Temp\ccAPLW26.s 			page 26


 580:C:/Program Files (x86)/Arm GNU Toolchain arm-none-eabi/14.3 rel1/arm-none-eabi/include/c++/14.3.1/bits\stl_vector.h ****        *  @param  __value  An element to copy.
 581:C:/Program Files (x86)/Arm GNU Toolchain arm-none-eabi/14.3 rel1/arm-none-eabi/include/c++/14.3.1/bits\stl_vector.h ****        *  @param  __a  An allocator.
 582:C:/Program Files (x86)/Arm GNU Toolchain arm-none-eabi/14.3 rel1/arm-none-eabi/include/c++/14.3.1/bits\stl_vector.h ****        *
 583:C:/Program Files (x86)/Arm GNU Toolchain arm-none-eabi/14.3 rel1/arm-none-eabi/include/c++/14.3.1/bits\stl_vector.h ****        *  This constructor fills the %vector with @a __n copies of @a __value.
 584:C:/Program Files (x86)/Arm GNU Toolchain arm-none-eabi/14.3 rel1/arm-none-eabi/include/c++/14.3.1/bits\stl_vector.h ****        */
 585:C:/Program Files (x86)/Arm GNU Toolchain arm-none-eabi/14.3 rel1/arm-none-eabi/include/c++/14.3.1/bits\stl_vector.h ****       explicit
 586:C:/Program Files (x86)/Arm GNU Toolchain arm-none-eabi/14.3 rel1/arm-none-eabi/include/c++/14.3.1/bits\stl_vector.h ****       vector(size_type __n, const value_type& __value = value_type(),
 587:C:/Program Files (x86)/Arm GNU Toolchain arm-none-eabi/14.3 rel1/arm-none-eabi/include/c++/14.3.1/bits\stl_vector.h **** 	     const allocator_type& __a = allocator_type())
 588:C:/Program Files (x86)/Arm GNU Toolchain arm-none-eabi/14.3 rel1/arm-none-eabi/include/c++/14.3.1/bits\stl_vector.h ****       : _Base(_S_check_init_len(__n, __a), __a)
 589:C:/Program Files (x86)/Arm GNU Toolchain arm-none-eabi/14.3 rel1/arm-none-eabi/include/c++/14.3.1/bits\stl_vector.h ****       { _M_fill_initialize(__n, __value); }
 590:C:/Program Files (x86)/Arm GNU Toolchain arm-none-eabi/14.3 rel1/arm-none-eabi/include/c++/14.3.1/bits\stl_vector.h **** #endif
 591:C:/Program Files (x86)/Arm GNU Toolchain arm-none-eabi/14.3 rel1/arm-none-eabi/include/c++/14.3.1/bits\stl_vector.h **** 
 592:C:/Program Files (x86)/Arm GNU Toolchain arm-none-eabi/14.3 rel1/arm-none-eabi/include/c++/14.3.1/bits\stl_vector.h ****       /**
 593:C:/Program Files (x86)/Arm GNU Toolchain arm-none-eabi/14.3 rel1/arm-none-eabi/include/c++/14.3.1/bits\stl_vector.h ****        *  @brief  %Vector copy constructor.
 594:C:/Program Files (x86)/Arm GNU Toolchain arm-none-eabi/14.3 rel1/arm-none-eabi/include/c++/14.3.1/bits\stl_vector.h ****        *  @param  __x  A %vector of identical element and allocator types.
 595:C:/Program Files (x86)/Arm GNU Toolchain arm-none-eabi/14.3 rel1/arm-none-eabi/include/c++/14.3.1/bits\stl_vector.h ****        *
 596:C:/Program Files (x86)/Arm GNU Toolchain arm-none-eabi/14.3 rel1/arm-none-eabi/include/c++/14.3.1/bits\stl_vector.h ****        *  All the elements of @a __x are copied, but any unused capacity in
 597:C:/Program Files (x86)/Arm GNU Toolchain arm-none-eabi/14.3 rel1/arm-none-eabi/include/c++/14.3.1/bits\stl_vector.h ****        *  @a __x  will not be copied
 598:C:/Program Files (x86)/Arm GNU Toolchain arm-none-eabi/14.3 rel1/arm-none-eabi/include/c++/14.3.1/bits\stl_vector.h ****        *  (i.e. capacity() == size() in the new %vector).
 599:C:/Program Files (x86)/Arm GNU Toolchain arm-none-eabi/14.3 rel1/arm-none-eabi/include/c++/14.3.1/bits\stl_vector.h ****        *
 600:C:/Program Files (x86)/Arm GNU Toolchain arm-none-eabi/14.3 rel1/arm-none-eabi/include/c++/14.3.1/bits\stl_vector.h ****        *  The newly-created %vector uses a copy of the allocator object used
 601:C:/Program Files (x86)/Arm GNU Toolchain arm-none-eabi/14.3 rel1/arm-none-eabi/include/c++/14.3.1/bits\stl_vector.h ****        *  by @a __x (unless the allocator traits dictate a different object).
 602:C:/Program Files (x86)/Arm GNU Toolchain arm-none-eabi/14.3 rel1/arm-none-eabi/include/c++/14.3.1/bits\stl_vector.h ****        */
 603:C:/Program Files (x86)/Arm GNU Toolchain arm-none-eabi/14.3 rel1/arm-none-eabi/include/c++/14.3.1/bits\stl_vector.h ****       _GLIBCXX20_CONSTEXPR
 604:C:/Program Files (x86)/Arm GNU Toolchain arm-none-eabi/14.3 rel1/arm-none-eabi/include/c++/14.3.1/bits\stl_vector.h ****       vector(const vector& __x)
 605:C:/Program Files (x86)/Arm GNU Toolchain arm-none-eabi/14.3 rel1/arm-none-eabi/include/c++/14.3.1/bits\stl_vector.h ****       : _Base(__x.size(),
 606:C:/Program Files (x86)/Arm GNU Toolchain arm-none-eabi/14.3 rel1/arm-none-eabi/include/c++/14.3.1/bits\stl_vector.h **** 	_Alloc_traits::_S_select_on_copy(__x._M_get_Tp_allocator()))
 607:C:/Program Files (x86)/Arm GNU Toolchain arm-none-eabi/14.3 rel1/arm-none-eabi/include/c++/14.3.1/bits\stl_vector.h ****       {
 608:C:/Program Files (x86)/Arm GNU Toolchain arm-none-eabi/14.3 rel1/arm-none-eabi/include/c++/14.3.1/bits\stl_vector.h **** 	this->_M_impl._M_finish =
 609:C:/Program Files (x86)/Arm GNU Toolchain arm-none-eabi/14.3 rel1/arm-none-eabi/include/c++/14.3.1/bits\stl_vector.h **** 	  std::__uninitialized_copy_a(__x.begin(), __x.end(),
 610:C:/Program Files (x86)/Arm GNU Toolchain arm-none-eabi/14.3 rel1/arm-none-eabi/include/c++/14.3.1/bits\stl_vector.h **** 				      this->_M_impl._M_start,
 611:C:/Program Files (x86)/Arm GNU Toolchain arm-none-eabi/14.3 rel1/arm-none-eabi/include/c++/14.3.1/bits\stl_vector.h **** 				      _M_get_Tp_allocator());
 612:C:/Program Files (x86)/Arm GNU Toolchain arm-none-eabi/14.3 rel1/arm-none-eabi/include/c++/14.3.1/bits\stl_vector.h ****       }
 613:C:/Program Files (x86)/Arm GNU Toolchain arm-none-eabi/14.3 rel1/arm-none-eabi/include/c++/14.3.1/bits\stl_vector.h **** 
 614:C:/Program Files (x86)/Arm GNU Toolchain arm-none-eabi/14.3 rel1/arm-none-eabi/include/c++/14.3.1/bits\stl_vector.h **** #if __cplusplus >= 201103L
 615:C:/Program Files (x86)/Arm GNU Toolchain arm-none-eabi/14.3 rel1/arm-none-eabi/include/c++/14.3.1/bits\stl_vector.h ****       /**
 616:C:/Program Files (x86)/Arm GNU Toolchain arm-none-eabi/14.3 rel1/arm-none-eabi/include/c++/14.3.1/bits\stl_vector.h ****        *  @brief  %Vector move constructor.
 617:C:/Program Files (x86)/Arm GNU Toolchain arm-none-eabi/14.3 rel1/arm-none-eabi/include/c++/14.3.1/bits\stl_vector.h ****        *
 618:C:/Program Files (x86)/Arm GNU Toolchain arm-none-eabi/14.3 rel1/arm-none-eabi/include/c++/14.3.1/bits\stl_vector.h ****        *  The newly-created %vector contains the exact contents of the
 619:C:/Program Files (x86)/Arm GNU Toolchain arm-none-eabi/14.3 rel1/arm-none-eabi/include/c++/14.3.1/bits\stl_vector.h ****        *  moved instance.
 620:C:/Program Files (x86)/Arm GNU Toolchain arm-none-eabi/14.3 rel1/arm-none-eabi/include/c++/14.3.1/bits\stl_vector.h ****        *  The contents of the moved instance are a valid, but unspecified
 621:C:/Program Files (x86)/Arm GNU Toolchain arm-none-eabi/14.3 rel1/arm-none-eabi/include/c++/14.3.1/bits\stl_vector.h ****        *  %vector.
 622:C:/Program Files (x86)/Arm GNU Toolchain arm-none-eabi/14.3 rel1/arm-none-eabi/include/c++/14.3.1/bits\stl_vector.h ****        */
 623:C:/Program Files (x86)/Arm GNU Toolchain arm-none-eabi/14.3 rel1/arm-none-eabi/include/c++/14.3.1/bits\stl_vector.h ****       vector(vector&&) noexcept = default;
 624:C:/Program Files (x86)/Arm GNU Toolchain arm-none-eabi/14.3 rel1/arm-none-eabi/include/c++/14.3.1/bits\stl_vector.h **** 
 625:C:/Program Files (x86)/Arm GNU Toolchain arm-none-eabi/14.3 rel1/arm-none-eabi/include/c++/14.3.1/bits\stl_vector.h ****       /// Copy constructor with alternative allocator
 626:C:/Program Files (x86)/Arm GNU Toolchain arm-none-eabi/14.3 rel1/arm-none-eabi/include/c++/14.3.1/bits\stl_vector.h ****       _GLIBCXX20_CONSTEXPR
 627:C:/Program Files (x86)/Arm GNU Toolchain arm-none-eabi/14.3 rel1/arm-none-eabi/include/c++/14.3.1/bits\stl_vector.h ****       vector(const vector& __x, const __type_identity_t<allocator_type>& __a)
 628:C:/Program Files (x86)/Arm GNU Toolchain arm-none-eabi/14.3 rel1/arm-none-eabi/include/c++/14.3.1/bits\stl_vector.h ****       : _Base(__x.size(), __a)
 629:C:/Program Files (x86)/Arm GNU Toolchain arm-none-eabi/14.3 rel1/arm-none-eabi/include/c++/14.3.1/bits\stl_vector.h ****       {
 630:C:/Program Files (x86)/Arm GNU Toolchain arm-none-eabi/14.3 rel1/arm-none-eabi/include/c++/14.3.1/bits\stl_vector.h **** 	this->_M_impl._M_finish =
 631:C:/Program Files (x86)/Arm GNU Toolchain arm-none-eabi/14.3 rel1/arm-none-eabi/include/c++/14.3.1/bits\stl_vector.h **** 	  std::__uninitialized_copy_a(__x.begin(), __x.end(),
 632:C:/Program Files (x86)/Arm GNU Toolchain arm-none-eabi/14.3 rel1/arm-none-eabi/include/c++/14.3.1/bits\stl_vector.h **** 				      this->_M_impl._M_start,
 633:C:/Program Files (x86)/Arm GNU Toolchain arm-none-eabi/14.3 rel1/arm-none-eabi/include/c++/14.3.1/bits\stl_vector.h **** 				      _M_get_Tp_allocator());
 634:C:/Program Files (x86)/Arm GNU Toolchain arm-none-eabi/14.3 rel1/arm-none-eabi/include/c++/14.3.1/bits\stl_vector.h ****       }
 635:C:/Program Files (x86)/Arm GNU Toolchain arm-none-eabi/14.3 rel1/arm-none-eabi/include/c++/14.3.1/bits\stl_vector.h **** 
 636:C:/Program Files (x86)/Arm GNU Toolchain arm-none-eabi/14.3 rel1/arm-none-eabi/include/c++/14.3.1/bits\stl_vector.h ****     private:
ARM GAS  C:\Users\Oliver\AppData\Local\Temp\ccAPLW26.s 			page 27


 637:C:/Program Files (x86)/Arm GNU Toolchain arm-none-eabi/14.3 rel1/arm-none-eabi/include/c++/14.3.1/bits\stl_vector.h ****       _GLIBCXX20_CONSTEXPR
 638:C:/Program Files (x86)/Arm GNU Toolchain arm-none-eabi/14.3 rel1/arm-none-eabi/include/c++/14.3.1/bits\stl_vector.h ****       vector(vector&& __rv, const allocator_type& __m, true_type) noexcept
 639:C:/Program Files (x86)/Arm GNU Toolchain arm-none-eabi/14.3 rel1/arm-none-eabi/include/c++/14.3.1/bits\stl_vector.h ****       : _Base(__m, std::move(__rv))
 640:C:/Program Files (x86)/Arm GNU Toolchain arm-none-eabi/14.3 rel1/arm-none-eabi/include/c++/14.3.1/bits\stl_vector.h ****       { }
 641:C:/Program Files (x86)/Arm GNU Toolchain arm-none-eabi/14.3 rel1/arm-none-eabi/include/c++/14.3.1/bits\stl_vector.h **** 
 642:C:/Program Files (x86)/Arm GNU Toolchain arm-none-eabi/14.3 rel1/arm-none-eabi/include/c++/14.3.1/bits\stl_vector.h ****       _GLIBCXX20_CONSTEXPR
 643:C:/Program Files (x86)/Arm GNU Toolchain arm-none-eabi/14.3 rel1/arm-none-eabi/include/c++/14.3.1/bits\stl_vector.h ****       vector(vector&& __rv, const allocator_type& __m, false_type)
 644:C:/Program Files (x86)/Arm GNU Toolchain arm-none-eabi/14.3 rel1/arm-none-eabi/include/c++/14.3.1/bits\stl_vector.h ****       : _Base(__m)
 645:C:/Program Files (x86)/Arm GNU Toolchain arm-none-eabi/14.3 rel1/arm-none-eabi/include/c++/14.3.1/bits\stl_vector.h ****       {
 646:C:/Program Files (x86)/Arm GNU Toolchain arm-none-eabi/14.3 rel1/arm-none-eabi/include/c++/14.3.1/bits\stl_vector.h **** 	if (__rv.get_allocator() == __m)
 647:C:/Program Files (x86)/Arm GNU Toolchain arm-none-eabi/14.3 rel1/arm-none-eabi/include/c++/14.3.1/bits\stl_vector.h **** 	  this->_M_impl._M_swap_data(__rv._M_impl);
 648:C:/Program Files (x86)/Arm GNU Toolchain arm-none-eabi/14.3 rel1/arm-none-eabi/include/c++/14.3.1/bits\stl_vector.h **** 	else if (!__rv.empty())
 649:C:/Program Files (x86)/Arm GNU Toolchain arm-none-eabi/14.3 rel1/arm-none-eabi/include/c++/14.3.1/bits\stl_vector.h **** 	  {
 650:C:/Program Files (x86)/Arm GNU Toolchain arm-none-eabi/14.3 rel1/arm-none-eabi/include/c++/14.3.1/bits\stl_vector.h **** 	    this->_M_create_storage(__rv.size());
 651:C:/Program Files (x86)/Arm GNU Toolchain arm-none-eabi/14.3 rel1/arm-none-eabi/include/c++/14.3.1/bits\stl_vector.h **** 	    this->_M_impl._M_finish =
 652:C:/Program Files (x86)/Arm GNU Toolchain arm-none-eabi/14.3 rel1/arm-none-eabi/include/c++/14.3.1/bits\stl_vector.h **** 	      std::__uninitialized_move_a(__rv.begin(), __rv.end(),
 653:C:/Program Files (x86)/Arm GNU Toolchain arm-none-eabi/14.3 rel1/arm-none-eabi/include/c++/14.3.1/bits\stl_vector.h **** 					  this->_M_impl._M_start,
 654:C:/Program Files (x86)/Arm GNU Toolchain arm-none-eabi/14.3 rel1/arm-none-eabi/include/c++/14.3.1/bits\stl_vector.h **** 					  _M_get_Tp_allocator());
 655:C:/Program Files (x86)/Arm GNU Toolchain arm-none-eabi/14.3 rel1/arm-none-eabi/include/c++/14.3.1/bits\stl_vector.h **** 	    __rv.clear();
 656:C:/Program Files (x86)/Arm GNU Toolchain arm-none-eabi/14.3 rel1/arm-none-eabi/include/c++/14.3.1/bits\stl_vector.h **** 	  }
 657:C:/Program Files (x86)/Arm GNU Toolchain arm-none-eabi/14.3 rel1/arm-none-eabi/include/c++/14.3.1/bits\stl_vector.h ****       }
 658:C:/Program Files (x86)/Arm GNU Toolchain arm-none-eabi/14.3 rel1/arm-none-eabi/include/c++/14.3.1/bits\stl_vector.h **** 
 659:C:/Program Files (x86)/Arm GNU Toolchain arm-none-eabi/14.3 rel1/arm-none-eabi/include/c++/14.3.1/bits\stl_vector.h ****     public:
 660:C:/Program Files (x86)/Arm GNU Toolchain arm-none-eabi/14.3 rel1/arm-none-eabi/include/c++/14.3.1/bits\stl_vector.h ****       /// Move constructor with alternative allocator
 661:C:/Program Files (x86)/Arm GNU Toolchain arm-none-eabi/14.3 rel1/arm-none-eabi/include/c++/14.3.1/bits\stl_vector.h ****       _GLIBCXX20_CONSTEXPR
 662:C:/Program Files (x86)/Arm GNU Toolchain arm-none-eabi/14.3 rel1/arm-none-eabi/include/c++/14.3.1/bits\stl_vector.h ****       vector(vector&& __rv, const __type_identity_t<allocator_type>& __m)
 663:C:/Program Files (x86)/Arm GNU Toolchain arm-none-eabi/14.3 rel1/arm-none-eabi/include/c++/14.3.1/bits\stl_vector.h ****       noexcept( noexcept(
 664:C:/Program Files (x86)/Arm GNU Toolchain arm-none-eabi/14.3 rel1/arm-none-eabi/include/c++/14.3.1/bits\stl_vector.h **** 	vector(std::declval<vector&&>(), std::declval<const allocator_type&>(),
 665:C:/Program Files (x86)/Arm GNU Toolchain arm-none-eabi/14.3 rel1/arm-none-eabi/include/c++/14.3.1/bits\stl_vector.h **** 	       std::declval<typename _Alloc_traits::is_always_equal>())) )
 666:C:/Program Files (x86)/Arm GNU Toolchain arm-none-eabi/14.3 rel1/arm-none-eabi/include/c++/14.3.1/bits\stl_vector.h ****       : vector(std::move(__rv), __m, typename _Alloc_traits::is_always_equal{})
 667:C:/Program Files (x86)/Arm GNU Toolchain arm-none-eabi/14.3 rel1/arm-none-eabi/include/c++/14.3.1/bits\stl_vector.h ****       { }
 668:C:/Program Files (x86)/Arm GNU Toolchain arm-none-eabi/14.3 rel1/arm-none-eabi/include/c++/14.3.1/bits\stl_vector.h **** 
 669:C:/Program Files (x86)/Arm GNU Toolchain arm-none-eabi/14.3 rel1/arm-none-eabi/include/c++/14.3.1/bits\stl_vector.h ****       /**
 670:C:/Program Files (x86)/Arm GNU Toolchain arm-none-eabi/14.3 rel1/arm-none-eabi/include/c++/14.3.1/bits\stl_vector.h ****        *  @brief  Builds a %vector from an initializer list.
 671:C:/Program Files (x86)/Arm GNU Toolchain arm-none-eabi/14.3 rel1/arm-none-eabi/include/c++/14.3.1/bits\stl_vector.h ****        *  @param  __l  An initializer_list.
 672:C:/Program Files (x86)/Arm GNU Toolchain arm-none-eabi/14.3 rel1/arm-none-eabi/include/c++/14.3.1/bits\stl_vector.h ****        *  @param  __a  An allocator.
 673:C:/Program Files (x86)/Arm GNU Toolchain arm-none-eabi/14.3 rel1/arm-none-eabi/include/c++/14.3.1/bits\stl_vector.h ****        *
 674:C:/Program Files (x86)/Arm GNU Toolchain arm-none-eabi/14.3 rel1/arm-none-eabi/include/c++/14.3.1/bits\stl_vector.h ****        *  Create a %vector consisting of copies of the elements in the
 675:C:/Program Files (x86)/Arm GNU Toolchain arm-none-eabi/14.3 rel1/arm-none-eabi/include/c++/14.3.1/bits\stl_vector.h ****        *  initializer_list @a __l.
 676:C:/Program Files (x86)/Arm GNU Toolchain arm-none-eabi/14.3 rel1/arm-none-eabi/include/c++/14.3.1/bits\stl_vector.h ****        *
 677:C:/Program Files (x86)/Arm GNU Toolchain arm-none-eabi/14.3 rel1/arm-none-eabi/include/c++/14.3.1/bits\stl_vector.h ****        *  This will call the element type's copy constructor N times
 678:C:/Program Files (x86)/Arm GNU Toolchain arm-none-eabi/14.3 rel1/arm-none-eabi/include/c++/14.3.1/bits\stl_vector.h ****        *  (where N is @a __l.size()) and do no memory reallocation.
 679:C:/Program Files (x86)/Arm GNU Toolchain arm-none-eabi/14.3 rel1/arm-none-eabi/include/c++/14.3.1/bits\stl_vector.h ****        */
 680:C:/Program Files (x86)/Arm GNU Toolchain arm-none-eabi/14.3 rel1/arm-none-eabi/include/c++/14.3.1/bits\stl_vector.h ****       _GLIBCXX20_CONSTEXPR
 681:C:/Program Files (x86)/Arm GNU Toolchain arm-none-eabi/14.3 rel1/arm-none-eabi/include/c++/14.3.1/bits\stl_vector.h ****       vector(initializer_list<value_type> __l,
 682:C:/Program Files (x86)/Arm GNU Toolchain arm-none-eabi/14.3 rel1/arm-none-eabi/include/c++/14.3.1/bits\stl_vector.h **** 	     const allocator_type& __a = allocator_type())
 683:C:/Program Files (x86)/Arm GNU Toolchain arm-none-eabi/14.3 rel1/arm-none-eabi/include/c++/14.3.1/bits\stl_vector.h ****       : _Base(__a)
 684:C:/Program Files (x86)/Arm GNU Toolchain arm-none-eabi/14.3 rel1/arm-none-eabi/include/c++/14.3.1/bits\stl_vector.h ****       {
 685:C:/Program Files (x86)/Arm GNU Toolchain arm-none-eabi/14.3 rel1/arm-none-eabi/include/c++/14.3.1/bits\stl_vector.h **** 	_M_range_initialize_n(__l.begin(), __l.end(), __l.size());
 686:C:/Program Files (x86)/Arm GNU Toolchain arm-none-eabi/14.3 rel1/arm-none-eabi/include/c++/14.3.1/bits\stl_vector.h ****       }
 687:C:/Program Files (x86)/Arm GNU Toolchain arm-none-eabi/14.3 rel1/arm-none-eabi/include/c++/14.3.1/bits\stl_vector.h **** #endif
 688:C:/Program Files (x86)/Arm GNU Toolchain arm-none-eabi/14.3 rel1/arm-none-eabi/include/c++/14.3.1/bits\stl_vector.h **** 
 689:C:/Program Files (x86)/Arm GNU Toolchain arm-none-eabi/14.3 rel1/arm-none-eabi/include/c++/14.3.1/bits\stl_vector.h ****       /**
 690:C:/Program Files (x86)/Arm GNU Toolchain arm-none-eabi/14.3 rel1/arm-none-eabi/include/c++/14.3.1/bits\stl_vector.h ****        *  @brief  Builds a %vector from a range.
 691:C:/Program Files (x86)/Arm GNU Toolchain arm-none-eabi/14.3 rel1/arm-none-eabi/include/c++/14.3.1/bits\stl_vector.h ****        *  @param  __first  An input iterator.
 692:C:/Program Files (x86)/Arm GNU Toolchain arm-none-eabi/14.3 rel1/arm-none-eabi/include/c++/14.3.1/bits\stl_vector.h ****        *  @param  __last  An input iterator.
 693:C:/Program Files (x86)/Arm GNU Toolchain arm-none-eabi/14.3 rel1/arm-none-eabi/include/c++/14.3.1/bits\stl_vector.h ****        *  @param  __a  An allocator.
ARM GAS  C:\Users\Oliver\AppData\Local\Temp\ccAPLW26.s 			page 28


 694:C:/Program Files (x86)/Arm GNU Toolchain arm-none-eabi/14.3 rel1/arm-none-eabi/include/c++/14.3.1/bits\stl_vector.h ****        *
 695:C:/Program Files (x86)/Arm GNU Toolchain arm-none-eabi/14.3 rel1/arm-none-eabi/include/c++/14.3.1/bits\stl_vector.h ****        *  Create a %vector consisting of copies of the elements from
 696:C:/Program Files (x86)/Arm GNU Toolchain arm-none-eabi/14.3 rel1/arm-none-eabi/include/c++/14.3.1/bits\stl_vector.h ****        *  [first,last).
 697:C:/Program Files (x86)/Arm GNU Toolchain arm-none-eabi/14.3 rel1/arm-none-eabi/include/c++/14.3.1/bits\stl_vector.h ****        *
 698:C:/Program Files (x86)/Arm GNU Toolchain arm-none-eabi/14.3 rel1/arm-none-eabi/include/c++/14.3.1/bits\stl_vector.h ****        *  If the iterators are forward, bidirectional, or
 699:C:/Program Files (x86)/Arm GNU Toolchain arm-none-eabi/14.3 rel1/arm-none-eabi/include/c++/14.3.1/bits\stl_vector.h ****        *  random-access, then this will call the elements' copy
 700:C:/Program Files (x86)/Arm GNU Toolchain arm-none-eabi/14.3 rel1/arm-none-eabi/include/c++/14.3.1/bits\stl_vector.h ****        *  constructor N times (where N is distance(first,last)) and do
 701:C:/Program Files (x86)/Arm GNU Toolchain arm-none-eabi/14.3 rel1/arm-none-eabi/include/c++/14.3.1/bits\stl_vector.h ****        *  no memory reallocation.  But if only input iterators are
 702:C:/Program Files (x86)/Arm GNU Toolchain arm-none-eabi/14.3 rel1/arm-none-eabi/include/c++/14.3.1/bits\stl_vector.h ****        *  used, then this will do at most 2N calls to the copy
 703:C:/Program Files (x86)/Arm GNU Toolchain arm-none-eabi/14.3 rel1/arm-none-eabi/include/c++/14.3.1/bits\stl_vector.h ****        *  constructor, and logN memory reallocations.
 704:C:/Program Files (x86)/Arm GNU Toolchain arm-none-eabi/14.3 rel1/arm-none-eabi/include/c++/14.3.1/bits\stl_vector.h ****        */
 705:C:/Program Files (x86)/Arm GNU Toolchain arm-none-eabi/14.3 rel1/arm-none-eabi/include/c++/14.3.1/bits\stl_vector.h **** #if __cplusplus >= 201103L
 706:C:/Program Files (x86)/Arm GNU Toolchain arm-none-eabi/14.3 rel1/arm-none-eabi/include/c++/14.3.1/bits\stl_vector.h ****       template<typename _InputIterator,
 707:C:/Program Files (x86)/Arm GNU Toolchain arm-none-eabi/14.3 rel1/arm-none-eabi/include/c++/14.3.1/bits\stl_vector.h **** 	       typename = std::_RequireInputIter<_InputIterator>>
 708:C:/Program Files (x86)/Arm GNU Toolchain arm-none-eabi/14.3 rel1/arm-none-eabi/include/c++/14.3.1/bits\stl_vector.h **** 	_GLIBCXX20_CONSTEXPR
 709:C:/Program Files (x86)/Arm GNU Toolchain arm-none-eabi/14.3 rel1/arm-none-eabi/include/c++/14.3.1/bits\stl_vector.h **** 	vector(_InputIterator __first, _InputIterator __last,
 710:C:/Program Files (x86)/Arm GNU Toolchain arm-none-eabi/14.3 rel1/arm-none-eabi/include/c++/14.3.1/bits\stl_vector.h **** 	       const allocator_type& __a = allocator_type())
 711:C:/Program Files (x86)/Arm GNU Toolchain arm-none-eabi/14.3 rel1/arm-none-eabi/include/c++/14.3.1/bits\stl_vector.h **** 	: _Base(__a)
 712:C:/Program Files (x86)/Arm GNU Toolchain arm-none-eabi/14.3 rel1/arm-none-eabi/include/c++/14.3.1/bits\stl_vector.h **** 	{
 713:C:/Program Files (x86)/Arm GNU Toolchain arm-none-eabi/14.3 rel1/arm-none-eabi/include/c++/14.3.1/bits\stl_vector.h **** #if __glibcxx_concepts // C++ >= C++20
 714:C:/Program Files (x86)/Arm GNU Toolchain arm-none-eabi/14.3 rel1/arm-none-eabi/include/c++/14.3.1/bits\stl_vector.h **** 	  if constexpr (sized_sentinel_for<_InputIterator, _InputIterator>
 715:C:/Program Files (x86)/Arm GNU Toolchain arm-none-eabi/14.3 rel1/arm-none-eabi/include/c++/14.3.1/bits\stl_vector.h **** 			  || forward_iterator<_InputIterator>)
 716:C:/Program Files (x86)/Arm GNU Toolchain arm-none-eabi/14.3 rel1/arm-none-eabi/include/c++/14.3.1/bits\stl_vector.h **** 	    {
 717:C:/Program Files (x86)/Arm GNU Toolchain arm-none-eabi/14.3 rel1/arm-none-eabi/include/c++/14.3.1/bits\stl_vector.h **** 	      const auto __n
 718:C:/Program Files (x86)/Arm GNU Toolchain arm-none-eabi/14.3 rel1/arm-none-eabi/include/c++/14.3.1/bits\stl_vector.h **** 		= static_cast<size_type>(ranges::distance(__first, __last));
 719:C:/Program Files (x86)/Arm GNU Toolchain arm-none-eabi/14.3 rel1/arm-none-eabi/include/c++/14.3.1/bits\stl_vector.h **** 	      _M_range_initialize_n(__first, __last, __n);
 720:C:/Program Files (x86)/Arm GNU Toolchain arm-none-eabi/14.3 rel1/arm-none-eabi/include/c++/14.3.1/bits\stl_vector.h **** 	      return;
 721:C:/Program Files (x86)/Arm GNU Toolchain arm-none-eabi/14.3 rel1/arm-none-eabi/include/c++/14.3.1/bits\stl_vector.h **** 	    }
 722:C:/Program Files (x86)/Arm GNU Toolchain arm-none-eabi/14.3 rel1/arm-none-eabi/include/c++/14.3.1/bits\stl_vector.h **** 	  else
 723:C:/Program Files (x86)/Arm GNU Toolchain arm-none-eabi/14.3 rel1/arm-none-eabi/include/c++/14.3.1/bits\stl_vector.h **** #endif
 724:C:/Program Files (x86)/Arm GNU Toolchain arm-none-eabi/14.3 rel1/arm-none-eabi/include/c++/14.3.1/bits\stl_vector.h **** 	  _M_range_initialize(__first, __last,
 725:C:/Program Files (x86)/Arm GNU Toolchain arm-none-eabi/14.3 rel1/arm-none-eabi/include/c++/14.3.1/bits\stl_vector.h **** 			      std::__iterator_category(__first));
 726:C:/Program Files (x86)/Arm GNU Toolchain arm-none-eabi/14.3 rel1/arm-none-eabi/include/c++/14.3.1/bits\stl_vector.h **** 	}
 727:C:/Program Files (x86)/Arm GNU Toolchain arm-none-eabi/14.3 rel1/arm-none-eabi/include/c++/14.3.1/bits\stl_vector.h **** #else
 728:C:/Program Files (x86)/Arm GNU Toolchain arm-none-eabi/14.3 rel1/arm-none-eabi/include/c++/14.3.1/bits\stl_vector.h ****       template<typename _InputIterator>
 729:C:/Program Files (x86)/Arm GNU Toolchain arm-none-eabi/14.3 rel1/arm-none-eabi/include/c++/14.3.1/bits\stl_vector.h **** 	vector(_InputIterator __first, _InputIterator __last,
 730:C:/Program Files (x86)/Arm GNU Toolchain arm-none-eabi/14.3 rel1/arm-none-eabi/include/c++/14.3.1/bits\stl_vector.h **** 	       const allocator_type& __a = allocator_type())
 731:C:/Program Files (x86)/Arm GNU Toolchain arm-none-eabi/14.3 rel1/arm-none-eabi/include/c++/14.3.1/bits\stl_vector.h **** 	: _Base(__a)
 732:C:/Program Files (x86)/Arm GNU Toolchain arm-none-eabi/14.3 rel1/arm-none-eabi/include/c++/14.3.1/bits\stl_vector.h **** 	{
 733:C:/Program Files (x86)/Arm GNU Toolchain arm-none-eabi/14.3 rel1/arm-none-eabi/include/c++/14.3.1/bits\stl_vector.h **** 	  // Check whether it's an integral type.  If so, it's not an iterator.
 734:C:/Program Files (x86)/Arm GNU Toolchain arm-none-eabi/14.3 rel1/arm-none-eabi/include/c++/14.3.1/bits\stl_vector.h **** 	  typedef typename std::__is_integer<_InputIterator>::__type _Integral;
 735:C:/Program Files (x86)/Arm GNU Toolchain arm-none-eabi/14.3 rel1/arm-none-eabi/include/c++/14.3.1/bits\stl_vector.h **** 	  _M_initialize_dispatch(__first, __last, _Integral());
 736:C:/Program Files (x86)/Arm GNU Toolchain arm-none-eabi/14.3 rel1/arm-none-eabi/include/c++/14.3.1/bits\stl_vector.h **** 	}
 737:C:/Program Files (x86)/Arm GNU Toolchain arm-none-eabi/14.3 rel1/arm-none-eabi/include/c++/14.3.1/bits\stl_vector.h **** #endif
 738:C:/Program Files (x86)/Arm GNU Toolchain arm-none-eabi/14.3 rel1/arm-none-eabi/include/c++/14.3.1/bits\stl_vector.h **** 
 739:C:/Program Files (x86)/Arm GNU Toolchain arm-none-eabi/14.3 rel1/arm-none-eabi/include/c++/14.3.1/bits\stl_vector.h ****       /**
 740:C:/Program Files (x86)/Arm GNU Toolchain arm-none-eabi/14.3 rel1/arm-none-eabi/include/c++/14.3.1/bits\stl_vector.h ****        *  The dtor only erases the elements, and note that if the
 741:C:/Program Files (x86)/Arm GNU Toolchain arm-none-eabi/14.3 rel1/arm-none-eabi/include/c++/14.3.1/bits\stl_vector.h ****        *  elements themselves are pointers, the pointed-to memory is
 742:C:/Program Files (x86)/Arm GNU Toolchain arm-none-eabi/14.3 rel1/arm-none-eabi/include/c++/14.3.1/bits\stl_vector.h ****        *  not touched in any way.  Managing the pointer is the user's
 743:C:/Program Files (x86)/Arm GNU Toolchain arm-none-eabi/14.3 rel1/arm-none-eabi/include/c++/14.3.1/bits\stl_vector.h ****        *  responsibility.
 744:C:/Program Files (x86)/Arm GNU Toolchain arm-none-eabi/14.3 rel1/arm-none-eabi/include/c++/14.3.1/bits\stl_vector.h ****        */
 745:C:/Program Files (x86)/Arm GNU Toolchain arm-none-eabi/14.3 rel1/arm-none-eabi/include/c++/14.3.1/bits\stl_vector.h ****       _GLIBCXX20_CONSTEXPR
 746:C:/Program Files (x86)/Arm GNU Toolchain arm-none-eabi/14.3 rel1/arm-none-eabi/include/c++/14.3.1/bits\stl_vector.h ****       ~vector() _GLIBCXX_NOEXCEPT
 747:C:/Program Files (x86)/Arm GNU Toolchain arm-none-eabi/14.3 rel1/arm-none-eabi/include/c++/14.3.1/bits\stl_vector.h ****       {
 748:C:/Program Files (x86)/Arm GNU Toolchain arm-none-eabi/14.3 rel1/arm-none-eabi/include/c++/14.3.1/bits\stl_vector.h **** 	std::_Destroy(this->_M_impl._M_start, this->_M_impl._M_finish,
 749:C:/Program Files (x86)/Arm GNU Toolchain arm-none-eabi/14.3 rel1/arm-none-eabi/include/c++/14.3.1/bits\stl_vector.h **** 		      _M_get_Tp_allocator());
 750:C:/Program Files (x86)/Arm GNU Toolchain arm-none-eabi/14.3 rel1/arm-none-eabi/include/c++/14.3.1/bits\stl_vector.h **** 	_GLIBCXX_ASAN_ANNOTATE_BEFORE_DEALLOC;
ARM GAS  C:\Users\Oliver\AppData\Local\Temp\ccAPLW26.s 			page 29


 751:C:/Program Files (x86)/Arm GNU Toolchain arm-none-eabi/14.3 rel1/arm-none-eabi/include/c++/14.3.1/bits\stl_vector.h ****       }
 752:C:/Program Files (x86)/Arm GNU Toolchain arm-none-eabi/14.3 rel1/arm-none-eabi/include/c++/14.3.1/bits\stl_vector.h **** 
 753:C:/Program Files (x86)/Arm GNU Toolchain arm-none-eabi/14.3 rel1/arm-none-eabi/include/c++/14.3.1/bits\stl_vector.h ****       /**
 754:C:/Program Files (x86)/Arm GNU Toolchain arm-none-eabi/14.3 rel1/arm-none-eabi/include/c++/14.3.1/bits\stl_vector.h ****        *  @brief  %Vector assignment operator.
 755:C:/Program Files (x86)/Arm GNU Toolchain arm-none-eabi/14.3 rel1/arm-none-eabi/include/c++/14.3.1/bits\stl_vector.h ****        *  @param  __x  A %vector of identical element and allocator types.
 756:C:/Program Files (x86)/Arm GNU Toolchain arm-none-eabi/14.3 rel1/arm-none-eabi/include/c++/14.3.1/bits\stl_vector.h ****        *
 757:C:/Program Files (x86)/Arm GNU Toolchain arm-none-eabi/14.3 rel1/arm-none-eabi/include/c++/14.3.1/bits\stl_vector.h ****        *  All the elements of @a __x are copied, but any unused capacity in
 758:C:/Program Files (x86)/Arm GNU Toolchain arm-none-eabi/14.3 rel1/arm-none-eabi/include/c++/14.3.1/bits\stl_vector.h ****        *  @a __x will not be copied.
 759:C:/Program Files (x86)/Arm GNU Toolchain arm-none-eabi/14.3 rel1/arm-none-eabi/include/c++/14.3.1/bits\stl_vector.h ****        *
 760:C:/Program Files (x86)/Arm GNU Toolchain arm-none-eabi/14.3 rel1/arm-none-eabi/include/c++/14.3.1/bits\stl_vector.h ****        *  Whether the allocator is copied depends on the allocator traits.
 761:C:/Program Files (x86)/Arm GNU Toolchain arm-none-eabi/14.3 rel1/arm-none-eabi/include/c++/14.3.1/bits\stl_vector.h ****        */
 762:C:/Program Files (x86)/Arm GNU Toolchain arm-none-eabi/14.3 rel1/arm-none-eabi/include/c++/14.3.1/bits\stl_vector.h ****       _GLIBCXX20_CONSTEXPR
 763:C:/Program Files (x86)/Arm GNU Toolchain arm-none-eabi/14.3 rel1/arm-none-eabi/include/c++/14.3.1/bits\stl_vector.h ****       vector&
 764:C:/Program Files (x86)/Arm GNU Toolchain arm-none-eabi/14.3 rel1/arm-none-eabi/include/c++/14.3.1/bits\stl_vector.h ****       operator=(const vector& __x);
 765:C:/Program Files (x86)/Arm GNU Toolchain arm-none-eabi/14.3 rel1/arm-none-eabi/include/c++/14.3.1/bits\stl_vector.h **** 
 766:C:/Program Files (x86)/Arm GNU Toolchain arm-none-eabi/14.3 rel1/arm-none-eabi/include/c++/14.3.1/bits\stl_vector.h **** #if __cplusplus >= 201103L
 767:C:/Program Files (x86)/Arm GNU Toolchain arm-none-eabi/14.3 rel1/arm-none-eabi/include/c++/14.3.1/bits\stl_vector.h ****       /**
 768:C:/Program Files (x86)/Arm GNU Toolchain arm-none-eabi/14.3 rel1/arm-none-eabi/include/c++/14.3.1/bits\stl_vector.h ****        *  @brief  %Vector move assignment operator.
 769:C:/Program Files (x86)/Arm GNU Toolchain arm-none-eabi/14.3 rel1/arm-none-eabi/include/c++/14.3.1/bits\stl_vector.h ****        *  @param  __x  A %vector of identical element and allocator types.
 770:C:/Program Files (x86)/Arm GNU Toolchain arm-none-eabi/14.3 rel1/arm-none-eabi/include/c++/14.3.1/bits\stl_vector.h ****        *
 771:C:/Program Files (x86)/Arm GNU Toolchain arm-none-eabi/14.3 rel1/arm-none-eabi/include/c++/14.3.1/bits\stl_vector.h ****        *  The contents of @a __x are moved into this %vector (without copying,
 772:C:/Program Files (x86)/Arm GNU Toolchain arm-none-eabi/14.3 rel1/arm-none-eabi/include/c++/14.3.1/bits\stl_vector.h ****        *  if the allocators permit it).
 773:C:/Program Files (x86)/Arm GNU Toolchain arm-none-eabi/14.3 rel1/arm-none-eabi/include/c++/14.3.1/bits\stl_vector.h ****        *  Afterwards @a __x is a valid, but unspecified %vector.
 774:C:/Program Files (x86)/Arm GNU Toolchain arm-none-eabi/14.3 rel1/arm-none-eabi/include/c++/14.3.1/bits\stl_vector.h ****        *
 775:C:/Program Files (x86)/Arm GNU Toolchain arm-none-eabi/14.3 rel1/arm-none-eabi/include/c++/14.3.1/bits\stl_vector.h ****        *  Whether the allocator is moved depends on the allocator traits.
 776:C:/Program Files (x86)/Arm GNU Toolchain arm-none-eabi/14.3 rel1/arm-none-eabi/include/c++/14.3.1/bits\stl_vector.h ****        */
 777:C:/Program Files (x86)/Arm GNU Toolchain arm-none-eabi/14.3 rel1/arm-none-eabi/include/c++/14.3.1/bits\stl_vector.h ****       _GLIBCXX20_CONSTEXPR
 778:C:/Program Files (x86)/Arm GNU Toolchain arm-none-eabi/14.3 rel1/arm-none-eabi/include/c++/14.3.1/bits\stl_vector.h ****       vector&
 779:C:/Program Files (x86)/Arm GNU Toolchain arm-none-eabi/14.3 rel1/arm-none-eabi/include/c++/14.3.1/bits\stl_vector.h ****       operator=(vector&& __x) noexcept(_Alloc_traits::_S_nothrow_move())
 780:C:/Program Files (x86)/Arm GNU Toolchain arm-none-eabi/14.3 rel1/arm-none-eabi/include/c++/14.3.1/bits\stl_vector.h ****       {
 781:C:/Program Files (x86)/Arm GNU Toolchain arm-none-eabi/14.3 rel1/arm-none-eabi/include/c++/14.3.1/bits\stl_vector.h **** 	constexpr bool __move_storage =
 782:C:/Program Files (x86)/Arm GNU Toolchain arm-none-eabi/14.3 rel1/arm-none-eabi/include/c++/14.3.1/bits\stl_vector.h **** 	  _Alloc_traits::_S_propagate_on_move_assign()
 783:C:/Program Files (x86)/Arm GNU Toolchain arm-none-eabi/14.3 rel1/arm-none-eabi/include/c++/14.3.1/bits\stl_vector.h **** 	  || _Alloc_traits::_S_always_equal();
 784:C:/Program Files (x86)/Arm GNU Toolchain arm-none-eabi/14.3 rel1/arm-none-eabi/include/c++/14.3.1/bits\stl_vector.h **** 	_M_move_assign(std::move(__x), __bool_constant<__move_storage>());
 785:C:/Program Files (x86)/Arm GNU Toolchain arm-none-eabi/14.3 rel1/arm-none-eabi/include/c++/14.3.1/bits\stl_vector.h **** 	return *this;
 786:C:/Program Files (x86)/Arm GNU Toolchain arm-none-eabi/14.3 rel1/arm-none-eabi/include/c++/14.3.1/bits\stl_vector.h ****       }
 787:C:/Program Files (x86)/Arm GNU Toolchain arm-none-eabi/14.3 rel1/arm-none-eabi/include/c++/14.3.1/bits\stl_vector.h **** 
 788:C:/Program Files (x86)/Arm GNU Toolchain arm-none-eabi/14.3 rel1/arm-none-eabi/include/c++/14.3.1/bits\stl_vector.h ****       /**
 789:C:/Program Files (x86)/Arm GNU Toolchain arm-none-eabi/14.3 rel1/arm-none-eabi/include/c++/14.3.1/bits\stl_vector.h ****        *  @brief  %Vector list assignment operator.
 790:C:/Program Files (x86)/Arm GNU Toolchain arm-none-eabi/14.3 rel1/arm-none-eabi/include/c++/14.3.1/bits\stl_vector.h ****        *  @param  __l  An initializer_list.
 791:C:/Program Files (x86)/Arm GNU Toolchain arm-none-eabi/14.3 rel1/arm-none-eabi/include/c++/14.3.1/bits\stl_vector.h ****        *
 792:C:/Program Files (x86)/Arm GNU Toolchain arm-none-eabi/14.3 rel1/arm-none-eabi/include/c++/14.3.1/bits\stl_vector.h ****        *  This function fills a %vector with copies of the elements in the
 793:C:/Program Files (x86)/Arm GNU Toolchain arm-none-eabi/14.3 rel1/arm-none-eabi/include/c++/14.3.1/bits\stl_vector.h ****        *  initializer list @a __l.
 794:C:/Program Files (x86)/Arm GNU Toolchain arm-none-eabi/14.3 rel1/arm-none-eabi/include/c++/14.3.1/bits\stl_vector.h ****        *
 795:C:/Program Files (x86)/Arm GNU Toolchain arm-none-eabi/14.3 rel1/arm-none-eabi/include/c++/14.3.1/bits\stl_vector.h ****        *  Note that the assignment completely changes the %vector and
 796:C:/Program Files (x86)/Arm GNU Toolchain arm-none-eabi/14.3 rel1/arm-none-eabi/include/c++/14.3.1/bits\stl_vector.h ****        *  that the resulting %vector's size is the same as the number
 797:C:/Program Files (x86)/Arm GNU Toolchain arm-none-eabi/14.3 rel1/arm-none-eabi/include/c++/14.3.1/bits\stl_vector.h ****        *  of elements assigned.
 798:C:/Program Files (x86)/Arm GNU Toolchain arm-none-eabi/14.3 rel1/arm-none-eabi/include/c++/14.3.1/bits\stl_vector.h ****        */
 799:C:/Program Files (x86)/Arm GNU Toolchain arm-none-eabi/14.3 rel1/arm-none-eabi/include/c++/14.3.1/bits\stl_vector.h ****       _GLIBCXX20_CONSTEXPR
 800:C:/Program Files (x86)/Arm GNU Toolchain arm-none-eabi/14.3 rel1/arm-none-eabi/include/c++/14.3.1/bits\stl_vector.h ****       vector&
 801:C:/Program Files (x86)/Arm GNU Toolchain arm-none-eabi/14.3 rel1/arm-none-eabi/include/c++/14.3.1/bits\stl_vector.h ****       operator=(initializer_list<value_type> __l)
 802:C:/Program Files (x86)/Arm GNU Toolchain arm-none-eabi/14.3 rel1/arm-none-eabi/include/c++/14.3.1/bits\stl_vector.h ****       {
 803:C:/Program Files (x86)/Arm GNU Toolchain arm-none-eabi/14.3 rel1/arm-none-eabi/include/c++/14.3.1/bits\stl_vector.h **** 	this->_M_assign_aux(__l.begin(), __l.end(),
 804:C:/Program Files (x86)/Arm GNU Toolchain arm-none-eabi/14.3 rel1/arm-none-eabi/include/c++/14.3.1/bits\stl_vector.h **** 			    random_access_iterator_tag());
 805:C:/Program Files (x86)/Arm GNU Toolchain arm-none-eabi/14.3 rel1/arm-none-eabi/include/c++/14.3.1/bits\stl_vector.h **** 	return *this;
 806:C:/Program Files (x86)/Arm GNU Toolchain arm-none-eabi/14.3 rel1/arm-none-eabi/include/c++/14.3.1/bits\stl_vector.h ****       }
 807:C:/Program Files (x86)/Arm GNU Toolchain arm-none-eabi/14.3 rel1/arm-none-eabi/include/c++/14.3.1/bits\stl_vector.h **** #endif
ARM GAS  C:\Users\Oliver\AppData\Local\Temp\ccAPLW26.s 			page 30


 808:C:/Program Files (x86)/Arm GNU Toolchain arm-none-eabi/14.3 rel1/arm-none-eabi/include/c++/14.3.1/bits\stl_vector.h **** 
 809:C:/Program Files (x86)/Arm GNU Toolchain arm-none-eabi/14.3 rel1/arm-none-eabi/include/c++/14.3.1/bits\stl_vector.h ****       /**
 810:C:/Program Files (x86)/Arm GNU Toolchain arm-none-eabi/14.3 rel1/arm-none-eabi/include/c++/14.3.1/bits\stl_vector.h ****        *  @brief  Assigns a given value to a %vector.
 811:C:/Program Files (x86)/Arm GNU Toolchain arm-none-eabi/14.3 rel1/arm-none-eabi/include/c++/14.3.1/bits\stl_vector.h ****        *  @param  __n  Number of elements to be assigned.
 812:C:/Program Files (x86)/Arm GNU Toolchain arm-none-eabi/14.3 rel1/arm-none-eabi/include/c++/14.3.1/bits\stl_vector.h ****        *  @param  __val  Value to be assigned.
 813:C:/Program Files (x86)/Arm GNU Toolchain arm-none-eabi/14.3 rel1/arm-none-eabi/include/c++/14.3.1/bits\stl_vector.h ****        *
 814:C:/Program Files (x86)/Arm GNU Toolchain arm-none-eabi/14.3 rel1/arm-none-eabi/include/c++/14.3.1/bits\stl_vector.h ****        *  This function fills a %vector with @a __n copies of the given
 815:C:/Program Files (x86)/Arm GNU Toolchain arm-none-eabi/14.3 rel1/arm-none-eabi/include/c++/14.3.1/bits\stl_vector.h ****        *  value.  Note that the assignment completely changes the
 816:C:/Program Files (x86)/Arm GNU Toolchain arm-none-eabi/14.3 rel1/arm-none-eabi/include/c++/14.3.1/bits\stl_vector.h ****        *  %vector and that the resulting %vector's size is the same as
 817:C:/Program Files (x86)/Arm GNU Toolchain arm-none-eabi/14.3 rel1/arm-none-eabi/include/c++/14.3.1/bits\stl_vector.h ****        *  the number of elements assigned.
 818:C:/Program Files (x86)/Arm GNU Toolchain arm-none-eabi/14.3 rel1/arm-none-eabi/include/c++/14.3.1/bits\stl_vector.h ****        */
 819:C:/Program Files (x86)/Arm GNU Toolchain arm-none-eabi/14.3 rel1/arm-none-eabi/include/c++/14.3.1/bits\stl_vector.h ****       _GLIBCXX20_CONSTEXPR
 820:C:/Program Files (x86)/Arm GNU Toolchain arm-none-eabi/14.3 rel1/arm-none-eabi/include/c++/14.3.1/bits\stl_vector.h ****       void
 821:C:/Program Files (x86)/Arm GNU Toolchain arm-none-eabi/14.3 rel1/arm-none-eabi/include/c++/14.3.1/bits\stl_vector.h ****       assign(size_type __n, const value_type& __val)
 822:C:/Program Files (x86)/Arm GNU Toolchain arm-none-eabi/14.3 rel1/arm-none-eabi/include/c++/14.3.1/bits\stl_vector.h ****       { _M_fill_assign(__n, __val); }
 823:C:/Program Files (x86)/Arm GNU Toolchain arm-none-eabi/14.3 rel1/arm-none-eabi/include/c++/14.3.1/bits\stl_vector.h **** 
 824:C:/Program Files (x86)/Arm GNU Toolchain arm-none-eabi/14.3 rel1/arm-none-eabi/include/c++/14.3.1/bits\stl_vector.h ****       /**
 825:C:/Program Files (x86)/Arm GNU Toolchain arm-none-eabi/14.3 rel1/arm-none-eabi/include/c++/14.3.1/bits\stl_vector.h ****        *  @brief  Assigns a range to a %vector.
 826:C:/Program Files (x86)/Arm GNU Toolchain arm-none-eabi/14.3 rel1/arm-none-eabi/include/c++/14.3.1/bits\stl_vector.h ****        *  @param  __first  An input iterator.
 827:C:/Program Files (x86)/Arm GNU Toolchain arm-none-eabi/14.3 rel1/arm-none-eabi/include/c++/14.3.1/bits\stl_vector.h ****        *  @param  __last   An input iterator.
 828:C:/Program Files (x86)/Arm GNU Toolchain arm-none-eabi/14.3 rel1/arm-none-eabi/include/c++/14.3.1/bits\stl_vector.h ****        *
 829:C:/Program Files (x86)/Arm GNU Toolchain arm-none-eabi/14.3 rel1/arm-none-eabi/include/c++/14.3.1/bits\stl_vector.h ****        *  This function fills a %vector with copies of the elements in the
 830:C:/Program Files (x86)/Arm GNU Toolchain arm-none-eabi/14.3 rel1/arm-none-eabi/include/c++/14.3.1/bits\stl_vector.h ****        *  range [__first,__last).
 831:C:/Program Files (x86)/Arm GNU Toolchain arm-none-eabi/14.3 rel1/arm-none-eabi/include/c++/14.3.1/bits\stl_vector.h ****        *
 832:C:/Program Files (x86)/Arm GNU Toolchain arm-none-eabi/14.3 rel1/arm-none-eabi/include/c++/14.3.1/bits\stl_vector.h ****        *  Note that the assignment completely changes the %vector and
 833:C:/Program Files (x86)/Arm GNU Toolchain arm-none-eabi/14.3 rel1/arm-none-eabi/include/c++/14.3.1/bits\stl_vector.h ****        *  that the resulting %vector's size is the same as the number
 834:C:/Program Files (x86)/Arm GNU Toolchain arm-none-eabi/14.3 rel1/arm-none-eabi/include/c++/14.3.1/bits\stl_vector.h ****        *  of elements assigned.
 835:C:/Program Files (x86)/Arm GNU Toolchain arm-none-eabi/14.3 rel1/arm-none-eabi/include/c++/14.3.1/bits\stl_vector.h ****        */
 836:C:/Program Files (x86)/Arm GNU Toolchain arm-none-eabi/14.3 rel1/arm-none-eabi/include/c++/14.3.1/bits\stl_vector.h **** #if __cplusplus >= 201103L
 837:C:/Program Files (x86)/Arm GNU Toolchain arm-none-eabi/14.3 rel1/arm-none-eabi/include/c++/14.3.1/bits\stl_vector.h ****       template<typename _InputIterator,
 838:C:/Program Files (x86)/Arm GNU Toolchain arm-none-eabi/14.3 rel1/arm-none-eabi/include/c++/14.3.1/bits\stl_vector.h **** 	       typename = std::_RequireInputIter<_InputIterator>>
 839:C:/Program Files (x86)/Arm GNU Toolchain arm-none-eabi/14.3 rel1/arm-none-eabi/include/c++/14.3.1/bits\stl_vector.h **** 	_GLIBCXX20_CONSTEXPR
 840:C:/Program Files (x86)/Arm GNU Toolchain arm-none-eabi/14.3 rel1/arm-none-eabi/include/c++/14.3.1/bits\stl_vector.h **** 	void
 841:C:/Program Files (x86)/Arm GNU Toolchain arm-none-eabi/14.3 rel1/arm-none-eabi/include/c++/14.3.1/bits\stl_vector.h **** 	assign(_InputIterator __first, _InputIterator __last)
 842:C:/Program Files (x86)/Arm GNU Toolchain arm-none-eabi/14.3 rel1/arm-none-eabi/include/c++/14.3.1/bits\stl_vector.h **** 	{ _M_assign_aux(__first, __last, std::__iterator_category(__first)); }
 843:C:/Program Files (x86)/Arm GNU Toolchain arm-none-eabi/14.3 rel1/arm-none-eabi/include/c++/14.3.1/bits\stl_vector.h **** #else
 844:C:/Program Files (x86)/Arm GNU Toolchain arm-none-eabi/14.3 rel1/arm-none-eabi/include/c++/14.3.1/bits\stl_vector.h ****       template<typename _InputIterator>
 845:C:/Program Files (x86)/Arm GNU Toolchain arm-none-eabi/14.3 rel1/arm-none-eabi/include/c++/14.3.1/bits\stl_vector.h **** 	void
 846:C:/Program Files (x86)/Arm GNU Toolchain arm-none-eabi/14.3 rel1/arm-none-eabi/include/c++/14.3.1/bits\stl_vector.h **** 	assign(_InputIterator __first, _InputIterator __last)
 847:C:/Program Files (x86)/Arm GNU Toolchain arm-none-eabi/14.3 rel1/arm-none-eabi/include/c++/14.3.1/bits\stl_vector.h **** 	{
 848:C:/Program Files (x86)/Arm GNU Toolchain arm-none-eabi/14.3 rel1/arm-none-eabi/include/c++/14.3.1/bits\stl_vector.h **** 	  // Check whether it's an integral type.  If so, it's not an iterator.
 849:C:/Program Files (x86)/Arm GNU Toolchain arm-none-eabi/14.3 rel1/arm-none-eabi/include/c++/14.3.1/bits\stl_vector.h **** 	  typedef typename std::__is_integer<_InputIterator>::__type _Integral;
 850:C:/Program Files (x86)/Arm GNU Toolchain arm-none-eabi/14.3 rel1/arm-none-eabi/include/c++/14.3.1/bits\stl_vector.h **** 	  _M_assign_dispatch(__first, __last, _Integral());
 851:C:/Program Files (x86)/Arm GNU Toolchain arm-none-eabi/14.3 rel1/arm-none-eabi/include/c++/14.3.1/bits\stl_vector.h **** 	}
 852:C:/Program Files (x86)/Arm GNU Toolchain arm-none-eabi/14.3 rel1/arm-none-eabi/include/c++/14.3.1/bits\stl_vector.h **** #endif
 853:C:/Program Files (x86)/Arm GNU Toolchain arm-none-eabi/14.3 rel1/arm-none-eabi/include/c++/14.3.1/bits\stl_vector.h **** 
 854:C:/Program Files (x86)/Arm GNU Toolchain arm-none-eabi/14.3 rel1/arm-none-eabi/include/c++/14.3.1/bits\stl_vector.h **** #if __cplusplus >= 201103L
 855:C:/Program Files (x86)/Arm GNU Toolchain arm-none-eabi/14.3 rel1/arm-none-eabi/include/c++/14.3.1/bits\stl_vector.h ****       /**
 856:C:/Program Files (x86)/Arm GNU Toolchain arm-none-eabi/14.3 rel1/arm-none-eabi/include/c++/14.3.1/bits\stl_vector.h ****        *  @brief  Assigns an initializer list to a %vector.
 857:C:/Program Files (x86)/Arm GNU Toolchain arm-none-eabi/14.3 rel1/arm-none-eabi/include/c++/14.3.1/bits\stl_vector.h ****        *  @param  __l  An initializer_list.
 858:C:/Program Files (x86)/Arm GNU Toolchain arm-none-eabi/14.3 rel1/arm-none-eabi/include/c++/14.3.1/bits\stl_vector.h ****        *
 859:C:/Program Files (x86)/Arm GNU Toolchain arm-none-eabi/14.3 rel1/arm-none-eabi/include/c++/14.3.1/bits\stl_vector.h ****        *  This function fills a %vector with copies of the elements in the
 860:C:/Program Files (x86)/Arm GNU Toolchain arm-none-eabi/14.3 rel1/arm-none-eabi/include/c++/14.3.1/bits\stl_vector.h ****        *  initializer list @a __l.
 861:C:/Program Files (x86)/Arm GNU Toolchain arm-none-eabi/14.3 rel1/arm-none-eabi/include/c++/14.3.1/bits\stl_vector.h ****        *
 862:C:/Program Files (x86)/Arm GNU Toolchain arm-none-eabi/14.3 rel1/arm-none-eabi/include/c++/14.3.1/bits\stl_vector.h ****        *  Note that the assignment completely changes the %vector and
 863:C:/Program Files (x86)/Arm GNU Toolchain arm-none-eabi/14.3 rel1/arm-none-eabi/include/c++/14.3.1/bits\stl_vector.h ****        *  that the resulting %vector's size is the same as the number
 864:C:/Program Files (x86)/Arm GNU Toolchain arm-none-eabi/14.3 rel1/arm-none-eabi/include/c++/14.3.1/bits\stl_vector.h ****        *  of elements assigned.
ARM GAS  C:\Users\Oliver\AppData\Local\Temp\ccAPLW26.s 			page 31


 865:C:/Program Files (x86)/Arm GNU Toolchain arm-none-eabi/14.3 rel1/arm-none-eabi/include/c++/14.3.1/bits\stl_vector.h ****        */
 866:C:/Program Files (x86)/Arm GNU Toolchain arm-none-eabi/14.3 rel1/arm-none-eabi/include/c++/14.3.1/bits\stl_vector.h ****       _GLIBCXX20_CONSTEXPR
 867:C:/Program Files (x86)/Arm GNU Toolchain arm-none-eabi/14.3 rel1/arm-none-eabi/include/c++/14.3.1/bits\stl_vector.h ****       void
 868:C:/Program Files (x86)/Arm GNU Toolchain arm-none-eabi/14.3 rel1/arm-none-eabi/include/c++/14.3.1/bits\stl_vector.h ****       assign(initializer_list<value_type> __l)
 869:C:/Program Files (x86)/Arm GNU Toolchain arm-none-eabi/14.3 rel1/arm-none-eabi/include/c++/14.3.1/bits\stl_vector.h ****       {
 870:C:/Program Files (x86)/Arm GNU Toolchain arm-none-eabi/14.3 rel1/arm-none-eabi/include/c++/14.3.1/bits\stl_vector.h **** 	this->_M_assign_aux(__l.begin(), __l.end(),
 871:C:/Program Files (x86)/Arm GNU Toolchain arm-none-eabi/14.3 rel1/arm-none-eabi/include/c++/14.3.1/bits\stl_vector.h **** 			    random_access_iterator_tag());
 872:C:/Program Files (x86)/Arm GNU Toolchain arm-none-eabi/14.3 rel1/arm-none-eabi/include/c++/14.3.1/bits\stl_vector.h ****       }
 873:C:/Program Files (x86)/Arm GNU Toolchain arm-none-eabi/14.3 rel1/arm-none-eabi/include/c++/14.3.1/bits\stl_vector.h **** #endif
 874:C:/Program Files (x86)/Arm GNU Toolchain arm-none-eabi/14.3 rel1/arm-none-eabi/include/c++/14.3.1/bits\stl_vector.h **** 
 875:C:/Program Files (x86)/Arm GNU Toolchain arm-none-eabi/14.3 rel1/arm-none-eabi/include/c++/14.3.1/bits\stl_vector.h ****       /// Get a copy of the memory allocation object.
 876:C:/Program Files (x86)/Arm GNU Toolchain arm-none-eabi/14.3 rel1/arm-none-eabi/include/c++/14.3.1/bits\stl_vector.h ****       using _Base::get_allocator;
 877:C:/Program Files (x86)/Arm GNU Toolchain arm-none-eabi/14.3 rel1/arm-none-eabi/include/c++/14.3.1/bits\stl_vector.h **** 
 878:C:/Program Files (x86)/Arm GNU Toolchain arm-none-eabi/14.3 rel1/arm-none-eabi/include/c++/14.3.1/bits\stl_vector.h ****       // iterators
 879:C:/Program Files (x86)/Arm GNU Toolchain arm-none-eabi/14.3 rel1/arm-none-eabi/include/c++/14.3.1/bits\stl_vector.h ****       /**
 880:C:/Program Files (x86)/Arm GNU Toolchain arm-none-eabi/14.3 rel1/arm-none-eabi/include/c++/14.3.1/bits\stl_vector.h ****        *  Returns a read/write iterator that points to the first
 881:C:/Program Files (x86)/Arm GNU Toolchain arm-none-eabi/14.3 rel1/arm-none-eabi/include/c++/14.3.1/bits\stl_vector.h ****        *  element in the %vector.  Iteration is done in ordinary
 882:C:/Program Files (x86)/Arm GNU Toolchain arm-none-eabi/14.3 rel1/arm-none-eabi/include/c++/14.3.1/bits\stl_vector.h ****        *  element order.
 883:C:/Program Files (x86)/Arm GNU Toolchain arm-none-eabi/14.3 rel1/arm-none-eabi/include/c++/14.3.1/bits\stl_vector.h ****        */
 884:C:/Program Files (x86)/Arm GNU Toolchain arm-none-eabi/14.3 rel1/arm-none-eabi/include/c++/14.3.1/bits\stl_vector.h ****       _GLIBCXX_NODISCARD _GLIBCXX20_CONSTEXPR
 885:C:/Program Files (x86)/Arm GNU Toolchain arm-none-eabi/14.3 rel1/arm-none-eabi/include/c++/14.3.1/bits\stl_vector.h ****       iterator
 886:C:/Program Files (x86)/Arm GNU Toolchain arm-none-eabi/14.3 rel1/arm-none-eabi/include/c++/14.3.1/bits\stl_vector.h ****       begin() _GLIBCXX_NOEXCEPT
 887:C:/Program Files (x86)/Arm GNU Toolchain arm-none-eabi/14.3 rel1/arm-none-eabi/include/c++/14.3.1/bits\stl_vector.h ****       { return iterator(this->_M_impl._M_start); }
 888:C:/Program Files (x86)/Arm GNU Toolchain arm-none-eabi/14.3 rel1/arm-none-eabi/include/c++/14.3.1/bits\stl_vector.h **** 
 889:C:/Program Files (x86)/Arm GNU Toolchain arm-none-eabi/14.3 rel1/arm-none-eabi/include/c++/14.3.1/bits\stl_vector.h ****       /**
 890:C:/Program Files (x86)/Arm GNU Toolchain arm-none-eabi/14.3 rel1/arm-none-eabi/include/c++/14.3.1/bits\stl_vector.h ****        *  Returns a read-only (constant) iterator that points to the
 891:C:/Program Files (x86)/Arm GNU Toolchain arm-none-eabi/14.3 rel1/arm-none-eabi/include/c++/14.3.1/bits\stl_vector.h ****        *  first element in the %vector.  Iteration is done in ordinary
 892:C:/Program Files (x86)/Arm GNU Toolchain arm-none-eabi/14.3 rel1/arm-none-eabi/include/c++/14.3.1/bits\stl_vector.h ****        *  element order.
 893:C:/Program Files (x86)/Arm GNU Toolchain arm-none-eabi/14.3 rel1/arm-none-eabi/include/c++/14.3.1/bits\stl_vector.h ****        */
 894:C:/Program Files (x86)/Arm GNU Toolchain arm-none-eabi/14.3 rel1/arm-none-eabi/include/c++/14.3.1/bits\stl_vector.h ****       _GLIBCXX_NODISCARD _GLIBCXX20_CONSTEXPR
 895:C:/Program Files (x86)/Arm GNU Toolchain arm-none-eabi/14.3 rel1/arm-none-eabi/include/c++/14.3.1/bits\stl_vector.h ****       const_iterator
 896:C:/Program Files (x86)/Arm GNU Toolchain arm-none-eabi/14.3 rel1/arm-none-eabi/include/c++/14.3.1/bits\stl_vector.h ****       begin() const _GLIBCXX_NOEXCEPT
 897:C:/Program Files (x86)/Arm GNU Toolchain arm-none-eabi/14.3 rel1/arm-none-eabi/include/c++/14.3.1/bits\stl_vector.h ****       { return const_iterator(this->_M_impl._M_start); }
 898:C:/Program Files (x86)/Arm GNU Toolchain arm-none-eabi/14.3 rel1/arm-none-eabi/include/c++/14.3.1/bits\stl_vector.h **** 
 899:C:/Program Files (x86)/Arm GNU Toolchain arm-none-eabi/14.3 rel1/arm-none-eabi/include/c++/14.3.1/bits\stl_vector.h ****       /**
 900:C:/Program Files (x86)/Arm GNU Toolchain arm-none-eabi/14.3 rel1/arm-none-eabi/include/c++/14.3.1/bits\stl_vector.h ****        *  Returns a read/write iterator that points one past the last
 901:C:/Program Files (x86)/Arm GNU Toolchain arm-none-eabi/14.3 rel1/arm-none-eabi/include/c++/14.3.1/bits\stl_vector.h ****        *  element in the %vector.  Iteration is done in ordinary
 902:C:/Program Files (x86)/Arm GNU Toolchain arm-none-eabi/14.3 rel1/arm-none-eabi/include/c++/14.3.1/bits\stl_vector.h ****        *  element order.
 903:C:/Program Files (x86)/Arm GNU Toolchain arm-none-eabi/14.3 rel1/arm-none-eabi/include/c++/14.3.1/bits\stl_vector.h ****        */
 904:C:/Program Files (x86)/Arm GNU Toolchain arm-none-eabi/14.3 rel1/arm-none-eabi/include/c++/14.3.1/bits\stl_vector.h ****       _GLIBCXX_NODISCARD _GLIBCXX20_CONSTEXPR
 905:C:/Program Files (x86)/Arm GNU Toolchain arm-none-eabi/14.3 rel1/arm-none-eabi/include/c++/14.3.1/bits\stl_vector.h ****       iterator
 906:C:/Program Files (x86)/Arm GNU Toolchain arm-none-eabi/14.3 rel1/arm-none-eabi/include/c++/14.3.1/bits\stl_vector.h ****       end() _GLIBCXX_NOEXCEPT
 907:C:/Program Files (x86)/Arm GNU Toolchain arm-none-eabi/14.3 rel1/arm-none-eabi/include/c++/14.3.1/bits\stl_vector.h ****       { return iterator(this->_M_impl._M_finish); }
 908:C:/Program Files (x86)/Arm GNU Toolchain arm-none-eabi/14.3 rel1/arm-none-eabi/include/c++/14.3.1/bits\stl_vector.h **** 
 909:C:/Program Files (x86)/Arm GNU Toolchain arm-none-eabi/14.3 rel1/arm-none-eabi/include/c++/14.3.1/bits\stl_vector.h ****       /**
 910:C:/Program Files (x86)/Arm GNU Toolchain arm-none-eabi/14.3 rel1/arm-none-eabi/include/c++/14.3.1/bits\stl_vector.h ****        *  Returns a read-only (constant) iterator that points one past
 911:C:/Program Files (x86)/Arm GNU Toolchain arm-none-eabi/14.3 rel1/arm-none-eabi/include/c++/14.3.1/bits\stl_vector.h ****        *  the last element in the %vector.  Iteration is done in
 912:C:/Program Files (x86)/Arm GNU Toolchain arm-none-eabi/14.3 rel1/arm-none-eabi/include/c++/14.3.1/bits\stl_vector.h ****        *  ordinary element order.
 913:C:/Program Files (x86)/Arm GNU Toolchain arm-none-eabi/14.3 rel1/arm-none-eabi/include/c++/14.3.1/bits\stl_vector.h ****        */
 914:C:/Program Files (x86)/Arm GNU Toolchain arm-none-eabi/14.3 rel1/arm-none-eabi/include/c++/14.3.1/bits\stl_vector.h ****       _GLIBCXX_NODISCARD _GLIBCXX20_CONSTEXPR
 915:C:/Program Files (x86)/Arm GNU Toolchain arm-none-eabi/14.3 rel1/arm-none-eabi/include/c++/14.3.1/bits\stl_vector.h ****       const_iterator
 916:C:/Program Files (x86)/Arm GNU Toolchain arm-none-eabi/14.3 rel1/arm-none-eabi/include/c++/14.3.1/bits\stl_vector.h ****       end() const _GLIBCXX_NOEXCEPT
 917:C:/Program Files (x86)/Arm GNU Toolchain arm-none-eabi/14.3 rel1/arm-none-eabi/include/c++/14.3.1/bits\stl_vector.h ****       { return const_iterator(this->_M_impl._M_finish); }
 918:C:/Program Files (x86)/Arm GNU Toolchain arm-none-eabi/14.3 rel1/arm-none-eabi/include/c++/14.3.1/bits\stl_vector.h **** 
 919:C:/Program Files (x86)/Arm GNU Toolchain arm-none-eabi/14.3 rel1/arm-none-eabi/include/c++/14.3.1/bits\stl_vector.h ****       /**
 920:C:/Program Files (x86)/Arm GNU Toolchain arm-none-eabi/14.3 rel1/arm-none-eabi/include/c++/14.3.1/bits\stl_vector.h ****        *  Returns a read/write reverse iterator that points to the
 921:C:/Program Files (x86)/Arm GNU Toolchain arm-none-eabi/14.3 rel1/arm-none-eabi/include/c++/14.3.1/bits\stl_vector.h ****        *  last element in the %vector.  Iteration is done in reverse
ARM GAS  C:\Users\Oliver\AppData\Local\Temp\ccAPLW26.s 			page 32


 922:C:/Program Files (x86)/Arm GNU Toolchain arm-none-eabi/14.3 rel1/arm-none-eabi/include/c++/14.3.1/bits\stl_vector.h ****        *  element order.
 923:C:/Program Files (x86)/Arm GNU Toolchain arm-none-eabi/14.3 rel1/arm-none-eabi/include/c++/14.3.1/bits\stl_vector.h ****        */
 924:C:/Program Files (x86)/Arm GNU Toolchain arm-none-eabi/14.3 rel1/arm-none-eabi/include/c++/14.3.1/bits\stl_vector.h ****       _GLIBCXX_NODISCARD _GLIBCXX20_CONSTEXPR
 925:C:/Program Files (x86)/Arm GNU Toolchain arm-none-eabi/14.3 rel1/arm-none-eabi/include/c++/14.3.1/bits\stl_vector.h ****       reverse_iterator
 926:C:/Program Files (x86)/Arm GNU Toolchain arm-none-eabi/14.3 rel1/arm-none-eabi/include/c++/14.3.1/bits\stl_vector.h ****       rbegin() _GLIBCXX_NOEXCEPT
 927:C:/Program Files (x86)/Arm GNU Toolchain arm-none-eabi/14.3 rel1/arm-none-eabi/include/c++/14.3.1/bits\stl_vector.h ****       { return reverse_iterator(end()); }
 928:C:/Program Files (x86)/Arm GNU Toolchain arm-none-eabi/14.3 rel1/arm-none-eabi/include/c++/14.3.1/bits\stl_vector.h **** 
 929:C:/Program Files (x86)/Arm GNU Toolchain arm-none-eabi/14.3 rel1/arm-none-eabi/include/c++/14.3.1/bits\stl_vector.h ****       /**
 930:C:/Program Files (x86)/Arm GNU Toolchain arm-none-eabi/14.3 rel1/arm-none-eabi/include/c++/14.3.1/bits\stl_vector.h ****        *  Returns a read-only (constant) reverse iterator that points
 931:C:/Program Files (x86)/Arm GNU Toolchain arm-none-eabi/14.3 rel1/arm-none-eabi/include/c++/14.3.1/bits\stl_vector.h ****        *  to the last element in the %vector.  Iteration is done in
 932:C:/Program Files (x86)/Arm GNU Toolchain arm-none-eabi/14.3 rel1/arm-none-eabi/include/c++/14.3.1/bits\stl_vector.h ****        *  reverse element order.
 933:C:/Program Files (x86)/Arm GNU Toolchain arm-none-eabi/14.3 rel1/arm-none-eabi/include/c++/14.3.1/bits\stl_vector.h ****        */
 934:C:/Program Files (x86)/Arm GNU Toolchain arm-none-eabi/14.3 rel1/arm-none-eabi/include/c++/14.3.1/bits\stl_vector.h ****       _GLIBCXX_NODISCARD _GLIBCXX20_CONSTEXPR
 935:C:/Program Files (x86)/Arm GNU Toolchain arm-none-eabi/14.3 rel1/arm-none-eabi/include/c++/14.3.1/bits\stl_vector.h ****       const_reverse_iterator
 936:C:/Program Files (x86)/Arm GNU Toolchain arm-none-eabi/14.3 rel1/arm-none-eabi/include/c++/14.3.1/bits\stl_vector.h ****       rbegin() const _GLIBCXX_NOEXCEPT
 937:C:/Program Files (x86)/Arm GNU Toolchain arm-none-eabi/14.3 rel1/arm-none-eabi/include/c++/14.3.1/bits\stl_vector.h ****       { return const_reverse_iterator(end()); }
 938:C:/Program Files (x86)/Arm GNU Toolchain arm-none-eabi/14.3 rel1/arm-none-eabi/include/c++/14.3.1/bits\stl_vector.h **** 
 939:C:/Program Files (x86)/Arm GNU Toolchain arm-none-eabi/14.3 rel1/arm-none-eabi/include/c++/14.3.1/bits\stl_vector.h ****       /**
 940:C:/Program Files (x86)/Arm GNU Toolchain arm-none-eabi/14.3 rel1/arm-none-eabi/include/c++/14.3.1/bits\stl_vector.h ****        *  Returns a read/write reverse iterator that points to one
 941:C:/Program Files (x86)/Arm GNU Toolchain arm-none-eabi/14.3 rel1/arm-none-eabi/include/c++/14.3.1/bits\stl_vector.h ****        *  before the first element in the %vector.  Iteration is done
 942:C:/Program Files (x86)/Arm GNU Toolchain arm-none-eabi/14.3 rel1/arm-none-eabi/include/c++/14.3.1/bits\stl_vector.h ****        *  in reverse element order.
 943:C:/Program Files (x86)/Arm GNU Toolchain arm-none-eabi/14.3 rel1/arm-none-eabi/include/c++/14.3.1/bits\stl_vector.h ****        */
 944:C:/Program Files (x86)/Arm GNU Toolchain arm-none-eabi/14.3 rel1/arm-none-eabi/include/c++/14.3.1/bits\stl_vector.h ****       _GLIBCXX_NODISCARD _GLIBCXX20_CONSTEXPR
 945:C:/Program Files (x86)/Arm GNU Toolchain arm-none-eabi/14.3 rel1/arm-none-eabi/include/c++/14.3.1/bits\stl_vector.h ****       reverse_iterator
 946:C:/Program Files (x86)/Arm GNU Toolchain arm-none-eabi/14.3 rel1/arm-none-eabi/include/c++/14.3.1/bits\stl_vector.h ****       rend() _GLIBCXX_NOEXCEPT
 947:C:/Program Files (x86)/Arm GNU Toolchain arm-none-eabi/14.3 rel1/arm-none-eabi/include/c++/14.3.1/bits\stl_vector.h ****       { return reverse_iterator(begin()); }
 948:C:/Program Files (x86)/Arm GNU Toolchain arm-none-eabi/14.3 rel1/arm-none-eabi/include/c++/14.3.1/bits\stl_vector.h **** 
 949:C:/Program Files (x86)/Arm GNU Toolchain arm-none-eabi/14.3 rel1/arm-none-eabi/include/c++/14.3.1/bits\stl_vector.h ****       /**
 950:C:/Program Files (x86)/Arm GNU Toolchain arm-none-eabi/14.3 rel1/arm-none-eabi/include/c++/14.3.1/bits\stl_vector.h ****        *  Returns a read-only (constant) reverse iterator that points
 951:C:/Program Files (x86)/Arm GNU Toolchain arm-none-eabi/14.3 rel1/arm-none-eabi/include/c++/14.3.1/bits\stl_vector.h ****        *  to one before the first element in the %vector.  Iteration
 952:C:/Program Files (x86)/Arm GNU Toolchain arm-none-eabi/14.3 rel1/arm-none-eabi/include/c++/14.3.1/bits\stl_vector.h ****        *  is done in reverse element order.
 953:C:/Program Files (x86)/Arm GNU Toolchain arm-none-eabi/14.3 rel1/arm-none-eabi/include/c++/14.3.1/bits\stl_vector.h ****        */
 954:C:/Program Files (x86)/Arm GNU Toolchain arm-none-eabi/14.3 rel1/arm-none-eabi/include/c++/14.3.1/bits\stl_vector.h ****       _GLIBCXX_NODISCARD _GLIBCXX20_CONSTEXPR
 955:C:/Program Files (x86)/Arm GNU Toolchain arm-none-eabi/14.3 rel1/arm-none-eabi/include/c++/14.3.1/bits\stl_vector.h ****       const_reverse_iterator
 956:C:/Program Files (x86)/Arm GNU Toolchain arm-none-eabi/14.3 rel1/arm-none-eabi/include/c++/14.3.1/bits\stl_vector.h ****       rend() const _GLIBCXX_NOEXCEPT
 957:C:/Program Files (x86)/Arm GNU Toolchain arm-none-eabi/14.3 rel1/arm-none-eabi/include/c++/14.3.1/bits\stl_vector.h ****       { return const_reverse_iterator(begin()); }
 958:C:/Program Files (x86)/Arm GNU Toolchain arm-none-eabi/14.3 rel1/arm-none-eabi/include/c++/14.3.1/bits\stl_vector.h **** 
 959:C:/Program Files (x86)/Arm GNU Toolchain arm-none-eabi/14.3 rel1/arm-none-eabi/include/c++/14.3.1/bits\stl_vector.h **** #if __cplusplus >= 201103L
 960:C:/Program Files (x86)/Arm GNU Toolchain arm-none-eabi/14.3 rel1/arm-none-eabi/include/c++/14.3.1/bits\stl_vector.h ****       /**
 961:C:/Program Files (x86)/Arm GNU Toolchain arm-none-eabi/14.3 rel1/arm-none-eabi/include/c++/14.3.1/bits\stl_vector.h ****        *  Returns a read-only (constant) iterator that points to the
 962:C:/Program Files (x86)/Arm GNU Toolchain arm-none-eabi/14.3 rel1/arm-none-eabi/include/c++/14.3.1/bits\stl_vector.h ****        *  first element in the %vector.  Iteration is done in ordinary
 963:C:/Program Files (x86)/Arm GNU Toolchain arm-none-eabi/14.3 rel1/arm-none-eabi/include/c++/14.3.1/bits\stl_vector.h ****        *  element order.
 964:C:/Program Files (x86)/Arm GNU Toolchain arm-none-eabi/14.3 rel1/arm-none-eabi/include/c++/14.3.1/bits\stl_vector.h ****        */
 965:C:/Program Files (x86)/Arm GNU Toolchain arm-none-eabi/14.3 rel1/arm-none-eabi/include/c++/14.3.1/bits\stl_vector.h ****       [[__nodiscard__]] _GLIBCXX20_CONSTEXPR
 966:C:/Program Files (x86)/Arm GNU Toolchain arm-none-eabi/14.3 rel1/arm-none-eabi/include/c++/14.3.1/bits\stl_vector.h ****       const_iterator
 967:C:/Program Files (x86)/Arm GNU Toolchain arm-none-eabi/14.3 rel1/arm-none-eabi/include/c++/14.3.1/bits\stl_vector.h ****       cbegin() const noexcept
 968:C:/Program Files (x86)/Arm GNU Toolchain arm-none-eabi/14.3 rel1/arm-none-eabi/include/c++/14.3.1/bits\stl_vector.h ****       { return const_iterator(this->_M_impl._M_start); }
 969:C:/Program Files (x86)/Arm GNU Toolchain arm-none-eabi/14.3 rel1/arm-none-eabi/include/c++/14.3.1/bits\stl_vector.h **** 
 970:C:/Program Files (x86)/Arm GNU Toolchain arm-none-eabi/14.3 rel1/arm-none-eabi/include/c++/14.3.1/bits\stl_vector.h ****       /**
 971:C:/Program Files (x86)/Arm GNU Toolchain arm-none-eabi/14.3 rel1/arm-none-eabi/include/c++/14.3.1/bits\stl_vector.h ****        *  Returns a read-only (constant) iterator that points one past
 972:C:/Program Files (x86)/Arm GNU Toolchain arm-none-eabi/14.3 rel1/arm-none-eabi/include/c++/14.3.1/bits\stl_vector.h ****        *  the last element in the %vector.  Iteration is done in
 973:C:/Program Files (x86)/Arm GNU Toolchain arm-none-eabi/14.3 rel1/arm-none-eabi/include/c++/14.3.1/bits\stl_vector.h ****        *  ordinary element order.
 974:C:/Program Files (x86)/Arm GNU Toolchain arm-none-eabi/14.3 rel1/arm-none-eabi/include/c++/14.3.1/bits\stl_vector.h ****        */
 975:C:/Program Files (x86)/Arm GNU Toolchain arm-none-eabi/14.3 rel1/arm-none-eabi/include/c++/14.3.1/bits\stl_vector.h ****       [[__nodiscard__]] _GLIBCXX20_CONSTEXPR
 976:C:/Program Files (x86)/Arm GNU Toolchain arm-none-eabi/14.3 rel1/arm-none-eabi/include/c++/14.3.1/bits\stl_vector.h ****       const_iterator
 977:C:/Program Files (x86)/Arm GNU Toolchain arm-none-eabi/14.3 rel1/arm-none-eabi/include/c++/14.3.1/bits\stl_vector.h ****       cend() const noexcept
 978:C:/Program Files (x86)/Arm GNU Toolchain arm-none-eabi/14.3 rel1/arm-none-eabi/include/c++/14.3.1/bits\stl_vector.h ****       { return const_iterator(this->_M_impl._M_finish); }
ARM GAS  C:\Users\Oliver\AppData\Local\Temp\ccAPLW26.s 			page 33


 979:C:/Program Files (x86)/Arm GNU Toolchain arm-none-eabi/14.3 rel1/arm-none-eabi/include/c++/14.3.1/bits\stl_vector.h **** 
 980:C:/Program Files (x86)/Arm GNU Toolchain arm-none-eabi/14.3 rel1/arm-none-eabi/include/c++/14.3.1/bits\stl_vector.h ****       /**
 981:C:/Program Files (x86)/Arm GNU Toolchain arm-none-eabi/14.3 rel1/arm-none-eabi/include/c++/14.3.1/bits\stl_vector.h ****        *  Returns a read-only (constant) reverse iterator that points
 982:C:/Program Files (x86)/Arm GNU Toolchain arm-none-eabi/14.3 rel1/arm-none-eabi/include/c++/14.3.1/bits\stl_vector.h ****        *  to the last element in the %vector.  Iteration is done in
 983:C:/Program Files (x86)/Arm GNU Toolchain arm-none-eabi/14.3 rel1/arm-none-eabi/include/c++/14.3.1/bits\stl_vector.h ****        *  reverse element order.
 984:C:/Program Files (x86)/Arm GNU Toolchain arm-none-eabi/14.3 rel1/arm-none-eabi/include/c++/14.3.1/bits\stl_vector.h ****        */
 985:C:/Program Files (x86)/Arm GNU Toolchain arm-none-eabi/14.3 rel1/arm-none-eabi/include/c++/14.3.1/bits\stl_vector.h ****       [[__nodiscard__]] _GLIBCXX20_CONSTEXPR
 986:C:/Program Files (x86)/Arm GNU Toolchain arm-none-eabi/14.3 rel1/arm-none-eabi/include/c++/14.3.1/bits\stl_vector.h ****       const_reverse_iterator
 987:C:/Program Files (x86)/Arm GNU Toolchain arm-none-eabi/14.3 rel1/arm-none-eabi/include/c++/14.3.1/bits\stl_vector.h ****       crbegin() const noexcept
 988:C:/Program Files (x86)/Arm GNU Toolchain arm-none-eabi/14.3 rel1/arm-none-eabi/include/c++/14.3.1/bits\stl_vector.h ****       { return const_reverse_iterator(end()); }
 989:C:/Program Files (x86)/Arm GNU Toolchain arm-none-eabi/14.3 rel1/arm-none-eabi/include/c++/14.3.1/bits\stl_vector.h **** 
 990:C:/Program Files (x86)/Arm GNU Toolchain arm-none-eabi/14.3 rel1/arm-none-eabi/include/c++/14.3.1/bits\stl_vector.h ****       /**
 991:C:/Program Files (x86)/Arm GNU Toolchain arm-none-eabi/14.3 rel1/arm-none-eabi/include/c++/14.3.1/bits\stl_vector.h ****        *  Returns a read-only (constant) reverse iterator that points
 992:C:/Program Files (x86)/Arm GNU Toolchain arm-none-eabi/14.3 rel1/arm-none-eabi/include/c++/14.3.1/bits\stl_vector.h ****        *  to one before the first element in the %vector.  Iteration
 993:C:/Program Files (x86)/Arm GNU Toolchain arm-none-eabi/14.3 rel1/arm-none-eabi/include/c++/14.3.1/bits\stl_vector.h ****        *  is done in reverse element order.
 994:C:/Program Files (x86)/Arm GNU Toolchain arm-none-eabi/14.3 rel1/arm-none-eabi/include/c++/14.3.1/bits\stl_vector.h ****        */
 995:C:/Program Files (x86)/Arm GNU Toolchain arm-none-eabi/14.3 rel1/arm-none-eabi/include/c++/14.3.1/bits\stl_vector.h ****       [[__nodiscard__]] _GLIBCXX20_CONSTEXPR
 996:C:/Program Files (x86)/Arm GNU Toolchain arm-none-eabi/14.3 rel1/arm-none-eabi/include/c++/14.3.1/bits\stl_vector.h ****       const_reverse_iterator
 997:C:/Program Files (x86)/Arm GNU Toolchain arm-none-eabi/14.3 rel1/arm-none-eabi/include/c++/14.3.1/bits\stl_vector.h ****       crend() const noexcept
 998:C:/Program Files (x86)/Arm GNU Toolchain arm-none-eabi/14.3 rel1/arm-none-eabi/include/c++/14.3.1/bits\stl_vector.h ****       { return const_reverse_iterator(begin()); }
 999:C:/Program Files (x86)/Arm GNU Toolchain arm-none-eabi/14.3 rel1/arm-none-eabi/include/c++/14.3.1/bits\stl_vector.h **** #endif
1000:C:/Program Files (x86)/Arm GNU Toolchain arm-none-eabi/14.3 rel1/arm-none-eabi/include/c++/14.3.1/bits\stl_vector.h **** 
1001:C:/Program Files (x86)/Arm GNU Toolchain arm-none-eabi/14.3 rel1/arm-none-eabi/include/c++/14.3.1/bits\stl_vector.h ****       // [23.2.4.2] capacity
1002:C:/Program Files (x86)/Arm GNU Toolchain arm-none-eabi/14.3 rel1/arm-none-eabi/include/c++/14.3.1/bits\stl_vector.h ****       /**  Returns the number of elements in the %vector.  */
1003:C:/Program Files (x86)/Arm GNU Toolchain arm-none-eabi/14.3 rel1/arm-none-eabi/include/c++/14.3.1/bits\stl_vector.h ****       _GLIBCXX_NODISCARD _GLIBCXX20_CONSTEXPR
1004:C:/Program Files (x86)/Arm GNU Toolchain arm-none-eabi/14.3 rel1/arm-none-eabi/include/c++/14.3.1/bits\stl_vector.h ****       size_type
1005:C:/Program Files (x86)/Arm GNU Toolchain arm-none-eabi/14.3 rel1/arm-none-eabi/include/c++/14.3.1/bits\stl_vector.h ****       size() const _GLIBCXX_NOEXCEPT
1006:C:/Program Files (x86)/Arm GNU Toolchain arm-none-eabi/14.3 rel1/arm-none-eabi/include/c++/14.3.1/bits\stl_vector.h ****       { return size_type(this->_M_impl._M_finish - this->_M_impl._M_start); }
1007:C:/Program Files (x86)/Arm GNU Toolchain arm-none-eabi/14.3 rel1/arm-none-eabi/include/c++/14.3.1/bits\stl_vector.h **** 
1008:C:/Program Files (x86)/Arm GNU Toolchain arm-none-eabi/14.3 rel1/arm-none-eabi/include/c++/14.3.1/bits\stl_vector.h ****       /**  Returns the size() of the largest possible %vector.  */
1009:C:/Program Files (x86)/Arm GNU Toolchain arm-none-eabi/14.3 rel1/arm-none-eabi/include/c++/14.3.1/bits\stl_vector.h ****       _GLIBCXX_NODISCARD _GLIBCXX20_CONSTEXPR
1010:C:/Program Files (x86)/Arm GNU Toolchain arm-none-eabi/14.3 rel1/arm-none-eabi/include/c++/14.3.1/bits\stl_vector.h ****       size_type
1011:C:/Program Files (x86)/Arm GNU Toolchain arm-none-eabi/14.3 rel1/arm-none-eabi/include/c++/14.3.1/bits\stl_vector.h ****       max_size() const _GLIBCXX_NOEXCEPT
1012:C:/Program Files (x86)/Arm GNU Toolchain arm-none-eabi/14.3 rel1/arm-none-eabi/include/c++/14.3.1/bits\stl_vector.h ****       { return _S_max_size(_M_get_Tp_allocator()); }
1013:C:/Program Files (x86)/Arm GNU Toolchain arm-none-eabi/14.3 rel1/arm-none-eabi/include/c++/14.3.1/bits\stl_vector.h **** 
1014:C:/Program Files (x86)/Arm GNU Toolchain arm-none-eabi/14.3 rel1/arm-none-eabi/include/c++/14.3.1/bits\stl_vector.h **** #if __cplusplus >= 201103L
1015:C:/Program Files (x86)/Arm GNU Toolchain arm-none-eabi/14.3 rel1/arm-none-eabi/include/c++/14.3.1/bits\stl_vector.h ****       /**
1016:C:/Program Files (x86)/Arm GNU Toolchain arm-none-eabi/14.3 rel1/arm-none-eabi/include/c++/14.3.1/bits\stl_vector.h ****        *  @brief  Resizes the %vector to the specified number of elements.
1017:C:/Program Files (x86)/Arm GNU Toolchain arm-none-eabi/14.3 rel1/arm-none-eabi/include/c++/14.3.1/bits\stl_vector.h ****        *  @param  __new_size  Number of elements the %vector should contain.
1018:C:/Program Files (x86)/Arm GNU Toolchain arm-none-eabi/14.3 rel1/arm-none-eabi/include/c++/14.3.1/bits\stl_vector.h ****        *
1019:C:/Program Files (x86)/Arm GNU Toolchain arm-none-eabi/14.3 rel1/arm-none-eabi/include/c++/14.3.1/bits\stl_vector.h ****        *  This function will %resize the %vector to the specified
1020:C:/Program Files (x86)/Arm GNU Toolchain arm-none-eabi/14.3 rel1/arm-none-eabi/include/c++/14.3.1/bits\stl_vector.h ****        *  number of elements.  If the number is smaller than the
1021:C:/Program Files (x86)/Arm GNU Toolchain arm-none-eabi/14.3 rel1/arm-none-eabi/include/c++/14.3.1/bits\stl_vector.h ****        *  %vector's current size the %vector is truncated, otherwise
1022:C:/Program Files (x86)/Arm GNU Toolchain arm-none-eabi/14.3 rel1/arm-none-eabi/include/c++/14.3.1/bits\stl_vector.h ****        *  default constructed elements are appended.
1023:C:/Program Files (x86)/Arm GNU Toolchain arm-none-eabi/14.3 rel1/arm-none-eabi/include/c++/14.3.1/bits\stl_vector.h ****        */
1024:C:/Program Files (x86)/Arm GNU Toolchain arm-none-eabi/14.3 rel1/arm-none-eabi/include/c++/14.3.1/bits\stl_vector.h ****       _GLIBCXX20_CONSTEXPR
1025:C:/Program Files (x86)/Arm GNU Toolchain arm-none-eabi/14.3 rel1/arm-none-eabi/include/c++/14.3.1/bits\stl_vector.h ****       void
1026:C:/Program Files (x86)/Arm GNU Toolchain arm-none-eabi/14.3 rel1/arm-none-eabi/include/c++/14.3.1/bits\stl_vector.h ****       resize(size_type __new_size)
1027:C:/Program Files (x86)/Arm GNU Toolchain arm-none-eabi/14.3 rel1/arm-none-eabi/include/c++/14.3.1/bits\stl_vector.h ****       {
1028:C:/Program Files (x86)/Arm GNU Toolchain arm-none-eabi/14.3 rel1/arm-none-eabi/include/c++/14.3.1/bits\stl_vector.h **** 	if (__new_size > size())
1029:C:/Program Files (x86)/Arm GNU Toolchain arm-none-eabi/14.3 rel1/arm-none-eabi/include/c++/14.3.1/bits\stl_vector.h **** 	  _M_default_append(__new_size - size());
1030:C:/Program Files (x86)/Arm GNU Toolchain arm-none-eabi/14.3 rel1/arm-none-eabi/include/c++/14.3.1/bits\stl_vector.h **** 	else if (__new_size < size())
1031:C:/Program Files (x86)/Arm GNU Toolchain arm-none-eabi/14.3 rel1/arm-none-eabi/include/c++/14.3.1/bits\stl_vector.h **** 	  _M_erase_at_end(this->_M_impl._M_start + __new_size);
1032:C:/Program Files (x86)/Arm GNU Toolchain arm-none-eabi/14.3 rel1/arm-none-eabi/include/c++/14.3.1/bits\stl_vector.h ****       }
1033:C:/Program Files (x86)/Arm GNU Toolchain arm-none-eabi/14.3 rel1/arm-none-eabi/include/c++/14.3.1/bits\stl_vector.h **** 
1034:C:/Program Files (x86)/Arm GNU Toolchain arm-none-eabi/14.3 rel1/arm-none-eabi/include/c++/14.3.1/bits\stl_vector.h ****       /**
1035:C:/Program Files (x86)/Arm GNU Toolchain arm-none-eabi/14.3 rel1/arm-none-eabi/include/c++/14.3.1/bits\stl_vector.h ****        *  @brief  Resizes the %vector to the specified number of elements.
ARM GAS  C:\Users\Oliver\AppData\Local\Temp\ccAPLW26.s 			page 34


1036:C:/Program Files (x86)/Arm GNU Toolchain arm-none-eabi/14.3 rel1/arm-none-eabi/include/c++/14.3.1/bits\stl_vector.h ****        *  @param  __new_size  Number of elements the %vector should contain.
1037:C:/Program Files (x86)/Arm GNU Toolchain arm-none-eabi/14.3 rel1/arm-none-eabi/include/c++/14.3.1/bits\stl_vector.h ****        *  @param  __x  Data with which new elements should be populated.
1038:C:/Program Files (x86)/Arm GNU Toolchain arm-none-eabi/14.3 rel1/arm-none-eabi/include/c++/14.3.1/bits\stl_vector.h ****        *
1039:C:/Program Files (x86)/Arm GNU Toolchain arm-none-eabi/14.3 rel1/arm-none-eabi/include/c++/14.3.1/bits\stl_vector.h ****        *  This function will %resize the %vector to the specified
1040:C:/Program Files (x86)/Arm GNU Toolchain arm-none-eabi/14.3 rel1/arm-none-eabi/include/c++/14.3.1/bits\stl_vector.h ****        *  number of elements.  If the number is smaller than the
1041:C:/Program Files (x86)/Arm GNU Toolchain arm-none-eabi/14.3 rel1/arm-none-eabi/include/c++/14.3.1/bits\stl_vector.h ****        *  %vector's current size the %vector is truncated, otherwise
1042:C:/Program Files (x86)/Arm GNU Toolchain arm-none-eabi/14.3 rel1/arm-none-eabi/include/c++/14.3.1/bits\stl_vector.h ****        *  the %vector is extended and new elements are populated with
1043:C:/Program Files (x86)/Arm GNU Toolchain arm-none-eabi/14.3 rel1/arm-none-eabi/include/c++/14.3.1/bits\stl_vector.h ****        *  given data.
1044:C:/Program Files (x86)/Arm GNU Toolchain arm-none-eabi/14.3 rel1/arm-none-eabi/include/c++/14.3.1/bits\stl_vector.h ****        */
1045:C:/Program Files (x86)/Arm GNU Toolchain arm-none-eabi/14.3 rel1/arm-none-eabi/include/c++/14.3.1/bits\stl_vector.h ****       _GLIBCXX20_CONSTEXPR
1046:C:/Program Files (x86)/Arm GNU Toolchain arm-none-eabi/14.3 rel1/arm-none-eabi/include/c++/14.3.1/bits\stl_vector.h ****       void
1047:C:/Program Files (x86)/Arm GNU Toolchain arm-none-eabi/14.3 rel1/arm-none-eabi/include/c++/14.3.1/bits\stl_vector.h ****       resize(size_type __new_size, const value_type& __x)
1048:C:/Program Files (x86)/Arm GNU Toolchain arm-none-eabi/14.3 rel1/arm-none-eabi/include/c++/14.3.1/bits\stl_vector.h ****       {
1049:C:/Program Files (x86)/Arm GNU Toolchain arm-none-eabi/14.3 rel1/arm-none-eabi/include/c++/14.3.1/bits\stl_vector.h **** 	if (__new_size > size())
1050:C:/Program Files (x86)/Arm GNU Toolchain arm-none-eabi/14.3 rel1/arm-none-eabi/include/c++/14.3.1/bits\stl_vector.h **** 	  _M_fill_insert(end(), __new_size - size(), __x);
1051:C:/Program Files (x86)/Arm GNU Toolchain arm-none-eabi/14.3 rel1/arm-none-eabi/include/c++/14.3.1/bits\stl_vector.h **** 	else if (__new_size < size())
1052:C:/Program Files (x86)/Arm GNU Toolchain arm-none-eabi/14.3 rel1/arm-none-eabi/include/c++/14.3.1/bits\stl_vector.h **** 	  _M_erase_at_end(this->_M_impl._M_start + __new_size);
1053:C:/Program Files (x86)/Arm GNU Toolchain arm-none-eabi/14.3 rel1/arm-none-eabi/include/c++/14.3.1/bits\stl_vector.h ****       }
1054:C:/Program Files (x86)/Arm GNU Toolchain arm-none-eabi/14.3 rel1/arm-none-eabi/include/c++/14.3.1/bits\stl_vector.h **** #else
1055:C:/Program Files (x86)/Arm GNU Toolchain arm-none-eabi/14.3 rel1/arm-none-eabi/include/c++/14.3.1/bits\stl_vector.h ****       /**
1056:C:/Program Files (x86)/Arm GNU Toolchain arm-none-eabi/14.3 rel1/arm-none-eabi/include/c++/14.3.1/bits\stl_vector.h ****        *  @brief  Resizes the %vector to the specified number of elements.
1057:C:/Program Files (x86)/Arm GNU Toolchain arm-none-eabi/14.3 rel1/arm-none-eabi/include/c++/14.3.1/bits\stl_vector.h ****        *  @param  __new_size  Number of elements the %vector should contain.
1058:C:/Program Files (x86)/Arm GNU Toolchain arm-none-eabi/14.3 rel1/arm-none-eabi/include/c++/14.3.1/bits\stl_vector.h ****        *  @param  __x  Data with which new elements should be populated.
1059:C:/Program Files (x86)/Arm GNU Toolchain arm-none-eabi/14.3 rel1/arm-none-eabi/include/c++/14.3.1/bits\stl_vector.h ****        *
1060:C:/Program Files (x86)/Arm GNU Toolchain arm-none-eabi/14.3 rel1/arm-none-eabi/include/c++/14.3.1/bits\stl_vector.h ****        *  This function will %resize the %vector to the specified
1061:C:/Program Files (x86)/Arm GNU Toolchain arm-none-eabi/14.3 rel1/arm-none-eabi/include/c++/14.3.1/bits\stl_vector.h ****        *  number of elements.  If the number is smaller than the
1062:C:/Program Files (x86)/Arm GNU Toolchain arm-none-eabi/14.3 rel1/arm-none-eabi/include/c++/14.3.1/bits\stl_vector.h ****        *  %vector's current size the %vector is truncated, otherwise
1063:C:/Program Files (x86)/Arm GNU Toolchain arm-none-eabi/14.3 rel1/arm-none-eabi/include/c++/14.3.1/bits\stl_vector.h ****        *  the %vector is extended and new elements are populated with
1064:C:/Program Files (x86)/Arm GNU Toolchain arm-none-eabi/14.3 rel1/arm-none-eabi/include/c++/14.3.1/bits\stl_vector.h ****        *  given data.
1065:C:/Program Files (x86)/Arm GNU Toolchain arm-none-eabi/14.3 rel1/arm-none-eabi/include/c++/14.3.1/bits\stl_vector.h ****        */
1066:C:/Program Files (x86)/Arm GNU Toolchain arm-none-eabi/14.3 rel1/arm-none-eabi/include/c++/14.3.1/bits\stl_vector.h ****       _GLIBCXX20_CONSTEXPR
1067:C:/Program Files (x86)/Arm GNU Toolchain arm-none-eabi/14.3 rel1/arm-none-eabi/include/c++/14.3.1/bits\stl_vector.h ****       void
1068:C:/Program Files (x86)/Arm GNU Toolchain arm-none-eabi/14.3 rel1/arm-none-eabi/include/c++/14.3.1/bits\stl_vector.h ****       resize(size_type __new_size, value_type __x = value_type())
1069:C:/Program Files (x86)/Arm GNU Toolchain arm-none-eabi/14.3 rel1/arm-none-eabi/include/c++/14.3.1/bits\stl_vector.h ****       {
1070:C:/Program Files (x86)/Arm GNU Toolchain arm-none-eabi/14.3 rel1/arm-none-eabi/include/c++/14.3.1/bits\stl_vector.h **** 	if (__new_size > size())
1071:C:/Program Files (x86)/Arm GNU Toolchain arm-none-eabi/14.3 rel1/arm-none-eabi/include/c++/14.3.1/bits\stl_vector.h **** 	  _M_fill_insert(end(), __new_size - size(), __x);
1072:C:/Program Files (x86)/Arm GNU Toolchain arm-none-eabi/14.3 rel1/arm-none-eabi/include/c++/14.3.1/bits\stl_vector.h **** 	else if (__new_size < size())
1073:C:/Program Files (x86)/Arm GNU Toolchain arm-none-eabi/14.3 rel1/arm-none-eabi/include/c++/14.3.1/bits\stl_vector.h **** 	  _M_erase_at_end(this->_M_impl._M_start + __new_size);
1074:C:/Program Files (x86)/Arm GNU Toolchain arm-none-eabi/14.3 rel1/arm-none-eabi/include/c++/14.3.1/bits\stl_vector.h ****       }
1075:C:/Program Files (x86)/Arm GNU Toolchain arm-none-eabi/14.3 rel1/arm-none-eabi/include/c++/14.3.1/bits\stl_vector.h **** #endif
1076:C:/Program Files (x86)/Arm GNU Toolchain arm-none-eabi/14.3 rel1/arm-none-eabi/include/c++/14.3.1/bits\stl_vector.h **** 
1077:C:/Program Files (x86)/Arm GNU Toolchain arm-none-eabi/14.3 rel1/arm-none-eabi/include/c++/14.3.1/bits\stl_vector.h **** #if __cplusplus >= 201103L
1078:C:/Program Files (x86)/Arm GNU Toolchain arm-none-eabi/14.3 rel1/arm-none-eabi/include/c++/14.3.1/bits\stl_vector.h ****       /**  A non-binding request to reduce capacity() to size().  */
1079:C:/Program Files (x86)/Arm GNU Toolchain arm-none-eabi/14.3 rel1/arm-none-eabi/include/c++/14.3.1/bits\stl_vector.h ****       _GLIBCXX20_CONSTEXPR
1080:C:/Program Files (x86)/Arm GNU Toolchain arm-none-eabi/14.3 rel1/arm-none-eabi/include/c++/14.3.1/bits\stl_vector.h ****       void
1081:C:/Program Files (x86)/Arm GNU Toolchain arm-none-eabi/14.3 rel1/arm-none-eabi/include/c++/14.3.1/bits\stl_vector.h ****       shrink_to_fit()
1082:C:/Program Files (x86)/Arm GNU Toolchain arm-none-eabi/14.3 rel1/arm-none-eabi/include/c++/14.3.1/bits\stl_vector.h ****       { _M_shrink_to_fit(); }
1083:C:/Program Files (x86)/Arm GNU Toolchain arm-none-eabi/14.3 rel1/arm-none-eabi/include/c++/14.3.1/bits\stl_vector.h **** #endif
1084:C:/Program Files (x86)/Arm GNU Toolchain arm-none-eabi/14.3 rel1/arm-none-eabi/include/c++/14.3.1/bits\stl_vector.h **** 
1085:C:/Program Files (x86)/Arm GNU Toolchain arm-none-eabi/14.3 rel1/arm-none-eabi/include/c++/14.3.1/bits\stl_vector.h ****       /**
1086:C:/Program Files (x86)/Arm GNU Toolchain arm-none-eabi/14.3 rel1/arm-none-eabi/include/c++/14.3.1/bits\stl_vector.h ****        *  Returns the total number of elements that the %vector can
1087:C:/Program Files (x86)/Arm GNU Toolchain arm-none-eabi/14.3 rel1/arm-none-eabi/include/c++/14.3.1/bits\stl_vector.h ****        *  hold before needing to allocate more memory.
1088:C:/Program Files (x86)/Arm GNU Toolchain arm-none-eabi/14.3 rel1/arm-none-eabi/include/c++/14.3.1/bits\stl_vector.h ****        */
1089:C:/Program Files (x86)/Arm GNU Toolchain arm-none-eabi/14.3 rel1/arm-none-eabi/include/c++/14.3.1/bits\stl_vector.h ****       _GLIBCXX_NODISCARD _GLIBCXX20_CONSTEXPR
1090:C:/Program Files (x86)/Arm GNU Toolchain arm-none-eabi/14.3 rel1/arm-none-eabi/include/c++/14.3.1/bits\stl_vector.h ****       size_type
1091:C:/Program Files (x86)/Arm GNU Toolchain arm-none-eabi/14.3 rel1/arm-none-eabi/include/c++/14.3.1/bits\stl_vector.h ****       capacity() const _GLIBCXX_NOEXCEPT
1092:C:/Program Files (x86)/Arm GNU Toolchain arm-none-eabi/14.3 rel1/arm-none-eabi/include/c++/14.3.1/bits\stl_vector.h ****       {
ARM GAS  C:\Users\Oliver\AppData\Local\Temp\ccAPLW26.s 			page 35


1093:C:/Program Files (x86)/Arm GNU Toolchain arm-none-eabi/14.3 rel1/arm-none-eabi/include/c++/14.3.1/bits\stl_vector.h **** 	return size_type(this->_M_impl._M_end_of_storage
1094:C:/Program Files (x86)/Arm GNU Toolchain arm-none-eabi/14.3 rel1/arm-none-eabi/include/c++/14.3.1/bits\stl_vector.h **** 			   - this->_M_impl._M_start);
1095:C:/Program Files (x86)/Arm GNU Toolchain arm-none-eabi/14.3 rel1/arm-none-eabi/include/c++/14.3.1/bits\stl_vector.h ****       }
1096:C:/Program Files (x86)/Arm GNU Toolchain arm-none-eabi/14.3 rel1/arm-none-eabi/include/c++/14.3.1/bits\stl_vector.h **** 
1097:C:/Program Files (x86)/Arm GNU Toolchain arm-none-eabi/14.3 rel1/arm-none-eabi/include/c++/14.3.1/bits\stl_vector.h ****       /**
1098:C:/Program Files (x86)/Arm GNU Toolchain arm-none-eabi/14.3 rel1/arm-none-eabi/include/c++/14.3.1/bits\stl_vector.h ****        *  Returns true if the %vector is empty.  (Thus begin() would
1099:C:/Program Files (x86)/Arm GNU Toolchain arm-none-eabi/14.3 rel1/arm-none-eabi/include/c++/14.3.1/bits\stl_vector.h ****        *  equal end().)
1100:C:/Program Files (x86)/Arm GNU Toolchain arm-none-eabi/14.3 rel1/arm-none-eabi/include/c++/14.3.1/bits\stl_vector.h ****        */
1101:C:/Program Files (x86)/Arm GNU Toolchain arm-none-eabi/14.3 rel1/arm-none-eabi/include/c++/14.3.1/bits\stl_vector.h ****       _GLIBCXX_NODISCARD _GLIBCXX20_CONSTEXPR
1102:C:/Program Files (x86)/Arm GNU Toolchain arm-none-eabi/14.3 rel1/arm-none-eabi/include/c++/14.3.1/bits\stl_vector.h ****       bool
1103:C:/Program Files (x86)/Arm GNU Toolchain arm-none-eabi/14.3 rel1/arm-none-eabi/include/c++/14.3.1/bits\stl_vector.h ****       empty() const _GLIBCXX_NOEXCEPT
1104:C:/Program Files (x86)/Arm GNU Toolchain arm-none-eabi/14.3 rel1/arm-none-eabi/include/c++/14.3.1/bits\stl_vector.h ****       { return begin() == end(); }
1105:C:/Program Files (x86)/Arm GNU Toolchain arm-none-eabi/14.3 rel1/arm-none-eabi/include/c++/14.3.1/bits\stl_vector.h **** 
1106:C:/Program Files (x86)/Arm GNU Toolchain arm-none-eabi/14.3 rel1/arm-none-eabi/include/c++/14.3.1/bits\stl_vector.h ****       /**
1107:C:/Program Files (x86)/Arm GNU Toolchain arm-none-eabi/14.3 rel1/arm-none-eabi/include/c++/14.3.1/bits\stl_vector.h ****        *  @brief  Attempt to preallocate enough memory for specified number of
1108:C:/Program Files (x86)/Arm GNU Toolchain arm-none-eabi/14.3 rel1/arm-none-eabi/include/c++/14.3.1/bits\stl_vector.h ****        *          elements.
1109:C:/Program Files (x86)/Arm GNU Toolchain arm-none-eabi/14.3 rel1/arm-none-eabi/include/c++/14.3.1/bits\stl_vector.h ****        *  @param  __n  Number of elements required.
1110:C:/Program Files (x86)/Arm GNU Toolchain arm-none-eabi/14.3 rel1/arm-none-eabi/include/c++/14.3.1/bits\stl_vector.h ****        *  @throw  std::length_error  If @a n exceeds @c max_size().
1111:C:/Program Files (x86)/Arm GNU Toolchain arm-none-eabi/14.3 rel1/arm-none-eabi/include/c++/14.3.1/bits\stl_vector.h ****        *
1112:C:/Program Files (x86)/Arm GNU Toolchain arm-none-eabi/14.3 rel1/arm-none-eabi/include/c++/14.3.1/bits\stl_vector.h ****        *  This function attempts to reserve enough memory for the
1113:C:/Program Files (x86)/Arm GNU Toolchain arm-none-eabi/14.3 rel1/arm-none-eabi/include/c++/14.3.1/bits\stl_vector.h ****        *  %vector to hold the specified number of elements.  If the
1114:C:/Program Files (x86)/Arm GNU Toolchain arm-none-eabi/14.3 rel1/arm-none-eabi/include/c++/14.3.1/bits\stl_vector.h ****        *  number requested is more than max_size(), length_error is
1115:C:/Program Files (x86)/Arm GNU Toolchain arm-none-eabi/14.3 rel1/arm-none-eabi/include/c++/14.3.1/bits\stl_vector.h ****        *  thrown.
1116:C:/Program Files (x86)/Arm GNU Toolchain arm-none-eabi/14.3 rel1/arm-none-eabi/include/c++/14.3.1/bits\stl_vector.h ****        *
1117:C:/Program Files (x86)/Arm GNU Toolchain arm-none-eabi/14.3 rel1/arm-none-eabi/include/c++/14.3.1/bits\stl_vector.h ****        *  The advantage of this function is that if optimal code is a
1118:C:/Program Files (x86)/Arm GNU Toolchain arm-none-eabi/14.3 rel1/arm-none-eabi/include/c++/14.3.1/bits\stl_vector.h ****        *  necessity and the user can determine the number of elements
1119:C:/Program Files (x86)/Arm GNU Toolchain arm-none-eabi/14.3 rel1/arm-none-eabi/include/c++/14.3.1/bits\stl_vector.h ****        *  that will be required, the user can reserve the memory in
1120:C:/Program Files (x86)/Arm GNU Toolchain arm-none-eabi/14.3 rel1/arm-none-eabi/include/c++/14.3.1/bits\stl_vector.h ****        *  %advance, and thus prevent a possible reallocation of memory
1121:C:/Program Files (x86)/Arm GNU Toolchain arm-none-eabi/14.3 rel1/arm-none-eabi/include/c++/14.3.1/bits\stl_vector.h ****        *  and copying of %vector data.
1122:C:/Program Files (x86)/Arm GNU Toolchain arm-none-eabi/14.3 rel1/arm-none-eabi/include/c++/14.3.1/bits\stl_vector.h ****        */
1123:C:/Program Files (x86)/Arm GNU Toolchain arm-none-eabi/14.3 rel1/arm-none-eabi/include/c++/14.3.1/bits\stl_vector.h ****       _GLIBCXX20_CONSTEXPR
1124:C:/Program Files (x86)/Arm GNU Toolchain arm-none-eabi/14.3 rel1/arm-none-eabi/include/c++/14.3.1/bits\stl_vector.h ****       void
1125:C:/Program Files (x86)/Arm GNU Toolchain arm-none-eabi/14.3 rel1/arm-none-eabi/include/c++/14.3.1/bits\stl_vector.h ****       reserve(size_type __n);
1126:C:/Program Files (x86)/Arm GNU Toolchain arm-none-eabi/14.3 rel1/arm-none-eabi/include/c++/14.3.1/bits\stl_vector.h **** 
1127:C:/Program Files (x86)/Arm GNU Toolchain arm-none-eabi/14.3 rel1/arm-none-eabi/include/c++/14.3.1/bits\stl_vector.h ****       // element access
1128:C:/Program Files (x86)/Arm GNU Toolchain arm-none-eabi/14.3 rel1/arm-none-eabi/include/c++/14.3.1/bits\stl_vector.h ****       /**
1129:C:/Program Files (x86)/Arm GNU Toolchain arm-none-eabi/14.3 rel1/arm-none-eabi/include/c++/14.3.1/bits\stl_vector.h ****        *  @brief  Subscript access to the data contained in the %vector.
1130:C:/Program Files (x86)/Arm GNU Toolchain arm-none-eabi/14.3 rel1/arm-none-eabi/include/c++/14.3.1/bits\stl_vector.h ****        *  @param __n The index of the element for which data should be
1131:C:/Program Files (x86)/Arm GNU Toolchain arm-none-eabi/14.3 rel1/arm-none-eabi/include/c++/14.3.1/bits\stl_vector.h ****        *  accessed.
1132:C:/Program Files (x86)/Arm GNU Toolchain arm-none-eabi/14.3 rel1/arm-none-eabi/include/c++/14.3.1/bits\stl_vector.h ****        *  @return  Read/write reference to data.
1133:C:/Program Files (x86)/Arm GNU Toolchain arm-none-eabi/14.3 rel1/arm-none-eabi/include/c++/14.3.1/bits\stl_vector.h ****        *
1134:C:/Program Files (x86)/Arm GNU Toolchain arm-none-eabi/14.3 rel1/arm-none-eabi/include/c++/14.3.1/bits\stl_vector.h ****        *  This operator allows for easy, array-style, data access.
1135:C:/Program Files (x86)/Arm GNU Toolchain arm-none-eabi/14.3 rel1/arm-none-eabi/include/c++/14.3.1/bits\stl_vector.h ****        *  Note that data access with this operator is unchecked and
1136:C:/Program Files (x86)/Arm GNU Toolchain arm-none-eabi/14.3 rel1/arm-none-eabi/include/c++/14.3.1/bits\stl_vector.h ****        *  out_of_range lookups are not defined. (For checked lookups
1137:C:/Program Files (x86)/Arm GNU Toolchain arm-none-eabi/14.3 rel1/arm-none-eabi/include/c++/14.3.1/bits\stl_vector.h ****        *  see at().)
1138:C:/Program Files (x86)/Arm GNU Toolchain arm-none-eabi/14.3 rel1/arm-none-eabi/include/c++/14.3.1/bits\stl_vector.h ****        */
1139:C:/Program Files (x86)/Arm GNU Toolchain arm-none-eabi/14.3 rel1/arm-none-eabi/include/c++/14.3.1/bits\stl_vector.h ****       _GLIBCXX_NODISCARD _GLIBCXX20_CONSTEXPR
1140:C:/Program Files (x86)/Arm GNU Toolchain arm-none-eabi/14.3 rel1/arm-none-eabi/include/c++/14.3.1/bits\stl_vector.h ****       reference
1141:C:/Program Files (x86)/Arm GNU Toolchain arm-none-eabi/14.3 rel1/arm-none-eabi/include/c++/14.3.1/bits\stl_vector.h ****       operator[](size_type __n) _GLIBCXX_NOEXCEPT
1142:C:/Program Files (x86)/Arm GNU Toolchain arm-none-eabi/14.3 rel1/arm-none-eabi/include/c++/14.3.1/bits\stl_vector.h ****       {
1143:C:/Program Files (x86)/Arm GNU Toolchain arm-none-eabi/14.3 rel1/arm-none-eabi/include/c++/14.3.1/bits\stl_vector.h **** 	__glibcxx_requires_subscript(__n);
1144:C:/Program Files (x86)/Arm GNU Toolchain arm-none-eabi/14.3 rel1/arm-none-eabi/include/c++/14.3.1/bits\stl_vector.h **** 	return *(this->_M_impl._M_start + __n);
1145:C:/Program Files (x86)/Arm GNU Toolchain arm-none-eabi/14.3 rel1/arm-none-eabi/include/c++/14.3.1/bits\stl_vector.h ****       }
1146:C:/Program Files (x86)/Arm GNU Toolchain arm-none-eabi/14.3 rel1/arm-none-eabi/include/c++/14.3.1/bits\stl_vector.h **** 
1147:C:/Program Files (x86)/Arm GNU Toolchain arm-none-eabi/14.3 rel1/arm-none-eabi/include/c++/14.3.1/bits\stl_vector.h ****       /**
1148:C:/Program Files (x86)/Arm GNU Toolchain arm-none-eabi/14.3 rel1/arm-none-eabi/include/c++/14.3.1/bits\stl_vector.h ****        *  @brief  Subscript access to the data contained in the %vector.
1149:C:/Program Files (x86)/Arm GNU Toolchain arm-none-eabi/14.3 rel1/arm-none-eabi/include/c++/14.3.1/bits\stl_vector.h ****        *  @param __n The index of the element for which data should be
ARM GAS  C:\Users\Oliver\AppData\Local\Temp\ccAPLW26.s 			page 36


1150:C:/Program Files (x86)/Arm GNU Toolchain arm-none-eabi/14.3 rel1/arm-none-eabi/include/c++/14.3.1/bits\stl_vector.h ****        *  accessed.
1151:C:/Program Files (x86)/Arm GNU Toolchain arm-none-eabi/14.3 rel1/arm-none-eabi/include/c++/14.3.1/bits\stl_vector.h ****        *  @return  Read-only (constant) reference to data.
1152:C:/Program Files (x86)/Arm GNU Toolchain arm-none-eabi/14.3 rel1/arm-none-eabi/include/c++/14.3.1/bits\stl_vector.h ****        *
1153:C:/Program Files (x86)/Arm GNU Toolchain arm-none-eabi/14.3 rel1/arm-none-eabi/include/c++/14.3.1/bits\stl_vector.h ****        *  This operator allows for easy, array-style, data access.
1154:C:/Program Files (x86)/Arm GNU Toolchain arm-none-eabi/14.3 rel1/arm-none-eabi/include/c++/14.3.1/bits\stl_vector.h ****        *  Note that data access with this operator is unchecked and
1155:C:/Program Files (x86)/Arm GNU Toolchain arm-none-eabi/14.3 rel1/arm-none-eabi/include/c++/14.3.1/bits\stl_vector.h ****        *  out_of_range lookups are not defined. (For checked lookups
1156:C:/Program Files (x86)/Arm GNU Toolchain arm-none-eabi/14.3 rel1/arm-none-eabi/include/c++/14.3.1/bits\stl_vector.h ****        *  see at().)
1157:C:/Program Files (x86)/Arm GNU Toolchain arm-none-eabi/14.3 rel1/arm-none-eabi/include/c++/14.3.1/bits\stl_vector.h ****        */
1158:C:/Program Files (x86)/Arm GNU Toolchain arm-none-eabi/14.3 rel1/arm-none-eabi/include/c++/14.3.1/bits\stl_vector.h ****       _GLIBCXX_NODISCARD _GLIBCXX20_CONSTEXPR
1159:C:/Program Files (x86)/Arm GNU Toolchain arm-none-eabi/14.3 rel1/arm-none-eabi/include/c++/14.3.1/bits\stl_vector.h ****       const_reference
1160:C:/Program Files (x86)/Arm GNU Toolchain arm-none-eabi/14.3 rel1/arm-none-eabi/include/c++/14.3.1/bits\stl_vector.h ****       operator[](size_type __n) const _GLIBCXX_NOEXCEPT
1161:C:/Program Files (x86)/Arm GNU Toolchain arm-none-eabi/14.3 rel1/arm-none-eabi/include/c++/14.3.1/bits\stl_vector.h ****       {
1162:C:/Program Files (x86)/Arm GNU Toolchain arm-none-eabi/14.3 rel1/arm-none-eabi/include/c++/14.3.1/bits\stl_vector.h **** 	__glibcxx_requires_subscript(__n);
1163:C:/Program Files (x86)/Arm GNU Toolchain arm-none-eabi/14.3 rel1/arm-none-eabi/include/c++/14.3.1/bits\stl_vector.h **** 	return *(this->_M_impl._M_start + __n);
1164:C:/Program Files (x86)/Arm GNU Toolchain arm-none-eabi/14.3 rel1/arm-none-eabi/include/c++/14.3.1/bits\stl_vector.h ****       }
1165:C:/Program Files (x86)/Arm GNU Toolchain arm-none-eabi/14.3 rel1/arm-none-eabi/include/c++/14.3.1/bits\stl_vector.h **** 
1166:C:/Program Files (x86)/Arm GNU Toolchain arm-none-eabi/14.3 rel1/arm-none-eabi/include/c++/14.3.1/bits\stl_vector.h ****     protected:
1167:C:/Program Files (x86)/Arm GNU Toolchain arm-none-eabi/14.3 rel1/arm-none-eabi/include/c++/14.3.1/bits\stl_vector.h ****       /// Safety check used only from at().
1168:C:/Program Files (x86)/Arm GNU Toolchain arm-none-eabi/14.3 rel1/arm-none-eabi/include/c++/14.3.1/bits\stl_vector.h ****       _GLIBCXX20_CONSTEXPR
1169:C:/Program Files (x86)/Arm GNU Toolchain arm-none-eabi/14.3 rel1/arm-none-eabi/include/c++/14.3.1/bits\stl_vector.h ****       void
1170:C:/Program Files (x86)/Arm GNU Toolchain arm-none-eabi/14.3 rel1/arm-none-eabi/include/c++/14.3.1/bits\stl_vector.h ****       _M_range_check(size_type __n) const
1171:C:/Program Files (x86)/Arm GNU Toolchain arm-none-eabi/14.3 rel1/arm-none-eabi/include/c++/14.3.1/bits\stl_vector.h ****       {
1172:C:/Program Files (x86)/Arm GNU Toolchain arm-none-eabi/14.3 rel1/arm-none-eabi/include/c++/14.3.1/bits\stl_vector.h **** 	if (__n >= this->size())
1173:C:/Program Files (x86)/Arm GNU Toolchain arm-none-eabi/14.3 rel1/arm-none-eabi/include/c++/14.3.1/bits\stl_vector.h **** 	  __throw_out_of_range_fmt(__N("vector::_M_range_check: __n "
1174:C:/Program Files (x86)/Arm GNU Toolchain arm-none-eabi/14.3 rel1/arm-none-eabi/include/c++/14.3.1/bits\stl_vector.h **** 				       "(which is %zu) >= this->size() "
1175:C:/Program Files (x86)/Arm GNU Toolchain arm-none-eabi/14.3 rel1/arm-none-eabi/include/c++/14.3.1/bits\stl_vector.h **** 				       "(which is %zu)"),
1176:C:/Program Files (x86)/Arm GNU Toolchain arm-none-eabi/14.3 rel1/arm-none-eabi/include/c++/14.3.1/bits\stl_vector.h **** 				   __n, this->size());
1177:C:/Program Files (x86)/Arm GNU Toolchain arm-none-eabi/14.3 rel1/arm-none-eabi/include/c++/14.3.1/bits\stl_vector.h ****       }
1178:C:/Program Files (x86)/Arm GNU Toolchain arm-none-eabi/14.3 rel1/arm-none-eabi/include/c++/14.3.1/bits\stl_vector.h **** 
1179:C:/Program Files (x86)/Arm GNU Toolchain arm-none-eabi/14.3 rel1/arm-none-eabi/include/c++/14.3.1/bits\stl_vector.h ****     public:
1180:C:/Program Files (x86)/Arm GNU Toolchain arm-none-eabi/14.3 rel1/arm-none-eabi/include/c++/14.3.1/bits\stl_vector.h ****       /**
1181:C:/Program Files (x86)/Arm GNU Toolchain arm-none-eabi/14.3 rel1/arm-none-eabi/include/c++/14.3.1/bits\stl_vector.h ****        *  @brief  Provides access to the data contained in the %vector.
1182:C:/Program Files (x86)/Arm GNU Toolchain arm-none-eabi/14.3 rel1/arm-none-eabi/include/c++/14.3.1/bits\stl_vector.h ****        *  @param __n The index of the element for which data should be
1183:C:/Program Files (x86)/Arm GNU Toolchain arm-none-eabi/14.3 rel1/arm-none-eabi/include/c++/14.3.1/bits\stl_vector.h ****        *  accessed.
1184:C:/Program Files (x86)/Arm GNU Toolchain arm-none-eabi/14.3 rel1/arm-none-eabi/include/c++/14.3.1/bits\stl_vector.h ****        *  @return  Read/write reference to data.
1185:C:/Program Files (x86)/Arm GNU Toolchain arm-none-eabi/14.3 rel1/arm-none-eabi/include/c++/14.3.1/bits\stl_vector.h ****        *  @throw  std::out_of_range  If @a __n is an invalid index.
1186:C:/Program Files (x86)/Arm GNU Toolchain arm-none-eabi/14.3 rel1/arm-none-eabi/include/c++/14.3.1/bits\stl_vector.h ****        *
1187:C:/Program Files (x86)/Arm GNU Toolchain arm-none-eabi/14.3 rel1/arm-none-eabi/include/c++/14.3.1/bits\stl_vector.h ****        *  This function provides for safer data access.  The parameter
1188:C:/Program Files (x86)/Arm GNU Toolchain arm-none-eabi/14.3 rel1/arm-none-eabi/include/c++/14.3.1/bits\stl_vector.h ****        *  is first checked that it is in the range of the vector.  The
1189:C:/Program Files (x86)/Arm GNU Toolchain arm-none-eabi/14.3 rel1/arm-none-eabi/include/c++/14.3.1/bits\stl_vector.h ****        *  function throws out_of_range if the check fails.
1190:C:/Program Files (x86)/Arm GNU Toolchain arm-none-eabi/14.3 rel1/arm-none-eabi/include/c++/14.3.1/bits\stl_vector.h ****        */
1191:C:/Program Files (x86)/Arm GNU Toolchain arm-none-eabi/14.3 rel1/arm-none-eabi/include/c++/14.3.1/bits\stl_vector.h ****       _GLIBCXX_NODISCARD _GLIBCXX20_CONSTEXPR
1192:C:/Program Files (x86)/Arm GNU Toolchain arm-none-eabi/14.3 rel1/arm-none-eabi/include/c++/14.3.1/bits\stl_vector.h ****       reference
1193:C:/Program Files (x86)/Arm GNU Toolchain arm-none-eabi/14.3 rel1/arm-none-eabi/include/c++/14.3.1/bits\stl_vector.h ****       at(size_type __n)
1194:C:/Program Files (x86)/Arm GNU Toolchain arm-none-eabi/14.3 rel1/arm-none-eabi/include/c++/14.3.1/bits\stl_vector.h ****       {
1195:C:/Program Files (x86)/Arm GNU Toolchain arm-none-eabi/14.3 rel1/arm-none-eabi/include/c++/14.3.1/bits\stl_vector.h **** 	_M_range_check(__n);
1196:C:/Program Files (x86)/Arm GNU Toolchain arm-none-eabi/14.3 rel1/arm-none-eabi/include/c++/14.3.1/bits\stl_vector.h **** 	return (*this)[__n];
1197:C:/Program Files (x86)/Arm GNU Toolchain arm-none-eabi/14.3 rel1/arm-none-eabi/include/c++/14.3.1/bits\stl_vector.h ****       }
1198:C:/Program Files (x86)/Arm GNU Toolchain arm-none-eabi/14.3 rel1/arm-none-eabi/include/c++/14.3.1/bits\stl_vector.h **** 
1199:C:/Program Files (x86)/Arm GNU Toolchain arm-none-eabi/14.3 rel1/arm-none-eabi/include/c++/14.3.1/bits\stl_vector.h ****       /**
1200:C:/Program Files (x86)/Arm GNU Toolchain arm-none-eabi/14.3 rel1/arm-none-eabi/include/c++/14.3.1/bits\stl_vector.h ****        *  @brief  Provides access to the data contained in the %vector.
1201:C:/Program Files (x86)/Arm GNU Toolchain arm-none-eabi/14.3 rel1/arm-none-eabi/include/c++/14.3.1/bits\stl_vector.h ****        *  @param __n The index of the element for which data should be
1202:C:/Program Files (x86)/Arm GNU Toolchain arm-none-eabi/14.3 rel1/arm-none-eabi/include/c++/14.3.1/bits\stl_vector.h ****        *  accessed.
1203:C:/Program Files (x86)/Arm GNU Toolchain arm-none-eabi/14.3 rel1/arm-none-eabi/include/c++/14.3.1/bits\stl_vector.h ****        *  @return  Read-only (constant) reference to data.
1204:C:/Program Files (x86)/Arm GNU Toolchain arm-none-eabi/14.3 rel1/arm-none-eabi/include/c++/14.3.1/bits\stl_vector.h ****        *  @throw  std::out_of_range  If @a __n is an invalid index.
1205:C:/Program Files (x86)/Arm GNU Toolchain arm-none-eabi/14.3 rel1/arm-none-eabi/include/c++/14.3.1/bits\stl_vector.h ****        *
1206:C:/Program Files (x86)/Arm GNU Toolchain arm-none-eabi/14.3 rel1/arm-none-eabi/include/c++/14.3.1/bits\stl_vector.h ****        *  This function provides for safer data access.  The parameter
ARM GAS  C:\Users\Oliver\AppData\Local\Temp\ccAPLW26.s 			page 37


1207:C:/Program Files (x86)/Arm GNU Toolchain arm-none-eabi/14.3 rel1/arm-none-eabi/include/c++/14.3.1/bits\stl_vector.h ****        *  is first checked that it is in the range of the vector.  The
1208:C:/Program Files (x86)/Arm GNU Toolchain arm-none-eabi/14.3 rel1/arm-none-eabi/include/c++/14.3.1/bits\stl_vector.h ****        *  function throws out_of_range if the check fails.
1209:C:/Program Files (x86)/Arm GNU Toolchain arm-none-eabi/14.3 rel1/arm-none-eabi/include/c++/14.3.1/bits\stl_vector.h ****        */
1210:C:/Program Files (x86)/Arm GNU Toolchain arm-none-eabi/14.3 rel1/arm-none-eabi/include/c++/14.3.1/bits\stl_vector.h ****       _GLIBCXX_NODISCARD _GLIBCXX20_CONSTEXPR
1211:C:/Program Files (x86)/Arm GNU Toolchain arm-none-eabi/14.3 rel1/arm-none-eabi/include/c++/14.3.1/bits\stl_vector.h ****       const_reference
1212:C:/Program Files (x86)/Arm GNU Toolchain arm-none-eabi/14.3 rel1/arm-none-eabi/include/c++/14.3.1/bits\stl_vector.h ****       at(size_type __n) const
1213:C:/Program Files (x86)/Arm GNU Toolchain arm-none-eabi/14.3 rel1/arm-none-eabi/include/c++/14.3.1/bits\stl_vector.h ****       {
1214:C:/Program Files (x86)/Arm GNU Toolchain arm-none-eabi/14.3 rel1/arm-none-eabi/include/c++/14.3.1/bits\stl_vector.h **** 	_M_range_check(__n);
1215:C:/Program Files (x86)/Arm GNU Toolchain arm-none-eabi/14.3 rel1/arm-none-eabi/include/c++/14.3.1/bits\stl_vector.h **** 	return (*this)[__n];
1216:C:/Program Files (x86)/Arm GNU Toolchain arm-none-eabi/14.3 rel1/arm-none-eabi/include/c++/14.3.1/bits\stl_vector.h ****       }
1217:C:/Program Files (x86)/Arm GNU Toolchain arm-none-eabi/14.3 rel1/arm-none-eabi/include/c++/14.3.1/bits\stl_vector.h **** 
1218:C:/Program Files (x86)/Arm GNU Toolchain arm-none-eabi/14.3 rel1/arm-none-eabi/include/c++/14.3.1/bits\stl_vector.h ****       /**
1219:C:/Program Files (x86)/Arm GNU Toolchain arm-none-eabi/14.3 rel1/arm-none-eabi/include/c++/14.3.1/bits\stl_vector.h ****        *  Returns a read/write reference to the data at the first
1220:C:/Program Files (x86)/Arm GNU Toolchain arm-none-eabi/14.3 rel1/arm-none-eabi/include/c++/14.3.1/bits\stl_vector.h ****        *  element of the %vector.
1221:C:/Program Files (x86)/Arm GNU Toolchain arm-none-eabi/14.3 rel1/arm-none-eabi/include/c++/14.3.1/bits\stl_vector.h ****        */
1222:C:/Program Files (x86)/Arm GNU Toolchain arm-none-eabi/14.3 rel1/arm-none-eabi/include/c++/14.3.1/bits\stl_vector.h ****       _GLIBCXX_NODISCARD _GLIBCXX20_CONSTEXPR
1223:C:/Program Files (x86)/Arm GNU Toolchain arm-none-eabi/14.3 rel1/arm-none-eabi/include/c++/14.3.1/bits\stl_vector.h ****       reference
1224:C:/Program Files (x86)/Arm GNU Toolchain arm-none-eabi/14.3 rel1/arm-none-eabi/include/c++/14.3.1/bits\stl_vector.h ****       front() _GLIBCXX_NOEXCEPT
1225:C:/Program Files (x86)/Arm GNU Toolchain arm-none-eabi/14.3 rel1/arm-none-eabi/include/c++/14.3.1/bits\stl_vector.h ****       {
1226:C:/Program Files (x86)/Arm GNU Toolchain arm-none-eabi/14.3 rel1/arm-none-eabi/include/c++/14.3.1/bits\stl_vector.h **** 	__glibcxx_requires_nonempty();
1227:C:/Program Files (x86)/Arm GNU Toolchain arm-none-eabi/14.3 rel1/arm-none-eabi/include/c++/14.3.1/bits\stl_vector.h **** 	return *begin();
1228:C:/Program Files (x86)/Arm GNU Toolchain arm-none-eabi/14.3 rel1/arm-none-eabi/include/c++/14.3.1/bits\stl_vector.h ****       }
1229:C:/Program Files (x86)/Arm GNU Toolchain arm-none-eabi/14.3 rel1/arm-none-eabi/include/c++/14.3.1/bits\stl_vector.h **** 
1230:C:/Program Files (x86)/Arm GNU Toolchain arm-none-eabi/14.3 rel1/arm-none-eabi/include/c++/14.3.1/bits\stl_vector.h ****       /**
1231:C:/Program Files (x86)/Arm GNU Toolchain arm-none-eabi/14.3 rel1/arm-none-eabi/include/c++/14.3.1/bits\stl_vector.h ****        *  Returns a read-only (constant) reference to the data at the first
1232:C:/Program Files (x86)/Arm GNU Toolchain arm-none-eabi/14.3 rel1/arm-none-eabi/include/c++/14.3.1/bits\stl_vector.h ****        *  element of the %vector.
1233:C:/Program Files (x86)/Arm GNU Toolchain arm-none-eabi/14.3 rel1/arm-none-eabi/include/c++/14.3.1/bits\stl_vector.h ****        */
1234:C:/Program Files (x86)/Arm GNU Toolchain arm-none-eabi/14.3 rel1/arm-none-eabi/include/c++/14.3.1/bits\stl_vector.h ****       _GLIBCXX_NODISCARD _GLIBCXX20_CONSTEXPR
1235:C:/Program Files (x86)/Arm GNU Toolchain arm-none-eabi/14.3 rel1/arm-none-eabi/include/c++/14.3.1/bits\stl_vector.h ****       const_reference
1236:C:/Program Files (x86)/Arm GNU Toolchain arm-none-eabi/14.3 rel1/arm-none-eabi/include/c++/14.3.1/bits\stl_vector.h ****       front() const _GLIBCXX_NOEXCEPT
1237:C:/Program Files (x86)/Arm GNU Toolchain arm-none-eabi/14.3 rel1/arm-none-eabi/include/c++/14.3.1/bits\stl_vector.h ****       {
1238:C:/Program Files (x86)/Arm GNU Toolchain arm-none-eabi/14.3 rel1/arm-none-eabi/include/c++/14.3.1/bits\stl_vector.h **** 	__glibcxx_requires_nonempty();
1239:C:/Program Files (x86)/Arm GNU Toolchain arm-none-eabi/14.3 rel1/arm-none-eabi/include/c++/14.3.1/bits\stl_vector.h **** 	return *begin();
1240:C:/Program Files (x86)/Arm GNU Toolchain arm-none-eabi/14.3 rel1/arm-none-eabi/include/c++/14.3.1/bits\stl_vector.h ****       }
1241:C:/Program Files (x86)/Arm GNU Toolchain arm-none-eabi/14.3 rel1/arm-none-eabi/include/c++/14.3.1/bits\stl_vector.h **** 
1242:C:/Program Files (x86)/Arm GNU Toolchain arm-none-eabi/14.3 rel1/arm-none-eabi/include/c++/14.3.1/bits\stl_vector.h ****       /**
1243:C:/Program Files (x86)/Arm GNU Toolchain arm-none-eabi/14.3 rel1/arm-none-eabi/include/c++/14.3.1/bits\stl_vector.h ****        *  Returns a read/write reference to the data at the last
1244:C:/Program Files (x86)/Arm GNU Toolchain arm-none-eabi/14.3 rel1/arm-none-eabi/include/c++/14.3.1/bits\stl_vector.h ****        *  element of the %vector.
1245:C:/Program Files (x86)/Arm GNU Toolchain arm-none-eabi/14.3 rel1/arm-none-eabi/include/c++/14.3.1/bits\stl_vector.h ****        */
1246:C:/Program Files (x86)/Arm GNU Toolchain arm-none-eabi/14.3 rel1/arm-none-eabi/include/c++/14.3.1/bits\stl_vector.h ****       _GLIBCXX_NODISCARD _GLIBCXX20_CONSTEXPR
1247:C:/Program Files (x86)/Arm GNU Toolchain arm-none-eabi/14.3 rel1/arm-none-eabi/include/c++/14.3.1/bits\stl_vector.h ****       reference
1248:C:/Program Files (x86)/Arm GNU Toolchain arm-none-eabi/14.3 rel1/arm-none-eabi/include/c++/14.3.1/bits\stl_vector.h ****       back() _GLIBCXX_NOEXCEPT
 490              		.loc 2 1248 7 view .LVU146
 491              	.LBB300:
 492              	.LBI300:
 906:C:/Program Files (x86)/Arm GNU Toolchain arm-none-eabi/14.3 rel1/arm-none-eabi/include/c++/14.3.1/bits\stl_vector.h ****       { return iterator(this->_M_impl._M_finish); }
 493              		.loc 2 906 7 view .LVU147
 494              	.LBB301:
 495              	.LBI301:
 496              		.file 3 "C:/Program Files (x86)/Arm GNU Toolchain arm-none-eabi/14.3 rel1/arm-none-eabi/include/c+
   1:C:/Program Files (x86)/Arm GNU Toolchain arm-none-eabi/14.3 rel1/arm-none-eabi/include/c++/14.3.1/bits\stl_iterator.h **** // Iterators -*- C++ -*-
   2:C:/Program Files (x86)/Arm GNU Toolchain arm-none-eabi/14.3 rel1/arm-none-eabi/include/c++/14.3.1/bits\stl_iterator.h **** 
   3:C:/Program Files (x86)/Arm GNU Toolchain arm-none-eabi/14.3 rel1/arm-none-eabi/include/c++/14.3.1/bits\stl_iterator.h **** // Copyright (C) 2001-2024 Free Software Foundation, Inc.
   4:C:/Program Files (x86)/Arm GNU Toolchain arm-none-eabi/14.3 rel1/arm-none-eabi/include/c++/14.3.1/bits\stl_iterator.h **** //
   5:C:/Program Files (x86)/Arm GNU Toolchain arm-none-eabi/14.3 rel1/arm-none-eabi/include/c++/14.3.1/bits\stl_iterator.h **** // This file is part of the GNU ISO C++ Library.  This library is free
   6:C:/Program Files (x86)/Arm GNU Toolchain arm-none-eabi/14.3 rel1/arm-none-eabi/include/c++/14.3.1/bits\stl_iterator.h **** // software; you can redistribute it and/or modify it under the
   7:C:/Program Files (x86)/Arm GNU Toolchain arm-none-eabi/14.3 rel1/arm-none-eabi/include/c++/14.3.1/bits\stl_iterator.h **** // terms of the GNU General Public License as published by the
ARM GAS  C:\Users\Oliver\AppData\Local\Temp\ccAPLW26.s 			page 38


   8:C:/Program Files (x86)/Arm GNU Toolchain arm-none-eabi/14.3 rel1/arm-none-eabi/include/c++/14.3.1/bits\stl_iterator.h **** // Free Software Foundation; either version 3, or (at your option)
   9:C:/Program Files (x86)/Arm GNU Toolchain arm-none-eabi/14.3 rel1/arm-none-eabi/include/c++/14.3.1/bits\stl_iterator.h **** // any later version.
  10:C:/Program Files (x86)/Arm GNU Toolchain arm-none-eabi/14.3 rel1/arm-none-eabi/include/c++/14.3.1/bits\stl_iterator.h **** 
  11:C:/Program Files (x86)/Arm GNU Toolchain arm-none-eabi/14.3 rel1/arm-none-eabi/include/c++/14.3.1/bits\stl_iterator.h **** // This library is distributed in the hope that it will be useful,
  12:C:/Program Files (x86)/Arm GNU Toolchain arm-none-eabi/14.3 rel1/arm-none-eabi/include/c++/14.3.1/bits\stl_iterator.h **** // but WITHOUT ANY WARRANTY; without even the implied warranty of
  13:C:/Program Files (x86)/Arm GNU Toolchain arm-none-eabi/14.3 rel1/arm-none-eabi/include/c++/14.3.1/bits\stl_iterator.h **** // MERCHANTABILITY or FITNESS FOR A PARTICULAR PURPOSE.  See the
  14:C:/Program Files (x86)/Arm GNU Toolchain arm-none-eabi/14.3 rel1/arm-none-eabi/include/c++/14.3.1/bits\stl_iterator.h **** // GNU General Public License for more details.
  15:C:/Program Files (x86)/Arm GNU Toolchain arm-none-eabi/14.3 rel1/arm-none-eabi/include/c++/14.3.1/bits\stl_iterator.h **** 
  16:C:/Program Files (x86)/Arm GNU Toolchain arm-none-eabi/14.3 rel1/arm-none-eabi/include/c++/14.3.1/bits\stl_iterator.h **** // Under Section 7 of GPL version 3, you are granted additional
  17:C:/Program Files (x86)/Arm GNU Toolchain arm-none-eabi/14.3 rel1/arm-none-eabi/include/c++/14.3.1/bits\stl_iterator.h **** // permissions described in the GCC Runtime Library Exception, version
  18:C:/Program Files (x86)/Arm GNU Toolchain arm-none-eabi/14.3 rel1/arm-none-eabi/include/c++/14.3.1/bits\stl_iterator.h **** // 3.1, as published by the Free Software Foundation.
  19:C:/Program Files (x86)/Arm GNU Toolchain arm-none-eabi/14.3 rel1/arm-none-eabi/include/c++/14.3.1/bits\stl_iterator.h **** 
  20:C:/Program Files (x86)/Arm GNU Toolchain arm-none-eabi/14.3 rel1/arm-none-eabi/include/c++/14.3.1/bits\stl_iterator.h **** // You should have received a copy of the GNU General Public License and
  21:C:/Program Files (x86)/Arm GNU Toolchain arm-none-eabi/14.3 rel1/arm-none-eabi/include/c++/14.3.1/bits\stl_iterator.h **** // a copy of the GCC Runtime Library Exception along with this program;
  22:C:/Program Files (x86)/Arm GNU Toolchain arm-none-eabi/14.3 rel1/arm-none-eabi/include/c++/14.3.1/bits\stl_iterator.h **** // see the files COPYING3 and COPYING.RUNTIME respectively.  If not, see
  23:C:/Program Files (x86)/Arm GNU Toolchain arm-none-eabi/14.3 rel1/arm-none-eabi/include/c++/14.3.1/bits\stl_iterator.h **** // <http://www.gnu.org/licenses/>.
  24:C:/Program Files (x86)/Arm GNU Toolchain arm-none-eabi/14.3 rel1/arm-none-eabi/include/c++/14.3.1/bits\stl_iterator.h **** 
  25:C:/Program Files (x86)/Arm GNU Toolchain arm-none-eabi/14.3 rel1/arm-none-eabi/include/c++/14.3.1/bits\stl_iterator.h **** /*
  26:C:/Program Files (x86)/Arm GNU Toolchain arm-none-eabi/14.3 rel1/arm-none-eabi/include/c++/14.3.1/bits\stl_iterator.h ****  *
  27:C:/Program Files (x86)/Arm GNU Toolchain arm-none-eabi/14.3 rel1/arm-none-eabi/include/c++/14.3.1/bits\stl_iterator.h ****  * Copyright (c) 1994
  28:C:/Program Files (x86)/Arm GNU Toolchain arm-none-eabi/14.3 rel1/arm-none-eabi/include/c++/14.3.1/bits\stl_iterator.h ****  * Hewlett-Packard Company
  29:C:/Program Files (x86)/Arm GNU Toolchain arm-none-eabi/14.3 rel1/arm-none-eabi/include/c++/14.3.1/bits\stl_iterator.h ****  *
  30:C:/Program Files (x86)/Arm GNU Toolchain arm-none-eabi/14.3 rel1/arm-none-eabi/include/c++/14.3.1/bits\stl_iterator.h ****  * Permission to use, copy, modify, distribute and sell this software
  31:C:/Program Files (x86)/Arm GNU Toolchain arm-none-eabi/14.3 rel1/arm-none-eabi/include/c++/14.3.1/bits\stl_iterator.h ****  * and its documentation for any purpose is hereby granted without fee,
  32:C:/Program Files (x86)/Arm GNU Toolchain arm-none-eabi/14.3 rel1/arm-none-eabi/include/c++/14.3.1/bits\stl_iterator.h ****  * provided that the above copyright notice appear in all copies and
  33:C:/Program Files (x86)/Arm GNU Toolchain arm-none-eabi/14.3 rel1/arm-none-eabi/include/c++/14.3.1/bits\stl_iterator.h ****  * that both that copyright notice and this permission notice appear
  34:C:/Program Files (x86)/Arm GNU Toolchain arm-none-eabi/14.3 rel1/arm-none-eabi/include/c++/14.3.1/bits\stl_iterator.h ****  * in supporting documentation.  Hewlett-Packard Company makes no
  35:C:/Program Files (x86)/Arm GNU Toolchain arm-none-eabi/14.3 rel1/arm-none-eabi/include/c++/14.3.1/bits\stl_iterator.h ****  * representations about the suitability of this software for any
  36:C:/Program Files (x86)/Arm GNU Toolchain arm-none-eabi/14.3 rel1/arm-none-eabi/include/c++/14.3.1/bits\stl_iterator.h ****  * purpose.  It is provided "as is" without express or implied warranty.
  37:C:/Program Files (x86)/Arm GNU Toolchain arm-none-eabi/14.3 rel1/arm-none-eabi/include/c++/14.3.1/bits\stl_iterator.h ****  *
  38:C:/Program Files (x86)/Arm GNU Toolchain arm-none-eabi/14.3 rel1/arm-none-eabi/include/c++/14.3.1/bits\stl_iterator.h ****  *
  39:C:/Program Files (x86)/Arm GNU Toolchain arm-none-eabi/14.3 rel1/arm-none-eabi/include/c++/14.3.1/bits\stl_iterator.h ****  * Copyright (c) 1996-1998
  40:C:/Program Files (x86)/Arm GNU Toolchain arm-none-eabi/14.3 rel1/arm-none-eabi/include/c++/14.3.1/bits\stl_iterator.h ****  * Silicon Graphics Computer Systems, Inc.
  41:C:/Program Files (x86)/Arm GNU Toolchain arm-none-eabi/14.3 rel1/arm-none-eabi/include/c++/14.3.1/bits\stl_iterator.h ****  *
  42:C:/Program Files (x86)/Arm GNU Toolchain arm-none-eabi/14.3 rel1/arm-none-eabi/include/c++/14.3.1/bits\stl_iterator.h ****  * Permission to use, copy, modify, distribute and sell this software
  43:C:/Program Files (x86)/Arm GNU Toolchain arm-none-eabi/14.3 rel1/arm-none-eabi/include/c++/14.3.1/bits\stl_iterator.h ****  * and its documentation for any purpose is hereby granted without fee,
  44:C:/Program Files (x86)/Arm GNU Toolchain arm-none-eabi/14.3 rel1/arm-none-eabi/include/c++/14.3.1/bits\stl_iterator.h ****  * provided that the above copyright notice appear in all copies and
  45:C:/Program Files (x86)/Arm GNU Toolchain arm-none-eabi/14.3 rel1/arm-none-eabi/include/c++/14.3.1/bits\stl_iterator.h ****  * that both that copyright notice and this permission notice appear
  46:C:/Program Files (x86)/Arm GNU Toolchain arm-none-eabi/14.3 rel1/arm-none-eabi/include/c++/14.3.1/bits\stl_iterator.h ****  * in supporting documentation.  Silicon Graphics makes no
  47:C:/Program Files (x86)/Arm GNU Toolchain arm-none-eabi/14.3 rel1/arm-none-eabi/include/c++/14.3.1/bits\stl_iterator.h ****  * representations about the suitability of this software for any
  48:C:/Program Files (x86)/Arm GNU Toolchain arm-none-eabi/14.3 rel1/arm-none-eabi/include/c++/14.3.1/bits\stl_iterator.h ****  * purpose.  It is provided "as is" without express or implied warranty.
  49:C:/Program Files (x86)/Arm GNU Toolchain arm-none-eabi/14.3 rel1/arm-none-eabi/include/c++/14.3.1/bits\stl_iterator.h ****  */
  50:C:/Program Files (x86)/Arm GNU Toolchain arm-none-eabi/14.3 rel1/arm-none-eabi/include/c++/14.3.1/bits\stl_iterator.h **** 
  51:C:/Program Files (x86)/Arm GNU Toolchain arm-none-eabi/14.3 rel1/arm-none-eabi/include/c++/14.3.1/bits\stl_iterator.h **** /** @file bits/stl_iterator.h
  52:C:/Program Files (x86)/Arm GNU Toolchain arm-none-eabi/14.3 rel1/arm-none-eabi/include/c++/14.3.1/bits\stl_iterator.h ****  *  This is an internal header file, included by other library headers.
  53:C:/Program Files (x86)/Arm GNU Toolchain arm-none-eabi/14.3 rel1/arm-none-eabi/include/c++/14.3.1/bits\stl_iterator.h ****  *  Do not attempt to use it directly. @headername{iterator}
  54:C:/Program Files (x86)/Arm GNU Toolchain arm-none-eabi/14.3 rel1/arm-none-eabi/include/c++/14.3.1/bits\stl_iterator.h ****  *
  55:C:/Program Files (x86)/Arm GNU Toolchain arm-none-eabi/14.3 rel1/arm-none-eabi/include/c++/14.3.1/bits\stl_iterator.h ****  *  This file implements reverse_iterator, back_insert_iterator,
  56:C:/Program Files (x86)/Arm GNU Toolchain arm-none-eabi/14.3 rel1/arm-none-eabi/include/c++/14.3.1/bits\stl_iterator.h ****  *  front_insert_iterator, insert_iterator, __normal_iterator, and their
  57:C:/Program Files (x86)/Arm GNU Toolchain arm-none-eabi/14.3 rel1/arm-none-eabi/include/c++/14.3.1/bits\stl_iterator.h ****  *  supporting functions and overloaded operators.
  58:C:/Program Files (x86)/Arm GNU Toolchain arm-none-eabi/14.3 rel1/arm-none-eabi/include/c++/14.3.1/bits\stl_iterator.h ****  */
  59:C:/Program Files (x86)/Arm GNU Toolchain arm-none-eabi/14.3 rel1/arm-none-eabi/include/c++/14.3.1/bits\stl_iterator.h **** 
  60:C:/Program Files (x86)/Arm GNU Toolchain arm-none-eabi/14.3 rel1/arm-none-eabi/include/c++/14.3.1/bits\stl_iterator.h **** #ifndef _STL_ITERATOR_H
  61:C:/Program Files (x86)/Arm GNU Toolchain arm-none-eabi/14.3 rel1/arm-none-eabi/include/c++/14.3.1/bits\stl_iterator.h **** #define _STL_ITERATOR_H 1
  62:C:/Program Files (x86)/Arm GNU Toolchain arm-none-eabi/14.3 rel1/arm-none-eabi/include/c++/14.3.1/bits\stl_iterator.h **** 
  63:C:/Program Files (x86)/Arm GNU Toolchain arm-none-eabi/14.3 rel1/arm-none-eabi/include/c++/14.3.1/bits\stl_iterator.h **** #include <bits/cpp_type_traits.h>
  64:C:/Program Files (x86)/Arm GNU Toolchain arm-none-eabi/14.3 rel1/arm-none-eabi/include/c++/14.3.1/bits\stl_iterator.h **** #include <bits/stl_iterator_base_types.h>
ARM GAS  C:\Users\Oliver\AppData\Local\Temp\ccAPLW26.s 			page 39


  65:C:/Program Files (x86)/Arm GNU Toolchain arm-none-eabi/14.3 rel1/arm-none-eabi/include/c++/14.3.1/bits\stl_iterator.h **** #include <ext/type_traits.h>
  66:C:/Program Files (x86)/Arm GNU Toolchain arm-none-eabi/14.3 rel1/arm-none-eabi/include/c++/14.3.1/bits\stl_iterator.h **** #include <bits/move.h>
  67:C:/Program Files (x86)/Arm GNU Toolchain arm-none-eabi/14.3 rel1/arm-none-eabi/include/c++/14.3.1/bits\stl_iterator.h **** #include <bits/ptr_traits.h>
  68:C:/Program Files (x86)/Arm GNU Toolchain arm-none-eabi/14.3 rel1/arm-none-eabi/include/c++/14.3.1/bits\stl_iterator.h **** 
  69:C:/Program Files (x86)/Arm GNU Toolchain arm-none-eabi/14.3 rel1/arm-none-eabi/include/c++/14.3.1/bits\stl_iterator.h **** #if __cplusplus >= 201103L
  70:C:/Program Files (x86)/Arm GNU Toolchain arm-none-eabi/14.3 rel1/arm-none-eabi/include/c++/14.3.1/bits\stl_iterator.h **** # include <type_traits>
  71:C:/Program Files (x86)/Arm GNU Toolchain arm-none-eabi/14.3 rel1/arm-none-eabi/include/c++/14.3.1/bits\stl_iterator.h **** #endif
  72:C:/Program Files (x86)/Arm GNU Toolchain arm-none-eabi/14.3 rel1/arm-none-eabi/include/c++/14.3.1/bits\stl_iterator.h **** 
  73:C:/Program Files (x86)/Arm GNU Toolchain arm-none-eabi/14.3 rel1/arm-none-eabi/include/c++/14.3.1/bits\stl_iterator.h **** #if __cplusplus >= 202002L
  74:C:/Program Files (x86)/Arm GNU Toolchain arm-none-eabi/14.3 rel1/arm-none-eabi/include/c++/14.3.1/bits\stl_iterator.h **** # include <compare>
  75:C:/Program Files (x86)/Arm GNU Toolchain arm-none-eabi/14.3 rel1/arm-none-eabi/include/c++/14.3.1/bits\stl_iterator.h **** # include <new>
  76:C:/Program Files (x86)/Arm GNU Toolchain arm-none-eabi/14.3 rel1/arm-none-eabi/include/c++/14.3.1/bits\stl_iterator.h **** # include <bits/exception_defines.h>
  77:C:/Program Files (x86)/Arm GNU Toolchain arm-none-eabi/14.3 rel1/arm-none-eabi/include/c++/14.3.1/bits\stl_iterator.h **** # include <bits/iterator_concepts.h>
  78:C:/Program Files (x86)/Arm GNU Toolchain arm-none-eabi/14.3 rel1/arm-none-eabi/include/c++/14.3.1/bits\stl_iterator.h **** # include <bits/stl_construct.h>
  79:C:/Program Files (x86)/Arm GNU Toolchain arm-none-eabi/14.3 rel1/arm-none-eabi/include/c++/14.3.1/bits\stl_iterator.h **** #endif
  80:C:/Program Files (x86)/Arm GNU Toolchain arm-none-eabi/14.3 rel1/arm-none-eabi/include/c++/14.3.1/bits\stl_iterator.h **** 
  81:C:/Program Files (x86)/Arm GNU Toolchain arm-none-eabi/14.3 rel1/arm-none-eabi/include/c++/14.3.1/bits\stl_iterator.h **** #if __glibcxx_tuple_like // >= C++23
  82:C:/Program Files (x86)/Arm GNU Toolchain arm-none-eabi/14.3 rel1/arm-none-eabi/include/c++/14.3.1/bits\stl_iterator.h **** # include <bits/utility.h> // for tuple_element_t
  83:C:/Program Files (x86)/Arm GNU Toolchain arm-none-eabi/14.3 rel1/arm-none-eabi/include/c++/14.3.1/bits\stl_iterator.h **** #endif
  84:C:/Program Files (x86)/Arm GNU Toolchain arm-none-eabi/14.3 rel1/arm-none-eabi/include/c++/14.3.1/bits\stl_iterator.h **** 
  85:C:/Program Files (x86)/Arm GNU Toolchain arm-none-eabi/14.3 rel1/arm-none-eabi/include/c++/14.3.1/bits\stl_iterator.h **** namespace std _GLIBCXX_VISIBILITY(default)
  86:C:/Program Files (x86)/Arm GNU Toolchain arm-none-eabi/14.3 rel1/arm-none-eabi/include/c++/14.3.1/bits\stl_iterator.h **** {
  87:C:/Program Files (x86)/Arm GNU Toolchain arm-none-eabi/14.3 rel1/arm-none-eabi/include/c++/14.3.1/bits\stl_iterator.h **** _GLIBCXX_BEGIN_NAMESPACE_VERSION
  88:C:/Program Files (x86)/Arm GNU Toolchain arm-none-eabi/14.3 rel1/arm-none-eabi/include/c++/14.3.1/bits\stl_iterator.h **** 
  89:C:/Program Files (x86)/Arm GNU Toolchain arm-none-eabi/14.3 rel1/arm-none-eabi/include/c++/14.3.1/bits\stl_iterator.h ****   /**
  90:C:/Program Files (x86)/Arm GNU Toolchain arm-none-eabi/14.3 rel1/arm-none-eabi/include/c++/14.3.1/bits\stl_iterator.h ****    * @addtogroup iterators
  91:C:/Program Files (x86)/Arm GNU Toolchain arm-none-eabi/14.3 rel1/arm-none-eabi/include/c++/14.3.1/bits\stl_iterator.h ****    * @{
  92:C:/Program Files (x86)/Arm GNU Toolchain arm-none-eabi/14.3 rel1/arm-none-eabi/include/c++/14.3.1/bits\stl_iterator.h ****    */
  93:C:/Program Files (x86)/Arm GNU Toolchain arm-none-eabi/14.3 rel1/arm-none-eabi/include/c++/14.3.1/bits\stl_iterator.h **** 
  94:C:/Program Files (x86)/Arm GNU Toolchain arm-none-eabi/14.3 rel1/arm-none-eabi/include/c++/14.3.1/bits\stl_iterator.h **** #if __glibcxx_concepts
  95:C:/Program Files (x86)/Arm GNU Toolchain arm-none-eabi/14.3 rel1/arm-none-eabi/include/c++/14.3.1/bits\stl_iterator.h ****   namespace __detail
  96:C:/Program Files (x86)/Arm GNU Toolchain arm-none-eabi/14.3 rel1/arm-none-eabi/include/c++/14.3.1/bits\stl_iterator.h ****   {
  97:C:/Program Files (x86)/Arm GNU Toolchain arm-none-eabi/14.3 rel1/arm-none-eabi/include/c++/14.3.1/bits\stl_iterator.h ****     // Weaken iterator_category _Cat to _Limit if it is derived from that,
  98:C:/Program Files (x86)/Arm GNU Toolchain arm-none-eabi/14.3 rel1/arm-none-eabi/include/c++/14.3.1/bits\stl_iterator.h ****     // otherwise use _Otherwise.
  99:C:/Program Files (x86)/Arm GNU Toolchain arm-none-eabi/14.3 rel1/arm-none-eabi/include/c++/14.3.1/bits\stl_iterator.h ****     template<typename _Cat, typename _Limit, typename _Otherwise = _Cat>
 100:C:/Program Files (x86)/Arm GNU Toolchain arm-none-eabi/14.3 rel1/arm-none-eabi/include/c++/14.3.1/bits\stl_iterator.h ****       using __clamp_iter_cat
 101:C:/Program Files (x86)/Arm GNU Toolchain arm-none-eabi/14.3 rel1/arm-none-eabi/include/c++/14.3.1/bits\stl_iterator.h **** 	= __conditional_t<derived_from<_Cat, _Limit>, _Limit, _Otherwise>;
 102:C:/Program Files (x86)/Arm GNU Toolchain arm-none-eabi/14.3 rel1/arm-none-eabi/include/c++/14.3.1/bits\stl_iterator.h ****   }
 103:C:/Program Files (x86)/Arm GNU Toolchain arm-none-eabi/14.3 rel1/arm-none-eabi/include/c++/14.3.1/bits\stl_iterator.h **** #endif
 104:C:/Program Files (x86)/Arm GNU Toolchain arm-none-eabi/14.3 rel1/arm-none-eabi/include/c++/14.3.1/bits\stl_iterator.h **** 
 105:C:/Program Files (x86)/Arm GNU Toolchain arm-none-eabi/14.3 rel1/arm-none-eabi/include/c++/14.3.1/bits\stl_iterator.h **** // Ignore warnings about std::iterator.
 106:C:/Program Files (x86)/Arm GNU Toolchain arm-none-eabi/14.3 rel1/arm-none-eabi/include/c++/14.3.1/bits\stl_iterator.h **** #pragma GCC diagnostic push
 107:C:/Program Files (x86)/Arm GNU Toolchain arm-none-eabi/14.3 rel1/arm-none-eabi/include/c++/14.3.1/bits\stl_iterator.h **** #pragma GCC diagnostic ignored "-Wdeprecated-declarations"
 108:C:/Program Files (x86)/Arm GNU Toolchain arm-none-eabi/14.3 rel1/arm-none-eabi/include/c++/14.3.1/bits\stl_iterator.h **** 
 109:C:/Program Files (x86)/Arm GNU Toolchain arm-none-eabi/14.3 rel1/arm-none-eabi/include/c++/14.3.1/bits\stl_iterator.h ****   // 24.4.1 Reverse iterators
 110:C:/Program Files (x86)/Arm GNU Toolchain arm-none-eabi/14.3 rel1/arm-none-eabi/include/c++/14.3.1/bits\stl_iterator.h ****   /**
 111:C:/Program Files (x86)/Arm GNU Toolchain arm-none-eabi/14.3 rel1/arm-none-eabi/include/c++/14.3.1/bits\stl_iterator.h ****    *  Bidirectional and random access iterators have corresponding reverse
 112:C:/Program Files (x86)/Arm GNU Toolchain arm-none-eabi/14.3 rel1/arm-none-eabi/include/c++/14.3.1/bits\stl_iterator.h ****    *  %iterator adaptors that iterate through the data structure in the
 113:C:/Program Files (x86)/Arm GNU Toolchain arm-none-eabi/14.3 rel1/arm-none-eabi/include/c++/14.3.1/bits\stl_iterator.h ****    *  opposite direction.  They have the same signatures as the corresponding
 114:C:/Program Files (x86)/Arm GNU Toolchain arm-none-eabi/14.3 rel1/arm-none-eabi/include/c++/14.3.1/bits\stl_iterator.h ****    *  iterators.  The fundamental relation between a reverse %iterator and its
 115:C:/Program Files (x86)/Arm GNU Toolchain arm-none-eabi/14.3 rel1/arm-none-eabi/include/c++/14.3.1/bits\stl_iterator.h ****    *  corresponding %iterator @c i is established by the identity:
 116:C:/Program Files (x86)/Arm GNU Toolchain arm-none-eabi/14.3 rel1/arm-none-eabi/include/c++/14.3.1/bits\stl_iterator.h ****    *  @code
 117:C:/Program Files (x86)/Arm GNU Toolchain arm-none-eabi/14.3 rel1/arm-none-eabi/include/c++/14.3.1/bits\stl_iterator.h ****    *      &*(reverse_iterator(i)) == &*(i - 1)
 118:C:/Program Files (x86)/Arm GNU Toolchain arm-none-eabi/14.3 rel1/arm-none-eabi/include/c++/14.3.1/bits\stl_iterator.h ****    *  @endcode
 119:C:/Program Files (x86)/Arm GNU Toolchain arm-none-eabi/14.3 rel1/arm-none-eabi/include/c++/14.3.1/bits\stl_iterator.h ****    *
 120:C:/Program Files (x86)/Arm GNU Toolchain arm-none-eabi/14.3 rel1/arm-none-eabi/include/c++/14.3.1/bits\stl_iterator.h ****    *  <em>This mapping is dictated by the fact that while there is always a
 121:C:/Program Files (x86)/Arm GNU Toolchain arm-none-eabi/14.3 rel1/arm-none-eabi/include/c++/14.3.1/bits\stl_iterator.h ****    *  pointer past the end of an array, there might not be a valid pointer
ARM GAS  C:\Users\Oliver\AppData\Local\Temp\ccAPLW26.s 			page 40


 122:C:/Program Files (x86)/Arm GNU Toolchain arm-none-eabi/14.3 rel1/arm-none-eabi/include/c++/14.3.1/bits\stl_iterator.h ****    *  before the beginning of an array.</em> [24.4.1]/1,2
 123:C:/Program Files (x86)/Arm GNU Toolchain arm-none-eabi/14.3 rel1/arm-none-eabi/include/c++/14.3.1/bits\stl_iterator.h ****    *
 124:C:/Program Files (x86)/Arm GNU Toolchain arm-none-eabi/14.3 rel1/arm-none-eabi/include/c++/14.3.1/bits\stl_iterator.h ****    *  Reverse iterators can be tricky and surprising at first.  Their
 125:C:/Program Files (x86)/Arm GNU Toolchain arm-none-eabi/14.3 rel1/arm-none-eabi/include/c++/14.3.1/bits\stl_iterator.h ****    *  semantics make sense, however, and the trickiness is a side effect of
 126:C:/Program Files (x86)/Arm GNU Toolchain arm-none-eabi/14.3 rel1/arm-none-eabi/include/c++/14.3.1/bits\stl_iterator.h ****    *  the requirement that the iterators must be safe.
 127:C:/Program Files (x86)/Arm GNU Toolchain arm-none-eabi/14.3 rel1/arm-none-eabi/include/c++/14.3.1/bits\stl_iterator.h ****   */
 128:C:/Program Files (x86)/Arm GNU Toolchain arm-none-eabi/14.3 rel1/arm-none-eabi/include/c++/14.3.1/bits\stl_iterator.h ****   template<typename _Iterator>
 129:C:/Program Files (x86)/Arm GNU Toolchain arm-none-eabi/14.3 rel1/arm-none-eabi/include/c++/14.3.1/bits\stl_iterator.h ****     class reverse_iterator
 130:C:/Program Files (x86)/Arm GNU Toolchain arm-none-eabi/14.3 rel1/arm-none-eabi/include/c++/14.3.1/bits\stl_iterator.h ****     : public iterator<typename iterator_traits<_Iterator>::iterator_category,
 131:C:/Program Files (x86)/Arm GNU Toolchain arm-none-eabi/14.3 rel1/arm-none-eabi/include/c++/14.3.1/bits\stl_iterator.h **** 		      typename iterator_traits<_Iterator>::value_type,
 132:C:/Program Files (x86)/Arm GNU Toolchain arm-none-eabi/14.3 rel1/arm-none-eabi/include/c++/14.3.1/bits\stl_iterator.h **** 		      typename iterator_traits<_Iterator>::difference_type,
 133:C:/Program Files (x86)/Arm GNU Toolchain arm-none-eabi/14.3 rel1/arm-none-eabi/include/c++/14.3.1/bits\stl_iterator.h **** 		      typename iterator_traits<_Iterator>::pointer,
 134:C:/Program Files (x86)/Arm GNU Toolchain arm-none-eabi/14.3 rel1/arm-none-eabi/include/c++/14.3.1/bits\stl_iterator.h ****                       typename iterator_traits<_Iterator>::reference>
 135:C:/Program Files (x86)/Arm GNU Toolchain arm-none-eabi/14.3 rel1/arm-none-eabi/include/c++/14.3.1/bits\stl_iterator.h ****     {
 136:C:/Program Files (x86)/Arm GNU Toolchain arm-none-eabi/14.3 rel1/arm-none-eabi/include/c++/14.3.1/bits\stl_iterator.h ****       template<typename _Iter>
 137:C:/Program Files (x86)/Arm GNU Toolchain arm-none-eabi/14.3 rel1/arm-none-eabi/include/c++/14.3.1/bits\stl_iterator.h **** 	friend class reverse_iterator;
 138:C:/Program Files (x86)/Arm GNU Toolchain arm-none-eabi/14.3 rel1/arm-none-eabi/include/c++/14.3.1/bits\stl_iterator.h **** 
 139:C:/Program Files (x86)/Arm GNU Toolchain arm-none-eabi/14.3 rel1/arm-none-eabi/include/c++/14.3.1/bits\stl_iterator.h **** #if __glibcxx_concepts
 140:C:/Program Files (x86)/Arm GNU Toolchain arm-none-eabi/14.3 rel1/arm-none-eabi/include/c++/14.3.1/bits\stl_iterator.h ****       // _GLIBCXX_RESOLVE_LIB_DEFECTS
 141:C:/Program Files (x86)/Arm GNU Toolchain arm-none-eabi/14.3 rel1/arm-none-eabi/include/c++/14.3.1/bits\stl_iterator.h ****       // 3435. three_way_comparable_with<reverse_iterator<int*>, [...]>
 142:C:/Program Files (x86)/Arm GNU Toolchain arm-none-eabi/14.3 rel1/arm-none-eabi/include/c++/14.3.1/bits\stl_iterator.h ****       template<typename _Iter>
 143:C:/Program Files (x86)/Arm GNU Toolchain arm-none-eabi/14.3 rel1/arm-none-eabi/include/c++/14.3.1/bits\stl_iterator.h **** 	static constexpr bool __convertible = !is_same_v<_Iter, _Iterator>
 144:C:/Program Files (x86)/Arm GNU Toolchain arm-none-eabi/14.3 rel1/arm-none-eabi/include/c++/14.3.1/bits\stl_iterator.h **** 	    && convertible_to<const _Iter&, _Iterator>;
 145:C:/Program Files (x86)/Arm GNU Toolchain arm-none-eabi/14.3 rel1/arm-none-eabi/include/c++/14.3.1/bits\stl_iterator.h **** #endif
 146:C:/Program Files (x86)/Arm GNU Toolchain arm-none-eabi/14.3 rel1/arm-none-eabi/include/c++/14.3.1/bits\stl_iterator.h **** 
 147:C:/Program Files (x86)/Arm GNU Toolchain arm-none-eabi/14.3 rel1/arm-none-eabi/include/c++/14.3.1/bits\stl_iterator.h ****     protected:
 148:C:/Program Files (x86)/Arm GNU Toolchain arm-none-eabi/14.3 rel1/arm-none-eabi/include/c++/14.3.1/bits\stl_iterator.h ****       _Iterator current;
 149:C:/Program Files (x86)/Arm GNU Toolchain arm-none-eabi/14.3 rel1/arm-none-eabi/include/c++/14.3.1/bits\stl_iterator.h **** 
 150:C:/Program Files (x86)/Arm GNU Toolchain arm-none-eabi/14.3 rel1/arm-none-eabi/include/c++/14.3.1/bits\stl_iterator.h ****       typedef iterator_traits<_Iterator>		__traits_type;
 151:C:/Program Files (x86)/Arm GNU Toolchain arm-none-eabi/14.3 rel1/arm-none-eabi/include/c++/14.3.1/bits\stl_iterator.h **** 
 152:C:/Program Files (x86)/Arm GNU Toolchain arm-none-eabi/14.3 rel1/arm-none-eabi/include/c++/14.3.1/bits\stl_iterator.h ****     public:
 153:C:/Program Files (x86)/Arm GNU Toolchain arm-none-eabi/14.3 rel1/arm-none-eabi/include/c++/14.3.1/bits\stl_iterator.h ****       typedef _Iterator					iterator_type;
 154:C:/Program Files (x86)/Arm GNU Toolchain arm-none-eabi/14.3 rel1/arm-none-eabi/include/c++/14.3.1/bits\stl_iterator.h ****       typedef typename __traits_type::pointer		pointer;
 155:C:/Program Files (x86)/Arm GNU Toolchain arm-none-eabi/14.3 rel1/arm-none-eabi/include/c++/14.3.1/bits\stl_iterator.h **** #if ! __glibcxx_concepts
 156:C:/Program Files (x86)/Arm GNU Toolchain arm-none-eabi/14.3 rel1/arm-none-eabi/include/c++/14.3.1/bits\stl_iterator.h ****       typedef typename __traits_type::difference_type	difference_type;
 157:C:/Program Files (x86)/Arm GNU Toolchain arm-none-eabi/14.3 rel1/arm-none-eabi/include/c++/14.3.1/bits\stl_iterator.h ****       typedef typename __traits_type::reference		reference;
 158:C:/Program Files (x86)/Arm GNU Toolchain arm-none-eabi/14.3 rel1/arm-none-eabi/include/c++/14.3.1/bits\stl_iterator.h **** #else
 159:C:/Program Files (x86)/Arm GNU Toolchain arm-none-eabi/14.3 rel1/arm-none-eabi/include/c++/14.3.1/bits\stl_iterator.h ****       using iterator_concept
 160:C:/Program Files (x86)/Arm GNU Toolchain arm-none-eabi/14.3 rel1/arm-none-eabi/include/c++/14.3.1/bits\stl_iterator.h **** 	= __conditional_t<random_access_iterator<_Iterator>,
 161:C:/Program Files (x86)/Arm GNU Toolchain arm-none-eabi/14.3 rel1/arm-none-eabi/include/c++/14.3.1/bits\stl_iterator.h **** 			  random_access_iterator_tag,
 162:C:/Program Files (x86)/Arm GNU Toolchain arm-none-eabi/14.3 rel1/arm-none-eabi/include/c++/14.3.1/bits\stl_iterator.h **** 			  bidirectional_iterator_tag>;
 163:C:/Program Files (x86)/Arm GNU Toolchain arm-none-eabi/14.3 rel1/arm-none-eabi/include/c++/14.3.1/bits\stl_iterator.h ****       using iterator_category
 164:C:/Program Files (x86)/Arm GNU Toolchain arm-none-eabi/14.3 rel1/arm-none-eabi/include/c++/14.3.1/bits\stl_iterator.h **** 	= __detail::__clamp_iter_cat<typename __traits_type::iterator_category,
 165:C:/Program Files (x86)/Arm GNU Toolchain arm-none-eabi/14.3 rel1/arm-none-eabi/include/c++/14.3.1/bits\stl_iterator.h **** 				     random_access_iterator_tag>;
 166:C:/Program Files (x86)/Arm GNU Toolchain arm-none-eabi/14.3 rel1/arm-none-eabi/include/c++/14.3.1/bits\stl_iterator.h ****       using value_type = iter_value_t<_Iterator>;
 167:C:/Program Files (x86)/Arm GNU Toolchain arm-none-eabi/14.3 rel1/arm-none-eabi/include/c++/14.3.1/bits\stl_iterator.h ****       using difference_type = iter_difference_t<_Iterator>;
 168:C:/Program Files (x86)/Arm GNU Toolchain arm-none-eabi/14.3 rel1/arm-none-eabi/include/c++/14.3.1/bits\stl_iterator.h ****       using reference = iter_reference_t<_Iterator>;
 169:C:/Program Files (x86)/Arm GNU Toolchain arm-none-eabi/14.3 rel1/arm-none-eabi/include/c++/14.3.1/bits\stl_iterator.h **** #endif
 170:C:/Program Files (x86)/Arm GNU Toolchain arm-none-eabi/14.3 rel1/arm-none-eabi/include/c++/14.3.1/bits\stl_iterator.h **** 
 171:C:/Program Files (x86)/Arm GNU Toolchain arm-none-eabi/14.3 rel1/arm-none-eabi/include/c++/14.3.1/bits\stl_iterator.h ****       /**
 172:C:/Program Files (x86)/Arm GNU Toolchain arm-none-eabi/14.3 rel1/arm-none-eabi/include/c++/14.3.1/bits\stl_iterator.h ****        *  The default constructor value-initializes member @p current.
 173:C:/Program Files (x86)/Arm GNU Toolchain arm-none-eabi/14.3 rel1/arm-none-eabi/include/c++/14.3.1/bits\stl_iterator.h ****        *  If it is a pointer, that means it is zero-initialized.
 174:C:/Program Files (x86)/Arm GNU Toolchain arm-none-eabi/14.3 rel1/arm-none-eabi/include/c++/14.3.1/bits\stl_iterator.h ****       */
 175:C:/Program Files (x86)/Arm GNU Toolchain arm-none-eabi/14.3 rel1/arm-none-eabi/include/c++/14.3.1/bits\stl_iterator.h ****       // _GLIBCXX_RESOLVE_LIB_DEFECTS
 176:C:/Program Files (x86)/Arm GNU Toolchain arm-none-eabi/14.3 rel1/arm-none-eabi/include/c++/14.3.1/bits\stl_iterator.h ****       // 235 No specification of default ctor for reverse_iterator
 177:C:/Program Files (x86)/Arm GNU Toolchain arm-none-eabi/14.3 rel1/arm-none-eabi/include/c++/14.3.1/bits\stl_iterator.h ****       // 1012. reverse_iterator default ctor should value initialize
 178:C:/Program Files (x86)/Arm GNU Toolchain arm-none-eabi/14.3 rel1/arm-none-eabi/include/c++/14.3.1/bits\stl_iterator.h ****       _GLIBCXX17_CONSTEXPR
ARM GAS  C:\Users\Oliver\AppData\Local\Temp\ccAPLW26.s 			page 41


 179:C:/Program Files (x86)/Arm GNU Toolchain arm-none-eabi/14.3 rel1/arm-none-eabi/include/c++/14.3.1/bits\stl_iterator.h ****       reverse_iterator()
 180:C:/Program Files (x86)/Arm GNU Toolchain arm-none-eabi/14.3 rel1/arm-none-eabi/include/c++/14.3.1/bits\stl_iterator.h ****       _GLIBCXX_NOEXCEPT_IF(noexcept(_Iterator()))
 181:C:/Program Files (x86)/Arm GNU Toolchain arm-none-eabi/14.3 rel1/arm-none-eabi/include/c++/14.3.1/bits\stl_iterator.h ****       : current()
 182:C:/Program Files (x86)/Arm GNU Toolchain arm-none-eabi/14.3 rel1/arm-none-eabi/include/c++/14.3.1/bits\stl_iterator.h ****       { }
 183:C:/Program Files (x86)/Arm GNU Toolchain arm-none-eabi/14.3 rel1/arm-none-eabi/include/c++/14.3.1/bits\stl_iterator.h **** 
 184:C:/Program Files (x86)/Arm GNU Toolchain arm-none-eabi/14.3 rel1/arm-none-eabi/include/c++/14.3.1/bits\stl_iterator.h ****       /**
 185:C:/Program Files (x86)/Arm GNU Toolchain arm-none-eabi/14.3 rel1/arm-none-eabi/include/c++/14.3.1/bits\stl_iterator.h ****        *  This %iterator will move in the opposite direction that @p x does.
 186:C:/Program Files (x86)/Arm GNU Toolchain arm-none-eabi/14.3 rel1/arm-none-eabi/include/c++/14.3.1/bits\stl_iterator.h ****       */
 187:C:/Program Files (x86)/Arm GNU Toolchain arm-none-eabi/14.3 rel1/arm-none-eabi/include/c++/14.3.1/bits\stl_iterator.h ****       explicit _GLIBCXX17_CONSTEXPR
 188:C:/Program Files (x86)/Arm GNU Toolchain arm-none-eabi/14.3 rel1/arm-none-eabi/include/c++/14.3.1/bits\stl_iterator.h ****       reverse_iterator(iterator_type __x)
 189:C:/Program Files (x86)/Arm GNU Toolchain arm-none-eabi/14.3 rel1/arm-none-eabi/include/c++/14.3.1/bits\stl_iterator.h ****       _GLIBCXX_NOEXCEPT_IF(noexcept(_Iterator(__x)))
 190:C:/Program Files (x86)/Arm GNU Toolchain arm-none-eabi/14.3 rel1/arm-none-eabi/include/c++/14.3.1/bits\stl_iterator.h ****       : current(__x)
 191:C:/Program Files (x86)/Arm GNU Toolchain arm-none-eabi/14.3 rel1/arm-none-eabi/include/c++/14.3.1/bits\stl_iterator.h ****       { }
 192:C:/Program Files (x86)/Arm GNU Toolchain arm-none-eabi/14.3 rel1/arm-none-eabi/include/c++/14.3.1/bits\stl_iterator.h **** 
 193:C:/Program Files (x86)/Arm GNU Toolchain arm-none-eabi/14.3 rel1/arm-none-eabi/include/c++/14.3.1/bits\stl_iterator.h ****       /**
 194:C:/Program Files (x86)/Arm GNU Toolchain arm-none-eabi/14.3 rel1/arm-none-eabi/include/c++/14.3.1/bits\stl_iterator.h ****        *  The copy constructor is normal.
 195:C:/Program Files (x86)/Arm GNU Toolchain arm-none-eabi/14.3 rel1/arm-none-eabi/include/c++/14.3.1/bits\stl_iterator.h ****       */
 196:C:/Program Files (x86)/Arm GNU Toolchain arm-none-eabi/14.3 rel1/arm-none-eabi/include/c++/14.3.1/bits\stl_iterator.h ****       _GLIBCXX17_CONSTEXPR
 197:C:/Program Files (x86)/Arm GNU Toolchain arm-none-eabi/14.3 rel1/arm-none-eabi/include/c++/14.3.1/bits\stl_iterator.h ****       reverse_iterator(const reverse_iterator& __x)
 198:C:/Program Files (x86)/Arm GNU Toolchain arm-none-eabi/14.3 rel1/arm-none-eabi/include/c++/14.3.1/bits\stl_iterator.h ****       _GLIBCXX_NOEXCEPT_IF(noexcept(_Iterator(__x.current)))
 199:C:/Program Files (x86)/Arm GNU Toolchain arm-none-eabi/14.3 rel1/arm-none-eabi/include/c++/14.3.1/bits\stl_iterator.h ****       : current(__x.current)
 200:C:/Program Files (x86)/Arm GNU Toolchain arm-none-eabi/14.3 rel1/arm-none-eabi/include/c++/14.3.1/bits\stl_iterator.h ****       { }
 201:C:/Program Files (x86)/Arm GNU Toolchain arm-none-eabi/14.3 rel1/arm-none-eabi/include/c++/14.3.1/bits\stl_iterator.h **** 
 202:C:/Program Files (x86)/Arm GNU Toolchain arm-none-eabi/14.3 rel1/arm-none-eabi/include/c++/14.3.1/bits\stl_iterator.h **** #if __cplusplus >= 201103L
 203:C:/Program Files (x86)/Arm GNU Toolchain arm-none-eabi/14.3 rel1/arm-none-eabi/include/c++/14.3.1/bits\stl_iterator.h ****       reverse_iterator& operator=(const reverse_iterator&) = default;
 204:C:/Program Files (x86)/Arm GNU Toolchain arm-none-eabi/14.3 rel1/arm-none-eabi/include/c++/14.3.1/bits\stl_iterator.h **** #endif
 205:C:/Program Files (x86)/Arm GNU Toolchain arm-none-eabi/14.3 rel1/arm-none-eabi/include/c++/14.3.1/bits\stl_iterator.h **** 
 206:C:/Program Files (x86)/Arm GNU Toolchain arm-none-eabi/14.3 rel1/arm-none-eabi/include/c++/14.3.1/bits\stl_iterator.h ****       /**
 207:C:/Program Files (x86)/Arm GNU Toolchain arm-none-eabi/14.3 rel1/arm-none-eabi/include/c++/14.3.1/bits\stl_iterator.h ****        *  A %reverse_iterator across other types can be copied if the
 208:C:/Program Files (x86)/Arm GNU Toolchain arm-none-eabi/14.3 rel1/arm-none-eabi/include/c++/14.3.1/bits\stl_iterator.h ****        *  underlying %iterator can be converted to the type of @c current.
 209:C:/Program Files (x86)/Arm GNU Toolchain arm-none-eabi/14.3 rel1/arm-none-eabi/include/c++/14.3.1/bits\stl_iterator.h ****       */
 210:C:/Program Files (x86)/Arm GNU Toolchain arm-none-eabi/14.3 rel1/arm-none-eabi/include/c++/14.3.1/bits\stl_iterator.h ****       template<typename _Iter>
 211:C:/Program Files (x86)/Arm GNU Toolchain arm-none-eabi/14.3 rel1/arm-none-eabi/include/c++/14.3.1/bits\stl_iterator.h **** #if __glibcxx_concepts
 212:C:/Program Files (x86)/Arm GNU Toolchain arm-none-eabi/14.3 rel1/arm-none-eabi/include/c++/14.3.1/bits\stl_iterator.h **** 	requires __convertible<_Iter>
 213:C:/Program Files (x86)/Arm GNU Toolchain arm-none-eabi/14.3 rel1/arm-none-eabi/include/c++/14.3.1/bits\stl_iterator.h **** #endif
 214:C:/Program Files (x86)/Arm GNU Toolchain arm-none-eabi/14.3 rel1/arm-none-eabi/include/c++/14.3.1/bits\stl_iterator.h **** 	_GLIBCXX17_CONSTEXPR
 215:C:/Program Files (x86)/Arm GNU Toolchain arm-none-eabi/14.3 rel1/arm-none-eabi/include/c++/14.3.1/bits\stl_iterator.h ****         reverse_iterator(const reverse_iterator<_Iter>& __x)
 216:C:/Program Files (x86)/Arm GNU Toolchain arm-none-eabi/14.3 rel1/arm-none-eabi/include/c++/14.3.1/bits\stl_iterator.h **** 	_GLIBCXX_NOEXCEPT_IF(noexcept(_Iterator(__x.current)))
 217:C:/Program Files (x86)/Arm GNU Toolchain arm-none-eabi/14.3 rel1/arm-none-eabi/include/c++/14.3.1/bits\stl_iterator.h **** 	: current(__x.current)
 218:C:/Program Files (x86)/Arm GNU Toolchain arm-none-eabi/14.3 rel1/arm-none-eabi/include/c++/14.3.1/bits\stl_iterator.h **** 	{ }
 219:C:/Program Files (x86)/Arm GNU Toolchain arm-none-eabi/14.3 rel1/arm-none-eabi/include/c++/14.3.1/bits\stl_iterator.h **** 
 220:C:/Program Files (x86)/Arm GNU Toolchain arm-none-eabi/14.3 rel1/arm-none-eabi/include/c++/14.3.1/bits\stl_iterator.h **** #if __cplusplus >= 201103L
 221:C:/Program Files (x86)/Arm GNU Toolchain arm-none-eabi/14.3 rel1/arm-none-eabi/include/c++/14.3.1/bits\stl_iterator.h ****       template<typename _Iter>
 222:C:/Program Files (x86)/Arm GNU Toolchain arm-none-eabi/14.3 rel1/arm-none-eabi/include/c++/14.3.1/bits\stl_iterator.h **** #if __glibcxx_concepts
 223:C:/Program Files (x86)/Arm GNU Toolchain arm-none-eabi/14.3 rel1/arm-none-eabi/include/c++/14.3.1/bits\stl_iterator.h **** 	requires __convertible<_Iter>
 224:C:/Program Files (x86)/Arm GNU Toolchain arm-none-eabi/14.3 rel1/arm-none-eabi/include/c++/14.3.1/bits\stl_iterator.h **** 	  && assignable_from<_Iterator&, const _Iter&>
 225:C:/Program Files (x86)/Arm GNU Toolchain arm-none-eabi/14.3 rel1/arm-none-eabi/include/c++/14.3.1/bits\stl_iterator.h **** #endif
 226:C:/Program Files (x86)/Arm GNU Toolchain arm-none-eabi/14.3 rel1/arm-none-eabi/include/c++/14.3.1/bits\stl_iterator.h **** 	_GLIBCXX17_CONSTEXPR
 227:C:/Program Files (x86)/Arm GNU Toolchain arm-none-eabi/14.3 rel1/arm-none-eabi/include/c++/14.3.1/bits\stl_iterator.h **** 	reverse_iterator&
 228:C:/Program Files (x86)/Arm GNU Toolchain arm-none-eabi/14.3 rel1/arm-none-eabi/include/c++/14.3.1/bits\stl_iterator.h **** 	operator=(const reverse_iterator<_Iter>& __x)
 229:C:/Program Files (x86)/Arm GNU Toolchain arm-none-eabi/14.3 rel1/arm-none-eabi/include/c++/14.3.1/bits\stl_iterator.h **** 	_GLIBCXX_NOEXCEPT_IF(noexcept(current = __x.current))
 230:C:/Program Files (x86)/Arm GNU Toolchain arm-none-eabi/14.3 rel1/arm-none-eabi/include/c++/14.3.1/bits\stl_iterator.h **** 	{
 231:C:/Program Files (x86)/Arm GNU Toolchain arm-none-eabi/14.3 rel1/arm-none-eabi/include/c++/14.3.1/bits\stl_iterator.h **** 	  current = __x.current;
 232:C:/Program Files (x86)/Arm GNU Toolchain arm-none-eabi/14.3 rel1/arm-none-eabi/include/c++/14.3.1/bits\stl_iterator.h **** 	  return *this;
 233:C:/Program Files (x86)/Arm GNU Toolchain arm-none-eabi/14.3 rel1/arm-none-eabi/include/c++/14.3.1/bits\stl_iterator.h **** 	}
 234:C:/Program Files (x86)/Arm GNU Toolchain arm-none-eabi/14.3 rel1/arm-none-eabi/include/c++/14.3.1/bits\stl_iterator.h **** #endif
 235:C:/Program Files (x86)/Arm GNU Toolchain arm-none-eabi/14.3 rel1/arm-none-eabi/include/c++/14.3.1/bits\stl_iterator.h **** 
ARM GAS  C:\Users\Oliver\AppData\Local\Temp\ccAPLW26.s 			page 42


 236:C:/Program Files (x86)/Arm GNU Toolchain arm-none-eabi/14.3 rel1/arm-none-eabi/include/c++/14.3.1/bits\stl_iterator.h ****       /**
 237:C:/Program Files (x86)/Arm GNU Toolchain arm-none-eabi/14.3 rel1/arm-none-eabi/include/c++/14.3.1/bits\stl_iterator.h ****        *  @return  @c current, the %iterator used for underlying work.
 238:C:/Program Files (x86)/Arm GNU Toolchain arm-none-eabi/14.3 rel1/arm-none-eabi/include/c++/14.3.1/bits\stl_iterator.h ****       */
 239:C:/Program Files (x86)/Arm GNU Toolchain arm-none-eabi/14.3 rel1/arm-none-eabi/include/c++/14.3.1/bits\stl_iterator.h ****       _GLIBCXX_NODISCARD
 240:C:/Program Files (x86)/Arm GNU Toolchain arm-none-eabi/14.3 rel1/arm-none-eabi/include/c++/14.3.1/bits\stl_iterator.h ****       _GLIBCXX17_CONSTEXPR iterator_type
 241:C:/Program Files (x86)/Arm GNU Toolchain arm-none-eabi/14.3 rel1/arm-none-eabi/include/c++/14.3.1/bits\stl_iterator.h ****       base() const
 242:C:/Program Files (x86)/Arm GNU Toolchain arm-none-eabi/14.3 rel1/arm-none-eabi/include/c++/14.3.1/bits\stl_iterator.h ****       _GLIBCXX_NOEXCEPT_IF(noexcept(_Iterator(current)))
 243:C:/Program Files (x86)/Arm GNU Toolchain arm-none-eabi/14.3 rel1/arm-none-eabi/include/c++/14.3.1/bits\stl_iterator.h ****       { return current; }
 244:C:/Program Files (x86)/Arm GNU Toolchain arm-none-eabi/14.3 rel1/arm-none-eabi/include/c++/14.3.1/bits\stl_iterator.h **** 
 245:C:/Program Files (x86)/Arm GNU Toolchain arm-none-eabi/14.3 rel1/arm-none-eabi/include/c++/14.3.1/bits\stl_iterator.h ****       /**
 246:C:/Program Files (x86)/Arm GNU Toolchain arm-none-eabi/14.3 rel1/arm-none-eabi/include/c++/14.3.1/bits\stl_iterator.h ****        *  @return  A reference to the value at @c --current
 247:C:/Program Files (x86)/Arm GNU Toolchain arm-none-eabi/14.3 rel1/arm-none-eabi/include/c++/14.3.1/bits\stl_iterator.h ****        *
 248:C:/Program Files (x86)/Arm GNU Toolchain arm-none-eabi/14.3 rel1/arm-none-eabi/include/c++/14.3.1/bits\stl_iterator.h ****        *  This requires that @c --current is dereferenceable.
 249:C:/Program Files (x86)/Arm GNU Toolchain arm-none-eabi/14.3 rel1/arm-none-eabi/include/c++/14.3.1/bits\stl_iterator.h ****        *
 250:C:/Program Files (x86)/Arm GNU Toolchain arm-none-eabi/14.3 rel1/arm-none-eabi/include/c++/14.3.1/bits\stl_iterator.h ****        *  @warning This implementation requires that for an iterator of the
 251:C:/Program Files (x86)/Arm GNU Toolchain arm-none-eabi/14.3 rel1/arm-none-eabi/include/c++/14.3.1/bits\stl_iterator.h ****        *           underlying iterator type, @c x, a reference obtained by
 252:C:/Program Files (x86)/Arm GNU Toolchain arm-none-eabi/14.3 rel1/arm-none-eabi/include/c++/14.3.1/bits\stl_iterator.h ****        *           @c *x remains valid after @c x has been modified or
 253:C:/Program Files (x86)/Arm GNU Toolchain arm-none-eabi/14.3 rel1/arm-none-eabi/include/c++/14.3.1/bits\stl_iterator.h ****        *           destroyed. This is a bug: http://gcc.gnu.org/PR51823
 254:C:/Program Files (x86)/Arm GNU Toolchain arm-none-eabi/14.3 rel1/arm-none-eabi/include/c++/14.3.1/bits\stl_iterator.h ****       */
 255:C:/Program Files (x86)/Arm GNU Toolchain arm-none-eabi/14.3 rel1/arm-none-eabi/include/c++/14.3.1/bits\stl_iterator.h ****       _GLIBCXX_NODISCARD
 256:C:/Program Files (x86)/Arm GNU Toolchain arm-none-eabi/14.3 rel1/arm-none-eabi/include/c++/14.3.1/bits\stl_iterator.h ****       _GLIBCXX17_CONSTEXPR reference
 257:C:/Program Files (x86)/Arm GNU Toolchain arm-none-eabi/14.3 rel1/arm-none-eabi/include/c++/14.3.1/bits\stl_iterator.h ****       operator*() const
 258:C:/Program Files (x86)/Arm GNU Toolchain arm-none-eabi/14.3 rel1/arm-none-eabi/include/c++/14.3.1/bits\stl_iterator.h ****       {
 259:C:/Program Files (x86)/Arm GNU Toolchain arm-none-eabi/14.3 rel1/arm-none-eabi/include/c++/14.3.1/bits\stl_iterator.h **** 	_Iterator __tmp = current;
 260:C:/Program Files (x86)/Arm GNU Toolchain arm-none-eabi/14.3 rel1/arm-none-eabi/include/c++/14.3.1/bits\stl_iterator.h **** 	return *--__tmp;
 261:C:/Program Files (x86)/Arm GNU Toolchain arm-none-eabi/14.3 rel1/arm-none-eabi/include/c++/14.3.1/bits\stl_iterator.h ****       }
 262:C:/Program Files (x86)/Arm GNU Toolchain arm-none-eabi/14.3 rel1/arm-none-eabi/include/c++/14.3.1/bits\stl_iterator.h **** 
 263:C:/Program Files (x86)/Arm GNU Toolchain arm-none-eabi/14.3 rel1/arm-none-eabi/include/c++/14.3.1/bits\stl_iterator.h ****       /**
 264:C:/Program Files (x86)/Arm GNU Toolchain arm-none-eabi/14.3 rel1/arm-none-eabi/include/c++/14.3.1/bits\stl_iterator.h ****        *  @return  A pointer to the value at @c --current
 265:C:/Program Files (x86)/Arm GNU Toolchain arm-none-eabi/14.3 rel1/arm-none-eabi/include/c++/14.3.1/bits\stl_iterator.h ****        *
 266:C:/Program Files (x86)/Arm GNU Toolchain arm-none-eabi/14.3 rel1/arm-none-eabi/include/c++/14.3.1/bits\stl_iterator.h ****        *  This requires that @c --current is dereferenceable.
 267:C:/Program Files (x86)/Arm GNU Toolchain arm-none-eabi/14.3 rel1/arm-none-eabi/include/c++/14.3.1/bits\stl_iterator.h ****       */
 268:C:/Program Files (x86)/Arm GNU Toolchain arm-none-eabi/14.3 rel1/arm-none-eabi/include/c++/14.3.1/bits\stl_iterator.h ****       _GLIBCXX_NODISCARD
 269:C:/Program Files (x86)/Arm GNU Toolchain arm-none-eabi/14.3 rel1/arm-none-eabi/include/c++/14.3.1/bits\stl_iterator.h ****       _GLIBCXX17_CONSTEXPR pointer
 270:C:/Program Files (x86)/Arm GNU Toolchain arm-none-eabi/14.3 rel1/arm-none-eabi/include/c++/14.3.1/bits\stl_iterator.h ****       operator->() const
 271:C:/Program Files (x86)/Arm GNU Toolchain arm-none-eabi/14.3 rel1/arm-none-eabi/include/c++/14.3.1/bits\stl_iterator.h **** #if __cplusplus > 201703L && __cpp_concepts >= 201907L
 272:C:/Program Files (x86)/Arm GNU Toolchain arm-none-eabi/14.3 rel1/arm-none-eabi/include/c++/14.3.1/bits\stl_iterator.h ****       requires is_pointer_v<_Iterator>
 273:C:/Program Files (x86)/Arm GNU Toolchain arm-none-eabi/14.3 rel1/arm-none-eabi/include/c++/14.3.1/bits\stl_iterator.h **** 	|| requires(const _Iterator __i) { __i.operator->(); }
 274:C:/Program Files (x86)/Arm GNU Toolchain arm-none-eabi/14.3 rel1/arm-none-eabi/include/c++/14.3.1/bits\stl_iterator.h **** #endif
 275:C:/Program Files (x86)/Arm GNU Toolchain arm-none-eabi/14.3 rel1/arm-none-eabi/include/c++/14.3.1/bits\stl_iterator.h ****       {
 276:C:/Program Files (x86)/Arm GNU Toolchain arm-none-eabi/14.3 rel1/arm-none-eabi/include/c++/14.3.1/bits\stl_iterator.h **** 	// _GLIBCXX_RESOLVE_LIB_DEFECTS
 277:C:/Program Files (x86)/Arm GNU Toolchain arm-none-eabi/14.3 rel1/arm-none-eabi/include/c++/14.3.1/bits\stl_iterator.h **** 	// 1052. operator-> should also support smart pointers
 278:C:/Program Files (x86)/Arm GNU Toolchain arm-none-eabi/14.3 rel1/arm-none-eabi/include/c++/14.3.1/bits\stl_iterator.h **** 	_Iterator __tmp = current;
 279:C:/Program Files (x86)/Arm GNU Toolchain arm-none-eabi/14.3 rel1/arm-none-eabi/include/c++/14.3.1/bits\stl_iterator.h **** 	--__tmp;
 280:C:/Program Files (x86)/Arm GNU Toolchain arm-none-eabi/14.3 rel1/arm-none-eabi/include/c++/14.3.1/bits\stl_iterator.h **** 	return _S_to_pointer(__tmp);
 281:C:/Program Files (x86)/Arm GNU Toolchain arm-none-eabi/14.3 rel1/arm-none-eabi/include/c++/14.3.1/bits\stl_iterator.h ****       }
 282:C:/Program Files (x86)/Arm GNU Toolchain arm-none-eabi/14.3 rel1/arm-none-eabi/include/c++/14.3.1/bits\stl_iterator.h **** 
 283:C:/Program Files (x86)/Arm GNU Toolchain arm-none-eabi/14.3 rel1/arm-none-eabi/include/c++/14.3.1/bits\stl_iterator.h ****       /**
 284:C:/Program Files (x86)/Arm GNU Toolchain arm-none-eabi/14.3 rel1/arm-none-eabi/include/c++/14.3.1/bits\stl_iterator.h ****        *  @return  @c *this
 285:C:/Program Files (x86)/Arm GNU Toolchain arm-none-eabi/14.3 rel1/arm-none-eabi/include/c++/14.3.1/bits\stl_iterator.h ****        *
 286:C:/Program Files (x86)/Arm GNU Toolchain arm-none-eabi/14.3 rel1/arm-none-eabi/include/c++/14.3.1/bits\stl_iterator.h ****        *  Decrements the underlying iterator.
 287:C:/Program Files (x86)/Arm GNU Toolchain arm-none-eabi/14.3 rel1/arm-none-eabi/include/c++/14.3.1/bits\stl_iterator.h ****       */
 288:C:/Program Files (x86)/Arm GNU Toolchain arm-none-eabi/14.3 rel1/arm-none-eabi/include/c++/14.3.1/bits\stl_iterator.h ****       _GLIBCXX17_CONSTEXPR reverse_iterator&
 289:C:/Program Files (x86)/Arm GNU Toolchain arm-none-eabi/14.3 rel1/arm-none-eabi/include/c++/14.3.1/bits\stl_iterator.h ****       operator++()
 290:C:/Program Files (x86)/Arm GNU Toolchain arm-none-eabi/14.3 rel1/arm-none-eabi/include/c++/14.3.1/bits\stl_iterator.h ****       {
 291:C:/Program Files (x86)/Arm GNU Toolchain arm-none-eabi/14.3 rel1/arm-none-eabi/include/c++/14.3.1/bits\stl_iterator.h **** 	--current;
 292:C:/Program Files (x86)/Arm GNU Toolchain arm-none-eabi/14.3 rel1/arm-none-eabi/include/c++/14.3.1/bits\stl_iterator.h **** 	return *this;
ARM GAS  C:\Users\Oliver\AppData\Local\Temp\ccAPLW26.s 			page 43


 293:C:/Program Files (x86)/Arm GNU Toolchain arm-none-eabi/14.3 rel1/arm-none-eabi/include/c++/14.3.1/bits\stl_iterator.h ****       }
 294:C:/Program Files (x86)/Arm GNU Toolchain arm-none-eabi/14.3 rel1/arm-none-eabi/include/c++/14.3.1/bits\stl_iterator.h **** 
 295:C:/Program Files (x86)/Arm GNU Toolchain arm-none-eabi/14.3 rel1/arm-none-eabi/include/c++/14.3.1/bits\stl_iterator.h ****       /**
 296:C:/Program Files (x86)/Arm GNU Toolchain arm-none-eabi/14.3 rel1/arm-none-eabi/include/c++/14.3.1/bits\stl_iterator.h ****        *  @return  The original value of @c *this
 297:C:/Program Files (x86)/Arm GNU Toolchain arm-none-eabi/14.3 rel1/arm-none-eabi/include/c++/14.3.1/bits\stl_iterator.h ****        *
 298:C:/Program Files (x86)/Arm GNU Toolchain arm-none-eabi/14.3 rel1/arm-none-eabi/include/c++/14.3.1/bits\stl_iterator.h ****        *  Decrements the underlying iterator.
 299:C:/Program Files (x86)/Arm GNU Toolchain arm-none-eabi/14.3 rel1/arm-none-eabi/include/c++/14.3.1/bits\stl_iterator.h ****       */
 300:C:/Program Files (x86)/Arm GNU Toolchain arm-none-eabi/14.3 rel1/arm-none-eabi/include/c++/14.3.1/bits\stl_iterator.h ****       _GLIBCXX17_CONSTEXPR reverse_iterator
 301:C:/Program Files (x86)/Arm GNU Toolchain arm-none-eabi/14.3 rel1/arm-none-eabi/include/c++/14.3.1/bits\stl_iterator.h ****       operator++(int)
 302:C:/Program Files (x86)/Arm GNU Toolchain arm-none-eabi/14.3 rel1/arm-none-eabi/include/c++/14.3.1/bits\stl_iterator.h ****       {
 303:C:/Program Files (x86)/Arm GNU Toolchain arm-none-eabi/14.3 rel1/arm-none-eabi/include/c++/14.3.1/bits\stl_iterator.h **** 	reverse_iterator __tmp = *this;
 304:C:/Program Files (x86)/Arm GNU Toolchain arm-none-eabi/14.3 rel1/arm-none-eabi/include/c++/14.3.1/bits\stl_iterator.h **** 	--current;
 305:C:/Program Files (x86)/Arm GNU Toolchain arm-none-eabi/14.3 rel1/arm-none-eabi/include/c++/14.3.1/bits\stl_iterator.h **** 	return __tmp;
 306:C:/Program Files (x86)/Arm GNU Toolchain arm-none-eabi/14.3 rel1/arm-none-eabi/include/c++/14.3.1/bits\stl_iterator.h ****       }
 307:C:/Program Files (x86)/Arm GNU Toolchain arm-none-eabi/14.3 rel1/arm-none-eabi/include/c++/14.3.1/bits\stl_iterator.h **** 
 308:C:/Program Files (x86)/Arm GNU Toolchain arm-none-eabi/14.3 rel1/arm-none-eabi/include/c++/14.3.1/bits\stl_iterator.h ****       /**
 309:C:/Program Files (x86)/Arm GNU Toolchain arm-none-eabi/14.3 rel1/arm-none-eabi/include/c++/14.3.1/bits\stl_iterator.h ****        *  @return  @c *this
 310:C:/Program Files (x86)/Arm GNU Toolchain arm-none-eabi/14.3 rel1/arm-none-eabi/include/c++/14.3.1/bits\stl_iterator.h ****        *
 311:C:/Program Files (x86)/Arm GNU Toolchain arm-none-eabi/14.3 rel1/arm-none-eabi/include/c++/14.3.1/bits\stl_iterator.h ****        *  Increments the underlying iterator.
 312:C:/Program Files (x86)/Arm GNU Toolchain arm-none-eabi/14.3 rel1/arm-none-eabi/include/c++/14.3.1/bits\stl_iterator.h ****       */
 313:C:/Program Files (x86)/Arm GNU Toolchain arm-none-eabi/14.3 rel1/arm-none-eabi/include/c++/14.3.1/bits\stl_iterator.h ****       _GLIBCXX17_CONSTEXPR reverse_iterator&
 314:C:/Program Files (x86)/Arm GNU Toolchain arm-none-eabi/14.3 rel1/arm-none-eabi/include/c++/14.3.1/bits\stl_iterator.h ****       operator--()
 315:C:/Program Files (x86)/Arm GNU Toolchain arm-none-eabi/14.3 rel1/arm-none-eabi/include/c++/14.3.1/bits\stl_iterator.h ****       {
 316:C:/Program Files (x86)/Arm GNU Toolchain arm-none-eabi/14.3 rel1/arm-none-eabi/include/c++/14.3.1/bits\stl_iterator.h **** 	++current;
 317:C:/Program Files (x86)/Arm GNU Toolchain arm-none-eabi/14.3 rel1/arm-none-eabi/include/c++/14.3.1/bits\stl_iterator.h **** 	return *this;
 318:C:/Program Files (x86)/Arm GNU Toolchain arm-none-eabi/14.3 rel1/arm-none-eabi/include/c++/14.3.1/bits\stl_iterator.h ****       }
 319:C:/Program Files (x86)/Arm GNU Toolchain arm-none-eabi/14.3 rel1/arm-none-eabi/include/c++/14.3.1/bits\stl_iterator.h **** 
 320:C:/Program Files (x86)/Arm GNU Toolchain arm-none-eabi/14.3 rel1/arm-none-eabi/include/c++/14.3.1/bits\stl_iterator.h ****       /**
 321:C:/Program Files (x86)/Arm GNU Toolchain arm-none-eabi/14.3 rel1/arm-none-eabi/include/c++/14.3.1/bits\stl_iterator.h ****        *  @return  A reverse_iterator with the previous value of @c *this
 322:C:/Program Files (x86)/Arm GNU Toolchain arm-none-eabi/14.3 rel1/arm-none-eabi/include/c++/14.3.1/bits\stl_iterator.h ****        *
 323:C:/Program Files (x86)/Arm GNU Toolchain arm-none-eabi/14.3 rel1/arm-none-eabi/include/c++/14.3.1/bits\stl_iterator.h ****        *  Increments the underlying iterator.
 324:C:/Program Files (x86)/Arm GNU Toolchain arm-none-eabi/14.3 rel1/arm-none-eabi/include/c++/14.3.1/bits\stl_iterator.h ****       */
 325:C:/Program Files (x86)/Arm GNU Toolchain arm-none-eabi/14.3 rel1/arm-none-eabi/include/c++/14.3.1/bits\stl_iterator.h ****       _GLIBCXX17_CONSTEXPR reverse_iterator
 326:C:/Program Files (x86)/Arm GNU Toolchain arm-none-eabi/14.3 rel1/arm-none-eabi/include/c++/14.3.1/bits\stl_iterator.h ****       operator--(int)
 327:C:/Program Files (x86)/Arm GNU Toolchain arm-none-eabi/14.3 rel1/arm-none-eabi/include/c++/14.3.1/bits\stl_iterator.h ****       {
 328:C:/Program Files (x86)/Arm GNU Toolchain arm-none-eabi/14.3 rel1/arm-none-eabi/include/c++/14.3.1/bits\stl_iterator.h **** 	reverse_iterator __tmp = *this;
 329:C:/Program Files (x86)/Arm GNU Toolchain arm-none-eabi/14.3 rel1/arm-none-eabi/include/c++/14.3.1/bits\stl_iterator.h **** 	++current;
 330:C:/Program Files (x86)/Arm GNU Toolchain arm-none-eabi/14.3 rel1/arm-none-eabi/include/c++/14.3.1/bits\stl_iterator.h **** 	return __tmp;
 331:C:/Program Files (x86)/Arm GNU Toolchain arm-none-eabi/14.3 rel1/arm-none-eabi/include/c++/14.3.1/bits\stl_iterator.h ****       }
 332:C:/Program Files (x86)/Arm GNU Toolchain arm-none-eabi/14.3 rel1/arm-none-eabi/include/c++/14.3.1/bits\stl_iterator.h **** 
 333:C:/Program Files (x86)/Arm GNU Toolchain arm-none-eabi/14.3 rel1/arm-none-eabi/include/c++/14.3.1/bits\stl_iterator.h ****       /**
 334:C:/Program Files (x86)/Arm GNU Toolchain arm-none-eabi/14.3 rel1/arm-none-eabi/include/c++/14.3.1/bits\stl_iterator.h ****        *  @return  A reverse_iterator that refers to @c current - @a __n
 335:C:/Program Files (x86)/Arm GNU Toolchain arm-none-eabi/14.3 rel1/arm-none-eabi/include/c++/14.3.1/bits\stl_iterator.h ****        *
 336:C:/Program Files (x86)/Arm GNU Toolchain arm-none-eabi/14.3 rel1/arm-none-eabi/include/c++/14.3.1/bits\stl_iterator.h ****        *  The underlying iterator must be a Random Access Iterator.
 337:C:/Program Files (x86)/Arm GNU Toolchain arm-none-eabi/14.3 rel1/arm-none-eabi/include/c++/14.3.1/bits\stl_iterator.h ****       */
 338:C:/Program Files (x86)/Arm GNU Toolchain arm-none-eabi/14.3 rel1/arm-none-eabi/include/c++/14.3.1/bits\stl_iterator.h ****       _GLIBCXX_NODISCARD
 339:C:/Program Files (x86)/Arm GNU Toolchain arm-none-eabi/14.3 rel1/arm-none-eabi/include/c++/14.3.1/bits\stl_iterator.h ****       _GLIBCXX17_CONSTEXPR reverse_iterator
 340:C:/Program Files (x86)/Arm GNU Toolchain arm-none-eabi/14.3 rel1/arm-none-eabi/include/c++/14.3.1/bits\stl_iterator.h ****       operator+(difference_type __n) const
 341:C:/Program Files (x86)/Arm GNU Toolchain arm-none-eabi/14.3 rel1/arm-none-eabi/include/c++/14.3.1/bits\stl_iterator.h ****       { return reverse_iterator(current - __n); }
 342:C:/Program Files (x86)/Arm GNU Toolchain arm-none-eabi/14.3 rel1/arm-none-eabi/include/c++/14.3.1/bits\stl_iterator.h **** 
 343:C:/Program Files (x86)/Arm GNU Toolchain arm-none-eabi/14.3 rel1/arm-none-eabi/include/c++/14.3.1/bits\stl_iterator.h ****       /**
 344:C:/Program Files (x86)/Arm GNU Toolchain arm-none-eabi/14.3 rel1/arm-none-eabi/include/c++/14.3.1/bits\stl_iterator.h ****        *  @return  *this
 345:C:/Program Files (x86)/Arm GNU Toolchain arm-none-eabi/14.3 rel1/arm-none-eabi/include/c++/14.3.1/bits\stl_iterator.h ****        *
 346:C:/Program Files (x86)/Arm GNU Toolchain arm-none-eabi/14.3 rel1/arm-none-eabi/include/c++/14.3.1/bits\stl_iterator.h ****        *  Moves the underlying iterator backwards @a __n steps.
 347:C:/Program Files (x86)/Arm GNU Toolchain arm-none-eabi/14.3 rel1/arm-none-eabi/include/c++/14.3.1/bits\stl_iterator.h ****        *  The underlying iterator must be a Random Access Iterator.
 348:C:/Program Files (x86)/Arm GNU Toolchain arm-none-eabi/14.3 rel1/arm-none-eabi/include/c++/14.3.1/bits\stl_iterator.h ****       */
 349:C:/Program Files (x86)/Arm GNU Toolchain arm-none-eabi/14.3 rel1/arm-none-eabi/include/c++/14.3.1/bits\stl_iterator.h ****       _GLIBCXX17_CONSTEXPR reverse_iterator&
ARM GAS  C:\Users\Oliver\AppData\Local\Temp\ccAPLW26.s 			page 44


 350:C:/Program Files (x86)/Arm GNU Toolchain arm-none-eabi/14.3 rel1/arm-none-eabi/include/c++/14.3.1/bits\stl_iterator.h ****       operator+=(difference_type __n)
 351:C:/Program Files (x86)/Arm GNU Toolchain arm-none-eabi/14.3 rel1/arm-none-eabi/include/c++/14.3.1/bits\stl_iterator.h ****       {
 352:C:/Program Files (x86)/Arm GNU Toolchain arm-none-eabi/14.3 rel1/arm-none-eabi/include/c++/14.3.1/bits\stl_iterator.h **** 	current -= __n;
 353:C:/Program Files (x86)/Arm GNU Toolchain arm-none-eabi/14.3 rel1/arm-none-eabi/include/c++/14.3.1/bits\stl_iterator.h **** 	return *this;
 354:C:/Program Files (x86)/Arm GNU Toolchain arm-none-eabi/14.3 rel1/arm-none-eabi/include/c++/14.3.1/bits\stl_iterator.h ****       }
 355:C:/Program Files (x86)/Arm GNU Toolchain arm-none-eabi/14.3 rel1/arm-none-eabi/include/c++/14.3.1/bits\stl_iterator.h **** 
 356:C:/Program Files (x86)/Arm GNU Toolchain arm-none-eabi/14.3 rel1/arm-none-eabi/include/c++/14.3.1/bits\stl_iterator.h ****       /**
 357:C:/Program Files (x86)/Arm GNU Toolchain arm-none-eabi/14.3 rel1/arm-none-eabi/include/c++/14.3.1/bits\stl_iterator.h ****        *  @return  A reverse_iterator that refers to @c current - @a __n
 358:C:/Program Files (x86)/Arm GNU Toolchain arm-none-eabi/14.3 rel1/arm-none-eabi/include/c++/14.3.1/bits\stl_iterator.h ****        *
 359:C:/Program Files (x86)/Arm GNU Toolchain arm-none-eabi/14.3 rel1/arm-none-eabi/include/c++/14.3.1/bits\stl_iterator.h ****        *  The underlying iterator must be a Random Access Iterator.
 360:C:/Program Files (x86)/Arm GNU Toolchain arm-none-eabi/14.3 rel1/arm-none-eabi/include/c++/14.3.1/bits\stl_iterator.h ****       */
 361:C:/Program Files (x86)/Arm GNU Toolchain arm-none-eabi/14.3 rel1/arm-none-eabi/include/c++/14.3.1/bits\stl_iterator.h ****       _GLIBCXX_NODISCARD
 362:C:/Program Files (x86)/Arm GNU Toolchain arm-none-eabi/14.3 rel1/arm-none-eabi/include/c++/14.3.1/bits\stl_iterator.h ****       _GLIBCXX17_CONSTEXPR reverse_iterator
 363:C:/Program Files (x86)/Arm GNU Toolchain arm-none-eabi/14.3 rel1/arm-none-eabi/include/c++/14.3.1/bits\stl_iterator.h ****       operator-(difference_type __n) const
 364:C:/Program Files (x86)/Arm GNU Toolchain arm-none-eabi/14.3 rel1/arm-none-eabi/include/c++/14.3.1/bits\stl_iterator.h ****       { return reverse_iterator(current + __n); }
 365:C:/Program Files (x86)/Arm GNU Toolchain arm-none-eabi/14.3 rel1/arm-none-eabi/include/c++/14.3.1/bits\stl_iterator.h **** 
 366:C:/Program Files (x86)/Arm GNU Toolchain arm-none-eabi/14.3 rel1/arm-none-eabi/include/c++/14.3.1/bits\stl_iterator.h ****       /**
 367:C:/Program Files (x86)/Arm GNU Toolchain arm-none-eabi/14.3 rel1/arm-none-eabi/include/c++/14.3.1/bits\stl_iterator.h ****        *  @return  *this
 368:C:/Program Files (x86)/Arm GNU Toolchain arm-none-eabi/14.3 rel1/arm-none-eabi/include/c++/14.3.1/bits\stl_iterator.h ****        *
 369:C:/Program Files (x86)/Arm GNU Toolchain arm-none-eabi/14.3 rel1/arm-none-eabi/include/c++/14.3.1/bits\stl_iterator.h ****        *  Moves the underlying iterator forwards @a __n steps.
 370:C:/Program Files (x86)/Arm GNU Toolchain arm-none-eabi/14.3 rel1/arm-none-eabi/include/c++/14.3.1/bits\stl_iterator.h ****        *  The underlying iterator must be a Random Access Iterator.
 371:C:/Program Files (x86)/Arm GNU Toolchain arm-none-eabi/14.3 rel1/arm-none-eabi/include/c++/14.3.1/bits\stl_iterator.h ****       */
 372:C:/Program Files (x86)/Arm GNU Toolchain arm-none-eabi/14.3 rel1/arm-none-eabi/include/c++/14.3.1/bits\stl_iterator.h ****       _GLIBCXX17_CONSTEXPR reverse_iterator&
 373:C:/Program Files (x86)/Arm GNU Toolchain arm-none-eabi/14.3 rel1/arm-none-eabi/include/c++/14.3.1/bits\stl_iterator.h ****       operator-=(difference_type __n)
 374:C:/Program Files (x86)/Arm GNU Toolchain arm-none-eabi/14.3 rel1/arm-none-eabi/include/c++/14.3.1/bits\stl_iterator.h ****       {
 375:C:/Program Files (x86)/Arm GNU Toolchain arm-none-eabi/14.3 rel1/arm-none-eabi/include/c++/14.3.1/bits\stl_iterator.h **** 	current += __n;
 376:C:/Program Files (x86)/Arm GNU Toolchain arm-none-eabi/14.3 rel1/arm-none-eabi/include/c++/14.3.1/bits\stl_iterator.h **** 	return *this;
 377:C:/Program Files (x86)/Arm GNU Toolchain arm-none-eabi/14.3 rel1/arm-none-eabi/include/c++/14.3.1/bits\stl_iterator.h ****       }
 378:C:/Program Files (x86)/Arm GNU Toolchain arm-none-eabi/14.3 rel1/arm-none-eabi/include/c++/14.3.1/bits\stl_iterator.h **** 
 379:C:/Program Files (x86)/Arm GNU Toolchain arm-none-eabi/14.3 rel1/arm-none-eabi/include/c++/14.3.1/bits\stl_iterator.h ****       /**
 380:C:/Program Files (x86)/Arm GNU Toolchain arm-none-eabi/14.3 rel1/arm-none-eabi/include/c++/14.3.1/bits\stl_iterator.h ****        *  @return  The value at @c current - @a __n - 1
 381:C:/Program Files (x86)/Arm GNU Toolchain arm-none-eabi/14.3 rel1/arm-none-eabi/include/c++/14.3.1/bits\stl_iterator.h ****        *
 382:C:/Program Files (x86)/Arm GNU Toolchain arm-none-eabi/14.3 rel1/arm-none-eabi/include/c++/14.3.1/bits\stl_iterator.h ****        *  The underlying iterator must be a Random Access Iterator.
 383:C:/Program Files (x86)/Arm GNU Toolchain arm-none-eabi/14.3 rel1/arm-none-eabi/include/c++/14.3.1/bits\stl_iterator.h ****       */
 384:C:/Program Files (x86)/Arm GNU Toolchain arm-none-eabi/14.3 rel1/arm-none-eabi/include/c++/14.3.1/bits\stl_iterator.h ****       _GLIBCXX_NODISCARD
 385:C:/Program Files (x86)/Arm GNU Toolchain arm-none-eabi/14.3 rel1/arm-none-eabi/include/c++/14.3.1/bits\stl_iterator.h ****       _GLIBCXX17_CONSTEXPR reference
 386:C:/Program Files (x86)/Arm GNU Toolchain arm-none-eabi/14.3 rel1/arm-none-eabi/include/c++/14.3.1/bits\stl_iterator.h ****       operator[](difference_type __n) const
 387:C:/Program Files (x86)/Arm GNU Toolchain arm-none-eabi/14.3 rel1/arm-none-eabi/include/c++/14.3.1/bits\stl_iterator.h ****       { return *(*this + __n); }
 388:C:/Program Files (x86)/Arm GNU Toolchain arm-none-eabi/14.3 rel1/arm-none-eabi/include/c++/14.3.1/bits\stl_iterator.h **** 
 389:C:/Program Files (x86)/Arm GNU Toolchain arm-none-eabi/14.3 rel1/arm-none-eabi/include/c++/14.3.1/bits\stl_iterator.h **** #if __cplusplus > 201703L && __glibcxx_concepts
 390:C:/Program Files (x86)/Arm GNU Toolchain arm-none-eabi/14.3 rel1/arm-none-eabi/include/c++/14.3.1/bits\stl_iterator.h ****       [[nodiscard]]
 391:C:/Program Files (x86)/Arm GNU Toolchain arm-none-eabi/14.3 rel1/arm-none-eabi/include/c++/14.3.1/bits\stl_iterator.h ****       friend constexpr iter_rvalue_reference_t<_Iterator>
 392:C:/Program Files (x86)/Arm GNU Toolchain arm-none-eabi/14.3 rel1/arm-none-eabi/include/c++/14.3.1/bits\stl_iterator.h ****       iter_move(const reverse_iterator& __i)
 393:C:/Program Files (x86)/Arm GNU Toolchain arm-none-eabi/14.3 rel1/arm-none-eabi/include/c++/14.3.1/bits\stl_iterator.h ****       noexcept(is_nothrow_copy_constructible_v<_Iterator>
 394:C:/Program Files (x86)/Arm GNU Toolchain arm-none-eabi/14.3 rel1/arm-none-eabi/include/c++/14.3.1/bits\stl_iterator.h **** 	       && noexcept(ranges::iter_move(--std::declval<_Iterator&>())))
 395:C:/Program Files (x86)/Arm GNU Toolchain arm-none-eabi/14.3 rel1/arm-none-eabi/include/c++/14.3.1/bits\stl_iterator.h ****       {
 396:C:/Program Files (x86)/Arm GNU Toolchain arm-none-eabi/14.3 rel1/arm-none-eabi/include/c++/14.3.1/bits\stl_iterator.h **** 	auto __tmp = __i.base();
 397:C:/Program Files (x86)/Arm GNU Toolchain arm-none-eabi/14.3 rel1/arm-none-eabi/include/c++/14.3.1/bits\stl_iterator.h **** 	return ranges::iter_move(--__tmp);
 398:C:/Program Files (x86)/Arm GNU Toolchain arm-none-eabi/14.3 rel1/arm-none-eabi/include/c++/14.3.1/bits\stl_iterator.h ****       }
 399:C:/Program Files (x86)/Arm GNU Toolchain arm-none-eabi/14.3 rel1/arm-none-eabi/include/c++/14.3.1/bits\stl_iterator.h **** 
 400:C:/Program Files (x86)/Arm GNU Toolchain arm-none-eabi/14.3 rel1/arm-none-eabi/include/c++/14.3.1/bits\stl_iterator.h ****       template<indirectly_swappable<_Iterator> _Iter2>
 401:C:/Program Files (x86)/Arm GNU Toolchain arm-none-eabi/14.3 rel1/arm-none-eabi/include/c++/14.3.1/bits\stl_iterator.h **** 	friend constexpr void
 402:C:/Program Files (x86)/Arm GNU Toolchain arm-none-eabi/14.3 rel1/arm-none-eabi/include/c++/14.3.1/bits\stl_iterator.h **** 	iter_swap(const reverse_iterator& __x,
 403:C:/Program Files (x86)/Arm GNU Toolchain arm-none-eabi/14.3 rel1/arm-none-eabi/include/c++/14.3.1/bits\stl_iterator.h **** 		  const reverse_iterator<_Iter2>& __y)
 404:C:/Program Files (x86)/Arm GNU Toolchain arm-none-eabi/14.3 rel1/arm-none-eabi/include/c++/14.3.1/bits\stl_iterator.h **** 	noexcept(is_nothrow_copy_constructible_v<_Iterator>
 405:C:/Program Files (x86)/Arm GNU Toolchain arm-none-eabi/14.3 rel1/arm-none-eabi/include/c++/14.3.1/bits\stl_iterator.h **** 		 && is_nothrow_copy_constructible_v<_Iter2>
 406:C:/Program Files (x86)/Arm GNU Toolchain arm-none-eabi/14.3 rel1/arm-none-eabi/include/c++/14.3.1/bits\stl_iterator.h **** 		 && noexcept(ranges::iter_swap(--std::declval<_Iterator&>(),
ARM GAS  C:\Users\Oliver\AppData\Local\Temp\ccAPLW26.s 			page 45


 407:C:/Program Files (x86)/Arm GNU Toolchain arm-none-eabi/14.3 rel1/arm-none-eabi/include/c++/14.3.1/bits\stl_iterator.h **** 					       --std::declval<_Iter2&>())))
 408:C:/Program Files (x86)/Arm GNU Toolchain arm-none-eabi/14.3 rel1/arm-none-eabi/include/c++/14.3.1/bits\stl_iterator.h **** 	{
 409:C:/Program Files (x86)/Arm GNU Toolchain arm-none-eabi/14.3 rel1/arm-none-eabi/include/c++/14.3.1/bits\stl_iterator.h **** 	  auto __xtmp = __x.base();
 410:C:/Program Files (x86)/Arm GNU Toolchain arm-none-eabi/14.3 rel1/arm-none-eabi/include/c++/14.3.1/bits\stl_iterator.h **** 	  auto __ytmp = __y.base();
 411:C:/Program Files (x86)/Arm GNU Toolchain arm-none-eabi/14.3 rel1/arm-none-eabi/include/c++/14.3.1/bits\stl_iterator.h **** 	  ranges::iter_swap(--__xtmp, --__ytmp);
 412:C:/Program Files (x86)/Arm GNU Toolchain arm-none-eabi/14.3 rel1/arm-none-eabi/include/c++/14.3.1/bits\stl_iterator.h **** 	}
 413:C:/Program Files (x86)/Arm GNU Toolchain arm-none-eabi/14.3 rel1/arm-none-eabi/include/c++/14.3.1/bits\stl_iterator.h **** #endif
 414:C:/Program Files (x86)/Arm GNU Toolchain arm-none-eabi/14.3 rel1/arm-none-eabi/include/c++/14.3.1/bits\stl_iterator.h **** 
 415:C:/Program Files (x86)/Arm GNU Toolchain arm-none-eabi/14.3 rel1/arm-none-eabi/include/c++/14.3.1/bits\stl_iterator.h ****     private:
 416:C:/Program Files (x86)/Arm GNU Toolchain arm-none-eabi/14.3 rel1/arm-none-eabi/include/c++/14.3.1/bits\stl_iterator.h ****       template<typename _Tp>
 417:C:/Program Files (x86)/Arm GNU Toolchain arm-none-eabi/14.3 rel1/arm-none-eabi/include/c++/14.3.1/bits\stl_iterator.h **** 	static _GLIBCXX17_CONSTEXPR _Tp*
 418:C:/Program Files (x86)/Arm GNU Toolchain arm-none-eabi/14.3 rel1/arm-none-eabi/include/c++/14.3.1/bits\stl_iterator.h **** 	_S_to_pointer(_Tp* __p)
 419:C:/Program Files (x86)/Arm GNU Toolchain arm-none-eabi/14.3 rel1/arm-none-eabi/include/c++/14.3.1/bits\stl_iterator.h ****         { return __p; }
 420:C:/Program Files (x86)/Arm GNU Toolchain arm-none-eabi/14.3 rel1/arm-none-eabi/include/c++/14.3.1/bits\stl_iterator.h **** 
 421:C:/Program Files (x86)/Arm GNU Toolchain arm-none-eabi/14.3 rel1/arm-none-eabi/include/c++/14.3.1/bits\stl_iterator.h ****       template<typename _Tp>
 422:C:/Program Files (x86)/Arm GNU Toolchain arm-none-eabi/14.3 rel1/arm-none-eabi/include/c++/14.3.1/bits\stl_iterator.h **** 	static _GLIBCXX17_CONSTEXPR pointer
 423:C:/Program Files (x86)/Arm GNU Toolchain arm-none-eabi/14.3 rel1/arm-none-eabi/include/c++/14.3.1/bits\stl_iterator.h **** 	_S_to_pointer(_Tp __t)
 424:C:/Program Files (x86)/Arm GNU Toolchain arm-none-eabi/14.3 rel1/arm-none-eabi/include/c++/14.3.1/bits\stl_iterator.h ****         { return __t.operator->(); }
 425:C:/Program Files (x86)/Arm GNU Toolchain arm-none-eabi/14.3 rel1/arm-none-eabi/include/c++/14.3.1/bits\stl_iterator.h ****     };
 426:C:/Program Files (x86)/Arm GNU Toolchain arm-none-eabi/14.3 rel1/arm-none-eabi/include/c++/14.3.1/bits\stl_iterator.h **** 
 427:C:/Program Files (x86)/Arm GNU Toolchain arm-none-eabi/14.3 rel1/arm-none-eabi/include/c++/14.3.1/bits\stl_iterator.h ****   ///@{
 428:C:/Program Files (x86)/Arm GNU Toolchain arm-none-eabi/14.3 rel1/arm-none-eabi/include/c++/14.3.1/bits\stl_iterator.h ****   /**
 429:C:/Program Files (x86)/Arm GNU Toolchain arm-none-eabi/14.3 rel1/arm-none-eabi/include/c++/14.3.1/bits\stl_iterator.h ****    *  @param  __x  A %reverse_iterator.
 430:C:/Program Files (x86)/Arm GNU Toolchain arm-none-eabi/14.3 rel1/arm-none-eabi/include/c++/14.3.1/bits\stl_iterator.h ****    *  @param  __y  A %reverse_iterator.
 431:C:/Program Files (x86)/Arm GNU Toolchain arm-none-eabi/14.3 rel1/arm-none-eabi/include/c++/14.3.1/bits\stl_iterator.h ****    *  @return  A simple bool.
 432:C:/Program Files (x86)/Arm GNU Toolchain arm-none-eabi/14.3 rel1/arm-none-eabi/include/c++/14.3.1/bits\stl_iterator.h ****    *
 433:C:/Program Files (x86)/Arm GNU Toolchain arm-none-eabi/14.3 rel1/arm-none-eabi/include/c++/14.3.1/bits\stl_iterator.h ****    *  Reverse iterators forward comparisons to their underlying base()
 434:C:/Program Files (x86)/Arm GNU Toolchain arm-none-eabi/14.3 rel1/arm-none-eabi/include/c++/14.3.1/bits\stl_iterator.h ****    *  iterators.
 435:C:/Program Files (x86)/Arm GNU Toolchain arm-none-eabi/14.3 rel1/arm-none-eabi/include/c++/14.3.1/bits\stl_iterator.h ****    *
 436:C:/Program Files (x86)/Arm GNU Toolchain arm-none-eabi/14.3 rel1/arm-none-eabi/include/c++/14.3.1/bits\stl_iterator.h ****   */
 437:C:/Program Files (x86)/Arm GNU Toolchain arm-none-eabi/14.3 rel1/arm-none-eabi/include/c++/14.3.1/bits\stl_iterator.h **** #if __cplusplus <= 201703L || ! defined __glibcxx_concepts
 438:C:/Program Files (x86)/Arm GNU Toolchain arm-none-eabi/14.3 rel1/arm-none-eabi/include/c++/14.3.1/bits\stl_iterator.h ****   template<typename _Iterator>
 439:C:/Program Files (x86)/Arm GNU Toolchain arm-none-eabi/14.3 rel1/arm-none-eabi/include/c++/14.3.1/bits\stl_iterator.h ****     _GLIBCXX_NODISCARD
 440:C:/Program Files (x86)/Arm GNU Toolchain arm-none-eabi/14.3 rel1/arm-none-eabi/include/c++/14.3.1/bits\stl_iterator.h ****     inline _GLIBCXX17_CONSTEXPR bool
 441:C:/Program Files (x86)/Arm GNU Toolchain arm-none-eabi/14.3 rel1/arm-none-eabi/include/c++/14.3.1/bits\stl_iterator.h ****     operator==(const reverse_iterator<_Iterator>& __x,
 442:C:/Program Files (x86)/Arm GNU Toolchain arm-none-eabi/14.3 rel1/arm-none-eabi/include/c++/14.3.1/bits\stl_iterator.h **** 	       const reverse_iterator<_Iterator>& __y)
 443:C:/Program Files (x86)/Arm GNU Toolchain arm-none-eabi/14.3 rel1/arm-none-eabi/include/c++/14.3.1/bits\stl_iterator.h ****     { return __x.base() == __y.base(); }
 444:C:/Program Files (x86)/Arm GNU Toolchain arm-none-eabi/14.3 rel1/arm-none-eabi/include/c++/14.3.1/bits\stl_iterator.h **** 
 445:C:/Program Files (x86)/Arm GNU Toolchain arm-none-eabi/14.3 rel1/arm-none-eabi/include/c++/14.3.1/bits\stl_iterator.h ****   template<typename _Iterator>
 446:C:/Program Files (x86)/Arm GNU Toolchain arm-none-eabi/14.3 rel1/arm-none-eabi/include/c++/14.3.1/bits\stl_iterator.h ****     _GLIBCXX_NODISCARD
 447:C:/Program Files (x86)/Arm GNU Toolchain arm-none-eabi/14.3 rel1/arm-none-eabi/include/c++/14.3.1/bits\stl_iterator.h ****     inline _GLIBCXX17_CONSTEXPR bool
 448:C:/Program Files (x86)/Arm GNU Toolchain arm-none-eabi/14.3 rel1/arm-none-eabi/include/c++/14.3.1/bits\stl_iterator.h ****     operator<(const reverse_iterator<_Iterator>& __x,
 449:C:/Program Files (x86)/Arm GNU Toolchain arm-none-eabi/14.3 rel1/arm-none-eabi/include/c++/14.3.1/bits\stl_iterator.h **** 	      const reverse_iterator<_Iterator>& __y)
 450:C:/Program Files (x86)/Arm GNU Toolchain arm-none-eabi/14.3 rel1/arm-none-eabi/include/c++/14.3.1/bits\stl_iterator.h ****     { return __y.base() < __x.base(); }
 451:C:/Program Files (x86)/Arm GNU Toolchain arm-none-eabi/14.3 rel1/arm-none-eabi/include/c++/14.3.1/bits\stl_iterator.h **** 
 452:C:/Program Files (x86)/Arm GNU Toolchain arm-none-eabi/14.3 rel1/arm-none-eabi/include/c++/14.3.1/bits\stl_iterator.h ****   template<typename _Iterator>
 453:C:/Program Files (x86)/Arm GNU Toolchain arm-none-eabi/14.3 rel1/arm-none-eabi/include/c++/14.3.1/bits\stl_iterator.h ****     _GLIBCXX_NODISCARD
 454:C:/Program Files (x86)/Arm GNU Toolchain arm-none-eabi/14.3 rel1/arm-none-eabi/include/c++/14.3.1/bits\stl_iterator.h ****     inline _GLIBCXX17_CONSTEXPR bool
 455:C:/Program Files (x86)/Arm GNU Toolchain arm-none-eabi/14.3 rel1/arm-none-eabi/include/c++/14.3.1/bits\stl_iterator.h ****     operator!=(const reverse_iterator<_Iterator>& __x,
 456:C:/Program Files (x86)/Arm GNU Toolchain arm-none-eabi/14.3 rel1/arm-none-eabi/include/c++/14.3.1/bits\stl_iterator.h **** 	       const reverse_iterator<_Iterator>& __y)
 457:C:/Program Files (x86)/Arm GNU Toolchain arm-none-eabi/14.3 rel1/arm-none-eabi/include/c++/14.3.1/bits\stl_iterator.h ****     { return !(__x == __y); }
 458:C:/Program Files (x86)/Arm GNU Toolchain arm-none-eabi/14.3 rel1/arm-none-eabi/include/c++/14.3.1/bits\stl_iterator.h **** 
 459:C:/Program Files (x86)/Arm GNU Toolchain arm-none-eabi/14.3 rel1/arm-none-eabi/include/c++/14.3.1/bits\stl_iterator.h ****   template<typename _Iterator>
 460:C:/Program Files (x86)/Arm GNU Toolchain arm-none-eabi/14.3 rel1/arm-none-eabi/include/c++/14.3.1/bits\stl_iterator.h ****     _GLIBCXX_NODISCARD
 461:C:/Program Files (x86)/Arm GNU Toolchain arm-none-eabi/14.3 rel1/arm-none-eabi/include/c++/14.3.1/bits\stl_iterator.h ****     inline _GLIBCXX17_CONSTEXPR bool
 462:C:/Program Files (x86)/Arm GNU Toolchain arm-none-eabi/14.3 rel1/arm-none-eabi/include/c++/14.3.1/bits\stl_iterator.h ****     operator>(const reverse_iterator<_Iterator>& __x,
 463:C:/Program Files (x86)/Arm GNU Toolchain arm-none-eabi/14.3 rel1/arm-none-eabi/include/c++/14.3.1/bits\stl_iterator.h **** 	      const reverse_iterator<_Iterator>& __y)
ARM GAS  C:\Users\Oliver\AppData\Local\Temp\ccAPLW26.s 			page 46


 464:C:/Program Files (x86)/Arm GNU Toolchain arm-none-eabi/14.3 rel1/arm-none-eabi/include/c++/14.3.1/bits\stl_iterator.h ****     { return __y < __x; }
 465:C:/Program Files (x86)/Arm GNU Toolchain arm-none-eabi/14.3 rel1/arm-none-eabi/include/c++/14.3.1/bits\stl_iterator.h **** 
 466:C:/Program Files (x86)/Arm GNU Toolchain arm-none-eabi/14.3 rel1/arm-none-eabi/include/c++/14.3.1/bits\stl_iterator.h ****   template<typename _Iterator>
 467:C:/Program Files (x86)/Arm GNU Toolchain arm-none-eabi/14.3 rel1/arm-none-eabi/include/c++/14.3.1/bits\stl_iterator.h ****     _GLIBCXX_NODISCARD
 468:C:/Program Files (x86)/Arm GNU Toolchain arm-none-eabi/14.3 rel1/arm-none-eabi/include/c++/14.3.1/bits\stl_iterator.h ****     inline _GLIBCXX17_CONSTEXPR bool
 469:C:/Program Files (x86)/Arm GNU Toolchain arm-none-eabi/14.3 rel1/arm-none-eabi/include/c++/14.3.1/bits\stl_iterator.h ****     operator<=(const reverse_iterator<_Iterator>& __x,
 470:C:/Program Files (x86)/Arm GNU Toolchain arm-none-eabi/14.3 rel1/arm-none-eabi/include/c++/14.3.1/bits\stl_iterator.h **** 	       const reverse_iterator<_Iterator>& __y)
 471:C:/Program Files (x86)/Arm GNU Toolchain arm-none-eabi/14.3 rel1/arm-none-eabi/include/c++/14.3.1/bits\stl_iterator.h ****     { return !(__y < __x); }
 472:C:/Program Files (x86)/Arm GNU Toolchain arm-none-eabi/14.3 rel1/arm-none-eabi/include/c++/14.3.1/bits\stl_iterator.h **** 
 473:C:/Program Files (x86)/Arm GNU Toolchain arm-none-eabi/14.3 rel1/arm-none-eabi/include/c++/14.3.1/bits\stl_iterator.h ****   template<typename _Iterator>
 474:C:/Program Files (x86)/Arm GNU Toolchain arm-none-eabi/14.3 rel1/arm-none-eabi/include/c++/14.3.1/bits\stl_iterator.h ****     _GLIBCXX_NODISCARD
 475:C:/Program Files (x86)/Arm GNU Toolchain arm-none-eabi/14.3 rel1/arm-none-eabi/include/c++/14.3.1/bits\stl_iterator.h ****     inline _GLIBCXX17_CONSTEXPR bool
 476:C:/Program Files (x86)/Arm GNU Toolchain arm-none-eabi/14.3 rel1/arm-none-eabi/include/c++/14.3.1/bits\stl_iterator.h ****     operator>=(const reverse_iterator<_Iterator>& __x,
 477:C:/Program Files (x86)/Arm GNU Toolchain arm-none-eabi/14.3 rel1/arm-none-eabi/include/c++/14.3.1/bits\stl_iterator.h **** 	       const reverse_iterator<_Iterator>& __y)
 478:C:/Program Files (x86)/Arm GNU Toolchain arm-none-eabi/14.3 rel1/arm-none-eabi/include/c++/14.3.1/bits\stl_iterator.h ****     { return !(__x < __y); }
 479:C:/Program Files (x86)/Arm GNU Toolchain arm-none-eabi/14.3 rel1/arm-none-eabi/include/c++/14.3.1/bits\stl_iterator.h **** 
 480:C:/Program Files (x86)/Arm GNU Toolchain arm-none-eabi/14.3 rel1/arm-none-eabi/include/c++/14.3.1/bits\stl_iterator.h ****   // _GLIBCXX_RESOLVE_LIB_DEFECTS
 481:C:/Program Files (x86)/Arm GNU Toolchain arm-none-eabi/14.3 rel1/arm-none-eabi/include/c++/14.3.1/bits\stl_iterator.h ****   // DR 280. Comparison of reverse_iterator to const reverse_iterator.
 482:C:/Program Files (x86)/Arm GNU Toolchain arm-none-eabi/14.3 rel1/arm-none-eabi/include/c++/14.3.1/bits\stl_iterator.h **** 
 483:C:/Program Files (x86)/Arm GNU Toolchain arm-none-eabi/14.3 rel1/arm-none-eabi/include/c++/14.3.1/bits\stl_iterator.h ****   template<typename _IteratorL, typename _IteratorR>
 484:C:/Program Files (x86)/Arm GNU Toolchain arm-none-eabi/14.3 rel1/arm-none-eabi/include/c++/14.3.1/bits\stl_iterator.h ****     _GLIBCXX_NODISCARD
 485:C:/Program Files (x86)/Arm GNU Toolchain arm-none-eabi/14.3 rel1/arm-none-eabi/include/c++/14.3.1/bits\stl_iterator.h ****     inline _GLIBCXX17_CONSTEXPR bool
 486:C:/Program Files (x86)/Arm GNU Toolchain arm-none-eabi/14.3 rel1/arm-none-eabi/include/c++/14.3.1/bits\stl_iterator.h ****     operator==(const reverse_iterator<_IteratorL>& __x,
 487:C:/Program Files (x86)/Arm GNU Toolchain arm-none-eabi/14.3 rel1/arm-none-eabi/include/c++/14.3.1/bits\stl_iterator.h **** 	       const reverse_iterator<_IteratorR>& __y)
 488:C:/Program Files (x86)/Arm GNU Toolchain arm-none-eabi/14.3 rel1/arm-none-eabi/include/c++/14.3.1/bits\stl_iterator.h ****     { return __x.base() == __y.base(); }
 489:C:/Program Files (x86)/Arm GNU Toolchain arm-none-eabi/14.3 rel1/arm-none-eabi/include/c++/14.3.1/bits\stl_iterator.h **** 
 490:C:/Program Files (x86)/Arm GNU Toolchain arm-none-eabi/14.3 rel1/arm-none-eabi/include/c++/14.3.1/bits\stl_iterator.h ****   template<typename _IteratorL, typename _IteratorR>
 491:C:/Program Files (x86)/Arm GNU Toolchain arm-none-eabi/14.3 rel1/arm-none-eabi/include/c++/14.3.1/bits\stl_iterator.h ****     _GLIBCXX_NODISCARD
 492:C:/Program Files (x86)/Arm GNU Toolchain arm-none-eabi/14.3 rel1/arm-none-eabi/include/c++/14.3.1/bits\stl_iterator.h ****     inline _GLIBCXX17_CONSTEXPR bool
 493:C:/Program Files (x86)/Arm GNU Toolchain arm-none-eabi/14.3 rel1/arm-none-eabi/include/c++/14.3.1/bits\stl_iterator.h ****     operator<(const reverse_iterator<_IteratorL>& __x,
 494:C:/Program Files (x86)/Arm GNU Toolchain arm-none-eabi/14.3 rel1/arm-none-eabi/include/c++/14.3.1/bits\stl_iterator.h **** 	      const reverse_iterator<_IteratorR>& __y)
 495:C:/Program Files (x86)/Arm GNU Toolchain arm-none-eabi/14.3 rel1/arm-none-eabi/include/c++/14.3.1/bits\stl_iterator.h ****     { return __x.base() > __y.base(); }
 496:C:/Program Files (x86)/Arm GNU Toolchain arm-none-eabi/14.3 rel1/arm-none-eabi/include/c++/14.3.1/bits\stl_iterator.h **** 
 497:C:/Program Files (x86)/Arm GNU Toolchain arm-none-eabi/14.3 rel1/arm-none-eabi/include/c++/14.3.1/bits\stl_iterator.h ****   template<typename _IteratorL, typename _IteratorR>
 498:C:/Program Files (x86)/Arm GNU Toolchain arm-none-eabi/14.3 rel1/arm-none-eabi/include/c++/14.3.1/bits\stl_iterator.h ****     _GLIBCXX_NODISCARD
 499:C:/Program Files (x86)/Arm GNU Toolchain arm-none-eabi/14.3 rel1/arm-none-eabi/include/c++/14.3.1/bits\stl_iterator.h ****     inline _GLIBCXX17_CONSTEXPR bool
 500:C:/Program Files (x86)/Arm GNU Toolchain arm-none-eabi/14.3 rel1/arm-none-eabi/include/c++/14.3.1/bits\stl_iterator.h ****     operator!=(const reverse_iterator<_IteratorL>& __x,
 501:C:/Program Files (x86)/Arm GNU Toolchain arm-none-eabi/14.3 rel1/arm-none-eabi/include/c++/14.3.1/bits\stl_iterator.h **** 	       const reverse_iterator<_IteratorR>& __y)
 502:C:/Program Files (x86)/Arm GNU Toolchain arm-none-eabi/14.3 rel1/arm-none-eabi/include/c++/14.3.1/bits\stl_iterator.h ****     { return __x.base() != __y.base(); }
 503:C:/Program Files (x86)/Arm GNU Toolchain arm-none-eabi/14.3 rel1/arm-none-eabi/include/c++/14.3.1/bits\stl_iterator.h **** 
 504:C:/Program Files (x86)/Arm GNU Toolchain arm-none-eabi/14.3 rel1/arm-none-eabi/include/c++/14.3.1/bits\stl_iterator.h ****   template<typename _IteratorL, typename _IteratorR>
 505:C:/Program Files (x86)/Arm GNU Toolchain arm-none-eabi/14.3 rel1/arm-none-eabi/include/c++/14.3.1/bits\stl_iterator.h ****     _GLIBCXX_NODISCARD
 506:C:/Program Files (x86)/Arm GNU Toolchain arm-none-eabi/14.3 rel1/arm-none-eabi/include/c++/14.3.1/bits\stl_iterator.h ****     inline _GLIBCXX17_CONSTEXPR bool
 507:C:/Program Files (x86)/Arm GNU Toolchain arm-none-eabi/14.3 rel1/arm-none-eabi/include/c++/14.3.1/bits\stl_iterator.h ****     operator>(const reverse_iterator<_IteratorL>& __x,
 508:C:/Program Files (x86)/Arm GNU Toolchain arm-none-eabi/14.3 rel1/arm-none-eabi/include/c++/14.3.1/bits\stl_iterator.h **** 	      const reverse_iterator<_IteratorR>& __y)
 509:C:/Program Files (x86)/Arm GNU Toolchain arm-none-eabi/14.3 rel1/arm-none-eabi/include/c++/14.3.1/bits\stl_iterator.h ****     { return __x.base() < __y.base(); }
 510:C:/Program Files (x86)/Arm GNU Toolchain arm-none-eabi/14.3 rel1/arm-none-eabi/include/c++/14.3.1/bits\stl_iterator.h **** 
 511:C:/Program Files (x86)/Arm GNU Toolchain arm-none-eabi/14.3 rel1/arm-none-eabi/include/c++/14.3.1/bits\stl_iterator.h ****   template<typename _IteratorL, typename _IteratorR>
 512:C:/Program Files (x86)/Arm GNU Toolchain arm-none-eabi/14.3 rel1/arm-none-eabi/include/c++/14.3.1/bits\stl_iterator.h ****     inline _GLIBCXX17_CONSTEXPR bool
 513:C:/Program Files (x86)/Arm GNU Toolchain arm-none-eabi/14.3 rel1/arm-none-eabi/include/c++/14.3.1/bits\stl_iterator.h ****     operator<=(const reverse_iterator<_IteratorL>& __x,
 514:C:/Program Files (x86)/Arm GNU Toolchain arm-none-eabi/14.3 rel1/arm-none-eabi/include/c++/14.3.1/bits\stl_iterator.h **** 	       const reverse_iterator<_IteratorR>& __y)
 515:C:/Program Files (x86)/Arm GNU Toolchain arm-none-eabi/14.3 rel1/arm-none-eabi/include/c++/14.3.1/bits\stl_iterator.h ****     { return __x.base() >= __y.base(); }
 516:C:/Program Files (x86)/Arm GNU Toolchain arm-none-eabi/14.3 rel1/arm-none-eabi/include/c++/14.3.1/bits\stl_iterator.h **** 
 517:C:/Program Files (x86)/Arm GNU Toolchain arm-none-eabi/14.3 rel1/arm-none-eabi/include/c++/14.3.1/bits\stl_iterator.h ****   template<typename _IteratorL, typename _IteratorR>
 518:C:/Program Files (x86)/Arm GNU Toolchain arm-none-eabi/14.3 rel1/arm-none-eabi/include/c++/14.3.1/bits\stl_iterator.h ****     _GLIBCXX_NODISCARD
 519:C:/Program Files (x86)/Arm GNU Toolchain arm-none-eabi/14.3 rel1/arm-none-eabi/include/c++/14.3.1/bits\stl_iterator.h ****     inline _GLIBCXX17_CONSTEXPR bool
 520:C:/Program Files (x86)/Arm GNU Toolchain arm-none-eabi/14.3 rel1/arm-none-eabi/include/c++/14.3.1/bits\stl_iterator.h ****     operator>=(const reverse_iterator<_IteratorL>& __x,
ARM GAS  C:\Users\Oliver\AppData\Local\Temp\ccAPLW26.s 			page 47


 521:C:/Program Files (x86)/Arm GNU Toolchain arm-none-eabi/14.3 rel1/arm-none-eabi/include/c++/14.3.1/bits\stl_iterator.h **** 	       const reverse_iterator<_IteratorR>& __y)
 522:C:/Program Files (x86)/Arm GNU Toolchain arm-none-eabi/14.3 rel1/arm-none-eabi/include/c++/14.3.1/bits\stl_iterator.h ****     { return __x.base() <= __y.base(); }
 523:C:/Program Files (x86)/Arm GNU Toolchain arm-none-eabi/14.3 rel1/arm-none-eabi/include/c++/14.3.1/bits\stl_iterator.h **** #else // C++20
 524:C:/Program Files (x86)/Arm GNU Toolchain arm-none-eabi/14.3 rel1/arm-none-eabi/include/c++/14.3.1/bits\stl_iterator.h ****   template<typename _IteratorL, typename _IteratorR>
 525:C:/Program Files (x86)/Arm GNU Toolchain arm-none-eabi/14.3 rel1/arm-none-eabi/include/c++/14.3.1/bits\stl_iterator.h ****     [[nodiscard]]
 526:C:/Program Files (x86)/Arm GNU Toolchain arm-none-eabi/14.3 rel1/arm-none-eabi/include/c++/14.3.1/bits\stl_iterator.h ****     constexpr bool
 527:C:/Program Files (x86)/Arm GNU Toolchain arm-none-eabi/14.3 rel1/arm-none-eabi/include/c++/14.3.1/bits\stl_iterator.h ****     operator==(const reverse_iterator<_IteratorL>& __x,
 528:C:/Program Files (x86)/Arm GNU Toolchain arm-none-eabi/14.3 rel1/arm-none-eabi/include/c++/14.3.1/bits\stl_iterator.h **** 	       const reverse_iterator<_IteratorR>& __y)
 529:C:/Program Files (x86)/Arm GNU Toolchain arm-none-eabi/14.3 rel1/arm-none-eabi/include/c++/14.3.1/bits\stl_iterator.h ****     requires requires { { __x.base() == __y.base() } -> convertible_to<bool>; }
 530:C:/Program Files (x86)/Arm GNU Toolchain arm-none-eabi/14.3 rel1/arm-none-eabi/include/c++/14.3.1/bits\stl_iterator.h ****     { return __x.base() == __y.base(); }
 531:C:/Program Files (x86)/Arm GNU Toolchain arm-none-eabi/14.3 rel1/arm-none-eabi/include/c++/14.3.1/bits\stl_iterator.h **** 
 532:C:/Program Files (x86)/Arm GNU Toolchain arm-none-eabi/14.3 rel1/arm-none-eabi/include/c++/14.3.1/bits\stl_iterator.h ****   template<typename _IteratorL, typename _IteratorR>
 533:C:/Program Files (x86)/Arm GNU Toolchain arm-none-eabi/14.3 rel1/arm-none-eabi/include/c++/14.3.1/bits\stl_iterator.h ****     [[nodiscard]]
 534:C:/Program Files (x86)/Arm GNU Toolchain arm-none-eabi/14.3 rel1/arm-none-eabi/include/c++/14.3.1/bits\stl_iterator.h ****     constexpr bool
 535:C:/Program Files (x86)/Arm GNU Toolchain arm-none-eabi/14.3 rel1/arm-none-eabi/include/c++/14.3.1/bits\stl_iterator.h ****     operator!=(const reverse_iterator<_IteratorL>& __x,
 536:C:/Program Files (x86)/Arm GNU Toolchain arm-none-eabi/14.3 rel1/arm-none-eabi/include/c++/14.3.1/bits\stl_iterator.h **** 	       const reverse_iterator<_IteratorR>& __y)
 537:C:/Program Files (x86)/Arm GNU Toolchain arm-none-eabi/14.3 rel1/arm-none-eabi/include/c++/14.3.1/bits\stl_iterator.h ****     requires requires { { __x.base() != __y.base() } -> convertible_to<bool>; }
 538:C:/Program Files (x86)/Arm GNU Toolchain arm-none-eabi/14.3 rel1/arm-none-eabi/include/c++/14.3.1/bits\stl_iterator.h ****     { return __x.base() != __y.base(); }
 539:C:/Program Files (x86)/Arm GNU Toolchain arm-none-eabi/14.3 rel1/arm-none-eabi/include/c++/14.3.1/bits\stl_iterator.h **** 
 540:C:/Program Files (x86)/Arm GNU Toolchain arm-none-eabi/14.3 rel1/arm-none-eabi/include/c++/14.3.1/bits\stl_iterator.h ****   template<typename _IteratorL, typename _IteratorR>
 541:C:/Program Files (x86)/Arm GNU Toolchain arm-none-eabi/14.3 rel1/arm-none-eabi/include/c++/14.3.1/bits\stl_iterator.h ****     [[nodiscard]]
 542:C:/Program Files (x86)/Arm GNU Toolchain arm-none-eabi/14.3 rel1/arm-none-eabi/include/c++/14.3.1/bits\stl_iterator.h ****     constexpr bool
 543:C:/Program Files (x86)/Arm GNU Toolchain arm-none-eabi/14.3 rel1/arm-none-eabi/include/c++/14.3.1/bits\stl_iterator.h ****     operator<(const reverse_iterator<_IteratorL>& __x,
 544:C:/Program Files (x86)/Arm GNU Toolchain arm-none-eabi/14.3 rel1/arm-none-eabi/include/c++/14.3.1/bits\stl_iterator.h **** 	      const reverse_iterator<_IteratorR>& __y)
 545:C:/Program Files (x86)/Arm GNU Toolchain arm-none-eabi/14.3 rel1/arm-none-eabi/include/c++/14.3.1/bits\stl_iterator.h ****     requires requires { { __x.base() > __y.base() } -> convertible_to<bool>; }
 546:C:/Program Files (x86)/Arm GNU Toolchain arm-none-eabi/14.3 rel1/arm-none-eabi/include/c++/14.3.1/bits\stl_iterator.h ****     { return __x.base() > __y.base(); }
 547:C:/Program Files (x86)/Arm GNU Toolchain arm-none-eabi/14.3 rel1/arm-none-eabi/include/c++/14.3.1/bits\stl_iterator.h **** 
 548:C:/Program Files (x86)/Arm GNU Toolchain arm-none-eabi/14.3 rel1/arm-none-eabi/include/c++/14.3.1/bits\stl_iterator.h ****   template<typename _IteratorL, typename _IteratorR>
 549:C:/Program Files (x86)/Arm GNU Toolchain arm-none-eabi/14.3 rel1/arm-none-eabi/include/c++/14.3.1/bits\stl_iterator.h ****     [[nodiscard]]
 550:C:/Program Files (x86)/Arm GNU Toolchain arm-none-eabi/14.3 rel1/arm-none-eabi/include/c++/14.3.1/bits\stl_iterator.h ****     constexpr bool
 551:C:/Program Files (x86)/Arm GNU Toolchain arm-none-eabi/14.3 rel1/arm-none-eabi/include/c++/14.3.1/bits\stl_iterator.h ****     operator>(const reverse_iterator<_IteratorL>& __x,
 552:C:/Program Files (x86)/Arm GNU Toolchain arm-none-eabi/14.3 rel1/arm-none-eabi/include/c++/14.3.1/bits\stl_iterator.h **** 	      const reverse_iterator<_IteratorR>& __y)
 553:C:/Program Files (x86)/Arm GNU Toolchain arm-none-eabi/14.3 rel1/arm-none-eabi/include/c++/14.3.1/bits\stl_iterator.h ****     requires requires { { __x.base() < __y.base() } -> convertible_to<bool>; }
 554:C:/Program Files (x86)/Arm GNU Toolchain arm-none-eabi/14.3 rel1/arm-none-eabi/include/c++/14.3.1/bits\stl_iterator.h ****     { return __x.base() < __y.base(); }
 555:C:/Program Files (x86)/Arm GNU Toolchain arm-none-eabi/14.3 rel1/arm-none-eabi/include/c++/14.3.1/bits\stl_iterator.h **** 
 556:C:/Program Files (x86)/Arm GNU Toolchain arm-none-eabi/14.3 rel1/arm-none-eabi/include/c++/14.3.1/bits\stl_iterator.h ****   template<typename _IteratorL, typename _IteratorR>
 557:C:/Program Files (x86)/Arm GNU Toolchain arm-none-eabi/14.3 rel1/arm-none-eabi/include/c++/14.3.1/bits\stl_iterator.h ****     [[nodiscard]]
 558:C:/Program Files (x86)/Arm GNU Toolchain arm-none-eabi/14.3 rel1/arm-none-eabi/include/c++/14.3.1/bits\stl_iterator.h ****     constexpr bool
 559:C:/Program Files (x86)/Arm GNU Toolchain arm-none-eabi/14.3 rel1/arm-none-eabi/include/c++/14.3.1/bits\stl_iterator.h ****     operator<=(const reverse_iterator<_IteratorL>& __x,
 560:C:/Program Files (x86)/Arm GNU Toolchain arm-none-eabi/14.3 rel1/arm-none-eabi/include/c++/14.3.1/bits\stl_iterator.h **** 	       const reverse_iterator<_IteratorR>& __y)
 561:C:/Program Files (x86)/Arm GNU Toolchain arm-none-eabi/14.3 rel1/arm-none-eabi/include/c++/14.3.1/bits\stl_iterator.h ****     requires requires { { __x.base() >= __y.base() } -> convertible_to<bool>; }
 562:C:/Program Files (x86)/Arm GNU Toolchain arm-none-eabi/14.3 rel1/arm-none-eabi/include/c++/14.3.1/bits\stl_iterator.h ****     { return __x.base() >= __y.base(); }
 563:C:/Program Files (x86)/Arm GNU Toolchain arm-none-eabi/14.3 rel1/arm-none-eabi/include/c++/14.3.1/bits\stl_iterator.h **** 
 564:C:/Program Files (x86)/Arm GNU Toolchain arm-none-eabi/14.3 rel1/arm-none-eabi/include/c++/14.3.1/bits\stl_iterator.h ****   template<typename _IteratorL, typename _IteratorR>
 565:C:/Program Files (x86)/Arm GNU Toolchain arm-none-eabi/14.3 rel1/arm-none-eabi/include/c++/14.3.1/bits\stl_iterator.h ****     [[nodiscard]]
 566:C:/Program Files (x86)/Arm GNU Toolchain arm-none-eabi/14.3 rel1/arm-none-eabi/include/c++/14.3.1/bits\stl_iterator.h ****     constexpr bool
 567:C:/Program Files (x86)/Arm GNU Toolchain arm-none-eabi/14.3 rel1/arm-none-eabi/include/c++/14.3.1/bits\stl_iterator.h ****     operator>=(const reverse_iterator<_IteratorL>& __x,
 568:C:/Program Files (x86)/Arm GNU Toolchain arm-none-eabi/14.3 rel1/arm-none-eabi/include/c++/14.3.1/bits\stl_iterator.h **** 	       const reverse_iterator<_IteratorR>& __y)
 569:C:/Program Files (x86)/Arm GNU Toolchain arm-none-eabi/14.3 rel1/arm-none-eabi/include/c++/14.3.1/bits\stl_iterator.h ****     requires requires { { __x.base() <= __y.base() } -> convertible_to<bool>; }
 570:C:/Program Files (x86)/Arm GNU Toolchain arm-none-eabi/14.3 rel1/arm-none-eabi/include/c++/14.3.1/bits\stl_iterator.h ****     { return __x.base() <= __y.base(); }
 571:C:/Program Files (x86)/Arm GNU Toolchain arm-none-eabi/14.3 rel1/arm-none-eabi/include/c++/14.3.1/bits\stl_iterator.h **** 
 572:C:/Program Files (x86)/Arm GNU Toolchain arm-none-eabi/14.3 rel1/arm-none-eabi/include/c++/14.3.1/bits\stl_iterator.h ****   template<typename _IteratorL,
 573:C:/Program Files (x86)/Arm GNU Toolchain arm-none-eabi/14.3 rel1/arm-none-eabi/include/c++/14.3.1/bits\stl_iterator.h **** 	   three_way_comparable_with<_IteratorL> _IteratorR>
 574:C:/Program Files (x86)/Arm GNU Toolchain arm-none-eabi/14.3 rel1/arm-none-eabi/include/c++/14.3.1/bits\stl_iterator.h ****     [[nodiscard]]
 575:C:/Program Files (x86)/Arm GNU Toolchain arm-none-eabi/14.3 rel1/arm-none-eabi/include/c++/14.3.1/bits\stl_iterator.h ****     constexpr compare_three_way_result_t<_IteratorL, _IteratorR>
 576:C:/Program Files (x86)/Arm GNU Toolchain arm-none-eabi/14.3 rel1/arm-none-eabi/include/c++/14.3.1/bits\stl_iterator.h ****     operator<=>(const reverse_iterator<_IteratorL>& __x,
 577:C:/Program Files (x86)/Arm GNU Toolchain arm-none-eabi/14.3 rel1/arm-none-eabi/include/c++/14.3.1/bits\stl_iterator.h **** 		const reverse_iterator<_IteratorR>& __y)
ARM GAS  C:\Users\Oliver\AppData\Local\Temp\ccAPLW26.s 			page 48


 578:C:/Program Files (x86)/Arm GNU Toolchain arm-none-eabi/14.3 rel1/arm-none-eabi/include/c++/14.3.1/bits\stl_iterator.h ****     { return __y.base() <=> __x.base(); }
 579:C:/Program Files (x86)/Arm GNU Toolchain arm-none-eabi/14.3 rel1/arm-none-eabi/include/c++/14.3.1/bits\stl_iterator.h **** 
 580:C:/Program Files (x86)/Arm GNU Toolchain arm-none-eabi/14.3 rel1/arm-none-eabi/include/c++/14.3.1/bits\stl_iterator.h ****   // Additional, non-standard overloads to avoid ambiguities with greedy,
 581:C:/Program Files (x86)/Arm GNU Toolchain arm-none-eabi/14.3 rel1/arm-none-eabi/include/c++/14.3.1/bits\stl_iterator.h ****   // unconstrained overloads in associated namespaces.
 582:C:/Program Files (x86)/Arm GNU Toolchain arm-none-eabi/14.3 rel1/arm-none-eabi/include/c++/14.3.1/bits\stl_iterator.h **** 
 583:C:/Program Files (x86)/Arm GNU Toolchain arm-none-eabi/14.3 rel1/arm-none-eabi/include/c++/14.3.1/bits\stl_iterator.h ****   template<typename _Iterator>
 584:C:/Program Files (x86)/Arm GNU Toolchain arm-none-eabi/14.3 rel1/arm-none-eabi/include/c++/14.3.1/bits\stl_iterator.h ****     [[nodiscard]]
 585:C:/Program Files (x86)/Arm GNU Toolchain arm-none-eabi/14.3 rel1/arm-none-eabi/include/c++/14.3.1/bits\stl_iterator.h ****     constexpr bool
 586:C:/Program Files (x86)/Arm GNU Toolchain arm-none-eabi/14.3 rel1/arm-none-eabi/include/c++/14.3.1/bits\stl_iterator.h ****     operator==(const reverse_iterator<_Iterator>& __x,
 587:C:/Program Files (x86)/Arm GNU Toolchain arm-none-eabi/14.3 rel1/arm-none-eabi/include/c++/14.3.1/bits\stl_iterator.h **** 	       const reverse_iterator<_Iterator>& __y)
 588:C:/Program Files (x86)/Arm GNU Toolchain arm-none-eabi/14.3 rel1/arm-none-eabi/include/c++/14.3.1/bits\stl_iterator.h ****     requires requires { { __x.base() == __y.base() } -> convertible_to<bool>; }
 589:C:/Program Files (x86)/Arm GNU Toolchain arm-none-eabi/14.3 rel1/arm-none-eabi/include/c++/14.3.1/bits\stl_iterator.h ****     { return __x.base() == __y.base(); }
 590:C:/Program Files (x86)/Arm GNU Toolchain arm-none-eabi/14.3 rel1/arm-none-eabi/include/c++/14.3.1/bits\stl_iterator.h **** 
 591:C:/Program Files (x86)/Arm GNU Toolchain arm-none-eabi/14.3 rel1/arm-none-eabi/include/c++/14.3.1/bits\stl_iterator.h ****   template<three_way_comparable _Iterator>
 592:C:/Program Files (x86)/Arm GNU Toolchain arm-none-eabi/14.3 rel1/arm-none-eabi/include/c++/14.3.1/bits\stl_iterator.h ****     [[nodiscard]]
 593:C:/Program Files (x86)/Arm GNU Toolchain arm-none-eabi/14.3 rel1/arm-none-eabi/include/c++/14.3.1/bits\stl_iterator.h ****     constexpr compare_three_way_result_t<_Iterator, _Iterator>
 594:C:/Program Files (x86)/Arm GNU Toolchain arm-none-eabi/14.3 rel1/arm-none-eabi/include/c++/14.3.1/bits\stl_iterator.h ****     operator<=>(const reverse_iterator<_Iterator>& __x,
 595:C:/Program Files (x86)/Arm GNU Toolchain arm-none-eabi/14.3 rel1/arm-none-eabi/include/c++/14.3.1/bits\stl_iterator.h **** 		const reverse_iterator<_Iterator>& __y)
 596:C:/Program Files (x86)/Arm GNU Toolchain arm-none-eabi/14.3 rel1/arm-none-eabi/include/c++/14.3.1/bits\stl_iterator.h ****     { return __y.base() <=> __x.base(); }
 597:C:/Program Files (x86)/Arm GNU Toolchain arm-none-eabi/14.3 rel1/arm-none-eabi/include/c++/14.3.1/bits\stl_iterator.h **** #endif // C++20
 598:C:/Program Files (x86)/Arm GNU Toolchain arm-none-eabi/14.3 rel1/arm-none-eabi/include/c++/14.3.1/bits\stl_iterator.h ****   ///@}
 599:C:/Program Files (x86)/Arm GNU Toolchain arm-none-eabi/14.3 rel1/arm-none-eabi/include/c++/14.3.1/bits\stl_iterator.h **** 
 600:C:/Program Files (x86)/Arm GNU Toolchain arm-none-eabi/14.3 rel1/arm-none-eabi/include/c++/14.3.1/bits\stl_iterator.h **** #if __cplusplus < 201103L
 601:C:/Program Files (x86)/Arm GNU Toolchain arm-none-eabi/14.3 rel1/arm-none-eabi/include/c++/14.3.1/bits\stl_iterator.h ****   template<typename _Iterator>
 602:C:/Program Files (x86)/Arm GNU Toolchain arm-none-eabi/14.3 rel1/arm-none-eabi/include/c++/14.3.1/bits\stl_iterator.h ****     inline typename reverse_iterator<_Iterator>::difference_type
 603:C:/Program Files (x86)/Arm GNU Toolchain arm-none-eabi/14.3 rel1/arm-none-eabi/include/c++/14.3.1/bits\stl_iterator.h ****     operator-(const reverse_iterator<_Iterator>& __x,
 604:C:/Program Files (x86)/Arm GNU Toolchain arm-none-eabi/14.3 rel1/arm-none-eabi/include/c++/14.3.1/bits\stl_iterator.h **** 	      const reverse_iterator<_Iterator>& __y)
 605:C:/Program Files (x86)/Arm GNU Toolchain arm-none-eabi/14.3 rel1/arm-none-eabi/include/c++/14.3.1/bits\stl_iterator.h ****     { return __y.base() - __x.base(); }
 606:C:/Program Files (x86)/Arm GNU Toolchain arm-none-eabi/14.3 rel1/arm-none-eabi/include/c++/14.3.1/bits\stl_iterator.h **** 
 607:C:/Program Files (x86)/Arm GNU Toolchain arm-none-eabi/14.3 rel1/arm-none-eabi/include/c++/14.3.1/bits\stl_iterator.h ****   template<typename _IteratorL, typename _IteratorR>
 608:C:/Program Files (x86)/Arm GNU Toolchain arm-none-eabi/14.3 rel1/arm-none-eabi/include/c++/14.3.1/bits\stl_iterator.h ****     inline typename reverse_iterator<_IteratorL>::difference_type
 609:C:/Program Files (x86)/Arm GNU Toolchain arm-none-eabi/14.3 rel1/arm-none-eabi/include/c++/14.3.1/bits\stl_iterator.h ****     operator-(const reverse_iterator<_IteratorL>& __x,
 610:C:/Program Files (x86)/Arm GNU Toolchain arm-none-eabi/14.3 rel1/arm-none-eabi/include/c++/14.3.1/bits\stl_iterator.h **** 	      const reverse_iterator<_IteratorR>& __y)
 611:C:/Program Files (x86)/Arm GNU Toolchain arm-none-eabi/14.3 rel1/arm-none-eabi/include/c++/14.3.1/bits\stl_iterator.h ****     { return __y.base() - __x.base(); }
 612:C:/Program Files (x86)/Arm GNU Toolchain arm-none-eabi/14.3 rel1/arm-none-eabi/include/c++/14.3.1/bits\stl_iterator.h **** #else
 613:C:/Program Files (x86)/Arm GNU Toolchain arm-none-eabi/14.3 rel1/arm-none-eabi/include/c++/14.3.1/bits\stl_iterator.h ****   // _GLIBCXX_RESOLVE_LIB_DEFECTS
 614:C:/Program Files (x86)/Arm GNU Toolchain arm-none-eabi/14.3 rel1/arm-none-eabi/include/c++/14.3.1/bits\stl_iterator.h ****   // DR 685. reverse_iterator/move_iterator difference has invalid signatures
 615:C:/Program Files (x86)/Arm GNU Toolchain arm-none-eabi/14.3 rel1/arm-none-eabi/include/c++/14.3.1/bits\stl_iterator.h ****   template<typename _IteratorL, typename _IteratorR>
 616:C:/Program Files (x86)/Arm GNU Toolchain arm-none-eabi/14.3 rel1/arm-none-eabi/include/c++/14.3.1/bits\stl_iterator.h ****     [[__nodiscard__]]
 617:C:/Program Files (x86)/Arm GNU Toolchain arm-none-eabi/14.3 rel1/arm-none-eabi/include/c++/14.3.1/bits\stl_iterator.h ****     inline _GLIBCXX17_CONSTEXPR auto
 618:C:/Program Files (x86)/Arm GNU Toolchain arm-none-eabi/14.3 rel1/arm-none-eabi/include/c++/14.3.1/bits\stl_iterator.h ****     operator-(const reverse_iterator<_IteratorL>& __x,
 619:C:/Program Files (x86)/Arm GNU Toolchain arm-none-eabi/14.3 rel1/arm-none-eabi/include/c++/14.3.1/bits\stl_iterator.h **** 	      const reverse_iterator<_IteratorR>& __y)
 620:C:/Program Files (x86)/Arm GNU Toolchain arm-none-eabi/14.3 rel1/arm-none-eabi/include/c++/14.3.1/bits\stl_iterator.h ****     -> decltype(__y.base() - __x.base())
 621:C:/Program Files (x86)/Arm GNU Toolchain arm-none-eabi/14.3 rel1/arm-none-eabi/include/c++/14.3.1/bits\stl_iterator.h ****     { return __y.base() - __x.base(); }
 622:C:/Program Files (x86)/Arm GNU Toolchain arm-none-eabi/14.3 rel1/arm-none-eabi/include/c++/14.3.1/bits\stl_iterator.h **** #endif
 623:C:/Program Files (x86)/Arm GNU Toolchain arm-none-eabi/14.3 rel1/arm-none-eabi/include/c++/14.3.1/bits\stl_iterator.h **** 
 624:C:/Program Files (x86)/Arm GNU Toolchain arm-none-eabi/14.3 rel1/arm-none-eabi/include/c++/14.3.1/bits\stl_iterator.h ****   template<typename _Iterator>
 625:C:/Program Files (x86)/Arm GNU Toolchain arm-none-eabi/14.3 rel1/arm-none-eabi/include/c++/14.3.1/bits\stl_iterator.h ****     _GLIBCXX_NODISCARD
 626:C:/Program Files (x86)/Arm GNU Toolchain arm-none-eabi/14.3 rel1/arm-none-eabi/include/c++/14.3.1/bits\stl_iterator.h ****     inline _GLIBCXX17_CONSTEXPR reverse_iterator<_Iterator>
 627:C:/Program Files (x86)/Arm GNU Toolchain arm-none-eabi/14.3 rel1/arm-none-eabi/include/c++/14.3.1/bits\stl_iterator.h ****     operator+(typename reverse_iterator<_Iterator>::difference_type __n,
 628:C:/Program Files (x86)/Arm GNU Toolchain arm-none-eabi/14.3 rel1/arm-none-eabi/include/c++/14.3.1/bits\stl_iterator.h **** 	      const reverse_iterator<_Iterator>& __x)
 629:C:/Program Files (x86)/Arm GNU Toolchain arm-none-eabi/14.3 rel1/arm-none-eabi/include/c++/14.3.1/bits\stl_iterator.h ****     { return reverse_iterator<_Iterator>(__x.base() - __n); }
 630:C:/Program Files (x86)/Arm GNU Toolchain arm-none-eabi/14.3 rel1/arm-none-eabi/include/c++/14.3.1/bits\stl_iterator.h **** 
 631:C:/Program Files (x86)/Arm GNU Toolchain arm-none-eabi/14.3 rel1/arm-none-eabi/include/c++/14.3.1/bits\stl_iterator.h **** #if __cplusplus >= 201103L
 632:C:/Program Files (x86)/Arm GNU Toolchain arm-none-eabi/14.3 rel1/arm-none-eabi/include/c++/14.3.1/bits\stl_iterator.h ****   // Same as C++14 make_reverse_iterator but used in C++11 mode too.
 633:C:/Program Files (x86)/Arm GNU Toolchain arm-none-eabi/14.3 rel1/arm-none-eabi/include/c++/14.3.1/bits\stl_iterator.h ****   template<typename _Iterator>
 634:C:/Program Files (x86)/Arm GNU Toolchain arm-none-eabi/14.3 rel1/arm-none-eabi/include/c++/14.3.1/bits\stl_iterator.h ****     inline _GLIBCXX17_CONSTEXPR reverse_iterator<_Iterator>
ARM GAS  C:\Users\Oliver\AppData\Local\Temp\ccAPLW26.s 			page 49


 635:C:/Program Files (x86)/Arm GNU Toolchain arm-none-eabi/14.3 rel1/arm-none-eabi/include/c++/14.3.1/bits\stl_iterator.h ****     __make_reverse_iterator(_Iterator __i)
 636:C:/Program Files (x86)/Arm GNU Toolchain arm-none-eabi/14.3 rel1/arm-none-eabi/include/c++/14.3.1/bits\stl_iterator.h ****     { return reverse_iterator<_Iterator>(__i); }
 637:C:/Program Files (x86)/Arm GNU Toolchain arm-none-eabi/14.3 rel1/arm-none-eabi/include/c++/14.3.1/bits\stl_iterator.h **** 
 638:C:/Program Files (x86)/Arm GNU Toolchain arm-none-eabi/14.3 rel1/arm-none-eabi/include/c++/14.3.1/bits\stl_iterator.h **** # ifdef __glibcxx_make_reverse_iterator // C++ >= 14
 639:C:/Program Files (x86)/Arm GNU Toolchain arm-none-eabi/14.3 rel1/arm-none-eabi/include/c++/14.3.1/bits\stl_iterator.h ****   // _GLIBCXX_RESOLVE_LIB_DEFECTS
 640:C:/Program Files (x86)/Arm GNU Toolchain arm-none-eabi/14.3 rel1/arm-none-eabi/include/c++/14.3.1/bits\stl_iterator.h ****   // DR 2285. make_reverse_iterator
 641:C:/Program Files (x86)/Arm GNU Toolchain arm-none-eabi/14.3 rel1/arm-none-eabi/include/c++/14.3.1/bits\stl_iterator.h ****   /// Generator function for reverse_iterator.
 642:C:/Program Files (x86)/Arm GNU Toolchain arm-none-eabi/14.3 rel1/arm-none-eabi/include/c++/14.3.1/bits\stl_iterator.h ****   template<typename _Iterator>
 643:C:/Program Files (x86)/Arm GNU Toolchain arm-none-eabi/14.3 rel1/arm-none-eabi/include/c++/14.3.1/bits\stl_iterator.h ****     [[__nodiscard__]]
 644:C:/Program Files (x86)/Arm GNU Toolchain arm-none-eabi/14.3 rel1/arm-none-eabi/include/c++/14.3.1/bits\stl_iterator.h ****     inline _GLIBCXX17_CONSTEXPR reverse_iterator<_Iterator>
 645:C:/Program Files (x86)/Arm GNU Toolchain arm-none-eabi/14.3 rel1/arm-none-eabi/include/c++/14.3.1/bits\stl_iterator.h ****     make_reverse_iterator(_Iterator __i)
 646:C:/Program Files (x86)/Arm GNU Toolchain arm-none-eabi/14.3 rel1/arm-none-eabi/include/c++/14.3.1/bits\stl_iterator.h ****     { return reverse_iterator<_Iterator>(__i); }
 647:C:/Program Files (x86)/Arm GNU Toolchain arm-none-eabi/14.3 rel1/arm-none-eabi/include/c++/14.3.1/bits\stl_iterator.h **** 
 648:C:/Program Files (x86)/Arm GNU Toolchain arm-none-eabi/14.3 rel1/arm-none-eabi/include/c++/14.3.1/bits\stl_iterator.h **** #  if __cplusplus > 201703L && defined __glibcxx_concepts
 649:C:/Program Files (x86)/Arm GNU Toolchain arm-none-eabi/14.3 rel1/arm-none-eabi/include/c++/14.3.1/bits\stl_iterator.h ****   template<typename _Iterator1, typename _Iterator2>
 650:C:/Program Files (x86)/Arm GNU Toolchain arm-none-eabi/14.3 rel1/arm-none-eabi/include/c++/14.3.1/bits\stl_iterator.h ****     requires (!sized_sentinel_for<_Iterator1, _Iterator2>)
 651:C:/Program Files (x86)/Arm GNU Toolchain arm-none-eabi/14.3 rel1/arm-none-eabi/include/c++/14.3.1/bits\stl_iterator.h ****     inline constexpr bool
 652:C:/Program Files (x86)/Arm GNU Toolchain arm-none-eabi/14.3 rel1/arm-none-eabi/include/c++/14.3.1/bits\stl_iterator.h ****     disable_sized_sentinel_for<reverse_iterator<_Iterator1>,
 653:C:/Program Files (x86)/Arm GNU Toolchain arm-none-eabi/14.3 rel1/arm-none-eabi/include/c++/14.3.1/bits\stl_iterator.h **** 			       reverse_iterator<_Iterator2>> = true;
 654:C:/Program Files (x86)/Arm GNU Toolchain arm-none-eabi/14.3 rel1/arm-none-eabi/include/c++/14.3.1/bits\stl_iterator.h **** #  endif // C++20
 655:C:/Program Files (x86)/Arm GNU Toolchain arm-none-eabi/14.3 rel1/arm-none-eabi/include/c++/14.3.1/bits\stl_iterator.h **** # endif // __glibcxx_make_reverse_iterator
 656:C:/Program Files (x86)/Arm GNU Toolchain arm-none-eabi/14.3 rel1/arm-none-eabi/include/c++/14.3.1/bits\stl_iterator.h **** 
 657:C:/Program Files (x86)/Arm GNU Toolchain arm-none-eabi/14.3 rel1/arm-none-eabi/include/c++/14.3.1/bits\stl_iterator.h ****   template<typename _Iterator>
 658:C:/Program Files (x86)/Arm GNU Toolchain arm-none-eabi/14.3 rel1/arm-none-eabi/include/c++/14.3.1/bits\stl_iterator.h ****     _GLIBCXX20_CONSTEXPR
 659:C:/Program Files (x86)/Arm GNU Toolchain arm-none-eabi/14.3 rel1/arm-none-eabi/include/c++/14.3.1/bits\stl_iterator.h ****     auto
 660:C:/Program Files (x86)/Arm GNU Toolchain arm-none-eabi/14.3 rel1/arm-none-eabi/include/c++/14.3.1/bits\stl_iterator.h ****     __niter_base(reverse_iterator<_Iterator> __it)
 661:C:/Program Files (x86)/Arm GNU Toolchain arm-none-eabi/14.3 rel1/arm-none-eabi/include/c++/14.3.1/bits\stl_iterator.h ****     -> decltype(__make_reverse_iterator(__niter_base(__it.base())))
 662:C:/Program Files (x86)/Arm GNU Toolchain arm-none-eabi/14.3 rel1/arm-none-eabi/include/c++/14.3.1/bits\stl_iterator.h ****     { return __make_reverse_iterator(__niter_base(__it.base())); }
 663:C:/Program Files (x86)/Arm GNU Toolchain arm-none-eabi/14.3 rel1/arm-none-eabi/include/c++/14.3.1/bits\stl_iterator.h **** 
 664:C:/Program Files (x86)/Arm GNU Toolchain arm-none-eabi/14.3 rel1/arm-none-eabi/include/c++/14.3.1/bits\stl_iterator.h ****   template<typename _Iterator>
 665:C:/Program Files (x86)/Arm GNU Toolchain arm-none-eabi/14.3 rel1/arm-none-eabi/include/c++/14.3.1/bits\stl_iterator.h ****     struct __is_move_iterator<reverse_iterator<_Iterator> >
 666:C:/Program Files (x86)/Arm GNU Toolchain arm-none-eabi/14.3 rel1/arm-none-eabi/include/c++/14.3.1/bits\stl_iterator.h ****       : __is_move_iterator<_Iterator>
 667:C:/Program Files (x86)/Arm GNU Toolchain arm-none-eabi/14.3 rel1/arm-none-eabi/include/c++/14.3.1/bits\stl_iterator.h ****     { };
 668:C:/Program Files (x86)/Arm GNU Toolchain arm-none-eabi/14.3 rel1/arm-none-eabi/include/c++/14.3.1/bits\stl_iterator.h **** 
 669:C:/Program Files (x86)/Arm GNU Toolchain arm-none-eabi/14.3 rel1/arm-none-eabi/include/c++/14.3.1/bits\stl_iterator.h ****   template<typename _Iterator>
 670:C:/Program Files (x86)/Arm GNU Toolchain arm-none-eabi/14.3 rel1/arm-none-eabi/include/c++/14.3.1/bits\stl_iterator.h ****     _GLIBCXX20_CONSTEXPR
 671:C:/Program Files (x86)/Arm GNU Toolchain arm-none-eabi/14.3 rel1/arm-none-eabi/include/c++/14.3.1/bits\stl_iterator.h ****     auto
 672:C:/Program Files (x86)/Arm GNU Toolchain arm-none-eabi/14.3 rel1/arm-none-eabi/include/c++/14.3.1/bits\stl_iterator.h ****     __miter_base(reverse_iterator<_Iterator> __it)
 673:C:/Program Files (x86)/Arm GNU Toolchain arm-none-eabi/14.3 rel1/arm-none-eabi/include/c++/14.3.1/bits\stl_iterator.h ****     -> decltype(__make_reverse_iterator(__miter_base(__it.base())))
 674:C:/Program Files (x86)/Arm GNU Toolchain arm-none-eabi/14.3 rel1/arm-none-eabi/include/c++/14.3.1/bits\stl_iterator.h ****     { return __make_reverse_iterator(__miter_base(__it.base())); }
 675:C:/Program Files (x86)/Arm GNU Toolchain arm-none-eabi/14.3 rel1/arm-none-eabi/include/c++/14.3.1/bits\stl_iterator.h **** #endif // C++11
 676:C:/Program Files (x86)/Arm GNU Toolchain arm-none-eabi/14.3 rel1/arm-none-eabi/include/c++/14.3.1/bits\stl_iterator.h **** 
 677:C:/Program Files (x86)/Arm GNU Toolchain arm-none-eabi/14.3 rel1/arm-none-eabi/include/c++/14.3.1/bits\stl_iterator.h ****   // 24.4.2.2.1 back_insert_iterator
 678:C:/Program Files (x86)/Arm GNU Toolchain arm-none-eabi/14.3 rel1/arm-none-eabi/include/c++/14.3.1/bits\stl_iterator.h ****   /**
 679:C:/Program Files (x86)/Arm GNU Toolchain arm-none-eabi/14.3 rel1/arm-none-eabi/include/c++/14.3.1/bits\stl_iterator.h ****    *  @brief  Turns assignment into insertion.
 680:C:/Program Files (x86)/Arm GNU Toolchain arm-none-eabi/14.3 rel1/arm-none-eabi/include/c++/14.3.1/bits\stl_iterator.h ****    *
 681:C:/Program Files (x86)/Arm GNU Toolchain arm-none-eabi/14.3 rel1/arm-none-eabi/include/c++/14.3.1/bits\stl_iterator.h ****    *  These are output iterators, constructed from a container-of-T.
 682:C:/Program Files (x86)/Arm GNU Toolchain arm-none-eabi/14.3 rel1/arm-none-eabi/include/c++/14.3.1/bits\stl_iterator.h ****    *  Assigning a T to the iterator appends it to the container using
 683:C:/Program Files (x86)/Arm GNU Toolchain arm-none-eabi/14.3 rel1/arm-none-eabi/include/c++/14.3.1/bits\stl_iterator.h ****    *  push_back.
 684:C:/Program Files (x86)/Arm GNU Toolchain arm-none-eabi/14.3 rel1/arm-none-eabi/include/c++/14.3.1/bits\stl_iterator.h ****    *
 685:C:/Program Files (x86)/Arm GNU Toolchain arm-none-eabi/14.3 rel1/arm-none-eabi/include/c++/14.3.1/bits\stl_iterator.h ****    *  Tip:  Using the back_inserter function to create these iterators can
 686:C:/Program Files (x86)/Arm GNU Toolchain arm-none-eabi/14.3 rel1/arm-none-eabi/include/c++/14.3.1/bits\stl_iterator.h ****    *  save typing.
 687:C:/Program Files (x86)/Arm GNU Toolchain arm-none-eabi/14.3 rel1/arm-none-eabi/include/c++/14.3.1/bits\stl_iterator.h ****   */
 688:C:/Program Files (x86)/Arm GNU Toolchain arm-none-eabi/14.3 rel1/arm-none-eabi/include/c++/14.3.1/bits\stl_iterator.h ****   template<typename _Container>
 689:C:/Program Files (x86)/Arm GNU Toolchain arm-none-eabi/14.3 rel1/arm-none-eabi/include/c++/14.3.1/bits\stl_iterator.h ****     class back_insert_iterator
 690:C:/Program Files (x86)/Arm GNU Toolchain arm-none-eabi/14.3 rel1/arm-none-eabi/include/c++/14.3.1/bits\stl_iterator.h ****     : public iterator<output_iterator_tag, void, void, void, void>
 691:C:/Program Files (x86)/Arm GNU Toolchain arm-none-eabi/14.3 rel1/arm-none-eabi/include/c++/14.3.1/bits\stl_iterator.h ****     {
ARM GAS  C:\Users\Oliver\AppData\Local\Temp\ccAPLW26.s 			page 50


 692:C:/Program Files (x86)/Arm GNU Toolchain arm-none-eabi/14.3 rel1/arm-none-eabi/include/c++/14.3.1/bits\stl_iterator.h ****     protected:
 693:C:/Program Files (x86)/Arm GNU Toolchain arm-none-eabi/14.3 rel1/arm-none-eabi/include/c++/14.3.1/bits\stl_iterator.h ****       _Container* container;
 694:C:/Program Files (x86)/Arm GNU Toolchain arm-none-eabi/14.3 rel1/arm-none-eabi/include/c++/14.3.1/bits\stl_iterator.h **** 
 695:C:/Program Files (x86)/Arm GNU Toolchain arm-none-eabi/14.3 rel1/arm-none-eabi/include/c++/14.3.1/bits\stl_iterator.h ****     public:
 696:C:/Program Files (x86)/Arm GNU Toolchain arm-none-eabi/14.3 rel1/arm-none-eabi/include/c++/14.3.1/bits\stl_iterator.h ****       /// A nested typedef for the type of whatever container you used.
 697:C:/Program Files (x86)/Arm GNU Toolchain arm-none-eabi/14.3 rel1/arm-none-eabi/include/c++/14.3.1/bits\stl_iterator.h ****       typedef _Container          container_type;
 698:C:/Program Files (x86)/Arm GNU Toolchain arm-none-eabi/14.3 rel1/arm-none-eabi/include/c++/14.3.1/bits\stl_iterator.h **** #if __cplusplus > 201703L
 699:C:/Program Files (x86)/Arm GNU Toolchain arm-none-eabi/14.3 rel1/arm-none-eabi/include/c++/14.3.1/bits\stl_iterator.h ****       using difference_type = ptrdiff_t;
 700:C:/Program Files (x86)/Arm GNU Toolchain arm-none-eabi/14.3 rel1/arm-none-eabi/include/c++/14.3.1/bits\stl_iterator.h **** #endif
 701:C:/Program Files (x86)/Arm GNU Toolchain arm-none-eabi/14.3 rel1/arm-none-eabi/include/c++/14.3.1/bits\stl_iterator.h **** 
 702:C:/Program Files (x86)/Arm GNU Toolchain arm-none-eabi/14.3 rel1/arm-none-eabi/include/c++/14.3.1/bits\stl_iterator.h ****       /// The only way to create this %iterator is with a container.
 703:C:/Program Files (x86)/Arm GNU Toolchain arm-none-eabi/14.3 rel1/arm-none-eabi/include/c++/14.3.1/bits\stl_iterator.h ****       explicit _GLIBCXX20_CONSTEXPR
 704:C:/Program Files (x86)/Arm GNU Toolchain arm-none-eabi/14.3 rel1/arm-none-eabi/include/c++/14.3.1/bits\stl_iterator.h ****       back_insert_iterator(_Container& __x)
 705:C:/Program Files (x86)/Arm GNU Toolchain arm-none-eabi/14.3 rel1/arm-none-eabi/include/c++/14.3.1/bits\stl_iterator.h ****       : container(std::__addressof(__x)) { }
 706:C:/Program Files (x86)/Arm GNU Toolchain arm-none-eabi/14.3 rel1/arm-none-eabi/include/c++/14.3.1/bits\stl_iterator.h **** 
 707:C:/Program Files (x86)/Arm GNU Toolchain arm-none-eabi/14.3 rel1/arm-none-eabi/include/c++/14.3.1/bits\stl_iterator.h ****       /**
 708:C:/Program Files (x86)/Arm GNU Toolchain arm-none-eabi/14.3 rel1/arm-none-eabi/include/c++/14.3.1/bits\stl_iterator.h ****        *  @param  __value  An instance of whatever type
 709:C:/Program Files (x86)/Arm GNU Toolchain arm-none-eabi/14.3 rel1/arm-none-eabi/include/c++/14.3.1/bits\stl_iterator.h ****        *                 container_type::const_reference is; presumably a
 710:C:/Program Files (x86)/Arm GNU Toolchain arm-none-eabi/14.3 rel1/arm-none-eabi/include/c++/14.3.1/bits\stl_iterator.h ****        *                 reference-to-const T for container<T>.
 711:C:/Program Files (x86)/Arm GNU Toolchain arm-none-eabi/14.3 rel1/arm-none-eabi/include/c++/14.3.1/bits\stl_iterator.h ****        *  @return  This %iterator, for chained operations.
 712:C:/Program Files (x86)/Arm GNU Toolchain arm-none-eabi/14.3 rel1/arm-none-eabi/include/c++/14.3.1/bits\stl_iterator.h ****        *
 713:C:/Program Files (x86)/Arm GNU Toolchain arm-none-eabi/14.3 rel1/arm-none-eabi/include/c++/14.3.1/bits\stl_iterator.h ****        *  This kind of %iterator doesn't really have a @a position in the
 714:C:/Program Files (x86)/Arm GNU Toolchain arm-none-eabi/14.3 rel1/arm-none-eabi/include/c++/14.3.1/bits\stl_iterator.h ****        *  container (you can think of the position as being permanently at
 715:C:/Program Files (x86)/Arm GNU Toolchain arm-none-eabi/14.3 rel1/arm-none-eabi/include/c++/14.3.1/bits\stl_iterator.h ****        *  the end, if you like).  Assigning a value to the %iterator will
 716:C:/Program Files (x86)/Arm GNU Toolchain arm-none-eabi/14.3 rel1/arm-none-eabi/include/c++/14.3.1/bits\stl_iterator.h ****        *  always append the value to the end of the container.
 717:C:/Program Files (x86)/Arm GNU Toolchain arm-none-eabi/14.3 rel1/arm-none-eabi/include/c++/14.3.1/bits\stl_iterator.h ****       */
 718:C:/Program Files (x86)/Arm GNU Toolchain arm-none-eabi/14.3 rel1/arm-none-eabi/include/c++/14.3.1/bits\stl_iterator.h **** #if __cplusplus < 201103L
 719:C:/Program Files (x86)/Arm GNU Toolchain arm-none-eabi/14.3 rel1/arm-none-eabi/include/c++/14.3.1/bits\stl_iterator.h ****       back_insert_iterator&
 720:C:/Program Files (x86)/Arm GNU Toolchain arm-none-eabi/14.3 rel1/arm-none-eabi/include/c++/14.3.1/bits\stl_iterator.h ****       operator=(typename _Container::const_reference __value)
 721:C:/Program Files (x86)/Arm GNU Toolchain arm-none-eabi/14.3 rel1/arm-none-eabi/include/c++/14.3.1/bits\stl_iterator.h ****       {
 722:C:/Program Files (x86)/Arm GNU Toolchain arm-none-eabi/14.3 rel1/arm-none-eabi/include/c++/14.3.1/bits\stl_iterator.h **** 	container->push_back(__value);
 723:C:/Program Files (x86)/Arm GNU Toolchain arm-none-eabi/14.3 rel1/arm-none-eabi/include/c++/14.3.1/bits\stl_iterator.h **** 	return *this;
 724:C:/Program Files (x86)/Arm GNU Toolchain arm-none-eabi/14.3 rel1/arm-none-eabi/include/c++/14.3.1/bits\stl_iterator.h ****       }
 725:C:/Program Files (x86)/Arm GNU Toolchain arm-none-eabi/14.3 rel1/arm-none-eabi/include/c++/14.3.1/bits\stl_iterator.h **** #else
 726:C:/Program Files (x86)/Arm GNU Toolchain arm-none-eabi/14.3 rel1/arm-none-eabi/include/c++/14.3.1/bits\stl_iterator.h ****       _GLIBCXX20_CONSTEXPR
 727:C:/Program Files (x86)/Arm GNU Toolchain arm-none-eabi/14.3 rel1/arm-none-eabi/include/c++/14.3.1/bits\stl_iterator.h ****       back_insert_iterator&
 728:C:/Program Files (x86)/Arm GNU Toolchain arm-none-eabi/14.3 rel1/arm-none-eabi/include/c++/14.3.1/bits\stl_iterator.h ****       operator=(const typename _Container::value_type& __value)
 729:C:/Program Files (x86)/Arm GNU Toolchain arm-none-eabi/14.3 rel1/arm-none-eabi/include/c++/14.3.1/bits\stl_iterator.h ****       {
 730:C:/Program Files (x86)/Arm GNU Toolchain arm-none-eabi/14.3 rel1/arm-none-eabi/include/c++/14.3.1/bits\stl_iterator.h **** 	container->push_back(__value);
 731:C:/Program Files (x86)/Arm GNU Toolchain arm-none-eabi/14.3 rel1/arm-none-eabi/include/c++/14.3.1/bits\stl_iterator.h **** 	return *this;
 732:C:/Program Files (x86)/Arm GNU Toolchain arm-none-eabi/14.3 rel1/arm-none-eabi/include/c++/14.3.1/bits\stl_iterator.h ****       }
 733:C:/Program Files (x86)/Arm GNU Toolchain arm-none-eabi/14.3 rel1/arm-none-eabi/include/c++/14.3.1/bits\stl_iterator.h **** 
 734:C:/Program Files (x86)/Arm GNU Toolchain arm-none-eabi/14.3 rel1/arm-none-eabi/include/c++/14.3.1/bits\stl_iterator.h ****       _GLIBCXX20_CONSTEXPR
 735:C:/Program Files (x86)/Arm GNU Toolchain arm-none-eabi/14.3 rel1/arm-none-eabi/include/c++/14.3.1/bits\stl_iterator.h ****       back_insert_iterator&
 736:C:/Program Files (x86)/Arm GNU Toolchain arm-none-eabi/14.3 rel1/arm-none-eabi/include/c++/14.3.1/bits\stl_iterator.h ****       operator=(typename _Container::value_type&& __value)
 737:C:/Program Files (x86)/Arm GNU Toolchain arm-none-eabi/14.3 rel1/arm-none-eabi/include/c++/14.3.1/bits\stl_iterator.h ****       {
 738:C:/Program Files (x86)/Arm GNU Toolchain arm-none-eabi/14.3 rel1/arm-none-eabi/include/c++/14.3.1/bits\stl_iterator.h **** 	container->push_back(std::move(__value));
 739:C:/Program Files (x86)/Arm GNU Toolchain arm-none-eabi/14.3 rel1/arm-none-eabi/include/c++/14.3.1/bits\stl_iterator.h **** 	return *this;
 740:C:/Program Files (x86)/Arm GNU Toolchain arm-none-eabi/14.3 rel1/arm-none-eabi/include/c++/14.3.1/bits\stl_iterator.h ****       }
 741:C:/Program Files (x86)/Arm GNU Toolchain arm-none-eabi/14.3 rel1/arm-none-eabi/include/c++/14.3.1/bits\stl_iterator.h **** #endif
 742:C:/Program Files (x86)/Arm GNU Toolchain arm-none-eabi/14.3 rel1/arm-none-eabi/include/c++/14.3.1/bits\stl_iterator.h **** 
 743:C:/Program Files (x86)/Arm GNU Toolchain arm-none-eabi/14.3 rel1/arm-none-eabi/include/c++/14.3.1/bits\stl_iterator.h ****       /// Simply returns *this.
 744:C:/Program Files (x86)/Arm GNU Toolchain arm-none-eabi/14.3 rel1/arm-none-eabi/include/c++/14.3.1/bits\stl_iterator.h ****       _GLIBCXX_NODISCARD _GLIBCXX20_CONSTEXPR
 745:C:/Program Files (x86)/Arm GNU Toolchain arm-none-eabi/14.3 rel1/arm-none-eabi/include/c++/14.3.1/bits\stl_iterator.h ****       back_insert_iterator&
 746:C:/Program Files (x86)/Arm GNU Toolchain arm-none-eabi/14.3 rel1/arm-none-eabi/include/c++/14.3.1/bits\stl_iterator.h ****       operator*()
 747:C:/Program Files (x86)/Arm GNU Toolchain arm-none-eabi/14.3 rel1/arm-none-eabi/include/c++/14.3.1/bits\stl_iterator.h ****       { return *this; }
 748:C:/Program Files (x86)/Arm GNU Toolchain arm-none-eabi/14.3 rel1/arm-none-eabi/include/c++/14.3.1/bits\stl_iterator.h **** 
ARM GAS  C:\Users\Oliver\AppData\Local\Temp\ccAPLW26.s 			page 51


 749:C:/Program Files (x86)/Arm GNU Toolchain arm-none-eabi/14.3 rel1/arm-none-eabi/include/c++/14.3.1/bits\stl_iterator.h ****       /// Simply returns *this.  (This %iterator does not @a move.)
 750:C:/Program Files (x86)/Arm GNU Toolchain arm-none-eabi/14.3 rel1/arm-none-eabi/include/c++/14.3.1/bits\stl_iterator.h ****       _GLIBCXX20_CONSTEXPR
 751:C:/Program Files (x86)/Arm GNU Toolchain arm-none-eabi/14.3 rel1/arm-none-eabi/include/c++/14.3.1/bits\stl_iterator.h ****       back_insert_iterator&
 752:C:/Program Files (x86)/Arm GNU Toolchain arm-none-eabi/14.3 rel1/arm-none-eabi/include/c++/14.3.1/bits\stl_iterator.h ****       operator++()
 753:C:/Program Files (x86)/Arm GNU Toolchain arm-none-eabi/14.3 rel1/arm-none-eabi/include/c++/14.3.1/bits\stl_iterator.h ****       { return *this; }
 754:C:/Program Files (x86)/Arm GNU Toolchain arm-none-eabi/14.3 rel1/arm-none-eabi/include/c++/14.3.1/bits\stl_iterator.h **** 
 755:C:/Program Files (x86)/Arm GNU Toolchain arm-none-eabi/14.3 rel1/arm-none-eabi/include/c++/14.3.1/bits\stl_iterator.h ****       /// Simply returns *this.  (This %iterator does not @a move.)
 756:C:/Program Files (x86)/Arm GNU Toolchain arm-none-eabi/14.3 rel1/arm-none-eabi/include/c++/14.3.1/bits\stl_iterator.h ****       _GLIBCXX20_CONSTEXPR
 757:C:/Program Files (x86)/Arm GNU Toolchain arm-none-eabi/14.3 rel1/arm-none-eabi/include/c++/14.3.1/bits\stl_iterator.h ****       back_insert_iterator
 758:C:/Program Files (x86)/Arm GNU Toolchain arm-none-eabi/14.3 rel1/arm-none-eabi/include/c++/14.3.1/bits\stl_iterator.h ****       operator++(int)
 759:C:/Program Files (x86)/Arm GNU Toolchain arm-none-eabi/14.3 rel1/arm-none-eabi/include/c++/14.3.1/bits\stl_iterator.h ****       { return *this; }
 760:C:/Program Files (x86)/Arm GNU Toolchain arm-none-eabi/14.3 rel1/arm-none-eabi/include/c++/14.3.1/bits\stl_iterator.h ****     };
 761:C:/Program Files (x86)/Arm GNU Toolchain arm-none-eabi/14.3 rel1/arm-none-eabi/include/c++/14.3.1/bits\stl_iterator.h **** 
 762:C:/Program Files (x86)/Arm GNU Toolchain arm-none-eabi/14.3 rel1/arm-none-eabi/include/c++/14.3.1/bits\stl_iterator.h ****   /**
 763:C:/Program Files (x86)/Arm GNU Toolchain arm-none-eabi/14.3 rel1/arm-none-eabi/include/c++/14.3.1/bits\stl_iterator.h ****    *  @param  __x  A container of arbitrary type.
 764:C:/Program Files (x86)/Arm GNU Toolchain arm-none-eabi/14.3 rel1/arm-none-eabi/include/c++/14.3.1/bits\stl_iterator.h ****    *  @return  An instance of back_insert_iterator working on @p __x.
 765:C:/Program Files (x86)/Arm GNU Toolchain arm-none-eabi/14.3 rel1/arm-none-eabi/include/c++/14.3.1/bits\stl_iterator.h ****    *
 766:C:/Program Files (x86)/Arm GNU Toolchain arm-none-eabi/14.3 rel1/arm-none-eabi/include/c++/14.3.1/bits\stl_iterator.h ****    *  This wrapper function helps in creating back_insert_iterator instances.
 767:C:/Program Files (x86)/Arm GNU Toolchain arm-none-eabi/14.3 rel1/arm-none-eabi/include/c++/14.3.1/bits\stl_iterator.h ****    *  Typing the name of the %iterator requires knowing the precise full
 768:C:/Program Files (x86)/Arm GNU Toolchain arm-none-eabi/14.3 rel1/arm-none-eabi/include/c++/14.3.1/bits\stl_iterator.h ****    *  type of the container, which can be tedious and impedes generic
 769:C:/Program Files (x86)/Arm GNU Toolchain arm-none-eabi/14.3 rel1/arm-none-eabi/include/c++/14.3.1/bits\stl_iterator.h ****    *  programming.  Using this function lets you take advantage of automatic
 770:C:/Program Files (x86)/Arm GNU Toolchain arm-none-eabi/14.3 rel1/arm-none-eabi/include/c++/14.3.1/bits\stl_iterator.h ****    *  template parameter deduction, making the compiler match the correct
 771:C:/Program Files (x86)/Arm GNU Toolchain arm-none-eabi/14.3 rel1/arm-none-eabi/include/c++/14.3.1/bits\stl_iterator.h ****    *  types for you.
 772:C:/Program Files (x86)/Arm GNU Toolchain arm-none-eabi/14.3 rel1/arm-none-eabi/include/c++/14.3.1/bits\stl_iterator.h ****   */
 773:C:/Program Files (x86)/Arm GNU Toolchain arm-none-eabi/14.3 rel1/arm-none-eabi/include/c++/14.3.1/bits\stl_iterator.h ****   template<typename _Container>
 774:C:/Program Files (x86)/Arm GNU Toolchain arm-none-eabi/14.3 rel1/arm-none-eabi/include/c++/14.3.1/bits\stl_iterator.h ****     _GLIBCXX_NODISCARD _GLIBCXX20_CONSTEXPR
 775:C:/Program Files (x86)/Arm GNU Toolchain arm-none-eabi/14.3 rel1/arm-none-eabi/include/c++/14.3.1/bits\stl_iterator.h ****     inline back_insert_iterator<_Container>
 776:C:/Program Files (x86)/Arm GNU Toolchain arm-none-eabi/14.3 rel1/arm-none-eabi/include/c++/14.3.1/bits\stl_iterator.h ****     back_inserter(_Container& __x)
 777:C:/Program Files (x86)/Arm GNU Toolchain arm-none-eabi/14.3 rel1/arm-none-eabi/include/c++/14.3.1/bits\stl_iterator.h ****     { return back_insert_iterator<_Container>(__x); }
 778:C:/Program Files (x86)/Arm GNU Toolchain arm-none-eabi/14.3 rel1/arm-none-eabi/include/c++/14.3.1/bits\stl_iterator.h **** 
 779:C:/Program Files (x86)/Arm GNU Toolchain arm-none-eabi/14.3 rel1/arm-none-eabi/include/c++/14.3.1/bits\stl_iterator.h ****   /**
 780:C:/Program Files (x86)/Arm GNU Toolchain arm-none-eabi/14.3 rel1/arm-none-eabi/include/c++/14.3.1/bits\stl_iterator.h ****    *  @brief  Turns assignment into insertion.
 781:C:/Program Files (x86)/Arm GNU Toolchain arm-none-eabi/14.3 rel1/arm-none-eabi/include/c++/14.3.1/bits\stl_iterator.h ****    *
 782:C:/Program Files (x86)/Arm GNU Toolchain arm-none-eabi/14.3 rel1/arm-none-eabi/include/c++/14.3.1/bits\stl_iterator.h ****    *  These are output iterators, constructed from a container-of-T.
 783:C:/Program Files (x86)/Arm GNU Toolchain arm-none-eabi/14.3 rel1/arm-none-eabi/include/c++/14.3.1/bits\stl_iterator.h ****    *  Assigning a T to the iterator prepends it to the container using
 784:C:/Program Files (x86)/Arm GNU Toolchain arm-none-eabi/14.3 rel1/arm-none-eabi/include/c++/14.3.1/bits\stl_iterator.h ****    *  push_front.
 785:C:/Program Files (x86)/Arm GNU Toolchain arm-none-eabi/14.3 rel1/arm-none-eabi/include/c++/14.3.1/bits\stl_iterator.h ****    *
 786:C:/Program Files (x86)/Arm GNU Toolchain arm-none-eabi/14.3 rel1/arm-none-eabi/include/c++/14.3.1/bits\stl_iterator.h ****    *  Tip:  Using the front_inserter function to create these iterators can
 787:C:/Program Files (x86)/Arm GNU Toolchain arm-none-eabi/14.3 rel1/arm-none-eabi/include/c++/14.3.1/bits\stl_iterator.h ****    *  save typing.
 788:C:/Program Files (x86)/Arm GNU Toolchain arm-none-eabi/14.3 rel1/arm-none-eabi/include/c++/14.3.1/bits\stl_iterator.h ****   */
 789:C:/Program Files (x86)/Arm GNU Toolchain arm-none-eabi/14.3 rel1/arm-none-eabi/include/c++/14.3.1/bits\stl_iterator.h ****   template<typename _Container>
 790:C:/Program Files (x86)/Arm GNU Toolchain arm-none-eabi/14.3 rel1/arm-none-eabi/include/c++/14.3.1/bits\stl_iterator.h ****     class front_insert_iterator
 791:C:/Program Files (x86)/Arm GNU Toolchain arm-none-eabi/14.3 rel1/arm-none-eabi/include/c++/14.3.1/bits\stl_iterator.h ****     : public iterator<output_iterator_tag, void, void, void, void>
 792:C:/Program Files (x86)/Arm GNU Toolchain arm-none-eabi/14.3 rel1/arm-none-eabi/include/c++/14.3.1/bits\stl_iterator.h ****     {
 793:C:/Program Files (x86)/Arm GNU Toolchain arm-none-eabi/14.3 rel1/arm-none-eabi/include/c++/14.3.1/bits\stl_iterator.h ****     protected:
 794:C:/Program Files (x86)/Arm GNU Toolchain arm-none-eabi/14.3 rel1/arm-none-eabi/include/c++/14.3.1/bits\stl_iterator.h ****       _Container* container;
 795:C:/Program Files (x86)/Arm GNU Toolchain arm-none-eabi/14.3 rel1/arm-none-eabi/include/c++/14.3.1/bits\stl_iterator.h **** 
 796:C:/Program Files (x86)/Arm GNU Toolchain arm-none-eabi/14.3 rel1/arm-none-eabi/include/c++/14.3.1/bits\stl_iterator.h ****     public:
 797:C:/Program Files (x86)/Arm GNU Toolchain arm-none-eabi/14.3 rel1/arm-none-eabi/include/c++/14.3.1/bits\stl_iterator.h ****       /// A nested typedef for the type of whatever container you used.
 798:C:/Program Files (x86)/Arm GNU Toolchain arm-none-eabi/14.3 rel1/arm-none-eabi/include/c++/14.3.1/bits\stl_iterator.h ****       typedef _Container          container_type;
 799:C:/Program Files (x86)/Arm GNU Toolchain arm-none-eabi/14.3 rel1/arm-none-eabi/include/c++/14.3.1/bits\stl_iterator.h **** #if __cplusplus > 201703L
 800:C:/Program Files (x86)/Arm GNU Toolchain arm-none-eabi/14.3 rel1/arm-none-eabi/include/c++/14.3.1/bits\stl_iterator.h ****       using difference_type = ptrdiff_t;
 801:C:/Program Files (x86)/Arm GNU Toolchain arm-none-eabi/14.3 rel1/arm-none-eabi/include/c++/14.3.1/bits\stl_iterator.h **** #endif
 802:C:/Program Files (x86)/Arm GNU Toolchain arm-none-eabi/14.3 rel1/arm-none-eabi/include/c++/14.3.1/bits\stl_iterator.h **** 
 803:C:/Program Files (x86)/Arm GNU Toolchain arm-none-eabi/14.3 rel1/arm-none-eabi/include/c++/14.3.1/bits\stl_iterator.h ****       /// The only way to create this %iterator is with a container.
 804:C:/Program Files (x86)/Arm GNU Toolchain arm-none-eabi/14.3 rel1/arm-none-eabi/include/c++/14.3.1/bits\stl_iterator.h ****       explicit _GLIBCXX20_CONSTEXPR
 805:C:/Program Files (x86)/Arm GNU Toolchain arm-none-eabi/14.3 rel1/arm-none-eabi/include/c++/14.3.1/bits\stl_iterator.h ****       front_insert_iterator(_Container& __x)
ARM GAS  C:\Users\Oliver\AppData\Local\Temp\ccAPLW26.s 			page 52


 806:C:/Program Files (x86)/Arm GNU Toolchain arm-none-eabi/14.3 rel1/arm-none-eabi/include/c++/14.3.1/bits\stl_iterator.h ****       : container(std::__addressof(__x)) { }
 807:C:/Program Files (x86)/Arm GNU Toolchain arm-none-eabi/14.3 rel1/arm-none-eabi/include/c++/14.3.1/bits\stl_iterator.h **** 
 808:C:/Program Files (x86)/Arm GNU Toolchain arm-none-eabi/14.3 rel1/arm-none-eabi/include/c++/14.3.1/bits\stl_iterator.h ****       /**
 809:C:/Program Files (x86)/Arm GNU Toolchain arm-none-eabi/14.3 rel1/arm-none-eabi/include/c++/14.3.1/bits\stl_iterator.h ****        *  @param  __value  An instance of whatever type
 810:C:/Program Files (x86)/Arm GNU Toolchain arm-none-eabi/14.3 rel1/arm-none-eabi/include/c++/14.3.1/bits\stl_iterator.h ****        *                 container_type::const_reference is; presumably a
 811:C:/Program Files (x86)/Arm GNU Toolchain arm-none-eabi/14.3 rel1/arm-none-eabi/include/c++/14.3.1/bits\stl_iterator.h ****        *                 reference-to-const T for container<T>.
 812:C:/Program Files (x86)/Arm GNU Toolchain arm-none-eabi/14.3 rel1/arm-none-eabi/include/c++/14.3.1/bits\stl_iterator.h ****        *  @return  This %iterator, for chained operations.
 813:C:/Program Files (x86)/Arm GNU Toolchain arm-none-eabi/14.3 rel1/arm-none-eabi/include/c++/14.3.1/bits\stl_iterator.h ****        *
 814:C:/Program Files (x86)/Arm GNU Toolchain arm-none-eabi/14.3 rel1/arm-none-eabi/include/c++/14.3.1/bits\stl_iterator.h ****        *  This kind of %iterator doesn't really have a @a position in the
 815:C:/Program Files (x86)/Arm GNU Toolchain arm-none-eabi/14.3 rel1/arm-none-eabi/include/c++/14.3.1/bits\stl_iterator.h ****        *  container (you can think of the position as being permanently at
 816:C:/Program Files (x86)/Arm GNU Toolchain arm-none-eabi/14.3 rel1/arm-none-eabi/include/c++/14.3.1/bits\stl_iterator.h ****        *  the front, if you like).  Assigning a value to the %iterator will
 817:C:/Program Files (x86)/Arm GNU Toolchain arm-none-eabi/14.3 rel1/arm-none-eabi/include/c++/14.3.1/bits\stl_iterator.h ****        *  always prepend the value to the front of the container.
 818:C:/Program Files (x86)/Arm GNU Toolchain arm-none-eabi/14.3 rel1/arm-none-eabi/include/c++/14.3.1/bits\stl_iterator.h ****       */
 819:C:/Program Files (x86)/Arm GNU Toolchain arm-none-eabi/14.3 rel1/arm-none-eabi/include/c++/14.3.1/bits\stl_iterator.h **** #if __cplusplus < 201103L
 820:C:/Program Files (x86)/Arm GNU Toolchain arm-none-eabi/14.3 rel1/arm-none-eabi/include/c++/14.3.1/bits\stl_iterator.h ****       front_insert_iterator&
 821:C:/Program Files (x86)/Arm GNU Toolchain arm-none-eabi/14.3 rel1/arm-none-eabi/include/c++/14.3.1/bits\stl_iterator.h ****       operator=(typename _Container::const_reference __value)
 822:C:/Program Files (x86)/Arm GNU Toolchain arm-none-eabi/14.3 rel1/arm-none-eabi/include/c++/14.3.1/bits\stl_iterator.h ****       {
 823:C:/Program Files (x86)/Arm GNU Toolchain arm-none-eabi/14.3 rel1/arm-none-eabi/include/c++/14.3.1/bits\stl_iterator.h **** 	container->push_front(__value);
 824:C:/Program Files (x86)/Arm GNU Toolchain arm-none-eabi/14.3 rel1/arm-none-eabi/include/c++/14.3.1/bits\stl_iterator.h **** 	return *this;
 825:C:/Program Files (x86)/Arm GNU Toolchain arm-none-eabi/14.3 rel1/arm-none-eabi/include/c++/14.3.1/bits\stl_iterator.h ****       }
 826:C:/Program Files (x86)/Arm GNU Toolchain arm-none-eabi/14.3 rel1/arm-none-eabi/include/c++/14.3.1/bits\stl_iterator.h **** #else
 827:C:/Program Files (x86)/Arm GNU Toolchain arm-none-eabi/14.3 rel1/arm-none-eabi/include/c++/14.3.1/bits\stl_iterator.h ****       _GLIBCXX20_CONSTEXPR
 828:C:/Program Files (x86)/Arm GNU Toolchain arm-none-eabi/14.3 rel1/arm-none-eabi/include/c++/14.3.1/bits\stl_iterator.h ****       front_insert_iterator&
 829:C:/Program Files (x86)/Arm GNU Toolchain arm-none-eabi/14.3 rel1/arm-none-eabi/include/c++/14.3.1/bits\stl_iterator.h ****       operator=(const typename _Container::value_type& __value)
 830:C:/Program Files (x86)/Arm GNU Toolchain arm-none-eabi/14.3 rel1/arm-none-eabi/include/c++/14.3.1/bits\stl_iterator.h ****       {
 831:C:/Program Files (x86)/Arm GNU Toolchain arm-none-eabi/14.3 rel1/arm-none-eabi/include/c++/14.3.1/bits\stl_iterator.h **** 	container->push_front(__value);
 832:C:/Program Files (x86)/Arm GNU Toolchain arm-none-eabi/14.3 rel1/arm-none-eabi/include/c++/14.3.1/bits\stl_iterator.h **** 	return *this;
 833:C:/Program Files (x86)/Arm GNU Toolchain arm-none-eabi/14.3 rel1/arm-none-eabi/include/c++/14.3.1/bits\stl_iterator.h ****       }
 834:C:/Program Files (x86)/Arm GNU Toolchain arm-none-eabi/14.3 rel1/arm-none-eabi/include/c++/14.3.1/bits\stl_iterator.h **** 
 835:C:/Program Files (x86)/Arm GNU Toolchain arm-none-eabi/14.3 rel1/arm-none-eabi/include/c++/14.3.1/bits\stl_iterator.h ****       _GLIBCXX20_CONSTEXPR
 836:C:/Program Files (x86)/Arm GNU Toolchain arm-none-eabi/14.3 rel1/arm-none-eabi/include/c++/14.3.1/bits\stl_iterator.h ****       front_insert_iterator&
 837:C:/Program Files (x86)/Arm GNU Toolchain arm-none-eabi/14.3 rel1/arm-none-eabi/include/c++/14.3.1/bits\stl_iterator.h ****       operator=(typename _Container::value_type&& __value)
 838:C:/Program Files (x86)/Arm GNU Toolchain arm-none-eabi/14.3 rel1/arm-none-eabi/include/c++/14.3.1/bits\stl_iterator.h ****       {
 839:C:/Program Files (x86)/Arm GNU Toolchain arm-none-eabi/14.3 rel1/arm-none-eabi/include/c++/14.3.1/bits\stl_iterator.h **** 	container->push_front(std::move(__value));
 840:C:/Program Files (x86)/Arm GNU Toolchain arm-none-eabi/14.3 rel1/arm-none-eabi/include/c++/14.3.1/bits\stl_iterator.h **** 	return *this;
 841:C:/Program Files (x86)/Arm GNU Toolchain arm-none-eabi/14.3 rel1/arm-none-eabi/include/c++/14.3.1/bits\stl_iterator.h ****       }
 842:C:/Program Files (x86)/Arm GNU Toolchain arm-none-eabi/14.3 rel1/arm-none-eabi/include/c++/14.3.1/bits\stl_iterator.h **** #endif
 843:C:/Program Files (x86)/Arm GNU Toolchain arm-none-eabi/14.3 rel1/arm-none-eabi/include/c++/14.3.1/bits\stl_iterator.h **** 
 844:C:/Program Files (x86)/Arm GNU Toolchain arm-none-eabi/14.3 rel1/arm-none-eabi/include/c++/14.3.1/bits\stl_iterator.h ****       /// Simply returns *this.
 845:C:/Program Files (x86)/Arm GNU Toolchain arm-none-eabi/14.3 rel1/arm-none-eabi/include/c++/14.3.1/bits\stl_iterator.h ****       _GLIBCXX_NODISCARD _GLIBCXX20_CONSTEXPR
 846:C:/Program Files (x86)/Arm GNU Toolchain arm-none-eabi/14.3 rel1/arm-none-eabi/include/c++/14.3.1/bits\stl_iterator.h ****       front_insert_iterator&
 847:C:/Program Files (x86)/Arm GNU Toolchain arm-none-eabi/14.3 rel1/arm-none-eabi/include/c++/14.3.1/bits\stl_iterator.h ****       operator*()
 848:C:/Program Files (x86)/Arm GNU Toolchain arm-none-eabi/14.3 rel1/arm-none-eabi/include/c++/14.3.1/bits\stl_iterator.h ****       { return *this; }
 849:C:/Program Files (x86)/Arm GNU Toolchain arm-none-eabi/14.3 rel1/arm-none-eabi/include/c++/14.3.1/bits\stl_iterator.h **** 
 850:C:/Program Files (x86)/Arm GNU Toolchain arm-none-eabi/14.3 rel1/arm-none-eabi/include/c++/14.3.1/bits\stl_iterator.h ****       /// Simply returns *this.  (This %iterator does not @a move.)
 851:C:/Program Files (x86)/Arm GNU Toolchain arm-none-eabi/14.3 rel1/arm-none-eabi/include/c++/14.3.1/bits\stl_iterator.h ****       _GLIBCXX20_CONSTEXPR
 852:C:/Program Files (x86)/Arm GNU Toolchain arm-none-eabi/14.3 rel1/arm-none-eabi/include/c++/14.3.1/bits\stl_iterator.h ****       front_insert_iterator&
 853:C:/Program Files (x86)/Arm GNU Toolchain arm-none-eabi/14.3 rel1/arm-none-eabi/include/c++/14.3.1/bits\stl_iterator.h ****       operator++()
 854:C:/Program Files (x86)/Arm GNU Toolchain arm-none-eabi/14.3 rel1/arm-none-eabi/include/c++/14.3.1/bits\stl_iterator.h ****       { return *this; }
 855:C:/Program Files (x86)/Arm GNU Toolchain arm-none-eabi/14.3 rel1/arm-none-eabi/include/c++/14.3.1/bits\stl_iterator.h **** 
 856:C:/Program Files (x86)/Arm GNU Toolchain arm-none-eabi/14.3 rel1/arm-none-eabi/include/c++/14.3.1/bits\stl_iterator.h ****       /// Simply returns *this.  (This %iterator does not @a move.)
 857:C:/Program Files (x86)/Arm GNU Toolchain arm-none-eabi/14.3 rel1/arm-none-eabi/include/c++/14.3.1/bits\stl_iterator.h ****       _GLIBCXX20_CONSTEXPR
 858:C:/Program Files (x86)/Arm GNU Toolchain arm-none-eabi/14.3 rel1/arm-none-eabi/include/c++/14.3.1/bits\stl_iterator.h ****       front_insert_iterator
 859:C:/Program Files (x86)/Arm GNU Toolchain arm-none-eabi/14.3 rel1/arm-none-eabi/include/c++/14.3.1/bits\stl_iterator.h ****       operator++(int)
 860:C:/Program Files (x86)/Arm GNU Toolchain arm-none-eabi/14.3 rel1/arm-none-eabi/include/c++/14.3.1/bits\stl_iterator.h ****       { return *this; }
 861:C:/Program Files (x86)/Arm GNU Toolchain arm-none-eabi/14.3 rel1/arm-none-eabi/include/c++/14.3.1/bits\stl_iterator.h ****     };
 862:C:/Program Files (x86)/Arm GNU Toolchain arm-none-eabi/14.3 rel1/arm-none-eabi/include/c++/14.3.1/bits\stl_iterator.h **** 
ARM GAS  C:\Users\Oliver\AppData\Local\Temp\ccAPLW26.s 			page 53


 863:C:/Program Files (x86)/Arm GNU Toolchain arm-none-eabi/14.3 rel1/arm-none-eabi/include/c++/14.3.1/bits\stl_iterator.h ****   /**
 864:C:/Program Files (x86)/Arm GNU Toolchain arm-none-eabi/14.3 rel1/arm-none-eabi/include/c++/14.3.1/bits\stl_iterator.h ****    *  @param  __x  A container of arbitrary type.
 865:C:/Program Files (x86)/Arm GNU Toolchain arm-none-eabi/14.3 rel1/arm-none-eabi/include/c++/14.3.1/bits\stl_iterator.h ****    *  @return  An instance of front_insert_iterator working on @p x.
 866:C:/Program Files (x86)/Arm GNU Toolchain arm-none-eabi/14.3 rel1/arm-none-eabi/include/c++/14.3.1/bits\stl_iterator.h ****    *
 867:C:/Program Files (x86)/Arm GNU Toolchain arm-none-eabi/14.3 rel1/arm-none-eabi/include/c++/14.3.1/bits\stl_iterator.h ****    *  This wrapper function helps in creating front_insert_iterator instances.
 868:C:/Program Files (x86)/Arm GNU Toolchain arm-none-eabi/14.3 rel1/arm-none-eabi/include/c++/14.3.1/bits\stl_iterator.h ****    *  Typing the name of the %iterator requires knowing the precise full
 869:C:/Program Files (x86)/Arm GNU Toolchain arm-none-eabi/14.3 rel1/arm-none-eabi/include/c++/14.3.1/bits\stl_iterator.h ****    *  type of the container, which can be tedious and impedes generic
 870:C:/Program Files (x86)/Arm GNU Toolchain arm-none-eabi/14.3 rel1/arm-none-eabi/include/c++/14.3.1/bits\stl_iterator.h ****    *  programming.  Using this function lets you take advantage of automatic
 871:C:/Program Files (x86)/Arm GNU Toolchain arm-none-eabi/14.3 rel1/arm-none-eabi/include/c++/14.3.1/bits\stl_iterator.h ****    *  template parameter deduction, making the compiler match the correct
 872:C:/Program Files (x86)/Arm GNU Toolchain arm-none-eabi/14.3 rel1/arm-none-eabi/include/c++/14.3.1/bits\stl_iterator.h ****    *  types for you.
 873:C:/Program Files (x86)/Arm GNU Toolchain arm-none-eabi/14.3 rel1/arm-none-eabi/include/c++/14.3.1/bits\stl_iterator.h ****   */
 874:C:/Program Files (x86)/Arm GNU Toolchain arm-none-eabi/14.3 rel1/arm-none-eabi/include/c++/14.3.1/bits\stl_iterator.h ****   template<typename _Container>
 875:C:/Program Files (x86)/Arm GNU Toolchain arm-none-eabi/14.3 rel1/arm-none-eabi/include/c++/14.3.1/bits\stl_iterator.h ****     _GLIBCXX_NODISCARD _GLIBCXX20_CONSTEXPR
 876:C:/Program Files (x86)/Arm GNU Toolchain arm-none-eabi/14.3 rel1/arm-none-eabi/include/c++/14.3.1/bits\stl_iterator.h ****     inline front_insert_iterator<_Container>
 877:C:/Program Files (x86)/Arm GNU Toolchain arm-none-eabi/14.3 rel1/arm-none-eabi/include/c++/14.3.1/bits\stl_iterator.h ****     front_inserter(_Container& __x)
 878:C:/Program Files (x86)/Arm GNU Toolchain arm-none-eabi/14.3 rel1/arm-none-eabi/include/c++/14.3.1/bits\stl_iterator.h ****     { return front_insert_iterator<_Container>(__x); }
 879:C:/Program Files (x86)/Arm GNU Toolchain arm-none-eabi/14.3 rel1/arm-none-eabi/include/c++/14.3.1/bits\stl_iterator.h **** 
 880:C:/Program Files (x86)/Arm GNU Toolchain arm-none-eabi/14.3 rel1/arm-none-eabi/include/c++/14.3.1/bits\stl_iterator.h ****   /**
 881:C:/Program Files (x86)/Arm GNU Toolchain arm-none-eabi/14.3 rel1/arm-none-eabi/include/c++/14.3.1/bits\stl_iterator.h ****    *  @brief  Turns assignment into insertion.
 882:C:/Program Files (x86)/Arm GNU Toolchain arm-none-eabi/14.3 rel1/arm-none-eabi/include/c++/14.3.1/bits\stl_iterator.h ****    *
 883:C:/Program Files (x86)/Arm GNU Toolchain arm-none-eabi/14.3 rel1/arm-none-eabi/include/c++/14.3.1/bits\stl_iterator.h ****    *  These are output iterators, constructed from a container-of-T.
 884:C:/Program Files (x86)/Arm GNU Toolchain arm-none-eabi/14.3 rel1/arm-none-eabi/include/c++/14.3.1/bits\stl_iterator.h ****    *  Assigning a T to the iterator inserts it in the container at the
 885:C:/Program Files (x86)/Arm GNU Toolchain arm-none-eabi/14.3 rel1/arm-none-eabi/include/c++/14.3.1/bits\stl_iterator.h ****    *  %iterator's position, rather than overwriting the value at that
 886:C:/Program Files (x86)/Arm GNU Toolchain arm-none-eabi/14.3 rel1/arm-none-eabi/include/c++/14.3.1/bits\stl_iterator.h ****    *  position.
 887:C:/Program Files (x86)/Arm GNU Toolchain arm-none-eabi/14.3 rel1/arm-none-eabi/include/c++/14.3.1/bits\stl_iterator.h ****    *
 888:C:/Program Files (x86)/Arm GNU Toolchain arm-none-eabi/14.3 rel1/arm-none-eabi/include/c++/14.3.1/bits\stl_iterator.h ****    *  (Sequences will actually insert a @e copy of the value before the
 889:C:/Program Files (x86)/Arm GNU Toolchain arm-none-eabi/14.3 rel1/arm-none-eabi/include/c++/14.3.1/bits\stl_iterator.h ****    *  %iterator's position.)
 890:C:/Program Files (x86)/Arm GNU Toolchain arm-none-eabi/14.3 rel1/arm-none-eabi/include/c++/14.3.1/bits\stl_iterator.h ****    *
 891:C:/Program Files (x86)/Arm GNU Toolchain arm-none-eabi/14.3 rel1/arm-none-eabi/include/c++/14.3.1/bits\stl_iterator.h ****    *  Tip:  Using the inserter function to create these iterators can
 892:C:/Program Files (x86)/Arm GNU Toolchain arm-none-eabi/14.3 rel1/arm-none-eabi/include/c++/14.3.1/bits\stl_iterator.h ****    *  save typing.
 893:C:/Program Files (x86)/Arm GNU Toolchain arm-none-eabi/14.3 rel1/arm-none-eabi/include/c++/14.3.1/bits\stl_iterator.h ****   */
 894:C:/Program Files (x86)/Arm GNU Toolchain arm-none-eabi/14.3 rel1/arm-none-eabi/include/c++/14.3.1/bits\stl_iterator.h ****   template<typename _Container>
 895:C:/Program Files (x86)/Arm GNU Toolchain arm-none-eabi/14.3 rel1/arm-none-eabi/include/c++/14.3.1/bits\stl_iterator.h ****     class insert_iterator
 896:C:/Program Files (x86)/Arm GNU Toolchain arm-none-eabi/14.3 rel1/arm-none-eabi/include/c++/14.3.1/bits\stl_iterator.h ****     : public iterator<output_iterator_tag, void, void, void, void>
 897:C:/Program Files (x86)/Arm GNU Toolchain arm-none-eabi/14.3 rel1/arm-none-eabi/include/c++/14.3.1/bits\stl_iterator.h ****     {
 898:C:/Program Files (x86)/Arm GNU Toolchain arm-none-eabi/14.3 rel1/arm-none-eabi/include/c++/14.3.1/bits\stl_iterator.h **** #if __cplusplus > 201703L && defined __glibcxx_concepts
 899:C:/Program Files (x86)/Arm GNU Toolchain arm-none-eabi/14.3 rel1/arm-none-eabi/include/c++/14.3.1/bits\stl_iterator.h ****       using _Iter = std::__detail::__range_iter_t<_Container>;
 900:C:/Program Files (x86)/Arm GNU Toolchain arm-none-eabi/14.3 rel1/arm-none-eabi/include/c++/14.3.1/bits\stl_iterator.h **** #else
 901:C:/Program Files (x86)/Arm GNU Toolchain arm-none-eabi/14.3 rel1/arm-none-eabi/include/c++/14.3.1/bits\stl_iterator.h ****       typedef typename _Container::iterator		_Iter;
 902:C:/Program Files (x86)/Arm GNU Toolchain arm-none-eabi/14.3 rel1/arm-none-eabi/include/c++/14.3.1/bits\stl_iterator.h **** #endif
 903:C:/Program Files (x86)/Arm GNU Toolchain arm-none-eabi/14.3 rel1/arm-none-eabi/include/c++/14.3.1/bits\stl_iterator.h ****     protected:
 904:C:/Program Files (x86)/Arm GNU Toolchain arm-none-eabi/14.3 rel1/arm-none-eabi/include/c++/14.3.1/bits\stl_iterator.h ****       _Container* container;
 905:C:/Program Files (x86)/Arm GNU Toolchain arm-none-eabi/14.3 rel1/arm-none-eabi/include/c++/14.3.1/bits\stl_iterator.h ****       _Iter iter;
 906:C:/Program Files (x86)/Arm GNU Toolchain arm-none-eabi/14.3 rel1/arm-none-eabi/include/c++/14.3.1/bits\stl_iterator.h **** 
 907:C:/Program Files (x86)/Arm GNU Toolchain arm-none-eabi/14.3 rel1/arm-none-eabi/include/c++/14.3.1/bits\stl_iterator.h ****     public:
 908:C:/Program Files (x86)/Arm GNU Toolchain arm-none-eabi/14.3 rel1/arm-none-eabi/include/c++/14.3.1/bits\stl_iterator.h ****       /// A nested typedef for the type of whatever container you used.
 909:C:/Program Files (x86)/Arm GNU Toolchain arm-none-eabi/14.3 rel1/arm-none-eabi/include/c++/14.3.1/bits\stl_iterator.h ****       typedef _Container          container_type;
 910:C:/Program Files (x86)/Arm GNU Toolchain arm-none-eabi/14.3 rel1/arm-none-eabi/include/c++/14.3.1/bits\stl_iterator.h **** 
 911:C:/Program Files (x86)/Arm GNU Toolchain arm-none-eabi/14.3 rel1/arm-none-eabi/include/c++/14.3.1/bits\stl_iterator.h **** #if __cplusplus > 201703L && defined __glibcxx_concepts
 912:C:/Program Files (x86)/Arm GNU Toolchain arm-none-eabi/14.3 rel1/arm-none-eabi/include/c++/14.3.1/bits\stl_iterator.h ****       using difference_type = ptrdiff_t;
 913:C:/Program Files (x86)/Arm GNU Toolchain arm-none-eabi/14.3 rel1/arm-none-eabi/include/c++/14.3.1/bits\stl_iterator.h **** #endif
 914:C:/Program Files (x86)/Arm GNU Toolchain arm-none-eabi/14.3 rel1/arm-none-eabi/include/c++/14.3.1/bits\stl_iterator.h **** 
 915:C:/Program Files (x86)/Arm GNU Toolchain arm-none-eabi/14.3 rel1/arm-none-eabi/include/c++/14.3.1/bits\stl_iterator.h ****       /**
 916:C:/Program Files (x86)/Arm GNU Toolchain arm-none-eabi/14.3 rel1/arm-none-eabi/include/c++/14.3.1/bits\stl_iterator.h ****        *  The only way to create this %iterator is with a container and an
 917:C:/Program Files (x86)/Arm GNU Toolchain arm-none-eabi/14.3 rel1/arm-none-eabi/include/c++/14.3.1/bits\stl_iterator.h ****        *  initial position (a normal %iterator into the container).
 918:C:/Program Files (x86)/Arm GNU Toolchain arm-none-eabi/14.3 rel1/arm-none-eabi/include/c++/14.3.1/bits\stl_iterator.h ****       */
 919:C:/Program Files (x86)/Arm GNU Toolchain arm-none-eabi/14.3 rel1/arm-none-eabi/include/c++/14.3.1/bits\stl_iterator.h ****       _GLIBCXX20_CONSTEXPR
ARM GAS  C:\Users\Oliver\AppData\Local\Temp\ccAPLW26.s 			page 54


 920:C:/Program Files (x86)/Arm GNU Toolchain arm-none-eabi/14.3 rel1/arm-none-eabi/include/c++/14.3.1/bits\stl_iterator.h ****       insert_iterator(_Container& __x, _Iter __i)
 921:C:/Program Files (x86)/Arm GNU Toolchain arm-none-eabi/14.3 rel1/arm-none-eabi/include/c++/14.3.1/bits\stl_iterator.h ****       : container(std::__addressof(__x)), iter(__i) {}
 922:C:/Program Files (x86)/Arm GNU Toolchain arm-none-eabi/14.3 rel1/arm-none-eabi/include/c++/14.3.1/bits\stl_iterator.h **** 
 923:C:/Program Files (x86)/Arm GNU Toolchain arm-none-eabi/14.3 rel1/arm-none-eabi/include/c++/14.3.1/bits\stl_iterator.h ****       /**
 924:C:/Program Files (x86)/Arm GNU Toolchain arm-none-eabi/14.3 rel1/arm-none-eabi/include/c++/14.3.1/bits\stl_iterator.h ****        *  @param  __value  An instance of whatever type
 925:C:/Program Files (x86)/Arm GNU Toolchain arm-none-eabi/14.3 rel1/arm-none-eabi/include/c++/14.3.1/bits\stl_iterator.h ****        *                 container_type::const_reference is; presumably a
 926:C:/Program Files (x86)/Arm GNU Toolchain arm-none-eabi/14.3 rel1/arm-none-eabi/include/c++/14.3.1/bits\stl_iterator.h ****        *                 reference-to-const T for container<T>.
 927:C:/Program Files (x86)/Arm GNU Toolchain arm-none-eabi/14.3 rel1/arm-none-eabi/include/c++/14.3.1/bits\stl_iterator.h ****        *  @return  This %iterator, for chained operations.
 928:C:/Program Files (x86)/Arm GNU Toolchain arm-none-eabi/14.3 rel1/arm-none-eabi/include/c++/14.3.1/bits\stl_iterator.h ****        *
 929:C:/Program Files (x86)/Arm GNU Toolchain arm-none-eabi/14.3 rel1/arm-none-eabi/include/c++/14.3.1/bits\stl_iterator.h ****        *  This kind of %iterator maintains its own position in the
 930:C:/Program Files (x86)/Arm GNU Toolchain arm-none-eabi/14.3 rel1/arm-none-eabi/include/c++/14.3.1/bits\stl_iterator.h ****        *  container.  Assigning a value to the %iterator will insert the
 931:C:/Program Files (x86)/Arm GNU Toolchain arm-none-eabi/14.3 rel1/arm-none-eabi/include/c++/14.3.1/bits\stl_iterator.h ****        *  value into the container at the place before the %iterator.
 932:C:/Program Files (x86)/Arm GNU Toolchain arm-none-eabi/14.3 rel1/arm-none-eabi/include/c++/14.3.1/bits\stl_iterator.h ****        *
 933:C:/Program Files (x86)/Arm GNU Toolchain arm-none-eabi/14.3 rel1/arm-none-eabi/include/c++/14.3.1/bits\stl_iterator.h ****        *  The position is maintained such that subsequent assignments will
 934:C:/Program Files (x86)/Arm GNU Toolchain arm-none-eabi/14.3 rel1/arm-none-eabi/include/c++/14.3.1/bits\stl_iterator.h ****        *  insert values immediately after one another.  For example,
 935:C:/Program Files (x86)/Arm GNU Toolchain arm-none-eabi/14.3 rel1/arm-none-eabi/include/c++/14.3.1/bits\stl_iterator.h ****        *  @code
 936:C:/Program Files (x86)/Arm GNU Toolchain arm-none-eabi/14.3 rel1/arm-none-eabi/include/c++/14.3.1/bits\stl_iterator.h ****        *     // vector v contains A and Z
 937:C:/Program Files (x86)/Arm GNU Toolchain arm-none-eabi/14.3 rel1/arm-none-eabi/include/c++/14.3.1/bits\stl_iterator.h ****        *
 938:C:/Program Files (x86)/Arm GNU Toolchain arm-none-eabi/14.3 rel1/arm-none-eabi/include/c++/14.3.1/bits\stl_iterator.h ****        *     insert_iterator i (v, ++v.begin());
 939:C:/Program Files (x86)/Arm GNU Toolchain arm-none-eabi/14.3 rel1/arm-none-eabi/include/c++/14.3.1/bits\stl_iterator.h ****        *     i = 1;
 940:C:/Program Files (x86)/Arm GNU Toolchain arm-none-eabi/14.3 rel1/arm-none-eabi/include/c++/14.3.1/bits\stl_iterator.h ****        *     i = 2;
 941:C:/Program Files (x86)/Arm GNU Toolchain arm-none-eabi/14.3 rel1/arm-none-eabi/include/c++/14.3.1/bits\stl_iterator.h ****        *     i = 3;
 942:C:/Program Files (x86)/Arm GNU Toolchain arm-none-eabi/14.3 rel1/arm-none-eabi/include/c++/14.3.1/bits\stl_iterator.h ****        *
 943:C:/Program Files (x86)/Arm GNU Toolchain arm-none-eabi/14.3 rel1/arm-none-eabi/include/c++/14.3.1/bits\stl_iterator.h ****        *     // vector v contains A, 1, 2, 3, and Z
 944:C:/Program Files (x86)/Arm GNU Toolchain arm-none-eabi/14.3 rel1/arm-none-eabi/include/c++/14.3.1/bits\stl_iterator.h ****        *  @endcode
 945:C:/Program Files (x86)/Arm GNU Toolchain arm-none-eabi/14.3 rel1/arm-none-eabi/include/c++/14.3.1/bits\stl_iterator.h ****       */
 946:C:/Program Files (x86)/Arm GNU Toolchain arm-none-eabi/14.3 rel1/arm-none-eabi/include/c++/14.3.1/bits\stl_iterator.h **** #if __cplusplus < 201103L
 947:C:/Program Files (x86)/Arm GNU Toolchain arm-none-eabi/14.3 rel1/arm-none-eabi/include/c++/14.3.1/bits\stl_iterator.h ****       insert_iterator&
 948:C:/Program Files (x86)/Arm GNU Toolchain arm-none-eabi/14.3 rel1/arm-none-eabi/include/c++/14.3.1/bits\stl_iterator.h ****       operator=(typename _Container::const_reference __value)
 949:C:/Program Files (x86)/Arm GNU Toolchain arm-none-eabi/14.3 rel1/arm-none-eabi/include/c++/14.3.1/bits\stl_iterator.h ****       {
 950:C:/Program Files (x86)/Arm GNU Toolchain arm-none-eabi/14.3 rel1/arm-none-eabi/include/c++/14.3.1/bits\stl_iterator.h **** 	iter = container->insert(iter, __value);
 951:C:/Program Files (x86)/Arm GNU Toolchain arm-none-eabi/14.3 rel1/arm-none-eabi/include/c++/14.3.1/bits\stl_iterator.h **** 	++iter;
 952:C:/Program Files (x86)/Arm GNU Toolchain arm-none-eabi/14.3 rel1/arm-none-eabi/include/c++/14.3.1/bits\stl_iterator.h **** 	return *this;
 953:C:/Program Files (x86)/Arm GNU Toolchain arm-none-eabi/14.3 rel1/arm-none-eabi/include/c++/14.3.1/bits\stl_iterator.h ****       }
 954:C:/Program Files (x86)/Arm GNU Toolchain arm-none-eabi/14.3 rel1/arm-none-eabi/include/c++/14.3.1/bits\stl_iterator.h **** #else
 955:C:/Program Files (x86)/Arm GNU Toolchain arm-none-eabi/14.3 rel1/arm-none-eabi/include/c++/14.3.1/bits\stl_iterator.h ****       _GLIBCXX20_CONSTEXPR
 956:C:/Program Files (x86)/Arm GNU Toolchain arm-none-eabi/14.3 rel1/arm-none-eabi/include/c++/14.3.1/bits\stl_iterator.h ****       insert_iterator&
 957:C:/Program Files (x86)/Arm GNU Toolchain arm-none-eabi/14.3 rel1/arm-none-eabi/include/c++/14.3.1/bits\stl_iterator.h ****       operator=(const typename _Container::value_type& __value)
 958:C:/Program Files (x86)/Arm GNU Toolchain arm-none-eabi/14.3 rel1/arm-none-eabi/include/c++/14.3.1/bits\stl_iterator.h ****       {
 959:C:/Program Files (x86)/Arm GNU Toolchain arm-none-eabi/14.3 rel1/arm-none-eabi/include/c++/14.3.1/bits\stl_iterator.h **** 	iter = container->insert(iter, __value);
 960:C:/Program Files (x86)/Arm GNU Toolchain arm-none-eabi/14.3 rel1/arm-none-eabi/include/c++/14.3.1/bits\stl_iterator.h **** 	++iter;
 961:C:/Program Files (x86)/Arm GNU Toolchain arm-none-eabi/14.3 rel1/arm-none-eabi/include/c++/14.3.1/bits\stl_iterator.h **** 	return *this;
 962:C:/Program Files (x86)/Arm GNU Toolchain arm-none-eabi/14.3 rel1/arm-none-eabi/include/c++/14.3.1/bits\stl_iterator.h ****       }
 963:C:/Program Files (x86)/Arm GNU Toolchain arm-none-eabi/14.3 rel1/arm-none-eabi/include/c++/14.3.1/bits\stl_iterator.h **** 
 964:C:/Program Files (x86)/Arm GNU Toolchain arm-none-eabi/14.3 rel1/arm-none-eabi/include/c++/14.3.1/bits\stl_iterator.h ****       _GLIBCXX20_CONSTEXPR
 965:C:/Program Files (x86)/Arm GNU Toolchain arm-none-eabi/14.3 rel1/arm-none-eabi/include/c++/14.3.1/bits\stl_iterator.h ****       insert_iterator&
 966:C:/Program Files (x86)/Arm GNU Toolchain arm-none-eabi/14.3 rel1/arm-none-eabi/include/c++/14.3.1/bits\stl_iterator.h ****       operator=(typename _Container::value_type&& __value)
 967:C:/Program Files (x86)/Arm GNU Toolchain arm-none-eabi/14.3 rel1/arm-none-eabi/include/c++/14.3.1/bits\stl_iterator.h ****       {
 968:C:/Program Files (x86)/Arm GNU Toolchain arm-none-eabi/14.3 rel1/arm-none-eabi/include/c++/14.3.1/bits\stl_iterator.h **** 	iter = container->insert(iter, std::move(__value));
 969:C:/Program Files (x86)/Arm GNU Toolchain arm-none-eabi/14.3 rel1/arm-none-eabi/include/c++/14.3.1/bits\stl_iterator.h **** 	++iter;
 970:C:/Program Files (x86)/Arm GNU Toolchain arm-none-eabi/14.3 rel1/arm-none-eabi/include/c++/14.3.1/bits\stl_iterator.h **** 	return *this;
 971:C:/Program Files (x86)/Arm GNU Toolchain arm-none-eabi/14.3 rel1/arm-none-eabi/include/c++/14.3.1/bits\stl_iterator.h ****       }
 972:C:/Program Files (x86)/Arm GNU Toolchain arm-none-eabi/14.3 rel1/arm-none-eabi/include/c++/14.3.1/bits\stl_iterator.h **** #endif
 973:C:/Program Files (x86)/Arm GNU Toolchain arm-none-eabi/14.3 rel1/arm-none-eabi/include/c++/14.3.1/bits\stl_iterator.h **** 
 974:C:/Program Files (x86)/Arm GNU Toolchain arm-none-eabi/14.3 rel1/arm-none-eabi/include/c++/14.3.1/bits\stl_iterator.h ****       /// Simply returns *this.
 975:C:/Program Files (x86)/Arm GNU Toolchain arm-none-eabi/14.3 rel1/arm-none-eabi/include/c++/14.3.1/bits\stl_iterator.h ****       _GLIBCXX_NODISCARD _GLIBCXX20_CONSTEXPR
 976:C:/Program Files (x86)/Arm GNU Toolchain arm-none-eabi/14.3 rel1/arm-none-eabi/include/c++/14.3.1/bits\stl_iterator.h ****       insert_iterator&
ARM GAS  C:\Users\Oliver\AppData\Local\Temp\ccAPLW26.s 			page 55


 977:C:/Program Files (x86)/Arm GNU Toolchain arm-none-eabi/14.3 rel1/arm-none-eabi/include/c++/14.3.1/bits\stl_iterator.h ****       operator*()
 978:C:/Program Files (x86)/Arm GNU Toolchain arm-none-eabi/14.3 rel1/arm-none-eabi/include/c++/14.3.1/bits\stl_iterator.h ****       { return *this; }
 979:C:/Program Files (x86)/Arm GNU Toolchain arm-none-eabi/14.3 rel1/arm-none-eabi/include/c++/14.3.1/bits\stl_iterator.h **** 
 980:C:/Program Files (x86)/Arm GNU Toolchain arm-none-eabi/14.3 rel1/arm-none-eabi/include/c++/14.3.1/bits\stl_iterator.h ****       /// Simply returns *this.  (This %iterator does not @a move.)
 981:C:/Program Files (x86)/Arm GNU Toolchain arm-none-eabi/14.3 rel1/arm-none-eabi/include/c++/14.3.1/bits\stl_iterator.h ****       _GLIBCXX20_CONSTEXPR
 982:C:/Program Files (x86)/Arm GNU Toolchain arm-none-eabi/14.3 rel1/arm-none-eabi/include/c++/14.3.1/bits\stl_iterator.h ****       insert_iterator&
 983:C:/Program Files (x86)/Arm GNU Toolchain arm-none-eabi/14.3 rel1/arm-none-eabi/include/c++/14.3.1/bits\stl_iterator.h ****       operator++()
 984:C:/Program Files (x86)/Arm GNU Toolchain arm-none-eabi/14.3 rel1/arm-none-eabi/include/c++/14.3.1/bits\stl_iterator.h ****       { return *this; }
 985:C:/Program Files (x86)/Arm GNU Toolchain arm-none-eabi/14.3 rel1/arm-none-eabi/include/c++/14.3.1/bits\stl_iterator.h **** 
 986:C:/Program Files (x86)/Arm GNU Toolchain arm-none-eabi/14.3 rel1/arm-none-eabi/include/c++/14.3.1/bits\stl_iterator.h ****       /// Simply returns *this.  (This %iterator does not @a move.)
 987:C:/Program Files (x86)/Arm GNU Toolchain arm-none-eabi/14.3 rel1/arm-none-eabi/include/c++/14.3.1/bits\stl_iterator.h ****       _GLIBCXX20_CONSTEXPR
 988:C:/Program Files (x86)/Arm GNU Toolchain arm-none-eabi/14.3 rel1/arm-none-eabi/include/c++/14.3.1/bits\stl_iterator.h ****       insert_iterator&
 989:C:/Program Files (x86)/Arm GNU Toolchain arm-none-eabi/14.3 rel1/arm-none-eabi/include/c++/14.3.1/bits\stl_iterator.h ****       operator++(int)
 990:C:/Program Files (x86)/Arm GNU Toolchain arm-none-eabi/14.3 rel1/arm-none-eabi/include/c++/14.3.1/bits\stl_iterator.h ****       { return *this; }
 991:C:/Program Files (x86)/Arm GNU Toolchain arm-none-eabi/14.3 rel1/arm-none-eabi/include/c++/14.3.1/bits\stl_iterator.h ****     };
 992:C:/Program Files (x86)/Arm GNU Toolchain arm-none-eabi/14.3 rel1/arm-none-eabi/include/c++/14.3.1/bits\stl_iterator.h **** 
 993:C:/Program Files (x86)/Arm GNU Toolchain arm-none-eabi/14.3 rel1/arm-none-eabi/include/c++/14.3.1/bits\stl_iterator.h **** #pragma GCC diagnostic pop
 994:C:/Program Files (x86)/Arm GNU Toolchain arm-none-eabi/14.3 rel1/arm-none-eabi/include/c++/14.3.1/bits\stl_iterator.h **** 
 995:C:/Program Files (x86)/Arm GNU Toolchain arm-none-eabi/14.3 rel1/arm-none-eabi/include/c++/14.3.1/bits\stl_iterator.h ****   /**
 996:C:/Program Files (x86)/Arm GNU Toolchain arm-none-eabi/14.3 rel1/arm-none-eabi/include/c++/14.3.1/bits\stl_iterator.h ****    *  @param __x  A container of arbitrary type.
 997:C:/Program Files (x86)/Arm GNU Toolchain arm-none-eabi/14.3 rel1/arm-none-eabi/include/c++/14.3.1/bits\stl_iterator.h ****    *  @param __i  An iterator into the container.
 998:C:/Program Files (x86)/Arm GNU Toolchain arm-none-eabi/14.3 rel1/arm-none-eabi/include/c++/14.3.1/bits\stl_iterator.h ****    *  @return  An instance of insert_iterator working on @p __x.
 999:C:/Program Files (x86)/Arm GNU Toolchain arm-none-eabi/14.3 rel1/arm-none-eabi/include/c++/14.3.1/bits\stl_iterator.h ****    *
1000:C:/Program Files (x86)/Arm GNU Toolchain arm-none-eabi/14.3 rel1/arm-none-eabi/include/c++/14.3.1/bits\stl_iterator.h ****    *  This wrapper function helps in creating insert_iterator instances.
1001:C:/Program Files (x86)/Arm GNU Toolchain arm-none-eabi/14.3 rel1/arm-none-eabi/include/c++/14.3.1/bits\stl_iterator.h ****    *  Typing the name of the %iterator requires knowing the precise full
1002:C:/Program Files (x86)/Arm GNU Toolchain arm-none-eabi/14.3 rel1/arm-none-eabi/include/c++/14.3.1/bits\stl_iterator.h ****    *  type of the container, which can be tedious and impedes generic
1003:C:/Program Files (x86)/Arm GNU Toolchain arm-none-eabi/14.3 rel1/arm-none-eabi/include/c++/14.3.1/bits\stl_iterator.h ****    *  programming.  Using this function lets you take advantage of automatic
1004:C:/Program Files (x86)/Arm GNU Toolchain arm-none-eabi/14.3 rel1/arm-none-eabi/include/c++/14.3.1/bits\stl_iterator.h ****    *  template parameter deduction, making the compiler match the correct
1005:C:/Program Files (x86)/Arm GNU Toolchain arm-none-eabi/14.3 rel1/arm-none-eabi/include/c++/14.3.1/bits\stl_iterator.h ****    *  types for you.
1006:C:/Program Files (x86)/Arm GNU Toolchain arm-none-eabi/14.3 rel1/arm-none-eabi/include/c++/14.3.1/bits\stl_iterator.h ****   */
1007:C:/Program Files (x86)/Arm GNU Toolchain arm-none-eabi/14.3 rel1/arm-none-eabi/include/c++/14.3.1/bits\stl_iterator.h **** #if __cplusplus > 201703L && defined __glibcxx_concepts
1008:C:/Program Files (x86)/Arm GNU Toolchain arm-none-eabi/14.3 rel1/arm-none-eabi/include/c++/14.3.1/bits\stl_iterator.h ****   template<typename _Container>
1009:C:/Program Files (x86)/Arm GNU Toolchain arm-none-eabi/14.3 rel1/arm-none-eabi/include/c++/14.3.1/bits\stl_iterator.h ****     [[nodiscard]]
1010:C:/Program Files (x86)/Arm GNU Toolchain arm-none-eabi/14.3 rel1/arm-none-eabi/include/c++/14.3.1/bits\stl_iterator.h ****     constexpr insert_iterator<_Container>
1011:C:/Program Files (x86)/Arm GNU Toolchain arm-none-eabi/14.3 rel1/arm-none-eabi/include/c++/14.3.1/bits\stl_iterator.h ****     inserter(_Container& __x, std::__detail::__range_iter_t<_Container> __i)
1012:C:/Program Files (x86)/Arm GNU Toolchain arm-none-eabi/14.3 rel1/arm-none-eabi/include/c++/14.3.1/bits\stl_iterator.h ****     { return insert_iterator<_Container>(__x, __i); }
1013:C:/Program Files (x86)/Arm GNU Toolchain arm-none-eabi/14.3 rel1/arm-none-eabi/include/c++/14.3.1/bits\stl_iterator.h **** #else
1014:C:/Program Files (x86)/Arm GNU Toolchain arm-none-eabi/14.3 rel1/arm-none-eabi/include/c++/14.3.1/bits\stl_iterator.h ****   template<typename _Container>
1015:C:/Program Files (x86)/Arm GNU Toolchain arm-none-eabi/14.3 rel1/arm-none-eabi/include/c++/14.3.1/bits\stl_iterator.h ****     _GLIBCXX_NODISCARD
1016:C:/Program Files (x86)/Arm GNU Toolchain arm-none-eabi/14.3 rel1/arm-none-eabi/include/c++/14.3.1/bits\stl_iterator.h ****     inline insert_iterator<_Container>
1017:C:/Program Files (x86)/Arm GNU Toolchain arm-none-eabi/14.3 rel1/arm-none-eabi/include/c++/14.3.1/bits\stl_iterator.h ****     inserter(_Container& __x, typename _Container::iterator __i)
1018:C:/Program Files (x86)/Arm GNU Toolchain arm-none-eabi/14.3 rel1/arm-none-eabi/include/c++/14.3.1/bits\stl_iterator.h ****     { return insert_iterator<_Container>(__x, __i); }
1019:C:/Program Files (x86)/Arm GNU Toolchain arm-none-eabi/14.3 rel1/arm-none-eabi/include/c++/14.3.1/bits\stl_iterator.h **** #endif
1020:C:/Program Files (x86)/Arm GNU Toolchain arm-none-eabi/14.3 rel1/arm-none-eabi/include/c++/14.3.1/bits\stl_iterator.h **** 
1021:C:/Program Files (x86)/Arm GNU Toolchain arm-none-eabi/14.3 rel1/arm-none-eabi/include/c++/14.3.1/bits\stl_iterator.h ****   /// @} group iterators
1022:C:/Program Files (x86)/Arm GNU Toolchain arm-none-eabi/14.3 rel1/arm-none-eabi/include/c++/14.3.1/bits\stl_iterator.h **** 
1023:C:/Program Files (x86)/Arm GNU Toolchain arm-none-eabi/14.3 rel1/arm-none-eabi/include/c++/14.3.1/bits\stl_iterator.h **** _GLIBCXX_END_NAMESPACE_VERSION
1024:C:/Program Files (x86)/Arm GNU Toolchain arm-none-eabi/14.3 rel1/arm-none-eabi/include/c++/14.3.1/bits\stl_iterator.h **** } // namespace
1025:C:/Program Files (x86)/Arm GNU Toolchain arm-none-eabi/14.3 rel1/arm-none-eabi/include/c++/14.3.1/bits\stl_iterator.h **** 
1026:C:/Program Files (x86)/Arm GNU Toolchain arm-none-eabi/14.3 rel1/arm-none-eabi/include/c++/14.3.1/bits\stl_iterator.h **** namespace __gnu_cxx _GLIBCXX_VISIBILITY(default)
1027:C:/Program Files (x86)/Arm GNU Toolchain arm-none-eabi/14.3 rel1/arm-none-eabi/include/c++/14.3.1/bits\stl_iterator.h **** {
1028:C:/Program Files (x86)/Arm GNU Toolchain arm-none-eabi/14.3 rel1/arm-none-eabi/include/c++/14.3.1/bits\stl_iterator.h **** _GLIBCXX_BEGIN_NAMESPACE_VERSION
1029:C:/Program Files (x86)/Arm GNU Toolchain arm-none-eabi/14.3 rel1/arm-none-eabi/include/c++/14.3.1/bits\stl_iterator.h **** 
1030:C:/Program Files (x86)/Arm GNU Toolchain arm-none-eabi/14.3 rel1/arm-none-eabi/include/c++/14.3.1/bits\stl_iterator.h ****   // This iterator adapter is @a normal in the sense that it does not
1031:C:/Program Files (x86)/Arm GNU Toolchain arm-none-eabi/14.3 rel1/arm-none-eabi/include/c++/14.3.1/bits\stl_iterator.h ****   // change the semantics of any of the operators of its iterator
1032:C:/Program Files (x86)/Arm GNU Toolchain arm-none-eabi/14.3 rel1/arm-none-eabi/include/c++/14.3.1/bits\stl_iterator.h ****   // parameter.  Its primary purpose is to convert an iterator that is
1033:C:/Program Files (x86)/Arm GNU Toolchain arm-none-eabi/14.3 rel1/arm-none-eabi/include/c++/14.3.1/bits\stl_iterator.h ****   // not a class, e.g. a pointer, into an iterator that is a class.
ARM GAS  C:\Users\Oliver\AppData\Local\Temp\ccAPLW26.s 			page 56


1034:C:/Program Files (x86)/Arm GNU Toolchain arm-none-eabi/14.3 rel1/arm-none-eabi/include/c++/14.3.1/bits\stl_iterator.h ****   // The _Container parameter exists solely so that different containers
1035:C:/Program Files (x86)/Arm GNU Toolchain arm-none-eabi/14.3 rel1/arm-none-eabi/include/c++/14.3.1/bits\stl_iterator.h ****   // using this template can instantiate different types, even if the
1036:C:/Program Files (x86)/Arm GNU Toolchain arm-none-eabi/14.3 rel1/arm-none-eabi/include/c++/14.3.1/bits\stl_iterator.h ****   // _Iterator parameter is the same.
1037:C:/Program Files (x86)/Arm GNU Toolchain arm-none-eabi/14.3 rel1/arm-none-eabi/include/c++/14.3.1/bits\stl_iterator.h ****   template<typename _Iterator, typename _Container>
1038:C:/Program Files (x86)/Arm GNU Toolchain arm-none-eabi/14.3 rel1/arm-none-eabi/include/c++/14.3.1/bits\stl_iterator.h ****     class __normal_iterator
1039:C:/Program Files (x86)/Arm GNU Toolchain arm-none-eabi/14.3 rel1/arm-none-eabi/include/c++/14.3.1/bits\stl_iterator.h ****     {
1040:C:/Program Files (x86)/Arm GNU Toolchain arm-none-eabi/14.3 rel1/arm-none-eabi/include/c++/14.3.1/bits\stl_iterator.h ****     protected:
1041:C:/Program Files (x86)/Arm GNU Toolchain arm-none-eabi/14.3 rel1/arm-none-eabi/include/c++/14.3.1/bits\stl_iterator.h ****       _Iterator _M_current;
1042:C:/Program Files (x86)/Arm GNU Toolchain arm-none-eabi/14.3 rel1/arm-none-eabi/include/c++/14.3.1/bits\stl_iterator.h **** 
1043:C:/Program Files (x86)/Arm GNU Toolchain arm-none-eabi/14.3 rel1/arm-none-eabi/include/c++/14.3.1/bits\stl_iterator.h ****       typedef std::iterator_traits<_Iterator>		__traits_type;
1044:C:/Program Files (x86)/Arm GNU Toolchain arm-none-eabi/14.3 rel1/arm-none-eabi/include/c++/14.3.1/bits\stl_iterator.h **** 
1045:C:/Program Files (x86)/Arm GNU Toolchain arm-none-eabi/14.3 rel1/arm-none-eabi/include/c++/14.3.1/bits\stl_iterator.h **** #if __cplusplus >= 201103L
1046:C:/Program Files (x86)/Arm GNU Toolchain arm-none-eabi/14.3 rel1/arm-none-eabi/include/c++/14.3.1/bits\stl_iterator.h ****       template<typename _Iter>
1047:C:/Program Files (x86)/Arm GNU Toolchain arm-none-eabi/14.3 rel1/arm-none-eabi/include/c++/14.3.1/bits\stl_iterator.h **** 	using __convertible_from
1048:C:/Program Files (x86)/Arm GNU Toolchain arm-none-eabi/14.3 rel1/arm-none-eabi/include/c++/14.3.1/bits\stl_iterator.h **** 	  = std::__enable_if_t<std::is_convertible<_Iter, _Iterator>::value>;
1049:C:/Program Files (x86)/Arm GNU Toolchain arm-none-eabi/14.3 rel1/arm-none-eabi/include/c++/14.3.1/bits\stl_iterator.h **** #endif
1050:C:/Program Files (x86)/Arm GNU Toolchain arm-none-eabi/14.3 rel1/arm-none-eabi/include/c++/14.3.1/bits\stl_iterator.h **** 
1051:C:/Program Files (x86)/Arm GNU Toolchain arm-none-eabi/14.3 rel1/arm-none-eabi/include/c++/14.3.1/bits\stl_iterator.h ****     public:
1052:C:/Program Files (x86)/Arm GNU Toolchain arm-none-eabi/14.3 rel1/arm-none-eabi/include/c++/14.3.1/bits\stl_iterator.h ****       typedef _Iterator					iterator_type;
1053:C:/Program Files (x86)/Arm GNU Toolchain arm-none-eabi/14.3 rel1/arm-none-eabi/include/c++/14.3.1/bits\stl_iterator.h ****       typedef typename __traits_type::iterator_category iterator_category;
1054:C:/Program Files (x86)/Arm GNU Toolchain arm-none-eabi/14.3 rel1/arm-none-eabi/include/c++/14.3.1/bits\stl_iterator.h ****       typedef typename __traits_type::value_type  	value_type;
1055:C:/Program Files (x86)/Arm GNU Toolchain arm-none-eabi/14.3 rel1/arm-none-eabi/include/c++/14.3.1/bits\stl_iterator.h ****       typedef typename __traits_type::difference_type 	difference_type;
1056:C:/Program Files (x86)/Arm GNU Toolchain arm-none-eabi/14.3 rel1/arm-none-eabi/include/c++/14.3.1/bits\stl_iterator.h ****       typedef typename __traits_type::reference 	reference;
1057:C:/Program Files (x86)/Arm GNU Toolchain arm-none-eabi/14.3 rel1/arm-none-eabi/include/c++/14.3.1/bits\stl_iterator.h ****       typedef typename __traits_type::pointer   	pointer;
1058:C:/Program Files (x86)/Arm GNU Toolchain arm-none-eabi/14.3 rel1/arm-none-eabi/include/c++/14.3.1/bits\stl_iterator.h **** 
1059:C:/Program Files (x86)/Arm GNU Toolchain arm-none-eabi/14.3 rel1/arm-none-eabi/include/c++/14.3.1/bits\stl_iterator.h **** #if __cplusplus > 201703L && __glibcxx_concepts
1060:C:/Program Files (x86)/Arm GNU Toolchain arm-none-eabi/14.3 rel1/arm-none-eabi/include/c++/14.3.1/bits\stl_iterator.h ****       using iterator_concept = std::__detail::__iter_concept<_Iterator>;
1061:C:/Program Files (x86)/Arm GNU Toolchain arm-none-eabi/14.3 rel1/arm-none-eabi/include/c++/14.3.1/bits\stl_iterator.h **** #endif
1062:C:/Program Files (x86)/Arm GNU Toolchain arm-none-eabi/14.3 rel1/arm-none-eabi/include/c++/14.3.1/bits\stl_iterator.h **** 
1063:C:/Program Files (x86)/Arm GNU Toolchain arm-none-eabi/14.3 rel1/arm-none-eabi/include/c++/14.3.1/bits\stl_iterator.h ****       _GLIBCXX_CONSTEXPR __normal_iterator() _GLIBCXX_NOEXCEPT
1064:C:/Program Files (x86)/Arm GNU Toolchain arm-none-eabi/14.3 rel1/arm-none-eabi/include/c++/14.3.1/bits\stl_iterator.h ****       : _M_current(_Iterator()) { }
1065:C:/Program Files (x86)/Arm GNU Toolchain arm-none-eabi/14.3 rel1/arm-none-eabi/include/c++/14.3.1/bits\stl_iterator.h **** 
1066:C:/Program Files (x86)/Arm GNU Toolchain arm-none-eabi/14.3 rel1/arm-none-eabi/include/c++/14.3.1/bits\stl_iterator.h ****       explicit _GLIBCXX20_CONSTEXPR
1067:C:/Program Files (x86)/Arm GNU Toolchain arm-none-eabi/14.3 rel1/arm-none-eabi/include/c++/14.3.1/bits\stl_iterator.h ****       __normal_iterator(const _Iterator& __i) _GLIBCXX_NOEXCEPT
 497              		.loc 3 1067 7 view .LVU148
 498              		.loc 3 1067 7 is_stmt 0 view .LVU149
 499              	.LBE301:
 500              	.LBE300:
 501              	.LBB302:
 502              	.LBI302:
1068:C:/Program Files (x86)/Arm GNU Toolchain arm-none-eabi/14.3 rel1/arm-none-eabi/include/c++/14.3.1/bits\stl_iterator.h ****       : _M_current(__i) { }
1069:C:/Program Files (x86)/Arm GNU Toolchain arm-none-eabi/14.3 rel1/arm-none-eabi/include/c++/14.3.1/bits\stl_iterator.h **** 
1070:C:/Program Files (x86)/Arm GNU Toolchain arm-none-eabi/14.3 rel1/arm-none-eabi/include/c++/14.3.1/bits\stl_iterator.h ****       // Allow iterator to const_iterator conversion
1071:C:/Program Files (x86)/Arm GNU Toolchain arm-none-eabi/14.3 rel1/arm-none-eabi/include/c++/14.3.1/bits\stl_iterator.h **** #if __cplusplus >= 201103L
1072:C:/Program Files (x86)/Arm GNU Toolchain arm-none-eabi/14.3 rel1/arm-none-eabi/include/c++/14.3.1/bits\stl_iterator.h ****       template<typename _Iter, typename = __convertible_from<_Iter>>
1073:C:/Program Files (x86)/Arm GNU Toolchain arm-none-eabi/14.3 rel1/arm-none-eabi/include/c++/14.3.1/bits\stl_iterator.h **** 	_GLIBCXX20_CONSTEXPR
1074:C:/Program Files (x86)/Arm GNU Toolchain arm-none-eabi/14.3 rel1/arm-none-eabi/include/c++/14.3.1/bits\stl_iterator.h **** 	__normal_iterator(const __normal_iterator<_Iter, _Container>& __i)
1075:C:/Program Files (x86)/Arm GNU Toolchain arm-none-eabi/14.3 rel1/arm-none-eabi/include/c++/14.3.1/bits\stl_iterator.h **** 	noexcept
1076:C:/Program Files (x86)/Arm GNU Toolchain arm-none-eabi/14.3 rel1/arm-none-eabi/include/c++/14.3.1/bits\stl_iterator.h **** #else
1077:C:/Program Files (x86)/Arm GNU Toolchain arm-none-eabi/14.3 rel1/arm-none-eabi/include/c++/14.3.1/bits\stl_iterator.h ****       // N.B. _Container::pointer is not actually in container requirements,
1078:C:/Program Files (x86)/Arm GNU Toolchain arm-none-eabi/14.3 rel1/arm-none-eabi/include/c++/14.3.1/bits\stl_iterator.h ****       // but is present in std::vector and std::basic_string.
1079:C:/Program Files (x86)/Arm GNU Toolchain arm-none-eabi/14.3 rel1/arm-none-eabi/include/c++/14.3.1/bits\stl_iterator.h ****       template<typename _Iter>
1080:C:/Program Files (x86)/Arm GNU Toolchain arm-none-eabi/14.3 rel1/arm-none-eabi/include/c++/14.3.1/bits\stl_iterator.h ****         __normal_iterator(const __normal_iterator<_Iter,
1081:C:/Program Files (x86)/Arm GNU Toolchain arm-none-eabi/14.3 rel1/arm-none-eabi/include/c++/14.3.1/bits\stl_iterator.h **** 			  typename __enable_if<
1082:C:/Program Files (x86)/Arm GNU Toolchain arm-none-eabi/14.3 rel1/arm-none-eabi/include/c++/14.3.1/bits\stl_iterator.h **** 	       (std::__are_same<_Iter, typename _Container::pointer>::__value),
1083:C:/Program Files (x86)/Arm GNU Toolchain arm-none-eabi/14.3 rel1/arm-none-eabi/include/c++/14.3.1/bits\stl_iterator.h **** 		      _Container>::__type>& __i)
1084:C:/Program Files (x86)/Arm GNU Toolchain arm-none-eabi/14.3 rel1/arm-none-eabi/include/c++/14.3.1/bits\stl_iterator.h **** #endif
ARM GAS  C:\Users\Oliver\AppData\Local\Temp\ccAPLW26.s 			page 57


1085:C:/Program Files (x86)/Arm GNU Toolchain arm-none-eabi/14.3 rel1/arm-none-eabi/include/c++/14.3.1/bits\stl_iterator.h ****         : _M_current(__i.base()) { }
1086:C:/Program Files (x86)/Arm GNU Toolchain arm-none-eabi/14.3 rel1/arm-none-eabi/include/c++/14.3.1/bits\stl_iterator.h **** 
1087:C:/Program Files (x86)/Arm GNU Toolchain arm-none-eabi/14.3 rel1/arm-none-eabi/include/c++/14.3.1/bits\stl_iterator.h ****       // Forward iterator requirements
1088:C:/Program Files (x86)/Arm GNU Toolchain arm-none-eabi/14.3 rel1/arm-none-eabi/include/c++/14.3.1/bits\stl_iterator.h ****       _GLIBCXX20_CONSTEXPR
1089:C:/Program Files (x86)/Arm GNU Toolchain arm-none-eabi/14.3 rel1/arm-none-eabi/include/c++/14.3.1/bits\stl_iterator.h ****       reference
1090:C:/Program Files (x86)/Arm GNU Toolchain arm-none-eabi/14.3 rel1/arm-none-eabi/include/c++/14.3.1/bits\stl_iterator.h ****       operator*() const _GLIBCXX_NOEXCEPT
1091:C:/Program Files (x86)/Arm GNU Toolchain arm-none-eabi/14.3 rel1/arm-none-eabi/include/c++/14.3.1/bits\stl_iterator.h ****       { return *_M_current; }
1092:C:/Program Files (x86)/Arm GNU Toolchain arm-none-eabi/14.3 rel1/arm-none-eabi/include/c++/14.3.1/bits\stl_iterator.h **** 
1093:C:/Program Files (x86)/Arm GNU Toolchain arm-none-eabi/14.3 rel1/arm-none-eabi/include/c++/14.3.1/bits\stl_iterator.h ****       _GLIBCXX20_CONSTEXPR
1094:C:/Program Files (x86)/Arm GNU Toolchain arm-none-eabi/14.3 rel1/arm-none-eabi/include/c++/14.3.1/bits\stl_iterator.h ****       pointer
1095:C:/Program Files (x86)/Arm GNU Toolchain arm-none-eabi/14.3 rel1/arm-none-eabi/include/c++/14.3.1/bits\stl_iterator.h ****       operator->() const _GLIBCXX_NOEXCEPT
1096:C:/Program Files (x86)/Arm GNU Toolchain arm-none-eabi/14.3 rel1/arm-none-eabi/include/c++/14.3.1/bits\stl_iterator.h ****       { return _M_current; }
1097:C:/Program Files (x86)/Arm GNU Toolchain arm-none-eabi/14.3 rel1/arm-none-eabi/include/c++/14.3.1/bits\stl_iterator.h **** 
1098:C:/Program Files (x86)/Arm GNU Toolchain arm-none-eabi/14.3 rel1/arm-none-eabi/include/c++/14.3.1/bits\stl_iterator.h ****       _GLIBCXX20_CONSTEXPR
1099:C:/Program Files (x86)/Arm GNU Toolchain arm-none-eabi/14.3 rel1/arm-none-eabi/include/c++/14.3.1/bits\stl_iterator.h ****       __normal_iterator&
1100:C:/Program Files (x86)/Arm GNU Toolchain arm-none-eabi/14.3 rel1/arm-none-eabi/include/c++/14.3.1/bits\stl_iterator.h ****       operator++() _GLIBCXX_NOEXCEPT
1101:C:/Program Files (x86)/Arm GNU Toolchain arm-none-eabi/14.3 rel1/arm-none-eabi/include/c++/14.3.1/bits\stl_iterator.h ****       {
1102:C:/Program Files (x86)/Arm GNU Toolchain arm-none-eabi/14.3 rel1/arm-none-eabi/include/c++/14.3.1/bits\stl_iterator.h **** 	++_M_current;
1103:C:/Program Files (x86)/Arm GNU Toolchain arm-none-eabi/14.3 rel1/arm-none-eabi/include/c++/14.3.1/bits\stl_iterator.h **** 	return *this;
1104:C:/Program Files (x86)/Arm GNU Toolchain arm-none-eabi/14.3 rel1/arm-none-eabi/include/c++/14.3.1/bits\stl_iterator.h ****       }
1105:C:/Program Files (x86)/Arm GNU Toolchain arm-none-eabi/14.3 rel1/arm-none-eabi/include/c++/14.3.1/bits\stl_iterator.h **** 
1106:C:/Program Files (x86)/Arm GNU Toolchain arm-none-eabi/14.3 rel1/arm-none-eabi/include/c++/14.3.1/bits\stl_iterator.h ****       _GLIBCXX20_CONSTEXPR
1107:C:/Program Files (x86)/Arm GNU Toolchain arm-none-eabi/14.3 rel1/arm-none-eabi/include/c++/14.3.1/bits\stl_iterator.h ****       __normal_iterator
1108:C:/Program Files (x86)/Arm GNU Toolchain arm-none-eabi/14.3 rel1/arm-none-eabi/include/c++/14.3.1/bits\stl_iterator.h ****       operator++(int) _GLIBCXX_NOEXCEPT
1109:C:/Program Files (x86)/Arm GNU Toolchain arm-none-eabi/14.3 rel1/arm-none-eabi/include/c++/14.3.1/bits\stl_iterator.h ****       { return __normal_iterator(_M_current++); }
1110:C:/Program Files (x86)/Arm GNU Toolchain arm-none-eabi/14.3 rel1/arm-none-eabi/include/c++/14.3.1/bits\stl_iterator.h **** 
1111:C:/Program Files (x86)/Arm GNU Toolchain arm-none-eabi/14.3 rel1/arm-none-eabi/include/c++/14.3.1/bits\stl_iterator.h ****       // Bidirectional iterator requirements
1112:C:/Program Files (x86)/Arm GNU Toolchain arm-none-eabi/14.3 rel1/arm-none-eabi/include/c++/14.3.1/bits\stl_iterator.h ****       _GLIBCXX20_CONSTEXPR
1113:C:/Program Files (x86)/Arm GNU Toolchain arm-none-eabi/14.3 rel1/arm-none-eabi/include/c++/14.3.1/bits\stl_iterator.h ****       __normal_iterator&
1114:C:/Program Files (x86)/Arm GNU Toolchain arm-none-eabi/14.3 rel1/arm-none-eabi/include/c++/14.3.1/bits\stl_iterator.h ****       operator--() _GLIBCXX_NOEXCEPT
1115:C:/Program Files (x86)/Arm GNU Toolchain arm-none-eabi/14.3 rel1/arm-none-eabi/include/c++/14.3.1/bits\stl_iterator.h ****       {
1116:C:/Program Files (x86)/Arm GNU Toolchain arm-none-eabi/14.3 rel1/arm-none-eabi/include/c++/14.3.1/bits\stl_iterator.h **** 	--_M_current;
1117:C:/Program Files (x86)/Arm GNU Toolchain arm-none-eabi/14.3 rel1/arm-none-eabi/include/c++/14.3.1/bits\stl_iterator.h **** 	return *this;
1118:C:/Program Files (x86)/Arm GNU Toolchain arm-none-eabi/14.3 rel1/arm-none-eabi/include/c++/14.3.1/bits\stl_iterator.h ****       }
1119:C:/Program Files (x86)/Arm GNU Toolchain arm-none-eabi/14.3 rel1/arm-none-eabi/include/c++/14.3.1/bits\stl_iterator.h **** 
1120:C:/Program Files (x86)/Arm GNU Toolchain arm-none-eabi/14.3 rel1/arm-none-eabi/include/c++/14.3.1/bits\stl_iterator.h ****       _GLIBCXX20_CONSTEXPR
1121:C:/Program Files (x86)/Arm GNU Toolchain arm-none-eabi/14.3 rel1/arm-none-eabi/include/c++/14.3.1/bits\stl_iterator.h ****       __normal_iterator
1122:C:/Program Files (x86)/Arm GNU Toolchain arm-none-eabi/14.3 rel1/arm-none-eabi/include/c++/14.3.1/bits\stl_iterator.h ****       operator--(int) _GLIBCXX_NOEXCEPT
1123:C:/Program Files (x86)/Arm GNU Toolchain arm-none-eabi/14.3 rel1/arm-none-eabi/include/c++/14.3.1/bits\stl_iterator.h ****       { return __normal_iterator(_M_current--); }
1124:C:/Program Files (x86)/Arm GNU Toolchain arm-none-eabi/14.3 rel1/arm-none-eabi/include/c++/14.3.1/bits\stl_iterator.h **** 
1125:C:/Program Files (x86)/Arm GNU Toolchain arm-none-eabi/14.3 rel1/arm-none-eabi/include/c++/14.3.1/bits\stl_iterator.h ****       // Random access iterator requirements
1126:C:/Program Files (x86)/Arm GNU Toolchain arm-none-eabi/14.3 rel1/arm-none-eabi/include/c++/14.3.1/bits\stl_iterator.h ****       _GLIBCXX20_CONSTEXPR
1127:C:/Program Files (x86)/Arm GNU Toolchain arm-none-eabi/14.3 rel1/arm-none-eabi/include/c++/14.3.1/bits\stl_iterator.h ****       reference
1128:C:/Program Files (x86)/Arm GNU Toolchain arm-none-eabi/14.3 rel1/arm-none-eabi/include/c++/14.3.1/bits\stl_iterator.h ****       operator[](difference_type __n) const _GLIBCXX_NOEXCEPT
1129:C:/Program Files (x86)/Arm GNU Toolchain arm-none-eabi/14.3 rel1/arm-none-eabi/include/c++/14.3.1/bits\stl_iterator.h ****       { return _M_current[__n]; }
1130:C:/Program Files (x86)/Arm GNU Toolchain arm-none-eabi/14.3 rel1/arm-none-eabi/include/c++/14.3.1/bits\stl_iterator.h **** 
1131:C:/Program Files (x86)/Arm GNU Toolchain arm-none-eabi/14.3 rel1/arm-none-eabi/include/c++/14.3.1/bits\stl_iterator.h ****       _GLIBCXX20_CONSTEXPR
1132:C:/Program Files (x86)/Arm GNU Toolchain arm-none-eabi/14.3 rel1/arm-none-eabi/include/c++/14.3.1/bits\stl_iterator.h ****       __normal_iterator&
1133:C:/Program Files (x86)/Arm GNU Toolchain arm-none-eabi/14.3 rel1/arm-none-eabi/include/c++/14.3.1/bits\stl_iterator.h ****       operator+=(difference_type __n) _GLIBCXX_NOEXCEPT
1134:C:/Program Files (x86)/Arm GNU Toolchain arm-none-eabi/14.3 rel1/arm-none-eabi/include/c++/14.3.1/bits\stl_iterator.h ****       { _M_current += __n; return *this; }
1135:C:/Program Files (x86)/Arm GNU Toolchain arm-none-eabi/14.3 rel1/arm-none-eabi/include/c++/14.3.1/bits\stl_iterator.h **** 
1136:C:/Program Files (x86)/Arm GNU Toolchain arm-none-eabi/14.3 rel1/arm-none-eabi/include/c++/14.3.1/bits\stl_iterator.h ****       _GLIBCXX20_CONSTEXPR
1137:C:/Program Files (x86)/Arm GNU Toolchain arm-none-eabi/14.3 rel1/arm-none-eabi/include/c++/14.3.1/bits\stl_iterator.h ****       __normal_iterator
1138:C:/Program Files (x86)/Arm GNU Toolchain arm-none-eabi/14.3 rel1/arm-none-eabi/include/c++/14.3.1/bits\stl_iterator.h ****       operator+(difference_type __n) const _GLIBCXX_NOEXCEPT
1139:C:/Program Files (x86)/Arm GNU Toolchain arm-none-eabi/14.3 rel1/arm-none-eabi/include/c++/14.3.1/bits\stl_iterator.h ****       { return __normal_iterator(_M_current + __n); }
1140:C:/Program Files (x86)/Arm GNU Toolchain arm-none-eabi/14.3 rel1/arm-none-eabi/include/c++/14.3.1/bits\stl_iterator.h **** 
1141:C:/Program Files (x86)/Arm GNU Toolchain arm-none-eabi/14.3 rel1/arm-none-eabi/include/c++/14.3.1/bits\stl_iterator.h ****       _GLIBCXX20_CONSTEXPR
ARM GAS  C:\Users\Oliver\AppData\Local\Temp\ccAPLW26.s 			page 58


1142:C:/Program Files (x86)/Arm GNU Toolchain arm-none-eabi/14.3 rel1/arm-none-eabi/include/c++/14.3.1/bits\stl_iterator.h ****       __normal_iterator&
1143:C:/Program Files (x86)/Arm GNU Toolchain arm-none-eabi/14.3 rel1/arm-none-eabi/include/c++/14.3.1/bits\stl_iterator.h ****       operator-=(difference_type __n) _GLIBCXX_NOEXCEPT
1144:C:/Program Files (x86)/Arm GNU Toolchain arm-none-eabi/14.3 rel1/arm-none-eabi/include/c++/14.3.1/bits\stl_iterator.h ****       { _M_current -= __n; return *this; }
1145:C:/Program Files (x86)/Arm GNU Toolchain arm-none-eabi/14.3 rel1/arm-none-eabi/include/c++/14.3.1/bits\stl_iterator.h **** 
1146:C:/Program Files (x86)/Arm GNU Toolchain arm-none-eabi/14.3 rel1/arm-none-eabi/include/c++/14.3.1/bits\stl_iterator.h ****       _GLIBCXX20_CONSTEXPR
1147:C:/Program Files (x86)/Arm GNU Toolchain arm-none-eabi/14.3 rel1/arm-none-eabi/include/c++/14.3.1/bits\stl_iterator.h ****       __normal_iterator
1148:C:/Program Files (x86)/Arm GNU Toolchain arm-none-eabi/14.3 rel1/arm-none-eabi/include/c++/14.3.1/bits\stl_iterator.h ****       operator-(difference_type __n) const _GLIBCXX_NOEXCEPT
 503              		.loc 3 1148 7 is_stmt 1 view .LVU150
 504              	.LBB303:
 505              	.LBI303:
1067:C:/Program Files (x86)/Arm GNU Toolchain arm-none-eabi/14.3 rel1/arm-none-eabi/include/c++/14.3.1/bits\stl_iterator.h ****       : _M_current(__i) { }
 506              		.loc 3 1067 7 view .LVU151
1067:C:/Program Files (x86)/Arm GNU Toolchain arm-none-eabi/14.3 rel1/arm-none-eabi/include/c++/14.3.1/bits\stl_iterator.h ****       : _M_current(__i) { }
 507              		.loc 3 1067 7 is_stmt 0 view .LVU152
 508              	.LBE303:
 509              	.LBE302:
 510              	.LBE299:
  84:effects/phasereffect.cpp ****     parameters_.back()->SetDiscreteValues(kWaveNames, 4);
 511              		.loc 1 84 39 discriminator 1 view .LVU153
 512 01b2 E368     		ldr	r3, [r4, #12]
 513 01b4 0221     		movs	r1, #2
 514 01b6 53F8040C 		ldr	r0, [r3, #-4]
 515 01ba FFF7FEFF 		bl	_ZN11perspective15EffectParameter14SetDisplayTypeENS_11DisplayTypeE
 516              	.LVL41:
  85:effects/phasereffect.cpp **** 
 517              		.loc 1 85 5 is_stmt 1 view .LVU154
 518              	.LBB304:
 519              	.LBI304:
 520              		.loc 2 1248 7 view .LVU155
 521              	.LBB305:
 522              	.LBI305:
 906:C:/Program Files (x86)/Arm GNU Toolchain arm-none-eabi/14.3 rel1/arm-none-eabi/include/c++/14.3.1/bits\stl_vector.h ****       { return iterator(this->_M_impl._M_finish); }
 523              		.loc 2 906 7 view .LVU156
 524              	.LBB306:
 525              	.LBI306:
1067:C:/Program Files (x86)/Arm GNU Toolchain arm-none-eabi/14.3 rel1/arm-none-eabi/include/c++/14.3.1/bits\stl_iterator.h ****       : _M_current(__i) { }
 526              		.loc 3 1067 7 view .LVU157
1067:C:/Program Files (x86)/Arm GNU Toolchain arm-none-eabi/14.3 rel1/arm-none-eabi/include/c++/14.3.1/bits\stl_iterator.h ****       : _M_current(__i) { }
 527              		.loc 3 1067 7 is_stmt 0 view .LVU158
 528              	.LBE306:
 529              	.LBE305:
 530              	.LBB307:
 531              	.LBI307:
 532              		.loc 3 1148 7 is_stmt 1 view .LVU159
 533              	.LBB308:
 534              	.LBI308:
1067:C:/Program Files (x86)/Arm GNU Toolchain arm-none-eabi/14.3 rel1/arm-none-eabi/include/c++/14.3.1/bits\stl_iterator.h ****       : _M_current(__i) { }
 535              		.loc 3 1067 7 view .LVU160
1067:C:/Program Files (x86)/Arm GNU Toolchain arm-none-eabi/14.3 rel1/arm-none-eabi/include/c++/14.3.1/bits\stl_iterator.h ****       : _M_current(__i) { }
 536              		.loc 3 1067 7 is_stmt 0 view .LVU161
 537              	.LBE308:
 538              	.LBE307:
 539              	.LBE304:
  85:effects/phasereffect.cpp **** 
 540              		.loc 1 85 42 discriminator 1 view .LVU162
 541 01be E368     		ldr	r3, [r4, #12]
 542 01c0 0422     		movs	r2, #4
ARM GAS  C:\Users\Oliver\AppData\Local\Temp\ccAPLW26.s 			page 59


 543 01c2 1A49     		ldr	r1, .L15+64
 544 01c4 53F8040C 		ldr	r0, [r3, #-4]
 545 01c8 FFF7FEFF 		bl	_ZN11perspective15EffectParameter17SetDiscreteValuesEPPKci
 546              	.LVL42:
  87:effects/phasereffect.cpp **** }
 547              		.loc 1 87 5 is_stmt 1 view .LVU163
  87:effects/phasereffect.cpp **** }
 548              		.loc 1 87 11 is_stmt 0 view .LVU164
 549 01cc 2368     		ldr	r3, [r4]
 550 01ce 184A     		ldr	r2, .L15+68
 551 01d0 5B69     		ldr	r3, [r3, #20]
 552 01d2 9342     		cmp	r3, r2
 553 01d4 03D1     		bne	.L14
  88:effects/phasereffect.cpp **** 
 554              		.loc 1 88 1 view .LVU165
 555 01d6 02B0     		add	sp, sp, #8
 556              		.cfi_remember_state
 557              		.cfi_def_cfa_offset 24
 558              		@ sp needed
 559 01d8 BDEC028B 		vldm	sp!, {d8}
 560              		.cfi_restore 80
 561              		.cfi_restore 81
 562              		.cfi_def_cfa_offset 16
 563 01dc 70BD     		pop	{r4, r5, r6, pc}
 564              	.LVL43:
 565              	.L14:
 566              		.cfi_restore_state
  87:effects/phasereffect.cpp **** }
 567              		.loc 1 87 11 view .LVU166
 568 01de 2046     		mov	r0, r4
  88:effects/phasereffect.cpp **** 
 569              		.loc 1 88 1 view .LVU167
 570 01e0 02B0     		add	sp, sp, #8
 571              		.cfi_def_cfa_offset 24
 572              		@ sp needed
 573 01e2 BDEC028B 		vldm	sp!, {d8}
 574              		.cfi_restore 80
 575              		.cfi_restore 81
 576              		.cfi_def_cfa_offset 16
 577 01e6 BDE87040 		pop	{r4, r5, r6, lr}
 578              		.cfi_restore 14
 579              		.cfi_restore 6
 580              		.cfi_restore 5
 581              		.cfi_restore 4
 582              		.cfi_def_cfa_offset 0
 583              	.LVL44:
  87:effects/phasereffect.cpp **** }
 584              		.loc 1 87 11 view .LVU168
 585 01ea 1847     		bx	r3	@ indirect register sibling call
 586              	.LVL45:
 587              	.L16:
  87:effects/phasereffect.cpp **** }
 588              		.loc 1 87 11 view .LVU169
 589              		.align	2
 590              	.L15:
 591 01ec 00000000 		.word	0
 592 01f0 00000000 		.word	.LC0
ARM GAS  C:\Users\Oliver\AppData\Local\Temp\ccAPLW26.s 			page 60


 593 01f4 08000000 		.word	.LC1
 594 01f8 9A99993E 		.word	1050253722
 595 01fc 0AD7A33C 		.word	1017370378
 596 0200 14000000 		.word	.LC2
 597 0204 3333B33E 		.word	1051931443
 598 0208 3333733F 		.word	1064514355
 599 020c 333373BF 		.word	-1082969293
 600 0210 1C000000 		.word	.LC3
 601 0214 0000E143 		.word	1138819072
 602 0218 00009644 		.word	1150681088
 603 021c 00001643 		.word	1125515264
 604 0220 28000000 		.word	.LC4
 605 0224 38000000 		.word	.LC5
 606 0228 44000000 		.word	.LC6
 607 022c 00000000 		.word	_ZZN11perspective12PhaserEffect4InitEfE10kWaveNames
 608 0230 00000000 		.word	_ZN11perspective12PhaserEffect6UpdateEv
 609              		.cfi_endproc
 610              	.LFE5151:
 612              		.section	.text._ZN11perspective12PhaserEffect7ProcessEPfS1_j,"ax",%progbits
 613              		.align	1
 614              		.p2align 2,,3
 615              		.global	_ZN11perspective12PhaserEffect7ProcessEPfS1_j
 616              		.syntax unified
 617              		.thumb
 618              		.thumb_func
 620              	_ZN11perspective12PhaserEffect7ProcessEPfS1_j:
 621              	.LVL46:
 622              	.LFB5152:
  90:effects/phasereffect.cpp ****     if (!enabled_) {
 623              		.loc 1 90 64 is_stmt 1 view -0
 624              		.cfi_startproc
 625              		@ args = 0, pretend = 0, frame = 16
 626              		@ frame_needed = 0, uses_anonymous_args = 0
  91:effects/phasereffect.cpp ****         for (size_t i = 0; i < size; ++i) {
 627              		.loc 1 91 5 view .LVU171
  90:effects/phasereffect.cpp ****     if (!enabled_) {
 628              		.loc 1 90 64 is_stmt 0 view .LVU172
 629 0000 2DE9F047 		push	{r4, r5, r6, r7, r8, r9, r10, lr}
 630              		.cfi_def_cfa_offset 32
 631              		.cfi_offset 4, -32
 632              		.cfi_offset 5, -28
 633              		.cfi_offset 6, -24
 634              		.cfi_offset 7, -20
 635              		.cfi_offset 8, -16
 636              		.cfi_offset 9, -12
 637              		.cfi_offset 10, -8
 638              		.cfi_offset 14, -4
 639 0004 0746     		mov	r7, r0
 640              	.LBB372:
  91:effects/phasereffect.cpp ****         for (size_t i = 0; i < size; ++i) {
 641              		.loc 1 91 5 view .LVU173
 642 0006 007D     		ldrb	r0, [r0, #20]	@ zero_extendqisi2
 643              	.LVL47:
  91:effects/phasereffect.cpp ****         for (size_t i = 0; i < size; ++i) {
 644              		.loc 1 91 5 view .LVU174
 645              	.LBE372:
  90:effects/phasereffect.cpp ****     if (!enabled_) {
ARM GAS  C:\Users\Oliver\AppData\Local\Temp\ccAPLW26.s 			page 61


 646              		.loc 1 90 64 view .LVU175
 647 0008 8846     		mov	r8, r1
 648 000a 1546     		mov	r5, r2
 649 000c 1C46     		mov	r4, r3
 650 000e 2DED108B 		vpush.64	{d8, d9, d10, d11, d12, d13, d14, d15}
 651              		.cfi_def_cfa_offset 96
 652              		.cfi_offset 80, -96
 653              		.cfi_offset 81, -92
 654              		.cfi_offset 82, -88
 655              		.cfi_offset 83, -84
 656              		.cfi_offset 84, -80
 657              		.cfi_offset 85, -76
 658              		.cfi_offset 86, -72
 659              		.cfi_offset 87, -68
 660              		.cfi_offset 88, -64
 661              		.cfi_offset 89, -60
 662              		.cfi_offset 90, -56
 663              		.cfi_offset 91, -52
 664              		.cfi_offset 92, -48
 665              		.cfi_offset 93, -44
 666              		.cfi_offset 94, -40
 667              		.cfi_offset 95, -36
 668 0012 84B0     		sub	sp, sp, #16
 669              		.cfi_def_cfa_offset 112
 670              	.LBB374:
  91:effects/phasereffect.cpp ****         for (size_t i = 0; i < size; ++i) {
 671              		.loc 1 91 5 view .LVU176
 672 0014 68B9     		cbnz	r0, .L18
 673              	.LVL48:
 674              	.LBB373:
  92:effects/phasereffect.cpp ****             out[i] = in[i];
 675              		.loc 1 92 30 is_stmt 1 discriminator 1 view .LVU177
 676 0016 3BB1     		cbz	r3, .L17
 677 0018 01EB8302 		add	r2, r1, r3, lsl #2
 678              	.LVL49:
 679              	.L20:
  93:effects/phasereffect.cpp ****         }
 680              		.loc 1 93 13 view .LVU178
  93:effects/phasereffect.cpp ****         }
 681              		.loc 1 93 26 is_stmt 0 view .LVU179
 682 001c 51F8043B 		ldr	r3, [r1], #4	@ float
  92:effects/phasereffect.cpp ****             out[i] = in[i];
 683              		.loc 1 92 30 discriminator 1 view .LVU180
 684 0020 8A42     		cmp	r2, r1
  93:effects/phasereffect.cpp ****         }
 685              		.loc 1 93 20 view .LVU181
 686 0022 45F8043B 		str	r3, [r5], #4	@ float
  92:effects/phasereffect.cpp ****             out[i] = in[i];
 687              		.loc 1 92 9 is_stmt 1 discriminator 3 view .LVU182
  92:effects/phasereffect.cpp ****             out[i] = in[i];
 688              		.loc 1 92 30 discriminator 1 view .LVU183
 689 0026 F9D1     		bne	.L20
 690              	.LVL50:
 691              	.L17:
  92:effects/phasereffect.cpp ****             out[i] = in[i];
 692              		.loc 1 92 30 is_stmt 0 discriminator 1 view .LVU184
 693              	.LBE373:
ARM GAS  C:\Users\Oliver\AppData\Local\Temp\ccAPLW26.s 			page 62


 694              	.LBE374:
 138:effects/phasereffect.cpp **** 
 695              		.loc 1 138 1 view .LVU185
 696 0028 04B0     		add	sp, sp, #16
 697              		.cfi_remember_state
 698              		.cfi_def_cfa_offset 96
 699              		@ sp needed
 700 002a BDEC108B 		vldm	sp!, {d8-d15}
 701              		.cfi_restore 94
 702              		.cfi_restore 95
 703              		.cfi_restore 92
 704              		.cfi_restore 93
 705              		.cfi_restore 90
 706              		.cfi_restore 91
 707              		.cfi_restore 88
 708              		.cfi_restore 89
 709              		.cfi_restore 86
 710              		.cfi_restore 87
 711              		.cfi_restore 84
 712              		.cfi_restore 85
 713              		.cfi_restore 82
 714              		.cfi_restore 83
 715              		.cfi_restore 80
 716              		.cfi_restore 81
 717              		.cfi_def_cfa_offset 32
 718 002e BDE8F087 		pop	{r4, r5, r6, r7, r8, r9, r10, pc}
 719              	.LVL51:
 720              	.L18:
 721              		.cfi_restore_state
 722              	.LBB375:
 723              	.LBI375:
  90:effects/phasereffect.cpp ****     if (!enabled_) {
 724              		.loc 1 90 6 is_stmt 1 view .LVU186
 725              	.LBB376:
  98:effects/phasereffect.cpp ****     float depth = Clamp(parameters_[1]->GetValue(), 0.0f, 1.0f);
 726              		.loc 1 98 5 view .LVU187
 727              	.LBB377:
 728              	.LBI377:
1141:C:/Program Files (x86)/Arm GNU Toolchain arm-none-eabi/14.3 rel1/arm-none-eabi/include/c++/14.3.1/bits\stl_vector.h ****       {
 729              		.loc 2 1141 7 view .LVU188
1141:C:/Program Files (x86)/Arm GNU Toolchain arm-none-eabi/14.3 rel1/arm-none-eabi/include/c++/14.3.1/bits\stl_vector.h ****       {
 730              		.loc 2 1141 7 is_stmt 0 view .LVU189
 731 0032 F7EE00AA 		vmov.f32	s21, #1.0e+0
 732              	.LBE377:
  98:effects/phasereffect.cpp ****     float depth = Clamp(parameters_[1]->GetValue(), 0.0f, 1.0f);
 733              		.loc 1 98 22 discriminator 1 view .LVU190
 734 0036 BB68     		ldr	r3, [r7, #8]
 735              	.LVL52:
  98:effects/phasereffect.cpp ****     float depth = Clamp(parameters_[1]->GetValue(), 0.0f, 1.0f);
 736              		.loc 1 98 22 discriminator 1 view .LVU191
 737 0038 9FEDE68A 		vldr.32	s16, .L69+44
 103:effects/phasereffect.cpp ****     int waveShape = static_cast<int>(parameters_[6]->GetValue());
 738              		.loc 1 103 80 discriminator 3 view .LVU192
 739 003c B0EE00BA 		vmov.f32	s22, #2.0e+0
  98:effects/phasereffect.cpp ****     float depth = Clamp(parameters_[1]->GetValue(), 0.0f, 1.0f);
 740              		.loc 1 98 22 discriminator 1 view .LVU193
 741 0040 1868     		ldr	r0, [r3]
ARM GAS  C:\Users\Oliver\AppData\Local\Temp\ccAPLW26.s 			page 63


 742 0042 FFF7FEFF 		bl	_ZNK11perspective15EffectParameter8GetValueEv
 743              	.LVL53:
  98:effects/phasereffect.cpp ****     float depth = Clamp(parameters_[1]->GetValue(), 0.0f, 1.0f);
 744              		.loc 1 98 22 discriminator 1 view .LVU194
 745 0046 B4EEEA0A 		vcmpe.f32	s0, s21
  99:effects/phasereffect.cpp ****     float rateHz = parameters_[2]->GetValue();
 746              		.loc 1 99 24 discriminator 1 view .LVU195
 747 004a BB68     		ldr	r3, [r7, #8]
 748              	.LVL54:
  99:effects/phasereffect.cpp ****     float rateHz = parameters_[2]->GetValue();
 749              		.loc 1 99 24 discriminator 1 view .LVU196
 750 004c F1EE10FA 		vmrs	APSR_nzcv, FPSCR
 751 0050 5868     		ldr	r0, [r3, #4]
 752 0052 7AFE809A 		vselgt.f32	s19, s21, s0
 753              	.LVL55:
  99:effects/phasereffect.cpp ****     float rateHz = parameters_[2]->GetValue();
 754              		.loc 1 99 24 discriminator 1 view .LVU197
 755 0056 F4EEC89A 		vcmpe.f32	s19, s16
 756 005a F1EE10FA 		vmrs	APSR_nzcv, FPSCR
 757 005e 79FE889A 		vselgt.f32	s19, s19, s16
 758              	.LVL56:
  99:effects/phasereffect.cpp ****     float rateHz = parameters_[2]->GetValue();
 759              		.loc 1 99 5 is_stmt 1 view .LVU198
 760              	.LBB378:
 761              	.LBI378:
1141:C:/Program Files (x86)/Arm GNU Toolchain arm-none-eabi/14.3 rel1/arm-none-eabi/include/c++/14.3.1/bits\stl_vector.h ****       {
 762              		.loc 2 1141 7 view .LVU199
1141:C:/Program Files (x86)/Arm GNU Toolchain arm-none-eabi/14.3 rel1/arm-none-eabi/include/c++/14.3.1/bits\stl_vector.h ****       {
 763              		.loc 2 1141 7 is_stmt 0 view .LVU200
 764              	.LBE378:
  99:effects/phasereffect.cpp ****     float rateHz = parameters_[2]->GetValue();
 765              		.loc 1 99 24 discriminator 1 view .LVU201
 766 0062 FFF7FEFF 		bl	_ZNK11perspective15EffectParameter8GetValueEv
 767              	.LVL57:
 768 0066 B4EEEA0A 		vcmpe.f32	s0, s21
 100:effects/phasereffect.cpp ****     float feedback = parameters_[3]->GetValue();
 769              		.loc 1 100 44 discriminator 1 view .LVU202
 770 006a BB68     		ldr	r3, [r7, #8]
 771              	.LVL58:
 100:effects/phasereffect.cpp ****     float feedback = parameters_[3]->GetValue();
 772              		.loc 1 100 44 discriminator 1 view .LVU203
 773 006c 9868     		ldr	r0, [r3, #8]
 774 006e F1EE10FA 		vmrs	APSR_nzcv, FPSCR
 775 0072 7AFE807A 		vselgt.f32	s15, s21, s0
 776              	.LVL59:
 100:effects/phasereffect.cpp ****     float feedback = parameters_[3]->GetValue();
 777              		.loc 1 100 44 discriminator 1 view .LVU204
 778 0076 F4EEC87A 		vcmpe.f32	s15, s16
 779 007a F1EE10FA 		vmrs	APSR_nzcv, FPSCR
 780 007e 37FE888A 		vselgt.f32	s16, s15, s16
 781              	.LVL60:
 100:effects/phasereffect.cpp ****     float feedback = parameters_[3]->GetValue();
 782              		.loc 1 100 5 is_stmt 1 view .LVU205
 783              	.LBB379:
 784              	.LBI379:
1141:C:/Program Files (x86)/Arm GNU Toolchain arm-none-eabi/14.3 rel1/arm-none-eabi/include/c++/14.3.1/bits\stl_vector.h ****       {
 785              		.loc 2 1141 7 view .LVU206
ARM GAS  C:\Users\Oliver\AppData\Local\Temp\ccAPLW26.s 			page 64


1141:C:/Program Files (x86)/Arm GNU Toolchain arm-none-eabi/14.3 rel1/arm-none-eabi/include/c++/14.3.1/bits\stl_vector.h ****       {
 786              		.loc 2 1141 7 is_stmt 0 view .LVU207
 787              	.LBE379:
 100:effects/phasereffect.cpp ****     float feedback = parameters_[3]->GetValue();
 788              		.loc 1 100 44 discriminator 1 view .LVU208
 789 0082 FFF7FEFF 		bl	_ZNK11perspective15EffectParameter8GetValueEv
 790              	.LVL61:
 101:effects/phasereffect.cpp ****     float centerHz = parameters_[4]->GetValue();
 791              		.loc 1 101 46 discriminator 1 view .LVU209
 792 0086 BB68     		ldr	r3, [r7, #8]
 100:effects/phasereffect.cpp ****     float feedback = parameters_[3]->GetValue();
 793              		.loc 1 100 44 discriminator 1 view .LVU210
 794 0088 B0EE409A 		vmov.f32	s18, s0
 795              	.LVL62:
 101:effects/phasereffect.cpp ****     float centerHz = parameters_[4]->GetValue();
 796              		.loc 1 101 5 is_stmt 1 view .LVU211
 797              	.LBB380:
 798              	.LBI380:
1141:C:/Program Files (x86)/Arm GNU Toolchain arm-none-eabi/14.3 rel1/arm-none-eabi/include/c++/14.3.1/bits\stl_vector.h ****       {
 799              		.loc 2 1141 7 view .LVU212
1141:C:/Program Files (x86)/Arm GNU Toolchain arm-none-eabi/14.3 rel1/arm-none-eabi/include/c++/14.3.1/bits\stl_vector.h ****       {
 800              		.loc 2 1141 7 is_stmt 0 view .LVU213
 801              	.LBE380:
 101:effects/phasereffect.cpp ****     float centerHz = parameters_[4]->GetValue();
 802              		.loc 1 101 46 discriminator 1 view .LVU214
 803 008c D868     		ldr	r0, [r3, #12]
 804 008e FFF7FEFF 		bl	_ZNK11perspective15EffectParameter8GetValueEv
 805              	.LVL63:
 102:effects/phasereffect.cpp ****     int stages = static_cast<int>(Clamp(parameters_[5]->GetValue(), 2.0f, 8.0f));
 806              		.loc 1 102 46 discriminator 1 view .LVU215
 807 0092 BB68     		ldr	r3, [r7, #8]
 101:effects/phasereffect.cpp ****     float centerHz = parameters_[4]->GetValue();
 808              		.loc 1 101 46 discriminator 1 view .LVU216
 809 0094 8DED010A 		vstr.32	s0, [sp, #4]
 810              	.LVL64:
 102:effects/phasereffect.cpp ****     int stages = static_cast<int>(Clamp(parameters_[5]->GetValue(), 2.0f, 8.0f));
 811              		.loc 1 102 5 is_stmt 1 view .LVU217
 812              	.LBB381:
 813              	.LBI381:
1141:C:/Program Files (x86)/Arm GNU Toolchain arm-none-eabi/14.3 rel1/arm-none-eabi/include/c++/14.3.1/bits\stl_vector.h ****       {
 814              		.loc 2 1141 7 view .LVU218
1141:C:/Program Files (x86)/Arm GNU Toolchain arm-none-eabi/14.3 rel1/arm-none-eabi/include/c++/14.3.1/bits\stl_vector.h ****       {
 815              		.loc 2 1141 7 is_stmt 0 view .LVU219
 816              	.LBE381:
 102:effects/phasereffect.cpp ****     int stages = static_cast<int>(Clamp(parameters_[5]->GetValue(), 2.0f, 8.0f));
 817              		.loc 1 102 46 discriminator 1 view .LVU220
 818 0098 1869     		ldr	r0, [r3, #16]
 819 009a FFF7FEFF 		bl	_ZNK11perspective15EffectParameter8GetValueEv
 820              	.LVL65:
 103:effects/phasereffect.cpp ****     int waveShape = static_cast<int>(parameters_[6]->GetValue());
 821              		.loc 1 103 40 discriminator 1 view .LVU221
 822 009e BB68     		ldr	r3, [r7, #8]
 102:effects/phasereffect.cpp ****     int stages = static_cast<int>(Clamp(parameters_[5]->GetValue(), 2.0f, 8.0f));
 823              		.loc 1 102 46 discriminator 1 view .LVU222
 824 00a0 F0EE408A 		vmov.f32	s17, s0
 825              	.LVL66:
 103:effects/phasereffect.cpp ****     int waveShape = static_cast<int>(parameters_[6]->GetValue());
ARM GAS  C:\Users\Oliver\AppData\Local\Temp\ccAPLW26.s 			page 65


 826              		.loc 1 103 5 is_stmt 1 view .LVU223
 827              	.LBB382:
 828              	.LBI382:
1141:C:/Program Files (x86)/Arm GNU Toolchain arm-none-eabi/14.3 rel1/arm-none-eabi/include/c++/14.3.1/bits\stl_vector.h ****       {
 829              		.loc 2 1141 7 view .LVU224
1141:C:/Program Files (x86)/Arm GNU Toolchain arm-none-eabi/14.3 rel1/arm-none-eabi/include/c++/14.3.1/bits\stl_vector.h ****       {
 830              		.loc 2 1141 7 is_stmt 0 view .LVU225
 831              	.LBE382:
 103:effects/phasereffect.cpp ****     int waveShape = static_cast<int>(parameters_[6]->GetValue());
 832              		.loc 1 103 40 discriminator 1 view .LVU226
 833 00a4 5869     		ldr	r0, [r3, #20]
 834 00a6 FFF7FEFF 		bl	_ZNK11perspective15EffectParameter8GetValueEv
 835              	.LVL67:
 103:effects/phasereffect.cpp ****     int waveShape = static_cast<int>(parameters_[6]->GetValue());
 836              		.loc 1 103 40 discriminator 1 view .LVU227
 837 00aa F2EE007A 		vmov.f32	s15, #8.0e+0
 104:effects/phasereffect.cpp **** 
 838              		.loc 1 104 62 discriminator 1 view .LVU228
 839 00ae BB68     		ldr	r3, [r7, #8]
 840 00b0 B4EEE70A 		vcmpe.f32	s0, s15
 841 00b4 9869     		ldr	r0, [r3, #24]
 842 00b6 F1EE10FA 		vmrs	APSR_nzcv, FPSCR
 843 00ba 77FE807A 		vselgt.f32	s15, s15, s0
 844              	.LVL68:
 103:effects/phasereffect.cpp ****     int waveShape = static_cast<int>(parameters_[6]->GetValue());
 845              		.loc 1 103 80 discriminator 3 view .LVU229
 846 00be F4EECB7A 		vcmpe.f32	s15, s22
 847 00c2 F1EE10FA 		vmrs	APSR_nzcv, FPSCR
 848 00c6 77FE8B7A 		vselgt.f32	s15, s15, s22
 849 00ca FDEEE77A 		vcvt.s32.f32	s15, s15
 850 00ce 17EE909A 		vmov	r9, s15	@ int
 851              	.LVL69:
 104:effects/phasereffect.cpp **** 
 852              		.loc 1 104 5 is_stmt 1 view .LVU230
 853              	.LBB383:
 854              	.LBI383:
1141:C:/Program Files (x86)/Arm GNU Toolchain arm-none-eabi/14.3 rel1/arm-none-eabi/include/c++/14.3.1/bits\stl_vector.h ****       {
 855              		.loc 2 1141 7 view .LVU231
1141:C:/Program Files (x86)/Arm GNU Toolchain arm-none-eabi/14.3 rel1/arm-none-eabi/include/c++/14.3.1/bits\stl_vector.h ****       {
 856              		.loc 2 1141 7 is_stmt 0 view .LVU232
 857              	.LBE383:
 104:effects/phasereffect.cpp **** 
 858              		.loc 1 104 62 discriminator 1 view .LVU233
 859 00d2 FFF7FEFF 		bl	_ZNK11perspective15EffectParameter8GetValueEv
 860              	.LVL70:
 104:effects/phasereffect.cpp **** 
 861              		.loc 1 104 64 discriminator 2 view .LVU234
 862 00d6 FDEEC07A 		vcvt.s32.f32	s15, s0
 110:effects/phasereffect.cpp **** 
 863              		.loc 1 110 11 view .LVU235
 864 00da 97ED06DA 		vldr.32	s26, [r7, #24]
 106:effects/phasereffect.cpp ****         stages = 2;
 865              		.loc 1 106 5 view .LVU236
 866 00de 4B46     		mov	r3, r9
 110:effects/phasereffect.cpp **** 
 867              		.loc 1 110 11 view .LVU237
 868 00e0 89EE0DCA 		vdiv.f32	s24, s18, s26
ARM GAS  C:\Users\Oliver\AppData\Local\Temp\ccAPLW26.s 			page 66


 106:effects/phasereffect.cpp ****         stages = 2;
 869              		.loc 1 106 5 view .LVU238
 870 00e4 022B     		cmp	r3, #2
 104:effects/phasereffect.cpp **** 
 871              		.loc 1 104 64 discriminator 2 view .LVU239
 872 00e6 17EE90AA 		vmov	r10, s15	@ int
 873              	.LVL71:
 106:effects/phasereffect.cpp ****         stages = 2;
 874              		.loc 1 106 5 is_stmt 1 view .LVU240
 875 00ea B8BF     		it	lt
 876 00ec 0223     		movlt	r3, #2
 877              	.LVL72:
 110:effects/phasereffect.cpp **** 
 878              		.loc 1 110 5 view .LVU241
 112:effects/phasereffect.cpp ****         float lfo = LfoValue(lfoPhaseL_, waveShape);
 879              		.loc 1 112 5 view .LVU242
 880              	.LBB384:
 112:effects/phasereffect.cpp ****         float lfo = LfoValue(lfoPhaseL_, waveShape);
 881              		.loc 1 112 26 discriminator 1 view .LVU243
 882 00ee 002C     		cmp	r4, #0
 883 00f0 9AD0     		beq	.L17
 884              	.LBB385:
 116:effects/phasereffect.cpp ****         float maxHz = centerHz * (1.0f + 2.5f * depth);
 885              		.loc 1 116 40 is_stmt 0 view .LVU244
 886 00f2 9FEDAD7A 		vldr.32	s14, .L69
 887              	.LBB386:
 888              	.LBB387:
 127:effects/phasereffect.cpp ****             float stageHz = sweepHz * (0.65f + spread * 0.9f);
 889              		.loc 1 127 56 view .LVU245
 890 00f6 06EE903A 		vmov	s13, r3	@ int
 891              	.LBE387:
 892              	.LBE386:
 116:effects/phasereffect.cpp ****         float maxHz = centerHz * (1.0f + 2.5f * depth);
 893              		.loc 1 116 40 view .LVU246
 894 00fa B0EE6A6A 		vmov.f32	s12, s21
 895 00fe 9FEDABAA 		vldr.32	s20, .L69+4
 117:effects/phasereffect.cpp ****         minHz = Clamp(minHz, 40.0f, 6000.0f);
 896              		.loc 1 117 40 view .LVU247
 897 0102 F0EE047A 		vmov.f32	s15, #2.5e+0
 898              	.LBB515:
 899              	.LBB490:
 128:effects/phasereffect.cpp ****             stagesL_[s].a = ComputeAllpassCoeff(stageHz, sampleRate_);
 900              		.loc 1 128 46 view .LVU248
 901 0106 DFEDAA5A 		vldr.32	s11, .L69+8
 902              	.LBE490:
 903              	.LBE515:
 117:effects/phasereffect.cpp ****         minHz = Clamp(minHz, 40.0f, 6000.0f);
 904              		.loc 1 117 40 view .LVU249
 905 010a B0EE6A4A 		vmov.f32	s8, s21
 906 010e 08EB8404 		add	r4, r8, r4, lsl #2
 907              	.LVL73:
 116:effects/phasereffect.cpp ****         float maxHz = centerHz * (1.0f + 2.5f * depth);
 908              		.loc 1 116 40 view .LVU250
 909 0112 A8EE476A 		vfms.f32	s12, s16, s14
 910 0116 9FEDA77A 		vldr.32	s14, .L69+12
 911              	.LBB516:
 912              	.LBB491:
ARM GAS  C:\Users\Oliver\AppData\Local\Temp\ccAPLW26.s 			page 67


 127:effects/phasereffect.cpp ****             float stageHz = sweepHz * (0.65f + spread * 0.9f);
 913              		.loc 1 127 56 view .LVU251
 914 011a B8EEE69A 		vcvt.f32.s32	s18, s13
 915              	.LVL74:
 127:effects/phasereffect.cpp ****             float stageHz = sweepHz * (0.65f + spread * 0.9f);
 916              		.loc 1 127 56 view .LVU252
 917 011e DFEDA66A 		vldr.32	s13, .L69+16
 918              	.LBE491:
 919              	.LBE516:
 117:effects/phasereffect.cpp ****         minHz = Clamp(minHz, 40.0f, 6000.0f);
 920              		.loc 1 117 40 view .LVU253
 921 0122 A8EE274A 		vfma.f32	s8, s16, s15
 113:effects/phasereffect.cpp ****         float mod = 0.5f * (lfo + 1.0f);
 922              		.loc 1 113 29 view .LVU254
 923 0126 D7ED2C7A 		vldr.32	s15, [r7, #176]
 924              	.LBB517:
 925              	.LBB492:
 127:effects/phasereffect.cpp ****             float stageHz = sweepHz * (0.65f + spread * 0.9f);
 926              		.loc 1 127 19 view .LVU255
 927 012a 8BEE095A 		vdiv.f32	s10, s22, s18
 128:effects/phasereffect.cpp ****             stagesL_[s].a = ComputeAllpassCoeff(stageHz, sampleRate_);
 928              		.loc 1 128 46 view .LVU256
 929 012e 9FEDA3BA 		vldr.32	s22, .L69+20
 930              	.LBE492:
 931              	.LBE517:
 116:effects/phasereffect.cpp ****         float maxHz = centerHz * (1.0f + 2.5f * depth);
 932              		.loc 1 116 15 view .LVU257
 933 0132 28EE866A 		vmul.f32	s12, s17, s12
 934              	.LBB518:
 935              	.LBB493:
 127:effects/phasereffect.cpp ****             float stageHz = sweepHz * (0.65f + spread * 0.9f);
 936              		.loc 1 127 19 view .LVU258
 937 0136 CAEE894A 		vdiv.f32	s9, s21, s18
 938 013a B4EECA6A 		vcmpe.f32	s12, s20
 939              	.LBE493:
 940              	.LBE518:
 117:effects/phasereffect.cpp ****         minHz = Clamp(minHz, 40.0f, 6000.0f);
 941              		.loc 1 117 15 view .LVU259
 942 013e 68EE848A 		vmul.f32	s17, s17, s8
 943              	.LVL75:
 117:effects/phasereffect.cpp ****         minHz = Clamp(minHz, 40.0f, 6000.0f);
 944              		.loc 1 117 15 view .LVU260
 945 0142 F1EE10FA 		vmrs	APSR_nzcv, FPSCR
 946 0146 3AFE06AA 		vselgt.f32	s20, s20, s12
 947 014a B4EEC7AA 		vcmpe.f32	s20, s14
 948              	.LBB519:
 949              	.LBB494:
 128:effects/phasereffect.cpp ****             stagesL_[s].a = ComputeAllpassCoeff(stageHz, sampleRate_);
 950              		.loc 1 128 46 view .LVU261
 951 014e B0EE4B6A 		vmov.f32	s12, s22
 952 0152 A5EE25BA 		vfma.f32	s22, s10, s11
 953 0156 F1EE10FA 		vmrs	APSR_nzcv, FPSCR
 954 015a F4EEE68A 		vcmpe.f32	s17, s13
 955 015e A4EEA56A 		vfma.f32	s12, s9, s11
 956 0162 3AFE07AA 		vselgt.f32	s20, s20, s14
 957              	.LBE494:
 958              	.LBE519:
ARM GAS  C:\Users\Oliver\AppData\Local\Temp\ccAPLW26.s 			page 68


 119:effects/phasereffect.cpp **** 
 959              		.loc 1 119 22 view .LVU262
 960 0166 3AEE2A7A 		vadd.f32	s14, s20, s21
 961 016a F1EE10FA 		vmrs	APSR_nzcv, FPSCR
 962 016e 76FEA86A 		vselgt.f32	s13, s13, s17
 121:effects/phasereffect.cpp **** 
 963              		.loc 1 121 40 view .LVU263
 964 0172 B4EEE67A 		vcmpe.f32	s14, s13
 965              	.LBB520:
 966              	.LBB495:
 128:effects/phasereffect.cpp ****             stagesL_[s].a = ComputeAllpassCoeff(stageHz, sampleRate_);
 967              		.loc 1 128 46 view .LVU264
 968 0176 8DED026A 		vstr.32	s12, [sp, #8]
 969              	.LBE495:
 970              	.LBE520:
 121:effects/phasereffect.cpp **** 
 971              		.loc 1 121 40 view .LVU265
 972 017a F1EE10FA 		vmrs	APSR_nzcv, FPSCR
 973 017e 58BF     		it	pl
 974 0180 F0EE476A 		vmovpl.f32	s13, s14
 975 0184 36EECA7A 		vsub.f32	s14, s13, s20
 976 0188 8DED037A 		vstr.32	s14, [sp, #12]
 977              	.LVL76:
 978              	.L42:
 113:effects/phasereffect.cpp ****         float mod = 0.5f * (lfo + 1.0f);
 979              		.loc 1 113 9 is_stmt 1 view .LVU266
 980              	.LBB521:
 981              	.LBI521:
  28:effects/phasereffect.cpp ****     phase = WrapPhase(phase);
 982              		.loc 1 28 21 view .LVU267
  29:effects/phasereffect.cpp ****     switch (shape) {
 983              		.loc 1 29 5 view .LVU268
 984              	.LBB522:
 985              	.LBI522:
  18:effects/phasereffect.cpp ****     while (phase >= 1.0f) {
 986              		.loc 1 18 21 view .LVU269
 987              	.LBB523:
  19:effects/phasereffect.cpp ****         phase -= 1.0f;
 988              		.loc 1 19 5 view .LVU270
  19:effects/phasereffect.cpp ****         phase -= 1.0f;
 989              		.loc 1 19 18 view .LVU271
 990 018c B7EE007A 		vmov.f32	s14, #1.0e+0
 991 0190 F4EEC77A 		vcmpe.f32	s15, s14
 992 0194 F1EE10FA 		vmrs	APSR_nzcv, FPSCR
 993 0198 11DB     		blt	.L65
 994              	.LVL77:
 995              	.L24:
  20:effects/phasereffect.cpp ****     }
 996              		.loc 1 20 9 view .LVU272
  20:effects/phasereffect.cpp ****     }
 997              		.loc 1 20 15 is_stmt 0 view .LVU273
 998 019a B7EE007A 		vmov.f32	s14, #1.0e+0
 999 019e 77EEC77A 		vsub.f32	s15, s15, s14
 1000              	.LVL78:
  19:effects/phasereffect.cpp ****         phase -= 1.0f;
 1001              		.loc 1 19 18 is_stmt 1 view .LVU274
 1002 01a2 F4EEC77A 		vcmpe.f32	s15, s14
ARM GAS  C:\Users\Oliver\AppData\Local\Temp\ccAPLW26.s 			page 69


 1003 01a6 F1EE10FA 		vmrs	APSR_nzcv, FPSCR
 1004 01aa F6DA     		bge	.L24
  22:effects/phasereffect.cpp ****         phase += 1.0f;
 1005              		.loc 1 22 18 view .LVU275
 1006 01ac F5EEC07A 		vcmpe.f32	s15, #0
 1007 01b0 F1EE10FA 		vmrs	APSR_nzcv, FPSCR
 1008 01b4 08D5     		bpl	.L41
 1009              	.L27:
  23:effects/phasereffect.cpp ****     }
 1010              		.loc 1 23 9 view .LVU276
  23:effects/phasereffect.cpp ****     }
 1011              		.loc 1 23 15 is_stmt 0 view .LVU277
 1012 01b6 B7EE007A 		vmov.f32	s14, #1.0e+0
 1013 01ba 77EE877A 		vadd.f32	s15, s15, s14
 1014              	.LVL79:
 1015              	.L65:
  22:effects/phasereffect.cpp ****         phase += 1.0f;
 1016              		.loc 1 22 18 is_stmt 1 view .LVU278
 1017 01be F5EEC07A 		vcmpe.f32	s15, #0
 1018 01c2 F1EE10FA 		vmrs	APSR_nzcv, FPSCR
 1019 01c6 F6D4     		bmi	.L27
 1020              	.L41:
 1021              	.LVL80:
  25:effects/phasereffect.cpp **** }
 1022              		.loc 1 25 5 view .LVU279
  25:effects/phasereffect.cpp **** }
 1023              		.loc 1 25 5 is_stmt 0 view .LVU280
 1024              	.LBE523:
 1025              	.LBE522:
  30:effects/phasereffect.cpp ****         case 1: {
 1026              		.loc 1 30 5 is_stmt 1 view .LVU281
 1027              	.LBB525:
 1028 01c8 BAF1020F 		cmp	r10, #2
 1029 01cc 00F06682 		beq	.L28
 1030              	.L68:
  30:effects/phasereffect.cpp ****         case 1: {
 1031              		.loc 1 30 5 is_stmt 0 view .LVU282
 1032 01d0 BAF1030F 		cmp	r10, #3
 1033 01d4 00F08882 		beq	.L29
 1034 01d8 BAF1010F 		cmp	r10, #1
 1035 01dc 40F07182 		bne	.L30
 1036              	.LBB526:
  31:effects/phasereffect.cpp ****             float t = phase * 2.0f;
 1037              		.loc 1 31 9 is_stmt 1 view .LVU283
  31:effects/phasereffect.cpp ****             float t = phase * 2.0f;
 1038              		.loc 1 31 17 view .LVU284
 1039              	.LBB527:
  32:effects/phasereffect.cpp ****             return (t < 1.0f) ? (-1.0f + 2.0f * t) : (3.0f - 2.0f * t);
 1040              		.loc 1 32 13 view .LVU285
  32:effects/phasereffect.cpp ****             return (t < 1.0f) ? (-1.0f + 2.0f * t) : (3.0f - 2.0f * t);
 1041              		.loc 1 32 19 is_stmt 0 view .LVU286
 1042 01e0 77EEA77A 		vadd.f32	s15, s15, s15
 1043              	.LVL81:
  33:effects/phasereffect.cpp ****         }
 1044              		.loc 1 33 13 is_stmt 1 view .LVU287
  33:effects/phasereffect.cpp ****         }
 1045              		.loc 1 33 31 is_stmt 0 view .LVU288
ARM GAS  C:\Users\Oliver\AppData\Local\Temp\ccAPLW26.s 			page 70


 1046 01e4 F7EE006A 		vmov.f32	s13, #1.0e+0
  33:effects/phasereffect.cpp ****         }
 1047              		.loc 1 33 47 discriminator 1 view .LVU289
 1048 01e8 37EEA77A 		vadd.f32	s14, s15, s15
  33:effects/phasereffect.cpp ****         }
 1049              		.loc 1 33 31 view .LVU290
 1050 01ec F4EEE67A 		vcmpe.f32	s15, s13
 1051 01f0 F1EE10FA 		vmrs	APSR_nzcv, FPSCR
 1052 01f4 00F1A282 		bmi	.L67
  33:effects/phasereffect.cpp ****         }
 1053              		.loc 1 33 31 discriminator 2 view .LVU291
 1054 01f8 B0EE08EA 		vmov.f32	s28, #3.0e+0
 1055              	.LBE527:
 1056              	.LBE526:
 1057              	.LBE525:
 1058              	.LBE521:
 114:effects/phasereffect.cpp **** 
 1059              		.loc 1 114 15 view .LVU292
 1060 01fc F6EE007A 		vmov.f32	s15, #5.0e-1
 1061              	.LVL82:
 1062              	.LBB549:
 1063              	.LBB539:
 1064              	.LBB531:
 1065              	.LBB528:
  33:effects/phasereffect.cpp ****         }
 1066              		.loc 1 33 31 discriminator 2 view .LVU293
 1067 0200 3EEE47EA 		vsub.f32	s28, s28, s14
 1068              	.LBE528:
 1069              	.LBE531:
 1070              	.LBE539:
 1071              	.LBE549:
 114:effects/phasereffect.cpp **** 
 1072              		.loc 1 114 33 view .LVU294
 1073 0204 3EEE26EA 		vadd.f32	s28, s28, s13
 114:effects/phasereffect.cpp **** 
 1074              		.loc 1 114 15 view .LVU295
 1075 0208 2EEE27EA 		vmul.f32	s28, s28, s15
 121:effects/phasereffect.cpp **** 
 1076              		.loc 1 121 49 view .LVU296
 1077 020c DDED037A 		vldr.32	s15, [sp, #12]
 1078 0210 2EEE27EA 		vmul.f32	s28, s28, s15
 1079              	.LVL83:
 1080              	.L33:
 114:effects/phasereffect.cpp **** 
 1081              		.loc 1 114 9 is_stmt 1 view .LVU297
 116:effects/phasereffect.cpp ****         float maxHz = centerHz * (1.0f + 2.5f * depth);
 1082              		.loc 1 116 9 view .LVU298
 117:effects/phasereffect.cpp ****         minHz = Clamp(minHz, 40.0f, 6000.0f);
 1083              		.loc 1 117 9 view .LVU299
 118:effects/phasereffect.cpp ****         maxHz = Clamp(maxHz, minHz + 1.0f, 8000.0f);
 1084              		.loc 1 118 9 view .LVU300
 119:effects/phasereffect.cpp **** 
 1085              		.loc 1 119 9 view .LVU301
 121:effects/phasereffect.cpp **** 
 1086              		.loc 1 121 9 view .LVU302
 121:effects/phasereffect.cpp **** 
 1087              		.loc 1 121 15 is_stmt 0 view .LVU303
ARM GAS  C:\Users\Oliver\AppData\Local\Temp\ccAPLW26.s 			page 71


 1088 0214 3AEE0EEA 		vadd.f32	s28, s20, s28
 1089              	.LVL84:
 123:effects/phasereffect.cpp ****         float y = x;
 1090              		.loc 1 123 9 is_stmt 1 view .LVU304
 1091              	.LBB550:
 1092              	.LBB496:
 128:effects/phasereffect.cpp ****             stagesL_[s].a = ComputeAllpassCoeff(stageHz, sampleRate_);
 1093              		.loc 1 128 19 is_stmt 0 view .LVU305
 1094 0218 9DED027A 		vldr.32	s14, [sp, #8]
 1095              	.LBB388:
 1096              	.LBB389:
  46:effects/phasereffect.cpp ****     float g = std::tanf(kPi * clampedFreq / sampleRate);
 1097              		.loc 1 46 30 view .LVU306
 1098 021c DFED688A 		vldr.32	s17, .L69+24
  47:effects/phasereffect.cpp ****     float a = (1.0f - g) / (1.0f + g);
 1099              		.loc 1 47 29 view .LVU307
 1100 0220 F3EE04BA 		vmov.f32	s23, #2.0e+1
 1101              	.LBE389:
 1102              	.LBE388:
 1103              	.LBE496:
 1104              	.LBE550:
 123:effects/phasereffect.cpp ****         float y = x;
 1105              		.loc 1 123 15 view .LVU308
 1106 0224 98ED006A 		vldr.32	s12, [r8]
 1107              	.LBB551:
 1108              	.LBB497:
 1109              	.LBB412:
 1110              	.LBB390:
  48:effects/phasereffect.cpp ****     return Clamp(a, -0.98f, 0.98f);
 1111              		.loc 1 48 21 view .LVU309
 1112 0228 F7EE00CA 		vmov.f32	s25, #1.0e+0
  46:effects/phasereffect.cpp ****     float g = std::tanf(kPi * clampedFreq / sampleRate);
 1113              		.loc 1 46 30 view .LVU310
 1114 022c 6DEE288A 		vmul.f32	s17, s26, s17
 1115              	.LBE390:
 1116              	.LBE412:
 1117              	.LBE497:
 1118              	.LBE551:
 123:effects/phasereffect.cpp ****         float y = x;
 1119              		.loc 1 123 15 view .LVU311
 1120 0230 D7ED2E7A 		vldr.32	s15, [r7, #184]
 1121              	.LBB552:
 1122              	.LBB498:
 128:effects/phasereffect.cpp ****             stagesL_[s].a = ComputeAllpassCoeff(stageHz, sampleRate_);
 1123              		.loc 1 128 19 view .LVU312
 1124 0234 2EEE070A 		vmul.f32	s0, s28, s14
 1125              	.LBE498:
 1126              	.LBE552:
 123:effects/phasereffect.cpp ****         float y = x;
 1127              		.loc 1 123 15 view .LVU313
 1128 0238 9DED017A 		vldr.32	s14, [sp, #4]
 1129              	.LBB553:
 1130              	.LBB499:
 1131              	.LBB413:
 1132              	.LBB391:
  47:effects/phasereffect.cpp ****     float a = (1.0f - g) / (1.0f + g);
 1133              		.loc 1 47 29 view .LVU314
ARM GAS  C:\Users\Oliver\AppData\Local\Temp\ccAPLW26.s 			page 72


 1134 023c DFED61EA 		vldr.32	s29, .L69+28
 1135 0240 4646     		mov	r6, r8
 1136              	.LBE391:
 1137              	.LBE413:
 1138              	.LBE499:
 1139              	.LBE553:
 123:effects/phasereffect.cpp ****         float y = x;
 1140              		.loc 1 123 15 view .LVU315
 1141 0242 A7EE276A 		vfma.f32	s12, s14, s15
 1142 0246 DFED60DA 		vldr.32	s27, .L69+32
 1143 024a F4EEC08A 		vcmpe.f32	s17, s0
 1144 024e DFED5FAA 		vldr.32	s21, .L69+36
 1145 0252 F1EE10FA 		vmrs	APSR_nzcv, FPSCR
 1146 0256 B0EE468A 		vmov.f32	s16, s12
 1147              	.LVL85:
 124:effects/phasereffect.cpp **** 
 1148              		.loc 1 124 9 is_stmt 1 view .LVU316
 126:effects/phasereffect.cpp ****             float spread = static_cast<float>(s + 1) / static_cast<float>(stages);
 1149              		.loc 1 126 9 view .LVU317
 1150              	.LBB554:
 126:effects/phasereffect.cpp ****             float spread = static_cast<float>(s + 1) / static_cast<float>(stages);
 1151              		.loc 1 126 27 discriminator 1 view .LVU318
 1152              	.LBB500:
 127:effects/phasereffect.cpp ****             float stageHz = sweepHz * (0.65f + spread * 0.9f);
 1153              		.loc 1 127 13 view .LVU319
 128:effects/phasereffect.cpp ****             stagesL_[s].a = ComputeAllpassCoeff(stageHz, sampleRate_);
 1154              		.loc 1 128 13 view .LVU320
 129:effects/phasereffect.cpp ****             y = stagesL_[s].Process(y);
 1155              		.loc 1 129 13 view .LVU321
 1156              	.LBB414:
 1157              	.LBI388:
  45:effects/phasereffect.cpp ****     float clampedFreq = Clamp(freqHz, 20.0f, 0.45f * sampleRate);
 1158              		.loc 1 45 21 view .LVU322
 1159              	.LBB392:
  46:effects/phasereffect.cpp ****     float g = std::tanf(kPi * clampedFreq / sampleRate);
 1160              		.loc 1 46 5 view .LVU323
  46:effects/phasereffect.cpp ****     float g = std::tanf(kPi * clampedFreq / sampleRate);
 1161              		.loc 1 46 5 is_stmt 0 view .LVU324
 1162 025a 48BF     		it	mi
 1163 025c B0EE680A 		vmovmi.f32	s0, s17
 1164              	.LVL86:
  47:effects/phasereffect.cpp ****     float a = (1.0f - g) / (1.0f + g);
 1165              		.loc 1 47 5 is_stmt 1 view .LVU325
  47:effects/phasereffect.cpp ****     float a = (1.0f - g) / (1.0f + g);
 1166              		.loc 1 47 29 is_stmt 0 view .LVU326
 1167 0260 B4EEEB0A 		vcmpe.f32	s0, s23
 1168 0264 F1EE10FA 		vmrs	APSR_nzcv, FPSCR
 1169 0268 30FE2B0A 		vselgt.f32	s0, s0, s23
 1170              	.LVL87:
  47:effects/phasereffect.cpp ****     float a = (1.0f - g) / (1.0f + g);
 1171              		.loc 1 47 29 view .LVU327
 1172 026c 20EE2E0A 		vmul.f32	s0, s0, s29
  47:effects/phasereffect.cpp ****     float a = (1.0f - g) / (1.0f + g);
 1173              		.loc 1 47 24 view .LVU328
 1174 0270 80EE0D0A 		vdiv.f32	s0, s0, s26
 1175 0274 FFF7FEFF 		bl	tanf
 1176              	.LVL88:
ARM GAS  C:\Users\Oliver\AppData\Local\Temp\ccAPLW26.s 			page 73


  48:effects/phasereffect.cpp ****     return Clamp(a, -0.98f, 0.98f);
 1177              		.loc 1 48 5 is_stmt 1 view .LVU329
 1178              	.LBE392:
 1179              	.LBE414:
 1180              	.LBB415:
 1181              	.LBB416:
 1182              		.file 4 "effects/phasereffect.h"
   1:effects/phasereffect.h **** #ifndef PERSPECTIVE_PHASEREFFECT_H
   2:effects/phasereffect.h **** #define PERSPECTIVE_PHASEREFFECT_H
   3:effects/phasereffect.h **** 
   4:effects/phasereffect.h **** #include "effect.h"
   5:effects/phasereffect.h **** 
   6:effects/phasereffect.h **** namespace perspective {
   7:effects/phasereffect.h **** 
   8:effects/phasereffect.h **** class PhaserEffect : public Effect {
   9:effects/phasereffect.h **** public:
  10:effects/phasereffect.h ****     PhaserEffect();
  11:effects/phasereffect.h ****     ~PhaserEffect() override;
  12:effects/phasereffect.h **** 
  13:effects/phasereffect.h ****     void Init(float sampleRate) override;
  14:effects/phasereffect.h ****     void Process(float* in, float* out, size_t size) override;
  15:effects/phasereffect.h ****     void ProcessStereo(float* inL, float* inR, float* outL, float* outR, size_t size) override;
  16:effects/phasereffect.h ****     void Update() override;
  17:effects/phasereffect.h **** 
  18:effects/phasereffect.h **** private:
  19:effects/phasereffect.h ****     static constexpr int kMaxStages = 8;
  20:effects/phasereffect.h **** 
  21:effects/phasereffect.h ****     struct AllpassStage {
  22:effects/phasereffect.h ****         float a = 0.0f;
  23:effects/phasereffect.h ****         float z1 = 0.0f;
  24:effects/phasereffect.h **** 
  25:effects/phasereffect.h ****         inline float Process(float x) {
  26:effects/phasereffect.h ****             float y = -a * x + z1;
 1183              		.loc 4 26 19 is_stmt 0 view .LVU330
 1184 0278 97ED0DFA 		vldr.32	s30, [r7, #52]
 1185              	.LBE416:
 1186              	.LBE415:
 1187              	.LBB444:
 1188              	.LBB393:
  48:effects/phasereffect.cpp ****     return Clamp(a, -0.98f, 0.98f);
 1189              		.loc 1 48 21 view .LVU331
 1190 027c 3CEEC05A 		vsub.f32	s10, s25, s0
  48:effects/phasereffect.cpp ****     return Clamp(a, -0.98f, 0.98f);
 1191              		.loc 1 48 34 view .LVU332
 1192 0280 30EE2C0A 		vadd.f32	s0, s0, s25
 1193              	.LVL89:
  48:effects/phasereffect.cpp ****     return Clamp(a, -0.98f, 0.98f);
 1194              		.loc 1 48 34 view .LVU333
 1195              	.LBE393:
 1196              	.LBE444:
 128:effects/phasereffect.cpp ****             stagesL_[s].a = ComputeAllpassCoeff(stageHz, sampleRate_);
 1197              		.loc 1 128 19 view .LVU334
 1198 0284 2EEE0B6A 		vmul.f32	s12, s28, s22
 1199              	.LBB445:
 1200              	.LBB394:
  48:effects/phasereffect.cpp ****     return Clamp(a, -0.98f, 0.98f);
 1201              		.loc 1 48 11 view .LVU335
ARM GAS  C:\Users\Oliver\AppData\Local\Temp\ccAPLW26.s 			page 74


 1202 0288 C5EE005A 		vdiv.f32	s11, s10, s0
 1203              	.LVL90:
  49:effects/phasereffect.cpp **** }
 1204              		.loc 1 49 5 is_stmt 1 view .LVU336
  49:effects/phasereffect.cpp **** }
 1205              		.loc 1 49 5 is_stmt 0 view .LVU337
 1206 028c F4EEED5A 		vcmpe.f32	s11, s27
 1207 0290 F1EE10FA 		vmrs	APSR_nzcv, FPSCR
 1208 0294 7DFEA55A 		vselgt.f32	s11, s27, s11
 1209              	.LVL91:
  49:effects/phasereffect.cpp **** }
 1210              		.loc 1 49 5 view .LVU338
 1211 0298 F4EEEA5A 		vcmpe.f32	s11, s21
 1212 029c F1EE10FA 		vmrs	APSR_nzcv, FPSCR
 1213 02a0 F4EEC68A 		vcmpe.f32	s17, s12
 1214 02a4 75FEAA5A 		vselgt.f32	s11, s11, s21
 1215              	.LVL92:
  49:effects/phasereffect.cpp **** }
 1216              		.loc 1 49 5 view .LVU339
 1217              	.LBE394:
 1218              	.LBE445:
 1219              	.LBB446:
 1220              	.LBB417:
 1221              		.loc 4 26 19 view .LVU340
 1222 02a8 A5EEC8FA 		vfms.f32	s30, s11, s16
 1223 02ac F1EE10FA 		vmrs	APSR_nzcv, FPSCR
 1224              	.LBE417:
 1225              	.LBE446:
 129:effects/phasereffect.cpp ****             y = stagesL_[s].Process(y);
 1226              		.loc 1 129 27 discriminator 1 view .LVU341
 1227 02b0 C7ED0C5A 		vstr.32	s11, [r7, #48]
 130:effects/phasereffect.cpp ****         }
 1228              		.loc 1 130 13 is_stmt 1 view .LVU342
 1229              	.LVL93:
 1230              	.LBB447:
 1231              	.LBI415:
  25:effects/phasereffect.h ****             float y = -a * x + z1;
 1232              		.loc 4 25 22 view .LVU343
 1233              	.LBB418:
 1234              		.loc 4 26 13 view .LVU344
  27:effects/phasereffect.h ****             z1 = x + a * y;
 1235              		.loc 4 27 13 view .LVU345
 1236 02b4 54BF     		ite	pl
 1237 02b6 B0EE460A 		vmovpl.f32	s0, s12
 1238 02ba B0EE680A 		vmovmi.f32	s0, s17
 1239              		.loc 4 27 20 is_stmt 0 view .LVU346
 1240 02be B0EE486A 		vmov.f32	s12, s16
 1241              	.LBE418:
 1242              	.LBE447:
 1243              	.LBB448:
 1244              	.LBB395:
  47:effects/phasereffect.cpp ****     float a = (1.0f - g) / (1.0f + g);
 1245              		.loc 1 47 29 view .LVU347
 1246 02c2 B4EEEB0A 		vcmpe.f32	s0, s23
 1247              	.LBE395:
 1248              	.LBE448:
 1249              	.LBB449:
ARM GAS  C:\Users\Oliver\AppData\Local\Temp\ccAPLW26.s 			page 75


 1250              	.LBB419:
 1251              		.loc 4 27 20 view .LVU348
 1252 02c6 AFEE256A 		vfma.f32	s12, s30, s11
 1253              	.LBE419:
 1254              	.LBE449:
 1255              	.LBB450:
 1256              	.LBB396:
  47:effects/phasereffect.cpp ****     float a = (1.0f - g) / (1.0f + g);
 1257              		.loc 1 47 29 view .LVU349
 1258 02ca F1EE10FA 		vmrs	APSR_nzcv, FPSCR
 1259 02ce 30FE2B0A 		vselgt.f32	s0, s0, s23
 1260 02d2 20EE2E0A 		vmul.f32	s0, s0, s29
 1261              	.LBE396:
 1262              	.LBE450:
 1263              	.LBB451:
 1264              	.LBB420:
 1265              		.loc 4 27 16 view .LVU350
 1266 02d6 87ED0D6A 		vstr.32	s12, [r7, #52]
  28:effects/phasereffect.h ****             return y;
 1267              		.loc 4 28 13 is_stmt 1 view .LVU351
 1268              	.LVL94:
 1269              		.loc 4 28 13 is_stmt 0 view .LVU352
 1270              	.LBE420:
 1271              	.LBE451:
 1272              	.LBE500:
 126:effects/phasereffect.cpp ****             float spread = static_cast<float>(s + 1) / static_cast<float>(stages);
 1273              		.loc 1 126 9 is_stmt 1 discriminator 3 view .LVU353
 126:effects/phasereffect.cpp ****             float spread = static_cast<float>(s + 1) / static_cast<float>(stages);
 1274              		.loc 1 126 27 discriminator 1 view .LVU354
 1275              	.LBB501:
 127:effects/phasereffect.cpp ****             float stageHz = sweepHz * (0.65f + spread * 0.9f);
 1276              		.loc 1 127 13 view .LVU355
 128:effects/phasereffect.cpp ****             stagesL_[s].a = ComputeAllpassCoeff(stageHz, sampleRate_);
 1277              		.loc 1 128 13 view .LVU356
 129:effects/phasereffect.cpp ****             y = stagesL_[s].Process(y);
 1278              		.loc 1 129 13 view .LVU357
 1279              	.LBB452:
  45:effects/phasereffect.cpp ****     float clampedFreq = Clamp(freqHz, 20.0f, 0.45f * sampleRate);
 1280              		.loc 1 45 21 view .LVU358
 1281              	.LBB397:
  46:effects/phasereffect.cpp ****     float g = std::tanf(kPi * clampedFreq / sampleRate);
 1282              		.loc 1 46 5 view .LVU359
  47:effects/phasereffect.cpp ****     float a = (1.0f - g) / (1.0f + g);
 1283              		.loc 1 47 5 view .LVU360
  47:effects/phasereffect.cpp ****     float a = (1.0f - g) / (1.0f + g);
 1284              		.loc 1 47 24 is_stmt 0 view .LVU361
 1285 02da 80EE0D0A 		vdiv.f32	s0, s0, s26
 1286 02de FFF7FEFF 		bl	tanf
 1287              	.LVL95:
 1288              	.LBE397:
 1289              	.LBE452:
 1290              	.LBB453:
 1291              	.LBB421:
  26:effects/phasereffect.h ****             z1 = x + a * y;
 1292              		.loc 4 26 19 view .LVU362
 1293 02e2 97ED0F8A 		vldr.32	s16, [r7, #60]
 1294              	.LVL96:
ARM GAS  C:\Users\Oliver\AppData\Local\Temp\ccAPLW26.s 			page 76


  26:effects/phasereffect.h ****             z1 = x + a * y;
 1295              		.loc 4 26 19 view .LVU363
 1296              	.LBE421:
 1297              	.LBE453:
 1298              	.LBB454:
 1299              	.LBB398:
  48:effects/phasereffect.cpp ****     return Clamp(a, -0.98f, 0.98f);
 1300              		.loc 1 48 5 is_stmt 1 view .LVU364
  48:effects/phasereffect.cpp ****     return Clamp(a, -0.98f, 0.98f);
 1301              		.loc 1 48 21 is_stmt 0 view .LVU365
 1302 02e6 7CEEC05A 		vsub.f32	s11, s25, s0
  48:effects/phasereffect.cpp ****     return Clamp(a, -0.98f, 0.98f);
 1303              		.loc 1 48 34 view .LVU366
 1304 02ea 30EE2C0A 		vadd.f32	s0, s0, s25
 1305              	.LVL97:
  48:effects/phasereffect.cpp ****     return Clamp(a, -0.98f, 0.98f);
 1306              		.loc 1 48 11 view .LVU367
 1307 02ee 85EE806A 		vdiv.f32	s12, s11, s0
 1308              	.LVL98:
  49:effects/phasereffect.cpp **** }
 1309              		.loc 1 49 5 is_stmt 1 view .LVU368
  49:effects/phasereffect.cpp **** }
 1310              		.loc 1 49 5 is_stmt 0 view .LVU369
 1311              	.LBE398:
 1312              	.LBE454:
 1313              	.LBB455:
 1314              	.LBB422:
  27:effects/phasereffect.h ****             return y;
 1315              		.loc 4 27 20 view .LVU370
 1316 02f2 F0EE4F5A 		vmov.f32	s11, s30
 1317 02f6 B4EEED6A 		vcmpe.f32	s12, s27
 1318 02fa F1EE10FA 		vmrs	APSR_nzcv, FPSCR
 1319 02fe 3DFE866A 		vselgt.f32	s12, s27, s12
 1320              	.LVL99:
  27:effects/phasereffect.h ****             return y;
 1321              		.loc 4 27 20 view .LVU371
 1322 0302 B4EEEA6A 		vcmpe.f32	s12, s21
 1323 0306 F1EE10FA 		vmrs	APSR_nzcv, FPSCR
 1324 030a 36FE2A6A 		vselgt.f32	s12, s12, s21
 1325              	.LVL100:
  26:effects/phasereffect.h ****             z1 = x + a * y;
 1326              		.loc 4 26 19 view .LVU372
 1327 030e A6EE4F8A 		vfms.f32	s16, s12, s30
 1328              	.LBE422:
 1329              	.LBE455:
 1330              	.LBE501:
 126:effects/phasereffect.cpp ****             float spread = static_cast<float>(s + 1) / static_cast<float>(stages);
 1331              		.loc 1 126 27 discriminator 1 view .LVU373
 1332 0312 B9F1020F 		cmp	r9, #2
 1333              	.LBB502:
 129:effects/phasereffect.cpp ****             y = stagesL_[s].Process(y);
 1334              		.loc 1 129 27 discriminator 1 view .LVU374
 1335 0316 87ED0E6A 		vstr.32	s12, [r7, #56]
 130:effects/phasereffect.cpp ****         }
 1336              		.loc 1 130 13 is_stmt 1 view .LVU375
 1337              	.LVL101:
 1338              	.LBB456:
ARM GAS  C:\Users\Oliver\AppData\Local\Temp\ccAPLW26.s 			page 77


  25:effects/phasereffect.h ****             float y = -a * x + z1;
 1339              		.loc 4 25 22 view .LVU376
 1340              	.LBB423:
  26:effects/phasereffect.h ****             z1 = x + a * y;
 1341              		.loc 4 26 13 view .LVU377
  27:effects/phasereffect.h ****             return y;
 1342              		.loc 4 27 13 view .LVU378
  27:effects/phasereffect.h ****             return y;
 1343              		.loc 4 27 20 is_stmt 0 view .LVU379
 1344 031a E8EE065A 		vfma.f32	s11, s16, s12
  27:effects/phasereffect.h ****             return y;
 1345              		.loc 4 27 16 view .LVU380
 1346 031e C7ED0F5A 		vstr.32	s11, [r7, #60]
 1347              		.loc 4 28 13 is_stmt 1 view .LVU381
 1348              	.LVL102:
 1349              		.loc 4 28 13 is_stmt 0 view .LVU382
 1350              	.LBE423:
 1351              	.LBE456:
 1352              	.LBE502:
 126:effects/phasereffect.cpp ****             float spread = static_cast<float>(s + 1) / static_cast<float>(stages);
 1353              		.loc 1 126 9 is_stmt 1 discriminator 3 view .LVU383
 126:effects/phasereffect.cpp ****             float spread = static_cast<float>(s + 1) / static_cast<float>(stages);
 1354              		.loc 1 126 27 discriminator 1 view .LVU384
 1355 0322 40F38E81 		ble	.L34
 1356              	.LBB503:
 127:effects/phasereffect.cpp ****             float stageHz = sweepHz * (0.65f + spread * 0.9f);
 1357              		.loc 1 127 13 view .LVU385
 1358              	.LVL103:
 128:effects/phasereffect.cpp ****             stagesL_[s].a = ComputeAllpassCoeff(stageHz, sampleRate_);
 1359              		.loc 1 128 13 view .LVU386
 127:effects/phasereffect.cpp ****             float stageHz = sweepHz * (0.65f + spread * 0.9f);
 1360              		.loc 1 127 19 is_stmt 0 view .LVU387
 1361 0326 F0EE085A 		vmov.f32	s11, #3.0e+0
 128:effects/phasereffect.cpp ****             stagesL_[s].a = ComputeAllpassCoeff(stageHz, sampleRate_);
 1362              		.loc 1 128 46 view .LVU388
 1363 032a 9FED24FA 		vldr.32	s30, .L69+20
 1364 032e DFED20FA 		vldr.32	s31, .L69+8
 1365 0332 B0EE4F0A 		vmov.f32	s0, s30
 127:effects/phasereffect.cpp ****             float stageHz = sweepHz * (0.65f + spread * 0.9f);
 1366              		.loc 1 127 19 view .LVU389
 1367 0336 85EE896A 		vdiv.f32	s12, s11, s18
 1368              	.LVL104:
 128:effects/phasereffect.cpp ****             stagesL_[s].a = ComputeAllpassCoeff(stageHz, sampleRate_);
 1369              		.loc 1 128 46 view .LVU390
 1370 033a A6EE2F0A 		vfma.f32	s0, s12, s31
 128:effects/phasereffect.cpp ****             stagesL_[s].a = ComputeAllpassCoeff(stageHz, sampleRate_);
 1371              		.loc 1 128 19 view .LVU391
 1372 033e 2EEE000A 		vmul.f32	s0, s28, s0
 1373              	.LVL105:
 129:effects/phasereffect.cpp ****             y = stagesL_[s].Process(y);
 1374              		.loc 1 129 13 is_stmt 1 view .LVU392
 1375              	.LBB457:
  45:effects/phasereffect.cpp ****     float clampedFreq = Clamp(freqHz, 20.0f, 0.45f * sampleRate);
 1376              		.loc 1 45 21 view .LVU393
 1377              	.LBB399:
  46:effects/phasereffect.cpp ****     float g = std::tanf(kPi * clampedFreq / sampleRate);
 1378              		.loc 1 46 5 view .LVU394
ARM GAS  C:\Users\Oliver\AppData\Local\Temp\ccAPLW26.s 			page 78


  46:effects/phasereffect.cpp ****     float g = std::tanf(kPi * clampedFreq / sampleRate);
 1379              		.loc 1 46 5 is_stmt 0 view .LVU395
 1380 0342 B4EEE80A 		vcmpe.f32	s0, s17
 1381 0346 F1EE10FA 		vmrs	APSR_nzcv, FPSCR
 1382 034a 38FE800A 		vselgt.f32	s0, s17, s0
 1383              	.LVL106:
  47:effects/phasereffect.cpp ****     float a = (1.0f - g) / (1.0f + g);
 1384              		.loc 1 47 5 is_stmt 1 view .LVU396
  47:effects/phasereffect.cpp ****     float a = (1.0f - g) / (1.0f + g);
 1385              		.loc 1 47 29 is_stmt 0 view .LVU397
 1386 034e B4EEEB0A 		vcmpe.f32	s0, s23
 1387 0352 F1EE10FA 		vmrs	APSR_nzcv, FPSCR
 1388 0356 30FE2B0A 		vselgt.f32	s0, s0, s23
 1389              	.LVL107:
  47:effects/phasereffect.cpp ****     float a = (1.0f - g) / (1.0f + g);
 1390              		.loc 1 47 29 view .LVU398
 1391 035a 20EE2E0A 		vmul.f32	s0, s0, s29
  47:effects/phasereffect.cpp ****     float a = (1.0f - g) / (1.0f + g);
 1392              		.loc 1 47 24 view .LVU399
 1393 035e 80EE0D0A 		vdiv.f32	s0, s0, s26
 1394 0362 FFF7FEFF 		bl	tanf
 1395              	.LVL108:
  47:effects/phasereffect.cpp ****     float a = (1.0f - g) / (1.0f + g);
 1396              		.loc 1 47 24 view .LVU400
 1397              	.LBE399:
 1398              	.LBE457:
 1399              	.LBB458:
 1400              	.LBB424:
  26:effects/phasereffect.h ****             z1 = x + a * y;
 1401              		.loc 4 26 19 view .LVU401
 1402 0366 D7ED115A 		vldr.32	s11, [r7, #68]
 1403              	.LVL109:
  26:effects/phasereffect.h ****             z1 = x + a * y;
 1404              		.loc 4 26 19 view .LVU402
 1405              	.LBE424:
 1406              	.LBE458:
 1407              	.LBB459:
 1408              	.LBB400:
  48:effects/phasereffect.cpp ****     return Clamp(a, -0.98f, 0.98f);
 1409              		.loc 1 48 5 is_stmt 1 view .LVU403
  48:effects/phasereffect.cpp ****     return Clamp(a, -0.98f, 0.98f);
 1410              		.loc 1 48 21 is_stmt 0 view .LVU404
 1411 036a 3CEEC05A 		vsub.f32	s10, s25, s0
  48:effects/phasereffect.cpp ****     return Clamp(a, -0.98f, 0.98f);
 1412              		.loc 1 48 34 view .LVU405
 1413 036e 30EE2C0A 		vadd.f32	s0, s0, s25
 1414              	.LVL110:
  48:effects/phasereffect.cpp ****     return Clamp(a, -0.98f, 0.98f);
 1415              		.loc 1 48 11 view .LVU406
 1416 0372 85EE006A 		vdiv.f32	s12, s10, s0
 1417              	.LVL111:
  49:effects/phasereffect.cpp **** }
 1418              		.loc 1 49 5 is_stmt 1 view .LVU407
  49:effects/phasereffect.cpp **** }
 1419              		.loc 1 49 5 is_stmt 0 view .LVU408
 1420 0376 B4EEED6A 		vcmpe.f32	s12, s27
 1421 037a F1EE10FA 		vmrs	APSR_nzcv, FPSCR
ARM GAS  C:\Users\Oliver\AppData\Local\Temp\ccAPLW26.s 			page 79


 1422 037e 3DFE866A 		vselgt.f32	s12, s27, s12
 1423              	.LVL112:
  49:effects/phasereffect.cpp **** }
 1424              		.loc 1 49 5 view .LVU409
 1425 0382 B4EEEA6A 		vcmpe.f32	s12, s21
 1426 0386 F1EE10FA 		vmrs	APSR_nzcv, FPSCR
 1427 038a 36FE2A6A 		vselgt.f32	s12, s12, s21
 1428              	.LVL113:
  49:effects/phasereffect.cpp **** }
 1429              		.loc 1 49 5 view .LVU410
 1430              	.LBE400:
 1431              	.LBE459:
 1432              	.LBB460:
 1433              	.LBB425:
  26:effects/phasereffect.h ****             z1 = x + a * y;
 1434              		.loc 4 26 19 view .LVU411
 1435 038e E6EE485A 		vfms.f32	s11, s12, s16
 1436              	.LBE425:
 1437              	.LBE460:
 1438              	.LBE503:
 126:effects/phasereffect.cpp ****             float spread = static_cast<float>(s + 1) / static_cast<float>(stages);
 1439              		.loc 1 126 27 discriminator 1 view .LVU412
 1440 0392 B9F1030F 		cmp	r9, #3
 1441              	.LBB504:
 129:effects/phasereffect.cpp ****             y = stagesL_[s].Process(y);
 1442              		.loc 1 129 27 discriminator 1 view .LVU413
 1443 0396 87ED106A 		vstr.32	s12, [r7, #64]
 130:effects/phasereffect.cpp ****         }
 1444              		.loc 1 130 13 is_stmt 1 view .LVU414
 1445              	.LVL114:
 1446              	.LBB461:
  25:effects/phasereffect.h ****             float y = -a * x + z1;
 1447              		.loc 4 25 22 view .LVU415
 1448              	.LBB426:
  26:effects/phasereffect.h ****             z1 = x + a * y;
 1449              		.loc 4 26 13 view .LVU416
  27:effects/phasereffect.h ****             return y;
 1450              		.loc 4 27 13 view .LVU417
  27:effects/phasereffect.h ****             return y;
 1451              		.loc 4 27 20 is_stmt 0 view .LVU418
 1452 039a A6EE258A 		vfma.f32	s16, s12, s11
 1453              	.LVL115:
  27:effects/phasereffect.h ****             return y;
 1454              		.loc 4 27 16 view .LVU419
 1455 039e 87ED118A 		vstr.32	s16, [r7, #68]
 1456              		.loc 4 28 13 is_stmt 1 view .LVU420
 1457              	.LVL116:
 1458              		.loc 4 28 13 is_stmt 0 view .LVU421
 1459              	.LBE426:
 1460              	.LBE461:
 1461              	.LBE504:
 126:effects/phasereffect.cpp ****             float spread = static_cast<float>(s + 1) / static_cast<float>(stages);
 1462              		.loc 1 126 9 is_stmt 1 discriminator 3 view .LVU422
 126:effects/phasereffect.cpp ****             float spread = static_cast<float>(s + 1) / static_cast<float>(stages);
 1463              		.loc 1 126 27 discriminator 1 view .LVU423
 1464 03a2 40F3AF81 		ble	.L46
 1465 03a6 17E0     		b	.L70
ARM GAS  C:\Users\Oliver\AppData\Local\Temp\ccAPLW26.s 			page 80


 1466              	.L71:
 1467              		.align	2
 1468              	.L69:
 1469 03a8 9A99593F 		.word	1062836634
 1470 03ac 0080BB45 		.word	1169915904
 1471 03b0 6666663F 		.word	1063675494
 1472 03b4 00002042 		.word	1109393408
 1473 03b8 0000FA45 		.word	1174011904
 1474 03bc 6666263F 		.word	1059481190
 1475 03c0 6666E63E 		.word	1055286886
 1476 03c4 DB0F4940 		.word	1078530011
 1477 03c8 48E17A3F 		.word	1065017672
 1478 03cc 48E17ABF 		.word	-1082465976
 1479 03d0 DB0FC940 		.word	1086918619
 1480 03d4 00000000 		.word	0
 1481              	.L70:
 1482              	.LVL117:
 1483              	.LBB505:
 127:effects/phasereffect.cpp ****             float stageHz = sweepHz * (0.65f + spread * 0.9f);
 1484              		.loc 1 127 13 view .LVU424
 128:effects/phasereffect.cpp ****             stagesL_[s].a = ComputeAllpassCoeff(stageHz, sampleRate_);
 1485              		.loc 1 128 13 view .LVU425
 127:effects/phasereffect.cpp ****             float stageHz = sweepHz * (0.65f + spread * 0.9f);
 1486              		.loc 1 127 19 is_stmt 0 view .LVU426
 1487 03d8 B1EE005A 		vmov.f32	s10, #4.0e+0
 1488 03dc CDED005A 		vstr.32	s11, [sp]	@ int
 1489              	.LVL118:
 128:effects/phasereffect.cpp ****             stagesL_[s].a = ComputeAllpassCoeff(stageHz, sampleRate_);
 1490              		.loc 1 128 46 view .LVU427
 1491 03e0 B0EE4F0A 		vmov.f32	s0, s30
 127:effects/phasereffect.cpp ****             float stageHz = sweepHz * (0.65f + spread * 0.9f);
 1492              		.loc 1 127 19 view .LVU428
 1493 03e4 85EE096A 		vdiv.f32	s12, s10, s18
 1494              	.LVL119:
 128:effects/phasereffect.cpp ****             stagesL_[s].a = ComputeAllpassCoeff(stageHz, sampleRate_);
 1495              		.loc 1 128 46 view .LVU429
 1496 03e8 A6EE2F0A 		vfma.f32	s0, s12, s31
 128:effects/phasereffect.cpp ****             stagesL_[s].a = ComputeAllpassCoeff(stageHz, sampleRate_);
 1497              		.loc 1 128 19 view .LVU430
 1498 03ec 2EEE000A 		vmul.f32	s0, s28, s0
 1499              	.LVL120:
 129:effects/phasereffect.cpp ****             y = stagesL_[s].Process(y);
 1500              		.loc 1 129 13 is_stmt 1 view .LVU431
 1501              	.LBB462:
  45:effects/phasereffect.cpp ****     float clampedFreq = Clamp(freqHz, 20.0f, 0.45f * sampleRate);
 1502              		.loc 1 45 21 view .LVU432
 1503              	.LBB401:
  46:effects/phasereffect.cpp ****     float g = std::tanf(kPi * clampedFreq / sampleRate);
 1504              		.loc 1 46 5 view .LVU433
  46:effects/phasereffect.cpp ****     float g = std::tanf(kPi * clampedFreq / sampleRate);
 1505              		.loc 1 46 5 is_stmt 0 view .LVU434
 1506 03f0 F4EEC08A 		vcmpe.f32	s17, s0
 1507 03f4 F1EE10FA 		vmrs	APSR_nzcv, FPSCR
 1508 03f8 48BF     		it	mi
 1509 03fa B0EE680A 		vmovmi.f32	s0, s17
 1510              	.LVL121:
  47:effects/phasereffect.cpp ****     float a = (1.0f - g) / (1.0f + g);
ARM GAS  C:\Users\Oliver\AppData\Local\Temp\ccAPLW26.s 			page 81


 1511              		.loc 1 47 5 is_stmt 1 view .LVU435
  47:effects/phasereffect.cpp ****     float a = (1.0f - g) / (1.0f + g);
 1512              		.loc 1 47 29 is_stmt 0 view .LVU436
 1513 03fe B4EEEB0A 		vcmpe.f32	s0, s23
 1514 0402 F1EE10FA 		vmrs	APSR_nzcv, FPSCR
 1515 0406 30FE2B0A 		vselgt.f32	s0, s0, s23
 1516              	.LVL122:
  47:effects/phasereffect.cpp ****     float a = (1.0f - g) / (1.0f + g);
 1517              		.loc 1 47 29 view .LVU437
 1518 040a 20EE2E0A 		vmul.f32	s0, s0, s29
  47:effects/phasereffect.cpp ****     float a = (1.0f - g) / (1.0f + g);
 1519              		.loc 1 47 24 view .LVU438
 1520 040e 80EE0D0A 		vdiv.f32	s0, s0, s26
 1521 0412 FFF7FEFF 		bl	tanf
 1522              	.LVL123:
  47:effects/phasereffect.cpp ****     float a = (1.0f - g) / (1.0f + g);
 1523              		.loc 1 47 24 view .LVU439
 1524              	.LBE401:
 1525              	.LBE462:
 1526              	.LBB463:
 1527              	.LBB427:
  26:effects/phasereffect.h ****             z1 = x + a * y;
 1528              		.loc 4 26 19 view .LVU440
 1529 0416 97ED138A 		vldr.32	s16, [r7, #76]
 1530              	.LVL124:
  26:effects/phasereffect.h ****             z1 = x + a * y;
 1531              		.loc 4 26 19 view .LVU441
 1532              	.LBE427:
 1533              	.LBE463:
 1534              	.LBB464:
 1535              	.LBB402:
  48:effects/phasereffect.cpp ****     return Clamp(a, -0.98f, 0.98f);
 1536              		.loc 1 48 5 is_stmt 1 view .LVU442
 1537              	.LBE402:
 1538              	.LBE464:
 1539              	.LBB465:
 1540              	.LBB428:
  26:effects/phasereffect.h ****             z1 = x + a * y;
 1541              		.loc 4 26 19 is_stmt 0 view .LVU443
 1542 041a DDED005A 		vldr.32	s11, [sp]	@ int
 1543              	.LBE428:
 1544              	.LBE465:
 1545              	.LBB466:
 1546              	.LBB403:
  48:effects/phasereffect.cpp ****     return Clamp(a, -0.98f, 0.98f);
 1547              		.loc 1 48 21 view .LVU444
 1548 041e 3CEEC05A 		vsub.f32	s10, s25, s0
  48:effects/phasereffect.cpp ****     return Clamp(a, -0.98f, 0.98f);
 1549              		.loc 1 48 34 view .LVU445
 1550 0422 30EE2C0A 		vadd.f32	s0, s0, s25
 1551              	.LVL125:
  48:effects/phasereffect.cpp ****     return Clamp(a, -0.98f, 0.98f);
 1552              		.loc 1 48 11 view .LVU446
 1553 0426 85EE006A 		vdiv.f32	s12, s10, s0
 1554              	.LVL126:
  49:effects/phasereffect.cpp **** }
 1555              		.loc 1 49 5 is_stmt 1 view .LVU447
ARM GAS  C:\Users\Oliver\AppData\Local\Temp\ccAPLW26.s 			page 82


  49:effects/phasereffect.cpp **** }
 1556              		.loc 1 49 5 is_stmt 0 view .LVU448
 1557 042a B4EEED6A 		vcmpe.f32	s12, s27
 1558 042e F1EE10FA 		vmrs	APSR_nzcv, FPSCR
 1559 0432 3DFE866A 		vselgt.f32	s12, s27, s12
 1560              	.LVL127:
  49:effects/phasereffect.cpp **** }
 1561              		.loc 1 49 5 view .LVU449
 1562 0436 B4EEEA6A 		vcmpe.f32	s12, s21
 1563 043a F1EE10FA 		vmrs	APSR_nzcv, FPSCR
 1564 043e 36FE2A6A 		vselgt.f32	s12, s12, s21
 1565              	.LVL128:
  49:effects/phasereffect.cpp **** }
 1566              		.loc 1 49 5 view .LVU450
 1567              	.LBE403:
 1568              	.LBE466:
 1569              	.LBB467:
 1570              	.LBB429:
  26:effects/phasereffect.h ****             z1 = x + a * y;
 1571              		.loc 4 26 19 view .LVU451
 1572 0442 A6EE658A 		vfms.f32	s16, s12, s11
 1573              	.LBE429:
 1574              	.LBE467:
 1575              	.LBE505:
 126:effects/phasereffect.cpp ****             float spread = static_cast<float>(s + 1) / static_cast<float>(stages);
 1576              		.loc 1 126 27 discriminator 1 view .LVU452
 1577 0446 B9F1040F 		cmp	r9, #4
 1578              	.LBB506:
 129:effects/phasereffect.cpp ****             y = stagesL_[s].Process(y);
 1579              		.loc 1 129 27 discriminator 1 view .LVU453
 1580 044a 87ED126A 		vstr.32	s12, [r7, #72]
 130:effects/phasereffect.cpp ****         }
 1581              		.loc 1 130 13 is_stmt 1 view .LVU454
 1582              	.LVL129:
 1583              	.LBB468:
  25:effects/phasereffect.h ****             float y = -a * x + z1;
 1584              		.loc 4 25 22 view .LVU455
 1585              	.LBB430:
  26:effects/phasereffect.h ****             z1 = x + a * y;
 1586              		.loc 4 26 13 view .LVU456
  27:effects/phasereffect.h ****             return y;
 1587              		.loc 4 27 13 view .LVU457
  27:effects/phasereffect.h ****             return y;
 1588              		.loc 4 27 20 is_stmt 0 view .LVU458
 1589 044e E6EE085A 		vfma.f32	s11, s12, s16
 1590              	.LVL130:
  27:effects/phasereffect.h ****             return y;
 1591              		.loc 4 27 16 view .LVU459
 1592 0452 C7ED135A 		vstr.32	s11, [r7, #76]
 1593              		.loc 4 28 13 is_stmt 1 view .LVU460
 1594              	.LVL131:
 1595              		.loc 4 28 13 is_stmt 0 view .LVU461
 1596              	.LBE430:
 1597              	.LBE468:
 1598              	.LBE506:
 126:effects/phasereffect.cpp ****             float spread = static_cast<float>(s + 1) / static_cast<float>(stages);
 1599              		.loc 1 126 9 is_stmt 1 discriminator 3 view .LVU462
ARM GAS  C:\Users\Oliver\AppData\Local\Temp\ccAPLW26.s 			page 83


 126:effects/phasereffect.cpp ****             float spread = static_cast<float>(s + 1) / static_cast<float>(stages);
 1600              		.loc 1 126 27 discriminator 1 view .LVU463
 1601 0456 40F3F480 		ble	.L34
 1602              	.LBB507:
 127:effects/phasereffect.cpp ****             float stageHz = sweepHz * (0.65f + spread * 0.9f);
 1603              		.loc 1 127 13 view .LVU464
 1604              	.LVL132:
 128:effects/phasereffect.cpp ****             stagesL_[s].a = ComputeAllpassCoeff(stageHz, sampleRate_);
 1605              		.loc 1 128 13 view .LVU465
 127:effects/phasereffect.cpp ****             float stageHz = sweepHz * (0.65f + spread * 0.9f);
 1606              		.loc 1 127 19 is_stmt 0 view .LVU466
 1607 045a F1EE045A 		vmov.f32	s11, #5.0e+0
 128:effects/phasereffect.cpp ****             stagesL_[s].a = ComputeAllpassCoeff(stageHz, sampleRate_);
 1608              		.loc 1 128 46 view .LVU467
 1609 045e B0EE4F0A 		vmov.f32	s0, s30
 127:effects/phasereffect.cpp ****             float stageHz = sweepHz * (0.65f + spread * 0.9f);
 1610              		.loc 1 127 19 view .LVU468
 1611 0462 85EE896A 		vdiv.f32	s12, s11, s18
 1612              	.LVL133:
 128:effects/phasereffect.cpp ****             stagesL_[s].a = ComputeAllpassCoeff(stageHz, sampleRate_);
 1613              		.loc 1 128 46 view .LVU469
 1614 0466 A6EE2F0A 		vfma.f32	s0, s12, s31
 128:effects/phasereffect.cpp ****             stagesL_[s].a = ComputeAllpassCoeff(stageHz, sampleRate_);
 1615              		.loc 1 128 19 view .LVU470
 1616 046a 2EEE000A 		vmul.f32	s0, s28, s0
 1617              	.LVL134:
 129:effects/phasereffect.cpp ****             y = stagesL_[s].Process(y);
 1618              		.loc 1 129 13 is_stmt 1 view .LVU471
 1619              	.LBB469:
  45:effects/phasereffect.cpp ****     float clampedFreq = Clamp(freqHz, 20.0f, 0.45f * sampleRate);
 1620              		.loc 1 45 21 view .LVU472
 1621              	.LBB404:
  46:effects/phasereffect.cpp ****     float g = std::tanf(kPi * clampedFreq / sampleRate);
 1622              		.loc 1 46 5 view .LVU473
  46:effects/phasereffect.cpp ****     float g = std::tanf(kPi * clampedFreq / sampleRate);
 1623              		.loc 1 46 5 is_stmt 0 view .LVU474
 1624 046e F4EEC08A 		vcmpe.f32	s17, s0
 1625 0472 F1EE10FA 		vmrs	APSR_nzcv, FPSCR
 1626 0476 48BF     		it	mi
 1627 0478 B0EE680A 		vmovmi.f32	s0, s17
 1628              	.LVL135:
  47:effects/phasereffect.cpp ****     float a = (1.0f - g) / (1.0f + g);
 1629              		.loc 1 47 5 is_stmt 1 view .LVU475
  47:effects/phasereffect.cpp ****     float a = (1.0f - g) / (1.0f + g);
 1630              		.loc 1 47 29 is_stmt 0 view .LVU476
 1631 047c B4EEEB0A 		vcmpe.f32	s0, s23
 1632 0480 F1EE10FA 		vmrs	APSR_nzcv, FPSCR
 1633 0484 30FE2B0A 		vselgt.f32	s0, s0, s23
 1634              	.LVL136:
  47:effects/phasereffect.cpp ****     float a = (1.0f - g) / (1.0f + g);
 1635              		.loc 1 47 29 view .LVU477
 1636 0488 20EE2E0A 		vmul.f32	s0, s0, s29
  47:effects/phasereffect.cpp ****     float a = (1.0f - g) / (1.0f + g);
 1637              		.loc 1 47 24 view .LVU478
 1638 048c 80EE0D0A 		vdiv.f32	s0, s0, s26
 1639 0490 FFF7FEFF 		bl	tanf
 1640              	.LVL137:
ARM GAS  C:\Users\Oliver\AppData\Local\Temp\ccAPLW26.s 			page 84


  47:effects/phasereffect.cpp ****     float a = (1.0f - g) / (1.0f + g);
 1641              		.loc 1 47 24 view .LVU479
 1642              	.LBE404:
 1643              	.LBE469:
 1644              	.LBB470:
 1645              	.LBB431:
  26:effects/phasereffect.h ****             z1 = x + a * y;
 1646              		.loc 4 26 19 view .LVU480
 1647 0494 D7ED155A 		vldr.32	s11, [r7, #84]
 1648              	.LVL138:
  26:effects/phasereffect.h ****             z1 = x + a * y;
 1649              		.loc 4 26 19 view .LVU481
 1650              	.LBE431:
 1651              	.LBE470:
 1652              	.LBB471:
 1653              	.LBB405:
  48:effects/phasereffect.cpp ****     return Clamp(a, -0.98f, 0.98f);
 1654              		.loc 1 48 5 is_stmt 1 view .LVU482
  48:effects/phasereffect.cpp ****     return Clamp(a, -0.98f, 0.98f);
 1655              		.loc 1 48 21 is_stmt 0 view .LVU483
 1656 0498 3CEEC05A 		vsub.f32	s10, s25, s0
  48:effects/phasereffect.cpp ****     return Clamp(a, -0.98f, 0.98f);
 1657              		.loc 1 48 34 view .LVU484
 1658 049c 30EE2C0A 		vadd.f32	s0, s0, s25
 1659              	.LVL139:
  48:effects/phasereffect.cpp ****     return Clamp(a, -0.98f, 0.98f);
 1660              		.loc 1 48 11 view .LVU485
 1661 04a0 85EE006A 		vdiv.f32	s12, s10, s0
 1662              	.LVL140:
  49:effects/phasereffect.cpp **** }
 1663              		.loc 1 49 5 is_stmt 1 view .LVU486
  49:effects/phasereffect.cpp **** }
 1664              		.loc 1 49 5 is_stmt 0 view .LVU487
 1665 04a4 B4EEED6A 		vcmpe.f32	s12, s27
 1666 04a8 F1EE10FA 		vmrs	APSR_nzcv, FPSCR
 1667 04ac 3DFE866A 		vselgt.f32	s12, s27, s12
 1668              	.LVL141:
  49:effects/phasereffect.cpp **** }
 1669              		.loc 1 49 5 view .LVU488
 1670 04b0 B4EEEA6A 		vcmpe.f32	s12, s21
 1671 04b4 F1EE10FA 		vmrs	APSR_nzcv, FPSCR
 1672 04b8 36FE2A6A 		vselgt.f32	s12, s12, s21
 1673              	.LVL142:
  49:effects/phasereffect.cpp **** }
 1674              		.loc 1 49 5 view .LVU489
 1675              	.LBE405:
 1676              	.LBE471:
 1677              	.LBB472:
 1678              	.LBB432:
  26:effects/phasereffect.h ****             z1 = x + a * y;
 1679              		.loc 4 26 19 view .LVU490
 1680 04bc E6EE485A 		vfms.f32	s11, s12, s16
 1681              	.LBE432:
 1682              	.LBE472:
 1683              	.LBE507:
 126:effects/phasereffect.cpp ****             float spread = static_cast<float>(s + 1) / static_cast<float>(stages);
 1684              		.loc 1 126 27 discriminator 1 view .LVU491
ARM GAS  C:\Users\Oliver\AppData\Local\Temp\ccAPLW26.s 			page 85


 1685 04c0 B9F1050F 		cmp	r9, #5
 1686              	.LBB508:
 129:effects/phasereffect.cpp ****             y = stagesL_[s].Process(y);
 1687              		.loc 1 129 27 discriminator 1 view .LVU492
 1688 04c4 87ED146A 		vstr.32	s12, [r7, #80]
 130:effects/phasereffect.cpp ****         }
 1689              		.loc 1 130 13 is_stmt 1 view .LVU493
 1690              	.LVL143:
 1691              	.LBB473:
  25:effects/phasereffect.h ****             float y = -a * x + z1;
 1692              		.loc 4 25 22 view .LVU494
 1693              	.LBB433:
  26:effects/phasereffect.h ****             z1 = x + a * y;
 1694              		.loc 4 26 13 view .LVU495
  27:effects/phasereffect.h ****             return y;
 1695              		.loc 4 27 13 view .LVU496
  27:effects/phasereffect.h ****             return y;
 1696              		.loc 4 27 20 is_stmt 0 view .LVU497
 1697 04c8 A6EE258A 		vfma.f32	s16, s12, s11
 1698              	.LVL144:
  27:effects/phasereffect.h ****             return y;
 1699              		.loc 4 27 16 view .LVU498
 1700 04cc 87ED158A 		vstr.32	s16, [r7, #84]
 1701              		.loc 4 28 13 is_stmt 1 view .LVU499
 1702              	.LVL145:
 1703              		.loc 4 28 13 is_stmt 0 view .LVU500
 1704              	.LBE433:
 1705              	.LBE473:
 1706              	.LBE508:
 126:effects/phasereffect.cpp ****             float spread = static_cast<float>(s + 1) / static_cast<float>(stages);
 1707              		.loc 1 126 9 is_stmt 1 discriminator 3 view .LVU501
 126:effects/phasereffect.cpp ****             float spread = static_cast<float>(s + 1) / static_cast<float>(stages);
 1708              		.loc 1 126 27 discriminator 1 view .LVU502
 1709 04d0 40F31881 		ble	.L46
 1710              	.LVL146:
 1711              	.LBB509:
 127:effects/phasereffect.cpp ****             float stageHz = sweepHz * (0.65f + spread * 0.9f);
 1712              		.loc 1 127 13 view .LVU503
 128:effects/phasereffect.cpp ****             stagesL_[s].a = ComputeAllpassCoeff(stageHz, sampleRate_);
 1713              		.loc 1 128 13 view .LVU504
 127:effects/phasereffect.cpp ****             float stageHz = sweepHz * (0.65f + spread * 0.9f);
 1714              		.loc 1 127 19 is_stmt 0 view .LVU505
 1715 04d4 B1EE086A 		vmov.f32	s12, #6.0e+0
 1716 04d8 CDED005A 		vstr.32	s11, [sp]	@ int
 1717              	.LVL147:
 127:effects/phasereffect.cpp ****             float stageHz = sweepHz * (0.65f + spread * 0.9f);
 1718              		.loc 1 127 19 view .LVU506
 1719 04dc 86EE095A 		vdiv.f32	s10, s12, s18
 1720              	.LVL148:
 128:effects/phasereffect.cpp ****             stagesL_[s].a = ComputeAllpassCoeff(stageHz, sampleRate_);
 1721              		.loc 1 128 46 view .LVU507
 1722 04e0 B0EE4F6A 		vmov.f32	s12, s30
 1723 04e4 A5EE2F6A 		vfma.f32	s12, s10, s31
 128:effects/phasereffect.cpp ****             stagesL_[s].a = ComputeAllpassCoeff(stageHz, sampleRate_);
 1724              		.loc 1 128 19 view .LVU508
 1725 04e8 2EEE066A 		vmul.f32	s12, s28, s12
 1726              	.LVL149:
ARM GAS  C:\Users\Oliver\AppData\Local\Temp\ccAPLW26.s 			page 86


 129:effects/phasereffect.cpp ****             y = stagesL_[s].Process(y);
 1727              		.loc 1 129 13 is_stmt 1 view .LVU509
 1728              	.LBB474:
  45:effects/phasereffect.cpp ****     float clampedFreq = Clamp(freqHz, 20.0f, 0.45f * sampleRate);
 1729              		.loc 1 45 21 view .LVU510
 1730              	.LBB406:
  46:effects/phasereffect.cpp ****     float g = std::tanf(kPi * clampedFreq / sampleRate);
 1731              		.loc 1 46 5 view .LVU511
  46:effects/phasereffect.cpp ****     float g = std::tanf(kPi * clampedFreq / sampleRate);
 1732              		.loc 1 46 5 is_stmt 0 view .LVU512
 1733 04ec F4EEC68A 		vcmpe.f32	s17, s12
 1734 04f0 F1EE10FA 		vmrs	APSR_nzcv, FPSCR
 1735 04f4 48BF     		it	mi
 1736 04f6 B0EE686A 		vmovmi.f32	s12, s17
 1737              	.LVL150:
  47:effects/phasereffect.cpp ****     float a = (1.0f - g) / (1.0f + g);
 1738              		.loc 1 47 5 is_stmt 1 view .LVU513
  47:effects/phasereffect.cpp ****     float a = (1.0f - g) / (1.0f + g);
 1739              		.loc 1 47 29 is_stmt 0 view .LVU514
 1740 04fa B4EEEB6A 		vcmpe.f32	s12, s23
 1741 04fe F1EE10FA 		vmrs	APSR_nzcv, FPSCR
 1742 0502 36FE2B6A 		vselgt.f32	s12, s12, s23
 1743              	.LVL151:
  47:effects/phasereffect.cpp ****     float a = (1.0f - g) / (1.0f + g);
 1744              		.loc 1 47 29 view .LVU515
 1745 0506 26EE2E0A 		vmul.f32	s0, s12, s29
  47:effects/phasereffect.cpp ****     float a = (1.0f - g) / (1.0f + g);
 1746              		.loc 1 47 24 view .LVU516
 1747 050a 80EE0D0A 		vdiv.f32	s0, s0, s26
 1748 050e FFF7FEFF 		bl	tanf
 1749              	.LVL152:
  48:effects/phasereffect.cpp ****     return Clamp(a, -0.98f, 0.98f);
 1750              		.loc 1 48 5 is_stmt 1 view .LVU517
 1751              	.LBE406:
 1752              	.LBE474:
 1753              	.LBB475:
 1754              	.LBB434:
  26:effects/phasereffect.h ****             z1 = x + a * y;
 1755              		.loc 4 26 19 is_stmt 0 view .LVU518
 1756 0512 97ED178A 		vldr.32	s16, [r7, #92]
 1757 0516 DDED005A 		vldr.32	s11, [sp]	@ int
 1758              	.LBE434:
 1759              	.LBE475:
 1760              	.LBB476:
 1761              	.LBB407:
  48:effects/phasereffect.cpp ****     return Clamp(a, -0.98f, 0.98f);
 1762              		.loc 1 48 21 view .LVU519
 1763 051a 3CEEC05A 		vsub.f32	s10, s25, s0
  48:effects/phasereffect.cpp ****     return Clamp(a, -0.98f, 0.98f);
 1764              		.loc 1 48 34 view .LVU520
 1765 051e 30EE2C0A 		vadd.f32	s0, s0, s25
 1766              	.LVL153:
  48:effects/phasereffect.cpp ****     return Clamp(a, -0.98f, 0.98f);
 1767              		.loc 1 48 11 view .LVU521
 1768 0522 85EE006A 		vdiv.f32	s12, s10, s0
 1769              	.LVL154:
  49:effects/phasereffect.cpp **** }
ARM GAS  C:\Users\Oliver\AppData\Local\Temp\ccAPLW26.s 			page 87


 1770              		.loc 1 49 5 is_stmt 1 view .LVU522
  49:effects/phasereffect.cpp **** }
 1771              		.loc 1 49 5 is_stmt 0 view .LVU523
 1772 0526 B4EEED6A 		vcmpe.f32	s12, s27
 1773 052a F1EE10FA 		vmrs	APSR_nzcv, FPSCR
 1774 052e 3DFE866A 		vselgt.f32	s12, s27, s12
 1775              	.LVL155:
  49:effects/phasereffect.cpp **** }
 1776              		.loc 1 49 5 view .LVU524
 1777 0532 B4EEEA6A 		vcmpe.f32	s12, s21
 1778 0536 F1EE10FA 		vmrs	APSR_nzcv, FPSCR
 1779 053a 36FE2A6A 		vselgt.f32	s12, s12, s21
 1780              	.LVL156:
  49:effects/phasereffect.cpp **** }
 1781              		.loc 1 49 5 view .LVU525
 1782              	.LBE407:
 1783              	.LBE476:
 1784              	.LBB477:
 1785              	.LBB435:
  26:effects/phasereffect.h ****             z1 = x + a * y;
 1786              		.loc 4 26 19 view .LVU526
 1787 053e A6EE658A 		vfms.f32	s16, s12, s11
 1788              	.LBE435:
 1789              	.LBE477:
 1790              	.LBE509:
 126:effects/phasereffect.cpp ****             float spread = static_cast<float>(s + 1) / static_cast<float>(stages);
 1791              		.loc 1 126 27 discriminator 1 view .LVU527
 1792 0542 B9F1060F 		cmp	r9, #6
 1793              	.LBB510:
 129:effects/phasereffect.cpp ****             y = stagesL_[s].Process(y);
 1794              		.loc 1 129 27 discriminator 1 view .LVU528
 1795 0546 87ED166A 		vstr.32	s12, [r7, #88]
 130:effects/phasereffect.cpp ****         }
 1796              		.loc 1 130 13 is_stmt 1 view .LVU529
 1797              	.LVL157:
 1798              	.LBB478:
  25:effects/phasereffect.h ****             float y = -a * x + z1;
 1799              		.loc 4 25 22 view .LVU530
 1800              	.LBB436:
  26:effects/phasereffect.h ****             z1 = x + a * y;
 1801              		.loc 4 26 13 view .LVU531
  27:effects/phasereffect.h ****             return y;
 1802              		.loc 4 27 13 view .LVU532
  27:effects/phasereffect.h ****             return y;
 1803              		.loc 4 27 20 is_stmt 0 view .LVU533
 1804 054a E6EE085A 		vfma.f32	s11, s12, s16
 1805              	.LVL158:
  27:effects/phasereffect.h ****             return y;
 1806              		.loc 4 27 16 view .LVU534
 1807 054e C7ED175A 		vstr.32	s11, [r7, #92]
 1808              		.loc 4 28 13 is_stmt 1 view .LVU535
 1809              	.LVL159:
 1810              		.loc 4 28 13 is_stmt 0 view .LVU536
 1811              	.LBE436:
 1812              	.LBE478:
 1813              	.LBE510:
 126:effects/phasereffect.cpp ****             float spread = static_cast<float>(s + 1) / static_cast<float>(stages);
ARM GAS  C:\Users\Oliver\AppData\Local\Temp\ccAPLW26.s 			page 88


 1814              		.loc 1 126 9 is_stmt 1 discriminator 3 view .LVU537
 126:effects/phasereffect.cpp ****             float spread = static_cast<float>(s + 1) / static_cast<float>(stages);
 1815              		.loc 1 126 27 discriminator 1 view .LVU538
 1816 0552 76DD     		ble	.L34
 1817              	.LBB511:
 127:effects/phasereffect.cpp ****             float stageHz = sweepHz * (0.65f + spread * 0.9f);
 1818              		.loc 1 127 13 view .LVU539
 1819              	.LVL160:
 128:effects/phasereffect.cpp ****             stagesL_[s].a = ComputeAllpassCoeff(stageHz, sampleRate_);
 1820              		.loc 1 128 13 view .LVU540
 127:effects/phasereffect.cpp ****             float stageHz = sweepHz * (0.65f + spread * 0.9f);
 1821              		.loc 1 127 19 is_stmt 0 view .LVU541
 1822 0554 B1EE0C6A 		vmov.f32	s12, #7.0e+0
 1823 0558 C6EE095A 		vdiv.f32	s11, s12, s18
 1824              	.LVL161:
 128:effects/phasereffect.cpp ****             stagesL_[s].a = ComputeAllpassCoeff(stageHz, sampleRate_);
 1825              		.loc 1 128 46 view .LVU542
 1826 055c B0EE4F6A 		vmov.f32	s12, s30
 1827 0560 A5EEAF6A 		vfma.f32	s12, s11, s31
 128:effects/phasereffect.cpp ****             stagesL_[s].a = ComputeAllpassCoeff(stageHz, sampleRate_);
 1828              		.loc 1 128 19 view .LVU543
 1829 0564 2EEE066A 		vmul.f32	s12, s28, s12
 1830              	.LVL162:
 129:effects/phasereffect.cpp ****             y = stagesL_[s].Process(y);
 1831              		.loc 1 129 13 is_stmt 1 view .LVU544
 1832              	.LBB479:
  45:effects/phasereffect.cpp ****     float clampedFreq = Clamp(freqHz, 20.0f, 0.45f * sampleRate);
 1833              		.loc 1 45 21 view .LVU545
 1834              	.LBB408:
  46:effects/phasereffect.cpp ****     float g = std::tanf(kPi * clampedFreq / sampleRate);
 1835              		.loc 1 46 5 view .LVU546
  46:effects/phasereffect.cpp ****     float g = std::tanf(kPi * clampedFreq / sampleRate);
 1836              		.loc 1 46 5 is_stmt 0 view .LVU547
 1837 0568 F4EEC68A 		vcmpe.f32	s17, s12
 1838 056c F1EE10FA 		vmrs	APSR_nzcv, FPSCR
 1839 0570 48BF     		it	mi
 1840 0572 B0EE686A 		vmovmi.f32	s12, s17
 1841              	.LVL163:
  47:effects/phasereffect.cpp ****     float a = (1.0f - g) / (1.0f + g);
 1842              		.loc 1 47 5 is_stmt 1 view .LVU548
  47:effects/phasereffect.cpp ****     float a = (1.0f - g) / (1.0f + g);
 1843              		.loc 1 47 29 is_stmt 0 view .LVU549
 1844 0576 B4EEEB6A 		vcmpe.f32	s12, s23
 1845 057a F1EE10FA 		vmrs	APSR_nzcv, FPSCR
 1846 057e 36FE2B6A 		vselgt.f32	s12, s12, s23
 1847              	.LVL164:
  47:effects/phasereffect.cpp ****     float a = (1.0f - g) / (1.0f + g);
 1848              		.loc 1 47 29 view .LVU550
 1849 0582 26EE2E0A 		vmul.f32	s0, s12, s29
  47:effects/phasereffect.cpp ****     float a = (1.0f - g) / (1.0f + g);
 1850              		.loc 1 47 24 view .LVU551
 1851 0586 80EE0D0A 		vdiv.f32	s0, s0, s26
 1852 058a FFF7FEFF 		bl	tanf
 1853              	.LVL165:
  48:effects/phasereffect.cpp ****     return Clamp(a, -0.98f, 0.98f);
 1854              		.loc 1 48 5 is_stmt 1 view .LVU552
  48:effects/phasereffect.cpp ****     return Clamp(a, -0.98f, 0.98f);
ARM GAS  C:\Users\Oliver\AppData\Local\Temp\ccAPLW26.s 			page 89


 1855              		.loc 1 48 21 is_stmt 0 view .LVU553
 1856 058e 7CEEC05A 		vsub.f32	s11, s25, s0
  48:effects/phasereffect.cpp ****     return Clamp(a, -0.98f, 0.98f);
 1857              		.loc 1 48 34 view .LVU554
 1858 0592 30EE2C0A 		vadd.f32	s0, s0, s25
 1859              	.LVL166:
  48:effects/phasereffect.cpp ****     return Clamp(a, -0.98f, 0.98f);
 1860              		.loc 1 48 11 view .LVU555
 1861 0596 85EE806A 		vdiv.f32	s12, s11, s0
 1862              	.LVL167:
  49:effects/phasereffect.cpp **** }
 1863              		.loc 1 49 5 is_stmt 1 view .LVU556
  49:effects/phasereffect.cpp **** }
 1864              		.loc 1 49 5 is_stmt 0 view .LVU557
 1865              	.LBE408:
 1866              	.LBE479:
 1867              	.LBB480:
 1868              	.LBB437:
  26:effects/phasereffect.h ****             z1 = x + a * y;
 1869              		.loc 4 26 19 view .LVU558
 1870 059a D7ED195A 		vldr.32	s11, [r7, #100]
 1871 059e B4EEED6A 		vcmpe.f32	s12, s27
 1872 05a2 F1EE10FA 		vmrs	APSR_nzcv, FPSCR
 1873 05a6 3DFE866A 		vselgt.f32	s12, s27, s12
 1874              	.LVL168:
  26:effects/phasereffect.h ****             z1 = x + a * y;
 1875              		.loc 4 26 19 view .LVU559
 1876 05aa B4EEEA6A 		vcmpe.f32	s12, s21
 1877 05ae F1EE10FA 		vmrs	APSR_nzcv, FPSCR
 1878 05b2 36FE2A6A 		vselgt.f32	s12, s12, s21
 1879              	.LVL169:
  26:effects/phasereffect.h ****             z1 = x + a * y;
 1880              		.loc 4 26 19 view .LVU560
 1881 05b6 E6EE485A 		vfms.f32	s11, s12, s16
 1882              	.LBE437:
 1883              	.LBE480:
 1884              	.LBE511:
 126:effects/phasereffect.cpp ****             float spread = static_cast<float>(s + 1) / static_cast<float>(stages);
 1885              		.loc 1 126 27 discriminator 1 view .LVU561
 1886 05ba B9F1070F 		cmp	r9, #7
 1887              	.LBB512:
 129:effects/phasereffect.cpp ****             y = stagesL_[s].Process(y);
 1888              		.loc 1 129 27 discriminator 1 view .LVU562
 1889 05be 87ED186A 		vstr.32	s12, [r7, #96]
 130:effects/phasereffect.cpp ****         }
 1890              		.loc 1 130 13 is_stmt 1 view .LVU563
 1891              	.LVL170:
 1892              	.LBB481:
  25:effects/phasereffect.h ****             float y = -a * x + z1;
 1893              		.loc 4 25 22 view .LVU564
 1894              	.LBB438:
  26:effects/phasereffect.h ****             z1 = x + a * y;
 1895              		.loc 4 26 13 view .LVU565
  27:effects/phasereffect.h ****             return y;
 1896              		.loc 4 27 13 view .LVU566
  27:effects/phasereffect.h ****             return y;
 1897              		.loc 4 27 20 is_stmt 0 view .LVU567
ARM GAS  C:\Users\Oliver\AppData\Local\Temp\ccAPLW26.s 			page 90


 1898 05c2 A6EE258A 		vfma.f32	s16, s12, s11
 1899              	.LVL171:
  27:effects/phasereffect.h ****             return y;
 1900              		.loc 4 27 16 view .LVU568
 1901 05c6 87ED198A 		vstr.32	s16, [r7, #100]
 1902              		.loc 4 28 13 is_stmt 1 view .LVU569
 1903              	.LVL172:
 1904              		.loc 4 28 13 is_stmt 0 view .LVU570
 1905              	.LBE438:
 1906              	.LBE481:
 1907              	.LBE512:
 126:effects/phasereffect.cpp ****             float spread = static_cast<float>(s + 1) / static_cast<float>(stages);
 1908              		.loc 1 126 9 is_stmt 1 discriminator 3 view .LVU571
 126:effects/phasereffect.cpp ****             float spread = static_cast<float>(s + 1) / static_cast<float>(stages);
 1909              		.loc 1 126 27 discriminator 1 view .LVU572
 1910 05ca 40F39B80 		ble	.L46
 1911              	.LVL173:
 1912              	.LBB513:
 127:effects/phasereffect.cpp ****             float stageHz = sweepHz * (0.65f + spread * 0.9f);
 1913              		.loc 1 127 13 view .LVU573
 128:effects/phasereffect.cpp ****             stagesL_[s].a = ComputeAllpassCoeff(stageHz, sampleRate_);
 1914              		.loc 1 128 13 view .LVU574
 127:effects/phasereffect.cpp ****             float stageHz = sweepHz * (0.65f + spread * 0.9f);
 1915              		.loc 1 127 19 is_stmt 0 view .LVU575
 1916 05ce B2EE005A 		vmov.f32	s10, #8.0e+0
 1917 05d2 CDED005A 		vstr.32	s11, [sp]	@ int
 1918              	.LVL174:
 127:effects/phasereffect.cpp ****             float stageHz = sweepHz * (0.65f + spread * 0.9f);
 1919              		.loc 1 127 19 view .LVU576
 1920 05d6 85EE096A 		vdiv.f32	s12, s10, s18
 1921              	.LVL175:
 128:effects/phasereffect.cpp ****             stagesL_[s].a = ComputeAllpassCoeff(stageHz, sampleRate_);
 1922              		.loc 1 128 46 view .LVU577
 1923 05da A6EE2FFA 		vfma.f32	s30, s12, s31
 1924              	.LVL176:
 128:effects/phasereffect.cpp ****             stagesL_[s].a = ComputeAllpassCoeff(stageHz, sampleRate_);
 1925              		.loc 1 128 19 view .LVU578
 1926 05de 2EEE0FEA 		vmul.f32	s28, s28, s30
 1927              	.LVL177:
 129:effects/phasereffect.cpp ****             y = stagesL_[s].Process(y);
 1928              		.loc 1 129 13 is_stmt 1 view .LVU579
 1929              	.LBB482:
  45:effects/phasereffect.cpp ****     float clampedFreq = Clamp(freqHz, 20.0f, 0.45f * sampleRate);
 1930              		.loc 1 45 21 view .LVU580
 1931              	.LBB409:
  46:effects/phasereffect.cpp ****     float g = std::tanf(kPi * clampedFreq / sampleRate);
 1932              		.loc 1 46 5 view .LVU581
  46:effects/phasereffect.cpp ****     float g = std::tanf(kPi * clampedFreq / sampleRate);
 1933              		.loc 1 46 5 is_stmt 0 view .LVU582
 1934 05e2 B4EEE8EA 		vcmpe.f32	s28, s17
 1935 05e6 F1EE10FA 		vmrs	APSR_nzcv, FPSCR
 1936 05ea 78FE8E8A 		vselgt.f32	s17, s17, s28
 1937              	.LVL178:
  47:effects/phasereffect.cpp ****     float a = (1.0f - g) / (1.0f + g);
 1938              		.loc 1 47 5 is_stmt 1 view .LVU583
  47:effects/phasereffect.cpp ****     float a = (1.0f - g) / (1.0f + g);
 1939              		.loc 1 47 29 is_stmt 0 view .LVU584
ARM GAS  C:\Users\Oliver\AppData\Local\Temp\ccAPLW26.s 			page 91


 1940 05ee F4EEEB8A 		vcmpe.f32	s17, s23
 1941 05f2 F1EE10FA 		vmrs	APSR_nzcv, FPSCR
 1942 05f6 78FEAB8A 		vselgt.f32	s17, s17, s23
 1943              	.LVL179:
  47:effects/phasereffect.cpp ****     float a = (1.0f - g) / (1.0f + g);
 1944              		.loc 1 47 29 view .LVU585
 1945 05fa 28EEAE0A 		vmul.f32	s0, s17, s29
  47:effects/phasereffect.cpp ****     float a = (1.0f - g) / (1.0f + g);
 1946              		.loc 1 47 24 view .LVU586
 1947 05fe 80EE0D0A 		vdiv.f32	s0, s0, s26
 1948 0602 FFF7FEFF 		bl	tanf
 1949              	.LVL180:
  47:effects/phasereffect.cpp ****     float a = (1.0f - g) / (1.0f + g);
 1950              		.loc 1 47 24 view .LVU587
 1951              	.LBE409:
 1952              	.LBE482:
 1953              	.LBB483:
 1954              	.LBB439:
  26:effects/phasereffect.h ****             z1 = x + a * y;
 1955              		.loc 4 26 19 view .LVU588
 1956 0606 97ED1B8A 		vldr.32	s16, [r7, #108]
 1957              	.LVL181:
  26:effects/phasereffect.h ****             z1 = x + a * y;
 1958              		.loc 4 26 19 view .LVU589
 1959              	.LBE439:
 1960              	.LBE483:
 1961              	.LBB484:
 1962              	.LBB410:
  48:effects/phasereffect.cpp ****     return Clamp(a, -0.98f, 0.98f);
 1963              		.loc 1 48 5 is_stmt 1 view .LVU590
 1964              	.LBE410:
 1965              	.LBE484:
 1966              	.LBB485:
 1967              	.LBB440:
  26:effects/phasereffect.h ****             z1 = x + a * y;
 1968              		.loc 4 26 19 is_stmt 0 view .LVU591
 1969 060a DDED005A 		vldr.32	s11, [sp]	@ int
 1970              	.LBE440:
 1971              	.LBE485:
 1972              	.LBB486:
 1973              	.LBB411:
  48:effects/phasereffect.cpp ****     return Clamp(a, -0.98f, 0.98f);
 1974              		.loc 1 48 21 view .LVU592
 1975 060e 7CEEC06A 		vsub.f32	s13, s25, s0
  48:effects/phasereffect.cpp ****     return Clamp(a, -0.98f, 0.98f);
 1976              		.loc 1 48 34 view .LVU593
 1977 0612 30EE2C0A 		vadd.f32	s0, s0, s25
 1978              	.LVL182:
  48:effects/phasereffect.cpp ****     return Clamp(a, -0.98f, 0.98f);
 1979              		.loc 1 48 11 view .LVU594
 1980 0616 C6EE807A 		vdiv.f32	s15, s13, s0
 1981              	.LVL183:
  49:effects/phasereffect.cpp **** }
 1982              		.loc 1 49 5 is_stmt 1 view .LVU595
  49:effects/phasereffect.cpp **** }
 1983              		.loc 1 49 5 is_stmt 0 view .LVU596
 1984 061a F4EEED7A 		vcmpe.f32	s15, s27
ARM GAS  C:\Users\Oliver\AppData\Local\Temp\ccAPLW26.s 			page 92


 1985 061e F1EE10FA 		vmrs	APSR_nzcv, FPSCR
 1986 0622 7DFEA77A 		vselgt.f32	s15, s27, s15
 1987              	.LVL184:
  49:effects/phasereffect.cpp **** }
 1988              		.loc 1 49 5 view .LVU597
 1989 0626 F4EEEA7A 		vcmpe.f32	s15, s21
 1990 062a F1EE10FA 		vmrs	APSR_nzcv, FPSCR
 1991 062e 77FEAA7A 		vselgt.f32	s15, s15, s21
 1992              	.LVL185:
  49:effects/phasereffect.cpp **** }
 1993              		.loc 1 49 5 view .LVU598
 1994              	.LBE411:
 1995              	.LBE486:
 1996              	.LBB487:
 1997              	.LBB441:
  26:effects/phasereffect.h ****             z1 = x + a * y;
 1998              		.loc 4 26 19 view .LVU599
 1999 0632 A7EEE58A 		vfms.f32	s16, s15, s11
 2000              	.LBE441:
 2001              	.LBE487:
 129:effects/phasereffect.cpp ****             y = stagesL_[s].Process(y);
 2002              		.loc 1 129 27 discriminator 1 view .LVU600
 2003 0636 C7ED1A7A 		vstr.32	s15, [r7, #104]
 130:effects/phasereffect.cpp ****         }
 2004              		.loc 1 130 13 is_stmt 1 view .LVU601
 2005              	.LVL186:
 2006              	.LBB488:
  25:effects/phasereffect.h ****             float y = -a * x + z1;
 2007              		.loc 4 25 22 view .LVU602
 2008              	.LBB442:
  26:effects/phasereffect.h ****             z1 = x + a * y;
 2009              		.loc 4 26 13 view .LVU603
  27:effects/phasereffect.h ****             return y;
 2010              		.loc 4 27 13 view .LVU604
  27:effects/phasereffect.h ****             return y;
 2011              		.loc 4 27 20 is_stmt 0 view .LVU605
 2012 063a E8EE275A 		vfma.f32	s11, s16, s15
 2013              	.LVL187:
  27:effects/phasereffect.h ****             return y;
 2014              		.loc 4 27 16 view .LVU606
 2015 063e C7ED1B5A 		vstr.32	s11, [r7, #108]
 2016              		.loc 4 28 13 is_stmt 1 view .LVU607
 2017              	.LVL188:
 2018              		.loc 4 28 13 is_stmt 0 view .LVU608
 2019              	.LBE442:
 2020              	.LBE488:
 2021              	.LBE513:
 126:effects/phasereffect.cpp ****             float spread = static_cast<float>(s + 1) / static_cast<float>(stages);
 2022              		.loc 1 126 9 is_stmt 1 discriminator 3 view .LVU609
 126:effects/phasereffect.cpp ****             float spread = static_cast<float>(s + 1) / static_cast<float>(stages);
 2023              		.loc 1 126 27 discriminator 1 view .LVU610
 2024              	.L34:
 126:effects/phasereffect.cpp ****             float spread = static_cast<float>(s + 1) / static_cast<float>(stages);
 2025              		.loc 1 126 27 is_stmt 0 discriminator 1 view .LVU611
 2026              	.LBE554:
 133:effects/phasereffect.cpp ****         out[i] = in[i] * (1.0f - mix) + y * mix;
 2027              		.loc 1 133 9 is_stmt 1 view .LVU612
ARM GAS  C:\Users\Oliver\AppData\Local\Temp\ccAPLW26.s 			page 93


 134:effects/phasereffect.cpp **** 
 2028              		.loc 1 134 32 is_stmt 0 view .LVU613
 2029 0642 B7EE007A 		vmov.f32	s14, #1.0e+0
 133:effects/phasereffect.cpp ****         out[i] = in[i] * (1.0f - mix) + y * mix;
 2030              		.loc 1 133 25 view .LVU614
 2031 0646 87ED2E8A 		vstr.32	s16, [r7, #184]
 134:effects/phasereffect.cpp **** 
 2032              		.loc 1 134 9 is_stmt 1 view .LVU615
 134:effects/phasereffect.cpp **** 
 2033              		.loc 1 134 43 is_stmt 0 view .LVU616
 2034 064a 69EE887A 		vmul.f32	s15, s19, s16
 134:effects/phasereffect.cpp **** 
 2035              		.loc 1 134 39 view .LVU617
 2036 064e 96ED006A 		vldr.32	s12, [r6]
 2037 0652 08F10408 		add	r8, r8, #4
 134:effects/phasereffect.cpp **** 
 2038              		.loc 1 134 32 view .LVU618
 2039 0656 77EE696A 		vsub.f32	s13, s14, s19
 134:effects/phasereffect.cpp **** 
 2040              		.loc 1 134 39 view .LVU619
 2041 065a E6EE267A 		vfma.f32	s15, s12, s13
 134:effects/phasereffect.cpp **** 
 2042              		.loc 1 134 16 view .LVU620
 2043 065e E5EC017A 		vstmia.32	r5!, {s15}
 136:effects/phasereffect.cpp ****     }
 2044              		.loc 1 136 9 is_stmt 1 view .LVU621
 136:effects/phasereffect.cpp ****     }
 2045              		.loc 1 136 31 is_stmt 0 view .LVU622
 2046 0662 D7ED2C7A 		vldr.32	s15, [r7, #176]
 2047 0666 7CEE277A 		vadd.f32	s15, s24, s15
 2048              	.LVL189:
 2049              	.LBB555:
 2050              	.LBI555:
  18:effects/phasereffect.cpp ****     while (phase >= 1.0f) {
 2051              		.loc 1 18 21 is_stmt 1 view .LVU623
 2052              	.LBB556:
  19:effects/phasereffect.cpp ****         phase -= 1.0f;
 2053              		.loc 1 19 5 view .LVU624
  19:effects/phasereffect.cpp ****         phase -= 1.0f;
 2054              		.loc 1 19 18 view .LVU625
 2055 066a F4EEC77A 		vcmpe.f32	s15, s14
 2056 066e F1EE10FA 		vmrs	APSR_nzcv, FPSCR
 2057 0672 4DDB     		blt	.L61
 2058              	.L37:
  20:effects/phasereffect.cpp ****     }
 2059              		.loc 1 20 9 view .LVU626
  20:effects/phasereffect.cpp ****     }
 2060              		.loc 1 20 15 is_stmt 0 view .LVU627
 2061 0674 B7EE007A 		vmov.f32	s14, #1.0e+0
 2062 0678 77EEC77A 		vsub.f32	s15, s15, s14
 2063              	.LVL190:
  19:effects/phasereffect.cpp ****         phase -= 1.0f;
 2064              		.loc 1 19 18 is_stmt 1 view .LVU628
 2065 067c F4EEC77A 		vcmpe.f32	s15, s14
 2066 0680 F1EE10FA 		vmrs	APSR_nzcv, FPSCR
 2067 0684 F6DA     		bge	.L37
 2068              	.L62:
ARM GAS  C:\Users\Oliver\AppData\Local\Temp\ccAPLW26.s 			page 94


  22:effects/phasereffect.cpp ****         phase += 1.0f;
 2069              		.loc 1 22 18 view .LVU629
  25:effects/phasereffect.cpp **** }
 2070              		.loc 1 25 5 view .LVU630
 2071              	.LVL191:
  25:effects/phasereffect.cpp **** }
 2072              		.loc 1 25 5 is_stmt 0 view .LVU631
 2073              	.LBE556:
 2074              	.LBE555:
 2075              	.LBE385:
 112:effects/phasereffect.cpp ****         float lfo = LfoValue(lfoPhaseL_, waveShape);
 2076              		.loc 1 112 26 discriminator 1 view .LVU632
 2077 0686 A045     		cmp	r8, r4
 2078              	.LBB567:
 136:effects/phasereffect.cpp ****     }
 2079              		.loc 1 136 20 discriminator 1 view .LVU633
 2080 0688 C7ED2C7A 		vstr.32	s15, [r7, #176]
 2081              	.LBE567:
 112:effects/phasereffect.cpp ****         float lfo = LfoValue(lfoPhaseL_, waveShape);
 2082              		.loc 1 112 5 is_stmt 1 discriminator 2 view .LVU634
 112:effects/phasereffect.cpp ****         float lfo = LfoValue(lfoPhaseL_, waveShape);
 2083              		.loc 1 112 26 discriminator 1 view .LVU635
 2084 068c 3FF4CCAC 		beq	.L17
 2085              	.LBB568:
 2086              	.LBB558:
 2087              	.LBB540:
  30:effects/phasereffect.cpp ****         case 1: {
 2088              		.loc 1 30 5 is_stmt 0 view .LVU636
 2089 0690 BAF1020F 		cmp	r10, #2
 2090 0694 97ED06DA 		vldr.32	s26, [r7, #24]
 2091              	.LBE540:
 2092              	.LBB541:
 2093              	.LBB524:
  25:effects/phasereffect.cpp **** }
 2094              		.loc 1 25 5 is_stmt 1 view .LVU637
 2095              	.LVL192:
  25:effects/phasereffect.cpp **** }
 2096              		.loc 1 25 5 is_stmt 0 view .LVU638
 2097              	.LBE524:
 2098              	.LBE541:
  30:effects/phasereffect.cpp ****         case 1: {
 2099              		.loc 1 30 5 is_stmt 1 view .LVU639
 2100              	.LBB542:
 2101 0698 7FF49AAD 		bne	.L68
 2102              	.LVL193:
 2103              	.L28:
 2104              	.LBB532:
  35:effects/phasereffect.cpp ****             return -1.0f + 2.0f * phase;
 2105              		.loc 1 35 9 view .LVU640
  36:effects/phasereffect.cpp ****         case 3:
 2106              		.loc 1 36 13 view .LVU641
  36:effects/phasereffect.cpp ****         case 3:
 2107              		.loc 1 36 35 is_stmt 0 view .LVU642
 2108 069c F0EE005A 		vmov.f32	s11, #2.0e+0
 2109 06a0 BFEE007A 		vmov.f32	s14, #-1.0e+0
 2110              	.LBE532:
 2111              	.LBE542:
ARM GAS  C:\Users\Oliver\AppData\Local\Temp\ccAPLW26.s 			page 95


 2112              	.LBE558:
 114:effects/phasereffect.cpp **** 
 2113              		.loc 1 114 33 view .LVU643
 2114 06a4 B7EE006A 		vmov.f32	s12, #1.0e+0
 114:effects/phasereffect.cpp **** 
 2115              		.loc 1 114 15 view .LVU644
 2116 06a8 F6EE006A 		vmov.f32	s13, #5.0e-1
 2117              	.LBB559:
 2118              	.LBB543:
 2119              	.LBB533:
  36:effects/phasereffect.cpp ****         case 3:
 2120              		.loc 1 36 35 view .LVU645
 2121 06ac A7EEA57A 		vfma.f32	s14, s15, s11
 2122              	.LBE533:
 2123              	.LBE543:
 2124              	.LBE559:
 121:effects/phasereffect.cpp **** 
 2125              		.loc 1 121 49 view .LVU646
 2126 06b0 DDED037A 		vldr.32	s15, [sp, #12]
 2127              	.LVL194:
 114:effects/phasereffect.cpp **** 
 2128              		.loc 1 114 33 view .LVU647
 2129 06b4 37EE06EA 		vadd.f32	s28, s14, s12
 114:effects/phasereffect.cpp **** 
 2130              		.loc 1 114 15 view .LVU648
 2131 06b8 2EEE26EA 		vmul.f32	s28, s28, s13
 121:effects/phasereffect.cpp **** 
 2132              		.loc 1 121 49 view .LVU649
 2133 06bc 2EEE27EA 		vmul.f32	s28, s28, s15
 2134              	.LBB560:
 2135              	.LBB544:
 2136              	.LBB534:
  36:effects/phasereffect.cpp ****         case 3:
 2137              		.loc 1 36 35 view .LVU650
 2138 06c0 A8E5     		b	.L33
 2139              	.LVL195:
 2140              	.L30:
  39:effects/phasereffect.cpp ****         default:
 2141              		.loc 1 39 9 is_stmt 1 view .LVU651
  40:effects/phasereffect.cpp ****             return std::sinf(2.0f * kPi * phase);
 2142              		.loc 1 40 9 view .LVU652
  41:effects/phasereffect.cpp ****     }
 2143              		.loc 1 41 13 view .LVU653
  41:effects/phasereffect.cpp ****     }
 2144              		.loc 1 41 29 is_stmt 0 view .LVU654
 2145 06c2 1FEDBD0A 		vldr.32	s0, .L69+40
 2146 06c6 27EE800A 		vmul.f32	s0, s15, s0
 2147 06ca FFF7FEFF 		bl	sinf
 2148              	.LVL196:
  41:effects/phasereffect.cpp ****     }
 2149              		.loc 1 41 29 view .LVU655
 2150              	.LBE534:
 2151              	.LBE544:
 2152              	.LBE560:
 114:effects/phasereffect.cpp **** 
 2153              		.loc 1 114 33 view .LVU656
 2154 06ce B7EE007A 		vmov.f32	s14, #1.0e+0
ARM GAS  C:\Users\Oliver\AppData\Local\Temp\ccAPLW26.s 			page 96


 114:effects/phasereffect.cpp **** 
 2155              		.loc 1 114 15 view .LVU657
 2156 06d2 F6EE007A 		vmov.f32	s15, #5.0e-1
 114:effects/phasereffect.cpp **** 
 2157              		.loc 1 114 33 view .LVU658
 2158 06d6 30EE07EA 		vadd.f32	s28, s0, s14
 114:effects/phasereffect.cpp **** 
 2159              		.loc 1 114 15 view .LVU659
 2160 06da 2EEE27EA 		vmul.f32	s28, s28, s15
 121:effects/phasereffect.cpp **** 
 2161              		.loc 1 121 49 view .LVU660
 2162 06de DDED037A 		vldr.32	s15, [sp, #12]
 2163 06e2 2EEE27EA 		vmul.f32	s28, s28, s15
 2164              	.LBB561:
 2165              	.LBB545:
 2166              	.LBB535:
  41:effects/phasereffect.cpp ****     }
 2167              		.loc 1 41 48 view .LVU661
 2168 06e6 95E5     		b	.L33
 2169              	.LVL197:
 2170              	.L29:
  37:effects/phasereffect.cpp ****             return (phase < 0.5f) ? 1.0f : -1.0f;
 2171              		.loc 1 37 9 is_stmt 1 view .LVU662
  38:effects/phasereffect.cpp ****         case 0:
 2172              		.loc 1 38 13 view .LVU663
  38:effects/phasereffect.cpp ****         case 0:
 2173              		.loc 1 38 35 is_stmt 0 view .LVU664
 2174 06e8 B6EE007A 		vmov.f32	s14, #5.0e-1
 2175 06ec F4EEC77A 		vcmpe.f32	s15, s14
 2176 06f0 F1EE10FA 		vmrs	APSR_nzcv, FPSCR
 2177 06f4 09D4     		bmi	.L43
  38:effects/phasereffect.cpp ****         case 0:
 2178              		.loc 1 38 35 view .LVU665
 2179              	.LBE535:
 2180              	.LBE545:
 2181              	.LBE561:
 121:effects/phasereffect.cpp **** 
 2182              		.loc 1 121 49 view .LVU666
 2183 06f6 1FEDC9EA 		vldr.32	s28, .L69+44
 2184 06fa DDED037A 		vldr.32	s15, [sp, #12]
 2185              	.LVL198:
 121:effects/phasereffect.cpp **** 
 2186              		.loc 1 121 49 view .LVU667
 2187 06fe 27EE8EEA 		vmul.f32	s28, s15, s28
 2188 0702 87E5     		b	.L33
 2189              	.LVL199:
 2190              	.L46:
 2191              	.LBB562:
 2192              	.LBB514:
 2193              	.LBB489:
 2194              	.LBB443:
  26:effects/phasereffect.h ****             z1 = x + a * y;
 2195              		.loc 4 26 19 view .LVU668
 2196 0704 B0EE658A 		vmov.f32	s16, s11
 2197 0708 9BE7     		b	.L34
 2198              	.LVL200:
 2199              	.L43:
ARM GAS  C:\Users\Oliver\AppData\Local\Temp\ccAPLW26.s 			page 97


  26:effects/phasereffect.h ****             z1 = x + a * y;
 2200              		.loc 4 26 19 view .LVU669
 2201              	.LBE443:
 2202              	.LBE489:
 2203              	.LBE514:
 2204              	.LBE562:
 2205              	.LBB563:
 2206              	.LBB546:
 2207              	.LBB536:
 2208 070a 9DED03EA 		vldr.32	s28, [sp, #12]
 2209 070e 81E5     		b	.L33
 2210              	.LVL201:
 2211              	.L61:
  26:effects/phasereffect.h ****             z1 = x + a * y;
 2212              		.loc 4 26 19 view .LVU670
 2213              	.LBE536:
 2214              	.LBE546:
 2215              	.LBE563:
 2216              	.LBB564:
 2217              	.LBB557:
  22:effects/phasereffect.cpp ****         phase += 1.0f;
 2218              		.loc 1 22 18 is_stmt 1 view .LVU671
 2219 0710 F5EEC07A 		vcmpe.f32	s15, #0
 2220 0714 F1EE10FA 		vmrs	APSR_nzcv, FPSCR
 2221 0718 B5D5     		bpl	.L62
 2222              	.L39:
  23:effects/phasereffect.cpp ****     }
 2223              		.loc 1 23 9 view .LVU672
  23:effects/phasereffect.cpp ****     }
 2224              		.loc 1 23 15 is_stmt 0 view .LVU673
 2225 071a B7EE007A 		vmov.f32	s14, #1.0e+0
 2226 071e 77EE877A 		vadd.f32	s15, s15, s14
 2227              	.LVL202:
  22:effects/phasereffect.cpp ****         phase += 1.0f;
 2228              		.loc 1 22 18 is_stmt 1 view .LVU674
 2229 0722 F5EEC07A 		vcmpe.f32	s15, #0
 2230 0726 F1EE10FA 		vmrs	APSR_nzcv, FPSCR
 2231 072a F6D4     		bmi	.L39
  25:effects/phasereffect.cpp **** }
 2232              		.loc 1 25 5 view .LVU675
 2233              	.LVL203:
  25:effects/phasereffect.cpp **** }
 2234              		.loc 1 25 5 is_stmt 0 view .LVU676
 2235              	.LBE557:
 2236              	.LBE564:
 2237              	.LBE568:
 112:effects/phasereffect.cpp ****         float lfo = LfoValue(lfoPhaseL_, waveShape);
 2238              		.loc 1 112 26 discriminator 1 view .LVU677
 2239 072c A045     		cmp	r8, r4
 2240              	.LBB569:
 136:effects/phasereffect.cpp ****     }
 2241              		.loc 1 136 20 discriminator 1 view .LVU678
 2242 072e C7ED2C7A 		vstr.32	s15, [r7, #176]
 2243              	.LBE569:
 112:effects/phasereffect.cpp ****         float lfo = LfoValue(lfoPhaseL_, waveShape);
 2244              		.loc 1 112 5 is_stmt 1 discriminator 2 view .LVU679
 112:effects/phasereffect.cpp ****         float lfo = LfoValue(lfoPhaseL_, waveShape);
ARM GAS  C:\Users\Oliver\AppData\Local\Temp\ccAPLW26.s 			page 98


 2245              		.loc 1 112 26 discriminator 1 view .LVU680
 2246 0732 3FF479AC 		beq	.L17
 2247 0736 97ED06DA 		vldr.32	s26, [r7, #24]
 2248 073a 27E5     		b	.L42
 2249              	.LVL204:
 2250              	.L67:
 2251              	.LBB570:
 2252              	.LBB565:
 2253              	.LBB547:
 2254              	.LBB537:
 2255              	.LBB529:
  33:effects/phasereffect.cpp ****         }
 2256              		.loc 1 33 31 is_stmt 0 discriminator 1 view .LVU681
 2257 073c 77EE667A 		vsub.f32	s15, s14, s13
 2258              	.LVL205:
  33:effects/phasereffect.cpp ****         }
 2259              		.loc 1 33 31 discriminator 1 view .LVU682
 2260              	.LBE529:
 2261              	.LBE537:
 2262              	.LBE547:
 2263              	.LBE565:
 114:effects/phasereffect.cpp **** 
 2264              		.loc 1 114 15 view .LVU683
 2265 0740 B6EE007A 		vmov.f32	s14, #5.0e-1
 114:effects/phasereffect.cpp **** 
 2266              		.loc 1 114 33 view .LVU684
 2267 0744 77EEA67A 		vadd.f32	s15, s15, s13
 114:effects/phasereffect.cpp **** 
 2268              		.loc 1 114 15 view .LVU685
 2269 0748 67EE877A 		vmul.f32	s15, s15, s14
 121:effects/phasereffect.cpp **** 
 2270              		.loc 1 121 49 view .LVU686
 2271 074c 9DED037A 		vldr.32	s14, [sp, #12]
 2272 0750 27EE87EA 		vmul.f32	s28, s15, s14
 2273              	.LBB566:
 2274              	.LBB548:
 2275              	.LBB538:
 2276              	.LBB530:
 2277 0754 5EE5     		b	.L33
 2278              	.LBE530:
 2279              	.LBE538:
 2280              	.LBE548:
 2281              	.LBE566:
 2282              	.LBE570:
 2283              	.LBE384:
 2284              	.LBE376:
 2285              	.LBE375:
 2286              		.cfi_endproc
 2287              	.LFE5152:
 2289 0756 00BF     		.section	.text._ZN11perspective12PhaserEffect13ProcessStereoEPfS1_S1_S1_j,"ax",%progbits
 2290              		.align	1
 2291              		.p2align 2,,3
 2292              		.global	_ZN11perspective12PhaserEffect13ProcessStereoEPfS1_S1_S1_j
 2293              		.syntax unified
 2294              		.thumb
 2295              		.thumb_func
 2297              	_ZN11perspective12PhaserEffect13ProcessStereoEPfS1_S1_S1_j:
ARM GAS  C:\Users\Oliver\AppData\Local\Temp\ccAPLW26.s 			page 99


 2298              	.LVL206:
 2299              	.LFB5153:
 140:effects/phasereffect.cpp ****     if (!enabled_) {
 2300              		.loc 1 140 97 is_stmt 1 view -0
 2301              		.cfi_startproc
 2302              		@ args = 8, pretend = 0, frame = 32
 2303              		@ frame_needed = 0, uses_anonymous_args = 0
 141:effects/phasereffect.cpp ****         for (size_t i = 0; i < size; ++i) {
 2304              		.loc 1 141 5 view .LVU688
 140:effects/phasereffect.cpp ****     if (!enabled_) {
 2305              		.loc 1 140 97 is_stmt 0 view .LVU689
 2306 0000 2DE9F04F 		push	{r4, r5, r6, r7, r8, r9, r10, fp, lr}
 2307              		.cfi_def_cfa_offset 36
 2308              		.cfi_offset 4, -36
 2309              		.cfi_offset 5, -32
 2310              		.cfi_offset 6, -28
 2311              		.cfi_offset 7, -24
 2312              		.cfi_offset 8, -20
 2313              		.cfi_offset 9, -16
 2314              		.cfi_offset 10, -12
 2315              		.cfi_offset 11, -8
 2316              		.cfi_offset 14, -4
 2317 0004 1746     		mov	r7, r2
 2318              	.LBB647:
 141:effects/phasereffect.cpp ****         for (size_t i = 0; i < size; ++i) {
 2319              		.loc 1 141 5 view .LVU690
 2320 0006 027D     		ldrb	r2, [r0, #20]	@ zero_extendqisi2
 2321              	.LVL207:
 141:effects/phasereffect.cpp ****         for (size_t i = 0; i < size; ++i) {
 2322              		.loc 1 141 5 view .LVU691
 2323              	.LBE647:
 140:effects/phasereffect.cpp ****     if (!enabled_) {
 2324              		.loc 1 140 97 view .LVU692
 2325 0008 0E46     		mov	r6, r1
 2326 000a 9846     		mov	r8, r3
 2327 000c 2DED108B 		vpush.64	{d8, d9, d10, d11, d12, d13, d14, d15}
 2328              		.cfi_def_cfa_offset 100
 2329              		.cfi_offset 80, -100
 2330              		.cfi_offset 81, -96
 2331              		.cfi_offset 82, -92
 2332              		.cfi_offset 83, -88
 2333              		.cfi_offset 84, -84
 2334              		.cfi_offset 85, -80
 2335              		.cfi_offset 86, -76
 2336              		.cfi_offset 87, -72
 2337              		.cfi_offset 88, -68
 2338              		.cfi_offset 89, -64
 2339              		.cfi_offset 90, -60
 2340              		.cfi_offset 91, -56
 2341              		.cfi_offset 92, -52
 2342              		.cfi_offset 93, -48
 2343              		.cfi_offset 94, -44
 2344              		.cfi_offset 95, -40
 2345 0010 89B0     		sub	sp, sp, #36
 2346              		.cfi_def_cfa_offset 136
 140:effects/phasereffect.cpp ****     if (!enabled_) {
 2347              		.loc 1 140 97 view .LVU693
ARM GAS  C:\Users\Oliver\AppData\Local\Temp\ccAPLW26.s 			page 100


 2348 0012 DDF88CA0 		ldr	r10, [sp, #140]
 2349              	.LBB649:
 141:effects/phasereffect.cpp ****         for (size_t i = 0; i < size; ++i) {
 2350              		.loc 1 141 5 view .LVU694
 2351 0016 A2B9     		cbnz	r2, .L73
 2352              	.LVL208:
 2353              	.LBB648:
 142:effects/phasereffect.cpp ****             outL[i] = inL[i];
 2354              		.loc 1 142 30 is_stmt 1 discriminator 1 view .LVU695
 2355 0018 BAF1000F 		cmp	r10, #0
 2356 001c 0CD0     		beq	.L72
 2357 001e 2299     		ldr	r1, [sp, #136]
 2358              	.LVL209:
 142:effects/phasereffect.cpp ****             outL[i] = inL[i];
 2359              		.loc 1 142 30 is_stmt 0 discriminator 1 view .LVU696
 2360 0020 06EB8A0A 		add	r10, r6, r10, lsl #2
 2361              	.LVL210:
 2362              	.L75:
 143:effects/phasereffect.cpp ****             outR[i] = inR[i];
 2363              		.loc 1 143 13 is_stmt 1 view .LVU697
 143:effects/phasereffect.cpp ****             outR[i] = inR[i];
 2364              		.loc 1 143 28 is_stmt 0 view .LVU698
 2365 0024 56F8043B 		ldr	r3, [r6], #4	@ float
 143:effects/phasereffect.cpp ****             outR[i] = inR[i];
 2366              		.loc 1 143 21 view .LVU699
 2367 0028 48F8043B 		str	r3, [r8], #4	@ float
 144:effects/phasereffect.cpp ****         }
 2368              		.loc 1 144 13 is_stmt 1 view .LVU700
 142:effects/phasereffect.cpp ****             outL[i] = inL[i];
 2369              		.loc 1 142 30 is_stmt 0 discriminator 1 view .LVU701
 2370 002c B245     		cmp	r10, r6
 144:effects/phasereffect.cpp ****         }
 2371              		.loc 1 144 28 view .LVU702
 2372 002e 57F8043B 		ldr	r3, [r7], #4	@ float
 144:effects/phasereffect.cpp ****         }
 2373              		.loc 1 144 21 view .LVU703
 2374 0032 41F8043B 		str	r3, [r1], #4	@ float
 142:effects/phasereffect.cpp ****             outL[i] = inL[i];
 2375              		.loc 1 142 9 is_stmt 1 discriminator 3 view .LVU704
 142:effects/phasereffect.cpp ****             outL[i] = inL[i];
 2376              		.loc 1 142 30 discriminator 1 view .LVU705
 2377 0036 F5D1     		bne	.L75
 2378              	.LVL211:
 2379              	.L72:
 142:effects/phasereffect.cpp ****             outL[i] = inL[i];
 2380              		.loc 1 142 30 is_stmt 0 discriminator 1 view .LVU706
 2381              	.LBE648:
 2382              	.LBE649:
 204:effects/phasereffect.cpp **** 
 2383              		.loc 1 204 1 view .LVU707
 2384 0038 09B0     		add	sp, sp, #36
 2385              		.cfi_remember_state
 2386              		.cfi_def_cfa_offset 100
 2387              		@ sp needed
 2388 003a BDEC108B 		vldm	sp!, {d8-d15}
 2389              		.cfi_restore 94
 2390              		.cfi_restore 95
ARM GAS  C:\Users\Oliver\AppData\Local\Temp\ccAPLW26.s 			page 101


 2391              		.cfi_restore 92
 2392              		.cfi_restore 93
 2393              		.cfi_restore 90
 2394              		.cfi_restore 91
 2395              		.cfi_restore 88
 2396              		.cfi_restore 89
 2397              		.cfi_restore 86
 2398              		.cfi_restore 87
 2399              		.cfi_restore 84
 2400              		.cfi_restore 85
 2401              		.cfi_restore 82
 2402              		.cfi_restore 83
 2403              		.cfi_restore 80
 2404              		.cfi_restore 81
 2405              		.cfi_def_cfa_offset 36
 2406 003e BDE8F08F 		pop	{r4, r5, r6, r7, r8, r9, r10, fp, pc}
 2407              	.LVL212:
 2408              	.L73:
 2409              		.cfi_restore_state
 2410              	.LBB650:
 2411              	.LBI650:
 140:effects/phasereffect.cpp ****     if (!enabled_) {
 2412              		.loc 1 140 6 is_stmt 1 view .LVU708
 2413              	.LBB651:
 149:effects/phasereffect.cpp ****     float depth = Clamp(parameters_[1]->GetValue(), 0.0f, 1.0f);
 2414              		.loc 1 149 5 view .LVU709
 2415              	.LBB652:
 2416              	.LBI652:
1141:C:/Program Files (x86)/Arm GNU Toolchain arm-none-eabi/14.3 rel1/arm-none-eabi/include/c++/14.3.1/bits\stl_vector.h ****       {
 2417              		.loc 2 1141 7 view .LVU710
1141:C:/Program Files (x86)/Arm GNU Toolchain arm-none-eabi/14.3 rel1/arm-none-eabi/include/c++/14.3.1/bits\stl_vector.h ****       {
 2418              		.loc 2 1141 7 is_stmt 0 view .LVU711
 2419 0042 B7EE00AA 		vmov.f32	s20, #1.0e+0
 2420              	.LBE652:
 149:effects/phasereffect.cpp ****     float depth = Clamp(parameters_[1]->GetValue(), 0.0f, 1.0f);
 2421              		.loc 1 149 22 discriminator 1 view .LVU712
 2422 0046 8368     		ldr	r3, [r0, #8]
 2423              	.LVL213:
 149:effects/phasereffect.cpp ****     float depth = Clamp(parameters_[1]->GetValue(), 0.0f, 1.0f);
 2424              		.loc 1 149 22 discriminator 1 view .LVU713
 2425 0048 0446     		mov	r4, r0
 2426 004a 9FEDE58A 		vldr.32	s16, .L170+48
 2427 004e 1868     		ldr	r0, [r3]
 2428              	.LVL214:
 149:effects/phasereffect.cpp ****     float depth = Clamp(parameters_[1]->GetValue(), 0.0f, 1.0f);
 2429              		.loc 1 149 22 discriminator 1 view .LVU714
 2430 0050 B2EE009A 		vmov.f32	s18, #8.0e+0
 2431 0054 FFF7FEFF 		bl	_ZNK11perspective15EffectParameter8GetValueEv
 2432              	.LVL215:
 149:effects/phasereffect.cpp ****     float depth = Clamp(parameters_[1]->GetValue(), 0.0f, 1.0f);
 2433              		.loc 1 149 22 discriminator 1 view .LVU715
 2434 0058 B4EECA0A 		vcmpe.f32	s0, s20
 150:effects/phasereffect.cpp ****     float rateHz = parameters_[2]->GetValue();
 2435              		.loc 1 150 24 discriminator 1 view .LVU716
 2436 005c A368     		ldr	r3, [r4, #8]
 2437 005e F1EE10FA 		vmrs	APSR_nzcv, FPSCR
 2438 0062 5868     		ldr	r0, [r3, #4]
ARM GAS  C:\Users\Oliver\AppData\Local\Temp\ccAPLW26.s 			page 102


 2439 0064 7AFE00AA 		vselgt.f32	s21, s20, s0
 2440              	.LVL216:
 150:effects/phasereffect.cpp ****     float rateHz = parameters_[2]->GetValue();
 2441              		.loc 1 150 24 discriminator 1 view .LVU717
 2442 0068 F4EEC8AA 		vcmpe.f32	s21, s16
 2443 006c F1EE10FA 		vmrs	APSR_nzcv, FPSCR
 2444 0070 7AFE88AA 		vselgt.f32	s21, s21, s16
 2445              	.LVL217:
 150:effects/phasereffect.cpp ****     float rateHz = parameters_[2]->GetValue();
 2446              		.loc 1 150 5 is_stmt 1 view .LVU718
 2447              	.LBB653:
 2448              	.LBI653:
1141:C:/Program Files (x86)/Arm GNU Toolchain arm-none-eabi/14.3 rel1/arm-none-eabi/include/c++/14.3.1/bits\stl_vector.h ****       {
 2449              		.loc 2 1141 7 view .LVU719
1141:C:/Program Files (x86)/Arm GNU Toolchain arm-none-eabi/14.3 rel1/arm-none-eabi/include/c++/14.3.1/bits\stl_vector.h ****       {
 2450              		.loc 2 1141 7 is_stmt 0 view .LVU720
 2451              	.LBE653:
 150:effects/phasereffect.cpp ****     float rateHz = parameters_[2]->GetValue();
 2452              		.loc 1 150 24 discriminator 1 view .LVU721
 2453 0074 FFF7FEFF 		bl	_ZNK11perspective15EffectParameter8GetValueEv
 2454              	.LVL218:
 150:effects/phasereffect.cpp ****     float rateHz = parameters_[2]->GetValue();
 2455              		.loc 1 150 24 discriminator 1 view .LVU722
 2456 0078 B4EECA0A 		vcmpe.f32	s0, s20
 151:effects/phasereffect.cpp ****     float feedback = parameters_[3]->GetValue();
 2457              		.loc 1 151 44 discriminator 1 view .LVU723
 2458 007c A368     		ldr	r3, [r4, #8]
 2459 007e 9868     		ldr	r0, [r3, #8]
 2460 0080 F1EE10FA 		vmrs	APSR_nzcv, FPSCR
 2461 0084 7AFE007A 		vselgt.f32	s15, s20, s0
 2462              	.LVL219:
 151:effects/phasereffect.cpp ****     float feedback = parameters_[3]->GetValue();
 2463              		.loc 1 151 44 discriminator 1 view .LVU724
 2464 0088 F4EEC87A 		vcmpe.f32	s15, s16
 2465 008c F1EE10FA 		vmrs	APSR_nzcv, FPSCR
 2466 0090 37FE888A 		vselgt.f32	s16, s15, s16
 2467              	.LVL220:
 151:effects/phasereffect.cpp ****     float feedback = parameters_[3]->GetValue();
 2468              		.loc 1 151 5 is_stmt 1 view .LVU725
 2469              	.LBB654:
 2470              	.LBI654:
1141:C:/Program Files (x86)/Arm GNU Toolchain arm-none-eabi/14.3 rel1/arm-none-eabi/include/c++/14.3.1/bits\stl_vector.h ****       {
 2471              		.loc 2 1141 7 view .LVU726
1141:C:/Program Files (x86)/Arm GNU Toolchain arm-none-eabi/14.3 rel1/arm-none-eabi/include/c++/14.3.1/bits\stl_vector.h ****       {
 2472              		.loc 2 1141 7 is_stmt 0 view .LVU727
 2473              	.LBE654:
 151:effects/phasereffect.cpp ****     float feedback = parameters_[3]->GetValue();
 2474              		.loc 1 151 44 discriminator 1 view .LVU728
 2475 0094 FFF7FEFF 		bl	_ZNK11perspective15EffectParameter8GetValueEv
 2476              	.LVL221:
 152:effects/phasereffect.cpp ****     float centerHz = parameters_[4]->GetValue();
 2477              		.loc 1 152 46 discriminator 1 view .LVU729
 2478 0098 A368     		ldr	r3, [r4, #8]
 151:effects/phasereffect.cpp ****     float feedback = parameters_[3]->GetValue();
 2479              		.loc 1 151 44 discriminator 1 view .LVU730
 2480 009a B0EE40BA 		vmov.f32	s22, s0
 2481              	.LVL222:
ARM GAS  C:\Users\Oliver\AppData\Local\Temp\ccAPLW26.s 			page 103


 152:effects/phasereffect.cpp ****     float centerHz = parameters_[4]->GetValue();
 2482              		.loc 1 152 5 is_stmt 1 view .LVU731
 2483              	.LBB655:
 2484              	.LBI655:
1141:C:/Program Files (x86)/Arm GNU Toolchain arm-none-eabi/14.3 rel1/arm-none-eabi/include/c++/14.3.1/bits\stl_vector.h ****       {
 2485              		.loc 2 1141 7 view .LVU732
1141:C:/Program Files (x86)/Arm GNU Toolchain arm-none-eabi/14.3 rel1/arm-none-eabi/include/c++/14.3.1/bits\stl_vector.h ****       {
 2486              		.loc 2 1141 7 is_stmt 0 view .LVU733
 2487              	.LBE655:
 152:effects/phasereffect.cpp ****     float centerHz = parameters_[4]->GetValue();
 2488              		.loc 1 152 46 discriminator 1 view .LVU734
 2489 009e D868     		ldr	r0, [r3, #12]
 2490 00a0 FFF7FEFF 		bl	_ZNK11perspective15EffectParameter8GetValueEv
 2491              	.LVL223:
 153:effects/phasereffect.cpp ****     int stages = static_cast<int>(Clamp(parameters_[5]->GetValue(), 2.0f, 8.0f));
 2492              		.loc 1 153 46 discriminator 1 view .LVU735
 2493 00a4 A368     		ldr	r3, [r4, #8]
 152:effects/phasereffect.cpp ****     float centerHz = parameters_[4]->GetValue();
 2494              		.loc 1 152 46 discriminator 1 view .LVU736
 2495 00a6 8DED030A 		vstr.32	s0, [sp, #12]
 2496              	.LVL224:
 153:effects/phasereffect.cpp ****     int stages = static_cast<int>(Clamp(parameters_[5]->GetValue(), 2.0f, 8.0f));
 2497              		.loc 1 153 5 is_stmt 1 view .LVU737
 2498              	.LBB656:
 2499              	.LBI656:
1141:C:/Program Files (x86)/Arm GNU Toolchain arm-none-eabi/14.3 rel1/arm-none-eabi/include/c++/14.3.1/bits\stl_vector.h ****       {
 2500              		.loc 2 1141 7 view .LVU738
1141:C:/Program Files (x86)/Arm GNU Toolchain arm-none-eabi/14.3 rel1/arm-none-eabi/include/c++/14.3.1/bits\stl_vector.h ****       {
 2501              		.loc 2 1141 7 is_stmt 0 view .LVU739
 2502              	.LBE656:
 153:effects/phasereffect.cpp ****     int stages = static_cast<int>(Clamp(parameters_[5]->GetValue(), 2.0f, 8.0f));
 2503              		.loc 1 153 46 discriminator 1 view .LVU740
 2504 00aa 1869     		ldr	r0, [r3, #16]
 2505 00ac FFF7FEFF 		bl	_ZNK11perspective15EffectParameter8GetValueEv
 2506              	.LVL225:
 154:effects/phasereffect.cpp ****     int waveShape = static_cast<int>(parameters_[6]->GetValue());
 2507              		.loc 1 154 40 discriminator 1 view .LVU741
 2508 00b0 A368     		ldr	r3, [r4, #8]
 153:effects/phasereffect.cpp ****     int stages = static_cast<int>(Clamp(parameters_[5]->GetValue(), 2.0f, 8.0f));
 2509              		.loc 1 153 46 discriminator 1 view .LVU742
 2510 00b2 F0EE409A 		vmov.f32	s19, s0
 2511              	.LVL226:
 154:effects/phasereffect.cpp ****     int waveShape = static_cast<int>(parameters_[6]->GetValue());
 2512              		.loc 1 154 5 is_stmt 1 view .LVU743
 2513              	.LBB657:
 2514              	.LBI657:
1141:C:/Program Files (x86)/Arm GNU Toolchain arm-none-eabi/14.3 rel1/arm-none-eabi/include/c++/14.3.1/bits\stl_vector.h ****       {
 2515              		.loc 2 1141 7 view .LVU744
1141:C:/Program Files (x86)/Arm GNU Toolchain arm-none-eabi/14.3 rel1/arm-none-eabi/include/c++/14.3.1/bits\stl_vector.h ****       {
 2516              		.loc 2 1141 7 is_stmt 0 view .LVU745
 2517              	.LBE657:
 154:effects/phasereffect.cpp ****     int waveShape = static_cast<int>(parameters_[6]->GetValue());
 2518              		.loc 1 154 40 discriminator 1 view .LVU746
 2519 00b6 5869     		ldr	r0, [r3, #20]
 2520 00b8 FFF7FEFF 		bl	_ZNK11perspective15EffectParameter8GetValueEv
 2521              	.LVL227:
 154:effects/phasereffect.cpp ****     int waveShape = static_cast<int>(parameters_[6]->GetValue());
ARM GAS  C:\Users\Oliver\AppData\Local\Temp\ccAPLW26.s 			page 104


 2522              		.loc 1 154 40 discriminator 1 view .LVU747
 2523 00bc B4EEC90A 		vcmpe.f32	s0, s18
 155:effects/phasereffect.cpp **** 
 2524              		.loc 1 155 62 discriminator 1 view .LVU748
 2525 00c0 A368     		ldr	r3, [r4, #8]
 2526 00c2 F1EE10FA 		vmrs	APSR_nzcv, FPSCR
 2527 00c6 9869     		ldr	r0, [r3, #24]
 2528 00c8 39FE009A 		vselgt.f32	s18, s18, s0
 2529              	.LVL228:
 155:effects/phasereffect.cpp **** 
 2530              		.loc 1 155 5 is_stmt 1 view .LVU749
 2531              	.LBB658:
 2532              	.LBI658:
1141:C:/Program Files (x86)/Arm GNU Toolchain arm-none-eabi/14.3 rel1/arm-none-eabi/include/c++/14.3.1/bits\stl_vector.h ****       {
 2533              		.loc 2 1141 7 view .LVU750
1141:C:/Program Files (x86)/Arm GNU Toolchain arm-none-eabi/14.3 rel1/arm-none-eabi/include/c++/14.3.1/bits\stl_vector.h ****       {
 2534              		.loc 2 1141 7 is_stmt 0 view .LVU751
 2535              	.LBE658:
 155:effects/phasereffect.cpp **** 
 2536              		.loc 1 155 62 discriminator 1 view .LVU752
 2537 00cc FFF7FEFF 		bl	_ZNK11perspective15EffectParameter8GetValueEv
 2538              	.LVL229:
 161:effects/phasereffect.cpp **** 
 2539              		.loc 1 161 11 view .LVU753
 2540 00d0 D4ED068A 		vldr.32	s17, [r4, #24]
 154:effects/phasereffect.cpp ****     int waveShape = static_cast<int>(parameters_[6]->GetValue());
 2541              		.loc 1 154 80 discriminator 3 view .LVU754
 2542 00d4 F0EE007A 		vmov.f32	s15, #2.0e+0
 161:effects/phasereffect.cpp **** 
 2543              		.loc 1 161 11 view .LVU755
 2544 00d8 8BEE285A 		vdiv.f32	s10, s22, s17
 154:effects/phasereffect.cpp ****     int waveShape = static_cast<int>(parameters_[6]->GetValue());
 2545              		.loc 1 154 80 discriminator 3 view .LVU756
 2546 00dc B4EEE79A 		vcmpe.f32	s18, s15
 2547 00e0 F1EE10FA 		vmrs	APSR_nzcv, FPSCR
 2548 00e4 39FE279A 		vselgt.f32	s18, s18, s15
 2549              	.LVL230:
 154:effects/phasereffect.cpp ****     int waveShape = static_cast<int>(parameters_[6]->GetValue());
 2550              		.loc 1 154 80 discriminator 3 view .LVU757
 2551 00e8 FDEEC97A 		vcvt.s32.f32	s15, s18
 2552 00ec 17EE905A 		vmov	r5, s15	@ int
 155:effects/phasereffect.cpp **** 
 2553              		.loc 1 155 64 discriminator 2 view .LVU758
 2554 00f0 FDEEC07A 		vcvt.s32.f32	s15, s0
 157:effects/phasereffect.cpp ****         stages = 2;
 2555              		.loc 1 157 5 view .LVU759
 2556 00f4 022D     		cmp	r5, #2
 161:effects/phasereffect.cpp **** 
 2557              		.loc 1 161 11 view .LVU760
 2558 00f6 8DED045A 		vstr.32	s10, [sp, #16]
 155:effects/phasereffect.cpp **** 
 2559              		.loc 1 155 64 discriminator 2 view .LVU761
 2560 00fa 17EE909A 		vmov	r9, s15	@ int
 2561              	.LVL231:
 157:effects/phasereffect.cpp ****         stages = 2;
 2562              		.loc 1 157 5 is_stmt 1 view .LVU762
 2563 00fe B8BF     		it	lt
ARM GAS  C:\Users\Oliver\AppData\Local\Temp\ccAPLW26.s 			page 105


 2564 0100 0225     		movlt	r5, #2
 2565              	.LVL232:
 161:effects/phasereffect.cpp **** 
 2566              		.loc 1 161 5 view .LVU763
 163:effects/phasereffect.cpp ****         float lfoL = LfoValue(lfoPhaseL_, waveShape);
 2567              		.loc 1 163 5 view .LVU764
 2568              	.LBB659:
 163:effects/phasereffect.cpp ****         float lfoL = LfoValue(lfoPhaseL_, waveShape);
 2569              		.loc 1 163 26 discriminator 1 view .LVU765
 2570 0102 BAF1000F 		cmp	r10, #0
 2571 0106 97D0     		beq	.L72
 2572              	.LBB660:
 170:effects/phasereffect.cpp ****         float maxHz = centerHz * (1.0f + 2.5f * depth);
 2573              		.loc 1 170 40 is_stmt 0 view .LVU766
 2574 0108 F0EE4A6A 		vmov.f32	s13, s20
 2575 010c DFEDA87A 		vldr.32	s15, .L170
 171:effects/phasereffect.cpp ****         minHz = Clamp(minHz, 40.0f, 6000.0f);
 2576              		.loc 1 171 40 view .LVU767
 2577 0110 F0EE045A 		vmov.f32	s11, #2.5e+0
 2578 0114 DFEDA7BA 		vldr.32	s23, .L170+4
 2579 0118 B0EE4A7A 		vmov.f32	s14, s20
 2580 011c 9FEDA66A 		vldr.32	s12, .L170+8
 170:effects/phasereffect.cpp ****         float maxHz = centerHz * (1.0f + 2.5f * depth);
 2581              		.loc 1 170 40 view .LVU768
 2582 0120 E8EE676A 		vfms.f32	s13, s16, s15
 2583 0124 DFEDA57A 		vldr.32	s15, .L170+12
 202:effects/phasereffect.cpp ****     }
 2584              		.loc 1 202 54 view .LVU769
 2585 0128 DFEDA5CA 		vldr.32	s25, .L170+16
 2586 012c 06EB8A03 		add	r3, r6, r10, lsl #2
 171:effects/phasereffect.cpp ****         minHz = Clamp(minHz, 40.0f, 6000.0f);
 2587              		.loc 1 171 40 view .LVU770
 2588 0130 A8EE257A 		vfma.f32	s14, s16, s11
 202:effects/phasereffect.cpp ****     }
 2589              		.loc 1 202 54 view .LVU771
 2590 0134 65EE2C5A 		vmul.f32	s11, s10, s25
 2591 0138 0793     		str	r3, [sp, #28]
 2592 013a 229B     		ldr	r3, [sp, #136]
 170:effects/phasereffect.cpp ****         float maxHz = centerHz * (1.0f + 2.5f * depth);
 2593              		.loc 1 170 15 view .LVU772
 2594 013c 69EEA66A 		vmul.f32	s13, s19, s13
 202:effects/phasereffect.cpp ****     }
 2595              		.loc 1 202 54 view .LVU773
 2596 0140 CDED065A 		vstr.32	s11, [sp, #24]
 2597 0144 0093     		str	r3, [sp]
 171:effects/phasereffect.cpp ****         minHz = Clamp(minHz, 40.0f, 6000.0f);
 2598              		.loc 1 171 15 view .LVU774
 2599 0146 69EE879A 		vmul.f32	s19, s19, s14
 2600              	.LVL233:
 164:effects/phasereffect.cpp ****         float lfoR = LfoValue(lfoPhaseR_, waveShape);
 2601              		.loc 1 164 30 view .LVU775
 2602 014a 94ED2C7A 		vldr.32	s14, [r4, #176]
 2603 014e F4EEEB6A 		vcmpe.f32	s13, s23
 2604 0152 F1EE10FA 		vmrs	APSR_nzcv, FPSCR
 2605 0156 7BFEA6BA 		vselgt.f32	s23, s23, s13
 2606 015a F4EEC6BA 		vcmpe.f32	s23, s12
 2607 015e F1EE10FA 		vmrs	APSR_nzcv, FPSCR
ARM GAS  C:\Users\Oliver\AppData\Local\Temp\ccAPLW26.s 			page 106


 2608 0162 F4EEE79A 		vcmpe.f32	s19, s15
 2609 0166 3BFE866A 		vselgt.f32	s12, s23, s12
 173:effects/phasereffect.cpp **** 
 2610              		.loc 1 173 22 view .LVU776
 2611 016a 76EE0A6A 		vadd.f32	s13, s12, s20
 2612 016e F1EE10FA 		vmrs	APSR_nzcv, FPSCR
 2613 0172 8DED056A 		vstr.32	s12, [sp, #20]
 2614 0176 77FEA97A 		vselgt.f32	s15, s15, s19
 2615              	.LVL234:
 164:effects/phasereffect.cpp ****         float lfoR = LfoValue(lfoPhaseR_, waveShape);
 2616              		.loc 1 164 9 is_stmt 1 view .LVU777
 2617              	.LBB661:
 2618              	.LBI661:
  28:effects/phasereffect.cpp ****     phase = WrapPhase(phase);
 2619              		.loc 1 28 21 view .LVU778
  29:effects/phasereffect.cpp ****     switch (shape) {
 2620              		.loc 1 29 5 view .LVU779
 2621              	.LBB662:
 2622              	.LBI662:
  18:effects/phasereffect.cpp ****     while (phase >= 1.0f) {
 2623              		.loc 1 18 21 view .LVU780
 2624              	.LBB663:
  19:effects/phasereffect.cpp ****         phase -= 1.0f;
 2625              		.loc 1 19 5 view .LVU781
  19:effects/phasereffect.cpp ****         phase -= 1.0f;
 2626              		.loc 1 19 18 view .LVU782
 2627              	.LBE663:
 2628              	.LBE662:
 2629              	.LBE661:
 175:effects/phasereffect.cpp ****         float sweepR = minHz + (maxHz - minHz) * modR;
 2630              		.loc 1 175 39 is_stmt 0 view .LVU783
 2631 017a F4EEE76A 		vcmpe.f32	s13, s15
 2632 017e F1EE10FA 		vmrs	APSR_nzcv, FPSCR
 2633              	.LBB704:
 2634              	.LBB670:
 2635              	.LBB664:
  19:effects/phasereffect.cpp ****         phase -= 1.0f;
 2636              		.loc 1 19 18 view .LVU784
 2637 0182 B4EECA7A 		vcmpe.f32	s14, s20
 2638              	.LBE664:
 2639              	.LBE670:
 2640              	.LBE704:
 175:effects/phasereffect.cpp ****         float sweepR = minHz + (maxHz - minHz) * modR;
 2641              		.loc 1 175 39 view .LVU785
 2642 0186 58BF     		it	pl
 2643 0188 F0EE667A 		vmovpl.f32	s15, s13
 2644              	.LBB705:
 2645              	.LBB671:
 2646              	.LBB665:
  19:effects/phasereffect.cpp ****         phase -= 1.0f;
 2647              		.loc 1 19 18 view .LVU786
 2648 018c F1EE10FA 		vmrs	APSR_nzcv, FPSCR
 2649              	.LBE665:
 2650              	.LBE671:
 2651              	.LBE705:
 175:effects/phasereffect.cpp ****         float sweepR = minHz + (maxHz - minHz) * modR;
 2652              		.loc 1 175 39 view .LVU787
ARM GAS  C:\Users\Oliver\AppData\Local\Temp\ccAPLW26.s 			page 107


 2653 0190 37EEC6BA 		vsub.f32	s22, s15, s12
 2654              	.LVL235:
 2655              	.LBB706:
 2656              	.LBB672:
 2657              	.LBB666:
  19:effects/phasereffect.cpp ****         phase -= 1.0f;
 2658              		.loc 1 19 18 view .LVU788
 2659 0194 C0F28381 		blt	.L163
 2660 0198 07EE905A 		vmov	s15, r5	@ int
 2661 019c B8EEE7AA 		vcvt.f32.s32	s20, s15
 2662              	.LVL236:
 2663              	.L79:
  20:effects/phasereffect.cpp ****     }
 2664              		.loc 1 20 9 is_stmt 1 view .LVU789
  20:effects/phasereffect.cpp ****     }
 2665              		.loc 1 20 15 is_stmt 0 view .LVU790
 2666 01a0 F7EE007A 		vmov.f32	s15, #1.0e+0
 2667 01a4 37EE677A 		vsub.f32	s14, s14, s15
 2668              	.LVL237:
  19:effects/phasereffect.cpp ****         phase -= 1.0f;
 2669              		.loc 1 19 18 is_stmt 1 view .LVU791
 2670 01a8 B4EEE77A 		vcmpe.f32	s14, s15
 2671 01ac F1EE10FA 		vmrs	APSR_nzcv, FPSCR
 2672 01b0 F6DA     		bge	.L79
 2673              	.LVL238:
 2674              	.L118:
  25:effects/phasereffect.cpp **** }
 2675              		.loc 1 25 5 view .LVU792
  25:effects/phasereffect.cpp **** }
 2676              		.loc 1 25 5 is_stmt 0 view .LVU793
 2677              	.LBE666:
 2678              	.LBE672:
  30:effects/phasereffect.cpp ****         case 1: {
 2679              		.loc 1 30 5 is_stmt 1 view .LVU794
 2680              	.LBB673:
 2681 01b2 B9F1020F 		cmp	r9, #2
 2682              	.LBE673:
 2683              	.LBE706:
 165:effects/phasereffect.cpp **** 
 2684              		.loc 1 165 30 is_stmt 0 view .LVU795
 2685 01b6 94ED2D8A 		vldr.32	s16, [r4, #180]
 2686              	.LBB707:
 2687              	.LBB689:
  30:effects/phasereffect.cpp ****         case 1: {
 2688              		.loc 1 30 5 view .LVU796
 2689 01ba 00F07F81 		beq	.L83
 2690              	.L167:
  30:effects/phasereffect.cpp ****         case 1: {
 2691              		.loc 1 30 5 view .LVU797
 2692 01be B9F1030F 		cmp	r9, #3
 2693 01c2 00F0D881 		beq	.L84
 2694 01c6 B9F1010F 		cmp	r9, #1
 2695 01ca 40F0A881 		bne	.L85
 2696              	.LBB674:
  31:effects/phasereffect.cpp ****             float t = phase * 2.0f;
 2697              		.loc 1 31 9 is_stmt 1 view .LVU798
  31:effects/phasereffect.cpp ****             float t = phase * 2.0f;
ARM GAS  C:\Users\Oliver\AppData\Local\Temp\ccAPLW26.s 			page 108


 2698              		.loc 1 31 17 view .LVU799
 2699              	.LBB675:
  32:effects/phasereffect.cpp ****             return (t < 1.0f) ? (-1.0f + 2.0f * t) : (3.0f - 2.0f * t);
 2700              		.loc 1 32 13 view .LVU800
  32:effects/phasereffect.cpp ****             return (t < 1.0f) ? (-1.0f + 2.0f * t) : (3.0f - 2.0f * t);
 2701              		.loc 1 32 19 is_stmt 0 view .LVU801
 2702 01ce 37EE077A 		vadd.f32	s14, s14, s14
 2703              	.LVL239:
  33:effects/phasereffect.cpp ****         }
 2704              		.loc 1 33 13 is_stmt 1 view .LVU802
  33:effects/phasereffect.cpp ****         }
 2705              		.loc 1 33 31 is_stmt 0 view .LVU803
 2706 01d2 F7EE007A 		vmov.f32	s15, #1.0e+0
  33:effects/phasereffect.cpp ****         }
 2707              		.loc 1 33 47 discriminator 1 view .LVU804
 2708 01d6 37EE070A 		vadd.f32	s0, s14, s14
  33:effects/phasereffect.cpp ****         }
 2709              		.loc 1 33 31 view .LVU805
 2710 01da B4EEE77A 		vcmpe.f32	s14, s15
 2711 01de F1EE10FA 		vmrs	APSR_nzcv, FPSCR
 2712 01e2 00F11982 		bmi	.L165
 2713              	.LBE675:
 2714              	.LBE674:
 2715              	.LBE689:
 2716              	.LBE707:
 2717              	.LBB708:
 2718              	.LBB709:
 2719              	.LBB710:
  19:effects/phasereffect.cpp ****         phase -= 1.0f;
 2720              		.loc 1 19 18 view .LVU806
 2721 01e6 B4EEE78A 		vcmpe.f32	s16, s15
 2722              	.LBE710:
 2723              	.LBE709:
 2724              	.LBE708:
 2725              	.LBB762:
 2726              	.LBB690:
 2727              	.LBB679:
 2728              	.LBB676:
  33:effects/phasereffect.cpp ****         }
 2729              		.loc 1 33 31 discriminator 2 view .LVU807
 2730 01ea B0EE087A 		vmov.f32	s14, #3.0e+0
 2731              	.LVL240:
  33:effects/phasereffect.cpp ****         }
 2732              		.loc 1 33 31 discriminator 2 view .LVU808
 2733              	.LBE676:
 2734              	.LBE679:
 2735              	.LBE690:
 2736              	.LBE762:
 2737              	.LBB763:
 2738              	.LBB724:
 2739              	.LBB711:
  19:effects/phasereffect.cpp ****         phase -= 1.0f;
 2740              		.loc 1 19 18 view .LVU809
 2741 01ee F1EE10FA 		vmrs	APSR_nzcv, FPSCR
 2742              	.LBE711:
 2743              	.LBE724:
 2744              	.LBE763:
ARM GAS  C:\Users\Oliver\AppData\Local\Temp\ccAPLW26.s 			page 109


 2745              	.LBB764:
 2746              	.LBB691:
 2747              	.LBB680:
 2748              	.LBB677:
  33:effects/phasereffect.cpp ****         }
 2749              		.loc 1 33 31 discriminator 2 view .LVU810
 2750 01f2 37EE400A 		vsub.f32	s0, s14, s0
 2751              	.LVL241:
  33:effects/phasereffect.cpp ****         }
 2752              		.loc 1 33 31 discriminator 2 view .LVU811
 2753              	.LBE677:
 2754              	.LBE680:
 2755              	.LBE691:
 2756              	.LBE764:
 165:effects/phasereffect.cpp **** 
 2757              		.loc 1 165 9 is_stmt 1 view .LVU812
 2758              	.LBB765:
 2759              	.LBI708:
  28:effects/phasereffect.cpp ****     phase = WrapPhase(phase);
 2760              		.loc 1 28 21 view .LVU813
  29:effects/phasereffect.cpp ****     switch (shape) {
 2761              		.loc 1 29 5 view .LVU814
 2762              	.LBB725:
 2763              	.LBI709:
  18:effects/phasereffect.cpp ****     while (phase >= 1.0f) {
 2764              		.loc 1 18 21 view .LVU815
 2765              	.LBB712:
  19:effects/phasereffect.cpp ****         phase -= 1.0f;
 2766              		.loc 1 19 5 view .LVU816
  19:effects/phasereffect.cpp ****         phase -= 1.0f;
 2767              		.loc 1 19 18 view .LVU817
 2768 01f6 C0F21782 		blt	.L150
 2769              	.LVL242:
 2770              	.L98:
  20:effects/phasereffect.cpp ****     }
 2771              		.loc 1 20 9 view .LVU818
  20:effects/phasereffect.cpp ****     }
 2772              		.loc 1 20 15 is_stmt 0 view .LVU819
 2773 01fa F7EE007A 		vmov.f32	s15, #1.0e+0
 2774 01fe 38EE678A 		vsub.f32	s16, s16, s15
 2775              	.LVL243:
  19:effects/phasereffect.cpp ****         phase -= 1.0f;
 2776              		.loc 1 19 18 is_stmt 1 view .LVU820
 2777 0202 B4EEE78A 		vcmpe.f32	s16, s15
 2778 0206 F1EE10FA 		vmrs	APSR_nzcv, FPSCR
 2779 020a F6DA     		bge	.L98
 2780              	.L99:
 2781              	.LVL244:
  25:effects/phasereffect.cpp **** }
 2782              		.loc 1 25 5 view .LVU821
  25:effects/phasereffect.cpp **** }
 2783              		.loc 1 25 5 is_stmt 0 view .LVU822
 2784              	.LBE712:
 2785              	.LBE725:
  30:effects/phasereffect.cpp ****         case 1: {
 2786              		.loc 1 30 5 is_stmt 1 view .LVU823
 2787              	.LBE765:
ARM GAS  C:\Users\Oliver\AppData\Local\Temp\ccAPLW26.s 			page 110


 167:effects/phasereffect.cpp ****         float modR = 0.5f * (lfoR + 1.0f);
 2788              		.loc 1 167 35 is_stmt 0 view .LVU824
 2789 020c B7EE009A 		vmov.f32	s18, #1.0e+0
 2790              	.LBB766:
 2791              	.LBB726:
  30:effects/phasereffect.cpp ****         case 1: {
 2792              		.loc 1 30 5 view .LVU825
 2793 0210 B9F1020F 		cmp	r9, #2
 2794              	.LBE726:
 2795              	.LBE766:
 167:effects/phasereffect.cpp ****         float modR = 0.5f * (lfoR + 1.0f);
 2796              		.loc 1 167 15 view .LVU826
 2797 0214 F6EE007A 		vmov.f32	s15, #5.0e-1
 167:effects/phasereffect.cpp ****         float modR = 0.5f * (lfoR + 1.0f);
 2798              		.loc 1 167 35 view .LVU827
 2799 0218 30EE099A 		vadd.f32	s18, s0, s18
 167:effects/phasereffect.cpp ****         float modR = 0.5f * (lfoR + 1.0f);
 2800              		.loc 1 167 15 view .LVU828
 2801 021c 29EE279A 		vmul.f32	s18, s18, s15
 175:effects/phasereffect.cpp ****         float sweepR = minHz + (maxHz - minHz) * modR;
 2802              		.loc 1 175 48 view .LVU829
 2803 0220 29EE0B9A 		vmul.f32	s18, s18, s22
 2804              	.LBB767:
 2805              	.LBB741:
  30:effects/phasereffect.cpp ****         case 1: {
 2806              		.loc 1 30 5 view .LVU830
 2807 0224 00F0C981 		beq	.L92
  30:effects/phasereffect.cpp ****         case 1: {
 2808              		.loc 1 30 5 view .LVU831
 2809 0228 B9F1030F 		cmp	r9, #3
 2810 022c 00F0B981 		beq	.L95
  30:effects/phasereffect.cpp ****         case 1: {
 2811              		.loc 1 30 5 view .LVU832
 2812 0230 B9F1010F 		cmp	r9, #1
 2813 0234 40F08E81 		bne	.L96
 2814              	.L97:
 2815              	.LBB727:
  31:effects/phasereffect.cpp ****             float t = phase * 2.0f;
 2816              		.loc 1 31 9 is_stmt 1 view .LVU833
  31:effects/phasereffect.cpp ****             float t = phase * 2.0f;
 2817              		.loc 1 31 17 view .LVU834
 2818              	.LBB728:
  32:effects/phasereffect.cpp ****             return (t < 1.0f) ? (-1.0f + 2.0f * t) : (3.0f - 2.0f * t);
 2819              		.loc 1 32 13 view .LVU835
  32:effects/phasereffect.cpp ****             return (t < 1.0f) ? (-1.0f + 2.0f * t) : (3.0f - 2.0f * t);
 2820              		.loc 1 32 19 is_stmt 0 view .LVU836
 2821 0238 38EE088A 		vadd.f32	s16, s16, s16
 2822              	.LVL245:
  33:effects/phasereffect.cpp ****         }
 2823              		.loc 1 33 13 is_stmt 1 view .LVU837
  33:effects/phasereffect.cpp ****         }
 2824              		.loc 1 33 31 is_stmt 0 view .LVU838
 2825 023c B7EE007A 		vmov.f32	s14, #1.0e+0
  33:effects/phasereffect.cpp ****         }
 2826              		.loc 1 33 47 discriminator 1 view .LVU839
 2827 0240 78EE087A 		vadd.f32	s15, s16, s16
  33:effects/phasereffect.cpp ****         }
ARM GAS  C:\Users\Oliver\AppData\Local\Temp\ccAPLW26.s 			page 111


 2828              		.loc 1 33 31 view .LVU840
 2829 0244 B4EEC78A 		vcmpe.f32	s16, s14
 2830 0248 F1EE10FA 		vmrs	APSR_nzcv, FPSCR
 2831 024c 00F1D981 		bmi	.L166
  33:effects/phasereffect.cpp ****         }
 2832              		.loc 1 33 31 discriminator 2 view .LVU841
 2833 0250 F0EE089A 		vmov.f32	s19, #3.0e+0
 2834              	.LBE728:
 2835              	.LBE727:
 2836              	.LBE741:
 2837              	.LBE767:
 168:effects/phasereffect.cpp **** 
 2838              		.loc 1 168 15 view .LVU842
 2839 0254 F6EE006A 		vmov.f32	s13, #5.0e-1
 2840              	.LBB768:
 2841              	.LBB742:
 2842              	.LBB732:
 2843              	.LBB729:
  33:effects/phasereffect.cpp ****         }
 2844              		.loc 1 33 31 discriminator 2 view .LVU843
 2845 0258 79EEE79A 		vsub.f32	s19, s19, s15
 2846              	.LBE729:
 2847              	.LBE732:
 2848              	.LBE742:
 2849              	.LBE768:
 168:effects/phasereffect.cpp **** 
 2850              		.loc 1 168 35 view .LVU844
 2851 025c 79EE879A 		vadd.f32	s19, s19, s14
 168:effects/phasereffect.cpp **** 
 2852              		.loc 1 168 15 view .LVU845
 2853 0260 69EEA69A 		vmul.f32	s19, s19, s13
 176:effects/phasereffect.cpp **** 
 2854              		.loc 1 176 48 view .LVU846
 2855 0264 69EE8B9A 		vmul.f32	s19, s19, s22
 2856              	.LVL246:
 2857              	.L103:
 167:effects/phasereffect.cpp ****         float modR = 0.5f * (lfoR + 1.0f);
 2858              		.loc 1 167 9 is_stmt 1 view .LVU847
 168:effects/phasereffect.cpp **** 
 2859              		.loc 1 168 9 view .LVU848
 170:effects/phasereffect.cpp ****         float maxHz = centerHz * (1.0f + 2.5f * depth);
 2860              		.loc 1 170 9 view .LVU849
 171:effects/phasereffect.cpp ****         minHz = Clamp(minHz, 40.0f, 6000.0f);
 2861              		.loc 1 171 9 view .LVU850
 172:effects/phasereffect.cpp ****         maxHz = Clamp(maxHz, minHz + 1.0f, 8000.0f);
 2862              		.loc 1 172 9 view .LVU851
 173:effects/phasereffect.cpp **** 
 2863              		.loc 1 173 9 view .LVU852
 175:effects/phasereffect.cpp ****         float sweepR = minHz + (maxHz - minHz) * modR;
 2864              		.loc 1 175 9 view .LVU853
 178:effects/phasereffect.cpp ****         float xR = inR[i] + feedbackStateR_ * feedback;
 2865              		.loc 1 178 15 is_stmt 0 view .LVU854
 2866 0268 DDED036A 		vldr.32	s13, [sp, #12]
 2867 026c A246     		mov	r10, r4
 2868 026e 94ED2E7A 		vldr.32	s14, [r4, #184]
 2869              	.LBB769:
 183:effects/phasereffect.cpp ****             float spread = static_cast<float>(s + 1) / static_cast<float>(stages);
ARM GAS  C:\Users\Oliver\AppData\Local\Temp\ccAPLW26.s 			page 112


 2870              		.loc 1 183 18 view .LVU855
 2871 0272 4FF0000B 		mov	fp, #0
 2872              	.LBE769:
 178:effects/phasereffect.cpp ****         float xR = inR[i] + feedbackStateR_ * feedback;
 2873              		.loc 1 178 15 view .LVU856
 2874 0276 96ED00FA 		vldr.32	s30, [r6]
 179:effects/phasereffect.cpp ****         float yL = xL;
 2875              		.loc 1 179 15 view .LVU857
 2876 027a D4ED2F7A 		vldr.32	s15, [r4, #188]
 2877 027e D7ED00EA 		vldr.32	s29, [r7]
 178:effects/phasereffect.cpp ****         float xR = inR[i] + feedbackStateR_ * feedback;
 2878              		.loc 1 178 15 view .LVU858
 2879 0282 A6EE87FA 		vfma.f32	s30, s13, s14
 2880              	.LBB809:
 2881              	.LBB770:
 2882              	.LBB771:
 2883              	.LBB772:
  46:effects/phasereffect.cpp ****     float g = std::tanf(kPi * clampedFreq / sampleRate);
 2884              		.loc 1 46 30 view .LVU859
 2885 0286 DFED4FFA 		vldr.32	s31, .L170+20
 2886              	.LBE772:
 2887              	.LBE771:
 2888              	.LBE770:
 2889              	.LBE809:
 179:effects/phasereffect.cpp ****         float yL = xL;
 2890              		.loc 1 179 15 view .LVU860
 2891 028a E6EEA7EA 		vfma.f32	s29, s13, s15
 175:effects/phasereffect.cpp ****         float sweepR = minHz + (maxHz - minHz) * modR;
 2892              		.loc 1 175 15 view .LVU861
 2893 028e DDED057A 		vldr.32	s15, [sp, #20]
 2894              	.LBB810:
 2895              	.LBB805:
 2896              	.LBB777:
 2897              	.LBB773:
  46:effects/phasereffect.cpp ****     float g = std::tanf(kPi * clampedFreq / sampleRate);
 2898              		.loc 1 46 30 view .LVU862
 2899 0292 68EEAFFA 		vmul.f32	s31, s17, s31
 2900              	.LBE773:
 2901              	.LBE777:
 2902              	.LBE805:
 2903              	.LBE810:
 175:effects/phasereffect.cpp ****         float sweepR = minHz + (maxHz - minHz) * modR;
 2904              		.loc 1 175 15 view .LVU863
 2905 0296 37EE899A 		vadd.f32	s18, s15, s18
 2906              	.LVL247:
 176:effects/phasereffect.cpp **** 
 2907              		.loc 1 176 9 is_stmt 1 view .LVU864
 176:effects/phasereffect.cpp **** 
 2908              		.loc 1 176 15 is_stmt 0 view .LVU865
 2909 029a 77EEA99A 		vadd.f32	s19, s15, s19
 2910              	.LVL248:
 178:effects/phasereffect.cpp ****         float xR = inR[i] + feedbackStateR_ * feedback;
 2911              		.loc 1 178 9 is_stmt 1 view .LVU866
 179:effects/phasereffect.cpp ****         float yL = xL;
 2912              		.loc 1 179 9 view .LVU867
 180:effects/phasereffect.cpp ****         float yR = xR;
 2913              		.loc 1 180 9 view .LVU868
ARM GAS  C:\Users\Oliver\AppData\Local\Temp\ccAPLW26.s 			page 113


 181:effects/phasereffect.cpp **** 
 2914              		.loc 1 181 9 view .LVU869
 183:effects/phasereffect.cpp ****             float spread = static_cast<float>(s + 1) / static_cast<float>(stages);
 2915              		.loc 1 183 9 view .LVU870
 2916              	.LBB811:
 183:effects/phasereffect.cpp ****             float spread = static_cast<float>(s + 1) / static_cast<float>(stages);
 2917              		.loc 1 183 27 discriminator 1 view .LVU871
 2918 029e CDE90176 		strd	r7, r6, [sp, #4]
 2919              	.LVL249:
 2920              	.L104:
 2921              	.LBB806:
 184:effects/phasereffect.cpp ****             float stageHzL = sweepL * (0.65f + spread * 0.9f);
 2922              		.loc 1 184 13 view .LVU872
 184:effects/phasereffect.cpp ****             float stageHzL = sweepL * (0.65f + spread * 0.9f);
 2923              		.loc 1 184 49 is_stmt 0 view .LVU873
 2924 02a2 0BF1010B 		add	fp, fp, #1
 2925              	.LVL250:
 185:effects/phasereffect.cpp ****             float stageHzR = sweepR * (0.65f + spread * 0.9f);
 2926              		.loc 1 185 13 is_stmt 1 view .LVU874
 185:effects/phasereffect.cpp ****             float stageHzR = sweepR * (0.65f + spread * 0.9f);
 2927              		.loc 1 185 46 is_stmt 0 view .LVU875
 2928 02a6 9FED487A 		vldr.32	s14, .L170+24
 2929 02aa 9FED488A 		vldr.32	s16, .L170+28
 2930              	.LBB778:
 2931              	.LBB774:
  47:effects/phasereffect.cpp ****     float a = (1.0f - g) / (1.0f + g);
 2932              		.loc 1 47 29 view .LVU876
 2933 02ae F3EE04BA 		vmov.f32	s23, #2.0e+1
 2934              	.LBE774:
 2935              	.LBE778:
 184:effects/phasereffect.cpp ****             float stageHzL = sweepL * (0.65f + spread * 0.9f);
 2936              		.loc 1 184 28 view .LVU877
 2937 02b2 07EE90BA 		vmov	s15, fp	@ int
 2938              	.LBB779:
 2939              	.LBB775:
  47:effects/phasereffect.cpp ****     float a = (1.0f - g) / (1.0f + g);
 2940              		.loc 1 47 29 view .LVU878
 2941 02b6 9FED46CA 		vldr.32	s24, .L170+32
  48:effects/phasereffect.cpp ****     return Clamp(a, -0.98f, 0.98f);
 2942              		.loc 1 48 21 view .LVU879
 2943 02ba F7EE00CA 		vmov.f32	s25, #1.0e+0
  48:effects/phasereffect.cpp ****     return Clamp(a, -0.98f, 0.98f);
 2944              		.loc 1 48 21 view .LVU880
 2945 02be DFED45DA 		vldr.32	s27, .L170+36
 2946              	.LBE775:
 2947              	.LBE779:
 184:effects/phasereffect.cpp ****             float stageHzL = sweepL * (0.65f + spread * 0.9f);
 2948              		.loc 1 184 28 view .LVU881
 2949 02c2 F8EEE75A 		vcvt.f32.s32	s11, s15
 2950 02c6 9FED44DA 		vldr.32	s26, .L170+40
 2951              	.LBE806:
 183:effects/phasereffect.cpp ****             float spread = static_cast<float>(s + 1) / static_cast<float>(stages);
 2952              		.loc 1 183 27 discriminator 1 view .LVU882
 2953 02ca 0AF1080A 		add	r10, r10, #8
 2954              	.LBB807:
 184:effects/phasereffect.cpp ****             float stageHzL = sweepL * (0.65f + spread * 0.9f);
 2955              		.loc 1 184 19 view .LVU883
ARM GAS  C:\Users\Oliver\AppData\Local\Temp\ccAPLW26.s 			page 114


 2956 02ce 85EE8A6A 		vdiv.f32	s12, s11, s20
 2957              	.LVL251:
 185:effects/phasereffect.cpp ****             float stageHzR = sweepR * (0.65f + spread * 0.9f);
 2958              		.loc 1 185 46 view .LVU884
 2959 02d2 A6EE078A 		vfma.f32	s16, s12, s14
 185:effects/phasereffect.cpp ****             float stageHzR = sweepR * (0.65f + spread * 0.9f);
 2960              		.loc 1 185 19 view .LVU885
 2961 02d6 29EE080A 		vmul.f32	s0, s18, s16
 2962              	.LVL252:
 186:effects/phasereffect.cpp **** 
 2963              		.loc 1 186 13 is_stmt 1 view .LVU886
 186:effects/phasereffect.cpp **** 
 2964              		.loc 1 186 19 is_stmt 0 view .LVU887
 2965 02da 29EE888A 		vmul.f32	s16, s19, s16
 2966              	.LVL253:
 188:effects/phasereffect.cpp ****             stagesR_[s].a = ComputeAllpassCoeff(stageHzR, sampleRate_);
 2967              		.loc 1 188 13 is_stmt 1 view .LVU888
 2968              	.LBB780:
 2969              	.LBI771:
  45:effects/phasereffect.cpp ****     float clampedFreq = Clamp(freqHz, 20.0f, 0.45f * sampleRate);
 2970              		.loc 1 45 21 view .LVU889
 2971              	.LBB776:
  46:effects/phasereffect.cpp ****     float g = std::tanf(kPi * clampedFreq / sampleRate);
 2972              		.loc 1 46 5 view .LVU890
  46:effects/phasereffect.cpp ****     float g = std::tanf(kPi * clampedFreq / sampleRate);
 2973              		.loc 1 46 5 is_stmt 0 view .LVU891
 2974 02de B4EEEF0A 		vcmpe.f32	s0, s31
 2975 02e2 F1EE10FA 		vmrs	APSR_nzcv, FPSCR
 2976 02e6 3FFE800A 		vselgt.f32	s0, s31, s0
 2977              	.LVL254:
  47:effects/phasereffect.cpp ****     float a = (1.0f - g) / (1.0f + g);
 2978              		.loc 1 47 5 is_stmt 1 view .LVU892
  47:effects/phasereffect.cpp ****     float a = (1.0f - g) / (1.0f + g);
 2979              		.loc 1 47 29 is_stmt 0 view .LVU893
 2980 02ea B4EEEB0A 		vcmpe.f32	s0, s23
 2981 02ee F1EE10FA 		vmrs	APSR_nzcv, FPSCR
 2982 02f2 30FE2B0A 		vselgt.f32	s0, s0, s23
 2983              	.LVL255:
  47:effects/phasereffect.cpp ****     float a = (1.0f - g) / (1.0f + g);
 2984              		.loc 1 47 29 view .LVU894
 2985 02f6 20EE0C0A 		vmul.f32	s0, s0, s24
  47:effects/phasereffect.cpp ****     float a = (1.0f - g) / (1.0f + g);
 2986              		.loc 1 47 24 view .LVU895
 2987 02fa 80EE280A 		vdiv.f32	s0, s0, s17
 2988 02fe FFF7FEFF 		bl	tanf
 2989              	.LVL256:
  48:effects/phasereffect.cpp ****     return Clamp(a, -0.98f, 0.98f);
 2990              		.loc 1 48 5 is_stmt 1 view .LVU896
  48:effects/phasereffect.cpp ****     return Clamp(a, -0.98f, 0.98f);
 2991              		.loc 1 48 21 is_stmt 0 view .LVU897
 2992 0302 7CEEC05A 		vsub.f32	s11, s25, s0
  48:effects/phasereffect.cpp ****     return Clamp(a, -0.98f, 0.98f);
 2993              		.loc 1 48 34 view .LVU898
 2994 0306 30EE2C0A 		vadd.f32	s0, s0, s25
 2995              	.LVL257:
  48:effects/phasereffect.cpp ****     return Clamp(a, -0.98f, 0.98f);
 2996              		.loc 1 48 11 view .LVU899
ARM GAS  C:\Users\Oliver\AppData\Local\Temp\ccAPLW26.s 			page 115


 2997 030a 85EE80EA 		vdiv.f32	s28, s11, s0
 2998              	.LVL258:
  49:effects/phasereffect.cpp **** }
 2999              		.loc 1 49 5 is_stmt 1 view .LVU900
  49:effects/phasereffect.cpp **** }
 3000              		.loc 1 49 5 is_stmt 0 view .LVU901
 3001 030e B4EEEDEA 		vcmpe.f32	s28, s27
 3002 0312 F1EE10FA 		vmrs	APSR_nzcv, FPSCR
 3003 0316 3DFE8EEA 		vselgt.f32	s28, s27, s28
 3004              	.LVL259:
  49:effects/phasereffect.cpp **** }
 3005              		.loc 1 49 5 view .LVU902
 3006 031a B4EECDEA 		vcmpe.f32	s28, s26
 3007 031e F1EE10FA 		vmrs	APSR_nzcv, FPSCR
 3008 0322 B4EEEF8A 		vcmpe.f32	s16, s31
 3009 0326 3EFE0DEA 		vselgt.f32	s28, s28, s26
 3010              	.LVL260:
  49:effects/phasereffect.cpp **** }
 3011              		.loc 1 49 5 view .LVU903
 3012              	.LBE776:
 3013              	.LBE780:
 188:effects/phasereffect.cpp ****             stagesR_[s].a = ComputeAllpassCoeff(stageHzR, sampleRate_);
 3014              		.loc 1 188 27 discriminator 1 view .LVU904
 3015 032a 8AED0AEA 		vstr.32	s28, [r10, #40]
 189:effects/phasereffect.cpp **** 
 3016              		.loc 1 189 13 is_stmt 1 view .LVU905
 3017              	.LVL261:
 3018              	.LBB781:
 3019              	.LBI781:
  45:effects/phasereffect.cpp ****     float clampedFreq = Clamp(freqHz, 20.0f, 0.45f * sampleRate);
 3020              		.loc 1 45 21 view .LVU906
 3021              	.LBB782:
  46:effects/phasereffect.cpp ****     float g = std::tanf(kPi * clampedFreq / sampleRate);
 3022              		.loc 1 46 5 view .LVU907
  46:effects/phasereffect.cpp ****     float g = std::tanf(kPi * clampedFreq / sampleRate);
 3023              		.loc 1 46 5 is_stmt 0 view .LVU908
 3024 032e F1EE10FA 		vmrs	APSR_nzcv, FPSCR
 3025 0332 3FFE888A 		vselgt.f32	s16, s31, s16
 3026              	.LVL262:
  47:effects/phasereffect.cpp ****     float a = (1.0f - g) / (1.0f + g);
 3027              		.loc 1 47 5 is_stmt 1 view .LVU909
  47:effects/phasereffect.cpp ****     float a = (1.0f - g) / (1.0f + g);
 3028              		.loc 1 47 29 is_stmt 0 view .LVU910
 3029 0336 B4EEEB8A 		vcmpe.f32	s16, s23
 3030 033a F1EE10FA 		vmrs	APSR_nzcv, FPSCR
 3031 033e 38FE2B8A 		vselgt.f32	s16, s16, s23
 3032              	.LVL263:
  47:effects/phasereffect.cpp ****     float a = (1.0f - g) / (1.0f + g);
 3033              		.loc 1 47 29 view .LVU911
 3034 0342 28EE0C0A 		vmul.f32	s0, s16, s24
  47:effects/phasereffect.cpp ****     float a = (1.0f - g) / (1.0f + g);
 3035              		.loc 1 47 24 view .LVU912
 3036 0346 80EE280A 		vdiv.f32	s0, s0, s17
 3037 034a FFF7FEFF 		bl	tanf
 3038              	.LVL264:
 3039              	.LBE782:
 3040              	.LBE781:
ARM GAS  C:\Users\Oliver\AppData\Local\Temp\ccAPLW26.s 			page 116


 3041              	.LBB786:
 3042              	.LBB787:
  26:effects/phasereffect.h ****             z1 = x + a * y;
 3043              		.loc 4 26 19 view .LVU913
 3044 034e DAED0B5A 		vldr.32	s11, [r10, #44]
 3045              	.LBE787:
 3046              	.LBE786:
 3047              	.LBB792:
 3048              	.LBB793:
 3049 0352 9AED1B5A 		vldr.32	s10, [r10, #108]
 3050              	.LVL265:
  26:effects/phasereffect.h ****             z1 = x + a * y;
 3051              		.loc 4 26 19 view .LVU914
 3052              	.LBE793:
 3053              	.LBE792:
 3054              	.LBB796:
 3055              	.LBB783:
  48:effects/phasereffect.cpp ****     return Clamp(a, -0.98f, 0.98f);
 3056              		.loc 1 48 5 is_stmt 1 view .LVU915
 3057              	.LBE783:
 3058              	.LBE796:
 3059              	.LBB797:
 3060              	.LBB788:
  26:effects/phasereffect.h ****             z1 = x + a * y;
 3061              		.loc 4 26 19 is_stmt 0 view .LVU916
 3062 0356 EEEE4F5A 		vfms.f32	s11, s28, s30
 3063              	.LBE788:
 3064              	.LBE797:
 3065              	.LBB798:
 3066              	.LBB784:
  48:effects/phasereffect.cpp ****     return Clamp(a, -0.98f, 0.98f);
 3067              		.loc 1 48 21 view .LVU917
 3068 035a 7CEEC04A 		vsub.f32	s9, s25, s0
  48:effects/phasereffect.cpp ****     return Clamp(a, -0.98f, 0.98f);
 3069              		.loc 1 48 34 view .LVU918
 3070 035e 30EE2C0A 		vadd.f32	s0, s0, s25
 3071              	.LVL266:
  48:effects/phasereffect.cpp ****     return Clamp(a, -0.98f, 0.98f);
 3072              		.loc 1 48 34 view .LVU919
 3073 0362 F0EE4F6A 		vmov.f32	s13, s30
 3074 0366 F0EE6E7A 		vmov.f32	s15, s29
 3075              	.LBE784:
 3076              	.LBE798:
 3077              	.LBB799:
 3078              	.LBB789:
  26:effects/phasereffect.h ****             z1 = x + a * y;
 3079              		.loc 4 26 19 view .LVU920
 3080 036a B0EE65FA 		vmov.f32	s30, s11
 3081              	.LVL267:
  26:effects/phasereffect.h ****             z1 = x + a * y;
 3082              		.loc 4 26 19 view .LVU921
 3083              	.LBE789:
 3084              	.LBE799:
 3085              	.LBB800:
 3086              	.LBB785:
  48:effects/phasereffect.cpp ****     return Clamp(a, -0.98f, 0.98f);
 3087              		.loc 1 48 11 view .LVU922
ARM GAS  C:\Users\Oliver\AppData\Local\Temp\ccAPLW26.s 			page 117


 3088 036e C4EE805A 		vdiv.f32	s11, s9, s0
 3089              	.LVL268:
  49:effects/phasereffect.cpp **** }
 3090              		.loc 1 49 5 is_stmt 1 view .LVU923
  49:effects/phasereffect.cpp **** }
 3091              		.loc 1 49 5 is_stmt 0 view .LVU924
 3092              	.LBE785:
 3093              	.LBE800:
 3094              	.LBB801:
 3095              	.LBB790:
  27:effects/phasereffect.h ****             return y;
 3096              		.loc 4 27 20 view .LVU925
 3097 0372 EFEE0E6A 		vfma.f32	s13, s30, s28
 3098              	.LVL269:
  27:effects/phasereffect.h ****             return y;
 3099              		.loc 4 27 16 view .LVU926
 3100 0376 CAED0B6A 		vstr.32	s13, [r10, #44]
 3101 037a F4EEED5A 		vcmpe.f32	s11, s27
 3102 037e F1EE10FA 		vmrs	APSR_nzcv, FPSCR
 3103 0382 7DFEA5DA 		vselgt.f32	s27, s27, s11
 3104 0386 F4EECDDA 		vcmpe.f32	s27, s26
 3105 038a F1EE10FA 		vmrs	APSR_nzcv, FPSCR
 3106 038e 7DFE8DDA 		vselgt.f32	s27, s27, s26
 3107              	.LVL270:
  27:effects/phasereffect.h ****             return y;
 3108              		.loc 4 27 16 view .LVU927
 3109              	.LBE790:
 3110              	.LBE801:
 3111              	.LBB802:
 3112              	.LBB794:
  26:effects/phasereffect.h ****             z1 = x + a * y;
 3113              		.loc 4 26 19 view .LVU928
 3114 0392 ADEEEE5A 		vfms.f32	s10, s27, s29
 3115              	.LBE794:
 3116              	.LBE802:
 3117              	.LBE807:
 183:effects/phasereffect.cpp ****             float spread = static_cast<float>(s + 1) / static_cast<float>(stages);
 3118              		.loc 1 183 27 discriminator 1 view .LVU929
 3119 0396 5D45     		cmp	r5, fp
 3120              	.LBB808:
 189:effects/phasereffect.cpp **** 
 3121              		.loc 1 189 27 discriminator 1 view .LVU930
 3122 0398 CAED1ADA 		vstr.32	s27, [r10, #104]
 191:effects/phasereffect.cpp ****             yR = stagesR_[s].Process(yR);
 3123              		.loc 1 191 13 is_stmt 1 view .LVU931
 3124              	.LBB803:
 3125              	.LBI786:
  25:effects/phasereffect.h ****             float y = -a * x + z1;
 3126              		.loc 4 25 22 view .LVU932
 3127              	.LBB791:
  26:effects/phasereffect.h ****             z1 = x + a * y;
 3128              		.loc 4 26 13 view .LVU933
 3129              	.LVL271:
  27:effects/phasereffect.h ****             return y;
 3130              		.loc 4 27 13 view .LVU934
 3131              		.loc 4 28 13 view .LVU935
 3132              		.loc 4 28 13 is_stmt 0 view .LVU936
ARM GAS  C:\Users\Oliver\AppData\Local\Temp\ccAPLW26.s 			page 118


 3133              	.LBE791:
 3134              	.LBE803:
 192:effects/phasereffect.cpp ****         }
 3135              		.loc 1 192 13 is_stmt 1 view .LVU937
 3136              	.LBB804:
 3137              	.LBI792:
  25:effects/phasereffect.h ****             float y = -a * x + z1;
 3138              		.loc 4 25 22 view .LVU938
 3139              	.LBB795:
  26:effects/phasereffect.h ****             z1 = x + a * y;
 3140              		.loc 4 26 13 view .LVU939
  27:effects/phasereffect.h ****             return y;
 3141              		.loc 4 27 13 view .LVU940
  27:effects/phasereffect.h ****             return y;
 3142              		.loc 4 27 20 is_stmt 0 view .LVU941
 3143 039c E5EE2D7A 		vfma.f32	s15, s10, s27
  26:effects/phasereffect.h ****             z1 = x + a * y;
 3144              		.loc 4 26 19 view .LVU942
 3145 03a0 F0EE45EA 		vmov.f32	s29, s10
 3146              	.LVL272:
  27:effects/phasereffect.h ****             return y;
 3147              		.loc 4 27 16 view .LVU943
 3148 03a4 CAED1B7A 		vstr.32	s15, [r10, #108]
 3149              		.loc 4 28 13 is_stmt 1 view .LVU944
 3150              	.LVL273:
 3151              		.loc 4 28 13 is_stmt 0 view .LVU945
 3152              	.LBE795:
 3153              	.LBE804:
 3154              	.LBE808:
 183:effects/phasereffect.cpp ****             float spread = static_cast<float>(s + 1) / static_cast<float>(stages);
 3155              		.loc 1 183 9 is_stmt 1 discriminator 3 view .LVU946
 183:effects/phasereffect.cpp ****             float spread = static_cast<float>(s + 1) / static_cast<float>(stages);
 3156              		.loc 1 183 27 discriminator 1 view .LVU947
 3157 03a8 7FF47BAF 		bne	.L104
 3158 03ac 1AE0     		b	.L171
 3159              	.L172:
 3160 03ae 00BF     		.align	2
 3161              	.L170:
 3162 03b0 9A99593F 		.word	1062836634
 3163 03b4 0080BB45 		.word	1169915904
 3164 03b8 00002042 		.word	1109393408
 3165 03bc 0000FA45 		.word	1174011904
 3166 03c0 AE47813F 		.word	1065437102
 3167 03c4 6666E63E 		.word	1055286886
 3168 03c8 6666663F 		.word	1063675494
 3169 03cc 6666263F 		.word	1059481190
 3170 03d0 DB0F4940 		.word	1078530011
 3171 03d4 48E17A3F 		.word	1065017672
 3172 03d8 48E17ABF 		.word	-1082465976
 3173 03dc DB0FC940 		.word	1086918619
 3174 03e0 00000000 		.word	0
 3175              	.L171:
 3176              	.LBE811:
 195:effects/phasereffect.cpp ****         feedbackStateR_ = yR;
 3177              		.loc 1 195 9 view .LVU948
 198:effects/phasereffect.cpp ****         outR[i] = inR[i] * (1.0f - mix) + yR * mix;
 3178              		.loc 1 198 41 is_stmt 0 view .LVU949
ARM GAS  C:\Users\Oliver\AppData\Local\Temp\ccAPLW26.s 			page 119


 3179 03e4 029B     		ldr	r3, [sp, #8]
 198:effects/phasereffect.cpp ****         outR[i] = inR[i] * (1.0f - mix) + yR * mix;
 3180              		.loc 1 198 34 view .LVU950
 3181 03e6 7CEEEA6A 		vsub.f32	s13, s25, s21
 198:effects/phasereffect.cpp ****         outR[i] = inR[i] * (1.0f - mix) + yR * mix;
 3182              		.loc 1 198 46 view .LVU951
 3183 03ea 6AEE8F7A 		vmul.f32	s15, s21, s30
 195:effects/phasereffect.cpp ****         feedbackStateR_ = yR;
 3184              		.loc 1 195 25 view .LVU952
 3185 03ee 84ED2EFA 		vstr.32	s30, [r4, #184]
 196:effects/phasereffect.cpp **** 
 3186              		.loc 1 196 9 is_stmt 1 view .LVU953
 196:effects/phasereffect.cpp **** 
 3187              		.loc 1 196 25 is_stmt 0 view .LVU954
 3188 03f2 84ED2F5A 		vstr.32	s10, [r4, #188]
 198:effects/phasereffect.cpp ****         outR[i] = inR[i] * (1.0f - mix) + yR * mix;
 3189              		.loc 1 198 9 is_stmt 1 view .LVU955
 199:effects/phasereffect.cpp **** 
 3190              		.loc 1 199 46 is_stmt 0 view .LVU956
 3191 03f6 6AEE85EA 		vmul.f32	s29, s21, s10
 198:effects/phasereffect.cpp ****         outR[i] = inR[i] * (1.0f - mix) + yR * mix;
 3192              		.loc 1 198 41 view .LVU957
 3193 03fa 93ED006A 		vldr.32	s12, [r3]
 3194 03fe 0436     		adds	r6, r6, #4
 199:effects/phasereffect.cpp **** 
 3195              		.loc 1 199 41 view .LVU958
 3196 0400 019B     		ldr	r3, [sp, #4]
 3197 0402 0437     		adds	r7, r7, #4
 198:effects/phasereffect.cpp ****         outR[i] = inR[i] * (1.0f - mix) + yR * mix;
 3198              		.loc 1 198 41 view .LVU959
 3199 0404 E6EE267A 		vfma.f32	s15, s12, s13
 201:effects/phasereffect.cpp ****         lfoPhaseR_ = WrapPhase(lfoPhaseR_ + phaseInc * 1.01f);
 3200              		.loc 1 201 31 view .LVU960
 3201 0408 9DED047A 		vldr.32	s14, [sp, #16]
 198:effects/phasereffect.cpp ****         outR[i] = inR[i] * (1.0f - mix) + yR * mix;
 3202              		.loc 1 198 17 view .LVU961
 3203 040c E8EC017A 		vstmia.32	r8!, {s15}
 199:effects/phasereffect.cpp **** 
 3204              		.loc 1 199 9 is_stmt 1 view .LVU962
 199:effects/phasereffect.cpp **** 
 3205              		.loc 1 199 41 is_stmt 0 view .LVU963
 3206 0410 D3ED007A 		vldr.32	s15, [r3]
 199:effects/phasereffect.cpp **** 
 3207              		.loc 1 199 17 view .LVU964
 3208 0414 009B     		ldr	r3, [sp]
 199:effects/phasereffect.cpp **** 
 3209              		.loc 1 199 41 view .LVU965
 3210 0416 E6EEA7EA 		vfma.f32	s29, s13, s15
 199:effects/phasereffect.cpp **** 
 3211              		.loc 1 199 17 view .LVU966
 3212 041a E3EC01EA 		vstmia.32	r3!, {s29}
 201:effects/phasereffect.cpp ****         lfoPhaseR_ = WrapPhase(lfoPhaseR_ + phaseInc * 1.01f);
 3213              		.loc 1 201 31 view .LVU967
 3214 041e D4ED2C7A 		vldr.32	s15, [r4, #176]
 199:effects/phasereffect.cpp **** 
 3215              		.loc 1 199 17 view .LVU968
 3216 0422 0093     		str	r3, [sp]
ARM GAS  C:\Users\Oliver\AppData\Local\Temp\ccAPLW26.s 			page 120


 201:effects/phasereffect.cpp ****         lfoPhaseR_ = WrapPhase(lfoPhaseR_ + phaseInc * 1.01f);
 3217              		.loc 1 201 9 is_stmt 1 view .LVU969
 201:effects/phasereffect.cpp ****         lfoPhaseR_ = WrapPhase(lfoPhaseR_ + phaseInc * 1.01f);
 3218              		.loc 1 201 31 is_stmt 0 view .LVU970
 3219 0424 77EE277A 		vadd.f32	s15, s14, s15
 3220              	.LVL274:
 3221              	.LBB812:
 3222              	.LBI812:
  18:effects/phasereffect.cpp ****     while (phase >= 1.0f) {
 3223              		.loc 1 18 21 is_stmt 1 view .LVU971
 3224              	.LBB813:
  19:effects/phasereffect.cpp ****         phase -= 1.0f;
 3225              		.loc 1 19 5 view .LVU972
  19:effects/phasereffect.cpp ****         phase -= 1.0f;
 3226              		.loc 1 19 18 view .LVU973
 3227 0428 F4EEEC7A 		vcmpe.f32	s15, s25
 3228 042c F1EE10FA 		vmrs	APSR_nzcv, FPSCR
 3229 0430 65DB     		blt	.L160
 3230              	.L107:
  20:effects/phasereffect.cpp ****     }
 3231              		.loc 1 20 9 view .LVU974
  20:effects/phasereffect.cpp ****     }
 3232              		.loc 1 20 15 is_stmt 0 view .LVU975
 3233 0432 B7EE007A 		vmov.f32	s14, #1.0e+0
 3234 0436 77EEC77A 		vsub.f32	s15, s15, s14
 3235              	.LVL275:
  19:effects/phasereffect.cpp ****         phase -= 1.0f;
 3236              		.loc 1 19 18 is_stmt 1 view .LVU976
 3237 043a F4EEC77A 		vcmpe.f32	s15, s14
 3238 043e F1EE10FA 		vmrs	APSR_nzcv, FPSCR
 3239 0442 F6DA     		bge	.L107
 3240              	.L108:
 3241              	.LVL276:
  25:effects/phasereffect.cpp **** }
 3242              		.loc 1 25 5 view .LVU977
 3243              	.LBE813:
 3244              	.LBE812:
 202:effects/phasereffect.cpp ****     }
 3245              		.loc 1 202 31 is_stmt 0 view .LVU978
 3246 0444 94ED2D7A 		vldr.32	s14, [r4, #180]
 3247              	.LBB815:
 3248              	.LBB816:
  19:effects/phasereffect.cpp ****         phase -= 1.0f;
 3249              		.loc 1 19 18 view .LVU979
 3250 0448 F7EE006A 		vmov.f32	s13, #1.0e+0
 3251              	.LBE816:
 3252              	.LBE815:
 202:effects/phasereffect.cpp ****     }
 3253              		.loc 1 202 31 view .LVU980
 3254 044c 9DED066A 		vldr.32	s12, [sp, #24]
 201:effects/phasereffect.cpp ****         lfoPhaseR_ = WrapPhase(lfoPhaseR_ + phaseInc * 1.01f);
 3255              		.loc 1 201 20 discriminator 1 view .LVU981
 3256 0450 C4ED2C7A 		vstr.32	s15, [r4, #176]
 202:effects/phasereffect.cpp ****     }
 3257              		.loc 1 202 9 is_stmt 1 view .LVU982
 202:effects/phasereffect.cpp ****     }
 3258              		.loc 1 202 31 is_stmt 0 view .LVU983
ARM GAS  C:\Users\Oliver\AppData\Local\Temp\ccAPLW26.s 			page 121


 3259 0454 36EE077A 		vadd.f32	s14, s12, s14
 3260              	.LVL277:
 3261              	.LBB819:
 3262              	.LBI815:
  18:effects/phasereffect.cpp ****     while (phase >= 1.0f) {
 3263              		.loc 1 18 21 is_stmt 1 view .LVU984
 3264              	.LBB817:
  19:effects/phasereffect.cpp ****         phase -= 1.0f;
 3265              		.loc 1 19 5 view .LVU985
  19:effects/phasereffect.cpp ****         phase -= 1.0f;
 3266              		.loc 1 19 18 view .LVU986
 3267 0458 B4EEE67A 		vcmpe.f32	s14, s13
 3268 045c F1EE10FA 		vmrs	APSR_nzcv, FPSCR
 3269 0460 57DB     		blt	.L161
 3270              	.L113:
  20:effects/phasereffect.cpp ****     }
 3271              		.loc 1 20 9 view .LVU987
  20:effects/phasereffect.cpp ****     }
 3272              		.loc 1 20 15 is_stmt 0 view .LVU988
 3273 0462 F7EE006A 		vmov.f32	s13, #1.0e+0
 3274 0466 37EE667A 		vsub.f32	s14, s14, s13
 3275              	.LVL278:
  19:effects/phasereffect.cpp ****         phase -= 1.0f;
 3276              		.loc 1 19 18 is_stmt 1 view .LVU989
 3277 046a B4EEE67A 		vcmpe.f32	s14, s13
 3278 046e F1EE10FA 		vmrs	APSR_nzcv, FPSCR
 3279 0472 F6DA     		bge	.L113
 3280              	.L114:
 3281              	.LVL279:
  25:effects/phasereffect.cpp **** }
 3282              		.loc 1 25 5 view .LVU990
 3283              	.LBE817:
 3284              	.LBE819:
 3285              	.LBE660:
 163:effects/phasereffect.cpp ****         float lfoL = LfoValue(lfoPhaseL_, waveShape);
 3286              		.loc 1 163 26 is_stmt 0 discriminator 1 view .LVU991
 3287 0474 079B     		ldr	r3, [sp, #28]
 3288              	.LBB849:
 202:effects/phasereffect.cpp ****     }
 3289              		.loc 1 202 20 discriminator 1 view .LVU992
 3290 0476 84ED2D7A 		vstr.32	s14, [r4, #180]
 3291              	.LBE849:
 163:effects/phasereffect.cpp ****         float lfoL = LfoValue(lfoPhaseL_, waveShape);
 3292              		.loc 1 163 5 is_stmt 1 discriminator 2 view .LVU993
 163:effects/phasereffect.cpp ****         float lfoL = LfoValue(lfoPhaseL_, waveShape);
 3293              		.loc 1 163 26 discriminator 1 view .LVU994
 3294 047a B342     		cmp	r3, r6
 3295 047c 3FF4DCAD 		beq	.L72
 3296              	.LBB850:
 164:effects/phasereffect.cpp ****         float lfoR = LfoValue(lfoPhaseR_, waveShape);
 3297              		.loc 1 164 9 view .LVU995
 3298              	.LVL280:
 3299              	.LBB820:
  28:effects/phasereffect.cpp ****     phase = WrapPhase(phase);
 3300              		.loc 1 28 21 view .LVU996
  29:effects/phasereffect.cpp ****     switch (shape) {
 3301              		.loc 1 29 5 view .LVU997
ARM GAS  C:\Users\Oliver\AppData\Local\Temp\ccAPLW26.s 			page 122


 3302              	.LBB692:
  18:effects/phasereffect.cpp ****     while (phase >= 1.0f) {
 3303              		.loc 1 18 21 view .LVU998
 3304              	.LBB667:
  19:effects/phasereffect.cpp ****         phase -= 1.0f;
 3305              		.loc 1 19 5 view .LVU999
  19:effects/phasereffect.cpp ****         phase -= 1.0f;
 3306              		.loc 1 19 18 view .LVU1000
 3307 0480 B7EE007A 		vmov.f32	s14, #1.0e+0
 3308 0484 F4EEC77A 		vcmpe.f32	s15, s14
 3309 0488 F1EE10FA 		vmrs	APSR_nzcv, FPSCR
 3310 048c C0F2DB80 		blt	.L156
 3311 0490 D4ED068A 		vldr.32	s17, [r4, #24]
 3312 0494 84E6     		b	.L79
 3313              	.LVL281:
 3314              	.L82:
  23:effects/phasereffect.cpp ****     }
 3315              		.loc 1 23 9 view .LVU1001
  23:effects/phasereffect.cpp ****     }
 3316              		.loc 1 23 15 is_stmt 0 view .LVU1002
 3317 0496 F7EE007A 		vmov.f32	s15, #1.0e+0
 3318 049a 37EE277A 		vadd.f32	s14, s14, s15
 3319              	.LVL282:
 3320              	.L163:
  22:effects/phasereffect.cpp ****         phase += 1.0f;
 3321              		.loc 1 22 18 is_stmt 1 view .LVU1003
 3322 049e B5EEC07A 		vcmpe.f32	s14, #0
 3323 04a2 F1EE10FA 		vmrs	APSR_nzcv, FPSCR
 3324 04a6 F6D4     		bmi	.L82
 3325 04a8 07EE905A 		vmov	s15, r5	@ int
 3326              	.LBE667:
 3327              	.LBE692:
 3328              	.LBB693:
  30:effects/phasereffect.cpp ****         case 1: {
 3329              		.loc 1 30 5 is_stmt 0 view .LVU1004
 3330 04ac B9F1020F 		cmp	r9, #2
 3331              	.LBE693:
 3332              	.LBE820:
 165:effects/phasereffect.cpp **** 
 3333              		.loc 1 165 30 view .LVU1005
 3334 04b0 94ED2D8A 		vldr.32	s16, [r4, #180]
 3335              	.LVL283:
 165:effects/phasereffect.cpp **** 
 3336              		.loc 1 165 30 view .LVU1006
 3337 04b4 B8EEE7AA 		vcvt.f32.s32	s20, s15
 3338              	.LVL284:
 3339              	.LBB821:
 3340              	.LBB694:
 3341              	.LBB668:
  25:effects/phasereffect.cpp **** }
 3342              		.loc 1 25 5 is_stmt 1 view .LVU1007
  25:effects/phasereffect.cpp **** }
 3343              		.loc 1 25 5 is_stmt 0 view .LVU1008
 3344              	.LBE668:
 3345              	.LBE694:
  30:effects/phasereffect.cpp ****         case 1: {
 3346              		.loc 1 30 5 is_stmt 1 view .LVU1009
ARM GAS  C:\Users\Oliver\AppData\Local\Temp\ccAPLW26.s 			page 123


 3347              	.LBB695:
 3348 04b8 7FF481AE 		bne	.L167
 3349              	.LVL285:
 3350              	.L83:
 3351              	.LBB681:
  35:effects/phasereffect.cpp ****             return -1.0f + 2.0f * phase;
 3352              		.loc 1 35 9 view .LVU1010
  36:effects/phasereffect.cpp ****         case 3:
 3353              		.loc 1 36 13 view .LVU1011
 3354              	.LBE681:
 3355              	.LBE695:
 3356              	.LBE821:
 3357              	.LBB822:
 3358              	.LBB743:
 3359              	.LBB713:
  19:effects/phasereffect.cpp ****         phase -= 1.0f;
 3360              		.loc 1 19 18 is_stmt 0 view .LVU1012
 3361 04bc F7EE007A 		vmov.f32	s15, #1.0e+0
 3362              	.LBE713:
 3363              	.LBE743:
 3364              	.LBE822:
 3365              	.LBB823:
 3366              	.LBB696:
 3367              	.LBB682:
  36:effects/phasereffect.cpp ****         case 3:
 3368              		.loc 1 36 35 view .LVU1013
 3369 04c0 F0EE006A 		vmov.f32	s13, #2.0e+0
 3370 04c4 BFEE000A 		vmov.f32	s0, #-1.0e+0
 3371              	.LBE682:
 3372              	.LBE696:
 3373              	.LBE823:
 3374              	.LBB824:
 3375              	.LBB744:
 3376              	.LBB714:
  19:effects/phasereffect.cpp ****         phase -= 1.0f;
 3377              		.loc 1 19 18 view .LVU1014
 3378 04c8 B4EEE78A 		vcmpe.f32	s16, s15
 3379              	.LBE714:
 3380              	.LBE744:
 3381              	.LBE824:
 3382              	.LBB825:
 3383              	.LBB697:
 3384              	.LBB683:
  36:effects/phasereffect.cpp ****         case 3:
 3385              		.loc 1 36 35 view .LVU1015
 3386 04cc A7EE260A 		vfma.f32	s0, s14, s13
 3387              	.LVL286:
  36:effects/phasereffect.cpp ****         case 3:
 3388              		.loc 1 36 35 view .LVU1016
 3389              	.LBE683:
 3390              	.LBE697:
 3391              	.LBE825:
 165:effects/phasereffect.cpp **** 
 3392              		.loc 1 165 9 is_stmt 1 view .LVU1017
 3393              	.LBB826:
  28:effects/phasereffect.cpp ****     phase = WrapPhase(phase);
 3394              		.loc 1 28 21 view .LVU1018
ARM GAS  C:\Users\Oliver\AppData\Local\Temp\ccAPLW26.s 			page 124


  29:effects/phasereffect.cpp ****     switch (shape) {
 3395              		.loc 1 29 5 view .LVU1019
 3396              	.LBB745:
  18:effects/phasereffect.cpp ****     while (phase >= 1.0f) {
 3397              		.loc 1 18 21 view .LVU1020
 3398              	.LBB715:
  19:effects/phasereffect.cpp ****         phase -= 1.0f;
 3399              		.loc 1 19 5 view .LVU1021
  19:effects/phasereffect.cpp ****         phase -= 1.0f;
 3400              		.loc 1 19 18 view .LVU1022
 3401 04d0 F1EE10FA 		vmrs	APSR_nzcv, FPSCR
 3402 04d4 BFF691AE 		bge	.L98
  22:effects/phasereffect.cpp ****         phase += 1.0f;
 3403              		.loc 1 22 18 view .LVU1023
 3404 04d8 B5EEC08A 		vcmpe.f32	s16, #0
 3405 04dc F1EE10FA 		vmrs	APSR_nzcv, FPSCR
 3406 04e0 6BD5     		bpl	.L92
 3407              	.LVL287:
 3408              	.L100:
  23:effects/phasereffect.cpp ****     }
 3409              		.loc 1 23 9 view .LVU1024
  23:effects/phasereffect.cpp ****     }
 3410              		.loc 1 23 15 is_stmt 0 view .LVU1025
 3411 04e2 F7EE007A 		vmov.f32	s15, #1.0e+0
 3412 04e6 38EE278A 		vadd.f32	s16, s16, s15
 3413              	.LVL288:
  22:effects/phasereffect.cpp ****         phase += 1.0f;
 3414              		.loc 1 22 18 is_stmt 1 view .LVU1026
 3415 04ea B5EEC08A 		vcmpe.f32	s16, #0
 3416 04ee F1EE10FA 		vmrs	APSR_nzcv, FPSCR
 3417 04f2 F6D4     		bmi	.L100
 3418 04f4 8AE6     		b	.L99
 3419              	.LVL289:
 3420              	.L110:
  22:effects/phasereffect.cpp ****         phase += 1.0f;
 3421              		.loc 1 22 18 is_stmt 0 view .LVU1027
 3422              	.LBE715:
 3423              	.LBE745:
 3424              	.LBE826:
 3425              	.LBB827:
 3426              	.LBB814:
  23:effects/phasereffect.cpp ****     }
 3427              		.loc 1 23 9 is_stmt 1 view .LVU1028
  23:effects/phasereffect.cpp ****     }
 3428              		.loc 1 23 15 is_stmt 0 view .LVU1029
 3429 04f6 B7EE007A 		vmov.f32	s14, #1.0e+0
 3430 04fa 77EE877A 		vadd.f32	s15, s15, s14
 3431              	.LVL290:
 3432              	.L160:
  22:effects/phasereffect.cpp ****         phase += 1.0f;
 3433              		.loc 1 22 18 is_stmt 1 view .LVU1030
 3434 04fe F5EEC07A 		vcmpe.f32	s15, #0
 3435 0502 F1EE10FA 		vmrs	APSR_nzcv, FPSCR
 3436 0506 F6D4     		bmi	.L110
 3437 0508 9CE7     		b	.L108
 3438              	.LVL291:
 3439              	.L116:
ARM GAS  C:\Users\Oliver\AppData\Local\Temp\ccAPLW26.s 			page 125


  22:effects/phasereffect.cpp ****         phase += 1.0f;
 3440              		.loc 1 22 18 is_stmt 0 view .LVU1031
 3441              	.LBE814:
 3442              	.LBE827:
 3443              	.LBB828:
 3444              	.LBB818:
  23:effects/phasereffect.cpp ****     }
 3445              		.loc 1 23 9 is_stmt 1 view .LVU1032
  23:effects/phasereffect.cpp ****     }
 3446              		.loc 1 23 15 is_stmt 0 view .LVU1033
 3447 050a F7EE006A 		vmov.f32	s13, #1.0e+0
  23:effects/phasereffect.cpp ****     }
 3448              		.loc 1 23 15 view .LVU1034
 3449 050e 37EE267A 		vadd.f32	s14, s14, s13
 3450              	.LVL292:
 3451              	.L161:
  22:effects/phasereffect.cpp ****         phase += 1.0f;
 3452              		.loc 1 22 18 is_stmt 1 view .LVU1035
 3453 0512 B5EEC07A 		vcmpe.f32	s14, #0
 3454 0516 F1EE10FA 		vmrs	APSR_nzcv, FPSCR
 3455 051a F6D4     		bmi	.L116
 3456 051c AAE7     		b	.L114
 3457              	.LVL293:
 3458              	.L85:
  22:effects/phasereffect.cpp ****         phase += 1.0f;
 3459              		.loc 1 22 18 is_stmt 0 view .LVU1036
 3460              	.LBE818:
 3461              	.LBE828:
 3462              	.LBB829:
 3463              	.LBB698:
 3464              	.LBB684:
  39:effects/phasereffect.cpp ****         default:
 3465              		.loc 1 39 9 is_stmt 1 view .LVU1037
  40:effects/phasereffect.cpp ****             return std::sinf(2.0f * kPi * phase);
 3466              		.loc 1 40 9 view .LVU1038
  41:effects/phasereffect.cpp ****     }
 3467              		.loc 1 41 13 view .LVU1039
  41:effects/phasereffect.cpp ****     }
 3468              		.loc 1 41 29 is_stmt 0 view .LVU1040
 3469 051e 1FED510A 		vldr.32	s0, .L170+44
 3470 0522 27EE000A 		vmul.f32	s0, s14, s0
 3471 0526 FFF7FEFF 		bl	sinf
 3472              	.LVL294:
  41:effects/phasereffect.cpp ****     }
 3473              		.loc 1 41 29 view .LVU1041
 3474              	.LBE684:
 3475              	.LBE698:
 3476              	.LBE829:
 3477              	.LBB830:
 3478              	.LBB746:
 3479              	.LBB716:
  19:effects/phasereffect.cpp ****         phase -= 1.0f;
 3480              		.loc 1 19 18 view .LVU1042
 3481 052a F7EE007A 		vmov.f32	s15, #1.0e+0
 3482              	.LVL295:
  19:effects/phasereffect.cpp ****         phase -= 1.0f;
 3483              		.loc 1 19 18 view .LVU1043
ARM GAS  C:\Users\Oliver\AppData\Local\Temp\ccAPLW26.s 			page 126


 3484              	.LBE716:
 3485              	.LBE746:
 3486              	.LBE830:
 165:effects/phasereffect.cpp **** 
 3487              		.loc 1 165 9 is_stmt 1 view .LVU1044
 3488              	.LBB831:
  28:effects/phasereffect.cpp ****     phase = WrapPhase(phase);
 3489              		.loc 1 28 21 view .LVU1045
  29:effects/phasereffect.cpp ****     switch (shape) {
 3490              		.loc 1 29 5 view .LVU1046
 3491              	.LBB747:
  18:effects/phasereffect.cpp ****     while (phase >= 1.0f) {
 3492              		.loc 1 18 21 view .LVU1047
 3493              	.LBB717:
  19:effects/phasereffect.cpp ****         phase -= 1.0f;
 3494              		.loc 1 19 5 view .LVU1048
  19:effects/phasereffect.cpp ****         phase -= 1.0f;
 3495              		.loc 1 19 18 view .LVU1049
 3496 052e B4EEE78A 		vcmpe.f32	s16, s15
 3497 0532 F1EE10FA 		vmrs	APSR_nzcv, FPSCR
 3498 0536 BFF660AE 		bge	.L98
 3499              	.LVL296:
  22:effects/phasereffect.cpp ****         phase += 1.0f;
 3500              		.loc 1 22 18 view .LVU1050
 3501 053a B5EEC08A 		vcmpe.f32	s16, #0
 3502 053e F1EE10FA 		vmrs	APSR_nzcv, FPSCR
 3503 0542 CED4     		bmi	.L100
  25:effects/phasereffect.cpp **** }
 3504              		.loc 1 25 5 view .LVU1051
 3505              	.LVL297:
  25:effects/phasereffect.cpp **** }
 3506              		.loc 1 25 5 is_stmt 0 view .LVU1052
 3507              	.LBE717:
 3508              	.LBE747:
  30:effects/phasereffect.cpp ****         case 1: {
 3509              		.loc 1 30 5 is_stmt 1 view .LVU1053
 3510              	.LBE831:
 167:effects/phasereffect.cpp ****         float modR = 0.5f * (lfoR + 1.0f);
 3511              		.loc 1 167 35 is_stmt 0 view .LVU1054
 3512 0544 70EE277A 		vadd.f32	s15, s0, s15
 167:effects/phasereffect.cpp ****         float modR = 0.5f * (lfoR + 1.0f);
 3513              		.loc 1 167 15 view .LVU1055
 3514 0548 B6EE007A 		vmov.f32	s14, #5.0e-1
 3515 054c 67EE877A 		vmul.f32	s15, s15, s14
 175:effects/phasereffect.cpp ****         float sweepR = minHz + (maxHz - minHz) * modR;
 3516              		.loc 1 175 48 view .LVU1056
 3517 0550 27EE8B9A 		vmul.f32	s18, s15, s22
 3518              	.LVL298:
 3519              	.L96:
 3520              	.LBB832:
 3521              	.LBB748:
 3522              	.LBB733:
  39:effects/phasereffect.cpp ****         default:
 3523              		.loc 1 39 9 is_stmt 1 view .LVU1057
  40:effects/phasereffect.cpp ****             return std::sinf(2.0f * kPi * phase);
 3524              		.loc 1 40 9 view .LVU1058
  41:effects/phasereffect.cpp ****     }
ARM GAS  C:\Users\Oliver\AppData\Local\Temp\ccAPLW26.s 			page 127


 3525              		.loc 1 41 13 view .LVU1059
  41:effects/phasereffect.cpp ****     }
 3526              		.loc 1 41 29 is_stmt 0 view .LVU1060
 3527 0554 1FED5F0A 		vldr.32	s0, .L170+44
 3528 0558 28EE000A 		vmul.f32	s0, s16, s0
 3529 055c FFF7FEFF 		bl	sinf
 3530              	.LVL299:
 3531              	.LBE733:
 3532              	.LBE748:
 3533              	.LBE832:
 168:effects/phasereffect.cpp **** 
 3534              		.loc 1 168 35 view .LVU1061
 3535 0560 B7EE007A 		vmov.f32	s14, #1.0e+0
 168:effects/phasereffect.cpp **** 
 3536              		.loc 1 168 15 view .LVU1062
 3537 0564 F6EE007A 		vmov.f32	s15, #5.0e-1
 168:effects/phasereffect.cpp **** 
 3538              		.loc 1 168 35 view .LVU1063
 3539 0568 70EE079A 		vadd.f32	s19, s0, s14
 168:effects/phasereffect.cpp **** 
 3540              		.loc 1 168 15 view .LVU1064
 3541 056c 69EEA79A 		vmul.f32	s19, s19, s15
 176:effects/phasereffect.cpp **** 
 3542              		.loc 1 176 48 view .LVU1065
 3543 0570 69EE8B9A 		vmul.f32	s19, s19, s22
 3544              	.LBB833:
 3545              	.LBB749:
 3546              	.LBB734:
  41:effects/phasereffect.cpp ****     }
 3547              		.loc 1 41 48 view .LVU1066
 3548 0574 78E6     		b	.L103
 3549              	.LVL300:
 3550              	.L84:
  41:effects/phasereffect.cpp ****     }
 3551              		.loc 1 41 48 view .LVU1067
 3552              	.LBE734:
 3553              	.LBE749:
 3554              	.LBE833:
 3555              	.LBB834:
 3556              	.LBB699:
 3557              	.LBB685:
  37:effects/phasereffect.cpp ****             return (phase < 0.5f) ? 1.0f : -1.0f;
 3558              		.loc 1 37 9 is_stmt 1 view .LVU1068
  38:effects/phasereffect.cpp ****         case 0:
 3559              		.loc 1 38 13 view .LVU1069
  38:effects/phasereffect.cpp ****         case 0:
 3560              		.loc 1 38 35 is_stmt 0 view .LVU1070
 3561 0576 F6EE007A 		vmov.f32	s15, #5.0e-1
 3562 057a B4EEE77A 		vcmpe.f32	s14, s15
 3563 057e F1EE10FA 		vmrs	APSR_nzcv, FPSCR
 3564 0582 34D5     		bpl	.L152
 3565              	.LVL301:
  38:effects/phasereffect.cpp ****         case 0:
 3566              		.loc 1 38 35 view .LVU1071
 3567              	.LBE685:
 3568              	.LBE699:
 3569              	.LBE834:
ARM GAS  C:\Users\Oliver\AppData\Local\Temp\ccAPLW26.s 			page 128


 165:effects/phasereffect.cpp **** 
 3570              		.loc 1 165 9 is_stmt 1 view .LVU1072
 3571              	.LBB835:
  28:effects/phasereffect.cpp ****     phase = WrapPhase(phase);
 3572              		.loc 1 28 21 view .LVU1073
  29:effects/phasereffect.cpp ****     switch (shape) {
 3573              		.loc 1 29 5 view .LVU1074
 3574              	.LBB750:
  18:effects/phasereffect.cpp ****     while (phase >= 1.0f) {
 3575              		.loc 1 18 21 view .LVU1075
 3576              	.LBB718:
  19:effects/phasereffect.cpp ****         phase -= 1.0f;
 3577              		.loc 1 19 5 view .LVU1076
  19:effects/phasereffect.cpp ****         phase -= 1.0f;
 3578              		.loc 1 19 18 view .LVU1077
 3579 0584 B7EE000A 		vmov.f32	s0, #1.0e+0
 3580 0588 B4EEC08A 		vcmpe.f32	s16, s0
 3581 058c F1EE10FA 		vmrs	APSR_nzcv, FPSCR
 3582 0590 BFF633AE 		bge	.L98
  22:effects/phasereffect.cpp ****         phase += 1.0f;
 3583              		.loc 1 22 18 view .LVU1078
 3584 0594 B5EEC08A 		vcmpe.f32	s16, #0
 3585 0598 F1EE10FA 		vmrs	APSR_nzcv, FPSCR
 3586 059c A1D4     		bmi	.L100
 3587 059e B0EE4B9A 		vmov.f32	s18, s22
 3588              	.LVL302:
 3589              	.L95:
  22:effects/phasereffect.cpp ****         phase += 1.0f;
 3590              		.loc 1 22 18 is_stmt 0 view .LVU1079
 3591              	.LBE718:
 3592              	.LBE750:
 3593              	.LBB751:
 3594              	.LBB735:
  37:effects/phasereffect.cpp ****             return (phase < 0.5f) ? 1.0f : -1.0f;
 3595              		.loc 1 37 9 is_stmt 1 view .LVU1080
  38:effects/phasereffect.cpp ****         case 0:
 3596              		.loc 1 38 13 view .LVU1081
  38:effects/phasereffect.cpp ****         case 0:
 3597              		.loc 1 38 35 is_stmt 0 view .LVU1082
 3598 05a2 F6EE007A 		vmov.f32	s15, #5.0e-1
 3599 05a6 B4EEE78A 		vcmpe.f32	s16, s15
 3600 05aa F1EE10FA 		vmrs	APSR_nzcv, FPSCR
 3601 05ae 1BD4     		bmi	.L123
 3602              	.LBE735:
 3603              	.LBE751:
 3604              	.LBE835:
 176:effects/phasereffect.cpp **** 
 3605              		.loc 1 176 48 view .LVU1083
 3606 05b0 5FED759A 		vldr.32	s19, .L170+48
 3607 05b4 6BEE299A 		vmul.f32	s19, s22, s19
 3608 05b8 56E6     		b	.L103
 3609              	.L92:
 3610              	.LBB836:
 3611              	.LBB752:
 3612              	.LBB736:
  35:effects/phasereffect.cpp ****             return -1.0f + 2.0f * phase;
 3613              		.loc 1 35 9 is_stmt 1 view .LVU1084
ARM GAS  C:\Users\Oliver\AppData\Local\Temp\ccAPLW26.s 			page 129


  36:effects/phasereffect.cpp ****         case 3:
 3614              		.loc 1 36 13 view .LVU1085
  36:effects/phasereffect.cpp ****         case 3:
 3615              		.loc 1 36 35 is_stmt 0 view .LVU1086
 3616 05ba F0EE006A 		vmov.f32	s13, #2.0e+0
 3617 05be FFEE009A 		vmov.f32	s19, #-1.0e+0
 3618              	.LBE736:
 3619              	.LBE752:
 3620              	.LBE836:
 167:effects/phasereffect.cpp ****         float modR = 0.5f * (lfoR + 1.0f);
 3621              		.loc 1 167 35 view .LVU1087
 3622 05c2 B7EE007A 		vmov.f32	s14, #1.0e+0
 167:effects/phasereffect.cpp ****         float modR = 0.5f * (lfoR + 1.0f);
 3623              		.loc 1 167 15 view .LVU1088
 3624 05c6 F6EE007A 		vmov.f32	s15, #5.0e-1
 3625              	.LBB837:
 3626              	.LBB753:
 3627              	.LBB737:
  36:effects/phasereffect.cpp ****         case 3:
 3628              		.loc 1 36 35 view .LVU1089
 3629 05ca E8EE269A 		vfma.f32	s19, s16, s13
 3630              	.LBE737:
 3631              	.LBE753:
 3632              	.LBE837:
 167:effects/phasereffect.cpp ****         float modR = 0.5f * (lfoR + 1.0f);
 3633              		.loc 1 167 35 view .LVU1090
 3634 05ce 30EE070A 		vadd.f32	s0, s0, s14
 167:effects/phasereffect.cpp ****         float modR = 0.5f * (lfoR + 1.0f);
 3635              		.loc 1 167 15 view .LVU1091
 3636 05d2 20EE270A 		vmul.f32	s0, s0, s15
 168:effects/phasereffect.cpp **** 
 3637              		.loc 1 168 35 view .LVU1092
 3638 05d6 79EE879A 		vadd.f32	s19, s19, s14
 175:effects/phasereffect.cpp ****         float sweepR = minHz + (maxHz - minHz) * modR;
 3639              		.loc 1 175 48 view .LVU1093
 3640 05da 20EE0B9A 		vmul.f32	s18, s0, s22
 168:effects/phasereffect.cpp **** 
 3641              		.loc 1 168 15 view .LVU1094
 3642 05de 69EEA79A 		vmul.f32	s19, s19, s15
 176:effects/phasereffect.cpp **** 
 3643              		.loc 1 176 48 view .LVU1095
 3644 05e2 69EE8B9A 		vmul.f32	s19, s19, s22
 3645              	.LBB838:
 3646              	.LBB754:
 3647              	.LBB738:
  36:effects/phasereffect.cpp ****         case 3:
 3648              		.loc 1 36 35 view .LVU1096
 3649 05e6 3FE6     		b	.L103
 3650              	.L123:
 3651 05e8 F0EE4B9A 		vmov.f32	s19, s22
 3652 05ec 3CE6     		b	.L103
 3653              	.LVL303:
 3654              	.L152:
  36:effects/phasereffect.cpp ****         case 3:
 3655              		.loc 1 36 35 view .LVU1097
 3656              	.LBE738:
 3657              	.LBE754:
ARM GAS  C:\Users\Oliver\AppData\Local\Temp\ccAPLW26.s 			page 130


 3658              	.LBE838:
 165:effects/phasereffect.cpp **** 
 3659              		.loc 1 165 9 is_stmt 1 view .LVU1098
 3660              	.LBB839:
  28:effects/phasereffect.cpp ****     phase = WrapPhase(phase);
 3661              		.loc 1 28 21 view .LVU1099
  29:effects/phasereffect.cpp ****     switch (shape) {
 3662              		.loc 1 29 5 view .LVU1100
 3663              	.LBB755:
  18:effects/phasereffect.cpp ****     while (phase >= 1.0f) {
 3664              		.loc 1 18 21 view .LVU1101
 3665              	.LBB719:
  19:effects/phasereffect.cpp ****         phase -= 1.0f;
 3666              		.loc 1 19 5 view .LVU1102
  19:effects/phasereffect.cpp ****         phase -= 1.0f;
 3667              		.loc 1 19 18 view .LVU1103
 3668 05ee F7EE007A 		vmov.f32	s15, #1.0e+0
 3669 05f2 B4EEE78A 		vcmpe.f32	s16, s15
 3670 05f6 F1EE10FA 		vmrs	APSR_nzcv, FPSCR
 3671 05fa 29DB     		blt	.L168
 3672              	.LBE719:
 3673              	.LBE755:
 3674              	.LBE839:
 3675              	.LBB840:
 3676              	.LBB700:
 3677              	.LBB686:
  38:effects/phasereffect.cpp ****         case 0:
 3678              		.loc 1 38 35 is_stmt 0 discriminator 2 view .LVU1104
 3679 05fc BFEE000A 		vmov.f32	s0, #-1.0e+0
 3680 0600 FBE5     		b	.L98
 3681              	.LVL304:
 3682              	.L166:
  38:effects/phasereffect.cpp ****         case 0:
 3683              		.loc 1 38 35 discriminator 2 view .LVU1105
 3684              	.LBE686:
 3685              	.LBE700:
 3686              	.LBE840:
 3687              	.LBB841:
 3688              	.LBB756:
 3689              	.LBB739:
 3690              	.LBB730:
  33:effects/phasereffect.cpp ****         }
 3691              		.loc 1 33 31 discriminator 1 view .LVU1106
 3692 0602 77EEC77A 		vsub.f32	s15, s15, s14
 3693              	.LBE730:
 3694              	.LBE739:
 3695              	.LBE756:
 3696              	.LBE841:
 168:effects/phasereffect.cpp **** 
 3697              		.loc 1 168 15 view .LVU1107
 3698 0606 F6EE006A 		vmov.f32	s13, #5.0e-1
 168:effects/phasereffect.cpp **** 
 3699              		.loc 1 168 35 view .LVU1108
 3700 060a 77EE877A 		vadd.f32	s15, s15, s14
 168:effects/phasereffect.cpp **** 
 3701              		.loc 1 168 15 view .LVU1109
 3702 060e 67EEA67A 		vmul.f32	s15, s15, s13
ARM GAS  C:\Users\Oliver\AppData\Local\Temp\ccAPLW26.s 			page 131


 176:effects/phasereffect.cpp **** 
 3703              		.loc 1 176 48 view .LVU1110
 3704 0612 67EE8B9A 		vmul.f32	s19, s15, s22
 3705              	.LBB842:
 3706              	.LBB757:
 3707              	.LBB740:
 3708              	.LBB731:
 3709 0616 27E6     		b	.L103
 3710              	.LVL305:
 3711              	.L165:
 176:effects/phasereffect.cpp **** 
 3712              		.loc 1 176 48 view .LVU1111
 3713              	.LBE731:
 3714              	.LBE740:
 3715              	.LBE757:
 3716              	.LBB758:
 3717              	.LBB720:
  19:effects/phasereffect.cpp ****         phase -= 1.0f;
 3718              		.loc 1 19 18 view .LVU1112
 3719 0618 B4EEE78A 		vcmpe.f32	s16, s15
 3720              	.LBE720:
 3721              	.LBE758:
 3722              	.LBE842:
 3723              	.LBB843:
 3724              	.LBB701:
 3725              	.LBB687:
 3726              	.LBB678:
  33:effects/phasereffect.cpp ****         }
 3727              		.loc 1 33 31 discriminator 1 view .LVU1113
 3728 061c 30EE670A 		vsub.f32	s0, s0, s15
 3729              	.LVL306:
  33:effects/phasereffect.cpp ****         }
 3730              		.loc 1 33 31 discriminator 1 view .LVU1114
 3731              	.LBE678:
 3732              	.LBE687:
 3733              	.LBE701:
 3734              	.LBE843:
 165:effects/phasereffect.cpp **** 
 3735              		.loc 1 165 9 is_stmt 1 view .LVU1115
 3736              	.LBB844:
  28:effects/phasereffect.cpp ****     phase = WrapPhase(phase);
 3737              		.loc 1 28 21 view .LVU1116
  29:effects/phasereffect.cpp ****     switch (shape) {
 3738              		.loc 1 29 5 view .LVU1117
 3739              	.LBB759:
  18:effects/phasereffect.cpp ****     while (phase >= 1.0f) {
 3740              		.loc 1 18 21 view .LVU1118
 3741              	.LBB721:
  19:effects/phasereffect.cpp ****         phase -= 1.0f;
 3742              		.loc 1 19 5 view .LVU1119
  19:effects/phasereffect.cpp ****         phase -= 1.0f;
 3743              		.loc 1 19 18 view .LVU1120
 3744 0620 F1EE10FA 		vmrs	APSR_nzcv, FPSCR
 3745 0624 BFF6E9AD 		bge	.L98
 3746              	.LVL307:
 3747              	.L150:
  22:effects/phasereffect.cpp ****         phase += 1.0f;
ARM GAS  C:\Users\Oliver\AppData\Local\Temp\ccAPLW26.s 			page 132


 3748              		.loc 1 22 18 view .LVU1121
 3749 0628 B5EEC08A 		vcmpe.f32	s16, #0
 3750 062c F1EE10FA 		vmrs	APSR_nzcv, FPSCR
 3751 0630 3FF557AF 		bmi	.L100
  25:effects/phasereffect.cpp **** }
 3752              		.loc 1 25 5 view .LVU1122
 3753              	.LVL308:
  25:effects/phasereffect.cpp **** }
 3754              		.loc 1 25 5 is_stmt 0 view .LVU1123
 3755              	.LBE721:
 3756              	.LBE759:
  30:effects/phasereffect.cpp ****         case 1: {
 3757              		.loc 1 30 5 is_stmt 1 view .LVU1124
 3758              	.LBE844:
 167:effects/phasereffect.cpp ****         float modR = 0.5f * (lfoR + 1.0f);
 3759              		.loc 1 167 35 is_stmt 0 view .LVU1125
 3760 0634 70EE277A 		vadd.f32	s15, s0, s15
 167:effects/phasereffect.cpp ****         float modR = 0.5f * (lfoR + 1.0f);
 3761              		.loc 1 167 15 view .LVU1126
 3762 0638 B6EE007A 		vmov.f32	s14, #5.0e-1
 3763 063c 67EE877A 		vmul.f32	s15, s15, s14
 175:effects/phasereffect.cpp ****         float sweepR = minHz + (maxHz - minHz) * modR;
 3764              		.loc 1 175 48 view .LVU1127
 3765 0640 27EE8B9A 		vmul.f32	s18, s15, s22
 175:effects/phasereffect.cpp ****         float sweepR = minHz + (maxHz - minHz) * modR;
 3766              		.loc 1 175 48 view .LVU1128
 3767 0644 F8E5     		b	.L97
 3768              	.LVL309:
 3769              	.L156:
 3770              	.LBB845:
 3771              	.LBB702:
 3772              	.LBB669:
  19:effects/phasereffect.cpp ****         phase -= 1.0f;
 3773              		.loc 1 19 18 view .LVU1129
 3774 0646 B0EE677A 		vmov.f32	s14, s15
 3775 064a D4ED068A 		vldr.32	s17, [r4, #24]
 3776 064e B0E5     		b	.L118
 3777              	.LVL310:
 3778              	.L168:
  19:effects/phasereffect.cpp ****         phase -= 1.0f;
 3779              		.loc 1 19 18 view .LVU1130
 3780              	.LBE669:
 3781              	.LBE702:
 3782              	.LBE845:
 3783              	.LBB846:
 3784              	.LBB760:
 3785              	.LBB722:
  22:effects/phasereffect.cpp ****         phase += 1.0f;
 3786              		.loc 1 22 18 is_stmt 1 view .LVU1131
 3787 0650 1FED9D9A 		vldr.32	s18, .L170+48
 3788 0654 B4EEC98A 		vcmpe.f32	s16, s18
 3789 0658 F1EE10FA 		vmrs	APSR_nzcv, FPSCR
 3790 065c 02D5     		bpl	.L169
 3791              	.LBE722:
 3792              	.LBE760:
 3793              	.LBE846:
 3794              	.LBB847:
ARM GAS  C:\Users\Oliver\AppData\Local\Temp\ccAPLW26.s 			page 133


 3795              	.LBB703:
 3796              	.LBB688:
  38:effects/phasereffect.cpp ****         case 0:
 3797              		.loc 1 38 35 is_stmt 0 discriminator 2 view .LVU1132
 3798 065e BFEE000A 		vmov.f32	s0, #-1.0e+0
 3799 0662 3EE7     		b	.L100
 3800              	.L169:
 3801              	.LBE688:
 3802              	.LBE703:
 3803              	.LBE847:
 3804              	.LBB848:
 3805              	.LBB761:
 3806              	.LBB723:
  25:effects/phasereffect.cpp **** }
 3807              		.loc 1 25 5 is_stmt 1 view .LVU1133
 3808              	.LVL311:
  25:effects/phasereffect.cpp **** }
 3809              		.loc 1 25 5 is_stmt 0 view .LVU1134
 3810              	.LBE723:
 3811              	.LBE761:
  30:effects/phasereffect.cpp ****         case 1: {
 3812              		.loc 1 30 5 is_stmt 1 view .LVU1135
 3813              	.LBE848:
 176:effects/phasereffect.cpp **** 
 3814              		.loc 1 176 48 is_stmt 0 view .LVU1136
 3815 0664 2BEE099A 		vmul.f32	s18, s22, s18
 3816 0668 9BE7     		b	.L95
 3817              	.LBE850:
 3818              	.LBE659:
 3819              	.LBE651:
 3820              	.LBE650:
 3821              		.cfi_endproc
 3822              	.LFE5153:
 3824 066a 00BF     		.section	.rodata._ZN11perspective12PhaserEffectC2Ev.str1.4,"aMS",%progbits,1
 3825              		.align	2
 3826              	.LC7:
 3827 0000 50686173 		.ascii	"Phaser\000"
 3827      657200
 3828              		.section	.text._ZN11perspective12PhaserEffectC2Ev,"ax",%progbits
 3829              		.align	1
 3830              		.p2align 2,,3
 3831              		.global	_ZN11perspective12PhaserEffectC2Ev
 3832              		.syntax unified
 3833              		.thumb
 3834              		.thumb_func
 3836              	_ZN11perspective12PhaserEffectC2Ev:
 3837              	.LVL312:
 3838              	.LFB5145:
  54:effects/phasereffect.cpp ****     : Effect("Phaser")
 3839              		.loc 1 54 1 is_stmt 1 view -0
 3840              		.cfi_startproc
 3841              		@ args = 0, pretend = 0, frame = 0
 3842              		@ frame_needed = 0, uses_anonymous_args = 0
  54:effects/phasereffect.cpp ****     : Effect("Phaser")
 3843              		.loc 1 54 1 is_stmt 0 view .LVU1138
 3844 0000 10B5     		push	{r4, lr}
 3845              		.cfi_def_cfa_offset 8
ARM GAS  C:\Users\Oliver\AppData\Local\Temp\ccAPLW26.s 			page 134


 3846              		.cfi_offset 4, -8
 3847              		.cfi_offset 14, -4
  54:effects/phasereffect.cpp ****     : Effect("Phaser")
 3848              		.loc 1 54 1 view .LVU1139
 3849 0002 0446     		mov	r4, r0
 3850              	.LBB851:
  59:effects/phasereffect.cpp **** }
 3851              		.loc 1 59 27 view .LVU1140
 3852 0004 0E49     		ldr	r1, .L175
 3853 0006 FFF7FEFF 		bl	_ZN11perspective6EffectC2EPKc
 3854              	.LVL313:
  59:effects/phasereffect.cpp **** }
 3855              		.loc 1 59 27 discriminator 1 view .LVU1141
 3856 000a 0E4B     		ldr	r3, .L175+4
 3857 000c 2046     		mov	r0, r4
 3858 000e 4022     		movs	r2, #64
 3859 0010 0021     		movs	r1, #0
 3860 0012 40F8303B 		str	r3, [r0], #48
 3861 0016 FFF7FEFF 		bl	memset
 3862              	.LVL314:
 3863 001a 4022     		movs	r2, #64
 3864 001c 0021     		movs	r1, #0
 3865 001e 04F17000 		add	r0, r4, #112
 3866 0022 FFF7FEFF 		bl	memset
 3867              	.LVL315:
  56:effects/phasereffect.cpp ****     , lfoPhaseR_(0.25f)
 3868              		.loc 1 56 7 view .LVU1142
 3869 0026 0023     		movs	r3, #0
  57:effects/phasereffect.cpp ****     , feedbackStateL_(0.0f)
 3870              		.loc 1 57 7 view .LVU1143
 3871 0028 4FF07A52 		mov	r2, #1048576000
 3872              	.LBE851:
  60:effects/phasereffect.cpp **** 
 3873              		.loc 1 60 1 view .LVU1144
 3874 002c 2046     		mov	r0, r4
 3875              	.LBB852:
  56:effects/phasereffect.cpp ****     , lfoPhaseR_(0.25f)
 3876              		.loc 1 56 7 view .LVU1145
 3877 002e C4F8B030 		str	r3, [r4, #176]	@ float
  57:effects/phasereffect.cpp ****     , feedbackStateL_(0.0f)
 3878              		.loc 1 57 7 view .LVU1146
 3879 0032 C4F8B420 		str	r2, [r4, #180]	@ float
  58:effects/phasereffect.cpp ****     , feedbackStateR_(0.0f) {
 3880              		.loc 1 58 7 view .LVU1147
 3881 0036 C4F8B830 		str	r3, [r4, #184]	@ float
  59:effects/phasereffect.cpp **** }
 3882              		.loc 1 59 7 view .LVU1148
 3883 003a C4F8BC30 		str	r3, [r4, #188]	@ float
 3884              	.LBE852:
  60:effects/phasereffect.cpp **** 
 3885              		.loc 1 60 1 view .LVU1149
 3886 003e 10BD     		pop	{r4, pc}
 3887              	.LVL316:
 3888              	.L176:
  60:effects/phasereffect.cpp **** 
 3889              		.loc 1 60 1 view .LVU1150
 3890              		.align	2
ARM GAS  C:\Users\Oliver\AppData\Local\Temp\ccAPLW26.s 			page 135


 3891              	.L175:
 3892 0040 00000000 		.word	.LC7
 3893 0044 08000000 		.word	_ZTVN11perspective12PhaserEffectE+8
 3894              		.cfi_endproc
 3895              	.LFE5145:
 3897              		.global	_ZN11perspective12PhaserEffectC1Ev
 3898              		.thumb_set _ZN11perspective12PhaserEffectC1Ev,_ZN11perspective12PhaserEffectC2Ev
 3899              		.global	_ZTVN11perspective12PhaserEffectE
 3900              		.section	.rodata._ZTVN11perspective12PhaserEffectE,"a"
 3901              		.align	2
 3904              	_ZTVN11perspective12PhaserEffectE:
 3905 0000 00000000 		.word	0
 3906 0004 00000000 		.word	0
 3907 0008 00000000 		.word	_ZN11perspective12PhaserEffectD1Ev
 3908 000c 00000000 		.word	_ZN11perspective12PhaserEffectD0Ev
 3909 0010 00000000 		.word	_ZN11perspective12PhaserEffect4InitEf
 3910 0014 00000000 		.word	_ZN11perspective12PhaserEffect7ProcessEPfS1_j
 3911 0018 00000000 		.word	_ZN11perspective12PhaserEffect13ProcessStereoEPfS1_S1_S1_j
 3912 001c 00000000 		.word	_ZN11perspective12PhaserEffect6UpdateEv
 3913 0020 00000000 		.word	_ZN11perspective6Effect8SetTempoEf
 3914 0024 00000000 		.word	_ZN11perspective6Effect19SetMetronomeEnabledEb
 3915 0028 00000000 		.word	_ZNK11perspective6Effect23GetTempoPulseBrightnessEv
 3916 002c 00000000 		.word	_ZN11perspective6Effect10OnSelectedEv
 3917 0030 00000000 		.word	_ZN11perspective6Effect12OnDeselectedEv
 3918              		.section	.rodata.str1.4,"aMS",%progbits,1
 3919              		.align	2
 3920              	.LC8:
 3921 0000 53696E65 		.ascii	"Sine\000"
 3921      00
 3922 0005 000000   		.align	2
 3923              	.LC9:
 3924 0008 54726900 		.ascii	"Tri\000"
 3925              		.align	2
 3926              	.LC10:
 3927 000c 53617700 		.ascii	"Saw\000"
 3928              		.align	2
 3929              	.LC11:
 3930 0010 53717561 		.ascii	"Square\000"
 3930      726500
 3931              		.section	.data._ZZN11perspective12PhaserEffect4InitEfE10kWaveNames,"aw"
 3932              		.align	2
 3935              	_ZZN11perspective12PhaserEffect4InitEfE10kWaveNames:
 3936 0000 00000000 		.word	.LC8
 3937 0004 08000000 		.word	.LC9
 3938 0008 0C000000 		.word	.LC10
 3939 000c 10000000 		.word	.LC11
 3940              		.text
 3941              	.Letext0:
 3942              		.file 5 "C:/Program Files (x86)/Arm GNU Toolchain arm-none-eabi/14.3 rel1/arm-none-eabi/include/ma
 3943              		.file 6 "C:/Program Files (x86)/Arm GNU Toolchain arm-none-eabi/14.3 rel1/arm-none-eabi/include/sy
 3944              		.file 7 "C:/Program Files (x86)/Arm GNU Toolchain arm-none-eabi/14.3 rel1/arm-none-eabi/include/st
 3945              		.file 8 "C:/Program Files (x86)/Arm GNU Toolchain arm-none-eabi/14.3 rel1/lib/gcc/arm-none-eabi/14
 3946              		.file 9 "C:/Program Files (x86)/Arm GNU Toolchain arm-none-eabi/14.3 rel1/arm-none-eabi/include/c+
 3947              		.file 10 "C:/Program Files (x86)/Arm GNU Toolchain arm-none-eabi/14.3 rel1/arm-none-eabi/include/c
 3948              		.file 11 "C:/Program Files (x86)/Arm GNU Toolchain arm-none-eabi/14.3 rel1/arm-none-eabi/include/c
 3949              		.file 12 "C:/Program Files (x86)/Arm GNU Toolchain arm-none-eabi/14.3 rel1/arm-none-eabi/include/c
 3950              		.file 13 "C:/Program Files (x86)/Arm GNU Toolchain arm-none-eabi/14.3 rel1/arm-none-eabi/include/c
ARM GAS  C:\Users\Oliver\AppData\Local\Temp\ccAPLW26.s 			page 136


 3951              		.file 14 "C:/Program Files (x86)/Arm GNU Toolchain arm-none-eabi/14.3 rel1/arm-none-eabi/include/c
 3952              		.file 15 "C:/Program Files (x86)/Arm GNU Toolchain arm-none-eabi/14.3 rel1/arm-none-eabi/include/c
 3953              		.file 16 "C:/Program Files (x86)/Arm GNU Toolchain arm-none-eabi/14.3 rel1/arm-none-eabi/include/c
 3954              		.file 17 "C:/Program Files (x86)/Arm GNU Toolchain arm-none-eabi/14.3 rel1/arm-none-eabi/include/c
 3955              		.file 18 "C:/Program Files (x86)/Arm GNU Toolchain arm-none-eabi/14.3 rel1/arm-none-eabi/include/c
 3956              		.file 19 "C:/Program Files (x86)/Arm GNU Toolchain arm-none-eabi/14.3 rel1/arm-none-eabi/include/c
 3957              		.file 20 "C:/Program Files (x86)/Arm GNU Toolchain arm-none-eabi/14.3 rel1/arm-none-eabi/include/c
 3958              		.file 21 "C:/Program Files (x86)/Arm GNU Toolchain arm-none-eabi/14.3 rel1/arm-none-eabi/include/c
 3959              		.file 22 "C:/Program Files (x86)/Arm GNU Toolchain arm-none-eabi/14.3 rel1/arm-none-eabi/include/c
 3960              		.file 23 "C:/Program Files (x86)/Arm GNU Toolchain arm-none-eabi/14.3 rel1/arm-none-eabi/include/c
 3961              		.file 24 "C:/Program Files (x86)/Arm GNU Toolchain arm-none-eabi/14.3 rel1/arm-none-eabi/include/c
 3962              		.file 25 "C:/Program Files (x86)/Arm GNU Toolchain arm-none-eabi/14.3 rel1/arm-none-eabi/include/c
 3963              		.file 26 "C:/Program Files (x86)/Arm GNU Toolchain arm-none-eabi/14.3 rel1/arm-none-eabi/include/c
 3964              		.file 27 "C:/Program Files (x86)/Arm GNU Toolchain arm-none-eabi/14.3 rel1/arm-none-eabi/include/c
 3965              		.file 28 "C:/Program Files (x86)/Arm GNU Toolchain arm-none-eabi/14.3 rel1/arm-none-eabi/include/c
 3966              		.file 29 "C:/Program Files (x86)/Arm GNU Toolchain arm-none-eabi/14.3 rel1/arm-none-eabi/include/c
 3967              		.file 30 "C:/Program Files (x86)/Arm GNU Toolchain arm-none-eabi/14.3 rel1/arm-none-eabi/include/c
 3968              		.file 31 "C:/Program Files (x86)/Arm GNU Toolchain arm-none-eabi/14.3 rel1/arm-none-eabi/include/c
 3969              		.file 32 "C:/Program Files (x86)/Arm GNU Toolchain arm-none-eabi/14.3 rel1/arm-none-eabi/include/c
 3970              		.file 33 "C:/Program Files (x86)/Arm GNU Toolchain arm-none-eabi/14.3 rel1/arm-none-eabi/include/c
 3971              		.file 34 "C:/Program Files (x86)/Arm GNU Toolchain arm-none-eabi/14.3 rel1/arm-none-eabi/include/c
 3972              		.file 35 "C:/Program Files (x86)/Arm GNU Toolchain arm-none-eabi/14.3 rel1/arm-none-eabi/include/s
 3973              		.file 36 "C:/Program Files (x86)/Arm GNU Toolchain arm-none-eabi/14.3 rel1/arm-none-eabi/include/s
 3974              		.file 37 "C:/Program Files (x86)/Arm GNU Toolchain arm-none-eabi/14.3 rel1/arm-none-eabi/include/s
 3975              		.file 38 "C:/Program Files (x86)/Arm GNU Toolchain arm-none-eabi/14.3 rel1/arm-none-eabi/include/m
 3976              		.file 39 "C:/Program Files (x86)/Arm GNU Toolchain arm-none-eabi/14.3 rel1/arm-none-eabi/include/s
 3977              		.file 40 "C:/Program Files (x86)/Arm GNU Toolchain arm-none-eabi/14.3 rel1/arm-none-eabi/include/c
 3978              		.file 41 "C:/Program Files (x86)/Arm GNU Toolchain arm-none-eabi/14.3 rel1/arm-none-eabi/include/c
 3979              		.file 42 "C:/Program Files (x86)/Arm GNU Toolchain arm-none-eabi/14.3 rel1/arm-none-eabi/include/c
 3980              		.file 43 "dependencies/libDaisy/src/daisy_core.h"
 3981              		.file 44 "dependencies/libDaisy/src/dev/max11300.h"
 3982              		.file 45 "dependencies/libDaisy/src/dev/sr_595.h"
 3983              		.file 46 "dependencies/libDaisy/src/util/wav_format.h"
 3984              		.file 47 "dependencies/libDaisy/src/daisy_seed.h"
 3985              		.file 48 "C:/Program Files (x86)/Arm GNU Toolchain arm-none-eabi/14.3 rel1/arm-none-eabi/include/c
 3986              		.file 49 "C:/Program Files (x86)/Arm GNU Toolchain arm-none-eabi/14.3 rel1/lib/gcc/arm-none-eabi/1
 3987              		.file 50 "C:/Program Files (x86)/Arm GNU Toolchain arm-none-eabi/14.3 rel1/arm-none-eabi/include/s
 3988              		.file 51 "C:/Program Files (x86)/Arm GNU Toolchain arm-none-eabi/14.3 rel1/arm-none-eabi/include/s
 3989              		.file 52 "C:/Program Files (x86)/Arm GNU Toolchain arm-none-eabi/14.3 rel1/arm-none-eabi/include/w
 3990              		.file 53 "dependencies/libDaisy/Middlewares/Third_Party/FatFs/src/integer.h"
 3991              		.file 54 "dependencies/libDaisy/Middlewares/Third_Party/FatFs/src/ff.h"
 3992              		.file 55 "effects/../parameters/effectparameter.h"
 3993              		.file 56 "effects/../parameters/../controls.h"
 3994              		.file 57 "effects/../parameters/potentiometerparameter.h"
 3995              		.file 58 "effects/../parameters/encoderparameter.h"
 3996              		.file 59 "effects/effect.h"
 3997              		.file 60 "C:/Program Files (x86)/Arm GNU Toolchain arm-none-eabi/14.3 rel1/arm-none-eabi/include/c
 3998              		.file 61 "C:/Program Files (x86)/Arm GNU Toolchain arm-none-eabi/14.3 rel1/arm-none-eabi/include/c
 3999              		.file 62 "<built-in>"
ARM GAS  C:\Users\Oliver\AppData\Local\Temp\ccAPLW26.s 			page 137


DEFINED SYMBOLS
                            *ABS*:00000000 phasereffect.cpp
C:\Users\Oliver\AppData\Local\Temp\ccAPLW26.s:20     .text._ZN11perspective12PhaserEffect6UpdateEv:00000000 $t
C:\Users\Oliver\AppData\Local\Temp\ccAPLW26.s:27     .text._ZN11perspective12PhaserEffect6UpdateEv:00000000 _ZN11perspective12PhaserEffect6UpdateEv
C:\Users\Oliver\AppData\Local\Temp\ccAPLW26.s:41     .text._ZN11perspective12PhaserEffectD2Ev:00000000 $t
C:\Users\Oliver\AppData\Local\Temp\ccAPLW26.s:48     .text._ZN11perspective12PhaserEffectD2Ev:00000000 _ZN11perspective12PhaserEffectD2Ev
C:\Users\Oliver\AppData\Local\Temp\ccAPLW26.s:81     .text._ZN11perspective12PhaserEffectD2Ev:00000010 $d
C:\Users\Oliver\AppData\Local\Temp\ccAPLW26.s:3904   .rodata._ZTVN11perspective12PhaserEffectE:00000000 _ZTVN11perspective12PhaserEffectE
C:\Users\Oliver\AppData\Local\Temp\ccAPLW26.s:48     .text._ZN11perspective12PhaserEffectD2Ev:00000000 _ZN11perspective12PhaserEffectD1Ev
C:\Users\Oliver\AppData\Local\Temp\ccAPLW26.s:88     .text._ZN11perspective12PhaserEffectD0Ev:00000000 $t
C:\Users\Oliver\AppData\Local\Temp\ccAPLW26.s:95     .text._ZN11perspective12PhaserEffectD0Ev:00000000 _ZN11perspective12PhaserEffectD0Ev
C:\Users\Oliver\AppData\Local\Temp\ccAPLW26.s:141    .text._ZN11perspective12PhaserEffectD0Ev:00000018 $d
C:\Users\Oliver\AppData\Local\Temp\ccAPLW26.s:146    .rodata._ZN11perspective12PhaserEffect4InitEf.str1.4:00000000 $d
C:\Users\Oliver\AppData\Local\Temp\ccAPLW26.s:168    .text._ZN11perspective12PhaserEffect4InitEf:00000000 $t
C:\Users\Oliver\AppData\Local\Temp\ccAPLW26.s:175    .text._ZN11perspective12PhaserEffect4InitEf:00000000 _ZN11perspective12PhaserEffect4InitEf
C:\Users\Oliver\AppData\Local\Temp\ccAPLW26.s:591    .text._ZN11perspective12PhaserEffect4InitEf:000001ec $d
C:\Users\Oliver\AppData\Local\Temp\ccAPLW26.s:3935   .data._ZZN11perspective12PhaserEffect4InitEfE10kWaveNames:00000000 _ZZN11perspective12PhaserEffect4InitEfE10kWaveNames
C:\Users\Oliver\AppData\Local\Temp\ccAPLW26.s:613    .text._ZN11perspective12PhaserEffect7ProcessEPfS1_j:00000000 $t
C:\Users\Oliver\AppData\Local\Temp\ccAPLW26.s:620    .text._ZN11perspective12PhaserEffect7ProcessEPfS1_j:00000000 _ZN11perspective12PhaserEffect7ProcessEPfS1_j
C:\Users\Oliver\AppData\Local\Temp\ccAPLW26.s:1469   .text._ZN11perspective12PhaserEffect7ProcessEPfS1_j:000003a8 $d
C:\Users\Oliver\AppData\Local\Temp\ccAPLW26.s:1487   .text._ZN11perspective12PhaserEffect7ProcessEPfS1_j:000003d8 $t
C:\Users\Oliver\AppData\Local\Temp\ccAPLW26.s:2290   .text._ZN11perspective12PhaserEffect13ProcessStereoEPfS1_S1_S1_j:00000000 $t
C:\Users\Oliver\AppData\Local\Temp\ccAPLW26.s:2297   .text._ZN11perspective12PhaserEffect13ProcessStereoEPfS1_S1_S1_j:00000000 _ZN11perspective12PhaserEffect13ProcessStereoEPfS1_S1_S1_j
C:\Users\Oliver\AppData\Local\Temp\ccAPLW26.s:3162   .text._ZN11perspective12PhaserEffect13ProcessStereoEPfS1_S1_S1_j:000003b0 $d
C:\Users\Oliver\AppData\Local\Temp\ccAPLW26.s:3179   .text._ZN11perspective12PhaserEffect13ProcessStereoEPfS1_S1_S1_j:000003e4 $t
C:\Users\Oliver\AppData\Local\Temp\ccAPLW26.s:3825   .rodata._ZN11perspective12PhaserEffectC2Ev.str1.4:00000000 $d
C:\Users\Oliver\AppData\Local\Temp\ccAPLW26.s:3829   .text._ZN11perspective12PhaserEffectC2Ev:00000000 $t
C:\Users\Oliver\AppData\Local\Temp\ccAPLW26.s:3836   .text._ZN11perspective12PhaserEffectC2Ev:00000000 _ZN11perspective12PhaserEffectC2Ev
C:\Users\Oliver\AppData\Local\Temp\ccAPLW26.s:3892   .text._ZN11perspective12PhaserEffectC2Ev:00000040 $d
C:\Users\Oliver\AppData\Local\Temp\ccAPLW26.s:3836   .text._ZN11perspective12PhaserEffectC2Ev:00000000 _ZN11perspective12PhaserEffectC1Ev
C:\Users\Oliver\AppData\Local\Temp\ccAPLW26.s:3901   .rodata._ZTVN11perspective12PhaserEffectE:00000000 $d
C:\Users\Oliver\AppData\Local\Temp\ccAPLW26.s:3919   .rodata.str1.4:00000000 $d
C:\Users\Oliver\AppData\Local\Temp\ccAPLW26.s:3932   .data._ZZN11perspective12PhaserEffect4InitEfE10kWaveNames:00000000 $d

UNDEFINED SYMBOLS
_ZN11perspective6EffectD2Ev
_ZdlPvj
_Znwj
_ZN11perspective22PotentiometerParameterC1EPKcfffNS_8PotCurveEii
_ZN11perspective6Effect12AddParameterEPNS_15EffectParameterE
_ZN11perspective16EncoderParameterC1EPKcffffii
_ZN11perspective15EffectParameter14SetDisplayTypeENS_11DisplayTypeE
_ZN11perspective15EffectParameter17SetDiscreteValuesEPPKci
_ZNK11perspective15EffectParameter8GetValueEv
tanf
sinf
_ZN11perspective6EffectC2EPKc
memset
_ZN11perspective6Effect8SetTempoEf
_ZN11perspective6Effect19SetMetronomeEnabledEb
_ZNK11perspective6Effect23GetTempoPulseBrightnessEv
_ZN11perspective6Effect10OnSelectedEv
_ZN11perspective6Effect12OnDeselectedEv
