ARM GAS  C:\Users\Oliver\AppData\Local\Temp\ccEzwoLp.s 			page 1


   1              		.cpu cortex-m7
   2              		.arch armv7e-m
   3              		.fpu fpv5-d16
   4              		.eabi_attribute 28, 1
   5              		.eabi_attribute 20, 1
   6              		.eabi_attribute 21, 1
   7              		.eabi_attribute 23, 3
   8              		.eabi_attribute 24, 1
   9              		.eabi_attribute 25, 1
  10              		.eabi_attribute 26, 1
  11              		.eabi_attribute 30, 2
  12              		.eabi_attribute 34, 1
  13              		.eabi_attribute 18, 4
  14              		.file	"potentiometerparameter.cpp"
  15              		.text
  16              	.Ltext0:
  17              		.cfi_sections	.debug_frame
  18              		.file 1 "parameters/potentiometerparameter.cpp"
  19              		.section	.text._ZNK11perspective22PotentiometerParameter7GetTypeEv,"ax",%progbits
  20              		.align	1
  21              		.p2align 2,,3
  22              		.global	_ZNK11perspective22PotentiometerParameter7GetTypeEv
  23              		.syntax unified
  24              		.thumb
  25              		.thumb_func
  27              	_ZNK11perspective22PotentiometerParameter7GetTypeEv:
  28              	.LVL0:
  29              	.LFB4486:
   1:parameters/potentiometerparameter.cpp **** #include "potentiometerparameter.h"
   2:parameters/potentiometerparameter.cpp **** #include <cmath>
   3:parameters/potentiometerparameter.cpp **** #include <cstdio>
   4:parameters/potentiometerparameter.cpp **** 
   5:parameters/potentiometerparameter.cpp **** using namespace perspective;
   6:parameters/potentiometerparameter.cpp **** 
   7:parameters/potentiometerparameter.cpp **** PotentiometerParameter::PotentiometerParameter(const char* name, float minValue, float maxValue, fl
   8:parameters/potentiometerparameter.cpp ****     : EffectParameter(name, minValue, maxValue, defaultValue, index, displayIndex)
   9:parameters/potentiometerparameter.cpp ****     , curve_(curve)
  10:parameters/potentiometerparameter.cpp **** {}
  11:parameters/potentiometerparameter.cpp **** 
  12:parameters/potentiometerparameter.cpp **** PotentiometerParameter::~PotentiometerParameter() {}
  13:parameters/potentiometerparameter.cpp **** 
  14:parameters/potentiometerparameter.cpp **** void PotentiometerParameter::SetCurve(PotCurve curve) {
  15:parameters/potentiometerparameter.cpp ****     curve_ = curve;
  16:parameters/potentiometerparameter.cpp **** }
  17:parameters/potentiometerparameter.cpp **** 
  18:parameters/potentiometerparameter.cpp **** PotCurve PotentiometerParameter::GetCurve() const {
  19:parameters/potentiometerparameter.cpp ****     return curve_;
  20:parameters/potentiometerparameter.cpp **** }
  21:parameters/potentiometerparameter.cpp **** 
  22:parameters/potentiometerparameter.cpp **** void PotentiometerParameter::SetNormalizedValueWithCurve(float normalizedValue) {
  23:parameters/potentiometerparameter.cpp ****     float curvedValue = ApplyCurve(normalizedValue);
  24:parameters/potentiometerparameter.cpp ****     currentValue_ = minValue_ + (curvedValue * (maxValue_ - minValue_));
  25:parameters/potentiometerparameter.cpp **** }
  26:parameters/potentiometerparameter.cpp **** 
  27:parameters/potentiometerparameter.cpp **** ParameterType PotentiometerParameter::GetType() const {
  30              		.loc 1 27 55 view -0
  31              		.cfi_startproc
ARM GAS  C:\Users\Oliver\AppData\Local\Temp\ccEzwoLp.s 			page 2


  32              		@ args = 0, pretend = 0, frame = 0
  33              		@ frame_needed = 0, uses_anonymous_args = 0
  34              		@ link register save eliminated.
  28:parameters/potentiometerparameter.cpp ****     return ParameterType::POTENTIOMETER;
  35              		.loc 1 28 5 view .LVU1
  29:parameters/potentiometerparameter.cpp **** }
  36              		.loc 1 29 1 is_stmt 0 view .LVU2
  37 0000 0020     		movs	r0, #0
  38              	.LVL1:
  39              		.loc 1 29 1 view .LVU3
  40 0002 7047     		bx	lr
  41              		.cfi_endproc
  42              	.LFE4486:
  44              		.section	.text._ZN11perspective22PotentiometerParameterD2Ev,"ax",%progbits
  45              		.align	1
  46              		.p2align 2,,3
  47              		.global	_ZN11perspective22PotentiometerParameterD2Ev
  48              		.syntax unified
  49              		.thumb
  50              		.thumb_func
  52              	_ZN11perspective22PotentiometerParameterD2Ev:
  53              	.LVL2:
  54              	.LFB4480:
  12:parameters/potentiometerparameter.cpp **** 
  55              		.loc 1 12 1 is_stmt 1 view -0
  56              		.cfi_startproc
  57              		@ args = 0, pretend = 0, frame = 0
  58              		@ frame_needed = 0, uses_anonymous_args = 0
  59              	.LBB23:
  12:parameters/potentiometerparameter.cpp **** 
  60              		.loc 1 12 49 is_stmt 0 view .LVU5
  61 0000 034B     		ldr	r3, .L5
  62              	.LBE23:
  12:parameters/potentiometerparameter.cpp **** 
  63              		.loc 1 12 1 view .LVU6
  64 0002 10B5     		push	{r4, lr}
  65              		.cfi_def_cfa_offset 8
  66              		.cfi_offset 4, -8
  67              		.cfi_offset 14, -4
  12:parameters/potentiometerparameter.cpp **** 
  68              		.loc 1 12 1 view .LVU7
  69 0004 0446     		mov	r4, r0
  70              	.LBB24:
  12:parameters/potentiometerparameter.cpp **** 
  71              		.loc 1 12 49 view .LVU8
  72 0006 0360     		str	r3, [r0]
  12:parameters/potentiometerparameter.cpp **** 
  73              		.loc 1 12 52 view .LVU9
  74 0008 FFF7FEFF 		bl	_ZN11perspective15EffectParameterD2Ev
  75              	.LVL3:
  12:parameters/potentiometerparameter.cpp **** 
  76              		.loc 1 12 52 view .LVU10
  77              	.LBE24:
  78 000c 2046     		mov	r0, r4
  79 000e 10BD     		pop	{r4, pc}
  80              	.LVL4:
  81              	.L6:
ARM GAS  C:\Users\Oliver\AppData\Local\Temp\ccEzwoLp.s 			page 3


  12:parameters/potentiometerparameter.cpp **** 
  82              		.loc 1 12 52 view .LVU11
  83              		.align	2
  84              	.L5:
  85 0010 08000000 		.word	_ZTVN11perspective22PotentiometerParameterE+8
  86              		.cfi_endproc
  87              	.LFE4480:
  89              		.global	_ZN11perspective22PotentiometerParameterD1Ev
  90              		.thumb_set _ZN11perspective22PotentiometerParameterD1Ev,_ZN11perspective22PotentiometerParameterD2
  91              		.section	.text._ZN11perspective22PotentiometerParameterD0Ev,"ax",%progbits
  92              		.align	1
  93              		.p2align 2,,3
  94              		.global	_ZN11perspective22PotentiometerParameterD0Ev
  95              		.syntax unified
  96              		.thumb
  97              		.thumb_func
  99              	_ZN11perspective22PotentiometerParameterD0Ev:
 100              	.LVL5:
 101              	.LFB4482:
  12:parameters/potentiometerparameter.cpp **** 
 102              		.loc 1 12 1 is_stmt 1 view -0
 103              		.cfi_startproc
 104              		@ args = 0, pretend = 0, frame = 0
 105              		@ frame_needed = 0, uses_anonymous_args = 0
 106              	.LBB25:
 107              	.LBB26:
  12:parameters/potentiometerparameter.cpp **** 
 108              		.loc 1 12 49 is_stmt 0 view .LVU13
 109 0000 054B     		ldr	r3, .L9
 110              	.LBE26:
 111              	.LBE25:
  12:parameters/potentiometerparameter.cpp **** 
 112              		.loc 1 12 1 view .LVU14
 113 0002 10B5     		push	{r4, lr}
 114              		.cfi_def_cfa_offset 8
 115              		.cfi_offset 4, -8
 116              		.cfi_offset 14, -4
  12:parameters/potentiometerparameter.cpp **** 
 117              		.loc 1 12 1 view .LVU15
 118 0004 0446     		mov	r4, r0
 119              	.LVL6:
 120              	.LBB28:
 121              	.LBI25:
  12:parameters/potentiometerparameter.cpp **** 
 122              		.loc 1 12 1 is_stmt 1 view .LVU16
 123              	.LBB27:
  12:parameters/potentiometerparameter.cpp **** 
 124              		.loc 1 12 49 is_stmt 0 view .LVU17
 125 0006 0360     		str	r3, [r0]
  12:parameters/potentiometerparameter.cpp **** 
 126              		.loc 1 12 52 view .LVU18
 127 0008 FFF7FEFF 		bl	_ZN11perspective15EffectParameterD2Ev
 128              	.LVL7:
  12:parameters/potentiometerparameter.cpp **** 
 129              		.loc 1 12 52 view .LVU19
 130              	.LBE27:
 131              	.LBE28:
ARM GAS  C:\Users\Oliver\AppData\Local\Temp\ccEzwoLp.s 			page 4


  12:parameters/potentiometerparameter.cpp **** 
 132              		.loc 1 12 52 discriminator 1 view .LVU20
 133 000c 3021     		movs	r1, #48
 134 000e 2046     		mov	r0, r4
 135 0010 FFF7FEFF 		bl	_ZdlPvj
 136              	.LVL8:
  12:parameters/potentiometerparameter.cpp **** 
 137              		.loc 1 12 52 view .LVU21
 138 0014 2046     		mov	r0, r4
 139 0016 10BD     		pop	{r4, pc}
 140              	.LVL9:
 141              	.L10:
  12:parameters/potentiometerparameter.cpp **** 
 142              		.loc 1 12 52 view .LVU22
 143              		.align	2
 144              	.L9:
 145 0018 08000000 		.word	_ZTVN11perspective22PotentiometerParameterE+8
 146              		.cfi_endproc
 147              	.LFE4482:
 149              		.section	.text._ZN11perspective22PotentiometerParameterC2EPKcfffNS_8PotCurveEii,"ax",%progbits
 150              		.align	1
 151              		.p2align 2,,3
 152              		.global	_ZN11perspective22PotentiometerParameterC2EPKcfffNS_8PotCurveEii
 153              		.syntax unified
 154              		.thumb
 155              		.thumb_func
 157              	_ZN11perspective22PotentiometerParameterC2EPKcfffNS_8PotCurveEii:
 158              	.LVL10:
 159              	.LFB4477:
   7:parameters/potentiometerparameter.cpp ****     : EffectParameter(name, minValue, maxValue, defaultValue, index, displayIndex)
 160              		.loc 1 7 1 is_stmt 1 view -0
 161              		.cfi_startproc
 162              		@ args = 4, pretend = 0, frame = 0
 163              		@ frame_needed = 0, uses_anonymous_args = 0
   7:parameters/potentiometerparameter.cpp ****     : EffectParameter(name, minValue, maxValue, defaultValue, index, displayIndex)
 164              		.loc 1 7 1 is_stmt 0 view .LVU24
 165 0000 38B5     		push	{r3, r4, r5, lr}
 166              		.cfi_def_cfa_offset 16
 167              		.cfi_offset 3, -16
 168              		.cfi_offset 4, -12
 169              		.cfi_offset 5, -8
 170              		.cfi_offset 14, -4
   7:parameters/potentiometerparameter.cpp ****     : EffectParameter(name, minValue, maxValue, defaultValue, index, displayIndex)
 171              		.loc 1 7 1 view .LVU25
 172 0002 1546     		mov	r5, r2
 173              	.LBB29:
   9:parameters/potentiometerparameter.cpp **** {}
 174              		.loc 1 9 19 view .LVU26
 175 0004 1A46     		mov	r2, r3
 176              	.LVL11:
   9:parameters/potentiometerparameter.cpp **** {}
 177              		.loc 1 9 19 view .LVU27
 178 0006 049B     		ldr	r3, [sp, #16]
 179              	.LVL12:
   9:parameters/potentiometerparameter.cpp **** {}
 180              		.loc 1 9 19 view .LVU28
 181              	.LBE29:
ARM GAS  C:\Users\Oliver\AppData\Local\Temp\ccEzwoLp.s 			page 5


   7:parameters/potentiometerparameter.cpp ****     : EffectParameter(name, minValue, maxValue, defaultValue, index, displayIndex)
 182              		.loc 1 7 1 view .LVU29
 183 0008 0446     		mov	r4, r0
 184              	.LBB30:
   9:parameters/potentiometerparameter.cpp **** {}
 185              		.loc 1 9 19 view .LVU30
 186 000a FFF7FEFF 		bl	_ZN11perspective15EffectParameterC2EPKcfffii
 187              	.LVL13:
   9:parameters/potentiometerparameter.cpp **** {}
 188              		.loc 1 9 19 discriminator 1 view .LVU31
 189 000e 024B     		ldr	r3, .L13
 190              	.LBE30:
  10:parameters/potentiometerparameter.cpp **** 
 191              		.loc 1 10 2 view .LVU32
 192 0010 2046     		mov	r0, r4
 193              	.LBB31:
   9:parameters/potentiometerparameter.cpp **** {}
 194              		.loc 1 9 7 discriminator 1 view .LVU33
 195 0012 E562     		str	r5, [r4, #44]
   9:parameters/potentiometerparameter.cpp **** {}
 196              		.loc 1 9 19 discriminator 1 view .LVU34
 197 0014 2360     		str	r3, [r4]
 198              	.LBE31:
  10:parameters/potentiometerparameter.cpp **** 
 199              		.loc 1 10 2 view .LVU35
 200 0016 38BD     		pop	{r3, r4, r5, pc}
 201              	.LVL14:
 202              	.L14:
  10:parameters/potentiometerparameter.cpp **** 
 203              		.loc 1 10 2 view .LVU36
 204              		.align	2
 205              	.L13:
 206 0018 08000000 		.word	_ZTVN11perspective22PotentiometerParameterE+8
 207              		.cfi_endproc
 208              	.LFE4477:
 210              		.global	_ZN11perspective22PotentiometerParameterC1EPKcfffNS_8PotCurveEii
 211              		.thumb_set _ZN11perspective22PotentiometerParameterC1EPKcfffNS_8PotCurveEii,_ZN11perspective22Pote
 212              		.section	.text._ZN11perspective22PotentiometerParameter8SetCurveENS_8PotCurveE,"ax",%progbits
 213              		.align	1
 214              		.p2align 2,,3
 215              		.global	_ZN11perspective22PotentiometerParameter8SetCurveENS_8PotCurveE
 216              		.syntax unified
 217              		.thumb
 218              		.thumb_func
 220              	_ZN11perspective22PotentiometerParameter8SetCurveENS_8PotCurveE:
 221              	.LVL15:
 222              	.LFB4483:
  14:parameters/potentiometerparameter.cpp ****     curve_ = curve;
 223              		.loc 1 14 55 is_stmt 1 view -0
 224              		.cfi_startproc
 225              		@ args = 0, pretend = 0, frame = 0
 226              		@ frame_needed = 0, uses_anonymous_args = 0
 227              		@ link register save eliminated.
  15:parameters/potentiometerparameter.cpp **** }
 228              		.loc 1 15 5 view .LVU38
  15:parameters/potentiometerparameter.cpp **** }
 229              		.loc 1 15 12 is_stmt 0 view .LVU39
ARM GAS  C:\Users\Oliver\AppData\Local\Temp\ccEzwoLp.s 			page 6


 230 0000 C162     		str	r1, [r0, #44]
  16:parameters/potentiometerparameter.cpp **** 
 231              		.loc 1 16 1 view .LVU40
 232 0002 7047     		bx	lr
 233              		.cfi_endproc
 234              	.LFE4483:
 236              		.section	.text._ZNK11perspective22PotentiometerParameter8GetCurveEv,"ax",%progbits
 237              		.align	1
 238              		.p2align 2,,3
 239              		.global	_ZNK11perspective22PotentiometerParameter8GetCurveEv
 240              		.syntax unified
 241              		.thumb
 242              		.thumb_func
 244              	_ZNK11perspective22PotentiometerParameter8GetCurveEv:
 245              	.LVL16:
 246              	.LFB4484:
  18:parameters/potentiometerparameter.cpp ****     return curve_;
 247              		.loc 1 18 51 is_stmt 1 view -0
 248              		.cfi_startproc
 249              		@ args = 0, pretend = 0, frame = 0
 250              		@ frame_needed = 0, uses_anonymous_args = 0
 251              		@ link register save eliminated.
  19:parameters/potentiometerparameter.cpp **** }
 252              		.loc 1 19 5 view .LVU42
  20:parameters/potentiometerparameter.cpp **** 
 253              		.loc 1 20 1 is_stmt 0 view .LVU43
 254 0000 C06A     		ldr	r0, [r0, #44]
 255              	.LVL17:
  20:parameters/potentiometerparameter.cpp **** 
 256              		.loc 1 20 1 view .LVU44
 257 0002 7047     		bx	lr
 258              		.cfi_endproc
 259              	.LFE4484:
 261              		.section	.text._ZN11perspective22PotentiometerParameter27SetNormalizedValueWithCurveEf,"ax",%progb
 262              		.align	1
 263              		.p2align 2,,3
 264              		.global	_ZN11perspective22PotentiometerParameter27SetNormalizedValueWithCurveEf
 265              		.syntax unified
 266              		.thumb
 267              		.thumb_func
 269              	_ZN11perspective22PotentiometerParameter27SetNormalizedValueWithCurveEf:
 270              	.LVL18:
 271              	.LFB4485:
  22:parameters/potentiometerparameter.cpp ****     float curvedValue = ApplyCurve(normalizedValue);
 272              		.loc 1 22 81 is_stmt 1 view -0
 273              		.cfi_startproc
 274              		@ args = 0, pretend = 0, frame = 0
 275              		@ frame_needed = 0, uses_anonymous_args = 0
  23:parameters/potentiometerparameter.cpp ****     currentValue_ = minValue_ + (curvedValue * (maxValue_ - minValue_));
 276              		.loc 1 23 5 view .LVU46
 277              	.LBB50:
 278              	.LBB51:
  30:parameters/potentiometerparameter.cpp **** 
  31:parameters/potentiometerparameter.cpp **** float PotentiometerParameter::ApplyCurve(float normalizedValue) {
  32:parameters/potentiometerparameter.cpp ****     switch (curve_) {
 279              		.loc 1 32 5 is_stmt 0 view .LVU47
 280 0000 C36A     		ldr	r3, [r0, #44]
ARM GAS  C:\Users\Oliver\AppData\Local\Temp\ccEzwoLp.s 			page 7


 281              	.LBE51:
 282              	.LBE50:
  22:parameters/potentiometerparameter.cpp ****     float curvedValue = ApplyCurve(normalizedValue);
 283              		.loc 1 22 81 view .LVU48
 284 0002 F0EE400A 		vmov.f32	s1, s0
 285              	.LBB71:
 286              	.LBB68:
 287              		.loc 1 32 5 view .LVU49
 288 0006 013B     		subs	r3, r3, #1
 289              	.LBE68:
 290              	.LBE71:
  22:parameters/potentiometerparameter.cpp ****     float curvedValue = ApplyCurve(normalizedValue);
 291              		.loc 1 22 81 view .LVU50
 292 0008 10B5     		push	{r4, lr}
 293              		.cfi_def_cfa_offset 8
 294              		.cfi_offset 4, -8
 295              		.cfi_offset 14, -4
  22:parameters/potentiometerparameter.cpp ****     float curvedValue = ApplyCurve(normalizedValue);
 296              		.loc 1 22 81 view .LVU51
 297 000a 0446     		mov	r4, r0
 298              	.LVL19:
 299              	.LBB72:
 300              	.LBI50:
  31:parameters/potentiometerparameter.cpp ****     switch (curve_) {
 301              		.loc 1 31 7 is_stmt 1 view .LVU52
 302              		.loc 1 32 5 view .LVU53
 303              	.LBB69:
 304 000c 052B     		cmp	r3, #5
 305 000e 06D8     		bhi	.L18
 306 0010 DFE803F0 		tbb	[pc, r3]
 307              	.L20:
 308 0014 15       		.byte	(.L25-.L20)/2
 309 0015 20       		.byte	(.L24-.L20)/2
 310 0016 2B       		.byte	(.L23-.L20)/2
 311 0017 36       		.byte	(.L22-.L20)/2
 312 0018 03       		.byte	(.L21-.L20)/2
 313 0019 10       		.byte	(.L19-.L20)/2
 314              		.p2align 1
 315              	.L21:
 316              	.LBB52:
  33:parameters/potentiometerparameter.cpp ****         case PotCurve::LIN:
  34:parameters/potentiometerparameter.cpp ****             return normalizedValue;
  35:parameters/potentiometerparameter.cpp ****         
  36:parameters/potentiometerparameter.cpp ****         case PotCurve::LOG:
  37:parameters/potentiometerparameter.cpp ****             return taperFunction(normalizedValue, 0.12);
  38:parameters/potentiometerparameter.cpp ****         
  39:parameters/potentiometerparameter.cpp ****         case PotCurve::REVERSE_LOG:
  40:parameters/potentiometerparameter.cpp ****             return taperFunction(normalizedValue, 0.88);
  41:parameters/potentiometerparameter.cpp ****         
  42:parameters/potentiometerparameter.cpp ****         case PotCurve::LOG_A:
  43:parameters/potentiometerparameter.cpp ****             return taperFunction(normalizedValue, 0.25);
  44:parameters/potentiometerparameter.cpp ****        
  45:parameters/potentiometerparameter.cpp ****         case PotCurve::W_TAPER:
  46:parameters/potentiometerparameter.cpp ****             // W taper - dual curve for blend/crossfade controls
  47:parameters/potentiometerparameter.cpp ****             // Creates a smooth transition with equal power curve
  48:parameters/potentiometerparameter.cpp ****             if (normalizedValue < 0.5f) {
  49:parameters/potentiometerparameter.cpp ****                 return 2.0f * normalizedValue * normalizedValue;
ARM GAS  C:\Users\Oliver\AppData\Local\Temp\ccEzwoLp.s 			page 8


  50:parameters/potentiometerparameter.cpp ****             } else {
  51:parameters/potentiometerparameter.cpp ****                 float inverse = 1.0f - normalizedValue;
  52:parameters/potentiometerparameter.cpp ****                 return 1.0f - (2.0f * inverse * inverse);
  53:parameters/potentiometerparameter.cpp ****             }
  54:parameters/potentiometerparameter.cpp ****         
  55:parameters/potentiometerparameter.cpp ****         case PotCurve::SQUARED:
 317              		.loc 1 55 9 view .LVU54
  56:parameters/potentiometerparameter.cpp ****             // Squared curve (gentle exponential)
  57:parameters/potentiometerparameter.cpp ****             return normalizedValue * normalizedValue;
 318              		.loc 1 57 13 view .LVU55
 319              		.loc 1 57 38 is_stmt 0 view .LVU56
 320 001a 60EE000A 		vmul.f32	s1, s0, s0
 321              	.LVL20:
 322              	.L18:
 323              		.loc 1 57 38 view .LVU57
 324              	.LBE52:
 325              	.LBE69:
 326              	.LBE72:
  24:parameters/potentiometerparameter.cpp **** }
 327              		.loc 1 24 5 is_stmt 1 view .LVU58
  24:parameters/potentiometerparameter.cpp **** }
 328              		.loc 1 24 21 is_stmt 0 view .LVU59
 329 001e D4ED027A 		vldr.32	s15, [r4, #8]
  24:parameters/potentiometerparameter.cpp **** }
 330              		.loc 1 24 59 view .LVU60
 331 0022 94ED037A 		vldr.32	s14, [r4, #12]
 332 0026 37EE677A 		vsub.f32	s14, s14, s15
  24:parameters/potentiometerparameter.cpp **** }
 333              		.loc 1 24 31 view .LVU61
 334 002a E7EE207A 		vfma.f32	s15, s14, s1
  24:parameters/potentiometerparameter.cpp **** }
 335              		.loc 1 24 19 view .LVU62
 336 002e C4ED047A 		vstr.32	s15, [r4, #16]
  25:parameters/potentiometerparameter.cpp **** 
 337              		.loc 1 25 1 view .LVU63
 338 0032 10BD     		pop	{r4, pc}
 339              	.LVL21:
 340              	.L19:
 341              	.LBB73:
 342              	.LBB70:
 343              	.LBB67:
  58:parameters/potentiometerparameter.cpp ****         
  59:parameters/potentiometerparameter.cpp ****         case PotCurve::CUBED:
 344              		.loc 1 59 9 is_stmt 1 view .LVU64
  60:parameters/potentiometerparameter.cpp ****             // Cubed curve (more aggressive exponential)
  61:parameters/potentiometerparameter.cpp ****             return normalizedValue * normalizedValue * normalizedValue;
 345              		.loc 1 61 13 view .LVU65
 346              		.loc 1 61 36 is_stmt 0 view .LVU66
 347 0034 60EE007A 		vmul.f32	s15, s0, s0
 348              		.loc 1 61 56 view .LVU67
 349 0038 60EE270A 		vmul.f32	s1, s0, s15
 350 003c EFE7     		b	.L18
 351              	.L25:
  36:parameters/potentiometerparameter.cpp ****             return taperFunction(normalizedValue, 0.12);
 352              		.loc 1 36 9 is_stmt 1 view .LVU68
  37:parameters/potentiometerparameter.cpp ****         
 353              		.loc 1 37 13 view .LVU69
ARM GAS  C:\Users\Oliver\AppData\Local\Temp\ccEzwoLp.s 			page 9


 354              	.LVL22:
 355              	.LBB53:
 356              	.LBI53:
 357              		.file 2 "parameters/potentiometerparameter.h"
   1:parameters/potentiometerparameter.h **** #ifndef PERSPECTIVE_POTENTIOMETERPARAMETER_H
   2:parameters/potentiometerparameter.h **** #define PERSPECTIVE_POTENTIOMETERPARAMETER_H
   3:parameters/potentiometerparameter.h **** 
   4:parameters/potentiometerparameter.h **** #include "effectparameter.h"
   5:parameters/potentiometerparameter.h **** 
   6:parameters/potentiometerparameter.h **** namespace perspective {
   7:parameters/potentiometerparameter.h **** 
   8:parameters/potentiometerparameter.h **** enum class PotCurve {
   9:parameters/potentiometerparameter.h ****     LIN,
  10:parameters/potentiometerparameter.h ****     LOG,
  11:parameters/potentiometerparameter.h ****     LOG_A,
  12:parameters/potentiometerparameter.h ****     REVERSE_LOG,
  13:parameters/potentiometerparameter.h ****     W_TAPER,
  14:parameters/potentiometerparameter.h ****     SQUARED,
  15:parameters/potentiometerparameter.h ****     CUBED
  16:parameters/potentiometerparameter.h **** };
  17:parameters/potentiometerparameter.h **** 
  18:parameters/potentiometerparameter.h **** static inline float taperFunction(float x, float ym) {
 358              		.loc 2 18 21 view .LVU70
 359              	.LBB54:
  19:parameters/potentiometerparameter.h ****     // From: https://electronics.stackexchange.com/questions/304692/formula-for-logarithmic-audio-t
  20:parameters/potentiometerparameter.h ****     float c = ((1.0 / ym) - 1.0);
 360              		.loc 2 20 5 view .LVU71
  21:parameters/potentiometerparameter.h ****     float b = c * c;
 361              		.loc 2 21 5 view .LVU72
  22:parameters/potentiometerparameter.h **** 
  23:parameters/potentiometerparameter.h ****     // Comment out this sanity check for speed - ym must not be 0.5
  24:parameters/potentiometerparameter.h ****     /*if (b == 1.0) {
  25:parameters/potentiometerparameter.h ****         return x; // Linear case
  26:parameters/potentiometerparameter.h ****     }*/
  27:parameters/potentiometerparameter.h **** 
  28:parameters/potentiometerparameter.h ****     float a = 1.0 / (b - 1.0);
 362              		.loc 2 28 5 view .LVU73
  29:parameters/potentiometerparameter.h **** 
  30:parameters/potentiometerparameter.h ****     return a * std::pow(b, x) - a;
 363              		.loc 2 30 5 view .LVU74
 364              	.LBB55:
 365              	.LBI55:
 366              		.file 3 "C:/Program Files (x86)/Arm GNU Toolchain arm-none-eabi/14.3 rel1/arm-none-eabi/include/c+
   1:C:/Program Files (x86)/Arm GNU Toolchain arm-none-eabi/14.3 rel1/arm-none-eabi/include/c++/14.3.1\cmath **** // -*- C++ -*- C forwarding header.
   2:C:/Program Files (x86)/Arm GNU Toolchain arm-none-eabi/14.3 rel1/arm-none-eabi/include/c++/14.3.1\cmath **** 
   3:C:/Program Files (x86)/Arm GNU Toolchain arm-none-eabi/14.3 rel1/arm-none-eabi/include/c++/14.3.1\cmath **** // Copyright (C) 1997-2024 Free Software Foundation, Inc.
   4:C:/Program Files (x86)/Arm GNU Toolchain arm-none-eabi/14.3 rel1/arm-none-eabi/include/c++/14.3.1\cmath **** //
   5:C:/Program Files (x86)/Arm GNU Toolchain arm-none-eabi/14.3 rel1/arm-none-eabi/include/c++/14.3.1\cmath **** // This file is part of the GNU ISO C++ Library.  This library is free
   6:C:/Program Files (x86)/Arm GNU Toolchain arm-none-eabi/14.3 rel1/arm-none-eabi/include/c++/14.3.1\cmath **** // software; you can redistribute it and/or modify it under the
   7:C:/Program Files (x86)/Arm GNU Toolchain arm-none-eabi/14.3 rel1/arm-none-eabi/include/c++/14.3.1\cmath **** // terms of the GNU General Public License as published by the
   8:C:/Program Files (x86)/Arm GNU Toolchain arm-none-eabi/14.3 rel1/arm-none-eabi/include/c++/14.3.1\cmath **** // Free Software Foundation; either version 3, or (at your option)
   9:C:/Program Files (x86)/Arm GNU Toolchain arm-none-eabi/14.3 rel1/arm-none-eabi/include/c++/14.3.1\cmath **** // any later version.
  10:C:/Program Files (x86)/Arm GNU Toolchain arm-none-eabi/14.3 rel1/arm-none-eabi/include/c++/14.3.1\cmath **** 
  11:C:/Program Files (x86)/Arm GNU Toolchain arm-none-eabi/14.3 rel1/arm-none-eabi/include/c++/14.3.1\cmath **** // This library is distributed in the hope that it will be useful,
  12:C:/Program Files (x86)/Arm GNU Toolchain arm-none-eabi/14.3 rel1/arm-none-eabi/include/c++/14.3.1\cmath **** // but WITHOUT ANY WARRANTY; without even the implied warranty of
  13:C:/Program Files (x86)/Arm GNU Toolchain arm-none-eabi/14.3 rel1/arm-none-eabi/include/c++/14.3.1\cmath **** // MERCHANTABILITY or FITNESS FOR A PARTICULAR PURPOSE.  See the
  14:C:/Program Files (x86)/Arm GNU Toolchain arm-none-eabi/14.3 rel1/arm-none-eabi/include/c++/14.3.1\cmath **** // GNU General Public License for more details.
ARM GAS  C:\Users\Oliver\AppData\Local\Temp\ccEzwoLp.s 			page 10


  15:C:/Program Files (x86)/Arm GNU Toolchain arm-none-eabi/14.3 rel1/arm-none-eabi/include/c++/14.3.1\cmath **** 
  16:C:/Program Files (x86)/Arm GNU Toolchain arm-none-eabi/14.3 rel1/arm-none-eabi/include/c++/14.3.1\cmath **** // Under Section 7 of GPL version 3, you are granted additional
  17:C:/Program Files (x86)/Arm GNU Toolchain arm-none-eabi/14.3 rel1/arm-none-eabi/include/c++/14.3.1\cmath **** // permissions described in the GCC Runtime Library Exception, version
  18:C:/Program Files (x86)/Arm GNU Toolchain arm-none-eabi/14.3 rel1/arm-none-eabi/include/c++/14.3.1\cmath **** // 3.1, as published by the Free Software Foundation.
  19:C:/Program Files (x86)/Arm GNU Toolchain arm-none-eabi/14.3 rel1/arm-none-eabi/include/c++/14.3.1\cmath **** 
  20:C:/Program Files (x86)/Arm GNU Toolchain arm-none-eabi/14.3 rel1/arm-none-eabi/include/c++/14.3.1\cmath **** // You should have received a copy of the GNU General Public License and
  21:C:/Program Files (x86)/Arm GNU Toolchain arm-none-eabi/14.3 rel1/arm-none-eabi/include/c++/14.3.1\cmath **** // a copy of the GCC Runtime Library Exception along with this program;
  22:C:/Program Files (x86)/Arm GNU Toolchain arm-none-eabi/14.3 rel1/arm-none-eabi/include/c++/14.3.1\cmath **** // see the files COPYING3 and COPYING.RUNTIME respectively.  If not, see
  23:C:/Program Files (x86)/Arm GNU Toolchain arm-none-eabi/14.3 rel1/arm-none-eabi/include/c++/14.3.1\cmath **** // <http://www.gnu.org/licenses/>.
  24:C:/Program Files (x86)/Arm GNU Toolchain arm-none-eabi/14.3 rel1/arm-none-eabi/include/c++/14.3.1\cmath **** 
  25:C:/Program Files (x86)/Arm GNU Toolchain arm-none-eabi/14.3 rel1/arm-none-eabi/include/c++/14.3.1\cmath **** /** @file include/cmath
  26:C:/Program Files (x86)/Arm GNU Toolchain arm-none-eabi/14.3 rel1/arm-none-eabi/include/c++/14.3.1\cmath ****  *  This is a Standard C++ Library file.  You should @c \#include this file
  27:C:/Program Files (x86)/Arm GNU Toolchain arm-none-eabi/14.3 rel1/arm-none-eabi/include/c++/14.3.1\cmath ****  *  in your programs, rather than any of the @a *.h implementation files.
  28:C:/Program Files (x86)/Arm GNU Toolchain arm-none-eabi/14.3 rel1/arm-none-eabi/include/c++/14.3.1\cmath ****  *
  29:C:/Program Files (x86)/Arm GNU Toolchain arm-none-eabi/14.3 rel1/arm-none-eabi/include/c++/14.3.1\cmath ****  *  This is the C++ version of the Standard C Library header @c math.h,
  30:C:/Program Files (x86)/Arm GNU Toolchain arm-none-eabi/14.3 rel1/arm-none-eabi/include/c++/14.3.1\cmath ****  *  and its contents are (mostly) the same as that header, but are all
  31:C:/Program Files (x86)/Arm GNU Toolchain arm-none-eabi/14.3 rel1/arm-none-eabi/include/c++/14.3.1\cmath ****  *  contained in the namespace @c std (except for names which are defined
  32:C:/Program Files (x86)/Arm GNU Toolchain arm-none-eabi/14.3 rel1/arm-none-eabi/include/c++/14.3.1\cmath ****  *  as macros in C).
  33:C:/Program Files (x86)/Arm GNU Toolchain arm-none-eabi/14.3 rel1/arm-none-eabi/include/c++/14.3.1\cmath ****  */
  34:C:/Program Files (x86)/Arm GNU Toolchain arm-none-eabi/14.3 rel1/arm-none-eabi/include/c++/14.3.1\cmath **** 
  35:C:/Program Files (x86)/Arm GNU Toolchain arm-none-eabi/14.3 rel1/arm-none-eabi/include/c++/14.3.1\cmath **** //
  36:C:/Program Files (x86)/Arm GNU Toolchain arm-none-eabi/14.3 rel1/arm-none-eabi/include/c++/14.3.1\cmath **** // ISO C++ 14882: 26.5  C library
  37:C:/Program Files (x86)/Arm GNU Toolchain arm-none-eabi/14.3 rel1/arm-none-eabi/include/c++/14.3.1\cmath **** //
  38:C:/Program Files (x86)/Arm GNU Toolchain arm-none-eabi/14.3 rel1/arm-none-eabi/include/c++/14.3.1\cmath **** 
  39:C:/Program Files (x86)/Arm GNU Toolchain arm-none-eabi/14.3 rel1/arm-none-eabi/include/c++/14.3.1\cmath **** #pragma GCC system_header
  40:C:/Program Files (x86)/Arm GNU Toolchain arm-none-eabi/14.3 rel1/arm-none-eabi/include/c++/14.3.1\cmath **** 
  41:C:/Program Files (x86)/Arm GNU Toolchain arm-none-eabi/14.3 rel1/arm-none-eabi/include/c++/14.3.1\cmath **** #include <bits/requires_hosted.h>
  42:C:/Program Files (x86)/Arm GNU Toolchain arm-none-eabi/14.3 rel1/arm-none-eabi/include/c++/14.3.1\cmath **** 
  43:C:/Program Files (x86)/Arm GNU Toolchain arm-none-eabi/14.3 rel1/arm-none-eabi/include/c++/14.3.1\cmath **** #include <bits/c++config.h>
  44:C:/Program Files (x86)/Arm GNU Toolchain arm-none-eabi/14.3 rel1/arm-none-eabi/include/c++/14.3.1\cmath **** #include <bits/cpp_type_traits.h>
  45:C:/Program Files (x86)/Arm GNU Toolchain arm-none-eabi/14.3 rel1/arm-none-eabi/include/c++/14.3.1\cmath **** #include <ext/type_traits.h>
  46:C:/Program Files (x86)/Arm GNU Toolchain arm-none-eabi/14.3 rel1/arm-none-eabi/include/c++/14.3.1\cmath **** #define _GLIBCXX_INCLUDE_NEXT_C_HEADERS
  47:C:/Program Files (x86)/Arm GNU Toolchain arm-none-eabi/14.3 rel1/arm-none-eabi/include/c++/14.3.1\cmath **** #include_next <math.h>
  48:C:/Program Files (x86)/Arm GNU Toolchain arm-none-eabi/14.3 rel1/arm-none-eabi/include/c++/14.3.1\cmath **** #undef _GLIBCXX_INCLUDE_NEXT_C_HEADERS
  49:C:/Program Files (x86)/Arm GNU Toolchain arm-none-eabi/14.3 rel1/arm-none-eabi/include/c++/14.3.1\cmath **** #include <bits/std_abs.h>
  50:C:/Program Files (x86)/Arm GNU Toolchain arm-none-eabi/14.3 rel1/arm-none-eabi/include/c++/14.3.1\cmath **** 
  51:C:/Program Files (x86)/Arm GNU Toolchain arm-none-eabi/14.3 rel1/arm-none-eabi/include/c++/14.3.1\cmath **** #ifndef _GLIBCXX_CMATH
  52:C:/Program Files (x86)/Arm GNU Toolchain arm-none-eabi/14.3 rel1/arm-none-eabi/include/c++/14.3.1\cmath **** #define _GLIBCXX_CMATH 1
  53:C:/Program Files (x86)/Arm GNU Toolchain arm-none-eabi/14.3 rel1/arm-none-eabi/include/c++/14.3.1\cmath **** 
  54:C:/Program Files (x86)/Arm GNU Toolchain arm-none-eabi/14.3 rel1/arm-none-eabi/include/c++/14.3.1\cmath **** #define __glibcxx_want_hypot
  55:C:/Program Files (x86)/Arm GNU Toolchain arm-none-eabi/14.3 rel1/arm-none-eabi/include/c++/14.3.1\cmath **** #define __glibcxx_want_interpolate
  56:C:/Program Files (x86)/Arm GNU Toolchain arm-none-eabi/14.3 rel1/arm-none-eabi/include/c++/14.3.1\cmath **** #include <bits/version.h>
  57:C:/Program Files (x86)/Arm GNU Toolchain arm-none-eabi/14.3 rel1/arm-none-eabi/include/c++/14.3.1\cmath **** 
  58:C:/Program Files (x86)/Arm GNU Toolchain arm-none-eabi/14.3 rel1/arm-none-eabi/include/c++/14.3.1\cmath **** // Get rid of those macros defined in <math.h> in lieu of real functions.
  59:C:/Program Files (x86)/Arm GNU Toolchain arm-none-eabi/14.3 rel1/arm-none-eabi/include/c++/14.3.1\cmath **** #undef div
  60:C:/Program Files (x86)/Arm GNU Toolchain arm-none-eabi/14.3 rel1/arm-none-eabi/include/c++/14.3.1\cmath **** #undef acos
  61:C:/Program Files (x86)/Arm GNU Toolchain arm-none-eabi/14.3 rel1/arm-none-eabi/include/c++/14.3.1\cmath **** #undef asin
  62:C:/Program Files (x86)/Arm GNU Toolchain arm-none-eabi/14.3 rel1/arm-none-eabi/include/c++/14.3.1\cmath **** #undef atan
  63:C:/Program Files (x86)/Arm GNU Toolchain arm-none-eabi/14.3 rel1/arm-none-eabi/include/c++/14.3.1\cmath **** #undef atan2
  64:C:/Program Files (x86)/Arm GNU Toolchain arm-none-eabi/14.3 rel1/arm-none-eabi/include/c++/14.3.1\cmath **** #undef ceil
  65:C:/Program Files (x86)/Arm GNU Toolchain arm-none-eabi/14.3 rel1/arm-none-eabi/include/c++/14.3.1\cmath **** #undef cos
  66:C:/Program Files (x86)/Arm GNU Toolchain arm-none-eabi/14.3 rel1/arm-none-eabi/include/c++/14.3.1\cmath **** #undef cosh
  67:C:/Program Files (x86)/Arm GNU Toolchain arm-none-eabi/14.3 rel1/arm-none-eabi/include/c++/14.3.1\cmath **** #undef exp
  68:C:/Program Files (x86)/Arm GNU Toolchain arm-none-eabi/14.3 rel1/arm-none-eabi/include/c++/14.3.1\cmath **** #undef fabs
  69:C:/Program Files (x86)/Arm GNU Toolchain arm-none-eabi/14.3 rel1/arm-none-eabi/include/c++/14.3.1\cmath **** #undef floor
  70:C:/Program Files (x86)/Arm GNU Toolchain arm-none-eabi/14.3 rel1/arm-none-eabi/include/c++/14.3.1\cmath **** #undef fmod
  71:C:/Program Files (x86)/Arm GNU Toolchain arm-none-eabi/14.3 rel1/arm-none-eabi/include/c++/14.3.1\cmath **** #undef frexp
ARM GAS  C:\Users\Oliver\AppData\Local\Temp\ccEzwoLp.s 			page 11


  72:C:/Program Files (x86)/Arm GNU Toolchain arm-none-eabi/14.3 rel1/arm-none-eabi/include/c++/14.3.1\cmath **** #undef ldexp
  73:C:/Program Files (x86)/Arm GNU Toolchain arm-none-eabi/14.3 rel1/arm-none-eabi/include/c++/14.3.1\cmath **** #undef log
  74:C:/Program Files (x86)/Arm GNU Toolchain arm-none-eabi/14.3 rel1/arm-none-eabi/include/c++/14.3.1\cmath **** #undef log10
  75:C:/Program Files (x86)/Arm GNU Toolchain arm-none-eabi/14.3 rel1/arm-none-eabi/include/c++/14.3.1\cmath **** #undef modf
  76:C:/Program Files (x86)/Arm GNU Toolchain arm-none-eabi/14.3 rel1/arm-none-eabi/include/c++/14.3.1\cmath **** #undef pow
  77:C:/Program Files (x86)/Arm GNU Toolchain arm-none-eabi/14.3 rel1/arm-none-eabi/include/c++/14.3.1\cmath **** #undef sin
  78:C:/Program Files (x86)/Arm GNU Toolchain arm-none-eabi/14.3 rel1/arm-none-eabi/include/c++/14.3.1\cmath **** #undef sinh
  79:C:/Program Files (x86)/Arm GNU Toolchain arm-none-eabi/14.3 rel1/arm-none-eabi/include/c++/14.3.1\cmath **** #undef sqrt
  80:C:/Program Files (x86)/Arm GNU Toolchain arm-none-eabi/14.3 rel1/arm-none-eabi/include/c++/14.3.1\cmath **** #undef tan
  81:C:/Program Files (x86)/Arm GNU Toolchain arm-none-eabi/14.3 rel1/arm-none-eabi/include/c++/14.3.1\cmath **** #undef tanh
  82:C:/Program Files (x86)/Arm GNU Toolchain arm-none-eabi/14.3 rel1/arm-none-eabi/include/c++/14.3.1\cmath **** 
  83:C:/Program Files (x86)/Arm GNU Toolchain arm-none-eabi/14.3 rel1/arm-none-eabi/include/c++/14.3.1\cmath **** extern "C++"
  84:C:/Program Files (x86)/Arm GNU Toolchain arm-none-eabi/14.3 rel1/arm-none-eabi/include/c++/14.3.1\cmath **** {
  85:C:/Program Files (x86)/Arm GNU Toolchain arm-none-eabi/14.3 rel1/arm-none-eabi/include/c++/14.3.1\cmath **** namespace std _GLIBCXX_VISIBILITY(default)
  86:C:/Program Files (x86)/Arm GNU Toolchain arm-none-eabi/14.3 rel1/arm-none-eabi/include/c++/14.3.1\cmath **** {
  87:C:/Program Files (x86)/Arm GNU Toolchain arm-none-eabi/14.3 rel1/arm-none-eabi/include/c++/14.3.1\cmath **** _GLIBCXX_BEGIN_NAMESPACE_VERSION
  88:C:/Program Files (x86)/Arm GNU Toolchain arm-none-eabi/14.3 rel1/arm-none-eabi/include/c++/14.3.1\cmath **** 
  89:C:/Program Files (x86)/Arm GNU Toolchain arm-none-eabi/14.3 rel1/arm-none-eabi/include/c++/14.3.1\cmath ****   using ::acos;
  90:C:/Program Files (x86)/Arm GNU Toolchain arm-none-eabi/14.3 rel1/arm-none-eabi/include/c++/14.3.1\cmath **** 
  91:C:/Program Files (x86)/Arm GNU Toolchain arm-none-eabi/14.3 rel1/arm-none-eabi/include/c++/14.3.1\cmath **** #ifndef __CORRECT_ISO_CPP_MATH_H_PROTO
  92:C:/Program Files (x86)/Arm GNU Toolchain arm-none-eabi/14.3 rel1/arm-none-eabi/include/c++/14.3.1\cmath ****   inline _GLIBCXX_CONSTEXPR float
  93:C:/Program Files (x86)/Arm GNU Toolchain arm-none-eabi/14.3 rel1/arm-none-eabi/include/c++/14.3.1\cmath ****   acos(float __x)
  94:C:/Program Files (x86)/Arm GNU Toolchain arm-none-eabi/14.3 rel1/arm-none-eabi/include/c++/14.3.1\cmath ****   { return __builtin_acosf(__x); }
  95:C:/Program Files (x86)/Arm GNU Toolchain arm-none-eabi/14.3 rel1/arm-none-eabi/include/c++/14.3.1\cmath **** 
  96:C:/Program Files (x86)/Arm GNU Toolchain arm-none-eabi/14.3 rel1/arm-none-eabi/include/c++/14.3.1\cmath ****   inline _GLIBCXX_CONSTEXPR long double
  97:C:/Program Files (x86)/Arm GNU Toolchain arm-none-eabi/14.3 rel1/arm-none-eabi/include/c++/14.3.1\cmath ****   acos(long double __x)
  98:C:/Program Files (x86)/Arm GNU Toolchain arm-none-eabi/14.3 rel1/arm-none-eabi/include/c++/14.3.1\cmath ****   { return __builtin_acosl(__x); }
  99:C:/Program Files (x86)/Arm GNU Toolchain arm-none-eabi/14.3 rel1/arm-none-eabi/include/c++/14.3.1\cmath **** #endif
 100:C:/Program Files (x86)/Arm GNU Toolchain arm-none-eabi/14.3 rel1/arm-none-eabi/include/c++/14.3.1\cmath **** 
 101:C:/Program Files (x86)/Arm GNU Toolchain arm-none-eabi/14.3 rel1/arm-none-eabi/include/c++/14.3.1\cmath ****   template<typename _Tp>
 102:C:/Program Files (x86)/Arm GNU Toolchain arm-none-eabi/14.3 rel1/arm-none-eabi/include/c++/14.3.1\cmath ****     inline _GLIBCXX_CONSTEXPR
 103:C:/Program Files (x86)/Arm GNU Toolchain arm-none-eabi/14.3 rel1/arm-none-eabi/include/c++/14.3.1\cmath ****     typename __gnu_cxx::__enable_if<__is_integer<_Tp>::__value, 
 104:C:/Program Files (x86)/Arm GNU Toolchain arm-none-eabi/14.3 rel1/arm-none-eabi/include/c++/14.3.1\cmath ****                                     double>::__type
 105:C:/Program Files (x86)/Arm GNU Toolchain arm-none-eabi/14.3 rel1/arm-none-eabi/include/c++/14.3.1\cmath ****     acos(_Tp __x)
 106:C:/Program Files (x86)/Arm GNU Toolchain arm-none-eabi/14.3 rel1/arm-none-eabi/include/c++/14.3.1\cmath ****     { return __builtin_acos(__x); }
 107:C:/Program Files (x86)/Arm GNU Toolchain arm-none-eabi/14.3 rel1/arm-none-eabi/include/c++/14.3.1\cmath **** 
 108:C:/Program Files (x86)/Arm GNU Toolchain arm-none-eabi/14.3 rel1/arm-none-eabi/include/c++/14.3.1\cmath ****   using ::asin;
 109:C:/Program Files (x86)/Arm GNU Toolchain arm-none-eabi/14.3 rel1/arm-none-eabi/include/c++/14.3.1\cmath **** 
 110:C:/Program Files (x86)/Arm GNU Toolchain arm-none-eabi/14.3 rel1/arm-none-eabi/include/c++/14.3.1\cmath **** #ifndef __CORRECT_ISO_CPP_MATH_H_PROTO
 111:C:/Program Files (x86)/Arm GNU Toolchain arm-none-eabi/14.3 rel1/arm-none-eabi/include/c++/14.3.1\cmath ****   inline _GLIBCXX_CONSTEXPR float
 112:C:/Program Files (x86)/Arm GNU Toolchain arm-none-eabi/14.3 rel1/arm-none-eabi/include/c++/14.3.1\cmath ****   asin(float __x)
 113:C:/Program Files (x86)/Arm GNU Toolchain arm-none-eabi/14.3 rel1/arm-none-eabi/include/c++/14.3.1\cmath ****   { return __builtin_asinf(__x); }
 114:C:/Program Files (x86)/Arm GNU Toolchain arm-none-eabi/14.3 rel1/arm-none-eabi/include/c++/14.3.1\cmath **** 
 115:C:/Program Files (x86)/Arm GNU Toolchain arm-none-eabi/14.3 rel1/arm-none-eabi/include/c++/14.3.1\cmath ****   inline _GLIBCXX_CONSTEXPR long double
 116:C:/Program Files (x86)/Arm GNU Toolchain arm-none-eabi/14.3 rel1/arm-none-eabi/include/c++/14.3.1\cmath ****   asin(long double __x)
 117:C:/Program Files (x86)/Arm GNU Toolchain arm-none-eabi/14.3 rel1/arm-none-eabi/include/c++/14.3.1\cmath ****   { return __builtin_asinl(__x); }
 118:C:/Program Files (x86)/Arm GNU Toolchain arm-none-eabi/14.3 rel1/arm-none-eabi/include/c++/14.3.1\cmath **** #endif
 119:C:/Program Files (x86)/Arm GNU Toolchain arm-none-eabi/14.3 rel1/arm-none-eabi/include/c++/14.3.1\cmath **** 
 120:C:/Program Files (x86)/Arm GNU Toolchain arm-none-eabi/14.3 rel1/arm-none-eabi/include/c++/14.3.1\cmath ****   template<typename _Tp>
 121:C:/Program Files (x86)/Arm GNU Toolchain arm-none-eabi/14.3 rel1/arm-none-eabi/include/c++/14.3.1\cmath ****     inline _GLIBCXX_CONSTEXPR
 122:C:/Program Files (x86)/Arm GNU Toolchain arm-none-eabi/14.3 rel1/arm-none-eabi/include/c++/14.3.1\cmath ****     typename __gnu_cxx::__enable_if<__is_integer<_Tp>::__value,
 123:C:/Program Files (x86)/Arm GNU Toolchain arm-none-eabi/14.3 rel1/arm-none-eabi/include/c++/14.3.1\cmath ****                                     double>::__type
 124:C:/Program Files (x86)/Arm GNU Toolchain arm-none-eabi/14.3 rel1/arm-none-eabi/include/c++/14.3.1\cmath ****     asin(_Tp __x)
 125:C:/Program Files (x86)/Arm GNU Toolchain arm-none-eabi/14.3 rel1/arm-none-eabi/include/c++/14.3.1\cmath ****     { return __builtin_asin(__x); }
 126:C:/Program Files (x86)/Arm GNU Toolchain arm-none-eabi/14.3 rel1/arm-none-eabi/include/c++/14.3.1\cmath **** 
 127:C:/Program Files (x86)/Arm GNU Toolchain arm-none-eabi/14.3 rel1/arm-none-eabi/include/c++/14.3.1\cmath ****   using ::atan;
 128:C:/Program Files (x86)/Arm GNU Toolchain arm-none-eabi/14.3 rel1/arm-none-eabi/include/c++/14.3.1\cmath **** 
ARM GAS  C:\Users\Oliver\AppData\Local\Temp\ccEzwoLp.s 			page 12


 129:C:/Program Files (x86)/Arm GNU Toolchain arm-none-eabi/14.3 rel1/arm-none-eabi/include/c++/14.3.1\cmath **** #ifndef __CORRECT_ISO_CPP_MATH_H_PROTO
 130:C:/Program Files (x86)/Arm GNU Toolchain arm-none-eabi/14.3 rel1/arm-none-eabi/include/c++/14.3.1\cmath ****   inline _GLIBCXX_CONSTEXPR float
 131:C:/Program Files (x86)/Arm GNU Toolchain arm-none-eabi/14.3 rel1/arm-none-eabi/include/c++/14.3.1\cmath ****   atan(float __x)
 132:C:/Program Files (x86)/Arm GNU Toolchain arm-none-eabi/14.3 rel1/arm-none-eabi/include/c++/14.3.1\cmath ****   { return __builtin_atanf(__x); }
 133:C:/Program Files (x86)/Arm GNU Toolchain arm-none-eabi/14.3 rel1/arm-none-eabi/include/c++/14.3.1\cmath **** 
 134:C:/Program Files (x86)/Arm GNU Toolchain arm-none-eabi/14.3 rel1/arm-none-eabi/include/c++/14.3.1\cmath ****   inline _GLIBCXX_CONSTEXPR long double
 135:C:/Program Files (x86)/Arm GNU Toolchain arm-none-eabi/14.3 rel1/arm-none-eabi/include/c++/14.3.1\cmath ****   atan(long double __x)
 136:C:/Program Files (x86)/Arm GNU Toolchain arm-none-eabi/14.3 rel1/arm-none-eabi/include/c++/14.3.1\cmath ****   { return __builtin_atanl(__x); }
 137:C:/Program Files (x86)/Arm GNU Toolchain arm-none-eabi/14.3 rel1/arm-none-eabi/include/c++/14.3.1\cmath **** #endif
 138:C:/Program Files (x86)/Arm GNU Toolchain arm-none-eabi/14.3 rel1/arm-none-eabi/include/c++/14.3.1\cmath **** 
 139:C:/Program Files (x86)/Arm GNU Toolchain arm-none-eabi/14.3 rel1/arm-none-eabi/include/c++/14.3.1\cmath ****   template<typename _Tp>
 140:C:/Program Files (x86)/Arm GNU Toolchain arm-none-eabi/14.3 rel1/arm-none-eabi/include/c++/14.3.1\cmath ****     inline _GLIBCXX_CONSTEXPR
 141:C:/Program Files (x86)/Arm GNU Toolchain arm-none-eabi/14.3 rel1/arm-none-eabi/include/c++/14.3.1\cmath ****     typename __gnu_cxx::__enable_if<__is_integer<_Tp>::__value,
 142:C:/Program Files (x86)/Arm GNU Toolchain arm-none-eabi/14.3 rel1/arm-none-eabi/include/c++/14.3.1\cmath ****                                     double>::__type
 143:C:/Program Files (x86)/Arm GNU Toolchain arm-none-eabi/14.3 rel1/arm-none-eabi/include/c++/14.3.1\cmath ****     atan(_Tp __x)
 144:C:/Program Files (x86)/Arm GNU Toolchain arm-none-eabi/14.3 rel1/arm-none-eabi/include/c++/14.3.1\cmath ****     { return __builtin_atan(__x); }
 145:C:/Program Files (x86)/Arm GNU Toolchain arm-none-eabi/14.3 rel1/arm-none-eabi/include/c++/14.3.1\cmath **** 
 146:C:/Program Files (x86)/Arm GNU Toolchain arm-none-eabi/14.3 rel1/arm-none-eabi/include/c++/14.3.1\cmath ****   using ::atan2;
 147:C:/Program Files (x86)/Arm GNU Toolchain arm-none-eabi/14.3 rel1/arm-none-eabi/include/c++/14.3.1\cmath **** 
 148:C:/Program Files (x86)/Arm GNU Toolchain arm-none-eabi/14.3 rel1/arm-none-eabi/include/c++/14.3.1\cmath **** #ifndef __CORRECT_ISO_CPP_MATH_H_PROTO
 149:C:/Program Files (x86)/Arm GNU Toolchain arm-none-eabi/14.3 rel1/arm-none-eabi/include/c++/14.3.1\cmath ****   inline _GLIBCXX_CONSTEXPR float
 150:C:/Program Files (x86)/Arm GNU Toolchain arm-none-eabi/14.3 rel1/arm-none-eabi/include/c++/14.3.1\cmath ****   atan2(float __y, float __x)
 151:C:/Program Files (x86)/Arm GNU Toolchain arm-none-eabi/14.3 rel1/arm-none-eabi/include/c++/14.3.1\cmath ****   { return __builtin_atan2f(__y, __x); }
 152:C:/Program Files (x86)/Arm GNU Toolchain arm-none-eabi/14.3 rel1/arm-none-eabi/include/c++/14.3.1\cmath **** 
 153:C:/Program Files (x86)/Arm GNU Toolchain arm-none-eabi/14.3 rel1/arm-none-eabi/include/c++/14.3.1\cmath ****   inline _GLIBCXX_CONSTEXPR long double
 154:C:/Program Files (x86)/Arm GNU Toolchain arm-none-eabi/14.3 rel1/arm-none-eabi/include/c++/14.3.1\cmath ****   atan2(long double __y, long double __x)
 155:C:/Program Files (x86)/Arm GNU Toolchain arm-none-eabi/14.3 rel1/arm-none-eabi/include/c++/14.3.1\cmath ****   { return __builtin_atan2l(__y, __x); }
 156:C:/Program Files (x86)/Arm GNU Toolchain arm-none-eabi/14.3 rel1/arm-none-eabi/include/c++/14.3.1\cmath **** #endif
 157:C:/Program Files (x86)/Arm GNU Toolchain arm-none-eabi/14.3 rel1/arm-none-eabi/include/c++/14.3.1\cmath **** 
 158:C:/Program Files (x86)/Arm GNU Toolchain arm-none-eabi/14.3 rel1/arm-none-eabi/include/c++/14.3.1\cmath ****   using ::ceil;
 159:C:/Program Files (x86)/Arm GNU Toolchain arm-none-eabi/14.3 rel1/arm-none-eabi/include/c++/14.3.1\cmath **** 
 160:C:/Program Files (x86)/Arm GNU Toolchain arm-none-eabi/14.3 rel1/arm-none-eabi/include/c++/14.3.1\cmath **** #ifndef __CORRECT_ISO_CPP_MATH_H_PROTO
 161:C:/Program Files (x86)/Arm GNU Toolchain arm-none-eabi/14.3 rel1/arm-none-eabi/include/c++/14.3.1\cmath ****   inline _GLIBCXX_CONSTEXPR float
 162:C:/Program Files (x86)/Arm GNU Toolchain arm-none-eabi/14.3 rel1/arm-none-eabi/include/c++/14.3.1\cmath ****   ceil(float __x)
 163:C:/Program Files (x86)/Arm GNU Toolchain arm-none-eabi/14.3 rel1/arm-none-eabi/include/c++/14.3.1\cmath ****   { return __builtin_ceilf(__x); }
 164:C:/Program Files (x86)/Arm GNU Toolchain arm-none-eabi/14.3 rel1/arm-none-eabi/include/c++/14.3.1\cmath **** 
 165:C:/Program Files (x86)/Arm GNU Toolchain arm-none-eabi/14.3 rel1/arm-none-eabi/include/c++/14.3.1\cmath ****   inline _GLIBCXX_CONSTEXPR long double
 166:C:/Program Files (x86)/Arm GNU Toolchain arm-none-eabi/14.3 rel1/arm-none-eabi/include/c++/14.3.1\cmath ****   ceil(long double __x)
 167:C:/Program Files (x86)/Arm GNU Toolchain arm-none-eabi/14.3 rel1/arm-none-eabi/include/c++/14.3.1\cmath ****   { return __builtin_ceill(__x); }
 168:C:/Program Files (x86)/Arm GNU Toolchain arm-none-eabi/14.3 rel1/arm-none-eabi/include/c++/14.3.1\cmath **** #endif
 169:C:/Program Files (x86)/Arm GNU Toolchain arm-none-eabi/14.3 rel1/arm-none-eabi/include/c++/14.3.1\cmath **** 
 170:C:/Program Files (x86)/Arm GNU Toolchain arm-none-eabi/14.3 rel1/arm-none-eabi/include/c++/14.3.1\cmath ****   template<typename _Tp>
 171:C:/Program Files (x86)/Arm GNU Toolchain arm-none-eabi/14.3 rel1/arm-none-eabi/include/c++/14.3.1\cmath ****     inline _GLIBCXX_CONSTEXPR
 172:C:/Program Files (x86)/Arm GNU Toolchain arm-none-eabi/14.3 rel1/arm-none-eabi/include/c++/14.3.1\cmath ****     typename __gnu_cxx::__enable_if<__is_integer<_Tp>::__value, 
 173:C:/Program Files (x86)/Arm GNU Toolchain arm-none-eabi/14.3 rel1/arm-none-eabi/include/c++/14.3.1\cmath ****                                     double>::__type
 174:C:/Program Files (x86)/Arm GNU Toolchain arm-none-eabi/14.3 rel1/arm-none-eabi/include/c++/14.3.1\cmath ****     ceil(_Tp __x)
 175:C:/Program Files (x86)/Arm GNU Toolchain arm-none-eabi/14.3 rel1/arm-none-eabi/include/c++/14.3.1\cmath ****     { return __builtin_ceil(__x); }
 176:C:/Program Files (x86)/Arm GNU Toolchain arm-none-eabi/14.3 rel1/arm-none-eabi/include/c++/14.3.1\cmath **** 
 177:C:/Program Files (x86)/Arm GNU Toolchain arm-none-eabi/14.3 rel1/arm-none-eabi/include/c++/14.3.1\cmath ****   using ::cos;
 178:C:/Program Files (x86)/Arm GNU Toolchain arm-none-eabi/14.3 rel1/arm-none-eabi/include/c++/14.3.1\cmath **** 
 179:C:/Program Files (x86)/Arm GNU Toolchain arm-none-eabi/14.3 rel1/arm-none-eabi/include/c++/14.3.1\cmath **** #ifndef __CORRECT_ISO_CPP_MATH_H_PROTO
 180:C:/Program Files (x86)/Arm GNU Toolchain arm-none-eabi/14.3 rel1/arm-none-eabi/include/c++/14.3.1\cmath ****   inline _GLIBCXX_CONSTEXPR float
 181:C:/Program Files (x86)/Arm GNU Toolchain arm-none-eabi/14.3 rel1/arm-none-eabi/include/c++/14.3.1\cmath ****   cos(float __x)
 182:C:/Program Files (x86)/Arm GNU Toolchain arm-none-eabi/14.3 rel1/arm-none-eabi/include/c++/14.3.1\cmath ****   { return __builtin_cosf(__x); }
 183:C:/Program Files (x86)/Arm GNU Toolchain arm-none-eabi/14.3 rel1/arm-none-eabi/include/c++/14.3.1\cmath **** 
 184:C:/Program Files (x86)/Arm GNU Toolchain arm-none-eabi/14.3 rel1/arm-none-eabi/include/c++/14.3.1\cmath ****   inline _GLIBCXX_CONSTEXPR long double
 185:C:/Program Files (x86)/Arm GNU Toolchain arm-none-eabi/14.3 rel1/arm-none-eabi/include/c++/14.3.1\cmath ****   cos(long double __x)
ARM GAS  C:\Users\Oliver\AppData\Local\Temp\ccEzwoLp.s 			page 13


 186:C:/Program Files (x86)/Arm GNU Toolchain arm-none-eabi/14.3 rel1/arm-none-eabi/include/c++/14.3.1\cmath ****   { return __builtin_cosl(__x); }
 187:C:/Program Files (x86)/Arm GNU Toolchain arm-none-eabi/14.3 rel1/arm-none-eabi/include/c++/14.3.1\cmath **** #endif
 188:C:/Program Files (x86)/Arm GNU Toolchain arm-none-eabi/14.3 rel1/arm-none-eabi/include/c++/14.3.1\cmath **** 
 189:C:/Program Files (x86)/Arm GNU Toolchain arm-none-eabi/14.3 rel1/arm-none-eabi/include/c++/14.3.1\cmath ****   template<typename _Tp>
 190:C:/Program Files (x86)/Arm GNU Toolchain arm-none-eabi/14.3 rel1/arm-none-eabi/include/c++/14.3.1\cmath ****     inline _GLIBCXX_CONSTEXPR
 191:C:/Program Files (x86)/Arm GNU Toolchain arm-none-eabi/14.3 rel1/arm-none-eabi/include/c++/14.3.1\cmath ****     typename __gnu_cxx::__enable_if<__is_integer<_Tp>::__value,
 192:C:/Program Files (x86)/Arm GNU Toolchain arm-none-eabi/14.3 rel1/arm-none-eabi/include/c++/14.3.1\cmath ****                                     double>::__type
 193:C:/Program Files (x86)/Arm GNU Toolchain arm-none-eabi/14.3 rel1/arm-none-eabi/include/c++/14.3.1\cmath ****     cos(_Tp __x)
 194:C:/Program Files (x86)/Arm GNU Toolchain arm-none-eabi/14.3 rel1/arm-none-eabi/include/c++/14.3.1\cmath ****     { return __builtin_cos(__x); }
 195:C:/Program Files (x86)/Arm GNU Toolchain arm-none-eabi/14.3 rel1/arm-none-eabi/include/c++/14.3.1\cmath **** 
 196:C:/Program Files (x86)/Arm GNU Toolchain arm-none-eabi/14.3 rel1/arm-none-eabi/include/c++/14.3.1\cmath ****   using ::cosh;
 197:C:/Program Files (x86)/Arm GNU Toolchain arm-none-eabi/14.3 rel1/arm-none-eabi/include/c++/14.3.1\cmath **** 
 198:C:/Program Files (x86)/Arm GNU Toolchain arm-none-eabi/14.3 rel1/arm-none-eabi/include/c++/14.3.1\cmath **** #ifndef __CORRECT_ISO_CPP_MATH_H_PROTO
 199:C:/Program Files (x86)/Arm GNU Toolchain arm-none-eabi/14.3 rel1/arm-none-eabi/include/c++/14.3.1\cmath ****   inline _GLIBCXX_CONSTEXPR float
 200:C:/Program Files (x86)/Arm GNU Toolchain arm-none-eabi/14.3 rel1/arm-none-eabi/include/c++/14.3.1\cmath ****   cosh(float __x)
 201:C:/Program Files (x86)/Arm GNU Toolchain arm-none-eabi/14.3 rel1/arm-none-eabi/include/c++/14.3.1\cmath ****   { return __builtin_coshf(__x); }
 202:C:/Program Files (x86)/Arm GNU Toolchain arm-none-eabi/14.3 rel1/arm-none-eabi/include/c++/14.3.1\cmath **** 
 203:C:/Program Files (x86)/Arm GNU Toolchain arm-none-eabi/14.3 rel1/arm-none-eabi/include/c++/14.3.1\cmath ****   inline _GLIBCXX_CONSTEXPR long double
 204:C:/Program Files (x86)/Arm GNU Toolchain arm-none-eabi/14.3 rel1/arm-none-eabi/include/c++/14.3.1\cmath ****   cosh(long double __x)
 205:C:/Program Files (x86)/Arm GNU Toolchain arm-none-eabi/14.3 rel1/arm-none-eabi/include/c++/14.3.1\cmath ****   { return __builtin_coshl(__x); }
 206:C:/Program Files (x86)/Arm GNU Toolchain arm-none-eabi/14.3 rel1/arm-none-eabi/include/c++/14.3.1\cmath **** #endif
 207:C:/Program Files (x86)/Arm GNU Toolchain arm-none-eabi/14.3 rel1/arm-none-eabi/include/c++/14.3.1\cmath **** 
 208:C:/Program Files (x86)/Arm GNU Toolchain arm-none-eabi/14.3 rel1/arm-none-eabi/include/c++/14.3.1\cmath ****   template<typename _Tp>
 209:C:/Program Files (x86)/Arm GNU Toolchain arm-none-eabi/14.3 rel1/arm-none-eabi/include/c++/14.3.1\cmath ****     inline _GLIBCXX_CONSTEXPR
 210:C:/Program Files (x86)/Arm GNU Toolchain arm-none-eabi/14.3 rel1/arm-none-eabi/include/c++/14.3.1\cmath ****     typename __gnu_cxx::__enable_if<__is_integer<_Tp>::__value,
 211:C:/Program Files (x86)/Arm GNU Toolchain arm-none-eabi/14.3 rel1/arm-none-eabi/include/c++/14.3.1\cmath ****                                     double>::__type
 212:C:/Program Files (x86)/Arm GNU Toolchain arm-none-eabi/14.3 rel1/arm-none-eabi/include/c++/14.3.1\cmath ****     cosh(_Tp __x)
 213:C:/Program Files (x86)/Arm GNU Toolchain arm-none-eabi/14.3 rel1/arm-none-eabi/include/c++/14.3.1\cmath ****     { return __builtin_cosh(__x); }
 214:C:/Program Files (x86)/Arm GNU Toolchain arm-none-eabi/14.3 rel1/arm-none-eabi/include/c++/14.3.1\cmath **** 
 215:C:/Program Files (x86)/Arm GNU Toolchain arm-none-eabi/14.3 rel1/arm-none-eabi/include/c++/14.3.1\cmath ****   using ::exp;
 216:C:/Program Files (x86)/Arm GNU Toolchain arm-none-eabi/14.3 rel1/arm-none-eabi/include/c++/14.3.1\cmath **** 
 217:C:/Program Files (x86)/Arm GNU Toolchain arm-none-eabi/14.3 rel1/arm-none-eabi/include/c++/14.3.1\cmath **** #ifndef __CORRECT_ISO_CPP_MATH_H_PROTO
 218:C:/Program Files (x86)/Arm GNU Toolchain arm-none-eabi/14.3 rel1/arm-none-eabi/include/c++/14.3.1\cmath ****   inline _GLIBCXX_CONSTEXPR float
 219:C:/Program Files (x86)/Arm GNU Toolchain arm-none-eabi/14.3 rel1/arm-none-eabi/include/c++/14.3.1\cmath ****   exp(float __x)
 220:C:/Program Files (x86)/Arm GNU Toolchain arm-none-eabi/14.3 rel1/arm-none-eabi/include/c++/14.3.1\cmath ****   { return __builtin_expf(__x); }
 221:C:/Program Files (x86)/Arm GNU Toolchain arm-none-eabi/14.3 rel1/arm-none-eabi/include/c++/14.3.1\cmath **** 
 222:C:/Program Files (x86)/Arm GNU Toolchain arm-none-eabi/14.3 rel1/arm-none-eabi/include/c++/14.3.1\cmath ****   inline _GLIBCXX_CONSTEXPR long double
 223:C:/Program Files (x86)/Arm GNU Toolchain arm-none-eabi/14.3 rel1/arm-none-eabi/include/c++/14.3.1\cmath ****   exp(long double __x)
 224:C:/Program Files (x86)/Arm GNU Toolchain arm-none-eabi/14.3 rel1/arm-none-eabi/include/c++/14.3.1\cmath ****   { return __builtin_expl(__x); }
 225:C:/Program Files (x86)/Arm GNU Toolchain arm-none-eabi/14.3 rel1/arm-none-eabi/include/c++/14.3.1\cmath **** #endif
 226:C:/Program Files (x86)/Arm GNU Toolchain arm-none-eabi/14.3 rel1/arm-none-eabi/include/c++/14.3.1\cmath **** 
 227:C:/Program Files (x86)/Arm GNU Toolchain arm-none-eabi/14.3 rel1/arm-none-eabi/include/c++/14.3.1\cmath ****   template<typename _Tp>
 228:C:/Program Files (x86)/Arm GNU Toolchain arm-none-eabi/14.3 rel1/arm-none-eabi/include/c++/14.3.1\cmath ****     inline _GLIBCXX_CONSTEXPR
 229:C:/Program Files (x86)/Arm GNU Toolchain arm-none-eabi/14.3 rel1/arm-none-eabi/include/c++/14.3.1\cmath ****     typename __gnu_cxx::__enable_if<__is_integer<_Tp>::__value,
 230:C:/Program Files (x86)/Arm GNU Toolchain arm-none-eabi/14.3 rel1/arm-none-eabi/include/c++/14.3.1\cmath ****                                     double>::__type
 231:C:/Program Files (x86)/Arm GNU Toolchain arm-none-eabi/14.3 rel1/arm-none-eabi/include/c++/14.3.1\cmath ****     exp(_Tp __x)
 232:C:/Program Files (x86)/Arm GNU Toolchain arm-none-eabi/14.3 rel1/arm-none-eabi/include/c++/14.3.1\cmath ****     { return __builtin_exp(__x); }
 233:C:/Program Files (x86)/Arm GNU Toolchain arm-none-eabi/14.3 rel1/arm-none-eabi/include/c++/14.3.1\cmath **** 
 234:C:/Program Files (x86)/Arm GNU Toolchain arm-none-eabi/14.3 rel1/arm-none-eabi/include/c++/14.3.1\cmath ****   using ::fabs;
 235:C:/Program Files (x86)/Arm GNU Toolchain arm-none-eabi/14.3 rel1/arm-none-eabi/include/c++/14.3.1\cmath **** 
 236:C:/Program Files (x86)/Arm GNU Toolchain arm-none-eabi/14.3 rel1/arm-none-eabi/include/c++/14.3.1\cmath **** #ifndef __CORRECT_ISO_CPP_MATH_H_PROTO
 237:C:/Program Files (x86)/Arm GNU Toolchain arm-none-eabi/14.3 rel1/arm-none-eabi/include/c++/14.3.1\cmath ****   inline _GLIBCXX_CONSTEXPR float
 238:C:/Program Files (x86)/Arm GNU Toolchain arm-none-eabi/14.3 rel1/arm-none-eabi/include/c++/14.3.1\cmath ****   fabs(float __x)
 239:C:/Program Files (x86)/Arm GNU Toolchain arm-none-eabi/14.3 rel1/arm-none-eabi/include/c++/14.3.1\cmath ****   { return __builtin_fabsf(__x); }
 240:C:/Program Files (x86)/Arm GNU Toolchain arm-none-eabi/14.3 rel1/arm-none-eabi/include/c++/14.3.1\cmath **** 
 241:C:/Program Files (x86)/Arm GNU Toolchain arm-none-eabi/14.3 rel1/arm-none-eabi/include/c++/14.3.1\cmath ****   inline _GLIBCXX_CONSTEXPR long double
 242:C:/Program Files (x86)/Arm GNU Toolchain arm-none-eabi/14.3 rel1/arm-none-eabi/include/c++/14.3.1\cmath ****   fabs(long double __x)
ARM GAS  C:\Users\Oliver\AppData\Local\Temp\ccEzwoLp.s 			page 14


 243:C:/Program Files (x86)/Arm GNU Toolchain arm-none-eabi/14.3 rel1/arm-none-eabi/include/c++/14.3.1\cmath ****   { return __builtin_fabsl(__x); }
 244:C:/Program Files (x86)/Arm GNU Toolchain arm-none-eabi/14.3 rel1/arm-none-eabi/include/c++/14.3.1\cmath **** #endif
 245:C:/Program Files (x86)/Arm GNU Toolchain arm-none-eabi/14.3 rel1/arm-none-eabi/include/c++/14.3.1\cmath **** 
 246:C:/Program Files (x86)/Arm GNU Toolchain arm-none-eabi/14.3 rel1/arm-none-eabi/include/c++/14.3.1\cmath ****   template<typename _Tp>
 247:C:/Program Files (x86)/Arm GNU Toolchain arm-none-eabi/14.3 rel1/arm-none-eabi/include/c++/14.3.1\cmath ****     inline _GLIBCXX_CONSTEXPR
 248:C:/Program Files (x86)/Arm GNU Toolchain arm-none-eabi/14.3 rel1/arm-none-eabi/include/c++/14.3.1\cmath ****     typename __gnu_cxx::__enable_if<__is_integer<_Tp>::__value,
 249:C:/Program Files (x86)/Arm GNU Toolchain arm-none-eabi/14.3 rel1/arm-none-eabi/include/c++/14.3.1\cmath ****                                     double>::__type
 250:C:/Program Files (x86)/Arm GNU Toolchain arm-none-eabi/14.3 rel1/arm-none-eabi/include/c++/14.3.1\cmath ****     fabs(_Tp __x)
 251:C:/Program Files (x86)/Arm GNU Toolchain arm-none-eabi/14.3 rel1/arm-none-eabi/include/c++/14.3.1\cmath ****     { return __builtin_fabs(__x); }
 252:C:/Program Files (x86)/Arm GNU Toolchain arm-none-eabi/14.3 rel1/arm-none-eabi/include/c++/14.3.1\cmath **** 
 253:C:/Program Files (x86)/Arm GNU Toolchain arm-none-eabi/14.3 rel1/arm-none-eabi/include/c++/14.3.1\cmath ****   using ::floor;
 254:C:/Program Files (x86)/Arm GNU Toolchain arm-none-eabi/14.3 rel1/arm-none-eabi/include/c++/14.3.1\cmath **** 
 255:C:/Program Files (x86)/Arm GNU Toolchain arm-none-eabi/14.3 rel1/arm-none-eabi/include/c++/14.3.1\cmath **** #ifndef __CORRECT_ISO_CPP_MATH_H_PROTO
 256:C:/Program Files (x86)/Arm GNU Toolchain arm-none-eabi/14.3 rel1/arm-none-eabi/include/c++/14.3.1\cmath ****   inline _GLIBCXX_CONSTEXPR float
 257:C:/Program Files (x86)/Arm GNU Toolchain arm-none-eabi/14.3 rel1/arm-none-eabi/include/c++/14.3.1\cmath ****   floor(float __x)
 258:C:/Program Files (x86)/Arm GNU Toolchain arm-none-eabi/14.3 rel1/arm-none-eabi/include/c++/14.3.1\cmath ****   { return __builtin_floorf(__x); }
 259:C:/Program Files (x86)/Arm GNU Toolchain arm-none-eabi/14.3 rel1/arm-none-eabi/include/c++/14.3.1\cmath **** 
 260:C:/Program Files (x86)/Arm GNU Toolchain arm-none-eabi/14.3 rel1/arm-none-eabi/include/c++/14.3.1\cmath ****   inline _GLIBCXX_CONSTEXPR long double
 261:C:/Program Files (x86)/Arm GNU Toolchain arm-none-eabi/14.3 rel1/arm-none-eabi/include/c++/14.3.1\cmath ****   floor(long double __x)
 262:C:/Program Files (x86)/Arm GNU Toolchain arm-none-eabi/14.3 rel1/arm-none-eabi/include/c++/14.3.1\cmath ****   { return __builtin_floorl(__x); }
 263:C:/Program Files (x86)/Arm GNU Toolchain arm-none-eabi/14.3 rel1/arm-none-eabi/include/c++/14.3.1\cmath **** #endif
 264:C:/Program Files (x86)/Arm GNU Toolchain arm-none-eabi/14.3 rel1/arm-none-eabi/include/c++/14.3.1\cmath **** 
 265:C:/Program Files (x86)/Arm GNU Toolchain arm-none-eabi/14.3 rel1/arm-none-eabi/include/c++/14.3.1\cmath ****   template<typename _Tp>
 266:C:/Program Files (x86)/Arm GNU Toolchain arm-none-eabi/14.3 rel1/arm-none-eabi/include/c++/14.3.1\cmath ****     inline _GLIBCXX_CONSTEXPR
 267:C:/Program Files (x86)/Arm GNU Toolchain arm-none-eabi/14.3 rel1/arm-none-eabi/include/c++/14.3.1\cmath ****     typename __gnu_cxx::__enable_if<__is_integer<_Tp>::__value,
 268:C:/Program Files (x86)/Arm GNU Toolchain arm-none-eabi/14.3 rel1/arm-none-eabi/include/c++/14.3.1\cmath ****                                     double>::__type
 269:C:/Program Files (x86)/Arm GNU Toolchain arm-none-eabi/14.3 rel1/arm-none-eabi/include/c++/14.3.1\cmath ****     floor(_Tp __x)
 270:C:/Program Files (x86)/Arm GNU Toolchain arm-none-eabi/14.3 rel1/arm-none-eabi/include/c++/14.3.1\cmath ****     { return __builtin_floor(__x); }
 271:C:/Program Files (x86)/Arm GNU Toolchain arm-none-eabi/14.3 rel1/arm-none-eabi/include/c++/14.3.1\cmath **** 
 272:C:/Program Files (x86)/Arm GNU Toolchain arm-none-eabi/14.3 rel1/arm-none-eabi/include/c++/14.3.1\cmath ****   using ::fmod;
 273:C:/Program Files (x86)/Arm GNU Toolchain arm-none-eabi/14.3 rel1/arm-none-eabi/include/c++/14.3.1\cmath **** 
 274:C:/Program Files (x86)/Arm GNU Toolchain arm-none-eabi/14.3 rel1/arm-none-eabi/include/c++/14.3.1\cmath **** #ifndef __CORRECT_ISO_CPP_MATH_H_PROTO
 275:C:/Program Files (x86)/Arm GNU Toolchain arm-none-eabi/14.3 rel1/arm-none-eabi/include/c++/14.3.1\cmath ****   inline _GLIBCXX_CONSTEXPR float
 276:C:/Program Files (x86)/Arm GNU Toolchain arm-none-eabi/14.3 rel1/arm-none-eabi/include/c++/14.3.1\cmath ****   fmod(float __x, float __y)
 277:C:/Program Files (x86)/Arm GNU Toolchain arm-none-eabi/14.3 rel1/arm-none-eabi/include/c++/14.3.1\cmath ****   { return __builtin_fmodf(__x, __y); }
 278:C:/Program Files (x86)/Arm GNU Toolchain arm-none-eabi/14.3 rel1/arm-none-eabi/include/c++/14.3.1\cmath **** 
 279:C:/Program Files (x86)/Arm GNU Toolchain arm-none-eabi/14.3 rel1/arm-none-eabi/include/c++/14.3.1\cmath ****   inline _GLIBCXX_CONSTEXPR long double
 280:C:/Program Files (x86)/Arm GNU Toolchain arm-none-eabi/14.3 rel1/arm-none-eabi/include/c++/14.3.1\cmath ****   fmod(long double __x, long double __y)
 281:C:/Program Files (x86)/Arm GNU Toolchain arm-none-eabi/14.3 rel1/arm-none-eabi/include/c++/14.3.1\cmath ****   { return __builtin_fmodl(__x, __y); }
 282:C:/Program Files (x86)/Arm GNU Toolchain arm-none-eabi/14.3 rel1/arm-none-eabi/include/c++/14.3.1\cmath **** #endif
 283:C:/Program Files (x86)/Arm GNU Toolchain arm-none-eabi/14.3 rel1/arm-none-eabi/include/c++/14.3.1\cmath **** 
 284:C:/Program Files (x86)/Arm GNU Toolchain arm-none-eabi/14.3 rel1/arm-none-eabi/include/c++/14.3.1\cmath ****   using ::frexp;
 285:C:/Program Files (x86)/Arm GNU Toolchain arm-none-eabi/14.3 rel1/arm-none-eabi/include/c++/14.3.1\cmath **** 
 286:C:/Program Files (x86)/Arm GNU Toolchain arm-none-eabi/14.3 rel1/arm-none-eabi/include/c++/14.3.1\cmath **** #ifndef __CORRECT_ISO_CPP_MATH_H_PROTO
 287:C:/Program Files (x86)/Arm GNU Toolchain arm-none-eabi/14.3 rel1/arm-none-eabi/include/c++/14.3.1\cmath ****   inline float
 288:C:/Program Files (x86)/Arm GNU Toolchain arm-none-eabi/14.3 rel1/arm-none-eabi/include/c++/14.3.1\cmath ****   frexp(float __x, int* __exp)
 289:C:/Program Files (x86)/Arm GNU Toolchain arm-none-eabi/14.3 rel1/arm-none-eabi/include/c++/14.3.1\cmath ****   { return __builtin_frexpf(__x, __exp); }
 290:C:/Program Files (x86)/Arm GNU Toolchain arm-none-eabi/14.3 rel1/arm-none-eabi/include/c++/14.3.1\cmath **** 
 291:C:/Program Files (x86)/Arm GNU Toolchain arm-none-eabi/14.3 rel1/arm-none-eabi/include/c++/14.3.1\cmath ****   inline long double
 292:C:/Program Files (x86)/Arm GNU Toolchain arm-none-eabi/14.3 rel1/arm-none-eabi/include/c++/14.3.1\cmath ****   frexp(long double __x, int* __exp)
 293:C:/Program Files (x86)/Arm GNU Toolchain arm-none-eabi/14.3 rel1/arm-none-eabi/include/c++/14.3.1\cmath ****   { return __builtin_frexpl(__x, __exp); }
 294:C:/Program Files (x86)/Arm GNU Toolchain arm-none-eabi/14.3 rel1/arm-none-eabi/include/c++/14.3.1\cmath **** #endif
 295:C:/Program Files (x86)/Arm GNU Toolchain arm-none-eabi/14.3 rel1/arm-none-eabi/include/c++/14.3.1\cmath **** 
 296:C:/Program Files (x86)/Arm GNU Toolchain arm-none-eabi/14.3 rel1/arm-none-eabi/include/c++/14.3.1\cmath ****   template<typename _Tp>
 297:C:/Program Files (x86)/Arm GNU Toolchain arm-none-eabi/14.3 rel1/arm-none-eabi/include/c++/14.3.1\cmath ****     inline _GLIBCXX_CONSTEXPR
 298:C:/Program Files (x86)/Arm GNU Toolchain arm-none-eabi/14.3 rel1/arm-none-eabi/include/c++/14.3.1\cmath ****     typename __gnu_cxx::__enable_if<__is_integer<_Tp>::__value, 
 299:C:/Program Files (x86)/Arm GNU Toolchain arm-none-eabi/14.3 rel1/arm-none-eabi/include/c++/14.3.1\cmath ****                                     double>::__type
ARM GAS  C:\Users\Oliver\AppData\Local\Temp\ccEzwoLp.s 			page 15


 300:C:/Program Files (x86)/Arm GNU Toolchain arm-none-eabi/14.3 rel1/arm-none-eabi/include/c++/14.3.1\cmath ****     frexp(_Tp __x, int* __exp)
 301:C:/Program Files (x86)/Arm GNU Toolchain arm-none-eabi/14.3 rel1/arm-none-eabi/include/c++/14.3.1\cmath ****     { return __builtin_frexp(__x, __exp); }
 302:C:/Program Files (x86)/Arm GNU Toolchain arm-none-eabi/14.3 rel1/arm-none-eabi/include/c++/14.3.1\cmath **** 
 303:C:/Program Files (x86)/Arm GNU Toolchain arm-none-eabi/14.3 rel1/arm-none-eabi/include/c++/14.3.1\cmath ****   using ::ldexp;
 304:C:/Program Files (x86)/Arm GNU Toolchain arm-none-eabi/14.3 rel1/arm-none-eabi/include/c++/14.3.1\cmath **** 
 305:C:/Program Files (x86)/Arm GNU Toolchain arm-none-eabi/14.3 rel1/arm-none-eabi/include/c++/14.3.1\cmath **** #ifndef __CORRECT_ISO_CPP_MATH_H_PROTO
 306:C:/Program Files (x86)/Arm GNU Toolchain arm-none-eabi/14.3 rel1/arm-none-eabi/include/c++/14.3.1\cmath ****   inline _GLIBCXX_CONSTEXPR float
 307:C:/Program Files (x86)/Arm GNU Toolchain arm-none-eabi/14.3 rel1/arm-none-eabi/include/c++/14.3.1\cmath ****   ldexp(float __x, int __exp)
 308:C:/Program Files (x86)/Arm GNU Toolchain arm-none-eabi/14.3 rel1/arm-none-eabi/include/c++/14.3.1\cmath ****   { return __builtin_ldexpf(__x, __exp); }
 309:C:/Program Files (x86)/Arm GNU Toolchain arm-none-eabi/14.3 rel1/arm-none-eabi/include/c++/14.3.1\cmath **** 
 310:C:/Program Files (x86)/Arm GNU Toolchain arm-none-eabi/14.3 rel1/arm-none-eabi/include/c++/14.3.1\cmath ****   inline _GLIBCXX_CONSTEXPR long double
 311:C:/Program Files (x86)/Arm GNU Toolchain arm-none-eabi/14.3 rel1/arm-none-eabi/include/c++/14.3.1\cmath ****   ldexp(long double __x, int __exp)
 312:C:/Program Files (x86)/Arm GNU Toolchain arm-none-eabi/14.3 rel1/arm-none-eabi/include/c++/14.3.1\cmath ****   { return __builtin_ldexpl(__x, __exp); }
 313:C:/Program Files (x86)/Arm GNU Toolchain arm-none-eabi/14.3 rel1/arm-none-eabi/include/c++/14.3.1\cmath **** #endif
 314:C:/Program Files (x86)/Arm GNU Toolchain arm-none-eabi/14.3 rel1/arm-none-eabi/include/c++/14.3.1\cmath **** 
 315:C:/Program Files (x86)/Arm GNU Toolchain arm-none-eabi/14.3 rel1/arm-none-eabi/include/c++/14.3.1\cmath ****   template<typename _Tp>
 316:C:/Program Files (x86)/Arm GNU Toolchain arm-none-eabi/14.3 rel1/arm-none-eabi/include/c++/14.3.1\cmath ****     inline _GLIBCXX_CONSTEXPR
 317:C:/Program Files (x86)/Arm GNU Toolchain arm-none-eabi/14.3 rel1/arm-none-eabi/include/c++/14.3.1\cmath ****     typename __gnu_cxx::__enable_if<__is_integer<_Tp>::__value, 
 318:C:/Program Files (x86)/Arm GNU Toolchain arm-none-eabi/14.3 rel1/arm-none-eabi/include/c++/14.3.1\cmath ****                                     double>::__type
 319:C:/Program Files (x86)/Arm GNU Toolchain arm-none-eabi/14.3 rel1/arm-none-eabi/include/c++/14.3.1\cmath ****     ldexp(_Tp __x, int __exp)
 320:C:/Program Files (x86)/Arm GNU Toolchain arm-none-eabi/14.3 rel1/arm-none-eabi/include/c++/14.3.1\cmath ****     { return __builtin_ldexp(__x, __exp); }
 321:C:/Program Files (x86)/Arm GNU Toolchain arm-none-eabi/14.3 rel1/arm-none-eabi/include/c++/14.3.1\cmath **** 
 322:C:/Program Files (x86)/Arm GNU Toolchain arm-none-eabi/14.3 rel1/arm-none-eabi/include/c++/14.3.1\cmath ****   using ::log;
 323:C:/Program Files (x86)/Arm GNU Toolchain arm-none-eabi/14.3 rel1/arm-none-eabi/include/c++/14.3.1\cmath **** 
 324:C:/Program Files (x86)/Arm GNU Toolchain arm-none-eabi/14.3 rel1/arm-none-eabi/include/c++/14.3.1\cmath **** #ifndef __CORRECT_ISO_CPP_MATH_H_PROTO
 325:C:/Program Files (x86)/Arm GNU Toolchain arm-none-eabi/14.3 rel1/arm-none-eabi/include/c++/14.3.1\cmath ****   inline _GLIBCXX_CONSTEXPR float
 326:C:/Program Files (x86)/Arm GNU Toolchain arm-none-eabi/14.3 rel1/arm-none-eabi/include/c++/14.3.1\cmath ****   log(float __x)
 327:C:/Program Files (x86)/Arm GNU Toolchain arm-none-eabi/14.3 rel1/arm-none-eabi/include/c++/14.3.1\cmath ****   { return __builtin_logf(__x); }
 328:C:/Program Files (x86)/Arm GNU Toolchain arm-none-eabi/14.3 rel1/arm-none-eabi/include/c++/14.3.1\cmath **** 
 329:C:/Program Files (x86)/Arm GNU Toolchain arm-none-eabi/14.3 rel1/arm-none-eabi/include/c++/14.3.1\cmath ****   inline _GLIBCXX_CONSTEXPR long double
 330:C:/Program Files (x86)/Arm GNU Toolchain arm-none-eabi/14.3 rel1/arm-none-eabi/include/c++/14.3.1\cmath ****   log(long double __x)
 331:C:/Program Files (x86)/Arm GNU Toolchain arm-none-eabi/14.3 rel1/arm-none-eabi/include/c++/14.3.1\cmath ****   { return __builtin_logl(__x); }
 332:C:/Program Files (x86)/Arm GNU Toolchain arm-none-eabi/14.3 rel1/arm-none-eabi/include/c++/14.3.1\cmath **** #endif
 333:C:/Program Files (x86)/Arm GNU Toolchain arm-none-eabi/14.3 rel1/arm-none-eabi/include/c++/14.3.1\cmath **** 
 334:C:/Program Files (x86)/Arm GNU Toolchain arm-none-eabi/14.3 rel1/arm-none-eabi/include/c++/14.3.1\cmath ****   template<typename _Tp>
 335:C:/Program Files (x86)/Arm GNU Toolchain arm-none-eabi/14.3 rel1/arm-none-eabi/include/c++/14.3.1\cmath ****     inline _GLIBCXX_CONSTEXPR
 336:C:/Program Files (x86)/Arm GNU Toolchain arm-none-eabi/14.3 rel1/arm-none-eabi/include/c++/14.3.1\cmath ****     typename __gnu_cxx::__enable_if<__is_integer<_Tp>::__value, 
 337:C:/Program Files (x86)/Arm GNU Toolchain arm-none-eabi/14.3 rel1/arm-none-eabi/include/c++/14.3.1\cmath ****                                     double>::__type
 338:C:/Program Files (x86)/Arm GNU Toolchain arm-none-eabi/14.3 rel1/arm-none-eabi/include/c++/14.3.1\cmath ****     log(_Tp __x)
 339:C:/Program Files (x86)/Arm GNU Toolchain arm-none-eabi/14.3 rel1/arm-none-eabi/include/c++/14.3.1\cmath ****     { return __builtin_log(__x); }
 340:C:/Program Files (x86)/Arm GNU Toolchain arm-none-eabi/14.3 rel1/arm-none-eabi/include/c++/14.3.1\cmath **** 
 341:C:/Program Files (x86)/Arm GNU Toolchain arm-none-eabi/14.3 rel1/arm-none-eabi/include/c++/14.3.1\cmath ****   using ::log10;
 342:C:/Program Files (x86)/Arm GNU Toolchain arm-none-eabi/14.3 rel1/arm-none-eabi/include/c++/14.3.1\cmath **** 
 343:C:/Program Files (x86)/Arm GNU Toolchain arm-none-eabi/14.3 rel1/arm-none-eabi/include/c++/14.3.1\cmath **** #ifndef __CORRECT_ISO_CPP_MATH_H_PROTO
 344:C:/Program Files (x86)/Arm GNU Toolchain arm-none-eabi/14.3 rel1/arm-none-eabi/include/c++/14.3.1\cmath ****   inline _GLIBCXX_CONSTEXPR float
 345:C:/Program Files (x86)/Arm GNU Toolchain arm-none-eabi/14.3 rel1/arm-none-eabi/include/c++/14.3.1\cmath ****   log10(float __x)
 346:C:/Program Files (x86)/Arm GNU Toolchain arm-none-eabi/14.3 rel1/arm-none-eabi/include/c++/14.3.1\cmath ****   { return __builtin_log10f(__x); }
 347:C:/Program Files (x86)/Arm GNU Toolchain arm-none-eabi/14.3 rel1/arm-none-eabi/include/c++/14.3.1\cmath **** 
 348:C:/Program Files (x86)/Arm GNU Toolchain arm-none-eabi/14.3 rel1/arm-none-eabi/include/c++/14.3.1\cmath ****   inline _GLIBCXX_CONSTEXPR long double
 349:C:/Program Files (x86)/Arm GNU Toolchain arm-none-eabi/14.3 rel1/arm-none-eabi/include/c++/14.3.1\cmath ****   log10(long double __x)
 350:C:/Program Files (x86)/Arm GNU Toolchain arm-none-eabi/14.3 rel1/arm-none-eabi/include/c++/14.3.1\cmath ****   { return __builtin_log10l(__x); }
 351:C:/Program Files (x86)/Arm GNU Toolchain arm-none-eabi/14.3 rel1/arm-none-eabi/include/c++/14.3.1\cmath **** #endif
 352:C:/Program Files (x86)/Arm GNU Toolchain arm-none-eabi/14.3 rel1/arm-none-eabi/include/c++/14.3.1\cmath **** 
 353:C:/Program Files (x86)/Arm GNU Toolchain arm-none-eabi/14.3 rel1/arm-none-eabi/include/c++/14.3.1\cmath ****   template<typename _Tp>
 354:C:/Program Files (x86)/Arm GNU Toolchain arm-none-eabi/14.3 rel1/arm-none-eabi/include/c++/14.3.1\cmath ****     inline _GLIBCXX_CONSTEXPR
 355:C:/Program Files (x86)/Arm GNU Toolchain arm-none-eabi/14.3 rel1/arm-none-eabi/include/c++/14.3.1\cmath ****     typename __gnu_cxx::__enable_if<__is_integer<_Tp>::__value,
 356:C:/Program Files (x86)/Arm GNU Toolchain arm-none-eabi/14.3 rel1/arm-none-eabi/include/c++/14.3.1\cmath ****                                     double>::__type
ARM GAS  C:\Users\Oliver\AppData\Local\Temp\ccEzwoLp.s 			page 16


 357:C:/Program Files (x86)/Arm GNU Toolchain arm-none-eabi/14.3 rel1/arm-none-eabi/include/c++/14.3.1\cmath ****     log10(_Tp __x)
 358:C:/Program Files (x86)/Arm GNU Toolchain arm-none-eabi/14.3 rel1/arm-none-eabi/include/c++/14.3.1\cmath ****     { return __builtin_log10(__x); }
 359:C:/Program Files (x86)/Arm GNU Toolchain arm-none-eabi/14.3 rel1/arm-none-eabi/include/c++/14.3.1\cmath **** 
 360:C:/Program Files (x86)/Arm GNU Toolchain arm-none-eabi/14.3 rel1/arm-none-eabi/include/c++/14.3.1\cmath ****   using ::modf;
 361:C:/Program Files (x86)/Arm GNU Toolchain arm-none-eabi/14.3 rel1/arm-none-eabi/include/c++/14.3.1\cmath **** 
 362:C:/Program Files (x86)/Arm GNU Toolchain arm-none-eabi/14.3 rel1/arm-none-eabi/include/c++/14.3.1\cmath **** #ifndef __CORRECT_ISO_CPP_MATH_H_PROTO
 363:C:/Program Files (x86)/Arm GNU Toolchain arm-none-eabi/14.3 rel1/arm-none-eabi/include/c++/14.3.1\cmath ****   inline float
 364:C:/Program Files (x86)/Arm GNU Toolchain arm-none-eabi/14.3 rel1/arm-none-eabi/include/c++/14.3.1\cmath ****   modf(float __x, float* __iptr)
 365:C:/Program Files (x86)/Arm GNU Toolchain arm-none-eabi/14.3 rel1/arm-none-eabi/include/c++/14.3.1\cmath ****   { return __builtin_modff(__x, __iptr); }
 366:C:/Program Files (x86)/Arm GNU Toolchain arm-none-eabi/14.3 rel1/arm-none-eabi/include/c++/14.3.1\cmath **** 
 367:C:/Program Files (x86)/Arm GNU Toolchain arm-none-eabi/14.3 rel1/arm-none-eabi/include/c++/14.3.1\cmath ****   inline long double
 368:C:/Program Files (x86)/Arm GNU Toolchain arm-none-eabi/14.3 rel1/arm-none-eabi/include/c++/14.3.1\cmath ****   modf(long double __x, long double* __iptr)
 369:C:/Program Files (x86)/Arm GNU Toolchain arm-none-eabi/14.3 rel1/arm-none-eabi/include/c++/14.3.1\cmath ****   { return __builtin_modfl(__x, __iptr); }
 370:C:/Program Files (x86)/Arm GNU Toolchain arm-none-eabi/14.3 rel1/arm-none-eabi/include/c++/14.3.1\cmath **** #endif
 371:C:/Program Files (x86)/Arm GNU Toolchain arm-none-eabi/14.3 rel1/arm-none-eabi/include/c++/14.3.1\cmath **** 
 372:C:/Program Files (x86)/Arm GNU Toolchain arm-none-eabi/14.3 rel1/arm-none-eabi/include/c++/14.3.1\cmath ****   using ::pow;
 373:C:/Program Files (x86)/Arm GNU Toolchain arm-none-eabi/14.3 rel1/arm-none-eabi/include/c++/14.3.1\cmath **** 
 374:C:/Program Files (x86)/Arm GNU Toolchain arm-none-eabi/14.3 rel1/arm-none-eabi/include/c++/14.3.1\cmath **** #ifndef __CORRECT_ISO_CPP_MATH_H_PROTO
 375:C:/Program Files (x86)/Arm GNU Toolchain arm-none-eabi/14.3 rel1/arm-none-eabi/include/c++/14.3.1\cmath ****   inline _GLIBCXX_CONSTEXPR float
 376:C:/Program Files (x86)/Arm GNU Toolchain arm-none-eabi/14.3 rel1/arm-none-eabi/include/c++/14.3.1\cmath ****   pow(float __x, float __y)
 367              		.loc 3 376 3 view .LVU75
 368              	.LBB56:
 377:C:/Program Files (x86)/Arm GNU Toolchain arm-none-eabi/14.3 rel1/arm-none-eabi/include/c++/14.3.1\cmath ****   { return __builtin_powf(__x, __y); }
 369              		.loc 3 377 5 view .LVU76
 370              		.loc 3 377 26 is_stmt 0 view .LVU77
 371 003e 9FED1C0A 		vldr.32	s0, .L32
 372              	.LVL23:
 373              		.loc 3 377 26 view .LVU78
 374 0042 FFF7FEFF 		bl	powf
 375              	.LVL24:
 376              		.loc 3 377 26 view .LVU79
 377              	.LBE56:
 378              	.LBE55:
 379              		.loc 2 30 33 discriminator 1 view .LVU80
 380 0046 DFED1B7A 		vldr.32	s15, .L32+4
 381 004a DFED1B0A 		vldr.32	s1, .L32+8
 382 004e E0EE270A 		vfma.f32	s1, s0, s15
 383              	.LVL25:
 384              		.loc 2 30 33 discriminator 1 view .LVU81
 385              	.LBE54:
 386              	.LBE53:
  37:parameters/potentiometerparameter.cpp ****         
 387              		.loc 1 37 55 view .LVU82
 388 0052 E4E7     		b	.L18
 389              	.LVL26:
 390              	.L24:
  42:parameters/potentiometerparameter.cpp ****             return taperFunction(normalizedValue, 0.25);
 391              		.loc 1 42 9 is_stmt 1 view .LVU83
  43:parameters/potentiometerparameter.cpp ****        
 392              		.loc 1 43 13 view .LVU84
 393              	.LBB57:
 394              	.LBI57:
  18:parameters/potentiometerparameter.h ****     // From: https://electronics.stackexchange.com/questions/304692/formula-for-logarithmic-audio-t
 395              		.loc 2 18 21 view .LVU85
 396              	.LBB58:
  20:parameters/potentiometerparameter.h ****     float b = c * c;
 397              		.loc 2 20 5 view .LVU86
ARM GAS  C:\Users\Oliver\AppData\Local\Temp\ccEzwoLp.s 			page 17


  21:parameters/potentiometerparameter.h **** 
 398              		.loc 2 21 5 view .LVU87
  28:parameters/potentiometerparameter.h **** 
 399              		.loc 2 28 5 view .LVU88
 400              		.loc 2 30 5 view .LVU89
 401              	.LBB59:
 402              	.LBI59:
 376:C:/Program Files (x86)/Arm GNU Toolchain arm-none-eabi/14.3 rel1/arm-none-eabi/include/c++/14.3.1\cmath ****   { return __builtin_powf(__x, __y); }
 403              		.loc 3 376 3 view .LVU90
 404              	.LBB60:
 405              		.loc 3 377 5 view .LVU91
 406              		.loc 3 377 26 is_stmt 0 view .LVU92
 407 0054 B2EE020A 		vmov.f32	s0, #9.0e+0
 408              	.LVL27:
 409              		.loc 3 377 26 view .LVU93
 410 0058 FFF7FEFF 		bl	powf
 411              	.LVL28:
 412              		.loc 3 377 26 view .LVU94
 413              	.LBE60:
 414              	.LBE59:
 415              		.loc 2 30 33 discriminator 1 view .LVU95
 416 005c F4EE007A 		vmov.f32	s15, #1.25e-1
 417 0060 FCEE000A 		vmov.f32	s1, #-1.25e-1
 418 0064 E0EE270A 		vfma.f32	s1, s0, s15
 419              	.LVL29:
 420              		.loc 2 30 33 discriminator 1 view .LVU96
 421              	.LBE58:
 422              	.LBE57:
  43:parameters/potentiometerparameter.cpp ****        
 423              		.loc 1 43 55 view .LVU97
 424 0068 D9E7     		b	.L18
 425              	.LVL30:
 426              	.L23:
  39:parameters/potentiometerparameter.cpp ****             return taperFunction(normalizedValue, 0.88);
 427              		.loc 1 39 9 is_stmt 1 view .LVU98
  40:parameters/potentiometerparameter.cpp ****         
 428              		.loc 1 40 13 view .LVU99
 429              	.LBB61:
 430              	.LBI61:
  18:parameters/potentiometerparameter.h ****     // From: https://electronics.stackexchange.com/questions/304692/formula-for-logarithmic-audio-t
 431              		.loc 2 18 21 view .LVU100
 432              	.LBB62:
  20:parameters/potentiometerparameter.h ****     float b = c * c;
 433              		.loc 2 20 5 view .LVU101
  21:parameters/potentiometerparameter.h **** 
 434              		.loc 2 21 5 view .LVU102
  28:parameters/potentiometerparameter.h **** 
 435              		.loc 2 28 5 view .LVU103
 436              		.loc 2 30 5 view .LVU104
 437              	.LBB63:
 438              	.LBI63:
 376:C:/Program Files (x86)/Arm GNU Toolchain arm-none-eabi/14.3 rel1/arm-none-eabi/include/c++/14.3.1\cmath ****   { return __builtin_powf(__x, __y); }
 439              		.loc 3 376 3 view .LVU105
 440              	.LBB64:
 441              		.loc 3 377 5 view .LVU106
 442              		.loc 3 377 26 is_stmt 0 view .LVU107
 443 006a 9FED140A 		vldr.32	s0, .L32+12
ARM GAS  C:\Users\Oliver\AppData\Local\Temp\ccEzwoLp.s 			page 18


 444              	.LVL31:
 445              		.loc 3 377 26 view .LVU108
 446 006e FFF7FEFF 		bl	powf
 447              	.LVL32:
 448              		.loc 3 377 26 view .LVU109
 449              	.LBE64:
 450              	.LBE63:
 451              		.loc 2 30 33 discriminator 1 view .LVU110
 452 0072 DFED137A 		vldr.32	s15, .L32+16
 453 0076 DFED130A 		vldr.32	s1, .L32+20
 454 007a E0EE270A 		vfma.f32	s1, s0, s15
 455              	.LVL33:
 456              		.loc 2 30 33 discriminator 1 view .LVU111
 457              	.LBE62:
 458              	.LBE61:
  40:parameters/potentiometerparameter.cpp ****         
 459              		.loc 1 40 55 view .LVU112
 460 007e CEE7     		b	.L18
 461              	.LVL34:
 462              	.L22:
  45:parameters/potentiometerparameter.cpp ****             // W taper - dual curve for blend/crossfade controls
 463              		.loc 1 45 9 is_stmt 1 view .LVU113
  48:parameters/potentiometerparameter.cpp ****                 return 2.0f * normalizedValue * normalizedValue;
 464              		.loc 1 48 13 view .LVU114
 465              	.LBB65:
 466 0080 F6EE007A 		vmov.f32	s15, #5.0e-1
 467 0084 B4EEE70A 		vcmpe.f32	s0, s15
 468 0088 F1EE10FA 		vmrs	APSR_nzcv, FPSCR
 469 008c 04D5     		bpl	.L29
  49:parameters/potentiometerparameter.cpp ****             } else {
 470              		.loc 1 49 17 view .LVU115
  49:parameters/potentiometerparameter.cpp ****             } else {
 471              		.loc 1 49 29 is_stmt 0 view .LVU116
 472 008e 70EE007A 		vadd.f32	s15, s0, s0
  49:parameters/potentiometerparameter.cpp ****             } else {
 473              		.loc 1 49 49 view .LVU117
 474 0092 60EE270A 		vmul.f32	s1, s0, s15
 475 0096 C2E7     		b	.L18
 476              	.L29:
 477              	.LBB66:
  51:parameters/potentiometerparameter.cpp ****                 return 1.0f - (2.0f * inverse * inverse);
 478              		.loc 1 51 17 is_stmt 1 view .LVU118
  51:parameters/potentiometerparameter.cpp ****                 return 1.0f - (2.0f * inverse * inverse);
 479              		.loc 1 51 23 is_stmt 0 view .LVU119
 480 0098 B7EE007A 		vmov.f32	s14, #1.0e+0
 481 009c 77EE407A 		vsub.f32	s15, s14, s0
 482              	.LVL35:
  52:parameters/potentiometerparameter.cpp ****             }
 483              		.loc 1 52 17 is_stmt 1 view .LVU120
  52:parameters/potentiometerparameter.cpp ****             }
 484              		.loc 1 52 37 is_stmt 0 view .LVU121
 485 00a0 77EEA76A 		vadd.f32	s13, s15, s15
  52:parameters/potentiometerparameter.cpp ****             }
 486              		.loc 1 52 56 view .LVU122
 487 00a4 A7EEE67A 		vfms.f32	s14, s15, s13
 488 00a8 F0EE470A 		vmov.f32	s1, s14
 489 00ac B7E7     		b	.L18
ARM GAS  C:\Users\Oliver\AppData\Local\Temp\ccEzwoLp.s 			page 19


 490              	.L33:
 491 00ae 00BF     		.align	2
 492              	.L32:
 493 00b0 721C5742 		.word	1113005170
 494 00b4 83379B3C 		.word	1016805251
 495 00b8 83379BBC 		.word	-1130678397
 496 00bc A154983C 		.word	1016616097
 497 00c0 DE6C82BF 		.word	-1081971490
 498 00c4 DE6C823F 		.word	1065512158
 499              	.LBE66:
 500              	.LBE65:
 501              	.LBE67:
 502              	.LBE70:
 503              	.LBE73:
 504              		.cfi_endproc
 505              	.LFE4485:
 507              		.section	.text._ZN11perspective22PotentiometerParameter10ApplyCurveEf,"ax",%progbits
 508              		.align	1
 509              		.p2align 2,,3
 510              		.global	_ZN11perspective22PotentiometerParameter10ApplyCurveEf
 511              		.syntax unified
 512              		.thumb
 513              		.thumb_func
 515              	_ZN11perspective22PotentiometerParameter10ApplyCurveEf:
 516              	.LVL36:
 517              	.LFB4487:
  31:parameters/potentiometerparameter.cpp ****     switch (curve_) {
 518              		.loc 1 31 65 is_stmt 1 view -0
 519              		.cfi_startproc
 520              		@ args = 0, pretend = 0, frame = 0
 521              		@ frame_needed = 0, uses_anonymous_args = 0
  32:parameters/potentiometerparameter.cpp ****         case PotCurve::LIN:
 522              		.loc 1 32 5 view .LVU124
  31:parameters/potentiometerparameter.cpp ****     switch (curve_) {
 523              		.loc 1 31 65 is_stmt 0 view .LVU125
 524 0000 08B5     		push	{r3, lr}
 525              		.cfi_def_cfa_offset 8
 526              		.cfi_offset 3, -8
 527              		.cfi_offset 14, -4
 528              	.LBB74:
  32:parameters/potentiometerparameter.cpp ****         case PotCurve::LIN:
 529              		.loc 1 32 5 view .LVU126
 530 0002 C36A     		ldr	r3, [r0, #44]
 531              	.LBE74:
  31:parameters/potentiometerparameter.cpp ****     switch (curve_) {
 532              		.loc 1 31 65 view .LVU127
 533 0004 F0EE400A 		vmov.f32	s1, s0
 534              	.LBB97:
  32:parameters/potentiometerparameter.cpp ****         case PotCurve::LIN:
 535              		.loc 1 32 5 view .LVU128
 536 0008 013B     		subs	r3, r3, #1
 537 000a 052B     		cmp	r3, #5
 538 000c 06D8     		bhi	.L34
 539 000e DFE803F0 		tbb	[pc, r3]
 540              	.L37:
 541 0012 0B       		.byte	(.L42-.L37)/2
 542 0013 18       		.byte	(.L41-.L37)/2
ARM GAS  C:\Users\Oliver\AppData\Local\Temp\ccEzwoLp.s 			page 20


 543 0014 25       		.byte	(.L40-.L37)/2
 544 0015 32       		.byte	(.L39-.L37)/2
 545 0016 03       		.byte	(.L38-.L37)/2
 546 0017 06       		.byte	(.L36-.L37)/2
 547              		.p2align 1
 548              	.L38:
 549              	.LBB75:
  55:parameters/potentiometerparameter.cpp ****             // Squared curve (gentle exponential)
 550              		.loc 1 55 9 is_stmt 1 view .LVU129
  57:parameters/potentiometerparameter.cpp ****         
 551              		.loc 1 57 13 view .LVU130
  57:parameters/potentiometerparameter.cpp ****         
 552              		.loc 1 57 38 is_stmt 0 view .LVU131
 553 0018 20EE000A 		vmul.f32	s0, s0, s0
 554              	.LVL37:
 555              	.L34:
  57:parameters/potentiometerparameter.cpp ****         
 556              		.loc 1 57 38 view .LVU132
 557              	.LBE75:
 558              	.LBE97:
  62:parameters/potentiometerparameter.cpp ****         
  63:parameters/potentiometerparameter.cpp ****         default:
  64:parameters/potentiometerparameter.cpp ****             return normalizedValue;
  65:parameters/potentiometerparameter.cpp ****     }
  66:parameters/potentiometerparameter.cpp **** }
 559              		.loc 1 66 1 view .LVU133
 560 001c 08BD     		pop	{r3, pc}
 561              	.LVL38:
 562              	.L36:
 563              	.LBB98:
 564              	.LBB91:
  59:parameters/potentiometerparameter.cpp ****             // Cubed curve (more aggressive exponential)
 565              		.loc 1 59 9 is_stmt 1 view .LVU134
  61:parameters/potentiometerparameter.cpp ****         
 566              		.loc 1 61 13 view .LVU135
  61:parameters/potentiometerparameter.cpp ****         
 567              		.loc 1 61 36 is_stmt 0 view .LVU136
 568 001e 20EE000A 		vmul.f32	s0, s0, s0
 569              	.LVL39:
  61:parameters/potentiometerparameter.cpp ****         
 570              		.loc 1 61 56 view .LVU137
 571 0022 20EE200A 		vmul.f32	s0, s0, s1
 572              	.LBE91:
 573              	.LBE98:
 574              		.loc 1 66 1 view .LVU138
 575 0026 08BD     		pop	{r3, pc}
 576              	.LVL40:
 577              	.L42:
 578              	.LBB99:
 579              	.LBB92:
  36:parameters/potentiometerparameter.cpp ****             return taperFunction(normalizedValue, 0.12);
 580              		.loc 1 36 9 is_stmt 1 view .LVU139
  37:parameters/potentiometerparameter.cpp ****         
 581              		.loc 1 37 13 view .LVU140
 582              	.LBB76:
 583              	.LBI76:
  18:parameters/potentiometerparameter.h ****     // From: https://electronics.stackexchange.com/questions/304692/formula-for-logarithmic-audio-t
ARM GAS  C:\Users\Oliver\AppData\Local\Temp\ccEzwoLp.s 			page 21


 584              		.loc 2 18 21 view .LVU141
 585              	.LBB77:
  20:parameters/potentiometerparameter.h ****     float b = c * c;
 586              		.loc 2 20 5 view .LVU142
  21:parameters/potentiometerparameter.h **** 
 587              		.loc 2 21 5 view .LVU143
  28:parameters/potentiometerparameter.h **** 
 588              		.loc 2 28 5 view .LVU144
 589              		.loc 2 30 5 view .LVU145
 590              	.LBB78:
 591              	.LBI78:
 376:C:/Program Files (x86)/Arm GNU Toolchain arm-none-eabi/14.3 rel1/arm-none-eabi/include/c++/14.3.1\cmath ****   { return __builtin_powf(__x, __y); }
 592              		.loc 3 376 3 view .LVU146
 593              	.LBB79:
 594              		.loc 3 377 5 view .LVU147
 595              		.loc 3 377 26 is_stmt 0 view .LVU148
 596 0028 9FED1D0A 		vldr.32	s0, .L49
 597              	.LVL41:
 598              		.loc 3 377 26 view .LVU149
 599 002c FFF7FEFF 		bl	powf
 600              	.LVL42:
 601              		.loc 3 377 26 view .LVU150
 602              	.LBE79:
 603              	.LBE78:
 604              		.loc 2 30 33 discriminator 1 view .LVU151
 605 0030 9FED1C7A 		vldr.32	s14, .L49+4
 606 0034 DFED1C7A 		vldr.32	s15, .L49+8
 607 0038 E0EE077A 		vfma.f32	s15, s0, s14
 608 003c B0EE670A 		vmov.f32	s0, s15
 609              	.LVL43:
 610              		.loc 2 30 33 discriminator 1 view .LVU152
 611              	.LBE77:
 612              	.LBE76:
 613              	.LBE92:
 614              	.LBE99:
 615              		.loc 1 66 1 view .LVU153
 616 0040 08BD     		pop	{r3, pc}
 617              	.LVL44:
 618              	.L41:
 619              	.LBB100:
 620              	.LBB93:
  42:parameters/potentiometerparameter.cpp ****             return taperFunction(normalizedValue, 0.25);
 621              		.loc 1 42 9 is_stmt 1 view .LVU154
  43:parameters/potentiometerparameter.cpp ****        
 622              		.loc 1 43 13 view .LVU155
 623              	.LBB80:
 624              	.LBI80:
  18:parameters/potentiometerparameter.h ****     // From: https://electronics.stackexchange.com/questions/304692/formula-for-logarithmic-audio-t
 625              		.loc 2 18 21 view .LVU156
 626              	.LBB81:
  20:parameters/potentiometerparameter.h ****     float b = c * c;
 627              		.loc 2 20 5 view .LVU157
  21:parameters/potentiometerparameter.h **** 
 628              		.loc 2 21 5 view .LVU158
  28:parameters/potentiometerparameter.h **** 
 629              		.loc 2 28 5 view .LVU159
 630              		.loc 2 30 5 view .LVU160
ARM GAS  C:\Users\Oliver\AppData\Local\Temp\ccEzwoLp.s 			page 22


 631              	.LBB82:
 632              	.LBI82:
 376:C:/Program Files (x86)/Arm GNU Toolchain arm-none-eabi/14.3 rel1/arm-none-eabi/include/c++/14.3.1\cmath ****   { return __builtin_powf(__x, __y); }
 633              		.loc 3 376 3 view .LVU161
 634              	.LBB83:
 635              		.loc 3 377 5 view .LVU162
 636              		.loc 3 377 26 is_stmt 0 view .LVU163
 637 0042 B2EE020A 		vmov.f32	s0, #9.0e+0
 638              	.LVL45:
 639              		.loc 3 377 26 view .LVU164
 640 0046 FFF7FEFF 		bl	powf
 641              	.LVL46:
 642              		.loc 3 377 26 view .LVU165
 643              	.LBE83:
 644              	.LBE82:
 645              		.loc 2 30 33 discriminator 1 view .LVU166
 646 004a B4EE007A 		vmov.f32	s14, #1.25e-1
 647 004e FCEE007A 		vmov.f32	s15, #-1.25e-1
 648 0052 E0EE077A 		vfma.f32	s15, s0, s14
 649 0056 B0EE670A 		vmov.f32	s0, s15
 650              	.LVL47:
 651              		.loc 2 30 33 discriminator 1 view .LVU167
 652              	.LBE81:
 653              	.LBE80:
 654              	.LBE93:
 655              	.LBE100:
 656              		.loc 1 66 1 view .LVU168
 657 005a 08BD     		pop	{r3, pc}
 658              	.LVL48:
 659              	.L40:
 660              	.LBB101:
 661              	.LBB94:
  39:parameters/potentiometerparameter.cpp ****             return taperFunction(normalizedValue, 0.88);
 662              		.loc 1 39 9 is_stmt 1 view .LVU169
  40:parameters/potentiometerparameter.cpp ****         
 663              		.loc 1 40 13 view .LVU170
 664              	.LBB84:
 665              	.LBI84:
  18:parameters/potentiometerparameter.h ****     // From: https://electronics.stackexchange.com/questions/304692/formula-for-logarithmic-audio-t
 666              		.loc 2 18 21 view .LVU171
 667              	.LBB85:
  20:parameters/potentiometerparameter.h ****     float b = c * c;
 668              		.loc 2 20 5 view .LVU172
  21:parameters/potentiometerparameter.h **** 
 669              		.loc 2 21 5 view .LVU173
  28:parameters/potentiometerparameter.h **** 
 670              		.loc 2 28 5 view .LVU174
 671              		.loc 2 30 5 view .LVU175
 672              	.LBB86:
 673              	.LBI86:
 376:C:/Program Files (x86)/Arm GNU Toolchain arm-none-eabi/14.3 rel1/arm-none-eabi/include/c++/14.3.1\cmath ****   { return __builtin_powf(__x, __y); }
 674              		.loc 3 376 3 view .LVU176
 675              	.LBB87:
 676              		.loc 3 377 5 view .LVU177
 677              		.loc 3 377 26 is_stmt 0 view .LVU178
 678 005c 9FED130A 		vldr.32	s0, .L49+12
 679              	.LVL49:
ARM GAS  C:\Users\Oliver\AppData\Local\Temp\ccEzwoLp.s 			page 23


 680              		.loc 3 377 26 view .LVU179
 681 0060 FFF7FEFF 		bl	powf
 682              	.LVL50:
 683              		.loc 3 377 26 view .LVU180
 684              	.LBE87:
 685              	.LBE86:
 686              		.loc 2 30 33 discriminator 1 view .LVU181
 687 0064 9FED127A 		vldr.32	s14, .L49+16
 688 0068 DFED127A 		vldr.32	s15, .L49+20
 689 006c E0EE077A 		vfma.f32	s15, s0, s14
 690 0070 B0EE670A 		vmov.f32	s0, s15
 691              	.LVL51:
 692              		.loc 2 30 33 discriminator 1 view .LVU182
 693              	.LBE85:
 694              	.LBE84:
 695              	.LBE94:
 696              	.LBE101:
 697              		.loc 1 66 1 view .LVU183
 698 0074 08BD     		pop	{r3, pc}
 699              	.LVL52:
 700              	.L39:
 701              	.LBB102:
 702              	.LBB95:
  45:parameters/potentiometerparameter.cpp ****             // W taper - dual curve for blend/crossfade controls
 703              		.loc 1 45 9 is_stmt 1 view .LVU184
  48:parameters/potentiometerparameter.cpp ****                 return 2.0f * normalizedValue * normalizedValue;
 704              		.loc 1 48 13 view .LVU185
 705              	.LBB88:
 706 0076 F6EE007A 		vmov.f32	s15, #5.0e-1
 707 007a B4EEE70A 		vcmpe.f32	s0, s15
 708 007e F1EE10FA 		vmrs	APSR_nzcv, FPSCR
 709 0082 04D5     		bpl	.L47
  49:parameters/potentiometerparameter.cpp ****             } else {
 710              		.loc 1 49 17 view .LVU186
  49:parameters/potentiometerparameter.cpp ****             } else {
 711              		.loc 1 49 29 is_stmt 0 view .LVU187
 712 0084 30EE000A 		vadd.f32	s0, s0, s0
 713              	.LVL53:
  49:parameters/potentiometerparameter.cpp ****             } else {
 714              		.loc 1 49 49 view .LVU188
 715 0088 20EE200A 		vmul.f32	s0, s0, s1
 716              	.LBE88:
 717              	.LBE95:
 718              	.LBE102:
 719              		.loc 1 66 1 view .LVU189
 720 008c 08BD     		pop	{r3, pc}
 721              	.LVL54:
 722              	.L47:
 723              	.LBB103:
 724              	.LBB96:
 725              	.LBB90:
 726              	.LBB89:
  51:parameters/potentiometerparameter.cpp ****                 return 1.0f - (2.0f * inverse * inverse);
 727              		.loc 1 51 17 is_stmt 1 view .LVU190
  51:parameters/potentiometerparameter.cpp ****                 return 1.0f - (2.0f * inverse * inverse);
 728              		.loc 1 51 23 is_stmt 0 view .LVU191
 729 008e B7EE000A 		vmov.f32	s0, #1.0e+0
ARM GAS  C:\Users\Oliver\AppData\Local\Temp\ccEzwoLp.s 			page 24


 730              	.LVL55:
  51:parameters/potentiometerparameter.cpp ****                 return 1.0f - (2.0f * inverse * inverse);
 731              		.loc 1 51 23 view .LVU192
 732 0092 70EE600A 		vsub.f32	s1, s0, s1
 733              	.LVL56:
  52:parameters/potentiometerparameter.cpp ****             }
 734              		.loc 1 52 17 is_stmt 1 view .LVU193
  52:parameters/potentiometerparameter.cpp ****             }
 735              		.loc 1 52 37 is_stmt 0 view .LVU194
 736 0096 70EEA07A 		vadd.f32	s15, s1, s1
  52:parameters/potentiometerparameter.cpp ****             }
 737              		.loc 1 52 56 view .LVU195
 738 009a A7EEE00A 		vfms.f32	s0, s15, s1
 739              	.LBE89:
 740              	.LBE90:
 741              	.LBE96:
 742              	.LBE103:
 743              		.loc 1 66 1 view .LVU196
 744 009e 08BD     		pop	{r3, pc}
 745              	.L50:
 746              		.align	2
 747              	.L49:
 748 00a0 721C5742 		.word	1113005170
 749 00a4 83379B3C 		.word	1016805251
 750 00a8 83379BBC 		.word	-1130678397
 751 00ac A154983C 		.word	1016616097
 752 00b0 DE6C82BF 		.word	-1081971490
 753 00b4 DE6C823F 		.word	1065512158
 754              		.cfi_endproc
 755              	.LFE4487:
 757              		.global	_ZTVN11perspective22PotentiometerParameterE
 758              		.section	.rodata._ZTVN11perspective22PotentiometerParameterE,"a"
 759              		.align	2
 762              	_ZTVN11perspective22PotentiometerParameterE:
 763 0000 00000000 		.word	0
 764 0004 00000000 		.word	0
 765 0008 00000000 		.word	_ZN11perspective22PotentiometerParameterD1Ev
 766 000c 00000000 		.word	_ZN11perspective22PotentiometerParameterD0Ev
 767 0010 00000000 		.word	_ZNK11perspective22PotentiometerParameter7GetTypeEv
 768 0014 00000000 		.word	_ZNK11perspective15EffectParameter16GetValueAsStringEPcj
 769 0018 00000000 		.word	_ZN11perspective15EffectParameter8SetValueEf
 770              		.text
 771              	.Letext0:
 772              		.file 4 "C:/Program Files (x86)/Arm GNU Toolchain arm-none-eabi/14.3 rel1/arm-none-eabi/include/ma
 773              		.file 5 "C:/Program Files (x86)/Arm GNU Toolchain arm-none-eabi/14.3 rel1/arm-none-eabi/include/sy
 774              		.file 6 "C:/Program Files (x86)/Arm GNU Toolchain arm-none-eabi/14.3 rel1/arm-none-eabi/include/st
 775              		.file 7 "C:/Program Files (x86)/Arm GNU Toolchain arm-none-eabi/14.3 rel1/lib/gcc/arm-none-eabi/14
 776              		.file 8 "C:/Program Files (x86)/Arm GNU Toolchain arm-none-eabi/14.3 rel1/arm-none-eabi/include/c+
 777              		.file 9 "C:/Program Files (x86)/Arm GNU Toolchain arm-none-eabi/14.3 rel1/arm-none-eabi/include/c+
 778              		.file 10 "C:/Program Files (x86)/Arm GNU Toolchain arm-none-eabi/14.3 rel1/arm-none-eabi/include/c
 779              		.file 11 "C:/Program Files (x86)/Arm GNU Toolchain arm-none-eabi/14.3 rel1/arm-none-eabi/include/c
 780              		.file 12 "C:/Program Files (x86)/Arm GNU Toolchain arm-none-eabi/14.3 rel1/arm-none-eabi/include/c
 781              		.file 13 "C:/Program Files (x86)/Arm GNU Toolchain arm-none-eabi/14.3 rel1/arm-none-eabi/include/c
 782              		.file 14 "C:/Program Files (x86)/Arm GNU Toolchain arm-none-eabi/14.3 rel1/arm-none-eabi/include/c
 783              		.file 15 "C:/Program Files (x86)/Arm GNU Toolchain arm-none-eabi/14.3 rel1/arm-none-eabi/include/c
 784              		.file 16 "C:/Program Files (x86)/Arm GNU Toolchain arm-none-eabi/14.3 rel1/arm-none-eabi/include/c
 785              		.file 17 "C:/Program Files (x86)/Arm GNU Toolchain arm-none-eabi/14.3 rel1/arm-none-eabi/include/c
ARM GAS  C:\Users\Oliver\AppData\Local\Temp\ccEzwoLp.s 			page 25


 786              		.file 18 "C:/Program Files (x86)/Arm GNU Toolchain arm-none-eabi/14.3 rel1/arm-none-eabi/include/c
 787              		.file 19 "C:/Program Files (x86)/Arm GNU Toolchain arm-none-eabi/14.3 rel1/arm-none-eabi/include/c
 788              		.file 20 "C:/Program Files (x86)/Arm GNU Toolchain arm-none-eabi/14.3 rel1/arm-none-eabi/include/c
 789              		.file 21 "C:/Program Files (x86)/Arm GNU Toolchain arm-none-eabi/14.3 rel1/arm-none-eabi/include/c
 790              		.file 22 "C:/Program Files (x86)/Arm GNU Toolchain arm-none-eabi/14.3 rel1/arm-none-eabi/include/c
 791              		.file 23 "C:/Program Files (x86)/Arm GNU Toolchain arm-none-eabi/14.3 rel1/arm-none-eabi/include/c
 792              		.file 24 "C:/Program Files (x86)/Arm GNU Toolchain arm-none-eabi/14.3 rel1/arm-none-eabi/include/c
 793              		.file 25 "C:/Program Files (x86)/Arm GNU Toolchain arm-none-eabi/14.3 rel1/arm-none-eabi/include/s
 794              		.file 26 "C:/Program Files (x86)/Arm GNU Toolchain arm-none-eabi/14.3 rel1/arm-none-eabi/include/s
 795              		.file 27 "C:/Program Files (x86)/Arm GNU Toolchain arm-none-eabi/14.3 rel1/arm-none-eabi/include/s
 796              		.file 28 "C:/Program Files (x86)/Arm GNU Toolchain arm-none-eabi/14.3 rel1/arm-none-eabi/include/m
 797              		.file 29 "C:/Program Files (x86)/Arm GNU Toolchain arm-none-eabi/14.3 rel1/arm-none-eabi/include/s
 798              		.file 30 "C:/Program Files (x86)/Arm GNU Toolchain arm-none-eabi/14.3 rel1/arm-none-eabi/include/c
 799              		.file 31 "C:/Program Files (x86)/Arm GNU Toolchain arm-none-eabi/14.3 rel1/arm-none-eabi/include/c
 800              		.file 32 "C:/Program Files (x86)/Arm GNU Toolchain arm-none-eabi/14.3 rel1/arm-none-eabi/include/c
 801              		.file 33 "dependencies/libDaisy/src/daisy_core.h"
 802              		.file 34 "dependencies/libDaisy/src/dev/max11300.h"
 803              		.file 35 "dependencies/libDaisy/src/dev/sr_595.h"
 804              		.file 36 "dependencies/libDaisy/src/util/wav_format.h"
 805              		.file 37 "dependencies/libDaisy/src/daisy_seed.h"
 806              		.file 38 "C:/Program Files (x86)/Arm GNU Toolchain arm-none-eabi/14.3 rel1/arm-none-eabi/include/c
 807              		.file 39 "C:/Program Files (x86)/Arm GNU Toolchain arm-none-eabi/14.3 rel1/lib/gcc/arm-none-eabi/1
 808              		.file 40 "C:/Program Files (x86)/Arm GNU Toolchain arm-none-eabi/14.3 rel1/arm-none-eabi/include/s
 809              		.file 41 "C:/Program Files (x86)/Arm GNU Toolchain arm-none-eabi/14.3 rel1/arm-none-eabi/include/s
 810              		.file 42 "C:/Program Files (x86)/Arm GNU Toolchain arm-none-eabi/14.3 rel1/arm-none-eabi/include/w
 811              		.file 43 "dependencies/libDaisy/Middlewares/Third_Party/FatFs/src/integer.h"
 812              		.file 44 "dependencies/libDaisy/Middlewares/Third_Party/FatFs/src/ff.h"
 813              		.file 45 "parameters/effectparameter.h"
 814              		.file 46 "parameters/../controls.h"
 815              		.file 47 "C:/Program Files (x86)/Arm GNU Toolchain arm-none-eabi/14.3 rel1/arm-none-eabi/include/c
 816              		.file 48 "C:/Program Files (x86)/Arm GNU Toolchain arm-none-eabi/14.3 rel1/arm-none-eabi/include/c
 817              		.file 49 "<built-in>"
ARM GAS  C:\Users\Oliver\AppData\Local\Temp\ccEzwoLp.s 			page 26


DEFINED SYMBOLS
                            *ABS*:00000000 potentiometerparameter.cpp
C:\Users\Oliver\AppData\Local\Temp\ccEzwoLp.s:20     .text._ZNK11perspective22PotentiometerParameter7GetTypeEv:00000000 $t
C:\Users\Oliver\AppData\Local\Temp\ccEzwoLp.s:27     .text._ZNK11perspective22PotentiometerParameter7GetTypeEv:00000000 _ZNK11perspective22PotentiometerParameter7GetTypeEv
C:\Users\Oliver\AppData\Local\Temp\ccEzwoLp.s:45     .text._ZN11perspective22PotentiometerParameterD2Ev:00000000 $t
C:\Users\Oliver\AppData\Local\Temp\ccEzwoLp.s:52     .text._ZN11perspective22PotentiometerParameterD2Ev:00000000 _ZN11perspective22PotentiometerParameterD2Ev
C:\Users\Oliver\AppData\Local\Temp\ccEzwoLp.s:85     .text._ZN11perspective22PotentiometerParameterD2Ev:00000010 $d
C:\Users\Oliver\AppData\Local\Temp\ccEzwoLp.s:762    .rodata._ZTVN11perspective22PotentiometerParameterE:00000000 _ZTVN11perspective22PotentiometerParameterE
C:\Users\Oliver\AppData\Local\Temp\ccEzwoLp.s:52     .text._ZN11perspective22PotentiometerParameterD2Ev:00000000 _ZN11perspective22PotentiometerParameterD1Ev
C:\Users\Oliver\AppData\Local\Temp\ccEzwoLp.s:92     .text._ZN11perspective22PotentiometerParameterD0Ev:00000000 $t
C:\Users\Oliver\AppData\Local\Temp\ccEzwoLp.s:99     .text._ZN11perspective22PotentiometerParameterD0Ev:00000000 _ZN11perspective22PotentiometerParameterD0Ev
C:\Users\Oliver\AppData\Local\Temp\ccEzwoLp.s:145    .text._ZN11perspective22PotentiometerParameterD0Ev:00000018 $d
C:\Users\Oliver\AppData\Local\Temp\ccEzwoLp.s:150    .text._ZN11perspective22PotentiometerParameterC2EPKcfffNS_8PotCurveEii:00000000 $t
C:\Users\Oliver\AppData\Local\Temp\ccEzwoLp.s:157    .text._ZN11perspective22PotentiometerParameterC2EPKcfffNS_8PotCurveEii:00000000 _ZN11perspective22PotentiometerParameterC2EPKcfffNS_8PotCurveEii
C:\Users\Oliver\AppData\Local\Temp\ccEzwoLp.s:206    .text._ZN11perspective22PotentiometerParameterC2EPKcfffNS_8PotCurveEii:00000018 $d
C:\Users\Oliver\AppData\Local\Temp\ccEzwoLp.s:157    .text._ZN11perspective22PotentiometerParameterC2EPKcfffNS_8PotCurveEii:00000000 _ZN11perspective22PotentiometerParameterC1EPKcfffNS_8PotCurveEii
C:\Users\Oliver\AppData\Local\Temp\ccEzwoLp.s:213    .text._ZN11perspective22PotentiometerParameter8SetCurveENS_8PotCurveE:00000000 $t
C:\Users\Oliver\AppData\Local\Temp\ccEzwoLp.s:220    .text._ZN11perspective22PotentiometerParameter8SetCurveENS_8PotCurveE:00000000 _ZN11perspective22PotentiometerParameter8SetCurveENS_8PotCurveE
C:\Users\Oliver\AppData\Local\Temp\ccEzwoLp.s:237    .text._ZNK11perspective22PotentiometerParameter8GetCurveEv:00000000 $t
C:\Users\Oliver\AppData\Local\Temp\ccEzwoLp.s:244    .text._ZNK11perspective22PotentiometerParameter8GetCurveEv:00000000 _ZNK11perspective22PotentiometerParameter8GetCurveEv
C:\Users\Oliver\AppData\Local\Temp\ccEzwoLp.s:262    .text._ZN11perspective22PotentiometerParameter27SetNormalizedValueWithCurveEf:00000000 $t
C:\Users\Oliver\AppData\Local\Temp\ccEzwoLp.s:269    .text._ZN11perspective22PotentiometerParameter27SetNormalizedValueWithCurveEf:00000000 _ZN11perspective22PotentiometerParameter27SetNormalizedValueWithCurveEf
C:\Users\Oliver\AppData\Local\Temp\ccEzwoLp.s:308    .text._ZN11perspective22PotentiometerParameter27SetNormalizedValueWithCurveEf:00000014 $d
C:\Users\Oliver\AppData\Local\Temp\ccEzwoLp.s:314    .text._ZN11perspective22PotentiometerParameter27SetNormalizedValueWithCurveEf:0000001a $t
C:\Users\Oliver\AppData\Local\Temp\ccEzwoLp.s:493    .text._ZN11perspective22PotentiometerParameter27SetNormalizedValueWithCurveEf:000000b0 $d
C:\Users\Oliver\AppData\Local\Temp\ccEzwoLp.s:508    .text._ZN11perspective22PotentiometerParameter10ApplyCurveEf:00000000 $t
C:\Users\Oliver\AppData\Local\Temp\ccEzwoLp.s:515    .text._ZN11perspective22PotentiometerParameter10ApplyCurveEf:00000000 _ZN11perspective22PotentiometerParameter10ApplyCurveEf
C:\Users\Oliver\AppData\Local\Temp\ccEzwoLp.s:541    .text._ZN11perspective22PotentiometerParameter10ApplyCurveEf:00000012 $d
C:\Users\Oliver\AppData\Local\Temp\ccEzwoLp.s:547    .text._ZN11perspective22PotentiometerParameter10ApplyCurveEf:00000018 $t
C:\Users\Oliver\AppData\Local\Temp\ccEzwoLp.s:748    .text._ZN11perspective22PotentiometerParameter10ApplyCurveEf:000000a0 $d
C:\Users\Oliver\AppData\Local\Temp\ccEzwoLp.s:759    .rodata._ZTVN11perspective22PotentiometerParameterE:00000000 $d

UNDEFINED SYMBOLS
_ZN11perspective15EffectParameterD2Ev
_ZdlPvj
_ZN11perspective15EffectParameterC2EPKcfffii
powf
_ZNK11perspective15EffectParameter16GetValueAsStringEPcj
_ZN11perspective15EffectParameter8SetValueEf
