ARM GAS  C:\Users\Oliver\AppData\Local\Temp\cc4VwjOw.s 			page 1


   1              		.cpu cortex-m7
   2              		.arch armv7e-m
   3              		.fpu fpv5-d16
   4              		.eabi_attribute 28, 1
   5              		.eabi_attribute 20, 1
   6              		.eabi_attribute 21, 1
   7              		.eabi_attribute 23, 3
   8              		.eabi_attribute 24, 1
   9              		.eabi_attribute 25, 1
  10              		.eabi_attribute 26, 1
  11              		.eabi_attribute 30, 2
  12              		.eabi_attribute 34, 1
  13              		.eabi_attribute 18, 4
  14              		.file	"slapbackdelayeffect.cpp"
  15              		.text
  16              	.Ltext0:
  17              		.cfi_sections	.debug_frame
  18              		.file 1 "effects/slapbackdelayeffect.cpp"
  19              		.section	.text._ZN7daisysp9DelayLineIfLj48000EED2Ev,"axG",%progbits,_ZN7daisysp9DelayLineIfLj48000
  20              		.align	1
  21              		.p2align 2,,3
  22              		.weak	_ZN7daisysp9DelayLineIfLj48000EED2Ev
  23              		.syntax unified
  24              		.thumb
  25              		.thumb_func
  27              	_ZN7daisysp9DelayLineIfLj48000EED2Ev:
  28              	.LVL0:
  29              	.LFB7711:
  30              		.file 2 "dependencies/DaisySP/Source/Utility/delayline.h"
   1:dependencies/DaisySP/Source/Utility/delayline.h **** /*
   2:dependencies/DaisySP/Source/Utility/delayline.h **** Copyright (c) 2020 Electrosmith, Corp
   3:dependencies/DaisySP/Source/Utility/delayline.h **** 
   4:dependencies/DaisySP/Source/Utility/delayline.h **** Use of this source code is governed by an MIT-style
   5:dependencies/DaisySP/Source/Utility/delayline.h **** license that can be found in the LICENSE file or at
   6:dependencies/DaisySP/Source/Utility/delayline.h **** https://opensource.org/licenses/MIT.
   7:dependencies/DaisySP/Source/Utility/delayline.h **** */
   8:dependencies/DaisySP/Source/Utility/delayline.h **** 
   9:dependencies/DaisySP/Source/Utility/delayline.h **** #pragma once
  10:dependencies/DaisySP/Source/Utility/delayline.h **** #ifndef DSY_DELAY_H
  11:dependencies/DaisySP/Source/Utility/delayline.h **** #define DSY_DELAY_H
  12:dependencies/DaisySP/Source/Utility/delayline.h **** #include <stdlib.h>
  13:dependencies/DaisySP/Source/Utility/delayline.h **** #include <stdint.h>
  14:dependencies/DaisySP/Source/Utility/delayline.h **** namespace daisysp
  15:dependencies/DaisySP/Source/Utility/delayline.h **** {
  16:dependencies/DaisySP/Source/Utility/delayline.h **** /** Simple Delay line.
  17:dependencies/DaisySP/Source/Utility/delayline.h **** November 2019
  18:dependencies/DaisySP/Source/Utility/delayline.h **** 
  19:dependencies/DaisySP/Source/Utility/delayline.h **** Converted to Template December 2019
  20:dependencies/DaisySP/Source/Utility/delayline.h **** 
  21:dependencies/DaisySP/Source/Utility/delayline.h **** declaration example: (1 second of floats)
  22:dependencies/DaisySP/Source/Utility/delayline.h **** 
  23:dependencies/DaisySP/Source/Utility/delayline.h **** DelayLine<float, SAMPLE_RATE> del;
  24:dependencies/DaisySP/Source/Utility/delayline.h **** 
  25:dependencies/DaisySP/Source/Utility/delayline.h **** By: shensley
  26:dependencies/DaisySP/Source/Utility/delayline.h **** */
  27:dependencies/DaisySP/Source/Utility/delayline.h **** template <typename T, size_t max_size>
  28:dependencies/DaisySP/Source/Utility/delayline.h **** class DelayLine
ARM GAS  C:\Users\Oliver\AppData\Local\Temp\cc4VwjOw.s 			page 2


  29:dependencies/DaisySP/Source/Utility/delayline.h **** {
  30:dependencies/DaisySP/Source/Utility/delayline.h ****   public:
  31:dependencies/DaisySP/Source/Utility/delayline.h ****     DelayLine() {}
  32:dependencies/DaisySP/Source/Utility/delayline.h ****     ~DelayLine() {}
  31              		.loc 2 32 5 view -0
  32              		.cfi_startproc
  33              		@ args = 0, pretend = 0, frame = 0
  34              		@ frame_needed = 0, uses_anonymous_args = 0
  35              		@ link register save eliminated.
  36              		.loc 2 32 19 is_stmt 0 view .LVU1
  37 0000 7047     		bx	lr
  38              		.cfi_endproc
  39              	.LFE7711:
  41              		.weak	_ZN7daisysp9DelayLineIfLj48000EED1Ev
  42              		.thumb_set _ZN7daisysp9DelayLineIfLj48000EED1Ev,_ZN7daisysp9DelayLineIfLj48000EED2Ev
  43 0002 00BF     		.section	.text._ZN11perspective19SlapbackDelayEffectD2Ev,"ax",%progbits
  44              		.align	1
  45              		.p2align 2,,3
  46              		.global	_ZN11perspective19SlapbackDelayEffectD2Ev
  47              		.syntax unified
  48              		.thumb
  49              		.thumb_func
  51              	_ZN11perspective19SlapbackDelayEffectD2Ev:
  52              	.LVL1:
  53              	.LFB6888:
   1:effects/slapbackdelayeffect.cpp **** #include "slapbackdelayeffect.h"
   2:effects/slapbackdelayeffect.cpp **** #include "../controls.h"
   3:effects/slapbackdelayeffect.cpp **** #include "../parameters/potentiometerparameter.h"
   4:effects/slapbackdelayeffect.cpp **** #include "../parameters/encoderparameter.h"
   5:effects/slapbackdelayeffect.cpp **** #include <cmath>
   6:effects/slapbackdelayeffect.cpp **** 
   7:effects/slapbackdelayeffect.cpp **** using namespace perspective;
   8:effects/slapbackdelayeffect.cpp **** using namespace daisysp;
   9:effects/slapbackdelayeffect.cpp **** 
  10:effects/slapbackdelayeffect.cpp **** constexpr size_t MAX_DELAY = 48000; // 1 second max delay at 48kHz
  11:effects/slapbackdelayeffect.cpp **** static DelayLine<float, MAX_DELAY> DSY_SDRAM_BSS slapbackDelayL_;
  12:effects/slapbackdelayeffect.cpp **** static DelayLine<float, MAX_DELAY> DSY_SDRAM_BSS slapbackDelayR_;
  13:effects/slapbackdelayeffect.cpp **** 
  14:effects/slapbackdelayeffect.cpp **** // Epsilon for delay time comparison (0.5 samples is imperceptible)
  15:effects/slapbackdelayeffect.cpp **** static constexpr float DELAY_EPSILON = 0.5f;
  16:effects/slapbackdelayeffect.cpp **** 
  17:effects/slapbackdelayeffect.cpp **** SlapbackDelayEffect::SlapbackDelayEffect() 
  18:effects/slapbackdelayeffect.cpp ****     : Effect("Slapback") {
  19:effects/slapbackdelayeffect.cpp **** }
  20:effects/slapbackdelayeffect.cpp **** 
  21:effects/slapbackdelayeffect.cpp **** SlapbackDelayEffect::~SlapbackDelayEffect() {
  54              		.loc 1 21 1 is_stmt 1 view -0
  55              		.cfi_startproc
  56              		@ args = 0, pretend = 0, frame = 0
  57              		@ frame_needed = 0, uses_anonymous_args = 0
  58              	.LBB173:
  59              		.loc 1 21 43 is_stmt 0 view .LVU3
  60 0000 034B     		ldr	r3, .L5
  61              	.LBE173:
  62              		.loc 1 21 1 view .LVU4
  63 0002 10B5     		push	{r4, lr}
  64              		.cfi_def_cfa_offset 8
ARM GAS  C:\Users\Oliver\AppData\Local\Temp\cc4VwjOw.s 			page 3


  65              		.cfi_offset 4, -8
  66              		.cfi_offset 14, -4
  67              		.loc 1 21 1 view .LVU5
  68 0004 0446     		mov	r4, r0
  69              	.LBB174:
  70              		.loc 1 21 43 view .LVU6
  71 0006 0360     		str	r3, [r0]
  22:effects/slapbackdelayeffect.cpp **** }
  72              		.loc 1 22 1 view .LVU7
  73 0008 FFF7FEFF 		bl	_ZN11perspective6EffectD2Ev
  74              	.LVL2:
  75              		.loc 1 22 1 view .LVU8
  76              	.LBE174:
  77 000c 2046     		mov	r0, r4
  78 000e 10BD     		pop	{r4, pc}
  79              	.LVL3:
  80              	.L6:
  81              		.loc 1 22 1 view .LVU9
  82              		.align	2
  83              	.L5:
  84 0010 08000000 		.word	_ZTVN11perspective19SlapbackDelayEffectE+8
  85              		.cfi_endproc
  86              	.LFE6888:
  88              		.global	_ZN11perspective19SlapbackDelayEffectD1Ev
  89              		.thumb_set _ZN11perspective19SlapbackDelayEffectD1Ev,_ZN11perspective19SlapbackDelayEffectD2Ev
  90              		.section	.text._ZN11perspective19SlapbackDelayEffectD0Ev,"ax",%progbits
  91              		.align	1
  92              		.p2align 2,,3
  93              		.global	_ZN11perspective19SlapbackDelayEffectD0Ev
  94              		.syntax unified
  95              		.thumb
  96              		.thumb_func
  98              	_ZN11perspective19SlapbackDelayEffectD0Ev:
  99              	.LVL4:
 100              	.LFB6890:
  21:effects/slapbackdelayeffect.cpp **** }
 101              		.loc 1 21 1 is_stmt 1 view -0
 102              		.cfi_startproc
 103              		@ args = 0, pretend = 0, frame = 0
 104              		@ frame_needed = 0, uses_anonymous_args = 0
 105              	.LBB175:
 106              	.LBB176:
  21:effects/slapbackdelayeffect.cpp **** }
 107              		.loc 1 21 43 is_stmt 0 view .LVU11
 108 0000 054B     		ldr	r3, .L9
 109              	.LBE176:
 110              	.LBE175:
  21:effects/slapbackdelayeffect.cpp **** }
 111              		.loc 1 21 1 view .LVU12
 112 0002 10B5     		push	{r4, lr}
 113              		.cfi_def_cfa_offset 8
 114              		.cfi_offset 4, -8
 115              		.cfi_offset 14, -4
  21:effects/slapbackdelayeffect.cpp **** }
 116              		.loc 1 21 1 view .LVU13
 117 0004 0446     		mov	r4, r0
 118              	.LVL5:
ARM GAS  C:\Users\Oliver\AppData\Local\Temp\cc4VwjOw.s 			page 4


 119              	.LBB178:
 120              	.LBI175:
  21:effects/slapbackdelayeffect.cpp **** }
 121              		.loc 1 21 1 is_stmt 1 view .LVU14
 122              	.LBB177:
  21:effects/slapbackdelayeffect.cpp **** }
 123              		.loc 1 21 43 is_stmt 0 view .LVU15
 124 0006 0360     		str	r3, [r0]
 125              		.loc 1 22 1 view .LVU16
 126 0008 FFF7FEFF 		bl	_ZN11perspective6EffectD2Ev
 127              	.LVL6:
 128              		.loc 1 22 1 view .LVU17
 129              	.LBE177:
 130              	.LBE178:
 131              		.loc 1 22 1 discriminator 1 view .LVU18
 132 000c 3821     		movs	r1, #56
 133 000e 2046     		mov	r0, r4
 134 0010 FFF7FEFF 		bl	_ZdlPvj
 135              	.LVL7:
 136              		.loc 1 22 1 view .LVU19
 137 0014 2046     		mov	r0, r4
 138 0016 10BD     		pop	{r4, pc}
 139              	.LVL8:
 140              	.L10:
 141              		.loc 1 22 1 view .LVU20
 142              		.align	2
 143              	.L9:
 144 0018 08000000 		.word	_ZTVN11perspective19SlapbackDelayEffectE+8
 145              		.cfi_endproc
 146              	.LFE6890:
 148              		.section	.text._ZN11perspective19SlapbackDelayEffect6UpdateEv,"ax",%progbits
 149              		.align	1
 150              		.p2align 2,,3
 151              		.global	_ZN11perspective19SlapbackDelayEffect6UpdateEv
 152              		.syntax unified
 153              		.thumb
 154              		.thumb_func
 156              	_ZN11perspective19SlapbackDelayEffect6UpdateEv:
 157              	.LVL9:
 158              	.LFB6894:
  23:effects/slapbackdelayeffect.cpp **** 
  24:effects/slapbackdelayeffect.cpp **** void SlapbackDelayEffect::Init(float sampleRate) {
  25:effects/slapbackdelayeffect.cpp ****     sampleRate_ = sampleRate;
  26:effects/slapbackdelayeffect.cpp ****     
  27:effects/slapbackdelayeffect.cpp ****     // Initialize delay lines for stereo
  28:effects/slapbackdelayeffect.cpp ****     slapbackDelayL_.Init();
  29:effects/slapbackdelayeffect.cpp ****     slapbackDelayR_.Init();
  30:effects/slapbackdelayeffect.cpp ****     
  31:effects/slapbackdelayeffect.cpp ****     // Add parameters: Mix, Feedback, Time
  32:effects/slapbackdelayeffect.cpp ****     // Mix: 0-100%
  33:effects/slapbackdelayeffect.cpp ****     AddParameter(new PotentiometerParameter("K1 Mix", 0.0f, 1.0f, 0.50f, PotCurve::LIN, KNOB_1_IDX)
  34:effects/slapbackdelayeffect.cpp ****     parameters_.back()->SetDisplayType(DisplayType::SCALED);
  35:effects/slapbackdelayeffect.cpp ****     parameters_.back()->SetScaleFactor(100.0f);
  36:effects/slapbackdelayeffect.cpp ****     
  37:effects/slapbackdelayeffect.cpp ****     // Feedback: 0-70% (slapback typically has minimal feedback)
  38:effects/slapbackdelayeffect.cpp ****     AddParameter(new PotentiometerParameter("K2 Feedback", 0.0f, 0.70f, 0.25f, PotCurve::LIN, KNOB_
  39:effects/slapbackdelayeffect.cpp ****     parameters_.back()->SetDisplayType(DisplayType::SCALED);
ARM GAS  C:\Users\Oliver\AppData\Local\Temp\cc4VwjOw.s 			page 5


  40:effects/slapbackdelayeffect.cpp ****     parameters_.back()->SetScaleFactor(100.0f);
  41:effects/slapbackdelayeffect.cpp ****     
  42:effects/slapbackdelayeffect.cpp ****     // Time: 50-300ms (typical slapback range)
  43:effects/slapbackdelayeffect.cpp ****     AddParameter(new EncoderParameter("E1 Time", 10.0f, 200.0f, 50.0f, 1.0f, ENCODER_1_IDX));
  44:effects/slapbackdelayeffect.cpp ****     parameters_.back()->SetDisplayType(DisplayType::SCALED);
  45:effects/slapbackdelayeffect.cpp ****     parameters_.back()->SetScaleFactor(1.0f);
  46:effects/slapbackdelayeffect.cpp ****     
  47:effects/slapbackdelayeffect.cpp ****     Update();
  48:effects/slapbackdelayeffect.cpp **** }
  49:effects/slapbackdelayeffect.cpp **** 
  50:effects/slapbackdelayeffect.cpp **** void SlapbackDelayEffect::Process(float* in, float* out, size_t size) {
  51:effects/slapbackdelayeffect.cpp ****     if (!enabled_) {
  52:effects/slapbackdelayeffect.cpp ****         // Bypass - pass through dry signal
  53:effects/slapbackdelayeffect.cpp ****         for (size_t i = 0; i < size; i++) {
  54:effects/slapbackdelayeffect.cpp ****             out[i] = in[i];
  55:effects/slapbackdelayeffect.cpp ****         }
  56:effects/slapbackdelayeffect.cpp ****         return;
  57:effects/slapbackdelayeffect.cpp ****     }
  58:effects/slapbackdelayeffect.cpp ****     
  59:effects/slapbackdelayeffect.cpp ****     // Get parameters
  60:effects/slapbackdelayeffect.cpp ****     float mix = parameters_.size() > 0 ? parameters_[0]->GetValue() : 0.5f;
  61:effects/slapbackdelayeffect.cpp ****     float feedback = parameters_.size() > 1 ? parameters_[1]->GetValue() : 0.25f;
  62:effects/slapbackdelayeffect.cpp ****     
  63:effects/slapbackdelayeffect.cpp ****     // Process with wet/dry blend
  64:effects/slapbackdelayeffect.cpp ****     for (size_t i = 0; i < size; i++) {
  65:effects/slapbackdelayeffect.cpp ****         float delayed = slapbackDelayL_.Read();
  66:effects/slapbackdelayeffect.cpp ****         slapbackDelayL_.Write(in[i] + delayed * feedback);
  67:effects/slapbackdelayeffect.cpp ****         
  68:effects/slapbackdelayeffect.cpp ****         out[i] = wetOnly_ ? (delayed * mix) : (in[i] + delayed * mix);
  69:effects/slapbackdelayeffect.cpp ****     }
  70:effects/slapbackdelayeffect.cpp **** }
  71:effects/slapbackdelayeffect.cpp **** 
  72:effects/slapbackdelayeffect.cpp **** void SlapbackDelayEffect::ProcessStereo(float* inL, float* inR, float* outL, float* outR, size_t si
  73:effects/slapbackdelayeffect.cpp ****     if (!enabled_) {
  74:effects/slapbackdelayeffect.cpp ****         // Bypass - pass through dry signal
  75:effects/slapbackdelayeffect.cpp ****         for (size_t i = 0; i < size; i++) {
  76:effects/slapbackdelayeffect.cpp ****             outL[i] = inL[i];
  77:effects/slapbackdelayeffect.cpp ****             outR[i] = inR[i];
  78:effects/slapbackdelayeffect.cpp ****         }
  79:effects/slapbackdelayeffect.cpp ****         return;
  80:effects/slapbackdelayeffect.cpp ****     }
  81:effects/slapbackdelayeffect.cpp ****     
  82:effects/slapbackdelayeffect.cpp ****     // Get parameters
  83:effects/slapbackdelayeffect.cpp ****     float mix = parameters_.size() > 0 ? parameters_[0]->GetValue() : 0.5f;
  84:effects/slapbackdelayeffect.cpp ****     float feedback = parameters_.size() > 1 ? parameters_[1]->GetValue() : 0.25f;
  85:effects/slapbackdelayeffect.cpp ****     
  86:effects/slapbackdelayeffect.cpp ****     // Process stereo signal with independent delays
  87:effects/slapbackdelayeffect.cpp ****     for (size_t i = 0; i < size; i++) {
  88:effects/slapbackdelayeffect.cpp ****         float delayedL = slapbackDelayL_.Read();
  89:effects/slapbackdelayeffect.cpp ****         float delayedR = slapbackDelayR_.Read();
  90:effects/slapbackdelayeffect.cpp ****         
  91:effects/slapbackdelayeffect.cpp ****         slapbackDelayL_.Write(inL[i] + delayedL * feedback);
  92:effects/slapbackdelayeffect.cpp ****         slapbackDelayR_.Write(inR[i] + delayedR * feedback);
  93:effects/slapbackdelayeffect.cpp ****         
  94:effects/slapbackdelayeffect.cpp ****         outL[i] = wetOnly_ ? (delayedL * mix) : (inL[i] + delayedL * mix);
  95:effects/slapbackdelayeffect.cpp ****         outR[i] = wetOnly_ ? (delayedR * mix) : (inR[i] + delayedR * mix);
  96:effects/slapbackdelayeffect.cpp ****     }
ARM GAS  C:\Users\Oliver\AppData\Local\Temp\cc4VwjOw.s 			page 6


  97:effects/slapbackdelayeffect.cpp **** }
  98:effects/slapbackdelayeffect.cpp **** 
  99:effects/slapbackdelayeffect.cpp **** void SlapbackDelayEffect::Update() {
 159              		.loc 1 99 36 is_stmt 1 view -0
 160              		.cfi_startproc
 161              		@ args = 0, pretend = 0, frame = 0
 162              		@ frame_needed = 0, uses_anonymous_args = 0
 100:effects/slapbackdelayeffect.cpp ****     // Update delay parameters from effect parameters
 101:effects/slapbackdelayeffect.cpp ****     if (parameters_.size() >= 3) {
 163              		.loc 1 101 5 view .LVU22
 164              	.LBB189:
 165              	.LBB190:
 166              	.LBI190:
 167              		.file 3 "C:/Program Files (x86)/Arm GNU Toolchain arm-none-eabi/14.3 rel1/arm-none-eabi/include/c+
   1:C:/Program Files (x86)/Arm GNU Toolchain arm-none-eabi/14.3 rel1/arm-none-eabi/include/c++/14.3.1/bits\stl_vector.h **** // Vector implementation -*- C++ -*-
   2:C:/Program Files (x86)/Arm GNU Toolchain arm-none-eabi/14.3 rel1/arm-none-eabi/include/c++/14.3.1/bits\stl_vector.h **** 
   3:C:/Program Files (x86)/Arm GNU Toolchain arm-none-eabi/14.3 rel1/arm-none-eabi/include/c++/14.3.1/bits\stl_vector.h **** // Copyright (C) 2001-2024 Free Software Foundation, Inc.
   4:C:/Program Files (x86)/Arm GNU Toolchain arm-none-eabi/14.3 rel1/arm-none-eabi/include/c++/14.3.1/bits\stl_vector.h **** //
   5:C:/Program Files (x86)/Arm GNU Toolchain arm-none-eabi/14.3 rel1/arm-none-eabi/include/c++/14.3.1/bits\stl_vector.h **** // This file is part of the GNU ISO C++ Library.  This library is free
   6:C:/Program Files (x86)/Arm GNU Toolchain arm-none-eabi/14.3 rel1/arm-none-eabi/include/c++/14.3.1/bits\stl_vector.h **** // software; you can redistribute it and/or modify it under the
   7:C:/Program Files (x86)/Arm GNU Toolchain arm-none-eabi/14.3 rel1/arm-none-eabi/include/c++/14.3.1/bits\stl_vector.h **** // terms of the GNU General Public License as published by the
   8:C:/Program Files (x86)/Arm GNU Toolchain arm-none-eabi/14.3 rel1/arm-none-eabi/include/c++/14.3.1/bits\stl_vector.h **** // Free Software Foundation; either version 3, or (at your option)
   9:C:/Program Files (x86)/Arm GNU Toolchain arm-none-eabi/14.3 rel1/arm-none-eabi/include/c++/14.3.1/bits\stl_vector.h **** // any later version.
  10:C:/Program Files (x86)/Arm GNU Toolchain arm-none-eabi/14.3 rel1/arm-none-eabi/include/c++/14.3.1/bits\stl_vector.h **** 
  11:C:/Program Files (x86)/Arm GNU Toolchain arm-none-eabi/14.3 rel1/arm-none-eabi/include/c++/14.3.1/bits\stl_vector.h **** // This library is distributed in the hope that it will be useful,
  12:C:/Program Files (x86)/Arm GNU Toolchain arm-none-eabi/14.3 rel1/arm-none-eabi/include/c++/14.3.1/bits\stl_vector.h **** // but WITHOUT ANY WARRANTY; without even the implied warranty of
  13:C:/Program Files (x86)/Arm GNU Toolchain arm-none-eabi/14.3 rel1/arm-none-eabi/include/c++/14.3.1/bits\stl_vector.h **** // MERCHANTABILITY or FITNESS FOR A PARTICULAR PURPOSE.  See the
  14:C:/Program Files (x86)/Arm GNU Toolchain arm-none-eabi/14.3 rel1/arm-none-eabi/include/c++/14.3.1/bits\stl_vector.h **** // GNU General Public License for more details.
  15:C:/Program Files (x86)/Arm GNU Toolchain arm-none-eabi/14.3 rel1/arm-none-eabi/include/c++/14.3.1/bits\stl_vector.h **** 
  16:C:/Program Files (x86)/Arm GNU Toolchain arm-none-eabi/14.3 rel1/arm-none-eabi/include/c++/14.3.1/bits\stl_vector.h **** // Under Section 7 of GPL version 3, you are granted additional
  17:C:/Program Files (x86)/Arm GNU Toolchain arm-none-eabi/14.3 rel1/arm-none-eabi/include/c++/14.3.1/bits\stl_vector.h **** // permissions described in the GCC Runtime Library Exception, version
  18:C:/Program Files (x86)/Arm GNU Toolchain arm-none-eabi/14.3 rel1/arm-none-eabi/include/c++/14.3.1/bits\stl_vector.h **** // 3.1, as published by the Free Software Foundation.
  19:C:/Program Files (x86)/Arm GNU Toolchain arm-none-eabi/14.3 rel1/arm-none-eabi/include/c++/14.3.1/bits\stl_vector.h **** 
  20:C:/Program Files (x86)/Arm GNU Toolchain arm-none-eabi/14.3 rel1/arm-none-eabi/include/c++/14.3.1/bits\stl_vector.h **** // You should have received a copy of the GNU General Public License and
  21:C:/Program Files (x86)/Arm GNU Toolchain arm-none-eabi/14.3 rel1/arm-none-eabi/include/c++/14.3.1/bits\stl_vector.h **** // a copy of the GCC Runtime Library Exception along with this program;
  22:C:/Program Files (x86)/Arm GNU Toolchain arm-none-eabi/14.3 rel1/arm-none-eabi/include/c++/14.3.1/bits\stl_vector.h **** // see the files COPYING3 and COPYING.RUNTIME respectively.  If not, see
  23:C:/Program Files (x86)/Arm GNU Toolchain arm-none-eabi/14.3 rel1/arm-none-eabi/include/c++/14.3.1/bits\stl_vector.h **** // <http://www.gnu.org/licenses/>.
  24:C:/Program Files (x86)/Arm GNU Toolchain arm-none-eabi/14.3 rel1/arm-none-eabi/include/c++/14.3.1/bits\stl_vector.h **** 
  25:C:/Program Files (x86)/Arm GNU Toolchain arm-none-eabi/14.3 rel1/arm-none-eabi/include/c++/14.3.1/bits\stl_vector.h **** /*
  26:C:/Program Files (x86)/Arm GNU Toolchain arm-none-eabi/14.3 rel1/arm-none-eabi/include/c++/14.3.1/bits\stl_vector.h ****  *
  27:C:/Program Files (x86)/Arm GNU Toolchain arm-none-eabi/14.3 rel1/arm-none-eabi/include/c++/14.3.1/bits\stl_vector.h ****  * Copyright (c) 1994
  28:C:/Program Files (x86)/Arm GNU Toolchain arm-none-eabi/14.3 rel1/arm-none-eabi/include/c++/14.3.1/bits\stl_vector.h ****  * Hewlett-Packard Company
  29:C:/Program Files (x86)/Arm GNU Toolchain arm-none-eabi/14.3 rel1/arm-none-eabi/include/c++/14.3.1/bits\stl_vector.h ****  *
  30:C:/Program Files (x86)/Arm GNU Toolchain arm-none-eabi/14.3 rel1/arm-none-eabi/include/c++/14.3.1/bits\stl_vector.h ****  * Permission to use, copy, modify, distribute and sell this software
  31:C:/Program Files (x86)/Arm GNU Toolchain arm-none-eabi/14.3 rel1/arm-none-eabi/include/c++/14.3.1/bits\stl_vector.h ****  * and its documentation for any purpose is hereby granted without fee,
  32:C:/Program Files (x86)/Arm GNU Toolchain arm-none-eabi/14.3 rel1/arm-none-eabi/include/c++/14.3.1/bits\stl_vector.h ****  * provided that the above copyright notice appear in all copies and
  33:C:/Program Files (x86)/Arm GNU Toolchain arm-none-eabi/14.3 rel1/arm-none-eabi/include/c++/14.3.1/bits\stl_vector.h ****  * that both that copyright notice and this permission notice appear
  34:C:/Program Files (x86)/Arm GNU Toolchain arm-none-eabi/14.3 rel1/arm-none-eabi/include/c++/14.3.1/bits\stl_vector.h ****  * in supporting documentation.  Hewlett-Packard Company makes no
  35:C:/Program Files (x86)/Arm GNU Toolchain arm-none-eabi/14.3 rel1/arm-none-eabi/include/c++/14.3.1/bits\stl_vector.h ****  * representations about the suitability of this software for any
  36:C:/Program Files (x86)/Arm GNU Toolchain arm-none-eabi/14.3 rel1/arm-none-eabi/include/c++/14.3.1/bits\stl_vector.h ****  * purpose.  It is provided "as is" without express or implied warranty.
  37:C:/Program Files (x86)/Arm GNU Toolchain arm-none-eabi/14.3 rel1/arm-none-eabi/include/c++/14.3.1/bits\stl_vector.h ****  *
  38:C:/Program Files (x86)/Arm GNU Toolchain arm-none-eabi/14.3 rel1/arm-none-eabi/include/c++/14.3.1/bits\stl_vector.h ****  *
  39:C:/Program Files (x86)/Arm GNU Toolchain arm-none-eabi/14.3 rel1/arm-none-eabi/include/c++/14.3.1/bits\stl_vector.h ****  * Copyright (c) 1996
  40:C:/Program Files (x86)/Arm GNU Toolchain arm-none-eabi/14.3 rel1/arm-none-eabi/include/c++/14.3.1/bits\stl_vector.h ****  * Silicon Graphics Computer Systems, Inc.
  41:C:/Program Files (x86)/Arm GNU Toolchain arm-none-eabi/14.3 rel1/arm-none-eabi/include/c++/14.3.1/bits\stl_vector.h ****  *
  42:C:/Program Files (x86)/Arm GNU Toolchain arm-none-eabi/14.3 rel1/arm-none-eabi/include/c++/14.3.1/bits\stl_vector.h ****  * Permission to use, copy, modify, distribute and sell this software
  43:C:/Program Files (x86)/Arm GNU Toolchain arm-none-eabi/14.3 rel1/arm-none-eabi/include/c++/14.3.1/bits\stl_vector.h ****  * and its documentation for any purpose is hereby granted without fee,
ARM GAS  C:\Users\Oliver\AppData\Local\Temp\cc4VwjOw.s 			page 7


  44:C:/Program Files (x86)/Arm GNU Toolchain arm-none-eabi/14.3 rel1/arm-none-eabi/include/c++/14.3.1/bits\stl_vector.h ****  * provided that the above copyright notice appear in all copies and
  45:C:/Program Files (x86)/Arm GNU Toolchain arm-none-eabi/14.3 rel1/arm-none-eabi/include/c++/14.3.1/bits\stl_vector.h ****  * that both that copyright notice and this permission notice appear
  46:C:/Program Files (x86)/Arm GNU Toolchain arm-none-eabi/14.3 rel1/arm-none-eabi/include/c++/14.3.1/bits\stl_vector.h ****  * in supporting documentation.  Silicon Graphics makes no
  47:C:/Program Files (x86)/Arm GNU Toolchain arm-none-eabi/14.3 rel1/arm-none-eabi/include/c++/14.3.1/bits\stl_vector.h ****  * representations about the suitability of this  software for any
  48:C:/Program Files (x86)/Arm GNU Toolchain arm-none-eabi/14.3 rel1/arm-none-eabi/include/c++/14.3.1/bits\stl_vector.h ****  * purpose.  It is provided "as is" without express or implied warranty.
  49:C:/Program Files (x86)/Arm GNU Toolchain arm-none-eabi/14.3 rel1/arm-none-eabi/include/c++/14.3.1/bits\stl_vector.h ****  */
  50:C:/Program Files (x86)/Arm GNU Toolchain arm-none-eabi/14.3 rel1/arm-none-eabi/include/c++/14.3.1/bits\stl_vector.h **** 
  51:C:/Program Files (x86)/Arm GNU Toolchain arm-none-eabi/14.3 rel1/arm-none-eabi/include/c++/14.3.1/bits\stl_vector.h **** /** @file bits/stl_vector.h
  52:C:/Program Files (x86)/Arm GNU Toolchain arm-none-eabi/14.3 rel1/arm-none-eabi/include/c++/14.3.1/bits\stl_vector.h ****  *  This is an internal header file, included by other library headers.
  53:C:/Program Files (x86)/Arm GNU Toolchain arm-none-eabi/14.3 rel1/arm-none-eabi/include/c++/14.3.1/bits\stl_vector.h ****  *  Do not attempt to use it directly. @headername{vector}
  54:C:/Program Files (x86)/Arm GNU Toolchain arm-none-eabi/14.3 rel1/arm-none-eabi/include/c++/14.3.1/bits\stl_vector.h ****  */
  55:C:/Program Files (x86)/Arm GNU Toolchain arm-none-eabi/14.3 rel1/arm-none-eabi/include/c++/14.3.1/bits\stl_vector.h **** 
  56:C:/Program Files (x86)/Arm GNU Toolchain arm-none-eabi/14.3 rel1/arm-none-eabi/include/c++/14.3.1/bits\stl_vector.h **** #ifndef _STL_VECTOR_H
  57:C:/Program Files (x86)/Arm GNU Toolchain arm-none-eabi/14.3 rel1/arm-none-eabi/include/c++/14.3.1/bits\stl_vector.h **** #define _STL_VECTOR_H 1
  58:C:/Program Files (x86)/Arm GNU Toolchain arm-none-eabi/14.3 rel1/arm-none-eabi/include/c++/14.3.1/bits\stl_vector.h **** 
  59:C:/Program Files (x86)/Arm GNU Toolchain arm-none-eabi/14.3 rel1/arm-none-eabi/include/c++/14.3.1/bits\stl_vector.h **** #include <bits/stl_iterator_base_funcs.h>
  60:C:/Program Files (x86)/Arm GNU Toolchain arm-none-eabi/14.3 rel1/arm-none-eabi/include/c++/14.3.1/bits\stl_vector.h **** #include <bits/functexcept.h>
  61:C:/Program Files (x86)/Arm GNU Toolchain arm-none-eabi/14.3 rel1/arm-none-eabi/include/c++/14.3.1/bits\stl_vector.h **** #include <bits/concept_check.h>
  62:C:/Program Files (x86)/Arm GNU Toolchain arm-none-eabi/14.3 rel1/arm-none-eabi/include/c++/14.3.1/bits\stl_vector.h **** #if __cplusplus >= 201103L
  63:C:/Program Files (x86)/Arm GNU Toolchain arm-none-eabi/14.3 rel1/arm-none-eabi/include/c++/14.3.1/bits\stl_vector.h **** #include <initializer_list>
  64:C:/Program Files (x86)/Arm GNU Toolchain arm-none-eabi/14.3 rel1/arm-none-eabi/include/c++/14.3.1/bits\stl_vector.h **** #endif
  65:C:/Program Files (x86)/Arm GNU Toolchain arm-none-eabi/14.3 rel1/arm-none-eabi/include/c++/14.3.1/bits\stl_vector.h **** #if __cplusplus >= 202002L
  66:C:/Program Files (x86)/Arm GNU Toolchain arm-none-eabi/14.3 rel1/arm-none-eabi/include/c++/14.3.1/bits\stl_vector.h **** # include <compare>
  67:C:/Program Files (x86)/Arm GNU Toolchain arm-none-eabi/14.3 rel1/arm-none-eabi/include/c++/14.3.1/bits\stl_vector.h **** #endif
  68:C:/Program Files (x86)/Arm GNU Toolchain arm-none-eabi/14.3 rel1/arm-none-eabi/include/c++/14.3.1/bits\stl_vector.h **** #if __glibcxx_concepts // C++ >= C++20
  69:C:/Program Files (x86)/Arm GNU Toolchain arm-none-eabi/14.3 rel1/arm-none-eabi/include/c++/14.3.1/bits\stl_vector.h **** # include <bits/ranges_base.h>          // ranges::distance
  70:C:/Program Files (x86)/Arm GNU Toolchain arm-none-eabi/14.3 rel1/arm-none-eabi/include/c++/14.3.1/bits\stl_vector.h **** #endif
  71:C:/Program Files (x86)/Arm GNU Toolchain arm-none-eabi/14.3 rel1/arm-none-eabi/include/c++/14.3.1/bits\stl_vector.h **** 
  72:C:/Program Files (x86)/Arm GNU Toolchain arm-none-eabi/14.3 rel1/arm-none-eabi/include/c++/14.3.1/bits\stl_vector.h **** #include <debug/assertions.h>
  73:C:/Program Files (x86)/Arm GNU Toolchain arm-none-eabi/14.3 rel1/arm-none-eabi/include/c++/14.3.1/bits\stl_vector.h **** 
  74:C:/Program Files (x86)/Arm GNU Toolchain arm-none-eabi/14.3 rel1/arm-none-eabi/include/c++/14.3.1/bits\stl_vector.h **** #if _GLIBCXX_SANITIZE_STD_ALLOCATOR && _GLIBCXX_SANITIZE_VECTOR
  75:C:/Program Files (x86)/Arm GNU Toolchain arm-none-eabi/14.3 rel1/arm-none-eabi/include/c++/14.3.1/bits\stl_vector.h **** extern "C" void
  76:C:/Program Files (x86)/Arm GNU Toolchain arm-none-eabi/14.3 rel1/arm-none-eabi/include/c++/14.3.1/bits\stl_vector.h **** __sanitizer_annotate_contiguous_container(const void*, const void*,
  77:C:/Program Files (x86)/Arm GNU Toolchain arm-none-eabi/14.3 rel1/arm-none-eabi/include/c++/14.3.1/bits\stl_vector.h **** 					  const void*, const void*);
  78:C:/Program Files (x86)/Arm GNU Toolchain arm-none-eabi/14.3 rel1/arm-none-eabi/include/c++/14.3.1/bits\stl_vector.h **** #endif
  79:C:/Program Files (x86)/Arm GNU Toolchain arm-none-eabi/14.3 rel1/arm-none-eabi/include/c++/14.3.1/bits\stl_vector.h **** 
  80:C:/Program Files (x86)/Arm GNU Toolchain arm-none-eabi/14.3 rel1/arm-none-eabi/include/c++/14.3.1/bits\stl_vector.h **** namespace std _GLIBCXX_VISIBILITY(default)
  81:C:/Program Files (x86)/Arm GNU Toolchain arm-none-eabi/14.3 rel1/arm-none-eabi/include/c++/14.3.1/bits\stl_vector.h **** {
  82:C:/Program Files (x86)/Arm GNU Toolchain arm-none-eabi/14.3 rel1/arm-none-eabi/include/c++/14.3.1/bits\stl_vector.h **** _GLIBCXX_BEGIN_NAMESPACE_VERSION
  83:C:/Program Files (x86)/Arm GNU Toolchain arm-none-eabi/14.3 rel1/arm-none-eabi/include/c++/14.3.1/bits\stl_vector.h **** _GLIBCXX_BEGIN_NAMESPACE_CONTAINER
  84:C:/Program Files (x86)/Arm GNU Toolchain arm-none-eabi/14.3 rel1/arm-none-eabi/include/c++/14.3.1/bits\stl_vector.h **** 
  85:C:/Program Files (x86)/Arm GNU Toolchain arm-none-eabi/14.3 rel1/arm-none-eabi/include/c++/14.3.1/bits\stl_vector.h ****   /// See bits/stl_deque.h's _Deque_base for an explanation.
  86:C:/Program Files (x86)/Arm GNU Toolchain arm-none-eabi/14.3 rel1/arm-none-eabi/include/c++/14.3.1/bits\stl_vector.h ****   template<typename _Tp, typename _Alloc>
  87:C:/Program Files (x86)/Arm GNU Toolchain arm-none-eabi/14.3 rel1/arm-none-eabi/include/c++/14.3.1/bits\stl_vector.h ****     struct _Vector_base
  88:C:/Program Files (x86)/Arm GNU Toolchain arm-none-eabi/14.3 rel1/arm-none-eabi/include/c++/14.3.1/bits\stl_vector.h ****     {
  89:C:/Program Files (x86)/Arm GNU Toolchain arm-none-eabi/14.3 rel1/arm-none-eabi/include/c++/14.3.1/bits\stl_vector.h ****       typedef typename __gnu_cxx::__alloc_traits<_Alloc>::template
  90:C:/Program Files (x86)/Arm GNU Toolchain arm-none-eabi/14.3 rel1/arm-none-eabi/include/c++/14.3.1/bits\stl_vector.h **** 	rebind<_Tp>::other _Tp_alloc_type;
  91:C:/Program Files (x86)/Arm GNU Toolchain arm-none-eabi/14.3 rel1/arm-none-eabi/include/c++/14.3.1/bits\stl_vector.h ****       typedef typename __gnu_cxx::__alloc_traits<_Tp_alloc_type>::pointer
  92:C:/Program Files (x86)/Arm GNU Toolchain arm-none-eabi/14.3 rel1/arm-none-eabi/include/c++/14.3.1/bits\stl_vector.h ****        	pointer;
  93:C:/Program Files (x86)/Arm GNU Toolchain arm-none-eabi/14.3 rel1/arm-none-eabi/include/c++/14.3.1/bits\stl_vector.h **** 
  94:C:/Program Files (x86)/Arm GNU Toolchain arm-none-eabi/14.3 rel1/arm-none-eabi/include/c++/14.3.1/bits\stl_vector.h ****       struct _Vector_impl_data
  95:C:/Program Files (x86)/Arm GNU Toolchain arm-none-eabi/14.3 rel1/arm-none-eabi/include/c++/14.3.1/bits\stl_vector.h ****       {
  96:C:/Program Files (x86)/Arm GNU Toolchain arm-none-eabi/14.3 rel1/arm-none-eabi/include/c++/14.3.1/bits\stl_vector.h **** 	pointer _M_start;
  97:C:/Program Files (x86)/Arm GNU Toolchain arm-none-eabi/14.3 rel1/arm-none-eabi/include/c++/14.3.1/bits\stl_vector.h **** 	pointer _M_finish;
  98:C:/Program Files (x86)/Arm GNU Toolchain arm-none-eabi/14.3 rel1/arm-none-eabi/include/c++/14.3.1/bits\stl_vector.h **** 	pointer _M_end_of_storage;
  99:C:/Program Files (x86)/Arm GNU Toolchain arm-none-eabi/14.3 rel1/arm-none-eabi/include/c++/14.3.1/bits\stl_vector.h **** 
 100:C:/Program Files (x86)/Arm GNU Toolchain arm-none-eabi/14.3 rel1/arm-none-eabi/include/c++/14.3.1/bits\stl_vector.h **** 	_GLIBCXX20_CONSTEXPR
ARM GAS  C:\Users\Oliver\AppData\Local\Temp\cc4VwjOw.s 			page 8


 101:C:/Program Files (x86)/Arm GNU Toolchain arm-none-eabi/14.3 rel1/arm-none-eabi/include/c++/14.3.1/bits\stl_vector.h **** 	_Vector_impl_data() _GLIBCXX_NOEXCEPT
 102:C:/Program Files (x86)/Arm GNU Toolchain arm-none-eabi/14.3 rel1/arm-none-eabi/include/c++/14.3.1/bits\stl_vector.h **** 	: _M_start(), _M_finish(), _M_end_of_storage()
 103:C:/Program Files (x86)/Arm GNU Toolchain arm-none-eabi/14.3 rel1/arm-none-eabi/include/c++/14.3.1/bits\stl_vector.h **** 	{ }
 104:C:/Program Files (x86)/Arm GNU Toolchain arm-none-eabi/14.3 rel1/arm-none-eabi/include/c++/14.3.1/bits\stl_vector.h **** 
 105:C:/Program Files (x86)/Arm GNU Toolchain arm-none-eabi/14.3 rel1/arm-none-eabi/include/c++/14.3.1/bits\stl_vector.h **** #if __cplusplus >= 201103L
 106:C:/Program Files (x86)/Arm GNU Toolchain arm-none-eabi/14.3 rel1/arm-none-eabi/include/c++/14.3.1/bits\stl_vector.h **** 	_GLIBCXX20_CONSTEXPR
 107:C:/Program Files (x86)/Arm GNU Toolchain arm-none-eabi/14.3 rel1/arm-none-eabi/include/c++/14.3.1/bits\stl_vector.h **** 	_Vector_impl_data(_Vector_impl_data&& __x) noexcept
 108:C:/Program Files (x86)/Arm GNU Toolchain arm-none-eabi/14.3 rel1/arm-none-eabi/include/c++/14.3.1/bits\stl_vector.h **** 	: _M_start(__x._M_start), _M_finish(__x._M_finish),
 109:C:/Program Files (x86)/Arm GNU Toolchain arm-none-eabi/14.3 rel1/arm-none-eabi/include/c++/14.3.1/bits\stl_vector.h **** 	  _M_end_of_storage(__x._M_end_of_storage)
 110:C:/Program Files (x86)/Arm GNU Toolchain arm-none-eabi/14.3 rel1/arm-none-eabi/include/c++/14.3.1/bits\stl_vector.h **** 	{ __x._M_start = __x._M_finish = __x._M_end_of_storage = pointer(); }
 111:C:/Program Files (x86)/Arm GNU Toolchain arm-none-eabi/14.3 rel1/arm-none-eabi/include/c++/14.3.1/bits\stl_vector.h **** #endif
 112:C:/Program Files (x86)/Arm GNU Toolchain arm-none-eabi/14.3 rel1/arm-none-eabi/include/c++/14.3.1/bits\stl_vector.h **** 
 113:C:/Program Files (x86)/Arm GNU Toolchain arm-none-eabi/14.3 rel1/arm-none-eabi/include/c++/14.3.1/bits\stl_vector.h **** 	_GLIBCXX20_CONSTEXPR
 114:C:/Program Files (x86)/Arm GNU Toolchain arm-none-eabi/14.3 rel1/arm-none-eabi/include/c++/14.3.1/bits\stl_vector.h **** 	void
 115:C:/Program Files (x86)/Arm GNU Toolchain arm-none-eabi/14.3 rel1/arm-none-eabi/include/c++/14.3.1/bits\stl_vector.h **** 	_M_copy_data(_Vector_impl_data const& __x) _GLIBCXX_NOEXCEPT
 116:C:/Program Files (x86)/Arm GNU Toolchain arm-none-eabi/14.3 rel1/arm-none-eabi/include/c++/14.3.1/bits\stl_vector.h **** 	{
 117:C:/Program Files (x86)/Arm GNU Toolchain arm-none-eabi/14.3 rel1/arm-none-eabi/include/c++/14.3.1/bits\stl_vector.h **** 	  _M_start = __x._M_start;
 118:C:/Program Files (x86)/Arm GNU Toolchain arm-none-eabi/14.3 rel1/arm-none-eabi/include/c++/14.3.1/bits\stl_vector.h **** 	  _M_finish = __x._M_finish;
 119:C:/Program Files (x86)/Arm GNU Toolchain arm-none-eabi/14.3 rel1/arm-none-eabi/include/c++/14.3.1/bits\stl_vector.h **** 	  _M_end_of_storage = __x._M_end_of_storage;
 120:C:/Program Files (x86)/Arm GNU Toolchain arm-none-eabi/14.3 rel1/arm-none-eabi/include/c++/14.3.1/bits\stl_vector.h **** 	}
 121:C:/Program Files (x86)/Arm GNU Toolchain arm-none-eabi/14.3 rel1/arm-none-eabi/include/c++/14.3.1/bits\stl_vector.h **** 
 122:C:/Program Files (x86)/Arm GNU Toolchain arm-none-eabi/14.3 rel1/arm-none-eabi/include/c++/14.3.1/bits\stl_vector.h **** 	_GLIBCXX20_CONSTEXPR
 123:C:/Program Files (x86)/Arm GNU Toolchain arm-none-eabi/14.3 rel1/arm-none-eabi/include/c++/14.3.1/bits\stl_vector.h **** 	void
 124:C:/Program Files (x86)/Arm GNU Toolchain arm-none-eabi/14.3 rel1/arm-none-eabi/include/c++/14.3.1/bits\stl_vector.h **** 	_M_swap_data(_Vector_impl_data& __x) _GLIBCXX_NOEXCEPT
 125:C:/Program Files (x86)/Arm GNU Toolchain arm-none-eabi/14.3 rel1/arm-none-eabi/include/c++/14.3.1/bits\stl_vector.h **** 	{
 126:C:/Program Files (x86)/Arm GNU Toolchain arm-none-eabi/14.3 rel1/arm-none-eabi/include/c++/14.3.1/bits\stl_vector.h **** 	  // Do not use std::swap(_M_start, __x._M_start), etc as it loses
 127:C:/Program Files (x86)/Arm GNU Toolchain arm-none-eabi/14.3 rel1/arm-none-eabi/include/c++/14.3.1/bits\stl_vector.h **** 	  // information used by TBAA.
 128:C:/Program Files (x86)/Arm GNU Toolchain arm-none-eabi/14.3 rel1/arm-none-eabi/include/c++/14.3.1/bits\stl_vector.h **** 	  _Vector_impl_data __tmp;
 129:C:/Program Files (x86)/Arm GNU Toolchain arm-none-eabi/14.3 rel1/arm-none-eabi/include/c++/14.3.1/bits\stl_vector.h **** 	  __tmp._M_copy_data(*this);
 130:C:/Program Files (x86)/Arm GNU Toolchain arm-none-eabi/14.3 rel1/arm-none-eabi/include/c++/14.3.1/bits\stl_vector.h **** 	  _M_copy_data(__x);
 131:C:/Program Files (x86)/Arm GNU Toolchain arm-none-eabi/14.3 rel1/arm-none-eabi/include/c++/14.3.1/bits\stl_vector.h **** 	  __x._M_copy_data(__tmp);
 132:C:/Program Files (x86)/Arm GNU Toolchain arm-none-eabi/14.3 rel1/arm-none-eabi/include/c++/14.3.1/bits\stl_vector.h **** 	}
 133:C:/Program Files (x86)/Arm GNU Toolchain arm-none-eabi/14.3 rel1/arm-none-eabi/include/c++/14.3.1/bits\stl_vector.h ****       };
 134:C:/Program Files (x86)/Arm GNU Toolchain arm-none-eabi/14.3 rel1/arm-none-eabi/include/c++/14.3.1/bits\stl_vector.h **** 
 135:C:/Program Files (x86)/Arm GNU Toolchain arm-none-eabi/14.3 rel1/arm-none-eabi/include/c++/14.3.1/bits\stl_vector.h ****       struct _Vector_impl
 136:C:/Program Files (x86)/Arm GNU Toolchain arm-none-eabi/14.3 rel1/arm-none-eabi/include/c++/14.3.1/bits\stl_vector.h **** 	: public _Tp_alloc_type, public _Vector_impl_data
 137:C:/Program Files (x86)/Arm GNU Toolchain arm-none-eabi/14.3 rel1/arm-none-eabi/include/c++/14.3.1/bits\stl_vector.h ****       {
 138:C:/Program Files (x86)/Arm GNU Toolchain arm-none-eabi/14.3 rel1/arm-none-eabi/include/c++/14.3.1/bits\stl_vector.h **** 	_GLIBCXX20_CONSTEXPR
 139:C:/Program Files (x86)/Arm GNU Toolchain arm-none-eabi/14.3 rel1/arm-none-eabi/include/c++/14.3.1/bits\stl_vector.h **** 	_Vector_impl() _GLIBCXX_NOEXCEPT_IF(
 140:C:/Program Files (x86)/Arm GNU Toolchain arm-none-eabi/14.3 rel1/arm-none-eabi/include/c++/14.3.1/bits\stl_vector.h **** 	    is_nothrow_default_constructible<_Tp_alloc_type>::value)
 141:C:/Program Files (x86)/Arm GNU Toolchain arm-none-eabi/14.3 rel1/arm-none-eabi/include/c++/14.3.1/bits\stl_vector.h **** #if __cpp_lib_concepts
 142:C:/Program Files (x86)/Arm GNU Toolchain arm-none-eabi/14.3 rel1/arm-none-eabi/include/c++/14.3.1/bits\stl_vector.h **** 	requires is_default_constructible_v<_Tp_alloc_type>
 143:C:/Program Files (x86)/Arm GNU Toolchain arm-none-eabi/14.3 rel1/arm-none-eabi/include/c++/14.3.1/bits\stl_vector.h **** #endif
 144:C:/Program Files (x86)/Arm GNU Toolchain arm-none-eabi/14.3 rel1/arm-none-eabi/include/c++/14.3.1/bits\stl_vector.h **** 	: _Tp_alloc_type()
 145:C:/Program Files (x86)/Arm GNU Toolchain arm-none-eabi/14.3 rel1/arm-none-eabi/include/c++/14.3.1/bits\stl_vector.h **** 	{ }
 146:C:/Program Files (x86)/Arm GNU Toolchain arm-none-eabi/14.3 rel1/arm-none-eabi/include/c++/14.3.1/bits\stl_vector.h **** 
 147:C:/Program Files (x86)/Arm GNU Toolchain arm-none-eabi/14.3 rel1/arm-none-eabi/include/c++/14.3.1/bits\stl_vector.h **** 	_GLIBCXX20_CONSTEXPR
 148:C:/Program Files (x86)/Arm GNU Toolchain arm-none-eabi/14.3 rel1/arm-none-eabi/include/c++/14.3.1/bits\stl_vector.h **** 	_Vector_impl(_Tp_alloc_type const& __a) _GLIBCXX_NOEXCEPT
 149:C:/Program Files (x86)/Arm GNU Toolchain arm-none-eabi/14.3 rel1/arm-none-eabi/include/c++/14.3.1/bits\stl_vector.h **** 	: _Tp_alloc_type(__a)
 150:C:/Program Files (x86)/Arm GNU Toolchain arm-none-eabi/14.3 rel1/arm-none-eabi/include/c++/14.3.1/bits\stl_vector.h **** 	{ }
 151:C:/Program Files (x86)/Arm GNU Toolchain arm-none-eabi/14.3 rel1/arm-none-eabi/include/c++/14.3.1/bits\stl_vector.h **** 
 152:C:/Program Files (x86)/Arm GNU Toolchain arm-none-eabi/14.3 rel1/arm-none-eabi/include/c++/14.3.1/bits\stl_vector.h **** #if __cplusplus >= 201103L
 153:C:/Program Files (x86)/Arm GNU Toolchain arm-none-eabi/14.3 rel1/arm-none-eabi/include/c++/14.3.1/bits\stl_vector.h **** 	// Not defaulted, to enforce noexcept(true) even when
 154:C:/Program Files (x86)/Arm GNU Toolchain arm-none-eabi/14.3 rel1/arm-none-eabi/include/c++/14.3.1/bits\stl_vector.h **** 	// !is_nothrow_move_constructible<_Tp_alloc_type>.
 155:C:/Program Files (x86)/Arm GNU Toolchain arm-none-eabi/14.3 rel1/arm-none-eabi/include/c++/14.3.1/bits\stl_vector.h **** 	_GLIBCXX20_CONSTEXPR
 156:C:/Program Files (x86)/Arm GNU Toolchain arm-none-eabi/14.3 rel1/arm-none-eabi/include/c++/14.3.1/bits\stl_vector.h **** 	_Vector_impl(_Vector_impl&& __x) noexcept
 157:C:/Program Files (x86)/Arm GNU Toolchain arm-none-eabi/14.3 rel1/arm-none-eabi/include/c++/14.3.1/bits\stl_vector.h **** 	: _Tp_alloc_type(std::move(__x)), _Vector_impl_data(std::move(__x))
ARM GAS  C:\Users\Oliver\AppData\Local\Temp\cc4VwjOw.s 			page 9


 158:C:/Program Files (x86)/Arm GNU Toolchain arm-none-eabi/14.3 rel1/arm-none-eabi/include/c++/14.3.1/bits\stl_vector.h **** 	{ }
 159:C:/Program Files (x86)/Arm GNU Toolchain arm-none-eabi/14.3 rel1/arm-none-eabi/include/c++/14.3.1/bits\stl_vector.h **** 
 160:C:/Program Files (x86)/Arm GNU Toolchain arm-none-eabi/14.3 rel1/arm-none-eabi/include/c++/14.3.1/bits\stl_vector.h **** 	_GLIBCXX20_CONSTEXPR
 161:C:/Program Files (x86)/Arm GNU Toolchain arm-none-eabi/14.3 rel1/arm-none-eabi/include/c++/14.3.1/bits\stl_vector.h **** 	_Vector_impl(_Tp_alloc_type&& __a) noexcept
 162:C:/Program Files (x86)/Arm GNU Toolchain arm-none-eabi/14.3 rel1/arm-none-eabi/include/c++/14.3.1/bits\stl_vector.h **** 	: _Tp_alloc_type(std::move(__a))
 163:C:/Program Files (x86)/Arm GNU Toolchain arm-none-eabi/14.3 rel1/arm-none-eabi/include/c++/14.3.1/bits\stl_vector.h **** 	{ }
 164:C:/Program Files (x86)/Arm GNU Toolchain arm-none-eabi/14.3 rel1/arm-none-eabi/include/c++/14.3.1/bits\stl_vector.h **** 
 165:C:/Program Files (x86)/Arm GNU Toolchain arm-none-eabi/14.3 rel1/arm-none-eabi/include/c++/14.3.1/bits\stl_vector.h **** 	_GLIBCXX20_CONSTEXPR
 166:C:/Program Files (x86)/Arm GNU Toolchain arm-none-eabi/14.3 rel1/arm-none-eabi/include/c++/14.3.1/bits\stl_vector.h **** 	_Vector_impl(_Tp_alloc_type&& __a, _Vector_impl&& __rv) noexcept
 167:C:/Program Files (x86)/Arm GNU Toolchain arm-none-eabi/14.3 rel1/arm-none-eabi/include/c++/14.3.1/bits\stl_vector.h **** 	: _Tp_alloc_type(std::move(__a)), _Vector_impl_data(std::move(__rv))
 168:C:/Program Files (x86)/Arm GNU Toolchain arm-none-eabi/14.3 rel1/arm-none-eabi/include/c++/14.3.1/bits\stl_vector.h **** 	{ }
 169:C:/Program Files (x86)/Arm GNU Toolchain arm-none-eabi/14.3 rel1/arm-none-eabi/include/c++/14.3.1/bits\stl_vector.h **** #endif
 170:C:/Program Files (x86)/Arm GNU Toolchain arm-none-eabi/14.3 rel1/arm-none-eabi/include/c++/14.3.1/bits\stl_vector.h **** 
 171:C:/Program Files (x86)/Arm GNU Toolchain arm-none-eabi/14.3 rel1/arm-none-eabi/include/c++/14.3.1/bits\stl_vector.h **** #if _GLIBCXX_SANITIZE_STD_ALLOCATOR && _GLIBCXX_SANITIZE_VECTOR
 172:C:/Program Files (x86)/Arm GNU Toolchain arm-none-eabi/14.3 rel1/arm-none-eabi/include/c++/14.3.1/bits\stl_vector.h **** 	template<typename = _Tp_alloc_type>
 173:C:/Program Files (x86)/Arm GNU Toolchain arm-none-eabi/14.3 rel1/arm-none-eabi/include/c++/14.3.1/bits\stl_vector.h **** 	  struct _Asan
 174:C:/Program Files (x86)/Arm GNU Toolchain arm-none-eabi/14.3 rel1/arm-none-eabi/include/c++/14.3.1/bits\stl_vector.h **** 	  {
 175:C:/Program Files (x86)/Arm GNU Toolchain arm-none-eabi/14.3 rel1/arm-none-eabi/include/c++/14.3.1/bits\stl_vector.h **** 	    typedef typename __gnu_cxx::__alloc_traits<_Tp_alloc_type>
 176:C:/Program Files (x86)/Arm GNU Toolchain arm-none-eabi/14.3 rel1/arm-none-eabi/include/c++/14.3.1/bits\stl_vector.h **** 	      ::size_type size_type;
 177:C:/Program Files (x86)/Arm GNU Toolchain arm-none-eabi/14.3 rel1/arm-none-eabi/include/c++/14.3.1/bits\stl_vector.h **** 
 178:C:/Program Files (x86)/Arm GNU Toolchain arm-none-eabi/14.3 rel1/arm-none-eabi/include/c++/14.3.1/bits\stl_vector.h **** 	    static _GLIBCXX20_CONSTEXPR void
 179:C:/Program Files (x86)/Arm GNU Toolchain arm-none-eabi/14.3 rel1/arm-none-eabi/include/c++/14.3.1/bits\stl_vector.h **** 	    _S_shrink(_Vector_impl&, size_type) { }
 180:C:/Program Files (x86)/Arm GNU Toolchain arm-none-eabi/14.3 rel1/arm-none-eabi/include/c++/14.3.1/bits\stl_vector.h **** 	    static _GLIBCXX20_CONSTEXPR void
 181:C:/Program Files (x86)/Arm GNU Toolchain arm-none-eabi/14.3 rel1/arm-none-eabi/include/c++/14.3.1/bits\stl_vector.h **** 	    _S_on_dealloc(_Vector_impl&) { }
 182:C:/Program Files (x86)/Arm GNU Toolchain arm-none-eabi/14.3 rel1/arm-none-eabi/include/c++/14.3.1/bits\stl_vector.h **** 
 183:C:/Program Files (x86)/Arm GNU Toolchain arm-none-eabi/14.3 rel1/arm-none-eabi/include/c++/14.3.1/bits\stl_vector.h **** 	    typedef _Vector_impl& _Reinit;
 184:C:/Program Files (x86)/Arm GNU Toolchain arm-none-eabi/14.3 rel1/arm-none-eabi/include/c++/14.3.1/bits\stl_vector.h **** 
 185:C:/Program Files (x86)/Arm GNU Toolchain arm-none-eabi/14.3 rel1/arm-none-eabi/include/c++/14.3.1/bits\stl_vector.h **** 	    struct _Grow
 186:C:/Program Files (x86)/Arm GNU Toolchain arm-none-eabi/14.3 rel1/arm-none-eabi/include/c++/14.3.1/bits\stl_vector.h **** 	    {
 187:C:/Program Files (x86)/Arm GNU Toolchain arm-none-eabi/14.3 rel1/arm-none-eabi/include/c++/14.3.1/bits\stl_vector.h **** 	      _GLIBCXX20_CONSTEXPR _Grow(_Vector_impl&, size_type) { }
 188:C:/Program Files (x86)/Arm GNU Toolchain arm-none-eabi/14.3 rel1/arm-none-eabi/include/c++/14.3.1/bits\stl_vector.h **** 	      _GLIBCXX20_CONSTEXPR void _M_grew(size_type) { }
 189:C:/Program Files (x86)/Arm GNU Toolchain arm-none-eabi/14.3 rel1/arm-none-eabi/include/c++/14.3.1/bits\stl_vector.h **** 	    };
 190:C:/Program Files (x86)/Arm GNU Toolchain arm-none-eabi/14.3 rel1/arm-none-eabi/include/c++/14.3.1/bits\stl_vector.h **** 	  };
 191:C:/Program Files (x86)/Arm GNU Toolchain arm-none-eabi/14.3 rel1/arm-none-eabi/include/c++/14.3.1/bits\stl_vector.h **** 
 192:C:/Program Files (x86)/Arm GNU Toolchain arm-none-eabi/14.3 rel1/arm-none-eabi/include/c++/14.3.1/bits\stl_vector.h **** 	// Enable ASan annotations for memory obtained from std::allocator.
 193:C:/Program Files (x86)/Arm GNU Toolchain arm-none-eabi/14.3 rel1/arm-none-eabi/include/c++/14.3.1/bits\stl_vector.h **** 	template<typename _Up>
 194:C:/Program Files (x86)/Arm GNU Toolchain arm-none-eabi/14.3 rel1/arm-none-eabi/include/c++/14.3.1/bits\stl_vector.h **** 	  struct _Asan<allocator<_Up> >
 195:C:/Program Files (x86)/Arm GNU Toolchain arm-none-eabi/14.3 rel1/arm-none-eabi/include/c++/14.3.1/bits\stl_vector.h **** 	  {
 196:C:/Program Files (x86)/Arm GNU Toolchain arm-none-eabi/14.3 rel1/arm-none-eabi/include/c++/14.3.1/bits\stl_vector.h **** 	    typedef typename __gnu_cxx::__alloc_traits<_Tp_alloc_type>
 197:C:/Program Files (x86)/Arm GNU Toolchain arm-none-eabi/14.3 rel1/arm-none-eabi/include/c++/14.3.1/bits\stl_vector.h **** 	      ::size_type size_type;
 198:C:/Program Files (x86)/Arm GNU Toolchain arm-none-eabi/14.3 rel1/arm-none-eabi/include/c++/14.3.1/bits\stl_vector.h **** 
 199:C:/Program Files (x86)/Arm GNU Toolchain arm-none-eabi/14.3 rel1/arm-none-eabi/include/c++/14.3.1/bits\stl_vector.h **** 	    // Adjust ASan annotation for [_M_start, _M_end_of_storage) to
 200:C:/Program Files (x86)/Arm GNU Toolchain arm-none-eabi/14.3 rel1/arm-none-eabi/include/c++/14.3.1/bits\stl_vector.h **** 	    // mark end of valid region as __curr instead of __prev.
 201:C:/Program Files (x86)/Arm GNU Toolchain arm-none-eabi/14.3 rel1/arm-none-eabi/include/c++/14.3.1/bits\stl_vector.h **** 	    static _GLIBCXX20_CONSTEXPR void
 202:C:/Program Files (x86)/Arm GNU Toolchain arm-none-eabi/14.3 rel1/arm-none-eabi/include/c++/14.3.1/bits\stl_vector.h **** 	    _S_adjust(_Vector_impl& __impl, pointer __prev, pointer __curr)
 203:C:/Program Files (x86)/Arm GNU Toolchain arm-none-eabi/14.3 rel1/arm-none-eabi/include/c++/14.3.1/bits\stl_vector.h **** 	    {
 204:C:/Program Files (x86)/Arm GNU Toolchain arm-none-eabi/14.3 rel1/arm-none-eabi/include/c++/14.3.1/bits\stl_vector.h **** #if __cpp_lib_is_constant_evaluated
 205:C:/Program Files (x86)/Arm GNU Toolchain arm-none-eabi/14.3 rel1/arm-none-eabi/include/c++/14.3.1/bits\stl_vector.h **** 	      if (std::is_constant_evaluated())
 206:C:/Program Files (x86)/Arm GNU Toolchain arm-none-eabi/14.3 rel1/arm-none-eabi/include/c++/14.3.1/bits\stl_vector.h **** 		return;
 207:C:/Program Files (x86)/Arm GNU Toolchain arm-none-eabi/14.3 rel1/arm-none-eabi/include/c++/14.3.1/bits\stl_vector.h **** #endif
 208:C:/Program Files (x86)/Arm GNU Toolchain arm-none-eabi/14.3 rel1/arm-none-eabi/include/c++/14.3.1/bits\stl_vector.h **** 	      __sanitizer_annotate_contiguous_container(__impl._M_start,
 209:C:/Program Files (x86)/Arm GNU Toolchain arm-none-eabi/14.3 rel1/arm-none-eabi/include/c++/14.3.1/bits\stl_vector.h **** 		  __impl._M_end_of_storage, __prev, __curr);
 210:C:/Program Files (x86)/Arm GNU Toolchain arm-none-eabi/14.3 rel1/arm-none-eabi/include/c++/14.3.1/bits\stl_vector.h **** 	    }
 211:C:/Program Files (x86)/Arm GNU Toolchain arm-none-eabi/14.3 rel1/arm-none-eabi/include/c++/14.3.1/bits\stl_vector.h **** 
 212:C:/Program Files (x86)/Arm GNU Toolchain arm-none-eabi/14.3 rel1/arm-none-eabi/include/c++/14.3.1/bits\stl_vector.h **** 	    static _GLIBCXX20_CONSTEXPR void
 213:C:/Program Files (x86)/Arm GNU Toolchain arm-none-eabi/14.3 rel1/arm-none-eabi/include/c++/14.3.1/bits\stl_vector.h **** 	    _S_grow(_Vector_impl& __impl, size_type __n)
 214:C:/Program Files (x86)/Arm GNU Toolchain arm-none-eabi/14.3 rel1/arm-none-eabi/include/c++/14.3.1/bits\stl_vector.h **** 	    { _S_adjust(__impl, __impl._M_finish, __impl._M_finish + __n); }
ARM GAS  C:\Users\Oliver\AppData\Local\Temp\cc4VwjOw.s 			page 10


 215:C:/Program Files (x86)/Arm GNU Toolchain arm-none-eabi/14.3 rel1/arm-none-eabi/include/c++/14.3.1/bits\stl_vector.h **** 
 216:C:/Program Files (x86)/Arm GNU Toolchain arm-none-eabi/14.3 rel1/arm-none-eabi/include/c++/14.3.1/bits\stl_vector.h **** 	    static _GLIBCXX20_CONSTEXPR void
 217:C:/Program Files (x86)/Arm GNU Toolchain arm-none-eabi/14.3 rel1/arm-none-eabi/include/c++/14.3.1/bits\stl_vector.h **** 	    _S_shrink(_Vector_impl& __impl, size_type __n)
 218:C:/Program Files (x86)/Arm GNU Toolchain arm-none-eabi/14.3 rel1/arm-none-eabi/include/c++/14.3.1/bits\stl_vector.h **** 	    { _S_adjust(__impl, __impl._M_finish + __n, __impl._M_finish); }
 219:C:/Program Files (x86)/Arm GNU Toolchain arm-none-eabi/14.3 rel1/arm-none-eabi/include/c++/14.3.1/bits\stl_vector.h **** 
 220:C:/Program Files (x86)/Arm GNU Toolchain arm-none-eabi/14.3 rel1/arm-none-eabi/include/c++/14.3.1/bits\stl_vector.h **** 	    static _GLIBCXX20_CONSTEXPR void
 221:C:/Program Files (x86)/Arm GNU Toolchain arm-none-eabi/14.3 rel1/arm-none-eabi/include/c++/14.3.1/bits\stl_vector.h **** 	    _S_on_dealloc(_Vector_impl& __impl)
 222:C:/Program Files (x86)/Arm GNU Toolchain arm-none-eabi/14.3 rel1/arm-none-eabi/include/c++/14.3.1/bits\stl_vector.h **** 	    {
 223:C:/Program Files (x86)/Arm GNU Toolchain arm-none-eabi/14.3 rel1/arm-none-eabi/include/c++/14.3.1/bits\stl_vector.h **** 	      if (__impl._M_start)
 224:C:/Program Files (x86)/Arm GNU Toolchain arm-none-eabi/14.3 rel1/arm-none-eabi/include/c++/14.3.1/bits\stl_vector.h **** 		_S_adjust(__impl, __impl._M_finish, __impl._M_end_of_storage);
 225:C:/Program Files (x86)/Arm GNU Toolchain arm-none-eabi/14.3 rel1/arm-none-eabi/include/c++/14.3.1/bits\stl_vector.h **** 	    }
 226:C:/Program Files (x86)/Arm GNU Toolchain arm-none-eabi/14.3 rel1/arm-none-eabi/include/c++/14.3.1/bits\stl_vector.h **** 
 227:C:/Program Files (x86)/Arm GNU Toolchain arm-none-eabi/14.3 rel1/arm-none-eabi/include/c++/14.3.1/bits\stl_vector.h **** 	    // Used on reallocation to tell ASan unused capacity is invalid.
 228:C:/Program Files (x86)/Arm GNU Toolchain arm-none-eabi/14.3 rel1/arm-none-eabi/include/c++/14.3.1/bits\stl_vector.h **** 	    struct _Reinit
 229:C:/Program Files (x86)/Arm GNU Toolchain arm-none-eabi/14.3 rel1/arm-none-eabi/include/c++/14.3.1/bits\stl_vector.h **** 	    {
 230:C:/Program Files (x86)/Arm GNU Toolchain arm-none-eabi/14.3 rel1/arm-none-eabi/include/c++/14.3.1/bits\stl_vector.h **** 	      explicit _GLIBCXX20_CONSTEXPR
 231:C:/Program Files (x86)/Arm GNU Toolchain arm-none-eabi/14.3 rel1/arm-none-eabi/include/c++/14.3.1/bits\stl_vector.h **** 	      _Reinit(_Vector_impl& __impl) : _M_impl(__impl)
 232:C:/Program Files (x86)/Arm GNU Toolchain arm-none-eabi/14.3 rel1/arm-none-eabi/include/c++/14.3.1/bits\stl_vector.h **** 	      {
 233:C:/Program Files (x86)/Arm GNU Toolchain arm-none-eabi/14.3 rel1/arm-none-eabi/include/c++/14.3.1/bits\stl_vector.h **** 		// Mark unused capacity as valid again before deallocating it.
 234:C:/Program Files (x86)/Arm GNU Toolchain arm-none-eabi/14.3 rel1/arm-none-eabi/include/c++/14.3.1/bits\stl_vector.h **** 		_S_on_dealloc(_M_impl);
 235:C:/Program Files (x86)/Arm GNU Toolchain arm-none-eabi/14.3 rel1/arm-none-eabi/include/c++/14.3.1/bits\stl_vector.h **** 	      }
 236:C:/Program Files (x86)/Arm GNU Toolchain arm-none-eabi/14.3 rel1/arm-none-eabi/include/c++/14.3.1/bits\stl_vector.h **** 
 237:C:/Program Files (x86)/Arm GNU Toolchain arm-none-eabi/14.3 rel1/arm-none-eabi/include/c++/14.3.1/bits\stl_vector.h **** 	      _GLIBCXX20_CONSTEXPR
 238:C:/Program Files (x86)/Arm GNU Toolchain arm-none-eabi/14.3 rel1/arm-none-eabi/include/c++/14.3.1/bits\stl_vector.h **** 	      ~_Reinit()
 239:C:/Program Files (x86)/Arm GNU Toolchain arm-none-eabi/14.3 rel1/arm-none-eabi/include/c++/14.3.1/bits\stl_vector.h **** 	      {
 240:C:/Program Files (x86)/Arm GNU Toolchain arm-none-eabi/14.3 rel1/arm-none-eabi/include/c++/14.3.1/bits\stl_vector.h **** 		// Mark unused capacity as invalid after reallocation.
 241:C:/Program Files (x86)/Arm GNU Toolchain arm-none-eabi/14.3 rel1/arm-none-eabi/include/c++/14.3.1/bits\stl_vector.h **** 		if (_M_impl._M_start)
 242:C:/Program Files (x86)/Arm GNU Toolchain arm-none-eabi/14.3 rel1/arm-none-eabi/include/c++/14.3.1/bits\stl_vector.h **** 		  _S_adjust(_M_impl, _M_impl._M_end_of_storage,
 243:C:/Program Files (x86)/Arm GNU Toolchain arm-none-eabi/14.3 rel1/arm-none-eabi/include/c++/14.3.1/bits\stl_vector.h **** 			    _M_impl._M_finish);
 244:C:/Program Files (x86)/Arm GNU Toolchain arm-none-eabi/14.3 rel1/arm-none-eabi/include/c++/14.3.1/bits\stl_vector.h **** 	      }
 245:C:/Program Files (x86)/Arm GNU Toolchain arm-none-eabi/14.3 rel1/arm-none-eabi/include/c++/14.3.1/bits\stl_vector.h **** 
 246:C:/Program Files (x86)/Arm GNU Toolchain arm-none-eabi/14.3 rel1/arm-none-eabi/include/c++/14.3.1/bits\stl_vector.h **** 	      _Vector_impl& _M_impl;
 247:C:/Program Files (x86)/Arm GNU Toolchain arm-none-eabi/14.3 rel1/arm-none-eabi/include/c++/14.3.1/bits\stl_vector.h **** 
 248:C:/Program Files (x86)/Arm GNU Toolchain arm-none-eabi/14.3 rel1/arm-none-eabi/include/c++/14.3.1/bits\stl_vector.h **** #if __cplusplus >= 201103L
 249:C:/Program Files (x86)/Arm GNU Toolchain arm-none-eabi/14.3 rel1/arm-none-eabi/include/c++/14.3.1/bits\stl_vector.h **** 	      _Reinit(const _Reinit&) = delete;
 250:C:/Program Files (x86)/Arm GNU Toolchain arm-none-eabi/14.3 rel1/arm-none-eabi/include/c++/14.3.1/bits\stl_vector.h **** 	      _Reinit& operator=(const _Reinit&) = delete;
 251:C:/Program Files (x86)/Arm GNU Toolchain arm-none-eabi/14.3 rel1/arm-none-eabi/include/c++/14.3.1/bits\stl_vector.h **** #endif
 252:C:/Program Files (x86)/Arm GNU Toolchain arm-none-eabi/14.3 rel1/arm-none-eabi/include/c++/14.3.1/bits\stl_vector.h **** 	    };
 253:C:/Program Files (x86)/Arm GNU Toolchain arm-none-eabi/14.3 rel1/arm-none-eabi/include/c++/14.3.1/bits\stl_vector.h **** 
 254:C:/Program Files (x86)/Arm GNU Toolchain arm-none-eabi/14.3 rel1/arm-none-eabi/include/c++/14.3.1/bits\stl_vector.h **** 	    // Tell ASan when unused capacity is initialized to be valid.
 255:C:/Program Files (x86)/Arm GNU Toolchain arm-none-eabi/14.3 rel1/arm-none-eabi/include/c++/14.3.1/bits\stl_vector.h **** 	    struct _Grow
 256:C:/Program Files (x86)/Arm GNU Toolchain arm-none-eabi/14.3 rel1/arm-none-eabi/include/c++/14.3.1/bits\stl_vector.h **** 	    {
 257:C:/Program Files (x86)/Arm GNU Toolchain arm-none-eabi/14.3 rel1/arm-none-eabi/include/c++/14.3.1/bits\stl_vector.h **** 	      _GLIBCXX20_CONSTEXPR
 258:C:/Program Files (x86)/Arm GNU Toolchain arm-none-eabi/14.3 rel1/arm-none-eabi/include/c++/14.3.1/bits\stl_vector.h **** 	      _Grow(_Vector_impl& __impl, size_type __n)
 259:C:/Program Files (x86)/Arm GNU Toolchain arm-none-eabi/14.3 rel1/arm-none-eabi/include/c++/14.3.1/bits\stl_vector.h **** 	      : _M_impl(__impl), _M_n(__n)
 260:C:/Program Files (x86)/Arm GNU Toolchain arm-none-eabi/14.3 rel1/arm-none-eabi/include/c++/14.3.1/bits\stl_vector.h **** 	      { _S_grow(_M_impl, __n); }
 261:C:/Program Files (x86)/Arm GNU Toolchain arm-none-eabi/14.3 rel1/arm-none-eabi/include/c++/14.3.1/bits\stl_vector.h **** 
 262:C:/Program Files (x86)/Arm GNU Toolchain arm-none-eabi/14.3 rel1/arm-none-eabi/include/c++/14.3.1/bits\stl_vector.h **** 	      _GLIBCXX20_CONSTEXPR
 263:C:/Program Files (x86)/Arm GNU Toolchain arm-none-eabi/14.3 rel1/arm-none-eabi/include/c++/14.3.1/bits\stl_vector.h **** 	      ~_Grow() { if (_M_n) _S_shrink(_M_impl, _M_n); }
 264:C:/Program Files (x86)/Arm GNU Toolchain arm-none-eabi/14.3 rel1/arm-none-eabi/include/c++/14.3.1/bits\stl_vector.h **** 
 265:C:/Program Files (x86)/Arm GNU Toolchain arm-none-eabi/14.3 rel1/arm-none-eabi/include/c++/14.3.1/bits\stl_vector.h **** 	      _GLIBCXX20_CONSTEXPR
 266:C:/Program Files (x86)/Arm GNU Toolchain arm-none-eabi/14.3 rel1/arm-none-eabi/include/c++/14.3.1/bits\stl_vector.h **** 	      void _M_grew(size_type __n) { _M_n -= __n; }
 267:C:/Program Files (x86)/Arm GNU Toolchain arm-none-eabi/14.3 rel1/arm-none-eabi/include/c++/14.3.1/bits\stl_vector.h **** 
 268:C:/Program Files (x86)/Arm GNU Toolchain arm-none-eabi/14.3 rel1/arm-none-eabi/include/c++/14.3.1/bits\stl_vector.h **** #if __cplusplus >= 201103L
 269:C:/Program Files (x86)/Arm GNU Toolchain arm-none-eabi/14.3 rel1/arm-none-eabi/include/c++/14.3.1/bits\stl_vector.h **** 	      _Grow(const _Grow&) = delete;
 270:C:/Program Files (x86)/Arm GNU Toolchain arm-none-eabi/14.3 rel1/arm-none-eabi/include/c++/14.3.1/bits\stl_vector.h **** 	      _Grow& operator=(const _Grow&) = delete;
 271:C:/Program Files (x86)/Arm GNU Toolchain arm-none-eabi/14.3 rel1/arm-none-eabi/include/c++/14.3.1/bits\stl_vector.h **** #endif
ARM GAS  C:\Users\Oliver\AppData\Local\Temp\cc4VwjOw.s 			page 11


 272:C:/Program Files (x86)/Arm GNU Toolchain arm-none-eabi/14.3 rel1/arm-none-eabi/include/c++/14.3.1/bits\stl_vector.h **** 	    private:
 273:C:/Program Files (x86)/Arm GNU Toolchain arm-none-eabi/14.3 rel1/arm-none-eabi/include/c++/14.3.1/bits\stl_vector.h **** 	      _Vector_impl& _M_impl;
 274:C:/Program Files (x86)/Arm GNU Toolchain arm-none-eabi/14.3 rel1/arm-none-eabi/include/c++/14.3.1/bits\stl_vector.h **** 	      size_type _M_n;
 275:C:/Program Files (x86)/Arm GNU Toolchain arm-none-eabi/14.3 rel1/arm-none-eabi/include/c++/14.3.1/bits\stl_vector.h **** 	    };
 276:C:/Program Files (x86)/Arm GNU Toolchain arm-none-eabi/14.3 rel1/arm-none-eabi/include/c++/14.3.1/bits\stl_vector.h **** 	  };
 277:C:/Program Files (x86)/Arm GNU Toolchain arm-none-eabi/14.3 rel1/arm-none-eabi/include/c++/14.3.1/bits\stl_vector.h **** 
 278:C:/Program Files (x86)/Arm GNU Toolchain arm-none-eabi/14.3 rel1/arm-none-eabi/include/c++/14.3.1/bits\stl_vector.h **** #define _GLIBCXX_ASAN_ANNOTATE_REINIT \
 279:C:/Program Files (x86)/Arm GNU Toolchain arm-none-eabi/14.3 rel1/arm-none-eabi/include/c++/14.3.1/bits\stl_vector.h ****   typename _Base::_Vector_impl::template _Asan<>::_Reinit const \
 280:C:/Program Files (x86)/Arm GNU Toolchain arm-none-eabi/14.3 rel1/arm-none-eabi/include/c++/14.3.1/bits\stl_vector.h **** 	__attribute__((__unused__)) __reinit_guard(this->_M_impl)
 281:C:/Program Files (x86)/Arm GNU Toolchain arm-none-eabi/14.3 rel1/arm-none-eabi/include/c++/14.3.1/bits\stl_vector.h **** #define _GLIBCXX_ASAN_ANNOTATE_GROW(n) \
 282:C:/Program Files (x86)/Arm GNU Toolchain arm-none-eabi/14.3 rel1/arm-none-eabi/include/c++/14.3.1/bits\stl_vector.h ****   typename _Base::_Vector_impl::template _Asan<>::_Grow \
 283:C:/Program Files (x86)/Arm GNU Toolchain arm-none-eabi/14.3 rel1/arm-none-eabi/include/c++/14.3.1/bits\stl_vector.h **** 	__attribute__((__unused__)) __grow_guard(this->_M_impl, (n))
 284:C:/Program Files (x86)/Arm GNU Toolchain arm-none-eabi/14.3 rel1/arm-none-eabi/include/c++/14.3.1/bits\stl_vector.h **** #define _GLIBCXX_ASAN_ANNOTATE_GREW(n) __grow_guard._M_grew(n)
 285:C:/Program Files (x86)/Arm GNU Toolchain arm-none-eabi/14.3 rel1/arm-none-eabi/include/c++/14.3.1/bits\stl_vector.h **** #define _GLIBCXX_ASAN_ANNOTATE_SHRINK(n) \
 286:C:/Program Files (x86)/Arm GNU Toolchain arm-none-eabi/14.3 rel1/arm-none-eabi/include/c++/14.3.1/bits\stl_vector.h ****   _Base::_Vector_impl::template _Asan<>::_S_shrink(this->_M_impl, n)
 287:C:/Program Files (x86)/Arm GNU Toolchain arm-none-eabi/14.3 rel1/arm-none-eabi/include/c++/14.3.1/bits\stl_vector.h **** #define _GLIBCXX_ASAN_ANNOTATE_BEFORE_DEALLOC \
 288:C:/Program Files (x86)/Arm GNU Toolchain arm-none-eabi/14.3 rel1/arm-none-eabi/include/c++/14.3.1/bits\stl_vector.h ****   _Base::_Vector_impl::template _Asan<>::_S_on_dealloc(this->_M_impl)
 289:C:/Program Files (x86)/Arm GNU Toolchain arm-none-eabi/14.3 rel1/arm-none-eabi/include/c++/14.3.1/bits\stl_vector.h **** #else // ! (_GLIBCXX_SANITIZE_STD_ALLOCATOR && _GLIBCXX_SANITIZE_VECTOR)
 290:C:/Program Files (x86)/Arm GNU Toolchain arm-none-eabi/14.3 rel1/arm-none-eabi/include/c++/14.3.1/bits\stl_vector.h **** #define _GLIBCXX_ASAN_ANNOTATE_REINIT
 291:C:/Program Files (x86)/Arm GNU Toolchain arm-none-eabi/14.3 rel1/arm-none-eabi/include/c++/14.3.1/bits\stl_vector.h **** #define _GLIBCXX_ASAN_ANNOTATE_GROW(n)
 292:C:/Program Files (x86)/Arm GNU Toolchain arm-none-eabi/14.3 rel1/arm-none-eabi/include/c++/14.3.1/bits\stl_vector.h **** #define _GLIBCXX_ASAN_ANNOTATE_GREW(n)
 293:C:/Program Files (x86)/Arm GNU Toolchain arm-none-eabi/14.3 rel1/arm-none-eabi/include/c++/14.3.1/bits\stl_vector.h **** #define _GLIBCXX_ASAN_ANNOTATE_SHRINK(n)
 294:C:/Program Files (x86)/Arm GNU Toolchain arm-none-eabi/14.3 rel1/arm-none-eabi/include/c++/14.3.1/bits\stl_vector.h **** #define _GLIBCXX_ASAN_ANNOTATE_BEFORE_DEALLOC
 295:C:/Program Files (x86)/Arm GNU Toolchain arm-none-eabi/14.3 rel1/arm-none-eabi/include/c++/14.3.1/bits\stl_vector.h **** #endif // _GLIBCXX_SANITIZE_STD_ALLOCATOR && _GLIBCXX_SANITIZE_VECTOR
 296:C:/Program Files (x86)/Arm GNU Toolchain arm-none-eabi/14.3 rel1/arm-none-eabi/include/c++/14.3.1/bits\stl_vector.h ****       };
 297:C:/Program Files (x86)/Arm GNU Toolchain arm-none-eabi/14.3 rel1/arm-none-eabi/include/c++/14.3.1/bits\stl_vector.h **** 
 298:C:/Program Files (x86)/Arm GNU Toolchain arm-none-eabi/14.3 rel1/arm-none-eabi/include/c++/14.3.1/bits\stl_vector.h ****     public:
 299:C:/Program Files (x86)/Arm GNU Toolchain arm-none-eabi/14.3 rel1/arm-none-eabi/include/c++/14.3.1/bits\stl_vector.h ****       typedef _Alloc allocator_type;
 300:C:/Program Files (x86)/Arm GNU Toolchain arm-none-eabi/14.3 rel1/arm-none-eabi/include/c++/14.3.1/bits\stl_vector.h **** 
 301:C:/Program Files (x86)/Arm GNU Toolchain arm-none-eabi/14.3 rel1/arm-none-eabi/include/c++/14.3.1/bits\stl_vector.h ****       _GLIBCXX20_CONSTEXPR
 302:C:/Program Files (x86)/Arm GNU Toolchain arm-none-eabi/14.3 rel1/arm-none-eabi/include/c++/14.3.1/bits\stl_vector.h ****       _Tp_alloc_type&
 303:C:/Program Files (x86)/Arm GNU Toolchain arm-none-eabi/14.3 rel1/arm-none-eabi/include/c++/14.3.1/bits\stl_vector.h ****       _M_get_Tp_allocator() _GLIBCXX_NOEXCEPT
 304:C:/Program Files (x86)/Arm GNU Toolchain arm-none-eabi/14.3 rel1/arm-none-eabi/include/c++/14.3.1/bits\stl_vector.h ****       { return this->_M_impl; }
 305:C:/Program Files (x86)/Arm GNU Toolchain arm-none-eabi/14.3 rel1/arm-none-eabi/include/c++/14.3.1/bits\stl_vector.h **** 
 306:C:/Program Files (x86)/Arm GNU Toolchain arm-none-eabi/14.3 rel1/arm-none-eabi/include/c++/14.3.1/bits\stl_vector.h ****       _GLIBCXX20_CONSTEXPR
 307:C:/Program Files (x86)/Arm GNU Toolchain arm-none-eabi/14.3 rel1/arm-none-eabi/include/c++/14.3.1/bits\stl_vector.h ****       const _Tp_alloc_type&
 308:C:/Program Files (x86)/Arm GNU Toolchain arm-none-eabi/14.3 rel1/arm-none-eabi/include/c++/14.3.1/bits\stl_vector.h ****       _M_get_Tp_allocator() const _GLIBCXX_NOEXCEPT
 309:C:/Program Files (x86)/Arm GNU Toolchain arm-none-eabi/14.3 rel1/arm-none-eabi/include/c++/14.3.1/bits\stl_vector.h ****       { return this->_M_impl; }
 310:C:/Program Files (x86)/Arm GNU Toolchain arm-none-eabi/14.3 rel1/arm-none-eabi/include/c++/14.3.1/bits\stl_vector.h **** 
 311:C:/Program Files (x86)/Arm GNU Toolchain arm-none-eabi/14.3 rel1/arm-none-eabi/include/c++/14.3.1/bits\stl_vector.h ****       _GLIBCXX20_CONSTEXPR
 312:C:/Program Files (x86)/Arm GNU Toolchain arm-none-eabi/14.3 rel1/arm-none-eabi/include/c++/14.3.1/bits\stl_vector.h ****       allocator_type
 313:C:/Program Files (x86)/Arm GNU Toolchain arm-none-eabi/14.3 rel1/arm-none-eabi/include/c++/14.3.1/bits\stl_vector.h ****       get_allocator() const _GLIBCXX_NOEXCEPT
 314:C:/Program Files (x86)/Arm GNU Toolchain arm-none-eabi/14.3 rel1/arm-none-eabi/include/c++/14.3.1/bits\stl_vector.h ****       { return allocator_type(_M_get_Tp_allocator()); }
 315:C:/Program Files (x86)/Arm GNU Toolchain arm-none-eabi/14.3 rel1/arm-none-eabi/include/c++/14.3.1/bits\stl_vector.h **** 
 316:C:/Program Files (x86)/Arm GNU Toolchain arm-none-eabi/14.3 rel1/arm-none-eabi/include/c++/14.3.1/bits\stl_vector.h **** #if __cplusplus >= 201103L
 317:C:/Program Files (x86)/Arm GNU Toolchain arm-none-eabi/14.3 rel1/arm-none-eabi/include/c++/14.3.1/bits\stl_vector.h ****       _Vector_base() = default;
 318:C:/Program Files (x86)/Arm GNU Toolchain arm-none-eabi/14.3 rel1/arm-none-eabi/include/c++/14.3.1/bits\stl_vector.h **** #else
 319:C:/Program Files (x86)/Arm GNU Toolchain arm-none-eabi/14.3 rel1/arm-none-eabi/include/c++/14.3.1/bits\stl_vector.h ****       _Vector_base() { }
 320:C:/Program Files (x86)/Arm GNU Toolchain arm-none-eabi/14.3 rel1/arm-none-eabi/include/c++/14.3.1/bits\stl_vector.h **** #endif
 321:C:/Program Files (x86)/Arm GNU Toolchain arm-none-eabi/14.3 rel1/arm-none-eabi/include/c++/14.3.1/bits\stl_vector.h **** 
 322:C:/Program Files (x86)/Arm GNU Toolchain arm-none-eabi/14.3 rel1/arm-none-eabi/include/c++/14.3.1/bits\stl_vector.h ****       _GLIBCXX20_CONSTEXPR
 323:C:/Program Files (x86)/Arm GNU Toolchain arm-none-eabi/14.3 rel1/arm-none-eabi/include/c++/14.3.1/bits\stl_vector.h ****       _Vector_base(const allocator_type& __a) _GLIBCXX_NOEXCEPT
 324:C:/Program Files (x86)/Arm GNU Toolchain arm-none-eabi/14.3 rel1/arm-none-eabi/include/c++/14.3.1/bits\stl_vector.h ****       : _M_impl(__a) { }
 325:C:/Program Files (x86)/Arm GNU Toolchain arm-none-eabi/14.3 rel1/arm-none-eabi/include/c++/14.3.1/bits\stl_vector.h **** 
 326:C:/Program Files (x86)/Arm GNU Toolchain arm-none-eabi/14.3 rel1/arm-none-eabi/include/c++/14.3.1/bits\stl_vector.h ****       // Kept for ABI compatibility.
 327:C:/Program Files (x86)/Arm GNU Toolchain arm-none-eabi/14.3 rel1/arm-none-eabi/include/c++/14.3.1/bits\stl_vector.h **** #if !_GLIBCXX_INLINE_VERSION
 328:C:/Program Files (x86)/Arm GNU Toolchain arm-none-eabi/14.3 rel1/arm-none-eabi/include/c++/14.3.1/bits\stl_vector.h ****       _GLIBCXX20_CONSTEXPR
ARM GAS  C:\Users\Oliver\AppData\Local\Temp\cc4VwjOw.s 			page 12


 329:C:/Program Files (x86)/Arm GNU Toolchain arm-none-eabi/14.3 rel1/arm-none-eabi/include/c++/14.3.1/bits\stl_vector.h ****       _Vector_base(size_t __n)
 330:C:/Program Files (x86)/Arm GNU Toolchain arm-none-eabi/14.3 rel1/arm-none-eabi/include/c++/14.3.1/bits\stl_vector.h ****       : _M_impl()
 331:C:/Program Files (x86)/Arm GNU Toolchain arm-none-eabi/14.3 rel1/arm-none-eabi/include/c++/14.3.1/bits\stl_vector.h ****       { _M_create_storage(__n); }
 332:C:/Program Files (x86)/Arm GNU Toolchain arm-none-eabi/14.3 rel1/arm-none-eabi/include/c++/14.3.1/bits\stl_vector.h **** #endif
 333:C:/Program Files (x86)/Arm GNU Toolchain arm-none-eabi/14.3 rel1/arm-none-eabi/include/c++/14.3.1/bits\stl_vector.h **** 
 334:C:/Program Files (x86)/Arm GNU Toolchain arm-none-eabi/14.3 rel1/arm-none-eabi/include/c++/14.3.1/bits\stl_vector.h ****       _GLIBCXX20_CONSTEXPR
 335:C:/Program Files (x86)/Arm GNU Toolchain arm-none-eabi/14.3 rel1/arm-none-eabi/include/c++/14.3.1/bits\stl_vector.h ****       _Vector_base(size_t __n, const allocator_type& __a)
 336:C:/Program Files (x86)/Arm GNU Toolchain arm-none-eabi/14.3 rel1/arm-none-eabi/include/c++/14.3.1/bits\stl_vector.h ****       : _M_impl(__a)
 337:C:/Program Files (x86)/Arm GNU Toolchain arm-none-eabi/14.3 rel1/arm-none-eabi/include/c++/14.3.1/bits\stl_vector.h ****       { _M_create_storage(__n); }
 338:C:/Program Files (x86)/Arm GNU Toolchain arm-none-eabi/14.3 rel1/arm-none-eabi/include/c++/14.3.1/bits\stl_vector.h **** 
 339:C:/Program Files (x86)/Arm GNU Toolchain arm-none-eabi/14.3 rel1/arm-none-eabi/include/c++/14.3.1/bits\stl_vector.h **** #if __cplusplus >= 201103L
 340:C:/Program Files (x86)/Arm GNU Toolchain arm-none-eabi/14.3 rel1/arm-none-eabi/include/c++/14.3.1/bits\stl_vector.h ****       _Vector_base(_Vector_base&&) = default;
 341:C:/Program Files (x86)/Arm GNU Toolchain arm-none-eabi/14.3 rel1/arm-none-eabi/include/c++/14.3.1/bits\stl_vector.h **** 
 342:C:/Program Files (x86)/Arm GNU Toolchain arm-none-eabi/14.3 rel1/arm-none-eabi/include/c++/14.3.1/bits\stl_vector.h ****       // Kept for ABI compatibility.
 343:C:/Program Files (x86)/Arm GNU Toolchain arm-none-eabi/14.3 rel1/arm-none-eabi/include/c++/14.3.1/bits\stl_vector.h **** # if !_GLIBCXX_INLINE_VERSION
 344:C:/Program Files (x86)/Arm GNU Toolchain arm-none-eabi/14.3 rel1/arm-none-eabi/include/c++/14.3.1/bits\stl_vector.h ****       _GLIBCXX20_CONSTEXPR
 345:C:/Program Files (x86)/Arm GNU Toolchain arm-none-eabi/14.3 rel1/arm-none-eabi/include/c++/14.3.1/bits\stl_vector.h ****       _Vector_base(_Tp_alloc_type&& __a) noexcept
 346:C:/Program Files (x86)/Arm GNU Toolchain arm-none-eabi/14.3 rel1/arm-none-eabi/include/c++/14.3.1/bits\stl_vector.h ****       : _M_impl(std::move(__a)) { }
 347:C:/Program Files (x86)/Arm GNU Toolchain arm-none-eabi/14.3 rel1/arm-none-eabi/include/c++/14.3.1/bits\stl_vector.h **** 
 348:C:/Program Files (x86)/Arm GNU Toolchain arm-none-eabi/14.3 rel1/arm-none-eabi/include/c++/14.3.1/bits\stl_vector.h ****       _GLIBCXX20_CONSTEXPR
 349:C:/Program Files (x86)/Arm GNU Toolchain arm-none-eabi/14.3 rel1/arm-none-eabi/include/c++/14.3.1/bits\stl_vector.h ****       _Vector_base(_Vector_base&& __x, const allocator_type& __a)
 350:C:/Program Files (x86)/Arm GNU Toolchain arm-none-eabi/14.3 rel1/arm-none-eabi/include/c++/14.3.1/bits\stl_vector.h ****       : _M_impl(__a)
 351:C:/Program Files (x86)/Arm GNU Toolchain arm-none-eabi/14.3 rel1/arm-none-eabi/include/c++/14.3.1/bits\stl_vector.h ****       {
 352:C:/Program Files (x86)/Arm GNU Toolchain arm-none-eabi/14.3 rel1/arm-none-eabi/include/c++/14.3.1/bits\stl_vector.h **** 	if (__x.get_allocator() == __a)
 353:C:/Program Files (x86)/Arm GNU Toolchain arm-none-eabi/14.3 rel1/arm-none-eabi/include/c++/14.3.1/bits\stl_vector.h **** 	  this->_M_impl._M_swap_data(__x._M_impl);
 354:C:/Program Files (x86)/Arm GNU Toolchain arm-none-eabi/14.3 rel1/arm-none-eabi/include/c++/14.3.1/bits\stl_vector.h **** 	else
 355:C:/Program Files (x86)/Arm GNU Toolchain arm-none-eabi/14.3 rel1/arm-none-eabi/include/c++/14.3.1/bits\stl_vector.h **** 	  {
 356:C:/Program Files (x86)/Arm GNU Toolchain arm-none-eabi/14.3 rel1/arm-none-eabi/include/c++/14.3.1/bits\stl_vector.h **** 	    size_t __n = __x._M_impl._M_finish - __x._M_impl._M_start;
 357:C:/Program Files (x86)/Arm GNU Toolchain arm-none-eabi/14.3 rel1/arm-none-eabi/include/c++/14.3.1/bits\stl_vector.h **** 	    _M_create_storage(__n);
 358:C:/Program Files (x86)/Arm GNU Toolchain arm-none-eabi/14.3 rel1/arm-none-eabi/include/c++/14.3.1/bits\stl_vector.h **** 	  }
 359:C:/Program Files (x86)/Arm GNU Toolchain arm-none-eabi/14.3 rel1/arm-none-eabi/include/c++/14.3.1/bits\stl_vector.h ****       }
 360:C:/Program Files (x86)/Arm GNU Toolchain arm-none-eabi/14.3 rel1/arm-none-eabi/include/c++/14.3.1/bits\stl_vector.h **** # endif
 361:C:/Program Files (x86)/Arm GNU Toolchain arm-none-eabi/14.3 rel1/arm-none-eabi/include/c++/14.3.1/bits\stl_vector.h **** 
 362:C:/Program Files (x86)/Arm GNU Toolchain arm-none-eabi/14.3 rel1/arm-none-eabi/include/c++/14.3.1/bits\stl_vector.h ****       _GLIBCXX20_CONSTEXPR
 363:C:/Program Files (x86)/Arm GNU Toolchain arm-none-eabi/14.3 rel1/arm-none-eabi/include/c++/14.3.1/bits\stl_vector.h ****       _Vector_base(const allocator_type& __a, _Vector_base&& __x)
 364:C:/Program Files (x86)/Arm GNU Toolchain arm-none-eabi/14.3 rel1/arm-none-eabi/include/c++/14.3.1/bits\stl_vector.h ****       : _M_impl(_Tp_alloc_type(__a), std::move(__x._M_impl))
 365:C:/Program Files (x86)/Arm GNU Toolchain arm-none-eabi/14.3 rel1/arm-none-eabi/include/c++/14.3.1/bits\stl_vector.h ****       { }
 366:C:/Program Files (x86)/Arm GNU Toolchain arm-none-eabi/14.3 rel1/arm-none-eabi/include/c++/14.3.1/bits\stl_vector.h **** #endif
 367:C:/Program Files (x86)/Arm GNU Toolchain arm-none-eabi/14.3 rel1/arm-none-eabi/include/c++/14.3.1/bits\stl_vector.h **** 
 368:C:/Program Files (x86)/Arm GNU Toolchain arm-none-eabi/14.3 rel1/arm-none-eabi/include/c++/14.3.1/bits\stl_vector.h ****       _GLIBCXX20_CONSTEXPR
 369:C:/Program Files (x86)/Arm GNU Toolchain arm-none-eabi/14.3 rel1/arm-none-eabi/include/c++/14.3.1/bits\stl_vector.h ****       ~_Vector_base() _GLIBCXX_NOEXCEPT
 370:C:/Program Files (x86)/Arm GNU Toolchain arm-none-eabi/14.3 rel1/arm-none-eabi/include/c++/14.3.1/bits\stl_vector.h ****       {
 371:C:/Program Files (x86)/Arm GNU Toolchain arm-none-eabi/14.3 rel1/arm-none-eabi/include/c++/14.3.1/bits\stl_vector.h **** 	_M_deallocate(_M_impl._M_start,
 372:C:/Program Files (x86)/Arm GNU Toolchain arm-none-eabi/14.3 rel1/arm-none-eabi/include/c++/14.3.1/bits\stl_vector.h **** 		      _M_impl._M_end_of_storage - _M_impl._M_start);
 373:C:/Program Files (x86)/Arm GNU Toolchain arm-none-eabi/14.3 rel1/arm-none-eabi/include/c++/14.3.1/bits\stl_vector.h ****       }
 374:C:/Program Files (x86)/Arm GNU Toolchain arm-none-eabi/14.3 rel1/arm-none-eabi/include/c++/14.3.1/bits\stl_vector.h **** 
 375:C:/Program Files (x86)/Arm GNU Toolchain arm-none-eabi/14.3 rel1/arm-none-eabi/include/c++/14.3.1/bits\stl_vector.h ****     public:
 376:C:/Program Files (x86)/Arm GNU Toolchain arm-none-eabi/14.3 rel1/arm-none-eabi/include/c++/14.3.1/bits\stl_vector.h ****       _Vector_impl _M_impl;
 377:C:/Program Files (x86)/Arm GNU Toolchain arm-none-eabi/14.3 rel1/arm-none-eabi/include/c++/14.3.1/bits\stl_vector.h **** 
 378:C:/Program Files (x86)/Arm GNU Toolchain arm-none-eabi/14.3 rel1/arm-none-eabi/include/c++/14.3.1/bits\stl_vector.h ****       _GLIBCXX20_CONSTEXPR
 379:C:/Program Files (x86)/Arm GNU Toolchain arm-none-eabi/14.3 rel1/arm-none-eabi/include/c++/14.3.1/bits\stl_vector.h ****       pointer
 380:C:/Program Files (x86)/Arm GNU Toolchain arm-none-eabi/14.3 rel1/arm-none-eabi/include/c++/14.3.1/bits\stl_vector.h ****       _M_allocate(size_t __n)
 381:C:/Program Files (x86)/Arm GNU Toolchain arm-none-eabi/14.3 rel1/arm-none-eabi/include/c++/14.3.1/bits\stl_vector.h ****       {
 382:C:/Program Files (x86)/Arm GNU Toolchain arm-none-eabi/14.3 rel1/arm-none-eabi/include/c++/14.3.1/bits\stl_vector.h **** 	typedef __gnu_cxx::__alloc_traits<_Tp_alloc_type> _Tr;
 383:C:/Program Files (x86)/Arm GNU Toolchain arm-none-eabi/14.3 rel1/arm-none-eabi/include/c++/14.3.1/bits\stl_vector.h **** 	return __n != 0 ? _Tr::allocate(_M_impl, __n) : pointer();
 384:C:/Program Files (x86)/Arm GNU Toolchain arm-none-eabi/14.3 rel1/arm-none-eabi/include/c++/14.3.1/bits\stl_vector.h ****       }
 385:C:/Program Files (x86)/Arm GNU Toolchain arm-none-eabi/14.3 rel1/arm-none-eabi/include/c++/14.3.1/bits\stl_vector.h **** 
ARM GAS  C:\Users\Oliver\AppData\Local\Temp\cc4VwjOw.s 			page 13


 386:C:/Program Files (x86)/Arm GNU Toolchain arm-none-eabi/14.3 rel1/arm-none-eabi/include/c++/14.3.1/bits\stl_vector.h ****       _GLIBCXX20_CONSTEXPR
 387:C:/Program Files (x86)/Arm GNU Toolchain arm-none-eabi/14.3 rel1/arm-none-eabi/include/c++/14.3.1/bits\stl_vector.h ****       void
 388:C:/Program Files (x86)/Arm GNU Toolchain arm-none-eabi/14.3 rel1/arm-none-eabi/include/c++/14.3.1/bits\stl_vector.h ****       _M_deallocate(pointer __p, size_t __n)
 389:C:/Program Files (x86)/Arm GNU Toolchain arm-none-eabi/14.3 rel1/arm-none-eabi/include/c++/14.3.1/bits\stl_vector.h ****       {
 390:C:/Program Files (x86)/Arm GNU Toolchain arm-none-eabi/14.3 rel1/arm-none-eabi/include/c++/14.3.1/bits\stl_vector.h **** 	typedef __gnu_cxx::__alloc_traits<_Tp_alloc_type> _Tr;
 391:C:/Program Files (x86)/Arm GNU Toolchain arm-none-eabi/14.3 rel1/arm-none-eabi/include/c++/14.3.1/bits\stl_vector.h **** 	if (__p)
 392:C:/Program Files (x86)/Arm GNU Toolchain arm-none-eabi/14.3 rel1/arm-none-eabi/include/c++/14.3.1/bits\stl_vector.h **** 	  _Tr::deallocate(_M_impl, __p, __n);
 393:C:/Program Files (x86)/Arm GNU Toolchain arm-none-eabi/14.3 rel1/arm-none-eabi/include/c++/14.3.1/bits\stl_vector.h ****       }
 394:C:/Program Files (x86)/Arm GNU Toolchain arm-none-eabi/14.3 rel1/arm-none-eabi/include/c++/14.3.1/bits\stl_vector.h **** 
 395:C:/Program Files (x86)/Arm GNU Toolchain arm-none-eabi/14.3 rel1/arm-none-eabi/include/c++/14.3.1/bits\stl_vector.h ****     protected:
 396:C:/Program Files (x86)/Arm GNU Toolchain arm-none-eabi/14.3 rel1/arm-none-eabi/include/c++/14.3.1/bits\stl_vector.h **** 
 397:C:/Program Files (x86)/Arm GNU Toolchain arm-none-eabi/14.3 rel1/arm-none-eabi/include/c++/14.3.1/bits\stl_vector.h ****       _GLIBCXX20_CONSTEXPR
 398:C:/Program Files (x86)/Arm GNU Toolchain arm-none-eabi/14.3 rel1/arm-none-eabi/include/c++/14.3.1/bits\stl_vector.h ****       void
 399:C:/Program Files (x86)/Arm GNU Toolchain arm-none-eabi/14.3 rel1/arm-none-eabi/include/c++/14.3.1/bits\stl_vector.h ****       _M_create_storage(size_t __n)
 400:C:/Program Files (x86)/Arm GNU Toolchain arm-none-eabi/14.3 rel1/arm-none-eabi/include/c++/14.3.1/bits\stl_vector.h ****       {
 401:C:/Program Files (x86)/Arm GNU Toolchain arm-none-eabi/14.3 rel1/arm-none-eabi/include/c++/14.3.1/bits\stl_vector.h **** 	this->_M_impl._M_start = this->_M_allocate(__n);
 402:C:/Program Files (x86)/Arm GNU Toolchain arm-none-eabi/14.3 rel1/arm-none-eabi/include/c++/14.3.1/bits\stl_vector.h **** 	this->_M_impl._M_finish = this->_M_impl._M_start;
 403:C:/Program Files (x86)/Arm GNU Toolchain arm-none-eabi/14.3 rel1/arm-none-eabi/include/c++/14.3.1/bits\stl_vector.h **** 	this->_M_impl._M_end_of_storage = this->_M_impl._M_start + __n;
 404:C:/Program Files (x86)/Arm GNU Toolchain arm-none-eabi/14.3 rel1/arm-none-eabi/include/c++/14.3.1/bits\stl_vector.h ****       }
 405:C:/Program Files (x86)/Arm GNU Toolchain arm-none-eabi/14.3 rel1/arm-none-eabi/include/c++/14.3.1/bits\stl_vector.h ****     };
 406:C:/Program Files (x86)/Arm GNU Toolchain arm-none-eabi/14.3 rel1/arm-none-eabi/include/c++/14.3.1/bits\stl_vector.h **** 
 407:C:/Program Files (x86)/Arm GNU Toolchain arm-none-eabi/14.3 rel1/arm-none-eabi/include/c++/14.3.1/bits\stl_vector.h ****   /**
 408:C:/Program Files (x86)/Arm GNU Toolchain arm-none-eabi/14.3 rel1/arm-none-eabi/include/c++/14.3.1/bits\stl_vector.h ****    *  @brief A standard container which offers fixed time access to
 409:C:/Program Files (x86)/Arm GNU Toolchain arm-none-eabi/14.3 rel1/arm-none-eabi/include/c++/14.3.1/bits\stl_vector.h ****    *  individual elements in any order.
 410:C:/Program Files (x86)/Arm GNU Toolchain arm-none-eabi/14.3 rel1/arm-none-eabi/include/c++/14.3.1/bits\stl_vector.h ****    *
 411:C:/Program Files (x86)/Arm GNU Toolchain arm-none-eabi/14.3 rel1/arm-none-eabi/include/c++/14.3.1/bits\stl_vector.h ****    *  @ingroup sequences
 412:C:/Program Files (x86)/Arm GNU Toolchain arm-none-eabi/14.3 rel1/arm-none-eabi/include/c++/14.3.1/bits\stl_vector.h ****    *  @headerfile vector
 413:C:/Program Files (x86)/Arm GNU Toolchain arm-none-eabi/14.3 rel1/arm-none-eabi/include/c++/14.3.1/bits\stl_vector.h ****    *  @since C++98
 414:C:/Program Files (x86)/Arm GNU Toolchain arm-none-eabi/14.3 rel1/arm-none-eabi/include/c++/14.3.1/bits\stl_vector.h ****    *
 415:C:/Program Files (x86)/Arm GNU Toolchain arm-none-eabi/14.3 rel1/arm-none-eabi/include/c++/14.3.1/bits\stl_vector.h ****    *  @tparam _Tp  Type of element.
 416:C:/Program Files (x86)/Arm GNU Toolchain arm-none-eabi/14.3 rel1/arm-none-eabi/include/c++/14.3.1/bits\stl_vector.h ****    *  @tparam _Alloc  Allocator type, defaults to allocator<_Tp>.
 417:C:/Program Files (x86)/Arm GNU Toolchain arm-none-eabi/14.3 rel1/arm-none-eabi/include/c++/14.3.1/bits\stl_vector.h ****    *
 418:C:/Program Files (x86)/Arm GNU Toolchain arm-none-eabi/14.3 rel1/arm-none-eabi/include/c++/14.3.1/bits\stl_vector.h ****    *  Meets the requirements of a <a href="tables.html#65">container</a>, a
 419:C:/Program Files (x86)/Arm GNU Toolchain arm-none-eabi/14.3 rel1/arm-none-eabi/include/c++/14.3.1/bits\stl_vector.h ****    *  <a href="tables.html#66">reversible container</a>, and a
 420:C:/Program Files (x86)/Arm GNU Toolchain arm-none-eabi/14.3 rel1/arm-none-eabi/include/c++/14.3.1/bits\stl_vector.h ****    *  <a href="tables.html#67">sequence</a>, including the
 421:C:/Program Files (x86)/Arm GNU Toolchain arm-none-eabi/14.3 rel1/arm-none-eabi/include/c++/14.3.1/bits\stl_vector.h ****    *  <a href="tables.html#68">optional sequence requirements</a> with the
 422:C:/Program Files (x86)/Arm GNU Toolchain arm-none-eabi/14.3 rel1/arm-none-eabi/include/c++/14.3.1/bits\stl_vector.h ****    *  %exception of @c push_front and @c pop_front.
 423:C:/Program Files (x86)/Arm GNU Toolchain arm-none-eabi/14.3 rel1/arm-none-eabi/include/c++/14.3.1/bits\stl_vector.h ****    *
 424:C:/Program Files (x86)/Arm GNU Toolchain arm-none-eabi/14.3 rel1/arm-none-eabi/include/c++/14.3.1/bits\stl_vector.h ****    *  In some terminology a %vector can be described as a dynamic
 425:C:/Program Files (x86)/Arm GNU Toolchain arm-none-eabi/14.3 rel1/arm-none-eabi/include/c++/14.3.1/bits\stl_vector.h ****    *  C-style array, it offers fast and efficient access to individual
 426:C:/Program Files (x86)/Arm GNU Toolchain arm-none-eabi/14.3 rel1/arm-none-eabi/include/c++/14.3.1/bits\stl_vector.h ****    *  elements in any order and saves the user from worrying about
 427:C:/Program Files (x86)/Arm GNU Toolchain arm-none-eabi/14.3 rel1/arm-none-eabi/include/c++/14.3.1/bits\stl_vector.h ****    *  memory and size allocation.  Subscripting ( @c [] ) access is
 428:C:/Program Files (x86)/Arm GNU Toolchain arm-none-eabi/14.3 rel1/arm-none-eabi/include/c++/14.3.1/bits\stl_vector.h ****    *  also provided as with C-style arrays.
 429:C:/Program Files (x86)/Arm GNU Toolchain arm-none-eabi/14.3 rel1/arm-none-eabi/include/c++/14.3.1/bits\stl_vector.h ****   */
 430:C:/Program Files (x86)/Arm GNU Toolchain arm-none-eabi/14.3 rel1/arm-none-eabi/include/c++/14.3.1/bits\stl_vector.h ****   template<typename _Tp, typename _Alloc = std::allocator<_Tp> >
 431:C:/Program Files (x86)/Arm GNU Toolchain arm-none-eabi/14.3 rel1/arm-none-eabi/include/c++/14.3.1/bits\stl_vector.h ****     class vector : protected _Vector_base<_Tp, _Alloc>
 432:C:/Program Files (x86)/Arm GNU Toolchain arm-none-eabi/14.3 rel1/arm-none-eabi/include/c++/14.3.1/bits\stl_vector.h ****     {
 433:C:/Program Files (x86)/Arm GNU Toolchain arm-none-eabi/14.3 rel1/arm-none-eabi/include/c++/14.3.1/bits\stl_vector.h **** #ifdef _GLIBCXX_CONCEPT_CHECKS
 434:C:/Program Files (x86)/Arm GNU Toolchain arm-none-eabi/14.3 rel1/arm-none-eabi/include/c++/14.3.1/bits\stl_vector.h ****       // Concept requirements.
 435:C:/Program Files (x86)/Arm GNU Toolchain arm-none-eabi/14.3 rel1/arm-none-eabi/include/c++/14.3.1/bits\stl_vector.h ****       typedef typename _Alloc::value_type		_Alloc_value_type;
 436:C:/Program Files (x86)/Arm GNU Toolchain arm-none-eabi/14.3 rel1/arm-none-eabi/include/c++/14.3.1/bits\stl_vector.h **** # if __cplusplus < 201103L
 437:C:/Program Files (x86)/Arm GNU Toolchain arm-none-eabi/14.3 rel1/arm-none-eabi/include/c++/14.3.1/bits\stl_vector.h ****       __glibcxx_class_requires(_Tp, _SGIAssignableConcept)
 438:C:/Program Files (x86)/Arm GNU Toolchain arm-none-eabi/14.3 rel1/arm-none-eabi/include/c++/14.3.1/bits\stl_vector.h **** # endif
 439:C:/Program Files (x86)/Arm GNU Toolchain arm-none-eabi/14.3 rel1/arm-none-eabi/include/c++/14.3.1/bits\stl_vector.h ****       __glibcxx_class_requires2(_Tp, _Alloc_value_type, _SameTypeConcept)
 440:C:/Program Files (x86)/Arm GNU Toolchain arm-none-eabi/14.3 rel1/arm-none-eabi/include/c++/14.3.1/bits\stl_vector.h **** #endif
 441:C:/Program Files (x86)/Arm GNU Toolchain arm-none-eabi/14.3 rel1/arm-none-eabi/include/c++/14.3.1/bits\stl_vector.h **** 
 442:C:/Program Files (x86)/Arm GNU Toolchain arm-none-eabi/14.3 rel1/arm-none-eabi/include/c++/14.3.1/bits\stl_vector.h **** #if __cplusplus >= 201103L
ARM GAS  C:\Users\Oliver\AppData\Local\Temp\cc4VwjOw.s 			page 14


 443:C:/Program Files (x86)/Arm GNU Toolchain arm-none-eabi/14.3 rel1/arm-none-eabi/include/c++/14.3.1/bits\stl_vector.h ****       static_assert(is_same<typename remove_cv<_Tp>::type, _Tp>::value,
 444:C:/Program Files (x86)/Arm GNU Toolchain arm-none-eabi/14.3 rel1/arm-none-eabi/include/c++/14.3.1/bits\stl_vector.h **** 	  "std::vector must have a non-const, non-volatile value_type");
 445:C:/Program Files (x86)/Arm GNU Toolchain arm-none-eabi/14.3 rel1/arm-none-eabi/include/c++/14.3.1/bits\stl_vector.h **** # if __cplusplus > 201703L || defined __STRICT_ANSI__
 446:C:/Program Files (x86)/Arm GNU Toolchain arm-none-eabi/14.3 rel1/arm-none-eabi/include/c++/14.3.1/bits\stl_vector.h ****       static_assert(is_same<typename _Alloc::value_type, _Tp>::value,
 447:C:/Program Files (x86)/Arm GNU Toolchain arm-none-eabi/14.3 rel1/arm-none-eabi/include/c++/14.3.1/bits\stl_vector.h **** 	  "std::vector must have the same value_type as its allocator");
 448:C:/Program Files (x86)/Arm GNU Toolchain arm-none-eabi/14.3 rel1/arm-none-eabi/include/c++/14.3.1/bits\stl_vector.h **** # endif
 449:C:/Program Files (x86)/Arm GNU Toolchain arm-none-eabi/14.3 rel1/arm-none-eabi/include/c++/14.3.1/bits\stl_vector.h **** #endif
 450:C:/Program Files (x86)/Arm GNU Toolchain arm-none-eabi/14.3 rel1/arm-none-eabi/include/c++/14.3.1/bits\stl_vector.h **** 
 451:C:/Program Files (x86)/Arm GNU Toolchain arm-none-eabi/14.3 rel1/arm-none-eabi/include/c++/14.3.1/bits\stl_vector.h ****       typedef _Vector_base<_Tp, _Alloc>			_Base;
 452:C:/Program Files (x86)/Arm GNU Toolchain arm-none-eabi/14.3 rel1/arm-none-eabi/include/c++/14.3.1/bits\stl_vector.h ****       typedef typename _Base::_Tp_alloc_type		_Tp_alloc_type;
 453:C:/Program Files (x86)/Arm GNU Toolchain arm-none-eabi/14.3 rel1/arm-none-eabi/include/c++/14.3.1/bits\stl_vector.h ****       typedef __gnu_cxx::__alloc_traits<_Tp_alloc_type>	_Alloc_traits;
 454:C:/Program Files (x86)/Arm GNU Toolchain arm-none-eabi/14.3 rel1/arm-none-eabi/include/c++/14.3.1/bits\stl_vector.h **** 
 455:C:/Program Files (x86)/Arm GNU Toolchain arm-none-eabi/14.3 rel1/arm-none-eabi/include/c++/14.3.1/bits\stl_vector.h ****     public:
 456:C:/Program Files (x86)/Arm GNU Toolchain arm-none-eabi/14.3 rel1/arm-none-eabi/include/c++/14.3.1/bits\stl_vector.h ****       typedef _Tp					value_type;
 457:C:/Program Files (x86)/Arm GNU Toolchain arm-none-eabi/14.3 rel1/arm-none-eabi/include/c++/14.3.1/bits\stl_vector.h ****       typedef typename _Base::pointer			pointer;
 458:C:/Program Files (x86)/Arm GNU Toolchain arm-none-eabi/14.3 rel1/arm-none-eabi/include/c++/14.3.1/bits\stl_vector.h ****       typedef typename _Alloc_traits::const_pointer	const_pointer;
 459:C:/Program Files (x86)/Arm GNU Toolchain arm-none-eabi/14.3 rel1/arm-none-eabi/include/c++/14.3.1/bits\stl_vector.h ****       typedef typename _Alloc_traits::reference		reference;
 460:C:/Program Files (x86)/Arm GNU Toolchain arm-none-eabi/14.3 rel1/arm-none-eabi/include/c++/14.3.1/bits\stl_vector.h ****       typedef typename _Alloc_traits::const_reference	const_reference;
 461:C:/Program Files (x86)/Arm GNU Toolchain arm-none-eabi/14.3 rel1/arm-none-eabi/include/c++/14.3.1/bits\stl_vector.h ****       typedef __gnu_cxx::__normal_iterator<pointer, vector> iterator;
 462:C:/Program Files (x86)/Arm GNU Toolchain arm-none-eabi/14.3 rel1/arm-none-eabi/include/c++/14.3.1/bits\stl_vector.h ****       typedef __gnu_cxx::__normal_iterator<const_pointer, vector>
 463:C:/Program Files (x86)/Arm GNU Toolchain arm-none-eabi/14.3 rel1/arm-none-eabi/include/c++/14.3.1/bits\stl_vector.h ****       const_iterator;
 464:C:/Program Files (x86)/Arm GNU Toolchain arm-none-eabi/14.3 rel1/arm-none-eabi/include/c++/14.3.1/bits\stl_vector.h ****       typedef std::reverse_iterator<const_iterator>	const_reverse_iterator;
 465:C:/Program Files (x86)/Arm GNU Toolchain arm-none-eabi/14.3 rel1/arm-none-eabi/include/c++/14.3.1/bits\stl_vector.h ****       typedef std::reverse_iterator<iterator>		reverse_iterator;
 466:C:/Program Files (x86)/Arm GNU Toolchain arm-none-eabi/14.3 rel1/arm-none-eabi/include/c++/14.3.1/bits\stl_vector.h ****       typedef size_t					size_type;
 467:C:/Program Files (x86)/Arm GNU Toolchain arm-none-eabi/14.3 rel1/arm-none-eabi/include/c++/14.3.1/bits\stl_vector.h ****       typedef ptrdiff_t					difference_type;
 468:C:/Program Files (x86)/Arm GNU Toolchain arm-none-eabi/14.3 rel1/arm-none-eabi/include/c++/14.3.1/bits\stl_vector.h ****       typedef _Alloc					allocator_type;
 469:C:/Program Files (x86)/Arm GNU Toolchain arm-none-eabi/14.3 rel1/arm-none-eabi/include/c++/14.3.1/bits\stl_vector.h **** 
 470:C:/Program Files (x86)/Arm GNU Toolchain arm-none-eabi/14.3 rel1/arm-none-eabi/include/c++/14.3.1/bits\stl_vector.h ****     private:
 471:C:/Program Files (x86)/Arm GNU Toolchain arm-none-eabi/14.3 rel1/arm-none-eabi/include/c++/14.3.1/bits\stl_vector.h **** #if __cplusplus >= 201103L
 472:C:/Program Files (x86)/Arm GNU Toolchain arm-none-eabi/14.3 rel1/arm-none-eabi/include/c++/14.3.1/bits\stl_vector.h ****       static constexpr bool
 473:C:/Program Files (x86)/Arm GNU Toolchain arm-none-eabi/14.3 rel1/arm-none-eabi/include/c++/14.3.1/bits\stl_vector.h ****       _S_nothrow_relocate(true_type)
 474:C:/Program Files (x86)/Arm GNU Toolchain arm-none-eabi/14.3 rel1/arm-none-eabi/include/c++/14.3.1/bits\stl_vector.h ****       {
 475:C:/Program Files (x86)/Arm GNU Toolchain arm-none-eabi/14.3 rel1/arm-none-eabi/include/c++/14.3.1/bits\stl_vector.h **** 	return noexcept(std::__relocate_a(std::declval<pointer>(),
 476:C:/Program Files (x86)/Arm GNU Toolchain arm-none-eabi/14.3 rel1/arm-none-eabi/include/c++/14.3.1/bits\stl_vector.h **** 					  std::declval<pointer>(),
 477:C:/Program Files (x86)/Arm GNU Toolchain arm-none-eabi/14.3 rel1/arm-none-eabi/include/c++/14.3.1/bits\stl_vector.h **** 					  std::declval<pointer>(),
 478:C:/Program Files (x86)/Arm GNU Toolchain arm-none-eabi/14.3 rel1/arm-none-eabi/include/c++/14.3.1/bits\stl_vector.h **** 					  std::declval<_Tp_alloc_type&>()));
 479:C:/Program Files (x86)/Arm GNU Toolchain arm-none-eabi/14.3 rel1/arm-none-eabi/include/c++/14.3.1/bits\stl_vector.h ****       }
 480:C:/Program Files (x86)/Arm GNU Toolchain arm-none-eabi/14.3 rel1/arm-none-eabi/include/c++/14.3.1/bits\stl_vector.h **** 
 481:C:/Program Files (x86)/Arm GNU Toolchain arm-none-eabi/14.3 rel1/arm-none-eabi/include/c++/14.3.1/bits\stl_vector.h ****       static constexpr bool
 482:C:/Program Files (x86)/Arm GNU Toolchain arm-none-eabi/14.3 rel1/arm-none-eabi/include/c++/14.3.1/bits\stl_vector.h ****       _S_nothrow_relocate(false_type)
 483:C:/Program Files (x86)/Arm GNU Toolchain arm-none-eabi/14.3 rel1/arm-none-eabi/include/c++/14.3.1/bits\stl_vector.h ****       { return false; }
 484:C:/Program Files (x86)/Arm GNU Toolchain arm-none-eabi/14.3 rel1/arm-none-eabi/include/c++/14.3.1/bits\stl_vector.h **** 
 485:C:/Program Files (x86)/Arm GNU Toolchain arm-none-eabi/14.3 rel1/arm-none-eabi/include/c++/14.3.1/bits\stl_vector.h ****       static constexpr bool
 486:C:/Program Files (x86)/Arm GNU Toolchain arm-none-eabi/14.3 rel1/arm-none-eabi/include/c++/14.3.1/bits\stl_vector.h ****       _S_use_relocate()
 487:C:/Program Files (x86)/Arm GNU Toolchain arm-none-eabi/14.3 rel1/arm-none-eabi/include/c++/14.3.1/bits\stl_vector.h ****       {
 488:C:/Program Files (x86)/Arm GNU Toolchain arm-none-eabi/14.3 rel1/arm-none-eabi/include/c++/14.3.1/bits\stl_vector.h **** 	// Instantiating std::__relocate_a might cause an error outside the
 489:C:/Program Files (x86)/Arm GNU Toolchain arm-none-eabi/14.3 rel1/arm-none-eabi/include/c++/14.3.1/bits\stl_vector.h **** 	// immediate context (in __relocate_object_a's noexcept-specifier),
 490:C:/Program Files (x86)/Arm GNU Toolchain arm-none-eabi/14.3 rel1/arm-none-eabi/include/c++/14.3.1/bits\stl_vector.h **** 	// so only do it if we know the type can be move-inserted into *this.
 491:C:/Program Files (x86)/Arm GNU Toolchain arm-none-eabi/14.3 rel1/arm-none-eabi/include/c++/14.3.1/bits\stl_vector.h **** 	return _S_nothrow_relocate(__is_move_insertable<_Tp_alloc_type>{});
 492:C:/Program Files (x86)/Arm GNU Toolchain arm-none-eabi/14.3 rel1/arm-none-eabi/include/c++/14.3.1/bits\stl_vector.h ****       }
 493:C:/Program Files (x86)/Arm GNU Toolchain arm-none-eabi/14.3 rel1/arm-none-eabi/include/c++/14.3.1/bits\stl_vector.h **** 
 494:C:/Program Files (x86)/Arm GNU Toolchain arm-none-eabi/14.3 rel1/arm-none-eabi/include/c++/14.3.1/bits\stl_vector.h ****       static pointer
 495:C:/Program Files (x86)/Arm GNU Toolchain arm-none-eabi/14.3 rel1/arm-none-eabi/include/c++/14.3.1/bits\stl_vector.h ****       _S_do_relocate(pointer __first, pointer __last, pointer __result,
 496:C:/Program Files (x86)/Arm GNU Toolchain arm-none-eabi/14.3 rel1/arm-none-eabi/include/c++/14.3.1/bits\stl_vector.h **** 		     _Tp_alloc_type& __alloc, true_type) noexcept
 497:C:/Program Files (x86)/Arm GNU Toolchain arm-none-eabi/14.3 rel1/arm-none-eabi/include/c++/14.3.1/bits\stl_vector.h ****       {
 498:C:/Program Files (x86)/Arm GNU Toolchain arm-none-eabi/14.3 rel1/arm-none-eabi/include/c++/14.3.1/bits\stl_vector.h **** 	return std::__relocate_a(__first, __last, __result, __alloc);
 499:C:/Program Files (x86)/Arm GNU Toolchain arm-none-eabi/14.3 rel1/arm-none-eabi/include/c++/14.3.1/bits\stl_vector.h ****       }
ARM GAS  C:\Users\Oliver\AppData\Local\Temp\cc4VwjOw.s 			page 15


 500:C:/Program Files (x86)/Arm GNU Toolchain arm-none-eabi/14.3 rel1/arm-none-eabi/include/c++/14.3.1/bits\stl_vector.h **** 
 501:C:/Program Files (x86)/Arm GNU Toolchain arm-none-eabi/14.3 rel1/arm-none-eabi/include/c++/14.3.1/bits\stl_vector.h ****       static pointer
 502:C:/Program Files (x86)/Arm GNU Toolchain arm-none-eabi/14.3 rel1/arm-none-eabi/include/c++/14.3.1/bits\stl_vector.h ****       _S_do_relocate(pointer, pointer, pointer __result,
 503:C:/Program Files (x86)/Arm GNU Toolchain arm-none-eabi/14.3 rel1/arm-none-eabi/include/c++/14.3.1/bits\stl_vector.h **** 		     _Tp_alloc_type&, false_type) noexcept
 504:C:/Program Files (x86)/Arm GNU Toolchain arm-none-eabi/14.3 rel1/arm-none-eabi/include/c++/14.3.1/bits\stl_vector.h ****       { return __result; }
 505:C:/Program Files (x86)/Arm GNU Toolchain arm-none-eabi/14.3 rel1/arm-none-eabi/include/c++/14.3.1/bits\stl_vector.h **** 
 506:C:/Program Files (x86)/Arm GNU Toolchain arm-none-eabi/14.3 rel1/arm-none-eabi/include/c++/14.3.1/bits\stl_vector.h ****       static _GLIBCXX20_CONSTEXPR pointer
 507:C:/Program Files (x86)/Arm GNU Toolchain arm-none-eabi/14.3 rel1/arm-none-eabi/include/c++/14.3.1/bits\stl_vector.h ****       _S_relocate(pointer __first, pointer __last, pointer __result,
 508:C:/Program Files (x86)/Arm GNU Toolchain arm-none-eabi/14.3 rel1/arm-none-eabi/include/c++/14.3.1/bits\stl_vector.h **** 		  _Tp_alloc_type& __alloc) noexcept
 509:C:/Program Files (x86)/Arm GNU Toolchain arm-none-eabi/14.3 rel1/arm-none-eabi/include/c++/14.3.1/bits\stl_vector.h ****       {
 510:C:/Program Files (x86)/Arm GNU Toolchain arm-none-eabi/14.3 rel1/arm-none-eabi/include/c++/14.3.1/bits\stl_vector.h **** #if __cpp_if_constexpr
 511:C:/Program Files (x86)/Arm GNU Toolchain arm-none-eabi/14.3 rel1/arm-none-eabi/include/c++/14.3.1/bits\stl_vector.h **** 	// All callers have already checked _S_use_relocate() so just do it.
 512:C:/Program Files (x86)/Arm GNU Toolchain arm-none-eabi/14.3 rel1/arm-none-eabi/include/c++/14.3.1/bits\stl_vector.h **** 	return std::__relocate_a(__first, __last, __result, __alloc);
 513:C:/Program Files (x86)/Arm GNU Toolchain arm-none-eabi/14.3 rel1/arm-none-eabi/include/c++/14.3.1/bits\stl_vector.h **** #else
 514:C:/Program Files (x86)/Arm GNU Toolchain arm-none-eabi/14.3 rel1/arm-none-eabi/include/c++/14.3.1/bits\stl_vector.h **** 	using __do_it = __bool_constant<_S_use_relocate()>;
 515:C:/Program Files (x86)/Arm GNU Toolchain arm-none-eabi/14.3 rel1/arm-none-eabi/include/c++/14.3.1/bits\stl_vector.h **** 	return _S_do_relocate(__first, __last, __result, __alloc, __do_it{});
 516:C:/Program Files (x86)/Arm GNU Toolchain arm-none-eabi/14.3 rel1/arm-none-eabi/include/c++/14.3.1/bits\stl_vector.h **** #endif
 517:C:/Program Files (x86)/Arm GNU Toolchain arm-none-eabi/14.3 rel1/arm-none-eabi/include/c++/14.3.1/bits\stl_vector.h ****       }
 518:C:/Program Files (x86)/Arm GNU Toolchain arm-none-eabi/14.3 rel1/arm-none-eabi/include/c++/14.3.1/bits\stl_vector.h **** #endif // C++11
 519:C:/Program Files (x86)/Arm GNU Toolchain arm-none-eabi/14.3 rel1/arm-none-eabi/include/c++/14.3.1/bits\stl_vector.h **** 
 520:C:/Program Files (x86)/Arm GNU Toolchain arm-none-eabi/14.3 rel1/arm-none-eabi/include/c++/14.3.1/bits\stl_vector.h ****     protected:
 521:C:/Program Files (x86)/Arm GNU Toolchain arm-none-eabi/14.3 rel1/arm-none-eabi/include/c++/14.3.1/bits\stl_vector.h ****       using _Base::_M_allocate;
 522:C:/Program Files (x86)/Arm GNU Toolchain arm-none-eabi/14.3 rel1/arm-none-eabi/include/c++/14.3.1/bits\stl_vector.h ****       using _Base::_M_deallocate;
 523:C:/Program Files (x86)/Arm GNU Toolchain arm-none-eabi/14.3 rel1/arm-none-eabi/include/c++/14.3.1/bits\stl_vector.h ****       using _Base::_M_impl;
 524:C:/Program Files (x86)/Arm GNU Toolchain arm-none-eabi/14.3 rel1/arm-none-eabi/include/c++/14.3.1/bits\stl_vector.h ****       using _Base::_M_get_Tp_allocator;
 525:C:/Program Files (x86)/Arm GNU Toolchain arm-none-eabi/14.3 rel1/arm-none-eabi/include/c++/14.3.1/bits\stl_vector.h **** 
 526:C:/Program Files (x86)/Arm GNU Toolchain arm-none-eabi/14.3 rel1/arm-none-eabi/include/c++/14.3.1/bits\stl_vector.h ****     public:
 527:C:/Program Files (x86)/Arm GNU Toolchain arm-none-eabi/14.3 rel1/arm-none-eabi/include/c++/14.3.1/bits\stl_vector.h ****       // [23.2.4.1] construct/copy/destroy
 528:C:/Program Files (x86)/Arm GNU Toolchain arm-none-eabi/14.3 rel1/arm-none-eabi/include/c++/14.3.1/bits\stl_vector.h ****       // (assign() and get_allocator() are also listed in this section)
 529:C:/Program Files (x86)/Arm GNU Toolchain arm-none-eabi/14.3 rel1/arm-none-eabi/include/c++/14.3.1/bits\stl_vector.h **** 
 530:C:/Program Files (x86)/Arm GNU Toolchain arm-none-eabi/14.3 rel1/arm-none-eabi/include/c++/14.3.1/bits\stl_vector.h ****       /**
 531:C:/Program Files (x86)/Arm GNU Toolchain arm-none-eabi/14.3 rel1/arm-none-eabi/include/c++/14.3.1/bits\stl_vector.h ****        *  @brief  Creates a %vector with no elements.
 532:C:/Program Files (x86)/Arm GNU Toolchain arm-none-eabi/14.3 rel1/arm-none-eabi/include/c++/14.3.1/bits\stl_vector.h ****        */
 533:C:/Program Files (x86)/Arm GNU Toolchain arm-none-eabi/14.3 rel1/arm-none-eabi/include/c++/14.3.1/bits\stl_vector.h **** #if __cplusplus >= 201103L
 534:C:/Program Files (x86)/Arm GNU Toolchain arm-none-eabi/14.3 rel1/arm-none-eabi/include/c++/14.3.1/bits\stl_vector.h ****       vector() = default;
 535:C:/Program Files (x86)/Arm GNU Toolchain arm-none-eabi/14.3 rel1/arm-none-eabi/include/c++/14.3.1/bits\stl_vector.h **** #else
 536:C:/Program Files (x86)/Arm GNU Toolchain arm-none-eabi/14.3 rel1/arm-none-eabi/include/c++/14.3.1/bits\stl_vector.h ****       vector() { }
 537:C:/Program Files (x86)/Arm GNU Toolchain arm-none-eabi/14.3 rel1/arm-none-eabi/include/c++/14.3.1/bits\stl_vector.h **** #endif
 538:C:/Program Files (x86)/Arm GNU Toolchain arm-none-eabi/14.3 rel1/arm-none-eabi/include/c++/14.3.1/bits\stl_vector.h **** 
 539:C:/Program Files (x86)/Arm GNU Toolchain arm-none-eabi/14.3 rel1/arm-none-eabi/include/c++/14.3.1/bits\stl_vector.h ****       /**
 540:C:/Program Files (x86)/Arm GNU Toolchain arm-none-eabi/14.3 rel1/arm-none-eabi/include/c++/14.3.1/bits\stl_vector.h ****        *  @brief  Creates a %vector with no elements.
 541:C:/Program Files (x86)/Arm GNU Toolchain arm-none-eabi/14.3 rel1/arm-none-eabi/include/c++/14.3.1/bits\stl_vector.h ****        *  @param  __a  An allocator object.
 542:C:/Program Files (x86)/Arm GNU Toolchain arm-none-eabi/14.3 rel1/arm-none-eabi/include/c++/14.3.1/bits\stl_vector.h ****        */
 543:C:/Program Files (x86)/Arm GNU Toolchain arm-none-eabi/14.3 rel1/arm-none-eabi/include/c++/14.3.1/bits\stl_vector.h ****       explicit
 544:C:/Program Files (x86)/Arm GNU Toolchain arm-none-eabi/14.3 rel1/arm-none-eabi/include/c++/14.3.1/bits\stl_vector.h ****       _GLIBCXX20_CONSTEXPR
 545:C:/Program Files (x86)/Arm GNU Toolchain arm-none-eabi/14.3 rel1/arm-none-eabi/include/c++/14.3.1/bits\stl_vector.h ****       vector(const allocator_type& __a) _GLIBCXX_NOEXCEPT
 546:C:/Program Files (x86)/Arm GNU Toolchain arm-none-eabi/14.3 rel1/arm-none-eabi/include/c++/14.3.1/bits\stl_vector.h ****       : _Base(__a) { }
 547:C:/Program Files (x86)/Arm GNU Toolchain arm-none-eabi/14.3 rel1/arm-none-eabi/include/c++/14.3.1/bits\stl_vector.h **** 
 548:C:/Program Files (x86)/Arm GNU Toolchain arm-none-eabi/14.3 rel1/arm-none-eabi/include/c++/14.3.1/bits\stl_vector.h **** #if __cplusplus >= 201103L
 549:C:/Program Files (x86)/Arm GNU Toolchain arm-none-eabi/14.3 rel1/arm-none-eabi/include/c++/14.3.1/bits\stl_vector.h ****       /**
 550:C:/Program Files (x86)/Arm GNU Toolchain arm-none-eabi/14.3 rel1/arm-none-eabi/include/c++/14.3.1/bits\stl_vector.h ****        *  @brief  Creates a %vector with default constructed elements.
 551:C:/Program Files (x86)/Arm GNU Toolchain arm-none-eabi/14.3 rel1/arm-none-eabi/include/c++/14.3.1/bits\stl_vector.h ****        *  @param  __n  The number of elements to initially create.
 552:C:/Program Files (x86)/Arm GNU Toolchain arm-none-eabi/14.3 rel1/arm-none-eabi/include/c++/14.3.1/bits\stl_vector.h ****        *  @param  __a  An allocator.
 553:C:/Program Files (x86)/Arm GNU Toolchain arm-none-eabi/14.3 rel1/arm-none-eabi/include/c++/14.3.1/bits\stl_vector.h ****        *
 554:C:/Program Files (x86)/Arm GNU Toolchain arm-none-eabi/14.3 rel1/arm-none-eabi/include/c++/14.3.1/bits\stl_vector.h ****        *  This constructor fills the %vector with @a __n default
 555:C:/Program Files (x86)/Arm GNU Toolchain arm-none-eabi/14.3 rel1/arm-none-eabi/include/c++/14.3.1/bits\stl_vector.h ****        *  constructed elements.
 556:C:/Program Files (x86)/Arm GNU Toolchain arm-none-eabi/14.3 rel1/arm-none-eabi/include/c++/14.3.1/bits\stl_vector.h ****        */
ARM GAS  C:\Users\Oliver\AppData\Local\Temp\cc4VwjOw.s 			page 16


 557:C:/Program Files (x86)/Arm GNU Toolchain arm-none-eabi/14.3 rel1/arm-none-eabi/include/c++/14.3.1/bits\stl_vector.h ****       explicit
 558:C:/Program Files (x86)/Arm GNU Toolchain arm-none-eabi/14.3 rel1/arm-none-eabi/include/c++/14.3.1/bits\stl_vector.h ****       _GLIBCXX20_CONSTEXPR
 559:C:/Program Files (x86)/Arm GNU Toolchain arm-none-eabi/14.3 rel1/arm-none-eabi/include/c++/14.3.1/bits\stl_vector.h ****       vector(size_type __n, const allocator_type& __a = allocator_type())
 560:C:/Program Files (x86)/Arm GNU Toolchain arm-none-eabi/14.3 rel1/arm-none-eabi/include/c++/14.3.1/bits\stl_vector.h ****       : _Base(_S_check_init_len(__n, __a), __a)
 561:C:/Program Files (x86)/Arm GNU Toolchain arm-none-eabi/14.3 rel1/arm-none-eabi/include/c++/14.3.1/bits\stl_vector.h ****       { _M_default_initialize(__n); }
 562:C:/Program Files (x86)/Arm GNU Toolchain arm-none-eabi/14.3 rel1/arm-none-eabi/include/c++/14.3.1/bits\stl_vector.h **** 
 563:C:/Program Files (x86)/Arm GNU Toolchain arm-none-eabi/14.3 rel1/arm-none-eabi/include/c++/14.3.1/bits\stl_vector.h ****       /**
 564:C:/Program Files (x86)/Arm GNU Toolchain arm-none-eabi/14.3 rel1/arm-none-eabi/include/c++/14.3.1/bits\stl_vector.h ****        *  @brief  Creates a %vector with copies of an exemplar element.
 565:C:/Program Files (x86)/Arm GNU Toolchain arm-none-eabi/14.3 rel1/arm-none-eabi/include/c++/14.3.1/bits\stl_vector.h ****        *  @param  __n  The number of elements to initially create.
 566:C:/Program Files (x86)/Arm GNU Toolchain arm-none-eabi/14.3 rel1/arm-none-eabi/include/c++/14.3.1/bits\stl_vector.h ****        *  @param  __value  An element to copy.
 567:C:/Program Files (x86)/Arm GNU Toolchain arm-none-eabi/14.3 rel1/arm-none-eabi/include/c++/14.3.1/bits\stl_vector.h ****        *  @param  __a  An allocator.
 568:C:/Program Files (x86)/Arm GNU Toolchain arm-none-eabi/14.3 rel1/arm-none-eabi/include/c++/14.3.1/bits\stl_vector.h ****        *
 569:C:/Program Files (x86)/Arm GNU Toolchain arm-none-eabi/14.3 rel1/arm-none-eabi/include/c++/14.3.1/bits\stl_vector.h ****        *  This constructor fills the %vector with @a __n copies of @a __value.
 570:C:/Program Files (x86)/Arm GNU Toolchain arm-none-eabi/14.3 rel1/arm-none-eabi/include/c++/14.3.1/bits\stl_vector.h ****        */
 571:C:/Program Files (x86)/Arm GNU Toolchain arm-none-eabi/14.3 rel1/arm-none-eabi/include/c++/14.3.1/bits\stl_vector.h ****       _GLIBCXX20_CONSTEXPR
 572:C:/Program Files (x86)/Arm GNU Toolchain arm-none-eabi/14.3 rel1/arm-none-eabi/include/c++/14.3.1/bits\stl_vector.h ****       vector(size_type __n, const value_type& __value,
 573:C:/Program Files (x86)/Arm GNU Toolchain arm-none-eabi/14.3 rel1/arm-none-eabi/include/c++/14.3.1/bits\stl_vector.h **** 	     const allocator_type& __a = allocator_type())
 574:C:/Program Files (x86)/Arm GNU Toolchain arm-none-eabi/14.3 rel1/arm-none-eabi/include/c++/14.3.1/bits\stl_vector.h ****       : _Base(_S_check_init_len(__n, __a), __a)
 575:C:/Program Files (x86)/Arm GNU Toolchain arm-none-eabi/14.3 rel1/arm-none-eabi/include/c++/14.3.1/bits\stl_vector.h ****       { _M_fill_initialize(__n, __value); }
 576:C:/Program Files (x86)/Arm GNU Toolchain arm-none-eabi/14.3 rel1/arm-none-eabi/include/c++/14.3.1/bits\stl_vector.h **** #else
 577:C:/Program Files (x86)/Arm GNU Toolchain arm-none-eabi/14.3 rel1/arm-none-eabi/include/c++/14.3.1/bits\stl_vector.h ****       /**
 578:C:/Program Files (x86)/Arm GNU Toolchain arm-none-eabi/14.3 rel1/arm-none-eabi/include/c++/14.3.1/bits\stl_vector.h ****        *  @brief  Creates a %vector with copies of an exemplar element.
 579:C:/Program Files (x86)/Arm GNU Toolchain arm-none-eabi/14.3 rel1/arm-none-eabi/include/c++/14.3.1/bits\stl_vector.h ****        *  @param  __n  The number of elements to initially create.
 580:C:/Program Files (x86)/Arm GNU Toolchain arm-none-eabi/14.3 rel1/arm-none-eabi/include/c++/14.3.1/bits\stl_vector.h ****        *  @param  __value  An element to copy.
 581:C:/Program Files (x86)/Arm GNU Toolchain arm-none-eabi/14.3 rel1/arm-none-eabi/include/c++/14.3.1/bits\stl_vector.h ****        *  @param  __a  An allocator.
 582:C:/Program Files (x86)/Arm GNU Toolchain arm-none-eabi/14.3 rel1/arm-none-eabi/include/c++/14.3.1/bits\stl_vector.h ****        *
 583:C:/Program Files (x86)/Arm GNU Toolchain arm-none-eabi/14.3 rel1/arm-none-eabi/include/c++/14.3.1/bits\stl_vector.h ****        *  This constructor fills the %vector with @a __n copies of @a __value.
 584:C:/Program Files (x86)/Arm GNU Toolchain arm-none-eabi/14.3 rel1/arm-none-eabi/include/c++/14.3.1/bits\stl_vector.h ****        */
 585:C:/Program Files (x86)/Arm GNU Toolchain arm-none-eabi/14.3 rel1/arm-none-eabi/include/c++/14.3.1/bits\stl_vector.h ****       explicit
 586:C:/Program Files (x86)/Arm GNU Toolchain arm-none-eabi/14.3 rel1/arm-none-eabi/include/c++/14.3.1/bits\stl_vector.h ****       vector(size_type __n, const value_type& __value = value_type(),
 587:C:/Program Files (x86)/Arm GNU Toolchain arm-none-eabi/14.3 rel1/arm-none-eabi/include/c++/14.3.1/bits\stl_vector.h **** 	     const allocator_type& __a = allocator_type())
 588:C:/Program Files (x86)/Arm GNU Toolchain arm-none-eabi/14.3 rel1/arm-none-eabi/include/c++/14.3.1/bits\stl_vector.h ****       : _Base(_S_check_init_len(__n, __a), __a)
 589:C:/Program Files (x86)/Arm GNU Toolchain arm-none-eabi/14.3 rel1/arm-none-eabi/include/c++/14.3.1/bits\stl_vector.h ****       { _M_fill_initialize(__n, __value); }
 590:C:/Program Files (x86)/Arm GNU Toolchain arm-none-eabi/14.3 rel1/arm-none-eabi/include/c++/14.3.1/bits\stl_vector.h **** #endif
 591:C:/Program Files (x86)/Arm GNU Toolchain arm-none-eabi/14.3 rel1/arm-none-eabi/include/c++/14.3.1/bits\stl_vector.h **** 
 592:C:/Program Files (x86)/Arm GNU Toolchain arm-none-eabi/14.3 rel1/arm-none-eabi/include/c++/14.3.1/bits\stl_vector.h ****       /**
 593:C:/Program Files (x86)/Arm GNU Toolchain arm-none-eabi/14.3 rel1/arm-none-eabi/include/c++/14.3.1/bits\stl_vector.h ****        *  @brief  %Vector copy constructor.
 594:C:/Program Files (x86)/Arm GNU Toolchain arm-none-eabi/14.3 rel1/arm-none-eabi/include/c++/14.3.1/bits\stl_vector.h ****        *  @param  __x  A %vector of identical element and allocator types.
 595:C:/Program Files (x86)/Arm GNU Toolchain arm-none-eabi/14.3 rel1/arm-none-eabi/include/c++/14.3.1/bits\stl_vector.h ****        *
 596:C:/Program Files (x86)/Arm GNU Toolchain arm-none-eabi/14.3 rel1/arm-none-eabi/include/c++/14.3.1/bits\stl_vector.h ****        *  All the elements of @a __x are copied, but any unused capacity in
 597:C:/Program Files (x86)/Arm GNU Toolchain arm-none-eabi/14.3 rel1/arm-none-eabi/include/c++/14.3.1/bits\stl_vector.h ****        *  @a __x  will not be copied
 598:C:/Program Files (x86)/Arm GNU Toolchain arm-none-eabi/14.3 rel1/arm-none-eabi/include/c++/14.3.1/bits\stl_vector.h ****        *  (i.e. capacity() == size() in the new %vector).
 599:C:/Program Files (x86)/Arm GNU Toolchain arm-none-eabi/14.3 rel1/arm-none-eabi/include/c++/14.3.1/bits\stl_vector.h ****        *
 600:C:/Program Files (x86)/Arm GNU Toolchain arm-none-eabi/14.3 rel1/arm-none-eabi/include/c++/14.3.1/bits\stl_vector.h ****        *  The newly-created %vector uses a copy of the allocator object used
 601:C:/Program Files (x86)/Arm GNU Toolchain arm-none-eabi/14.3 rel1/arm-none-eabi/include/c++/14.3.1/bits\stl_vector.h ****        *  by @a __x (unless the allocator traits dictate a different object).
 602:C:/Program Files (x86)/Arm GNU Toolchain arm-none-eabi/14.3 rel1/arm-none-eabi/include/c++/14.3.1/bits\stl_vector.h ****        */
 603:C:/Program Files (x86)/Arm GNU Toolchain arm-none-eabi/14.3 rel1/arm-none-eabi/include/c++/14.3.1/bits\stl_vector.h ****       _GLIBCXX20_CONSTEXPR
 604:C:/Program Files (x86)/Arm GNU Toolchain arm-none-eabi/14.3 rel1/arm-none-eabi/include/c++/14.3.1/bits\stl_vector.h ****       vector(const vector& __x)
 605:C:/Program Files (x86)/Arm GNU Toolchain arm-none-eabi/14.3 rel1/arm-none-eabi/include/c++/14.3.1/bits\stl_vector.h ****       : _Base(__x.size(),
 606:C:/Program Files (x86)/Arm GNU Toolchain arm-none-eabi/14.3 rel1/arm-none-eabi/include/c++/14.3.1/bits\stl_vector.h **** 	_Alloc_traits::_S_select_on_copy(__x._M_get_Tp_allocator()))
 607:C:/Program Files (x86)/Arm GNU Toolchain arm-none-eabi/14.3 rel1/arm-none-eabi/include/c++/14.3.1/bits\stl_vector.h ****       {
 608:C:/Program Files (x86)/Arm GNU Toolchain arm-none-eabi/14.3 rel1/arm-none-eabi/include/c++/14.3.1/bits\stl_vector.h **** 	this->_M_impl._M_finish =
 609:C:/Program Files (x86)/Arm GNU Toolchain arm-none-eabi/14.3 rel1/arm-none-eabi/include/c++/14.3.1/bits\stl_vector.h **** 	  std::__uninitialized_copy_a(__x.begin(), __x.end(),
 610:C:/Program Files (x86)/Arm GNU Toolchain arm-none-eabi/14.3 rel1/arm-none-eabi/include/c++/14.3.1/bits\stl_vector.h **** 				      this->_M_impl._M_start,
 611:C:/Program Files (x86)/Arm GNU Toolchain arm-none-eabi/14.3 rel1/arm-none-eabi/include/c++/14.3.1/bits\stl_vector.h **** 				      _M_get_Tp_allocator());
 612:C:/Program Files (x86)/Arm GNU Toolchain arm-none-eabi/14.3 rel1/arm-none-eabi/include/c++/14.3.1/bits\stl_vector.h ****       }
 613:C:/Program Files (x86)/Arm GNU Toolchain arm-none-eabi/14.3 rel1/arm-none-eabi/include/c++/14.3.1/bits\stl_vector.h **** 
ARM GAS  C:\Users\Oliver\AppData\Local\Temp\cc4VwjOw.s 			page 17


 614:C:/Program Files (x86)/Arm GNU Toolchain arm-none-eabi/14.3 rel1/arm-none-eabi/include/c++/14.3.1/bits\stl_vector.h **** #if __cplusplus >= 201103L
 615:C:/Program Files (x86)/Arm GNU Toolchain arm-none-eabi/14.3 rel1/arm-none-eabi/include/c++/14.3.1/bits\stl_vector.h ****       /**
 616:C:/Program Files (x86)/Arm GNU Toolchain arm-none-eabi/14.3 rel1/arm-none-eabi/include/c++/14.3.1/bits\stl_vector.h ****        *  @brief  %Vector move constructor.
 617:C:/Program Files (x86)/Arm GNU Toolchain arm-none-eabi/14.3 rel1/arm-none-eabi/include/c++/14.3.1/bits\stl_vector.h ****        *
 618:C:/Program Files (x86)/Arm GNU Toolchain arm-none-eabi/14.3 rel1/arm-none-eabi/include/c++/14.3.1/bits\stl_vector.h ****        *  The newly-created %vector contains the exact contents of the
 619:C:/Program Files (x86)/Arm GNU Toolchain arm-none-eabi/14.3 rel1/arm-none-eabi/include/c++/14.3.1/bits\stl_vector.h ****        *  moved instance.
 620:C:/Program Files (x86)/Arm GNU Toolchain arm-none-eabi/14.3 rel1/arm-none-eabi/include/c++/14.3.1/bits\stl_vector.h ****        *  The contents of the moved instance are a valid, but unspecified
 621:C:/Program Files (x86)/Arm GNU Toolchain arm-none-eabi/14.3 rel1/arm-none-eabi/include/c++/14.3.1/bits\stl_vector.h ****        *  %vector.
 622:C:/Program Files (x86)/Arm GNU Toolchain arm-none-eabi/14.3 rel1/arm-none-eabi/include/c++/14.3.1/bits\stl_vector.h ****        */
 623:C:/Program Files (x86)/Arm GNU Toolchain arm-none-eabi/14.3 rel1/arm-none-eabi/include/c++/14.3.1/bits\stl_vector.h ****       vector(vector&&) noexcept = default;
 624:C:/Program Files (x86)/Arm GNU Toolchain arm-none-eabi/14.3 rel1/arm-none-eabi/include/c++/14.3.1/bits\stl_vector.h **** 
 625:C:/Program Files (x86)/Arm GNU Toolchain arm-none-eabi/14.3 rel1/arm-none-eabi/include/c++/14.3.1/bits\stl_vector.h ****       /// Copy constructor with alternative allocator
 626:C:/Program Files (x86)/Arm GNU Toolchain arm-none-eabi/14.3 rel1/arm-none-eabi/include/c++/14.3.1/bits\stl_vector.h ****       _GLIBCXX20_CONSTEXPR
 627:C:/Program Files (x86)/Arm GNU Toolchain arm-none-eabi/14.3 rel1/arm-none-eabi/include/c++/14.3.1/bits\stl_vector.h ****       vector(const vector& __x, const __type_identity_t<allocator_type>& __a)
 628:C:/Program Files (x86)/Arm GNU Toolchain arm-none-eabi/14.3 rel1/arm-none-eabi/include/c++/14.3.1/bits\stl_vector.h ****       : _Base(__x.size(), __a)
 629:C:/Program Files (x86)/Arm GNU Toolchain arm-none-eabi/14.3 rel1/arm-none-eabi/include/c++/14.3.1/bits\stl_vector.h ****       {
 630:C:/Program Files (x86)/Arm GNU Toolchain arm-none-eabi/14.3 rel1/arm-none-eabi/include/c++/14.3.1/bits\stl_vector.h **** 	this->_M_impl._M_finish =
 631:C:/Program Files (x86)/Arm GNU Toolchain arm-none-eabi/14.3 rel1/arm-none-eabi/include/c++/14.3.1/bits\stl_vector.h **** 	  std::__uninitialized_copy_a(__x.begin(), __x.end(),
 632:C:/Program Files (x86)/Arm GNU Toolchain arm-none-eabi/14.3 rel1/arm-none-eabi/include/c++/14.3.1/bits\stl_vector.h **** 				      this->_M_impl._M_start,
 633:C:/Program Files (x86)/Arm GNU Toolchain arm-none-eabi/14.3 rel1/arm-none-eabi/include/c++/14.3.1/bits\stl_vector.h **** 				      _M_get_Tp_allocator());
 634:C:/Program Files (x86)/Arm GNU Toolchain arm-none-eabi/14.3 rel1/arm-none-eabi/include/c++/14.3.1/bits\stl_vector.h ****       }
 635:C:/Program Files (x86)/Arm GNU Toolchain arm-none-eabi/14.3 rel1/arm-none-eabi/include/c++/14.3.1/bits\stl_vector.h **** 
 636:C:/Program Files (x86)/Arm GNU Toolchain arm-none-eabi/14.3 rel1/arm-none-eabi/include/c++/14.3.1/bits\stl_vector.h ****     private:
 637:C:/Program Files (x86)/Arm GNU Toolchain arm-none-eabi/14.3 rel1/arm-none-eabi/include/c++/14.3.1/bits\stl_vector.h ****       _GLIBCXX20_CONSTEXPR
 638:C:/Program Files (x86)/Arm GNU Toolchain arm-none-eabi/14.3 rel1/arm-none-eabi/include/c++/14.3.1/bits\stl_vector.h ****       vector(vector&& __rv, const allocator_type& __m, true_type) noexcept
 639:C:/Program Files (x86)/Arm GNU Toolchain arm-none-eabi/14.3 rel1/arm-none-eabi/include/c++/14.3.1/bits\stl_vector.h ****       : _Base(__m, std::move(__rv))
 640:C:/Program Files (x86)/Arm GNU Toolchain arm-none-eabi/14.3 rel1/arm-none-eabi/include/c++/14.3.1/bits\stl_vector.h ****       { }
 641:C:/Program Files (x86)/Arm GNU Toolchain arm-none-eabi/14.3 rel1/arm-none-eabi/include/c++/14.3.1/bits\stl_vector.h **** 
 642:C:/Program Files (x86)/Arm GNU Toolchain arm-none-eabi/14.3 rel1/arm-none-eabi/include/c++/14.3.1/bits\stl_vector.h ****       _GLIBCXX20_CONSTEXPR
 643:C:/Program Files (x86)/Arm GNU Toolchain arm-none-eabi/14.3 rel1/arm-none-eabi/include/c++/14.3.1/bits\stl_vector.h ****       vector(vector&& __rv, const allocator_type& __m, false_type)
 644:C:/Program Files (x86)/Arm GNU Toolchain arm-none-eabi/14.3 rel1/arm-none-eabi/include/c++/14.3.1/bits\stl_vector.h ****       : _Base(__m)
 645:C:/Program Files (x86)/Arm GNU Toolchain arm-none-eabi/14.3 rel1/arm-none-eabi/include/c++/14.3.1/bits\stl_vector.h ****       {
 646:C:/Program Files (x86)/Arm GNU Toolchain arm-none-eabi/14.3 rel1/arm-none-eabi/include/c++/14.3.1/bits\stl_vector.h **** 	if (__rv.get_allocator() == __m)
 647:C:/Program Files (x86)/Arm GNU Toolchain arm-none-eabi/14.3 rel1/arm-none-eabi/include/c++/14.3.1/bits\stl_vector.h **** 	  this->_M_impl._M_swap_data(__rv._M_impl);
 648:C:/Program Files (x86)/Arm GNU Toolchain arm-none-eabi/14.3 rel1/arm-none-eabi/include/c++/14.3.1/bits\stl_vector.h **** 	else if (!__rv.empty())
 649:C:/Program Files (x86)/Arm GNU Toolchain arm-none-eabi/14.3 rel1/arm-none-eabi/include/c++/14.3.1/bits\stl_vector.h **** 	  {
 650:C:/Program Files (x86)/Arm GNU Toolchain arm-none-eabi/14.3 rel1/arm-none-eabi/include/c++/14.3.1/bits\stl_vector.h **** 	    this->_M_create_storage(__rv.size());
 651:C:/Program Files (x86)/Arm GNU Toolchain arm-none-eabi/14.3 rel1/arm-none-eabi/include/c++/14.3.1/bits\stl_vector.h **** 	    this->_M_impl._M_finish =
 652:C:/Program Files (x86)/Arm GNU Toolchain arm-none-eabi/14.3 rel1/arm-none-eabi/include/c++/14.3.1/bits\stl_vector.h **** 	      std::__uninitialized_move_a(__rv.begin(), __rv.end(),
 653:C:/Program Files (x86)/Arm GNU Toolchain arm-none-eabi/14.3 rel1/arm-none-eabi/include/c++/14.3.1/bits\stl_vector.h **** 					  this->_M_impl._M_start,
 654:C:/Program Files (x86)/Arm GNU Toolchain arm-none-eabi/14.3 rel1/arm-none-eabi/include/c++/14.3.1/bits\stl_vector.h **** 					  _M_get_Tp_allocator());
 655:C:/Program Files (x86)/Arm GNU Toolchain arm-none-eabi/14.3 rel1/arm-none-eabi/include/c++/14.3.1/bits\stl_vector.h **** 	    __rv.clear();
 656:C:/Program Files (x86)/Arm GNU Toolchain arm-none-eabi/14.3 rel1/arm-none-eabi/include/c++/14.3.1/bits\stl_vector.h **** 	  }
 657:C:/Program Files (x86)/Arm GNU Toolchain arm-none-eabi/14.3 rel1/arm-none-eabi/include/c++/14.3.1/bits\stl_vector.h ****       }
 658:C:/Program Files (x86)/Arm GNU Toolchain arm-none-eabi/14.3 rel1/arm-none-eabi/include/c++/14.3.1/bits\stl_vector.h **** 
 659:C:/Program Files (x86)/Arm GNU Toolchain arm-none-eabi/14.3 rel1/arm-none-eabi/include/c++/14.3.1/bits\stl_vector.h ****     public:
 660:C:/Program Files (x86)/Arm GNU Toolchain arm-none-eabi/14.3 rel1/arm-none-eabi/include/c++/14.3.1/bits\stl_vector.h ****       /// Move constructor with alternative allocator
 661:C:/Program Files (x86)/Arm GNU Toolchain arm-none-eabi/14.3 rel1/arm-none-eabi/include/c++/14.3.1/bits\stl_vector.h ****       _GLIBCXX20_CONSTEXPR
 662:C:/Program Files (x86)/Arm GNU Toolchain arm-none-eabi/14.3 rel1/arm-none-eabi/include/c++/14.3.1/bits\stl_vector.h ****       vector(vector&& __rv, const __type_identity_t<allocator_type>& __m)
 663:C:/Program Files (x86)/Arm GNU Toolchain arm-none-eabi/14.3 rel1/arm-none-eabi/include/c++/14.3.1/bits\stl_vector.h ****       noexcept( noexcept(
 664:C:/Program Files (x86)/Arm GNU Toolchain arm-none-eabi/14.3 rel1/arm-none-eabi/include/c++/14.3.1/bits\stl_vector.h **** 	vector(std::declval<vector&&>(), std::declval<const allocator_type&>(),
 665:C:/Program Files (x86)/Arm GNU Toolchain arm-none-eabi/14.3 rel1/arm-none-eabi/include/c++/14.3.1/bits\stl_vector.h **** 	       std::declval<typename _Alloc_traits::is_always_equal>())) )
 666:C:/Program Files (x86)/Arm GNU Toolchain arm-none-eabi/14.3 rel1/arm-none-eabi/include/c++/14.3.1/bits\stl_vector.h ****       : vector(std::move(__rv), __m, typename _Alloc_traits::is_always_equal{})
 667:C:/Program Files (x86)/Arm GNU Toolchain arm-none-eabi/14.3 rel1/arm-none-eabi/include/c++/14.3.1/bits\stl_vector.h ****       { }
 668:C:/Program Files (x86)/Arm GNU Toolchain arm-none-eabi/14.3 rel1/arm-none-eabi/include/c++/14.3.1/bits\stl_vector.h **** 
 669:C:/Program Files (x86)/Arm GNU Toolchain arm-none-eabi/14.3 rel1/arm-none-eabi/include/c++/14.3.1/bits\stl_vector.h ****       /**
 670:C:/Program Files (x86)/Arm GNU Toolchain arm-none-eabi/14.3 rel1/arm-none-eabi/include/c++/14.3.1/bits\stl_vector.h ****        *  @brief  Builds a %vector from an initializer list.
ARM GAS  C:\Users\Oliver\AppData\Local\Temp\cc4VwjOw.s 			page 18


 671:C:/Program Files (x86)/Arm GNU Toolchain arm-none-eabi/14.3 rel1/arm-none-eabi/include/c++/14.3.1/bits\stl_vector.h ****        *  @param  __l  An initializer_list.
 672:C:/Program Files (x86)/Arm GNU Toolchain arm-none-eabi/14.3 rel1/arm-none-eabi/include/c++/14.3.1/bits\stl_vector.h ****        *  @param  __a  An allocator.
 673:C:/Program Files (x86)/Arm GNU Toolchain arm-none-eabi/14.3 rel1/arm-none-eabi/include/c++/14.3.1/bits\stl_vector.h ****        *
 674:C:/Program Files (x86)/Arm GNU Toolchain arm-none-eabi/14.3 rel1/arm-none-eabi/include/c++/14.3.1/bits\stl_vector.h ****        *  Create a %vector consisting of copies of the elements in the
 675:C:/Program Files (x86)/Arm GNU Toolchain arm-none-eabi/14.3 rel1/arm-none-eabi/include/c++/14.3.1/bits\stl_vector.h ****        *  initializer_list @a __l.
 676:C:/Program Files (x86)/Arm GNU Toolchain arm-none-eabi/14.3 rel1/arm-none-eabi/include/c++/14.3.1/bits\stl_vector.h ****        *
 677:C:/Program Files (x86)/Arm GNU Toolchain arm-none-eabi/14.3 rel1/arm-none-eabi/include/c++/14.3.1/bits\stl_vector.h ****        *  This will call the element type's copy constructor N times
 678:C:/Program Files (x86)/Arm GNU Toolchain arm-none-eabi/14.3 rel1/arm-none-eabi/include/c++/14.3.1/bits\stl_vector.h ****        *  (where N is @a __l.size()) and do no memory reallocation.
 679:C:/Program Files (x86)/Arm GNU Toolchain arm-none-eabi/14.3 rel1/arm-none-eabi/include/c++/14.3.1/bits\stl_vector.h ****        */
 680:C:/Program Files (x86)/Arm GNU Toolchain arm-none-eabi/14.3 rel1/arm-none-eabi/include/c++/14.3.1/bits\stl_vector.h ****       _GLIBCXX20_CONSTEXPR
 681:C:/Program Files (x86)/Arm GNU Toolchain arm-none-eabi/14.3 rel1/arm-none-eabi/include/c++/14.3.1/bits\stl_vector.h ****       vector(initializer_list<value_type> __l,
 682:C:/Program Files (x86)/Arm GNU Toolchain arm-none-eabi/14.3 rel1/arm-none-eabi/include/c++/14.3.1/bits\stl_vector.h **** 	     const allocator_type& __a = allocator_type())
 683:C:/Program Files (x86)/Arm GNU Toolchain arm-none-eabi/14.3 rel1/arm-none-eabi/include/c++/14.3.1/bits\stl_vector.h ****       : _Base(__a)
 684:C:/Program Files (x86)/Arm GNU Toolchain arm-none-eabi/14.3 rel1/arm-none-eabi/include/c++/14.3.1/bits\stl_vector.h ****       {
 685:C:/Program Files (x86)/Arm GNU Toolchain arm-none-eabi/14.3 rel1/arm-none-eabi/include/c++/14.3.1/bits\stl_vector.h **** 	_M_range_initialize_n(__l.begin(), __l.end(), __l.size());
 686:C:/Program Files (x86)/Arm GNU Toolchain arm-none-eabi/14.3 rel1/arm-none-eabi/include/c++/14.3.1/bits\stl_vector.h ****       }
 687:C:/Program Files (x86)/Arm GNU Toolchain arm-none-eabi/14.3 rel1/arm-none-eabi/include/c++/14.3.1/bits\stl_vector.h **** #endif
 688:C:/Program Files (x86)/Arm GNU Toolchain arm-none-eabi/14.3 rel1/arm-none-eabi/include/c++/14.3.1/bits\stl_vector.h **** 
 689:C:/Program Files (x86)/Arm GNU Toolchain arm-none-eabi/14.3 rel1/arm-none-eabi/include/c++/14.3.1/bits\stl_vector.h ****       /**
 690:C:/Program Files (x86)/Arm GNU Toolchain arm-none-eabi/14.3 rel1/arm-none-eabi/include/c++/14.3.1/bits\stl_vector.h ****        *  @brief  Builds a %vector from a range.
 691:C:/Program Files (x86)/Arm GNU Toolchain arm-none-eabi/14.3 rel1/arm-none-eabi/include/c++/14.3.1/bits\stl_vector.h ****        *  @param  __first  An input iterator.
 692:C:/Program Files (x86)/Arm GNU Toolchain arm-none-eabi/14.3 rel1/arm-none-eabi/include/c++/14.3.1/bits\stl_vector.h ****        *  @param  __last  An input iterator.
 693:C:/Program Files (x86)/Arm GNU Toolchain arm-none-eabi/14.3 rel1/arm-none-eabi/include/c++/14.3.1/bits\stl_vector.h ****        *  @param  __a  An allocator.
 694:C:/Program Files (x86)/Arm GNU Toolchain arm-none-eabi/14.3 rel1/arm-none-eabi/include/c++/14.3.1/bits\stl_vector.h ****        *
 695:C:/Program Files (x86)/Arm GNU Toolchain arm-none-eabi/14.3 rel1/arm-none-eabi/include/c++/14.3.1/bits\stl_vector.h ****        *  Create a %vector consisting of copies of the elements from
 696:C:/Program Files (x86)/Arm GNU Toolchain arm-none-eabi/14.3 rel1/arm-none-eabi/include/c++/14.3.1/bits\stl_vector.h ****        *  [first,last).
 697:C:/Program Files (x86)/Arm GNU Toolchain arm-none-eabi/14.3 rel1/arm-none-eabi/include/c++/14.3.1/bits\stl_vector.h ****        *
 698:C:/Program Files (x86)/Arm GNU Toolchain arm-none-eabi/14.3 rel1/arm-none-eabi/include/c++/14.3.1/bits\stl_vector.h ****        *  If the iterators are forward, bidirectional, or
 699:C:/Program Files (x86)/Arm GNU Toolchain arm-none-eabi/14.3 rel1/arm-none-eabi/include/c++/14.3.1/bits\stl_vector.h ****        *  random-access, then this will call the elements' copy
 700:C:/Program Files (x86)/Arm GNU Toolchain arm-none-eabi/14.3 rel1/arm-none-eabi/include/c++/14.3.1/bits\stl_vector.h ****        *  constructor N times (where N is distance(first,last)) and do
 701:C:/Program Files (x86)/Arm GNU Toolchain arm-none-eabi/14.3 rel1/arm-none-eabi/include/c++/14.3.1/bits\stl_vector.h ****        *  no memory reallocation.  But if only input iterators are
 702:C:/Program Files (x86)/Arm GNU Toolchain arm-none-eabi/14.3 rel1/arm-none-eabi/include/c++/14.3.1/bits\stl_vector.h ****        *  used, then this will do at most 2N calls to the copy
 703:C:/Program Files (x86)/Arm GNU Toolchain arm-none-eabi/14.3 rel1/arm-none-eabi/include/c++/14.3.1/bits\stl_vector.h ****        *  constructor, and logN memory reallocations.
 704:C:/Program Files (x86)/Arm GNU Toolchain arm-none-eabi/14.3 rel1/arm-none-eabi/include/c++/14.3.1/bits\stl_vector.h ****        */
 705:C:/Program Files (x86)/Arm GNU Toolchain arm-none-eabi/14.3 rel1/arm-none-eabi/include/c++/14.3.1/bits\stl_vector.h **** #if __cplusplus >= 201103L
 706:C:/Program Files (x86)/Arm GNU Toolchain arm-none-eabi/14.3 rel1/arm-none-eabi/include/c++/14.3.1/bits\stl_vector.h ****       template<typename _InputIterator,
 707:C:/Program Files (x86)/Arm GNU Toolchain arm-none-eabi/14.3 rel1/arm-none-eabi/include/c++/14.3.1/bits\stl_vector.h **** 	       typename = std::_RequireInputIter<_InputIterator>>
 708:C:/Program Files (x86)/Arm GNU Toolchain arm-none-eabi/14.3 rel1/arm-none-eabi/include/c++/14.3.1/bits\stl_vector.h **** 	_GLIBCXX20_CONSTEXPR
 709:C:/Program Files (x86)/Arm GNU Toolchain arm-none-eabi/14.3 rel1/arm-none-eabi/include/c++/14.3.1/bits\stl_vector.h **** 	vector(_InputIterator __first, _InputIterator __last,
 710:C:/Program Files (x86)/Arm GNU Toolchain arm-none-eabi/14.3 rel1/arm-none-eabi/include/c++/14.3.1/bits\stl_vector.h **** 	       const allocator_type& __a = allocator_type())
 711:C:/Program Files (x86)/Arm GNU Toolchain arm-none-eabi/14.3 rel1/arm-none-eabi/include/c++/14.3.1/bits\stl_vector.h **** 	: _Base(__a)
 712:C:/Program Files (x86)/Arm GNU Toolchain arm-none-eabi/14.3 rel1/arm-none-eabi/include/c++/14.3.1/bits\stl_vector.h **** 	{
 713:C:/Program Files (x86)/Arm GNU Toolchain arm-none-eabi/14.3 rel1/arm-none-eabi/include/c++/14.3.1/bits\stl_vector.h **** #if __glibcxx_concepts // C++ >= C++20
 714:C:/Program Files (x86)/Arm GNU Toolchain arm-none-eabi/14.3 rel1/arm-none-eabi/include/c++/14.3.1/bits\stl_vector.h **** 	  if constexpr (sized_sentinel_for<_InputIterator, _InputIterator>
 715:C:/Program Files (x86)/Arm GNU Toolchain arm-none-eabi/14.3 rel1/arm-none-eabi/include/c++/14.3.1/bits\stl_vector.h **** 			  || forward_iterator<_InputIterator>)
 716:C:/Program Files (x86)/Arm GNU Toolchain arm-none-eabi/14.3 rel1/arm-none-eabi/include/c++/14.3.1/bits\stl_vector.h **** 	    {
 717:C:/Program Files (x86)/Arm GNU Toolchain arm-none-eabi/14.3 rel1/arm-none-eabi/include/c++/14.3.1/bits\stl_vector.h **** 	      const auto __n
 718:C:/Program Files (x86)/Arm GNU Toolchain arm-none-eabi/14.3 rel1/arm-none-eabi/include/c++/14.3.1/bits\stl_vector.h **** 		= static_cast<size_type>(ranges::distance(__first, __last));
 719:C:/Program Files (x86)/Arm GNU Toolchain arm-none-eabi/14.3 rel1/arm-none-eabi/include/c++/14.3.1/bits\stl_vector.h **** 	      _M_range_initialize_n(__first, __last, __n);
 720:C:/Program Files (x86)/Arm GNU Toolchain arm-none-eabi/14.3 rel1/arm-none-eabi/include/c++/14.3.1/bits\stl_vector.h **** 	      return;
 721:C:/Program Files (x86)/Arm GNU Toolchain arm-none-eabi/14.3 rel1/arm-none-eabi/include/c++/14.3.1/bits\stl_vector.h **** 	    }
 722:C:/Program Files (x86)/Arm GNU Toolchain arm-none-eabi/14.3 rel1/arm-none-eabi/include/c++/14.3.1/bits\stl_vector.h **** 	  else
 723:C:/Program Files (x86)/Arm GNU Toolchain arm-none-eabi/14.3 rel1/arm-none-eabi/include/c++/14.3.1/bits\stl_vector.h **** #endif
 724:C:/Program Files (x86)/Arm GNU Toolchain arm-none-eabi/14.3 rel1/arm-none-eabi/include/c++/14.3.1/bits\stl_vector.h **** 	  _M_range_initialize(__first, __last,
 725:C:/Program Files (x86)/Arm GNU Toolchain arm-none-eabi/14.3 rel1/arm-none-eabi/include/c++/14.3.1/bits\stl_vector.h **** 			      std::__iterator_category(__first));
 726:C:/Program Files (x86)/Arm GNU Toolchain arm-none-eabi/14.3 rel1/arm-none-eabi/include/c++/14.3.1/bits\stl_vector.h **** 	}
 727:C:/Program Files (x86)/Arm GNU Toolchain arm-none-eabi/14.3 rel1/arm-none-eabi/include/c++/14.3.1/bits\stl_vector.h **** #else
ARM GAS  C:\Users\Oliver\AppData\Local\Temp\cc4VwjOw.s 			page 19


 728:C:/Program Files (x86)/Arm GNU Toolchain arm-none-eabi/14.3 rel1/arm-none-eabi/include/c++/14.3.1/bits\stl_vector.h ****       template<typename _InputIterator>
 729:C:/Program Files (x86)/Arm GNU Toolchain arm-none-eabi/14.3 rel1/arm-none-eabi/include/c++/14.3.1/bits\stl_vector.h **** 	vector(_InputIterator __first, _InputIterator __last,
 730:C:/Program Files (x86)/Arm GNU Toolchain arm-none-eabi/14.3 rel1/arm-none-eabi/include/c++/14.3.1/bits\stl_vector.h **** 	       const allocator_type& __a = allocator_type())
 731:C:/Program Files (x86)/Arm GNU Toolchain arm-none-eabi/14.3 rel1/arm-none-eabi/include/c++/14.3.1/bits\stl_vector.h **** 	: _Base(__a)
 732:C:/Program Files (x86)/Arm GNU Toolchain arm-none-eabi/14.3 rel1/arm-none-eabi/include/c++/14.3.1/bits\stl_vector.h **** 	{
 733:C:/Program Files (x86)/Arm GNU Toolchain arm-none-eabi/14.3 rel1/arm-none-eabi/include/c++/14.3.1/bits\stl_vector.h **** 	  // Check whether it's an integral type.  If so, it's not an iterator.
 734:C:/Program Files (x86)/Arm GNU Toolchain arm-none-eabi/14.3 rel1/arm-none-eabi/include/c++/14.3.1/bits\stl_vector.h **** 	  typedef typename std::__is_integer<_InputIterator>::__type _Integral;
 735:C:/Program Files (x86)/Arm GNU Toolchain arm-none-eabi/14.3 rel1/arm-none-eabi/include/c++/14.3.1/bits\stl_vector.h **** 	  _M_initialize_dispatch(__first, __last, _Integral());
 736:C:/Program Files (x86)/Arm GNU Toolchain arm-none-eabi/14.3 rel1/arm-none-eabi/include/c++/14.3.1/bits\stl_vector.h **** 	}
 737:C:/Program Files (x86)/Arm GNU Toolchain arm-none-eabi/14.3 rel1/arm-none-eabi/include/c++/14.3.1/bits\stl_vector.h **** #endif
 738:C:/Program Files (x86)/Arm GNU Toolchain arm-none-eabi/14.3 rel1/arm-none-eabi/include/c++/14.3.1/bits\stl_vector.h **** 
 739:C:/Program Files (x86)/Arm GNU Toolchain arm-none-eabi/14.3 rel1/arm-none-eabi/include/c++/14.3.1/bits\stl_vector.h ****       /**
 740:C:/Program Files (x86)/Arm GNU Toolchain arm-none-eabi/14.3 rel1/arm-none-eabi/include/c++/14.3.1/bits\stl_vector.h ****        *  The dtor only erases the elements, and note that if the
 741:C:/Program Files (x86)/Arm GNU Toolchain arm-none-eabi/14.3 rel1/arm-none-eabi/include/c++/14.3.1/bits\stl_vector.h ****        *  elements themselves are pointers, the pointed-to memory is
 742:C:/Program Files (x86)/Arm GNU Toolchain arm-none-eabi/14.3 rel1/arm-none-eabi/include/c++/14.3.1/bits\stl_vector.h ****        *  not touched in any way.  Managing the pointer is the user's
 743:C:/Program Files (x86)/Arm GNU Toolchain arm-none-eabi/14.3 rel1/arm-none-eabi/include/c++/14.3.1/bits\stl_vector.h ****        *  responsibility.
 744:C:/Program Files (x86)/Arm GNU Toolchain arm-none-eabi/14.3 rel1/arm-none-eabi/include/c++/14.3.1/bits\stl_vector.h ****        */
 745:C:/Program Files (x86)/Arm GNU Toolchain arm-none-eabi/14.3 rel1/arm-none-eabi/include/c++/14.3.1/bits\stl_vector.h ****       _GLIBCXX20_CONSTEXPR
 746:C:/Program Files (x86)/Arm GNU Toolchain arm-none-eabi/14.3 rel1/arm-none-eabi/include/c++/14.3.1/bits\stl_vector.h ****       ~vector() _GLIBCXX_NOEXCEPT
 747:C:/Program Files (x86)/Arm GNU Toolchain arm-none-eabi/14.3 rel1/arm-none-eabi/include/c++/14.3.1/bits\stl_vector.h ****       {
 748:C:/Program Files (x86)/Arm GNU Toolchain arm-none-eabi/14.3 rel1/arm-none-eabi/include/c++/14.3.1/bits\stl_vector.h **** 	std::_Destroy(this->_M_impl._M_start, this->_M_impl._M_finish,
 749:C:/Program Files (x86)/Arm GNU Toolchain arm-none-eabi/14.3 rel1/arm-none-eabi/include/c++/14.3.1/bits\stl_vector.h **** 		      _M_get_Tp_allocator());
 750:C:/Program Files (x86)/Arm GNU Toolchain arm-none-eabi/14.3 rel1/arm-none-eabi/include/c++/14.3.1/bits\stl_vector.h **** 	_GLIBCXX_ASAN_ANNOTATE_BEFORE_DEALLOC;
 751:C:/Program Files (x86)/Arm GNU Toolchain arm-none-eabi/14.3 rel1/arm-none-eabi/include/c++/14.3.1/bits\stl_vector.h ****       }
 752:C:/Program Files (x86)/Arm GNU Toolchain arm-none-eabi/14.3 rel1/arm-none-eabi/include/c++/14.3.1/bits\stl_vector.h **** 
 753:C:/Program Files (x86)/Arm GNU Toolchain arm-none-eabi/14.3 rel1/arm-none-eabi/include/c++/14.3.1/bits\stl_vector.h ****       /**
 754:C:/Program Files (x86)/Arm GNU Toolchain arm-none-eabi/14.3 rel1/arm-none-eabi/include/c++/14.3.1/bits\stl_vector.h ****        *  @brief  %Vector assignment operator.
 755:C:/Program Files (x86)/Arm GNU Toolchain arm-none-eabi/14.3 rel1/arm-none-eabi/include/c++/14.3.1/bits\stl_vector.h ****        *  @param  __x  A %vector of identical element and allocator types.
 756:C:/Program Files (x86)/Arm GNU Toolchain arm-none-eabi/14.3 rel1/arm-none-eabi/include/c++/14.3.1/bits\stl_vector.h ****        *
 757:C:/Program Files (x86)/Arm GNU Toolchain arm-none-eabi/14.3 rel1/arm-none-eabi/include/c++/14.3.1/bits\stl_vector.h ****        *  All the elements of @a __x are copied, but any unused capacity in
 758:C:/Program Files (x86)/Arm GNU Toolchain arm-none-eabi/14.3 rel1/arm-none-eabi/include/c++/14.3.1/bits\stl_vector.h ****        *  @a __x will not be copied.
 759:C:/Program Files (x86)/Arm GNU Toolchain arm-none-eabi/14.3 rel1/arm-none-eabi/include/c++/14.3.1/bits\stl_vector.h ****        *
 760:C:/Program Files (x86)/Arm GNU Toolchain arm-none-eabi/14.3 rel1/arm-none-eabi/include/c++/14.3.1/bits\stl_vector.h ****        *  Whether the allocator is copied depends on the allocator traits.
 761:C:/Program Files (x86)/Arm GNU Toolchain arm-none-eabi/14.3 rel1/arm-none-eabi/include/c++/14.3.1/bits\stl_vector.h ****        */
 762:C:/Program Files (x86)/Arm GNU Toolchain arm-none-eabi/14.3 rel1/arm-none-eabi/include/c++/14.3.1/bits\stl_vector.h ****       _GLIBCXX20_CONSTEXPR
 763:C:/Program Files (x86)/Arm GNU Toolchain arm-none-eabi/14.3 rel1/arm-none-eabi/include/c++/14.3.1/bits\stl_vector.h ****       vector&
 764:C:/Program Files (x86)/Arm GNU Toolchain arm-none-eabi/14.3 rel1/arm-none-eabi/include/c++/14.3.1/bits\stl_vector.h ****       operator=(const vector& __x);
 765:C:/Program Files (x86)/Arm GNU Toolchain arm-none-eabi/14.3 rel1/arm-none-eabi/include/c++/14.3.1/bits\stl_vector.h **** 
 766:C:/Program Files (x86)/Arm GNU Toolchain arm-none-eabi/14.3 rel1/arm-none-eabi/include/c++/14.3.1/bits\stl_vector.h **** #if __cplusplus >= 201103L
 767:C:/Program Files (x86)/Arm GNU Toolchain arm-none-eabi/14.3 rel1/arm-none-eabi/include/c++/14.3.1/bits\stl_vector.h ****       /**
 768:C:/Program Files (x86)/Arm GNU Toolchain arm-none-eabi/14.3 rel1/arm-none-eabi/include/c++/14.3.1/bits\stl_vector.h ****        *  @brief  %Vector move assignment operator.
 769:C:/Program Files (x86)/Arm GNU Toolchain arm-none-eabi/14.3 rel1/arm-none-eabi/include/c++/14.3.1/bits\stl_vector.h ****        *  @param  __x  A %vector of identical element and allocator types.
 770:C:/Program Files (x86)/Arm GNU Toolchain arm-none-eabi/14.3 rel1/arm-none-eabi/include/c++/14.3.1/bits\stl_vector.h ****        *
 771:C:/Program Files (x86)/Arm GNU Toolchain arm-none-eabi/14.3 rel1/arm-none-eabi/include/c++/14.3.1/bits\stl_vector.h ****        *  The contents of @a __x are moved into this %vector (without copying,
 772:C:/Program Files (x86)/Arm GNU Toolchain arm-none-eabi/14.3 rel1/arm-none-eabi/include/c++/14.3.1/bits\stl_vector.h ****        *  if the allocators permit it).
 773:C:/Program Files (x86)/Arm GNU Toolchain arm-none-eabi/14.3 rel1/arm-none-eabi/include/c++/14.3.1/bits\stl_vector.h ****        *  Afterwards @a __x is a valid, but unspecified %vector.
 774:C:/Program Files (x86)/Arm GNU Toolchain arm-none-eabi/14.3 rel1/arm-none-eabi/include/c++/14.3.1/bits\stl_vector.h ****        *
 775:C:/Program Files (x86)/Arm GNU Toolchain arm-none-eabi/14.3 rel1/arm-none-eabi/include/c++/14.3.1/bits\stl_vector.h ****        *  Whether the allocator is moved depends on the allocator traits.
 776:C:/Program Files (x86)/Arm GNU Toolchain arm-none-eabi/14.3 rel1/arm-none-eabi/include/c++/14.3.1/bits\stl_vector.h ****        */
 777:C:/Program Files (x86)/Arm GNU Toolchain arm-none-eabi/14.3 rel1/arm-none-eabi/include/c++/14.3.1/bits\stl_vector.h ****       _GLIBCXX20_CONSTEXPR
 778:C:/Program Files (x86)/Arm GNU Toolchain arm-none-eabi/14.3 rel1/arm-none-eabi/include/c++/14.3.1/bits\stl_vector.h ****       vector&
 779:C:/Program Files (x86)/Arm GNU Toolchain arm-none-eabi/14.3 rel1/arm-none-eabi/include/c++/14.3.1/bits\stl_vector.h ****       operator=(vector&& __x) noexcept(_Alloc_traits::_S_nothrow_move())
 780:C:/Program Files (x86)/Arm GNU Toolchain arm-none-eabi/14.3 rel1/arm-none-eabi/include/c++/14.3.1/bits\stl_vector.h ****       {
 781:C:/Program Files (x86)/Arm GNU Toolchain arm-none-eabi/14.3 rel1/arm-none-eabi/include/c++/14.3.1/bits\stl_vector.h **** 	constexpr bool __move_storage =
 782:C:/Program Files (x86)/Arm GNU Toolchain arm-none-eabi/14.3 rel1/arm-none-eabi/include/c++/14.3.1/bits\stl_vector.h **** 	  _Alloc_traits::_S_propagate_on_move_assign()
 783:C:/Program Files (x86)/Arm GNU Toolchain arm-none-eabi/14.3 rel1/arm-none-eabi/include/c++/14.3.1/bits\stl_vector.h **** 	  || _Alloc_traits::_S_always_equal();
 784:C:/Program Files (x86)/Arm GNU Toolchain arm-none-eabi/14.3 rel1/arm-none-eabi/include/c++/14.3.1/bits\stl_vector.h **** 	_M_move_assign(std::move(__x), __bool_constant<__move_storage>());
ARM GAS  C:\Users\Oliver\AppData\Local\Temp\cc4VwjOw.s 			page 20


 785:C:/Program Files (x86)/Arm GNU Toolchain arm-none-eabi/14.3 rel1/arm-none-eabi/include/c++/14.3.1/bits\stl_vector.h **** 	return *this;
 786:C:/Program Files (x86)/Arm GNU Toolchain arm-none-eabi/14.3 rel1/arm-none-eabi/include/c++/14.3.1/bits\stl_vector.h ****       }
 787:C:/Program Files (x86)/Arm GNU Toolchain arm-none-eabi/14.3 rel1/arm-none-eabi/include/c++/14.3.1/bits\stl_vector.h **** 
 788:C:/Program Files (x86)/Arm GNU Toolchain arm-none-eabi/14.3 rel1/arm-none-eabi/include/c++/14.3.1/bits\stl_vector.h ****       /**
 789:C:/Program Files (x86)/Arm GNU Toolchain arm-none-eabi/14.3 rel1/arm-none-eabi/include/c++/14.3.1/bits\stl_vector.h ****        *  @brief  %Vector list assignment operator.
 790:C:/Program Files (x86)/Arm GNU Toolchain arm-none-eabi/14.3 rel1/arm-none-eabi/include/c++/14.3.1/bits\stl_vector.h ****        *  @param  __l  An initializer_list.
 791:C:/Program Files (x86)/Arm GNU Toolchain arm-none-eabi/14.3 rel1/arm-none-eabi/include/c++/14.3.1/bits\stl_vector.h ****        *
 792:C:/Program Files (x86)/Arm GNU Toolchain arm-none-eabi/14.3 rel1/arm-none-eabi/include/c++/14.3.1/bits\stl_vector.h ****        *  This function fills a %vector with copies of the elements in the
 793:C:/Program Files (x86)/Arm GNU Toolchain arm-none-eabi/14.3 rel1/arm-none-eabi/include/c++/14.3.1/bits\stl_vector.h ****        *  initializer list @a __l.
 794:C:/Program Files (x86)/Arm GNU Toolchain arm-none-eabi/14.3 rel1/arm-none-eabi/include/c++/14.3.1/bits\stl_vector.h ****        *
 795:C:/Program Files (x86)/Arm GNU Toolchain arm-none-eabi/14.3 rel1/arm-none-eabi/include/c++/14.3.1/bits\stl_vector.h ****        *  Note that the assignment completely changes the %vector and
 796:C:/Program Files (x86)/Arm GNU Toolchain arm-none-eabi/14.3 rel1/arm-none-eabi/include/c++/14.3.1/bits\stl_vector.h ****        *  that the resulting %vector's size is the same as the number
 797:C:/Program Files (x86)/Arm GNU Toolchain arm-none-eabi/14.3 rel1/arm-none-eabi/include/c++/14.3.1/bits\stl_vector.h ****        *  of elements assigned.
 798:C:/Program Files (x86)/Arm GNU Toolchain arm-none-eabi/14.3 rel1/arm-none-eabi/include/c++/14.3.1/bits\stl_vector.h ****        */
 799:C:/Program Files (x86)/Arm GNU Toolchain arm-none-eabi/14.3 rel1/arm-none-eabi/include/c++/14.3.1/bits\stl_vector.h ****       _GLIBCXX20_CONSTEXPR
 800:C:/Program Files (x86)/Arm GNU Toolchain arm-none-eabi/14.3 rel1/arm-none-eabi/include/c++/14.3.1/bits\stl_vector.h ****       vector&
 801:C:/Program Files (x86)/Arm GNU Toolchain arm-none-eabi/14.3 rel1/arm-none-eabi/include/c++/14.3.1/bits\stl_vector.h ****       operator=(initializer_list<value_type> __l)
 802:C:/Program Files (x86)/Arm GNU Toolchain arm-none-eabi/14.3 rel1/arm-none-eabi/include/c++/14.3.1/bits\stl_vector.h ****       {
 803:C:/Program Files (x86)/Arm GNU Toolchain arm-none-eabi/14.3 rel1/arm-none-eabi/include/c++/14.3.1/bits\stl_vector.h **** 	this->_M_assign_aux(__l.begin(), __l.end(),
 804:C:/Program Files (x86)/Arm GNU Toolchain arm-none-eabi/14.3 rel1/arm-none-eabi/include/c++/14.3.1/bits\stl_vector.h **** 			    random_access_iterator_tag());
 805:C:/Program Files (x86)/Arm GNU Toolchain arm-none-eabi/14.3 rel1/arm-none-eabi/include/c++/14.3.1/bits\stl_vector.h **** 	return *this;
 806:C:/Program Files (x86)/Arm GNU Toolchain arm-none-eabi/14.3 rel1/arm-none-eabi/include/c++/14.3.1/bits\stl_vector.h ****       }
 807:C:/Program Files (x86)/Arm GNU Toolchain arm-none-eabi/14.3 rel1/arm-none-eabi/include/c++/14.3.1/bits\stl_vector.h **** #endif
 808:C:/Program Files (x86)/Arm GNU Toolchain arm-none-eabi/14.3 rel1/arm-none-eabi/include/c++/14.3.1/bits\stl_vector.h **** 
 809:C:/Program Files (x86)/Arm GNU Toolchain arm-none-eabi/14.3 rel1/arm-none-eabi/include/c++/14.3.1/bits\stl_vector.h ****       /**
 810:C:/Program Files (x86)/Arm GNU Toolchain arm-none-eabi/14.3 rel1/arm-none-eabi/include/c++/14.3.1/bits\stl_vector.h ****        *  @brief  Assigns a given value to a %vector.
 811:C:/Program Files (x86)/Arm GNU Toolchain arm-none-eabi/14.3 rel1/arm-none-eabi/include/c++/14.3.1/bits\stl_vector.h ****        *  @param  __n  Number of elements to be assigned.
 812:C:/Program Files (x86)/Arm GNU Toolchain arm-none-eabi/14.3 rel1/arm-none-eabi/include/c++/14.3.1/bits\stl_vector.h ****        *  @param  __val  Value to be assigned.
 813:C:/Program Files (x86)/Arm GNU Toolchain arm-none-eabi/14.3 rel1/arm-none-eabi/include/c++/14.3.1/bits\stl_vector.h ****        *
 814:C:/Program Files (x86)/Arm GNU Toolchain arm-none-eabi/14.3 rel1/arm-none-eabi/include/c++/14.3.1/bits\stl_vector.h ****        *  This function fills a %vector with @a __n copies of the given
 815:C:/Program Files (x86)/Arm GNU Toolchain arm-none-eabi/14.3 rel1/arm-none-eabi/include/c++/14.3.1/bits\stl_vector.h ****        *  value.  Note that the assignment completely changes the
 816:C:/Program Files (x86)/Arm GNU Toolchain arm-none-eabi/14.3 rel1/arm-none-eabi/include/c++/14.3.1/bits\stl_vector.h ****        *  %vector and that the resulting %vector's size is the same as
 817:C:/Program Files (x86)/Arm GNU Toolchain arm-none-eabi/14.3 rel1/arm-none-eabi/include/c++/14.3.1/bits\stl_vector.h ****        *  the number of elements assigned.
 818:C:/Program Files (x86)/Arm GNU Toolchain arm-none-eabi/14.3 rel1/arm-none-eabi/include/c++/14.3.1/bits\stl_vector.h ****        */
 819:C:/Program Files (x86)/Arm GNU Toolchain arm-none-eabi/14.3 rel1/arm-none-eabi/include/c++/14.3.1/bits\stl_vector.h ****       _GLIBCXX20_CONSTEXPR
 820:C:/Program Files (x86)/Arm GNU Toolchain arm-none-eabi/14.3 rel1/arm-none-eabi/include/c++/14.3.1/bits\stl_vector.h ****       void
 821:C:/Program Files (x86)/Arm GNU Toolchain arm-none-eabi/14.3 rel1/arm-none-eabi/include/c++/14.3.1/bits\stl_vector.h ****       assign(size_type __n, const value_type& __val)
 822:C:/Program Files (x86)/Arm GNU Toolchain arm-none-eabi/14.3 rel1/arm-none-eabi/include/c++/14.3.1/bits\stl_vector.h ****       { _M_fill_assign(__n, __val); }
 823:C:/Program Files (x86)/Arm GNU Toolchain arm-none-eabi/14.3 rel1/arm-none-eabi/include/c++/14.3.1/bits\stl_vector.h **** 
 824:C:/Program Files (x86)/Arm GNU Toolchain arm-none-eabi/14.3 rel1/arm-none-eabi/include/c++/14.3.1/bits\stl_vector.h ****       /**
 825:C:/Program Files (x86)/Arm GNU Toolchain arm-none-eabi/14.3 rel1/arm-none-eabi/include/c++/14.3.1/bits\stl_vector.h ****        *  @brief  Assigns a range to a %vector.
 826:C:/Program Files (x86)/Arm GNU Toolchain arm-none-eabi/14.3 rel1/arm-none-eabi/include/c++/14.3.1/bits\stl_vector.h ****        *  @param  __first  An input iterator.
 827:C:/Program Files (x86)/Arm GNU Toolchain arm-none-eabi/14.3 rel1/arm-none-eabi/include/c++/14.3.1/bits\stl_vector.h ****        *  @param  __last   An input iterator.
 828:C:/Program Files (x86)/Arm GNU Toolchain arm-none-eabi/14.3 rel1/arm-none-eabi/include/c++/14.3.1/bits\stl_vector.h ****        *
 829:C:/Program Files (x86)/Arm GNU Toolchain arm-none-eabi/14.3 rel1/arm-none-eabi/include/c++/14.3.1/bits\stl_vector.h ****        *  This function fills a %vector with copies of the elements in the
 830:C:/Program Files (x86)/Arm GNU Toolchain arm-none-eabi/14.3 rel1/arm-none-eabi/include/c++/14.3.1/bits\stl_vector.h ****        *  range [__first,__last).
 831:C:/Program Files (x86)/Arm GNU Toolchain arm-none-eabi/14.3 rel1/arm-none-eabi/include/c++/14.3.1/bits\stl_vector.h ****        *
 832:C:/Program Files (x86)/Arm GNU Toolchain arm-none-eabi/14.3 rel1/arm-none-eabi/include/c++/14.3.1/bits\stl_vector.h ****        *  Note that the assignment completely changes the %vector and
 833:C:/Program Files (x86)/Arm GNU Toolchain arm-none-eabi/14.3 rel1/arm-none-eabi/include/c++/14.3.1/bits\stl_vector.h ****        *  that the resulting %vector's size is the same as the number
 834:C:/Program Files (x86)/Arm GNU Toolchain arm-none-eabi/14.3 rel1/arm-none-eabi/include/c++/14.3.1/bits\stl_vector.h ****        *  of elements assigned.
 835:C:/Program Files (x86)/Arm GNU Toolchain arm-none-eabi/14.3 rel1/arm-none-eabi/include/c++/14.3.1/bits\stl_vector.h ****        */
 836:C:/Program Files (x86)/Arm GNU Toolchain arm-none-eabi/14.3 rel1/arm-none-eabi/include/c++/14.3.1/bits\stl_vector.h **** #if __cplusplus >= 201103L
 837:C:/Program Files (x86)/Arm GNU Toolchain arm-none-eabi/14.3 rel1/arm-none-eabi/include/c++/14.3.1/bits\stl_vector.h ****       template<typename _InputIterator,
 838:C:/Program Files (x86)/Arm GNU Toolchain arm-none-eabi/14.3 rel1/arm-none-eabi/include/c++/14.3.1/bits\stl_vector.h **** 	       typename = std::_RequireInputIter<_InputIterator>>
 839:C:/Program Files (x86)/Arm GNU Toolchain arm-none-eabi/14.3 rel1/arm-none-eabi/include/c++/14.3.1/bits\stl_vector.h **** 	_GLIBCXX20_CONSTEXPR
 840:C:/Program Files (x86)/Arm GNU Toolchain arm-none-eabi/14.3 rel1/arm-none-eabi/include/c++/14.3.1/bits\stl_vector.h **** 	void
 841:C:/Program Files (x86)/Arm GNU Toolchain arm-none-eabi/14.3 rel1/arm-none-eabi/include/c++/14.3.1/bits\stl_vector.h **** 	assign(_InputIterator __first, _InputIterator __last)
ARM GAS  C:\Users\Oliver\AppData\Local\Temp\cc4VwjOw.s 			page 21


 842:C:/Program Files (x86)/Arm GNU Toolchain arm-none-eabi/14.3 rel1/arm-none-eabi/include/c++/14.3.1/bits\stl_vector.h **** 	{ _M_assign_aux(__first, __last, std::__iterator_category(__first)); }
 843:C:/Program Files (x86)/Arm GNU Toolchain arm-none-eabi/14.3 rel1/arm-none-eabi/include/c++/14.3.1/bits\stl_vector.h **** #else
 844:C:/Program Files (x86)/Arm GNU Toolchain arm-none-eabi/14.3 rel1/arm-none-eabi/include/c++/14.3.1/bits\stl_vector.h ****       template<typename _InputIterator>
 845:C:/Program Files (x86)/Arm GNU Toolchain arm-none-eabi/14.3 rel1/arm-none-eabi/include/c++/14.3.1/bits\stl_vector.h **** 	void
 846:C:/Program Files (x86)/Arm GNU Toolchain arm-none-eabi/14.3 rel1/arm-none-eabi/include/c++/14.3.1/bits\stl_vector.h **** 	assign(_InputIterator __first, _InputIterator __last)
 847:C:/Program Files (x86)/Arm GNU Toolchain arm-none-eabi/14.3 rel1/arm-none-eabi/include/c++/14.3.1/bits\stl_vector.h **** 	{
 848:C:/Program Files (x86)/Arm GNU Toolchain arm-none-eabi/14.3 rel1/arm-none-eabi/include/c++/14.3.1/bits\stl_vector.h **** 	  // Check whether it's an integral type.  If so, it's not an iterator.
 849:C:/Program Files (x86)/Arm GNU Toolchain arm-none-eabi/14.3 rel1/arm-none-eabi/include/c++/14.3.1/bits\stl_vector.h **** 	  typedef typename std::__is_integer<_InputIterator>::__type _Integral;
 850:C:/Program Files (x86)/Arm GNU Toolchain arm-none-eabi/14.3 rel1/arm-none-eabi/include/c++/14.3.1/bits\stl_vector.h **** 	  _M_assign_dispatch(__first, __last, _Integral());
 851:C:/Program Files (x86)/Arm GNU Toolchain arm-none-eabi/14.3 rel1/arm-none-eabi/include/c++/14.3.1/bits\stl_vector.h **** 	}
 852:C:/Program Files (x86)/Arm GNU Toolchain arm-none-eabi/14.3 rel1/arm-none-eabi/include/c++/14.3.1/bits\stl_vector.h **** #endif
 853:C:/Program Files (x86)/Arm GNU Toolchain arm-none-eabi/14.3 rel1/arm-none-eabi/include/c++/14.3.1/bits\stl_vector.h **** 
 854:C:/Program Files (x86)/Arm GNU Toolchain arm-none-eabi/14.3 rel1/arm-none-eabi/include/c++/14.3.1/bits\stl_vector.h **** #if __cplusplus >= 201103L
 855:C:/Program Files (x86)/Arm GNU Toolchain arm-none-eabi/14.3 rel1/arm-none-eabi/include/c++/14.3.1/bits\stl_vector.h ****       /**
 856:C:/Program Files (x86)/Arm GNU Toolchain arm-none-eabi/14.3 rel1/arm-none-eabi/include/c++/14.3.1/bits\stl_vector.h ****        *  @brief  Assigns an initializer list to a %vector.
 857:C:/Program Files (x86)/Arm GNU Toolchain arm-none-eabi/14.3 rel1/arm-none-eabi/include/c++/14.3.1/bits\stl_vector.h ****        *  @param  __l  An initializer_list.
 858:C:/Program Files (x86)/Arm GNU Toolchain arm-none-eabi/14.3 rel1/arm-none-eabi/include/c++/14.3.1/bits\stl_vector.h ****        *
 859:C:/Program Files (x86)/Arm GNU Toolchain arm-none-eabi/14.3 rel1/arm-none-eabi/include/c++/14.3.1/bits\stl_vector.h ****        *  This function fills a %vector with copies of the elements in the
 860:C:/Program Files (x86)/Arm GNU Toolchain arm-none-eabi/14.3 rel1/arm-none-eabi/include/c++/14.3.1/bits\stl_vector.h ****        *  initializer list @a __l.
 861:C:/Program Files (x86)/Arm GNU Toolchain arm-none-eabi/14.3 rel1/arm-none-eabi/include/c++/14.3.1/bits\stl_vector.h ****        *
 862:C:/Program Files (x86)/Arm GNU Toolchain arm-none-eabi/14.3 rel1/arm-none-eabi/include/c++/14.3.1/bits\stl_vector.h ****        *  Note that the assignment completely changes the %vector and
 863:C:/Program Files (x86)/Arm GNU Toolchain arm-none-eabi/14.3 rel1/arm-none-eabi/include/c++/14.3.1/bits\stl_vector.h ****        *  that the resulting %vector's size is the same as the number
 864:C:/Program Files (x86)/Arm GNU Toolchain arm-none-eabi/14.3 rel1/arm-none-eabi/include/c++/14.3.1/bits\stl_vector.h ****        *  of elements assigned.
 865:C:/Program Files (x86)/Arm GNU Toolchain arm-none-eabi/14.3 rel1/arm-none-eabi/include/c++/14.3.1/bits\stl_vector.h ****        */
 866:C:/Program Files (x86)/Arm GNU Toolchain arm-none-eabi/14.3 rel1/arm-none-eabi/include/c++/14.3.1/bits\stl_vector.h ****       _GLIBCXX20_CONSTEXPR
 867:C:/Program Files (x86)/Arm GNU Toolchain arm-none-eabi/14.3 rel1/arm-none-eabi/include/c++/14.3.1/bits\stl_vector.h ****       void
 868:C:/Program Files (x86)/Arm GNU Toolchain arm-none-eabi/14.3 rel1/arm-none-eabi/include/c++/14.3.1/bits\stl_vector.h ****       assign(initializer_list<value_type> __l)
 869:C:/Program Files (x86)/Arm GNU Toolchain arm-none-eabi/14.3 rel1/arm-none-eabi/include/c++/14.3.1/bits\stl_vector.h ****       {
 870:C:/Program Files (x86)/Arm GNU Toolchain arm-none-eabi/14.3 rel1/arm-none-eabi/include/c++/14.3.1/bits\stl_vector.h **** 	this->_M_assign_aux(__l.begin(), __l.end(),
 871:C:/Program Files (x86)/Arm GNU Toolchain arm-none-eabi/14.3 rel1/arm-none-eabi/include/c++/14.3.1/bits\stl_vector.h **** 			    random_access_iterator_tag());
 872:C:/Program Files (x86)/Arm GNU Toolchain arm-none-eabi/14.3 rel1/arm-none-eabi/include/c++/14.3.1/bits\stl_vector.h ****       }
 873:C:/Program Files (x86)/Arm GNU Toolchain arm-none-eabi/14.3 rel1/arm-none-eabi/include/c++/14.3.1/bits\stl_vector.h **** #endif
 874:C:/Program Files (x86)/Arm GNU Toolchain arm-none-eabi/14.3 rel1/arm-none-eabi/include/c++/14.3.1/bits\stl_vector.h **** 
 875:C:/Program Files (x86)/Arm GNU Toolchain arm-none-eabi/14.3 rel1/arm-none-eabi/include/c++/14.3.1/bits\stl_vector.h ****       /// Get a copy of the memory allocation object.
 876:C:/Program Files (x86)/Arm GNU Toolchain arm-none-eabi/14.3 rel1/arm-none-eabi/include/c++/14.3.1/bits\stl_vector.h ****       using _Base::get_allocator;
 877:C:/Program Files (x86)/Arm GNU Toolchain arm-none-eabi/14.3 rel1/arm-none-eabi/include/c++/14.3.1/bits\stl_vector.h **** 
 878:C:/Program Files (x86)/Arm GNU Toolchain arm-none-eabi/14.3 rel1/arm-none-eabi/include/c++/14.3.1/bits\stl_vector.h ****       // iterators
 879:C:/Program Files (x86)/Arm GNU Toolchain arm-none-eabi/14.3 rel1/arm-none-eabi/include/c++/14.3.1/bits\stl_vector.h ****       /**
 880:C:/Program Files (x86)/Arm GNU Toolchain arm-none-eabi/14.3 rel1/arm-none-eabi/include/c++/14.3.1/bits\stl_vector.h ****        *  Returns a read/write iterator that points to the first
 881:C:/Program Files (x86)/Arm GNU Toolchain arm-none-eabi/14.3 rel1/arm-none-eabi/include/c++/14.3.1/bits\stl_vector.h ****        *  element in the %vector.  Iteration is done in ordinary
 882:C:/Program Files (x86)/Arm GNU Toolchain arm-none-eabi/14.3 rel1/arm-none-eabi/include/c++/14.3.1/bits\stl_vector.h ****        *  element order.
 883:C:/Program Files (x86)/Arm GNU Toolchain arm-none-eabi/14.3 rel1/arm-none-eabi/include/c++/14.3.1/bits\stl_vector.h ****        */
 884:C:/Program Files (x86)/Arm GNU Toolchain arm-none-eabi/14.3 rel1/arm-none-eabi/include/c++/14.3.1/bits\stl_vector.h ****       _GLIBCXX_NODISCARD _GLIBCXX20_CONSTEXPR
 885:C:/Program Files (x86)/Arm GNU Toolchain arm-none-eabi/14.3 rel1/arm-none-eabi/include/c++/14.3.1/bits\stl_vector.h ****       iterator
 886:C:/Program Files (x86)/Arm GNU Toolchain arm-none-eabi/14.3 rel1/arm-none-eabi/include/c++/14.3.1/bits\stl_vector.h ****       begin() _GLIBCXX_NOEXCEPT
 887:C:/Program Files (x86)/Arm GNU Toolchain arm-none-eabi/14.3 rel1/arm-none-eabi/include/c++/14.3.1/bits\stl_vector.h ****       { return iterator(this->_M_impl._M_start); }
 888:C:/Program Files (x86)/Arm GNU Toolchain arm-none-eabi/14.3 rel1/arm-none-eabi/include/c++/14.3.1/bits\stl_vector.h **** 
 889:C:/Program Files (x86)/Arm GNU Toolchain arm-none-eabi/14.3 rel1/arm-none-eabi/include/c++/14.3.1/bits\stl_vector.h ****       /**
 890:C:/Program Files (x86)/Arm GNU Toolchain arm-none-eabi/14.3 rel1/arm-none-eabi/include/c++/14.3.1/bits\stl_vector.h ****        *  Returns a read-only (constant) iterator that points to the
 891:C:/Program Files (x86)/Arm GNU Toolchain arm-none-eabi/14.3 rel1/arm-none-eabi/include/c++/14.3.1/bits\stl_vector.h ****        *  first element in the %vector.  Iteration is done in ordinary
 892:C:/Program Files (x86)/Arm GNU Toolchain arm-none-eabi/14.3 rel1/arm-none-eabi/include/c++/14.3.1/bits\stl_vector.h ****        *  element order.
 893:C:/Program Files (x86)/Arm GNU Toolchain arm-none-eabi/14.3 rel1/arm-none-eabi/include/c++/14.3.1/bits\stl_vector.h ****        */
 894:C:/Program Files (x86)/Arm GNU Toolchain arm-none-eabi/14.3 rel1/arm-none-eabi/include/c++/14.3.1/bits\stl_vector.h ****       _GLIBCXX_NODISCARD _GLIBCXX20_CONSTEXPR
 895:C:/Program Files (x86)/Arm GNU Toolchain arm-none-eabi/14.3 rel1/arm-none-eabi/include/c++/14.3.1/bits\stl_vector.h ****       const_iterator
 896:C:/Program Files (x86)/Arm GNU Toolchain arm-none-eabi/14.3 rel1/arm-none-eabi/include/c++/14.3.1/bits\stl_vector.h ****       begin() const _GLIBCXX_NOEXCEPT
 897:C:/Program Files (x86)/Arm GNU Toolchain arm-none-eabi/14.3 rel1/arm-none-eabi/include/c++/14.3.1/bits\stl_vector.h ****       { return const_iterator(this->_M_impl._M_start); }
 898:C:/Program Files (x86)/Arm GNU Toolchain arm-none-eabi/14.3 rel1/arm-none-eabi/include/c++/14.3.1/bits\stl_vector.h **** 
ARM GAS  C:\Users\Oliver\AppData\Local\Temp\cc4VwjOw.s 			page 22


 899:C:/Program Files (x86)/Arm GNU Toolchain arm-none-eabi/14.3 rel1/arm-none-eabi/include/c++/14.3.1/bits\stl_vector.h ****       /**
 900:C:/Program Files (x86)/Arm GNU Toolchain arm-none-eabi/14.3 rel1/arm-none-eabi/include/c++/14.3.1/bits\stl_vector.h ****        *  Returns a read/write iterator that points one past the last
 901:C:/Program Files (x86)/Arm GNU Toolchain arm-none-eabi/14.3 rel1/arm-none-eabi/include/c++/14.3.1/bits\stl_vector.h ****        *  element in the %vector.  Iteration is done in ordinary
 902:C:/Program Files (x86)/Arm GNU Toolchain arm-none-eabi/14.3 rel1/arm-none-eabi/include/c++/14.3.1/bits\stl_vector.h ****        *  element order.
 903:C:/Program Files (x86)/Arm GNU Toolchain arm-none-eabi/14.3 rel1/arm-none-eabi/include/c++/14.3.1/bits\stl_vector.h ****        */
 904:C:/Program Files (x86)/Arm GNU Toolchain arm-none-eabi/14.3 rel1/arm-none-eabi/include/c++/14.3.1/bits\stl_vector.h ****       _GLIBCXX_NODISCARD _GLIBCXX20_CONSTEXPR
 905:C:/Program Files (x86)/Arm GNU Toolchain arm-none-eabi/14.3 rel1/arm-none-eabi/include/c++/14.3.1/bits\stl_vector.h ****       iterator
 906:C:/Program Files (x86)/Arm GNU Toolchain arm-none-eabi/14.3 rel1/arm-none-eabi/include/c++/14.3.1/bits\stl_vector.h ****       end() _GLIBCXX_NOEXCEPT
 907:C:/Program Files (x86)/Arm GNU Toolchain arm-none-eabi/14.3 rel1/arm-none-eabi/include/c++/14.3.1/bits\stl_vector.h ****       { return iterator(this->_M_impl._M_finish); }
 908:C:/Program Files (x86)/Arm GNU Toolchain arm-none-eabi/14.3 rel1/arm-none-eabi/include/c++/14.3.1/bits\stl_vector.h **** 
 909:C:/Program Files (x86)/Arm GNU Toolchain arm-none-eabi/14.3 rel1/arm-none-eabi/include/c++/14.3.1/bits\stl_vector.h ****       /**
 910:C:/Program Files (x86)/Arm GNU Toolchain arm-none-eabi/14.3 rel1/arm-none-eabi/include/c++/14.3.1/bits\stl_vector.h ****        *  Returns a read-only (constant) iterator that points one past
 911:C:/Program Files (x86)/Arm GNU Toolchain arm-none-eabi/14.3 rel1/arm-none-eabi/include/c++/14.3.1/bits\stl_vector.h ****        *  the last element in the %vector.  Iteration is done in
 912:C:/Program Files (x86)/Arm GNU Toolchain arm-none-eabi/14.3 rel1/arm-none-eabi/include/c++/14.3.1/bits\stl_vector.h ****        *  ordinary element order.
 913:C:/Program Files (x86)/Arm GNU Toolchain arm-none-eabi/14.3 rel1/arm-none-eabi/include/c++/14.3.1/bits\stl_vector.h ****        */
 914:C:/Program Files (x86)/Arm GNU Toolchain arm-none-eabi/14.3 rel1/arm-none-eabi/include/c++/14.3.1/bits\stl_vector.h ****       _GLIBCXX_NODISCARD _GLIBCXX20_CONSTEXPR
 915:C:/Program Files (x86)/Arm GNU Toolchain arm-none-eabi/14.3 rel1/arm-none-eabi/include/c++/14.3.1/bits\stl_vector.h ****       const_iterator
 916:C:/Program Files (x86)/Arm GNU Toolchain arm-none-eabi/14.3 rel1/arm-none-eabi/include/c++/14.3.1/bits\stl_vector.h ****       end() const _GLIBCXX_NOEXCEPT
 917:C:/Program Files (x86)/Arm GNU Toolchain arm-none-eabi/14.3 rel1/arm-none-eabi/include/c++/14.3.1/bits\stl_vector.h ****       { return const_iterator(this->_M_impl._M_finish); }
 918:C:/Program Files (x86)/Arm GNU Toolchain arm-none-eabi/14.3 rel1/arm-none-eabi/include/c++/14.3.1/bits\stl_vector.h **** 
 919:C:/Program Files (x86)/Arm GNU Toolchain arm-none-eabi/14.3 rel1/arm-none-eabi/include/c++/14.3.1/bits\stl_vector.h ****       /**
 920:C:/Program Files (x86)/Arm GNU Toolchain arm-none-eabi/14.3 rel1/arm-none-eabi/include/c++/14.3.1/bits\stl_vector.h ****        *  Returns a read/write reverse iterator that points to the
 921:C:/Program Files (x86)/Arm GNU Toolchain arm-none-eabi/14.3 rel1/arm-none-eabi/include/c++/14.3.1/bits\stl_vector.h ****        *  last element in the %vector.  Iteration is done in reverse
 922:C:/Program Files (x86)/Arm GNU Toolchain arm-none-eabi/14.3 rel1/arm-none-eabi/include/c++/14.3.1/bits\stl_vector.h ****        *  element order.
 923:C:/Program Files (x86)/Arm GNU Toolchain arm-none-eabi/14.3 rel1/arm-none-eabi/include/c++/14.3.1/bits\stl_vector.h ****        */
 924:C:/Program Files (x86)/Arm GNU Toolchain arm-none-eabi/14.3 rel1/arm-none-eabi/include/c++/14.3.1/bits\stl_vector.h ****       _GLIBCXX_NODISCARD _GLIBCXX20_CONSTEXPR
 925:C:/Program Files (x86)/Arm GNU Toolchain arm-none-eabi/14.3 rel1/arm-none-eabi/include/c++/14.3.1/bits\stl_vector.h ****       reverse_iterator
 926:C:/Program Files (x86)/Arm GNU Toolchain arm-none-eabi/14.3 rel1/arm-none-eabi/include/c++/14.3.1/bits\stl_vector.h ****       rbegin() _GLIBCXX_NOEXCEPT
 927:C:/Program Files (x86)/Arm GNU Toolchain arm-none-eabi/14.3 rel1/arm-none-eabi/include/c++/14.3.1/bits\stl_vector.h ****       { return reverse_iterator(end()); }
 928:C:/Program Files (x86)/Arm GNU Toolchain arm-none-eabi/14.3 rel1/arm-none-eabi/include/c++/14.3.1/bits\stl_vector.h **** 
 929:C:/Program Files (x86)/Arm GNU Toolchain arm-none-eabi/14.3 rel1/arm-none-eabi/include/c++/14.3.1/bits\stl_vector.h ****       /**
 930:C:/Program Files (x86)/Arm GNU Toolchain arm-none-eabi/14.3 rel1/arm-none-eabi/include/c++/14.3.1/bits\stl_vector.h ****        *  Returns a read-only (constant) reverse iterator that points
 931:C:/Program Files (x86)/Arm GNU Toolchain arm-none-eabi/14.3 rel1/arm-none-eabi/include/c++/14.3.1/bits\stl_vector.h ****        *  to the last element in the %vector.  Iteration is done in
 932:C:/Program Files (x86)/Arm GNU Toolchain arm-none-eabi/14.3 rel1/arm-none-eabi/include/c++/14.3.1/bits\stl_vector.h ****        *  reverse element order.
 933:C:/Program Files (x86)/Arm GNU Toolchain arm-none-eabi/14.3 rel1/arm-none-eabi/include/c++/14.3.1/bits\stl_vector.h ****        */
 934:C:/Program Files (x86)/Arm GNU Toolchain arm-none-eabi/14.3 rel1/arm-none-eabi/include/c++/14.3.1/bits\stl_vector.h ****       _GLIBCXX_NODISCARD _GLIBCXX20_CONSTEXPR
 935:C:/Program Files (x86)/Arm GNU Toolchain arm-none-eabi/14.3 rel1/arm-none-eabi/include/c++/14.3.1/bits\stl_vector.h ****       const_reverse_iterator
 936:C:/Program Files (x86)/Arm GNU Toolchain arm-none-eabi/14.3 rel1/arm-none-eabi/include/c++/14.3.1/bits\stl_vector.h ****       rbegin() const _GLIBCXX_NOEXCEPT
 937:C:/Program Files (x86)/Arm GNU Toolchain arm-none-eabi/14.3 rel1/arm-none-eabi/include/c++/14.3.1/bits\stl_vector.h ****       { return const_reverse_iterator(end()); }
 938:C:/Program Files (x86)/Arm GNU Toolchain arm-none-eabi/14.3 rel1/arm-none-eabi/include/c++/14.3.1/bits\stl_vector.h **** 
 939:C:/Program Files (x86)/Arm GNU Toolchain arm-none-eabi/14.3 rel1/arm-none-eabi/include/c++/14.3.1/bits\stl_vector.h ****       /**
 940:C:/Program Files (x86)/Arm GNU Toolchain arm-none-eabi/14.3 rel1/arm-none-eabi/include/c++/14.3.1/bits\stl_vector.h ****        *  Returns a read/write reverse iterator that points to one
 941:C:/Program Files (x86)/Arm GNU Toolchain arm-none-eabi/14.3 rel1/arm-none-eabi/include/c++/14.3.1/bits\stl_vector.h ****        *  before the first element in the %vector.  Iteration is done
 942:C:/Program Files (x86)/Arm GNU Toolchain arm-none-eabi/14.3 rel1/arm-none-eabi/include/c++/14.3.1/bits\stl_vector.h ****        *  in reverse element order.
 943:C:/Program Files (x86)/Arm GNU Toolchain arm-none-eabi/14.3 rel1/arm-none-eabi/include/c++/14.3.1/bits\stl_vector.h ****        */
 944:C:/Program Files (x86)/Arm GNU Toolchain arm-none-eabi/14.3 rel1/arm-none-eabi/include/c++/14.3.1/bits\stl_vector.h ****       _GLIBCXX_NODISCARD _GLIBCXX20_CONSTEXPR
 945:C:/Program Files (x86)/Arm GNU Toolchain arm-none-eabi/14.3 rel1/arm-none-eabi/include/c++/14.3.1/bits\stl_vector.h ****       reverse_iterator
 946:C:/Program Files (x86)/Arm GNU Toolchain arm-none-eabi/14.3 rel1/arm-none-eabi/include/c++/14.3.1/bits\stl_vector.h ****       rend() _GLIBCXX_NOEXCEPT
 947:C:/Program Files (x86)/Arm GNU Toolchain arm-none-eabi/14.3 rel1/arm-none-eabi/include/c++/14.3.1/bits\stl_vector.h ****       { return reverse_iterator(begin()); }
 948:C:/Program Files (x86)/Arm GNU Toolchain arm-none-eabi/14.3 rel1/arm-none-eabi/include/c++/14.3.1/bits\stl_vector.h **** 
 949:C:/Program Files (x86)/Arm GNU Toolchain arm-none-eabi/14.3 rel1/arm-none-eabi/include/c++/14.3.1/bits\stl_vector.h ****       /**
 950:C:/Program Files (x86)/Arm GNU Toolchain arm-none-eabi/14.3 rel1/arm-none-eabi/include/c++/14.3.1/bits\stl_vector.h ****        *  Returns a read-only (constant) reverse iterator that points
 951:C:/Program Files (x86)/Arm GNU Toolchain arm-none-eabi/14.3 rel1/arm-none-eabi/include/c++/14.3.1/bits\stl_vector.h ****        *  to one before the first element in the %vector.  Iteration
 952:C:/Program Files (x86)/Arm GNU Toolchain arm-none-eabi/14.3 rel1/arm-none-eabi/include/c++/14.3.1/bits\stl_vector.h ****        *  is done in reverse element order.
 953:C:/Program Files (x86)/Arm GNU Toolchain arm-none-eabi/14.3 rel1/arm-none-eabi/include/c++/14.3.1/bits\stl_vector.h ****        */
 954:C:/Program Files (x86)/Arm GNU Toolchain arm-none-eabi/14.3 rel1/arm-none-eabi/include/c++/14.3.1/bits\stl_vector.h ****       _GLIBCXX_NODISCARD _GLIBCXX20_CONSTEXPR
 955:C:/Program Files (x86)/Arm GNU Toolchain arm-none-eabi/14.3 rel1/arm-none-eabi/include/c++/14.3.1/bits\stl_vector.h ****       const_reverse_iterator
ARM GAS  C:\Users\Oliver\AppData\Local\Temp\cc4VwjOw.s 			page 23


 956:C:/Program Files (x86)/Arm GNU Toolchain arm-none-eabi/14.3 rel1/arm-none-eabi/include/c++/14.3.1/bits\stl_vector.h ****       rend() const _GLIBCXX_NOEXCEPT
 957:C:/Program Files (x86)/Arm GNU Toolchain arm-none-eabi/14.3 rel1/arm-none-eabi/include/c++/14.3.1/bits\stl_vector.h ****       { return const_reverse_iterator(begin()); }
 958:C:/Program Files (x86)/Arm GNU Toolchain arm-none-eabi/14.3 rel1/arm-none-eabi/include/c++/14.3.1/bits\stl_vector.h **** 
 959:C:/Program Files (x86)/Arm GNU Toolchain arm-none-eabi/14.3 rel1/arm-none-eabi/include/c++/14.3.1/bits\stl_vector.h **** #if __cplusplus >= 201103L
 960:C:/Program Files (x86)/Arm GNU Toolchain arm-none-eabi/14.3 rel1/arm-none-eabi/include/c++/14.3.1/bits\stl_vector.h ****       /**
 961:C:/Program Files (x86)/Arm GNU Toolchain arm-none-eabi/14.3 rel1/arm-none-eabi/include/c++/14.3.1/bits\stl_vector.h ****        *  Returns a read-only (constant) iterator that points to the
 962:C:/Program Files (x86)/Arm GNU Toolchain arm-none-eabi/14.3 rel1/arm-none-eabi/include/c++/14.3.1/bits\stl_vector.h ****        *  first element in the %vector.  Iteration is done in ordinary
 963:C:/Program Files (x86)/Arm GNU Toolchain arm-none-eabi/14.3 rel1/arm-none-eabi/include/c++/14.3.1/bits\stl_vector.h ****        *  element order.
 964:C:/Program Files (x86)/Arm GNU Toolchain arm-none-eabi/14.3 rel1/arm-none-eabi/include/c++/14.3.1/bits\stl_vector.h ****        */
 965:C:/Program Files (x86)/Arm GNU Toolchain arm-none-eabi/14.3 rel1/arm-none-eabi/include/c++/14.3.1/bits\stl_vector.h ****       [[__nodiscard__]] _GLIBCXX20_CONSTEXPR
 966:C:/Program Files (x86)/Arm GNU Toolchain arm-none-eabi/14.3 rel1/arm-none-eabi/include/c++/14.3.1/bits\stl_vector.h ****       const_iterator
 967:C:/Program Files (x86)/Arm GNU Toolchain arm-none-eabi/14.3 rel1/arm-none-eabi/include/c++/14.3.1/bits\stl_vector.h ****       cbegin() const noexcept
 968:C:/Program Files (x86)/Arm GNU Toolchain arm-none-eabi/14.3 rel1/arm-none-eabi/include/c++/14.3.1/bits\stl_vector.h ****       { return const_iterator(this->_M_impl._M_start); }
 969:C:/Program Files (x86)/Arm GNU Toolchain arm-none-eabi/14.3 rel1/arm-none-eabi/include/c++/14.3.1/bits\stl_vector.h **** 
 970:C:/Program Files (x86)/Arm GNU Toolchain arm-none-eabi/14.3 rel1/arm-none-eabi/include/c++/14.3.1/bits\stl_vector.h ****       /**
 971:C:/Program Files (x86)/Arm GNU Toolchain arm-none-eabi/14.3 rel1/arm-none-eabi/include/c++/14.3.1/bits\stl_vector.h ****        *  Returns a read-only (constant) iterator that points one past
 972:C:/Program Files (x86)/Arm GNU Toolchain arm-none-eabi/14.3 rel1/arm-none-eabi/include/c++/14.3.1/bits\stl_vector.h ****        *  the last element in the %vector.  Iteration is done in
 973:C:/Program Files (x86)/Arm GNU Toolchain arm-none-eabi/14.3 rel1/arm-none-eabi/include/c++/14.3.1/bits\stl_vector.h ****        *  ordinary element order.
 974:C:/Program Files (x86)/Arm GNU Toolchain arm-none-eabi/14.3 rel1/arm-none-eabi/include/c++/14.3.1/bits\stl_vector.h ****        */
 975:C:/Program Files (x86)/Arm GNU Toolchain arm-none-eabi/14.3 rel1/arm-none-eabi/include/c++/14.3.1/bits\stl_vector.h ****       [[__nodiscard__]] _GLIBCXX20_CONSTEXPR
 976:C:/Program Files (x86)/Arm GNU Toolchain arm-none-eabi/14.3 rel1/arm-none-eabi/include/c++/14.3.1/bits\stl_vector.h ****       const_iterator
 977:C:/Program Files (x86)/Arm GNU Toolchain arm-none-eabi/14.3 rel1/arm-none-eabi/include/c++/14.3.1/bits\stl_vector.h ****       cend() const noexcept
 978:C:/Program Files (x86)/Arm GNU Toolchain arm-none-eabi/14.3 rel1/arm-none-eabi/include/c++/14.3.1/bits\stl_vector.h ****       { return const_iterator(this->_M_impl._M_finish); }
 979:C:/Program Files (x86)/Arm GNU Toolchain arm-none-eabi/14.3 rel1/arm-none-eabi/include/c++/14.3.1/bits\stl_vector.h **** 
 980:C:/Program Files (x86)/Arm GNU Toolchain arm-none-eabi/14.3 rel1/arm-none-eabi/include/c++/14.3.1/bits\stl_vector.h ****       /**
 981:C:/Program Files (x86)/Arm GNU Toolchain arm-none-eabi/14.3 rel1/arm-none-eabi/include/c++/14.3.1/bits\stl_vector.h ****        *  Returns a read-only (constant) reverse iterator that points
 982:C:/Program Files (x86)/Arm GNU Toolchain arm-none-eabi/14.3 rel1/arm-none-eabi/include/c++/14.3.1/bits\stl_vector.h ****        *  to the last element in the %vector.  Iteration is done in
 983:C:/Program Files (x86)/Arm GNU Toolchain arm-none-eabi/14.3 rel1/arm-none-eabi/include/c++/14.3.1/bits\stl_vector.h ****        *  reverse element order.
 984:C:/Program Files (x86)/Arm GNU Toolchain arm-none-eabi/14.3 rel1/arm-none-eabi/include/c++/14.3.1/bits\stl_vector.h ****        */
 985:C:/Program Files (x86)/Arm GNU Toolchain arm-none-eabi/14.3 rel1/arm-none-eabi/include/c++/14.3.1/bits\stl_vector.h ****       [[__nodiscard__]] _GLIBCXX20_CONSTEXPR
 986:C:/Program Files (x86)/Arm GNU Toolchain arm-none-eabi/14.3 rel1/arm-none-eabi/include/c++/14.3.1/bits\stl_vector.h ****       const_reverse_iterator
 987:C:/Program Files (x86)/Arm GNU Toolchain arm-none-eabi/14.3 rel1/arm-none-eabi/include/c++/14.3.1/bits\stl_vector.h ****       crbegin() const noexcept
 988:C:/Program Files (x86)/Arm GNU Toolchain arm-none-eabi/14.3 rel1/arm-none-eabi/include/c++/14.3.1/bits\stl_vector.h ****       { return const_reverse_iterator(end()); }
 989:C:/Program Files (x86)/Arm GNU Toolchain arm-none-eabi/14.3 rel1/arm-none-eabi/include/c++/14.3.1/bits\stl_vector.h **** 
 990:C:/Program Files (x86)/Arm GNU Toolchain arm-none-eabi/14.3 rel1/arm-none-eabi/include/c++/14.3.1/bits\stl_vector.h ****       /**
 991:C:/Program Files (x86)/Arm GNU Toolchain arm-none-eabi/14.3 rel1/arm-none-eabi/include/c++/14.3.1/bits\stl_vector.h ****        *  Returns a read-only (constant) reverse iterator that points
 992:C:/Program Files (x86)/Arm GNU Toolchain arm-none-eabi/14.3 rel1/arm-none-eabi/include/c++/14.3.1/bits\stl_vector.h ****        *  to one before the first element in the %vector.  Iteration
 993:C:/Program Files (x86)/Arm GNU Toolchain arm-none-eabi/14.3 rel1/arm-none-eabi/include/c++/14.3.1/bits\stl_vector.h ****        *  is done in reverse element order.
 994:C:/Program Files (x86)/Arm GNU Toolchain arm-none-eabi/14.3 rel1/arm-none-eabi/include/c++/14.3.1/bits\stl_vector.h ****        */
 995:C:/Program Files (x86)/Arm GNU Toolchain arm-none-eabi/14.3 rel1/arm-none-eabi/include/c++/14.3.1/bits\stl_vector.h ****       [[__nodiscard__]] _GLIBCXX20_CONSTEXPR
 996:C:/Program Files (x86)/Arm GNU Toolchain arm-none-eabi/14.3 rel1/arm-none-eabi/include/c++/14.3.1/bits\stl_vector.h ****       const_reverse_iterator
 997:C:/Program Files (x86)/Arm GNU Toolchain arm-none-eabi/14.3 rel1/arm-none-eabi/include/c++/14.3.1/bits\stl_vector.h ****       crend() const noexcept
 998:C:/Program Files (x86)/Arm GNU Toolchain arm-none-eabi/14.3 rel1/arm-none-eabi/include/c++/14.3.1/bits\stl_vector.h ****       { return const_reverse_iterator(begin()); }
 999:C:/Program Files (x86)/Arm GNU Toolchain arm-none-eabi/14.3 rel1/arm-none-eabi/include/c++/14.3.1/bits\stl_vector.h **** #endif
1000:C:/Program Files (x86)/Arm GNU Toolchain arm-none-eabi/14.3 rel1/arm-none-eabi/include/c++/14.3.1/bits\stl_vector.h **** 
1001:C:/Program Files (x86)/Arm GNU Toolchain arm-none-eabi/14.3 rel1/arm-none-eabi/include/c++/14.3.1/bits\stl_vector.h ****       // [23.2.4.2] capacity
1002:C:/Program Files (x86)/Arm GNU Toolchain arm-none-eabi/14.3 rel1/arm-none-eabi/include/c++/14.3.1/bits\stl_vector.h ****       /**  Returns the number of elements in the %vector.  */
1003:C:/Program Files (x86)/Arm GNU Toolchain arm-none-eabi/14.3 rel1/arm-none-eabi/include/c++/14.3.1/bits\stl_vector.h ****       _GLIBCXX_NODISCARD _GLIBCXX20_CONSTEXPR
1004:C:/Program Files (x86)/Arm GNU Toolchain arm-none-eabi/14.3 rel1/arm-none-eabi/include/c++/14.3.1/bits\stl_vector.h ****       size_type
1005:C:/Program Files (x86)/Arm GNU Toolchain arm-none-eabi/14.3 rel1/arm-none-eabi/include/c++/14.3.1/bits\stl_vector.h ****       size() const _GLIBCXX_NOEXCEPT
 168              		.loc 3 1005 7 view .LVU23
 169              	.LBB191:
1006:C:/Program Files (x86)/Arm GNU Toolchain arm-none-eabi/14.3 rel1/arm-none-eabi/include/c++/14.3.1/bits\stl_vector.h ****       { return size_type(this->_M_impl._M_finish - this->_M_impl._M_start); }
 170              		.loc 3 1006 50 is_stmt 0 view .LVU24
 171 0000 D0E90223 		ldrd	r2, r3, [r0, #8]
 172 0004 9B1A     		subs	r3, r3, r2
 173              	.LBE191:
ARM GAS  C:\Users\Oliver\AppData\Local\Temp\cc4VwjOw.s 			page 24


 174              	.LBE190:
 175              		.loc 1 101 5 discriminator 1 view .LVU25
 176 0006 082B     		cmp	r3, #8
 177 0008 00D8     		bhi	.L21
 178 000a 7047     		bx	lr
 179              	.L21:
 180              	.LBB192:
 102:effects/slapbackdelayeffect.cpp ****         // Mix parameter (index 0) - handled in Process
 103:effects/slapbackdelayeffect.cpp ****         // Feedback parameter (index 1) - handled in Process
 104:effects/slapbackdelayeffect.cpp ****         
 105:effects/slapbackdelayeffect.cpp ****         // Time parameter (index 2) - in milliseconds
 106:effects/slapbackdelayeffect.cpp ****         float timeMs = parameters_[2]->GetValue();
 181              		.loc 1 106 9 is_stmt 1 view .LVU26
 182              	.LBE192:
 183              	.LBE189:
  99:effects/slapbackdelayeffect.cpp ****     // Update delay parameters from effect parameters
 184              		.loc 1 99 36 is_stmt 0 view .LVU27
 185 000c 10B5     		push	{r4, lr}
 186              		.cfi_def_cfa_offset 8
 187              		.cfi_offset 4, -8
 188              		.cfi_offset 14, -4
 189 000e 0446     		mov	r4, r0
 190              	.LBB208:
 191              	.LBB207:
 192              		.loc 1 106 48 discriminator 1 view .LVU28
 193 0010 9068     		ldr	r0, [r2, #8]
 194              	.LVL10:
 195              		.loc 1 106 48 discriminator 1 view .LVU29
 196 0012 FFF7FEFF 		bl	_ZNK11perspective15EffectParameter8GetValueEv
 197              	.LVL11:
 107:effects/slapbackdelayeffect.cpp ****         delayTime_ = timeMs / 1000.0f; // Convert ms to seconds
 198              		.loc 1 107 9 is_stmt 1 view .LVU30
 199              		.loc 1 107 29 is_stmt 0 view .LVU31
 200 0016 DFED175A 		vldr.32	s11, .L22
 108:effects/slapbackdelayeffect.cpp ****         
 109:effects/slapbackdelayeffect.cpp ****         // Update delay line only when parameters change
 110:effects/slapbackdelayeffect.cpp ****         float delaySamples = sampleRate_ * delayTime_;
 201              		.loc 1 110 15 view .LVU32
 202 001a D4ED067A 		vldr.32	s15, [r4, #24]
 111:effects/slapbackdelayeffect.cpp ****         if (std::abs(delaySamples - currentDelaySamples_) > DELAY_EPSILON) {
 203              		.loc 1 111 9 discriminator 1 view .LVU33
 204 001e B6EE006A 		vmov.f32	s12, #5.0e-1
 107:effects/slapbackdelayeffect.cpp ****         delayTime_ = timeMs / 1000.0f; // Convert ms to seconds
 205              		.loc 1 107 29 view .LVU34
 206 0022 C0EE256A 		vdiv.f32	s13, s0, s11
 207              		.loc 1 111 21 view .LVU35
 208 0026 94ED0D7A 		vldr.32	s14, [r4, #52]
 110:effects/slapbackdelayeffect.cpp ****         if (std::abs(delaySamples - currentDelaySamples_) > DELAY_EPSILON) {
 209              		.loc 1 110 15 view .LVU36
 210 002a 66EEA77A 		vmul.f32	s15, s13, s15
 107:effects/slapbackdelayeffect.cpp ****         
 211              		.loc 1 107 20 view .LVU37
 212 002e C4ED0C6A 		vstr.32	s13, [r4, #48]
 110:effects/slapbackdelayeffect.cpp ****         if (std::abs(delaySamples - currentDelaySamples_) > DELAY_EPSILON) {
 213              		.loc 1 110 9 is_stmt 1 view .LVU38
 214              	.LVL12:
 215              		.loc 1 111 9 view .LVU39
ARM GAS  C:\Users\Oliver\AppData\Local\Temp\cc4VwjOw.s 			page 25


 216              	.LBB193:
 217              	.LBI193:
 218              		.file 4 "C:/Program Files (x86)/Arm GNU Toolchain arm-none-eabi/14.3 rel1/arm-none-eabi/include/c+
   1:C:/Program Files (x86)/Arm GNU Toolchain arm-none-eabi/14.3 rel1/arm-none-eabi/include/c++/14.3.1/bits\std_abs.h **** // -*- C++ -*- C library enhancements header.
   2:C:/Program Files (x86)/Arm GNU Toolchain arm-none-eabi/14.3 rel1/arm-none-eabi/include/c++/14.3.1/bits\std_abs.h **** 
   3:C:/Program Files (x86)/Arm GNU Toolchain arm-none-eabi/14.3 rel1/arm-none-eabi/include/c++/14.3.1/bits\std_abs.h **** // Copyright (C) 2016-2024 Free Software Foundation, Inc.
   4:C:/Program Files (x86)/Arm GNU Toolchain arm-none-eabi/14.3 rel1/arm-none-eabi/include/c++/14.3.1/bits\std_abs.h **** //
   5:C:/Program Files (x86)/Arm GNU Toolchain arm-none-eabi/14.3 rel1/arm-none-eabi/include/c++/14.3.1/bits\std_abs.h **** // This file is part of the GNU ISO C++ Library.  This library is free
   6:C:/Program Files (x86)/Arm GNU Toolchain arm-none-eabi/14.3 rel1/arm-none-eabi/include/c++/14.3.1/bits\std_abs.h **** // software; you can redistribute it and/or modify it under the
   7:C:/Program Files (x86)/Arm GNU Toolchain arm-none-eabi/14.3 rel1/arm-none-eabi/include/c++/14.3.1/bits\std_abs.h **** // terms of the GNU General Public License as published by the
   8:C:/Program Files (x86)/Arm GNU Toolchain arm-none-eabi/14.3 rel1/arm-none-eabi/include/c++/14.3.1/bits\std_abs.h **** // Free Software Foundation; either version 3, or (at your option)
   9:C:/Program Files (x86)/Arm GNU Toolchain arm-none-eabi/14.3 rel1/arm-none-eabi/include/c++/14.3.1/bits\std_abs.h **** // any later version.
  10:C:/Program Files (x86)/Arm GNU Toolchain arm-none-eabi/14.3 rel1/arm-none-eabi/include/c++/14.3.1/bits\std_abs.h **** 
  11:C:/Program Files (x86)/Arm GNU Toolchain arm-none-eabi/14.3 rel1/arm-none-eabi/include/c++/14.3.1/bits\std_abs.h **** // This library is distributed in the hope that it will be useful,
  12:C:/Program Files (x86)/Arm GNU Toolchain arm-none-eabi/14.3 rel1/arm-none-eabi/include/c++/14.3.1/bits\std_abs.h **** // but WITHOUT ANY WARRANTY; without even the implied warranty of
  13:C:/Program Files (x86)/Arm GNU Toolchain arm-none-eabi/14.3 rel1/arm-none-eabi/include/c++/14.3.1/bits\std_abs.h **** // MERCHANTABILITY or FITNESS FOR A PARTICULAR PURPOSE.  See the
  14:C:/Program Files (x86)/Arm GNU Toolchain arm-none-eabi/14.3 rel1/arm-none-eabi/include/c++/14.3.1/bits\std_abs.h **** // GNU General Public License for more details.
  15:C:/Program Files (x86)/Arm GNU Toolchain arm-none-eabi/14.3 rel1/arm-none-eabi/include/c++/14.3.1/bits\std_abs.h **** 
  16:C:/Program Files (x86)/Arm GNU Toolchain arm-none-eabi/14.3 rel1/arm-none-eabi/include/c++/14.3.1/bits\std_abs.h **** // Under Section 7 of GPL version 3, you are granted additional
  17:C:/Program Files (x86)/Arm GNU Toolchain arm-none-eabi/14.3 rel1/arm-none-eabi/include/c++/14.3.1/bits\std_abs.h **** // permissions described in the GCC Runtime Library Exception, version
  18:C:/Program Files (x86)/Arm GNU Toolchain arm-none-eabi/14.3 rel1/arm-none-eabi/include/c++/14.3.1/bits\std_abs.h **** // 3.1, as published by the Free Software Foundation.
  19:C:/Program Files (x86)/Arm GNU Toolchain arm-none-eabi/14.3 rel1/arm-none-eabi/include/c++/14.3.1/bits\std_abs.h **** 
  20:C:/Program Files (x86)/Arm GNU Toolchain arm-none-eabi/14.3 rel1/arm-none-eabi/include/c++/14.3.1/bits\std_abs.h **** // You should have received a copy of the GNU General Public License and
  21:C:/Program Files (x86)/Arm GNU Toolchain arm-none-eabi/14.3 rel1/arm-none-eabi/include/c++/14.3.1/bits\std_abs.h **** // a copy of the GCC Runtime Library Exception along with this program;
  22:C:/Program Files (x86)/Arm GNU Toolchain arm-none-eabi/14.3 rel1/arm-none-eabi/include/c++/14.3.1/bits\std_abs.h **** // see the files COPYING3 and COPYING.RUNTIME respectively.  If not, see
  23:C:/Program Files (x86)/Arm GNU Toolchain arm-none-eabi/14.3 rel1/arm-none-eabi/include/c++/14.3.1/bits\std_abs.h **** // <http://www.gnu.org/licenses/>.
  24:C:/Program Files (x86)/Arm GNU Toolchain arm-none-eabi/14.3 rel1/arm-none-eabi/include/c++/14.3.1/bits\std_abs.h **** 
  25:C:/Program Files (x86)/Arm GNU Toolchain arm-none-eabi/14.3 rel1/arm-none-eabi/include/c++/14.3.1/bits\std_abs.h **** /** @file include/bits/std_abs.h
  26:C:/Program Files (x86)/Arm GNU Toolchain arm-none-eabi/14.3 rel1/arm-none-eabi/include/c++/14.3.1/bits\std_abs.h ****  *  This is an internal header file, included by other library headers.
  27:C:/Program Files (x86)/Arm GNU Toolchain arm-none-eabi/14.3 rel1/arm-none-eabi/include/c++/14.3.1/bits\std_abs.h ****  *  Do not attempt to use it directly. @headername{cmath, cstdlib}
  28:C:/Program Files (x86)/Arm GNU Toolchain arm-none-eabi/14.3 rel1/arm-none-eabi/include/c++/14.3.1/bits\std_abs.h ****  */
  29:C:/Program Files (x86)/Arm GNU Toolchain arm-none-eabi/14.3 rel1/arm-none-eabi/include/c++/14.3.1/bits\std_abs.h **** 
  30:C:/Program Files (x86)/Arm GNU Toolchain arm-none-eabi/14.3 rel1/arm-none-eabi/include/c++/14.3.1/bits\std_abs.h **** #ifndef _GLIBCXX_BITS_STD_ABS_H
  31:C:/Program Files (x86)/Arm GNU Toolchain arm-none-eabi/14.3 rel1/arm-none-eabi/include/c++/14.3.1/bits\std_abs.h **** #define _GLIBCXX_BITS_STD_ABS_H
  32:C:/Program Files (x86)/Arm GNU Toolchain arm-none-eabi/14.3 rel1/arm-none-eabi/include/c++/14.3.1/bits\std_abs.h **** 
  33:C:/Program Files (x86)/Arm GNU Toolchain arm-none-eabi/14.3 rel1/arm-none-eabi/include/c++/14.3.1/bits\std_abs.h **** #pragma GCC system_header
  34:C:/Program Files (x86)/Arm GNU Toolchain arm-none-eabi/14.3 rel1/arm-none-eabi/include/c++/14.3.1/bits\std_abs.h **** 
  35:C:/Program Files (x86)/Arm GNU Toolchain arm-none-eabi/14.3 rel1/arm-none-eabi/include/c++/14.3.1/bits\std_abs.h **** #include <bits/c++config.h>
  36:C:/Program Files (x86)/Arm GNU Toolchain arm-none-eabi/14.3 rel1/arm-none-eabi/include/c++/14.3.1/bits\std_abs.h **** 
  37:C:/Program Files (x86)/Arm GNU Toolchain arm-none-eabi/14.3 rel1/arm-none-eabi/include/c++/14.3.1/bits\std_abs.h **** #define _GLIBCXX_INCLUDE_NEXT_C_HEADERS
  38:C:/Program Files (x86)/Arm GNU Toolchain arm-none-eabi/14.3 rel1/arm-none-eabi/include/c++/14.3.1/bits\std_abs.h **** #include_next <stdlib.h>
  39:C:/Program Files (x86)/Arm GNU Toolchain arm-none-eabi/14.3 rel1/arm-none-eabi/include/c++/14.3.1/bits\std_abs.h **** #ifdef __CORRECT_ISO_CPP_MATH_H_PROTO
  40:C:/Program Files (x86)/Arm GNU Toolchain arm-none-eabi/14.3 rel1/arm-none-eabi/include/c++/14.3.1/bits\std_abs.h **** # include_next <math.h>
  41:C:/Program Files (x86)/Arm GNU Toolchain arm-none-eabi/14.3 rel1/arm-none-eabi/include/c++/14.3.1/bits\std_abs.h **** #endif
  42:C:/Program Files (x86)/Arm GNU Toolchain arm-none-eabi/14.3 rel1/arm-none-eabi/include/c++/14.3.1/bits\std_abs.h **** #undef _GLIBCXX_INCLUDE_NEXT_C_HEADERS
  43:C:/Program Files (x86)/Arm GNU Toolchain arm-none-eabi/14.3 rel1/arm-none-eabi/include/c++/14.3.1/bits\std_abs.h **** 
  44:C:/Program Files (x86)/Arm GNU Toolchain arm-none-eabi/14.3 rel1/arm-none-eabi/include/c++/14.3.1/bits\std_abs.h **** #undef abs
  45:C:/Program Files (x86)/Arm GNU Toolchain arm-none-eabi/14.3 rel1/arm-none-eabi/include/c++/14.3.1/bits\std_abs.h **** 
  46:C:/Program Files (x86)/Arm GNU Toolchain arm-none-eabi/14.3 rel1/arm-none-eabi/include/c++/14.3.1/bits\std_abs.h **** extern "C++"
  47:C:/Program Files (x86)/Arm GNU Toolchain arm-none-eabi/14.3 rel1/arm-none-eabi/include/c++/14.3.1/bits\std_abs.h **** {
  48:C:/Program Files (x86)/Arm GNU Toolchain arm-none-eabi/14.3 rel1/arm-none-eabi/include/c++/14.3.1/bits\std_abs.h **** namespace std _GLIBCXX_VISIBILITY(default)
  49:C:/Program Files (x86)/Arm GNU Toolchain arm-none-eabi/14.3 rel1/arm-none-eabi/include/c++/14.3.1/bits\std_abs.h **** {
  50:C:/Program Files (x86)/Arm GNU Toolchain arm-none-eabi/14.3 rel1/arm-none-eabi/include/c++/14.3.1/bits\std_abs.h **** _GLIBCXX_BEGIN_NAMESPACE_VERSION
  51:C:/Program Files (x86)/Arm GNU Toolchain arm-none-eabi/14.3 rel1/arm-none-eabi/include/c++/14.3.1/bits\std_abs.h **** 
  52:C:/Program Files (x86)/Arm GNU Toolchain arm-none-eabi/14.3 rel1/arm-none-eabi/include/c++/14.3.1/bits\std_abs.h ****   using ::abs;
  53:C:/Program Files (x86)/Arm GNU Toolchain arm-none-eabi/14.3 rel1/arm-none-eabi/include/c++/14.3.1/bits\std_abs.h **** 
  54:C:/Program Files (x86)/Arm GNU Toolchain arm-none-eabi/14.3 rel1/arm-none-eabi/include/c++/14.3.1/bits\std_abs.h **** #ifndef __CORRECT_ISO_CPP_STDLIB_H_PROTO
ARM GAS  C:\Users\Oliver\AppData\Local\Temp\cc4VwjOw.s 			page 26


  55:C:/Program Files (x86)/Arm GNU Toolchain arm-none-eabi/14.3 rel1/arm-none-eabi/include/c++/14.3.1/bits\std_abs.h ****   inline long
  56:C:/Program Files (x86)/Arm GNU Toolchain arm-none-eabi/14.3 rel1/arm-none-eabi/include/c++/14.3.1/bits\std_abs.h ****   abs(long __i) { return __builtin_labs(__i); }
  57:C:/Program Files (x86)/Arm GNU Toolchain arm-none-eabi/14.3 rel1/arm-none-eabi/include/c++/14.3.1/bits\std_abs.h **** #endif
  58:C:/Program Files (x86)/Arm GNU Toolchain arm-none-eabi/14.3 rel1/arm-none-eabi/include/c++/14.3.1/bits\std_abs.h **** 
  59:C:/Program Files (x86)/Arm GNU Toolchain arm-none-eabi/14.3 rel1/arm-none-eabi/include/c++/14.3.1/bits\std_abs.h **** #ifdef _GLIBCXX_USE_LONG_LONG
  60:C:/Program Files (x86)/Arm GNU Toolchain arm-none-eabi/14.3 rel1/arm-none-eabi/include/c++/14.3.1/bits\std_abs.h ****   inline long long
  61:C:/Program Files (x86)/Arm GNU Toolchain arm-none-eabi/14.3 rel1/arm-none-eabi/include/c++/14.3.1/bits\std_abs.h ****   abs(long long __x) { return __builtin_llabs (__x); }
  62:C:/Program Files (x86)/Arm GNU Toolchain arm-none-eabi/14.3 rel1/arm-none-eabi/include/c++/14.3.1/bits\std_abs.h **** #endif
  63:C:/Program Files (x86)/Arm GNU Toolchain arm-none-eabi/14.3 rel1/arm-none-eabi/include/c++/14.3.1/bits\std_abs.h **** 
  64:C:/Program Files (x86)/Arm GNU Toolchain arm-none-eabi/14.3 rel1/arm-none-eabi/include/c++/14.3.1/bits\std_abs.h **** // _GLIBCXX_RESOLVE_LIB_DEFECTS
  65:C:/Program Files (x86)/Arm GNU Toolchain arm-none-eabi/14.3 rel1/arm-none-eabi/include/c++/14.3.1/bits\std_abs.h **** // 2192. Validity and return type of std::abs(0u) is unclear
  66:C:/Program Files (x86)/Arm GNU Toolchain arm-none-eabi/14.3 rel1/arm-none-eabi/include/c++/14.3.1/bits\std_abs.h **** // 2294. <cstdlib> should declare abs(double)
  67:C:/Program Files (x86)/Arm GNU Toolchain arm-none-eabi/14.3 rel1/arm-none-eabi/include/c++/14.3.1/bits\std_abs.h **** // 2735. std::abs(short), std::abs(signed char) and others should return int
  68:C:/Program Files (x86)/Arm GNU Toolchain arm-none-eabi/14.3 rel1/arm-none-eabi/include/c++/14.3.1/bits\std_abs.h **** 
  69:C:/Program Files (x86)/Arm GNU Toolchain arm-none-eabi/14.3 rel1/arm-none-eabi/include/c++/14.3.1/bits\std_abs.h **** #ifndef __CORRECT_ISO_CPP_MATH_H_PROTO
  70:C:/Program Files (x86)/Arm GNU Toolchain arm-none-eabi/14.3 rel1/arm-none-eabi/include/c++/14.3.1/bits\std_abs.h ****   inline _GLIBCXX_CONSTEXPR double
  71:C:/Program Files (x86)/Arm GNU Toolchain arm-none-eabi/14.3 rel1/arm-none-eabi/include/c++/14.3.1/bits\std_abs.h ****   abs(double __x)
  72:C:/Program Files (x86)/Arm GNU Toolchain arm-none-eabi/14.3 rel1/arm-none-eabi/include/c++/14.3.1/bits\std_abs.h ****   { return __builtin_fabs(__x); }
  73:C:/Program Files (x86)/Arm GNU Toolchain arm-none-eabi/14.3 rel1/arm-none-eabi/include/c++/14.3.1/bits\std_abs.h **** 
  74:C:/Program Files (x86)/Arm GNU Toolchain arm-none-eabi/14.3 rel1/arm-none-eabi/include/c++/14.3.1/bits\std_abs.h ****   inline _GLIBCXX_CONSTEXPR float
  75:C:/Program Files (x86)/Arm GNU Toolchain arm-none-eabi/14.3 rel1/arm-none-eabi/include/c++/14.3.1/bits\std_abs.h ****   abs(float __x)
 219              		.loc 4 75 3 view .LVU40
 220              	.LBB194:
  76:C:/Program Files (x86)/Arm GNU Toolchain arm-none-eabi/14.3 rel1/arm-none-eabi/include/c++/14.3.1/bits\std_abs.h ****   { return __builtin_fabsf(__x); }
 221              		.loc 4 76 5 view .LVU41
 222              		.loc 4 76 5 is_stmt 0 view .LVU42
 223              	.LBE194:
 224              	.LBE193:
 225              		.loc 1 111 21 view .LVU43
 226 0032 37EEC77A 		vsub.f32	s14, s15, s14
 227              	.LBB196:
 228              	.LBB195:
 229              		.loc 4 76 31 view .LVU44
 230 0036 B0EEC77A 		vabs.f32	s14, s14
 231              	.LBE195:
 232              	.LBE196:
 233              		.loc 1 111 9 discriminator 1 view .LVU45
 234 003a B4EEC67A 		vcmpe.f32	s14, s12
 235 003e F1EE10FA 		vmrs	APSR_nzcv, FPSCR
 236 0042 16DD     		ble	.L11
 112:effects/slapbackdelayeffect.cpp ****             currentDelaySamples_ = delaySamples;
 237              		.loc 1 112 13 is_stmt 1 view .LVU46
 238              	.LBB197:
 239              	.LBB198:
  33:dependencies/DaisySP/Source/Utility/delayline.h ****     /** initializes the delay line by clearing the values within, and setting delay to 1 sample.
  34:dependencies/DaisySP/Source/Utility/delayline.h ****     */
  35:dependencies/DaisySP/Source/Utility/delayline.h ****     void Init() { Reset(); }
  36:dependencies/DaisySP/Source/Utility/delayline.h ****     /** clears buffer, sets write ptr to 0, and delay to 1 sample.
  37:dependencies/DaisySP/Source/Utility/delayline.h ****     */
  38:dependencies/DaisySP/Source/Utility/delayline.h ****     void Reset()
  39:dependencies/DaisySP/Source/Utility/delayline.h ****     {
  40:dependencies/DaisySP/Source/Utility/delayline.h ****         for(size_t i = 0; i < max_size; i++)
  41:dependencies/DaisySP/Source/Utility/delayline.h ****         {
  42:dependencies/DaisySP/Source/Utility/delayline.h ****             line_[i] = T(0);
  43:dependencies/DaisySP/Source/Utility/delayline.h ****         }
  44:dependencies/DaisySP/Source/Utility/delayline.h ****         write_ptr_ = 0;
  45:dependencies/DaisySP/Source/Utility/delayline.h ****         delay_     = 1;
ARM GAS  C:\Users\Oliver\AppData\Local\Temp\cc4VwjOw.s 			page 27


  46:dependencies/DaisySP/Source/Utility/delayline.h ****     }
  47:dependencies/DaisySP/Source/Utility/delayline.h **** 
  48:dependencies/DaisySP/Source/Utility/delayline.h ****     /** sets the delay time in samples
  49:dependencies/DaisySP/Source/Utility/delayline.h ****         If a float is passed in, a fractional component will be calculated for interpolating the de
  50:dependencies/DaisySP/Source/Utility/delayline.h ****     */
  51:dependencies/DaisySP/Source/Utility/delayline.h ****     inline void SetDelay(size_t delay)
  52:dependencies/DaisySP/Source/Utility/delayline.h ****     {
  53:dependencies/DaisySP/Source/Utility/delayline.h ****         frac_  = 0.0f;
  54:dependencies/DaisySP/Source/Utility/delayline.h ****         delay_ = delay < max_size ? delay : max_size - 1;
  55:dependencies/DaisySP/Source/Utility/delayline.h ****     }
  56:dependencies/DaisySP/Source/Utility/delayline.h **** 
  57:dependencies/DaisySP/Source/Utility/delayline.h ****     /** sets the delay time in samples
  58:dependencies/DaisySP/Source/Utility/delayline.h ****         If a float is passed in, a fractional component will be calculated for interpolating the de
  59:dependencies/DaisySP/Source/Utility/delayline.h ****     */
  60:dependencies/DaisySP/Source/Utility/delayline.h ****     inline void SetDelay(float delay)
  61:dependencies/DaisySP/Source/Utility/delayline.h ****     {
  62:dependencies/DaisySP/Source/Utility/delayline.h ****         int32_t int_delay = static_cast<int32_t>(delay);
 240              		.loc 2 62 17 is_stmt 0 view .LVU47
 241 0044 BDEEE77A 		vcvt.s32.f32	s14, s15
  63:dependencies/DaisySP/Source/Utility/delayline.h ****         frac_             = delay - static_cast<float>(int_delay);
  64:dependencies/DaisySP/Source/Utility/delayline.h ****         delay_ = static_cast<size_t>(int_delay) < max_size ? int_delay
 242              		.loc 2 64 60 view .LVU48
 243 0048 4BF67F33 		movw	r3, #47999
 244              	.LBE198:
 245              	.LBE197:
 246              		.loc 1 112 34 view .LVU49
 247 004c C4ED0D7A 		vstr.32	s15, [r4, #52]
 113:effects/slapbackdelayeffect.cpp ****             slapbackDelayL_.SetDelay(delaySamples);
 248              		.loc 1 113 13 is_stmt 1 view .LVU50
 249              	.LVL13:
 250              	.LBB201:
 251              	.LBI197:
  60:dependencies/DaisySP/Source/Utility/delayline.h ****     {
 252              		.loc 2 60 17 view .LVU51
 253              	.LBB199:
  63:dependencies/DaisySP/Source/Utility/delayline.h ****         frac_             = delay - static_cast<float>(int_delay);
 254              		.loc 2 63 27 is_stmt 0 view .LVU52
 255 0050 0949     		ldr	r1, .L22+4
 256              		.loc 2 64 60 view .LVU53
 257 0052 17EE100A 		vmov	r0, s14	@ int
  63:dependencies/DaisySP/Source/Utility/delayline.h ****         frac_             = delay - static_cast<float>(int_delay);
 258              		.loc 2 63 37 view .LVU54
 259 0056 F8EEC76A 		vcvt.f32.s32	s13, s14
 260              	.LVL14:
  63:dependencies/DaisySP/Source/Utility/delayline.h ****         frac_             = delay - static_cast<float>(int_delay);
 261              		.loc 2 63 37 view .LVU55
 262              	.LBE199:
 263              	.LBE201:
 264              	.LBB202:
 265              	.LBB203:
  63:dependencies/DaisySP/Source/Utility/delayline.h ****         frac_             = delay - static_cast<float>(int_delay);
 266              		.loc 2 63 27 view .LVU56
 267 005a 084A     		ldr	r2, .L22+8
 268              	.LBE203:
 269              	.LBE202:
 270              	.LBB205:
 271              	.LBB200:
ARM GAS  C:\Users\Oliver\AppData\Local\Temp\cc4VwjOw.s 			page 28


 272              		.loc 2 64 60 view .LVU57
 273 005c 9842     		cmp	r0, r3
  63:dependencies/DaisySP/Source/Utility/delayline.h ****         frac_             = delay - static_cast<float>(int_delay);
 274              		.loc 2 63 35 view .LVU58
 275 005e 77EEE67A 		vsub.f32	s15, s15, s13
 276              		.loc 2 64 60 view .LVU59
 277 0062 28BF     		it	cs
 278 0064 1846     		movcs	r0, r3
  63:dependencies/DaisySP/Source/Utility/delayline.h ****         frac_             = delay - static_cast<float>(int_delay);
 279              		.loc 2 63 27 view .LVU60
 280 0066 C1ED007A 		vstr.32	s15, [r1]
 281              		.loc 2 64 16 view .LVU61
 282 006a 8860     		str	r0, [r1, #8]
 283              	.LVL15:
 284              		.loc 2 64 16 view .LVU62
 285              	.LBE200:
 286              	.LBE205:
 114:effects/slapbackdelayeffect.cpp ****             slapbackDelayR_.SetDelay(delaySamples);
 287              		.loc 1 114 13 is_stmt 1 view .LVU63
 288              	.LBB206:
 289              	.LBI202:
  60:dependencies/DaisySP/Source/Utility/delayline.h ****     {
 290              		.loc 2 60 17 view .LVU64
 291              	.LBB204:
 292              		.loc 2 64 16 is_stmt 0 view .LVU65
 293 006c 9060     		str	r0, [r2, #8]
 294              	.LVL16:
  63:dependencies/DaisySP/Source/Utility/delayline.h ****         delay_ = static_cast<size_t>(int_delay) < max_size ? int_delay
 295              		.loc 2 63 27 view .LVU66
 296 006e C2ED007A 		vstr.32	s15, [r2]
 297              	.L11:
 298              	.LBE204:
 299              	.LBE206:
 300              	.LBE207:
 301              	.LBE208:
 115:effects/slapbackdelayeffect.cpp ****         }
 116:effects/slapbackdelayeffect.cpp ****     }
 117:effects/slapbackdelayeffect.cpp **** }
 302              		.loc 1 117 1 view .LVU67
 303 0072 10BD     		pop	{r4, pc}
 304              	.LVL17:
 305              	.L23:
 306              		.loc 1 117 1 view .LVU68
 307              		.align	2
 308              	.L22:
 309 0074 00007A44 		.word	1148846080
 310 0078 0CEE0200 		.word	_ZL15slapbackDelayL_
 311 007c 00000000 		.word	_ZL15slapbackDelayR_
 312              		.cfi_endproc
 313              	.LFE6894:
 315              		.section	.text._ZN11perspective19SlapbackDelayEffect7ProcessEPfS1_j,"ax",%progbits
 316              		.align	1
 317              		.p2align 2,,3
 318              		.global	_ZN11perspective19SlapbackDelayEffect7ProcessEPfS1_j
 319              		.syntax unified
 320              		.thumb
 321              		.thumb_func
ARM GAS  C:\Users\Oliver\AppData\Local\Temp\cc4VwjOw.s 			page 29


 323              	_ZN11perspective19SlapbackDelayEffect7ProcessEPfS1_j:
 324              	.LVL18:
 325              	.LFB6892:
  50:effects/slapbackdelayeffect.cpp ****     if (!enabled_) {
 326              		.loc 1 50 71 is_stmt 1 view -0
 327              		.cfi_startproc
 328              		@ args = 0, pretend = 0, frame = 0
 329              		@ frame_needed = 0, uses_anonymous_args = 0
  51:effects/slapbackdelayeffect.cpp ****         // Bypass - pass through dry signal
 330              		.loc 1 51 5 view .LVU70
  50:effects/slapbackdelayeffect.cpp ****     if (!enabled_) {
 331              		.loc 1 50 71 is_stmt 0 view .LVU71
 332 0000 2DE9F047 		push	{r4, r5, r6, r7, r8, r9, r10, lr}
 333              		.cfi_def_cfa_offset 32
 334              		.cfi_offset 4, -32
 335              		.cfi_offset 5, -28
 336              		.cfi_offset 6, -24
 337              		.cfi_offset 7, -20
 338              		.cfi_offset 8, -16
 339              		.cfi_offset 9, -12
 340              		.cfi_offset 10, -8
 341              		.cfi_offset 14, -4
 342 0004 1E46     		mov	r6, r3
 343              	.LBB230:
  51:effects/slapbackdelayeffect.cpp ****         // Bypass - pass through dry signal
 344              		.loc 1 51 5 view .LVU72
 345 0006 037D     		ldrb	r3, [r0, #20]	@ zero_extendqisi2
 346              	.LVL19:
  51:effects/slapbackdelayeffect.cpp ****         // Bypass - pass through dry signal
 347              		.loc 1 51 5 view .LVU73
 348              	.LBE230:
  50:effects/slapbackdelayeffect.cpp ****     if (!enabled_) {
 349              		.loc 1 50 71 view .LVU74
 350 0008 8846     		mov	r8, r1
 351 000a 1546     		mov	r5, r2
 352 000c 2DED028B 		vpush.64	{d8}
 353              		.cfi_def_cfa_offset 40
 354              		.cfi_offset 80, -40
 355              		.cfi_offset 81, -36
 356              	.LBB232:
  51:effects/slapbackdelayeffect.cpp ****         // Bypass - pass through dry signal
 357              		.loc 1 51 5 view .LVU75
 358 0010 002B     		cmp	r3, #0
 359 0012 00F0A080 		beq	.L46
 360 0016 0746     		mov	r7, r0
 361              	.LVL20:
  51:effects/slapbackdelayeffect.cpp ****         // Bypass - pass through dry signal
 362              		.loc 1 51 5 view .LVU76
 363              	.LBE232:
 364              	.LBB233:
 365              	.LBI233:
  50:effects/slapbackdelayeffect.cpp ****     if (!enabled_) {
 366              		.loc 1 50 6 is_stmt 1 view .LVU77
 367              	.LBB234:
  60:effects/slapbackdelayeffect.cpp ****     float feedback = parameters_.size() > 1 ? parameters_[1]->GetValue() : 0.25f;
 368              		.loc 1 60 5 view .LVU78
 369              	.LBB235:
ARM GAS  C:\Users\Oliver\AppData\Local\Temp\cc4VwjOw.s 			page 30


 370              	.LBI235:
1005:C:/Program Files (x86)/Arm GNU Toolchain arm-none-eabi/14.3 rel1/arm-none-eabi/include/c++/14.3.1/bits\stl_vector.h ****       { return size_type(this->_M_impl._M_finish - this->_M_impl._M_start); }
 371              		.loc 3 1005 7 view .LVU79
 372              	.LBE235:
  60:effects/slapbackdelayeffect.cpp ****     float feedback = parameters_.size() > 1 ? parameters_[1]->GetValue() : 0.25f;
 373              		.loc 1 60 40 is_stmt 0 discriminator 1 view .LVU80
 374 0018 D0E90232 		ldrd	r3, r2, [r0, #8]
 375              	.LVL21:
  60:effects/slapbackdelayeffect.cpp ****     float feedback = parameters_.size() > 1 ? parameters_[1]->GetValue() : 0.25f;
 376              		.loc 1 60 40 discriminator 1 view .LVU81
 377 001c 9A42     		cmp	r2, r3
 378 001e 5CD0     		beq	.L36
  60:effects/slapbackdelayeffect.cpp ****     float feedback = parameters_.size() > 1 ? parameters_[1]->GetValue() : 0.25f;
 379              		.loc 1 60 66 discriminator 1 view .LVU82
 380 0020 1868     		ldr	r0, [r3]
 381              	.LVL22:
  60:effects/slapbackdelayeffect.cpp ****     float feedback = parameters_.size() > 1 ? parameters_[1]->GetValue() : 0.25f;
 382              		.loc 1 60 66 discriminator 1 view .LVU83
 383 0022 FFF7FEFF 		bl	_ZNK11perspective15EffectParameter8GetValueEv
 384              	.LVL23:
 385              	.LBB236:
 386              	.LBB237:
 387              		.loc 3 1006 66 view .LVU84
 388 0026 BA68     		ldr	r2, [r7, #8]
 389              		.loc 3 1006 50 view .LVU85
 390 0028 FB68     		ldr	r3, [r7, #12]
 391              	.LBE237:
 392              	.LBE236:
  60:effects/slapbackdelayeffect.cpp ****     float feedback = parameters_.size() > 1 ? parameters_[1]->GetValue() : 0.25f;
 393              		.loc 1 60 66 discriminator 1 view .LVU86
 394 002a B0EE408A 		vmov.f32	s16, s0
 395              	.LVL24:
  61:effects/slapbackdelayeffect.cpp ****     
 396              		.loc 1 61 5 is_stmt 1 view .LVU87
 397              	.LBB239:
 398              	.LBI236:
1005:C:/Program Files (x86)/Arm GNU Toolchain arm-none-eabi/14.3 rel1/arm-none-eabi/include/c++/14.3.1/bits\stl_vector.h ****       { return size_type(this->_M_impl._M_finish - this->_M_impl._M_start); }
 399              		.loc 3 1005 7 view .LVU88
 400              	.LBB238:
 401              		.loc 3 1006 50 is_stmt 0 view .LVU89
 402 002e 9B1A     		subs	r3, r3, r2
 403              	.LBE238:
 404              	.LBE239:
  61:effects/slapbackdelayeffect.cpp ****     
 405              		.loc 1 61 45 discriminator 1 view .LVU90
 406 0030 042B     		cmp	r3, #4
 407 0032 40F29E80 		bls	.L37
  61:effects/slapbackdelayeffect.cpp ****     
 408              		.loc 1 61 71 discriminator 1 view .LVU91
 409 0036 5068     		ldr	r0, [r2, #4]
 410 0038 FFF7FEFF 		bl	_ZNK11perspective15EffectParameter8GetValueEv
 411              	.LVL25:
 412              	.L30:
  64:effects/slapbackdelayeffect.cpp ****         float delayed = slapbackDelayL_.Read();
 413              		.loc 1 64 5 is_stmt 1 view .LVU92
 414              	.LBB240:
  64:effects/slapbackdelayeffect.cpp ****         float delayed = slapbackDelayL_.Read();
ARM GAS  C:\Users\Oliver\AppData\Local\Temp\cc4VwjOw.s 			page 31


 415              		.loc 1 64 26 discriminator 1 view .LVU93
 416 003c 002E     		cmp	r6, #0
 417 003e 48D0     		beq	.L24
 418 0040 4146     		mov	r1, r8
 419 0042 4D4C     		ldr	r4, .L47
 420 0044 7B7D     		ldrb	r3, [r7, #21]	@ zero_extendqisi2
 421              	.LBB241:
  68:effects/slapbackdelayeffect.cpp ****     }
 422              		.loc 1 68 18 is_stmt 0 view .LVU94
 423 0046 A846     		mov	r8, r5
 424              	.LVL26:
  68:effects/slapbackdelayeffect.cpp ****     }
 425              		.loc 1 68 18 view .LVU95
 426 0048 01EB8609 		add	r9, r1, r6, lsl #2
 427              	.LBB242:
 428              	.LBB243:
  65:dependencies/DaisySP/Source/Utility/delayline.h ****                                                            : max_size - 1;
  66:dependencies/DaisySP/Source/Utility/delayline.h ****     }
  67:dependencies/DaisySP/Source/Utility/delayline.h **** 
  68:dependencies/DaisySP/Source/Utility/delayline.h ****     /** writes the sample of type T to the delay line, and advances the write ptr
  69:dependencies/DaisySP/Source/Utility/delayline.h ****     */
  70:dependencies/DaisySP/Source/Utility/delayline.h ****     inline void Write(const T sample)
  71:dependencies/DaisySP/Source/Utility/delayline.h ****     {
  72:dependencies/DaisySP/Source/Utility/delayline.h ****         line_[write_ptr_] = sample;
  73:dependencies/DaisySP/Source/Utility/delayline.h ****         write_ptr_        = (write_ptr_ - 1 + max_size) % max_size;
  74:dependencies/DaisySP/Source/Utility/delayline.h ****     }
  75:dependencies/DaisySP/Source/Utility/delayline.h **** 
  76:dependencies/DaisySP/Source/Utility/delayline.h ****     /** returns the next sample of type T in the delay line, interpolated if necessary.
  77:dependencies/DaisySP/Source/Utility/delayline.h ****     */
  78:dependencies/DaisySP/Source/Utility/delayline.h ****     inline const T Read() const
  79:dependencies/DaisySP/Source/Utility/delayline.h ****     {
  80:dependencies/DaisySP/Source/Utility/delayline.h ****         T a = line_[(write_ptr_ + delay_) % max_size];
 429              		.loc 2 80 35 view .LVU96
 430 004c D4E90102 		ldrd	r0, r2, [r4, #4]
 431 0050 002B     		cmp	r3, #0
 432 0052 47D1     		bne	.L34
 433              	.LVL27:
 434              	.L32:
 435              		.loc 2 80 35 view .LVU97
 436              	.LBE243:
 437              	.LBE242:
  65:effects/slapbackdelayeffect.cpp ****         slapbackDelayL_.Write(in[i] + delayed * feedback);
 438              		.loc 1 65 9 is_stmt 1 view .LVU98
 439              	.LBB251:
 440              	.LBI242:
  78:dependencies/DaisySP/Source/Utility/delayline.h ****     {
 441              		.loc 2 78 20 view .LVU99
 442              	.LBB244:
 443              		.loc 2 80 33 is_stmt 0 view .LVU100
 444 0054 02EB000C 		add	ip, r2, r0
 445              		.loc 2 80 43 view .LVU101
 446 0058 484F     		ldr	r7, .L47+4
 447 005a 4BF6803E 		movw	lr, #48000
  81:dependencies/DaisySP/Source/Utility/delayline.h ****         T b = line_[(write_ptr_ + delay_ + 1) % max_size];
  82:dependencies/DaisySP/Source/Utility/delayline.h ****         return a + (b - a) * frac_;
 448              		.loc 2 82 30 view .LVU102
 449 005e 94ED006A 		vldr.32	s12, [r4]
ARM GAS  C:\Users\Oliver\AppData\Local\Temp\cc4VwjOw.s 			page 32


  80:dependencies/DaisySP/Source/Utility/delayline.h ****         T b = line_[(write_ptr_ + delay_ + 1) % max_size];
 450              		.loc 2 80 43 view .LVU103
 451 0062 A7FB0C3A 		umull	r3, r10, r7, ip
  81:dependencies/DaisySP/Source/Utility/delayline.h ****         T b = line_[(write_ptr_ + delay_ + 1) % max_size];
 452              		.loc 2 81 42 view .LVU104
 453 0066 0CF10103 		add	r3, ip, #1
 454              	.LBE244:
 455              	.LBE251:
  66:effects/slapbackdelayeffect.cpp ****         
 456              		.loc 1 66 35 view .LVU105
 457 006a D1ED007A 		vldr.32	s15, [r1]
 458              	.LBB252:
 459              	.LBB245:
  80:dependencies/DaisySP/Source/Utility/delayline.h ****         T b = line_[(write_ptr_ + delay_ + 1) % max_size];
 460              		.loc 2 80 43 view .LVU106
 461 006e 4FEA9A2A 		lsr	r10, r10, #10
 462 0072 0EFB1ACC 		mls	ip, lr, r10, ip
  80:dependencies/DaisySP/Source/Utility/delayline.h ****         T b = line_[(write_ptr_ + delay_ + 1) % max_size];
 463              		.loc 2 80 11 view .LVU107
 464 0076 04EB8C0C 		add	ip, r4, ip, lsl #2
 465 007a 9CED037A 		vldr.32	s14, [ip, #12]
 466              	.LVL28:
  81:dependencies/DaisySP/Source/Utility/delayline.h ****         T b = line_[(write_ptr_ + delay_ + 1) % max_size];
 467              		.loc 2 81 47 view .LVU108
 468 007e A7FB03AC 		umull	r10, ip, r7, r3
 469 0082 4FEA9C2C 		lsr	ip, ip, #10
 470 0086 0EFB1C33 		mls	r3, lr, ip, r3
 471              	.LVL29:
  81:dependencies/DaisySP/Source/Utility/delayline.h ****         T b = line_[(write_ptr_ + delay_ + 1) % max_size];
 472              		.loc 2 81 11 view .LVU109
 473 008a 04EB8303 		add	r3, r4, r3, lsl #2
 474              		.loc 2 82 23 view .LVU110
 475 008e D3ED036A 		vldr.32	s13, [r3, #12]
 476              	.LBE245:
 477              	.LBE252:
 478              	.LBB253:
 479              	.LBB254:
  72:dependencies/DaisySP/Source/Utility/delayline.h ****         write_ptr_        = (write_ptr_ - 1 + max_size) % max_size;
 480              		.loc 2 72 27 view .LVU111
 481 0092 04EB8003 		add	r3, r4, r0, lsl #2
 482              	.LBE254:
 483              	.LBE253:
 484              	.LBB261:
 485              	.LBB246:
 486              		.loc 2 82 23 view .LVU112
 487 0096 76EEC76A 		vsub.f32	s13, s13, s14
 488              		.loc 2 82 30 view .LVU113
 489 009a A6EE267A 		vfma.f32	s14, s12, s13
 490              	.LVL30:
 491              		.loc 2 82 30 view .LVU114
 492              	.LBE246:
 493              	.LBE261:
  66:effects/slapbackdelayeffect.cpp ****         
 494              		.loc 1 66 9 is_stmt 1 view .LVU115
  66:effects/slapbackdelayeffect.cpp ****         
 495              		.loc 1 66 30 is_stmt 0 view .LVU116
 496 009e E0EE077A 		vfma.f32	s15, s0, s14
ARM GAS  C:\Users\Oliver\AppData\Local\Temp\cc4VwjOw.s 			page 33


 497              	.LVL31:
 498              	.LBB262:
 499              	.LBI253:
  70:dependencies/DaisySP/Source/Utility/delayline.h ****     {
 500              		.loc 2 70 17 is_stmt 1 view .LVU117
 501              	.LBB255:
  72:dependencies/DaisySP/Source/Utility/delayline.h ****         write_ptr_        = (write_ptr_ - 1 + max_size) % max_size;
 502              		.loc 2 72 27 is_stmt 0 view .LVU118
 503 00a2 C3ED037A 		vstr.32	s15, [r3, #12]
  73:dependencies/DaisySP/Source/Utility/delayline.h ****     }
 504              		.loc 2 73 45 view .LVU119
 505 00a6 4BF67F33 		movw	r3, #47999
 506              	.LBE255:
 507              	.LBE262:
  68:effects/slapbackdelayeffect.cpp ****     }
 508              		.loc 1 68 27 discriminator 2 view .LVU120
 509 00aa F1EC017A 		vldmia.32	r1!, {s15}
 510              	.LVL32:
 511              	.LBB263:
 512              	.LBB256:
  73:dependencies/DaisySP/Source/Utility/delayline.h ****     }
 513              		.loc 2 73 45 view .LVU121
 514 00ae 0344     		add	r3, r3, r0
 515              	.LBE256:
 516              	.LBE263:
  68:effects/slapbackdelayeffect.cpp ****     }
 517              		.loc 1 68 27 discriminator 2 view .LVU122
 518 00b0 E8EE077A 		vfma.f32	s15, s16, s14
 519              	.LBE241:
  64:effects/slapbackdelayeffect.cpp ****         float delayed = slapbackDelayL_.Read();
 520              		.loc 1 64 26 discriminator 1 view .LVU123
 521 00b4 4945     		cmp	r1, r9
 522              	.LBB273:
 523              	.LBB264:
 524              	.LBB257:
  73:dependencies/DaisySP/Source/Utility/delayline.h ****     }
 525              		.loc 2 73 57 view .LVU124
 526 00b6 A7FB0307 		umull	r0, r7, r7, r3
 527              	.LVL33:
  73:dependencies/DaisySP/Source/Utility/delayline.h ****     }
 528              		.loc 2 73 57 view .LVU125
 529 00ba 4FEA9720 		lsr	r0, r7, #10
 530 00be 0EFB1030 		mls	r0, lr, r0, r3
 531              	.LVL34:
  73:dependencies/DaisySP/Source/Utility/delayline.h ****     }
 532              		.loc 2 73 57 view .LVU126
 533              	.LBE257:
 534              	.LBE264:
  68:effects/slapbackdelayeffect.cpp ****     }
 535              		.loc 1 68 9 is_stmt 1 view .LVU127
  68:effects/slapbackdelayeffect.cpp ****     }
 536              		.loc 1 68 16 is_stmt 0 discriminator 4 view .LVU128
 537 00c2 E8EC017A 		vstmia.32	r8!, {s15}
 538              	.LBE273:
  64:effects/slapbackdelayeffect.cpp ****         float delayed = slapbackDelayL_.Read();
 539              		.loc 1 64 5 is_stmt 1 discriminator 2 view .LVU129
  64:effects/slapbackdelayeffect.cpp ****         float delayed = slapbackDelayL_.Read();
ARM GAS  C:\Users\Oliver\AppData\Local\Temp\cc4VwjOw.s 			page 34


 540              		.loc 1 64 26 discriminator 1 view .LVU130
 541 00c6 C5D1     		bne	.L32
 542              	.LVL35:
 543              	.L44:
 544              	.LBB274:
  68:effects/slapbackdelayeffect.cpp ****     }
 545              		.loc 1 68 14 is_stmt 0 discriminator 4 view .LVU131
 546 00c8 05EB8605 		add	r5, r5, r6, lsl #2
 547              	.LVL36:
  68:effects/slapbackdelayeffect.cpp ****     }
 548              		.loc 1 68 14 discriminator 4 view .LVU132
 549 00cc 6060     		str	r0, [r4, #4]
 550 00ce 45ED017A 		vstr.32	s15, [r5, #-4]
 551              	.LVL37:
 552              	.L24:
  68:effects/slapbackdelayeffect.cpp ****     }
 553              		.loc 1 68 14 discriminator 4 view .LVU133
 554              	.LBE274:
 555              	.LBE240:
 556              	.LBE234:
 557              	.LBE233:
  70:effects/slapbackdelayeffect.cpp **** 
 558              		.loc 1 70 1 view .LVU134
 559 00d2 BDEC028B 		vldm	sp!, {d8}
 560              		.cfi_remember_state
 561              		.cfi_restore 80
 562              		.cfi_restore 81
 563              		.cfi_def_cfa_offset 32
 564 00d6 BDE8F087 		pop	{r4, r5, r6, r7, r8, r9, r10, pc}
 565              	.LVL38:
 566              	.L36:
 567              		.cfi_restore_state
 568              	.LBB280:
 569              	.LBB278:
  60:effects/slapbackdelayeffect.cpp ****     float feedback = parameters_.size() > 1 ? parameters_[1]->GetValue() : 0.25f;
 570              		.loc 1 60 40 discriminator 2 view .LVU135
 571 00da B6EE008A 		vmov.f32	s16, #5.0e-1
  61:effects/slapbackdelayeffect.cpp ****     
 572              		.loc 1 61 45 discriminator 2 view .LVU136
 573 00de B5EE000A 		vmov.f32	s0, #2.5e-1
 574 00e2 ABE7     		b	.L30
 575              	.LVL39:
 576              	.L34:
 577              	.LBB277:
 578              	.LBB275:
  65:effects/slapbackdelayeffect.cpp ****         slapbackDelayL_.Write(in[i] + delayed * feedback);
 579              		.loc 1 65 9 is_stmt 1 view .LVU137
 580              	.LBB265:
  78:dependencies/DaisySP/Source/Utility/delayline.h ****     {
 581              		.loc 2 78 20 view .LVU138
 582              	.LBB247:
  80:dependencies/DaisySP/Source/Utility/delayline.h ****         T b = line_[(write_ptr_ + delay_ + 1) % max_size];
 583              		.loc 2 80 33 is_stmt 0 view .LVU139
 584 00e4 02EB000C 		add	ip, r2, r0
  80:dependencies/DaisySP/Source/Utility/delayline.h ****         T b = line_[(write_ptr_ + delay_ + 1) % max_size];
 585              		.loc 2 80 43 view .LVU140
 586 00e8 244F     		ldr	r7, .L47+4
ARM GAS  C:\Users\Oliver\AppData\Local\Temp\cc4VwjOw.s 			page 35


 587 00ea 4BF6803E 		movw	lr, #48000
 588              		.loc 2 82 30 view .LVU141
 589 00ee 94ED006A 		vldr.32	s12, [r4]
  80:dependencies/DaisySP/Source/Utility/delayline.h ****         T b = line_[(write_ptr_ + delay_ + 1) % max_size];
 590              		.loc 2 80 43 view .LVU142
 591 00f2 A7FB0C3A 		umull	r3, r10, r7, ip
  81:dependencies/DaisySP/Source/Utility/delayline.h ****         return a + (b - a) * frac_;
 592              		.loc 2 81 42 view .LVU143
 593 00f6 0CF10103 		add	r3, ip, #1
 594              	.LBE247:
 595              	.LBE265:
  66:effects/slapbackdelayeffect.cpp ****         
 596              		.loc 1 66 35 view .LVU144
 597 00fa B1EC017A 		vldmia.32	r1!, {s14}
 598              	.LBB266:
 599              	.LBB248:
  80:dependencies/DaisySP/Source/Utility/delayline.h ****         T b = line_[(write_ptr_ + delay_ + 1) % max_size];
 600              		.loc 2 80 43 view .LVU145
 601 00fe 4FEA9A2A 		lsr	r10, r10, #10
 602              	.LBE248:
 603              	.LBE266:
 604              	.LBE275:
  64:effects/slapbackdelayeffect.cpp ****         float delayed = slapbackDelayL_.Read();
 605              		.loc 1 64 26 discriminator 1 view .LVU146
 606 0102 8945     		cmp	r9, r1
 607              	.LBB276:
 608              	.LBB267:
 609              	.LBB249:
  80:dependencies/DaisySP/Source/Utility/delayline.h ****         T b = line_[(write_ptr_ + delay_ + 1) % max_size];
 610              		.loc 2 80 43 view .LVU147
 611 0104 0EFB1ACC 		mls	ip, lr, r10, ip
  80:dependencies/DaisySP/Source/Utility/delayline.h ****         T b = line_[(write_ptr_ + delay_ + 1) % max_size];
 612              		.loc 2 80 11 view .LVU148
 613 0108 04EB8C0C 		add	ip, r4, ip, lsl #2
 614 010c DCED037A 		vldr.32	s15, [ip, #12]
 615              	.LVL40:
  81:dependencies/DaisySP/Source/Utility/delayline.h ****         return a + (b - a) * frac_;
 616              		.loc 2 81 47 view .LVU149
 617 0110 A7FB03AC 		umull	r10, ip, r7, r3
 618 0114 4FEA9C2C 		lsr	ip, ip, #10
 619 0118 0EFB1C33 		mls	r3, lr, ip, r3
 620              	.LVL41:
  81:dependencies/DaisySP/Source/Utility/delayline.h ****         return a + (b - a) * frac_;
 621              		.loc 2 81 11 view .LVU150
 622 011c 04EB8303 		add	r3, r4, r3, lsl #2
 623              		.loc 2 82 23 view .LVU151
 624 0120 D3ED036A 		vldr.32	s13, [r3, #12]
 625              	.LBE249:
 626              	.LBE267:
 627              	.LBB268:
 628              	.LBB258:
  72:dependencies/DaisySP/Source/Utility/delayline.h ****         write_ptr_        = (write_ptr_ - 1 + max_size) % max_size;
 629              		.loc 2 72 27 view .LVU152
 630 0124 04EB8003 		add	r3, r4, r0, lsl #2
 631              	.LBE258:
 632              	.LBE268:
 633              	.LBB269:
ARM GAS  C:\Users\Oliver\AppData\Local\Temp\cc4VwjOw.s 			page 36


 634              	.LBB250:
 635              		.loc 2 82 23 view .LVU153
 636 0128 76EEE76A 		vsub.f32	s13, s13, s15
 637              		.loc 2 82 30 view .LVU154
 638 012c E6EE867A 		vfma.f32	s15, s13, s12
 639              	.LVL42:
 640              		.loc 2 82 30 view .LVU155
 641              	.LBE250:
 642              	.LBE269:
  66:effects/slapbackdelayeffect.cpp ****         
 643              		.loc 1 66 9 is_stmt 1 view .LVU156
  66:effects/slapbackdelayeffect.cpp ****         
 644              		.loc 1 66 30 is_stmt 0 view .LVU157
 645 0130 A7EE807A 		vfma.f32	s14, s15, s0
 646              	.LVL43:
 647              	.LBB270:
  70:dependencies/DaisySP/Source/Utility/delayline.h ****     {
 648              		.loc 2 70 17 is_stmt 1 view .LVU158
 649              	.LBE270:
  68:effects/slapbackdelayeffect.cpp ****     }
 650              		.loc 1 68 27 is_stmt 0 discriminator 1 view .LVU159
 651 0134 67EE887A 		vmul.f32	s15, s15, s16
 652              	.LVL44:
 653              	.LBB271:
 654              	.LBB259:
  72:dependencies/DaisySP/Source/Utility/delayline.h ****         write_ptr_        = (write_ptr_ - 1 + max_size) % max_size;
 655              		.loc 2 72 27 view .LVU160
 656 0138 83ED037A 		vstr.32	s14, [r3, #12]
 657              	.LVL45:
  73:dependencies/DaisySP/Source/Utility/delayline.h ****     }
 658              		.loc 2 73 45 view .LVU161
 659 013c 4BF67F33 		movw	r3, #47999
 660              	.LBE259:
 661              	.LBE271:
  68:effects/slapbackdelayeffect.cpp ****     }
 662              		.loc 1 68 16 discriminator 4 view .LVU162
 663 0140 E8EC017A 		vstmia.32	r8!, {s15}
 664              	.LBB272:
 665              	.LBB260:
  73:dependencies/DaisySP/Source/Utility/delayline.h ****     }
 666              		.loc 2 73 45 view .LVU163
 667 0144 0344     		add	r3, r3, r0
  73:dependencies/DaisySP/Source/Utility/delayline.h ****     }
 668              		.loc 2 73 57 view .LVU164
 669 0146 A7FB0307 		umull	r0, r7, r7, r3
 670 014a 4FEA9720 		lsr	r0, r7, #10
 671 014e 0EFB1030 		mls	r0, lr, r0, r3
 672              	.LVL46:
  73:dependencies/DaisySP/Source/Utility/delayline.h ****     }
 673              		.loc 2 73 57 view .LVU165
 674              	.LBE260:
 675              	.LBE272:
  68:effects/slapbackdelayeffect.cpp ****     }
 676              		.loc 1 68 9 is_stmt 1 view .LVU166
 677              	.LBE276:
  64:effects/slapbackdelayeffect.cpp ****         float delayed = slapbackDelayL_.Read();
 678              		.loc 1 64 5 discriminator 2 view .LVU167
ARM GAS  C:\Users\Oliver\AppData\Local\Temp\cc4VwjOw.s 			page 37


  64:effects/slapbackdelayeffect.cpp ****         float delayed = slapbackDelayL_.Read();
 679              		.loc 1 64 26 discriminator 1 view .LVU168
 680 0152 C7D1     		bne	.L34
 681 0154 B8E7     		b	.L44
 682              	.LVL47:
 683              	.L46:
  64:effects/slapbackdelayeffect.cpp ****         float delayed = slapbackDelayL_.Read();
 684              		.loc 1 64 26 is_stmt 0 discriminator 1 view .LVU169
 685              	.LBE277:
 686              	.LBE278:
 687              	.LBE280:
 688              	.LBB281:
 689              	.LBB231:
  53:effects/slapbackdelayeffect.cpp ****             out[i] = in[i];
 690              		.loc 1 53 30 is_stmt 1 discriminator 1 view .LVU170
 691 0156 002E     		cmp	r6, #0
 692 0158 BBD0     		beq	.L24
 693 015a 01EB8606 		add	r6, r1, r6, lsl #2
 694              	.LVL48:
 695              	.L28:
  54:effects/slapbackdelayeffect.cpp ****         }
 696              		.loc 1 54 13 view .LVU171
  54:effects/slapbackdelayeffect.cpp ****         }
 697              		.loc 1 54 26 is_stmt 0 view .LVU172
 698 015e 51F8043B 		ldr	r3, [r1], #4	@ float
  53:effects/slapbackdelayeffect.cpp ****             out[i] = in[i];
 699              		.loc 1 53 30 discriminator 1 view .LVU173
 700 0162 B142     		cmp	r1, r6
  54:effects/slapbackdelayeffect.cpp ****         }
 701              		.loc 1 54 20 view .LVU174
 702 0164 45F8043B 		str	r3, [r5], #4	@ float
  53:effects/slapbackdelayeffect.cpp ****             out[i] = in[i];
 703              		.loc 1 53 9 is_stmt 1 discriminator 3 view .LVU175
  53:effects/slapbackdelayeffect.cpp ****             out[i] = in[i];
 704              		.loc 1 53 30 discriminator 1 view .LVU176
 705 0168 F9D1     		bne	.L28
 706              	.LBE231:
 707              	.LBE281:
  70:effects/slapbackdelayeffect.cpp **** 
 708              		.loc 1 70 1 is_stmt 0 view .LVU177
 709 016a BDEC028B 		vldm	sp!, {d8}
 710              		.cfi_remember_state
 711              		.cfi_restore 80
 712              		.cfi_restore 81
 713              		.cfi_def_cfa_offset 32
 714 016e BDE8F087 		pop	{r4, r5, r6, r7, r8, r9, r10, pc}
 715              	.LVL49:
 716              	.L37:
 717              		.cfi_restore_state
 718              	.LBB282:
 719              	.LBB279:
  61:effects/slapbackdelayeffect.cpp ****     
 720              		.loc 1 61 45 discriminator 2 view .LVU178
 721 0172 B5EE000A 		vmov.f32	s0, #2.5e-1
 722              	.LVL50:
  61:effects/slapbackdelayeffect.cpp ****     
 723              		.loc 1 61 45 discriminator 2 view .LVU179
ARM GAS  C:\Users\Oliver\AppData\Local\Temp\cc4VwjOw.s 			page 38


 724 0176 61E7     		b	.L30
 725              	.L48:
 726              		.align	2
 727              	.L47:
 728 0178 0CEE0200 		.word	_ZL15slapbackDelayL_
 729 017c F1197605 		.word	91625969
 730              	.LBE279:
 731              	.LBE282:
 732              		.cfi_endproc
 733              	.LFE6892:
 735              		.section	.text._ZN11perspective19SlapbackDelayEffect13ProcessStereoEPfS1_S1_S1_j,"ax",%progbits
 736              		.align	1
 737              		.p2align 2,,3
 738              		.global	_ZN11perspective19SlapbackDelayEffect13ProcessStereoEPfS1_S1_S1_j
 739              		.syntax unified
 740              		.thumb
 741              		.thumb_func
 743              	_ZN11perspective19SlapbackDelayEffect13ProcessStereoEPfS1_S1_S1_j:
 744              	.LVL51:
 745              	.LFB6893:
  72:effects/slapbackdelayeffect.cpp ****     if (!enabled_) {
 746              		.loc 1 72 104 is_stmt 1 view -0
 747              		.cfi_startproc
 748              		@ args = 8, pretend = 0, frame = 16
 749              		@ frame_needed = 0, uses_anonymous_args = 0
  73:effects/slapbackdelayeffect.cpp ****         // Bypass - pass through dry signal
 750              		.loc 1 73 5 view .LVU181
  72:effects/slapbackdelayeffect.cpp ****     if (!enabled_) {
 751              		.loc 1 72 104 is_stmt 0 view .LVU182
 752 0000 2DE9F04F 		push	{r4, r5, r6, r7, r8, r9, r10, fp, lr}
 753              		.cfi_def_cfa_offset 36
 754              		.cfi_offset 4, -36
 755              		.cfi_offset 5, -32
 756              		.cfi_offset 6, -28
 757              		.cfi_offset 7, -24
 758              		.cfi_offset 8, -20
 759              		.cfi_offset 9, -16
 760              		.cfi_offset 10, -12
 761              		.cfi_offset 11, -8
 762              		.cfi_offset 14, -4
 763 0004 9846     		mov	r8, r3
 764              	.LBB308:
  73:effects/slapbackdelayeffect.cpp ****         // Bypass - pass through dry signal
 765              		.loc 1 73 5 view .LVU183
 766 0006 037D     		ldrb	r3, [r0, #20]	@ zero_extendqisi2
 767              	.LVL52:
  73:effects/slapbackdelayeffect.cpp ****         // Bypass - pass through dry signal
 768              		.loc 1 73 5 view .LVU184
 769              	.LBE308:
  72:effects/slapbackdelayeffect.cpp ****     if (!enabled_) {
 770              		.loc 1 72 104 view .LVU185
 771 0008 8A46     		mov	r10, r1
 772 000a 9346     		mov	fp, r2
 773 000c 2DED028B 		vpush.64	{d8}
 774              		.cfi_def_cfa_offset 44
 775              		.cfi_offset 80, -44
 776              		.cfi_offset 81, -40
ARM GAS  C:\Users\Oliver\AppData\Local\Temp\cc4VwjOw.s 			page 39


 777 0010 85B0     		sub	sp, sp, #20
 778              		.cfi_def_cfa_offset 64
  72:effects/slapbackdelayeffect.cpp ****     if (!enabled_) {
 779              		.loc 1 72 104 view .LVU186
 780 0012 119C     		ldr	r4, [sp, #68]
 781              	.LBB310:
  73:effects/slapbackdelayeffect.cpp ****         // Bypass - pass through dry signal
 782              		.loc 1 73 5 view .LVU187
 783 0014 002B     		cmp	r3, #0
 784 0016 00F0B280 		beq	.L68
 785 001a 0546     		mov	r5, r0
 786              	.LVL53:
  73:effects/slapbackdelayeffect.cpp ****         // Bypass - pass through dry signal
 787              		.loc 1 73 5 view .LVU188
 788              	.LBE310:
 789              	.LBB311:
 790              	.LBI311:
  72:effects/slapbackdelayeffect.cpp ****     if (!enabled_) {
 791              		.loc 1 72 6 is_stmt 1 view .LVU189
 792              	.LBB312:
  83:effects/slapbackdelayeffect.cpp ****     float feedback = parameters_.size() > 1 ? parameters_[1]->GetValue() : 0.25f;
 793              		.loc 1 83 5 view .LVU190
 794              	.LBB313:
 795              	.LBI313:
1005:C:/Program Files (x86)/Arm GNU Toolchain arm-none-eabi/14.3 rel1/arm-none-eabi/include/c++/14.3.1/bits\stl_vector.h ****       { return size_type(this->_M_impl._M_finish - this->_M_impl._M_start); }
 796              		.loc 3 1005 7 view .LVU191
 797              	.LBE313:
  83:effects/slapbackdelayeffect.cpp ****     float feedback = parameters_.size() > 1 ? parameters_[1]->GetValue() : 0.25f;
 798              		.loc 1 83 40 is_stmt 0 discriminator 1 view .LVU192
 799 001c D0E90232 		ldrd	r3, r2, [r0, #8]
 800              	.LVL54:
  83:effects/slapbackdelayeffect.cpp ****     float feedback = parameters_.size() > 1 ? parameters_[1]->GetValue() : 0.25f;
 801              		.loc 1 83 40 discriminator 1 view .LVU193
 802 0020 9A42     		cmp	r2, r3
 803 0022 00F0A780 		beq	.L59
  83:effects/slapbackdelayeffect.cpp ****     float feedback = parameters_.size() > 1 ? parameters_[1]->GetValue() : 0.25f;
 804              		.loc 1 83 66 discriminator 1 view .LVU194
 805 0026 1868     		ldr	r0, [r3]
 806              	.LVL55:
  83:effects/slapbackdelayeffect.cpp ****     float feedback = parameters_.size() > 1 ? parameters_[1]->GetValue() : 0.25f;
 807              		.loc 1 83 66 discriminator 1 view .LVU195
 808 0028 FFF7FEFF 		bl	_ZNK11perspective15EffectParameter8GetValueEv
 809              	.LVL56:
  83:effects/slapbackdelayeffect.cpp ****     float feedback = parameters_.size() > 1 ? parameters_[1]->GetValue() : 0.25f;
 810              		.loc 1 83 66 discriminator 1 view .LVU196
 811 002c B0EE408A 		vmov.f32	s16, s0
 812              	.LBB314:
 813              	.LBB315:
 814              		.loc 3 1006 50 view .LVU197
 815 0030 D5E90223 		ldrd	r2, r3, [r5, #8]
 816 0034 9B1A     		subs	r3, r3, r2
 817              	.LBE315:
 818              	.LBE314:
  84:effects/slapbackdelayeffect.cpp ****     
 819              		.loc 1 84 45 discriminator 1 view .LVU198
 820 0036 042B     		cmp	r3, #4
 821 0038 40F23A81 		bls	.L60
ARM GAS  C:\Users\Oliver\AppData\Local\Temp\cc4VwjOw.s 			page 40


  84:effects/slapbackdelayeffect.cpp ****     
 822              		.loc 1 84 71 discriminator 1 view .LVU199
 823 003c 5068     		ldr	r0, [r2, #4]
 824 003e FFF7FEFF 		bl	_ZNK11perspective15EffectParameter8GetValueEv
 825              	.LVL57:
 826              	.L54:
  87:effects/slapbackdelayeffect.cpp ****         float delayedL = slapbackDelayL_.Read();
 827              		.loc 1 87 5 is_stmt 1 view .LVU200
 828              	.LBB316:
  87:effects/slapbackdelayeffect.cpp ****         float delayedL = slapbackDelayL_.Read();
 829              		.loc 1 87 26 discriminator 1 view .LVU201
 830 0042 002C     		cmp	r4, #0
 831 0044 00F09180 		beq	.L49
 832              	.LBB317:
 833              	.LBB318:
 834              	.LBB319:
  80:dependencies/DaisySP/Source/Utility/delayline.h ****         T b = line_[(write_ptr_ + delay_ + 1) % max_size];
 835              		.loc 2 80 35 is_stmt 0 view .LVU202
 836 0048 9B4F     		ldr	r7, .L69
 837 004a 5146     		mov	r1, r10
 838              	.LBE319:
 839              	.LBE318:
 840              	.LBB338:
 841              	.LBB339:
 842 004c 9B4E     		ldr	r6, .L69+4
 843              	.LBE339:
 844              	.LBE338:
 845              	.LBB363:
 846              	.LBB320:
 847 004e BA68     		ldr	r2, [r7, #8]
 848 0050 6B7D     		ldrb	r3, [r5, #21]	@ zero_extendqisi2
 849 0052 0092     		str	r2, [sp]
 850              	.LBE320:
 851              	.LBE363:
 852              	.LBB364:
 853              	.LBB340:
 854 0054 B268     		ldr	r2, [r6, #8]
 855              	.LBE340:
 856              	.LBE364:
 857              	.LBB365:
 858              	.LBB321:
  80:dependencies/DaisySP/Source/Utility/delayline.h ****         T b = line_[(write_ptr_ + delay_ + 1) % max_size];
 859              		.loc 2 80 22 view .LVU203
 860 0056 7D68     		ldr	r5, [r7, #4]
 861              	.LVL58:
  80:dependencies/DaisySP/Source/Utility/delayline.h ****         T b = line_[(write_ptr_ + delay_ + 1) % max_size];
 862              		.loc 2 80 22 view .LVU204
 863              	.LBE321:
 864              	.LBE365:
 865              	.LBB366:
 866              	.LBB341:
 867 0058 7068     		ldr	r0, [r6, #4]
  80:dependencies/DaisySP/Source/Utility/delayline.h ****         T b = line_[(write_ptr_ + delay_ + 1) % max_size];
 868              		.loc 2 80 35 view .LVU205
 869 005a 0192     		str	r2, [sp, #4]
 870 005c 002B     		cmp	r3, #0
 871 005e 40F0A380 		bne	.L55
ARM GAS  C:\Users\Oliver\AppData\Local\Temp\cc4VwjOw.s 			page 41


 872              	.LVL59:
  80:dependencies/DaisySP/Source/Utility/delayline.h ****         T b = line_[(write_ptr_ + delay_ + 1) % max_size];
 873              		.loc 2 80 35 view .LVU206
 874 0062 5A46     		mov	r2, fp
 875 0064 0AEB8404 		add	r4, r10, r4, lsl #2
 876              	.LVL60:
  80:dependencies/DaisySP/Source/Utility/delayline.h ****         T b = line_[(write_ptr_ + delay_ + 1) % max_size];
 877              		.loc 2 80 35 view .LVU207
 878 0068 DDF840B0 		ldr	fp, [sp, #64]
 879              	.LVL61:
  80:dependencies/DaisySP/Source/Utility/delayline.h ****         T b = line_[(write_ptr_ + delay_ + 1) % max_size];
 880              		.loc 2 80 35 view .LVU208
 881 006c C246     		mov	r10, r8
 882 006e 0394     		str	r4, [sp, #12]
 883 0070 0292     		str	r2, [sp, #8]
 884              	.LVL62:
 885              	.L56:
  80:dependencies/DaisySP/Source/Utility/delayline.h ****         T b = line_[(write_ptr_ + delay_ + 1) % max_size];
 886              		.loc 2 80 35 view .LVU209
 887              	.LBE341:
 888              	.LBE366:
  88:effects/slapbackdelayeffect.cpp ****         float delayedR = slapbackDelayR_.Read();
 889              		.loc 1 88 9 is_stmt 1 view .LVU210
 890              	.LBB367:
 891              	.LBI318:
  78:dependencies/DaisySP/Source/Utility/delayline.h ****     {
 892              		.loc 2 78 20 view .LVU211
 893              	.LBB322:
  80:dependencies/DaisySP/Source/Utility/delayline.h ****         T b = line_[(write_ptr_ + delay_ + 1) % max_size];
 894              		.loc 2 80 33 is_stmt 0 view .LVU212
 895 0072 009B     		ldr	r3, [sp]
  80:dependencies/DaisySP/Source/Utility/delayline.h ****         T b = line_[(write_ptr_ + delay_ + 1) % max_size];
 896              		.loc 2 80 43 view .LVU213
 897 0074 4BF6803E 		movw	lr, #48000
 898              	.LBE322:
 899              	.LBE367:
 900              	.LBB368:
 901              	.LBB342:
  80:dependencies/DaisySP/Source/Utility/delayline.h ****         T b = line_[(write_ptr_ + delay_ + 1) % max_size];
 902              		.loc 2 80 33 view .LVU214
 903 0078 019C     		ldr	r4, [sp, #4]
 904              	.LBE342:
 905              	.LBE368:
 906              	.LBB369:
 907              	.LBB323:
 908 007a 03EB050C 		add	ip, r3, r5
  80:dependencies/DaisySP/Source/Utility/delayline.h ****         T b = line_[(write_ptr_ + delay_ + 1) % max_size];
 909              		.loc 2 80 43 view .LVU215
 910 007e 904B     		ldr	r3, .L69+8
 911              	.LBE323:
 912              	.LBE369:
 913              	.LBB370:
 914              	.LBB343:
  80:dependencies/DaisySP/Source/Utility/delayline.h ****         T b = line_[(write_ptr_ + delay_ + 1) % max_size];
 915              		.loc 2 80 33 view .LVU216
 916 0080 0444     		add	r4, r4, r0
 917              	.LBE343:
ARM GAS  C:\Users\Oliver\AppData\Local\Temp\cc4VwjOw.s 			page 42


 918              	.LBE370:
 919              	.LBB371:
 920              	.LBB324:
 921              		.loc 2 82 30 view .LVU217
 922 0082 97ED006A 		vldr.32	s12, [r7]
  80:dependencies/DaisySP/Source/Utility/delayline.h ****         T b = line_[(write_ptr_ + delay_ + 1) % max_size];
 923              		.loc 2 80 43 view .LVU218
 924 0086 A3FB0C29 		umull	r2, r9, r3, ip
  81:dependencies/DaisySP/Source/Utility/delayline.h ****         return a + (b - a) * frac_;
 925              		.loc 2 81 42 view .LVU219
 926 008a 0CF10108 		add	r8, ip, #1
 927              	.LBE324:
 928              	.LBE371:
  91:effects/slapbackdelayeffect.cpp ****         slapbackDelayR_.Write(inR[i] + delayedR * feedback);
 929              		.loc 1 91 36 view .LVU220
 930 008e D1ED006A 		vldr.32	s13, [r1]
 931              	.LBB372:
 932              	.LBB325:
  80:dependencies/DaisySP/Source/Utility/delayline.h ****         T b = line_[(write_ptr_ + delay_ + 1) % max_size];
 933              		.loc 2 80 43 view .LVU221
 934 0092 4FEA9929 		lsr	r9, r9, #10
 935              	.LBE325:
 936              	.LBE372:
 937              	.LBB373:
 938              	.LBB344:
 939              		.loc 2 82 30 view .LVU222
 940 0096 D6ED005A 		vldr.32	s11, [r6]
 941              	.LBE344:
 942              	.LBE373:
  92:effects/slapbackdelayeffect.cpp ****         
 943              		.loc 1 92 36 view .LVU223
 944 009a 029A     		ldr	r2, [sp, #8]
 945              	.LBB374:
 946              	.LBB326:
  80:dependencies/DaisySP/Source/Utility/delayline.h ****         T b = line_[(write_ptr_ + delay_ + 1) % max_size];
 947              		.loc 2 80 43 view .LVU224
 948 009c 0EFB19CC 		mls	ip, lr, r9, ip
  80:dependencies/DaisySP/Source/Utility/delayline.h ****         T b = line_[(write_ptr_ + delay_ + 1) % max_size];
 949              		.loc 2 80 11 view .LVU225
 950 00a0 07EB8C0C 		add	ip, r7, ip, lsl #2
 951 00a4 9CED037A 		vldr.32	s14, [ip, #12]
 952              	.LVL63:
  81:dependencies/DaisySP/Source/Utility/delayline.h ****         return a + (b - a) * frac_;
 953              		.loc 2 81 47 view .LVU226
 954 00a8 A3FB089C 		umull	r9, ip, r3, r8
 955 00ac 4FEA9C2C 		lsr	ip, ip, #10
 956 00b0 0EFB1C88 		mls	r8, lr, ip, r8
 957              	.LVL64:
  81:dependencies/DaisySP/Source/Utility/delayline.h ****         return a + (b - a) * frac_;
 958              		.loc 2 81 47 view .LVU227
 959              	.LBE326:
 960              	.LBE374:
 961              	.LBB375:
 962              	.LBB345:
  81:dependencies/DaisySP/Source/Utility/delayline.h ****         return a + (b - a) * frac_;
 963              		.loc 2 81 42 view .LVU228
 964 00b4 04F1010C 		add	ip, r4, #1
ARM GAS  C:\Users\Oliver\AppData\Local\Temp\cc4VwjOw.s 			page 43


 965              	.LBE345:
 966              	.LBE375:
 967              	.LBB376:
 968              	.LBB327:
  81:dependencies/DaisySP/Source/Utility/delayline.h ****         return a + (b - a) * frac_;
 969              		.loc 2 81 11 view .LVU229
 970 00b8 07EB8808 		add	r8, r7, r8, lsl #2
 971              		.loc 2 82 23 view .LVU230
 972 00bc D8ED037A 		vldr.32	s15, [r8, #12]
 973              	.LBE327:
 974              	.LBE376:
 975              	.LBB377:
 976              	.LBB346:
  80:dependencies/DaisySP/Source/Utility/delayline.h ****         T b = line_[(write_ptr_ + delay_ + 1) % max_size];
 977              		.loc 2 80 43 view .LVU231
 978 00c0 A3FB0498 		umull	r9, r8, r3, r4
 979 00c4 8146     		mov	r9, r0
 980 00c6 4FEA9828 		lsr	r8, r8, #10
 981              	.LBE346:
 982              	.LBE377:
 983              	.LBB378:
 984              	.LBB328:
 985              		.loc 2 82 23 view .LVU232
 986 00ca 77EEC77A 		vsub.f32	s15, s15, s14
 987              	.LBE328:
 988              	.LBE378:
 989              	.LBB379:
 990              	.LBB347:
  80:dependencies/DaisySP/Source/Utility/delayline.h ****         T b = line_[(write_ptr_ + delay_ + 1) % max_size];
 991              		.loc 2 80 43 view .LVU233
 992 00ce 0EFB1844 		mls	r4, lr, r8, r4
 993              	.LBE347:
 994              	.LBE379:
 995              	.LBB380:
 996              	.LBB329:
 997              		.loc 2 82 30 view .LVU234
 998 00d2 A6EE277A 		vfma.f32	s14, s12, s15
 999              	.LVL65:
 1000              		.loc 2 82 30 view .LVU235
 1001              	.LBE329:
 1002              	.LBE380:
  89:effects/slapbackdelayeffect.cpp ****         
 1003              		.loc 1 89 9 is_stmt 1 view .LVU236
 1004              	.LBB381:
 1005              	.LBI338:
  78:dependencies/DaisySP/Source/Utility/delayline.h ****     {
 1006              		.loc 2 78 20 view .LVU237
 1007              	.LBB348:
  80:dependencies/DaisySP/Source/Utility/delayline.h ****         T b = line_[(write_ptr_ + delay_ + 1) % max_size];
 1008              		.loc 2 80 11 is_stmt 0 view .LVU238
 1009 00d6 06EB8404 		add	r4, r6, r4, lsl #2
 1010 00da D4ED037A 		vldr.32	s15, [r4, #12]
 1011              	.LVL66:
  81:dependencies/DaisySP/Source/Utility/delayline.h ****         return a + (b - a) * frac_;
 1012              		.loc 2 81 47 view .LVU239
 1013 00de A3FB0C84 		umull	r8, r4, r3, ip
 1014 00e2 D046     		mov	r8, r10
ARM GAS  C:\Users\Oliver\AppData\Local\Temp\cc4VwjOw.s 			page 44


 1015 00e4 A40A     		lsrs	r4, r4, #10
 1016              	.LBE348:
 1017              	.LBE381:
  91:effects/slapbackdelayeffect.cpp ****         slapbackDelayR_.Write(inR[i] + delayedR * feedback);
 1018              		.loc 1 91 30 view .LVU240
 1019 00e6 E0EE076A 		vfma.f32	s13, s0, s14
 1020              	.LBB382:
 1021              	.LBB349:
  81:dependencies/DaisySP/Source/Utility/delayline.h ****         return a + (b - a) * frac_;
 1022              		.loc 2 81 47 view .LVU241
 1023 00ea 0EFB14CC 		mls	ip, lr, r4, ip
 1024              	.LBE349:
 1025              	.LBE382:
 1026              	.LBB383:
 1027              	.LBB384:
  72:dependencies/DaisySP/Source/Utility/delayline.h ****         write_ptr_        = (write_ptr_ - 1 + max_size) % max_size;
 1028              		.loc 2 72 27 view .LVU242
 1029 00ee 07EB8504 		add	r4, r7, r5, lsl #2
 1030              	.LBE384:
 1031              	.LBE383:
 1032              	.LBB397:
 1033              	.LBB350:
  81:dependencies/DaisySP/Source/Utility/delayline.h ****         return a + (b - a) * frac_;
 1034              		.loc 2 81 11 view .LVU243
 1035 00f2 06EB8C0C 		add	ip, r6, ip, lsl #2
 1036              		.loc 2 82 23 view .LVU244
 1037 00f6 9CED036A 		vldr.32	s12, [ip, #12]
 1038              	.LBE350:
 1039              	.LBE397:
 1040              	.LBB398:
 1041              	.LBB385:
  72:dependencies/DaisySP/Source/Utility/delayline.h ****         write_ptr_        = (write_ptr_ - 1 + max_size) % max_size;
 1042              		.loc 2 72 27 view .LVU245
 1043 00fa C4ED036A 		vstr.32	s13, [r4, #12]
 1044              	.LBE385:
 1045              	.LBE398:
 1046              	.LBB399:
 1047              	.LBB400:
 1048 00fe 06EB8004 		add	r4, r6, r0, lsl #2
 1049              	.LBE400:
 1050              	.LBE399:
 1051              	.LBB411:
 1052              	.LBB351:
 1053              		.loc 2 82 23 view .LVU246
 1054 0102 36EE676A 		vsub.f32	s12, s12, s15
 1055              		.loc 2 82 30 view .LVU247
 1056 0106 E5EE867A 		vfma.f32	s15, s11, s12
 1057              	.LVL67:
 1058              		.loc 2 82 30 view .LVU248
 1059              	.LBE351:
 1060              	.LBE411:
  91:effects/slapbackdelayeffect.cpp ****         slapbackDelayR_.Write(inR[i] + delayedR * feedback);
 1061              		.loc 1 91 9 is_stmt 1 view .LVU249
 1062              	.LBB412:
 1063              	.LBI383:
  70:dependencies/DaisySP/Source/Utility/delayline.h ****     {
 1064              		.loc 2 70 17 view .LVU250
ARM GAS  C:\Users\Oliver\AppData\Local\Temp\cc4VwjOw.s 			page 45


 1065              	.LBE412:
  92:effects/slapbackdelayeffect.cpp ****         
 1066              		.loc 1 92 36 is_stmt 0 view .LVU251
 1067 010a 92ED006A 		vldr.32	s12, [r2]
  92:effects/slapbackdelayeffect.cpp ****         
 1068              		.loc 1 92 30 view .LVU252
 1069 010e A0EE276A 		vfma.f32	s12, s0, s15
 1070              	.LBB413:
 1071              	.LBB401:
  72:dependencies/DaisySP/Source/Utility/delayline.h ****         write_ptr_        = (write_ptr_ - 1 + max_size) % max_size;
 1072              		.loc 2 72 27 view .LVU253
 1073 0112 84ED036A 		vstr.32	s12, [r4, #12]
 1074              	.LBE401:
 1075              	.LBE413:
 1076              	.LBB414:
 1077              	.LBB386:
  73:dependencies/DaisySP/Source/Utility/delayline.h ****     }
 1078              		.loc 2 73 45 view .LVU254
 1079 0116 4BF67F34 		movw	r4, #47999
 1080              	.LBE386:
 1081              	.LBE414:
  94:effects/slapbackdelayeffect.cpp ****         outR[i] = wetOnly_ ? (delayedR * mix) : (inR[i] + delayedR * mix);
 1082              		.loc 1 94 28 discriminator 2 view .LVU255
 1083 011a F1EC016A 		vldmia.32	r1!, {s13}
 1084              	.LVL68:
 1085              	.LBB415:
 1086              	.LBB387:
  73:dependencies/DaisySP/Source/Utility/delayline.h ****     }
 1087              		.loc 2 73 45 view .LVU256
 1088 011e 05EB040C 		add	ip, r5, r4
 1089              	.LBE387:
 1090              	.LBE415:
 1091              	.LBB416:
 1092              	.LBB402:
 1093 0122 0444     		add	r4, r4, r0
 1094              	.LBE402:
 1095              	.LBE416:
  94:effects/slapbackdelayeffect.cpp ****         outR[i] = wetOnly_ ? (delayedR * mix) : (inR[i] + delayedR * mix);
 1096              		.loc 1 94 28 discriminator 2 view .LVU257
 1097 0124 E8EE076A 		vfma.f32	s13, s16, s14
 1098              	.LBB417:
 1099              	.LBB388:
  73:dependencies/DaisySP/Source/Utility/delayline.h ****     }
 1100              		.loc 2 73 57 view .LVU258
 1101 0128 A3FB0C05 		umull	r0, r5, r3, ip
 1102              	.LVL69:
  73:dependencies/DaisySP/Source/Utility/delayline.h ****     }
 1103              		.loc 2 73 57 view .LVU259
 1104              	.LBE388:
 1105              	.LBE417:
 1106              	.LBB418:
 1107              	.LBB403:
 1108 012c A3FB0430 		umull	r3, r0, r3, r4
 1109              	.LBE403:
 1110              	.LBE418:
 1111              	.LBE317:
  87:effects/slapbackdelayeffect.cpp ****         float delayedL = slapbackDelayL_.Read();
ARM GAS  C:\Users\Oliver\AppData\Local\Temp\cc4VwjOw.s 			page 46


 1112              		.loc 1 87 26 discriminator 1 view .LVU260
 1113 0130 039B     		ldr	r3, [sp, #12]
 1114              	.LBB455:
 1115              	.LBB419:
 1116              	.LBB389:
  73:dependencies/DaisySP/Source/Utility/delayline.h ****     }
 1117              		.loc 2 73 57 view .LVU261
 1118 0132 AD0A     		lsrs	r5, r5, #10
 1119              	.LBE389:
 1120              	.LBE419:
 1121              	.LBB420:
 1122              	.LBB404:
 1123 0134 800A     		lsrs	r0, r0, #10
 1124              	.LBE404:
 1125              	.LBE420:
 1126              	.LBE455:
  87:effects/slapbackdelayeffect.cpp ****         float delayedL = slapbackDelayL_.Read();
 1127              		.loc 1 87 26 discriminator 1 view .LVU262
 1128 0136 9942     		cmp	r1, r3
 1129              	.LBB456:
 1130              	.LBB421:
 1131              	.LBB390:
  73:dependencies/DaisySP/Source/Utility/delayline.h ****     }
 1132              		.loc 2 73 57 view .LVU263
 1133 0138 0EFB15C5 		mls	r5, lr, r5, ip
 1134              	.LVL70:
  73:dependencies/DaisySP/Source/Utility/delayline.h ****     }
 1135              		.loc 2 73 57 view .LVU264
 1136              	.LBE390:
 1137              	.LBE421:
  92:effects/slapbackdelayeffect.cpp ****         
 1138              		.loc 1 92 9 is_stmt 1 view .LVU265
 1139              	.LBB422:
 1140              	.LBI399:
  70:dependencies/DaisySP/Source/Utility/delayline.h ****     {
 1141              		.loc 2 70 17 view .LVU266
 1142              	.LBE422:
  94:effects/slapbackdelayeffect.cpp ****         outR[i] = wetOnly_ ? (delayedR * mix) : (inR[i] + delayedR * mix);
 1143              		.loc 1 94 17 is_stmt 0 discriminator 4 view .LVU267
 1144 013c EAEC016A 		vstmia.32	r10!, {s13}
  95:effects/slapbackdelayeffect.cpp ****     }
 1145              		.loc 1 95 28 discriminator 2 view .LVU268
 1146 0140 B2EC017A 		vldmia.32	r2!, {s14}
 1147              	.LVL71:
 1148              	.LBB423:
 1149              	.LBB405:
  73:dependencies/DaisySP/Source/Utility/delayline.h ****     }
 1150              		.loc 2 73 57 view .LVU269
 1151 0144 0EFB1040 		mls	r0, lr, r0, r4
 1152              	.LVL72:
  73:dependencies/DaisySP/Source/Utility/delayline.h ****     }
 1153              		.loc 2 73 57 view .LVU270
 1154              	.LBE405:
 1155              	.LBE423:
  94:effects/slapbackdelayeffect.cpp ****         outR[i] = wetOnly_ ? (delayedR * mix) : (inR[i] + delayedR * mix);
 1156              		.loc 1 94 9 is_stmt 1 view .LVU271
  95:effects/slapbackdelayeffect.cpp ****     }
ARM GAS  C:\Users\Oliver\AppData\Local\Temp\cc4VwjOw.s 			page 47


 1157              		.loc 1 95 9 view .LVU272
 1158 0148 5C46     		mov	r4, fp
  95:effects/slapbackdelayeffect.cpp ****     }
 1159              		.loc 1 95 28 is_stmt 0 discriminator 2 view .LVU273
 1160 014a A8EE277A 		vfma.f32	s14, s16, s15
 1161 014e 0292     		str	r2, [sp, #8]
  95:effects/slapbackdelayeffect.cpp ****     }
 1162              		.loc 1 95 17 discriminator 4 view .LVU274
 1163 0150 ABEC017A 		vstmia.32	fp!, {s14}
 1164              	.LBE456:
  87:effects/slapbackdelayeffect.cpp ****         float delayedL = slapbackDelayL_.Read();
 1165              		.loc 1 87 5 is_stmt 1 discriminator 2 view .LVU275
  87:effects/slapbackdelayeffect.cpp ****         float delayedL = slapbackDelayL_.Read();
 1166              		.loc 1 87 26 discriminator 1 view .LVU276
 1167 0154 8DD1     		bne	.L56
 1168 0156 06EB8909 		add	r9, r6, r9, lsl #2
 1169 015a 7D60     		str	r5, [r7, #4]
 1170 015c 7060     		str	r0, [r6, #4]
 1171 015e 89ED036A 		vstr.32	s12, [r9, #12]
 1172 0162 C8ED006A 		vstr.32	s13, [r8]
 1173 0166 84ED007A 		vstr.32	s14, [r4]
 1174              	.LVL73:
 1175              	.L49:
  87:effects/slapbackdelayeffect.cpp ****         float delayedL = slapbackDelayL_.Read();
 1176              		.loc 1 87 26 is_stmt 0 discriminator 1 view .LVU277
 1177              	.LBE316:
 1178              	.LBE312:
 1179              	.LBE311:
  97:effects/slapbackdelayeffect.cpp **** 
 1180              		.loc 1 97 1 view .LVU278
 1181 016a 05B0     		add	sp, sp, #20
 1182              		.cfi_remember_state
 1183              		.cfi_def_cfa_offset 44
 1184              		@ sp needed
 1185 016c BDEC028B 		vldm	sp!, {d8}
 1186              		.cfi_restore 80
 1187              		.cfi_restore 81
 1188              		.cfi_def_cfa_offset 36
 1189 0170 BDE8F08F 		pop	{r4, r5, r6, r7, r8, r9, r10, fp, pc}
 1190              	.LVL74:
 1191              	.L59:
 1192              		.cfi_restore_state
 1193              	.LBB463:
 1194              	.LBB460:
  83:effects/slapbackdelayeffect.cpp ****     float feedback = parameters_.size() > 1 ? parameters_[1]->GetValue() : 0.25f;
 1195              		.loc 1 83 40 discriminator 2 view .LVU279
 1196 0174 B6EE008A 		vmov.f32	s16, #5.0e-1
  84:effects/slapbackdelayeffect.cpp ****     
 1197              		.loc 1 84 45 discriminator 2 view .LVU280
 1198 0178 B5EE000A 		vmov.f32	s0, #2.5e-1
 1199 017c 61E7     		b	.L54
 1200              	.LVL75:
 1201              	.L68:
  84:effects/slapbackdelayeffect.cpp ****     
 1202              		.loc 1 84 45 discriminator 2 view .LVU281
 1203              	.LBE460:
 1204              	.LBE463:
ARM GAS  C:\Users\Oliver\AppData\Local\Temp\cc4VwjOw.s 			page 48


 1205              	.LBB464:
 1206              	.LBB309:
  75:effects/slapbackdelayeffect.cpp ****             outL[i] = inL[i];
 1207              		.loc 1 75 30 is_stmt 1 discriminator 1 view .LVU282
 1208 017e 002C     		cmp	r4, #0
 1209 0180 F3D0     		beq	.L49
 1210 0182 4346     		mov	r3, r8
 1211 0184 1098     		ldr	r0, [sp, #64]
 1212              	.LVL76:
  75:effects/slapbackdelayeffect.cpp ****             outL[i] = inL[i];
 1213              		.loc 1 75 30 is_stmt 0 discriminator 1 view .LVU283
 1214 0186 01EB8404 		add	r4, r1, r4, lsl #2
 1215              	.LVL77:
 1216              	.L52:
  76:effects/slapbackdelayeffect.cpp ****             outR[i] = inR[i];
 1217              		.loc 1 76 13 is_stmt 1 view .LVU284
  76:effects/slapbackdelayeffect.cpp ****             outR[i] = inR[i];
 1218              		.loc 1 76 28 is_stmt 0 view .LVU285
 1219 018a 51F8045B 		ldr	r5, [r1], #4	@ float
  76:effects/slapbackdelayeffect.cpp ****             outR[i] = inR[i];
 1220              		.loc 1 76 21 view .LVU286
 1221 018e 43F8045B 		str	r5, [r3], #4	@ float
  77:effects/slapbackdelayeffect.cpp ****         }
 1222              		.loc 1 77 13 is_stmt 1 view .LVU287
  75:effects/slapbackdelayeffect.cpp ****             outL[i] = inL[i];
 1223              		.loc 1 75 30 is_stmt 0 discriminator 1 view .LVU288
 1224 0192 A142     		cmp	r1, r4
  77:effects/slapbackdelayeffect.cpp ****         }
 1225              		.loc 1 77 28 view .LVU289
 1226 0194 52F8045B 		ldr	r5, [r2], #4	@ float
  77:effects/slapbackdelayeffect.cpp ****         }
 1227              		.loc 1 77 21 view .LVU290
 1228 0198 40F8045B 		str	r5, [r0], #4	@ float
  75:effects/slapbackdelayeffect.cpp ****             outL[i] = inL[i];
 1229              		.loc 1 75 9 is_stmt 1 discriminator 3 view .LVU291
  75:effects/slapbackdelayeffect.cpp ****             outL[i] = inL[i];
 1230              		.loc 1 75 30 discriminator 1 view .LVU292
 1231 019c F5D1     		bne	.L52
 1232              	.LBE309:
 1233              	.LBE464:
  97:effects/slapbackdelayeffect.cpp **** 
 1234              		.loc 1 97 1 is_stmt 0 view .LVU293
 1235 019e 05B0     		add	sp, sp, #20
 1236              		.cfi_remember_state
 1237              		.cfi_def_cfa_offset 44
 1238              		@ sp needed
 1239 01a0 BDEC028B 		vldm	sp!, {d8}
 1240              		.cfi_restore 80
 1241              		.cfi_restore 81
 1242              		.cfi_def_cfa_offset 36
 1243 01a4 BDE8F08F 		pop	{r4, r5, r6, r7, r8, r9, r10, fp, pc}
 1244              	.LVL78:
 1245              	.L55:
 1246              		.cfi_restore_state
  97:effects/slapbackdelayeffect.cpp **** 
 1247              		.loc 1 97 1 view .LVU294
 1248 01a8 0AEB8402 		add	r2, r10, r4, lsl #2
ARM GAS  C:\Users\Oliver\AppData\Local\Temp\cc4VwjOw.s 			page 49


 1249 01ac DDF840A0 		ldr	r10, [sp, #64]
 1250 01b0 CDF80880 		str	r8, [sp, #8]
 1251 01b4 0392     		str	r2, [sp, #12]
 1252              	.LVL79:
 1253              	.L58:
 1254              	.LBB465:
 1255              	.LBB461:
 1256              	.LBB459:
 1257              	.LBB457:
  88:effects/slapbackdelayeffect.cpp ****         float delayedR = slapbackDelayR_.Read();
 1258              		.loc 1 88 9 is_stmt 1 view .LVU295
 1259              	.LBB424:
  78:dependencies/DaisySP/Source/Utility/delayline.h ****     {
 1260              		.loc 2 78 20 view .LVU296
 1261              	.LBB330:
  80:dependencies/DaisySP/Source/Utility/delayline.h ****         T b = line_[(write_ptr_ + delay_ + 1) % max_size];
 1262              		.loc 2 80 33 is_stmt 0 view .LVU297
 1263 01b6 009A     		ldr	r2, [sp]
  80:dependencies/DaisySP/Source/Utility/delayline.h ****         T b = line_[(write_ptr_ + delay_ + 1) % max_size];
 1264              		.loc 2 80 43 view .LVU298
 1265 01b8 4BF6803E 		movw	lr, #48000
 1266              	.LBE330:
 1267              	.LBE424:
 1268              	.LBB425:
 1269              	.LBB352:
  80:dependencies/DaisySP/Source/Utility/delayline.h ****         T b = line_[(write_ptr_ + delay_ + 1) % max_size];
 1270              		.loc 2 80 33 view .LVU299
 1271 01bc 019C     		ldr	r4, [sp, #4]
 1272              	.LBE352:
 1273              	.LBE425:
 1274              	.LBB426:
 1275              	.LBB331:
 1276 01be 02EB050C 		add	ip, r2, r5
  80:dependencies/DaisySP/Source/Utility/delayline.h ****         T b = line_[(write_ptr_ + delay_ + 1) % max_size];
 1277              		.loc 2 80 43 view .LVU300
 1278 01c2 3F4A     		ldr	r2, .L69+8
 1279              	.LBE331:
 1280              	.LBE426:
 1281              	.LBB427:
 1282              	.LBB353:
  80:dependencies/DaisySP/Source/Utility/delayline.h ****         T b = line_[(write_ptr_ + delay_ + 1) % max_size];
 1283              		.loc 2 80 33 view .LVU301
 1284 01c4 0444     		add	r4, r4, r0
 1285              	.LBE353:
 1286              	.LBE427:
 1287              	.LBB428:
 1288              	.LBB332:
 1289              		.loc 2 82 30 view .LVU302
 1290 01c6 97ED006A 		vldr.32	s12, [r7]
  80:dependencies/DaisySP/Source/Utility/delayline.h ****         T b = line_[(write_ptr_ + delay_ + 1) % max_size];
 1291              		.loc 2 80 43 view .LVU303
 1292 01ca A2FB0C39 		umull	r3, r9, r2, ip
  81:dependencies/DaisySP/Source/Utility/delayline.h ****         return a + (b - a) * frac_;
 1293              		.loc 2 81 42 view .LVU304
 1294 01ce 0CF10108 		add	r8, ip, #1
 1295              	.LBE332:
 1296              	.LBE428:
ARM GAS  C:\Users\Oliver\AppData\Local\Temp\cc4VwjOw.s 			page 50


  91:effects/slapbackdelayeffect.cpp ****         slapbackDelayR_.Write(inR[i] + delayedR * feedback);
 1297              		.loc 1 91 36 view .LVU305
 1298 01d2 F1EC016A 		vldmia.32	r1!, {s13}
 1299              	.LBB429:
 1300              	.LBB333:
  80:dependencies/DaisySP/Source/Utility/delayline.h ****         T b = line_[(write_ptr_ + delay_ + 1) % max_size];
 1301              		.loc 2 80 43 view .LVU306
 1302 01d6 4FEA9929 		lsr	r9, r9, #10
 1303              	.LBE333:
 1304              	.LBE429:
 1305              	.LBB430:
 1306              	.LBB354:
 1307              		.loc 2 82 30 view .LVU307
 1308 01da D6ED005A 		vldr.32	s11, [r6]
 1309 01de 029B     		ldr	r3, [sp, #8]
 1310              	.LBE354:
 1311              	.LBE430:
 1312              	.LBB431:
 1313              	.LBB334:
  80:dependencies/DaisySP/Source/Utility/delayline.h ****         T b = line_[(write_ptr_ + delay_ + 1) % max_size];
 1314              		.loc 2 80 43 view .LVU308
 1315 01e0 0EFB19CC 		mls	ip, lr, r9, ip
  80:dependencies/DaisySP/Source/Utility/delayline.h ****         T b = line_[(write_ptr_ + delay_ + 1) % max_size];
 1316              		.loc 2 80 11 view .LVU309
 1317 01e4 07EB8C0C 		add	ip, r7, ip, lsl #2
 1318 01e8 DCED037A 		vldr.32	s15, [ip, #12]
 1319              	.LVL80:
  81:dependencies/DaisySP/Source/Utility/delayline.h ****         return a + (b - a) * frac_;
 1320              		.loc 2 81 47 view .LVU310
 1321 01ec A2FB089C 		umull	r9, ip, r2, r8
 1322 01f0 4FEA9C2C 		lsr	ip, ip, #10
 1323 01f4 0EFB1C88 		mls	r8, lr, ip, r8
 1324              	.LVL81:
  81:dependencies/DaisySP/Source/Utility/delayline.h ****         return a + (b - a) * frac_;
 1325              		.loc 2 81 47 view .LVU311
 1326              	.LBE334:
 1327              	.LBE431:
 1328              	.LBB432:
 1329              	.LBB355:
  81:dependencies/DaisySP/Source/Utility/delayline.h ****         return a + (b - a) * frac_;
 1330              		.loc 2 81 42 view .LVU312
 1331 01f8 04F1010C 		add	ip, r4, #1
 1332              	.LBE355:
 1333              	.LBE432:
 1334              	.LBB433:
 1335              	.LBB335:
  81:dependencies/DaisySP/Source/Utility/delayline.h ****         return a + (b - a) * frac_;
 1336              		.loc 2 81 11 view .LVU313
 1337 01fc 07EB8808 		add	r8, r7, r8, lsl #2
 1338              		.loc 2 82 23 view .LVU314
 1339 0200 98ED037A 		vldr.32	s14, [r8, #12]
 1340              	.LBE335:
 1341              	.LBE433:
 1342              	.LBB434:
 1343              	.LBB356:
  80:dependencies/DaisySP/Source/Utility/delayline.h ****         T b = line_[(write_ptr_ + delay_ + 1) % max_size];
 1344              		.loc 2 80 43 view .LVU315
ARM GAS  C:\Users\Oliver\AppData\Local\Temp\cc4VwjOw.s 			page 51


 1345 0204 A2FB0498 		umull	r9, r8, r2, r4
 1346 0208 4FEA9828 		lsr	r8, r8, #10
 1347              	.LBE356:
 1348              	.LBE434:
 1349              	.LBB435:
 1350              	.LBB336:
 1351              		.loc 2 82 23 view .LVU316
 1352 020c 37EE677A 		vsub.f32	s14, s14, s15
 1353              	.LBE336:
 1354              	.LBE435:
 1355              	.LBB436:
 1356              	.LBB357:
  80:dependencies/DaisySP/Source/Utility/delayline.h ****         T b = line_[(write_ptr_ + delay_ + 1) % max_size];
 1357              		.loc 2 80 43 view .LVU317
 1358 0210 0EFB1844 		mls	r4, lr, r8, r4
 1359              	.LBE357:
 1360              	.LBE436:
 1361              	.LBB437:
 1362              	.LBB337:
 1363              		.loc 2 82 30 view .LVU318
 1364 0214 E7EE067A 		vfma.f32	s15, s14, s12
 1365              	.LVL82:
 1366              		.loc 2 82 30 view .LVU319
 1367              	.LBE337:
 1368              	.LBE437:
  89:effects/slapbackdelayeffect.cpp ****         
 1369              		.loc 1 89 9 is_stmt 1 view .LVU320
 1370              	.LBB438:
  78:dependencies/DaisySP/Source/Utility/delayline.h ****     {
 1371              		.loc 2 78 20 view .LVU321
 1372              	.LBB358:
  80:dependencies/DaisySP/Source/Utility/delayline.h ****         T b = line_[(write_ptr_ + delay_ + 1) % max_size];
 1373              		.loc 2 80 11 is_stmt 0 view .LVU322
 1374 0218 06EB8404 		add	r4, r6, r4, lsl #2
 1375 021c 94ED037A 		vldr.32	s14, [r4, #12]
 1376              	.LVL83:
  81:dependencies/DaisySP/Source/Utility/delayline.h ****         return a + (b - a) * frac_;
 1377              		.loc 2 81 47 view .LVU323
 1378 0220 A2FB0C84 		umull	r8, r4, r2, ip
 1379 0224 8046     		mov	r8, r0
 1380 0226 A40A     		lsrs	r4, r4, #10
 1381              	.LBE358:
 1382              	.LBE438:
  91:effects/slapbackdelayeffect.cpp ****         slapbackDelayR_.Write(inR[i] + delayedR * feedback);
 1383              		.loc 1 91 30 view .LVU324
 1384 0228 E7EE806A 		vfma.f32	s13, s15, s0
 1385              	.LBB439:
 1386              	.LBB359:
  81:dependencies/DaisySP/Source/Utility/delayline.h ****         return a + (b - a) * frac_;
 1387              		.loc 2 81 47 view .LVU325
 1388 022c 0EFB14CC 		mls	ip, lr, r4, ip
 1389              	.LBE359:
 1390              	.LBE439:
 1391              	.LBB440:
 1392              	.LBB391:
  72:dependencies/DaisySP/Source/Utility/delayline.h ****         write_ptr_        = (write_ptr_ - 1 + max_size) % max_size;
 1393              		.loc 2 72 27 view .LVU326
ARM GAS  C:\Users\Oliver\AppData\Local\Temp\cc4VwjOw.s 			page 52


 1394 0230 07EB8504 		add	r4, r7, r5, lsl #2
 1395              	.LBE391:
 1396              	.LBE440:
  94:effects/slapbackdelayeffect.cpp ****         outR[i] = wetOnly_ ? (delayedR * mix) : (inR[i] + delayedR * mix);
 1397              		.loc 1 94 28 discriminator 1 view .LVU327
 1398 0234 67EE887A 		vmul.f32	s15, s15, s16
 1399              	.LVL84:
 1400              	.LBB441:
 1401              	.LBB360:
  81:dependencies/DaisySP/Source/Utility/delayline.h ****         return a + (b - a) * frac_;
 1402              		.loc 2 81 11 view .LVU328
 1403 0238 06EB8C0C 		add	ip, r6, ip, lsl #2
 1404              		.loc 2 82 23 view .LVU329
 1405 023c 9CED036A 		vldr.32	s12, [ip, #12]
 1406              	.LVL85:
 1407              		.loc 2 82 23 view .LVU330
 1408              	.LBE360:
 1409              	.LBE441:
 1410              	.LBB442:
 1411              	.LBB392:
  72:dependencies/DaisySP/Source/Utility/delayline.h ****         write_ptr_        = (write_ptr_ - 1 + max_size) % max_size;
 1412              		.loc 2 72 27 view .LVU331
 1413 0240 C4ED036A 		vstr.32	s13, [r4, #12]
 1414              	.LVL86:
  73:dependencies/DaisySP/Source/Utility/delayline.h ****     }
 1415              		.loc 2 73 45 view .LVU332
 1416 0244 4BF67F34 		movw	r4, #47999
 1417              	.LBE392:
 1418              	.LBE442:
 1419              	.LBB443:
 1420              	.LBB361:
 1421              		.loc 2 82 23 view .LVU333
 1422 0248 36EE476A 		vsub.f32	s12, s12, s14
 1423              	.LBE361:
 1424              	.LBE443:
  92:effects/slapbackdelayeffect.cpp ****         
 1425              		.loc 1 92 36 view .LVU334
 1426 024c FBEC016A 		vldmia.32	fp!, {s13}
 1427              	.LBB444:
 1428              	.LBB393:
  73:dependencies/DaisySP/Source/Utility/delayline.h ****     }
 1429              		.loc 2 73 45 view .LVU335
 1430 0250 05EB040C 		add	ip, r5, r4
 1431              	.LBE393:
 1432              	.LBE444:
 1433              	.LBB445:
 1434              	.LBB406:
 1435 0254 0444     		add	r4, r4, r0
  72:dependencies/DaisySP/Source/Utility/delayline.h ****         write_ptr_        = (write_ptr_ - 1 + max_size) % max_size;
 1436              		.loc 2 72 27 view .LVU336
 1437 0256 06EB8005 		add	r5, r6, r0, lsl #2
 1438              	.LBE406:
 1439              	.LBE445:
 1440              	.LBB446:
 1441              	.LBB362:
 1442              		.loc 2 82 30 view .LVU337
 1443 025a A6EE257A 		vfma.f32	s14, s12, s11
ARM GAS  C:\Users\Oliver\AppData\Local\Temp\cc4VwjOw.s 			page 53


 1444              	.LVL87:
 1445              		.loc 2 82 30 view .LVU338
 1446              	.LBE362:
 1447              	.LBE446:
  91:effects/slapbackdelayeffect.cpp ****         slapbackDelayR_.Write(inR[i] + delayedR * feedback);
 1448              		.loc 1 91 9 is_stmt 1 view .LVU339
 1449              	.LBB447:
  70:dependencies/DaisySP/Source/Utility/delayline.h ****     {
 1450              		.loc 2 70 17 view .LVU340
 1451              	.LBE447:
  92:effects/slapbackdelayeffect.cpp ****         
 1452              		.loc 1 92 30 is_stmt 0 view .LVU341
 1453 025e E7EE006A 		vfma.f32	s13, s14, s0
  95:effects/slapbackdelayeffect.cpp ****     }
 1454              		.loc 1 95 28 discriminator 1 view .LVU342
 1455 0262 27EE086A 		vmul.f32	s12, s14, s16
 1456              	.LBB448:
 1457              	.LBB407:
  72:dependencies/DaisySP/Source/Utility/delayline.h ****         write_ptr_        = (write_ptr_ - 1 + max_size) % max_size;
 1458              		.loc 2 72 27 view .LVU343
 1459 0266 C5ED036A 		vstr.32	s13, [r5, #12]
 1460              	.LBE407:
 1461              	.LBE448:
 1462              	.LBB449:
 1463              	.LBB394:
  73:dependencies/DaisySP/Source/Utility/delayline.h ****     }
 1464              		.loc 2 73 57 view .LVU344
 1465 026a A2FB0C05 		umull	r0, r5, r2, ip
 1466              	.LBE394:
 1467              	.LBE449:
 1468              	.LBB450:
 1469              	.LBB408:
 1470 026e A2FB0420 		umull	r2, r0, r2, r4
 1471 0272 5246     		mov	r2, r10
 1472              	.LBE408:
 1473              	.LBE450:
 1474              	.LBB451:
 1475              	.LBB395:
 1476 0274 AD0A     		lsrs	r5, r5, #10
 1477              	.LBE395:
 1478              	.LBE451:
 1479              	.LBB452:
 1480              	.LBB409:
 1481 0276 800A     		lsrs	r0, r0, #10
 1482              	.LBE409:
 1483              	.LBE452:
 1484              	.LBB453:
 1485              	.LBB396:
 1486 0278 0EFB15C5 		mls	r5, lr, r5, ip
 1487              	.LVL88:
  73:dependencies/DaisySP/Source/Utility/delayline.h ****     }
 1488              		.loc 2 73 57 view .LVU345
 1489              	.LBE396:
 1490              	.LBE453:
  92:effects/slapbackdelayeffect.cpp ****         
 1491              		.loc 1 92 9 is_stmt 1 view .LVU346
 1492              	.LBB454:
ARM GAS  C:\Users\Oliver\AppData\Local\Temp\cc4VwjOw.s 			page 54


  70:dependencies/DaisySP/Source/Utility/delayline.h ****     {
 1493              		.loc 2 70 17 view .LVU347
 1494              	.LBB410:
  73:dependencies/DaisySP/Source/Utility/delayline.h ****     }
 1495              		.loc 2 73 57 is_stmt 0 view .LVU348
 1496 027c 0EFB1040 		mls	r0, lr, r0, r4
 1497              	.LVL89:
  73:dependencies/DaisySP/Source/Utility/delayline.h ****     }
 1498              		.loc 2 73 57 view .LVU349
 1499              	.LBE410:
 1500              	.LBE454:
  94:effects/slapbackdelayeffect.cpp ****         outR[i] = wetOnly_ ? (delayedR * mix) : (inR[i] + delayedR * mix);
 1501              		.loc 1 94 9 is_stmt 1 view .LVU350
 1502 0280 1C46     		mov	r4, r3
  94:effects/slapbackdelayeffect.cpp ****         outR[i] = wetOnly_ ? (delayedR * mix) : (inR[i] + delayedR * mix);
 1503              		.loc 1 94 17 is_stmt 0 discriminator 4 view .LVU351
 1504 0282 E3EC017A 		vstmia.32	r3!, {s15}
 1505 0286 0293     		str	r3, [sp, #8]
  95:effects/slapbackdelayeffect.cpp ****     }
 1506              		.loc 1 95 9 is_stmt 1 view .LVU352
 1507              	.LBE457:
  87:effects/slapbackdelayeffect.cpp ****         float delayedL = slapbackDelayL_.Read();
 1508              		.loc 1 87 26 is_stmt 0 discriminator 1 view .LVU353
 1509 0288 039B     		ldr	r3, [sp, #12]
 1510              	.LBB458:
  95:effects/slapbackdelayeffect.cpp ****     }
 1511              		.loc 1 95 17 discriminator 4 view .LVU354
 1512 028a AAEC016A 		vstmia.32	r10!, {s12}
 1513              	.LBE458:
  87:effects/slapbackdelayeffect.cpp ****         float delayedL = slapbackDelayL_.Read();
 1514              		.loc 1 87 5 is_stmt 1 discriminator 2 view .LVU355
  87:effects/slapbackdelayeffect.cpp ****         float delayedL = slapbackDelayL_.Read();
 1515              		.loc 1 87 26 discriminator 1 view .LVU356
 1516 028e 8B42     		cmp	r3, r1
 1517 0290 91D1     		bne	.L58
 1518 0292 06EB8808 		add	r8, r6, r8, lsl #2
 1519 0296 7D60     		str	r5, [r7, #4]
 1520 0298 7060     		str	r0, [r6, #4]
 1521 029a C8ED036A 		vstr.32	s13, [r8, #12]
 1522 029e C4ED007A 		vstr.32	s15, [r4]
 1523 02a2 82ED006A 		vstr.32	s12, [r2]
 1524              	.LBE459:
 1525              	.LBE461:
 1526              	.LBE465:
  97:effects/slapbackdelayeffect.cpp **** 
 1527              		.loc 1 97 1 is_stmt 0 view .LVU357
 1528 02a6 05B0     		add	sp, sp, #20
 1529              		.cfi_remember_state
 1530              		.cfi_def_cfa_offset 44
 1531              		@ sp needed
 1532 02a8 BDEC028B 		vldm	sp!, {d8}
 1533              		.cfi_restore 80
 1534              		.cfi_restore 81
 1535              		.cfi_def_cfa_offset 36
 1536 02ac BDE8F08F 		pop	{r4, r5, r6, r7, r8, r9, r10, fp, pc}
 1537              	.LVL90:
 1538              	.L60:
ARM GAS  C:\Users\Oliver\AppData\Local\Temp\cc4VwjOw.s 			page 55


 1539              		.cfi_restore_state
 1540              	.LBB466:
 1541              	.LBB462:
  84:effects/slapbackdelayeffect.cpp ****     
 1542              		.loc 1 84 45 discriminator 2 view .LVU358
 1543 02b0 B5EE000A 		vmov.f32	s0, #2.5e-1
 1544 02b4 C5E6     		b	.L54
 1545              	.L70:
 1546 02b6 00BF     		.align	2
 1547              	.L69:
 1548 02b8 0CEE0200 		.word	_ZL15slapbackDelayL_
 1549 02bc 00000000 		.word	_ZL15slapbackDelayR_
 1550 02c0 F1197605 		.word	91625969
 1551              	.LBE462:
 1552              	.LBE466:
 1553              		.cfi_endproc
 1554              	.LFE6893:
 1556              		.section	.rodata._ZN11perspective19SlapbackDelayEffect4InitEf.str1.4,"aMS",%progbits,1
 1557              		.align	2
 1558              	.LC0:
 1559 0000 4B31204D 		.ascii	"K1 Mix\000"
 1559      697800
 1560 0007 00       		.align	2
 1561              	.LC1:
 1562 0008 4B322046 		.ascii	"K2 Feedback\000"
 1562      65656462 
 1562      61636B00 
 1563              		.align	2
 1564              	.LC2:
 1565 0014 45312054 		.ascii	"E1 Time\000"
 1565      696D6500 
 1566              		.section	.text._ZN11perspective19SlapbackDelayEffect4InitEf,"ax",%progbits
 1567              		.align	1
 1568              		.p2align 2,,3
 1569              		.global	_ZN11perspective19SlapbackDelayEffect4InitEf
 1570              		.syntax unified
 1571              		.thumb
 1572              		.thumb_func
 1574              	_ZN11perspective19SlapbackDelayEffect4InitEf:
 1575              	.LVL91:
 1576              	.LFB6891:
  24:effects/slapbackdelayeffect.cpp ****     sampleRate_ = sampleRate;
 1577              		.loc 1 24 50 is_stmt 1 view -0
 1578              		.cfi_startproc
 1579              		@ args = 0, pretend = 0, frame = 0
 1580              		@ frame_needed = 0, uses_anonymous_args = 0
  25:effects/slapbackdelayeffect.cpp ****     
 1581              		.loc 1 25 5 view .LVU360
  24:effects/slapbackdelayeffect.cpp ****     sampleRate_ = sampleRate;
 1582              		.loc 1 24 50 is_stmt 0 view .LVU361
 1583 0000 2DE9F047 		push	{r4, r5, r6, r7, r8, r9, r10, lr}
 1584              		.cfi_def_cfa_offset 32
 1585              		.cfi_offset 4, -32
 1586              		.cfi_offset 5, -28
 1587              		.cfi_offset 6, -24
 1588              		.cfi_offset 7, -20
 1589              		.cfi_offset 8, -16
ARM GAS  C:\Users\Oliver\AppData\Local\Temp\cc4VwjOw.s 			page 56


 1590              		.cfi_offset 9, -12
 1591              		.cfi_offset 10, -8
 1592              		.cfi_offset 14, -4
 1593 0004 0446     		mov	r4, r0
 1594 0006 82B0     		sub	sp, sp, #8
 1595              		.cfi_def_cfa_offset 40
 1596              	.LBB524:
 1597              	.LBB525:
 1598              	.LBB526:
  44:dependencies/DaisySP/Source/Utility/delayline.h ****         delay_     = 1;
 1599              		.loc 2 44 20 view .LVU362
 1600 0008 0025     		movs	r5, #0
 1601              	.LBB527:
  42:dependencies/DaisySP/Source/Utility/delayline.h ****         }
 1602              		.loc 2 42 22 view .LVU363
 1603 000a 614A     		ldr	r2, .L80
 1604              	.LBE527:
 1605              	.LBE526:
 1606              	.LBE525:
 1607              	.LBE524:
  25:effects/slapbackdelayeffect.cpp ****     
 1608              		.loc 1 25 17 view .LVU364
 1609 000c 84ED060A 		vstr.32	s0, [r4, #24]
  28:effects/slapbackdelayeffect.cpp ****     slapbackDelayR_.Init();
 1610              		.loc 1 28 5 is_stmt 1 view .LVU365
 1611              	.LVL92:
 1612              	.LBB536:
 1613              	.LBI524:
  35:dependencies/DaisySP/Source/Utility/delayline.h ****     /** clears buffer, sets write ptr to 0, and delay to 1 sample.
 1614              		.loc 2 35 10 view .LVU366
 1615              	.LBB533:
 1616              	.LBI525:
  38:dependencies/DaisySP/Source/Utility/delayline.h ****     {
 1617              		.loc 2 38 10 view .LVU367
 1618              	.LBB530:
 1619              	.LBB528:
  40:dependencies/DaisySP/Source/Utility/delayline.h ****         {
 1620              		.loc 2 40 29 discriminator 1 view .LVU368
  42:dependencies/DaisySP/Source/Utility/delayline.h ****         }
 1621              		.loc 2 42 22 is_stmt 0 view .LVU369
 1622 0010 0021     		movs	r1, #0
 1623 0012 6048     		ldr	r0, .L80+4
 1624              	.LVL93:
  42:dependencies/DaisySP/Source/Utility/delayline.h ****         }
 1625              		.loc 2 42 22 view .LVU370
 1626              	.LBE528:
  44:dependencies/DaisySP/Source/Utility/delayline.h ****         delay_     = 1;
 1627              		.loc 2 44 20 view .LVU371
 1628 0014 0126     		movs	r6, #1
 1629              	.LBB529:
  42:dependencies/DaisySP/Source/Utility/delayline.h ****         }
 1630              		.loc 2 42 22 view .LVU372
 1631 0016 FFF7FEFF 		bl	memset
 1632              	.LVL94:
  42:dependencies/DaisySP/Source/Utility/delayline.h ****         }
 1633              		.loc 2 42 22 view .LVU373
 1634              	.LBE529:
ARM GAS  C:\Users\Oliver\AppData\Local\Temp\cc4VwjOw.s 			page 57


  44:dependencies/DaisySP/Source/Utility/delayline.h ****         delay_     = 1;
 1635              		.loc 2 44 20 view .LVU374
 1636 001a 5E4B     		ldr	r3, .L80+4
 1637              	.LBE530:
 1638              	.LBE533:
 1639              	.LBE536:
 1640              	.LBB537:
 1641              	.LBB538:
 1642              	.LBB539:
 1643              	.LBB540:
  42:dependencies/DaisySP/Source/Utility/delayline.h ****         }
 1644              		.loc 2 42 22 view .LVU375
 1645 001c 2946     		mov	r1, r5
 1646 001e 5C4A     		ldr	r2, .L80
 1647 0020 5D48     		ldr	r0, .L80+8
 1648              	.LBE540:
 1649              	.LBE539:
 1650              	.LBE538:
 1651              	.LBE537:
 1652              	.LBB546:
 1653              	.LBB534:
 1654              	.LBB531:
  44:dependencies/DaisySP/Source/Utility/delayline.h ****         delay_     = 1;
 1655              		.loc 2 44 20 view .LVU376
 1656 0022 A3F10C08 		sub	r8, r3, #12
 1657              	.LBE531:
 1658              	.LBE534:
 1659              	.LBE546:
  33:effects/slapbackdelayeffect.cpp ****     parameters_.back()->SetDisplayType(DisplayType::SCALED);
 1660              		.loc 1 33 99 discriminator 1 view .LVU377
 1661 0026 6FF00107 		mvn	r7, #1
 1662              	.LBB547:
 1663              	.LBB535:
 1664              	.LBB532:
  44:dependencies/DaisySP/Source/Utility/delayline.h ****         delay_     = 1;
 1665              		.loc 2 44 20 view .LVU378
 1666 002a 43E90256 		strd	r5, r6, [r3, #-8]
 1667              	.LVL95:
  44:dependencies/DaisySP/Source/Utility/delayline.h ****         delay_     = 1;
 1668              		.loc 2 44 20 view .LVU379
 1669              	.LBE532:
 1670              	.LBE535:
 1671              	.LBE547:
  29:effects/slapbackdelayeffect.cpp ****     
 1672              		.loc 1 29 5 is_stmt 1 view .LVU380
 1673              	.LBB548:
 1674              	.LBI537:
  35:dependencies/DaisySP/Source/Utility/delayline.h ****     /** clears buffer, sets write ptr to 0, and delay to 1 sample.
 1675              		.loc 2 35 10 view .LVU381
 1676              	.LBB544:
 1677              	.LBI538:
  38:dependencies/DaisySP/Source/Utility/delayline.h ****     {
 1678              		.loc 2 38 10 view .LVU382
 1679              	.LBB542:
 1680              	.LBB541:
  40:dependencies/DaisySP/Source/Utility/delayline.h ****         {
 1681              		.loc 2 40 29 discriminator 1 view .LVU383
ARM GAS  C:\Users\Oliver\AppData\Local\Temp\cc4VwjOw.s 			page 58


  42:dependencies/DaisySP/Source/Utility/delayline.h ****         }
 1682              		.loc 2 42 22 is_stmt 0 view .LVU384
 1683 002e FFF7FEFF 		bl	memset
 1684              	.LVL96:
  42:dependencies/DaisySP/Source/Utility/delayline.h ****         }
 1685              		.loc 2 42 22 view .LVU385
 1686              	.LBE541:
  44:dependencies/DaisySP/Source/Utility/delayline.h ****         delay_     = 1;
 1687              		.loc 2 44 20 view .LVU386
 1688 0032 594B     		ldr	r3, .L80+8
 1689              	.LBE542:
 1690              	.LBE544:
 1691              	.LBE548:
  33:effects/slapbackdelayeffect.cpp ****     parameters_.back()->SetDisplayType(DisplayType::SCALED);
 1692              		.loc 1 33 99 view .LVU387
 1693 0034 3020     		movs	r0, #48
 1694              	.LBB549:
 1695              	.LBB545:
 1696              	.LBB543:
  44:dependencies/DaisySP/Source/Utility/delayline.h ****         delay_     = 1;
 1697              		.loc 2 44 20 view .LVU388
 1698 0036 A3F10C09 		sub	r9, r3, #12
 1699 003a 43E90256 		strd	r5, r6, [r3, #-8]
 1700              	.LVL97:
  44:dependencies/DaisySP/Source/Utility/delayline.h ****         delay_     = 1;
 1701              		.loc 2 44 20 view .LVU389
 1702              	.LBE543:
 1703              	.LBE545:
 1704              	.LBE549:
  33:effects/slapbackdelayeffect.cpp ****     parameters_.back()->SetDisplayType(DisplayType::SCALED);
 1705              		.loc 1 33 5 is_stmt 1 view .LVU390
  33:effects/slapbackdelayeffect.cpp ****     parameters_.back()->SetDisplayType(DisplayType::SCALED);
 1706              		.loc 1 33 99 is_stmt 0 view .LVU391
 1707 003e FFF7FEFF 		bl	_Znwj
 1708              	.LVL98:
 1709 0042 8246     		mov	r10, r0
  33:effects/slapbackdelayeffect.cpp ****     parameters_.back()->SetDisplayType(DisplayType::SCALED);
 1710              		.loc 1 33 99 discriminator 1 view .LVU392
 1711 0044 2A46     		mov	r2, r5
 1712 0046 B6EE001A 		vmov.f32	s2, #5.0e-1
 1713 004a F7EE000A 		vmov.f32	s1, #1.0e+0
 1714 004e 9FED530A 		vldr.32	s0, .L80+12
 1715 0052 2B46     		mov	r3, r5
 1716 0054 5249     		ldr	r1, .L80+16
 1717 0056 0097     		str	r7, [sp]
 1718 0058 FFF7FEFF 		bl	_ZN11perspective22PotentiometerParameterC1EPKcfffNS_8PotCurveEii
 1719              	.LVL99:
  33:effects/slapbackdelayeffect.cpp ****     parameters_.back()->SetDisplayType(DisplayType::SCALED);
 1720              		.loc 1 33 17 discriminator 2 view .LVU393
 1721 005c 5146     		mov	r1, r10
 1722 005e 2046     		mov	r0, r4
 1723 0060 FFF7FEFF 		bl	_ZN11perspective6Effect12AddParameterEPNS_15EffectParameterE
 1724              	.LVL100:
  34:effects/slapbackdelayeffect.cpp ****     parameters_.back()->SetScaleFactor(100.0f);
 1725              		.loc 1 34 5 is_stmt 1 view .LVU394
 1726              	.LBB550:
 1727              	.LBI550:
ARM GAS  C:\Users\Oliver\AppData\Local\Temp\cc4VwjOw.s 			page 59


1007:C:/Program Files (x86)/Arm GNU Toolchain arm-none-eabi/14.3 rel1/arm-none-eabi/include/c++/14.3.1/bits\stl_vector.h **** 
1008:C:/Program Files (x86)/Arm GNU Toolchain arm-none-eabi/14.3 rel1/arm-none-eabi/include/c++/14.3.1/bits\stl_vector.h ****       /**  Returns the size() of the largest possible %vector.  */
1009:C:/Program Files (x86)/Arm GNU Toolchain arm-none-eabi/14.3 rel1/arm-none-eabi/include/c++/14.3.1/bits\stl_vector.h ****       _GLIBCXX_NODISCARD _GLIBCXX20_CONSTEXPR
1010:C:/Program Files (x86)/Arm GNU Toolchain arm-none-eabi/14.3 rel1/arm-none-eabi/include/c++/14.3.1/bits\stl_vector.h ****       size_type
1011:C:/Program Files (x86)/Arm GNU Toolchain arm-none-eabi/14.3 rel1/arm-none-eabi/include/c++/14.3.1/bits\stl_vector.h ****       max_size() const _GLIBCXX_NOEXCEPT
1012:C:/Program Files (x86)/Arm GNU Toolchain arm-none-eabi/14.3 rel1/arm-none-eabi/include/c++/14.3.1/bits\stl_vector.h ****       { return _S_max_size(_M_get_Tp_allocator()); }
1013:C:/Program Files (x86)/Arm GNU Toolchain arm-none-eabi/14.3 rel1/arm-none-eabi/include/c++/14.3.1/bits\stl_vector.h **** 
1014:C:/Program Files (x86)/Arm GNU Toolchain arm-none-eabi/14.3 rel1/arm-none-eabi/include/c++/14.3.1/bits\stl_vector.h **** #if __cplusplus >= 201103L
1015:C:/Program Files (x86)/Arm GNU Toolchain arm-none-eabi/14.3 rel1/arm-none-eabi/include/c++/14.3.1/bits\stl_vector.h ****       /**
1016:C:/Program Files (x86)/Arm GNU Toolchain arm-none-eabi/14.3 rel1/arm-none-eabi/include/c++/14.3.1/bits\stl_vector.h ****        *  @brief  Resizes the %vector to the specified number of elements.
1017:C:/Program Files (x86)/Arm GNU Toolchain arm-none-eabi/14.3 rel1/arm-none-eabi/include/c++/14.3.1/bits\stl_vector.h ****        *  @param  __new_size  Number of elements the %vector should contain.
1018:C:/Program Files (x86)/Arm GNU Toolchain arm-none-eabi/14.3 rel1/arm-none-eabi/include/c++/14.3.1/bits\stl_vector.h ****        *
1019:C:/Program Files (x86)/Arm GNU Toolchain arm-none-eabi/14.3 rel1/arm-none-eabi/include/c++/14.3.1/bits\stl_vector.h ****        *  This function will %resize the %vector to the specified
1020:C:/Program Files (x86)/Arm GNU Toolchain arm-none-eabi/14.3 rel1/arm-none-eabi/include/c++/14.3.1/bits\stl_vector.h ****        *  number of elements.  If the number is smaller than the
1021:C:/Program Files (x86)/Arm GNU Toolchain arm-none-eabi/14.3 rel1/arm-none-eabi/include/c++/14.3.1/bits\stl_vector.h ****        *  %vector's current size the %vector is truncated, otherwise
1022:C:/Program Files (x86)/Arm GNU Toolchain arm-none-eabi/14.3 rel1/arm-none-eabi/include/c++/14.3.1/bits\stl_vector.h ****        *  default constructed elements are appended.
1023:C:/Program Files (x86)/Arm GNU Toolchain arm-none-eabi/14.3 rel1/arm-none-eabi/include/c++/14.3.1/bits\stl_vector.h ****        */
1024:C:/Program Files (x86)/Arm GNU Toolchain arm-none-eabi/14.3 rel1/arm-none-eabi/include/c++/14.3.1/bits\stl_vector.h ****       _GLIBCXX20_CONSTEXPR
1025:C:/Program Files (x86)/Arm GNU Toolchain arm-none-eabi/14.3 rel1/arm-none-eabi/include/c++/14.3.1/bits\stl_vector.h ****       void
1026:C:/Program Files (x86)/Arm GNU Toolchain arm-none-eabi/14.3 rel1/arm-none-eabi/include/c++/14.3.1/bits\stl_vector.h ****       resize(size_type __new_size)
1027:C:/Program Files (x86)/Arm GNU Toolchain arm-none-eabi/14.3 rel1/arm-none-eabi/include/c++/14.3.1/bits\stl_vector.h ****       {
1028:C:/Program Files (x86)/Arm GNU Toolchain arm-none-eabi/14.3 rel1/arm-none-eabi/include/c++/14.3.1/bits\stl_vector.h **** 	if (__new_size > size())
1029:C:/Program Files (x86)/Arm GNU Toolchain arm-none-eabi/14.3 rel1/arm-none-eabi/include/c++/14.3.1/bits\stl_vector.h **** 	  _M_default_append(__new_size - size());
1030:C:/Program Files (x86)/Arm GNU Toolchain arm-none-eabi/14.3 rel1/arm-none-eabi/include/c++/14.3.1/bits\stl_vector.h **** 	else if (__new_size < size())
1031:C:/Program Files (x86)/Arm GNU Toolchain arm-none-eabi/14.3 rel1/arm-none-eabi/include/c++/14.3.1/bits\stl_vector.h **** 	  _M_erase_at_end(this->_M_impl._M_start + __new_size);
1032:C:/Program Files (x86)/Arm GNU Toolchain arm-none-eabi/14.3 rel1/arm-none-eabi/include/c++/14.3.1/bits\stl_vector.h ****       }
1033:C:/Program Files (x86)/Arm GNU Toolchain arm-none-eabi/14.3 rel1/arm-none-eabi/include/c++/14.3.1/bits\stl_vector.h **** 
1034:C:/Program Files (x86)/Arm GNU Toolchain arm-none-eabi/14.3 rel1/arm-none-eabi/include/c++/14.3.1/bits\stl_vector.h ****       /**
1035:C:/Program Files (x86)/Arm GNU Toolchain arm-none-eabi/14.3 rel1/arm-none-eabi/include/c++/14.3.1/bits\stl_vector.h ****        *  @brief  Resizes the %vector to the specified number of elements.
1036:C:/Program Files (x86)/Arm GNU Toolchain arm-none-eabi/14.3 rel1/arm-none-eabi/include/c++/14.3.1/bits\stl_vector.h ****        *  @param  __new_size  Number of elements the %vector should contain.
1037:C:/Program Files (x86)/Arm GNU Toolchain arm-none-eabi/14.3 rel1/arm-none-eabi/include/c++/14.3.1/bits\stl_vector.h ****        *  @param  __x  Data with which new elements should be populated.
1038:C:/Program Files (x86)/Arm GNU Toolchain arm-none-eabi/14.3 rel1/arm-none-eabi/include/c++/14.3.1/bits\stl_vector.h ****        *
1039:C:/Program Files (x86)/Arm GNU Toolchain arm-none-eabi/14.3 rel1/arm-none-eabi/include/c++/14.3.1/bits\stl_vector.h ****        *  This function will %resize the %vector to the specified
1040:C:/Program Files (x86)/Arm GNU Toolchain arm-none-eabi/14.3 rel1/arm-none-eabi/include/c++/14.3.1/bits\stl_vector.h ****        *  number of elements.  If the number is smaller than the
1041:C:/Program Files (x86)/Arm GNU Toolchain arm-none-eabi/14.3 rel1/arm-none-eabi/include/c++/14.3.1/bits\stl_vector.h ****        *  %vector's current size the %vector is truncated, otherwise
1042:C:/Program Files (x86)/Arm GNU Toolchain arm-none-eabi/14.3 rel1/arm-none-eabi/include/c++/14.3.1/bits\stl_vector.h ****        *  the %vector is extended and new elements are populated with
1043:C:/Program Files (x86)/Arm GNU Toolchain arm-none-eabi/14.3 rel1/arm-none-eabi/include/c++/14.3.1/bits\stl_vector.h ****        *  given data.
1044:C:/Program Files (x86)/Arm GNU Toolchain arm-none-eabi/14.3 rel1/arm-none-eabi/include/c++/14.3.1/bits\stl_vector.h ****        */
1045:C:/Program Files (x86)/Arm GNU Toolchain arm-none-eabi/14.3 rel1/arm-none-eabi/include/c++/14.3.1/bits\stl_vector.h ****       _GLIBCXX20_CONSTEXPR
1046:C:/Program Files (x86)/Arm GNU Toolchain arm-none-eabi/14.3 rel1/arm-none-eabi/include/c++/14.3.1/bits\stl_vector.h ****       void
1047:C:/Program Files (x86)/Arm GNU Toolchain arm-none-eabi/14.3 rel1/arm-none-eabi/include/c++/14.3.1/bits\stl_vector.h ****       resize(size_type __new_size, const value_type& __x)
1048:C:/Program Files (x86)/Arm GNU Toolchain arm-none-eabi/14.3 rel1/arm-none-eabi/include/c++/14.3.1/bits\stl_vector.h ****       {
1049:C:/Program Files (x86)/Arm GNU Toolchain arm-none-eabi/14.3 rel1/arm-none-eabi/include/c++/14.3.1/bits\stl_vector.h **** 	if (__new_size > size())
1050:C:/Program Files (x86)/Arm GNU Toolchain arm-none-eabi/14.3 rel1/arm-none-eabi/include/c++/14.3.1/bits\stl_vector.h **** 	  _M_fill_insert(end(), __new_size - size(), __x);
1051:C:/Program Files (x86)/Arm GNU Toolchain arm-none-eabi/14.3 rel1/arm-none-eabi/include/c++/14.3.1/bits\stl_vector.h **** 	else if (__new_size < size())
1052:C:/Program Files (x86)/Arm GNU Toolchain arm-none-eabi/14.3 rel1/arm-none-eabi/include/c++/14.3.1/bits\stl_vector.h **** 	  _M_erase_at_end(this->_M_impl._M_start + __new_size);
1053:C:/Program Files (x86)/Arm GNU Toolchain arm-none-eabi/14.3 rel1/arm-none-eabi/include/c++/14.3.1/bits\stl_vector.h ****       }
1054:C:/Program Files (x86)/Arm GNU Toolchain arm-none-eabi/14.3 rel1/arm-none-eabi/include/c++/14.3.1/bits\stl_vector.h **** #else
1055:C:/Program Files (x86)/Arm GNU Toolchain arm-none-eabi/14.3 rel1/arm-none-eabi/include/c++/14.3.1/bits\stl_vector.h ****       /**
1056:C:/Program Files (x86)/Arm GNU Toolchain arm-none-eabi/14.3 rel1/arm-none-eabi/include/c++/14.3.1/bits\stl_vector.h ****        *  @brief  Resizes the %vector to the specified number of elements.
1057:C:/Program Files (x86)/Arm GNU Toolchain arm-none-eabi/14.3 rel1/arm-none-eabi/include/c++/14.3.1/bits\stl_vector.h ****        *  @param  __new_size  Number of elements the %vector should contain.
1058:C:/Program Files (x86)/Arm GNU Toolchain arm-none-eabi/14.3 rel1/arm-none-eabi/include/c++/14.3.1/bits\stl_vector.h ****        *  @param  __x  Data with which new elements should be populated.
1059:C:/Program Files (x86)/Arm GNU Toolchain arm-none-eabi/14.3 rel1/arm-none-eabi/include/c++/14.3.1/bits\stl_vector.h ****        *
1060:C:/Program Files (x86)/Arm GNU Toolchain arm-none-eabi/14.3 rel1/arm-none-eabi/include/c++/14.3.1/bits\stl_vector.h ****        *  This function will %resize the %vector to the specified
1061:C:/Program Files (x86)/Arm GNU Toolchain arm-none-eabi/14.3 rel1/arm-none-eabi/include/c++/14.3.1/bits\stl_vector.h ****        *  number of elements.  If the number is smaller than the
1062:C:/Program Files (x86)/Arm GNU Toolchain arm-none-eabi/14.3 rel1/arm-none-eabi/include/c++/14.3.1/bits\stl_vector.h ****        *  %vector's current size the %vector is truncated, otherwise
1063:C:/Program Files (x86)/Arm GNU Toolchain arm-none-eabi/14.3 rel1/arm-none-eabi/include/c++/14.3.1/bits\stl_vector.h ****        *  the %vector is extended and new elements are populated with
ARM GAS  C:\Users\Oliver\AppData\Local\Temp\cc4VwjOw.s 			page 60


1064:C:/Program Files (x86)/Arm GNU Toolchain arm-none-eabi/14.3 rel1/arm-none-eabi/include/c++/14.3.1/bits\stl_vector.h ****        *  given data.
1065:C:/Program Files (x86)/Arm GNU Toolchain arm-none-eabi/14.3 rel1/arm-none-eabi/include/c++/14.3.1/bits\stl_vector.h ****        */
1066:C:/Program Files (x86)/Arm GNU Toolchain arm-none-eabi/14.3 rel1/arm-none-eabi/include/c++/14.3.1/bits\stl_vector.h ****       _GLIBCXX20_CONSTEXPR
1067:C:/Program Files (x86)/Arm GNU Toolchain arm-none-eabi/14.3 rel1/arm-none-eabi/include/c++/14.3.1/bits\stl_vector.h ****       void
1068:C:/Program Files (x86)/Arm GNU Toolchain arm-none-eabi/14.3 rel1/arm-none-eabi/include/c++/14.3.1/bits\stl_vector.h ****       resize(size_type __new_size, value_type __x = value_type())
1069:C:/Program Files (x86)/Arm GNU Toolchain arm-none-eabi/14.3 rel1/arm-none-eabi/include/c++/14.3.1/bits\stl_vector.h ****       {
1070:C:/Program Files (x86)/Arm GNU Toolchain arm-none-eabi/14.3 rel1/arm-none-eabi/include/c++/14.3.1/bits\stl_vector.h **** 	if (__new_size > size())
1071:C:/Program Files (x86)/Arm GNU Toolchain arm-none-eabi/14.3 rel1/arm-none-eabi/include/c++/14.3.1/bits\stl_vector.h **** 	  _M_fill_insert(end(), __new_size - size(), __x);
1072:C:/Program Files (x86)/Arm GNU Toolchain arm-none-eabi/14.3 rel1/arm-none-eabi/include/c++/14.3.1/bits\stl_vector.h **** 	else if (__new_size < size())
1073:C:/Program Files (x86)/Arm GNU Toolchain arm-none-eabi/14.3 rel1/arm-none-eabi/include/c++/14.3.1/bits\stl_vector.h **** 	  _M_erase_at_end(this->_M_impl._M_start + __new_size);
1074:C:/Program Files (x86)/Arm GNU Toolchain arm-none-eabi/14.3 rel1/arm-none-eabi/include/c++/14.3.1/bits\stl_vector.h ****       }
1075:C:/Program Files (x86)/Arm GNU Toolchain arm-none-eabi/14.3 rel1/arm-none-eabi/include/c++/14.3.1/bits\stl_vector.h **** #endif
1076:C:/Program Files (x86)/Arm GNU Toolchain arm-none-eabi/14.3 rel1/arm-none-eabi/include/c++/14.3.1/bits\stl_vector.h **** 
1077:C:/Program Files (x86)/Arm GNU Toolchain arm-none-eabi/14.3 rel1/arm-none-eabi/include/c++/14.3.1/bits\stl_vector.h **** #if __cplusplus >= 201103L
1078:C:/Program Files (x86)/Arm GNU Toolchain arm-none-eabi/14.3 rel1/arm-none-eabi/include/c++/14.3.1/bits\stl_vector.h ****       /**  A non-binding request to reduce capacity() to size().  */
1079:C:/Program Files (x86)/Arm GNU Toolchain arm-none-eabi/14.3 rel1/arm-none-eabi/include/c++/14.3.1/bits\stl_vector.h ****       _GLIBCXX20_CONSTEXPR
1080:C:/Program Files (x86)/Arm GNU Toolchain arm-none-eabi/14.3 rel1/arm-none-eabi/include/c++/14.3.1/bits\stl_vector.h ****       void
1081:C:/Program Files (x86)/Arm GNU Toolchain arm-none-eabi/14.3 rel1/arm-none-eabi/include/c++/14.3.1/bits\stl_vector.h ****       shrink_to_fit()
1082:C:/Program Files (x86)/Arm GNU Toolchain arm-none-eabi/14.3 rel1/arm-none-eabi/include/c++/14.3.1/bits\stl_vector.h ****       { _M_shrink_to_fit(); }
1083:C:/Program Files (x86)/Arm GNU Toolchain arm-none-eabi/14.3 rel1/arm-none-eabi/include/c++/14.3.1/bits\stl_vector.h **** #endif
1084:C:/Program Files (x86)/Arm GNU Toolchain arm-none-eabi/14.3 rel1/arm-none-eabi/include/c++/14.3.1/bits\stl_vector.h **** 
1085:C:/Program Files (x86)/Arm GNU Toolchain arm-none-eabi/14.3 rel1/arm-none-eabi/include/c++/14.3.1/bits\stl_vector.h ****       /**
1086:C:/Program Files (x86)/Arm GNU Toolchain arm-none-eabi/14.3 rel1/arm-none-eabi/include/c++/14.3.1/bits\stl_vector.h ****        *  Returns the total number of elements that the %vector can
1087:C:/Program Files (x86)/Arm GNU Toolchain arm-none-eabi/14.3 rel1/arm-none-eabi/include/c++/14.3.1/bits\stl_vector.h ****        *  hold before needing to allocate more memory.
1088:C:/Program Files (x86)/Arm GNU Toolchain arm-none-eabi/14.3 rel1/arm-none-eabi/include/c++/14.3.1/bits\stl_vector.h ****        */
1089:C:/Program Files (x86)/Arm GNU Toolchain arm-none-eabi/14.3 rel1/arm-none-eabi/include/c++/14.3.1/bits\stl_vector.h ****       _GLIBCXX_NODISCARD _GLIBCXX20_CONSTEXPR
1090:C:/Program Files (x86)/Arm GNU Toolchain arm-none-eabi/14.3 rel1/arm-none-eabi/include/c++/14.3.1/bits\stl_vector.h ****       size_type
1091:C:/Program Files (x86)/Arm GNU Toolchain arm-none-eabi/14.3 rel1/arm-none-eabi/include/c++/14.3.1/bits\stl_vector.h ****       capacity() const _GLIBCXX_NOEXCEPT
1092:C:/Program Files (x86)/Arm GNU Toolchain arm-none-eabi/14.3 rel1/arm-none-eabi/include/c++/14.3.1/bits\stl_vector.h ****       {
1093:C:/Program Files (x86)/Arm GNU Toolchain arm-none-eabi/14.3 rel1/arm-none-eabi/include/c++/14.3.1/bits\stl_vector.h **** 	return size_type(this->_M_impl._M_end_of_storage
1094:C:/Program Files (x86)/Arm GNU Toolchain arm-none-eabi/14.3 rel1/arm-none-eabi/include/c++/14.3.1/bits\stl_vector.h **** 			   - this->_M_impl._M_start);
1095:C:/Program Files (x86)/Arm GNU Toolchain arm-none-eabi/14.3 rel1/arm-none-eabi/include/c++/14.3.1/bits\stl_vector.h ****       }
1096:C:/Program Files (x86)/Arm GNU Toolchain arm-none-eabi/14.3 rel1/arm-none-eabi/include/c++/14.3.1/bits\stl_vector.h **** 
1097:C:/Program Files (x86)/Arm GNU Toolchain arm-none-eabi/14.3 rel1/arm-none-eabi/include/c++/14.3.1/bits\stl_vector.h ****       /**
1098:C:/Program Files (x86)/Arm GNU Toolchain arm-none-eabi/14.3 rel1/arm-none-eabi/include/c++/14.3.1/bits\stl_vector.h ****        *  Returns true if the %vector is empty.  (Thus begin() would
1099:C:/Program Files (x86)/Arm GNU Toolchain arm-none-eabi/14.3 rel1/arm-none-eabi/include/c++/14.3.1/bits\stl_vector.h ****        *  equal end().)
1100:C:/Program Files (x86)/Arm GNU Toolchain arm-none-eabi/14.3 rel1/arm-none-eabi/include/c++/14.3.1/bits\stl_vector.h ****        */
1101:C:/Program Files (x86)/Arm GNU Toolchain arm-none-eabi/14.3 rel1/arm-none-eabi/include/c++/14.3.1/bits\stl_vector.h ****       _GLIBCXX_NODISCARD _GLIBCXX20_CONSTEXPR
1102:C:/Program Files (x86)/Arm GNU Toolchain arm-none-eabi/14.3 rel1/arm-none-eabi/include/c++/14.3.1/bits\stl_vector.h ****       bool
1103:C:/Program Files (x86)/Arm GNU Toolchain arm-none-eabi/14.3 rel1/arm-none-eabi/include/c++/14.3.1/bits\stl_vector.h ****       empty() const _GLIBCXX_NOEXCEPT
1104:C:/Program Files (x86)/Arm GNU Toolchain arm-none-eabi/14.3 rel1/arm-none-eabi/include/c++/14.3.1/bits\stl_vector.h ****       { return begin() == end(); }
1105:C:/Program Files (x86)/Arm GNU Toolchain arm-none-eabi/14.3 rel1/arm-none-eabi/include/c++/14.3.1/bits\stl_vector.h **** 
1106:C:/Program Files (x86)/Arm GNU Toolchain arm-none-eabi/14.3 rel1/arm-none-eabi/include/c++/14.3.1/bits\stl_vector.h ****       /**
1107:C:/Program Files (x86)/Arm GNU Toolchain arm-none-eabi/14.3 rel1/arm-none-eabi/include/c++/14.3.1/bits\stl_vector.h ****        *  @brief  Attempt to preallocate enough memory for specified number of
1108:C:/Program Files (x86)/Arm GNU Toolchain arm-none-eabi/14.3 rel1/arm-none-eabi/include/c++/14.3.1/bits\stl_vector.h ****        *          elements.
1109:C:/Program Files (x86)/Arm GNU Toolchain arm-none-eabi/14.3 rel1/arm-none-eabi/include/c++/14.3.1/bits\stl_vector.h ****        *  @param  __n  Number of elements required.
1110:C:/Program Files (x86)/Arm GNU Toolchain arm-none-eabi/14.3 rel1/arm-none-eabi/include/c++/14.3.1/bits\stl_vector.h ****        *  @throw  std::length_error  If @a n exceeds @c max_size().
1111:C:/Program Files (x86)/Arm GNU Toolchain arm-none-eabi/14.3 rel1/arm-none-eabi/include/c++/14.3.1/bits\stl_vector.h ****        *
1112:C:/Program Files (x86)/Arm GNU Toolchain arm-none-eabi/14.3 rel1/arm-none-eabi/include/c++/14.3.1/bits\stl_vector.h ****        *  This function attempts to reserve enough memory for the
1113:C:/Program Files (x86)/Arm GNU Toolchain arm-none-eabi/14.3 rel1/arm-none-eabi/include/c++/14.3.1/bits\stl_vector.h ****        *  %vector to hold the specified number of elements.  If the
1114:C:/Program Files (x86)/Arm GNU Toolchain arm-none-eabi/14.3 rel1/arm-none-eabi/include/c++/14.3.1/bits\stl_vector.h ****        *  number requested is more than max_size(), length_error is
1115:C:/Program Files (x86)/Arm GNU Toolchain arm-none-eabi/14.3 rel1/arm-none-eabi/include/c++/14.3.1/bits\stl_vector.h ****        *  thrown.
1116:C:/Program Files (x86)/Arm GNU Toolchain arm-none-eabi/14.3 rel1/arm-none-eabi/include/c++/14.3.1/bits\stl_vector.h ****        *
1117:C:/Program Files (x86)/Arm GNU Toolchain arm-none-eabi/14.3 rel1/arm-none-eabi/include/c++/14.3.1/bits\stl_vector.h ****        *  The advantage of this function is that if optimal code is a
1118:C:/Program Files (x86)/Arm GNU Toolchain arm-none-eabi/14.3 rel1/arm-none-eabi/include/c++/14.3.1/bits\stl_vector.h ****        *  necessity and the user can determine the number of elements
1119:C:/Program Files (x86)/Arm GNU Toolchain arm-none-eabi/14.3 rel1/arm-none-eabi/include/c++/14.3.1/bits\stl_vector.h ****        *  that will be required, the user can reserve the memory in
1120:C:/Program Files (x86)/Arm GNU Toolchain arm-none-eabi/14.3 rel1/arm-none-eabi/include/c++/14.3.1/bits\stl_vector.h ****        *  %advance, and thus prevent a possible reallocation of memory
ARM GAS  C:\Users\Oliver\AppData\Local\Temp\cc4VwjOw.s 			page 61


1121:C:/Program Files (x86)/Arm GNU Toolchain arm-none-eabi/14.3 rel1/arm-none-eabi/include/c++/14.3.1/bits\stl_vector.h ****        *  and copying of %vector data.
1122:C:/Program Files (x86)/Arm GNU Toolchain arm-none-eabi/14.3 rel1/arm-none-eabi/include/c++/14.3.1/bits\stl_vector.h ****        */
1123:C:/Program Files (x86)/Arm GNU Toolchain arm-none-eabi/14.3 rel1/arm-none-eabi/include/c++/14.3.1/bits\stl_vector.h ****       _GLIBCXX20_CONSTEXPR
1124:C:/Program Files (x86)/Arm GNU Toolchain arm-none-eabi/14.3 rel1/arm-none-eabi/include/c++/14.3.1/bits\stl_vector.h ****       void
1125:C:/Program Files (x86)/Arm GNU Toolchain arm-none-eabi/14.3 rel1/arm-none-eabi/include/c++/14.3.1/bits\stl_vector.h ****       reserve(size_type __n);
1126:C:/Program Files (x86)/Arm GNU Toolchain arm-none-eabi/14.3 rel1/arm-none-eabi/include/c++/14.3.1/bits\stl_vector.h **** 
1127:C:/Program Files (x86)/Arm GNU Toolchain arm-none-eabi/14.3 rel1/arm-none-eabi/include/c++/14.3.1/bits\stl_vector.h ****       // element access
1128:C:/Program Files (x86)/Arm GNU Toolchain arm-none-eabi/14.3 rel1/arm-none-eabi/include/c++/14.3.1/bits\stl_vector.h ****       /**
1129:C:/Program Files (x86)/Arm GNU Toolchain arm-none-eabi/14.3 rel1/arm-none-eabi/include/c++/14.3.1/bits\stl_vector.h ****        *  @brief  Subscript access to the data contained in the %vector.
1130:C:/Program Files (x86)/Arm GNU Toolchain arm-none-eabi/14.3 rel1/arm-none-eabi/include/c++/14.3.1/bits\stl_vector.h ****        *  @param __n The index of the element for which data should be
1131:C:/Program Files (x86)/Arm GNU Toolchain arm-none-eabi/14.3 rel1/arm-none-eabi/include/c++/14.3.1/bits\stl_vector.h ****        *  accessed.
1132:C:/Program Files (x86)/Arm GNU Toolchain arm-none-eabi/14.3 rel1/arm-none-eabi/include/c++/14.3.1/bits\stl_vector.h ****        *  @return  Read/write reference to data.
1133:C:/Program Files (x86)/Arm GNU Toolchain arm-none-eabi/14.3 rel1/arm-none-eabi/include/c++/14.3.1/bits\stl_vector.h ****        *
1134:C:/Program Files (x86)/Arm GNU Toolchain arm-none-eabi/14.3 rel1/arm-none-eabi/include/c++/14.3.1/bits\stl_vector.h ****        *  This operator allows for easy, array-style, data access.
1135:C:/Program Files (x86)/Arm GNU Toolchain arm-none-eabi/14.3 rel1/arm-none-eabi/include/c++/14.3.1/bits\stl_vector.h ****        *  Note that data access with this operator is unchecked and
1136:C:/Program Files (x86)/Arm GNU Toolchain arm-none-eabi/14.3 rel1/arm-none-eabi/include/c++/14.3.1/bits\stl_vector.h ****        *  out_of_range lookups are not defined. (For checked lookups
1137:C:/Program Files (x86)/Arm GNU Toolchain arm-none-eabi/14.3 rel1/arm-none-eabi/include/c++/14.3.1/bits\stl_vector.h ****        *  see at().)
1138:C:/Program Files (x86)/Arm GNU Toolchain arm-none-eabi/14.3 rel1/arm-none-eabi/include/c++/14.3.1/bits\stl_vector.h ****        */
1139:C:/Program Files (x86)/Arm GNU Toolchain arm-none-eabi/14.3 rel1/arm-none-eabi/include/c++/14.3.1/bits\stl_vector.h ****       _GLIBCXX_NODISCARD _GLIBCXX20_CONSTEXPR
1140:C:/Program Files (x86)/Arm GNU Toolchain arm-none-eabi/14.3 rel1/arm-none-eabi/include/c++/14.3.1/bits\stl_vector.h ****       reference
1141:C:/Program Files (x86)/Arm GNU Toolchain arm-none-eabi/14.3 rel1/arm-none-eabi/include/c++/14.3.1/bits\stl_vector.h ****       operator[](size_type __n) _GLIBCXX_NOEXCEPT
1142:C:/Program Files (x86)/Arm GNU Toolchain arm-none-eabi/14.3 rel1/arm-none-eabi/include/c++/14.3.1/bits\stl_vector.h ****       {
1143:C:/Program Files (x86)/Arm GNU Toolchain arm-none-eabi/14.3 rel1/arm-none-eabi/include/c++/14.3.1/bits\stl_vector.h **** 	__glibcxx_requires_subscript(__n);
1144:C:/Program Files (x86)/Arm GNU Toolchain arm-none-eabi/14.3 rel1/arm-none-eabi/include/c++/14.3.1/bits\stl_vector.h **** 	return *(this->_M_impl._M_start + __n);
1145:C:/Program Files (x86)/Arm GNU Toolchain arm-none-eabi/14.3 rel1/arm-none-eabi/include/c++/14.3.1/bits\stl_vector.h ****       }
1146:C:/Program Files (x86)/Arm GNU Toolchain arm-none-eabi/14.3 rel1/arm-none-eabi/include/c++/14.3.1/bits\stl_vector.h **** 
1147:C:/Program Files (x86)/Arm GNU Toolchain arm-none-eabi/14.3 rel1/arm-none-eabi/include/c++/14.3.1/bits\stl_vector.h ****       /**
1148:C:/Program Files (x86)/Arm GNU Toolchain arm-none-eabi/14.3 rel1/arm-none-eabi/include/c++/14.3.1/bits\stl_vector.h ****        *  @brief  Subscript access to the data contained in the %vector.
1149:C:/Program Files (x86)/Arm GNU Toolchain arm-none-eabi/14.3 rel1/arm-none-eabi/include/c++/14.3.1/bits\stl_vector.h ****        *  @param __n The index of the element for which data should be
1150:C:/Program Files (x86)/Arm GNU Toolchain arm-none-eabi/14.3 rel1/arm-none-eabi/include/c++/14.3.1/bits\stl_vector.h ****        *  accessed.
1151:C:/Program Files (x86)/Arm GNU Toolchain arm-none-eabi/14.3 rel1/arm-none-eabi/include/c++/14.3.1/bits\stl_vector.h ****        *  @return  Read-only (constant) reference to data.
1152:C:/Program Files (x86)/Arm GNU Toolchain arm-none-eabi/14.3 rel1/arm-none-eabi/include/c++/14.3.1/bits\stl_vector.h ****        *
1153:C:/Program Files (x86)/Arm GNU Toolchain arm-none-eabi/14.3 rel1/arm-none-eabi/include/c++/14.3.1/bits\stl_vector.h ****        *  This operator allows for easy, array-style, data access.
1154:C:/Program Files (x86)/Arm GNU Toolchain arm-none-eabi/14.3 rel1/arm-none-eabi/include/c++/14.3.1/bits\stl_vector.h ****        *  Note that data access with this operator is unchecked and
1155:C:/Program Files (x86)/Arm GNU Toolchain arm-none-eabi/14.3 rel1/arm-none-eabi/include/c++/14.3.1/bits\stl_vector.h ****        *  out_of_range lookups are not defined. (For checked lookups
1156:C:/Program Files (x86)/Arm GNU Toolchain arm-none-eabi/14.3 rel1/arm-none-eabi/include/c++/14.3.1/bits\stl_vector.h ****        *  see at().)
1157:C:/Program Files (x86)/Arm GNU Toolchain arm-none-eabi/14.3 rel1/arm-none-eabi/include/c++/14.3.1/bits\stl_vector.h ****        */
1158:C:/Program Files (x86)/Arm GNU Toolchain arm-none-eabi/14.3 rel1/arm-none-eabi/include/c++/14.3.1/bits\stl_vector.h ****       _GLIBCXX_NODISCARD _GLIBCXX20_CONSTEXPR
1159:C:/Program Files (x86)/Arm GNU Toolchain arm-none-eabi/14.3 rel1/arm-none-eabi/include/c++/14.3.1/bits\stl_vector.h ****       const_reference
1160:C:/Program Files (x86)/Arm GNU Toolchain arm-none-eabi/14.3 rel1/arm-none-eabi/include/c++/14.3.1/bits\stl_vector.h ****       operator[](size_type __n) const _GLIBCXX_NOEXCEPT
1161:C:/Program Files (x86)/Arm GNU Toolchain arm-none-eabi/14.3 rel1/arm-none-eabi/include/c++/14.3.1/bits\stl_vector.h ****       {
1162:C:/Program Files (x86)/Arm GNU Toolchain arm-none-eabi/14.3 rel1/arm-none-eabi/include/c++/14.3.1/bits\stl_vector.h **** 	__glibcxx_requires_subscript(__n);
1163:C:/Program Files (x86)/Arm GNU Toolchain arm-none-eabi/14.3 rel1/arm-none-eabi/include/c++/14.3.1/bits\stl_vector.h **** 	return *(this->_M_impl._M_start + __n);
1164:C:/Program Files (x86)/Arm GNU Toolchain arm-none-eabi/14.3 rel1/arm-none-eabi/include/c++/14.3.1/bits\stl_vector.h ****       }
1165:C:/Program Files (x86)/Arm GNU Toolchain arm-none-eabi/14.3 rel1/arm-none-eabi/include/c++/14.3.1/bits\stl_vector.h **** 
1166:C:/Program Files (x86)/Arm GNU Toolchain arm-none-eabi/14.3 rel1/arm-none-eabi/include/c++/14.3.1/bits\stl_vector.h ****     protected:
1167:C:/Program Files (x86)/Arm GNU Toolchain arm-none-eabi/14.3 rel1/arm-none-eabi/include/c++/14.3.1/bits\stl_vector.h ****       /// Safety check used only from at().
1168:C:/Program Files (x86)/Arm GNU Toolchain arm-none-eabi/14.3 rel1/arm-none-eabi/include/c++/14.3.1/bits\stl_vector.h ****       _GLIBCXX20_CONSTEXPR
1169:C:/Program Files (x86)/Arm GNU Toolchain arm-none-eabi/14.3 rel1/arm-none-eabi/include/c++/14.3.1/bits\stl_vector.h ****       void
1170:C:/Program Files (x86)/Arm GNU Toolchain arm-none-eabi/14.3 rel1/arm-none-eabi/include/c++/14.3.1/bits\stl_vector.h ****       _M_range_check(size_type __n) const
1171:C:/Program Files (x86)/Arm GNU Toolchain arm-none-eabi/14.3 rel1/arm-none-eabi/include/c++/14.3.1/bits\stl_vector.h ****       {
1172:C:/Program Files (x86)/Arm GNU Toolchain arm-none-eabi/14.3 rel1/arm-none-eabi/include/c++/14.3.1/bits\stl_vector.h **** 	if (__n >= this->size())
1173:C:/Program Files (x86)/Arm GNU Toolchain arm-none-eabi/14.3 rel1/arm-none-eabi/include/c++/14.3.1/bits\stl_vector.h **** 	  __throw_out_of_range_fmt(__N("vector::_M_range_check: __n "
1174:C:/Program Files (x86)/Arm GNU Toolchain arm-none-eabi/14.3 rel1/arm-none-eabi/include/c++/14.3.1/bits\stl_vector.h **** 				       "(which is %zu) >= this->size() "
1175:C:/Program Files (x86)/Arm GNU Toolchain arm-none-eabi/14.3 rel1/arm-none-eabi/include/c++/14.3.1/bits\stl_vector.h **** 				       "(which is %zu)"),
1176:C:/Program Files (x86)/Arm GNU Toolchain arm-none-eabi/14.3 rel1/arm-none-eabi/include/c++/14.3.1/bits\stl_vector.h **** 				   __n, this->size());
1177:C:/Program Files (x86)/Arm GNU Toolchain arm-none-eabi/14.3 rel1/arm-none-eabi/include/c++/14.3.1/bits\stl_vector.h ****       }
ARM GAS  C:\Users\Oliver\AppData\Local\Temp\cc4VwjOw.s 			page 62


1178:C:/Program Files (x86)/Arm GNU Toolchain arm-none-eabi/14.3 rel1/arm-none-eabi/include/c++/14.3.1/bits\stl_vector.h **** 
1179:C:/Program Files (x86)/Arm GNU Toolchain arm-none-eabi/14.3 rel1/arm-none-eabi/include/c++/14.3.1/bits\stl_vector.h ****     public:
1180:C:/Program Files (x86)/Arm GNU Toolchain arm-none-eabi/14.3 rel1/arm-none-eabi/include/c++/14.3.1/bits\stl_vector.h ****       /**
1181:C:/Program Files (x86)/Arm GNU Toolchain arm-none-eabi/14.3 rel1/arm-none-eabi/include/c++/14.3.1/bits\stl_vector.h ****        *  @brief  Provides access to the data contained in the %vector.
1182:C:/Program Files (x86)/Arm GNU Toolchain arm-none-eabi/14.3 rel1/arm-none-eabi/include/c++/14.3.1/bits\stl_vector.h ****        *  @param __n The index of the element for which data should be
1183:C:/Program Files (x86)/Arm GNU Toolchain arm-none-eabi/14.3 rel1/arm-none-eabi/include/c++/14.3.1/bits\stl_vector.h ****        *  accessed.
1184:C:/Program Files (x86)/Arm GNU Toolchain arm-none-eabi/14.3 rel1/arm-none-eabi/include/c++/14.3.1/bits\stl_vector.h ****        *  @return  Read/write reference to data.
1185:C:/Program Files (x86)/Arm GNU Toolchain arm-none-eabi/14.3 rel1/arm-none-eabi/include/c++/14.3.1/bits\stl_vector.h ****        *  @throw  std::out_of_range  If @a __n is an invalid index.
1186:C:/Program Files (x86)/Arm GNU Toolchain arm-none-eabi/14.3 rel1/arm-none-eabi/include/c++/14.3.1/bits\stl_vector.h ****        *
1187:C:/Program Files (x86)/Arm GNU Toolchain arm-none-eabi/14.3 rel1/arm-none-eabi/include/c++/14.3.1/bits\stl_vector.h ****        *  This function provides for safer data access.  The parameter
1188:C:/Program Files (x86)/Arm GNU Toolchain arm-none-eabi/14.3 rel1/arm-none-eabi/include/c++/14.3.1/bits\stl_vector.h ****        *  is first checked that it is in the range of the vector.  The
1189:C:/Program Files (x86)/Arm GNU Toolchain arm-none-eabi/14.3 rel1/arm-none-eabi/include/c++/14.3.1/bits\stl_vector.h ****        *  function throws out_of_range if the check fails.
1190:C:/Program Files (x86)/Arm GNU Toolchain arm-none-eabi/14.3 rel1/arm-none-eabi/include/c++/14.3.1/bits\stl_vector.h ****        */
1191:C:/Program Files (x86)/Arm GNU Toolchain arm-none-eabi/14.3 rel1/arm-none-eabi/include/c++/14.3.1/bits\stl_vector.h ****       _GLIBCXX_NODISCARD _GLIBCXX20_CONSTEXPR
1192:C:/Program Files (x86)/Arm GNU Toolchain arm-none-eabi/14.3 rel1/arm-none-eabi/include/c++/14.3.1/bits\stl_vector.h ****       reference
1193:C:/Program Files (x86)/Arm GNU Toolchain arm-none-eabi/14.3 rel1/arm-none-eabi/include/c++/14.3.1/bits\stl_vector.h ****       at(size_type __n)
1194:C:/Program Files (x86)/Arm GNU Toolchain arm-none-eabi/14.3 rel1/arm-none-eabi/include/c++/14.3.1/bits\stl_vector.h ****       {
1195:C:/Program Files (x86)/Arm GNU Toolchain arm-none-eabi/14.3 rel1/arm-none-eabi/include/c++/14.3.1/bits\stl_vector.h **** 	_M_range_check(__n);
1196:C:/Program Files (x86)/Arm GNU Toolchain arm-none-eabi/14.3 rel1/arm-none-eabi/include/c++/14.3.1/bits\stl_vector.h **** 	return (*this)[__n];
1197:C:/Program Files (x86)/Arm GNU Toolchain arm-none-eabi/14.3 rel1/arm-none-eabi/include/c++/14.3.1/bits\stl_vector.h ****       }
1198:C:/Program Files (x86)/Arm GNU Toolchain arm-none-eabi/14.3 rel1/arm-none-eabi/include/c++/14.3.1/bits\stl_vector.h **** 
1199:C:/Program Files (x86)/Arm GNU Toolchain arm-none-eabi/14.3 rel1/arm-none-eabi/include/c++/14.3.1/bits\stl_vector.h ****       /**
1200:C:/Program Files (x86)/Arm GNU Toolchain arm-none-eabi/14.3 rel1/arm-none-eabi/include/c++/14.3.1/bits\stl_vector.h ****        *  @brief  Provides access to the data contained in the %vector.
1201:C:/Program Files (x86)/Arm GNU Toolchain arm-none-eabi/14.3 rel1/arm-none-eabi/include/c++/14.3.1/bits\stl_vector.h ****        *  @param __n The index of the element for which data should be
1202:C:/Program Files (x86)/Arm GNU Toolchain arm-none-eabi/14.3 rel1/arm-none-eabi/include/c++/14.3.1/bits\stl_vector.h ****        *  accessed.
1203:C:/Program Files (x86)/Arm GNU Toolchain arm-none-eabi/14.3 rel1/arm-none-eabi/include/c++/14.3.1/bits\stl_vector.h ****        *  @return  Read-only (constant) reference to data.
1204:C:/Program Files (x86)/Arm GNU Toolchain arm-none-eabi/14.3 rel1/arm-none-eabi/include/c++/14.3.1/bits\stl_vector.h ****        *  @throw  std::out_of_range  If @a __n is an invalid index.
1205:C:/Program Files (x86)/Arm GNU Toolchain arm-none-eabi/14.3 rel1/arm-none-eabi/include/c++/14.3.1/bits\stl_vector.h ****        *
1206:C:/Program Files (x86)/Arm GNU Toolchain arm-none-eabi/14.3 rel1/arm-none-eabi/include/c++/14.3.1/bits\stl_vector.h ****        *  This function provides for safer data access.  The parameter
1207:C:/Program Files (x86)/Arm GNU Toolchain arm-none-eabi/14.3 rel1/arm-none-eabi/include/c++/14.3.1/bits\stl_vector.h ****        *  is first checked that it is in the range of the vector.  The
1208:C:/Program Files (x86)/Arm GNU Toolchain arm-none-eabi/14.3 rel1/arm-none-eabi/include/c++/14.3.1/bits\stl_vector.h ****        *  function throws out_of_range if the check fails.
1209:C:/Program Files (x86)/Arm GNU Toolchain arm-none-eabi/14.3 rel1/arm-none-eabi/include/c++/14.3.1/bits\stl_vector.h ****        */
1210:C:/Program Files (x86)/Arm GNU Toolchain arm-none-eabi/14.3 rel1/arm-none-eabi/include/c++/14.3.1/bits\stl_vector.h ****       _GLIBCXX_NODISCARD _GLIBCXX20_CONSTEXPR
1211:C:/Program Files (x86)/Arm GNU Toolchain arm-none-eabi/14.3 rel1/arm-none-eabi/include/c++/14.3.1/bits\stl_vector.h ****       const_reference
1212:C:/Program Files (x86)/Arm GNU Toolchain arm-none-eabi/14.3 rel1/arm-none-eabi/include/c++/14.3.1/bits\stl_vector.h ****       at(size_type __n) const
1213:C:/Program Files (x86)/Arm GNU Toolchain arm-none-eabi/14.3 rel1/arm-none-eabi/include/c++/14.3.1/bits\stl_vector.h ****       {
1214:C:/Program Files (x86)/Arm GNU Toolchain arm-none-eabi/14.3 rel1/arm-none-eabi/include/c++/14.3.1/bits\stl_vector.h **** 	_M_range_check(__n);
1215:C:/Program Files (x86)/Arm GNU Toolchain arm-none-eabi/14.3 rel1/arm-none-eabi/include/c++/14.3.1/bits\stl_vector.h **** 	return (*this)[__n];
1216:C:/Program Files (x86)/Arm GNU Toolchain arm-none-eabi/14.3 rel1/arm-none-eabi/include/c++/14.3.1/bits\stl_vector.h ****       }
1217:C:/Program Files (x86)/Arm GNU Toolchain arm-none-eabi/14.3 rel1/arm-none-eabi/include/c++/14.3.1/bits\stl_vector.h **** 
1218:C:/Program Files (x86)/Arm GNU Toolchain arm-none-eabi/14.3 rel1/arm-none-eabi/include/c++/14.3.1/bits\stl_vector.h ****       /**
1219:C:/Program Files (x86)/Arm GNU Toolchain arm-none-eabi/14.3 rel1/arm-none-eabi/include/c++/14.3.1/bits\stl_vector.h ****        *  Returns a read/write reference to the data at the first
1220:C:/Program Files (x86)/Arm GNU Toolchain arm-none-eabi/14.3 rel1/arm-none-eabi/include/c++/14.3.1/bits\stl_vector.h ****        *  element of the %vector.
1221:C:/Program Files (x86)/Arm GNU Toolchain arm-none-eabi/14.3 rel1/arm-none-eabi/include/c++/14.3.1/bits\stl_vector.h ****        */
1222:C:/Program Files (x86)/Arm GNU Toolchain arm-none-eabi/14.3 rel1/arm-none-eabi/include/c++/14.3.1/bits\stl_vector.h ****       _GLIBCXX_NODISCARD _GLIBCXX20_CONSTEXPR
1223:C:/Program Files (x86)/Arm GNU Toolchain arm-none-eabi/14.3 rel1/arm-none-eabi/include/c++/14.3.1/bits\stl_vector.h ****       reference
1224:C:/Program Files (x86)/Arm GNU Toolchain arm-none-eabi/14.3 rel1/arm-none-eabi/include/c++/14.3.1/bits\stl_vector.h ****       front() _GLIBCXX_NOEXCEPT
1225:C:/Program Files (x86)/Arm GNU Toolchain arm-none-eabi/14.3 rel1/arm-none-eabi/include/c++/14.3.1/bits\stl_vector.h ****       {
1226:C:/Program Files (x86)/Arm GNU Toolchain arm-none-eabi/14.3 rel1/arm-none-eabi/include/c++/14.3.1/bits\stl_vector.h **** 	__glibcxx_requires_nonempty();
1227:C:/Program Files (x86)/Arm GNU Toolchain arm-none-eabi/14.3 rel1/arm-none-eabi/include/c++/14.3.1/bits\stl_vector.h **** 	return *begin();
1228:C:/Program Files (x86)/Arm GNU Toolchain arm-none-eabi/14.3 rel1/arm-none-eabi/include/c++/14.3.1/bits\stl_vector.h ****       }
1229:C:/Program Files (x86)/Arm GNU Toolchain arm-none-eabi/14.3 rel1/arm-none-eabi/include/c++/14.3.1/bits\stl_vector.h **** 
1230:C:/Program Files (x86)/Arm GNU Toolchain arm-none-eabi/14.3 rel1/arm-none-eabi/include/c++/14.3.1/bits\stl_vector.h ****       /**
1231:C:/Program Files (x86)/Arm GNU Toolchain arm-none-eabi/14.3 rel1/arm-none-eabi/include/c++/14.3.1/bits\stl_vector.h ****        *  Returns a read-only (constant) reference to the data at the first
1232:C:/Program Files (x86)/Arm GNU Toolchain arm-none-eabi/14.3 rel1/arm-none-eabi/include/c++/14.3.1/bits\stl_vector.h ****        *  element of the %vector.
1233:C:/Program Files (x86)/Arm GNU Toolchain arm-none-eabi/14.3 rel1/arm-none-eabi/include/c++/14.3.1/bits\stl_vector.h ****        */
1234:C:/Program Files (x86)/Arm GNU Toolchain arm-none-eabi/14.3 rel1/arm-none-eabi/include/c++/14.3.1/bits\stl_vector.h ****       _GLIBCXX_NODISCARD _GLIBCXX20_CONSTEXPR
ARM GAS  C:\Users\Oliver\AppData\Local\Temp\cc4VwjOw.s 			page 63


1235:C:/Program Files (x86)/Arm GNU Toolchain arm-none-eabi/14.3 rel1/arm-none-eabi/include/c++/14.3.1/bits\stl_vector.h ****       const_reference
1236:C:/Program Files (x86)/Arm GNU Toolchain arm-none-eabi/14.3 rel1/arm-none-eabi/include/c++/14.3.1/bits\stl_vector.h ****       front() const _GLIBCXX_NOEXCEPT
1237:C:/Program Files (x86)/Arm GNU Toolchain arm-none-eabi/14.3 rel1/arm-none-eabi/include/c++/14.3.1/bits\stl_vector.h ****       {
1238:C:/Program Files (x86)/Arm GNU Toolchain arm-none-eabi/14.3 rel1/arm-none-eabi/include/c++/14.3.1/bits\stl_vector.h **** 	__glibcxx_requires_nonempty();
1239:C:/Program Files (x86)/Arm GNU Toolchain arm-none-eabi/14.3 rel1/arm-none-eabi/include/c++/14.3.1/bits\stl_vector.h **** 	return *begin();
1240:C:/Program Files (x86)/Arm GNU Toolchain arm-none-eabi/14.3 rel1/arm-none-eabi/include/c++/14.3.1/bits\stl_vector.h ****       }
1241:C:/Program Files (x86)/Arm GNU Toolchain arm-none-eabi/14.3 rel1/arm-none-eabi/include/c++/14.3.1/bits\stl_vector.h **** 
1242:C:/Program Files (x86)/Arm GNU Toolchain arm-none-eabi/14.3 rel1/arm-none-eabi/include/c++/14.3.1/bits\stl_vector.h ****       /**
1243:C:/Program Files (x86)/Arm GNU Toolchain arm-none-eabi/14.3 rel1/arm-none-eabi/include/c++/14.3.1/bits\stl_vector.h ****        *  Returns a read/write reference to the data at the last
1244:C:/Program Files (x86)/Arm GNU Toolchain arm-none-eabi/14.3 rel1/arm-none-eabi/include/c++/14.3.1/bits\stl_vector.h ****        *  element of the %vector.
1245:C:/Program Files (x86)/Arm GNU Toolchain arm-none-eabi/14.3 rel1/arm-none-eabi/include/c++/14.3.1/bits\stl_vector.h ****        */
1246:C:/Program Files (x86)/Arm GNU Toolchain arm-none-eabi/14.3 rel1/arm-none-eabi/include/c++/14.3.1/bits\stl_vector.h ****       _GLIBCXX_NODISCARD _GLIBCXX20_CONSTEXPR
1247:C:/Program Files (x86)/Arm GNU Toolchain arm-none-eabi/14.3 rel1/arm-none-eabi/include/c++/14.3.1/bits\stl_vector.h ****       reference
1248:C:/Program Files (x86)/Arm GNU Toolchain arm-none-eabi/14.3 rel1/arm-none-eabi/include/c++/14.3.1/bits\stl_vector.h ****       back() _GLIBCXX_NOEXCEPT
 1728              		.loc 3 1248 7 view .LVU395
 1729              	.LBB551:
 1730              	.LBI551:
 906:C:/Program Files (x86)/Arm GNU Toolchain arm-none-eabi/14.3 rel1/arm-none-eabi/include/c++/14.3.1/bits\stl_vector.h ****       { return iterator(this->_M_impl._M_finish); }
 1731              		.loc 3 906 7 view .LVU396
 1732              	.LBB552:
 1733              	.LBI552:
 1734              		.file 5 "C:/Program Files (x86)/Arm GNU Toolchain arm-none-eabi/14.3 rel1/arm-none-eabi/include/c+
   1:C:/Program Files (x86)/Arm GNU Toolchain arm-none-eabi/14.3 rel1/arm-none-eabi/include/c++/14.3.1/bits\stl_iterator.h **** // Iterators -*- C++ -*-
   2:C:/Program Files (x86)/Arm GNU Toolchain arm-none-eabi/14.3 rel1/arm-none-eabi/include/c++/14.3.1/bits\stl_iterator.h **** 
   3:C:/Program Files (x86)/Arm GNU Toolchain arm-none-eabi/14.3 rel1/arm-none-eabi/include/c++/14.3.1/bits\stl_iterator.h **** // Copyright (C) 2001-2024 Free Software Foundation, Inc.
   4:C:/Program Files (x86)/Arm GNU Toolchain arm-none-eabi/14.3 rel1/arm-none-eabi/include/c++/14.3.1/bits\stl_iterator.h **** //
   5:C:/Program Files (x86)/Arm GNU Toolchain arm-none-eabi/14.3 rel1/arm-none-eabi/include/c++/14.3.1/bits\stl_iterator.h **** // This file is part of the GNU ISO C++ Library.  This library is free
   6:C:/Program Files (x86)/Arm GNU Toolchain arm-none-eabi/14.3 rel1/arm-none-eabi/include/c++/14.3.1/bits\stl_iterator.h **** // software; you can redistribute it and/or modify it under the
   7:C:/Program Files (x86)/Arm GNU Toolchain arm-none-eabi/14.3 rel1/arm-none-eabi/include/c++/14.3.1/bits\stl_iterator.h **** // terms of the GNU General Public License as published by the
   8:C:/Program Files (x86)/Arm GNU Toolchain arm-none-eabi/14.3 rel1/arm-none-eabi/include/c++/14.3.1/bits\stl_iterator.h **** // Free Software Foundation; either version 3, or (at your option)
   9:C:/Program Files (x86)/Arm GNU Toolchain arm-none-eabi/14.3 rel1/arm-none-eabi/include/c++/14.3.1/bits\stl_iterator.h **** // any later version.
  10:C:/Program Files (x86)/Arm GNU Toolchain arm-none-eabi/14.3 rel1/arm-none-eabi/include/c++/14.3.1/bits\stl_iterator.h **** 
  11:C:/Program Files (x86)/Arm GNU Toolchain arm-none-eabi/14.3 rel1/arm-none-eabi/include/c++/14.3.1/bits\stl_iterator.h **** // This library is distributed in the hope that it will be useful,
  12:C:/Program Files (x86)/Arm GNU Toolchain arm-none-eabi/14.3 rel1/arm-none-eabi/include/c++/14.3.1/bits\stl_iterator.h **** // but WITHOUT ANY WARRANTY; without even the implied warranty of
  13:C:/Program Files (x86)/Arm GNU Toolchain arm-none-eabi/14.3 rel1/arm-none-eabi/include/c++/14.3.1/bits\stl_iterator.h **** // MERCHANTABILITY or FITNESS FOR A PARTICULAR PURPOSE.  See the
  14:C:/Program Files (x86)/Arm GNU Toolchain arm-none-eabi/14.3 rel1/arm-none-eabi/include/c++/14.3.1/bits\stl_iterator.h **** // GNU General Public License for more details.
  15:C:/Program Files (x86)/Arm GNU Toolchain arm-none-eabi/14.3 rel1/arm-none-eabi/include/c++/14.3.1/bits\stl_iterator.h **** 
  16:C:/Program Files (x86)/Arm GNU Toolchain arm-none-eabi/14.3 rel1/arm-none-eabi/include/c++/14.3.1/bits\stl_iterator.h **** // Under Section 7 of GPL version 3, you are granted additional
  17:C:/Program Files (x86)/Arm GNU Toolchain arm-none-eabi/14.3 rel1/arm-none-eabi/include/c++/14.3.1/bits\stl_iterator.h **** // permissions described in the GCC Runtime Library Exception, version
  18:C:/Program Files (x86)/Arm GNU Toolchain arm-none-eabi/14.3 rel1/arm-none-eabi/include/c++/14.3.1/bits\stl_iterator.h **** // 3.1, as published by the Free Software Foundation.
  19:C:/Program Files (x86)/Arm GNU Toolchain arm-none-eabi/14.3 rel1/arm-none-eabi/include/c++/14.3.1/bits\stl_iterator.h **** 
  20:C:/Program Files (x86)/Arm GNU Toolchain arm-none-eabi/14.3 rel1/arm-none-eabi/include/c++/14.3.1/bits\stl_iterator.h **** // You should have received a copy of the GNU General Public License and
  21:C:/Program Files (x86)/Arm GNU Toolchain arm-none-eabi/14.3 rel1/arm-none-eabi/include/c++/14.3.1/bits\stl_iterator.h **** // a copy of the GCC Runtime Library Exception along with this program;
  22:C:/Program Files (x86)/Arm GNU Toolchain arm-none-eabi/14.3 rel1/arm-none-eabi/include/c++/14.3.1/bits\stl_iterator.h **** // see the files COPYING3 and COPYING.RUNTIME respectively.  If not, see
  23:C:/Program Files (x86)/Arm GNU Toolchain arm-none-eabi/14.3 rel1/arm-none-eabi/include/c++/14.3.1/bits\stl_iterator.h **** // <http://www.gnu.org/licenses/>.
  24:C:/Program Files (x86)/Arm GNU Toolchain arm-none-eabi/14.3 rel1/arm-none-eabi/include/c++/14.3.1/bits\stl_iterator.h **** 
  25:C:/Program Files (x86)/Arm GNU Toolchain arm-none-eabi/14.3 rel1/arm-none-eabi/include/c++/14.3.1/bits\stl_iterator.h **** /*
  26:C:/Program Files (x86)/Arm GNU Toolchain arm-none-eabi/14.3 rel1/arm-none-eabi/include/c++/14.3.1/bits\stl_iterator.h ****  *
  27:C:/Program Files (x86)/Arm GNU Toolchain arm-none-eabi/14.3 rel1/arm-none-eabi/include/c++/14.3.1/bits\stl_iterator.h ****  * Copyright (c) 1994
  28:C:/Program Files (x86)/Arm GNU Toolchain arm-none-eabi/14.3 rel1/arm-none-eabi/include/c++/14.3.1/bits\stl_iterator.h ****  * Hewlett-Packard Company
  29:C:/Program Files (x86)/Arm GNU Toolchain arm-none-eabi/14.3 rel1/arm-none-eabi/include/c++/14.3.1/bits\stl_iterator.h ****  *
  30:C:/Program Files (x86)/Arm GNU Toolchain arm-none-eabi/14.3 rel1/arm-none-eabi/include/c++/14.3.1/bits\stl_iterator.h ****  * Permission to use, copy, modify, distribute and sell this software
  31:C:/Program Files (x86)/Arm GNU Toolchain arm-none-eabi/14.3 rel1/arm-none-eabi/include/c++/14.3.1/bits\stl_iterator.h ****  * and its documentation for any purpose is hereby granted without fee,
  32:C:/Program Files (x86)/Arm GNU Toolchain arm-none-eabi/14.3 rel1/arm-none-eabi/include/c++/14.3.1/bits\stl_iterator.h ****  * provided that the above copyright notice appear in all copies and
  33:C:/Program Files (x86)/Arm GNU Toolchain arm-none-eabi/14.3 rel1/arm-none-eabi/include/c++/14.3.1/bits\stl_iterator.h ****  * that both that copyright notice and this permission notice appear
  34:C:/Program Files (x86)/Arm GNU Toolchain arm-none-eabi/14.3 rel1/arm-none-eabi/include/c++/14.3.1/bits\stl_iterator.h ****  * in supporting documentation.  Hewlett-Packard Company makes no
  35:C:/Program Files (x86)/Arm GNU Toolchain arm-none-eabi/14.3 rel1/arm-none-eabi/include/c++/14.3.1/bits\stl_iterator.h ****  * representations about the suitability of this software for any
ARM GAS  C:\Users\Oliver\AppData\Local\Temp\cc4VwjOw.s 			page 64


  36:C:/Program Files (x86)/Arm GNU Toolchain arm-none-eabi/14.3 rel1/arm-none-eabi/include/c++/14.3.1/bits\stl_iterator.h ****  * purpose.  It is provided "as is" without express or implied warranty.
  37:C:/Program Files (x86)/Arm GNU Toolchain arm-none-eabi/14.3 rel1/arm-none-eabi/include/c++/14.3.1/bits\stl_iterator.h ****  *
  38:C:/Program Files (x86)/Arm GNU Toolchain arm-none-eabi/14.3 rel1/arm-none-eabi/include/c++/14.3.1/bits\stl_iterator.h ****  *
  39:C:/Program Files (x86)/Arm GNU Toolchain arm-none-eabi/14.3 rel1/arm-none-eabi/include/c++/14.3.1/bits\stl_iterator.h ****  * Copyright (c) 1996-1998
  40:C:/Program Files (x86)/Arm GNU Toolchain arm-none-eabi/14.3 rel1/arm-none-eabi/include/c++/14.3.1/bits\stl_iterator.h ****  * Silicon Graphics Computer Systems, Inc.
  41:C:/Program Files (x86)/Arm GNU Toolchain arm-none-eabi/14.3 rel1/arm-none-eabi/include/c++/14.3.1/bits\stl_iterator.h ****  *
  42:C:/Program Files (x86)/Arm GNU Toolchain arm-none-eabi/14.3 rel1/arm-none-eabi/include/c++/14.3.1/bits\stl_iterator.h ****  * Permission to use, copy, modify, distribute and sell this software
  43:C:/Program Files (x86)/Arm GNU Toolchain arm-none-eabi/14.3 rel1/arm-none-eabi/include/c++/14.3.1/bits\stl_iterator.h ****  * and its documentation for any purpose is hereby granted without fee,
  44:C:/Program Files (x86)/Arm GNU Toolchain arm-none-eabi/14.3 rel1/arm-none-eabi/include/c++/14.3.1/bits\stl_iterator.h ****  * provided that the above copyright notice appear in all copies and
  45:C:/Program Files (x86)/Arm GNU Toolchain arm-none-eabi/14.3 rel1/arm-none-eabi/include/c++/14.3.1/bits\stl_iterator.h ****  * that both that copyright notice and this permission notice appear
  46:C:/Program Files (x86)/Arm GNU Toolchain arm-none-eabi/14.3 rel1/arm-none-eabi/include/c++/14.3.1/bits\stl_iterator.h ****  * in supporting documentation.  Silicon Graphics makes no
  47:C:/Program Files (x86)/Arm GNU Toolchain arm-none-eabi/14.3 rel1/arm-none-eabi/include/c++/14.3.1/bits\stl_iterator.h ****  * representations about the suitability of this software for any
  48:C:/Program Files (x86)/Arm GNU Toolchain arm-none-eabi/14.3 rel1/arm-none-eabi/include/c++/14.3.1/bits\stl_iterator.h ****  * purpose.  It is provided "as is" without express or implied warranty.
  49:C:/Program Files (x86)/Arm GNU Toolchain arm-none-eabi/14.3 rel1/arm-none-eabi/include/c++/14.3.1/bits\stl_iterator.h ****  */
  50:C:/Program Files (x86)/Arm GNU Toolchain arm-none-eabi/14.3 rel1/arm-none-eabi/include/c++/14.3.1/bits\stl_iterator.h **** 
  51:C:/Program Files (x86)/Arm GNU Toolchain arm-none-eabi/14.3 rel1/arm-none-eabi/include/c++/14.3.1/bits\stl_iterator.h **** /** @file bits/stl_iterator.h
  52:C:/Program Files (x86)/Arm GNU Toolchain arm-none-eabi/14.3 rel1/arm-none-eabi/include/c++/14.3.1/bits\stl_iterator.h ****  *  This is an internal header file, included by other library headers.
  53:C:/Program Files (x86)/Arm GNU Toolchain arm-none-eabi/14.3 rel1/arm-none-eabi/include/c++/14.3.1/bits\stl_iterator.h ****  *  Do not attempt to use it directly. @headername{iterator}
  54:C:/Program Files (x86)/Arm GNU Toolchain arm-none-eabi/14.3 rel1/arm-none-eabi/include/c++/14.3.1/bits\stl_iterator.h ****  *
  55:C:/Program Files (x86)/Arm GNU Toolchain arm-none-eabi/14.3 rel1/arm-none-eabi/include/c++/14.3.1/bits\stl_iterator.h ****  *  This file implements reverse_iterator, back_insert_iterator,
  56:C:/Program Files (x86)/Arm GNU Toolchain arm-none-eabi/14.3 rel1/arm-none-eabi/include/c++/14.3.1/bits\stl_iterator.h ****  *  front_insert_iterator, insert_iterator, __normal_iterator, and their
  57:C:/Program Files (x86)/Arm GNU Toolchain arm-none-eabi/14.3 rel1/arm-none-eabi/include/c++/14.3.1/bits\stl_iterator.h ****  *  supporting functions and overloaded operators.
  58:C:/Program Files (x86)/Arm GNU Toolchain arm-none-eabi/14.3 rel1/arm-none-eabi/include/c++/14.3.1/bits\stl_iterator.h ****  */
  59:C:/Program Files (x86)/Arm GNU Toolchain arm-none-eabi/14.3 rel1/arm-none-eabi/include/c++/14.3.1/bits\stl_iterator.h **** 
  60:C:/Program Files (x86)/Arm GNU Toolchain arm-none-eabi/14.3 rel1/arm-none-eabi/include/c++/14.3.1/bits\stl_iterator.h **** #ifndef _STL_ITERATOR_H
  61:C:/Program Files (x86)/Arm GNU Toolchain arm-none-eabi/14.3 rel1/arm-none-eabi/include/c++/14.3.1/bits\stl_iterator.h **** #define _STL_ITERATOR_H 1
  62:C:/Program Files (x86)/Arm GNU Toolchain arm-none-eabi/14.3 rel1/arm-none-eabi/include/c++/14.3.1/bits\stl_iterator.h **** 
  63:C:/Program Files (x86)/Arm GNU Toolchain arm-none-eabi/14.3 rel1/arm-none-eabi/include/c++/14.3.1/bits\stl_iterator.h **** #include <bits/cpp_type_traits.h>
  64:C:/Program Files (x86)/Arm GNU Toolchain arm-none-eabi/14.3 rel1/arm-none-eabi/include/c++/14.3.1/bits\stl_iterator.h **** #include <bits/stl_iterator_base_types.h>
  65:C:/Program Files (x86)/Arm GNU Toolchain arm-none-eabi/14.3 rel1/arm-none-eabi/include/c++/14.3.1/bits\stl_iterator.h **** #include <ext/type_traits.h>
  66:C:/Program Files (x86)/Arm GNU Toolchain arm-none-eabi/14.3 rel1/arm-none-eabi/include/c++/14.3.1/bits\stl_iterator.h **** #include <bits/move.h>
  67:C:/Program Files (x86)/Arm GNU Toolchain arm-none-eabi/14.3 rel1/arm-none-eabi/include/c++/14.3.1/bits\stl_iterator.h **** #include <bits/ptr_traits.h>
  68:C:/Program Files (x86)/Arm GNU Toolchain arm-none-eabi/14.3 rel1/arm-none-eabi/include/c++/14.3.1/bits\stl_iterator.h **** 
  69:C:/Program Files (x86)/Arm GNU Toolchain arm-none-eabi/14.3 rel1/arm-none-eabi/include/c++/14.3.1/bits\stl_iterator.h **** #if __cplusplus >= 201103L
  70:C:/Program Files (x86)/Arm GNU Toolchain arm-none-eabi/14.3 rel1/arm-none-eabi/include/c++/14.3.1/bits\stl_iterator.h **** # include <type_traits>
  71:C:/Program Files (x86)/Arm GNU Toolchain arm-none-eabi/14.3 rel1/arm-none-eabi/include/c++/14.3.1/bits\stl_iterator.h **** #endif
  72:C:/Program Files (x86)/Arm GNU Toolchain arm-none-eabi/14.3 rel1/arm-none-eabi/include/c++/14.3.1/bits\stl_iterator.h **** 
  73:C:/Program Files (x86)/Arm GNU Toolchain arm-none-eabi/14.3 rel1/arm-none-eabi/include/c++/14.3.1/bits\stl_iterator.h **** #if __cplusplus >= 202002L
  74:C:/Program Files (x86)/Arm GNU Toolchain arm-none-eabi/14.3 rel1/arm-none-eabi/include/c++/14.3.1/bits\stl_iterator.h **** # include <compare>
  75:C:/Program Files (x86)/Arm GNU Toolchain arm-none-eabi/14.3 rel1/arm-none-eabi/include/c++/14.3.1/bits\stl_iterator.h **** # include <new>
  76:C:/Program Files (x86)/Arm GNU Toolchain arm-none-eabi/14.3 rel1/arm-none-eabi/include/c++/14.3.1/bits\stl_iterator.h **** # include <bits/exception_defines.h>
  77:C:/Program Files (x86)/Arm GNU Toolchain arm-none-eabi/14.3 rel1/arm-none-eabi/include/c++/14.3.1/bits\stl_iterator.h **** # include <bits/iterator_concepts.h>
  78:C:/Program Files (x86)/Arm GNU Toolchain arm-none-eabi/14.3 rel1/arm-none-eabi/include/c++/14.3.1/bits\stl_iterator.h **** # include <bits/stl_construct.h>
  79:C:/Program Files (x86)/Arm GNU Toolchain arm-none-eabi/14.3 rel1/arm-none-eabi/include/c++/14.3.1/bits\stl_iterator.h **** #endif
  80:C:/Program Files (x86)/Arm GNU Toolchain arm-none-eabi/14.3 rel1/arm-none-eabi/include/c++/14.3.1/bits\stl_iterator.h **** 
  81:C:/Program Files (x86)/Arm GNU Toolchain arm-none-eabi/14.3 rel1/arm-none-eabi/include/c++/14.3.1/bits\stl_iterator.h **** #if __glibcxx_tuple_like // >= C++23
  82:C:/Program Files (x86)/Arm GNU Toolchain arm-none-eabi/14.3 rel1/arm-none-eabi/include/c++/14.3.1/bits\stl_iterator.h **** # include <bits/utility.h> // for tuple_element_t
  83:C:/Program Files (x86)/Arm GNU Toolchain arm-none-eabi/14.3 rel1/arm-none-eabi/include/c++/14.3.1/bits\stl_iterator.h **** #endif
  84:C:/Program Files (x86)/Arm GNU Toolchain arm-none-eabi/14.3 rel1/arm-none-eabi/include/c++/14.3.1/bits\stl_iterator.h **** 
  85:C:/Program Files (x86)/Arm GNU Toolchain arm-none-eabi/14.3 rel1/arm-none-eabi/include/c++/14.3.1/bits\stl_iterator.h **** namespace std _GLIBCXX_VISIBILITY(default)
  86:C:/Program Files (x86)/Arm GNU Toolchain arm-none-eabi/14.3 rel1/arm-none-eabi/include/c++/14.3.1/bits\stl_iterator.h **** {
  87:C:/Program Files (x86)/Arm GNU Toolchain arm-none-eabi/14.3 rel1/arm-none-eabi/include/c++/14.3.1/bits\stl_iterator.h **** _GLIBCXX_BEGIN_NAMESPACE_VERSION
  88:C:/Program Files (x86)/Arm GNU Toolchain arm-none-eabi/14.3 rel1/arm-none-eabi/include/c++/14.3.1/bits\stl_iterator.h **** 
  89:C:/Program Files (x86)/Arm GNU Toolchain arm-none-eabi/14.3 rel1/arm-none-eabi/include/c++/14.3.1/bits\stl_iterator.h ****   /**
  90:C:/Program Files (x86)/Arm GNU Toolchain arm-none-eabi/14.3 rel1/arm-none-eabi/include/c++/14.3.1/bits\stl_iterator.h ****    * @addtogroup iterators
  91:C:/Program Files (x86)/Arm GNU Toolchain arm-none-eabi/14.3 rel1/arm-none-eabi/include/c++/14.3.1/bits\stl_iterator.h ****    * @{
  92:C:/Program Files (x86)/Arm GNU Toolchain arm-none-eabi/14.3 rel1/arm-none-eabi/include/c++/14.3.1/bits\stl_iterator.h ****    */
ARM GAS  C:\Users\Oliver\AppData\Local\Temp\cc4VwjOw.s 			page 65


  93:C:/Program Files (x86)/Arm GNU Toolchain arm-none-eabi/14.3 rel1/arm-none-eabi/include/c++/14.3.1/bits\stl_iterator.h **** 
  94:C:/Program Files (x86)/Arm GNU Toolchain arm-none-eabi/14.3 rel1/arm-none-eabi/include/c++/14.3.1/bits\stl_iterator.h **** #if __glibcxx_concepts
  95:C:/Program Files (x86)/Arm GNU Toolchain arm-none-eabi/14.3 rel1/arm-none-eabi/include/c++/14.3.1/bits\stl_iterator.h ****   namespace __detail
  96:C:/Program Files (x86)/Arm GNU Toolchain arm-none-eabi/14.3 rel1/arm-none-eabi/include/c++/14.3.1/bits\stl_iterator.h ****   {
  97:C:/Program Files (x86)/Arm GNU Toolchain arm-none-eabi/14.3 rel1/arm-none-eabi/include/c++/14.3.1/bits\stl_iterator.h ****     // Weaken iterator_category _Cat to _Limit if it is derived from that,
  98:C:/Program Files (x86)/Arm GNU Toolchain arm-none-eabi/14.3 rel1/arm-none-eabi/include/c++/14.3.1/bits\stl_iterator.h ****     // otherwise use _Otherwise.
  99:C:/Program Files (x86)/Arm GNU Toolchain arm-none-eabi/14.3 rel1/arm-none-eabi/include/c++/14.3.1/bits\stl_iterator.h ****     template<typename _Cat, typename _Limit, typename _Otherwise = _Cat>
 100:C:/Program Files (x86)/Arm GNU Toolchain arm-none-eabi/14.3 rel1/arm-none-eabi/include/c++/14.3.1/bits\stl_iterator.h ****       using __clamp_iter_cat
 101:C:/Program Files (x86)/Arm GNU Toolchain arm-none-eabi/14.3 rel1/arm-none-eabi/include/c++/14.3.1/bits\stl_iterator.h **** 	= __conditional_t<derived_from<_Cat, _Limit>, _Limit, _Otherwise>;
 102:C:/Program Files (x86)/Arm GNU Toolchain arm-none-eabi/14.3 rel1/arm-none-eabi/include/c++/14.3.1/bits\stl_iterator.h ****   }
 103:C:/Program Files (x86)/Arm GNU Toolchain arm-none-eabi/14.3 rel1/arm-none-eabi/include/c++/14.3.1/bits\stl_iterator.h **** #endif
 104:C:/Program Files (x86)/Arm GNU Toolchain arm-none-eabi/14.3 rel1/arm-none-eabi/include/c++/14.3.1/bits\stl_iterator.h **** 
 105:C:/Program Files (x86)/Arm GNU Toolchain arm-none-eabi/14.3 rel1/arm-none-eabi/include/c++/14.3.1/bits\stl_iterator.h **** // Ignore warnings about std::iterator.
 106:C:/Program Files (x86)/Arm GNU Toolchain arm-none-eabi/14.3 rel1/arm-none-eabi/include/c++/14.3.1/bits\stl_iterator.h **** #pragma GCC diagnostic push
 107:C:/Program Files (x86)/Arm GNU Toolchain arm-none-eabi/14.3 rel1/arm-none-eabi/include/c++/14.3.1/bits\stl_iterator.h **** #pragma GCC diagnostic ignored "-Wdeprecated-declarations"
 108:C:/Program Files (x86)/Arm GNU Toolchain arm-none-eabi/14.3 rel1/arm-none-eabi/include/c++/14.3.1/bits\stl_iterator.h **** 
 109:C:/Program Files (x86)/Arm GNU Toolchain arm-none-eabi/14.3 rel1/arm-none-eabi/include/c++/14.3.1/bits\stl_iterator.h ****   // 24.4.1 Reverse iterators
 110:C:/Program Files (x86)/Arm GNU Toolchain arm-none-eabi/14.3 rel1/arm-none-eabi/include/c++/14.3.1/bits\stl_iterator.h ****   /**
 111:C:/Program Files (x86)/Arm GNU Toolchain arm-none-eabi/14.3 rel1/arm-none-eabi/include/c++/14.3.1/bits\stl_iterator.h ****    *  Bidirectional and random access iterators have corresponding reverse
 112:C:/Program Files (x86)/Arm GNU Toolchain arm-none-eabi/14.3 rel1/arm-none-eabi/include/c++/14.3.1/bits\stl_iterator.h ****    *  %iterator adaptors that iterate through the data structure in the
 113:C:/Program Files (x86)/Arm GNU Toolchain arm-none-eabi/14.3 rel1/arm-none-eabi/include/c++/14.3.1/bits\stl_iterator.h ****    *  opposite direction.  They have the same signatures as the corresponding
 114:C:/Program Files (x86)/Arm GNU Toolchain arm-none-eabi/14.3 rel1/arm-none-eabi/include/c++/14.3.1/bits\stl_iterator.h ****    *  iterators.  The fundamental relation between a reverse %iterator and its
 115:C:/Program Files (x86)/Arm GNU Toolchain arm-none-eabi/14.3 rel1/arm-none-eabi/include/c++/14.3.1/bits\stl_iterator.h ****    *  corresponding %iterator @c i is established by the identity:
 116:C:/Program Files (x86)/Arm GNU Toolchain arm-none-eabi/14.3 rel1/arm-none-eabi/include/c++/14.3.1/bits\stl_iterator.h ****    *  @code
 117:C:/Program Files (x86)/Arm GNU Toolchain arm-none-eabi/14.3 rel1/arm-none-eabi/include/c++/14.3.1/bits\stl_iterator.h ****    *      &*(reverse_iterator(i)) == &*(i - 1)
 118:C:/Program Files (x86)/Arm GNU Toolchain arm-none-eabi/14.3 rel1/arm-none-eabi/include/c++/14.3.1/bits\stl_iterator.h ****    *  @endcode
 119:C:/Program Files (x86)/Arm GNU Toolchain arm-none-eabi/14.3 rel1/arm-none-eabi/include/c++/14.3.1/bits\stl_iterator.h ****    *
 120:C:/Program Files (x86)/Arm GNU Toolchain arm-none-eabi/14.3 rel1/arm-none-eabi/include/c++/14.3.1/bits\stl_iterator.h ****    *  <em>This mapping is dictated by the fact that while there is always a
 121:C:/Program Files (x86)/Arm GNU Toolchain arm-none-eabi/14.3 rel1/arm-none-eabi/include/c++/14.3.1/bits\stl_iterator.h ****    *  pointer past the end of an array, there might not be a valid pointer
 122:C:/Program Files (x86)/Arm GNU Toolchain arm-none-eabi/14.3 rel1/arm-none-eabi/include/c++/14.3.1/bits\stl_iterator.h ****    *  before the beginning of an array.</em> [24.4.1]/1,2
 123:C:/Program Files (x86)/Arm GNU Toolchain arm-none-eabi/14.3 rel1/arm-none-eabi/include/c++/14.3.1/bits\stl_iterator.h ****    *
 124:C:/Program Files (x86)/Arm GNU Toolchain arm-none-eabi/14.3 rel1/arm-none-eabi/include/c++/14.3.1/bits\stl_iterator.h ****    *  Reverse iterators can be tricky and surprising at first.  Their
 125:C:/Program Files (x86)/Arm GNU Toolchain arm-none-eabi/14.3 rel1/arm-none-eabi/include/c++/14.3.1/bits\stl_iterator.h ****    *  semantics make sense, however, and the trickiness is a side effect of
 126:C:/Program Files (x86)/Arm GNU Toolchain arm-none-eabi/14.3 rel1/arm-none-eabi/include/c++/14.3.1/bits\stl_iterator.h ****    *  the requirement that the iterators must be safe.
 127:C:/Program Files (x86)/Arm GNU Toolchain arm-none-eabi/14.3 rel1/arm-none-eabi/include/c++/14.3.1/bits\stl_iterator.h ****   */
 128:C:/Program Files (x86)/Arm GNU Toolchain arm-none-eabi/14.3 rel1/arm-none-eabi/include/c++/14.3.1/bits\stl_iterator.h ****   template<typename _Iterator>
 129:C:/Program Files (x86)/Arm GNU Toolchain arm-none-eabi/14.3 rel1/arm-none-eabi/include/c++/14.3.1/bits\stl_iterator.h ****     class reverse_iterator
 130:C:/Program Files (x86)/Arm GNU Toolchain arm-none-eabi/14.3 rel1/arm-none-eabi/include/c++/14.3.1/bits\stl_iterator.h ****     : public iterator<typename iterator_traits<_Iterator>::iterator_category,
 131:C:/Program Files (x86)/Arm GNU Toolchain arm-none-eabi/14.3 rel1/arm-none-eabi/include/c++/14.3.1/bits\stl_iterator.h **** 		      typename iterator_traits<_Iterator>::value_type,
 132:C:/Program Files (x86)/Arm GNU Toolchain arm-none-eabi/14.3 rel1/arm-none-eabi/include/c++/14.3.1/bits\stl_iterator.h **** 		      typename iterator_traits<_Iterator>::difference_type,
 133:C:/Program Files (x86)/Arm GNU Toolchain arm-none-eabi/14.3 rel1/arm-none-eabi/include/c++/14.3.1/bits\stl_iterator.h **** 		      typename iterator_traits<_Iterator>::pointer,
 134:C:/Program Files (x86)/Arm GNU Toolchain arm-none-eabi/14.3 rel1/arm-none-eabi/include/c++/14.3.1/bits\stl_iterator.h ****                       typename iterator_traits<_Iterator>::reference>
 135:C:/Program Files (x86)/Arm GNU Toolchain arm-none-eabi/14.3 rel1/arm-none-eabi/include/c++/14.3.1/bits\stl_iterator.h ****     {
 136:C:/Program Files (x86)/Arm GNU Toolchain arm-none-eabi/14.3 rel1/arm-none-eabi/include/c++/14.3.1/bits\stl_iterator.h ****       template<typename _Iter>
 137:C:/Program Files (x86)/Arm GNU Toolchain arm-none-eabi/14.3 rel1/arm-none-eabi/include/c++/14.3.1/bits\stl_iterator.h **** 	friend class reverse_iterator;
 138:C:/Program Files (x86)/Arm GNU Toolchain arm-none-eabi/14.3 rel1/arm-none-eabi/include/c++/14.3.1/bits\stl_iterator.h **** 
 139:C:/Program Files (x86)/Arm GNU Toolchain arm-none-eabi/14.3 rel1/arm-none-eabi/include/c++/14.3.1/bits\stl_iterator.h **** #if __glibcxx_concepts
 140:C:/Program Files (x86)/Arm GNU Toolchain arm-none-eabi/14.3 rel1/arm-none-eabi/include/c++/14.3.1/bits\stl_iterator.h ****       // _GLIBCXX_RESOLVE_LIB_DEFECTS
 141:C:/Program Files (x86)/Arm GNU Toolchain arm-none-eabi/14.3 rel1/arm-none-eabi/include/c++/14.3.1/bits\stl_iterator.h ****       // 3435. three_way_comparable_with<reverse_iterator<int*>, [...]>
 142:C:/Program Files (x86)/Arm GNU Toolchain arm-none-eabi/14.3 rel1/arm-none-eabi/include/c++/14.3.1/bits\stl_iterator.h ****       template<typename _Iter>
 143:C:/Program Files (x86)/Arm GNU Toolchain arm-none-eabi/14.3 rel1/arm-none-eabi/include/c++/14.3.1/bits\stl_iterator.h **** 	static constexpr bool __convertible = !is_same_v<_Iter, _Iterator>
 144:C:/Program Files (x86)/Arm GNU Toolchain arm-none-eabi/14.3 rel1/arm-none-eabi/include/c++/14.3.1/bits\stl_iterator.h **** 	    && convertible_to<const _Iter&, _Iterator>;
 145:C:/Program Files (x86)/Arm GNU Toolchain arm-none-eabi/14.3 rel1/arm-none-eabi/include/c++/14.3.1/bits\stl_iterator.h **** #endif
 146:C:/Program Files (x86)/Arm GNU Toolchain arm-none-eabi/14.3 rel1/arm-none-eabi/include/c++/14.3.1/bits\stl_iterator.h **** 
 147:C:/Program Files (x86)/Arm GNU Toolchain arm-none-eabi/14.3 rel1/arm-none-eabi/include/c++/14.3.1/bits\stl_iterator.h ****     protected:
 148:C:/Program Files (x86)/Arm GNU Toolchain arm-none-eabi/14.3 rel1/arm-none-eabi/include/c++/14.3.1/bits\stl_iterator.h ****       _Iterator current;
 149:C:/Program Files (x86)/Arm GNU Toolchain arm-none-eabi/14.3 rel1/arm-none-eabi/include/c++/14.3.1/bits\stl_iterator.h **** 
ARM GAS  C:\Users\Oliver\AppData\Local\Temp\cc4VwjOw.s 			page 66


 150:C:/Program Files (x86)/Arm GNU Toolchain arm-none-eabi/14.3 rel1/arm-none-eabi/include/c++/14.3.1/bits\stl_iterator.h ****       typedef iterator_traits<_Iterator>		__traits_type;
 151:C:/Program Files (x86)/Arm GNU Toolchain arm-none-eabi/14.3 rel1/arm-none-eabi/include/c++/14.3.1/bits\stl_iterator.h **** 
 152:C:/Program Files (x86)/Arm GNU Toolchain arm-none-eabi/14.3 rel1/arm-none-eabi/include/c++/14.3.1/bits\stl_iterator.h ****     public:
 153:C:/Program Files (x86)/Arm GNU Toolchain arm-none-eabi/14.3 rel1/arm-none-eabi/include/c++/14.3.1/bits\stl_iterator.h ****       typedef _Iterator					iterator_type;
 154:C:/Program Files (x86)/Arm GNU Toolchain arm-none-eabi/14.3 rel1/arm-none-eabi/include/c++/14.3.1/bits\stl_iterator.h ****       typedef typename __traits_type::pointer		pointer;
 155:C:/Program Files (x86)/Arm GNU Toolchain arm-none-eabi/14.3 rel1/arm-none-eabi/include/c++/14.3.1/bits\stl_iterator.h **** #if ! __glibcxx_concepts
 156:C:/Program Files (x86)/Arm GNU Toolchain arm-none-eabi/14.3 rel1/arm-none-eabi/include/c++/14.3.1/bits\stl_iterator.h ****       typedef typename __traits_type::difference_type	difference_type;
 157:C:/Program Files (x86)/Arm GNU Toolchain arm-none-eabi/14.3 rel1/arm-none-eabi/include/c++/14.3.1/bits\stl_iterator.h ****       typedef typename __traits_type::reference		reference;
 158:C:/Program Files (x86)/Arm GNU Toolchain arm-none-eabi/14.3 rel1/arm-none-eabi/include/c++/14.3.1/bits\stl_iterator.h **** #else
 159:C:/Program Files (x86)/Arm GNU Toolchain arm-none-eabi/14.3 rel1/arm-none-eabi/include/c++/14.3.1/bits\stl_iterator.h ****       using iterator_concept
 160:C:/Program Files (x86)/Arm GNU Toolchain arm-none-eabi/14.3 rel1/arm-none-eabi/include/c++/14.3.1/bits\stl_iterator.h **** 	= __conditional_t<random_access_iterator<_Iterator>,
 161:C:/Program Files (x86)/Arm GNU Toolchain arm-none-eabi/14.3 rel1/arm-none-eabi/include/c++/14.3.1/bits\stl_iterator.h **** 			  random_access_iterator_tag,
 162:C:/Program Files (x86)/Arm GNU Toolchain arm-none-eabi/14.3 rel1/arm-none-eabi/include/c++/14.3.1/bits\stl_iterator.h **** 			  bidirectional_iterator_tag>;
 163:C:/Program Files (x86)/Arm GNU Toolchain arm-none-eabi/14.3 rel1/arm-none-eabi/include/c++/14.3.1/bits\stl_iterator.h ****       using iterator_category
 164:C:/Program Files (x86)/Arm GNU Toolchain arm-none-eabi/14.3 rel1/arm-none-eabi/include/c++/14.3.1/bits\stl_iterator.h **** 	= __detail::__clamp_iter_cat<typename __traits_type::iterator_category,
 165:C:/Program Files (x86)/Arm GNU Toolchain arm-none-eabi/14.3 rel1/arm-none-eabi/include/c++/14.3.1/bits\stl_iterator.h **** 				     random_access_iterator_tag>;
 166:C:/Program Files (x86)/Arm GNU Toolchain arm-none-eabi/14.3 rel1/arm-none-eabi/include/c++/14.3.1/bits\stl_iterator.h ****       using value_type = iter_value_t<_Iterator>;
 167:C:/Program Files (x86)/Arm GNU Toolchain arm-none-eabi/14.3 rel1/arm-none-eabi/include/c++/14.3.1/bits\stl_iterator.h ****       using difference_type = iter_difference_t<_Iterator>;
 168:C:/Program Files (x86)/Arm GNU Toolchain arm-none-eabi/14.3 rel1/arm-none-eabi/include/c++/14.3.1/bits\stl_iterator.h ****       using reference = iter_reference_t<_Iterator>;
 169:C:/Program Files (x86)/Arm GNU Toolchain arm-none-eabi/14.3 rel1/arm-none-eabi/include/c++/14.3.1/bits\stl_iterator.h **** #endif
 170:C:/Program Files (x86)/Arm GNU Toolchain arm-none-eabi/14.3 rel1/arm-none-eabi/include/c++/14.3.1/bits\stl_iterator.h **** 
 171:C:/Program Files (x86)/Arm GNU Toolchain arm-none-eabi/14.3 rel1/arm-none-eabi/include/c++/14.3.1/bits\stl_iterator.h ****       /**
 172:C:/Program Files (x86)/Arm GNU Toolchain arm-none-eabi/14.3 rel1/arm-none-eabi/include/c++/14.3.1/bits\stl_iterator.h ****        *  The default constructor value-initializes member @p current.
 173:C:/Program Files (x86)/Arm GNU Toolchain arm-none-eabi/14.3 rel1/arm-none-eabi/include/c++/14.3.1/bits\stl_iterator.h ****        *  If it is a pointer, that means it is zero-initialized.
 174:C:/Program Files (x86)/Arm GNU Toolchain arm-none-eabi/14.3 rel1/arm-none-eabi/include/c++/14.3.1/bits\stl_iterator.h ****       */
 175:C:/Program Files (x86)/Arm GNU Toolchain arm-none-eabi/14.3 rel1/arm-none-eabi/include/c++/14.3.1/bits\stl_iterator.h ****       // _GLIBCXX_RESOLVE_LIB_DEFECTS
 176:C:/Program Files (x86)/Arm GNU Toolchain arm-none-eabi/14.3 rel1/arm-none-eabi/include/c++/14.3.1/bits\stl_iterator.h ****       // 235 No specification of default ctor for reverse_iterator
 177:C:/Program Files (x86)/Arm GNU Toolchain arm-none-eabi/14.3 rel1/arm-none-eabi/include/c++/14.3.1/bits\stl_iterator.h ****       // 1012. reverse_iterator default ctor should value initialize
 178:C:/Program Files (x86)/Arm GNU Toolchain arm-none-eabi/14.3 rel1/arm-none-eabi/include/c++/14.3.1/bits\stl_iterator.h ****       _GLIBCXX17_CONSTEXPR
 179:C:/Program Files (x86)/Arm GNU Toolchain arm-none-eabi/14.3 rel1/arm-none-eabi/include/c++/14.3.1/bits\stl_iterator.h ****       reverse_iterator()
 180:C:/Program Files (x86)/Arm GNU Toolchain arm-none-eabi/14.3 rel1/arm-none-eabi/include/c++/14.3.1/bits\stl_iterator.h ****       _GLIBCXX_NOEXCEPT_IF(noexcept(_Iterator()))
 181:C:/Program Files (x86)/Arm GNU Toolchain arm-none-eabi/14.3 rel1/arm-none-eabi/include/c++/14.3.1/bits\stl_iterator.h ****       : current()
 182:C:/Program Files (x86)/Arm GNU Toolchain arm-none-eabi/14.3 rel1/arm-none-eabi/include/c++/14.3.1/bits\stl_iterator.h ****       { }
 183:C:/Program Files (x86)/Arm GNU Toolchain arm-none-eabi/14.3 rel1/arm-none-eabi/include/c++/14.3.1/bits\stl_iterator.h **** 
 184:C:/Program Files (x86)/Arm GNU Toolchain arm-none-eabi/14.3 rel1/arm-none-eabi/include/c++/14.3.1/bits\stl_iterator.h ****       /**
 185:C:/Program Files (x86)/Arm GNU Toolchain arm-none-eabi/14.3 rel1/arm-none-eabi/include/c++/14.3.1/bits\stl_iterator.h ****        *  This %iterator will move in the opposite direction that @p x does.
 186:C:/Program Files (x86)/Arm GNU Toolchain arm-none-eabi/14.3 rel1/arm-none-eabi/include/c++/14.3.1/bits\stl_iterator.h ****       */
 187:C:/Program Files (x86)/Arm GNU Toolchain arm-none-eabi/14.3 rel1/arm-none-eabi/include/c++/14.3.1/bits\stl_iterator.h ****       explicit _GLIBCXX17_CONSTEXPR
 188:C:/Program Files (x86)/Arm GNU Toolchain arm-none-eabi/14.3 rel1/arm-none-eabi/include/c++/14.3.1/bits\stl_iterator.h ****       reverse_iterator(iterator_type __x)
 189:C:/Program Files (x86)/Arm GNU Toolchain arm-none-eabi/14.3 rel1/arm-none-eabi/include/c++/14.3.1/bits\stl_iterator.h ****       _GLIBCXX_NOEXCEPT_IF(noexcept(_Iterator(__x)))
 190:C:/Program Files (x86)/Arm GNU Toolchain arm-none-eabi/14.3 rel1/arm-none-eabi/include/c++/14.3.1/bits\stl_iterator.h ****       : current(__x)
 191:C:/Program Files (x86)/Arm GNU Toolchain arm-none-eabi/14.3 rel1/arm-none-eabi/include/c++/14.3.1/bits\stl_iterator.h ****       { }
 192:C:/Program Files (x86)/Arm GNU Toolchain arm-none-eabi/14.3 rel1/arm-none-eabi/include/c++/14.3.1/bits\stl_iterator.h **** 
 193:C:/Program Files (x86)/Arm GNU Toolchain arm-none-eabi/14.3 rel1/arm-none-eabi/include/c++/14.3.1/bits\stl_iterator.h ****       /**
 194:C:/Program Files (x86)/Arm GNU Toolchain arm-none-eabi/14.3 rel1/arm-none-eabi/include/c++/14.3.1/bits\stl_iterator.h ****        *  The copy constructor is normal.
 195:C:/Program Files (x86)/Arm GNU Toolchain arm-none-eabi/14.3 rel1/arm-none-eabi/include/c++/14.3.1/bits\stl_iterator.h ****       */
 196:C:/Program Files (x86)/Arm GNU Toolchain arm-none-eabi/14.3 rel1/arm-none-eabi/include/c++/14.3.1/bits\stl_iterator.h ****       _GLIBCXX17_CONSTEXPR
 197:C:/Program Files (x86)/Arm GNU Toolchain arm-none-eabi/14.3 rel1/arm-none-eabi/include/c++/14.3.1/bits\stl_iterator.h ****       reverse_iterator(const reverse_iterator& __x)
 198:C:/Program Files (x86)/Arm GNU Toolchain arm-none-eabi/14.3 rel1/arm-none-eabi/include/c++/14.3.1/bits\stl_iterator.h ****       _GLIBCXX_NOEXCEPT_IF(noexcept(_Iterator(__x.current)))
 199:C:/Program Files (x86)/Arm GNU Toolchain arm-none-eabi/14.3 rel1/arm-none-eabi/include/c++/14.3.1/bits\stl_iterator.h ****       : current(__x.current)
 200:C:/Program Files (x86)/Arm GNU Toolchain arm-none-eabi/14.3 rel1/arm-none-eabi/include/c++/14.3.1/bits\stl_iterator.h ****       { }
 201:C:/Program Files (x86)/Arm GNU Toolchain arm-none-eabi/14.3 rel1/arm-none-eabi/include/c++/14.3.1/bits\stl_iterator.h **** 
 202:C:/Program Files (x86)/Arm GNU Toolchain arm-none-eabi/14.3 rel1/arm-none-eabi/include/c++/14.3.1/bits\stl_iterator.h **** #if __cplusplus >= 201103L
 203:C:/Program Files (x86)/Arm GNU Toolchain arm-none-eabi/14.3 rel1/arm-none-eabi/include/c++/14.3.1/bits\stl_iterator.h ****       reverse_iterator& operator=(const reverse_iterator&) = default;
 204:C:/Program Files (x86)/Arm GNU Toolchain arm-none-eabi/14.3 rel1/arm-none-eabi/include/c++/14.3.1/bits\stl_iterator.h **** #endif
 205:C:/Program Files (x86)/Arm GNU Toolchain arm-none-eabi/14.3 rel1/arm-none-eabi/include/c++/14.3.1/bits\stl_iterator.h **** 
 206:C:/Program Files (x86)/Arm GNU Toolchain arm-none-eabi/14.3 rel1/arm-none-eabi/include/c++/14.3.1/bits\stl_iterator.h ****       /**
ARM GAS  C:\Users\Oliver\AppData\Local\Temp\cc4VwjOw.s 			page 67


 207:C:/Program Files (x86)/Arm GNU Toolchain arm-none-eabi/14.3 rel1/arm-none-eabi/include/c++/14.3.1/bits\stl_iterator.h ****        *  A %reverse_iterator across other types can be copied if the
 208:C:/Program Files (x86)/Arm GNU Toolchain arm-none-eabi/14.3 rel1/arm-none-eabi/include/c++/14.3.1/bits\stl_iterator.h ****        *  underlying %iterator can be converted to the type of @c current.
 209:C:/Program Files (x86)/Arm GNU Toolchain arm-none-eabi/14.3 rel1/arm-none-eabi/include/c++/14.3.1/bits\stl_iterator.h ****       */
 210:C:/Program Files (x86)/Arm GNU Toolchain arm-none-eabi/14.3 rel1/arm-none-eabi/include/c++/14.3.1/bits\stl_iterator.h ****       template<typename _Iter>
 211:C:/Program Files (x86)/Arm GNU Toolchain arm-none-eabi/14.3 rel1/arm-none-eabi/include/c++/14.3.1/bits\stl_iterator.h **** #if __glibcxx_concepts
 212:C:/Program Files (x86)/Arm GNU Toolchain arm-none-eabi/14.3 rel1/arm-none-eabi/include/c++/14.3.1/bits\stl_iterator.h **** 	requires __convertible<_Iter>
 213:C:/Program Files (x86)/Arm GNU Toolchain arm-none-eabi/14.3 rel1/arm-none-eabi/include/c++/14.3.1/bits\stl_iterator.h **** #endif
 214:C:/Program Files (x86)/Arm GNU Toolchain arm-none-eabi/14.3 rel1/arm-none-eabi/include/c++/14.3.1/bits\stl_iterator.h **** 	_GLIBCXX17_CONSTEXPR
 215:C:/Program Files (x86)/Arm GNU Toolchain arm-none-eabi/14.3 rel1/arm-none-eabi/include/c++/14.3.1/bits\stl_iterator.h ****         reverse_iterator(const reverse_iterator<_Iter>& __x)
 216:C:/Program Files (x86)/Arm GNU Toolchain arm-none-eabi/14.3 rel1/arm-none-eabi/include/c++/14.3.1/bits\stl_iterator.h **** 	_GLIBCXX_NOEXCEPT_IF(noexcept(_Iterator(__x.current)))
 217:C:/Program Files (x86)/Arm GNU Toolchain arm-none-eabi/14.3 rel1/arm-none-eabi/include/c++/14.3.1/bits\stl_iterator.h **** 	: current(__x.current)
 218:C:/Program Files (x86)/Arm GNU Toolchain arm-none-eabi/14.3 rel1/arm-none-eabi/include/c++/14.3.1/bits\stl_iterator.h **** 	{ }
 219:C:/Program Files (x86)/Arm GNU Toolchain arm-none-eabi/14.3 rel1/arm-none-eabi/include/c++/14.3.1/bits\stl_iterator.h **** 
 220:C:/Program Files (x86)/Arm GNU Toolchain arm-none-eabi/14.3 rel1/arm-none-eabi/include/c++/14.3.1/bits\stl_iterator.h **** #if __cplusplus >= 201103L
 221:C:/Program Files (x86)/Arm GNU Toolchain arm-none-eabi/14.3 rel1/arm-none-eabi/include/c++/14.3.1/bits\stl_iterator.h ****       template<typename _Iter>
 222:C:/Program Files (x86)/Arm GNU Toolchain arm-none-eabi/14.3 rel1/arm-none-eabi/include/c++/14.3.1/bits\stl_iterator.h **** #if __glibcxx_concepts
 223:C:/Program Files (x86)/Arm GNU Toolchain arm-none-eabi/14.3 rel1/arm-none-eabi/include/c++/14.3.1/bits\stl_iterator.h **** 	requires __convertible<_Iter>
 224:C:/Program Files (x86)/Arm GNU Toolchain arm-none-eabi/14.3 rel1/arm-none-eabi/include/c++/14.3.1/bits\stl_iterator.h **** 	  && assignable_from<_Iterator&, const _Iter&>
 225:C:/Program Files (x86)/Arm GNU Toolchain arm-none-eabi/14.3 rel1/arm-none-eabi/include/c++/14.3.1/bits\stl_iterator.h **** #endif
 226:C:/Program Files (x86)/Arm GNU Toolchain arm-none-eabi/14.3 rel1/arm-none-eabi/include/c++/14.3.1/bits\stl_iterator.h **** 	_GLIBCXX17_CONSTEXPR
 227:C:/Program Files (x86)/Arm GNU Toolchain arm-none-eabi/14.3 rel1/arm-none-eabi/include/c++/14.3.1/bits\stl_iterator.h **** 	reverse_iterator&
 228:C:/Program Files (x86)/Arm GNU Toolchain arm-none-eabi/14.3 rel1/arm-none-eabi/include/c++/14.3.1/bits\stl_iterator.h **** 	operator=(const reverse_iterator<_Iter>& __x)
 229:C:/Program Files (x86)/Arm GNU Toolchain arm-none-eabi/14.3 rel1/arm-none-eabi/include/c++/14.3.1/bits\stl_iterator.h **** 	_GLIBCXX_NOEXCEPT_IF(noexcept(current = __x.current))
 230:C:/Program Files (x86)/Arm GNU Toolchain arm-none-eabi/14.3 rel1/arm-none-eabi/include/c++/14.3.1/bits\stl_iterator.h **** 	{
 231:C:/Program Files (x86)/Arm GNU Toolchain arm-none-eabi/14.3 rel1/arm-none-eabi/include/c++/14.3.1/bits\stl_iterator.h **** 	  current = __x.current;
 232:C:/Program Files (x86)/Arm GNU Toolchain arm-none-eabi/14.3 rel1/arm-none-eabi/include/c++/14.3.1/bits\stl_iterator.h **** 	  return *this;
 233:C:/Program Files (x86)/Arm GNU Toolchain arm-none-eabi/14.3 rel1/arm-none-eabi/include/c++/14.3.1/bits\stl_iterator.h **** 	}
 234:C:/Program Files (x86)/Arm GNU Toolchain arm-none-eabi/14.3 rel1/arm-none-eabi/include/c++/14.3.1/bits\stl_iterator.h **** #endif
 235:C:/Program Files (x86)/Arm GNU Toolchain arm-none-eabi/14.3 rel1/arm-none-eabi/include/c++/14.3.1/bits\stl_iterator.h **** 
 236:C:/Program Files (x86)/Arm GNU Toolchain arm-none-eabi/14.3 rel1/arm-none-eabi/include/c++/14.3.1/bits\stl_iterator.h ****       /**
 237:C:/Program Files (x86)/Arm GNU Toolchain arm-none-eabi/14.3 rel1/arm-none-eabi/include/c++/14.3.1/bits\stl_iterator.h ****        *  @return  @c current, the %iterator used for underlying work.
 238:C:/Program Files (x86)/Arm GNU Toolchain arm-none-eabi/14.3 rel1/arm-none-eabi/include/c++/14.3.1/bits\stl_iterator.h ****       */
 239:C:/Program Files (x86)/Arm GNU Toolchain arm-none-eabi/14.3 rel1/arm-none-eabi/include/c++/14.3.1/bits\stl_iterator.h ****       _GLIBCXX_NODISCARD
 240:C:/Program Files (x86)/Arm GNU Toolchain arm-none-eabi/14.3 rel1/arm-none-eabi/include/c++/14.3.1/bits\stl_iterator.h ****       _GLIBCXX17_CONSTEXPR iterator_type
 241:C:/Program Files (x86)/Arm GNU Toolchain arm-none-eabi/14.3 rel1/arm-none-eabi/include/c++/14.3.1/bits\stl_iterator.h ****       base() const
 242:C:/Program Files (x86)/Arm GNU Toolchain arm-none-eabi/14.3 rel1/arm-none-eabi/include/c++/14.3.1/bits\stl_iterator.h ****       _GLIBCXX_NOEXCEPT_IF(noexcept(_Iterator(current)))
 243:C:/Program Files (x86)/Arm GNU Toolchain arm-none-eabi/14.3 rel1/arm-none-eabi/include/c++/14.3.1/bits\stl_iterator.h ****       { return current; }
 244:C:/Program Files (x86)/Arm GNU Toolchain arm-none-eabi/14.3 rel1/arm-none-eabi/include/c++/14.3.1/bits\stl_iterator.h **** 
 245:C:/Program Files (x86)/Arm GNU Toolchain arm-none-eabi/14.3 rel1/arm-none-eabi/include/c++/14.3.1/bits\stl_iterator.h ****       /**
 246:C:/Program Files (x86)/Arm GNU Toolchain arm-none-eabi/14.3 rel1/arm-none-eabi/include/c++/14.3.1/bits\stl_iterator.h ****        *  @return  A reference to the value at @c --current
 247:C:/Program Files (x86)/Arm GNU Toolchain arm-none-eabi/14.3 rel1/arm-none-eabi/include/c++/14.3.1/bits\stl_iterator.h ****        *
 248:C:/Program Files (x86)/Arm GNU Toolchain arm-none-eabi/14.3 rel1/arm-none-eabi/include/c++/14.3.1/bits\stl_iterator.h ****        *  This requires that @c --current is dereferenceable.
 249:C:/Program Files (x86)/Arm GNU Toolchain arm-none-eabi/14.3 rel1/arm-none-eabi/include/c++/14.3.1/bits\stl_iterator.h ****        *
 250:C:/Program Files (x86)/Arm GNU Toolchain arm-none-eabi/14.3 rel1/arm-none-eabi/include/c++/14.3.1/bits\stl_iterator.h ****        *  @warning This implementation requires that for an iterator of the
 251:C:/Program Files (x86)/Arm GNU Toolchain arm-none-eabi/14.3 rel1/arm-none-eabi/include/c++/14.3.1/bits\stl_iterator.h ****        *           underlying iterator type, @c x, a reference obtained by
 252:C:/Program Files (x86)/Arm GNU Toolchain arm-none-eabi/14.3 rel1/arm-none-eabi/include/c++/14.3.1/bits\stl_iterator.h ****        *           @c *x remains valid after @c x has been modified or
 253:C:/Program Files (x86)/Arm GNU Toolchain arm-none-eabi/14.3 rel1/arm-none-eabi/include/c++/14.3.1/bits\stl_iterator.h ****        *           destroyed. This is a bug: http://gcc.gnu.org/PR51823
 254:C:/Program Files (x86)/Arm GNU Toolchain arm-none-eabi/14.3 rel1/arm-none-eabi/include/c++/14.3.1/bits\stl_iterator.h ****       */
 255:C:/Program Files (x86)/Arm GNU Toolchain arm-none-eabi/14.3 rel1/arm-none-eabi/include/c++/14.3.1/bits\stl_iterator.h ****       _GLIBCXX_NODISCARD
 256:C:/Program Files (x86)/Arm GNU Toolchain arm-none-eabi/14.3 rel1/arm-none-eabi/include/c++/14.3.1/bits\stl_iterator.h ****       _GLIBCXX17_CONSTEXPR reference
 257:C:/Program Files (x86)/Arm GNU Toolchain arm-none-eabi/14.3 rel1/arm-none-eabi/include/c++/14.3.1/bits\stl_iterator.h ****       operator*() const
 258:C:/Program Files (x86)/Arm GNU Toolchain arm-none-eabi/14.3 rel1/arm-none-eabi/include/c++/14.3.1/bits\stl_iterator.h ****       {
 259:C:/Program Files (x86)/Arm GNU Toolchain arm-none-eabi/14.3 rel1/arm-none-eabi/include/c++/14.3.1/bits\stl_iterator.h **** 	_Iterator __tmp = current;
 260:C:/Program Files (x86)/Arm GNU Toolchain arm-none-eabi/14.3 rel1/arm-none-eabi/include/c++/14.3.1/bits\stl_iterator.h **** 	return *--__tmp;
 261:C:/Program Files (x86)/Arm GNU Toolchain arm-none-eabi/14.3 rel1/arm-none-eabi/include/c++/14.3.1/bits\stl_iterator.h ****       }
 262:C:/Program Files (x86)/Arm GNU Toolchain arm-none-eabi/14.3 rel1/arm-none-eabi/include/c++/14.3.1/bits\stl_iterator.h **** 
 263:C:/Program Files (x86)/Arm GNU Toolchain arm-none-eabi/14.3 rel1/arm-none-eabi/include/c++/14.3.1/bits\stl_iterator.h ****       /**
ARM GAS  C:\Users\Oliver\AppData\Local\Temp\cc4VwjOw.s 			page 68


 264:C:/Program Files (x86)/Arm GNU Toolchain arm-none-eabi/14.3 rel1/arm-none-eabi/include/c++/14.3.1/bits\stl_iterator.h ****        *  @return  A pointer to the value at @c --current
 265:C:/Program Files (x86)/Arm GNU Toolchain arm-none-eabi/14.3 rel1/arm-none-eabi/include/c++/14.3.1/bits\stl_iterator.h ****        *
 266:C:/Program Files (x86)/Arm GNU Toolchain arm-none-eabi/14.3 rel1/arm-none-eabi/include/c++/14.3.1/bits\stl_iterator.h ****        *  This requires that @c --current is dereferenceable.
 267:C:/Program Files (x86)/Arm GNU Toolchain arm-none-eabi/14.3 rel1/arm-none-eabi/include/c++/14.3.1/bits\stl_iterator.h ****       */
 268:C:/Program Files (x86)/Arm GNU Toolchain arm-none-eabi/14.3 rel1/arm-none-eabi/include/c++/14.3.1/bits\stl_iterator.h ****       _GLIBCXX_NODISCARD
 269:C:/Program Files (x86)/Arm GNU Toolchain arm-none-eabi/14.3 rel1/arm-none-eabi/include/c++/14.3.1/bits\stl_iterator.h ****       _GLIBCXX17_CONSTEXPR pointer
 270:C:/Program Files (x86)/Arm GNU Toolchain arm-none-eabi/14.3 rel1/arm-none-eabi/include/c++/14.3.1/bits\stl_iterator.h ****       operator->() const
 271:C:/Program Files (x86)/Arm GNU Toolchain arm-none-eabi/14.3 rel1/arm-none-eabi/include/c++/14.3.1/bits\stl_iterator.h **** #if __cplusplus > 201703L && __cpp_concepts >= 201907L
 272:C:/Program Files (x86)/Arm GNU Toolchain arm-none-eabi/14.3 rel1/arm-none-eabi/include/c++/14.3.1/bits\stl_iterator.h ****       requires is_pointer_v<_Iterator>
 273:C:/Program Files (x86)/Arm GNU Toolchain arm-none-eabi/14.3 rel1/arm-none-eabi/include/c++/14.3.1/bits\stl_iterator.h **** 	|| requires(const _Iterator __i) { __i.operator->(); }
 274:C:/Program Files (x86)/Arm GNU Toolchain arm-none-eabi/14.3 rel1/arm-none-eabi/include/c++/14.3.1/bits\stl_iterator.h **** #endif
 275:C:/Program Files (x86)/Arm GNU Toolchain arm-none-eabi/14.3 rel1/arm-none-eabi/include/c++/14.3.1/bits\stl_iterator.h ****       {
 276:C:/Program Files (x86)/Arm GNU Toolchain arm-none-eabi/14.3 rel1/arm-none-eabi/include/c++/14.3.1/bits\stl_iterator.h **** 	// _GLIBCXX_RESOLVE_LIB_DEFECTS
 277:C:/Program Files (x86)/Arm GNU Toolchain arm-none-eabi/14.3 rel1/arm-none-eabi/include/c++/14.3.1/bits\stl_iterator.h **** 	// 1052. operator-> should also support smart pointers
 278:C:/Program Files (x86)/Arm GNU Toolchain arm-none-eabi/14.3 rel1/arm-none-eabi/include/c++/14.3.1/bits\stl_iterator.h **** 	_Iterator __tmp = current;
 279:C:/Program Files (x86)/Arm GNU Toolchain arm-none-eabi/14.3 rel1/arm-none-eabi/include/c++/14.3.1/bits\stl_iterator.h **** 	--__tmp;
 280:C:/Program Files (x86)/Arm GNU Toolchain arm-none-eabi/14.3 rel1/arm-none-eabi/include/c++/14.3.1/bits\stl_iterator.h **** 	return _S_to_pointer(__tmp);
 281:C:/Program Files (x86)/Arm GNU Toolchain arm-none-eabi/14.3 rel1/arm-none-eabi/include/c++/14.3.1/bits\stl_iterator.h ****       }
 282:C:/Program Files (x86)/Arm GNU Toolchain arm-none-eabi/14.3 rel1/arm-none-eabi/include/c++/14.3.1/bits\stl_iterator.h **** 
 283:C:/Program Files (x86)/Arm GNU Toolchain arm-none-eabi/14.3 rel1/arm-none-eabi/include/c++/14.3.1/bits\stl_iterator.h ****       /**
 284:C:/Program Files (x86)/Arm GNU Toolchain arm-none-eabi/14.3 rel1/arm-none-eabi/include/c++/14.3.1/bits\stl_iterator.h ****        *  @return  @c *this
 285:C:/Program Files (x86)/Arm GNU Toolchain arm-none-eabi/14.3 rel1/arm-none-eabi/include/c++/14.3.1/bits\stl_iterator.h ****        *
 286:C:/Program Files (x86)/Arm GNU Toolchain arm-none-eabi/14.3 rel1/arm-none-eabi/include/c++/14.3.1/bits\stl_iterator.h ****        *  Decrements the underlying iterator.
 287:C:/Program Files (x86)/Arm GNU Toolchain arm-none-eabi/14.3 rel1/arm-none-eabi/include/c++/14.3.1/bits\stl_iterator.h ****       */
 288:C:/Program Files (x86)/Arm GNU Toolchain arm-none-eabi/14.3 rel1/arm-none-eabi/include/c++/14.3.1/bits\stl_iterator.h ****       _GLIBCXX17_CONSTEXPR reverse_iterator&
 289:C:/Program Files (x86)/Arm GNU Toolchain arm-none-eabi/14.3 rel1/arm-none-eabi/include/c++/14.3.1/bits\stl_iterator.h ****       operator++()
 290:C:/Program Files (x86)/Arm GNU Toolchain arm-none-eabi/14.3 rel1/arm-none-eabi/include/c++/14.3.1/bits\stl_iterator.h ****       {
 291:C:/Program Files (x86)/Arm GNU Toolchain arm-none-eabi/14.3 rel1/arm-none-eabi/include/c++/14.3.1/bits\stl_iterator.h **** 	--current;
 292:C:/Program Files (x86)/Arm GNU Toolchain arm-none-eabi/14.3 rel1/arm-none-eabi/include/c++/14.3.1/bits\stl_iterator.h **** 	return *this;
 293:C:/Program Files (x86)/Arm GNU Toolchain arm-none-eabi/14.3 rel1/arm-none-eabi/include/c++/14.3.1/bits\stl_iterator.h ****       }
 294:C:/Program Files (x86)/Arm GNU Toolchain arm-none-eabi/14.3 rel1/arm-none-eabi/include/c++/14.3.1/bits\stl_iterator.h **** 
 295:C:/Program Files (x86)/Arm GNU Toolchain arm-none-eabi/14.3 rel1/arm-none-eabi/include/c++/14.3.1/bits\stl_iterator.h ****       /**
 296:C:/Program Files (x86)/Arm GNU Toolchain arm-none-eabi/14.3 rel1/arm-none-eabi/include/c++/14.3.1/bits\stl_iterator.h ****        *  @return  The original value of @c *this
 297:C:/Program Files (x86)/Arm GNU Toolchain arm-none-eabi/14.3 rel1/arm-none-eabi/include/c++/14.3.1/bits\stl_iterator.h ****        *
 298:C:/Program Files (x86)/Arm GNU Toolchain arm-none-eabi/14.3 rel1/arm-none-eabi/include/c++/14.3.1/bits\stl_iterator.h ****        *  Decrements the underlying iterator.
 299:C:/Program Files (x86)/Arm GNU Toolchain arm-none-eabi/14.3 rel1/arm-none-eabi/include/c++/14.3.1/bits\stl_iterator.h ****       */
 300:C:/Program Files (x86)/Arm GNU Toolchain arm-none-eabi/14.3 rel1/arm-none-eabi/include/c++/14.3.1/bits\stl_iterator.h ****       _GLIBCXX17_CONSTEXPR reverse_iterator
 301:C:/Program Files (x86)/Arm GNU Toolchain arm-none-eabi/14.3 rel1/arm-none-eabi/include/c++/14.3.1/bits\stl_iterator.h ****       operator++(int)
 302:C:/Program Files (x86)/Arm GNU Toolchain arm-none-eabi/14.3 rel1/arm-none-eabi/include/c++/14.3.1/bits\stl_iterator.h ****       {
 303:C:/Program Files (x86)/Arm GNU Toolchain arm-none-eabi/14.3 rel1/arm-none-eabi/include/c++/14.3.1/bits\stl_iterator.h **** 	reverse_iterator __tmp = *this;
 304:C:/Program Files (x86)/Arm GNU Toolchain arm-none-eabi/14.3 rel1/arm-none-eabi/include/c++/14.3.1/bits\stl_iterator.h **** 	--current;
 305:C:/Program Files (x86)/Arm GNU Toolchain arm-none-eabi/14.3 rel1/arm-none-eabi/include/c++/14.3.1/bits\stl_iterator.h **** 	return __tmp;
 306:C:/Program Files (x86)/Arm GNU Toolchain arm-none-eabi/14.3 rel1/arm-none-eabi/include/c++/14.3.1/bits\stl_iterator.h ****       }
 307:C:/Program Files (x86)/Arm GNU Toolchain arm-none-eabi/14.3 rel1/arm-none-eabi/include/c++/14.3.1/bits\stl_iterator.h **** 
 308:C:/Program Files (x86)/Arm GNU Toolchain arm-none-eabi/14.3 rel1/arm-none-eabi/include/c++/14.3.1/bits\stl_iterator.h ****       /**
 309:C:/Program Files (x86)/Arm GNU Toolchain arm-none-eabi/14.3 rel1/arm-none-eabi/include/c++/14.3.1/bits\stl_iterator.h ****        *  @return  @c *this
 310:C:/Program Files (x86)/Arm GNU Toolchain arm-none-eabi/14.3 rel1/arm-none-eabi/include/c++/14.3.1/bits\stl_iterator.h ****        *
 311:C:/Program Files (x86)/Arm GNU Toolchain arm-none-eabi/14.3 rel1/arm-none-eabi/include/c++/14.3.1/bits\stl_iterator.h ****        *  Increments the underlying iterator.
 312:C:/Program Files (x86)/Arm GNU Toolchain arm-none-eabi/14.3 rel1/arm-none-eabi/include/c++/14.3.1/bits\stl_iterator.h ****       */
 313:C:/Program Files (x86)/Arm GNU Toolchain arm-none-eabi/14.3 rel1/arm-none-eabi/include/c++/14.3.1/bits\stl_iterator.h ****       _GLIBCXX17_CONSTEXPR reverse_iterator&
 314:C:/Program Files (x86)/Arm GNU Toolchain arm-none-eabi/14.3 rel1/arm-none-eabi/include/c++/14.3.1/bits\stl_iterator.h ****       operator--()
 315:C:/Program Files (x86)/Arm GNU Toolchain arm-none-eabi/14.3 rel1/arm-none-eabi/include/c++/14.3.1/bits\stl_iterator.h ****       {
 316:C:/Program Files (x86)/Arm GNU Toolchain arm-none-eabi/14.3 rel1/arm-none-eabi/include/c++/14.3.1/bits\stl_iterator.h **** 	++current;
 317:C:/Program Files (x86)/Arm GNU Toolchain arm-none-eabi/14.3 rel1/arm-none-eabi/include/c++/14.3.1/bits\stl_iterator.h **** 	return *this;
 318:C:/Program Files (x86)/Arm GNU Toolchain arm-none-eabi/14.3 rel1/arm-none-eabi/include/c++/14.3.1/bits\stl_iterator.h ****       }
 319:C:/Program Files (x86)/Arm GNU Toolchain arm-none-eabi/14.3 rel1/arm-none-eabi/include/c++/14.3.1/bits\stl_iterator.h **** 
 320:C:/Program Files (x86)/Arm GNU Toolchain arm-none-eabi/14.3 rel1/arm-none-eabi/include/c++/14.3.1/bits\stl_iterator.h ****       /**
ARM GAS  C:\Users\Oliver\AppData\Local\Temp\cc4VwjOw.s 			page 69


 321:C:/Program Files (x86)/Arm GNU Toolchain arm-none-eabi/14.3 rel1/arm-none-eabi/include/c++/14.3.1/bits\stl_iterator.h ****        *  @return  A reverse_iterator with the previous value of @c *this
 322:C:/Program Files (x86)/Arm GNU Toolchain arm-none-eabi/14.3 rel1/arm-none-eabi/include/c++/14.3.1/bits\stl_iterator.h ****        *
 323:C:/Program Files (x86)/Arm GNU Toolchain arm-none-eabi/14.3 rel1/arm-none-eabi/include/c++/14.3.1/bits\stl_iterator.h ****        *  Increments the underlying iterator.
 324:C:/Program Files (x86)/Arm GNU Toolchain arm-none-eabi/14.3 rel1/arm-none-eabi/include/c++/14.3.1/bits\stl_iterator.h ****       */
 325:C:/Program Files (x86)/Arm GNU Toolchain arm-none-eabi/14.3 rel1/arm-none-eabi/include/c++/14.3.1/bits\stl_iterator.h ****       _GLIBCXX17_CONSTEXPR reverse_iterator
 326:C:/Program Files (x86)/Arm GNU Toolchain arm-none-eabi/14.3 rel1/arm-none-eabi/include/c++/14.3.1/bits\stl_iterator.h ****       operator--(int)
 327:C:/Program Files (x86)/Arm GNU Toolchain arm-none-eabi/14.3 rel1/arm-none-eabi/include/c++/14.3.1/bits\stl_iterator.h ****       {
 328:C:/Program Files (x86)/Arm GNU Toolchain arm-none-eabi/14.3 rel1/arm-none-eabi/include/c++/14.3.1/bits\stl_iterator.h **** 	reverse_iterator __tmp = *this;
 329:C:/Program Files (x86)/Arm GNU Toolchain arm-none-eabi/14.3 rel1/arm-none-eabi/include/c++/14.3.1/bits\stl_iterator.h **** 	++current;
 330:C:/Program Files (x86)/Arm GNU Toolchain arm-none-eabi/14.3 rel1/arm-none-eabi/include/c++/14.3.1/bits\stl_iterator.h **** 	return __tmp;
 331:C:/Program Files (x86)/Arm GNU Toolchain arm-none-eabi/14.3 rel1/arm-none-eabi/include/c++/14.3.1/bits\stl_iterator.h ****       }
 332:C:/Program Files (x86)/Arm GNU Toolchain arm-none-eabi/14.3 rel1/arm-none-eabi/include/c++/14.3.1/bits\stl_iterator.h **** 
 333:C:/Program Files (x86)/Arm GNU Toolchain arm-none-eabi/14.3 rel1/arm-none-eabi/include/c++/14.3.1/bits\stl_iterator.h ****       /**
 334:C:/Program Files (x86)/Arm GNU Toolchain arm-none-eabi/14.3 rel1/arm-none-eabi/include/c++/14.3.1/bits\stl_iterator.h ****        *  @return  A reverse_iterator that refers to @c current - @a __n
 335:C:/Program Files (x86)/Arm GNU Toolchain arm-none-eabi/14.3 rel1/arm-none-eabi/include/c++/14.3.1/bits\stl_iterator.h ****        *
 336:C:/Program Files (x86)/Arm GNU Toolchain arm-none-eabi/14.3 rel1/arm-none-eabi/include/c++/14.3.1/bits\stl_iterator.h ****        *  The underlying iterator must be a Random Access Iterator.
 337:C:/Program Files (x86)/Arm GNU Toolchain arm-none-eabi/14.3 rel1/arm-none-eabi/include/c++/14.3.1/bits\stl_iterator.h ****       */
 338:C:/Program Files (x86)/Arm GNU Toolchain arm-none-eabi/14.3 rel1/arm-none-eabi/include/c++/14.3.1/bits\stl_iterator.h ****       _GLIBCXX_NODISCARD
 339:C:/Program Files (x86)/Arm GNU Toolchain arm-none-eabi/14.3 rel1/arm-none-eabi/include/c++/14.3.1/bits\stl_iterator.h ****       _GLIBCXX17_CONSTEXPR reverse_iterator
 340:C:/Program Files (x86)/Arm GNU Toolchain arm-none-eabi/14.3 rel1/arm-none-eabi/include/c++/14.3.1/bits\stl_iterator.h ****       operator+(difference_type __n) const
 341:C:/Program Files (x86)/Arm GNU Toolchain arm-none-eabi/14.3 rel1/arm-none-eabi/include/c++/14.3.1/bits\stl_iterator.h ****       { return reverse_iterator(current - __n); }
 342:C:/Program Files (x86)/Arm GNU Toolchain arm-none-eabi/14.3 rel1/arm-none-eabi/include/c++/14.3.1/bits\stl_iterator.h **** 
 343:C:/Program Files (x86)/Arm GNU Toolchain arm-none-eabi/14.3 rel1/arm-none-eabi/include/c++/14.3.1/bits\stl_iterator.h ****       /**
 344:C:/Program Files (x86)/Arm GNU Toolchain arm-none-eabi/14.3 rel1/arm-none-eabi/include/c++/14.3.1/bits\stl_iterator.h ****        *  @return  *this
 345:C:/Program Files (x86)/Arm GNU Toolchain arm-none-eabi/14.3 rel1/arm-none-eabi/include/c++/14.3.1/bits\stl_iterator.h ****        *
 346:C:/Program Files (x86)/Arm GNU Toolchain arm-none-eabi/14.3 rel1/arm-none-eabi/include/c++/14.3.1/bits\stl_iterator.h ****        *  Moves the underlying iterator backwards @a __n steps.
 347:C:/Program Files (x86)/Arm GNU Toolchain arm-none-eabi/14.3 rel1/arm-none-eabi/include/c++/14.3.1/bits\stl_iterator.h ****        *  The underlying iterator must be a Random Access Iterator.
 348:C:/Program Files (x86)/Arm GNU Toolchain arm-none-eabi/14.3 rel1/arm-none-eabi/include/c++/14.3.1/bits\stl_iterator.h ****       */
 349:C:/Program Files (x86)/Arm GNU Toolchain arm-none-eabi/14.3 rel1/arm-none-eabi/include/c++/14.3.1/bits\stl_iterator.h ****       _GLIBCXX17_CONSTEXPR reverse_iterator&
 350:C:/Program Files (x86)/Arm GNU Toolchain arm-none-eabi/14.3 rel1/arm-none-eabi/include/c++/14.3.1/bits\stl_iterator.h ****       operator+=(difference_type __n)
 351:C:/Program Files (x86)/Arm GNU Toolchain arm-none-eabi/14.3 rel1/arm-none-eabi/include/c++/14.3.1/bits\stl_iterator.h ****       {
 352:C:/Program Files (x86)/Arm GNU Toolchain arm-none-eabi/14.3 rel1/arm-none-eabi/include/c++/14.3.1/bits\stl_iterator.h **** 	current -= __n;
 353:C:/Program Files (x86)/Arm GNU Toolchain arm-none-eabi/14.3 rel1/arm-none-eabi/include/c++/14.3.1/bits\stl_iterator.h **** 	return *this;
 354:C:/Program Files (x86)/Arm GNU Toolchain arm-none-eabi/14.3 rel1/arm-none-eabi/include/c++/14.3.1/bits\stl_iterator.h ****       }
 355:C:/Program Files (x86)/Arm GNU Toolchain arm-none-eabi/14.3 rel1/arm-none-eabi/include/c++/14.3.1/bits\stl_iterator.h **** 
 356:C:/Program Files (x86)/Arm GNU Toolchain arm-none-eabi/14.3 rel1/arm-none-eabi/include/c++/14.3.1/bits\stl_iterator.h ****       /**
 357:C:/Program Files (x86)/Arm GNU Toolchain arm-none-eabi/14.3 rel1/arm-none-eabi/include/c++/14.3.1/bits\stl_iterator.h ****        *  @return  A reverse_iterator that refers to @c current - @a __n
 358:C:/Program Files (x86)/Arm GNU Toolchain arm-none-eabi/14.3 rel1/arm-none-eabi/include/c++/14.3.1/bits\stl_iterator.h ****        *
 359:C:/Program Files (x86)/Arm GNU Toolchain arm-none-eabi/14.3 rel1/arm-none-eabi/include/c++/14.3.1/bits\stl_iterator.h ****        *  The underlying iterator must be a Random Access Iterator.
 360:C:/Program Files (x86)/Arm GNU Toolchain arm-none-eabi/14.3 rel1/arm-none-eabi/include/c++/14.3.1/bits\stl_iterator.h ****       */
 361:C:/Program Files (x86)/Arm GNU Toolchain arm-none-eabi/14.3 rel1/arm-none-eabi/include/c++/14.3.1/bits\stl_iterator.h ****       _GLIBCXX_NODISCARD
 362:C:/Program Files (x86)/Arm GNU Toolchain arm-none-eabi/14.3 rel1/arm-none-eabi/include/c++/14.3.1/bits\stl_iterator.h ****       _GLIBCXX17_CONSTEXPR reverse_iterator
 363:C:/Program Files (x86)/Arm GNU Toolchain arm-none-eabi/14.3 rel1/arm-none-eabi/include/c++/14.3.1/bits\stl_iterator.h ****       operator-(difference_type __n) const
 364:C:/Program Files (x86)/Arm GNU Toolchain arm-none-eabi/14.3 rel1/arm-none-eabi/include/c++/14.3.1/bits\stl_iterator.h ****       { return reverse_iterator(current + __n); }
 365:C:/Program Files (x86)/Arm GNU Toolchain arm-none-eabi/14.3 rel1/arm-none-eabi/include/c++/14.3.1/bits\stl_iterator.h **** 
 366:C:/Program Files (x86)/Arm GNU Toolchain arm-none-eabi/14.3 rel1/arm-none-eabi/include/c++/14.3.1/bits\stl_iterator.h ****       /**
 367:C:/Program Files (x86)/Arm GNU Toolchain arm-none-eabi/14.3 rel1/arm-none-eabi/include/c++/14.3.1/bits\stl_iterator.h ****        *  @return  *this
 368:C:/Program Files (x86)/Arm GNU Toolchain arm-none-eabi/14.3 rel1/arm-none-eabi/include/c++/14.3.1/bits\stl_iterator.h ****        *
 369:C:/Program Files (x86)/Arm GNU Toolchain arm-none-eabi/14.3 rel1/arm-none-eabi/include/c++/14.3.1/bits\stl_iterator.h ****        *  Moves the underlying iterator forwards @a __n steps.
 370:C:/Program Files (x86)/Arm GNU Toolchain arm-none-eabi/14.3 rel1/arm-none-eabi/include/c++/14.3.1/bits\stl_iterator.h ****        *  The underlying iterator must be a Random Access Iterator.
 371:C:/Program Files (x86)/Arm GNU Toolchain arm-none-eabi/14.3 rel1/arm-none-eabi/include/c++/14.3.1/bits\stl_iterator.h ****       */
 372:C:/Program Files (x86)/Arm GNU Toolchain arm-none-eabi/14.3 rel1/arm-none-eabi/include/c++/14.3.1/bits\stl_iterator.h ****       _GLIBCXX17_CONSTEXPR reverse_iterator&
 373:C:/Program Files (x86)/Arm GNU Toolchain arm-none-eabi/14.3 rel1/arm-none-eabi/include/c++/14.3.1/bits\stl_iterator.h ****       operator-=(difference_type __n)
 374:C:/Program Files (x86)/Arm GNU Toolchain arm-none-eabi/14.3 rel1/arm-none-eabi/include/c++/14.3.1/bits\stl_iterator.h ****       {
 375:C:/Program Files (x86)/Arm GNU Toolchain arm-none-eabi/14.3 rel1/arm-none-eabi/include/c++/14.3.1/bits\stl_iterator.h **** 	current += __n;
 376:C:/Program Files (x86)/Arm GNU Toolchain arm-none-eabi/14.3 rel1/arm-none-eabi/include/c++/14.3.1/bits\stl_iterator.h **** 	return *this;
 377:C:/Program Files (x86)/Arm GNU Toolchain arm-none-eabi/14.3 rel1/arm-none-eabi/include/c++/14.3.1/bits\stl_iterator.h ****       }
ARM GAS  C:\Users\Oliver\AppData\Local\Temp\cc4VwjOw.s 			page 70


 378:C:/Program Files (x86)/Arm GNU Toolchain arm-none-eabi/14.3 rel1/arm-none-eabi/include/c++/14.3.1/bits\stl_iterator.h **** 
 379:C:/Program Files (x86)/Arm GNU Toolchain arm-none-eabi/14.3 rel1/arm-none-eabi/include/c++/14.3.1/bits\stl_iterator.h ****       /**
 380:C:/Program Files (x86)/Arm GNU Toolchain arm-none-eabi/14.3 rel1/arm-none-eabi/include/c++/14.3.1/bits\stl_iterator.h ****        *  @return  The value at @c current - @a __n - 1
 381:C:/Program Files (x86)/Arm GNU Toolchain arm-none-eabi/14.3 rel1/arm-none-eabi/include/c++/14.3.1/bits\stl_iterator.h ****        *
 382:C:/Program Files (x86)/Arm GNU Toolchain arm-none-eabi/14.3 rel1/arm-none-eabi/include/c++/14.3.1/bits\stl_iterator.h ****        *  The underlying iterator must be a Random Access Iterator.
 383:C:/Program Files (x86)/Arm GNU Toolchain arm-none-eabi/14.3 rel1/arm-none-eabi/include/c++/14.3.1/bits\stl_iterator.h ****       */
 384:C:/Program Files (x86)/Arm GNU Toolchain arm-none-eabi/14.3 rel1/arm-none-eabi/include/c++/14.3.1/bits\stl_iterator.h ****       _GLIBCXX_NODISCARD
 385:C:/Program Files (x86)/Arm GNU Toolchain arm-none-eabi/14.3 rel1/arm-none-eabi/include/c++/14.3.1/bits\stl_iterator.h ****       _GLIBCXX17_CONSTEXPR reference
 386:C:/Program Files (x86)/Arm GNU Toolchain arm-none-eabi/14.3 rel1/arm-none-eabi/include/c++/14.3.1/bits\stl_iterator.h ****       operator[](difference_type __n) const
 387:C:/Program Files (x86)/Arm GNU Toolchain arm-none-eabi/14.3 rel1/arm-none-eabi/include/c++/14.3.1/bits\stl_iterator.h ****       { return *(*this + __n); }
 388:C:/Program Files (x86)/Arm GNU Toolchain arm-none-eabi/14.3 rel1/arm-none-eabi/include/c++/14.3.1/bits\stl_iterator.h **** 
 389:C:/Program Files (x86)/Arm GNU Toolchain arm-none-eabi/14.3 rel1/arm-none-eabi/include/c++/14.3.1/bits\stl_iterator.h **** #if __cplusplus > 201703L && __glibcxx_concepts
 390:C:/Program Files (x86)/Arm GNU Toolchain arm-none-eabi/14.3 rel1/arm-none-eabi/include/c++/14.3.1/bits\stl_iterator.h ****       [[nodiscard]]
 391:C:/Program Files (x86)/Arm GNU Toolchain arm-none-eabi/14.3 rel1/arm-none-eabi/include/c++/14.3.1/bits\stl_iterator.h ****       friend constexpr iter_rvalue_reference_t<_Iterator>
 392:C:/Program Files (x86)/Arm GNU Toolchain arm-none-eabi/14.3 rel1/arm-none-eabi/include/c++/14.3.1/bits\stl_iterator.h ****       iter_move(const reverse_iterator& __i)
 393:C:/Program Files (x86)/Arm GNU Toolchain arm-none-eabi/14.3 rel1/arm-none-eabi/include/c++/14.3.1/bits\stl_iterator.h ****       noexcept(is_nothrow_copy_constructible_v<_Iterator>
 394:C:/Program Files (x86)/Arm GNU Toolchain arm-none-eabi/14.3 rel1/arm-none-eabi/include/c++/14.3.1/bits\stl_iterator.h **** 	       && noexcept(ranges::iter_move(--std::declval<_Iterator&>())))
 395:C:/Program Files (x86)/Arm GNU Toolchain arm-none-eabi/14.3 rel1/arm-none-eabi/include/c++/14.3.1/bits\stl_iterator.h ****       {
 396:C:/Program Files (x86)/Arm GNU Toolchain arm-none-eabi/14.3 rel1/arm-none-eabi/include/c++/14.3.1/bits\stl_iterator.h **** 	auto __tmp = __i.base();
 397:C:/Program Files (x86)/Arm GNU Toolchain arm-none-eabi/14.3 rel1/arm-none-eabi/include/c++/14.3.1/bits\stl_iterator.h **** 	return ranges::iter_move(--__tmp);
 398:C:/Program Files (x86)/Arm GNU Toolchain arm-none-eabi/14.3 rel1/arm-none-eabi/include/c++/14.3.1/bits\stl_iterator.h ****       }
 399:C:/Program Files (x86)/Arm GNU Toolchain arm-none-eabi/14.3 rel1/arm-none-eabi/include/c++/14.3.1/bits\stl_iterator.h **** 
 400:C:/Program Files (x86)/Arm GNU Toolchain arm-none-eabi/14.3 rel1/arm-none-eabi/include/c++/14.3.1/bits\stl_iterator.h ****       template<indirectly_swappable<_Iterator> _Iter2>
 401:C:/Program Files (x86)/Arm GNU Toolchain arm-none-eabi/14.3 rel1/arm-none-eabi/include/c++/14.3.1/bits\stl_iterator.h **** 	friend constexpr void
 402:C:/Program Files (x86)/Arm GNU Toolchain arm-none-eabi/14.3 rel1/arm-none-eabi/include/c++/14.3.1/bits\stl_iterator.h **** 	iter_swap(const reverse_iterator& __x,
 403:C:/Program Files (x86)/Arm GNU Toolchain arm-none-eabi/14.3 rel1/arm-none-eabi/include/c++/14.3.1/bits\stl_iterator.h **** 		  const reverse_iterator<_Iter2>& __y)
 404:C:/Program Files (x86)/Arm GNU Toolchain arm-none-eabi/14.3 rel1/arm-none-eabi/include/c++/14.3.1/bits\stl_iterator.h **** 	noexcept(is_nothrow_copy_constructible_v<_Iterator>
 405:C:/Program Files (x86)/Arm GNU Toolchain arm-none-eabi/14.3 rel1/arm-none-eabi/include/c++/14.3.1/bits\stl_iterator.h **** 		 && is_nothrow_copy_constructible_v<_Iter2>
 406:C:/Program Files (x86)/Arm GNU Toolchain arm-none-eabi/14.3 rel1/arm-none-eabi/include/c++/14.3.1/bits\stl_iterator.h **** 		 && noexcept(ranges::iter_swap(--std::declval<_Iterator&>(),
 407:C:/Program Files (x86)/Arm GNU Toolchain arm-none-eabi/14.3 rel1/arm-none-eabi/include/c++/14.3.1/bits\stl_iterator.h **** 					       --std::declval<_Iter2&>())))
 408:C:/Program Files (x86)/Arm GNU Toolchain arm-none-eabi/14.3 rel1/arm-none-eabi/include/c++/14.3.1/bits\stl_iterator.h **** 	{
 409:C:/Program Files (x86)/Arm GNU Toolchain arm-none-eabi/14.3 rel1/arm-none-eabi/include/c++/14.3.1/bits\stl_iterator.h **** 	  auto __xtmp = __x.base();
 410:C:/Program Files (x86)/Arm GNU Toolchain arm-none-eabi/14.3 rel1/arm-none-eabi/include/c++/14.3.1/bits\stl_iterator.h **** 	  auto __ytmp = __y.base();
 411:C:/Program Files (x86)/Arm GNU Toolchain arm-none-eabi/14.3 rel1/arm-none-eabi/include/c++/14.3.1/bits\stl_iterator.h **** 	  ranges::iter_swap(--__xtmp, --__ytmp);
 412:C:/Program Files (x86)/Arm GNU Toolchain arm-none-eabi/14.3 rel1/arm-none-eabi/include/c++/14.3.1/bits\stl_iterator.h **** 	}
 413:C:/Program Files (x86)/Arm GNU Toolchain arm-none-eabi/14.3 rel1/arm-none-eabi/include/c++/14.3.1/bits\stl_iterator.h **** #endif
 414:C:/Program Files (x86)/Arm GNU Toolchain arm-none-eabi/14.3 rel1/arm-none-eabi/include/c++/14.3.1/bits\stl_iterator.h **** 
 415:C:/Program Files (x86)/Arm GNU Toolchain arm-none-eabi/14.3 rel1/arm-none-eabi/include/c++/14.3.1/bits\stl_iterator.h ****     private:
 416:C:/Program Files (x86)/Arm GNU Toolchain arm-none-eabi/14.3 rel1/arm-none-eabi/include/c++/14.3.1/bits\stl_iterator.h ****       template<typename _Tp>
 417:C:/Program Files (x86)/Arm GNU Toolchain arm-none-eabi/14.3 rel1/arm-none-eabi/include/c++/14.3.1/bits\stl_iterator.h **** 	static _GLIBCXX17_CONSTEXPR _Tp*
 418:C:/Program Files (x86)/Arm GNU Toolchain arm-none-eabi/14.3 rel1/arm-none-eabi/include/c++/14.3.1/bits\stl_iterator.h **** 	_S_to_pointer(_Tp* __p)
 419:C:/Program Files (x86)/Arm GNU Toolchain arm-none-eabi/14.3 rel1/arm-none-eabi/include/c++/14.3.1/bits\stl_iterator.h ****         { return __p; }
 420:C:/Program Files (x86)/Arm GNU Toolchain arm-none-eabi/14.3 rel1/arm-none-eabi/include/c++/14.3.1/bits\stl_iterator.h **** 
 421:C:/Program Files (x86)/Arm GNU Toolchain arm-none-eabi/14.3 rel1/arm-none-eabi/include/c++/14.3.1/bits\stl_iterator.h ****       template<typename _Tp>
 422:C:/Program Files (x86)/Arm GNU Toolchain arm-none-eabi/14.3 rel1/arm-none-eabi/include/c++/14.3.1/bits\stl_iterator.h **** 	static _GLIBCXX17_CONSTEXPR pointer
 423:C:/Program Files (x86)/Arm GNU Toolchain arm-none-eabi/14.3 rel1/arm-none-eabi/include/c++/14.3.1/bits\stl_iterator.h **** 	_S_to_pointer(_Tp __t)
 424:C:/Program Files (x86)/Arm GNU Toolchain arm-none-eabi/14.3 rel1/arm-none-eabi/include/c++/14.3.1/bits\stl_iterator.h ****         { return __t.operator->(); }
 425:C:/Program Files (x86)/Arm GNU Toolchain arm-none-eabi/14.3 rel1/arm-none-eabi/include/c++/14.3.1/bits\stl_iterator.h ****     };
 426:C:/Program Files (x86)/Arm GNU Toolchain arm-none-eabi/14.3 rel1/arm-none-eabi/include/c++/14.3.1/bits\stl_iterator.h **** 
 427:C:/Program Files (x86)/Arm GNU Toolchain arm-none-eabi/14.3 rel1/arm-none-eabi/include/c++/14.3.1/bits\stl_iterator.h ****   ///@{
 428:C:/Program Files (x86)/Arm GNU Toolchain arm-none-eabi/14.3 rel1/arm-none-eabi/include/c++/14.3.1/bits\stl_iterator.h ****   /**
 429:C:/Program Files (x86)/Arm GNU Toolchain arm-none-eabi/14.3 rel1/arm-none-eabi/include/c++/14.3.1/bits\stl_iterator.h ****    *  @param  __x  A %reverse_iterator.
 430:C:/Program Files (x86)/Arm GNU Toolchain arm-none-eabi/14.3 rel1/arm-none-eabi/include/c++/14.3.1/bits\stl_iterator.h ****    *  @param  __y  A %reverse_iterator.
 431:C:/Program Files (x86)/Arm GNU Toolchain arm-none-eabi/14.3 rel1/arm-none-eabi/include/c++/14.3.1/bits\stl_iterator.h ****    *  @return  A simple bool.
 432:C:/Program Files (x86)/Arm GNU Toolchain arm-none-eabi/14.3 rel1/arm-none-eabi/include/c++/14.3.1/bits\stl_iterator.h ****    *
 433:C:/Program Files (x86)/Arm GNU Toolchain arm-none-eabi/14.3 rel1/arm-none-eabi/include/c++/14.3.1/bits\stl_iterator.h ****    *  Reverse iterators forward comparisons to their underlying base()
 434:C:/Program Files (x86)/Arm GNU Toolchain arm-none-eabi/14.3 rel1/arm-none-eabi/include/c++/14.3.1/bits\stl_iterator.h ****    *  iterators.
ARM GAS  C:\Users\Oliver\AppData\Local\Temp\cc4VwjOw.s 			page 71


 435:C:/Program Files (x86)/Arm GNU Toolchain arm-none-eabi/14.3 rel1/arm-none-eabi/include/c++/14.3.1/bits\stl_iterator.h ****    *
 436:C:/Program Files (x86)/Arm GNU Toolchain arm-none-eabi/14.3 rel1/arm-none-eabi/include/c++/14.3.1/bits\stl_iterator.h ****   */
 437:C:/Program Files (x86)/Arm GNU Toolchain arm-none-eabi/14.3 rel1/arm-none-eabi/include/c++/14.3.1/bits\stl_iterator.h **** #if __cplusplus <= 201703L || ! defined __glibcxx_concepts
 438:C:/Program Files (x86)/Arm GNU Toolchain arm-none-eabi/14.3 rel1/arm-none-eabi/include/c++/14.3.1/bits\stl_iterator.h ****   template<typename _Iterator>
 439:C:/Program Files (x86)/Arm GNU Toolchain arm-none-eabi/14.3 rel1/arm-none-eabi/include/c++/14.3.1/bits\stl_iterator.h ****     _GLIBCXX_NODISCARD
 440:C:/Program Files (x86)/Arm GNU Toolchain arm-none-eabi/14.3 rel1/arm-none-eabi/include/c++/14.3.1/bits\stl_iterator.h ****     inline _GLIBCXX17_CONSTEXPR bool
 441:C:/Program Files (x86)/Arm GNU Toolchain arm-none-eabi/14.3 rel1/arm-none-eabi/include/c++/14.3.1/bits\stl_iterator.h ****     operator==(const reverse_iterator<_Iterator>& __x,
 442:C:/Program Files (x86)/Arm GNU Toolchain arm-none-eabi/14.3 rel1/arm-none-eabi/include/c++/14.3.1/bits\stl_iterator.h **** 	       const reverse_iterator<_Iterator>& __y)
 443:C:/Program Files (x86)/Arm GNU Toolchain arm-none-eabi/14.3 rel1/arm-none-eabi/include/c++/14.3.1/bits\stl_iterator.h ****     { return __x.base() == __y.base(); }
 444:C:/Program Files (x86)/Arm GNU Toolchain arm-none-eabi/14.3 rel1/arm-none-eabi/include/c++/14.3.1/bits\stl_iterator.h **** 
 445:C:/Program Files (x86)/Arm GNU Toolchain arm-none-eabi/14.3 rel1/arm-none-eabi/include/c++/14.3.1/bits\stl_iterator.h ****   template<typename _Iterator>
 446:C:/Program Files (x86)/Arm GNU Toolchain arm-none-eabi/14.3 rel1/arm-none-eabi/include/c++/14.3.1/bits\stl_iterator.h ****     _GLIBCXX_NODISCARD
 447:C:/Program Files (x86)/Arm GNU Toolchain arm-none-eabi/14.3 rel1/arm-none-eabi/include/c++/14.3.1/bits\stl_iterator.h ****     inline _GLIBCXX17_CONSTEXPR bool
 448:C:/Program Files (x86)/Arm GNU Toolchain arm-none-eabi/14.3 rel1/arm-none-eabi/include/c++/14.3.1/bits\stl_iterator.h ****     operator<(const reverse_iterator<_Iterator>& __x,
 449:C:/Program Files (x86)/Arm GNU Toolchain arm-none-eabi/14.3 rel1/arm-none-eabi/include/c++/14.3.1/bits\stl_iterator.h **** 	      const reverse_iterator<_Iterator>& __y)
 450:C:/Program Files (x86)/Arm GNU Toolchain arm-none-eabi/14.3 rel1/arm-none-eabi/include/c++/14.3.1/bits\stl_iterator.h ****     { return __y.base() < __x.base(); }
 451:C:/Program Files (x86)/Arm GNU Toolchain arm-none-eabi/14.3 rel1/arm-none-eabi/include/c++/14.3.1/bits\stl_iterator.h **** 
 452:C:/Program Files (x86)/Arm GNU Toolchain arm-none-eabi/14.3 rel1/arm-none-eabi/include/c++/14.3.1/bits\stl_iterator.h ****   template<typename _Iterator>
 453:C:/Program Files (x86)/Arm GNU Toolchain arm-none-eabi/14.3 rel1/arm-none-eabi/include/c++/14.3.1/bits\stl_iterator.h ****     _GLIBCXX_NODISCARD
 454:C:/Program Files (x86)/Arm GNU Toolchain arm-none-eabi/14.3 rel1/arm-none-eabi/include/c++/14.3.1/bits\stl_iterator.h ****     inline _GLIBCXX17_CONSTEXPR bool
 455:C:/Program Files (x86)/Arm GNU Toolchain arm-none-eabi/14.3 rel1/arm-none-eabi/include/c++/14.3.1/bits\stl_iterator.h ****     operator!=(const reverse_iterator<_Iterator>& __x,
 456:C:/Program Files (x86)/Arm GNU Toolchain arm-none-eabi/14.3 rel1/arm-none-eabi/include/c++/14.3.1/bits\stl_iterator.h **** 	       const reverse_iterator<_Iterator>& __y)
 457:C:/Program Files (x86)/Arm GNU Toolchain arm-none-eabi/14.3 rel1/arm-none-eabi/include/c++/14.3.1/bits\stl_iterator.h ****     { return !(__x == __y); }
 458:C:/Program Files (x86)/Arm GNU Toolchain arm-none-eabi/14.3 rel1/arm-none-eabi/include/c++/14.3.1/bits\stl_iterator.h **** 
 459:C:/Program Files (x86)/Arm GNU Toolchain arm-none-eabi/14.3 rel1/arm-none-eabi/include/c++/14.3.1/bits\stl_iterator.h ****   template<typename _Iterator>
 460:C:/Program Files (x86)/Arm GNU Toolchain arm-none-eabi/14.3 rel1/arm-none-eabi/include/c++/14.3.1/bits\stl_iterator.h ****     _GLIBCXX_NODISCARD
 461:C:/Program Files (x86)/Arm GNU Toolchain arm-none-eabi/14.3 rel1/arm-none-eabi/include/c++/14.3.1/bits\stl_iterator.h ****     inline _GLIBCXX17_CONSTEXPR bool
 462:C:/Program Files (x86)/Arm GNU Toolchain arm-none-eabi/14.3 rel1/arm-none-eabi/include/c++/14.3.1/bits\stl_iterator.h ****     operator>(const reverse_iterator<_Iterator>& __x,
 463:C:/Program Files (x86)/Arm GNU Toolchain arm-none-eabi/14.3 rel1/arm-none-eabi/include/c++/14.3.1/bits\stl_iterator.h **** 	      const reverse_iterator<_Iterator>& __y)
 464:C:/Program Files (x86)/Arm GNU Toolchain arm-none-eabi/14.3 rel1/arm-none-eabi/include/c++/14.3.1/bits\stl_iterator.h ****     { return __y < __x; }
 465:C:/Program Files (x86)/Arm GNU Toolchain arm-none-eabi/14.3 rel1/arm-none-eabi/include/c++/14.3.1/bits\stl_iterator.h **** 
 466:C:/Program Files (x86)/Arm GNU Toolchain arm-none-eabi/14.3 rel1/arm-none-eabi/include/c++/14.3.1/bits\stl_iterator.h ****   template<typename _Iterator>
 467:C:/Program Files (x86)/Arm GNU Toolchain arm-none-eabi/14.3 rel1/arm-none-eabi/include/c++/14.3.1/bits\stl_iterator.h ****     _GLIBCXX_NODISCARD
 468:C:/Program Files (x86)/Arm GNU Toolchain arm-none-eabi/14.3 rel1/arm-none-eabi/include/c++/14.3.1/bits\stl_iterator.h ****     inline _GLIBCXX17_CONSTEXPR bool
 469:C:/Program Files (x86)/Arm GNU Toolchain arm-none-eabi/14.3 rel1/arm-none-eabi/include/c++/14.3.1/bits\stl_iterator.h ****     operator<=(const reverse_iterator<_Iterator>& __x,
 470:C:/Program Files (x86)/Arm GNU Toolchain arm-none-eabi/14.3 rel1/arm-none-eabi/include/c++/14.3.1/bits\stl_iterator.h **** 	       const reverse_iterator<_Iterator>& __y)
 471:C:/Program Files (x86)/Arm GNU Toolchain arm-none-eabi/14.3 rel1/arm-none-eabi/include/c++/14.3.1/bits\stl_iterator.h ****     { return !(__y < __x); }
 472:C:/Program Files (x86)/Arm GNU Toolchain arm-none-eabi/14.3 rel1/arm-none-eabi/include/c++/14.3.1/bits\stl_iterator.h **** 
 473:C:/Program Files (x86)/Arm GNU Toolchain arm-none-eabi/14.3 rel1/arm-none-eabi/include/c++/14.3.1/bits\stl_iterator.h ****   template<typename _Iterator>
 474:C:/Program Files (x86)/Arm GNU Toolchain arm-none-eabi/14.3 rel1/arm-none-eabi/include/c++/14.3.1/bits\stl_iterator.h ****     _GLIBCXX_NODISCARD
 475:C:/Program Files (x86)/Arm GNU Toolchain arm-none-eabi/14.3 rel1/arm-none-eabi/include/c++/14.3.1/bits\stl_iterator.h ****     inline _GLIBCXX17_CONSTEXPR bool
 476:C:/Program Files (x86)/Arm GNU Toolchain arm-none-eabi/14.3 rel1/arm-none-eabi/include/c++/14.3.1/bits\stl_iterator.h ****     operator>=(const reverse_iterator<_Iterator>& __x,
 477:C:/Program Files (x86)/Arm GNU Toolchain arm-none-eabi/14.3 rel1/arm-none-eabi/include/c++/14.3.1/bits\stl_iterator.h **** 	       const reverse_iterator<_Iterator>& __y)
 478:C:/Program Files (x86)/Arm GNU Toolchain arm-none-eabi/14.3 rel1/arm-none-eabi/include/c++/14.3.1/bits\stl_iterator.h ****     { return !(__x < __y); }
 479:C:/Program Files (x86)/Arm GNU Toolchain arm-none-eabi/14.3 rel1/arm-none-eabi/include/c++/14.3.1/bits\stl_iterator.h **** 
 480:C:/Program Files (x86)/Arm GNU Toolchain arm-none-eabi/14.3 rel1/arm-none-eabi/include/c++/14.3.1/bits\stl_iterator.h ****   // _GLIBCXX_RESOLVE_LIB_DEFECTS
 481:C:/Program Files (x86)/Arm GNU Toolchain arm-none-eabi/14.3 rel1/arm-none-eabi/include/c++/14.3.1/bits\stl_iterator.h ****   // DR 280. Comparison of reverse_iterator to const reverse_iterator.
 482:C:/Program Files (x86)/Arm GNU Toolchain arm-none-eabi/14.3 rel1/arm-none-eabi/include/c++/14.3.1/bits\stl_iterator.h **** 
 483:C:/Program Files (x86)/Arm GNU Toolchain arm-none-eabi/14.3 rel1/arm-none-eabi/include/c++/14.3.1/bits\stl_iterator.h ****   template<typename _IteratorL, typename _IteratorR>
 484:C:/Program Files (x86)/Arm GNU Toolchain arm-none-eabi/14.3 rel1/arm-none-eabi/include/c++/14.3.1/bits\stl_iterator.h ****     _GLIBCXX_NODISCARD
 485:C:/Program Files (x86)/Arm GNU Toolchain arm-none-eabi/14.3 rel1/arm-none-eabi/include/c++/14.3.1/bits\stl_iterator.h ****     inline _GLIBCXX17_CONSTEXPR bool
 486:C:/Program Files (x86)/Arm GNU Toolchain arm-none-eabi/14.3 rel1/arm-none-eabi/include/c++/14.3.1/bits\stl_iterator.h ****     operator==(const reverse_iterator<_IteratorL>& __x,
 487:C:/Program Files (x86)/Arm GNU Toolchain arm-none-eabi/14.3 rel1/arm-none-eabi/include/c++/14.3.1/bits\stl_iterator.h **** 	       const reverse_iterator<_IteratorR>& __y)
 488:C:/Program Files (x86)/Arm GNU Toolchain arm-none-eabi/14.3 rel1/arm-none-eabi/include/c++/14.3.1/bits\stl_iterator.h ****     { return __x.base() == __y.base(); }
 489:C:/Program Files (x86)/Arm GNU Toolchain arm-none-eabi/14.3 rel1/arm-none-eabi/include/c++/14.3.1/bits\stl_iterator.h **** 
 490:C:/Program Files (x86)/Arm GNU Toolchain arm-none-eabi/14.3 rel1/arm-none-eabi/include/c++/14.3.1/bits\stl_iterator.h ****   template<typename _IteratorL, typename _IteratorR>
 491:C:/Program Files (x86)/Arm GNU Toolchain arm-none-eabi/14.3 rel1/arm-none-eabi/include/c++/14.3.1/bits\stl_iterator.h ****     _GLIBCXX_NODISCARD
ARM GAS  C:\Users\Oliver\AppData\Local\Temp\cc4VwjOw.s 			page 72


 492:C:/Program Files (x86)/Arm GNU Toolchain arm-none-eabi/14.3 rel1/arm-none-eabi/include/c++/14.3.1/bits\stl_iterator.h ****     inline _GLIBCXX17_CONSTEXPR bool
 493:C:/Program Files (x86)/Arm GNU Toolchain arm-none-eabi/14.3 rel1/arm-none-eabi/include/c++/14.3.1/bits\stl_iterator.h ****     operator<(const reverse_iterator<_IteratorL>& __x,
 494:C:/Program Files (x86)/Arm GNU Toolchain arm-none-eabi/14.3 rel1/arm-none-eabi/include/c++/14.3.1/bits\stl_iterator.h **** 	      const reverse_iterator<_IteratorR>& __y)
 495:C:/Program Files (x86)/Arm GNU Toolchain arm-none-eabi/14.3 rel1/arm-none-eabi/include/c++/14.3.1/bits\stl_iterator.h ****     { return __x.base() > __y.base(); }
 496:C:/Program Files (x86)/Arm GNU Toolchain arm-none-eabi/14.3 rel1/arm-none-eabi/include/c++/14.3.1/bits\stl_iterator.h **** 
 497:C:/Program Files (x86)/Arm GNU Toolchain arm-none-eabi/14.3 rel1/arm-none-eabi/include/c++/14.3.1/bits\stl_iterator.h ****   template<typename _IteratorL, typename _IteratorR>
 498:C:/Program Files (x86)/Arm GNU Toolchain arm-none-eabi/14.3 rel1/arm-none-eabi/include/c++/14.3.1/bits\stl_iterator.h ****     _GLIBCXX_NODISCARD
 499:C:/Program Files (x86)/Arm GNU Toolchain arm-none-eabi/14.3 rel1/arm-none-eabi/include/c++/14.3.1/bits\stl_iterator.h ****     inline _GLIBCXX17_CONSTEXPR bool
 500:C:/Program Files (x86)/Arm GNU Toolchain arm-none-eabi/14.3 rel1/arm-none-eabi/include/c++/14.3.1/bits\stl_iterator.h ****     operator!=(const reverse_iterator<_IteratorL>& __x,
 501:C:/Program Files (x86)/Arm GNU Toolchain arm-none-eabi/14.3 rel1/arm-none-eabi/include/c++/14.3.1/bits\stl_iterator.h **** 	       const reverse_iterator<_IteratorR>& __y)
 502:C:/Program Files (x86)/Arm GNU Toolchain arm-none-eabi/14.3 rel1/arm-none-eabi/include/c++/14.3.1/bits\stl_iterator.h ****     { return __x.base() != __y.base(); }
 503:C:/Program Files (x86)/Arm GNU Toolchain arm-none-eabi/14.3 rel1/arm-none-eabi/include/c++/14.3.1/bits\stl_iterator.h **** 
 504:C:/Program Files (x86)/Arm GNU Toolchain arm-none-eabi/14.3 rel1/arm-none-eabi/include/c++/14.3.1/bits\stl_iterator.h ****   template<typename _IteratorL, typename _IteratorR>
 505:C:/Program Files (x86)/Arm GNU Toolchain arm-none-eabi/14.3 rel1/arm-none-eabi/include/c++/14.3.1/bits\stl_iterator.h ****     _GLIBCXX_NODISCARD
 506:C:/Program Files (x86)/Arm GNU Toolchain arm-none-eabi/14.3 rel1/arm-none-eabi/include/c++/14.3.1/bits\stl_iterator.h ****     inline _GLIBCXX17_CONSTEXPR bool
 507:C:/Program Files (x86)/Arm GNU Toolchain arm-none-eabi/14.3 rel1/arm-none-eabi/include/c++/14.3.1/bits\stl_iterator.h ****     operator>(const reverse_iterator<_IteratorL>& __x,
 508:C:/Program Files (x86)/Arm GNU Toolchain arm-none-eabi/14.3 rel1/arm-none-eabi/include/c++/14.3.1/bits\stl_iterator.h **** 	      const reverse_iterator<_IteratorR>& __y)
 509:C:/Program Files (x86)/Arm GNU Toolchain arm-none-eabi/14.3 rel1/arm-none-eabi/include/c++/14.3.1/bits\stl_iterator.h ****     { return __x.base() < __y.base(); }
 510:C:/Program Files (x86)/Arm GNU Toolchain arm-none-eabi/14.3 rel1/arm-none-eabi/include/c++/14.3.1/bits\stl_iterator.h **** 
 511:C:/Program Files (x86)/Arm GNU Toolchain arm-none-eabi/14.3 rel1/arm-none-eabi/include/c++/14.3.1/bits\stl_iterator.h ****   template<typename _IteratorL, typename _IteratorR>
 512:C:/Program Files (x86)/Arm GNU Toolchain arm-none-eabi/14.3 rel1/arm-none-eabi/include/c++/14.3.1/bits\stl_iterator.h ****     inline _GLIBCXX17_CONSTEXPR bool
 513:C:/Program Files (x86)/Arm GNU Toolchain arm-none-eabi/14.3 rel1/arm-none-eabi/include/c++/14.3.1/bits\stl_iterator.h ****     operator<=(const reverse_iterator<_IteratorL>& __x,
 514:C:/Program Files (x86)/Arm GNU Toolchain arm-none-eabi/14.3 rel1/arm-none-eabi/include/c++/14.3.1/bits\stl_iterator.h **** 	       const reverse_iterator<_IteratorR>& __y)
 515:C:/Program Files (x86)/Arm GNU Toolchain arm-none-eabi/14.3 rel1/arm-none-eabi/include/c++/14.3.1/bits\stl_iterator.h ****     { return __x.base() >= __y.base(); }
 516:C:/Program Files (x86)/Arm GNU Toolchain arm-none-eabi/14.3 rel1/arm-none-eabi/include/c++/14.3.1/bits\stl_iterator.h **** 
 517:C:/Program Files (x86)/Arm GNU Toolchain arm-none-eabi/14.3 rel1/arm-none-eabi/include/c++/14.3.1/bits\stl_iterator.h ****   template<typename _IteratorL, typename _IteratorR>
 518:C:/Program Files (x86)/Arm GNU Toolchain arm-none-eabi/14.3 rel1/arm-none-eabi/include/c++/14.3.1/bits\stl_iterator.h ****     _GLIBCXX_NODISCARD
 519:C:/Program Files (x86)/Arm GNU Toolchain arm-none-eabi/14.3 rel1/arm-none-eabi/include/c++/14.3.1/bits\stl_iterator.h ****     inline _GLIBCXX17_CONSTEXPR bool
 520:C:/Program Files (x86)/Arm GNU Toolchain arm-none-eabi/14.3 rel1/arm-none-eabi/include/c++/14.3.1/bits\stl_iterator.h ****     operator>=(const reverse_iterator<_IteratorL>& __x,
 521:C:/Program Files (x86)/Arm GNU Toolchain arm-none-eabi/14.3 rel1/arm-none-eabi/include/c++/14.3.1/bits\stl_iterator.h **** 	       const reverse_iterator<_IteratorR>& __y)
 522:C:/Program Files (x86)/Arm GNU Toolchain arm-none-eabi/14.3 rel1/arm-none-eabi/include/c++/14.3.1/bits\stl_iterator.h ****     { return __x.base() <= __y.base(); }
 523:C:/Program Files (x86)/Arm GNU Toolchain arm-none-eabi/14.3 rel1/arm-none-eabi/include/c++/14.3.1/bits\stl_iterator.h **** #else // C++20
 524:C:/Program Files (x86)/Arm GNU Toolchain arm-none-eabi/14.3 rel1/arm-none-eabi/include/c++/14.3.1/bits\stl_iterator.h ****   template<typename _IteratorL, typename _IteratorR>
 525:C:/Program Files (x86)/Arm GNU Toolchain arm-none-eabi/14.3 rel1/arm-none-eabi/include/c++/14.3.1/bits\stl_iterator.h ****     [[nodiscard]]
 526:C:/Program Files (x86)/Arm GNU Toolchain arm-none-eabi/14.3 rel1/arm-none-eabi/include/c++/14.3.1/bits\stl_iterator.h ****     constexpr bool
 527:C:/Program Files (x86)/Arm GNU Toolchain arm-none-eabi/14.3 rel1/arm-none-eabi/include/c++/14.3.1/bits\stl_iterator.h ****     operator==(const reverse_iterator<_IteratorL>& __x,
 528:C:/Program Files (x86)/Arm GNU Toolchain arm-none-eabi/14.3 rel1/arm-none-eabi/include/c++/14.3.1/bits\stl_iterator.h **** 	       const reverse_iterator<_IteratorR>& __y)
 529:C:/Program Files (x86)/Arm GNU Toolchain arm-none-eabi/14.3 rel1/arm-none-eabi/include/c++/14.3.1/bits\stl_iterator.h ****     requires requires { { __x.base() == __y.base() } -> convertible_to<bool>; }
 530:C:/Program Files (x86)/Arm GNU Toolchain arm-none-eabi/14.3 rel1/arm-none-eabi/include/c++/14.3.1/bits\stl_iterator.h ****     { return __x.base() == __y.base(); }
 531:C:/Program Files (x86)/Arm GNU Toolchain arm-none-eabi/14.3 rel1/arm-none-eabi/include/c++/14.3.1/bits\stl_iterator.h **** 
 532:C:/Program Files (x86)/Arm GNU Toolchain arm-none-eabi/14.3 rel1/arm-none-eabi/include/c++/14.3.1/bits\stl_iterator.h ****   template<typename _IteratorL, typename _IteratorR>
 533:C:/Program Files (x86)/Arm GNU Toolchain arm-none-eabi/14.3 rel1/arm-none-eabi/include/c++/14.3.1/bits\stl_iterator.h ****     [[nodiscard]]
 534:C:/Program Files (x86)/Arm GNU Toolchain arm-none-eabi/14.3 rel1/arm-none-eabi/include/c++/14.3.1/bits\stl_iterator.h ****     constexpr bool
 535:C:/Program Files (x86)/Arm GNU Toolchain arm-none-eabi/14.3 rel1/arm-none-eabi/include/c++/14.3.1/bits\stl_iterator.h ****     operator!=(const reverse_iterator<_IteratorL>& __x,
 536:C:/Program Files (x86)/Arm GNU Toolchain arm-none-eabi/14.3 rel1/arm-none-eabi/include/c++/14.3.1/bits\stl_iterator.h **** 	       const reverse_iterator<_IteratorR>& __y)
 537:C:/Program Files (x86)/Arm GNU Toolchain arm-none-eabi/14.3 rel1/arm-none-eabi/include/c++/14.3.1/bits\stl_iterator.h ****     requires requires { { __x.base() != __y.base() } -> convertible_to<bool>; }
 538:C:/Program Files (x86)/Arm GNU Toolchain arm-none-eabi/14.3 rel1/arm-none-eabi/include/c++/14.3.1/bits\stl_iterator.h ****     { return __x.base() != __y.base(); }
 539:C:/Program Files (x86)/Arm GNU Toolchain arm-none-eabi/14.3 rel1/arm-none-eabi/include/c++/14.3.1/bits\stl_iterator.h **** 
 540:C:/Program Files (x86)/Arm GNU Toolchain arm-none-eabi/14.3 rel1/arm-none-eabi/include/c++/14.3.1/bits\stl_iterator.h ****   template<typename _IteratorL, typename _IteratorR>
 541:C:/Program Files (x86)/Arm GNU Toolchain arm-none-eabi/14.3 rel1/arm-none-eabi/include/c++/14.3.1/bits\stl_iterator.h ****     [[nodiscard]]
 542:C:/Program Files (x86)/Arm GNU Toolchain arm-none-eabi/14.3 rel1/arm-none-eabi/include/c++/14.3.1/bits\stl_iterator.h ****     constexpr bool
 543:C:/Program Files (x86)/Arm GNU Toolchain arm-none-eabi/14.3 rel1/arm-none-eabi/include/c++/14.3.1/bits\stl_iterator.h ****     operator<(const reverse_iterator<_IteratorL>& __x,
 544:C:/Program Files (x86)/Arm GNU Toolchain arm-none-eabi/14.3 rel1/arm-none-eabi/include/c++/14.3.1/bits\stl_iterator.h **** 	      const reverse_iterator<_IteratorR>& __y)
 545:C:/Program Files (x86)/Arm GNU Toolchain arm-none-eabi/14.3 rel1/arm-none-eabi/include/c++/14.3.1/bits\stl_iterator.h ****     requires requires { { __x.base() > __y.base() } -> convertible_to<bool>; }
 546:C:/Program Files (x86)/Arm GNU Toolchain arm-none-eabi/14.3 rel1/arm-none-eabi/include/c++/14.3.1/bits\stl_iterator.h ****     { return __x.base() > __y.base(); }
 547:C:/Program Files (x86)/Arm GNU Toolchain arm-none-eabi/14.3 rel1/arm-none-eabi/include/c++/14.3.1/bits\stl_iterator.h **** 
 548:C:/Program Files (x86)/Arm GNU Toolchain arm-none-eabi/14.3 rel1/arm-none-eabi/include/c++/14.3.1/bits\stl_iterator.h ****   template<typename _IteratorL, typename _IteratorR>
ARM GAS  C:\Users\Oliver\AppData\Local\Temp\cc4VwjOw.s 			page 73


 549:C:/Program Files (x86)/Arm GNU Toolchain arm-none-eabi/14.3 rel1/arm-none-eabi/include/c++/14.3.1/bits\stl_iterator.h ****     [[nodiscard]]
 550:C:/Program Files (x86)/Arm GNU Toolchain arm-none-eabi/14.3 rel1/arm-none-eabi/include/c++/14.3.1/bits\stl_iterator.h ****     constexpr bool
 551:C:/Program Files (x86)/Arm GNU Toolchain arm-none-eabi/14.3 rel1/arm-none-eabi/include/c++/14.3.1/bits\stl_iterator.h ****     operator>(const reverse_iterator<_IteratorL>& __x,
 552:C:/Program Files (x86)/Arm GNU Toolchain arm-none-eabi/14.3 rel1/arm-none-eabi/include/c++/14.3.1/bits\stl_iterator.h **** 	      const reverse_iterator<_IteratorR>& __y)
 553:C:/Program Files (x86)/Arm GNU Toolchain arm-none-eabi/14.3 rel1/arm-none-eabi/include/c++/14.3.1/bits\stl_iterator.h ****     requires requires { { __x.base() < __y.base() } -> convertible_to<bool>; }
 554:C:/Program Files (x86)/Arm GNU Toolchain arm-none-eabi/14.3 rel1/arm-none-eabi/include/c++/14.3.1/bits\stl_iterator.h ****     { return __x.base() < __y.base(); }
 555:C:/Program Files (x86)/Arm GNU Toolchain arm-none-eabi/14.3 rel1/arm-none-eabi/include/c++/14.3.1/bits\stl_iterator.h **** 
 556:C:/Program Files (x86)/Arm GNU Toolchain arm-none-eabi/14.3 rel1/arm-none-eabi/include/c++/14.3.1/bits\stl_iterator.h ****   template<typename _IteratorL, typename _IteratorR>
 557:C:/Program Files (x86)/Arm GNU Toolchain arm-none-eabi/14.3 rel1/arm-none-eabi/include/c++/14.3.1/bits\stl_iterator.h ****     [[nodiscard]]
 558:C:/Program Files (x86)/Arm GNU Toolchain arm-none-eabi/14.3 rel1/arm-none-eabi/include/c++/14.3.1/bits\stl_iterator.h ****     constexpr bool
 559:C:/Program Files (x86)/Arm GNU Toolchain arm-none-eabi/14.3 rel1/arm-none-eabi/include/c++/14.3.1/bits\stl_iterator.h ****     operator<=(const reverse_iterator<_IteratorL>& __x,
 560:C:/Program Files (x86)/Arm GNU Toolchain arm-none-eabi/14.3 rel1/arm-none-eabi/include/c++/14.3.1/bits\stl_iterator.h **** 	       const reverse_iterator<_IteratorR>& __y)
 561:C:/Program Files (x86)/Arm GNU Toolchain arm-none-eabi/14.3 rel1/arm-none-eabi/include/c++/14.3.1/bits\stl_iterator.h ****     requires requires { { __x.base() >= __y.base() } -> convertible_to<bool>; }
 562:C:/Program Files (x86)/Arm GNU Toolchain arm-none-eabi/14.3 rel1/arm-none-eabi/include/c++/14.3.1/bits\stl_iterator.h ****     { return __x.base() >= __y.base(); }
 563:C:/Program Files (x86)/Arm GNU Toolchain arm-none-eabi/14.3 rel1/arm-none-eabi/include/c++/14.3.1/bits\stl_iterator.h **** 
 564:C:/Program Files (x86)/Arm GNU Toolchain arm-none-eabi/14.3 rel1/arm-none-eabi/include/c++/14.3.1/bits\stl_iterator.h ****   template<typename _IteratorL, typename _IteratorR>
 565:C:/Program Files (x86)/Arm GNU Toolchain arm-none-eabi/14.3 rel1/arm-none-eabi/include/c++/14.3.1/bits\stl_iterator.h ****     [[nodiscard]]
 566:C:/Program Files (x86)/Arm GNU Toolchain arm-none-eabi/14.3 rel1/arm-none-eabi/include/c++/14.3.1/bits\stl_iterator.h ****     constexpr bool
 567:C:/Program Files (x86)/Arm GNU Toolchain arm-none-eabi/14.3 rel1/arm-none-eabi/include/c++/14.3.1/bits\stl_iterator.h ****     operator>=(const reverse_iterator<_IteratorL>& __x,
 568:C:/Program Files (x86)/Arm GNU Toolchain arm-none-eabi/14.3 rel1/arm-none-eabi/include/c++/14.3.1/bits\stl_iterator.h **** 	       const reverse_iterator<_IteratorR>& __y)
 569:C:/Program Files (x86)/Arm GNU Toolchain arm-none-eabi/14.3 rel1/arm-none-eabi/include/c++/14.3.1/bits\stl_iterator.h ****     requires requires { { __x.base() <= __y.base() } -> convertible_to<bool>; }
 570:C:/Program Files (x86)/Arm GNU Toolchain arm-none-eabi/14.3 rel1/arm-none-eabi/include/c++/14.3.1/bits\stl_iterator.h ****     { return __x.base() <= __y.base(); }
 571:C:/Program Files (x86)/Arm GNU Toolchain arm-none-eabi/14.3 rel1/arm-none-eabi/include/c++/14.3.1/bits\stl_iterator.h **** 
 572:C:/Program Files (x86)/Arm GNU Toolchain arm-none-eabi/14.3 rel1/arm-none-eabi/include/c++/14.3.1/bits\stl_iterator.h ****   template<typename _IteratorL,
 573:C:/Program Files (x86)/Arm GNU Toolchain arm-none-eabi/14.3 rel1/arm-none-eabi/include/c++/14.3.1/bits\stl_iterator.h **** 	   three_way_comparable_with<_IteratorL> _IteratorR>
 574:C:/Program Files (x86)/Arm GNU Toolchain arm-none-eabi/14.3 rel1/arm-none-eabi/include/c++/14.3.1/bits\stl_iterator.h ****     [[nodiscard]]
 575:C:/Program Files (x86)/Arm GNU Toolchain arm-none-eabi/14.3 rel1/arm-none-eabi/include/c++/14.3.1/bits\stl_iterator.h ****     constexpr compare_three_way_result_t<_IteratorL, _IteratorR>
 576:C:/Program Files (x86)/Arm GNU Toolchain arm-none-eabi/14.3 rel1/arm-none-eabi/include/c++/14.3.1/bits\stl_iterator.h ****     operator<=>(const reverse_iterator<_IteratorL>& __x,
 577:C:/Program Files (x86)/Arm GNU Toolchain arm-none-eabi/14.3 rel1/arm-none-eabi/include/c++/14.3.1/bits\stl_iterator.h **** 		const reverse_iterator<_IteratorR>& __y)
 578:C:/Program Files (x86)/Arm GNU Toolchain arm-none-eabi/14.3 rel1/arm-none-eabi/include/c++/14.3.1/bits\stl_iterator.h ****     { return __y.base() <=> __x.base(); }
 579:C:/Program Files (x86)/Arm GNU Toolchain arm-none-eabi/14.3 rel1/arm-none-eabi/include/c++/14.3.1/bits\stl_iterator.h **** 
 580:C:/Program Files (x86)/Arm GNU Toolchain arm-none-eabi/14.3 rel1/arm-none-eabi/include/c++/14.3.1/bits\stl_iterator.h ****   // Additional, non-standard overloads to avoid ambiguities with greedy,
 581:C:/Program Files (x86)/Arm GNU Toolchain arm-none-eabi/14.3 rel1/arm-none-eabi/include/c++/14.3.1/bits\stl_iterator.h ****   // unconstrained overloads in associated namespaces.
 582:C:/Program Files (x86)/Arm GNU Toolchain arm-none-eabi/14.3 rel1/arm-none-eabi/include/c++/14.3.1/bits\stl_iterator.h **** 
 583:C:/Program Files (x86)/Arm GNU Toolchain arm-none-eabi/14.3 rel1/arm-none-eabi/include/c++/14.3.1/bits\stl_iterator.h ****   template<typename _Iterator>
 584:C:/Program Files (x86)/Arm GNU Toolchain arm-none-eabi/14.3 rel1/arm-none-eabi/include/c++/14.3.1/bits\stl_iterator.h ****     [[nodiscard]]
 585:C:/Program Files (x86)/Arm GNU Toolchain arm-none-eabi/14.3 rel1/arm-none-eabi/include/c++/14.3.1/bits\stl_iterator.h ****     constexpr bool
 586:C:/Program Files (x86)/Arm GNU Toolchain arm-none-eabi/14.3 rel1/arm-none-eabi/include/c++/14.3.1/bits\stl_iterator.h ****     operator==(const reverse_iterator<_Iterator>& __x,
 587:C:/Program Files (x86)/Arm GNU Toolchain arm-none-eabi/14.3 rel1/arm-none-eabi/include/c++/14.3.1/bits\stl_iterator.h **** 	       const reverse_iterator<_Iterator>& __y)
 588:C:/Program Files (x86)/Arm GNU Toolchain arm-none-eabi/14.3 rel1/arm-none-eabi/include/c++/14.3.1/bits\stl_iterator.h ****     requires requires { { __x.base() == __y.base() } -> convertible_to<bool>; }
 589:C:/Program Files (x86)/Arm GNU Toolchain arm-none-eabi/14.3 rel1/arm-none-eabi/include/c++/14.3.1/bits\stl_iterator.h ****     { return __x.base() == __y.base(); }
 590:C:/Program Files (x86)/Arm GNU Toolchain arm-none-eabi/14.3 rel1/arm-none-eabi/include/c++/14.3.1/bits\stl_iterator.h **** 
 591:C:/Program Files (x86)/Arm GNU Toolchain arm-none-eabi/14.3 rel1/arm-none-eabi/include/c++/14.3.1/bits\stl_iterator.h ****   template<three_way_comparable _Iterator>
 592:C:/Program Files (x86)/Arm GNU Toolchain arm-none-eabi/14.3 rel1/arm-none-eabi/include/c++/14.3.1/bits\stl_iterator.h ****     [[nodiscard]]
 593:C:/Program Files (x86)/Arm GNU Toolchain arm-none-eabi/14.3 rel1/arm-none-eabi/include/c++/14.3.1/bits\stl_iterator.h ****     constexpr compare_three_way_result_t<_Iterator, _Iterator>
 594:C:/Program Files (x86)/Arm GNU Toolchain arm-none-eabi/14.3 rel1/arm-none-eabi/include/c++/14.3.1/bits\stl_iterator.h ****     operator<=>(const reverse_iterator<_Iterator>& __x,
 595:C:/Program Files (x86)/Arm GNU Toolchain arm-none-eabi/14.3 rel1/arm-none-eabi/include/c++/14.3.1/bits\stl_iterator.h **** 		const reverse_iterator<_Iterator>& __y)
 596:C:/Program Files (x86)/Arm GNU Toolchain arm-none-eabi/14.3 rel1/arm-none-eabi/include/c++/14.3.1/bits\stl_iterator.h ****     { return __y.base() <=> __x.base(); }
 597:C:/Program Files (x86)/Arm GNU Toolchain arm-none-eabi/14.3 rel1/arm-none-eabi/include/c++/14.3.1/bits\stl_iterator.h **** #endif // C++20
 598:C:/Program Files (x86)/Arm GNU Toolchain arm-none-eabi/14.3 rel1/arm-none-eabi/include/c++/14.3.1/bits\stl_iterator.h ****   ///@}
 599:C:/Program Files (x86)/Arm GNU Toolchain arm-none-eabi/14.3 rel1/arm-none-eabi/include/c++/14.3.1/bits\stl_iterator.h **** 
 600:C:/Program Files (x86)/Arm GNU Toolchain arm-none-eabi/14.3 rel1/arm-none-eabi/include/c++/14.3.1/bits\stl_iterator.h **** #if __cplusplus < 201103L
 601:C:/Program Files (x86)/Arm GNU Toolchain arm-none-eabi/14.3 rel1/arm-none-eabi/include/c++/14.3.1/bits\stl_iterator.h ****   template<typename _Iterator>
 602:C:/Program Files (x86)/Arm GNU Toolchain arm-none-eabi/14.3 rel1/arm-none-eabi/include/c++/14.3.1/bits\stl_iterator.h ****     inline typename reverse_iterator<_Iterator>::difference_type
 603:C:/Program Files (x86)/Arm GNU Toolchain arm-none-eabi/14.3 rel1/arm-none-eabi/include/c++/14.3.1/bits\stl_iterator.h ****     operator-(const reverse_iterator<_Iterator>& __x,
 604:C:/Program Files (x86)/Arm GNU Toolchain arm-none-eabi/14.3 rel1/arm-none-eabi/include/c++/14.3.1/bits\stl_iterator.h **** 	      const reverse_iterator<_Iterator>& __y)
 605:C:/Program Files (x86)/Arm GNU Toolchain arm-none-eabi/14.3 rel1/arm-none-eabi/include/c++/14.3.1/bits\stl_iterator.h ****     { return __y.base() - __x.base(); }
ARM GAS  C:\Users\Oliver\AppData\Local\Temp\cc4VwjOw.s 			page 74


 606:C:/Program Files (x86)/Arm GNU Toolchain arm-none-eabi/14.3 rel1/arm-none-eabi/include/c++/14.3.1/bits\stl_iterator.h **** 
 607:C:/Program Files (x86)/Arm GNU Toolchain arm-none-eabi/14.3 rel1/arm-none-eabi/include/c++/14.3.1/bits\stl_iterator.h ****   template<typename _IteratorL, typename _IteratorR>
 608:C:/Program Files (x86)/Arm GNU Toolchain arm-none-eabi/14.3 rel1/arm-none-eabi/include/c++/14.3.1/bits\stl_iterator.h ****     inline typename reverse_iterator<_IteratorL>::difference_type
 609:C:/Program Files (x86)/Arm GNU Toolchain arm-none-eabi/14.3 rel1/arm-none-eabi/include/c++/14.3.1/bits\stl_iterator.h ****     operator-(const reverse_iterator<_IteratorL>& __x,
 610:C:/Program Files (x86)/Arm GNU Toolchain arm-none-eabi/14.3 rel1/arm-none-eabi/include/c++/14.3.1/bits\stl_iterator.h **** 	      const reverse_iterator<_IteratorR>& __y)
 611:C:/Program Files (x86)/Arm GNU Toolchain arm-none-eabi/14.3 rel1/arm-none-eabi/include/c++/14.3.1/bits\stl_iterator.h ****     { return __y.base() - __x.base(); }
 612:C:/Program Files (x86)/Arm GNU Toolchain arm-none-eabi/14.3 rel1/arm-none-eabi/include/c++/14.3.1/bits\stl_iterator.h **** #else
 613:C:/Program Files (x86)/Arm GNU Toolchain arm-none-eabi/14.3 rel1/arm-none-eabi/include/c++/14.3.1/bits\stl_iterator.h ****   // _GLIBCXX_RESOLVE_LIB_DEFECTS
 614:C:/Program Files (x86)/Arm GNU Toolchain arm-none-eabi/14.3 rel1/arm-none-eabi/include/c++/14.3.1/bits\stl_iterator.h ****   // DR 685. reverse_iterator/move_iterator difference has invalid signatures
 615:C:/Program Files (x86)/Arm GNU Toolchain arm-none-eabi/14.3 rel1/arm-none-eabi/include/c++/14.3.1/bits\stl_iterator.h ****   template<typename _IteratorL, typename _IteratorR>
 616:C:/Program Files (x86)/Arm GNU Toolchain arm-none-eabi/14.3 rel1/arm-none-eabi/include/c++/14.3.1/bits\stl_iterator.h ****     [[__nodiscard__]]
 617:C:/Program Files (x86)/Arm GNU Toolchain arm-none-eabi/14.3 rel1/arm-none-eabi/include/c++/14.3.1/bits\stl_iterator.h ****     inline _GLIBCXX17_CONSTEXPR auto
 618:C:/Program Files (x86)/Arm GNU Toolchain arm-none-eabi/14.3 rel1/arm-none-eabi/include/c++/14.3.1/bits\stl_iterator.h ****     operator-(const reverse_iterator<_IteratorL>& __x,
 619:C:/Program Files (x86)/Arm GNU Toolchain arm-none-eabi/14.3 rel1/arm-none-eabi/include/c++/14.3.1/bits\stl_iterator.h **** 	      const reverse_iterator<_IteratorR>& __y)
 620:C:/Program Files (x86)/Arm GNU Toolchain arm-none-eabi/14.3 rel1/arm-none-eabi/include/c++/14.3.1/bits\stl_iterator.h ****     -> decltype(__y.base() - __x.base())
 621:C:/Program Files (x86)/Arm GNU Toolchain arm-none-eabi/14.3 rel1/arm-none-eabi/include/c++/14.3.1/bits\stl_iterator.h ****     { return __y.base() - __x.base(); }
 622:C:/Program Files (x86)/Arm GNU Toolchain arm-none-eabi/14.3 rel1/arm-none-eabi/include/c++/14.3.1/bits\stl_iterator.h **** #endif
 623:C:/Program Files (x86)/Arm GNU Toolchain arm-none-eabi/14.3 rel1/arm-none-eabi/include/c++/14.3.1/bits\stl_iterator.h **** 
 624:C:/Program Files (x86)/Arm GNU Toolchain arm-none-eabi/14.3 rel1/arm-none-eabi/include/c++/14.3.1/bits\stl_iterator.h ****   template<typename _Iterator>
 625:C:/Program Files (x86)/Arm GNU Toolchain arm-none-eabi/14.3 rel1/arm-none-eabi/include/c++/14.3.1/bits\stl_iterator.h ****     _GLIBCXX_NODISCARD
 626:C:/Program Files (x86)/Arm GNU Toolchain arm-none-eabi/14.3 rel1/arm-none-eabi/include/c++/14.3.1/bits\stl_iterator.h ****     inline _GLIBCXX17_CONSTEXPR reverse_iterator<_Iterator>
 627:C:/Program Files (x86)/Arm GNU Toolchain arm-none-eabi/14.3 rel1/arm-none-eabi/include/c++/14.3.1/bits\stl_iterator.h ****     operator+(typename reverse_iterator<_Iterator>::difference_type __n,
 628:C:/Program Files (x86)/Arm GNU Toolchain arm-none-eabi/14.3 rel1/arm-none-eabi/include/c++/14.3.1/bits\stl_iterator.h **** 	      const reverse_iterator<_Iterator>& __x)
 629:C:/Program Files (x86)/Arm GNU Toolchain arm-none-eabi/14.3 rel1/arm-none-eabi/include/c++/14.3.1/bits\stl_iterator.h ****     { return reverse_iterator<_Iterator>(__x.base() - __n); }
 630:C:/Program Files (x86)/Arm GNU Toolchain arm-none-eabi/14.3 rel1/arm-none-eabi/include/c++/14.3.1/bits\stl_iterator.h **** 
 631:C:/Program Files (x86)/Arm GNU Toolchain arm-none-eabi/14.3 rel1/arm-none-eabi/include/c++/14.3.1/bits\stl_iterator.h **** #if __cplusplus >= 201103L
 632:C:/Program Files (x86)/Arm GNU Toolchain arm-none-eabi/14.3 rel1/arm-none-eabi/include/c++/14.3.1/bits\stl_iterator.h ****   // Same as C++14 make_reverse_iterator but used in C++11 mode too.
 633:C:/Program Files (x86)/Arm GNU Toolchain arm-none-eabi/14.3 rel1/arm-none-eabi/include/c++/14.3.1/bits\stl_iterator.h ****   template<typename _Iterator>
 634:C:/Program Files (x86)/Arm GNU Toolchain arm-none-eabi/14.3 rel1/arm-none-eabi/include/c++/14.3.1/bits\stl_iterator.h ****     inline _GLIBCXX17_CONSTEXPR reverse_iterator<_Iterator>
 635:C:/Program Files (x86)/Arm GNU Toolchain arm-none-eabi/14.3 rel1/arm-none-eabi/include/c++/14.3.1/bits\stl_iterator.h ****     __make_reverse_iterator(_Iterator __i)
 636:C:/Program Files (x86)/Arm GNU Toolchain arm-none-eabi/14.3 rel1/arm-none-eabi/include/c++/14.3.1/bits\stl_iterator.h ****     { return reverse_iterator<_Iterator>(__i); }
 637:C:/Program Files (x86)/Arm GNU Toolchain arm-none-eabi/14.3 rel1/arm-none-eabi/include/c++/14.3.1/bits\stl_iterator.h **** 
 638:C:/Program Files (x86)/Arm GNU Toolchain arm-none-eabi/14.3 rel1/arm-none-eabi/include/c++/14.3.1/bits\stl_iterator.h **** # ifdef __glibcxx_make_reverse_iterator // C++ >= 14
 639:C:/Program Files (x86)/Arm GNU Toolchain arm-none-eabi/14.3 rel1/arm-none-eabi/include/c++/14.3.1/bits\stl_iterator.h ****   // _GLIBCXX_RESOLVE_LIB_DEFECTS
 640:C:/Program Files (x86)/Arm GNU Toolchain arm-none-eabi/14.3 rel1/arm-none-eabi/include/c++/14.3.1/bits\stl_iterator.h ****   // DR 2285. make_reverse_iterator
 641:C:/Program Files (x86)/Arm GNU Toolchain arm-none-eabi/14.3 rel1/arm-none-eabi/include/c++/14.3.1/bits\stl_iterator.h ****   /// Generator function for reverse_iterator.
 642:C:/Program Files (x86)/Arm GNU Toolchain arm-none-eabi/14.3 rel1/arm-none-eabi/include/c++/14.3.1/bits\stl_iterator.h ****   template<typename _Iterator>
 643:C:/Program Files (x86)/Arm GNU Toolchain arm-none-eabi/14.3 rel1/arm-none-eabi/include/c++/14.3.1/bits\stl_iterator.h ****     [[__nodiscard__]]
 644:C:/Program Files (x86)/Arm GNU Toolchain arm-none-eabi/14.3 rel1/arm-none-eabi/include/c++/14.3.1/bits\stl_iterator.h ****     inline _GLIBCXX17_CONSTEXPR reverse_iterator<_Iterator>
 645:C:/Program Files (x86)/Arm GNU Toolchain arm-none-eabi/14.3 rel1/arm-none-eabi/include/c++/14.3.1/bits\stl_iterator.h ****     make_reverse_iterator(_Iterator __i)
 646:C:/Program Files (x86)/Arm GNU Toolchain arm-none-eabi/14.3 rel1/arm-none-eabi/include/c++/14.3.1/bits\stl_iterator.h ****     { return reverse_iterator<_Iterator>(__i); }
 647:C:/Program Files (x86)/Arm GNU Toolchain arm-none-eabi/14.3 rel1/arm-none-eabi/include/c++/14.3.1/bits\stl_iterator.h **** 
 648:C:/Program Files (x86)/Arm GNU Toolchain arm-none-eabi/14.3 rel1/arm-none-eabi/include/c++/14.3.1/bits\stl_iterator.h **** #  if __cplusplus > 201703L && defined __glibcxx_concepts
 649:C:/Program Files (x86)/Arm GNU Toolchain arm-none-eabi/14.3 rel1/arm-none-eabi/include/c++/14.3.1/bits\stl_iterator.h ****   template<typename _Iterator1, typename _Iterator2>
 650:C:/Program Files (x86)/Arm GNU Toolchain arm-none-eabi/14.3 rel1/arm-none-eabi/include/c++/14.3.1/bits\stl_iterator.h ****     requires (!sized_sentinel_for<_Iterator1, _Iterator2>)
 651:C:/Program Files (x86)/Arm GNU Toolchain arm-none-eabi/14.3 rel1/arm-none-eabi/include/c++/14.3.1/bits\stl_iterator.h ****     inline constexpr bool
 652:C:/Program Files (x86)/Arm GNU Toolchain arm-none-eabi/14.3 rel1/arm-none-eabi/include/c++/14.3.1/bits\stl_iterator.h ****     disable_sized_sentinel_for<reverse_iterator<_Iterator1>,
 653:C:/Program Files (x86)/Arm GNU Toolchain arm-none-eabi/14.3 rel1/arm-none-eabi/include/c++/14.3.1/bits\stl_iterator.h **** 			       reverse_iterator<_Iterator2>> = true;
 654:C:/Program Files (x86)/Arm GNU Toolchain arm-none-eabi/14.3 rel1/arm-none-eabi/include/c++/14.3.1/bits\stl_iterator.h **** #  endif // C++20
 655:C:/Program Files (x86)/Arm GNU Toolchain arm-none-eabi/14.3 rel1/arm-none-eabi/include/c++/14.3.1/bits\stl_iterator.h **** # endif // __glibcxx_make_reverse_iterator
 656:C:/Program Files (x86)/Arm GNU Toolchain arm-none-eabi/14.3 rel1/arm-none-eabi/include/c++/14.3.1/bits\stl_iterator.h **** 
 657:C:/Program Files (x86)/Arm GNU Toolchain arm-none-eabi/14.3 rel1/arm-none-eabi/include/c++/14.3.1/bits\stl_iterator.h ****   template<typename _Iterator>
 658:C:/Program Files (x86)/Arm GNU Toolchain arm-none-eabi/14.3 rel1/arm-none-eabi/include/c++/14.3.1/bits\stl_iterator.h ****     _GLIBCXX20_CONSTEXPR
 659:C:/Program Files (x86)/Arm GNU Toolchain arm-none-eabi/14.3 rel1/arm-none-eabi/include/c++/14.3.1/bits\stl_iterator.h ****     auto
 660:C:/Program Files (x86)/Arm GNU Toolchain arm-none-eabi/14.3 rel1/arm-none-eabi/include/c++/14.3.1/bits\stl_iterator.h ****     __niter_base(reverse_iterator<_Iterator> __it)
 661:C:/Program Files (x86)/Arm GNU Toolchain arm-none-eabi/14.3 rel1/arm-none-eabi/include/c++/14.3.1/bits\stl_iterator.h ****     -> decltype(__make_reverse_iterator(__niter_base(__it.base())))
 662:C:/Program Files (x86)/Arm GNU Toolchain arm-none-eabi/14.3 rel1/arm-none-eabi/include/c++/14.3.1/bits\stl_iterator.h ****     { return __make_reverse_iterator(__niter_base(__it.base())); }
ARM GAS  C:\Users\Oliver\AppData\Local\Temp\cc4VwjOw.s 			page 75


 663:C:/Program Files (x86)/Arm GNU Toolchain arm-none-eabi/14.3 rel1/arm-none-eabi/include/c++/14.3.1/bits\stl_iterator.h **** 
 664:C:/Program Files (x86)/Arm GNU Toolchain arm-none-eabi/14.3 rel1/arm-none-eabi/include/c++/14.3.1/bits\stl_iterator.h ****   template<typename _Iterator>
 665:C:/Program Files (x86)/Arm GNU Toolchain arm-none-eabi/14.3 rel1/arm-none-eabi/include/c++/14.3.1/bits\stl_iterator.h ****     struct __is_move_iterator<reverse_iterator<_Iterator> >
 666:C:/Program Files (x86)/Arm GNU Toolchain arm-none-eabi/14.3 rel1/arm-none-eabi/include/c++/14.3.1/bits\stl_iterator.h ****       : __is_move_iterator<_Iterator>
 667:C:/Program Files (x86)/Arm GNU Toolchain arm-none-eabi/14.3 rel1/arm-none-eabi/include/c++/14.3.1/bits\stl_iterator.h ****     { };
 668:C:/Program Files (x86)/Arm GNU Toolchain arm-none-eabi/14.3 rel1/arm-none-eabi/include/c++/14.3.1/bits\stl_iterator.h **** 
 669:C:/Program Files (x86)/Arm GNU Toolchain arm-none-eabi/14.3 rel1/arm-none-eabi/include/c++/14.3.1/bits\stl_iterator.h ****   template<typename _Iterator>
 670:C:/Program Files (x86)/Arm GNU Toolchain arm-none-eabi/14.3 rel1/arm-none-eabi/include/c++/14.3.1/bits\stl_iterator.h ****     _GLIBCXX20_CONSTEXPR
 671:C:/Program Files (x86)/Arm GNU Toolchain arm-none-eabi/14.3 rel1/arm-none-eabi/include/c++/14.3.1/bits\stl_iterator.h ****     auto
 672:C:/Program Files (x86)/Arm GNU Toolchain arm-none-eabi/14.3 rel1/arm-none-eabi/include/c++/14.3.1/bits\stl_iterator.h ****     __miter_base(reverse_iterator<_Iterator> __it)
 673:C:/Program Files (x86)/Arm GNU Toolchain arm-none-eabi/14.3 rel1/arm-none-eabi/include/c++/14.3.1/bits\stl_iterator.h ****     -> decltype(__make_reverse_iterator(__miter_base(__it.base())))
 674:C:/Program Files (x86)/Arm GNU Toolchain arm-none-eabi/14.3 rel1/arm-none-eabi/include/c++/14.3.1/bits\stl_iterator.h ****     { return __make_reverse_iterator(__miter_base(__it.base())); }
 675:C:/Program Files (x86)/Arm GNU Toolchain arm-none-eabi/14.3 rel1/arm-none-eabi/include/c++/14.3.1/bits\stl_iterator.h **** #endif // C++11
 676:C:/Program Files (x86)/Arm GNU Toolchain arm-none-eabi/14.3 rel1/arm-none-eabi/include/c++/14.3.1/bits\stl_iterator.h **** 
 677:C:/Program Files (x86)/Arm GNU Toolchain arm-none-eabi/14.3 rel1/arm-none-eabi/include/c++/14.3.1/bits\stl_iterator.h ****   // 24.4.2.2.1 back_insert_iterator
 678:C:/Program Files (x86)/Arm GNU Toolchain arm-none-eabi/14.3 rel1/arm-none-eabi/include/c++/14.3.1/bits\stl_iterator.h ****   /**
 679:C:/Program Files (x86)/Arm GNU Toolchain arm-none-eabi/14.3 rel1/arm-none-eabi/include/c++/14.3.1/bits\stl_iterator.h ****    *  @brief  Turns assignment into insertion.
 680:C:/Program Files (x86)/Arm GNU Toolchain arm-none-eabi/14.3 rel1/arm-none-eabi/include/c++/14.3.1/bits\stl_iterator.h ****    *
 681:C:/Program Files (x86)/Arm GNU Toolchain arm-none-eabi/14.3 rel1/arm-none-eabi/include/c++/14.3.1/bits\stl_iterator.h ****    *  These are output iterators, constructed from a container-of-T.
 682:C:/Program Files (x86)/Arm GNU Toolchain arm-none-eabi/14.3 rel1/arm-none-eabi/include/c++/14.3.1/bits\stl_iterator.h ****    *  Assigning a T to the iterator appends it to the container using
 683:C:/Program Files (x86)/Arm GNU Toolchain arm-none-eabi/14.3 rel1/arm-none-eabi/include/c++/14.3.1/bits\stl_iterator.h ****    *  push_back.
 684:C:/Program Files (x86)/Arm GNU Toolchain arm-none-eabi/14.3 rel1/arm-none-eabi/include/c++/14.3.1/bits\stl_iterator.h ****    *
 685:C:/Program Files (x86)/Arm GNU Toolchain arm-none-eabi/14.3 rel1/arm-none-eabi/include/c++/14.3.1/bits\stl_iterator.h ****    *  Tip:  Using the back_inserter function to create these iterators can
 686:C:/Program Files (x86)/Arm GNU Toolchain arm-none-eabi/14.3 rel1/arm-none-eabi/include/c++/14.3.1/bits\stl_iterator.h ****    *  save typing.
 687:C:/Program Files (x86)/Arm GNU Toolchain arm-none-eabi/14.3 rel1/arm-none-eabi/include/c++/14.3.1/bits\stl_iterator.h ****   */
 688:C:/Program Files (x86)/Arm GNU Toolchain arm-none-eabi/14.3 rel1/arm-none-eabi/include/c++/14.3.1/bits\stl_iterator.h ****   template<typename _Container>
 689:C:/Program Files (x86)/Arm GNU Toolchain arm-none-eabi/14.3 rel1/arm-none-eabi/include/c++/14.3.1/bits\stl_iterator.h ****     class back_insert_iterator
 690:C:/Program Files (x86)/Arm GNU Toolchain arm-none-eabi/14.3 rel1/arm-none-eabi/include/c++/14.3.1/bits\stl_iterator.h ****     : public iterator<output_iterator_tag, void, void, void, void>
 691:C:/Program Files (x86)/Arm GNU Toolchain arm-none-eabi/14.3 rel1/arm-none-eabi/include/c++/14.3.1/bits\stl_iterator.h ****     {
 692:C:/Program Files (x86)/Arm GNU Toolchain arm-none-eabi/14.3 rel1/arm-none-eabi/include/c++/14.3.1/bits\stl_iterator.h ****     protected:
 693:C:/Program Files (x86)/Arm GNU Toolchain arm-none-eabi/14.3 rel1/arm-none-eabi/include/c++/14.3.1/bits\stl_iterator.h ****       _Container* container;
 694:C:/Program Files (x86)/Arm GNU Toolchain arm-none-eabi/14.3 rel1/arm-none-eabi/include/c++/14.3.1/bits\stl_iterator.h **** 
 695:C:/Program Files (x86)/Arm GNU Toolchain arm-none-eabi/14.3 rel1/arm-none-eabi/include/c++/14.3.1/bits\stl_iterator.h ****     public:
 696:C:/Program Files (x86)/Arm GNU Toolchain arm-none-eabi/14.3 rel1/arm-none-eabi/include/c++/14.3.1/bits\stl_iterator.h ****       /// A nested typedef for the type of whatever container you used.
 697:C:/Program Files (x86)/Arm GNU Toolchain arm-none-eabi/14.3 rel1/arm-none-eabi/include/c++/14.3.1/bits\stl_iterator.h ****       typedef _Container          container_type;
 698:C:/Program Files (x86)/Arm GNU Toolchain arm-none-eabi/14.3 rel1/arm-none-eabi/include/c++/14.3.1/bits\stl_iterator.h **** #if __cplusplus > 201703L
 699:C:/Program Files (x86)/Arm GNU Toolchain arm-none-eabi/14.3 rel1/arm-none-eabi/include/c++/14.3.1/bits\stl_iterator.h ****       using difference_type = ptrdiff_t;
 700:C:/Program Files (x86)/Arm GNU Toolchain arm-none-eabi/14.3 rel1/arm-none-eabi/include/c++/14.3.1/bits\stl_iterator.h **** #endif
 701:C:/Program Files (x86)/Arm GNU Toolchain arm-none-eabi/14.3 rel1/arm-none-eabi/include/c++/14.3.1/bits\stl_iterator.h **** 
 702:C:/Program Files (x86)/Arm GNU Toolchain arm-none-eabi/14.3 rel1/arm-none-eabi/include/c++/14.3.1/bits\stl_iterator.h ****       /// The only way to create this %iterator is with a container.
 703:C:/Program Files (x86)/Arm GNU Toolchain arm-none-eabi/14.3 rel1/arm-none-eabi/include/c++/14.3.1/bits\stl_iterator.h ****       explicit _GLIBCXX20_CONSTEXPR
 704:C:/Program Files (x86)/Arm GNU Toolchain arm-none-eabi/14.3 rel1/arm-none-eabi/include/c++/14.3.1/bits\stl_iterator.h ****       back_insert_iterator(_Container& __x)
 705:C:/Program Files (x86)/Arm GNU Toolchain arm-none-eabi/14.3 rel1/arm-none-eabi/include/c++/14.3.1/bits\stl_iterator.h ****       : container(std::__addressof(__x)) { }
 706:C:/Program Files (x86)/Arm GNU Toolchain arm-none-eabi/14.3 rel1/arm-none-eabi/include/c++/14.3.1/bits\stl_iterator.h **** 
 707:C:/Program Files (x86)/Arm GNU Toolchain arm-none-eabi/14.3 rel1/arm-none-eabi/include/c++/14.3.1/bits\stl_iterator.h ****       /**
 708:C:/Program Files (x86)/Arm GNU Toolchain arm-none-eabi/14.3 rel1/arm-none-eabi/include/c++/14.3.1/bits\stl_iterator.h ****        *  @param  __value  An instance of whatever type
 709:C:/Program Files (x86)/Arm GNU Toolchain arm-none-eabi/14.3 rel1/arm-none-eabi/include/c++/14.3.1/bits\stl_iterator.h ****        *                 container_type::const_reference is; presumably a
 710:C:/Program Files (x86)/Arm GNU Toolchain arm-none-eabi/14.3 rel1/arm-none-eabi/include/c++/14.3.1/bits\stl_iterator.h ****        *                 reference-to-const T for container<T>.
 711:C:/Program Files (x86)/Arm GNU Toolchain arm-none-eabi/14.3 rel1/arm-none-eabi/include/c++/14.3.1/bits\stl_iterator.h ****        *  @return  This %iterator, for chained operations.
 712:C:/Program Files (x86)/Arm GNU Toolchain arm-none-eabi/14.3 rel1/arm-none-eabi/include/c++/14.3.1/bits\stl_iterator.h ****        *
 713:C:/Program Files (x86)/Arm GNU Toolchain arm-none-eabi/14.3 rel1/arm-none-eabi/include/c++/14.3.1/bits\stl_iterator.h ****        *  This kind of %iterator doesn't really have a @a position in the
 714:C:/Program Files (x86)/Arm GNU Toolchain arm-none-eabi/14.3 rel1/arm-none-eabi/include/c++/14.3.1/bits\stl_iterator.h ****        *  container (you can think of the position as being permanently at
 715:C:/Program Files (x86)/Arm GNU Toolchain arm-none-eabi/14.3 rel1/arm-none-eabi/include/c++/14.3.1/bits\stl_iterator.h ****        *  the end, if you like).  Assigning a value to the %iterator will
 716:C:/Program Files (x86)/Arm GNU Toolchain arm-none-eabi/14.3 rel1/arm-none-eabi/include/c++/14.3.1/bits\stl_iterator.h ****        *  always append the value to the end of the container.
 717:C:/Program Files (x86)/Arm GNU Toolchain arm-none-eabi/14.3 rel1/arm-none-eabi/include/c++/14.3.1/bits\stl_iterator.h ****       */
 718:C:/Program Files (x86)/Arm GNU Toolchain arm-none-eabi/14.3 rel1/arm-none-eabi/include/c++/14.3.1/bits\stl_iterator.h **** #if __cplusplus < 201103L
 719:C:/Program Files (x86)/Arm GNU Toolchain arm-none-eabi/14.3 rel1/arm-none-eabi/include/c++/14.3.1/bits\stl_iterator.h ****       back_insert_iterator&
ARM GAS  C:\Users\Oliver\AppData\Local\Temp\cc4VwjOw.s 			page 76


 720:C:/Program Files (x86)/Arm GNU Toolchain arm-none-eabi/14.3 rel1/arm-none-eabi/include/c++/14.3.1/bits\stl_iterator.h ****       operator=(typename _Container::const_reference __value)
 721:C:/Program Files (x86)/Arm GNU Toolchain arm-none-eabi/14.3 rel1/arm-none-eabi/include/c++/14.3.1/bits\stl_iterator.h ****       {
 722:C:/Program Files (x86)/Arm GNU Toolchain arm-none-eabi/14.3 rel1/arm-none-eabi/include/c++/14.3.1/bits\stl_iterator.h **** 	container->push_back(__value);
 723:C:/Program Files (x86)/Arm GNU Toolchain arm-none-eabi/14.3 rel1/arm-none-eabi/include/c++/14.3.1/bits\stl_iterator.h **** 	return *this;
 724:C:/Program Files (x86)/Arm GNU Toolchain arm-none-eabi/14.3 rel1/arm-none-eabi/include/c++/14.3.1/bits\stl_iterator.h ****       }
 725:C:/Program Files (x86)/Arm GNU Toolchain arm-none-eabi/14.3 rel1/arm-none-eabi/include/c++/14.3.1/bits\stl_iterator.h **** #else
 726:C:/Program Files (x86)/Arm GNU Toolchain arm-none-eabi/14.3 rel1/arm-none-eabi/include/c++/14.3.1/bits\stl_iterator.h ****       _GLIBCXX20_CONSTEXPR
 727:C:/Program Files (x86)/Arm GNU Toolchain arm-none-eabi/14.3 rel1/arm-none-eabi/include/c++/14.3.1/bits\stl_iterator.h ****       back_insert_iterator&
 728:C:/Program Files (x86)/Arm GNU Toolchain arm-none-eabi/14.3 rel1/arm-none-eabi/include/c++/14.3.1/bits\stl_iterator.h ****       operator=(const typename _Container::value_type& __value)
 729:C:/Program Files (x86)/Arm GNU Toolchain arm-none-eabi/14.3 rel1/arm-none-eabi/include/c++/14.3.1/bits\stl_iterator.h ****       {
 730:C:/Program Files (x86)/Arm GNU Toolchain arm-none-eabi/14.3 rel1/arm-none-eabi/include/c++/14.3.1/bits\stl_iterator.h **** 	container->push_back(__value);
 731:C:/Program Files (x86)/Arm GNU Toolchain arm-none-eabi/14.3 rel1/arm-none-eabi/include/c++/14.3.1/bits\stl_iterator.h **** 	return *this;
 732:C:/Program Files (x86)/Arm GNU Toolchain arm-none-eabi/14.3 rel1/arm-none-eabi/include/c++/14.3.1/bits\stl_iterator.h ****       }
 733:C:/Program Files (x86)/Arm GNU Toolchain arm-none-eabi/14.3 rel1/arm-none-eabi/include/c++/14.3.1/bits\stl_iterator.h **** 
 734:C:/Program Files (x86)/Arm GNU Toolchain arm-none-eabi/14.3 rel1/arm-none-eabi/include/c++/14.3.1/bits\stl_iterator.h ****       _GLIBCXX20_CONSTEXPR
 735:C:/Program Files (x86)/Arm GNU Toolchain arm-none-eabi/14.3 rel1/arm-none-eabi/include/c++/14.3.1/bits\stl_iterator.h ****       back_insert_iterator&
 736:C:/Program Files (x86)/Arm GNU Toolchain arm-none-eabi/14.3 rel1/arm-none-eabi/include/c++/14.3.1/bits\stl_iterator.h ****       operator=(typename _Container::value_type&& __value)
 737:C:/Program Files (x86)/Arm GNU Toolchain arm-none-eabi/14.3 rel1/arm-none-eabi/include/c++/14.3.1/bits\stl_iterator.h ****       {
 738:C:/Program Files (x86)/Arm GNU Toolchain arm-none-eabi/14.3 rel1/arm-none-eabi/include/c++/14.3.1/bits\stl_iterator.h **** 	container->push_back(std::move(__value));
 739:C:/Program Files (x86)/Arm GNU Toolchain arm-none-eabi/14.3 rel1/arm-none-eabi/include/c++/14.3.1/bits\stl_iterator.h **** 	return *this;
 740:C:/Program Files (x86)/Arm GNU Toolchain arm-none-eabi/14.3 rel1/arm-none-eabi/include/c++/14.3.1/bits\stl_iterator.h ****       }
 741:C:/Program Files (x86)/Arm GNU Toolchain arm-none-eabi/14.3 rel1/arm-none-eabi/include/c++/14.3.1/bits\stl_iterator.h **** #endif
 742:C:/Program Files (x86)/Arm GNU Toolchain arm-none-eabi/14.3 rel1/arm-none-eabi/include/c++/14.3.1/bits\stl_iterator.h **** 
 743:C:/Program Files (x86)/Arm GNU Toolchain arm-none-eabi/14.3 rel1/arm-none-eabi/include/c++/14.3.1/bits\stl_iterator.h ****       /// Simply returns *this.
 744:C:/Program Files (x86)/Arm GNU Toolchain arm-none-eabi/14.3 rel1/arm-none-eabi/include/c++/14.3.1/bits\stl_iterator.h ****       _GLIBCXX_NODISCARD _GLIBCXX20_CONSTEXPR
 745:C:/Program Files (x86)/Arm GNU Toolchain arm-none-eabi/14.3 rel1/arm-none-eabi/include/c++/14.3.1/bits\stl_iterator.h ****       back_insert_iterator&
 746:C:/Program Files (x86)/Arm GNU Toolchain arm-none-eabi/14.3 rel1/arm-none-eabi/include/c++/14.3.1/bits\stl_iterator.h ****       operator*()
 747:C:/Program Files (x86)/Arm GNU Toolchain arm-none-eabi/14.3 rel1/arm-none-eabi/include/c++/14.3.1/bits\stl_iterator.h ****       { return *this; }
 748:C:/Program Files (x86)/Arm GNU Toolchain arm-none-eabi/14.3 rel1/arm-none-eabi/include/c++/14.3.1/bits\stl_iterator.h **** 
 749:C:/Program Files (x86)/Arm GNU Toolchain arm-none-eabi/14.3 rel1/arm-none-eabi/include/c++/14.3.1/bits\stl_iterator.h ****       /// Simply returns *this.  (This %iterator does not @a move.)
 750:C:/Program Files (x86)/Arm GNU Toolchain arm-none-eabi/14.3 rel1/arm-none-eabi/include/c++/14.3.1/bits\stl_iterator.h ****       _GLIBCXX20_CONSTEXPR
 751:C:/Program Files (x86)/Arm GNU Toolchain arm-none-eabi/14.3 rel1/arm-none-eabi/include/c++/14.3.1/bits\stl_iterator.h ****       back_insert_iterator&
 752:C:/Program Files (x86)/Arm GNU Toolchain arm-none-eabi/14.3 rel1/arm-none-eabi/include/c++/14.3.1/bits\stl_iterator.h ****       operator++()
 753:C:/Program Files (x86)/Arm GNU Toolchain arm-none-eabi/14.3 rel1/arm-none-eabi/include/c++/14.3.1/bits\stl_iterator.h ****       { return *this; }
 754:C:/Program Files (x86)/Arm GNU Toolchain arm-none-eabi/14.3 rel1/arm-none-eabi/include/c++/14.3.1/bits\stl_iterator.h **** 
 755:C:/Program Files (x86)/Arm GNU Toolchain arm-none-eabi/14.3 rel1/arm-none-eabi/include/c++/14.3.1/bits\stl_iterator.h ****       /// Simply returns *this.  (This %iterator does not @a move.)
 756:C:/Program Files (x86)/Arm GNU Toolchain arm-none-eabi/14.3 rel1/arm-none-eabi/include/c++/14.3.1/bits\stl_iterator.h ****       _GLIBCXX20_CONSTEXPR
 757:C:/Program Files (x86)/Arm GNU Toolchain arm-none-eabi/14.3 rel1/arm-none-eabi/include/c++/14.3.1/bits\stl_iterator.h ****       back_insert_iterator
 758:C:/Program Files (x86)/Arm GNU Toolchain arm-none-eabi/14.3 rel1/arm-none-eabi/include/c++/14.3.1/bits\stl_iterator.h ****       operator++(int)
 759:C:/Program Files (x86)/Arm GNU Toolchain arm-none-eabi/14.3 rel1/arm-none-eabi/include/c++/14.3.1/bits\stl_iterator.h ****       { return *this; }
 760:C:/Program Files (x86)/Arm GNU Toolchain arm-none-eabi/14.3 rel1/arm-none-eabi/include/c++/14.3.1/bits\stl_iterator.h ****     };
 761:C:/Program Files (x86)/Arm GNU Toolchain arm-none-eabi/14.3 rel1/arm-none-eabi/include/c++/14.3.1/bits\stl_iterator.h **** 
 762:C:/Program Files (x86)/Arm GNU Toolchain arm-none-eabi/14.3 rel1/arm-none-eabi/include/c++/14.3.1/bits\stl_iterator.h ****   /**
 763:C:/Program Files (x86)/Arm GNU Toolchain arm-none-eabi/14.3 rel1/arm-none-eabi/include/c++/14.3.1/bits\stl_iterator.h ****    *  @param  __x  A container of arbitrary type.
 764:C:/Program Files (x86)/Arm GNU Toolchain arm-none-eabi/14.3 rel1/arm-none-eabi/include/c++/14.3.1/bits\stl_iterator.h ****    *  @return  An instance of back_insert_iterator working on @p __x.
 765:C:/Program Files (x86)/Arm GNU Toolchain arm-none-eabi/14.3 rel1/arm-none-eabi/include/c++/14.3.1/bits\stl_iterator.h ****    *
 766:C:/Program Files (x86)/Arm GNU Toolchain arm-none-eabi/14.3 rel1/arm-none-eabi/include/c++/14.3.1/bits\stl_iterator.h ****    *  This wrapper function helps in creating back_insert_iterator instances.
 767:C:/Program Files (x86)/Arm GNU Toolchain arm-none-eabi/14.3 rel1/arm-none-eabi/include/c++/14.3.1/bits\stl_iterator.h ****    *  Typing the name of the %iterator requires knowing the precise full
 768:C:/Program Files (x86)/Arm GNU Toolchain arm-none-eabi/14.3 rel1/arm-none-eabi/include/c++/14.3.1/bits\stl_iterator.h ****    *  type of the container, which can be tedious and impedes generic
 769:C:/Program Files (x86)/Arm GNU Toolchain arm-none-eabi/14.3 rel1/arm-none-eabi/include/c++/14.3.1/bits\stl_iterator.h ****    *  programming.  Using this function lets you take advantage of automatic
 770:C:/Program Files (x86)/Arm GNU Toolchain arm-none-eabi/14.3 rel1/arm-none-eabi/include/c++/14.3.1/bits\stl_iterator.h ****    *  template parameter deduction, making the compiler match the correct
 771:C:/Program Files (x86)/Arm GNU Toolchain arm-none-eabi/14.3 rel1/arm-none-eabi/include/c++/14.3.1/bits\stl_iterator.h ****    *  types for you.
 772:C:/Program Files (x86)/Arm GNU Toolchain arm-none-eabi/14.3 rel1/arm-none-eabi/include/c++/14.3.1/bits\stl_iterator.h ****   */
 773:C:/Program Files (x86)/Arm GNU Toolchain arm-none-eabi/14.3 rel1/arm-none-eabi/include/c++/14.3.1/bits\stl_iterator.h ****   template<typename _Container>
 774:C:/Program Files (x86)/Arm GNU Toolchain arm-none-eabi/14.3 rel1/arm-none-eabi/include/c++/14.3.1/bits\stl_iterator.h ****     _GLIBCXX_NODISCARD _GLIBCXX20_CONSTEXPR
 775:C:/Program Files (x86)/Arm GNU Toolchain arm-none-eabi/14.3 rel1/arm-none-eabi/include/c++/14.3.1/bits\stl_iterator.h ****     inline back_insert_iterator<_Container>
 776:C:/Program Files (x86)/Arm GNU Toolchain arm-none-eabi/14.3 rel1/arm-none-eabi/include/c++/14.3.1/bits\stl_iterator.h ****     back_inserter(_Container& __x)
ARM GAS  C:\Users\Oliver\AppData\Local\Temp\cc4VwjOw.s 			page 77


 777:C:/Program Files (x86)/Arm GNU Toolchain arm-none-eabi/14.3 rel1/arm-none-eabi/include/c++/14.3.1/bits\stl_iterator.h ****     { return back_insert_iterator<_Container>(__x); }
 778:C:/Program Files (x86)/Arm GNU Toolchain arm-none-eabi/14.3 rel1/arm-none-eabi/include/c++/14.3.1/bits\stl_iterator.h **** 
 779:C:/Program Files (x86)/Arm GNU Toolchain arm-none-eabi/14.3 rel1/arm-none-eabi/include/c++/14.3.1/bits\stl_iterator.h ****   /**
 780:C:/Program Files (x86)/Arm GNU Toolchain arm-none-eabi/14.3 rel1/arm-none-eabi/include/c++/14.3.1/bits\stl_iterator.h ****    *  @brief  Turns assignment into insertion.
 781:C:/Program Files (x86)/Arm GNU Toolchain arm-none-eabi/14.3 rel1/arm-none-eabi/include/c++/14.3.1/bits\stl_iterator.h ****    *
 782:C:/Program Files (x86)/Arm GNU Toolchain arm-none-eabi/14.3 rel1/arm-none-eabi/include/c++/14.3.1/bits\stl_iterator.h ****    *  These are output iterators, constructed from a container-of-T.
 783:C:/Program Files (x86)/Arm GNU Toolchain arm-none-eabi/14.3 rel1/arm-none-eabi/include/c++/14.3.1/bits\stl_iterator.h ****    *  Assigning a T to the iterator prepends it to the container using
 784:C:/Program Files (x86)/Arm GNU Toolchain arm-none-eabi/14.3 rel1/arm-none-eabi/include/c++/14.3.1/bits\stl_iterator.h ****    *  push_front.
 785:C:/Program Files (x86)/Arm GNU Toolchain arm-none-eabi/14.3 rel1/arm-none-eabi/include/c++/14.3.1/bits\stl_iterator.h ****    *
 786:C:/Program Files (x86)/Arm GNU Toolchain arm-none-eabi/14.3 rel1/arm-none-eabi/include/c++/14.3.1/bits\stl_iterator.h ****    *  Tip:  Using the front_inserter function to create these iterators can
 787:C:/Program Files (x86)/Arm GNU Toolchain arm-none-eabi/14.3 rel1/arm-none-eabi/include/c++/14.3.1/bits\stl_iterator.h ****    *  save typing.
 788:C:/Program Files (x86)/Arm GNU Toolchain arm-none-eabi/14.3 rel1/arm-none-eabi/include/c++/14.3.1/bits\stl_iterator.h ****   */
 789:C:/Program Files (x86)/Arm GNU Toolchain arm-none-eabi/14.3 rel1/arm-none-eabi/include/c++/14.3.1/bits\stl_iterator.h ****   template<typename _Container>
 790:C:/Program Files (x86)/Arm GNU Toolchain arm-none-eabi/14.3 rel1/arm-none-eabi/include/c++/14.3.1/bits\stl_iterator.h ****     class front_insert_iterator
 791:C:/Program Files (x86)/Arm GNU Toolchain arm-none-eabi/14.3 rel1/arm-none-eabi/include/c++/14.3.1/bits\stl_iterator.h ****     : public iterator<output_iterator_tag, void, void, void, void>
 792:C:/Program Files (x86)/Arm GNU Toolchain arm-none-eabi/14.3 rel1/arm-none-eabi/include/c++/14.3.1/bits\stl_iterator.h ****     {
 793:C:/Program Files (x86)/Arm GNU Toolchain arm-none-eabi/14.3 rel1/arm-none-eabi/include/c++/14.3.1/bits\stl_iterator.h ****     protected:
 794:C:/Program Files (x86)/Arm GNU Toolchain arm-none-eabi/14.3 rel1/arm-none-eabi/include/c++/14.3.1/bits\stl_iterator.h ****       _Container* container;
 795:C:/Program Files (x86)/Arm GNU Toolchain arm-none-eabi/14.3 rel1/arm-none-eabi/include/c++/14.3.1/bits\stl_iterator.h **** 
 796:C:/Program Files (x86)/Arm GNU Toolchain arm-none-eabi/14.3 rel1/arm-none-eabi/include/c++/14.3.1/bits\stl_iterator.h ****     public:
 797:C:/Program Files (x86)/Arm GNU Toolchain arm-none-eabi/14.3 rel1/arm-none-eabi/include/c++/14.3.1/bits\stl_iterator.h ****       /// A nested typedef for the type of whatever container you used.
 798:C:/Program Files (x86)/Arm GNU Toolchain arm-none-eabi/14.3 rel1/arm-none-eabi/include/c++/14.3.1/bits\stl_iterator.h ****       typedef _Container          container_type;
 799:C:/Program Files (x86)/Arm GNU Toolchain arm-none-eabi/14.3 rel1/arm-none-eabi/include/c++/14.3.1/bits\stl_iterator.h **** #if __cplusplus > 201703L
 800:C:/Program Files (x86)/Arm GNU Toolchain arm-none-eabi/14.3 rel1/arm-none-eabi/include/c++/14.3.1/bits\stl_iterator.h ****       using difference_type = ptrdiff_t;
 801:C:/Program Files (x86)/Arm GNU Toolchain arm-none-eabi/14.3 rel1/arm-none-eabi/include/c++/14.3.1/bits\stl_iterator.h **** #endif
 802:C:/Program Files (x86)/Arm GNU Toolchain arm-none-eabi/14.3 rel1/arm-none-eabi/include/c++/14.3.1/bits\stl_iterator.h **** 
 803:C:/Program Files (x86)/Arm GNU Toolchain arm-none-eabi/14.3 rel1/arm-none-eabi/include/c++/14.3.1/bits\stl_iterator.h ****       /// The only way to create this %iterator is with a container.
 804:C:/Program Files (x86)/Arm GNU Toolchain arm-none-eabi/14.3 rel1/arm-none-eabi/include/c++/14.3.1/bits\stl_iterator.h ****       explicit _GLIBCXX20_CONSTEXPR
 805:C:/Program Files (x86)/Arm GNU Toolchain arm-none-eabi/14.3 rel1/arm-none-eabi/include/c++/14.3.1/bits\stl_iterator.h ****       front_insert_iterator(_Container& __x)
 806:C:/Program Files (x86)/Arm GNU Toolchain arm-none-eabi/14.3 rel1/arm-none-eabi/include/c++/14.3.1/bits\stl_iterator.h ****       : container(std::__addressof(__x)) { }
 807:C:/Program Files (x86)/Arm GNU Toolchain arm-none-eabi/14.3 rel1/arm-none-eabi/include/c++/14.3.1/bits\stl_iterator.h **** 
 808:C:/Program Files (x86)/Arm GNU Toolchain arm-none-eabi/14.3 rel1/arm-none-eabi/include/c++/14.3.1/bits\stl_iterator.h ****       /**
 809:C:/Program Files (x86)/Arm GNU Toolchain arm-none-eabi/14.3 rel1/arm-none-eabi/include/c++/14.3.1/bits\stl_iterator.h ****        *  @param  __value  An instance of whatever type
 810:C:/Program Files (x86)/Arm GNU Toolchain arm-none-eabi/14.3 rel1/arm-none-eabi/include/c++/14.3.1/bits\stl_iterator.h ****        *                 container_type::const_reference is; presumably a
 811:C:/Program Files (x86)/Arm GNU Toolchain arm-none-eabi/14.3 rel1/arm-none-eabi/include/c++/14.3.1/bits\stl_iterator.h ****        *                 reference-to-const T for container<T>.
 812:C:/Program Files (x86)/Arm GNU Toolchain arm-none-eabi/14.3 rel1/arm-none-eabi/include/c++/14.3.1/bits\stl_iterator.h ****        *  @return  This %iterator, for chained operations.
 813:C:/Program Files (x86)/Arm GNU Toolchain arm-none-eabi/14.3 rel1/arm-none-eabi/include/c++/14.3.1/bits\stl_iterator.h ****        *
 814:C:/Program Files (x86)/Arm GNU Toolchain arm-none-eabi/14.3 rel1/arm-none-eabi/include/c++/14.3.1/bits\stl_iterator.h ****        *  This kind of %iterator doesn't really have a @a position in the
 815:C:/Program Files (x86)/Arm GNU Toolchain arm-none-eabi/14.3 rel1/arm-none-eabi/include/c++/14.3.1/bits\stl_iterator.h ****        *  container (you can think of the position as being permanently at
 816:C:/Program Files (x86)/Arm GNU Toolchain arm-none-eabi/14.3 rel1/arm-none-eabi/include/c++/14.3.1/bits\stl_iterator.h ****        *  the front, if you like).  Assigning a value to the %iterator will
 817:C:/Program Files (x86)/Arm GNU Toolchain arm-none-eabi/14.3 rel1/arm-none-eabi/include/c++/14.3.1/bits\stl_iterator.h ****        *  always prepend the value to the front of the container.
 818:C:/Program Files (x86)/Arm GNU Toolchain arm-none-eabi/14.3 rel1/arm-none-eabi/include/c++/14.3.1/bits\stl_iterator.h ****       */
 819:C:/Program Files (x86)/Arm GNU Toolchain arm-none-eabi/14.3 rel1/arm-none-eabi/include/c++/14.3.1/bits\stl_iterator.h **** #if __cplusplus < 201103L
 820:C:/Program Files (x86)/Arm GNU Toolchain arm-none-eabi/14.3 rel1/arm-none-eabi/include/c++/14.3.1/bits\stl_iterator.h ****       front_insert_iterator&
 821:C:/Program Files (x86)/Arm GNU Toolchain arm-none-eabi/14.3 rel1/arm-none-eabi/include/c++/14.3.1/bits\stl_iterator.h ****       operator=(typename _Container::const_reference __value)
 822:C:/Program Files (x86)/Arm GNU Toolchain arm-none-eabi/14.3 rel1/arm-none-eabi/include/c++/14.3.1/bits\stl_iterator.h ****       {
 823:C:/Program Files (x86)/Arm GNU Toolchain arm-none-eabi/14.3 rel1/arm-none-eabi/include/c++/14.3.1/bits\stl_iterator.h **** 	container->push_front(__value);
 824:C:/Program Files (x86)/Arm GNU Toolchain arm-none-eabi/14.3 rel1/arm-none-eabi/include/c++/14.3.1/bits\stl_iterator.h **** 	return *this;
 825:C:/Program Files (x86)/Arm GNU Toolchain arm-none-eabi/14.3 rel1/arm-none-eabi/include/c++/14.3.1/bits\stl_iterator.h ****       }
 826:C:/Program Files (x86)/Arm GNU Toolchain arm-none-eabi/14.3 rel1/arm-none-eabi/include/c++/14.3.1/bits\stl_iterator.h **** #else
 827:C:/Program Files (x86)/Arm GNU Toolchain arm-none-eabi/14.3 rel1/arm-none-eabi/include/c++/14.3.1/bits\stl_iterator.h ****       _GLIBCXX20_CONSTEXPR
 828:C:/Program Files (x86)/Arm GNU Toolchain arm-none-eabi/14.3 rel1/arm-none-eabi/include/c++/14.3.1/bits\stl_iterator.h ****       front_insert_iterator&
 829:C:/Program Files (x86)/Arm GNU Toolchain arm-none-eabi/14.3 rel1/arm-none-eabi/include/c++/14.3.1/bits\stl_iterator.h ****       operator=(const typename _Container::value_type& __value)
 830:C:/Program Files (x86)/Arm GNU Toolchain arm-none-eabi/14.3 rel1/arm-none-eabi/include/c++/14.3.1/bits\stl_iterator.h ****       {
 831:C:/Program Files (x86)/Arm GNU Toolchain arm-none-eabi/14.3 rel1/arm-none-eabi/include/c++/14.3.1/bits\stl_iterator.h **** 	container->push_front(__value);
 832:C:/Program Files (x86)/Arm GNU Toolchain arm-none-eabi/14.3 rel1/arm-none-eabi/include/c++/14.3.1/bits\stl_iterator.h **** 	return *this;
 833:C:/Program Files (x86)/Arm GNU Toolchain arm-none-eabi/14.3 rel1/arm-none-eabi/include/c++/14.3.1/bits\stl_iterator.h ****       }
ARM GAS  C:\Users\Oliver\AppData\Local\Temp\cc4VwjOw.s 			page 78


 834:C:/Program Files (x86)/Arm GNU Toolchain arm-none-eabi/14.3 rel1/arm-none-eabi/include/c++/14.3.1/bits\stl_iterator.h **** 
 835:C:/Program Files (x86)/Arm GNU Toolchain arm-none-eabi/14.3 rel1/arm-none-eabi/include/c++/14.3.1/bits\stl_iterator.h ****       _GLIBCXX20_CONSTEXPR
 836:C:/Program Files (x86)/Arm GNU Toolchain arm-none-eabi/14.3 rel1/arm-none-eabi/include/c++/14.3.1/bits\stl_iterator.h ****       front_insert_iterator&
 837:C:/Program Files (x86)/Arm GNU Toolchain arm-none-eabi/14.3 rel1/arm-none-eabi/include/c++/14.3.1/bits\stl_iterator.h ****       operator=(typename _Container::value_type&& __value)
 838:C:/Program Files (x86)/Arm GNU Toolchain arm-none-eabi/14.3 rel1/arm-none-eabi/include/c++/14.3.1/bits\stl_iterator.h ****       {
 839:C:/Program Files (x86)/Arm GNU Toolchain arm-none-eabi/14.3 rel1/arm-none-eabi/include/c++/14.3.1/bits\stl_iterator.h **** 	container->push_front(std::move(__value));
 840:C:/Program Files (x86)/Arm GNU Toolchain arm-none-eabi/14.3 rel1/arm-none-eabi/include/c++/14.3.1/bits\stl_iterator.h **** 	return *this;
 841:C:/Program Files (x86)/Arm GNU Toolchain arm-none-eabi/14.3 rel1/arm-none-eabi/include/c++/14.3.1/bits\stl_iterator.h ****       }
 842:C:/Program Files (x86)/Arm GNU Toolchain arm-none-eabi/14.3 rel1/arm-none-eabi/include/c++/14.3.1/bits\stl_iterator.h **** #endif
 843:C:/Program Files (x86)/Arm GNU Toolchain arm-none-eabi/14.3 rel1/arm-none-eabi/include/c++/14.3.1/bits\stl_iterator.h **** 
 844:C:/Program Files (x86)/Arm GNU Toolchain arm-none-eabi/14.3 rel1/arm-none-eabi/include/c++/14.3.1/bits\stl_iterator.h ****       /// Simply returns *this.
 845:C:/Program Files (x86)/Arm GNU Toolchain arm-none-eabi/14.3 rel1/arm-none-eabi/include/c++/14.3.1/bits\stl_iterator.h ****       _GLIBCXX_NODISCARD _GLIBCXX20_CONSTEXPR
 846:C:/Program Files (x86)/Arm GNU Toolchain arm-none-eabi/14.3 rel1/arm-none-eabi/include/c++/14.3.1/bits\stl_iterator.h ****       front_insert_iterator&
 847:C:/Program Files (x86)/Arm GNU Toolchain arm-none-eabi/14.3 rel1/arm-none-eabi/include/c++/14.3.1/bits\stl_iterator.h ****       operator*()
 848:C:/Program Files (x86)/Arm GNU Toolchain arm-none-eabi/14.3 rel1/arm-none-eabi/include/c++/14.3.1/bits\stl_iterator.h ****       { return *this; }
 849:C:/Program Files (x86)/Arm GNU Toolchain arm-none-eabi/14.3 rel1/arm-none-eabi/include/c++/14.3.1/bits\stl_iterator.h **** 
 850:C:/Program Files (x86)/Arm GNU Toolchain arm-none-eabi/14.3 rel1/arm-none-eabi/include/c++/14.3.1/bits\stl_iterator.h ****       /// Simply returns *this.  (This %iterator does not @a move.)
 851:C:/Program Files (x86)/Arm GNU Toolchain arm-none-eabi/14.3 rel1/arm-none-eabi/include/c++/14.3.1/bits\stl_iterator.h ****       _GLIBCXX20_CONSTEXPR
 852:C:/Program Files (x86)/Arm GNU Toolchain arm-none-eabi/14.3 rel1/arm-none-eabi/include/c++/14.3.1/bits\stl_iterator.h ****       front_insert_iterator&
 853:C:/Program Files (x86)/Arm GNU Toolchain arm-none-eabi/14.3 rel1/arm-none-eabi/include/c++/14.3.1/bits\stl_iterator.h ****       operator++()
 854:C:/Program Files (x86)/Arm GNU Toolchain arm-none-eabi/14.3 rel1/arm-none-eabi/include/c++/14.3.1/bits\stl_iterator.h ****       { return *this; }
 855:C:/Program Files (x86)/Arm GNU Toolchain arm-none-eabi/14.3 rel1/arm-none-eabi/include/c++/14.3.1/bits\stl_iterator.h **** 
 856:C:/Program Files (x86)/Arm GNU Toolchain arm-none-eabi/14.3 rel1/arm-none-eabi/include/c++/14.3.1/bits\stl_iterator.h ****       /// Simply returns *this.  (This %iterator does not @a move.)
 857:C:/Program Files (x86)/Arm GNU Toolchain arm-none-eabi/14.3 rel1/arm-none-eabi/include/c++/14.3.1/bits\stl_iterator.h ****       _GLIBCXX20_CONSTEXPR
 858:C:/Program Files (x86)/Arm GNU Toolchain arm-none-eabi/14.3 rel1/arm-none-eabi/include/c++/14.3.1/bits\stl_iterator.h ****       front_insert_iterator
 859:C:/Program Files (x86)/Arm GNU Toolchain arm-none-eabi/14.3 rel1/arm-none-eabi/include/c++/14.3.1/bits\stl_iterator.h ****       operator++(int)
 860:C:/Program Files (x86)/Arm GNU Toolchain arm-none-eabi/14.3 rel1/arm-none-eabi/include/c++/14.3.1/bits\stl_iterator.h ****       { return *this; }
 861:C:/Program Files (x86)/Arm GNU Toolchain arm-none-eabi/14.3 rel1/arm-none-eabi/include/c++/14.3.1/bits\stl_iterator.h ****     };
 862:C:/Program Files (x86)/Arm GNU Toolchain arm-none-eabi/14.3 rel1/arm-none-eabi/include/c++/14.3.1/bits\stl_iterator.h **** 
 863:C:/Program Files (x86)/Arm GNU Toolchain arm-none-eabi/14.3 rel1/arm-none-eabi/include/c++/14.3.1/bits\stl_iterator.h ****   /**
 864:C:/Program Files (x86)/Arm GNU Toolchain arm-none-eabi/14.3 rel1/arm-none-eabi/include/c++/14.3.1/bits\stl_iterator.h ****    *  @param  __x  A container of arbitrary type.
 865:C:/Program Files (x86)/Arm GNU Toolchain arm-none-eabi/14.3 rel1/arm-none-eabi/include/c++/14.3.1/bits\stl_iterator.h ****    *  @return  An instance of front_insert_iterator working on @p x.
 866:C:/Program Files (x86)/Arm GNU Toolchain arm-none-eabi/14.3 rel1/arm-none-eabi/include/c++/14.3.1/bits\stl_iterator.h ****    *
 867:C:/Program Files (x86)/Arm GNU Toolchain arm-none-eabi/14.3 rel1/arm-none-eabi/include/c++/14.3.1/bits\stl_iterator.h ****    *  This wrapper function helps in creating front_insert_iterator instances.
 868:C:/Program Files (x86)/Arm GNU Toolchain arm-none-eabi/14.3 rel1/arm-none-eabi/include/c++/14.3.1/bits\stl_iterator.h ****    *  Typing the name of the %iterator requires knowing the precise full
 869:C:/Program Files (x86)/Arm GNU Toolchain arm-none-eabi/14.3 rel1/arm-none-eabi/include/c++/14.3.1/bits\stl_iterator.h ****    *  type of the container, which can be tedious and impedes generic
 870:C:/Program Files (x86)/Arm GNU Toolchain arm-none-eabi/14.3 rel1/arm-none-eabi/include/c++/14.3.1/bits\stl_iterator.h ****    *  programming.  Using this function lets you take advantage of automatic
 871:C:/Program Files (x86)/Arm GNU Toolchain arm-none-eabi/14.3 rel1/arm-none-eabi/include/c++/14.3.1/bits\stl_iterator.h ****    *  template parameter deduction, making the compiler match the correct
 872:C:/Program Files (x86)/Arm GNU Toolchain arm-none-eabi/14.3 rel1/arm-none-eabi/include/c++/14.3.1/bits\stl_iterator.h ****    *  types for you.
 873:C:/Program Files (x86)/Arm GNU Toolchain arm-none-eabi/14.3 rel1/arm-none-eabi/include/c++/14.3.1/bits\stl_iterator.h ****   */
 874:C:/Program Files (x86)/Arm GNU Toolchain arm-none-eabi/14.3 rel1/arm-none-eabi/include/c++/14.3.1/bits\stl_iterator.h ****   template<typename _Container>
 875:C:/Program Files (x86)/Arm GNU Toolchain arm-none-eabi/14.3 rel1/arm-none-eabi/include/c++/14.3.1/bits\stl_iterator.h ****     _GLIBCXX_NODISCARD _GLIBCXX20_CONSTEXPR
 876:C:/Program Files (x86)/Arm GNU Toolchain arm-none-eabi/14.3 rel1/arm-none-eabi/include/c++/14.3.1/bits\stl_iterator.h ****     inline front_insert_iterator<_Container>
 877:C:/Program Files (x86)/Arm GNU Toolchain arm-none-eabi/14.3 rel1/arm-none-eabi/include/c++/14.3.1/bits\stl_iterator.h ****     front_inserter(_Container& __x)
 878:C:/Program Files (x86)/Arm GNU Toolchain arm-none-eabi/14.3 rel1/arm-none-eabi/include/c++/14.3.1/bits\stl_iterator.h ****     { return front_insert_iterator<_Container>(__x); }
 879:C:/Program Files (x86)/Arm GNU Toolchain arm-none-eabi/14.3 rel1/arm-none-eabi/include/c++/14.3.1/bits\stl_iterator.h **** 
 880:C:/Program Files (x86)/Arm GNU Toolchain arm-none-eabi/14.3 rel1/arm-none-eabi/include/c++/14.3.1/bits\stl_iterator.h ****   /**
 881:C:/Program Files (x86)/Arm GNU Toolchain arm-none-eabi/14.3 rel1/arm-none-eabi/include/c++/14.3.1/bits\stl_iterator.h ****    *  @brief  Turns assignment into insertion.
 882:C:/Program Files (x86)/Arm GNU Toolchain arm-none-eabi/14.3 rel1/arm-none-eabi/include/c++/14.3.1/bits\stl_iterator.h ****    *
 883:C:/Program Files (x86)/Arm GNU Toolchain arm-none-eabi/14.3 rel1/arm-none-eabi/include/c++/14.3.1/bits\stl_iterator.h ****    *  These are output iterators, constructed from a container-of-T.
 884:C:/Program Files (x86)/Arm GNU Toolchain arm-none-eabi/14.3 rel1/arm-none-eabi/include/c++/14.3.1/bits\stl_iterator.h ****    *  Assigning a T to the iterator inserts it in the container at the
 885:C:/Program Files (x86)/Arm GNU Toolchain arm-none-eabi/14.3 rel1/arm-none-eabi/include/c++/14.3.1/bits\stl_iterator.h ****    *  %iterator's position, rather than overwriting the value at that
 886:C:/Program Files (x86)/Arm GNU Toolchain arm-none-eabi/14.3 rel1/arm-none-eabi/include/c++/14.3.1/bits\stl_iterator.h ****    *  position.
 887:C:/Program Files (x86)/Arm GNU Toolchain arm-none-eabi/14.3 rel1/arm-none-eabi/include/c++/14.3.1/bits\stl_iterator.h ****    *
 888:C:/Program Files (x86)/Arm GNU Toolchain arm-none-eabi/14.3 rel1/arm-none-eabi/include/c++/14.3.1/bits\stl_iterator.h ****    *  (Sequences will actually insert a @e copy of the value before the
 889:C:/Program Files (x86)/Arm GNU Toolchain arm-none-eabi/14.3 rel1/arm-none-eabi/include/c++/14.3.1/bits\stl_iterator.h ****    *  %iterator's position.)
 890:C:/Program Files (x86)/Arm GNU Toolchain arm-none-eabi/14.3 rel1/arm-none-eabi/include/c++/14.3.1/bits\stl_iterator.h ****    *
ARM GAS  C:\Users\Oliver\AppData\Local\Temp\cc4VwjOw.s 			page 79


 891:C:/Program Files (x86)/Arm GNU Toolchain arm-none-eabi/14.3 rel1/arm-none-eabi/include/c++/14.3.1/bits\stl_iterator.h ****    *  Tip:  Using the inserter function to create these iterators can
 892:C:/Program Files (x86)/Arm GNU Toolchain arm-none-eabi/14.3 rel1/arm-none-eabi/include/c++/14.3.1/bits\stl_iterator.h ****    *  save typing.
 893:C:/Program Files (x86)/Arm GNU Toolchain arm-none-eabi/14.3 rel1/arm-none-eabi/include/c++/14.3.1/bits\stl_iterator.h ****   */
 894:C:/Program Files (x86)/Arm GNU Toolchain arm-none-eabi/14.3 rel1/arm-none-eabi/include/c++/14.3.1/bits\stl_iterator.h ****   template<typename _Container>
 895:C:/Program Files (x86)/Arm GNU Toolchain arm-none-eabi/14.3 rel1/arm-none-eabi/include/c++/14.3.1/bits\stl_iterator.h ****     class insert_iterator
 896:C:/Program Files (x86)/Arm GNU Toolchain arm-none-eabi/14.3 rel1/arm-none-eabi/include/c++/14.3.1/bits\stl_iterator.h ****     : public iterator<output_iterator_tag, void, void, void, void>
 897:C:/Program Files (x86)/Arm GNU Toolchain arm-none-eabi/14.3 rel1/arm-none-eabi/include/c++/14.3.1/bits\stl_iterator.h ****     {
 898:C:/Program Files (x86)/Arm GNU Toolchain arm-none-eabi/14.3 rel1/arm-none-eabi/include/c++/14.3.1/bits\stl_iterator.h **** #if __cplusplus > 201703L && defined __glibcxx_concepts
 899:C:/Program Files (x86)/Arm GNU Toolchain arm-none-eabi/14.3 rel1/arm-none-eabi/include/c++/14.3.1/bits\stl_iterator.h ****       using _Iter = std::__detail::__range_iter_t<_Container>;
 900:C:/Program Files (x86)/Arm GNU Toolchain arm-none-eabi/14.3 rel1/arm-none-eabi/include/c++/14.3.1/bits\stl_iterator.h **** #else
 901:C:/Program Files (x86)/Arm GNU Toolchain arm-none-eabi/14.3 rel1/arm-none-eabi/include/c++/14.3.1/bits\stl_iterator.h ****       typedef typename _Container::iterator		_Iter;
 902:C:/Program Files (x86)/Arm GNU Toolchain arm-none-eabi/14.3 rel1/arm-none-eabi/include/c++/14.3.1/bits\stl_iterator.h **** #endif
 903:C:/Program Files (x86)/Arm GNU Toolchain arm-none-eabi/14.3 rel1/arm-none-eabi/include/c++/14.3.1/bits\stl_iterator.h ****     protected:
 904:C:/Program Files (x86)/Arm GNU Toolchain arm-none-eabi/14.3 rel1/arm-none-eabi/include/c++/14.3.1/bits\stl_iterator.h ****       _Container* container;
 905:C:/Program Files (x86)/Arm GNU Toolchain arm-none-eabi/14.3 rel1/arm-none-eabi/include/c++/14.3.1/bits\stl_iterator.h ****       _Iter iter;
 906:C:/Program Files (x86)/Arm GNU Toolchain arm-none-eabi/14.3 rel1/arm-none-eabi/include/c++/14.3.1/bits\stl_iterator.h **** 
 907:C:/Program Files (x86)/Arm GNU Toolchain arm-none-eabi/14.3 rel1/arm-none-eabi/include/c++/14.3.1/bits\stl_iterator.h ****     public:
 908:C:/Program Files (x86)/Arm GNU Toolchain arm-none-eabi/14.3 rel1/arm-none-eabi/include/c++/14.3.1/bits\stl_iterator.h ****       /// A nested typedef for the type of whatever container you used.
 909:C:/Program Files (x86)/Arm GNU Toolchain arm-none-eabi/14.3 rel1/arm-none-eabi/include/c++/14.3.1/bits\stl_iterator.h ****       typedef _Container          container_type;
 910:C:/Program Files (x86)/Arm GNU Toolchain arm-none-eabi/14.3 rel1/arm-none-eabi/include/c++/14.3.1/bits\stl_iterator.h **** 
 911:C:/Program Files (x86)/Arm GNU Toolchain arm-none-eabi/14.3 rel1/arm-none-eabi/include/c++/14.3.1/bits\stl_iterator.h **** #if __cplusplus > 201703L && defined __glibcxx_concepts
 912:C:/Program Files (x86)/Arm GNU Toolchain arm-none-eabi/14.3 rel1/arm-none-eabi/include/c++/14.3.1/bits\stl_iterator.h ****       using difference_type = ptrdiff_t;
 913:C:/Program Files (x86)/Arm GNU Toolchain arm-none-eabi/14.3 rel1/arm-none-eabi/include/c++/14.3.1/bits\stl_iterator.h **** #endif
 914:C:/Program Files (x86)/Arm GNU Toolchain arm-none-eabi/14.3 rel1/arm-none-eabi/include/c++/14.3.1/bits\stl_iterator.h **** 
 915:C:/Program Files (x86)/Arm GNU Toolchain arm-none-eabi/14.3 rel1/arm-none-eabi/include/c++/14.3.1/bits\stl_iterator.h ****       /**
 916:C:/Program Files (x86)/Arm GNU Toolchain arm-none-eabi/14.3 rel1/arm-none-eabi/include/c++/14.3.1/bits\stl_iterator.h ****        *  The only way to create this %iterator is with a container and an
 917:C:/Program Files (x86)/Arm GNU Toolchain arm-none-eabi/14.3 rel1/arm-none-eabi/include/c++/14.3.1/bits\stl_iterator.h ****        *  initial position (a normal %iterator into the container).
 918:C:/Program Files (x86)/Arm GNU Toolchain arm-none-eabi/14.3 rel1/arm-none-eabi/include/c++/14.3.1/bits\stl_iterator.h ****       */
 919:C:/Program Files (x86)/Arm GNU Toolchain arm-none-eabi/14.3 rel1/arm-none-eabi/include/c++/14.3.1/bits\stl_iterator.h ****       _GLIBCXX20_CONSTEXPR
 920:C:/Program Files (x86)/Arm GNU Toolchain arm-none-eabi/14.3 rel1/arm-none-eabi/include/c++/14.3.1/bits\stl_iterator.h ****       insert_iterator(_Container& __x, _Iter __i)
 921:C:/Program Files (x86)/Arm GNU Toolchain arm-none-eabi/14.3 rel1/arm-none-eabi/include/c++/14.3.1/bits\stl_iterator.h ****       : container(std::__addressof(__x)), iter(__i) {}
 922:C:/Program Files (x86)/Arm GNU Toolchain arm-none-eabi/14.3 rel1/arm-none-eabi/include/c++/14.3.1/bits\stl_iterator.h **** 
 923:C:/Program Files (x86)/Arm GNU Toolchain arm-none-eabi/14.3 rel1/arm-none-eabi/include/c++/14.3.1/bits\stl_iterator.h ****       /**
 924:C:/Program Files (x86)/Arm GNU Toolchain arm-none-eabi/14.3 rel1/arm-none-eabi/include/c++/14.3.1/bits\stl_iterator.h ****        *  @param  __value  An instance of whatever type
 925:C:/Program Files (x86)/Arm GNU Toolchain arm-none-eabi/14.3 rel1/arm-none-eabi/include/c++/14.3.1/bits\stl_iterator.h ****        *                 container_type::const_reference is; presumably a
 926:C:/Program Files (x86)/Arm GNU Toolchain arm-none-eabi/14.3 rel1/arm-none-eabi/include/c++/14.3.1/bits\stl_iterator.h ****        *                 reference-to-const T for container<T>.
 927:C:/Program Files (x86)/Arm GNU Toolchain arm-none-eabi/14.3 rel1/arm-none-eabi/include/c++/14.3.1/bits\stl_iterator.h ****        *  @return  This %iterator, for chained operations.
 928:C:/Program Files (x86)/Arm GNU Toolchain arm-none-eabi/14.3 rel1/arm-none-eabi/include/c++/14.3.1/bits\stl_iterator.h ****        *
 929:C:/Program Files (x86)/Arm GNU Toolchain arm-none-eabi/14.3 rel1/arm-none-eabi/include/c++/14.3.1/bits\stl_iterator.h ****        *  This kind of %iterator maintains its own position in the
 930:C:/Program Files (x86)/Arm GNU Toolchain arm-none-eabi/14.3 rel1/arm-none-eabi/include/c++/14.3.1/bits\stl_iterator.h ****        *  container.  Assigning a value to the %iterator will insert the
 931:C:/Program Files (x86)/Arm GNU Toolchain arm-none-eabi/14.3 rel1/arm-none-eabi/include/c++/14.3.1/bits\stl_iterator.h ****        *  value into the container at the place before the %iterator.
 932:C:/Program Files (x86)/Arm GNU Toolchain arm-none-eabi/14.3 rel1/arm-none-eabi/include/c++/14.3.1/bits\stl_iterator.h ****        *
 933:C:/Program Files (x86)/Arm GNU Toolchain arm-none-eabi/14.3 rel1/arm-none-eabi/include/c++/14.3.1/bits\stl_iterator.h ****        *  The position is maintained such that subsequent assignments will
 934:C:/Program Files (x86)/Arm GNU Toolchain arm-none-eabi/14.3 rel1/arm-none-eabi/include/c++/14.3.1/bits\stl_iterator.h ****        *  insert values immediately after one another.  For example,
 935:C:/Program Files (x86)/Arm GNU Toolchain arm-none-eabi/14.3 rel1/arm-none-eabi/include/c++/14.3.1/bits\stl_iterator.h ****        *  @code
 936:C:/Program Files (x86)/Arm GNU Toolchain arm-none-eabi/14.3 rel1/arm-none-eabi/include/c++/14.3.1/bits\stl_iterator.h ****        *     // vector v contains A and Z
 937:C:/Program Files (x86)/Arm GNU Toolchain arm-none-eabi/14.3 rel1/arm-none-eabi/include/c++/14.3.1/bits\stl_iterator.h ****        *
 938:C:/Program Files (x86)/Arm GNU Toolchain arm-none-eabi/14.3 rel1/arm-none-eabi/include/c++/14.3.1/bits\stl_iterator.h ****        *     insert_iterator i (v, ++v.begin());
 939:C:/Program Files (x86)/Arm GNU Toolchain arm-none-eabi/14.3 rel1/arm-none-eabi/include/c++/14.3.1/bits\stl_iterator.h ****        *     i = 1;
 940:C:/Program Files (x86)/Arm GNU Toolchain arm-none-eabi/14.3 rel1/arm-none-eabi/include/c++/14.3.1/bits\stl_iterator.h ****        *     i = 2;
 941:C:/Program Files (x86)/Arm GNU Toolchain arm-none-eabi/14.3 rel1/arm-none-eabi/include/c++/14.3.1/bits\stl_iterator.h ****        *     i = 3;
 942:C:/Program Files (x86)/Arm GNU Toolchain arm-none-eabi/14.3 rel1/arm-none-eabi/include/c++/14.3.1/bits\stl_iterator.h ****        *
 943:C:/Program Files (x86)/Arm GNU Toolchain arm-none-eabi/14.3 rel1/arm-none-eabi/include/c++/14.3.1/bits\stl_iterator.h ****        *     // vector v contains A, 1, 2, 3, and Z
 944:C:/Program Files (x86)/Arm GNU Toolchain arm-none-eabi/14.3 rel1/arm-none-eabi/include/c++/14.3.1/bits\stl_iterator.h ****        *  @endcode
 945:C:/Program Files (x86)/Arm GNU Toolchain arm-none-eabi/14.3 rel1/arm-none-eabi/include/c++/14.3.1/bits\stl_iterator.h ****       */
 946:C:/Program Files (x86)/Arm GNU Toolchain arm-none-eabi/14.3 rel1/arm-none-eabi/include/c++/14.3.1/bits\stl_iterator.h **** #if __cplusplus < 201103L
 947:C:/Program Files (x86)/Arm GNU Toolchain arm-none-eabi/14.3 rel1/arm-none-eabi/include/c++/14.3.1/bits\stl_iterator.h ****       insert_iterator&
ARM GAS  C:\Users\Oliver\AppData\Local\Temp\cc4VwjOw.s 			page 80


 948:C:/Program Files (x86)/Arm GNU Toolchain arm-none-eabi/14.3 rel1/arm-none-eabi/include/c++/14.3.1/bits\stl_iterator.h ****       operator=(typename _Container::const_reference __value)
 949:C:/Program Files (x86)/Arm GNU Toolchain arm-none-eabi/14.3 rel1/arm-none-eabi/include/c++/14.3.1/bits\stl_iterator.h ****       {
 950:C:/Program Files (x86)/Arm GNU Toolchain arm-none-eabi/14.3 rel1/arm-none-eabi/include/c++/14.3.1/bits\stl_iterator.h **** 	iter = container->insert(iter, __value);
 951:C:/Program Files (x86)/Arm GNU Toolchain arm-none-eabi/14.3 rel1/arm-none-eabi/include/c++/14.3.1/bits\stl_iterator.h **** 	++iter;
 952:C:/Program Files (x86)/Arm GNU Toolchain arm-none-eabi/14.3 rel1/arm-none-eabi/include/c++/14.3.1/bits\stl_iterator.h **** 	return *this;
 953:C:/Program Files (x86)/Arm GNU Toolchain arm-none-eabi/14.3 rel1/arm-none-eabi/include/c++/14.3.1/bits\stl_iterator.h ****       }
 954:C:/Program Files (x86)/Arm GNU Toolchain arm-none-eabi/14.3 rel1/arm-none-eabi/include/c++/14.3.1/bits\stl_iterator.h **** #else
 955:C:/Program Files (x86)/Arm GNU Toolchain arm-none-eabi/14.3 rel1/arm-none-eabi/include/c++/14.3.1/bits\stl_iterator.h ****       _GLIBCXX20_CONSTEXPR
 956:C:/Program Files (x86)/Arm GNU Toolchain arm-none-eabi/14.3 rel1/arm-none-eabi/include/c++/14.3.1/bits\stl_iterator.h ****       insert_iterator&
 957:C:/Program Files (x86)/Arm GNU Toolchain arm-none-eabi/14.3 rel1/arm-none-eabi/include/c++/14.3.1/bits\stl_iterator.h ****       operator=(const typename _Container::value_type& __value)
 958:C:/Program Files (x86)/Arm GNU Toolchain arm-none-eabi/14.3 rel1/arm-none-eabi/include/c++/14.3.1/bits\stl_iterator.h ****       {
 959:C:/Program Files (x86)/Arm GNU Toolchain arm-none-eabi/14.3 rel1/arm-none-eabi/include/c++/14.3.1/bits\stl_iterator.h **** 	iter = container->insert(iter, __value);
 960:C:/Program Files (x86)/Arm GNU Toolchain arm-none-eabi/14.3 rel1/arm-none-eabi/include/c++/14.3.1/bits\stl_iterator.h **** 	++iter;
 961:C:/Program Files (x86)/Arm GNU Toolchain arm-none-eabi/14.3 rel1/arm-none-eabi/include/c++/14.3.1/bits\stl_iterator.h **** 	return *this;
 962:C:/Program Files (x86)/Arm GNU Toolchain arm-none-eabi/14.3 rel1/arm-none-eabi/include/c++/14.3.1/bits\stl_iterator.h ****       }
 963:C:/Program Files (x86)/Arm GNU Toolchain arm-none-eabi/14.3 rel1/arm-none-eabi/include/c++/14.3.1/bits\stl_iterator.h **** 
 964:C:/Program Files (x86)/Arm GNU Toolchain arm-none-eabi/14.3 rel1/arm-none-eabi/include/c++/14.3.1/bits\stl_iterator.h ****       _GLIBCXX20_CONSTEXPR
 965:C:/Program Files (x86)/Arm GNU Toolchain arm-none-eabi/14.3 rel1/arm-none-eabi/include/c++/14.3.1/bits\stl_iterator.h ****       insert_iterator&
 966:C:/Program Files (x86)/Arm GNU Toolchain arm-none-eabi/14.3 rel1/arm-none-eabi/include/c++/14.3.1/bits\stl_iterator.h ****       operator=(typename _Container::value_type&& __value)
 967:C:/Program Files (x86)/Arm GNU Toolchain arm-none-eabi/14.3 rel1/arm-none-eabi/include/c++/14.3.1/bits\stl_iterator.h ****       {
 968:C:/Program Files (x86)/Arm GNU Toolchain arm-none-eabi/14.3 rel1/arm-none-eabi/include/c++/14.3.1/bits\stl_iterator.h **** 	iter = container->insert(iter, std::move(__value));
 969:C:/Program Files (x86)/Arm GNU Toolchain arm-none-eabi/14.3 rel1/arm-none-eabi/include/c++/14.3.1/bits\stl_iterator.h **** 	++iter;
 970:C:/Program Files (x86)/Arm GNU Toolchain arm-none-eabi/14.3 rel1/arm-none-eabi/include/c++/14.3.1/bits\stl_iterator.h **** 	return *this;
 971:C:/Program Files (x86)/Arm GNU Toolchain arm-none-eabi/14.3 rel1/arm-none-eabi/include/c++/14.3.1/bits\stl_iterator.h ****       }
 972:C:/Program Files (x86)/Arm GNU Toolchain arm-none-eabi/14.3 rel1/arm-none-eabi/include/c++/14.3.1/bits\stl_iterator.h **** #endif
 973:C:/Program Files (x86)/Arm GNU Toolchain arm-none-eabi/14.3 rel1/arm-none-eabi/include/c++/14.3.1/bits\stl_iterator.h **** 
 974:C:/Program Files (x86)/Arm GNU Toolchain arm-none-eabi/14.3 rel1/arm-none-eabi/include/c++/14.3.1/bits\stl_iterator.h ****       /// Simply returns *this.
 975:C:/Program Files (x86)/Arm GNU Toolchain arm-none-eabi/14.3 rel1/arm-none-eabi/include/c++/14.3.1/bits\stl_iterator.h ****       _GLIBCXX_NODISCARD _GLIBCXX20_CONSTEXPR
 976:C:/Program Files (x86)/Arm GNU Toolchain arm-none-eabi/14.3 rel1/arm-none-eabi/include/c++/14.3.1/bits\stl_iterator.h ****       insert_iterator&
 977:C:/Program Files (x86)/Arm GNU Toolchain arm-none-eabi/14.3 rel1/arm-none-eabi/include/c++/14.3.1/bits\stl_iterator.h ****       operator*()
 978:C:/Program Files (x86)/Arm GNU Toolchain arm-none-eabi/14.3 rel1/arm-none-eabi/include/c++/14.3.1/bits\stl_iterator.h ****       { return *this; }
 979:C:/Program Files (x86)/Arm GNU Toolchain arm-none-eabi/14.3 rel1/arm-none-eabi/include/c++/14.3.1/bits\stl_iterator.h **** 
 980:C:/Program Files (x86)/Arm GNU Toolchain arm-none-eabi/14.3 rel1/arm-none-eabi/include/c++/14.3.1/bits\stl_iterator.h ****       /// Simply returns *this.  (This %iterator does not @a move.)
 981:C:/Program Files (x86)/Arm GNU Toolchain arm-none-eabi/14.3 rel1/arm-none-eabi/include/c++/14.3.1/bits\stl_iterator.h ****       _GLIBCXX20_CONSTEXPR
 982:C:/Program Files (x86)/Arm GNU Toolchain arm-none-eabi/14.3 rel1/arm-none-eabi/include/c++/14.3.1/bits\stl_iterator.h ****       insert_iterator&
 983:C:/Program Files (x86)/Arm GNU Toolchain arm-none-eabi/14.3 rel1/arm-none-eabi/include/c++/14.3.1/bits\stl_iterator.h ****       operator++()
 984:C:/Program Files (x86)/Arm GNU Toolchain arm-none-eabi/14.3 rel1/arm-none-eabi/include/c++/14.3.1/bits\stl_iterator.h ****       { return *this; }
 985:C:/Program Files (x86)/Arm GNU Toolchain arm-none-eabi/14.3 rel1/arm-none-eabi/include/c++/14.3.1/bits\stl_iterator.h **** 
 986:C:/Program Files (x86)/Arm GNU Toolchain arm-none-eabi/14.3 rel1/arm-none-eabi/include/c++/14.3.1/bits\stl_iterator.h ****       /// Simply returns *this.  (This %iterator does not @a move.)
 987:C:/Program Files (x86)/Arm GNU Toolchain arm-none-eabi/14.3 rel1/arm-none-eabi/include/c++/14.3.1/bits\stl_iterator.h ****       _GLIBCXX20_CONSTEXPR
 988:C:/Program Files (x86)/Arm GNU Toolchain arm-none-eabi/14.3 rel1/arm-none-eabi/include/c++/14.3.1/bits\stl_iterator.h ****       insert_iterator&
 989:C:/Program Files (x86)/Arm GNU Toolchain arm-none-eabi/14.3 rel1/arm-none-eabi/include/c++/14.3.1/bits\stl_iterator.h ****       operator++(int)
 990:C:/Program Files (x86)/Arm GNU Toolchain arm-none-eabi/14.3 rel1/arm-none-eabi/include/c++/14.3.1/bits\stl_iterator.h ****       { return *this; }
 991:C:/Program Files (x86)/Arm GNU Toolchain arm-none-eabi/14.3 rel1/arm-none-eabi/include/c++/14.3.1/bits\stl_iterator.h ****     };
 992:C:/Program Files (x86)/Arm GNU Toolchain arm-none-eabi/14.3 rel1/arm-none-eabi/include/c++/14.3.1/bits\stl_iterator.h **** 
 993:C:/Program Files (x86)/Arm GNU Toolchain arm-none-eabi/14.3 rel1/arm-none-eabi/include/c++/14.3.1/bits\stl_iterator.h **** #pragma GCC diagnostic pop
 994:C:/Program Files (x86)/Arm GNU Toolchain arm-none-eabi/14.3 rel1/arm-none-eabi/include/c++/14.3.1/bits\stl_iterator.h **** 
 995:C:/Program Files (x86)/Arm GNU Toolchain arm-none-eabi/14.3 rel1/arm-none-eabi/include/c++/14.3.1/bits\stl_iterator.h ****   /**
 996:C:/Program Files (x86)/Arm GNU Toolchain arm-none-eabi/14.3 rel1/arm-none-eabi/include/c++/14.3.1/bits\stl_iterator.h ****    *  @param __x  A container of arbitrary type.
 997:C:/Program Files (x86)/Arm GNU Toolchain arm-none-eabi/14.3 rel1/arm-none-eabi/include/c++/14.3.1/bits\stl_iterator.h ****    *  @param __i  An iterator into the container.
 998:C:/Program Files (x86)/Arm GNU Toolchain arm-none-eabi/14.3 rel1/arm-none-eabi/include/c++/14.3.1/bits\stl_iterator.h ****    *  @return  An instance of insert_iterator working on @p __x.
 999:C:/Program Files (x86)/Arm GNU Toolchain arm-none-eabi/14.3 rel1/arm-none-eabi/include/c++/14.3.1/bits\stl_iterator.h ****    *
1000:C:/Program Files (x86)/Arm GNU Toolchain arm-none-eabi/14.3 rel1/arm-none-eabi/include/c++/14.3.1/bits\stl_iterator.h ****    *  This wrapper function helps in creating insert_iterator instances.
1001:C:/Program Files (x86)/Arm GNU Toolchain arm-none-eabi/14.3 rel1/arm-none-eabi/include/c++/14.3.1/bits\stl_iterator.h ****    *  Typing the name of the %iterator requires knowing the precise full
1002:C:/Program Files (x86)/Arm GNU Toolchain arm-none-eabi/14.3 rel1/arm-none-eabi/include/c++/14.3.1/bits\stl_iterator.h ****    *  type of the container, which can be tedious and impedes generic
1003:C:/Program Files (x86)/Arm GNU Toolchain arm-none-eabi/14.3 rel1/arm-none-eabi/include/c++/14.3.1/bits\stl_iterator.h ****    *  programming.  Using this function lets you take advantage of automatic
1004:C:/Program Files (x86)/Arm GNU Toolchain arm-none-eabi/14.3 rel1/arm-none-eabi/include/c++/14.3.1/bits\stl_iterator.h ****    *  template parameter deduction, making the compiler match the correct
ARM GAS  C:\Users\Oliver\AppData\Local\Temp\cc4VwjOw.s 			page 81


1005:C:/Program Files (x86)/Arm GNU Toolchain arm-none-eabi/14.3 rel1/arm-none-eabi/include/c++/14.3.1/bits\stl_iterator.h ****    *  types for you.
1006:C:/Program Files (x86)/Arm GNU Toolchain arm-none-eabi/14.3 rel1/arm-none-eabi/include/c++/14.3.1/bits\stl_iterator.h ****   */
1007:C:/Program Files (x86)/Arm GNU Toolchain arm-none-eabi/14.3 rel1/arm-none-eabi/include/c++/14.3.1/bits\stl_iterator.h **** #if __cplusplus > 201703L && defined __glibcxx_concepts
1008:C:/Program Files (x86)/Arm GNU Toolchain arm-none-eabi/14.3 rel1/arm-none-eabi/include/c++/14.3.1/bits\stl_iterator.h ****   template<typename _Container>
1009:C:/Program Files (x86)/Arm GNU Toolchain arm-none-eabi/14.3 rel1/arm-none-eabi/include/c++/14.3.1/bits\stl_iterator.h ****     [[nodiscard]]
1010:C:/Program Files (x86)/Arm GNU Toolchain arm-none-eabi/14.3 rel1/arm-none-eabi/include/c++/14.3.1/bits\stl_iterator.h ****     constexpr insert_iterator<_Container>
1011:C:/Program Files (x86)/Arm GNU Toolchain arm-none-eabi/14.3 rel1/arm-none-eabi/include/c++/14.3.1/bits\stl_iterator.h ****     inserter(_Container& __x, std::__detail::__range_iter_t<_Container> __i)
1012:C:/Program Files (x86)/Arm GNU Toolchain arm-none-eabi/14.3 rel1/arm-none-eabi/include/c++/14.3.1/bits\stl_iterator.h ****     { return insert_iterator<_Container>(__x, __i); }
1013:C:/Program Files (x86)/Arm GNU Toolchain arm-none-eabi/14.3 rel1/arm-none-eabi/include/c++/14.3.1/bits\stl_iterator.h **** #else
1014:C:/Program Files (x86)/Arm GNU Toolchain arm-none-eabi/14.3 rel1/arm-none-eabi/include/c++/14.3.1/bits\stl_iterator.h ****   template<typename _Container>
1015:C:/Program Files (x86)/Arm GNU Toolchain arm-none-eabi/14.3 rel1/arm-none-eabi/include/c++/14.3.1/bits\stl_iterator.h ****     _GLIBCXX_NODISCARD
1016:C:/Program Files (x86)/Arm GNU Toolchain arm-none-eabi/14.3 rel1/arm-none-eabi/include/c++/14.3.1/bits\stl_iterator.h ****     inline insert_iterator<_Container>
1017:C:/Program Files (x86)/Arm GNU Toolchain arm-none-eabi/14.3 rel1/arm-none-eabi/include/c++/14.3.1/bits\stl_iterator.h ****     inserter(_Container& __x, typename _Container::iterator __i)
1018:C:/Program Files (x86)/Arm GNU Toolchain arm-none-eabi/14.3 rel1/arm-none-eabi/include/c++/14.3.1/bits\stl_iterator.h ****     { return insert_iterator<_Container>(__x, __i); }
1019:C:/Program Files (x86)/Arm GNU Toolchain arm-none-eabi/14.3 rel1/arm-none-eabi/include/c++/14.3.1/bits\stl_iterator.h **** #endif
1020:C:/Program Files (x86)/Arm GNU Toolchain arm-none-eabi/14.3 rel1/arm-none-eabi/include/c++/14.3.1/bits\stl_iterator.h **** 
1021:C:/Program Files (x86)/Arm GNU Toolchain arm-none-eabi/14.3 rel1/arm-none-eabi/include/c++/14.3.1/bits\stl_iterator.h ****   /// @} group iterators
1022:C:/Program Files (x86)/Arm GNU Toolchain arm-none-eabi/14.3 rel1/arm-none-eabi/include/c++/14.3.1/bits\stl_iterator.h **** 
1023:C:/Program Files (x86)/Arm GNU Toolchain arm-none-eabi/14.3 rel1/arm-none-eabi/include/c++/14.3.1/bits\stl_iterator.h **** _GLIBCXX_END_NAMESPACE_VERSION
1024:C:/Program Files (x86)/Arm GNU Toolchain arm-none-eabi/14.3 rel1/arm-none-eabi/include/c++/14.3.1/bits\stl_iterator.h **** } // namespace
1025:C:/Program Files (x86)/Arm GNU Toolchain arm-none-eabi/14.3 rel1/arm-none-eabi/include/c++/14.3.1/bits\stl_iterator.h **** 
1026:C:/Program Files (x86)/Arm GNU Toolchain arm-none-eabi/14.3 rel1/arm-none-eabi/include/c++/14.3.1/bits\stl_iterator.h **** namespace __gnu_cxx _GLIBCXX_VISIBILITY(default)
1027:C:/Program Files (x86)/Arm GNU Toolchain arm-none-eabi/14.3 rel1/arm-none-eabi/include/c++/14.3.1/bits\stl_iterator.h **** {
1028:C:/Program Files (x86)/Arm GNU Toolchain arm-none-eabi/14.3 rel1/arm-none-eabi/include/c++/14.3.1/bits\stl_iterator.h **** _GLIBCXX_BEGIN_NAMESPACE_VERSION
1029:C:/Program Files (x86)/Arm GNU Toolchain arm-none-eabi/14.3 rel1/arm-none-eabi/include/c++/14.3.1/bits\stl_iterator.h **** 
1030:C:/Program Files (x86)/Arm GNU Toolchain arm-none-eabi/14.3 rel1/arm-none-eabi/include/c++/14.3.1/bits\stl_iterator.h ****   // This iterator adapter is @a normal in the sense that it does not
1031:C:/Program Files (x86)/Arm GNU Toolchain arm-none-eabi/14.3 rel1/arm-none-eabi/include/c++/14.3.1/bits\stl_iterator.h ****   // change the semantics of any of the operators of its iterator
1032:C:/Program Files (x86)/Arm GNU Toolchain arm-none-eabi/14.3 rel1/arm-none-eabi/include/c++/14.3.1/bits\stl_iterator.h ****   // parameter.  Its primary purpose is to convert an iterator that is
1033:C:/Program Files (x86)/Arm GNU Toolchain arm-none-eabi/14.3 rel1/arm-none-eabi/include/c++/14.3.1/bits\stl_iterator.h ****   // not a class, e.g. a pointer, into an iterator that is a class.
1034:C:/Program Files (x86)/Arm GNU Toolchain arm-none-eabi/14.3 rel1/arm-none-eabi/include/c++/14.3.1/bits\stl_iterator.h ****   // The _Container parameter exists solely so that different containers
1035:C:/Program Files (x86)/Arm GNU Toolchain arm-none-eabi/14.3 rel1/arm-none-eabi/include/c++/14.3.1/bits\stl_iterator.h ****   // using this template can instantiate different types, even if the
1036:C:/Program Files (x86)/Arm GNU Toolchain arm-none-eabi/14.3 rel1/arm-none-eabi/include/c++/14.3.1/bits\stl_iterator.h ****   // _Iterator parameter is the same.
1037:C:/Program Files (x86)/Arm GNU Toolchain arm-none-eabi/14.3 rel1/arm-none-eabi/include/c++/14.3.1/bits\stl_iterator.h ****   template<typename _Iterator, typename _Container>
1038:C:/Program Files (x86)/Arm GNU Toolchain arm-none-eabi/14.3 rel1/arm-none-eabi/include/c++/14.3.1/bits\stl_iterator.h ****     class __normal_iterator
1039:C:/Program Files (x86)/Arm GNU Toolchain arm-none-eabi/14.3 rel1/arm-none-eabi/include/c++/14.3.1/bits\stl_iterator.h ****     {
1040:C:/Program Files (x86)/Arm GNU Toolchain arm-none-eabi/14.3 rel1/arm-none-eabi/include/c++/14.3.1/bits\stl_iterator.h ****     protected:
1041:C:/Program Files (x86)/Arm GNU Toolchain arm-none-eabi/14.3 rel1/arm-none-eabi/include/c++/14.3.1/bits\stl_iterator.h ****       _Iterator _M_current;
1042:C:/Program Files (x86)/Arm GNU Toolchain arm-none-eabi/14.3 rel1/arm-none-eabi/include/c++/14.3.1/bits\stl_iterator.h **** 
1043:C:/Program Files (x86)/Arm GNU Toolchain arm-none-eabi/14.3 rel1/arm-none-eabi/include/c++/14.3.1/bits\stl_iterator.h ****       typedef std::iterator_traits<_Iterator>		__traits_type;
1044:C:/Program Files (x86)/Arm GNU Toolchain arm-none-eabi/14.3 rel1/arm-none-eabi/include/c++/14.3.1/bits\stl_iterator.h **** 
1045:C:/Program Files (x86)/Arm GNU Toolchain arm-none-eabi/14.3 rel1/arm-none-eabi/include/c++/14.3.1/bits\stl_iterator.h **** #if __cplusplus >= 201103L
1046:C:/Program Files (x86)/Arm GNU Toolchain arm-none-eabi/14.3 rel1/arm-none-eabi/include/c++/14.3.1/bits\stl_iterator.h ****       template<typename _Iter>
1047:C:/Program Files (x86)/Arm GNU Toolchain arm-none-eabi/14.3 rel1/arm-none-eabi/include/c++/14.3.1/bits\stl_iterator.h **** 	using __convertible_from
1048:C:/Program Files (x86)/Arm GNU Toolchain arm-none-eabi/14.3 rel1/arm-none-eabi/include/c++/14.3.1/bits\stl_iterator.h **** 	  = std::__enable_if_t<std::is_convertible<_Iter, _Iterator>::value>;
1049:C:/Program Files (x86)/Arm GNU Toolchain arm-none-eabi/14.3 rel1/arm-none-eabi/include/c++/14.3.1/bits\stl_iterator.h **** #endif
1050:C:/Program Files (x86)/Arm GNU Toolchain arm-none-eabi/14.3 rel1/arm-none-eabi/include/c++/14.3.1/bits\stl_iterator.h **** 
1051:C:/Program Files (x86)/Arm GNU Toolchain arm-none-eabi/14.3 rel1/arm-none-eabi/include/c++/14.3.1/bits\stl_iterator.h ****     public:
1052:C:/Program Files (x86)/Arm GNU Toolchain arm-none-eabi/14.3 rel1/arm-none-eabi/include/c++/14.3.1/bits\stl_iterator.h ****       typedef _Iterator					iterator_type;
1053:C:/Program Files (x86)/Arm GNU Toolchain arm-none-eabi/14.3 rel1/arm-none-eabi/include/c++/14.3.1/bits\stl_iterator.h ****       typedef typename __traits_type::iterator_category iterator_category;
1054:C:/Program Files (x86)/Arm GNU Toolchain arm-none-eabi/14.3 rel1/arm-none-eabi/include/c++/14.3.1/bits\stl_iterator.h ****       typedef typename __traits_type::value_type  	value_type;
1055:C:/Program Files (x86)/Arm GNU Toolchain arm-none-eabi/14.3 rel1/arm-none-eabi/include/c++/14.3.1/bits\stl_iterator.h ****       typedef typename __traits_type::difference_type 	difference_type;
1056:C:/Program Files (x86)/Arm GNU Toolchain arm-none-eabi/14.3 rel1/arm-none-eabi/include/c++/14.3.1/bits\stl_iterator.h ****       typedef typename __traits_type::reference 	reference;
1057:C:/Program Files (x86)/Arm GNU Toolchain arm-none-eabi/14.3 rel1/arm-none-eabi/include/c++/14.3.1/bits\stl_iterator.h ****       typedef typename __traits_type::pointer   	pointer;
1058:C:/Program Files (x86)/Arm GNU Toolchain arm-none-eabi/14.3 rel1/arm-none-eabi/include/c++/14.3.1/bits\stl_iterator.h **** 
1059:C:/Program Files (x86)/Arm GNU Toolchain arm-none-eabi/14.3 rel1/arm-none-eabi/include/c++/14.3.1/bits\stl_iterator.h **** #if __cplusplus > 201703L && __glibcxx_concepts
1060:C:/Program Files (x86)/Arm GNU Toolchain arm-none-eabi/14.3 rel1/arm-none-eabi/include/c++/14.3.1/bits\stl_iterator.h ****       using iterator_concept = std::__detail::__iter_concept<_Iterator>;
1061:C:/Program Files (x86)/Arm GNU Toolchain arm-none-eabi/14.3 rel1/arm-none-eabi/include/c++/14.3.1/bits\stl_iterator.h **** #endif
ARM GAS  C:\Users\Oliver\AppData\Local\Temp\cc4VwjOw.s 			page 82


1062:C:/Program Files (x86)/Arm GNU Toolchain arm-none-eabi/14.3 rel1/arm-none-eabi/include/c++/14.3.1/bits\stl_iterator.h **** 
1063:C:/Program Files (x86)/Arm GNU Toolchain arm-none-eabi/14.3 rel1/arm-none-eabi/include/c++/14.3.1/bits\stl_iterator.h ****       _GLIBCXX_CONSTEXPR __normal_iterator() _GLIBCXX_NOEXCEPT
1064:C:/Program Files (x86)/Arm GNU Toolchain arm-none-eabi/14.3 rel1/arm-none-eabi/include/c++/14.3.1/bits\stl_iterator.h ****       : _M_current(_Iterator()) { }
1065:C:/Program Files (x86)/Arm GNU Toolchain arm-none-eabi/14.3 rel1/arm-none-eabi/include/c++/14.3.1/bits\stl_iterator.h **** 
1066:C:/Program Files (x86)/Arm GNU Toolchain arm-none-eabi/14.3 rel1/arm-none-eabi/include/c++/14.3.1/bits\stl_iterator.h ****       explicit _GLIBCXX20_CONSTEXPR
1067:C:/Program Files (x86)/Arm GNU Toolchain arm-none-eabi/14.3 rel1/arm-none-eabi/include/c++/14.3.1/bits\stl_iterator.h ****       __normal_iterator(const _Iterator& __i) _GLIBCXX_NOEXCEPT
 1735              		.loc 5 1067 7 view .LVU397
 1736              		.loc 5 1067 7 is_stmt 0 view .LVU398
 1737              	.LBE552:
 1738              	.LBE551:
 1739              	.LBB553:
 1740              	.LBI553:
1068:C:/Program Files (x86)/Arm GNU Toolchain arm-none-eabi/14.3 rel1/arm-none-eabi/include/c++/14.3.1/bits\stl_iterator.h ****       : _M_current(__i) { }
1069:C:/Program Files (x86)/Arm GNU Toolchain arm-none-eabi/14.3 rel1/arm-none-eabi/include/c++/14.3.1/bits\stl_iterator.h **** 
1070:C:/Program Files (x86)/Arm GNU Toolchain arm-none-eabi/14.3 rel1/arm-none-eabi/include/c++/14.3.1/bits\stl_iterator.h ****       // Allow iterator to const_iterator conversion
1071:C:/Program Files (x86)/Arm GNU Toolchain arm-none-eabi/14.3 rel1/arm-none-eabi/include/c++/14.3.1/bits\stl_iterator.h **** #if __cplusplus >= 201103L
1072:C:/Program Files (x86)/Arm GNU Toolchain arm-none-eabi/14.3 rel1/arm-none-eabi/include/c++/14.3.1/bits\stl_iterator.h ****       template<typename _Iter, typename = __convertible_from<_Iter>>
1073:C:/Program Files (x86)/Arm GNU Toolchain arm-none-eabi/14.3 rel1/arm-none-eabi/include/c++/14.3.1/bits\stl_iterator.h **** 	_GLIBCXX20_CONSTEXPR
1074:C:/Program Files (x86)/Arm GNU Toolchain arm-none-eabi/14.3 rel1/arm-none-eabi/include/c++/14.3.1/bits\stl_iterator.h **** 	__normal_iterator(const __normal_iterator<_Iter, _Container>& __i)
1075:C:/Program Files (x86)/Arm GNU Toolchain arm-none-eabi/14.3 rel1/arm-none-eabi/include/c++/14.3.1/bits\stl_iterator.h **** 	noexcept
1076:C:/Program Files (x86)/Arm GNU Toolchain arm-none-eabi/14.3 rel1/arm-none-eabi/include/c++/14.3.1/bits\stl_iterator.h **** #else
1077:C:/Program Files (x86)/Arm GNU Toolchain arm-none-eabi/14.3 rel1/arm-none-eabi/include/c++/14.3.1/bits\stl_iterator.h ****       // N.B. _Container::pointer is not actually in container requirements,
1078:C:/Program Files (x86)/Arm GNU Toolchain arm-none-eabi/14.3 rel1/arm-none-eabi/include/c++/14.3.1/bits\stl_iterator.h ****       // but is present in std::vector and std::basic_string.
1079:C:/Program Files (x86)/Arm GNU Toolchain arm-none-eabi/14.3 rel1/arm-none-eabi/include/c++/14.3.1/bits\stl_iterator.h ****       template<typename _Iter>
1080:C:/Program Files (x86)/Arm GNU Toolchain arm-none-eabi/14.3 rel1/arm-none-eabi/include/c++/14.3.1/bits\stl_iterator.h ****         __normal_iterator(const __normal_iterator<_Iter,
1081:C:/Program Files (x86)/Arm GNU Toolchain arm-none-eabi/14.3 rel1/arm-none-eabi/include/c++/14.3.1/bits\stl_iterator.h **** 			  typename __enable_if<
1082:C:/Program Files (x86)/Arm GNU Toolchain arm-none-eabi/14.3 rel1/arm-none-eabi/include/c++/14.3.1/bits\stl_iterator.h **** 	       (std::__are_same<_Iter, typename _Container::pointer>::__value),
1083:C:/Program Files (x86)/Arm GNU Toolchain arm-none-eabi/14.3 rel1/arm-none-eabi/include/c++/14.3.1/bits\stl_iterator.h **** 		      _Container>::__type>& __i)
1084:C:/Program Files (x86)/Arm GNU Toolchain arm-none-eabi/14.3 rel1/arm-none-eabi/include/c++/14.3.1/bits\stl_iterator.h **** #endif
1085:C:/Program Files (x86)/Arm GNU Toolchain arm-none-eabi/14.3 rel1/arm-none-eabi/include/c++/14.3.1/bits\stl_iterator.h ****         : _M_current(__i.base()) { }
1086:C:/Program Files (x86)/Arm GNU Toolchain arm-none-eabi/14.3 rel1/arm-none-eabi/include/c++/14.3.1/bits\stl_iterator.h **** 
1087:C:/Program Files (x86)/Arm GNU Toolchain arm-none-eabi/14.3 rel1/arm-none-eabi/include/c++/14.3.1/bits\stl_iterator.h ****       // Forward iterator requirements
1088:C:/Program Files (x86)/Arm GNU Toolchain arm-none-eabi/14.3 rel1/arm-none-eabi/include/c++/14.3.1/bits\stl_iterator.h ****       _GLIBCXX20_CONSTEXPR
1089:C:/Program Files (x86)/Arm GNU Toolchain arm-none-eabi/14.3 rel1/arm-none-eabi/include/c++/14.3.1/bits\stl_iterator.h ****       reference
1090:C:/Program Files (x86)/Arm GNU Toolchain arm-none-eabi/14.3 rel1/arm-none-eabi/include/c++/14.3.1/bits\stl_iterator.h ****       operator*() const _GLIBCXX_NOEXCEPT
1091:C:/Program Files (x86)/Arm GNU Toolchain arm-none-eabi/14.3 rel1/arm-none-eabi/include/c++/14.3.1/bits\stl_iterator.h ****       { return *_M_current; }
1092:C:/Program Files (x86)/Arm GNU Toolchain arm-none-eabi/14.3 rel1/arm-none-eabi/include/c++/14.3.1/bits\stl_iterator.h **** 
1093:C:/Program Files (x86)/Arm GNU Toolchain arm-none-eabi/14.3 rel1/arm-none-eabi/include/c++/14.3.1/bits\stl_iterator.h ****       _GLIBCXX20_CONSTEXPR
1094:C:/Program Files (x86)/Arm GNU Toolchain arm-none-eabi/14.3 rel1/arm-none-eabi/include/c++/14.3.1/bits\stl_iterator.h ****       pointer
1095:C:/Program Files (x86)/Arm GNU Toolchain arm-none-eabi/14.3 rel1/arm-none-eabi/include/c++/14.3.1/bits\stl_iterator.h ****       operator->() const _GLIBCXX_NOEXCEPT
1096:C:/Program Files (x86)/Arm GNU Toolchain arm-none-eabi/14.3 rel1/arm-none-eabi/include/c++/14.3.1/bits\stl_iterator.h ****       { return _M_current; }
1097:C:/Program Files (x86)/Arm GNU Toolchain arm-none-eabi/14.3 rel1/arm-none-eabi/include/c++/14.3.1/bits\stl_iterator.h **** 
1098:C:/Program Files (x86)/Arm GNU Toolchain arm-none-eabi/14.3 rel1/arm-none-eabi/include/c++/14.3.1/bits\stl_iterator.h ****       _GLIBCXX20_CONSTEXPR
1099:C:/Program Files (x86)/Arm GNU Toolchain arm-none-eabi/14.3 rel1/arm-none-eabi/include/c++/14.3.1/bits\stl_iterator.h ****       __normal_iterator&
1100:C:/Program Files (x86)/Arm GNU Toolchain arm-none-eabi/14.3 rel1/arm-none-eabi/include/c++/14.3.1/bits\stl_iterator.h ****       operator++() _GLIBCXX_NOEXCEPT
1101:C:/Program Files (x86)/Arm GNU Toolchain arm-none-eabi/14.3 rel1/arm-none-eabi/include/c++/14.3.1/bits\stl_iterator.h ****       {
1102:C:/Program Files (x86)/Arm GNU Toolchain arm-none-eabi/14.3 rel1/arm-none-eabi/include/c++/14.3.1/bits\stl_iterator.h **** 	++_M_current;
1103:C:/Program Files (x86)/Arm GNU Toolchain arm-none-eabi/14.3 rel1/arm-none-eabi/include/c++/14.3.1/bits\stl_iterator.h **** 	return *this;
1104:C:/Program Files (x86)/Arm GNU Toolchain arm-none-eabi/14.3 rel1/arm-none-eabi/include/c++/14.3.1/bits\stl_iterator.h ****       }
1105:C:/Program Files (x86)/Arm GNU Toolchain arm-none-eabi/14.3 rel1/arm-none-eabi/include/c++/14.3.1/bits\stl_iterator.h **** 
1106:C:/Program Files (x86)/Arm GNU Toolchain arm-none-eabi/14.3 rel1/arm-none-eabi/include/c++/14.3.1/bits\stl_iterator.h ****       _GLIBCXX20_CONSTEXPR
1107:C:/Program Files (x86)/Arm GNU Toolchain arm-none-eabi/14.3 rel1/arm-none-eabi/include/c++/14.3.1/bits\stl_iterator.h ****       __normal_iterator
1108:C:/Program Files (x86)/Arm GNU Toolchain arm-none-eabi/14.3 rel1/arm-none-eabi/include/c++/14.3.1/bits\stl_iterator.h ****       operator++(int) _GLIBCXX_NOEXCEPT
1109:C:/Program Files (x86)/Arm GNU Toolchain arm-none-eabi/14.3 rel1/arm-none-eabi/include/c++/14.3.1/bits\stl_iterator.h ****       { return __normal_iterator(_M_current++); }
1110:C:/Program Files (x86)/Arm GNU Toolchain arm-none-eabi/14.3 rel1/arm-none-eabi/include/c++/14.3.1/bits\stl_iterator.h **** 
1111:C:/Program Files (x86)/Arm GNU Toolchain arm-none-eabi/14.3 rel1/arm-none-eabi/include/c++/14.3.1/bits\stl_iterator.h ****       // Bidirectional iterator requirements
1112:C:/Program Files (x86)/Arm GNU Toolchain arm-none-eabi/14.3 rel1/arm-none-eabi/include/c++/14.3.1/bits\stl_iterator.h ****       _GLIBCXX20_CONSTEXPR
ARM GAS  C:\Users\Oliver\AppData\Local\Temp\cc4VwjOw.s 			page 83


1113:C:/Program Files (x86)/Arm GNU Toolchain arm-none-eabi/14.3 rel1/arm-none-eabi/include/c++/14.3.1/bits\stl_iterator.h ****       __normal_iterator&
1114:C:/Program Files (x86)/Arm GNU Toolchain arm-none-eabi/14.3 rel1/arm-none-eabi/include/c++/14.3.1/bits\stl_iterator.h ****       operator--() _GLIBCXX_NOEXCEPT
1115:C:/Program Files (x86)/Arm GNU Toolchain arm-none-eabi/14.3 rel1/arm-none-eabi/include/c++/14.3.1/bits\stl_iterator.h ****       {
1116:C:/Program Files (x86)/Arm GNU Toolchain arm-none-eabi/14.3 rel1/arm-none-eabi/include/c++/14.3.1/bits\stl_iterator.h **** 	--_M_current;
1117:C:/Program Files (x86)/Arm GNU Toolchain arm-none-eabi/14.3 rel1/arm-none-eabi/include/c++/14.3.1/bits\stl_iterator.h **** 	return *this;
1118:C:/Program Files (x86)/Arm GNU Toolchain arm-none-eabi/14.3 rel1/arm-none-eabi/include/c++/14.3.1/bits\stl_iterator.h ****       }
1119:C:/Program Files (x86)/Arm GNU Toolchain arm-none-eabi/14.3 rel1/arm-none-eabi/include/c++/14.3.1/bits\stl_iterator.h **** 
1120:C:/Program Files (x86)/Arm GNU Toolchain arm-none-eabi/14.3 rel1/arm-none-eabi/include/c++/14.3.1/bits\stl_iterator.h ****       _GLIBCXX20_CONSTEXPR
1121:C:/Program Files (x86)/Arm GNU Toolchain arm-none-eabi/14.3 rel1/arm-none-eabi/include/c++/14.3.1/bits\stl_iterator.h ****       __normal_iterator
1122:C:/Program Files (x86)/Arm GNU Toolchain arm-none-eabi/14.3 rel1/arm-none-eabi/include/c++/14.3.1/bits\stl_iterator.h ****       operator--(int) _GLIBCXX_NOEXCEPT
1123:C:/Program Files (x86)/Arm GNU Toolchain arm-none-eabi/14.3 rel1/arm-none-eabi/include/c++/14.3.1/bits\stl_iterator.h ****       { return __normal_iterator(_M_current--); }
1124:C:/Program Files (x86)/Arm GNU Toolchain arm-none-eabi/14.3 rel1/arm-none-eabi/include/c++/14.3.1/bits\stl_iterator.h **** 
1125:C:/Program Files (x86)/Arm GNU Toolchain arm-none-eabi/14.3 rel1/arm-none-eabi/include/c++/14.3.1/bits\stl_iterator.h ****       // Random access iterator requirements
1126:C:/Program Files (x86)/Arm GNU Toolchain arm-none-eabi/14.3 rel1/arm-none-eabi/include/c++/14.3.1/bits\stl_iterator.h ****       _GLIBCXX20_CONSTEXPR
1127:C:/Program Files (x86)/Arm GNU Toolchain arm-none-eabi/14.3 rel1/arm-none-eabi/include/c++/14.3.1/bits\stl_iterator.h ****       reference
1128:C:/Program Files (x86)/Arm GNU Toolchain arm-none-eabi/14.3 rel1/arm-none-eabi/include/c++/14.3.1/bits\stl_iterator.h ****       operator[](difference_type __n) const _GLIBCXX_NOEXCEPT
1129:C:/Program Files (x86)/Arm GNU Toolchain arm-none-eabi/14.3 rel1/arm-none-eabi/include/c++/14.3.1/bits\stl_iterator.h ****       { return _M_current[__n]; }
1130:C:/Program Files (x86)/Arm GNU Toolchain arm-none-eabi/14.3 rel1/arm-none-eabi/include/c++/14.3.1/bits\stl_iterator.h **** 
1131:C:/Program Files (x86)/Arm GNU Toolchain arm-none-eabi/14.3 rel1/arm-none-eabi/include/c++/14.3.1/bits\stl_iterator.h ****       _GLIBCXX20_CONSTEXPR
1132:C:/Program Files (x86)/Arm GNU Toolchain arm-none-eabi/14.3 rel1/arm-none-eabi/include/c++/14.3.1/bits\stl_iterator.h ****       __normal_iterator&
1133:C:/Program Files (x86)/Arm GNU Toolchain arm-none-eabi/14.3 rel1/arm-none-eabi/include/c++/14.3.1/bits\stl_iterator.h ****       operator+=(difference_type __n) _GLIBCXX_NOEXCEPT
1134:C:/Program Files (x86)/Arm GNU Toolchain arm-none-eabi/14.3 rel1/arm-none-eabi/include/c++/14.3.1/bits\stl_iterator.h ****       { _M_current += __n; return *this; }
1135:C:/Program Files (x86)/Arm GNU Toolchain arm-none-eabi/14.3 rel1/arm-none-eabi/include/c++/14.3.1/bits\stl_iterator.h **** 
1136:C:/Program Files (x86)/Arm GNU Toolchain arm-none-eabi/14.3 rel1/arm-none-eabi/include/c++/14.3.1/bits\stl_iterator.h ****       _GLIBCXX20_CONSTEXPR
1137:C:/Program Files (x86)/Arm GNU Toolchain arm-none-eabi/14.3 rel1/arm-none-eabi/include/c++/14.3.1/bits\stl_iterator.h ****       __normal_iterator
1138:C:/Program Files (x86)/Arm GNU Toolchain arm-none-eabi/14.3 rel1/arm-none-eabi/include/c++/14.3.1/bits\stl_iterator.h ****       operator+(difference_type __n) const _GLIBCXX_NOEXCEPT
1139:C:/Program Files (x86)/Arm GNU Toolchain arm-none-eabi/14.3 rel1/arm-none-eabi/include/c++/14.3.1/bits\stl_iterator.h ****       { return __normal_iterator(_M_current + __n); }
1140:C:/Program Files (x86)/Arm GNU Toolchain arm-none-eabi/14.3 rel1/arm-none-eabi/include/c++/14.3.1/bits\stl_iterator.h **** 
1141:C:/Program Files (x86)/Arm GNU Toolchain arm-none-eabi/14.3 rel1/arm-none-eabi/include/c++/14.3.1/bits\stl_iterator.h ****       _GLIBCXX20_CONSTEXPR
1142:C:/Program Files (x86)/Arm GNU Toolchain arm-none-eabi/14.3 rel1/arm-none-eabi/include/c++/14.3.1/bits\stl_iterator.h ****       __normal_iterator&
1143:C:/Program Files (x86)/Arm GNU Toolchain arm-none-eabi/14.3 rel1/arm-none-eabi/include/c++/14.3.1/bits\stl_iterator.h ****       operator-=(difference_type __n) _GLIBCXX_NOEXCEPT
1144:C:/Program Files (x86)/Arm GNU Toolchain arm-none-eabi/14.3 rel1/arm-none-eabi/include/c++/14.3.1/bits\stl_iterator.h ****       { _M_current -= __n; return *this; }
1145:C:/Program Files (x86)/Arm GNU Toolchain arm-none-eabi/14.3 rel1/arm-none-eabi/include/c++/14.3.1/bits\stl_iterator.h **** 
1146:C:/Program Files (x86)/Arm GNU Toolchain arm-none-eabi/14.3 rel1/arm-none-eabi/include/c++/14.3.1/bits\stl_iterator.h ****       _GLIBCXX20_CONSTEXPR
1147:C:/Program Files (x86)/Arm GNU Toolchain arm-none-eabi/14.3 rel1/arm-none-eabi/include/c++/14.3.1/bits\stl_iterator.h ****       __normal_iterator
1148:C:/Program Files (x86)/Arm GNU Toolchain arm-none-eabi/14.3 rel1/arm-none-eabi/include/c++/14.3.1/bits\stl_iterator.h ****       operator-(difference_type __n) const _GLIBCXX_NOEXCEPT
 1741              		.loc 5 1148 7 is_stmt 1 view .LVU399
 1742              	.LBB554:
 1743              	.LBI554:
1067:C:/Program Files (x86)/Arm GNU Toolchain arm-none-eabi/14.3 rel1/arm-none-eabi/include/c++/14.3.1/bits\stl_iterator.h ****       : _M_current(__i) { }
 1744              		.loc 5 1067 7 view .LVU400
1067:C:/Program Files (x86)/Arm GNU Toolchain arm-none-eabi/14.3 rel1/arm-none-eabi/include/c++/14.3.1/bits\stl_iterator.h ****       : _M_current(__i) { }
 1745              		.loc 5 1067 7 is_stmt 0 view .LVU401
 1746              	.LBE554:
 1747              	.LBE553:
 1748              	.LBE550:
  34:effects/slapbackdelayeffect.cpp ****     parameters_.back()->SetScaleFactor(100.0f);
 1749              		.loc 1 34 39 discriminator 1 view .LVU402
 1750 0064 E368     		ldr	r3, [r4, #12]
 1751 0066 3146     		mov	r1, r6
 1752 0068 53F8040C 		ldr	r0, [r3, #-4]
 1753 006c FFF7FEFF 		bl	_ZN11perspective15EffectParameter14SetDisplayTypeENS_11DisplayTypeE
 1754              	.LVL101:
  35:effects/slapbackdelayeffect.cpp ****     
 1755              		.loc 1 35 5 is_stmt 1 view .LVU403
 1756              	.LBB555:
 1757              	.LBI555:
ARM GAS  C:\Users\Oliver\AppData\Local\Temp\cc4VwjOw.s 			page 84


 1758              		.loc 3 1248 7 view .LVU404
 1759              	.LBB556:
 1760              	.LBI556:
 906:C:/Program Files (x86)/Arm GNU Toolchain arm-none-eabi/14.3 rel1/arm-none-eabi/include/c++/14.3.1/bits\stl_vector.h ****       { return iterator(this->_M_impl._M_finish); }
 1761              		.loc 3 906 7 view .LVU405
 1762              	.LBB557:
 1763              	.LBI557:
1067:C:/Program Files (x86)/Arm GNU Toolchain arm-none-eabi/14.3 rel1/arm-none-eabi/include/c++/14.3.1/bits\stl_iterator.h ****       : _M_current(__i) { }
 1764              		.loc 5 1067 7 view .LVU406
1067:C:/Program Files (x86)/Arm GNU Toolchain arm-none-eabi/14.3 rel1/arm-none-eabi/include/c++/14.3.1/bits\stl_iterator.h ****       : _M_current(__i) { }
 1765              		.loc 5 1067 7 is_stmt 0 view .LVU407
 1766              	.LBE557:
 1767              	.LBE556:
 1768              	.LBB558:
 1769              	.LBI558:
 1770              		.loc 5 1148 7 is_stmt 1 view .LVU408
 1771              	.LBB559:
 1772              	.LBI559:
1067:C:/Program Files (x86)/Arm GNU Toolchain arm-none-eabi/14.3 rel1/arm-none-eabi/include/c++/14.3.1/bits\stl_iterator.h ****       : _M_current(__i) { }
 1773              		.loc 5 1067 7 view .LVU409
1067:C:/Program Files (x86)/Arm GNU Toolchain arm-none-eabi/14.3 rel1/arm-none-eabi/include/c++/14.3.1/bits\stl_iterator.h ****       : _M_current(__i) { }
 1774              		.loc 5 1067 7 is_stmt 0 view .LVU410
 1775              	.LBE559:
 1776              	.LBE558:
 1777              	.LBE555:
  35:effects/slapbackdelayeffect.cpp ****     
 1778              		.loc 1 35 39 discriminator 1 view .LVU411
 1779 0070 E368     		ldr	r3, [r4, #12]
 1780 0072 9FED4C0A 		vldr.32	s0, .L80+20
 1781 0076 53F8040C 		ldr	r0, [r3, #-4]
 1782 007a FFF7FEFF 		bl	_ZN11perspective15EffectParameter14SetScaleFactorEf
 1783              	.LVL102:
  38:effects/slapbackdelayeffect.cpp ****     parameters_.back()->SetDisplayType(DisplayType::SCALED);
 1784              		.loc 1 38 5 is_stmt 1 view .LVU412
  38:effects/slapbackdelayeffect.cpp ****     parameters_.back()->SetDisplayType(DisplayType::SCALED);
 1785              		.loc 1 38 105 is_stmt 0 view .LVU413
 1786 007e 3020     		movs	r0, #48
 1787 0080 FFF7FEFF 		bl	_Znwj
 1788              	.LVL103:
 1789 0084 8246     		mov	r10, r0
  38:effects/slapbackdelayeffect.cpp ****     parameters_.back()->SetDisplayType(DisplayType::SCALED);
 1790              		.loc 1 38 105 discriminator 1 view .LVU414
 1791 0086 2A46     		mov	r2, r5
 1792 0088 B5EE001A 		vmov.f32	s2, #2.5e-1
 1793 008c DFED460A 		vldr.32	s1, .L80+24
 1794 0090 3346     		mov	r3, r6
 1795 0092 9FED420A 		vldr.32	s0, .L80+12
 1796 0096 4549     		ldr	r1, .L80+28
 1797 0098 0097     		str	r7, [sp]
 1798 009a FFF7FEFF 		bl	_ZN11perspective22PotentiometerParameterC1EPKcfffNS_8PotCurveEii
 1799              	.LVL104:
  38:effects/slapbackdelayeffect.cpp ****     parameters_.back()->SetDisplayType(DisplayType::SCALED);
 1800              		.loc 1 38 17 discriminator 2 view .LVU415
 1801 009e 5146     		mov	r1, r10
 1802 00a0 2046     		mov	r0, r4
 1803 00a2 FFF7FEFF 		bl	_ZN11perspective6Effect12AddParameterEPNS_15EffectParameterE
 1804              	.LVL105:
ARM GAS  C:\Users\Oliver\AppData\Local\Temp\cc4VwjOw.s 			page 85


  39:effects/slapbackdelayeffect.cpp ****     parameters_.back()->SetScaleFactor(100.0f);
 1805              		.loc 1 39 5 is_stmt 1 view .LVU416
 1806              	.LBB560:
 1807              	.LBI560:
 1808              		.loc 3 1248 7 view .LVU417
 1809              	.LBB561:
 1810              	.LBI561:
 906:C:/Program Files (x86)/Arm GNU Toolchain arm-none-eabi/14.3 rel1/arm-none-eabi/include/c++/14.3.1/bits\stl_vector.h ****       { return iterator(this->_M_impl._M_finish); }
 1811              		.loc 3 906 7 view .LVU418
 1812              	.LBB562:
 1813              	.LBI562:
1067:C:/Program Files (x86)/Arm GNU Toolchain arm-none-eabi/14.3 rel1/arm-none-eabi/include/c++/14.3.1/bits\stl_iterator.h ****       : _M_current(__i) { }
 1814              		.loc 5 1067 7 view .LVU419
1067:C:/Program Files (x86)/Arm GNU Toolchain arm-none-eabi/14.3 rel1/arm-none-eabi/include/c++/14.3.1/bits\stl_iterator.h ****       : _M_current(__i) { }
 1815              		.loc 5 1067 7 is_stmt 0 view .LVU420
 1816              	.LBE562:
 1817              	.LBE561:
 1818              	.LBB563:
 1819              	.LBI563:
 1820              		.loc 5 1148 7 is_stmt 1 view .LVU421
 1821              	.LBB564:
 1822              	.LBI564:
1067:C:/Program Files (x86)/Arm GNU Toolchain arm-none-eabi/14.3 rel1/arm-none-eabi/include/c++/14.3.1/bits\stl_iterator.h ****       : _M_current(__i) { }
 1823              		.loc 5 1067 7 view .LVU422
1067:C:/Program Files (x86)/Arm GNU Toolchain arm-none-eabi/14.3 rel1/arm-none-eabi/include/c++/14.3.1/bits\stl_iterator.h ****       : _M_current(__i) { }
 1824              		.loc 5 1067 7 is_stmt 0 view .LVU423
 1825              	.LBE564:
 1826              	.LBE563:
 1827              	.LBE560:
  39:effects/slapbackdelayeffect.cpp ****     parameters_.back()->SetScaleFactor(100.0f);
 1828              		.loc 1 39 39 discriminator 1 view .LVU424
 1829 00a6 E368     		ldr	r3, [r4, #12]
 1830 00a8 3146     		mov	r1, r6
 1831 00aa 53F8040C 		ldr	r0, [r3, #-4]
 1832 00ae FFF7FEFF 		bl	_ZN11perspective15EffectParameter14SetDisplayTypeENS_11DisplayTypeE
 1833              	.LVL106:
  40:effects/slapbackdelayeffect.cpp ****     
 1834              		.loc 1 40 5 is_stmt 1 view .LVU425
 1835              	.LBB565:
 1836              	.LBI565:
 1837              		.loc 3 1248 7 view .LVU426
 1838              	.LBB566:
 1839              	.LBI566:
 906:C:/Program Files (x86)/Arm GNU Toolchain arm-none-eabi/14.3 rel1/arm-none-eabi/include/c++/14.3.1/bits\stl_vector.h ****       { return iterator(this->_M_impl._M_finish); }
 1840              		.loc 3 906 7 view .LVU427
 1841              	.LBB567:
 1842              	.LBI567:
1067:C:/Program Files (x86)/Arm GNU Toolchain arm-none-eabi/14.3 rel1/arm-none-eabi/include/c++/14.3.1/bits\stl_iterator.h ****       : _M_current(__i) { }
 1843              		.loc 5 1067 7 view .LVU428
1067:C:/Program Files (x86)/Arm GNU Toolchain arm-none-eabi/14.3 rel1/arm-none-eabi/include/c++/14.3.1/bits\stl_iterator.h ****       : _M_current(__i) { }
 1844              		.loc 5 1067 7 is_stmt 0 view .LVU429
 1845              	.LBE567:
 1846              	.LBE566:
 1847              	.LBB568:
 1848              	.LBI568:
 1849              		.loc 5 1148 7 is_stmt 1 view .LVU430
 1850              	.LBB569:
ARM GAS  C:\Users\Oliver\AppData\Local\Temp\cc4VwjOw.s 			page 86


 1851              	.LBI569:
1067:C:/Program Files (x86)/Arm GNU Toolchain arm-none-eabi/14.3 rel1/arm-none-eabi/include/c++/14.3.1/bits\stl_iterator.h ****       : _M_current(__i) { }
 1852              		.loc 5 1067 7 view .LVU431
1067:C:/Program Files (x86)/Arm GNU Toolchain arm-none-eabi/14.3 rel1/arm-none-eabi/include/c++/14.3.1/bits\stl_iterator.h ****       : _M_current(__i) { }
 1853              		.loc 5 1067 7 is_stmt 0 view .LVU432
 1854              	.LBE569:
 1855              	.LBE568:
 1856              	.LBE565:
  40:effects/slapbackdelayeffect.cpp ****     
 1857              		.loc 1 40 39 discriminator 1 view .LVU433
 1858 00b2 E368     		ldr	r3, [r4, #12]
 1859 00b4 9FED3B0A 		vldr.32	s0, .L80+20
 1860 00b8 53F8040C 		ldr	r0, [r3, #-4]
 1861 00bc FFF7FEFF 		bl	_ZN11perspective15EffectParameter14SetScaleFactorEf
 1862              	.LVL107:
  43:effects/slapbackdelayeffect.cpp ****     parameters_.back()->SetDisplayType(DisplayType::SCALED);
 1863              		.loc 1 43 5 is_stmt 1 view .LVU434
  43:effects/slapbackdelayeffect.cpp ****     parameters_.back()->SetDisplayType(DisplayType::SCALED);
 1864              		.loc 1 43 91 is_stmt 0 view .LVU435
 1865 00c0 3820     		movs	r0, #56
 1866 00c2 FFF7FEFF 		bl	_Znwj
 1867              	.LVL108:
  43:effects/slapbackdelayeffect.cpp ****     parameters_.back()->SetDisplayType(DisplayType::SCALED);
 1868              		.loc 1 43 91 discriminator 1 view .LVU436
 1869 00c6 2A46     		mov	r2, r5
  43:effects/slapbackdelayeffect.cpp ****     parameters_.back()->SetDisplayType(DisplayType::SCALED);
 1870              		.loc 1 43 91 view .LVU437
 1871 00c8 0546     		mov	r5, r0
  43:effects/slapbackdelayeffect.cpp ****     parameters_.back()->SetDisplayType(DisplayType::SCALED);
 1872              		.loc 1 43 91 discriminator 1 view .LVU438
 1873 00ca F7EE001A 		vmov.f32	s3, #1.0e+0
 1874 00ce B2EE040A 		vmov.f32	s0, #1.0e+1
 1875 00d2 9FED371A 		vldr.32	s2, .L80+32
 1876 00d6 DFED370A 		vldr.32	s1, .L80+36
 1877 00da 3B46     		mov	r3, r7
 1878 00dc 3649     		ldr	r1, .L80+40
 1879 00de FFF7FEFF 		bl	_ZN11perspective16EncoderParameterC1EPKcffffii
 1880              	.LVL109:
  43:effects/slapbackdelayeffect.cpp ****     parameters_.back()->SetDisplayType(DisplayType::SCALED);
 1881              		.loc 1 43 17 discriminator 2 view .LVU439
 1882 00e2 2946     		mov	r1, r5
 1883 00e4 2046     		mov	r0, r4
 1884 00e6 FFF7FEFF 		bl	_ZN11perspective6Effect12AddParameterEPNS_15EffectParameterE
 1885              	.LVL110:
  44:effects/slapbackdelayeffect.cpp ****     parameters_.back()->SetScaleFactor(1.0f);
 1886              		.loc 1 44 5 is_stmt 1 view .LVU440
 1887              	.LBB570:
 1888              	.LBI570:
 1889              		.loc 3 1248 7 view .LVU441
 1890              	.LBB571:
 1891              	.LBI571:
 906:C:/Program Files (x86)/Arm GNU Toolchain arm-none-eabi/14.3 rel1/arm-none-eabi/include/c++/14.3.1/bits\stl_vector.h ****       { return iterator(this->_M_impl._M_finish); }
 1892              		.loc 3 906 7 view .LVU442
 1893              	.LBB572:
 1894              	.LBI572:
1067:C:/Program Files (x86)/Arm GNU Toolchain arm-none-eabi/14.3 rel1/arm-none-eabi/include/c++/14.3.1/bits\stl_iterator.h ****       : _M_current(__i) { }
 1895              		.loc 5 1067 7 view .LVU443
ARM GAS  C:\Users\Oliver\AppData\Local\Temp\cc4VwjOw.s 			page 87


1067:C:/Program Files (x86)/Arm GNU Toolchain arm-none-eabi/14.3 rel1/arm-none-eabi/include/c++/14.3.1/bits\stl_iterator.h ****       : _M_current(__i) { }
 1896              		.loc 5 1067 7 is_stmt 0 view .LVU444
 1897              	.LBE572:
 1898              	.LBE571:
 1899              	.LBB573:
 1900              	.LBI573:
 1901              		.loc 5 1148 7 is_stmt 1 view .LVU445
 1902              	.LBB574:
 1903              	.LBI574:
1067:C:/Program Files (x86)/Arm GNU Toolchain arm-none-eabi/14.3 rel1/arm-none-eabi/include/c++/14.3.1/bits\stl_iterator.h ****       : _M_current(__i) { }
 1904              		.loc 5 1067 7 view .LVU446
1067:C:/Program Files (x86)/Arm GNU Toolchain arm-none-eabi/14.3 rel1/arm-none-eabi/include/c++/14.3.1/bits\stl_iterator.h ****       : _M_current(__i) { }
 1905              		.loc 5 1067 7 is_stmt 0 view .LVU447
 1906              	.LBE574:
 1907              	.LBE573:
 1908              	.LBE570:
  44:effects/slapbackdelayeffect.cpp ****     parameters_.back()->SetScaleFactor(1.0f);
 1909              		.loc 1 44 39 discriminator 1 view .LVU448
 1910 00ea E368     		ldr	r3, [r4, #12]
 1911 00ec 3146     		mov	r1, r6
 1912 00ee 53F8040C 		ldr	r0, [r3, #-4]
 1913 00f2 FFF7FEFF 		bl	_ZN11perspective15EffectParameter14SetDisplayTypeENS_11DisplayTypeE
 1914              	.LVL111:
  45:effects/slapbackdelayeffect.cpp ****     
 1915              		.loc 1 45 5 is_stmt 1 view .LVU449
 1916              	.LBB575:
 1917              	.LBI575:
 1918              		.loc 3 1248 7 view .LVU450
 1919              	.LBB576:
 1920              	.LBI576:
 906:C:/Program Files (x86)/Arm GNU Toolchain arm-none-eabi/14.3 rel1/arm-none-eabi/include/c++/14.3.1/bits\stl_vector.h ****       { return iterator(this->_M_impl._M_finish); }
 1921              		.loc 3 906 7 view .LVU451
 1922              	.LBB577:
 1923              	.LBI577:
1067:C:/Program Files (x86)/Arm GNU Toolchain arm-none-eabi/14.3 rel1/arm-none-eabi/include/c++/14.3.1/bits\stl_iterator.h ****       : _M_current(__i) { }
 1924              		.loc 5 1067 7 view .LVU452
1067:C:/Program Files (x86)/Arm GNU Toolchain arm-none-eabi/14.3 rel1/arm-none-eabi/include/c++/14.3.1/bits\stl_iterator.h ****       : _M_current(__i) { }
 1925              		.loc 5 1067 7 is_stmt 0 view .LVU453
 1926              	.LBE577:
 1927              	.LBE576:
 1928              	.LBB578:
 1929              	.LBI578:
 1930              		.loc 5 1148 7 is_stmt 1 view .LVU454
 1931              	.LBB579:
 1932              	.LBI579:
1067:C:/Program Files (x86)/Arm GNU Toolchain arm-none-eabi/14.3 rel1/arm-none-eabi/include/c++/14.3.1/bits\stl_iterator.h ****       : _M_current(__i) { }
 1933              		.loc 5 1067 7 view .LVU455
1067:C:/Program Files (x86)/Arm GNU Toolchain arm-none-eabi/14.3 rel1/arm-none-eabi/include/c++/14.3.1/bits\stl_iterator.h ****       : _M_current(__i) { }
 1934              		.loc 5 1067 7 is_stmt 0 view .LVU456
 1935              	.LBE579:
 1936              	.LBE578:
 1937              	.LBE575:
  45:effects/slapbackdelayeffect.cpp ****     
 1938              		.loc 1 45 39 discriminator 1 view .LVU457
 1939 00f6 E368     		ldr	r3, [r4, #12]
 1940 00f8 B7EE000A 		vmov.f32	s0, #1.0e+0
 1941 00fc 53F8040C 		ldr	r0, [r3, #-4]
ARM GAS  C:\Users\Oliver\AppData\Local\Temp\cc4VwjOw.s 			page 88


 1942 0100 FFF7FEFF 		bl	_ZN11perspective15EffectParameter14SetScaleFactorEf
 1943              	.LVL112:
  47:effects/slapbackdelayeffect.cpp **** }
 1944              		.loc 1 47 5 is_stmt 1 view .LVU458
  47:effects/slapbackdelayeffect.cpp **** }
 1945              		.loc 1 47 11 is_stmt 0 view .LVU459
 1946 0104 2368     		ldr	r3, [r4]
 1947 0106 2D4A     		ldr	r2, .L80+44
 1948 0108 5B69     		ldr	r3, [r3, #20]
 1949 010a 9342     		cmp	r3, r2
 1950 010c 3BD1     		bne	.L72
 1951              	.LVL113:
 1952              	.LBB580:
 1953              	.LBI580:
  99:effects/slapbackdelayeffect.cpp ****     // Update delay parameters from effect parameters
 1954              		.loc 1 99 6 is_stmt 1 view .LVU460
 101:effects/slapbackdelayeffect.cpp ****         // Mix parameter (index 0) - handled in Process
 1955              		.loc 1 101 5 view .LVU461
 1956              	.LBB581:
 1957              	.LBB582:
 1958              	.LBI582:
1005:C:/Program Files (x86)/Arm GNU Toolchain arm-none-eabi/14.3 rel1/arm-none-eabi/include/c++/14.3.1/bits\stl_vector.h ****       { return size_type(this->_M_impl._M_finish - this->_M_impl._M_start); }
 1959              		.loc 3 1005 7 view .LVU462
 1960              	.LBB583:
1006:C:/Program Files (x86)/Arm GNU Toolchain arm-none-eabi/14.3 rel1/arm-none-eabi/include/c++/14.3.1/bits\stl_vector.h **** 
 1961              		.loc 3 1006 50 is_stmt 0 view .LVU463
 1962 010e D4E90223 		ldrd	r2, r3, [r4, #8]
 1963 0112 9B1A     		subs	r3, r3, r2
 1964              	.LBE583:
 1965              	.LBE582:
 101:effects/slapbackdelayeffect.cpp ****         // Mix parameter (index 0) - handled in Process
 1966              		.loc 1 101 5 discriminator 1 view .LVU464
 1967 0114 082B     		cmp	r3, #8
 1968 0116 02D8     		bhi	.L79
 1969              	.L71:
 1970              	.LBE581:
 1971              	.LBE580:
  48:effects/slapbackdelayeffect.cpp **** 
 1972              		.loc 1 48 1 view .LVU465
 1973 0118 02B0     		add	sp, sp, #8
 1974              		.cfi_remember_state
 1975              		.cfi_def_cfa_offset 32
 1976              		@ sp needed
 1977 011a BDE8F087 		pop	{r4, r5, r6, r7, r8, r9, r10, pc}
 1978              	.LVL114:
 1979              	.L79:
 1980              		.cfi_restore_state
 1981              	.LBB596:
 1982              	.LBB595:
 1983              	.LBB584:
 106:effects/slapbackdelayeffect.cpp ****         delayTime_ = timeMs / 1000.0f; // Convert ms to seconds
 1984              		.loc 1 106 9 is_stmt 1 view .LVU466
 106:effects/slapbackdelayeffect.cpp ****         delayTime_ = timeMs / 1000.0f; // Convert ms to seconds
 1985              		.loc 1 106 48 is_stmt 0 discriminator 1 view .LVU467
 1986 011e 9068     		ldr	r0, [r2, #8]
 1987 0120 FFF7FEFF 		bl	_ZNK11perspective15EffectParameter8GetValueEv
 1988              	.LVL115:
ARM GAS  C:\Users\Oliver\AppData\Local\Temp\cc4VwjOw.s 			page 89


 107:effects/slapbackdelayeffect.cpp ****         
 1989              		.loc 1 107 9 is_stmt 1 view .LVU468
 107:effects/slapbackdelayeffect.cpp ****         
 1990              		.loc 1 107 29 is_stmt 0 view .LVU469
 1991 0124 DFED265A 		vldr.32	s11, .L80+48
 110:effects/slapbackdelayeffect.cpp ****         if (std::abs(delaySamples - currentDelaySamples_) > DELAY_EPSILON) {
 1992              		.loc 1 110 15 view .LVU470
 1993 0128 D4ED067A 		vldr.32	s15, [r4, #24]
 111:effects/slapbackdelayeffect.cpp ****             currentDelaySamples_ = delaySamples;
 1994              		.loc 1 111 9 discriminator 1 view .LVU471
 1995 012c B6EE006A 		vmov.f32	s12, #5.0e-1
 107:effects/slapbackdelayeffect.cpp ****         
 1996              		.loc 1 107 29 view .LVU472
 1997 0130 C0EE256A 		vdiv.f32	s13, s0, s11
 111:effects/slapbackdelayeffect.cpp ****             currentDelaySamples_ = delaySamples;
 1998              		.loc 1 111 21 view .LVU473
 1999 0134 94ED0D7A 		vldr.32	s14, [r4, #52]
 110:effects/slapbackdelayeffect.cpp ****         if (std::abs(delaySamples - currentDelaySamples_) > DELAY_EPSILON) {
 2000              		.loc 1 110 15 view .LVU474
 2001 0138 66EEA77A 		vmul.f32	s15, s13, s15
 107:effects/slapbackdelayeffect.cpp ****         
 2002              		.loc 1 107 20 view .LVU475
 2003 013c C4ED0C6A 		vstr.32	s13, [r4, #48]
 110:effects/slapbackdelayeffect.cpp ****         if (std::abs(delaySamples - currentDelaySamples_) > DELAY_EPSILON) {
 2004              		.loc 1 110 9 is_stmt 1 view .LVU476
 2005              	.LVL116:
 111:effects/slapbackdelayeffect.cpp ****             currentDelaySamples_ = delaySamples;
 2006              		.loc 1 111 9 view .LVU477
 2007              	.LBB585:
 2008              	.LBI585:
  75:C:/Program Files (x86)/Arm GNU Toolchain arm-none-eabi/14.3 rel1/arm-none-eabi/include/c++/14.3.1/bits\std_abs.h ****   { return __builtin_fabsf(__x); }
 2009              		.loc 4 75 3 view .LVU478
 2010              	.LBB586:
 2011              		.loc 4 76 5 view .LVU479
 2012              		.loc 4 76 5 is_stmt 0 view .LVU480
 2013              	.LBE586:
 2014              	.LBE585:
 111:effects/slapbackdelayeffect.cpp ****             currentDelaySamples_ = delaySamples;
 2015              		.loc 1 111 21 view .LVU481
 2016 0140 37EEC77A 		vsub.f32	s14, s15, s14
 2017              	.LBB588:
 2018              	.LBB587:
 2019              		.loc 4 76 31 view .LVU482
 2020 0144 B0EEC77A 		vabs.f32	s14, s14
 2021              	.LBE587:
 2022              	.LBE588:
 111:effects/slapbackdelayeffect.cpp ****             currentDelaySamples_ = delaySamples;
 2023              		.loc 1 111 9 discriminator 1 view .LVU483
 2024 0148 B4EEC67A 		vcmpe.f32	s14, s12
 2025 014c F1EE10FA 		vmrs	APSR_nzcv, FPSCR
 2026 0150 E2DD     		ble	.L71
 112:effects/slapbackdelayeffect.cpp ****             slapbackDelayL_.SetDelay(delaySamples);
 2027              		.loc 1 112 13 is_stmt 1 view .LVU484
 2028              	.LBB589:
 2029              	.LBB590:
  62:dependencies/DaisySP/Source/Utility/delayline.h ****         frac_             = delay - static_cast<float>(int_delay);
 2030              		.loc 2 62 17 is_stmt 0 view .LVU485
ARM GAS  C:\Users\Oliver\AppData\Local\Temp\cc4VwjOw.s 			page 90


 2031 0152 BDEEE77A 		vcvt.s32.f32	s14, s15
  64:dependencies/DaisySP/Source/Utility/delayline.h ****                                                            : max_size - 1;
 2032              		.loc 2 64 60 view .LVU486
 2033 0156 4BF67F33 		movw	r3, #47999
 2034              	.LBE590:
 2035              	.LBE589:
 112:effects/slapbackdelayeffect.cpp ****             slapbackDelayL_.SetDelay(delaySamples);
 2036              		.loc 1 112 34 view .LVU487
 2037 015a C4ED0D7A 		vstr.32	s15, [r4, #52]
 113:effects/slapbackdelayeffect.cpp ****             slapbackDelayR_.SetDelay(delaySamples);
 2038              		.loc 1 113 13 is_stmt 1 view .LVU488
 2039              	.LVL117:
 2040              	.LBB592:
 2041              	.LBI589:
  60:dependencies/DaisySP/Source/Utility/delayline.h ****     {
 2042              		.loc 2 60 17 view .LVU489
 2043              	.LBB591:
  64:dependencies/DaisySP/Source/Utility/delayline.h ****                                                            : max_size - 1;
 2044              		.loc 2 64 60 is_stmt 0 view .LVU490
 2045 015e 17EE102A 		vmov	r2, s14	@ int
  63:dependencies/DaisySP/Source/Utility/delayline.h ****         delay_ = static_cast<size_t>(int_delay) < max_size ? int_delay
 2046              		.loc 2 63 37 view .LVU491
 2047 0162 F8EEC76A 		vcvt.f32.s32	s13, s14
 2048              	.LVL118:
  64:dependencies/DaisySP/Source/Utility/delayline.h ****                                                            : max_size - 1;
 2049              		.loc 2 64 60 view .LVU492
 2050 0166 9A42     		cmp	r2, r3
  63:dependencies/DaisySP/Source/Utility/delayline.h ****         delay_ = static_cast<size_t>(int_delay) < max_size ? int_delay
 2051              		.loc 2 63 35 view .LVU493
 2052 0168 77EEE67A 		vsub.f32	s15, s15, s13
  64:dependencies/DaisySP/Source/Utility/delayline.h ****                                                            : max_size - 1;
 2053              		.loc 2 64 60 view .LVU494
 2054 016c 28BF     		it	cs
 2055 016e 1A46     		movcs	r2, r3
  63:dependencies/DaisySP/Source/Utility/delayline.h ****         delay_ = static_cast<size_t>(int_delay) < max_size ? int_delay
 2056              		.loc 2 63 27 view .LVU495
 2057 0170 C8ED007A 		vstr.32	s15, [r8]
  64:dependencies/DaisySP/Source/Utility/delayline.h ****                                                            : max_size - 1;
 2058              		.loc 2 64 16 view .LVU496
 2059 0174 C8F80820 		str	r2, [r8, #8]
 2060              	.LVL119:
  64:dependencies/DaisySP/Source/Utility/delayline.h ****                                                            : max_size - 1;
 2061              		.loc 2 64 16 view .LVU497
 2062              	.LBE591:
 2063              	.LBE592:
 114:effects/slapbackdelayeffect.cpp ****         }
 2064              		.loc 1 114 13 is_stmt 1 view .LVU498
 2065              	.LBB593:
 2066              	.LBI593:
  60:dependencies/DaisySP/Source/Utility/delayline.h ****     {
 2067              		.loc 2 60 17 view .LVU499
 2068              	.LBB594:
  64:dependencies/DaisySP/Source/Utility/delayline.h ****                                                            : max_size - 1;
 2069              		.loc 2 64 16 is_stmt 0 view .LVU500
 2070 0178 C9F80820 		str	r2, [r9, #8]
 2071              	.LVL120:
  63:dependencies/DaisySP/Source/Utility/delayline.h ****         delay_ = static_cast<size_t>(int_delay) < max_size ? int_delay
ARM GAS  C:\Users\Oliver\AppData\Local\Temp\cc4VwjOw.s 			page 91


 2072              		.loc 2 63 27 view .LVU501
 2073 017c C9ED007A 		vstr.32	s15, [r9]
 2074              	.LBE594:
 2075              	.LBE593:
 2076              	.LBE584:
 2077              	.LBE595:
 2078              	.LBE596:
  48:effects/slapbackdelayeffect.cpp **** 
 2079              		.loc 1 48 1 view .LVU502
 2080 0180 02B0     		add	sp, sp, #8
 2081              		.cfi_remember_state
 2082              		.cfi_def_cfa_offset 32
 2083              		@ sp needed
 2084 0182 BDE8F087 		pop	{r4, r5, r6, r7, r8, r9, r10, pc}
 2085              	.LVL121:
 2086              	.L72:
 2087              		.cfi_restore_state
  47:effects/slapbackdelayeffect.cpp **** }
 2088              		.loc 1 47 11 view .LVU503
 2089 0186 2046     		mov	r0, r4
  48:effects/slapbackdelayeffect.cpp **** 
 2090              		.loc 1 48 1 view .LVU504
 2091 0188 02B0     		add	sp, sp, #8
 2092              		.cfi_def_cfa_offset 32
 2093              		@ sp needed
 2094 018a BDE8F047 		pop	{r4, r5, r6, r7, r8, r9, r10, lr}
 2095              		.cfi_restore 14
 2096              		.cfi_restore 10
 2097              		.cfi_restore 9
 2098              		.cfi_restore 8
 2099              		.cfi_restore 7
 2100              		.cfi_restore 6
 2101              		.cfi_restore 5
 2102              		.cfi_restore 4
 2103              		.cfi_def_cfa_offset 0
 2104              	.LVL122:
  47:effects/slapbackdelayeffect.cpp **** }
 2105              		.loc 1 47 11 view .LVU505
 2106 018e 1847     		bx	r3	@ indirect register sibling call
 2107              	.LVL123:
 2108              	.L81:
  47:effects/slapbackdelayeffect.cpp **** }
 2109              		.loc 1 47 11 view .LVU506
 2110              		.align	2
 2111              	.L80:
 2112 0190 00EE0200 		.word	192000
 2113 0194 18EE0200 		.word	_ZL15slapbackDelayL_+12
 2114 0198 0C000000 		.word	_ZL15slapbackDelayR_+12
 2115 019c 00000000 		.word	0
 2116 01a0 00000000 		.word	.LC0
 2117 01a4 0000C842 		.word	1120403456
 2118 01a8 3333333F 		.word	1060320051
 2119 01ac 08000000 		.word	.LC1
 2120 01b0 00004842 		.word	1112014848
 2121 01b4 00004843 		.word	1128792064
 2122 01b8 14000000 		.word	.LC2
 2123 01bc 00000000 		.word	_ZN11perspective19SlapbackDelayEffect6UpdateEv
ARM GAS  C:\Users\Oliver\AppData\Local\Temp\cc4VwjOw.s 			page 92


 2124 01c0 00007A44 		.word	1148846080
 2125              		.cfi_endproc
 2126              	.LFE6891:
 2128              		.section	.rodata._ZN11perspective19SlapbackDelayEffectC2Ev.str1.4,"aMS",%progbits,1
 2129              		.align	2
 2130              	.LC3:
 2131 0000 536C6170 		.ascii	"Slapback\000"
 2131      6261636B 
 2131      00
 2132              		.section	.text._ZN11perspective19SlapbackDelayEffectC2Ev,"ax",%progbits
 2133              		.align	1
 2134              		.p2align 2,,3
 2135              		.global	_ZN11perspective19SlapbackDelayEffectC2Ev
 2136              		.syntax unified
 2137              		.thumb
 2138              		.thumb_func
 2140              	_ZN11perspective19SlapbackDelayEffectC2Ev:
 2141              	.LVL124:
 2142              	.LFB6885:
  17:effects/slapbackdelayeffect.cpp ****     : Effect("Slapback") {
 2143              		.loc 1 17 1 is_stmt 1 view -0
 2144              		.cfi_startproc
 2145              		@ args = 0, pretend = 0, frame = 0
 2146              		@ frame_needed = 0, uses_anonymous_args = 0
  17:effects/slapbackdelayeffect.cpp ****     : Effect("Slapback") {
 2147              		.loc 1 17 1 is_stmt 0 view .LVU508
 2148 0000 10B5     		push	{r4, lr}
 2149              		.cfi_def_cfa_offset 8
 2150              		.cfi_offset 4, -8
 2151              		.cfi_offset 14, -4
 2152              	.LBB597:
  18:effects/slapbackdelayeffect.cpp **** }
 2153              		.loc 1 18 24 view .LVU509
 2154 0002 0649     		ldr	r1, .L84
 2155              	.LBE597:
  17:effects/slapbackdelayeffect.cpp ****     : Effect("Slapback") {
 2156              		.loc 1 17 1 view .LVU510
 2157 0004 0446     		mov	r4, r0
 2158              	.LBB598:
  18:effects/slapbackdelayeffect.cpp **** }
 2159              		.loc 1 18 24 view .LVU511
 2160 0006 FFF7FEFF 		bl	_ZN11perspective6EffectC2EPKc
 2161              	.LVL125:
  18:effects/slapbackdelayeffect.cpp **** }
 2162              		.loc 1 18 24 discriminator 1 view .LVU512
 2163 000a 4FF07852 		mov	r2, #1040187392
 2164 000e 0449     		ldr	r1, .L84+4
 2165 0010 0023     		movs	r3, #0
 2166              	.LBE598:
  19:effects/slapbackdelayeffect.cpp **** 
 2167              		.loc 1 19 1 view .LVU513
 2168 0012 2046     		mov	r0, r4
 2169              	.LBB599:
  18:effects/slapbackdelayeffect.cpp **** }
 2170              		.loc 1 18 24 discriminator 1 view .LVU514
 2171 0014 2263     		str	r2, [r4, #48]	@ float
 2172 0016 2160     		str	r1, [r4]
ARM GAS  C:\Users\Oliver\AppData\Local\Temp\cc4VwjOw.s 			page 93


 2173 0018 6363     		str	r3, [r4, #52]	@ float
 2174              	.LBE599:
  19:effects/slapbackdelayeffect.cpp **** 
 2175              		.loc 1 19 1 view .LVU515
 2176 001a 10BD     		pop	{r4, pc}
 2177              	.LVL126:
 2178              	.L85:
  19:effects/slapbackdelayeffect.cpp **** 
 2179              		.loc 1 19 1 view .LVU516
 2180              		.align	2
 2181              	.L84:
 2182 001c 00000000 		.word	.LC3
 2183 0020 08000000 		.word	_ZTVN11perspective19SlapbackDelayEffectE+8
 2184              		.cfi_endproc
 2185              	.LFE6885:
 2187              		.global	_ZN11perspective19SlapbackDelayEffectC1Ev
 2188              		.thumb_set _ZN11perspective19SlapbackDelayEffectC1Ev,_ZN11perspective19SlapbackDelayEffectC2Ev
 2189              		.section	.text.startup._GLOBAL__sub_I__ZN11perspective19SlapbackDelayEffectC2Ev,"ax",%progbits
 2190              		.align	1
 2191              		.p2align 2,,3
 2192              		.syntax unified
 2193              		.thumb
 2194              		.thumb_func
 2196              	_GLOBAL__sub_I__ZN11perspective19SlapbackDelayEffectC2Ev:
 2197              	.LFB7713:
 2198              		.loc 1 117 1 is_stmt 1 view -0
 2199              		.cfi_startproc
 2200              		@ args = 0, pretend = 0, frame = 0
 2201              		@ frame_needed = 0, uses_anonymous_args = 0
 2202              	.LBB606:
 2203              	.LBI606:
 2204              		.loc 1 117 1 view .LVU518
 2205              	.LVL127:
 2206              	.LBB607:
 2207              	.LBB608:
 2208              	.LBI608:
  31:dependencies/DaisySP/Source/Utility/delayline.h ****     ~DelayLine() {}
 2209              		.loc 2 31 5 view .LVU519
  31:dependencies/DaisySP/Source/Utility/delayline.h ****     ~DelayLine() {}
 2210              		.loc 2 31 5 is_stmt 0 view .LVU520
 2211              	.LBE608:
  11:effects/slapbackdelayeffect.cpp **** static DelayLine<float, MAX_DELAY> DSY_SDRAM_BSS slapbackDelayR_;
 2212              		.loc 1 11 50 discriminator 1 view .LVU521
 2213 0000 064A     		ldr	r2, .L88
 2214 0002 0749     		ldr	r1, .L88+4
 2215 0004 0748     		ldr	r0, .L88+8
 2216              	.LBE607:
 2217              	.LBE606:
 2218              		.loc 1 117 1 view .LVU522
 2219 0006 08B5     		push	{r3, lr}
 2220              		.cfi_def_cfa_offset 8
 2221              		.cfi_offset 3, -8
 2222              		.cfi_offset 14, -4
 2223              	.LBB612:
 2224              	.LBB610:
  11:effects/slapbackdelayeffect.cpp **** static DelayLine<float, MAX_DELAY> DSY_SDRAM_BSS slapbackDelayR_;
 2225              		.loc 1 11 50 discriminator 1 view .LVU523
ARM GAS  C:\Users\Oliver\AppData\Local\Temp\cc4VwjOw.s 			page 94


 2226 0008 FFF7FEFF 		bl	__aeabi_atexit
 2227              	.LVL128:
 2228              	.LBB609:
 2229              	.LBI609:
  31:dependencies/DaisySP/Source/Utility/delayline.h ****     ~DelayLine() {}
 2230              		.loc 2 31 5 is_stmt 1 view .LVU524
  31:dependencies/DaisySP/Source/Utility/delayline.h ****     ~DelayLine() {}
 2231              		.loc 2 31 5 is_stmt 0 view .LVU525
 2232              	.LBE609:
  11:effects/slapbackdelayeffect.cpp **** static DelayLine<float, MAX_DELAY> DSY_SDRAM_BSS slapbackDelayR_;
 2233              		.loc 1 11 50 view .LVU526
 2234 000c 034A     		ldr	r2, .L88
 2235 000e 0449     		ldr	r1, .L88+4
 2236 0010 0548     		ldr	r0, .L88+12
 2237              	.LBE610:
 2238              	.LBE612:
 2239              		.loc 1 117 1 view .LVU527
 2240 0012 BDE80840 		pop	{r3, lr}
 2241              		.cfi_restore 14
 2242              		.cfi_restore 3
 2243              		.cfi_def_cfa_offset 0
 2244              	.LBB613:
 2245              	.LBB611:
  11:effects/slapbackdelayeffect.cpp **** static DelayLine<float, MAX_DELAY> DSY_SDRAM_BSS slapbackDelayR_;
 2246              		.loc 1 11 50 view .LVU528
 2247 0016 FFF7FEBF 		b	__aeabi_atexit
 2248              	.LVL129:
 2249              	.L89:
 2250 001a 00BF     		.align	2
 2251              	.L88:
 2252 001c 00000000 		.word	__dso_handle
 2253 0020 00000000 		.word	_ZN7daisysp9DelayLineIfLj48000EED1Ev
 2254 0024 0CEE0200 		.word	_ZL15slapbackDelayL_
 2255 0028 00000000 		.word	_ZL15slapbackDelayR_
 2256              	.LBE611:
 2257              	.LBE613:
 2258              		.cfi_endproc
 2259              	.LFE7713:
 2261              		.section	.init_array,"aw",%init_array
 2262              		.align	2
 2263 0000 00000000 		.word	_GLOBAL__sub_I__ZN11perspective19SlapbackDelayEffectC2Ev(target1)
 2264              		.global	_ZTVN11perspective19SlapbackDelayEffectE
 2265              		.section	.rodata._ZTVN11perspective19SlapbackDelayEffectE,"a"
 2266              		.align	2
 2269              	_ZTVN11perspective19SlapbackDelayEffectE:
 2270 0000 00000000 		.word	0
 2271 0004 00000000 		.word	0
 2272 0008 00000000 		.word	_ZN11perspective19SlapbackDelayEffectD1Ev
 2273 000c 00000000 		.word	_ZN11perspective19SlapbackDelayEffectD0Ev
 2274 0010 00000000 		.word	_ZN11perspective19SlapbackDelayEffect4InitEf
 2275 0014 00000000 		.word	_ZN11perspective19SlapbackDelayEffect7ProcessEPfS1_j
 2276 0018 00000000 		.word	_ZN11perspective19SlapbackDelayEffect13ProcessStereoEPfS1_S1_S1_j
 2277 001c 00000000 		.word	_ZN11perspective19SlapbackDelayEffect6UpdateEv
 2278 0020 00000000 		.word	_ZN11perspective6Effect8SetTempoEf
 2279 0024 00000000 		.word	_ZN11perspective6Effect19SetMetronomeEnabledEb
 2280 0028 00000000 		.word	_ZNK11perspective6Effect23GetTempoPulseBrightnessEv
 2281 002c 00000000 		.word	_ZN11perspective6Effect10OnSelectedEv
ARM GAS  C:\Users\Oliver\AppData\Local\Temp\cc4VwjOw.s 			page 95


 2282 0030 00000000 		.word	_ZN11perspective6Effect12OnDeselectedEv
 2283              		.section	.sdram_bss,"aw"
 2284              		.align	2
 2287              	_ZL15slapbackDelayR_:
 2288 0000 00000000 		.space	192012
 2288      00000000 
 2288      00000000 
 2288      00000000 
 2288      00000000 
 2289              		.align	2
 2292              	_ZL15slapbackDelayL_:
 2293 2ee0c 00000000 		.space	192012
 2293      00000000 
 2293      00000000 
 2293      00000000 
 2293      00000000 
 2294              		.text
 2295              	.Letext0:
 2296              		.file 6 "C:/Program Files (x86)/Arm GNU Toolchain arm-none-eabi/14.3 rel1/arm-none-eabi/include/ma
 2297              		.file 7 "C:/Program Files (x86)/Arm GNU Toolchain arm-none-eabi/14.3 rel1/arm-none-eabi/include/sy
 2298              		.file 8 "C:/Program Files (x86)/Arm GNU Toolchain arm-none-eabi/14.3 rel1/arm-none-eabi/include/st
 2299              		.file 9 "C:/Program Files (x86)/Arm GNU Toolchain arm-none-eabi/14.3 rel1/lib/gcc/arm-none-eabi/14
 2300              		.file 10 "C:/Program Files (x86)/Arm GNU Toolchain arm-none-eabi/14.3 rel1/arm-none-eabi/include/c
 2301              		.file 11 "C:/Program Files (x86)/Arm GNU Toolchain arm-none-eabi/14.3 rel1/arm-none-eabi/include/c
 2302              		.file 12 "C:/Program Files (x86)/Arm GNU Toolchain arm-none-eabi/14.3 rel1/arm-none-eabi/include/c
 2303              		.file 13 "C:/Program Files (x86)/Arm GNU Toolchain arm-none-eabi/14.3 rel1/arm-none-eabi/include/c
 2304              		.file 14 "C:/Program Files (x86)/Arm GNU Toolchain arm-none-eabi/14.3 rel1/arm-none-eabi/include/c
 2305              		.file 15 "C:/Program Files (x86)/Arm GNU Toolchain arm-none-eabi/14.3 rel1/arm-none-eabi/include/c
 2306              		.file 16 "C:/Program Files (x86)/Arm GNU Toolchain arm-none-eabi/14.3 rel1/arm-none-eabi/include/c
 2307              		.file 17 "C:/Program Files (x86)/Arm GNU Toolchain arm-none-eabi/14.3 rel1/arm-none-eabi/include/c
 2308              		.file 18 "C:/Program Files (x86)/Arm GNU Toolchain arm-none-eabi/14.3 rel1/arm-none-eabi/include/c
 2309              		.file 19 "C:/Program Files (x86)/Arm GNU Toolchain arm-none-eabi/14.3 rel1/arm-none-eabi/include/c
 2310              		.file 20 "C:/Program Files (x86)/Arm GNU Toolchain arm-none-eabi/14.3 rel1/arm-none-eabi/include/c
 2311              		.file 21 "C:/Program Files (x86)/Arm GNU Toolchain arm-none-eabi/14.3 rel1/arm-none-eabi/include/c
 2312              		.file 22 "C:/Program Files (x86)/Arm GNU Toolchain arm-none-eabi/14.3 rel1/arm-none-eabi/include/c
 2313              		.file 23 "C:/Program Files (x86)/Arm GNU Toolchain arm-none-eabi/14.3 rel1/arm-none-eabi/include/c
 2314              		.file 24 "C:/Program Files (x86)/Arm GNU Toolchain arm-none-eabi/14.3 rel1/arm-none-eabi/include/c
 2315              		.file 25 "C:/Program Files (x86)/Arm GNU Toolchain arm-none-eabi/14.3 rel1/arm-none-eabi/include/c
 2316              		.file 26 "C:/Program Files (x86)/Arm GNU Toolchain arm-none-eabi/14.3 rel1/arm-none-eabi/include/c
 2317              		.file 27 "C:/Program Files (x86)/Arm GNU Toolchain arm-none-eabi/14.3 rel1/arm-none-eabi/include/c
 2318              		.file 28 "C:/Program Files (x86)/Arm GNU Toolchain arm-none-eabi/14.3 rel1/arm-none-eabi/include/c
 2319              		.file 29 "C:/Program Files (x86)/Arm GNU Toolchain arm-none-eabi/14.3 rel1/arm-none-eabi/include/c
 2320              		.file 30 "C:/Program Files (x86)/Arm GNU Toolchain arm-none-eabi/14.3 rel1/arm-none-eabi/include/c
 2321              		.file 31 "C:/Program Files (x86)/Arm GNU Toolchain arm-none-eabi/14.3 rel1/arm-none-eabi/include/c
 2322              		.file 32 "C:/Program Files (x86)/Arm GNU Toolchain arm-none-eabi/14.3 rel1/arm-none-eabi/include/c
 2323              		.file 33 "C:/Program Files (x86)/Arm GNU Toolchain arm-none-eabi/14.3 rel1/arm-none-eabi/include/c
 2324              		.file 34 "C:/Program Files (x86)/Arm GNU Toolchain arm-none-eabi/14.3 rel1/arm-none-eabi/include/c
 2325              		.file 35 "C:/Program Files (x86)/Arm GNU Toolchain arm-none-eabi/14.3 rel1/arm-none-eabi/include/c
 2326              		.file 36 "C:/Program Files (x86)/Arm GNU Toolchain arm-none-eabi/14.3 rel1/arm-none-eabi/include/s
 2327              		.file 37 "C:/Program Files (x86)/Arm GNU Toolchain arm-none-eabi/14.3 rel1/arm-none-eabi/include/s
 2328              		.file 38 "C:/Program Files (x86)/Arm GNU Toolchain arm-none-eabi/14.3 rel1/arm-none-eabi/include/s
 2329              		.file 39 "C:/Program Files (x86)/Arm GNU Toolchain arm-none-eabi/14.3 rel1/arm-none-eabi/include/m
 2330              		.file 40 "C:/Program Files (x86)/Arm GNU Toolchain arm-none-eabi/14.3 rel1/arm-none-eabi/include/s
 2331              		.file 41 "C:/Program Files (x86)/Arm GNU Toolchain arm-none-eabi/14.3 rel1/arm-none-eabi/include/c
 2332              		.file 42 "C:/Program Files (x86)/Arm GNU Toolchain arm-none-eabi/14.3 rel1/arm-none-eabi/include/c
 2333              		.file 43 "C:/Program Files (x86)/Arm GNU Toolchain arm-none-eabi/14.3 rel1/arm-none-eabi/include/c
 2334              		.file 44 "dependencies/libDaisy/src/daisy_core.h"
ARM GAS  C:\Users\Oliver\AppData\Local\Temp\cc4VwjOw.s 			page 96


 2335              		.file 45 "dependencies/libDaisy/src/dev/max11300.h"
 2336              		.file 46 "dependencies/libDaisy/src/dev/sr_595.h"
 2337              		.file 47 "dependencies/libDaisy/src/util/wav_format.h"
 2338              		.file 48 "dependencies/libDaisy/src/daisy_seed.h"
 2339              		.file 49 "C:/Program Files (x86)/Arm GNU Toolchain arm-none-eabi/14.3 rel1/arm-none-eabi/include/c
 2340              		.file 50 "C:/Program Files (x86)/Arm GNU Toolchain arm-none-eabi/14.3 rel1/lib/gcc/arm-none-eabi/1
 2341              		.file 51 "C:/Program Files (x86)/Arm GNU Toolchain arm-none-eabi/14.3 rel1/arm-none-eabi/include/s
 2342              		.file 52 "C:/Program Files (x86)/Arm GNU Toolchain arm-none-eabi/14.3 rel1/arm-none-eabi/include/s
 2343              		.file 53 "C:/Program Files (x86)/Arm GNU Toolchain arm-none-eabi/14.3 rel1/arm-none-eabi/include/w
 2344              		.file 54 "dependencies/libDaisy/Middlewares/Third_Party/FatFs/src/integer.h"
 2345              		.file 55 "dependencies/libDaisy/Middlewares/Third_Party/FatFs/src/ff.h"
 2346              		.file 56 "effects/../parameters/effectparameter.h"
 2347              		.file 57 "effects/../parameters/../controls.h"
 2348              		.file 58 "effects/../parameters/potentiometerparameter.h"
 2349              		.file 59 "effects/../parameters/encoderparameter.h"
 2350              		.file 60 "effects/slapbackdelayeffect.h"
 2351              		.file 61 "effects/effect.h"
 2352              		.file 62 "dependencies/DaisySP/Source/Control/adenv.h"
 2353              		.file 63 "dependencies/DaisySP/Source/Utility/dsp.h"
 2354              		.file 64 "C:/Program Files (x86)/Arm GNU Toolchain arm-none-eabi/14.3 rel1/arm-none-eabi/include/l
 2355              		.file 65 "C:/Program Files (x86)/Arm GNU Toolchain arm-none-eabi/14.3 rel1/arm-none-eabi/include/c
 2356              		.file 66 "C:/Program Files (x86)/Arm GNU Toolchain arm-none-eabi/14.3 rel1/arm-none-eabi/include/c
 2357              		.file 67 "<built-in>"
ARM GAS  C:\Users\Oliver\AppData\Local\Temp\cc4VwjOw.s 			page 97


DEFINED SYMBOLS
                            *ABS*:00000000 slapbackdelayeffect.cpp
C:\Users\Oliver\AppData\Local\Temp\cc4VwjOw.s:20     .text._ZN7daisysp9DelayLineIfLj48000EED2Ev:00000000 $t
C:\Users\Oliver\AppData\Local\Temp\cc4VwjOw.s:27     .text._ZN7daisysp9DelayLineIfLj48000EED2Ev:00000000 _ZN7daisysp9DelayLineIfLj48000EED2Ev
C:\Users\Oliver\AppData\Local\Temp\cc4VwjOw.s:27     .text._ZN7daisysp9DelayLineIfLj48000EED2Ev:00000000 _ZN7daisysp9DelayLineIfLj48000EED1Ev
C:\Users\Oliver\AppData\Local\Temp\cc4VwjOw.s:44     .text._ZN11perspective19SlapbackDelayEffectD2Ev:00000000 $t
C:\Users\Oliver\AppData\Local\Temp\cc4VwjOw.s:51     .text._ZN11perspective19SlapbackDelayEffectD2Ev:00000000 _ZN11perspective19SlapbackDelayEffectD2Ev
C:\Users\Oliver\AppData\Local\Temp\cc4VwjOw.s:84     .text._ZN11perspective19SlapbackDelayEffectD2Ev:00000010 $d
C:\Users\Oliver\AppData\Local\Temp\cc4VwjOw.s:2269   .rodata._ZTVN11perspective19SlapbackDelayEffectE:00000000 _ZTVN11perspective19SlapbackDelayEffectE
C:\Users\Oliver\AppData\Local\Temp\cc4VwjOw.s:51     .text._ZN11perspective19SlapbackDelayEffectD2Ev:00000000 _ZN11perspective19SlapbackDelayEffectD1Ev
C:\Users\Oliver\AppData\Local\Temp\cc4VwjOw.s:91     .text._ZN11perspective19SlapbackDelayEffectD0Ev:00000000 $t
C:\Users\Oliver\AppData\Local\Temp\cc4VwjOw.s:98     .text._ZN11perspective19SlapbackDelayEffectD0Ev:00000000 _ZN11perspective19SlapbackDelayEffectD0Ev
C:\Users\Oliver\AppData\Local\Temp\cc4VwjOw.s:144    .text._ZN11perspective19SlapbackDelayEffectD0Ev:00000018 $d
C:\Users\Oliver\AppData\Local\Temp\cc4VwjOw.s:149    .text._ZN11perspective19SlapbackDelayEffect6UpdateEv:00000000 $t
C:\Users\Oliver\AppData\Local\Temp\cc4VwjOw.s:156    .text._ZN11perspective19SlapbackDelayEffect6UpdateEv:00000000 _ZN11perspective19SlapbackDelayEffect6UpdateEv
C:\Users\Oliver\AppData\Local\Temp\cc4VwjOw.s:309    .text._ZN11perspective19SlapbackDelayEffect6UpdateEv:00000074 $d
C:\Users\Oliver\AppData\Local\Temp\cc4VwjOw.s:2292   .sdram_bss:0002ee0c _ZL15slapbackDelayL_
C:\Users\Oliver\AppData\Local\Temp\cc4VwjOw.s:2287   .sdram_bss:00000000 _ZL15slapbackDelayR_
C:\Users\Oliver\AppData\Local\Temp\cc4VwjOw.s:316    .text._ZN11perspective19SlapbackDelayEffect7ProcessEPfS1_j:00000000 $t
C:\Users\Oliver\AppData\Local\Temp\cc4VwjOw.s:323    .text._ZN11perspective19SlapbackDelayEffect7ProcessEPfS1_j:00000000 _ZN11perspective19SlapbackDelayEffect7ProcessEPfS1_j
C:\Users\Oliver\AppData\Local\Temp\cc4VwjOw.s:728    .text._ZN11perspective19SlapbackDelayEffect7ProcessEPfS1_j:00000178 $d
C:\Users\Oliver\AppData\Local\Temp\cc4VwjOw.s:736    .text._ZN11perspective19SlapbackDelayEffect13ProcessStereoEPfS1_S1_S1_j:00000000 $t
C:\Users\Oliver\AppData\Local\Temp\cc4VwjOw.s:743    .text._ZN11perspective19SlapbackDelayEffect13ProcessStereoEPfS1_S1_S1_j:00000000 _ZN11perspective19SlapbackDelayEffect13ProcessStereoEPfS1_S1_S1_j
C:\Users\Oliver\AppData\Local\Temp\cc4VwjOw.s:1548   .text._ZN11perspective19SlapbackDelayEffect13ProcessStereoEPfS1_S1_S1_j:000002b8 $d
C:\Users\Oliver\AppData\Local\Temp\cc4VwjOw.s:1557   .rodata._ZN11perspective19SlapbackDelayEffect4InitEf.str1.4:00000000 $d
C:\Users\Oliver\AppData\Local\Temp\cc4VwjOw.s:1567   .text._ZN11perspective19SlapbackDelayEffect4InitEf:00000000 $t
C:\Users\Oliver\AppData\Local\Temp\cc4VwjOw.s:1574   .text._ZN11perspective19SlapbackDelayEffect4InitEf:00000000 _ZN11perspective19SlapbackDelayEffect4InitEf
C:\Users\Oliver\AppData\Local\Temp\cc4VwjOw.s:2112   .text._ZN11perspective19SlapbackDelayEffect4InitEf:00000190 $d
C:\Users\Oliver\AppData\Local\Temp\cc4VwjOw.s:2129   .rodata._ZN11perspective19SlapbackDelayEffectC2Ev.str1.4:00000000 $d
C:\Users\Oliver\AppData\Local\Temp\cc4VwjOw.s:2133   .text._ZN11perspective19SlapbackDelayEffectC2Ev:00000000 $t
C:\Users\Oliver\AppData\Local\Temp\cc4VwjOw.s:2140   .text._ZN11perspective19SlapbackDelayEffectC2Ev:00000000 _ZN11perspective19SlapbackDelayEffectC2Ev
C:\Users\Oliver\AppData\Local\Temp\cc4VwjOw.s:2182   .text._ZN11perspective19SlapbackDelayEffectC2Ev:0000001c $d
C:\Users\Oliver\AppData\Local\Temp\cc4VwjOw.s:2140   .text._ZN11perspective19SlapbackDelayEffectC2Ev:00000000 _ZN11perspective19SlapbackDelayEffectC1Ev
C:\Users\Oliver\AppData\Local\Temp\cc4VwjOw.s:2190   .text.startup._GLOBAL__sub_I__ZN11perspective19SlapbackDelayEffectC2Ev:00000000 $t
C:\Users\Oliver\AppData\Local\Temp\cc4VwjOw.s:2196   .text.startup._GLOBAL__sub_I__ZN11perspective19SlapbackDelayEffectC2Ev:00000000 _GLOBAL__sub_I__ZN11perspective19SlapbackDelayEffectC2Ev
C:\Users\Oliver\AppData\Local\Temp\cc4VwjOw.s:2252   .text.startup._GLOBAL__sub_I__ZN11perspective19SlapbackDelayEffectC2Ev:0000001c $d
C:\Users\Oliver\AppData\Local\Temp\cc4VwjOw.s:2262   .init_array:00000000 $d
C:\Users\Oliver\AppData\Local\Temp\cc4VwjOw.s:2266   .rodata._ZTVN11perspective19SlapbackDelayEffectE:00000000 $d
C:\Users\Oliver\AppData\Local\Temp\cc4VwjOw.s:2284   .sdram_bss:00000000 $d
                           .group:00000000 _ZN7daisysp9DelayLineIfLj48000EED5Ev

UNDEFINED SYMBOLS
_ZN11perspective6EffectD2Ev
_ZdlPvj
_ZNK11perspective15EffectParameter8GetValueEv
memset
_Znwj
_ZN11perspective22PotentiometerParameterC1EPKcfffNS_8PotCurveEii
_ZN11perspective6Effect12AddParameterEPNS_15EffectParameterE
_ZN11perspective15EffectParameter14SetDisplayTypeENS_11DisplayTypeE
_ZN11perspective15EffectParameter14SetScaleFactorEf
_ZN11perspective16EncoderParameterC1EPKcffffii
_ZN11perspective6EffectC2EPKc
__aeabi_atexit
__dso_handle
_ZN11perspective6Effect8SetTempoEf
_ZN11perspective6Effect19SetMetronomeEnabledEb
ARM GAS  C:\Users\Oliver\AppData\Local\Temp\cc4VwjOw.s 			page 98


_ZNK11perspective6Effect23GetTempoPulseBrightnessEv
_ZN11perspective6Effect10OnSelectedEv
_ZN11perspective6Effect12OnDeselectedEv
