ARM GAS  C:\Users\Oliver\AppData\Local\Temp\ccukWDDi.s 			page 1


   1              		.cpu cortex-m7
   2              		.arch armv7e-m
   3              		.fpu fpv5-d16
   4              		.eabi_attribute 28, 1
   5              		.eabi_attribute 20, 1
   6              		.eabi_attribute 21, 1
   7              		.eabi_attribute 23, 3
   8              		.eabi_attribute 24, 1
   9              		.eabi_attribute 25, 1
  10              		.eabi_attribute 26, 1
  11              		.eabi_attribute 30, 2
  12              		.eabi_attribute 34, 1
  13              		.eabi_attribute 18, 4
  14              		.file	"streetseffect.cpp"
  15              		.text
  16              	.Ltext0:
  17              		.cfi_sections	.debug_frame
  18              		.file 1 "effects/streetseffect.cpp"
  19              		.section	.text._ZN11perspective13StreetsEffectD2Ev,"ax",%progbits
  20              		.align	1
  21              		.p2align 2,,3
  22              		.global	_ZN11perspective13StreetsEffectD2Ev
  23              		.syntax unified
  24              		.thumb
  25              		.thumb_func
  27              	_ZN11perspective13StreetsEffectD2Ev:
  28              	.LVL0:
  29              	.LFB6888:
   1:effects/streetseffect.cpp **** #include "streetseffect.h"
   2:effects/streetseffect.cpp **** #include "../controls.h"
   3:effects/streetseffect.cpp **** #include "../parameters/potentiometerparameter.h"
   4:effects/streetseffect.cpp **** #include "../parameters/timeparameter.h"
   5:effects/streetseffect.cpp **** #include "../parameters/toggleparameter.h"
   6:effects/streetseffect.cpp **** 
   7:effects/streetseffect.cpp **** #include <algorithm>
   8:effects/streetseffect.cpp **** #include <cmath>
   9:effects/streetseffect.cpp **** 
  10:effects/streetseffect.cpp **** using namespace perspective;
  11:effects/streetseffect.cpp **** 
  12:effects/streetseffect.cpp **** static const char *subDivisions[7] = {
  13:effects/streetseffect.cpp ****     "_", "^", "^ `", "]", "] ` `", "] `", "\\"
  14:effects/streetseffect.cpp **** };
  15:effects/streetseffect.cpp **** 
  16:effects/streetseffect.cpp **** StreetsEffect::StreetsEffect()
  17:effects/streetseffect.cpp ****     : CompoundEffect("Streets", RoutingMode::SERIES)
  18:effects/streetseffect.cpp ****     , parallelDelay_(nullptr)
  19:effects/streetseffect.cpp ****     , slapbackDelay_(nullptr)
  20:effects/streetseffect.cpp **** {
  21:effects/streetseffect.cpp ****     // Create parallel delay followed by slapback delay in series
  22:effects/streetseffect.cpp ****     parallelDelay_ = new ParallelDelayEffect();
  23:effects/streetseffect.cpp ****     slapbackDelay_ = new SlapbackDelayEffect();
  24:effects/streetseffect.cpp ****     
  25:effects/streetseffect.cpp ****     // Add them to the compound effect (in series)
  26:effects/streetseffect.cpp ****     AddEffect(parallelDelay_);
  27:effects/streetseffect.cpp ****     AddEffect(slapbackDelay_);
  28:effects/streetseffect.cpp **** }
  29:effects/streetseffect.cpp **** 
ARM GAS  C:\Users\Oliver\AppData\Local\Temp\ccukWDDi.s 			page 2


  30:effects/streetseffect.cpp **** StreetsEffect::~StreetsEffect() {
  30              		.loc 1 30 1 view -0
  31              		.cfi_startproc
  32              		@ args = 0, pretend = 0, frame = 0
  33              		@ frame_needed = 0, uses_anonymous_args = 0
  34              	.LBB162:
  35              		.loc 1 30 31 is_stmt 0 view .LVU1
  36 0000 034B     		ldr	r3, .L4
  37              	.LBE162:
  38              		.loc 1 30 1 view .LVU2
  39 0002 10B5     		push	{r4, lr}
  40              		.cfi_def_cfa_offset 8
  41              		.cfi_offset 4, -8
  42              		.cfi_offset 14, -4
  43              		.loc 1 30 1 view .LVU3
  44 0004 0446     		mov	r4, r0
  45              	.LBB163:
  46              		.loc 1 30 31 view .LVU4
  47 0006 0360     		str	r3, [r0]
  31:effects/streetseffect.cpp ****     // CompoundEffect destructor will delete child effects
  32:effects/streetseffect.cpp **** }
  48              		.loc 1 32 1 view .LVU5
  49 0008 FFF7FEFF 		bl	_ZN11perspective14CompoundEffectD2Ev
  50              	.LVL1:
  51              		.loc 1 32 1 view .LVU6
  52              	.LBE163:
  53 000c 2046     		mov	r0, r4
  54 000e 10BD     		pop	{r4, pc}
  55              	.LVL2:
  56              	.L5:
  57              		.loc 1 32 1 view .LVU7
  58              		.align	2
  59              	.L4:
  60 0010 08000000 		.word	_ZTVN11perspective13StreetsEffectE+8
  61              		.cfi_endproc
  62              	.LFE6888:
  64              		.global	_ZN11perspective13StreetsEffectD1Ev
  65              		.thumb_set _ZN11perspective13StreetsEffectD1Ev,_ZN11perspective13StreetsEffectD2Ev
  66              		.section	.text._ZN11perspective13StreetsEffectD0Ev,"ax",%progbits
  67              		.align	1
  68              		.p2align 2,,3
  69              		.global	_ZN11perspective13StreetsEffectD0Ev
  70              		.syntax unified
  71              		.thumb
  72              		.thumb_func
  74              	_ZN11perspective13StreetsEffectD0Ev:
  75              	.LVL3:
  76              	.LFB6890:
  30:effects/streetseffect.cpp ****     // CompoundEffect destructor will delete child effects
  77              		.loc 1 30 1 is_stmt 1 view -0
  78              		.cfi_startproc
  79              		@ args = 0, pretend = 0, frame = 0
  80              		@ frame_needed = 0, uses_anonymous_args = 0
  81              	.LBB164:
  82              	.LBB165:
  30:effects/streetseffect.cpp ****     // CompoundEffect destructor will delete child effects
  83              		.loc 1 30 31 is_stmt 0 view .LVU9
ARM GAS  C:\Users\Oliver\AppData\Local\Temp\ccukWDDi.s 			page 3


  84 0000 054B     		ldr	r3, .L8
  85              	.LBE165:
  86              	.LBE164:
  30:effects/streetseffect.cpp ****     // CompoundEffect destructor will delete child effects
  87              		.loc 1 30 1 view .LVU10
  88 0002 10B5     		push	{r4, lr}
  89              		.cfi_def_cfa_offset 8
  90              		.cfi_offset 4, -8
  91              		.cfi_offset 14, -4
  30:effects/streetseffect.cpp ****     // CompoundEffect destructor will delete child effects
  92              		.loc 1 30 1 view .LVU11
  93 0004 0446     		mov	r4, r0
  94              	.LVL4:
  95              	.LBB167:
  96              	.LBI164:
  30:effects/streetseffect.cpp ****     // CompoundEffect destructor will delete child effects
  97              		.loc 1 30 1 is_stmt 1 view .LVU12
  98              	.LBB166:
  30:effects/streetseffect.cpp ****     // CompoundEffect destructor will delete child effects
  99              		.loc 1 30 31 is_stmt 0 view .LVU13
 100 0006 0360     		str	r3, [r0]
 101              		.loc 1 32 1 view .LVU14
 102 0008 FFF7FEFF 		bl	_ZN11perspective14CompoundEffectD2Ev
 103              	.LVL5:
 104              		.loc 1 32 1 view .LVU15
 105              	.LBE166:
 106              	.LBE167:
 107              		.loc 1 32 1 discriminator 1 view .LVU16
 108 000c 5C21     		movs	r1, #92
 109 000e 2046     		mov	r0, r4
 110 0010 FFF7FEFF 		bl	_ZdlPvj
 111              	.LVL6:
 112              		.loc 1 32 1 view .LVU17
 113 0014 2046     		mov	r0, r4
 114 0016 10BD     		pop	{r4, pc}
 115              	.LVL7:
 116              	.L9:
 117              		.loc 1 32 1 view .LVU18
 118              		.align	2
 119              	.L8:
 120 0018 08000000 		.word	_ZTVN11perspective13StreetsEffectE+8
 121              		.cfi_endproc
 122              	.LFE6890:
 124              		.section	.text._ZN11perspective13StreetsEffect6UpdateEv,"ax",%progbits
 125              		.align	1
 126              		.p2align 2,,3
 127              		.global	_ZN11perspective13StreetsEffect6UpdateEv
 128              		.syntax unified
 129              		.thumb
 130              		.thumb_func
 132              	_ZN11perspective13StreetsEffect6UpdateEv:
 133              	.LVL8:
 134              	.LFB6892:
  33:effects/streetseffect.cpp **** 
  34:effects/streetseffect.cpp **** void StreetsEffect::Init(float sampleRate) {
  35:effects/streetseffect.cpp ****     // Initialize the compound effect (this initializes child effects)
  36:effects/streetseffect.cpp ****     CompoundEffect::Init(sampleRate);
ARM GAS  C:\Users\Oliver\AppData\Local\Temp\ccukWDDi.s 			page 4


  37:effects/streetseffect.cpp ****     
  38:effects/streetseffect.cpp ****     // Set slapback delay to be wet only so it processes the parallel delay output
  39:effects/streetseffect.cpp ****     if (slapbackDelay_) {
  40:effects/streetseffect.cpp ****         slapbackDelay_->SetWetOnly(false); // Allow slapback to add to the signal
  41:effects/streetseffect.cpp ****     }
  42:effects/streetseffect.cpp ****     
  43:effects/streetseffect.cpp ****     // Add top-level controls.
  44:effects/streetseffect.cpp ****     // Delay 1 controls
  45:effects/streetseffect.cpp ****     AddParameter(new PotentiometerParameter("K1 Mix", 0.0f, 1.0f, 0.50f, PotCurve::LIN, KNOB_1_IDX,
  46:effects/streetseffect.cpp ****     parameters_.back()->SetDisplayType(DisplayType::SCALED);
  47:effects/streetseffect.cpp ****     parameters_.back()->SetScaleFactor(100.0f);
  48:effects/streetseffect.cpp ****     
  49:effects/streetseffect.cpp ****     AddParameter(new PotentiometerParameter("K2 Feedback", 0.0f, 0.95f, 0.5f, PotCurve::LIN, KNOB_2
  50:effects/streetseffect.cpp ****     parameters_.back()->SetDisplayType(DisplayType::SCALED);
  51:effects/streetseffect.cpp ****     parameters_.back()->SetScaleFactor(100.0f);
  52:effects/streetseffect.cpp ****     
  53:effects/streetseffect.cpp ****     AddParameter(new PotentiometerParameter("K3 Subdivision", 0.0f, 6.0f, 2.0f, PotCurve::LIN, KNOB
  54:effects/streetseffect.cpp ****     parameters_.back()->SetDisplayType(DisplayType::DISCRETE);
  55:effects/streetseffect.cpp ****     parameters_.back()->SetDiscreteValues(subDivisions, 7);
  56:effects/streetseffect.cpp ****     
  57:effects/streetseffect.cpp ****     // Delay 2 controls
  58:effects/streetseffect.cpp ****     AddParameter(new PotentiometerParameter("K4 Mix", 0.0f, 1.0f, 0.35f, PotCurve::LIN, KNOB_4_IDX,
  59:effects/streetseffect.cpp ****     parameters_.back()->SetDisplayType(DisplayType::SCALED);
  60:effects/streetseffect.cpp ****     parameters_.back()->SetScaleFactor(100.0f);
  61:effects/streetseffect.cpp ****     
  62:effects/streetseffect.cpp ****     AddParameter(new PotentiometerParameter("K5 Feedback", 0.0f, 0.95f, 0.5f, PotCurve::LIN, KNOB_5
  63:effects/streetseffect.cpp ****     parameters_.back()->SetDisplayType(DisplayType::SCALED);
  64:effects/streetseffect.cpp ****     parameters_.back()->SetScaleFactor(100.0f);
  65:effects/streetseffect.cpp ****     
  66:effects/streetseffect.cpp ****     // Slapback blend
  67:effects/streetseffect.cpp ****     AddParameter(new PotentiometerParameter("K6 Slap Mix", 0.0f, 0.75f, 0.50f, PotCurve::LIN, KNOB_
  68:effects/streetseffect.cpp ****     parameters_.back()->SetDisplayType(DisplayType::SCALED);
  69:effects/streetseffect.cpp ****     parameters_.back()->SetScaleFactor(100.0f);
  70:effects/streetseffect.cpp **** 
  71:effects/streetseffect.cpp ****     // Delay 1 time parameter (Encoder 1)
  72:effects/streetseffect.cpp ****     AddParameter(new TimeParameter("E1 Time", 250.0f, 2000.0f, 500.0f, 1.0f, ENCODER_1_IDX, "E1 Tem
  73:effects/streetseffect.cpp ****     
  74:effects/streetseffect.cpp ****     // Delay 2 time parameter (Encoder 2)
  75:effects/streetseffect.cpp ****     AddParameter(new TimeParameter("E2 Perc", 250.0f, 2000.0f, 510.0f, 1.0f, ENCODER_2_IDX, "E2 Per
  76:effects/streetseffect.cpp ****     
  77:effects/streetseffect.cpp ****     // Delay 1 tempo mode toggle (Encoder 1 button)
  78:effects/streetseffect.cpp ****     AddParameter(new ToggleParameter("Tempo Mode", false, ENCODER_1_BUTTON_IDX, "On", "Off",-1));  
  79:effects/streetseffect.cpp **** 
  80:effects/streetseffect.cpp ****     // Initialize startup timing modes/values:
  81:effects/streetseffect.cpp ****     // Delay 1: tempo mode at reference BPM.
  82:effects/streetseffect.cpp ****     parameters_[8]->SetValue(1.0f);
  83:effects/streetseffect.cpp ****     parameters_[6]->SetValue(60000.0f / kReferenceBpm);
  84:effects/streetseffect.cpp **** 
  85:effects/streetseffect.cpp ****     // Delay 2 tracks Delay 1 timing ratio, starting at 510ms-equivalent feel.
  86:effects/streetseffect.cpp ****     parameters_[7]->SetValue(kSecondaryLinkedMs);
  87:effects/streetseffect.cpp **** 
  88:effects/streetseffect.cpp ****     // Note: Metronome is now controlled globally by Perspective via SetMetronomeEnabled()
  89:effects/streetseffect.cpp ****     
  90:effects/streetseffect.cpp ****     // Set slapback delay time to fixed 50ms
  91:effects/streetseffect.cpp ****     if (slapbackDelay_ && slapbackDelay_->GetParameterCount() >= 3) {
  92:effects/streetseffect.cpp ****         // Set Time parameter (index 2) to 50ms
  93:effects/streetseffect.cpp ****         slapbackDelay_->GetParameter(2)->SetValue(50.0f);
ARM GAS  C:\Users\Oliver\AppData\Local\Temp\ccukWDDi.s 			page 5


  94:effects/streetseffect.cpp ****         // Set Mix to 50% (index 0)
  95:effects/streetseffect.cpp ****         slapbackDelay_->GetParameter(0)->SetValue(0.5f);
  96:effects/streetseffect.cpp ****         // Set Feedback to 25% (index 1)
  97:effects/streetseffect.cpp ****         slapbackDelay_->GetParameter(1)->SetValue(0.25f);
  98:effects/streetseffect.cpp ****     }
  99:effects/streetseffect.cpp ****     
 100:effects/streetseffect.cpp ****     Update();
 101:effects/streetseffect.cpp **** }
 102:effects/streetseffect.cpp **** 
 103:effects/streetseffect.cpp **** void StreetsEffect::Update() {
 135              		.loc 1 103 30 is_stmt 1 view -0
 136              		.cfi_startproc
 137              		@ args = 0, pretend = 0, frame = 0
 138              		@ frame_needed = 0, uses_anonymous_args = 0
 104:effects/streetseffect.cpp ****     // Update parallel delay parameters from our parameters
 105:effects/streetseffect.cpp ****     if (parameters_.size() >= 9 && parallelDelay_ && parallelDelay_->GetParameterCount() >= 10) {
 139              		.loc 1 105 5 view .LVU20
 140              	.LBB168:
 141              	.LBB169:
 142              	.LBB170:
 143              		.file 2 "C:/Program Files (x86)/Arm GNU Toolchain arm-none-eabi/14.3 rel1/arm-none-eabi/include/c+
   1:C:/Program Files (x86)/Arm GNU Toolchain arm-none-eabi/14.3 rel1/arm-none-eabi/include/c++/14.3.1/bits\stl_vector.h **** // Vector implementation -*- C++ -*-
   2:C:/Program Files (x86)/Arm GNU Toolchain arm-none-eabi/14.3 rel1/arm-none-eabi/include/c++/14.3.1/bits\stl_vector.h **** 
   3:C:/Program Files (x86)/Arm GNU Toolchain arm-none-eabi/14.3 rel1/arm-none-eabi/include/c++/14.3.1/bits\stl_vector.h **** // Copyright (C) 2001-2024 Free Software Foundation, Inc.
   4:C:/Program Files (x86)/Arm GNU Toolchain arm-none-eabi/14.3 rel1/arm-none-eabi/include/c++/14.3.1/bits\stl_vector.h **** //
   5:C:/Program Files (x86)/Arm GNU Toolchain arm-none-eabi/14.3 rel1/arm-none-eabi/include/c++/14.3.1/bits\stl_vector.h **** // This file is part of the GNU ISO C++ Library.  This library is free
   6:C:/Program Files (x86)/Arm GNU Toolchain arm-none-eabi/14.3 rel1/arm-none-eabi/include/c++/14.3.1/bits\stl_vector.h **** // software; you can redistribute it and/or modify it under the
   7:C:/Program Files (x86)/Arm GNU Toolchain arm-none-eabi/14.3 rel1/arm-none-eabi/include/c++/14.3.1/bits\stl_vector.h **** // terms of the GNU General Public License as published by the
   8:C:/Program Files (x86)/Arm GNU Toolchain arm-none-eabi/14.3 rel1/arm-none-eabi/include/c++/14.3.1/bits\stl_vector.h **** // Free Software Foundation; either version 3, or (at your option)
   9:C:/Program Files (x86)/Arm GNU Toolchain arm-none-eabi/14.3 rel1/arm-none-eabi/include/c++/14.3.1/bits\stl_vector.h **** // any later version.
  10:C:/Program Files (x86)/Arm GNU Toolchain arm-none-eabi/14.3 rel1/arm-none-eabi/include/c++/14.3.1/bits\stl_vector.h **** 
  11:C:/Program Files (x86)/Arm GNU Toolchain arm-none-eabi/14.3 rel1/arm-none-eabi/include/c++/14.3.1/bits\stl_vector.h **** // This library is distributed in the hope that it will be useful,
  12:C:/Program Files (x86)/Arm GNU Toolchain arm-none-eabi/14.3 rel1/arm-none-eabi/include/c++/14.3.1/bits\stl_vector.h **** // but WITHOUT ANY WARRANTY; without even the implied warranty of
  13:C:/Program Files (x86)/Arm GNU Toolchain arm-none-eabi/14.3 rel1/arm-none-eabi/include/c++/14.3.1/bits\stl_vector.h **** // MERCHANTABILITY or FITNESS FOR A PARTICULAR PURPOSE.  See the
  14:C:/Program Files (x86)/Arm GNU Toolchain arm-none-eabi/14.3 rel1/arm-none-eabi/include/c++/14.3.1/bits\stl_vector.h **** // GNU General Public License for more details.
  15:C:/Program Files (x86)/Arm GNU Toolchain arm-none-eabi/14.3 rel1/arm-none-eabi/include/c++/14.3.1/bits\stl_vector.h **** 
  16:C:/Program Files (x86)/Arm GNU Toolchain arm-none-eabi/14.3 rel1/arm-none-eabi/include/c++/14.3.1/bits\stl_vector.h **** // Under Section 7 of GPL version 3, you are granted additional
  17:C:/Program Files (x86)/Arm GNU Toolchain arm-none-eabi/14.3 rel1/arm-none-eabi/include/c++/14.3.1/bits\stl_vector.h **** // permissions described in the GCC Runtime Library Exception, version
  18:C:/Program Files (x86)/Arm GNU Toolchain arm-none-eabi/14.3 rel1/arm-none-eabi/include/c++/14.3.1/bits\stl_vector.h **** // 3.1, as published by the Free Software Foundation.
  19:C:/Program Files (x86)/Arm GNU Toolchain arm-none-eabi/14.3 rel1/arm-none-eabi/include/c++/14.3.1/bits\stl_vector.h **** 
  20:C:/Program Files (x86)/Arm GNU Toolchain arm-none-eabi/14.3 rel1/arm-none-eabi/include/c++/14.3.1/bits\stl_vector.h **** // You should have received a copy of the GNU General Public License and
  21:C:/Program Files (x86)/Arm GNU Toolchain arm-none-eabi/14.3 rel1/arm-none-eabi/include/c++/14.3.1/bits\stl_vector.h **** // a copy of the GCC Runtime Library Exception along with this program;
  22:C:/Program Files (x86)/Arm GNU Toolchain arm-none-eabi/14.3 rel1/arm-none-eabi/include/c++/14.3.1/bits\stl_vector.h **** // see the files COPYING3 and COPYING.RUNTIME respectively.  If not, see
  23:C:/Program Files (x86)/Arm GNU Toolchain arm-none-eabi/14.3 rel1/arm-none-eabi/include/c++/14.3.1/bits\stl_vector.h **** // <http://www.gnu.org/licenses/>.
  24:C:/Program Files (x86)/Arm GNU Toolchain arm-none-eabi/14.3 rel1/arm-none-eabi/include/c++/14.3.1/bits\stl_vector.h **** 
  25:C:/Program Files (x86)/Arm GNU Toolchain arm-none-eabi/14.3 rel1/arm-none-eabi/include/c++/14.3.1/bits\stl_vector.h **** /*
  26:C:/Program Files (x86)/Arm GNU Toolchain arm-none-eabi/14.3 rel1/arm-none-eabi/include/c++/14.3.1/bits\stl_vector.h ****  *
  27:C:/Program Files (x86)/Arm GNU Toolchain arm-none-eabi/14.3 rel1/arm-none-eabi/include/c++/14.3.1/bits\stl_vector.h ****  * Copyright (c) 1994
  28:C:/Program Files (x86)/Arm GNU Toolchain arm-none-eabi/14.3 rel1/arm-none-eabi/include/c++/14.3.1/bits\stl_vector.h ****  * Hewlett-Packard Company
  29:C:/Program Files (x86)/Arm GNU Toolchain arm-none-eabi/14.3 rel1/arm-none-eabi/include/c++/14.3.1/bits\stl_vector.h ****  *
  30:C:/Program Files (x86)/Arm GNU Toolchain arm-none-eabi/14.3 rel1/arm-none-eabi/include/c++/14.3.1/bits\stl_vector.h ****  * Permission to use, copy, modify, distribute and sell this software
  31:C:/Program Files (x86)/Arm GNU Toolchain arm-none-eabi/14.3 rel1/arm-none-eabi/include/c++/14.3.1/bits\stl_vector.h ****  * and its documentation for any purpose is hereby granted without fee,
  32:C:/Program Files (x86)/Arm GNU Toolchain arm-none-eabi/14.3 rel1/arm-none-eabi/include/c++/14.3.1/bits\stl_vector.h ****  * provided that the above copyright notice appear in all copies and
  33:C:/Program Files (x86)/Arm GNU Toolchain arm-none-eabi/14.3 rel1/arm-none-eabi/include/c++/14.3.1/bits\stl_vector.h ****  * that both that copyright notice and this permission notice appear
  34:C:/Program Files (x86)/Arm GNU Toolchain arm-none-eabi/14.3 rel1/arm-none-eabi/include/c++/14.3.1/bits\stl_vector.h ****  * in supporting documentation.  Hewlett-Packard Company makes no
  35:C:/Program Files (x86)/Arm GNU Toolchain arm-none-eabi/14.3 rel1/arm-none-eabi/include/c++/14.3.1/bits\stl_vector.h ****  * representations about the suitability of this software for any
  36:C:/Program Files (x86)/Arm GNU Toolchain arm-none-eabi/14.3 rel1/arm-none-eabi/include/c++/14.3.1/bits\stl_vector.h ****  * purpose.  It is provided "as is" without express or implied warranty.
ARM GAS  C:\Users\Oliver\AppData\Local\Temp\ccukWDDi.s 			page 6


  37:C:/Program Files (x86)/Arm GNU Toolchain arm-none-eabi/14.3 rel1/arm-none-eabi/include/c++/14.3.1/bits\stl_vector.h ****  *
  38:C:/Program Files (x86)/Arm GNU Toolchain arm-none-eabi/14.3 rel1/arm-none-eabi/include/c++/14.3.1/bits\stl_vector.h ****  *
  39:C:/Program Files (x86)/Arm GNU Toolchain arm-none-eabi/14.3 rel1/arm-none-eabi/include/c++/14.3.1/bits\stl_vector.h ****  * Copyright (c) 1996
  40:C:/Program Files (x86)/Arm GNU Toolchain arm-none-eabi/14.3 rel1/arm-none-eabi/include/c++/14.3.1/bits\stl_vector.h ****  * Silicon Graphics Computer Systems, Inc.
  41:C:/Program Files (x86)/Arm GNU Toolchain arm-none-eabi/14.3 rel1/arm-none-eabi/include/c++/14.3.1/bits\stl_vector.h ****  *
  42:C:/Program Files (x86)/Arm GNU Toolchain arm-none-eabi/14.3 rel1/arm-none-eabi/include/c++/14.3.1/bits\stl_vector.h ****  * Permission to use, copy, modify, distribute and sell this software
  43:C:/Program Files (x86)/Arm GNU Toolchain arm-none-eabi/14.3 rel1/arm-none-eabi/include/c++/14.3.1/bits\stl_vector.h ****  * and its documentation for any purpose is hereby granted without fee,
  44:C:/Program Files (x86)/Arm GNU Toolchain arm-none-eabi/14.3 rel1/arm-none-eabi/include/c++/14.3.1/bits\stl_vector.h ****  * provided that the above copyright notice appear in all copies and
  45:C:/Program Files (x86)/Arm GNU Toolchain arm-none-eabi/14.3 rel1/arm-none-eabi/include/c++/14.3.1/bits\stl_vector.h ****  * that both that copyright notice and this permission notice appear
  46:C:/Program Files (x86)/Arm GNU Toolchain arm-none-eabi/14.3 rel1/arm-none-eabi/include/c++/14.3.1/bits\stl_vector.h ****  * in supporting documentation.  Silicon Graphics makes no
  47:C:/Program Files (x86)/Arm GNU Toolchain arm-none-eabi/14.3 rel1/arm-none-eabi/include/c++/14.3.1/bits\stl_vector.h ****  * representations about the suitability of this  software for any
  48:C:/Program Files (x86)/Arm GNU Toolchain arm-none-eabi/14.3 rel1/arm-none-eabi/include/c++/14.3.1/bits\stl_vector.h ****  * purpose.  It is provided "as is" without express or implied warranty.
  49:C:/Program Files (x86)/Arm GNU Toolchain arm-none-eabi/14.3 rel1/arm-none-eabi/include/c++/14.3.1/bits\stl_vector.h ****  */
  50:C:/Program Files (x86)/Arm GNU Toolchain arm-none-eabi/14.3 rel1/arm-none-eabi/include/c++/14.3.1/bits\stl_vector.h **** 
  51:C:/Program Files (x86)/Arm GNU Toolchain arm-none-eabi/14.3 rel1/arm-none-eabi/include/c++/14.3.1/bits\stl_vector.h **** /** @file bits/stl_vector.h
  52:C:/Program Files (x86)/Arm GNU Toolchain arm-none-eabi/14.3 rel1/arm-none-eabi/include/c++/14.3.1/bits\stl_vector.h ****  *  This is an internal header file, included by other library headers.
  53:C:/Program Files (x86)/Arm GNU Toolchain arm-none-eabi/14.3 rel1/arm-none-eabi/include/c++/14.3.1/bits\stl_vector.h ****  *  Do not attempt to use it directly. @headername{vector}
  54:C:/Program Files (x86)/Arm GNU Toolchain arm-none-eabi/14.3 rel1/arm-none-eabi/include/c++/14.3.1/bits\stl_vector.h ****  */
  55:C:/Program Files (x86)/Arm GNU Toolchain arm-none-eabi/14.3 rel1/arm-none-eabi/include/c++/14.3.1/bits\stl_vector.h **** 
  56:C:/Program Files (x86)/Arm GNU Toolchain arm-none-eabi/14.3 rel1/arm-none-eabi/include/c++/14.3.1/bits\stl_vector.h **** #ifndef _STL_VECTOR_H
  57:C:/Program Files (x86)/Arm GNU Toolchain arm-none-eabi/14.3 rel1/arm-none-eabi/include/c++/14.3.1/bits\stl_vector.h **** #define _STL_VECTOR_H 1
  58:C:/Program Files (x86)/Arm GNU Toolchain arm-none-eabi/14.3 rel1/arm-none-eabi/include/c++/14.3.1/bits\stl_vector.h **** 
  59:C:/Program Files (x86)/Arm GNU Toolchain arm-none-eabi/14.3 rel1/arm-none-eabi/include/c++/14.3.1/bits\stl_vector.h **** #include <bits/stl_iterator_base_funcs.h>
  60:C:/Program Files (x86)/Arm GNU Toolchain arm-none-eabi/14.3 rel1/arm-none-eabi/include/c++/14.3.1/bits\stl_vector.h **** #include <bits/functexcept.h>
  61:C:/Program Files (x86)/Arm GNU Toolchain arm-none-eabi/14.3 rel1/arm-none-eabi/include/c++/14.3.1/bits\stl_vector.h **** #include <bits/concept_check.h>
  62:C:/Program Files (x86)/Arm GNU Toolchain arm-none-eabi/14.3 rel1/arm-none-eabi/include/c++/14.3.1/bits\stl_vector.h **** #if __cplusplus >= 201103L
  63:C:/Program Files (x86)/Arm GNU Toolchain arm-none-eabi/14.3 rel1/arm-none-eabi/include/c++/14.3.1/bits\stl_vector.h **** #include <initializer_list>
  64:C:/Program Files (x86)/Arm GNU Toolchain arm-none-eabi/14.3 rel1/arm-none-eabi/include/c++/14.3.1/bits\stl_vector.h **** #endif
  65:C:/Program Files (x86)/Arm GNU Toolchain arm-none-eabi/14.3 rel1/arm-none-eabi/include/c++/14.3.1/bits\stl_vector.h **** #if __cplusplus >= 202002L
  66:C:/Program Files (x86)/Arm GNU Toolchain arm-none-eabi/14.3 rel1/arm-none-eabi/include/c++/14.3.1/bits\stl_vector.h **** # include <compare>
  67:C:/Program Files (x86)/Arm GNU Toolchain arm-none-eabi/14.3 rel1/arm-none-eabi/include/c++/14.3.1/bits\stl_vector.h **** #endif
  68:C:/Program Files (x86)/Arm GNU Toolchain arm-none-eabi/14.3 rel1/arm-none-eabi/include/c++/14.3.1/bits\stl_vector.h **** #if __glibcxx_concepts // C++ >= C++20
  69:C:/Program Files (x86)/Arm GNU Toolchain arm-none-eabi/14.3 rel1/arm-none-eabi/include/c++/14.3.1/bits\stl_vector.h **** # include <bits/ranges_base.h>          // ranges::distance
  70:C:/Program Files (x86)/Arm GNU Toolchain arm-none-eabi/14.3 rel1/arm-none-eabi/include/c++/14.3.1/bits\stl_vector.h **** #endif
  71:C:/Program Files (x86)/Arm GNU Toolchain arm-none-eabi/14.3 rel1/arm-none-eabi/include/c++/14.3.1/bits\stl_vector.h **** 
  72:C:/Program Files (x86)/Arm GNU Toolchain arm-none-eabi/14.3 rel1/arm-none-eabi/include/c++/14.3.1/bits\stl_vector.h **** #include <debug/assertions.h>
  73:C:/Program Files (x86)/Arm GNU Toolchain arm-none-eabi/14.3 rel1/arm-none-eabi/include/c++/14.3.1/bits\stl_vector.h **** 
  74:C:/Program Files (x86)/Arm GNU Toolchain arm-none-eabi/14.3 rel1/arm-none-eabi/include/c++/14.3.1/bits\stl_vector.h **** #if _GLIBCXX_SANITIZE_STD_ALLOCATOR && _GLIBCXX_SANITIZE_VECTOR
  75:C:/Program Files (x86)/Arm GNU Toolchain arm-none-eabi/14.3 rel1/arm-none-eabi/include/c++/14.3.1/bits\stl_vector.h **** extern "C" void
  76:C:/Program Files (x86)/Arm GNU Toolchain arm-none-eabi/14.3 rel1/arm-none-eabi/include/c++/14.3.1/bits\stl_vector.h **** __sanitizer_annotate_contiguous_container(const void*, const void*,
  77:C:/Program Files (x86)/Arm GNU Toolchain arm-none-eabi/14.3 rel1/arm-none-eabi/include/c++/14.3.1/bits\stl_vector.h **** 					  const void*, const void*);
  78:C:/Program Files (x86)/Arm GNU Toolchain arm-none-eabi/14.3 rel1/arm-none-eabi/include/c++/14.3.1/bits\stl_vector.h **** #endif
  79:C:/Program Files (x86)/Arm GNU Toolchain arm-none-eabi/14.3 rel1/arm-none-eabi/include/c++/14.3.1/bits\stl_vector.h **** 
  80:C:/Program Files (x86)/Arm GNU Toolchain arm-none-eabi/14.3 rel1/arm-none-eabi/include/c++/14.3.1/bits\stl_vector.h **** namespace std _GLIBCXX_VISIBILITY(default)
  81:C:/Program Files (x86)/Arm GNU Toolchain arm-none-eabi/14.3 rel1/arm-none-eabi/include/c++/14.3.1/bits\stl_vector.h **** {
  82:C:/Program Files (x86)/Arm GNU Toolchain arm-none-eabi/14.3 rel1/arm-none-eabi/include/c++/14.3.1/bits\stl_vector.h **** _GLIBCXX_BEGIN_NAMESPACE_VERSION
  83:C:/Program Files (x86)/Arm GNU Toolchain arm-none-eabi/14.3 rel1/arm-none-eabi/include/c++/14.3.1/bits\stl_vector.h **** _GLIBCXX_BEGIN_NAMESPACE_CONTAINER
  84:C:/Program Files (x86)/Arm GNU Toolchain arm-none-eabi/14.3 rel1/arm-none-eabi/include/c++/14.3.1/bits\stl_vector.h **** 
  85:C:/Program Files (x86)/Arm GNU Toolchain arm-none-eabi/14.3 rel1/arm-none-eabi/include/c++/14.3.1/bits\stl_vector.h ****   /// See bits/stl_deque.h's _Deque_base for an explanation.
  86:C:/Program Files (x86)/Arm GNU Toolchain arm-none-eabi/14.3 rel1/arm-none-eabi/include/c++/14.3.1/bits\stl_vector.h ****   template<typename _Tp, typename _Alloc>
  87:C:/Program Files (x86)/Arm GNU Toolchain arm-none-eabi/14.3 rel1/arm-none-eabi/include/c++/14.3.1/bits\stl_vector.h ****     struct _Vector_base
  88:C:/Program Files (x86)/Arm GNU Toolchain arm-none-eabi/14.3 rel1/arm-none-eabi/include/c++/14.3.1/bits\stl_vector.h ****     {
  89:C:/Program Files (x86)/Arm GNU Toolchain arm-none-eabi/14.3 rel1/arm-none-eabi/include/c++/14.3.1/bits\stl_vector.h ****       typedef typename __gnu_cxx::__alloc_traits<_Alloc>::template
  90:C:/Program Files (x86)/Arm GNU Toolchain arm-none-eabi/14.3 rel1/arm-none-eabi/include/c++/14.3.1/bits\stl_vector.h **** 	rebind<_Tp>::other _Tp_alloc_type;
  91:C:/Program Files (x86)/Arm GNU Toolchain arm-none-eabi/14.3 rel1/arm-none-eabi/include/c++/14.3.1/bits\stl_vector.h ****       typedef typename __gnu_cxx::__alloc_traits<_Tp_alloc_type>::pointer
  92:C:/Program Files (x86)/Arm GNU Toolchain arm-none-eabi/14.3 rel1/arm-none-eabi/include/c++/14.3.1/bits\stl_vector.h ****        	pointer;
  93:C:/Program Files (x86)/Arm GNU Toolchain arm-none-eabi/14.3 rel1/arm-none-eabi/include/c++/14.3.1/bits\stl_vector.h **** 
ARM GAS  C:\Users\Oliver\AppData\Local\Temp\ccukWDDi.s 			page 7


  94:C:/Program Files (x86)/Arm GNU Toolchain arm-none-eabi/14.3 rel1/arm-none-eabi/include/c++/14.3.1/bits\stl_vector.h ****       struct _Vector_impl_data
  95:C:/Program Files (x86)/Arm GNU Toolchain arm-none-eabi/14.3 rel1/arm-none-eabi/include/c++/14.3.1/bits\stl_vector.h ****       {
  96:C:/Program Files (x86)/Arm GNU Toolchain arm-none-eabi/14.3 rel1/arm-none-eabi/include/c++/14.3.1/bits\stl_vector.h **** 	pointer _M_start;
  97:C:/Program Files (x86)/Arm GNU Toolchain arm-none-eabi/14.3 rel1/arm-none-eabi/include/c++/14.3.1/bits\stl_vector.h **** 	pointer _M_finish;
  98:C:/Program Files (x86)/Arm GNU Toolchain arm-none-eabi/14.3 rel1/arm-none-eabi/include/c++/14.3.1/bits\stl_vector.h **** 	pointer _M_end_of_storage;
  99:C:/Program Files (x86)/Arm GNU Toolchain arm-none-eabi/14.3 rel1/arm-none-eabi/include/c++/14.3.1/bits\stl_vector.h **** 
 100:C:/Program Files (x86)/Arm GNU Toolchain arm-none-eabi/14.3 rel1/arm-none-eabi/include/c++/14.3.1/bits\stl_vector.h **** 	_GLIBCXX20_CONSTEXPR
 101:C:/Program Files (x86)/Arm GNU Toolchain arm-none-eabi/14.3 rel1/arm-none-eabi/include/c++/14.3.1/bits\stl_vector.h **** 	_Vector_impl_data() _GLIBCXX_NOEXCEPT
 102:C:/Program Files (x86)/Arm GNU Toolchain arm-none-eabi/14.3 rel1/arm-none-eabi/include/c++/14.3.1/bits\stl_vector.h **** 	: _M_start(), _M_finish(), _M_end_of_storage()
 103:C:/Program Files (x86)/Arm GNU Toolchain arm-none-eabi/14.3 rel1/arm-none-eabi/include/c++/14.3.1/bits\stl_vector.h **** 	{ }
 104:C:/Program Files (x86)/Arm GNU Toolchain arm-none-eabi/14.3 rel1/arm-none-eabi/include/c++/14.3.1/bits\stl_vector.h **** 
 105:C:/Program Files (x86)/Arm GNU Toolchain arm-none-eabi/14.3 rel1/arm-none-eabi/include/c++/14.3.1/bits\stl_vector.h **** #if __cplusplus >= 201103L
 106:C:/Program Files (x86)/Arm GNU Toolchain arm-none-eabi/14.3 rel1/arm-none-eabi/include/c++/14.3.1/bits\stl_vector.h **** 	_GLIBCXX20_CONSTEXPR
 107:C:/Program Files (x86)/Arm GNU Toolchain arm-none-eabi/14.3 rel1/arm-none-eabi/include/c++/14.3.1/bits\stl_vector.h **** 	_Vector_impl_data(_Vector_impl_data&& __x) noexcept
 108:C:/Program Files (x86)/Arm GNU Toolchain arm-none-eabi/14.3 rel1/arm-none-eabi/include/c++/14.3.1/bits\stl_vector.h **** 	: _M_start(__x._M_start), _M_finish(__x._M_finish),
 109:C:/Program Files (x86)/Arm GNU Toolchain arm-none-eabi/14.3 rel1/arm-none-eabi/include/c++/14.3.1/bits\stl_vector.h **** 	  _M_end_of_storage(__x._M_end_of_storage)
 110:C:/Program Files (x86)/Arm GNU Toolchain arm-none-eabi/14.3 rel1/arm-none-eabi/include/c++/14.3.1/bits\stl_vector.h **** 	{ __x._M_start = __x._M_finish = __x._M_end_of_storage = pointer(); }
 111:C:/Program Files (x86)/Arm GNU Toolchain arm-none-eabi/14.3 rel1/arm-none-eabi/include/c++/14.3.1/bits\stl_vector.h **** #endif
 112:C:/Program Files (x86)/Arm GNU Toolchain arm-none-eabi/14.3 rel1/arm-none-eabi/include/c++/14.3.1/bits\stl_vector.h **** 
 113:C:/Program Files (x86)/Arm GNU Toolchain arm-none-eabi/14.3 rel1/arm-none-eabi/include/c++/14.3.1/bits\stl_vector.h **** 	_GLIBCXX20_CONSTEXPR
 114:C:/Program Files (x86)/Arm GNU Toolchain arm-none-eabi/14.3 rel1/arm-none-eabi/include/c++/14.3.1/bits\stl_vector.h **** 	void
 115:C:/Program Files (x86)/Arm GNU Toolchain arm-none-eabi/14.3 rel1/arm-none-eabi/include/c++/14.3.1/bits\stl_vector.h **** 	_M_copy_data(_Vector_impl_data const& __x) _GLIBCXX_NOEXCEPT
 116:C:/Program Files (x86)/Arm GNU Toolchain arm-none-eabi/14.3 rel1/arm-none-eabi/include/c++/14.3.1/bits\stl_vector.h **** 	{
 117:C:/Program Files (x86)/Arm GNU Toolchain arm-none-eabi/14.3 rel1/arm-none-eabi/include/c++/14.3.1/bits\stl_vector.h **** 	  _M_start = __x._M_start;
 118:C:/Program Files (x86)/Arm GNU Toolchain arm-none-eabi/14.3 rel1/arm-none-eabi/include/c++/14.3.1/bits\stl_vector.h **** 	  _M_finish = __x._M_finish;
 119:C:/Program Files (x86)/Arm GNU Toolchain arm-none-eabi/14.3 rel1/arm-none-eabi/include/c++/14.3.1/bits\stl_vector.h **** 	  _M_end_of_storage = __x._M_end_of_storage;
 120:C:/Program Files (x86)/Arm GNU Toolchain arm-none-eabi/14.3 rel1/arm-none-eabi/include/c++/14.3.1/bits\stl_vector.h **** 	}
 121:C:/Program Files (x86)/Arm GNU Toolchain arm-none-eabi/14.3 rel1/arm-none-eabi/include/c++/14.3.1/bits\stl_vector.h **** 
 122:C:/Program Files (x86)/Arm GNU Toolchain arm-none-eabi/14.3 rel1/arm-none-eabi/include/c++/14.3.1/bits\stl_vector.h **** 	_GLIBCXX20_CONSTEXPR
 123:C:/Program Files (x86)/Arm GNU Toolchain arm-none-eabi/14.3 rel1/arm-none-eabi/include/c++/14.3.1/bits\stl_vector.h **** 	void
 124:C:/Program Files (x86)/Arm GNU Toolchain arm-none-eabi/14.3 rel1/arm-none-eabi/include/c++/14.3.1/bits\stl_vector.h **** 	_M_swap_data(_Vector_impl_data& __x) _GLIBCXX_NOEXCEPT
 125:C:/Program Files (x86)/Arm GNU Toolchain arm-none-eabi/14.3 rel1/arm-none-eabi/include/c++/14.3.1/bits\stl_vector.h **** 	{
 126:C:/Program Files (x86)/Arm GNU Toolchain arm-none-eabi/14.3 rel1/arm-none-eabi/include/c++/14.3.1/bits\stl_vector.h **** 	  // Do not use std::swap(_M_start, __x._M_start), etc as it loses
 127:C:/Program Files (x86)/Arm GNU Toolchain arm-none-eabi/14.3 rel1/arm-none-eabi/include/c++/14.3.1/bits\stl_vector.h **** 	  // information used by TBAA.
 128:C:/Program Files (x86)/Arm GNU Toolchain arm-none-eabi/14.3 rel1/arm-none-eabi/include/c++/14.3.1/bits\stl_vector.h **** 	  _Vector_impl_data __tmp;
 129:C:/Program Files (x86)/Arm GNU Toolchain arm-none-eabi/14.3 rel1/arm-none-eabi/include/c++/14.3.1/bits\stl_vector.h **** 	  __tmp._M_copy_data(*this);
 130:C:/Program Files (x86)/Arm GNU Toolchain arm-none-eabi/14.3 rel1/arm-none-eabi/include/c++/14.3.1/bits\stl_vector.h **** 	  _M_copy_data(__x);
 131:C:/Program Files (x86)/Arm GNU Toolchain arm-none-eabi/14.3 rel1/arm-none-eabi/include/c++/14.3.1/bits\stl_vector.h **** 	  __x._M_copy_data(__tmp);
 132:C:/Program Files (x86)/Arm GNU Toolchain arm-none-eabi/14.3 rel1/arm-none-eabi/include/c++/14.3.1/bits\stl_vector.h **** 	}
 133:C:/Program Files (x86)/Arm GNU Toolchain arm-none-eabi/14.3 rel1/arm-none-eabi/include/c++/14.3.1/bits\stl_vector.h ****       };
 134:C:/Program Files (x86)/Arm GNU Toolchain arm-none-eabi/14.3 rel1/arm-none-eabi/include/c++/14.3.1/bits\stl_vector.h **** 
 135:C:/Program Files (x86)/Arm GNU Toolchain arm-none-eabi/14.3 rel1/arm-none-eabi/include/c++/14.3.1/bits\stl_vector.h ****       struct _Vector_impl
 136:C:/Program Files (x86)/Arm GNU Toolchain arm-none-eabi/14.3 rel1/arm-none-eabi/include/c++/14.3.1/bits\stl_vector.h **** 	: public _Tp_alloc_type, public _Vector_impl_data
 137:C:/Program Files (x86)/Arm GNU Toolchain arm-none-eabi/14.3 rel1/arm-none-eabi/include/c++/14.3.1/bits\stl_vector.h ****       {
 138:C:/Program Files (x86)/Arm GNU Toolchain arm-none-eabi/14.3 rel1/arm-none-eabi/include/c++/14.3.1/bits\stl_vector.h **** 	_GLIBCXX20_CONSTEXPR
 139:C:/Program Files (x86)/Arm GNU Toolchain arm-none-eabi/14.3 rel1/arm-none-eabi/include/c++/14.3.1/bits\stl_vector.h **** 	_Vector_impl() _GLIBCXX_NOEXCEPT_IF(
 140:C:/Program Files (x86)/Arm GNU Toolchain arm-none-eabi/14.3 rel1/arm-none-eabi/include/c++/14.3.1/bits\stl_vector.h **** 	    is_nothrow_default_constructible<_Tp_alloc_type>::value)
 141:C:/Program Files (x86)/Arm GNU Toolchain arm-none-eabi/14.3 rel1/arm-none-eabi/include/c++/14.3.1/bits\stl_vector.h **** #if __cpp_lib_concepts
 142:C:/Program Files (x86)/Arm GNU Toolchain arm-none-eabi/14.3 rel1/arm-none-eabi/include/c++/14.3.1/bits\stl_vector.h **** 	requires is_default_constructible_v<_Tp_alloc_type>
 143:C:/Program Files (x86)/Arm GNU Toolchain arm-none-eabi/14.3 rel1/arm-none-eabi/include/c++/14.3.1/bits\stl_vector.h **** #endif
 144:C:/Program Files (x86)/Arm GNU Toolchain arm-none-eabi/14.3 rel1/arm-none-eabi/include/c++/14.3.1/bits\stl_vector.h **** 	: _Tp_alloc_type()
 145:C:/Program Files (x86)/Arm GNU Toolchain arm-none-eabi/14.3 rel1/arm-none-eabi/include/c++/14.3.1/bits\stl_vector.h **** 	{ }
 146:C:/Program Files (x86)/Arm GNU Toolchain arm-none-eabi/14.3 rel1/arm-none-eabi/include/c++/14.3.1/bits\stl_vector.h **** 
 147:C:/Program Files (x86)/Arm GNU Toolchain arm-none-eabi/14.3 rel1/arm-none-eabi/include/c++/14.3.1/bits\stl_vector.h **** 	_GLIBCXX20_CONSTEXPR
 148:C:/Program Files (x86)/Arm GNU Toolchain arm-none-eabi/14.3 rel1/arm-none-eabi/include/c++/14.3.1/bits\stl_vector.h **** 	_Vector_impl(_Tp_alloc_type const& __a) _GLIBCXX_NOEXCEPT
 149:C:/Program Files (x86)/Arm GNU Toolchain arm-none-eabi/14.3 rel1/arm-none-eabi/include/c++/14.3.1/bits\stl_vector.h **** 	: _Tp_alloc_type(__a)
 150:C:/Program Files (x86)/Arm GNU Toolchain arm-none-eabi/14.3 rel1/arm-none-eabi/include/c++/14.3.1/bits\stl_vector.h **** 	{ }
ARM GAS  C:\Users\Oliver\AppData\Local\Temp\ccukWDDi.s 			page 8


 151:C:/Program Files (x86)/Arm GNU Toolchain arm-none-eabi/14.3 rel1/arm-none-eabi/include/c++/14.3.1/bits\stl_vector.h **** 
 152:C:/Program Files (x86)/Arm GNU Toolchain arm-none-eabi/14.3 rel1/arm-none-eabi/include/c++/14.3.1/bits\stl_vector.h **** #if __cplusplus >= 201103L
 153:C:/Program Files (x86)/Arm GNU Toolchain arm-none-eabi/14.3 rel1/arm-none-eabi/include/c++/14.3.1/bits\stl_vector.h **** 	// Not defaulted, to enforce noexcept(true) even when
 154:C:/Program Files (x86)/Arm GNU Toolchain arm-none-eabi/14.3 rel1/arm-none-eabi/include/c++/14.3.1/bits\stl_vector.h **** 	// !is_nothrow_move_constructible<_Tp_alloc_type>.
 155:C:/Program Files (x86)/Arm GNU Toolchain arm-none-eabi/14.3 rel1/arm-none-eabi/include/c++/14.3.1/bits\stl_vector.h **** 	_GLIBCXX20_CONSTEXPR
 156:C:/Program Files (x86)/Arm GNU Toolchain arm-none-eabi/14.3 rel1/arm-none-eabi/include/c++/14.3.1/bits\stl_vector.h **** 	_Vector_impl(_Vector_impl&& __x) noexcept
 157:C:/Program Files (x86)/Arm GNU Toolchain arm-none-eabi/14.3 rel1/arm-none-eabi/include/c++/14.3.1/bits\stl_vector.h **** 	: _Tp_alloc_type(std::move(__x)), _Vector_impl_data(std::move(__x))
 158:C:/Program Files (x86)/Arm GNU Toolchain arm-none-eabi/14.3 rel1/arm-none-eabi/include/c++/14.3.1/bits\stl_vector.h **** 	{ }
 159:C:/Program Files (x86)/Arm GNU Toolchain arm-none-eabi/14.3 rel1/arm-none-eabi/include/c++/14.3.1/bits\stl_vector.h **** 
 160:C:/Program Files (x86)/Arm GNU Toolchain arm-none-eabi/14.3 rel1/arm-none-eabi/include/c++/14.3.1/bits\stl_vector.h **** 	_GLIBCXX20_CONSTEXPR
 161:C:/Program Files (x86)/Arm GNU Toolchain arm-none-eabi/14.3 rel1/arm-none-eabi/include/c++/14.3.1/bits\stl_vector.h **** 	_Vector_impl(_Tp_alloc_type&& __a) noexcept
 162:C:/Program Files (x86)/Arm GNU Toolchain arm-none-eabi/14.3 rel1/arm-none-eabi/include/c++/14.3.1/bits\stl_vector.h **** 	: _Tp_alloc_type(std::move(__a))
 163:C:/Program Files (x86)/Arm GNU Toolchain arm-none-eabi/14.3 rel1/arm-none-eabi/include/c++/14.3.1/bits\stl_vector.h **** 	{ }
 164:C:/Program Files (x86)/Arm GNU Toolchain arm-none-eabi/14.3 rel1/arm-none-eabi/include/c++/14.3.1/bits\stl_vector.h **** 
 165:C:/Program Files (x86)/Arm GNU Toolchain arm-none-eabi/14.3 rel1/arm-none-eabi/include/c++/14.3.1/bits\stl_vector.h **** 	_GLIBCXX20_CONSTEXPR
 166:C:/Program Files (x86)/Arm GNU Toolchain arm-none-eabi/14.3 rel1/arm-none-eabi/include/c++/14.3.1/bits\stl_vector.h **** 	_Vector_impl(_Tp_alloc_type&& __a, _Vector_impl&& __rv) noexcept
 167:C:/Program Files (x86)/Arm GNU Toolchain arm-none-eabi/14.3 rel1/arm-none-eabi/include/c++/14.3.1/bits\stl_vector.h **** 	: _Tp_alloc_type(std::move(__a)), _Vector_impl_data(std::move(__rv))
 168:C:/Program Files (x86)/Arm GNU Toolchain arm-none-eabi/14.3 rel1/arm-none-eabi/include/c++/14.3.1/bits\stl_vector.h **** 	{ }
 169:C:/Program Files (x86)/Arm GNU Toolchain arm-none-eabi/14.3 rel1/arm-none-eabi/include/c++/14.3.1/bits\stl_vector.h **** #endif
 170:C:/Program Files (x86)/Arm GNU Toolchain arm-none-eabi/14.3 rel1/arm-none-eabi/include/c++/14.3.1/bits\stl_vector.h **** 
 171:C:/Program Files (x86)/Arm GNU Toolchain arm-none-eabi/14.3 rel1/arm-none-eabi/include/c++/14.3.1/bits\stl_vector.h **** #if _GLIBCXX_SANITIZE_STD_ALLOCATOR && _GLIBCXX_SANITIZE_VECTOR
 172:C:/Program Files (x86)/Arm GNU Toolchain arm-none-eabi/14.3 rel1/arm-none-eabi/include/c++/14.3.1/bits\stl_vector.h **** 	template<typename = _Tp_alloc_type>
 173:C:/Program Files (x86)/Arm GNU Toolchain arm-none-eabi/14.3 rel1/arm-none-eabi/include/c++/14.3.1/bits\stl_vector.h **** 	  struct _Asan
 174:C:/Program Files (x86)/Arm GNU Toolchain arm-none-eabi/14.3 rel1/arm-none-eabi/include/c++/14.3.1/bits\stl_vector.h **** 	  {
 175:C:/Program Files (x86)/Arm GNU Toolchain arm-none-eabi/14.3 rel1/arm-none-eabi/include/c++/14.3.1/bits\stl_vector.h **** 	    typedef typename __gnu_cxx::__alloc_traits<_Tp_alloc_type>
 176:C:/Program Files (x86)/Arm GNU Toolchain arm-none-eabi/14.3 rel1/arm-none-eabi/include/c++/14.3.1/bits\stl_vector.h **** 	      ::size_type size_type;
 177:C:/Program Files (x86)/Arm GNU Toolchain arm-none-eabi/14.3 rel1/arm-none-eabi/include/c++/14.3.1/bits\stl_vector.h **** 
 178:C:/Program Files (x86)/Arm GNU Toolchain arm-none-eabi/14.3 rel1/arm-none-eabi/include/c++/14.3.1/bits\stl_vector.h **** 	    static _GLIBCXX20_CONSTEXPR void
 179:C:/Program Files (x86)/Arm GNU Toolchain arm-none-eabi/14.3 rel1/arm-none-eabi/include/c++/14.3.1/bits\stl_vector.h **** 	    _S_shrink(_Vector_impl&, size_type) { }
 180:C:/Program Files (x86)/Arm GNU Toolchain arm-none-eabi/14.3 rel1/arm-none-eabi/include/c++/14.3.1/bits\stl_vector.h **** 	    static _GLIBCXX20_CONSTEXPR void
 181:C:/Program Files (x86)/Arm GNU Toolchain arm-none-eabi/14.3 rel1/arm-none-eabi/include/c++/14.3.1/bits\stl_vector.h **** 	    _S_on_dealloc(_Vector_impl&) { }
 182:C:/Program Files (x86)/Arm GNU Toolchain arm-none-eabi/14.3 rel1/arm-none-eabi/include/c++/14.3.1/bits\stl_vector.h **** 
 183:C:/Program Files (x86)/Arm GNU Toolchain arm-none-eabi/14.3 rel1/arm-none-eabi/include/c++/14.3.1/bits\stl_vector.h **** 	    typedef _Vector_impl& _Reinit;
 184:C:/Program Files (x86)/Arm GNU Toolchain arm-none-eabi/14.3 rel1/arm-none-eabi/include/c++/14.3.1/bits\stl_vector.h **** 
 185:C:/Program Files (x86)/Arm GNU Toolchain arm-none-eabi/14.3 rel1/arm-none-eabi/include/c++/14.3.1/bits\stl_vector.h **** 	    struct _Grow
 186:C:/Program Files (x86)/Arm GNU Toolchain arm-none-eabi/14.3 rel1/arm-none-eabi/include/c++/14.3.1/bits\stl_vector.h **** 	    {
 187:C:/Program Files (x86)/Arm GNU Toolchain arm-none-eabi/14.3 rel1/arm-none-eabi/include/c++/14.3.1/bits\stl_vector.h **** 	      _GLIBCXX20_CONSTEXPR _Grow(_Vector_impl&, size_type) { }
 188:C:/Program Files (x86)/Arm GNU Toolchain arm-none-eabi/14.3 rel1/arm-none-eabi/include/c++/14.3.1/bits\stl_vector.h **** 	      _GLIBCXX20_CONSTEXPR void _M_grew(size_type) { }
 189:C:/Program Files (x86)/Arm GNU Toolchain arm-none-eabi/14.3 rel1/arm-none-eabi/include/c++/14.3.1/bits\stl_vector.h **** 	    };
 190:C:/Program Files (x86)/Arm GNU Toolchain arm-none-eabi/14.3 rel1/arm-none-eabi/include/c++/14.3.1/bits\stl_vector.h **** 	  };
 191:C:/Program Files (x86)/Arm GNU Toolchain arm-none-eabi/14.3 rel1/arm-none-eabi/include/c++/14.3.1/bits\stl_vector.h **** 
 192:C:/Program Files (x86)/Arm GNU Toolchain arm-none-eabi/14.3 rel1/arm-none-eabi/include/c++/14.3.1/bits\stl_vector.h **** 	// Enable ASan annotations for memory obtained from std::allocator.
 193:C:/Program Files (x86)/Arm GNU Toolchain arm-none-eabi/14.3 rel1/arm-none-eabi/include/c++/14.3.1/bits\stl_vector.h **** 	template<typename _Up>
 194:C:/Program Files (x86)/Arm GNU Toolchain arm-none-eabi/14.3 rel1/arm-none-eabi/include/c++/14.3.1/bits\stl_vector.h **** 	  struct _Asan<allocator<_Up> >
 195:C:/Program Files (x86)/Arm GNU Toolchain arm-none-eabi/14.3 rel1/arm-none-eabi/include/c++/14.3.1/bits\stl_vector.h **** 	  {
 196:C:/Program Files (x86)/Arm GNU Toolchain arm-none-eabi/14.3 rel1/arm-none-eabi/include/c++/14.3.1/bits\stl_vector.h **** 	    typedef typename __gnu_cxx::__alloc_traits<_Tp_alloc_type>
 197:C:/Program Files (x86)/Arm GNU Toolchain arm-none-eabi/14.3 rel1/arm-none-eabi/include/c++/14.3.1/bits\stl_vector.h **** 	      ::size_type size_type;
 198:C:/Program Files (x86)/Arm GNU Toolchain arm-none-eabi/14.3 rel1/arm-none-eabi/include/c++/14.3.1/bits\stl_vector.h **** 
 199:C:/Program Files (x86)/Arm GNU Toolchain arm-none-eabi/14.3 rel1/arm-none-eabi/include/c++/14.3.1/bits\stl_vector.h **** 	    // Adjust ASan annotation for [_M_start, _M_end_of_storage) to
 200:C:/Program Files (x86)/Arm GNU Toolchain arm-none-eabi/14.3 rel1/arm-none-eabi/include/c++/14.3.1/bits\stl_vector.h **** 	    // mark end of valid region as __curr instead of __prev.
 201:C:/Program Files (x86)/Arm GNU Toolchain arm-none-eabi/14.3 rel1/arm-none-eabi/include/c++/14.3.1/bits\stl_vector.h **** 	    static _GLIBCXX20_CONSTEXPR void
 202:C:/Program Files (x86)/Arm GNU Toolchain arm-none-eabi/14.3 rel1/arm-none-eabi/include/c++/14.3.1/bits\stl_vector.h **** 	    _S_adjust(_Vector_impl& __impl, pointer __prev, pointer __curr)
 203:C:/Program Files (x86)/Arm GNU Toolchain arm-none-eabi/14.3 rel1/arm-none-eabi/include/c++/14.3.1/bits\stl_vector.h **** 	    {
 204:C:/Program Files (x86)/Arm GNU Toolchain arm-none-eabi/14.3 rel1/arm-none-eabi/include/c++/14.3.1/bits\stl_vector.h **** #if __cpp_lib_is_constant_evaluated
 205:C:/Program Files (x86)/Arm GNU Toolchain arm-none-eabi/14.3 rel1/arm-none-eabi/include/c++/14.3.1/bits\stl_vector.h **** 	      if (std::is_constant_evaluated())
 206:C:/Program Files (x86)/Arm GNU Toolchain arm-none-eabi/14.3 rel1/arm-none-eabi/include/c++/14.3.1/bits\stl_vector.h **** 		return;
 207:C:/Program Files (x86)/Arm GNU Toolchain arm-none-eabi/14.3 rel1/arm-none-eabi/include/c++/14.3.1/bits\stl_vector.h **** #endif
ARM GAS  C:\Users\Oliver\AppData\Local\Temp\ccukWDDi.s 			page 9


 208:C:/Program Files (x86)/Arm GNU Toolchain arm-none-eabi/14.3 rel1/arm-none-eabi/include/c++/14.3.1/bits\stl_vector.h **** 	      __sanitizer_annotate_contiguous_container(__impl._M_start,
 209:C:/Program Files (x86)/Arm GNU Toolchain arm-none-eabi/14.3 rel1/arm-none-eabi/include/c++/14.3.1/bits\stl_vector.h **** 		  __impl._M_end_of_storage, __prev, __curr);
 210:C:/Program Files (x86)/Arm GNU Toolchain arm-none-eabi/14.3 rel1/arm-none-eabi/include/c++/14.3.1/bits\stl_vector.h **** 	    }
 211:C:/Program Files (x86)/Arm GNU Toolchain arm-none-eabi/14.3 rel1/arm-none-eabi/include/c++/14.3.1/bits\stl_vector.h **** 
 212:C:/Program Files (x86)/Arm GNU Toolchain arm-none-eabi/14.3 rel1/arm-none-eabi/include/c++/14.3.1/bits\stl_vector.h **** 	    static _GLIBCXX20_CONSTEXPR void
 213:C:/Program Files (x86)/Arm GNU Toolchain arm-none-eabi/14.3 rel1/arm-none-eabi/include/c++/14.3.1/bits\stl_vector.h **** 	    _S_grow(_Vector_impl& __impl, size_type __n)
 214:C:/Program Files (x86)/Arm GNU Toolchain arm-none-eabi/14.3 rel1/arm-none-eabi/include/c++/14.3.1/bits\stl_vector.h **** 	    { _S_adjust(__impl, __impl._M_finish, __impl._M_finish + __n); }
 215:C:/Program Files (x86)/Arm GNU Toolchain arm-none-eabi/14.3 rel1/arm-none-eabi/include/c++/14.3.1/bits\stl_vector.h **** 
 216:C:/Program Files (x86)/Arm GNU Toolchain arm-none-eabi/14.3 rel1/arm-none-eabi/include/c++/14.3.1/bits\stl_vector.h **** 	    static _GLIBCXX20_CONSTEXPR void
 217:C:/Program Files (x86)/Arm GNU Toolchain arm-none-eabi/14.3 rel1/arm-none-eabi/include/c++/14.3.1/bits\stl_vector.h **** 	    _S_shrink(_Vector_impl& __impl, size_type __n)
 218:C:/Program Files (x86)/Arm GNU Toolchain arm-none-eabi/14.3 rel1/arm-none-eabi/include/c++/14.3.1/bits\stl_vector.h **** 	    { _S_adjust(__impl, __impl._M_finish + __n, __impl._M_finish); }
 219:C:/Program Files (x86)/Arm GNU Toolchain arm-none-eabi/14.3 rel1/arm-none-eabi/include/c++/14.3.1/bits\stl_vector.h **** 
 220:C:/Program Files (x86)/Arm GNU Toolchain arm-none-eabi/14.3 rel1/arm-none-eabi/include/c++/14.3.1/bits\stl_vector.h **** 	    static _GLIBCXX20_CONSTEXPR void
 221:C:/Program Files (x86)/Arm GNU Toolchain arm-none-eabi/14.3 rel1/arm-none-eabi/include/c++/14.3.1/bits\stl_vector.h **** 	    _S_on_dealloc(_Vector_impl& __impl)
 222:C:/Program Files (x86)/Arm GNU Toolchain arm-none-eabi/14.3 rel1/arm-none-eabi/include/c++/14.3.1/bits\stl_vector.h **** 	    {
 223:C:/Program Files (x86)/Arm GNU Toolchain arm-none-eabi/14.3 rel1/arm-none-eabi/include/c++/14.3.1/bits\stl_vector.h **** 	      if (__impl._M_start)
 224:C:/Program Files (x86)/Arm GNU Toolchain arm-none-eabi/14.3 rel1/arm-none-eabi/include/c++/14.3.1/bits\stl_vector.h **** 		_S_adjust(__impl, __impl._M_finish, __impl._M_end_of_storage);
 225:C:/Program Files (x86)/Arm GNU Toolchain arm-none-eabi/14.3 rel1/arm-none-eabi/include/c++/14.3.1/bits\stl_vector.h **** 	    }
 226:C:/Program Files (x86)/Arm GNU Toolchain arm-none-eabi/14.3 rel1/arm-none-eabi/include/c++/14.3.1/bits\stl_vector.h **** 
 227:C:/Program Files (x86)/Arm GNU Toolchain arm-none-eabi/14.3 rel1/arm-none-eabi/include/c++/14.3.1/bits\stl_vector.h **** 	    // Used on reallocation to tell ASan unused capacity is invalid.
 228:C:/Program Files (x86)/Arm GNU Toolchain arm-none-eabi/14.3 rel1/arm-none-eabi/include/c++/14.3.1/bits\stl_vector.h **** 	    struct _Reinit
 229:C:/Program Files (x86)/Arm GNU Toolchain arm-none-eabi/14.3 rel1/arm-none-eabi/include/c++/14.3.1/bits\stl_vector.h **** 	    {
 230:C:/Program Files (x86)/Arm GNU Toolchain arm-none-eabi/14.3 rel1/arm-none-eabi/include/c++/14.3.1/bits\stl_vector.h **** 	      explicit _GLIBCXX20_CONSTEXPR
 231:C:/Program Files (x86)/Arm GNU Toolchain arm-none-eabi/14.3 rel1/arm-none-eabi/include/c++/14.3.1/bits\stl_vector.h **** 	      _Reinit(_Vector_impl& __impl) : _M_impl(__impl)
 232:C:/Program Files (x86)/Arm GNU Toolchain arm-none-eabi/14.3 rel1/arm-none-eabi/include/c++/14.3.1/bits\stl_vector.h **** 	      {
 233:C:/Program Files (x86)/Arm GNU Toolchain arm-none-eabi/14.3 rel1/arm-none-eabi/include/c++/14.3.1/bits\stl_vector.h **** 		// Mark unused capacity as valid again before deallocating it.
 234:C:/Program Files (x86)/Arm GNU Toolchain arm-none-eabi/14.3 rel1/arm-none-eabi/include/c++/14.3.1/bits\stl_vector.h **** 		_S_on_dealloc(_M_impl);
 235:C:/Program Files (x86)/Arm GNU Toolchain arm-none-eabi/14.3 rel1/arm-none-eabi/include/c++/14.3.1/bits\stl_vector.h **** 	      }
 236:C:/Program Files (x86)/Arm GNU Toolchain arm-none-eabi/14.3 rel1/arm-none-eabi/include/c++/14.3.1/bits\stl_vector.h **** 
 237:C:/Program Files (x86)/Arm GNU Toolchain arm-none-eabi/14.3 rel1/arm-none-eabi/include/c++/14.3.1/bits\stl_vector.h **** 	      _GLIBCXX20_CONSTEXPR
 238:C:/Program Files (x86)/Arm GNU Toolchain arm-none-eabi/14.3 rel1/arm-none-eabi/include/c++/14.3.1/bits\stl_vector.h **** 	      ~_Reinit()
 239:C:/Program Files (x86)/Arm GNU Toolchain arm-none-eabi/14.3 rel1/arm-none-eabi/include/c++/14.3.1/bits\stl_vector.h **** 	      {
 240:C:/Program Files (x86)/Arm GNU Toolchain arm-none-eabi/14.3 rel1/arm-none-eabi/include/c++/14.3.1/bits\stl_vector.h **** 		// Mark unused capacity as invalid after reallocation.
 241:C:/Program Files (x86)/Arm GNU Toolchain arm-none-eabi/14.3 rel1/arm-none-eabi/include/c++/14.3.1/bits\stl_vector.h **** 		if (_M_impl._M_start)
 242:C:/Program Files (x86)/Arm GNU Toolchain arm-none-eabi/14.3 rel1/arm-none-eabi/include/c++/14.3.1/bits\stl_vector.h **** 		  _S_adjust(_M_impl, _M_impl._M_end_of_storage,
 243:C:/Program Files (x86)/Arm GNU Toolchain arm-none-eabi/14.3 rel1/arm-none-eabi/include/c++/14.3.1/bits\stl_vector.h **** 			    _M_impl._M_finish);
 244:C:/Program Files (x86)/Arm GNU Toolchain arm-none-eabi/14.3 rel1/arm-none-eabi/include/c++/14.3.1/bits\stl_vector.h **** 	      }
 245:C:/Program Files (x86)/Arm GNU Toolchain arm-none-eabi/14.3 rel1/arm-none-eabi/include/c++/14.3.1/bits\stl_vector.h **** 
 246:C:/Program Files (x86)/Arm GNU Toolchain arm-none-eabi/14.3 rel1/arm-none-eabi/include/c++/14.3.1/bits\stl_vector.h **** 	      _Vector_impl& _M_impl;
 247:C:/Program Files (x86)/Arm GNU Toolchain arm-none-eabi/14.3 rel1/arm-none-eabi/include/c++/14.3.1/bits\stl_vector.h **** 
 248:C:/Program Files (x86)/Arm GNU Toolchain arm-none-eabi/14.3 rel1/arm-none-eabi/include/c++/14.3.1/bits\stl_vector.h **** #if __cplusplus >= 201103L
 249:C:/Program Files (x86)/Arm GNU Toolchain arm-none-eabi/14.3 rel1/arm-none-eabi/include/c++/14.3.1/bits\stl_vector.h **** 	      _Reinit(const _Reinit&) = delete;
 250:C:/Program Files (x86)/Arm GNU Toolchain arm-none-eabi/14.3 rel1/arm-none-eabi/include/c++/14.3.1/bits\stl_vector.h **** 	      _Reinit& operator=(const _Reinit&) = delete;
 251:C:/Program Files (x86)/Arm GNU Toolchain arm-none-eabi/14.3 rel1/arm-none-eabi/include/c++/14.3.1/bits\stl_vector.h **** #endif
 252:C:/Program Files (x86)/Arm GNU Toolchain arm-none-eabi/14.3 rel1/arm-none-eabi/include/c++/14.3.1/bits\stl_vector.h **** 	    };
 253:C:/Program Files (x86)/Arm GNU Toolchain arm-none-eabi/14.3 rel1/arm-none-eabi/include/c++/14.3.1/bits\stl_vector.h **** 
 254:C:/Program Files (x86)/Arm GNU Toolchain arm-none-eabi/14.3 rel1/arm-none-eabi/include/c++/14.3.1/bits\stl_vector.h **** 	    // Tell ASan when unused capacity is initialized to be valid.
 255:C:/Program Files (x86)/Arm GNU Toolchain arm-none-eabi/14.3 rel1/arm-none-eabi/include/c++/14.3.1/bits\stl_vector.h **** 	    struct _Grow
 256:C:/Program Files (x86)/Arm GNU Toolchain arm-none-eabi/14.3 rel1/arm-none-eabi/include/c++/14.3.1/bits\stl_vector.h **** 	    {
 257:C:/Program Files (x86)/Arm GNU Toolchain arm-none-eabi/14.3 rel1/arm-none-eabi/include/c++/14.3.1/bits\stl_vector.h **** 	      _GLIBCXX20_CONSTEXPR
 258:C:/Program Files (x86)/Arm GNU Toolchain arm-none-eabi/14.3 rel1/arm-none-eabi/include/c++/14.3.1/bits\stl_vector.h **** 	      _Grow(_Vector_impl& __impl, size_type __n)
 259:C:/Program Files (x86)/Arm GNU Toolchain arm-none-eabi/14.3 rel1/arm-none-eabi/include/c++/14.3.1/bits\stl_vector.h **** 	      : _M_impl(__impl), _M_n(__n)
 260:C:/Program Files (x86)/Arm GNU Toolchain arm-none-eabi/14.3 rel1/arm-none-eabi/include/c++/14.3.1/bits\stl_vector.h **** 	      { _S_grow(_M_impl, __n); }
 261:C:/Program Files (x86)/Arm GNU Toolchain arm-none-eabi/14.3 rel1/arm-none-eabi/include/c++/14.3.1/bits\stl_vector.h **** 
 262:C:/Program Files (x86)/Arm GNU Toolchain arm-none-eabi/14.3 rel1/arm-none-eabi/include/c++/14.3.1/bits\stl_vector.h **** 	      _GLIBCXX20_CONSTEXPR
 263:C:/Program Files (x86)/Arm GNU Toolchain arm-none-eabi/14.3 rel1/arm-none-eabi/include/c++/14.3.1/bits\stl_vector.h **** 	      ~_Grow() { if (_M_n) _S_shrink(_M_impl, _M_n); }
 264:C:/Program Files (x86)/Arm GNU Toolchain arm-none-eabi/14.3 rel1/arm-none-eabi/include/c++/14.3.1/bits\stl_vector.h **** 
ARM GAS  C:\Users\Oliver\AppData\Local\Temp\ccukWDDi.s 			page 10


 265:C:/Program Files (x86)/Arm GNU Toolchain arm-none-eabi/14.3 rel1/arm-none-eabi/include/c++/14.3.1/bits\stl_vector.h **** 	      _GLIBCXX20_CONSTEXPR
 266:C:/Program Files (x86)/Arm GNU Toolchain arm-none-eabi/14.3 rel1/arm-none-eabi/include/c++/14.3.1/bits\stl_vector.h **** 	      void _M_grew(size_type __n) { _M_n -= __n; }
 267:C:/Program Files (x86)/Arm GNU Toolchain arm-none-eabi/14.3 rel1/arm-none-eabi/include/c++/14.3.1/bits\stl_vector.h **** 
 268:C:/Program Files (x86)/Arm GNU Toolchain arm-none-eabi/14.3 rel1/arm-none-eabi/include/c++/14.3.1/bits\stl_vector.h **** #if __cplusplus >= 201103L
 269:C:/Program Files (x86)/Arm GNU Toolchain arm-none-eabi/14.3 rel1/arm-none-eabi/include/c++/14.3.1/bits\stl_vector.h **** 	      _Grow(const _Grow&) = delete;
 270:C:/Program Files (x86)/Arm GNU Toolchain arm-none-eabi/14.3 rel1/arm-none-eabi/include/c++/14.3.1/bits\stl_vector.h **** 	      _Grow& operator=(const _Grow&) = delete;
 271:C:/Program Files (x86)/Arm GNU Toolchain arm-none-eabi/14.3 rel1/arm-none-eabi/include/c++/14.3.1/bits\stl_vector.h **** #endif
 272:C:/Program Files (x86)/Arm GNU Toolchain arm-none-eabi/14.3 rel1/arm-none-eabi/include/c++/14.3.1/bits\stl_vector.h **** 	    private:
 273:C:/Program Files (x86)/Arm GNU Toolchain arm-none-eabi/14.3 rel1/arm-none-eabi/include/c++/14.3.1/bits\stl_vector.h **** 	      _Vector_impl& _M_impl;
 274:C:/Program Files (x86)/Arm GNU Toolchain arm-none-eabi/14.3 rel1/arm-none-eabi/include/c++/14.3.1/bits\stl_vector.h **** 	      size_type _M_n;
 275:C:/Program Files (x86)/Arm GNU Toolchain arm-none-eabi/14.3 rel1/arm-none-eabi/include/c++/14.3.1/bits\stl_vector.h **** 	    };
 276:C:/Program Files (x86)/Arm GNU Toolchain arm-none-eabi/14.3 rel1/arm-none-eabi/include/c++/14.3.1/bits\stl_vector.h **** 	  };
 277:C:/Program Files (x86)/Arm GNU Toolchain arm-none-eabi/14.3 rel1/arm-none-eabi/include/c++/14.3.1/bits\stl_vector.h **** 
 278:C:/Program Files (x86)/Arm GNU Toolchain arm-none-eabi/14.3 rel1/arm-none-eabi/include/c++/14.3.1/bits\stl_vector.h **** #define _GLIBCXX_ASAN_ANNOTATE_REINIT \
 279:C:/Program Files (x86)/Arm GNU Toolchain arm-none-eabi/14.3 rel1/arm-none-eabi/include/c++/14.3.1/bits\stl_vector.h ****   typename _Base::_Vector_impl::template _Asan<>::_Reinit const \
 280:C:/Program Files (x86)/Arm GNU Toolchain arm-none-eabi/14.3 rel1/arm-none-eabi/include/c++/14.3.1/bits\stl_vector.h **** 	__attribute__((__unused__)) __reinit_guard(this->_M_impl)
 281:C:/Program Files (x86)/Arm GNU Toolchain arm-none-eabi/14.3 rel1/arm-none-eabi/include/c++/14.3.1/bits\stl_vector.h **** #define _GLIBCXX_ASAN_ANNOTATE_GROW(n) \
 282:C:/Program Files (x86)/Arm GNU Toolchain arm-none-eabi/14.3 rel1/arm-none-eabi/include/c++/14.3.1/bits\stl_vector.h ****   typename _Base::_Vector_impl::template _Asan<>::_Grow \
 283:C:/Program Files (x86)/Arm GNU Toolchain arm-none-eabi/14.3 rel1/arm-none-eabi/include/c++/14.3.1/bits\stl_vector.h **** 	__attribute__((__unused__)) __grow_guard(this->_M_impl, (n))
 284:C:/Program Files (x86)/Arm GNU Toolchain arm-none-eabi/14.3 rel1/arm-none-eabi/include/c++/14.3.1/bits\stl_vector.h **** #define _GLIBCXX_ASAN_ANNOTATE_GREW(n) __grow_guard._M_grew(n)
 285:C:/Program Files (x86)/Arm GNU Toolchain arm-none-eabi/14.3 rel1/arm-none-eabi/include/c++/14.3.1/bits\stl_vector.h **** #define _GLIBCXX_ASAN_ANNOTATE_SHRINK(n) \
 286:C:/Program Files (x86)/Arm GNU Toolchain arm-none-eabi/14.3 rel1/arm-none-eabi/include/c++/14.3.1/bits\stl_vector.h ****   _Base::_Vector_impl::template _Asan<>::_S_shrink(this->_M_impl, n)
 287:C:/Program Files (x86)/Arm GNU Toolchain arm-none-eabi/14.3 rel1/arm-none-eabi/include/c++/14.3.1/bits\stl_vector.h **** #define _GLIBCXX_ASAN_ANNOTATE_BEFORE_DEALLOC \
 288:C:/Program Files (x86)/Arm GNU Toolchain arm-none-eabi/14.3 rel1/arm-none-eabi/include/c++/14.3.1/bits\stl_vector.h ****   _Base::_Vector_impl::template _Asan<>::_S_on_dealloc(this->_M_impl)
 289:C:/Program Files (x86)/Arm GNU Toolchain arm-none-eabi/14.3 rel1/arm-none-eabi/include/c++/14.3.1/bits\stl_vector.h **** #else // ! (_GLIBCXX_SANITIZE_STD_ALLOCATOR && _GLIBCXX_SANITIZE_VECTOR)
 290:C:/Program Files (x86)/Arm GNU Toolchain arm-none-eabi/14.3 rel1/arm-none-eabi/include/c++/14.3.1/bits\stl_vector.h **** #define _GLIBCXX_ASAN_ANNOTATE_REINIT
 291:C:/Program Files (x86)/Arm GNU Toolchain arm-none-eabi/14.3 rel1/arm-none-eabi/include/c++/14.3.1/bits\stl_vector.h **** #define _GLIBCXX_ASAN_ANNOTATE_GROW(n)
 292:C:/Program Files (x86)/Arm GNU Toolchain arm-none-eabi/14.3 rel1/arm-none-eabi/include/c++/14.3.1/bits\stl_vector.h **** #define _GLIBCXX_ASAN_ANNOTATE_GREW(n)
 293:C:/Program Files (x86)/Arm GNU Toolchain arm-none-eabi/14.3 rel1/arm-none-eabi/include/c++/14.3.1/bits\stl_vector.h **** #define _GLIBCXX_ASAN_ANNOTATE_SHRINK(n)
 294:C:/Program Files (x86)/Arm GNU Toolchain arm-none-eabi/14.3 rel1/arm-none-eabi/include/c++/14.3.1/bits\stl_vector.h **** #define _GLIBCXX_ASAN_ANNOTATE_BEFORE_DEALLOC
 295:C:/Program Files (x86)/Arm GNU Toolchain arm-none-eabi/14.3 rel1/arm-none-eabi/include/c++/14.3.1/bits\stl_vector.h **** #endif // _GLIBCXX_SANITIZE_STD_ALLOCATOR && _GLIBCXX_SANITIZE_VECTOR
 296:C:/Program Files (x86)/Arm GNU Toolchain arm-none-eabi/14.3 rel1/arm-none-eabi/include/c++/14.3.1/bits\stl_vector.h ****       };
 297:C:/Program Files (x86)/Arm GNU Toolchain arm-none-eabi/14.3 rel1/arm-none-eabi/include/c++/14.3.1/bits\stl_vector.h **** 
 298:C:/Program Files (x86)/Arm GNU Toolchain arm-none-eabi/14.3 rel1/arm-none-eabi/include/c++/14.3.1/bits\stl_vector.h ****     public:
 299:C:/Program Files (x86)/Arm GNU Toolchain arm-none-eabi/14.3 rel1/arm-none-eabi/include/c++/14.3.1/bits\stl_vector.h ****       typedef _Alloc allocator_type;
 300:C:/Program Files (x86)/Arm GNU Toolchain arm-none-eabi/14.3 rel1/arm-none-eabi/include/c++/14.3.1/bits\stl_vector.h **** 
 301:C:/Program Files (x86)/Arm GNU Toolchain arm-none-eabi/14.3 rel1/arm-none-eabi/include/c++/14.3.1/bits\stl_vector.h ****       _GLIBCXX20_CONSTEXPR
 302:C:/Program Files (x86)/Arm GNU Toolchain arm-none-eabi/14.3 rel1/arm-none-eabi/include/c++/14.3.1/bits\stl_vector.h ****       _Tp_alloc_type&
 303:C:/Program Files (x86)/Arm GNU Toolchain arm-none-eabi/14.3 rel1/arm-none-eabi/include/c++/14.3.1/bits\stl_vector.h ****       _M_get_Tp_allocator() _GLIBCXX_NOEXCEPT
 304:C:/Program Files (x86)/Arm GNU Toolchain arm-none-eabi/14.3 rel1/arm-none-eabi/include/c++/14.3.1/bits\stl_vector.h ****       { return this->_M_impl; }
 305:C:/Program Files (x86)/Arm GNU Toolchain arm-none-eabi/14.3 rel1/arm-none-eabi/include/c++/14.3.1/bits\stl_vector.h **** 
 306:C:/Program Files (x86)/Arm GNU Toolchain arm-none-eabi/14.3 rel1/arm-none-eabi/include/c++/14.3.1/bits\stl_vector.h ****       _GLIBCXX20_CONSTEXPR
 307:C:/Program Files (x86)/Arm GNU Toolchain arm-none-eabi/14.3 rel1/arm-none-eabi/include/c++/14.3.1/bits\stl_vector.h ****       const _Tp_alloc_type&
 308:C:/Program Files (x86)/Arm GNU Toolchain arm-none-eabi/14.3 rel1/arm-none-eabi/include/c++/14.3.1/bits\stl_vector.h ****       _M_get_Tp_allocator() const _GLIBCXX_NOEXCEPT
 309:C:/Program Files (x86)/Arm GNU Toolchain arm-none-eabi/14.3 rel1/arm-none-eabi/include/c++/14.3.1/bits\stl_vector.h ****       { return this->_M_impl; }
 310:C:/Program Files (x86)/Arm GNU Toolchain arm-none-eabi/14.3 rel1/arm-none-eabi/include/c++/14.3.1/bits\stl_vector.h **** 
 311:C:/Program Files (x86)/Arm GNU Toolchain arm-none-eabi/14.3 rel1/arm-none-eabi/include/c++/14.3.1/bits\stl_vector.h ****       _GLIBCXX20_CONSTEXPR
 312:C:/Program Files (x86)/Arm GNU Toolchain arm-none-eabi/14.3 rel1/arm-none-eabi/include/c++/14.3.1/bits\stl_vector.h ****       allocator_type
 313:C:/Program Files (x86)/Arm GNU Toolchain arm-none-eabi/14.3 rel1/arm-none-eabi/include/c++/14.3.1/bits\stl_vector.h ****       get_allocator() const _GLIBCXX_NOEXCEPT
 314:C:/Program Files (x86)/Arm GNU Toolchain arm-none-eabi/14.3 rel1/arm-none-eabi/include/c++/14.3.1/bits\stl_vector.h ****       { return allocator_type(_M_get_Tp_allocator()); }
 315:C:/Program Files (x86)/Arm GNU Toolchain arm-none-eabi/14.3 rel1/arm-none-eabi/include/c++/14.3.1/bits\stl_vector.h **** 
 316:C:/Program Files (x86)/Arm GNU Toolchain arm-none-eabi/14.3 rel1/arm-none-eabi/include/c++/14.3.1/bits\stl_vector.h **** #if __cplusplus >= 201103L
 317:C:/Program Files (x86)/Arm GNU Toolchain arm-none-eabi/14.3 rel1/arm-none-eabi/include/c++/14.3.1/bits\stl_vector.h ****       _Vector_base() = default;
 318:C:/Program Files (x86)/Arm GNU Toolchain arm-none-eabi/14.3 rel1/arm-none-eabi/include/c++/14.3.1/bits\stl_vector.h **** #else
 319:C:/Program Files (x86)/Arm GNU Toolchain arm-none-eabi/14.3 rel1/arm-none-eabi/include/c++/14.3.1/bits\stl_vector.h ****       _Vector_base() { }
 320:C:/Program Files (x86)/Arm GNU Toolchain arm-none-eabi/14.3 rel1/arm-none-eabi/include/c++/14.3.1/bits\stl_vector.h **** #endif
 321:C:/Program Files (x86)/Arm GNU Toolchain arm-none-eabi/14.3 rel1/arm-none-eabi/include/c++/14.3.1/bits\stl_vector.h **** 
ARM GAS  C:\Users\Oliver\AppData\Local\Temp\ccukWDDi.s 			page 11


 322:C:/Program Files (x86)/Arm GNU Toolchain arm-none-eabi/14.3 rel1/arm-none-eabi/include/c++/14.3.1/bits\stl_vector.h ****       _GLIBCXX20_CONSTEXPR
 323:C:/Program Files (x86)/Arm GNU Toolchain arm-none-eabi/14.3 rel1/arm-none-eabi/include/c++/14.3.1/bits\stl_vector.h ****       _Vector_base(const allocator_type& __a) _GLIBCXX_NOEXCEPT
 324:C:/Program Files (x86)/Arm GNU Toolchain arm-none-eabi/14.3 rel1/arm-none-eabi/include/c++/14.3.1/bits\stl_vector.h ****       : _M_impl(__a) { }
 325:C:/Program Files (x86)/Arm GNU Toolchain arm-none-eabi/14.3 rel1/arm-none-eabi/include/c++/14.3.1/bits\stl_vector.h **** 
 326:C:/Program Files (x86)/Arm GNU Toolchain arm-none-eabi/14.3 rel1/arm-none-eabi/include/c++/14.3.1/bits\stl_vector.h ****       // Kept for ABI compatibility.
 327:C:/Program Files (x86)/Arm GNU Toolchain arm-none-eabi/14.3 rel1/arm-none-eabi/include/c++/14.3.1/bits\stl_vector.h **** #if !_GLIBCXX_INLINE_VERSION
 328:C:/Program Files (x86)/Arm GNU Toolchain arm-none-eabi/14.3 rel1/arm-none-eabi/include/c++/14.3.1/bits\stl_vector.h ****       _GLIBCXX20_CONSTEXPR
 329:C:/Program Files (x86)/Arm GNU Toolchain arm-none-eabi/14.3 rel1/arm-none-eabi/include/c++/14.3.1/bits\stl_vector.h ****       _Vector_base(size_t __n)
 330:C:/Program Files (x86)/Arm GNU Toolchain arm-none-eabi/14.3 rel1/arm-none-eabi/include/c++/14.3.1/bits\stl_vector.h ****       : _M_impl()
 331:C:/Program Files (x86)/Arm GNU Toolchain arm-none-eabi/14.3 rel1/arm-none-eabi/include/c++/14.3.1/bits\stl_vector.h ****       { _M_create_storage(__n); }
 332:C:/Program Files (x86)/Arm GNU Toolchain arm-none-eabi/14.3 rel1/arm-none-eabi/include/c++/14.3.1/bits\stl_vector.h **** #endif
 333:C:/Program Files (x86)/Arm GNU Toolchain arm-none-eabi/14.3 rel1/arm-none-eabi/include/c++/14.3.1/bits\stl_vector.h **** 
 334:C:/Program Files (x86)/Arm GNU Toolchain arm-none-eabi/14.3 rel1/arm-none-eabi/include/c++/14.3.1/bits\stl_vector.h ****       _GLIBCXX20_CONSTEXPR
 335:C:/Program Files (x86)/Arm GNU Toolchain arm-none-eabi/14.3 rel1/arm-none-eabi/include/c++/14.3.1/bits\stl_vector.h ****       _Vector_base(size_t __n, const allocator_type& __a)
 336:C:/Program Files (x86)/Arm GNU Toolchain arm-none-eabi/14.3 rel1/arm-none-eabi/include/c++/14.3.1/bits\stl_vector.h ****       : _M_impl(__a)
 337:C:/Program Files (x86)/Arm GNU Toolchain arm-none-eabi/14.3 rel1/arm-none-eabi/include/c++/14.3.1/bits\stl_vector.h ****       { _M_create_storage(__n); }
 338:C:/Program Files (x86)/Arm GNU Toolchain arm-none-eabi/14.3 rel1/arm-none-eabi/include/c++/14.3.1/bits\stl_vector.h **** 
 339:C:/Program Files (x86)/Arm GNU Toolchain arm-none-eabi/14.3 rel1/arm-none-eabi/include/c++/14.3.1/bits\stl_vector.h **** #if __cplusplus >= 201103L
 340:C:/Program Files (x86)/Arm GNU Toolchain arm-none-eabi/14.3 rel1/arm-none-eabi/include/c++/14.3.1/bits\stl_vector.h ****       _Vector_base(_Vector_base&&) = default;
 341:C:/Program Files (x86)/Arm GNU Toolchain arm-none-eabi/14.3 rel1/arm-none-eabi/include/c++/14.3.1/bits\stl_vector.h **** 
 342:C:/Program Files (x86)/Arm GNU Toolchain arm-none-eabi/14.3 rel1/arm-none-eabi/include/c++/14.3.1/bits\stl_vector.h ****       // Kept for ABI compatibility.
 343:C:/Program Files (x86)/Arm GNU Toolchain arm-none-eabi/14.3 rel1/arm-none-eabi/include/c++/14.3.1/bits\stl_vector.h **** # if !_GLIBCXX_INLINE_VERSION
 344:C:/Program Files (x86)/Arm GNU Toolchain arm-none-eabi/14.3 rel1/arm-none-eabi/include/c++/14.3.1/bits\stl_vector.h ****       _GLIBCXX20_CONSTEXPR
 345:C:/Program Files (x86)/Arm GNU Toolchain arm-none-eabi/14.3 rel1/arm-none-eabi/include/c++/14.3.1/bits\stl_vector.h ****       _Vector_base(_Tp_alloc_type&& __a) noexcept
 346:C:/Program Files (x86)/Arm GNU Toolchain arm-none-eabi/14.3 rel1/arm-none-eabi/include/c++/14.3.1/bits\stl_vector.h ****       : _M_impl(std::move(__a)) { }
 347:C:/Program Files (x86)/Arm GNU Toolchain arm-none-eabi/14.3 rel1/arm-none-eabi/include/c++/14.3.1/bits\stl_vector.h **** 
 348:C:/Program Files (x86)/Arm GNU Toolchain arm-none-eabi/14.3 rel1/arm-none-eabi/include/c++/14.3.1/bits\stl_vector.h ****       _GLIBCXX20_CONSTEXPR
 349:C:/Program Files (x86)/Arm GNU Toolchain arm-none-eabi/14.3 rel1/arm-none-eabi/include/c++/14.3.1/bits\stl_vector.h ****       _Vector_base(_Vector_base&& __x, const allocator_type& __a)
 350:C:/Program Files (x86)/Arm GNU Toolchain arm-none-eabi/14.3 rel1/arm-none-eabi/include/c++/14.3.1/bits\stl_vector.h ****       : _M_impl(__a)
 351:C:/Program Files (x86)/Arm GNU Toolchain arm-none-eabi/14.3 rel1/arm-none-eabi/include/c++/14.3.1/bits\stl_vector.h ****       {
 352:C:/Program Files (x86)/Arm GNU Toolchain arm-none-eabi/14.3 rel1/arm-none-eabi/include/c++/14.3.1/bits\stl_vector.h **** 	if (__x.get_allocator() == __a)
 353:C:/Program Files (x86)/Arm GNU Toolchain arm-none-eabi/14.3 rel1/arm-none-eabi/include/c++/14.3.1/bits\stl_vector.h **** 	  this->_M_impl._M_swap_data(__x._M_impl);
 354:C:/Program Files (x86)/Arm GNU Toolchain arm-none-eabi/14.3 rel1/arm-none-eabi/include/c++/14.3.1/bits\stl_vector.h **** 	else
 355:C:/Program Files (x86)/Arm GNU Toolchain arm-none-eabi/14.3 rel1/arm-none-eabi/include/c++/14.3.1/bits\stl_vector.h **** 	  {
 356:C:/Program Files (x86)/Arm GNU Toolchain arm-none-eabi/14.3 rel1/arm-none-eabi/include/c++/14.3.1/bits\stl_vector.h **** 	    size_t __n = __x._M_impl._M_finish - __x._M_impl._M_start;
 357:C:/Program Files (x86)/Arm GNU Toolchain arm-none-eabi/14.3 rel1/arm-none-eabi/include/c++/14.3.1/bits\stl_vector.h **** 	    _M_create_storage(__n);
 358:C:/Program Files (x86)/Arm GNU Toolchain arm-none-eabi/14.3 rel1/arm-none-eabi/include/c++/14.3.1/bits\stl_vector.h **** 	  }
 359:C:/Program Files (x86)/Arm GNU Toolchain arm-none-eabi/14.3 rel1/arm-none-eabi/include/c++/14.3.1/bits\stl_vector.h ****       }
 360:C:/Program Files (x86)/Arm GNU Toolchain arm-none-eabi/14.3 rel1/arm-none-eabi/include/c++/14.3.1/bits\stl_vector.h **** # endif
 361:C:/Program Files (x86)/Arm GNU Toolchain arm-none-eabi/14.3 rel1/arm-none-eabi/include/c++/14.3.1/bits\stl_vector.h **** 
 362:C:/Program Files (x86)/Arm GNU Toolchain arm-none-eabi/14.3 rel1/arm-none-eabi/include/c++/14.3.1/bits\stl_vector.h ****       _GLIBCXX20_CONSTEXPR
 363:C:/Program Files (x86)/Arm GNU Toolchain arm-none-eabi/14.3 rel1/arm-none-eabi/include/c++/14.3.1/bits\stl_vector.h ****       _Vector_base(const allocator_type& __a, _Vector_base&& __x)
 364:C:/Program Files (x86)/Arm GNU Toolchain arm-none-eabi/14.3 rel1/arm-none-eabi/include/c++/14.3.1/bits\stl_vector.h ****       : _M_impl(_Tp_alloc_type(__a), std::move(__x._M_impl))
 365:C:/Program Files (x86)/Arm GNU Toolchain arm-none-eabi/14.3 rel1/arm-none-eabi/include/c++/14.3.1/bits\stl_vector.h ****       { }
 366:C:/Program Files (x86)/Arm GNU Toolchain arm-none-eabi/14.3 rel1/arm-none-eabi/include/c++/14.3.1/bits\stl_vector.h **** #endif
 367:C:/Program Files (x86)/Arm GNU Toolchain arm-none-eabi/14.3 rel1/arm-none-eabi/include/c++/14.3.1/bits\stl_vector.h **** 
 368:C:/Program Files (x86)/Arm GNU Toolchain arm-none-eabi/14.3 rel1/arm-none-eabi/include/c++/14.3.1/bits\stl_vector.h ****       _GLIBCXX20_CONSTEXPR
 369:C:/Program Files (x86)/Arm GNU Toolchain arm-none-eabi/14.3 rel1/arm-none-eabi/include/c++/14.3.1/bits\stl_vector.h ****       ~_Vector_base() _GLIBCXX_NOEXCEPT
 370:C:/Program Files (x86)/Arm GNU Toolchain arm-none-eabi/14.3 rel1/arm-none-eabi/include/c++/14.3.1/bits\stl_vector.h ****       {
 371:C:/Program Files (x86)/Arm GNU Toolchain arm-none-eabi/14.3 rel1/arm-none-eabi/include/c++/14.3.1/bits\stl_vector.h **** 	_M_deallocate(_M_impl._M_start,
 372:C:/Program Files (x86)/Arm GNU Toolchain arm-none-eabi/14.3 rel1/arm-none-eabi/include/c++/14.3.1/bits\stl_vector.h **** 		      _M_impl._M_end_of_storage - _M_impl._M_start);
 373:C:/Program Files (x86)/Arm GNU Toolchain arm-none-eabi/14.3 rel1/arm-none-eabi/include/c++/14.3.1/bits\stl_vector.h ****       }
 374:C:/Program Files (x86)/Arm GNU Toolchain arm-none-eabi/14.3 rel1/arm-none-eabi/include/c++/14.3.1/bits\stl_vector.h **** 
 375:C:/Program Files (x86)/Arm GNU Toolchain arm-none-eabi/14.3 rel1/arm-none-eabi/include/c++/14.3.1/bits\stl_vector.h ****     public:
 376:C:/Program Files (x86)/Arm GNU Toolchain arm-none-eabi/14.3 rel1/arm-none-eabi/include/c++/14.3.1/bits\stl_vector.h ****       _Vector_impl _M_impl;
 377:C:/Program Files (x86)/Arm GNU Toolchain arm-none-eabi/14.3 rel1/arm-none-eabi/include/c++/14.3.1/bits\stl_vector.h **** 
 378:C:/Program Files (x86)/Arm GNU Toolchain arm-none-eabi/14.3 rel1/arm-none-eabi/include/c++/14.3.1/bits\stl_vector.h ****       _GLIBCXX20_CONSTEXPR
ARM GAS  C:\Users\Oliver\AppData\Local\Temp\ccukWDDi.s 			page 12


 379:C:/Program Files (x86)/Arm GNU Toolchain arm-none-eabi/14.3 rel1/arm-none-eabi/include/c++/14.3.1/bits\stl_vector.h ****       pointer
 380:C:/Program Files (x86)/Arm GNU Toolchain arm-none-eabi/14.3 rel1/arm-none-eabi/include/c++/14.3.1/bits\stl_vector.h ****       _M_allocate(size_t __n)
 381:C:/Program Files (x86)/Arm GNU Toolchain arm-none-eabi/14.3 rel1/arm-none-eabi/include/c++/14.3.1/bits\stl_vector.h ****       {
 382:C:/Program Files (x86)/Arm GNU Toolchain arm-none-eabi/14.3 rel1/arm-none-eabi/include/c++/14.3.1/bits\stl_vector.h **** 	typedef __gnu_cxx::__alloc_traits<_Tp_alloc_type> _Tr;
 383:C:/Program Files (x86)/Arm GNU Toolchain arm-none-eabi/14.3 rel1/arm-none-eabi/include/c++/14.3.1/bits\stl_vector.h **** 	return __n != 0 ? _Tr::allocate(_M_impl, __n) : pointer();
 384:C:/Program Files (x86)/Arm GNU Toolchain arm-none-eabi/14.3 rel1/arm-none-eabi/include/c++/14.3.1/bits\stl_vector.h ****       }
 385:C:/Program Files (x86)/Arm GNU Toolchain arm-none-eabi/14.3 rel1/arm-none-eabi/include/c++/14.3.1/bits\stl_vector.h **** 
 386:C:/Program Files (x86)/Arm GNU Toolchain arm-none-eabi/14.3 rel1/arm-none-eabi/include/c++/14.3.1/bits\stl_vector.h ****       _GLIBCXX20_CONSTEXPR
 387:C:/Program Files (x86)/Arm GNU Toolchain arm-none-eabi/14.3 rel1/arm-none-eabi/include/c++/14.3.1/bits\stl_vector.h ****       void
 388:C:/Program Files (x86)/Arm GNU Toolchain arm-none-eabi/14.3 rel1/arm-none-eabi/include/c++/14.3.1/bits\stl_vector.h ****       _M_deallocate(pointer __p, size_t __n)
 389:C:/Program Files (x86)/Arm GNU Toolchain arm-none-eabi/14.3 rel1/arm-none-eabi/include/c++/14.3.1/bits\stl_vector.h ****       {
 390:C:/Program Files (x86)/Arm GNU Toolchain arm-none-eabi/14.3 rel1/arm-none-eabi/include/c++/14.3.1/bits\stl_vector.h **** 	typedef __gnu_cxx::__alloc_traits<_Tp_alloc_type> _Tr;
 391:C:/Program Files (x86)/Arm GNU Toolchain arm-none-eabi/14.3 rel1/arm-none-eabi/include/c++/14.3.1/bits\stl_vector.h **** 	if (__p)
 392:C:/Program Files (x86)/Arm GNU Toolchain arm-none-eabi/14.3 rel1/arm-none-eabi/include/c++/14.3.1/bits\stl_vector.h **** 	  _Tr::deallocate(_M_impl, __p, __n);
 393:C:/Program Files (x86)/Arm GNU Toolchain arm-none-eabi/14.3 rel1/arm-none-eabi/include/c++/14.3.1/bits\stl_vector.h ****       }
 394:C:/Program Files (x86)/Arm GNU Toolchain arm-none-eabi/14.3 rel1/arm-none-eabi/include/c++/14.3.1/bits\stl_vector.h **** 
 395:C:/Program Files (x86)/Arm GNU Toolchain arm-none-eabi/14.3 rel1/arm-none-eabi/include/c++/14.3.1/bits\stl_vector.h ****     protected:
 396:C:/Program Files (x86)/Arm GNU Toolchain arm-none-eabi/14.3 rel1/arm-none-eabi/include/c++/14.3.1/bits\stl_vector.h **** 
 397:C:/Program Files (x86)/Arm GNU Toolchain arm-none-eabi/14.3 rel1/arm-none-eabi/include/c++/14.3.1/bits\stl_vector.h ****       _GLIBCXX20_CONSTEXPR
 398:C:/Program Files (x86)/Arm GNU Toolchain arm-none-eabi/14.3 rel1/arm-none-eabi/include/c++/14.3.1/bits\stl_vector.h ****       void
 399:C:/Program Files (x86)/Arm GNU Toolchain arm-none-eabi/14.3 rel1/arm-none-eabi/include/c++/14.3.1/bits\stl_vector.h ****       _M_create_storage(size_t __n)
 400:C:/Program Files (x86)/Arm GNU Toolchain arm-none-eabi/14.3 rel1/arm-none-eabi/include/c++/14.3.1/bits\stl_vector.h ****       {
 401:C:/Program Files (x86)/Arm GNU Toolchain arm-none-eabi/14.3 rel1/arm-none-eabi/include/c++/14.3.1/bits\stl_vector.h **** 	this->_M_impl._M_start = this->_M_allocate(__n);
 402:C:/Program Files (x86)/Arm GNU Toolchain arm-none-eabi/14.3 rel1/arm-none-eabi/include/c++/14.3.1/bits\stl_vector.h **** 	this->_M_impl._M_finish = this->_M_impl._M_start;
 403:C:/Program Files (x86)/Arm GNU Toolchain arm-none-eabi/14.3 rel1/arm-none-eabi/include/c++/14.3.1/bits\stl_vector.h **** 	this->_M_impl._M_end_of_storage = this->_M_impl._M_start + __n;
 404:C:/Program Files (x86)/Arm GNU Toolchain arm-none-eabi/14.3 rel1/arm-none-eabi/include/c++/14.3.1/bits\stl_vector.h ****       }
 405:C:/Program Files (x86)/Arm GNU Toolchain arm-none-eabi/14.3 rel1/arm-none-eabi/include/c++/14.3.1/bits\stl_vector.h ****     };
 406:C:/Program Files (x86)/Arm GNU Toolchain arm-none-eabi/14.3 rel1/arm-none-eabi/include/c++/14.3.1/bits\stl_vector.h **** 
 407:C:/Program Files (x86)/Arm GNU Toolchain arm-none-eabi/14.3 rel1/arm-none-eabi/include/c++/14.3.1/bits\stl_vector.h ****   /**
 408:C:/Program Files (x86)/Arm GNU Toolchain arm-none-eabi/14.3 rel1/arm-none-eabi/include/c++/14.3.1/bits\stl_vector.h ****    *  @brief A standard container which offers fixed time access to
 409:C:/Program Files (x86)/Arm GNU Toolchain arm-none-eabi/14.3 rel1/arm-none-eabi/include/c++/14.3.1/bits\stl_vector.h ****    *  individual elements in any order.
 410:C:/Program Files (x86)/Arm GNU Toolchain arm-none-eabi/14.3 rel1/arm-none-eabi/include/c++/14.3.1/bits\stl_vector.h ****    *
 411:C:/Program Files (x86)/Arm GNU Toolchain arm-none-eabi/14.3 rel1/arm-none-eabi/include/c++/14.3.1/bits\stl_vector.h ****    *  @ingroup sequences
 412:C:/Program Files (x86)/Arm GNU Toolchain arm-none-eabi/14.3 rel1/arm-none-eabi/include/c++/14.3.1/bits\stl_vector.h ****    *  @headerfile vector
 413:C:/Program Files (x86)/Arm GNU Toolchain arm-none-eabi/14.3 rel1/arm-none-eabi/include/c++/14.3.1/bits\stl_vector.h ****    *  @since C++98
 414:C:/Program Files (x86)/Arm GNU Toolchain arm-none-eabi/14.3 rel1/arm-none-eabi/include/c++/14.3.1/bits\stl_vector.h ****    *
 415:C:/Program Files (x86)/Arm GNU Toolchain arm-none-eabi/14.3 rel1/arm-none-eabi/include/c++/14.3.1/bits\stl_vector.h ****    *  @tparam _Tp  Type of element.
 416:C:/Program Files (x86)/Arm GNU Toolchain arm-none-eabi/14.3 rel1/arm-none-eabi/include/c++/14.3.1/bits\stl_vector.h ****    *  @tparam _Alloc  Allocator type, defaults to allocator<_Tp>.
 417:C:/Program Files (x86)/Arm GNU Toolchain arm-none-eabi/14.3 rel1/arm-none-eabi/include/c++/14.3.1/bits\stl_vector.h ****    *
 418:C:/Program Files (x86)/Arm GNU Toolchain arm-none-eabi/14.3 rel1/arm-none-eabi/include/c++/14.3.1/bits\stl_vector.h ****    *  Meets the requirements of a <a href="tables.html#65">container</a>, a
 419:C:/Program Files (x86)/Arm GNU Toolchain arm-none-eabi/14.3 rel1/arm-none-eabi/include/c++/14.3.1/bits\stl_vector.h ****    *  <a href="tables.html#66">reversible container</a>, and a
 420:C:/Program Files (x86)/Arm GNU Toolchain arm-none-eabi/14.3 rel1/arm-none-eabi/include/c++/14.3.1/bits\stl_vector.h ****    *  <a href="tables.html#67">sequence</a>, including the
 421:C:/Program Files (x86)/Arm GNU Toolchain arm-none-eabi/14.3 rel1/arm-none-eabi/include/c++/14.3.1/bits\stl_vector.h ****    *  <a href="tables.html#68">optional sequence requirements</a> with the
 422:C:/Program Files (x86)/Arm GNU Toolchain arm-none-eabi/14.3 rel1/arm-none-eabi/include/c++/14.3.1/bits\stl_vector.h ****    *  %exception of @c push_front and @c pop_front.
 423:C:/Program Files (x86)/Arm GNU Toolchain arm-none-eabi/14.3 rel1/arm-none-eabi/include/c++/14.3.1/bits\stl_vector.h ****    *
 424:C:/Program Files (x86)/Arm GNU Toolchain arm-none-eabi/14.3 rel1/arm-none-eabi/include/c++/14.3.1/bits\stl_vector.h ****    *  In some terminology a %vector can be described as a dynamic
 425:C:/Program Files (x86)/Arm GNU Toolchain arm-none-eabi/14.3 rel1/arm-none-eabi/include/c++/14.3.1/bits\stl_vector.h ****    *  C-style array, it offers fast and efficient access to individual
 426:C:/Program Files (x86)/Arm GNU Toolchain arm-none-eabi/14.3 rel1/arm-none-eabi/include/c++/14.3.1/bits\stl_vector.h ****    *  elements in any order and saves the user from worrying about
 427:C:/Program Files (x86)/Arm GNU Toolchain arm-none-eabi/14.3 rel1/arm-none-eabi/include/c++/14.3.1/bits\stl_vector.h ****    *  memory and size allocation.  Subscripting ( @c [] ) access is
 428:C:/Program Files (x86)/Arm GNU Toolchain arm-none-eabi/14.3 rel1/arm-none-eabi/include/c++/14.3.1/bits\stl_vector.h ****    *  also provided as with C-style arrays.
 429:C:/Program Files (x86)/Arm GNU Toolchain arm-none-eabi/14.3 rel1/arm-none-eabi/include/c++/14.3.1/bits\stl_vector.h ****   */
 430:C:/Program Files (x86)/Arm GNU Toolchain arm-none-eabi/14.3 rel1/arm-none-eabi/include/c++/14.3.1/bits\stl_vector.h ****   template<typename _Tp, typename _Alloc = std::allocator<_Tp> >
 431:C:/Program Files (x86)/Arm GNU Toolchain arm-none-eabi/14.3 rel1/arm-none-eabi/include/c++/14.3.1/bits\stl_vector.h ****     class vector : protected _Vector_base<_Tp, _Alloc>
 432:C:/Program Files (x86)/Arm GNU Toolchain arm-none-eabi/14.3 rel1/arm-none-eabi/include/c++/14.3.1/bits\stl_vector.h ****     {
 433:C:/Program Files (x86)/Arm GNU Toolchain arm-none-eabi/14.3 rel1/arm-none-eabi/include/c++/14.3.1/bits\stl_vector.h **** #ifdef _GLIBCXX_CONCEPT_CHECKS
 434:C:/Program Files (x86)/Arm GNU Toolchain arm-none-eabi/14.3 rel1/arm-none-eabi/include/c++/14.3.1/bits\stl_vector.h ****       // Concept requirements.
 435:C:/Program Files (x86)/Arm GNU Toolchain arm-none-eabi/14.3 rel1/arm-none-eabi/include/c++/14.3.1/bits\stl_vector.h ****       typedef typename _Alloc::value_type		_Alloc_value_type;
ARM GAS  C:\Users\Oliver\AppData\Local\Temp\ccukWDDi.s 			page 13


 436:C:/Program Files (x86)/Arm GNU Toolchain arm-none-eabi/14.3 rel1/arm-none-eabi/include/c++/14.3.1/bits\stl_vector.h **** # if __cplusplus < 201103L
 437:C:/Program Files (x86)/Arm GNU Toolchain arm-none-eabi/14.3 rel1/arm-none-eabi/include/c++/14.3.1/bits\stl_vector.h ****       __glibcxx_class_requires(_Tp, _SGIAssignableConcept)
 438:C:/Program Files (x86)/Arm GNU Toolchain arm-none-eabi/14.3 rel1/arm-none-eabi/include/c++/14.3.1/bits\stl_vector.h **** # endif
 439:C:/Program Files (x86)/Arm GNU Toolchain arm-none-eabi/14.3 rel1/arm-none-eabi/include/c++/14.3.1/bits\stl_vector.h ****       __glibcxx_class_requires2(_Tp, _Alloc_value_type, _SameTypeConcept)
 440:C:/Program Files (x86)/Arm GNU Toolchain arm-none-eabi/14.3 rel1/arm-none-eabi/include/c++/14.3.1/bits\stl_vector.h **** #endif
 441:C:/Program Files (x86)/Arm GNU Toolchain arm-none-eabi/14.3 rel1/arm-none-eabi/include/c++/14.3.1/bits\stl_vector.h **** 
 442:C:/Program Files (x86)/Arm GNU Toolchain arm-none-eabi/14.3 rel1/arm-none-eabi/include/c++/14.3.1/bits\stl_vector.h **** #if __cplusplus >= 201103L
 443:C:/Program Files (x86)/Arm GNU Toolchain arm-none-eabi/14.3 rel1/arm-none-eabi/include/c++/14.3.1/bits\stl_vector.h ****       static_assert(is_same<typename remove_cv<_Tp>::type, _Tp>::value,
 444:C:/Program Files (x86)/Arm GNU Toolchain arm-none-eabi/14.3 rel1/arm-none-eabi/include/c++/14.3.1/bits\stl_vector.h **** 	  "std::vector must have a non-const, non-volatile value_type");
 445:C:/Program Files (x86)/Arm GNU Toolchain arm-none-eabi/14.3 rel1/arm-none-eabi/include/c++/14.3.1/bits\stl_vector.h **** # if __cplusplus > 201703L || defined __STRICT_ANSI__
 446:C:/Program Files (x86)/Arm GNU Toolchain arm-none-eabi/14.3 rel1/arm-none-eabi/include/c++/14.3.1/bits\stl_vector.h ****       static_assert(is_same<typename _Alloc::value_type, _Tp>::value,
 447:C:/Program Files (x86)/Arm GNU Toolchain arm-none-eabi/14.3 rel1/arm-none-eabi/include/c++/14.3.1/bits\stl_vector.h **** 	  "std::vector must have the same value_type as its allocator");
 448:C:/Program Files (x86)/Arm GNU Toolchain arm-none-eabi/14.3 rel1/arm-none-eabi/include/c++/14.3.1/bits\stl_vector.h **** # endif
 449:C:/Program Files (x86)/Arm GNU Toolchain arm-none-eabi/14.3 rel1/arm-none-eabi/include/c++/14.3.1/bits\stl_vector.h **** #endif
 450:C:/Program Files (x86)/Arm GNU Toolchain arm-none-eabi/14.3 rel1/arm-none-eabi/include/c++/14.3.1/bits\stl_vector.h **** 
 451:C:/Program Files (x86)/Arm GNU Toolchain arm-none-eabi/14.3 rel1/arm-none-eabi/include/c++/14.3.1/bits\stl_vector.h ****       typedef _Vector_base<_Tp, _Alloc>			_Base;
 452:C:/Program Files (x86)/Arm GNU Toolchain arm-none-eabi/14.3 rel1/arm-none-eabi/include/c++/14.3.1/bits\stl_vector.h ****       typedef typename _Base::_Tp_alloc_type		_Tp_alloc_type;
 453:C:/Program Files (x86)/Arm GNU Toolchain arm-none-eabi/14.3 rel1/arm-none-eabi/include/c++/14.3.1/bits\stl_vector.h ****       typedef __gnu_cxx::__alloc_traits<_Tp_alloc_type>	_Alloc_traits;
 454:C:/Program Files (x86)/Arm GNU Toolchain arm-none-eabi/14.3 rel1/arm-none-eabi/include/c++/14.3.1/bits\stl_vector.h **** 
 455:C:/Program Files (x86)/Arm GNU Toolchain arm-none-eabi/14.3 rel1/arm-none-eabi/include/c++/14.3.1/bits\stl_vector.h ****     public:
 456:C:/Program Files (x86)/Arm GNU Toolchain arm-none-eabi/14.3 rel1/arm-none-eabi/include/c++/14.3.1/bits\stl_vector.h ****       typedef _Tp					value_type;
 457:C:/Program Files (x86)/Arm GNU Toolchain arm-none-eabi/14.3 rel1/arm-none-eabi/include/c++/14.3.1/bits\stl_vector.h ****       typedef typename _Base::pointer			pointer;
 458:C:/Program Files (x86)/Arm GNU Toolchain arm-none-eabi/14.3 rel1/arm-none-eabi/include/c++/14.3.1/bits\stl_vector.h ****       typedef typename _Alloc_traits::const_pointer	const_pointer;
 459:C:/Program Files (x86)/Arm GNU Toolchain arm-none-eabi/14.3 rel1/arm-none-eabi/include/c++/14.3.1/bits\stl_vector.h ****       typedef typename _Alloc_traits::reference		reference;
 460:C:/Program Files (x86)/Arm GNU Toolchain arm-none-eabi/14.3 rel1/arm-none-eabi/include/c++/14.3.1/bits\stl_vector.h ****       typedef typename _Alloc_traits::const_reference	const_reference;
 461:C:/Program Files (x86)/Arm GNU Toolchain arm-none-eabi/14.3 rel1/arm-none-eabi/include/c++/14.3.1/bits\stl_vector.h ****       typedef __gnu_cxx::__normal_iterator<pointer, vector> iterator;
 462:C:/Program Files (x86)/Arm GNU Toolchain arm-none-eabi/14.3 rel1/arm-none-eabi/include/c++/14.3.1/bits\stl_vector.h ****       typedef __gnu_cxx::__normal_iterator<const_pointer, vector>
 463:C:/Program Files (x86)/Arm GNU Toolchain arm-none-eabi/14.3 rel1/arm-none-eabi/include/c++/14.3.1/bits\stl_vector.h ****       const_iterator;
 464:C:/Program Files (x86)/Arm GNU Toolchain arm-none-eabi/14.3 rel1/arm-none-eabi/include/c++/14.3.1/bits\stl_vector.h ****       typedef std::reverse_iterator<const_iterator>	const_reverse_iterator;
 465:C:/Program Files (x86)/Arm GNU Toolchain arm-none-eabi/14.3 rel1/arm-none-eabi/include/c++/14.3.1/bits\stl_vector.h ****       typedef std::reverse_iterator<iterator>		reverse_iterator;
 466:C:/Program Files (x86)/Arm GNU Toolchain arm-none-eabi/14.3 rel1/arm-none-eabi/include/c++/14.3.1/bits\stl_vector.h ****       typedef size_t					size_type;
 467:C:/Program Files (x86)/Arm GNU Toolchain arm-none-eabi/14.3 rel1/arm-none-eabi/include/c++/14.3.1/bits\stl_vector.h ****       typedef ptrdiff_t					difference_type;
 468:C:/Program Files (x86)/Arm GNU Toolchain arm-none-eabi/14.3 rel1/arm-none-eabi/include/c++/14.3.1/bits\stl_vector.h ****       typedef _Alloc					allocator_type;
 469:C:/Program Files (x86)/Arm GNU Toolchain arm-none-eabi/14.3 rel1/arm-none-eabi/include/c++/14.3.1/bits\stl_vector.h **** 
 470:C:/Program Files (x86)/Arm GNU Toolchain arm-none-eabi/14.3 rel1/arm-none-eabi/include/c++/14.3.1/bits\stl_vector.h ****     private:
 471:C:/Program Files (x86)/Arm GNU Toolchain arm-none-eabi/14.3 rel1/arm-none-eabi/include/c++/14.3.1/bits\stl_vector.h **** #if __cplusplus >= 201103L
 472:C:/Program Files (x86)/Arm GNU Toolchain arm-none-eabi/14.3 rel1/arm-none-eabi/include/c++/14.3.1/bits\stl_vector.h ****       static constexpr bool
 473:C:/Program Files (x86)/Arm GNU Toolchain arm-none-eabi/14.3 rel1/arm-none-eabi/include/c++/14.3.1/bits\stl_vector.h ****       _S_nothrow_relocate(true_type)
 474:C:/Program Files (x86)/Arm GNU Toolchain arm-none-eabi/14.3 rel1/arm-none-eabi/include/c++/14.3.1/bits\stl_vector.h ****       {
 475:C:/Program Files (x86)/Arm GNU Toolchain arm-none-eabi/14.3 rel1/arm-none-eabi/include/c++/14.3.1/bits\stl_vector.h **** 	return noexcept(std::__relocate_a(std::declval<pointer>(),
 476:C:/Program Files (x86)/Arm GNU Toolchain arm-none-eabi/14.3 rel1/arm-none-eabi/include/c++/14.3.1/bits\stl_vector.h **** 					  std::declval<pointer>(),
 477:C:/Program Files (x86)/Arm GNU Toolchain arm-none-eabi/14.3 rel1/arm-none-eabi/include/c++/14.3.1/bits\stl_vector.h **** 					  std::declval<pointer>(),
 478:C:/Program Files (x86)/Arm GNU Toolchain arm-none-eabi/14.3 rel1/arm-none-eabi/include/c++/14.3.1/bits\stl_vector.h **** 					  std::declval<_Tp_alloc_type&>()));
 479:C:/Program Files (x86)/Arm GNU Toolchain arm-none-eabi/14.3 rel1/arm-none-eabi/include/c++/14.3.1/bits\stl_vector.h ****       }
 480:C:/Program Files (x86)/Arm GNU Toolchain arm-none-eabi/14.3 rel1/arm-none-eabi/include/c++/14.3.1/bits\stl_vector.h **** 
 481:C:/Program Files (x86)/Arm GNU Toolchain arm-none-eabi/14.3 rel1/arm-none-eabi/include/c++/14.3.1/bits\stl_vector.h ****       static constexpr bool
 482:C:/Program Files (x86)/Arm GNU Toolchain arm-none-eabi/14.3 rel1/arm-none-eabi/include/c++/14.3.1/bits\stl_vector.h ****       _S_nothrow_relocate(false_type)
 483:C:/Program Files (x86)/Arm GNU Toolchain arm-none-eabi/14.3 rel1/arm-none-eabi/include/c++/14.3.1/bits\stl_vector.h ****       { return false; }
 484:C:/Program Files (x86)/Arm GNU Toolchain arm-none-eabi/14.3 rel1/arm-none-eabi/include/c++/14.3.1/bits\stl_vector.h **** 
 485:C:/Program Files (x86)/Arm GNU Toolchain arm-none-eabi/14.3 rel1/arm-none-eabi/include/c++/14.3.1/bits\stl_vector.h ****       static constexpr bool
 486:C:/Program Files (x86)/Arm GNU Toolchain arm-none-eabi/14.3 rel1/arm-none-eabi/include/c++/14.3.1/bits\stl_vector.h ****       _S_use_relocate()
 487:C:/Program Files (x86)/Arm GNU Toolchain arm-none-eabi/14.3 rel1/arm-none-eabi/include/c++/14.3.1/bits\stl_vector.h ****       {
 488:C:/Program Files (x86)/Arm GNU Toolchain arm-none-eabi/14.3 rel1/arm-none-eabi/include/c++/14.3.1/bits\stl_vector.h **** 	// Instantiating std::__relocate_a might cause an error outside the
 489:C:/Program Files (x86)/Arm GNU Toolchain arm-none-eabi/14.3 rel1/arm-none-eabi/include/c++/14.3.1/bits\stl_vector.h **** 	// immediate context (in __relocate_object_a's noexcept-specifier),
 490:C:/Program Files (x86)/Arm GNU Toolchain arm-none-eabi/14.3 rel1/arm-none-eabi/include/c++/14.3.1/bits\stl_vector.h **** 	// so only do it if we know the type can be move-inserted into *this.
 491:C:/Program Files (x86)/Arm GNU Toolchain arm-none-eabi/14.3 rel1/arm-none-eabi/include/c++/14.3.1/bits\stl_vector.h **** 	return _S_nothrow_relocate(__is_move_insertable<_Tp_alloc_type>{});
 492:C:/Program Files (x86)/Arm GNU Toolchain arm-none-eabi/14.3 rel1/arm-none-eabi/include/c++/14.3.1/bits\stl_vector.h ****       }
ARM GAS  C:\Users\Oliver\AppData\Local\Temp\ccukWDDi.s 			page 14


 493:C:/Program Files (x86)/Arm GNU Toolchain arm-none-eabi/14.3 rel1/arm-none-eabi/include/c++/14.3.1/bits\stl_vector.h **** 
 494:C:/Program Files (x86)/Arm GNU Toolchain arm-none-eabi/14.3 rel1/arm-none-eabi/include/c++/14.3.1/bits\stl_vector.h ****       static pointer
 495:C:/Program Files (x86)/Arm GNU Toolchain arm-none-eabi/14.3 rel1/arm-none-eabi/include/c++/14.3.1/bits\stl_vector.h ****       _S_do_relocate(pointer __first, pointer __last, pointer __result,
 496:C:/Program Files (x86)/Arm GNU Toolchain arm-none-eabi/14.3 rel1/arm-none-eabi/include/c++/14.3.1/bits\stl_vector.h **** 		     _Tp_alloc_type& __alloc, true_type) noexcept
 497:C:/Program Files (x86)/Arm GNU Toolchain arm-none-eabi/14.3 rel1/arm-none-eabi/include/c++/14.3.1/bits\stl_vector.h ****       {
 498:C:/Program Files (x86)/Arm GNU Toolchain arm-none-eabi/14.3 rel1/arm-none-eabi/include/c++/14.3.1/bits\stl_vector.h **** 	return std::__relocate_a(__first, __last, __result, __alloc);
 499:C:/Program Files (x86)/Arm GNU Toolchain arm-none-eabi/14.3 rel1/arm-none-eabi/include/c++/14.3.1/bits\stl_vector.h ****       }
 500:C:/Program Files (x86)/Arm GNU Toolchain arm-none-eabi/14.3 rel1/arm-none-eabi/include/c++/14.3.1/bits\stl_vector.h **** 
 501:C:/Program Files (x86)/Arm GNU Toolchain arm-none-eabi/14.3 rel1/arm-none-eabi/include/c++/14.3.1/bits\stl_vector.h ****       static pointer
 502:C:/Program Files (x86)/Arm GNU Toolchain arm-none-eabi/14.3 rel1/arm-none-eabi/include/c++/14.3.1/bits\stl_vector.h ****       _S_do_relocate(pointer, pointer, pointer __result,
 503:C:/Program Files (x86)/Arm GNU Toolchain arm-none-eabi/14.3 rel1/arm-none-eabi/include/c++/14.3.1/bits\stl_vector.h **** 		     _Tp_alloc_type&, false_type) noexcept
 504:C:/Program Files (x86)/Arm GNU Toolchain arm-none-eabi/14.3 rel1/arm-none-eabi/include/c++/14.3.1/bits\stl_vector.h ****       { return __result; }
 505:C:/Program Files (x86)/Arm GNU Toolchain arm-none-eabi/14.3 rel1/arm-none-eabi/include/c++/14.3.1/bits\stl_vector.h **** 
 506:C:/Program Files (x86)/Arm GNU Toolchain arm-none-eabi/14.3 rel1/arm-none-eabi/include/c++/14.3.1/bits\stl_vector.h ****       static _GLIBCXX20_CONSTEXPR pointer
 507:C:/Program Files (x86)/Arm GNU Toolchain arm-none-eabi/14.3 rel1/arm-none-eabi/include/c++/14.3.1/bits\stl_vector.h ****       _S_relocate(pointer __first, pointer __last, pointer __result,
 508:C:/Program Files (x86)/Arm GNU Toolchain arm-none-eabi/14.3 rel1/arm-none-eabi/include/c++/14.3.1/bits\stl_vector.h **** 		  _Tp_alloc_type& __alloc) noexcept
 509:C:/Program Files (x86)/Arm GNU Toolchain arm-none-eabi/14.3 rel1/arm-none-eabi/include/c++/14.3.1/bits\stl_vector.h ****       {
 510:C:/Program Files (x86)/Arm GNU Toolchain arm-none-eabi/14.3 rel1/arm-none-eabi/include/c++/14.3.1/bits\stl_vector.h **** #if __cpp_if_constexpr
 511:C:/Program Files (x86)/Arm GNU Toolchain arm-none-eabi/14.3 rel1/arm-none-eabi/include/c++/14.3.1/bits\stl_vector.h **** 	// All callers have already checked _S_use_relocate() so just do it.
 512:C:/Program Files (x86)/Arm GNU Toolchain arm-none-eabi/14.3 rel1/arm-none-eabi/include/c++/14.3.1/bits\stl_vector.h **** 	return std::__relocate_a(__first, __last, __result, __alloc);
 513:C:/Program Files (x86)/Arm GNU Toolchain arm-none-eabi/14.3 rel1/arm-none-eabi/include/c++/14.3.1/bits\stl_vector.h **** #else
 514:C:/Program Files (x86)/Arm GNU Toolchain arm-none-eabi/14.3 rel1/arm-none-eabi/include/c++/14.3.1/bits\stl_vector.h **** 	using __do_it = __bool_constant<_S_use_relocate()>;
 515:C:/Program Files (x86)/Arm GNU Toolchain arm-none-eabi/14.3 rel1/arm-none-eabi/include/c++/14.3.1/bits\stl_vector.h **** 	return _S_do_relocate(__first, __last, __result, __alloc, __do_it{});
 516:C:/Program Files (x86)/Arm GNU Toolchain arm-none-eabi/14.3 rel1/arm-none-eabi/include/c++/14.3.1/bits\stl_vector.h **** #endif
 517:C:/Program Files (x86)/Arm GNU Toolchain arm-none-eabi/14.3 rel1/arm-none-eabi/include/c++/14.3.1/bits\stl_vector.h ****       }
 518:C:/Program Files (x86)/Arm GNU Toolchain arm-none-eabi/14.3 rel1/arm-none-eabi/include/c++/14.3.1/bits\stl_vector.h **** #endif // C++11
 519:C:/Program Files (x86)/Arm GNU Toolchain arm-none-eabi/14.3 rel1/arm-none-eabi/include/c++/14.3.1/bits\stl_vector.h **** 
 520:C:/Program Files (x86)/Arm GNU Toolchain arm-none-eabi/14.3 rel1/arm-none-eabi/include/c++/14.3.1/bits\stl_vector.h ****     protected:
 521:C:/Program Files (x86)/Arm GNU Toolchain arm-none-eabi/14.3 rel1/arm-none-eabi/include/c++/14.3.1/bits\stl_vector.h ****       using _Base::_M_allocate;
 522:C:/Program Files (x86)/Arm GNU Toolchain arm-none-eabi/14.3 rel1/arm-none-eabi/include/c++/14.3.1/bits\stl_vector.h ****       using _Base::_M_deallocate;
 523:C:/Program Files (x86)/Arm GNU Toolchain arm-none-eabi/14.3 rel1/arm-none-eabi/include/c++/14.3.1/bits\stl_vector.h ****       using _Base::_M_impl;
 524:C:/Program Files (x86)/Arm GNU Toolchain arm-none-eabi/14.3 rel1/arm-none-eabi/include/c++/14.3.1/bits\stl_vector.h ****       using _Base::_M_get_Tp_allocator;
 525:C:/Program Files (x86)/Arm GNU Toolchain arm-none-eabi/14.3 rel1/arm-none-eabi/include/c++/14.3.1/bits\stl_vector.h **** 
 526:C:/Program Files (x86)/Arm GNU Toolchain arm-none-eabi/14.3 rel1/arm-none-eabi/include/c++/14.3.1/bits\stl_vector.h ****     public:
 527:C:/Program Files (x86)/Arm GNU Toolchain arm-none-eabi/14.3 rel1/arm-none-eabi/include/c++/14.3.1/bits\stl_vector.h ****       // [23.2.4.1] construct/copy/destroy
 528:C:/Program Files (x86)/Arm GNU Toolchain arm-none-eabi/14.3 rel1/arm-none-eabi/include/c++/14.3.1/bits\stl_vector.h ****       // (assign() and get_allocator() are also listed in this section)
 529:C:/Program Files (x86)/Arm GNU Toolchain arm-none-eabi/14.3 rel1/arm-none-eabi/include/c++/14.3.1/bits\stl_vector.h **** 
 530:C:/Program Files (x86)/Arm GNU Toolchain arm-none-eabi/14.3 rel1/arm-none-eabi/include/c++/14.3.1/bits\stl_vector.h ****       /**
 531:C:/Program Files (x86)/Arm GNU Toolchain arm-none-eabi/14.3 rel1/arm-none-eabi/include/c++/14.3.1/bits\stl_vector.h ****        *  @brief  Creates a %vector with no elements.
 532:C:/Program Files (x86)/Arm GNU Toolchain arm-none-eabi/14.3 rel1/arm-none-eabi/include/c++/14.3.1/bits\stl_vector.h ****        */
 533:C:/Program Files (x86)/Arm GNU Toolchain arm-none-eabi/14.3 rel1/arm-none-eabi/include/c++/14.3.1/bits\stl_vector.h **** #if __cplusplus >= 201103L
 534:C:/Program Files (x86)/Arm GNU Toolchain arm-none-eabi/14.3 rel1/arm-none-eabi/include/c++/14.3.1/bits\stl_vector.h ****       vector() = default;
 535:C:/Program Files (x86)/Arm GNU Toolchain arm-none-eabi/14.3 rel1/arm-none-eabi/include/c++/14.3.1/bits\stl_vector.h **** #else
 536:C:/Program Files (x86)/Arm GNU Toolchain arm-none-eabi/14.3 rel1/arm-none-eabi/include/c++/14.3.1/bits\stl_vector.h ****       vector() { }
 537:C:/Program Files (x86)/Arm GNU Toolchain arm-none-eabi/14.3 rel1/arm-none-eabi/include/c++/14.3.1/bits\stl_vector.h **** #endif
 538:C:/Program Files (x86)/Arm GNU Toolchain arm-none-eabi/14.3 rel1/arm-none-eabi/include/c++/14.3.1/bits\stl_vector.h **** 
 539:C:/Program Files (x86)/Arm GNU Toolchain arm-none-eabi/14.3 rel1/arm-none-eabi/include/c++/14.3.1/bits\stl_vector.h ****       /**
 540:C:/Program Files (x86)/Arm GNU Toolchain arm-none-eabi/14.3 rel1/arm-none-eabi/include/c++/14.3.1/bits\stl_vector.h ****        *  @brief  Creates a %vector with no elements.
 541:C:/Program Files (x86)/Arm GNU Toolchain arm-none-eabi/14.3 rel1/arm-none-eabi/include/c++/14.3.1/bits\stl_vector.h ****        *  @param  __a  An allocator object.
 542:C:/Program Files (x86)/Arm GNU Toolchain arm-none-eabi/14.3 rel1/arm-none-eabi/include/c++/14.3.1/bits\stl_vector.h ****        */
 543:C:/Program Files (x86)/Arm GNU Toolchain arm-none-eabi/14.3 rel1/arm-none-eabi/include/c++/14.3.1/bits\stl_vector.h ****       explicit
 544:C:/Program Files (x86)/Arm GNU Toolchain arm-none-eabi/14.3 rel1/arm-none-eabi/include/c++/14.3.1/bits\stl_vector.h ****       _GLIBCXX20_CONSTEXPR
 545:C:/Program Files (x86)/Arm GNU Toolchain arm-none-eabi/14.3 rel1/arm-none-eabi/include/c++/14.3.1/bits\stl_vector.h ****       vector(const allocator_type& __a) _GLIBCXX_NOEXCEPT
 546:C:/Program Files (x86)/Arm GNU Toolchain arm-none-eabi/14.3 rel1/arm-none-eabi/include/c++/14.3.1/bits\stl_vector.h ****       : _Base(__a) { }
 547:C:/Program Files (x86)/Arm GNU Toolchain arm-none-eabi/14.3 rel1/arm-none-eabi/include/c++/14.3.1/bits\stl_vector.h **** 
 548:C:/Program Files (x86)/Arm GNU Toolchain arm-none-eabi/14.3 rel1/arm-none-eabi/include/c++/14.3.1/bits\stl_vector.h **** #if __cplusplus >= 201103L
 549:C:/Program Files (x86)/Arm GNU Toolchain arm-none-eabi/14.3 rel1/arm-none-eabi/include/c++/14.3.1/bits\stl_vector.h ****       /**
ARM GAS  C:\Users\Oliver\AppData\Local\Temp\ccukWDDi.s 			page 15


 550:C:/Program Files (x86)/Arm GNU Toolchain arm-none-eabi/14.3 rel1/arm-none-eabi/include/c++/14.3.1/bits\stl_vector.h ****        *  @brief  Creates a %vector with default constructed elements.
 551:C:/Program Files (x86)/Arm GNU Toolchain arm-none-eabi/14.3 rel1/arm-none-eabi/include/c++/14.3.1/bits\stl_vector.h ****        *  @param  __n  The number of elements to initially create.
 552:C:/Program Files (x86)/Arm GNU Toolchain arm-none-eabi/14.3 rel1/arm-none-eabi/include/c++/14.3.1/bits\stl_vector.h ****        *  @param  __a  An allocator.
 553:C:/Program Files (x86)/Arm GNU Toolchain arm-none-eabi/14.3 rel1/arm-none-eabi/include/c++/14.3.1/bits\stl_vector.h ****        *
 554:C:/Program Files (x86)/Arm GNU Toolchain arm-none-eabi/14.3 rel1/arm-none-eabi/include/c++/14.3.1/bits\stl_vector.h ****        *  This constructor fills the %vector with @a __n default
 555:C:/Program Files (x86)/Arm GNU Toolchain arm-none-eabi/14.3 rel1/arm-none-eabi/include/c++/14.3.1/bits\stl_vector.h ****        *  constructed elements.
 556:C:/Program Files (x86)/Arm GNU Toolchain arm-none-eabi/14.3 rel1/arm-none-eabi/include/c++/14.3.1/bits\stl_vector.h ****        */
 557:C:/Program Files (x86)/Arm GNU Toolchain arm-none-eabi/14.3 rel1/arm-none-eabi/include/c++/14.3.1/bits\stl_vector.h ****       explicit
 558:C:/Program Files (x86)/Arm GNU Toolchain arm-none-eabi/14.3 rel1/arm-none-eabi/include/c++/14.3.1/bits\stl_vector.h ****       _GLIBCXX20_CONSTEXPR
 559:C:/Program Files (x86)/Arm GNU Toolchain arm-none-eabi/14.3 rel1/arm-none-eabi/include/c++/14.3.1/bits\stl_vector.h ****       vector(size_type __n, const allocator_type& __a = allocator_type())
 560:C:/Program Files (x86)/Arm GNU Toolchain arm-none-eabi/14.3 rel1/arm-none-eabi/include/c++/14.3.1/bits\stl_vector.h ****       : _Base(_S_check_init_len(__n, __a), __a)
 561:C:/Program Files (x86)/Arm GNU Toolchain arm-none-eabi/14.3 rel1/arm-none-eabi/include/c++/14.3.1/bits\stl_vector.h ****       { _M_default_initialize(__n); }
 562:C:/Program Files (x86)/Arm GNU Toolchain arm-none-eabi/14.3 rel1/arm-none-eabi/include/c++/14.3.1/bits\stl_vector.h **** 
 563:C:/Program Files (x86)/Arm GNU Toolchain arm-none-eabi/14.3 rel1/arm-none-eabi/include/c++/14.3.1/bits\stl_vector.h ****       /**
 564:C:/Program Files (x86)/Arm GNU Toolchain arm-none-eabi/14.3 rel1/arm-none-eabi/include/c++/14.3.1/bits\stl_vector.h ****        *  @brief  Creates a %vector with copies of an exemplar element.
 565:C:/Program Files (x86)/Arm GNU Toolchain arm-none-eabi/14.3 rel1/arm-none-eabi/include/c++/14.3.1/bits\stl_vector.h ****        *  @param  __n  The number of elements to initially create.
 566:C:/Program Files (x86)/Arm GNU Toolchain arm-none-eabi/14.3 rel1/arm-none-eabi/include/c++/14.3.1/bits\stl_vector.h ****        *  @param  __value  An element to copy.
 567:C:/Program Files (x86)/Arm GNU Toolchain arm-none-eabi/14.3 rel1/arm-none-eabi/include/c++/14.3.1/bits\stl_vector.h ****        *  @param  __a  An allocator.
 568:C:/Program Files (x86)/Arm GNU Toolchain arm-none-eabi/14.3 rel1/arm-none-eabi/include/c++/14.3.1/bits\stl_vector.h ****        *
 569:C:/Program Files (x86)/Arm GNU Toolchain arm-none-eabi/14.3 rel1/arm-none-eabi/include/c++/14.3.1/bits\stl_vector.h ****        *  This constructor fills the %vector with @a __n copies of @a __value.
 570:C:/Program Files (x86)/Arm GNU Toolchain arm-none-eabi/14.3 rel1/arm-none-eabi/include/c++/14.3.1/bits\stl_vector.h ****        */
 571:C:/Program Files (x86)/Arm GNU Toolchain arm-none-eabi/14.3 rel1/arm-none-eabi/include/c++/14.3.1/bits\stl_vector.h ****       _GLIBCXX20_CONSTEXPR
 572:C:/Program Files (x86)/Arm GNU Toolchain arm-none-eabi/14.3 rel1/arm-none-eabi/include/c++/14.3.1/bits\stl_vector.h ****       vector(size_type __n, const value_type& __value,
 573:C:/Program Files (x86)/Arm GNU Toolchain arm-none-eabi/14.3 rel1/arm-none-eabi/include/c++/14.3.1/bits\stl_vector.h **** 	     const allocator_type& __a = allocator_type())
 574:C:/Program Files (x86)/Arm GNU Toolchain arm-none-eabi/14.3 rel1/arm-none-eabi/include/c++/14.3.1/bits\stl_vector.h ****       : _Base(_S_check_init_len(__n, __a), __a)
 575:C:/Program Files (x86)/Arm GNU Toolchain arm-none-eabi/14.3 rel1/arm-none-eabi/include/c++/14.3.1/bits\stl_vector.h ****       { _M_fill_initialize(__n, __value); }
 576:C:/Program Files (x86)/Arm GNU Toolchain arm-none-eabi/14.3 rel1/arm-none-eabi/include/c++/14.3.1/bits\stl_vector.h **** #else
 577:C:/Program Files (x86)/Arm GNU Toolchain arm-none-eabi/14.3 rel1/arm-none-eabi/include/c++/14.3.1/bits\stl_vector.h ****       /**
 578:C:/Program Files (x86)/Arm GNU Toolchain arm-none-eabi/14.3 rel1/arm-none-eabi/include/c++/14.3.1/bits\stl_vector.h ****        *  @brief  Creates a %vector with copies of an exemplar element.
 579:C:/Program Files (x86)/Arm GNU Toolchain arm-none-eabi/14.3 rel1/arm-none-eabi/include/c++/14.3.1/bits\stl_vector.h ****        *  @param  __n  The number of elements to initially create.
 580:C:/Program Files (x86)/Arm GNU Toolchain arm-none-eabi/14.3 rel1/arm-none-eabi/include/c++/14.3.1/bits\stl_vector.h ****        *  @param  __value  An element to copy.
 581:C:/Program Files (x86)/Arm GNU Toolchain arm-none-eabi/14.3 rel1/arm-none-eabi/include/c++/14.3.1/bits\stl_vector.h ****        *  @param  __a  An allocator.
 582:C:/Program Files (x86)/Arm GNU Toolchain arm-none-eabi/14.3 rel1/arm-none-eabi/include/c++/14.3.1/bits\stl_vector.h ****        *
 583:C:/Program Files (x86)/Arm GNU Toolchain arm-none-eabi/14.3 rel1/arm-none-eabi/include/c++/14.3.1/bits\stl_vector.h ****        *  This constructor fills the %vector with @a __n copies of @a __value.
 584:C:/Program Files (x86)/Arm GNU Toolchain arm-none-eabi/14.3 rel1/arm-none-eabi/include/c++/14.3.1/bits\stl_vector.h ****        */
 585:C:/Program Files (x86)/Arm GNU Toolchain arm-none-eabi/14.3 rel1/arm-none-eabi/include/c++/14.3.1/bits\stl_vector.h ****       explicit
 586:C:/Program Files (x86)/Arm GNU Toolchain arm-none-eabi/14.3 rel1/arm-none-eabi/include/c++/14.3.1/bits\stl_vector.h ****       vector(size_type __n, const value_type& __value = value_type(),
 587:C:/Program Files (x86)/Arm GNU Toolchain arm-none-eabi/14.3 rel1/arm-none-eabi/include/c++/14.3.1/bits\stl_vector.h **** 	     const allocator_type& __a = allocator_type())
 588:C:/Program Files (x86)/Arm GNU Toolchain arm-none-eabi/14.3 rel1/arm-none-eabi/include/c++/14.3.1/bits\stl_vector.h ****       : _Base(_S_check_init_len(__n, __a), __a)
 589:C:/Program Files (x86)/Arm GNU Toolchain arm-none-eabi/14.3 rel1/arm-none-eabi/include/c++/14.3.1/bits\stl_vector.h ****       { _M_fill_initialize(__n, __value); }
 590:C:/Program Files (x86)/Arm GNU Toolchain arm-none-eabi/14.3 rel1/arm-none-eabi/include/c++/14.3.1/bits\stl_vector.h **** #endif
 591:C:/Program Files (x86)/Arm GNU Toolchain arm-none-eabi/14.3 rel1/arm-none-eabi/include/c++/14.3.1/bits\stl_vector.h **** 
 592:C:/Program Files (x86)/Arm GNU Toolchain arm-none-eabi/14.3 rel1/arm-none-eabi/include/c++/14.3.1/bits\stl_vector.h ****       /**
 593:C:/Program Files (x86)/Arm GNU Toolchain arm-none-eabi/14.3 rel1/arm-none-eabi/include/c++/14.3.1/bits\stl_vector.h ****        *  @brief  %Vector copy constructor.
 594:C:/Program Files (x86)/Arm GNU Toolchain arm-none-eabi/14.3 rel1/arm-none-eabi/include/c++/14.3.1/bits\stl_vector.h ****        *  @param  __x  A %vector of identical element and allocator types.
 595:C:/Program Files (x86)/Arm GNU Toolchain arm-none-eabi/14.3 rel1/arm-none-eabi/include/c++/14.3.1/bits\stl_vector.h ****        *
 596:C:/Program Files (x86)/Arm GNU Toolchain arm-none-eabi/14.3 rel1/arm-none-eabi/include/c++/14.3.1/bits\stl_vector.h ****        *  All the elements of @a __x are copied, but any unused capacity in
 597:C:/Program Files (x86)/Arm GNU Toolchain arm-none-eabi/14.3 rel1/arm-none-eabi/include/c++/14.3.1/bits\stl_vector.h ****        *  @a __x  will not be copied
 598:C:/Program Files (x86)/Arm GNU Toolchain arm-none-eabi/14.3 rel1/arm-none-eabi/include/c++/14.3.1/bits\stl_vector.h ****        *  (i.e. capacity() == size() in the new %vector).
 599:C:/Program Files (x86)/Arm GNU Toolchain arm-none-eabi/14.3 rel1/arm-none-eabi/include/c++/14.3.1/bits\stl_vector.h ****        *
 600:C:/Program Files (x86)/Arm GNU Toolchain arm-none-eabi/14.3 rel1/arm-none-eabi/include/c++/14.3.1/bits\stl_vector.h ****        *  The newly-created %vector uses a copy of the allocator object used
 601:C:/Program Files (x86)/Arm GNU Toolchain arm-none-eabi/14.3 rel1/arm-none-eabi/include/c++/14.3.1/bits\stl_vector.h ****        *  by @a __x (unless the allocator traits dictate a different object).
 602:C:/Program Files (x86)/Arm GNU Toolchain arm-none-eabi/14.3 rel1/arm-none-eabi/include/c++/14.3.1/bits\stl_vector.h ****        */
 603:C:/Program Files (x86)/Arm GNU Toolchain arm-none-eabi/14.3 rel1/arm-none-eabi/include/c++/14.3.1/bits\stl_vector.h ****       _GLIBCXX20_CONSTEXPR
 604:C:/Program Files (x86)/Arm GNU Toolchain arm-none-eabi/14.3 rel1/arm-none-eabi/include/c++/14.3.1/bits\stl_vector.h ****       vector(const vector& __x)
 605:C:/Program Files (x86)/Arm GNU Toolchain arm-none-eabi/14.3 rel1/arm-none-eabi/include/c++/14.3.1/bits\stl_vector.h ****       : _Base(__x.size(),
 606:C:/Program Files (x86)/Arm GNU Toolchain arm-none-eabi/14.3 rel1/arm-none-eabi/include/c++/14.3.1/bits\stl_vector.h **** 	_Alloc_traits::_S_select_on_copy(__x._M_get_Tp_allocator()))
ARM GAS  C:\Users\Oliver\AppData\Local\Temp\ccukWDDi.s 			page 16


 607:C:/Program Files (x86)/Arm GNU Toolchain arm-none-eabi/14.3 rel1/arm-none-eabi/include/c++/14.3.1/bits\stl_vector.h ****       {
 608:C:/Program Files (x86)/Arm GNU Toolchain arm-none-eabi/14.3 rel1/arm-none-eabi/include/c++/14.3.1/bits\stl_vector.h **** 	this->_M_impl._M_finish =
 609:C:/Program Files (x86)/Arm GNU Toolchain arm-none-eabi/14.3 rel1/arm-none-eabi/include/c++/14.3.1/bits\stl_vector.h **** 	  std::__uninitialized_copy_a(__x.begin(), __x.end(),
 610:C:/Program Files (x86)/Arm GNU Toolchain arm-none-eabi/14.3 rel1/arm-none-eabi/include/c++/14.3.1/bits\stl_vector.h **** 				      this->_M_impl._M_start,
 611:C:/Program Files (x86)/Arm GNU Toolchain arm-none-eabi/14.3 rel1/arm-none-eabi/include/c++/14.3.1/bits\stl_vector.h **** 				      _M_get_Tp_allocator());
 612:C:/Program Files (x86)/Arm GNU Toolchain arm-none-eabi/14.3 rel1/arm-none-eabi/include/c++/14.3.1/bits\stl_vector.h ****       }
 613:C:/Program Files (x86)/Arm GNU Toolchain arm-none-eabi/14.3 rel1/arm-none-eabi/include/c++/14.3.1/bits\stl_vector.h **** 
 614:C:/Program Files (x86)/Arm GNU Toolchain arm-none-eabi/14.3 rel1/arm-none-eabi/include/c++/14.3.1/bits\stl_vector.h **** #if __cplusplus >= 201103L
 615:C:/Program Files (x86)/Arm GNU Toolchain arm-none-eabi/14.3 rel1/arm-none-eabi/include/c++/14.3.1/bits\stl_vector.h ****       /**
 616:C:/Program Files (x86)/Arm GNU Toolchain arm-none-eabi/14.3 rel1/arm-none-eabi/include/c++/14.3.1/bits\stl_vector.h ****        *  @brief  %Vector move constructor.
 617:C:/Program Files (x86)/Arm GNU Toolchain arm-none-eabi/14.3 rel1/arm-none-eabi/include/c++/14.3.1/bits\stl_vector.h ****        *
 618:C:/Program Files (x86)/Arm GNU Toolchain arm-none-eabi/14.3 rel1/arm-none-eabi/include/c++/14.3.1/bits\stl_vector.h ****        *  The newly-created %vector contains the exact contents of the
 619:C:/Program Files (x86)/Arm GNU Toolchain arm-none-eabi/14.3 rel1/arm-none-eabi/include/c++/14.3.1/bits\stl_vector.h ****        *  moved instance.
 620:C:/Program Files (x86)/Arm GNU Toolchain arm-none-eabi/14.3 rel1/arm-none-eabi/include/c++/14.3.1/bits\stl_vector.h ****        *  The contents of the moved instance are a valid, but unspecified
 621:C:/Program Files (x86)/Arm GNU Toolchain arm-none-eabi/14.3 rel1/arm-none-eabi/include/c++/14.3.1/bits\stl_vector.h ****        *  %vector.
 622:C:/Program Files (x86)/Arm GNU Toolchain arm-none-eabi/14.3 rel1/arm-none-eabi/include/c++/14.3.1/bits\stl_vector.h ****        */
 623:C:/Program Files (x86)/Arm GNU Toolchain arm-none-eabi/14.3 rel1/arm-none-eabi/include/c++/14.3.1/bits\stl_vector.h ****       vector(vector&&) noexcept = default;
 624:C:/Program Files (x86)/Arm GNU Toolchain arm-none-eabi/14.3 rel1/arm-none-eabi/include/c++/14.3.1/bits\stl_vector.h **** 
 625:C:/Program Files (x86)/Arm GNU Toolchain arm-none-eabi/14.3 rel1/arm-none-eabi/include/c++/14.3.1/bits\stl_vector.h ****       /// Copy constructor with alternative allocator
 626:C:/Program Files (x86)/Arm GNU Toolchain arm-none-eabi/14.3 rel1/arm-none-eabi/include/c++/14.3.1/bits\stl_vector.h ****       _GLIBCXX20_CONSTEXPR
 627:C:/Program Files (x86)/Arm GNU Toolchain arm-none-eabi/14.3 rel1/arm-none-eabi/include/c++/14.3.1/bits\stl_vector.h ****       vector(const vector& __x, const __type_identity_t<allocator_type>& __a)
 628:C:/Program Files (x86)/Arm GNU Toolchain arm-none-eabi/14.3 rel1/arm-none-eabi/include/c++/14.3.1/bits\stl_vector.h ****       : _Base(__x.size(), __a)
 629:C:/Program Files (x86)/Arm GNU Toolchain arm-none-eabi/14.3 rel1/arm-none-eabi/include/c++/14.3.1/bits\stl_vector.h ****       {
 630:C:/Program Files (x86)/Arm GNU Toolchain arm-none-eabi/14.3 rel1/arm-none-eabi/include/c++/14.3.1/bits\stl_vector.h **** 	this->_M_impl._M_finish =
 631:C:/Program Files (x86)/Arm GNU Toolchain arm-none-eabi/14.3 rel1/arm-none-eabi/include/c++/14.3.1/bits\stl_vector.h **** 	  std::__uninitialized_copy_a(__x.begin(), __x.end(),
 632:C:/Program Files (x86)/Arm GNU Toolchain arm-none-eabi/14.3 rel1/arm-none-eabi/include/c++/14.3.1/bits\stl_vector.h **** 				      this->_M_impl._M_start,
 633:C:/Program Files (x86)/Arm GNU Toolchain arm-none-eabi/14.3 rel1/arm-none-eabi/include/c++/14.3.1/bits\stl_vector.h **** 				      _M_get_Tp_allocator());
 634:C:/Program Files (x86)/Arm GNU Toolchain arm-none-eabi/14.3 rel1/arm-none-eabi/include/c++/14.3.1/bits\stl_vector.h ****       }
 635:C:/Program Files (x86)/Arm GNU Toolchain arm-none-eabi/14.3 rel1/arm-none-eabi/include/c++/14.3.1/bits\stl_vector.h **** 
 636:C:/Program Files (x86)/Arm GNU Toolchain arm-none-eabi/14.3 rel1/arm-none-eabi/include/c++/14.3.1/bits\stl_vector.h ****     private:
 637:C:/Program Files (x86)/Arm GNU Toolchain arm-none-eabi/14.3 rel1/arm-none-eabi/include/c++/14.3.1/bits\stl_vector.h ****       _GLIBCXX20_CONSTEXPR
 638:C:/Program Files (x86)/Arm GNU Toolchain arm-none-eabi/14.3 rel1/arm-none-eabi/include/c++/14.3.1/bits\stl_vector.h ****       vector(vector&& __rv, const allocator_type& __m, true_type) noexcept
 639:C:/Program Files (x86)/Arm GNU Toolchain arm-none-eabi/14.3 rel1/arm-none-eabi/include/c++/14.3.1/bits\stl_vector.h ****       : _Base(__m, std::move(__rv))
 640:C:/Program Files (x86)/Arm GNU Toolchain arm-none-eabi/14.3 rel1/arm-none-eabi/include/c++/14.3.1/bits\stl_vector.h ****       { }
 641:C:/Program Files (x86)/Arm GNU Toolchain arm-none-eabi/14.3 rel1/arm-none-eabi/include/c++/14.3.1/bits\stl_vector.h **** 
 642:C:/Program Files (x86)/Arm GNU Toolchain arm-none-eabi/14.3 rel1/arm-none-eabi/include/c++/14.3.1/bits\stl_vector.h ****       _GLIBCXX20_CONSTEXPR
 643:C:/Program Files (x86)/Arm GNU Toolchain arm-none-eabi/14.3 rel1/arm-none-eabi/include/c++/14.3.1/bits\stl_vector.h ****       vector(vector&& __rv, const allocator_type& __m, false_type)
 644:C:/Program Files (x86)/Arm GNU Toolchain arm-none-eabi/14.3 rel1/arm-none-eabi/include/c++/14.3.1/bits\stl_vector.h ****       : _Base(__m)
 645:C:/Program Files (x86)/Arm GNU Toolchain arm-none-eabi/14.3 rel1/arm-none-eabi/include/c++/14.3.1/bits\stl_vector.h ****       {
 646:C:/Program Files (x86)/Arm GNU Toolchain arm-none-eabi/14.3 rel1/arm-none-eabi/include/c++/14.3.1/bits\stl_vector.h **** 	if (__rv.get_allocator() == __m)
 647:C:/Program Files (x86)/Arm GNU Toolchain arm-none-eabi/14.3 rel1/arm-none-eabi/include/c++/14.3.1/bits\stl_vector.h **** 	  this->_M_impl._M_swap_data(__rv._M_impl);
 648:C:/Program Files (x86)/Arm GNU Toolchain arm-none-eabi/14.3 rel1/arm-none-eabi/include/c++/14.3.1/bits\stl_vector.h **** 	else if (!__rv.empty())
 649:C:/Program Files (x86)/Arm GNU Toolchain arm-none-eabi/14.3 rel1/arm-none-eabi/include/c++/14.3.1/bits\stl_vector.h **** 	  {
 650:C:/Program Files (x86)/Arm GNU Toolchain arm-none-eabi/14.3 rel1/arm-none-eabi/include/c++/14.3.1/bits\stl_vector.h **** 	    this->_M_create_storage(__rv.size());
 651:C:/Program Files (x86)/Arm GNU Toolchain arm-none-eabi/14.3 rel1/arm-none-eabi/include/c++/14.3.1/bits\stl_vector.h **** 	    this->_M_impl._M_finish =
 652:C:/Program Files (x86)/Arm GNU Toolchain arm-none-eabi/14.3 rel1/arm-none-eabi/include/c++/14.3.1/bits\stl_vector.h **** 	      std::__uninitialized_move_a(__rv.begin(), __rv.end(),
 653:C:/Program Files (x86)/Arm GNU Toolchain arm-none-eabi/14.3 rel1/arm-none-eabi/include/c++/14.3.1/bits\stl_vector.h **** 					  this->_M_impl._M_start,
 654:C:/Program Files (x86)/Arm GNU Toolchain arm-none-eabi/14.3 rel1/arm-none-eabi/include/c++/14.3.1/bits\stl_vector.h **** 					  _M_get_Tp_allocator());
 655:C:/Program Files (x86)/Arm GNU Toolchain arm-none-eabi/14.3 rel1/arm-none-eabi/include/c++/14.3.1/bits\stl_vector.h **** 	    __rv.clear();
 656:C:/Program Files (x86)/Arm GNU Toolchain arm-none-eabi/14.3 rel1/arm-none-eabi/include/c++/14.3.1/bits\stl_vector.h **** 	  }
 657:C:/Program Files (x86)/Arm GNU Toolchain arm-none-eabi/14.3 rel1/arm-none-eabi/include/c++/14.3.1/bits\stl_vector.h ****       }
 658:C:/Program Files (x86)/Arm GNU Toolchain arm-none-eabi/14.3 rel1/arm-none-eabi/include/c++/14.3.1/bits\stl_vector.h **** 
 659:C:/Program Files (x86)/Arm GNU Toolchain arm-none-eabi/14.3 rel1/arm-none-eabi/include/c++/14.3.1/bits\stl_vector.h ****     public:
 660:C:/Program Files (x86)/Arm GNU Toolchain arm-none-eabi/14.3 rel1/arm-none-eabi/include/c++/14.3.1/bits\stl_vector.h ****       /// Move constructor with alternative allocator
 661:C:/Program Files (x86)/Arm GNU Toolchain arm-none-eabi/14.3 rel1/arm-none-eabi/include/c++/14.3.1/bits\stl_vector.h ****       _GLIBCXX20_CONSTEXPR
 662:C:/Program Files (x86)/Arm GNU Toolchain arm-none-eabi/14.3 rel1/arm-none-eabi/include/c++/14.3.1/bits\stl_vector.h ****       vector(vector&& __rv, const __type_identity_t<allocator_type>& __m)
 663:C:/Program Files (x86)/Arm GNU Toolchain arm-none-eabi/14.3 rel1/arm-none-eabi/include/c++/14.3.1/bits\stl_vector.h ****       noexcept( noexcept(
ARM GAS  C:\Users\Oliver\AppData\Local\Temp\ccukWDDi.s 			page 17


 664:C:/Program Files (x86)/Arm GNU Toolchain arm-none-eabi/14.3 rel1/arm-none-eabi/include/c++/14.3.1/bits\stl_vector.h **** 	vector(std::declval<vector&&>(), std::declval<const allocator_type&>(),
 665:C:/Program Files (x86)/Arm GNU Toolchain arm-none-eabi/14.3 rel1/arm-none-eabi/include/c++/14.3.1/bits\stl_vector.h **** 	       std::declval<typename _Alloc_traits::is_always_equal>())) )
 666:C:/Program Files (x86)/Arm GNU Toolchain arm-none-eabi/14.3 rel1/arm-none-eabi/include/c++/14.3.1/bits\stl_vector.h ****       : vector(std::move(__rv), __m, typename _Alloc_traits::is_always_equal{})
 667:C:/Program Files (x86)/Arm GNU Toolchain arm-none-eabi/14.3 rel1/arm-none-eabi/include/c++/14.3.1/bits\stl_vector.h ****       { }
 668:C:/Program Files (x86)/Arm GNU Toolchain arm-none-eabi/14.3 rel1/arm-none-eabi/include/c++/14.3.1/bits\stl_vector.h **** 
 669:C:/Program Files (x86)/Arm GNU Toolchain arm-none-eabi/14.3 rel1/arm-none-eabi/include/c++/14.3.1/bits\stl_vector.h ****       /**
 670:C:/Program Files (x86)/Arm GNU Toolchain arm-none-eabi/14.3 rel1/arm-none-eabi/include/c++/14.3.1/bits\stl_vector.h ****        *  @brief  Builds a %vector from an initializer list.
 671:C:/Program Files (x86)/Arm GNU Toolchain arm-none-eabi/14.3 rel1/arm-none-eabi/include/c++/14.3.1/bits\stl_vector.h ****        *  @param  __l  An initializer_list.
 672:C:/Program Files (x86)/Arm GNU Toolchain arm-none-eabi/14.3 rel1/arm-none-eabi/include/c++/14.3.1/bits\stl_vector.h ****        *  @param  __a  An allocator.
 673:C:/Program Files (x86)/Arm GNU Toolchain arm-none-eabi/14.3 rel1/arm-none-eabi/include/c++/14.3.1/bits\stl_vector.h ****        *
 674:C:/Program Files (x86)/Arm GNU Toolchain arm-none-eabi/14.3 rel1/arm-none-eabi/include/c++/14.3.1/bits\stl_vector.h ****        *  Create a %vector consisting of copies of the elements in the
 675:C:/Program Files (x86)/Arm GNU Toolchain arm-none-eabi/14.3 rel1/arm-none-eabi/include/c++/14.3.1/bits\stl_vector.h ****        *  initializer_list @a __l.
 676:C:/Program Files (x86)/Arm GNU Toolchain arm-none-eabi/14.3 rel1/arm-none-eabi/include/c++/14.3.1/bits\stl_vector.h ****        *
 677:C:/Program Files (x86)/Arm GNU Toolchain arm-none-eabi/14.3 rel1/arm-none-eabi/include/c++/14.3.1/bits\stl_vector.h ****        *  This will call the element type's copy constructor N times
 678:C:/Program Files (x86)/Arm GNU Toolchain arm-none-eabi/14.3 rel1/arm-none-eabi/include/c++/14.3.1/bits\stl_vector.h ****        *  (where N is @a __l.size()) and do no memory reallocation.
 679:C:/Program Files (x86)/Arm GNU Toolchain arm-none-eabi/14.3 rel1/arm-none-eabi/include/c++/14.3.1/bits\stl_vector.h ****        */
 680:C:/Program Files (x86)/Arm GNU Toolchain arm-none-eabi/14.3 rel1/arm-none-eabi/include/c++/14.3.1/bits\stl_vector.h ****       _GLIBCXX20_CONSTEXPR
 681:C:/Program Files (x86)/Arm GNU Toolchain arm-none-eabi/14.3 rel1/arm-none-eabi/include/c++/14.3.1/bits\stl_vector.h ****       vector(initializer_list<value_type> __l,
 682:C:/Program Files (x86)/Arm GNU Toolchain arm-none-eabi/14.3 rel1/arm-none-eabi/include/c++/14.3.1/bits\stl_vector.h **** 	     const allocator_type& __a = allocator_type())
 683:C:/Program Files (x86)/Arm GNU Toolchain arm-none-eabi/14.3 rel1/arm-none-eabi/include/c++/14.3.1/bits\stl_vector.h ****       : _Base(__a)
 684:C:/Program Files (x86)/Arm GNU Toolchain arm-none-eabi/14.3 rel1/arm-none-eabi/include/c++/14.3.1/bits\stl_vector.h ****       {
 685:C:/Program Files (x86)/Arm GNU Toolchain arm-none-eabi/14.3 rel1/arm-none-eabi/include/c++/14.3.1/bits\stl_vector.h **** 	_M_range_initialize_n(__l.begin(), __l.end(), __l.size());
 686:C:/Program Files (x86)/Arm GNU Toolchain arm-none-eabi/14.3 rel1/arm-none-eabi/include/c++/14.3.1/bits\stl_vector.h ****       }
 687:C:/Program Files (x86)/Arm GNU Toolchain arm-none-eabi/14.3 rel1/arm-none-eabi/include/c++/14.3.1/bits\stl_vector.h **** #endif
 688:C:/Program Files (x86)/Arm GNU Toolchain arm-none-eabi/14.3 rel1/arm-none-eabi/include/c++/14.3.1/bits\stl_vector.h **** 
 689:C:/Program Files (x86)/Arm GNU Toolchain arm-none-eabi/14.3 rel1/arm-none-eabi/include/c++/14.3.1/bits\stl_vector.h ****       /**
 690:C:/Program Files (x86)/Arm GNU Toolchain arm-none-eabi/14.3 rel1/arm-none-eabi/include/c++/14.3.1/bits\stl_vector.h ****        *  @brief  Builds a %vector from a range.
 691:C:/Program Files (x86)/Arm GNU Toolchain arm-none-eabi/14.3 rel1/arm-none-eabi/include/c++/14.3.1/bits\stl_vector.h ****        *  @param  __first  An input iterator.
 692:C:/Program Files (x86)/Arm GNU Toolchain arm-none-eabi/14.3 rel1/arm-none-eabi/include/c++/14.3.1/bits\stl_vector.h ****        *  @param  __last  An input iterator.
 693:C:/Program Files (x86)/Arm GNU Toolchain arm-none-eabi/14.3 rel1/arm-none-eabi/include/c++/14.3.1/bits\stl_vector.h ****        *  @param  __a  An allocator.
 694:C:/Program Files (x86)/Arm GNU Toolchain arm-none-eabi/14.3 rel1/arm-none-eabi/include/c++/14.3.1/bits\stl_vector.h ****        *
 695:C:/Program Files (x86)/Arm GNU Toolchain arm-none-eabi/14.3 rel1/arm-none-eabi/include/c++/14.3.1/bits\stl_vector.h ****        *  Create a %vector consisting of copies of the elements from
 696:C:/Program Files (x86)/Arm GNU Toolchain arm-none-eabi/14.3 rel1/arm-none-eabi/include/c++/14.3.1/bits\stl_vector.h ****        *  [first,last).
 697:C:/Program Files (x86)/Arm GNU Toolchain arm-none-eabi/14.3 rel1/arm-none-eabi/include/c++/14.3.1/bits\stl_vector.h ****        *
 698:C:/Program Files (x86)/Arm GNU Toolchain arm-none-eabi/14.3 rel1/arm-none-eabi/include/c++/14.3.1/bits\stl_vector.h ****        *  If the iterators are forward, bidirectional, or
 699:C:/Program Files (x86)/Arm GNU Toolchain arm-none-eabi/14.3 rel1/arm-none-eabi/include/c++/14.3.1/bits\stl_vector.h ****        *  random-access, then this will call the elements' copy
 700:C:/Program Files (x86)/Arm GNU Toolchain arm-none-eabi/14.3 rel1/arm-none-eabi/include/c++/14.3.1/bits\stl_vector.h ****        *  constructor N times (where N is distance(first,last)) and do
 701:C:/Program Files (x86)/Arm GNU Toolchain arm-none-eabi/14.3 rel1/arm-none-eabi/include/c++/14.3.1/bits\stl_vector.h ****        *  no memory reallocation.  But if only input iterators are
 702:C:/Program Files (x86)/Arm GNU Toolchain arm-none-eabi/14.3 rel1/arm-none-eabi/include/c++/14.3.1/bits\stl_vector.h ****        *  used, then this will do at most 2N calls to the copy
 703:C:/Program Files (x86)/Arm GNU Toolchain arm-none-eabi/14.3 rel1/arm-none-eabi/include/c++/14.3.1/bits\stl_vector.h ****        *  constructor, and logN memory reallocations.
 704:C:/Program Files (x86)/Arm GNU Toolchain arm-none-eabi/14.3 rel1/arm-none-eabi/include/c++/14.3.1/bits\stl_vector.h ****        */
 705:C:/Program Files (x86)/Arm GNU Toolchain arm-none-eabi/14.3 rel1/arm-none-eabi/include/c++/14.3.1/bits\stl_vector.h **** #if __cplusplus >= 201103L
 706:C:/Program Files (x86)/Arm GNU Toolchain arm-none-eabi/14.3 rel1/arm-none-eabi/include/c++/14.3.1/bits\stl_vector.h ****       template<typename _InputIterator,
 707:C:/Program Files (x86)/Arm GNU Toolchain arm-none-eabi/14.3 rel1/arm-none-eabi/include/c++/14.3.1/bits\stl_vector.h **** 	       typename = std::_RequireInputIter<_InputIterator>>
 708:C:/Program Files (x86)/Arm GNU Toolchain arm-none-eabi/14.3 rel1/arm-none-eabi/include/c++/14.3.1/bits\stl_vector.h **** 	_GLIBCXX20_CONSTEXPR
 709:C:/Program Files (x86)/Arm GNU Toolchain arm-none-eabi/14.3 rel1/arm-none-eabi/include/c++/14.3.1/bits\stl_vector.h **** 	vector(_InputIterator __first, _InputIterator __last,
 710:C:/Program Files (x86)/Arm GNU Toolchain arm-none-eabi/14.3 rel1/arm-none-eabi/include/c++/14.3.1/bits\stl_vector.h **** 	       const allocator_type& __a = allocator_type())
 711:C:/Program Files (x86)/Arm GNU Toolchain arm-none-eabi/14.3 rel1/arm-none-eabi/include/c++/14.3.1/bits\stl_vector.h **** 	: _Base(__a)
 712:C:/Program Files (x86)/Arm GNU Toolchain arm-none-eabi/14.3 rel1/arm-none-eabi/include/c++/14.3.1/bits\stl_vector.h **** 	{
 713:C:/Program Files (x86)/Arm GNU Toolchain arm-none-eabi/14.3 rel1/arm-none-eabi/include/c++/14.3.1/bits\stl_vector.h **** #if __glibcxx_concepts // C++ >= C++20
 714:C:/Program Files (x86)/Arm GNU Toolchain arm-none-eabi/14.3 rel1/arm-none-eabi/include/c++/14.3.1/bits\stl_vector.h **** 	  if constexpr (sized_sentinel_for<_InputIterator, _InputIterator>
 715:C:/Program Files (x86)/Arm GNU Toolchain arm-none-eabi/14.3 rel1/arm-none-eabi/include/c++/14.3.1/bits\stl_vector.h **** 			  || forward_iterator<_InputIterator>)
 716:C:/Program Files (x86)/Arm GNU Toolchain arm-none-eabi/14.3 rel1/arm-none-eabi/include/c++/14.3.1/bits\stl_vector.h **** 	    {
 717:C:/Program Files (x86)/Arm GNU Toolchain arm-none-eabi/14.3 rel1/arm-none-eabi/include/c++/14.3.1/bits\stl_vector.h **** 	      const auto __n
 718:C:/Program Files (x86)/Arm GNU Toolchain arm-none-eabi/14.3 rel1/arm-none-eabi/include/c++/14.3.1/bits\stl_vector.h **** 		= static_cast<size_type>(ranges::distance(__first, __last));
 719:C:/Program Files (x86)/Arm GNU Toolchain arm-none-eabi/14.3 rel1/arm-none-eabi/include/c++/14.3.1/bits\stl_vector.h **** 	      _M_range_initialize_n(__first, __last, __n);
 720:C:/Program Files (x86)/Arm GNU Toolchain arm-none-eabi/14.3 rel1/arm-none-eabi/include/c++/14.3.1/bits\stl_vector.h **** 	      return;
ARM GAS  C:\Users\Oliver\AppData\Local\Temp\ccukWDDi.s 			page 18


 721:C:/Program Files (x86)/Arm GNU Toolchain arm-none-eabi/14.3 rel1/arm-none-eabi/include/c++/14.3.1/bits\stl_vector.h **** 	    }
 722:C:/Program Files (x86)/Arm GNU Toolchain arm-none-eabi/14.3 rel1/arm-none-eabi/include/c++/14.3.1/bits\stl_vector.h **** 	  else
 723:C:/Program Files (x86)/Arm GNU Toolchain arm-none-eabi/14.3 rel1/arm-none-eabi/include/c++/14.3.1/bits\stl_vector.h **** #endif
 724:C:/Program Files (x86)/Arm GNU Toolchain arm-none-eabi/14.3 rel1/arm-none-eabi/include/c++/14.3.1/bits\stl_vector.h **** 	  _M_range_initialize(__first, __last,
 725:C:/Program Files (x86)/Arm GNU Toolchain arm-none-eabi/14.3 rel1/arm-none-eabi/include/c++/14.3.1/bits\stl_vector.h **** 			      std::__iterator_category(__first));
 726:C:/Program Files (x86)/Arm GNU Toolchain arm-none-eabi/14.3 rel1/arm-none-eabi/include/c++/14.3.1/bits\stl_vector.h **** 	}
 727:C:/Program Files (x86)/Arm GNU Toolchain arm-none-eabi/14.3 rel1/arm-none-eabi/include/c++/14.3.1/bits\stl_vector.h **** #else
 728:C:/Program Files (x86)/Arm GNU Toolchain arm-none-eabi/14.3 rel1/arm-none-eabi/include/c++/14.3.1/bits\stl_vector.h ****       template<typename _InputIterator>
 729:C:/Program Files (x86)/Arm GNU Toolchain arm-none-eabi/14.3 rel1/arm-none-eabi/include/c++/14.3.1/bits\stl_vector.h **** 	vector(_InputIterator __first, _InputIterator __last,
 730:C:/Program Files (x86)/Arm GNU Toolchain arm-none-eabi/14.3 rel1/arm-none-eabi/include/c++/14.3.1/bits\stl_vector.h **** 	       const allocator_type& __a = allocator_type())
 731:C:/Program Files (x86)/Arm GNU Toolchain arm-none-eabi/14.3 rel1/arm-none-eabi/include/c++/14.3.1/bits\stl_vector.h **** 	: _Base(__a)
 732:C:/Program Files (x86)/Arm GNU Toolchain arm-none-eabi/14.3 rel1/arm-none-eabi/include/c++/14.3.1/bits\stl_vector.h **** 	{
 733:C:/Program Files (x86)/Arm GNU Toolchain arm-none-eabi/14.3 rel1/arm-none-eabi/include/c++/14.3.1/bits\stl_vector.h **** 	  // Check whether it's an integral type.  If so, it's not an iterator.
 734:C:/Program Files (x86)/Arm GNU Toolchain arm-none-eabi/14.3 rel1/arm-none-eabi/include/c++/14.3.1/bits\stl_vector.h **** 	  typedef typename std::__is_integer<_InputIterator>::__type _Integral;
 735:C:/Program Files (x86)/Arm GNU Toolchain arm-none-eabi/14.3 rel1/arm-none-eabi/include/c++/14.3.1/bits\stl_vector.h **** 	  _M_initialize_dispatch(__first, __last, _Integral());
 736:C:/Program Files (x86)/Arm GNU Toolchain arm-none-eabi/14.3 rel1/arm-none-eabi/include/c++/14.3.1/bits\stl_vector.h **** 	}
 737:C:/Program Files (x86)/Arm GNU Toolchain arm-none-eabi/14.3 rel1/arm-none-eabi/include/c++/14.3.1/bits\stl_vector.h **** #endif
 738:C:/Program Files (x86)/Arm GNU Toolchain arm-none-eabi/14.3 rel1/arm-none-eabi/include/c++/14.3.1/bits\stl_vector.h **** 
 739:C:/Program Files (x86)/Arm GNU Toolchain arm-none-eabi/14.3 rel1/arm-none-eabi/include/c++/14.3.1/bits\stl_vector.h ****       /**
 740:C:/Program Files (x86)/Arm GNU Toolchain arm-none-eabi/14.3 rel1/arm-none-eabi/include/c++/14.3.1/bits\stl_vector.h ****        *  The dtor only erases the elements, and note that if the
 741:C:/Program Files (x86)/Arm GNU Toolchain arm-none-eabi/14.3 rel1/arm-none-eabi/include/c++/14.3.1/bits\stl_vector.h ****        *  elements themselves are pointers, the pointed-to memory is
 742:C:/Program Files (x86)/Arm GNU Toolchain arm-none-eabi/14.3 rel1/arm-none-eabi/include/c++/14.3.1/bits\stl_vector.h ****        *  not touched in any way.  Managing the pointer is the user's
 743:C:/Program Files (x86)/Arm GNU Toolchain arm-none-eabi/14.3 rel1/arm-none-eabi/include/c++/14.3.1/bits\stl_vector.h ****        *  responsibility.
 744:C:/Program Files (x86)/Arm GNU Toolchain arm-none-eabi/14.3 rel1/arm-none-eabi/include/c++/14.3.1/bits\stl_vector.h ****        */
 745:C:/Program Files (x86)/Arm GNU Toolchain arm-none-eabi/14.3 rel1/arm-none-eabi/include/c++/14.3.1/bits\stl_vector.h ****       _GLIBCXX20_CONSTEXPR
 746:C:/Program Files (x86)/Arm GNU Toolchain arm-none-eabi/14.3 rel1/arm-none-eabi/include/c++/14.3.1/bits\stl_vector.h ****       ~vector() _GLIBCXX_NOEXCEPT
 747:C:/Program Files (x86)/Arm GNU Toolchain arm-none-eabi/14.3 rel1/arm-none-eabi/include/c++/14.3.1/bits\stl_vector.h ****       {
 748:C:/Program Files (x86)/Arm GNU Toolchain arm-none-eabi/14.3 rel1/arm-none-eabi/include/c++/14.3.1/bits\stl_vector.h **** 	std::_Destroy(this->_M_impl._M_start, this->_M_impl._M_finish,
 749:C:/Program Files (x86)/Arm GNU Toolchain arm-none-eabi/14.3 rel1/arm-none-eabi/include/c++/14.3.1/bits\stl_vector.h **** 		      _M_get_Tp_allocator());
 750:C:/Program Files (x86)/Arm GNU Toolchain arm-none-eabi/14.3 rel1/arm-none-eabi/include/c++/14.3.1/bits\stl_vector.h **** 	_GLIBCXX_ASAN_ANNOTATE_BEFORE_DEALLOC;
 751:C:/Program Files (x86)/Arm GNU Toolchain arm-none-eabi/14.3 rel1/arm-none-eabi/include/c++/14.3.1/bits\stl_vector.h ****       }
 752:C:/Program Files (x86)/Arm GNU Toolchain arm-none-eabi/14.3 rel1/arm-none-eabi/include/c++/14.3.1/bits\stl_vector.h **** 
 753:C:/Program Files (x86)/Arm GNU Toolchain arm-none-eabi/14.3 rel1/arm-none-eabi/include/c++/14.3.1/bits\stl_vector.h ****       /**
 754:C:/Program Files (x86)/Arm GNU Toolchain arm-none-eabi/14.3 rel1/arm-none-eabi/include/c++/14.3.1/bits\stl_vector.h ****        *  @brief  %Vector assignment operator.
 755:C:/Program Files (x86)/Arm GNU Toolchain arm-none-eabi/14.3 rel1/arm-none-eabi/include/c++/14.3.1/bits\stl_vector.h ****        *  @param  __x  A %vector of identical element and allocator types.
 756:C:/Program Files (x86)/Arm GNU Toolchain arm-none-eabi/14.3 rel1/arm-none-eabi/include/c++/14.3.1/bits\stl_vector.h ****        *
 757:C:/Program Files (x86)/Arm GNU Toolchain arm-none-eabi/14.3 rel1/arm-none-eabi/include/c++/14.3.1/bits\stl_vector.h ****        *  All the elements of @a __x are copied, but any unused capacity in
 758:C:/Program Files (x86)/Arm GNU Toolchain arm-none-eabi/14.3 rel1/arm-none-eabi/include/c++/14.3.1/bits\stl_vector.h ****        *  @a __x will not be copied.
 759:C:/Program Files (x86)/Arm GNU Toolchain arm-none-eabi/14.3 rel1/arm-none-eabi/include/c++/14.3.1/bits\stl_vector.h ****        *
 760:C:/Program Files (x86)/Arm GNU Toolchain arm-none-eabi/14.3 rel1/arm-none-eabi/include/c++/14.3.1/bits\stl_vector.h ****        *  Whether the allocator is copied depends on the allocator traits.
 761:C:/Program Files (x86)/Arm GNU Toolchain arm-none-eabi/14.3 rel1/arm-none-eabi/include/c++/14.3.1/bits\stl_vector.h ****        */
 762:C:/Program Files (x86)/Arm GNU Toolchain arm-none-eabi/14.3 rel1/arm-none-eabi/include/c++/14.3.1/bits\stl_vector.h ****       _GLIBCXX20_CONSTEXPR
 763:C:/Program Files (x86)/Arm GNU Toolchain arm-none-eabi/14.3 rel1/arm-none-eabi/include/c++/14.3.1/bits\stl_vector.h ****       vector&
 764:C:/Program Files (x86)/Arm GNU Toolchain arm-none-eabi/14.3 rel1/arm-none-eabi/include/c++/14.3.1/bits\stl_vector.h ****       operator=(const vector& __x);
 765:C:/Program Files (x86)/Arm GNU Toolchain arm-none-eabi/14.3 rel1/arm-none-eabi/include/c++/14.3.1/bits\stl_vector.h **** 
 766:C:/Program Files (x86)/Arm GNU Toolchain arm-none-eabi/14.3 rel1/arm-none-eabi/include/c++/14.3.1/bits\stl_vector.h **** #if __cplusplus >= 201103L
 767:C:/Program Files (x86)/Arm GNU Toolchain arm-none-eabi/14.3 rel1/arm-none-eabi/include/c++/14.3.1/bits\stl_vector.h ****       /**
 768:C:/Program Files (x86)/Arm GNU Toolchain arm-none-eabi/14.3 rel1/arm-none-eabi/include/c++/14.3.1/bits\stl_vector.h ****        *  @brief  %Vector move assignment operator.
 769:C:/Program Files (x86)/Arm GNU Toolchain arm-none-eabi/14.3 rel1/arm-none-eabi/include/c++/14.3.1/bits\stl_vector.h ****        *  @param  __x  A %vector of identical element and allocator types.
 770:C:/Program Files (x86)/Arm GNU Toolchain arm-none-eabi/14.3 rel1/arm-none-eabi/include/c++/14.3.1/bits\stl_vector.h ****        *
 771:C:/Program Files (x86)/Arm GNU Toolchain arm-none-eabi/14.3 rel1/arm-none-eabi/include/c++/14.3.1/bits\stl_vector.h ****        *  The contents of @a __x are moved into this %vector (without copying,
 772:C:/Program Files (x86)/Arm GNU Toolchain arm-none-eabi/14.3 rel1/arm-none-eabi/include/c++/14.3.1/bits\stl_vector.h ****        *  if the allocators permit it).
 773:C:/Program Files (x86)/Arm GNU Toolchain arm-none-eabi/14.3 rel1/arm-none-eabi/include/c++/14.3.1/bits\stl_vector.h ****        *  Afterwards @a __x is a valid, but unspecified %vector.
 774:C:/Program Files (x86)/Arm GNU Toolchain arm-none-eabi/14.3 rel1/arm-none-eabi/include/c++/14.3.1/bits\stl_vector.h ****        *
 775:C:/Program Files (x86)/Arm GNU Toolchain arm-none-eabi/14.3 rel1/arm-none-eabi/include/c++/14.3.1/bits\stl_vector.h ****        *  Whether the allocator is moved depends on the allocator traits.
 776:C:/Program Files (x86)/Arm GNU Toolchain arm-none-eabi/14.3 rel1/arm-none-eabi/include/c++/14.3.1/bits\stl_vector.h ****        */
 777:C:/Program Files (x86)/Arm GNU Toolchain arm-none-eabi/14.3 rel1/arm-none-eabi/include/c++/14.3.1/bits\stl_vector.h ****       _GLIBCXX20_CONSTEXPR
ARM GAS  C:\Users\Oliver\AppData\Local\Temp\ccukWDDi.s 			page 19


 778:C:/Program Files (x86)/Arm GNU Toolchain arm-none-eabi/14.3 rel1/arm-none-eabi/include/c++/14.3.1/bits\stl_vector.h ****       vector&
 779:C:/Program Files (x86)/Arm GNU Toolchain arm-none-eabi/14.3 rel1/arm-none-eabi/include/c++/14.3.1/bits\stl_vector.h ****       operator=(vector&& __x) noexcept(_Alloc_traits::_S_nothrow_move())
 780:C:/Program Files (x86)/Arm GNU Toolchain arm-none-eabi/14.3 rel1/arm-none-eabi/include/c++/14.3.1/bits\stl_vector.h ****       {
 781:C:/Program Files (x86)/Arm GNU Toolchain arm-none-eabi/14.3 rel1/arm-none-eabi/include/c++/14.3.1/bits\stl_vector.h **** 	constexpr bool __move_storage =
 782:C:/Program Files (x86)/Arm GNU Toolchain arm-none-eabi/14.3 rel1/arm-none-eabi/include/c++/14.3.1/bits\stl_vector.h **** 	  _Alloc_traits::_S_propagate_on_move_assign()
 783:C:/Program Files (x86)/Arm GNU Toolchain arm-none-eabi/14.3 rel1/arm-none-eabi/include/c++/14.3.1/bits\stl_vector.h **** 	  || _Alloc_traits::_S_always_equal();
 784:C:/Program Files (x86)/Arm GNU Toolchain arm-none-eabi/14.3 rel1/arm-none-eabi/include/c++/14.3.1/bits\stl_vector.h **** 	_M_move_assign(std::move(__x), __bool_constant<__move_storage>());
 785:C:/Program Files (x86)/Arm GNU Toolchain arm-none-eabi/14.3 rel1/arm-none-eabi/include/c++/14.3.1/bits\stl_vector.h **** 	return *this;
 786:C:/Program Files (x86)/Arm GNU Toolchain arm-none-eabi/14.3 rel1/arm-none-eabi/include/c++/14.3.1/bits\stl_vector.h ****       }
 787:C:/Program Files (x86)/Arm GNU Toolchain arm-none-eabi/14.3 rel1/arm-none-eabi/include/c++/14.3.1/bits\stl_vector.h **** 
 788:C:/Program Files (x86)/Arm GNU Toolchain arm-none-eabi/14.3 rel1/arm-none-eabi/include/c++/14.3.1/bits\stl_vector.h ****       /**
 789:C:/Program Files (x86)/Arm GNU Toolchain arm-none-eabi/14.3 rel1/arm-none-eabi/include/c++/14.3.1/bits\stl_vector.h ****        *  @brief  %Vector list assignment operator.
 790:C:/Program Files (x86)/Arm GNU Toolchain arm-none-eabi/14.3 rel1/arm-none-eabi/include/c++/14.3.1/bits\stl_vector.h ****        *  @param  __l  An initializer_list.
 791:C:/Program Files (x86)/Arm GNU Toolchain arm-none-eabi/14.3 rel1/arm-none-eabi/include/c++/14.3.1/bits\stl_vector.h ****        *
 792:C:/Program Files (x86)/Arm GNU Toolchain arm-none-eabi/14.3 rel1/arm-none-eabi/include/c++/14.3.1/bits\stl_vector.h ****        *  This function fills a %vector with copies of the elements in the
 793:C:/Program Files (x86)/Arm GNU Toolchain arm-none-eabi/14.3 rel1/arm-none-eabi/include/c++/14.3.1/bits\stl_vector.h ****        *  initializer list @a __l.
 794:C:/Program Files (x86)/Arm GNU Toolchain arm-none-eabi/14.3 rel1/arm-none-eabi/include/c++/14.3.1/bits\stl_vector.h ****        *
 795:C:/Program Files (x86)/Arm GNU Toolchain arm-none-eabi/14.3 rel1/arm-none-eabi/include/c++/14.3.1/bits\stl_vector.h ****        *  Note that the assignment completely changes the %vector and
 796:C:/Program Files (x86)/Arm GNU Toolchain arm-none-eabi/14.3 rel1/arm-none-eabi/include/c++/14.3.1/bits\stl_vector.h ****        *  that the resulting %vector's size is the same as the number
 797:C:/Program Files (x86)/Arm GNU Toolchain arm-none-eabi/14.3 rel1/arm-none-eabi/include/c++/14.3.1/bits\stl_vector.h ****        *  of elements assigned.
 798:C:/Program Files (x86)/Arm GNU Toolchain arm-none-eabi/14.3 rel1/arm-none-eabi/include/c++/14.3.1/bits\stl_vector.h ****        */
 799:C:/Program Files (x86)/Arm GNU Toolchain arm-none-eabi/14.3 rel1/arm-none-eabi/include/c++/14.3.1/bits\stl_vector.h ****       _GLIBCXX20_CONSTEXPR
 800:C:/Program Files (x86)/Arm GNU Toolchain arm-none-eabi/14.3 rel1/arm-none-eabi/include/c++/14.3.1/bits\stl_vector.h ****       vector&
 801:C:/Program Files (x86)/Arm GNU Toolchain arm-none-eabi/14.3 rel1/arm-none-eabi/include/c++/14.3.1/bits\stl_vector.h ****       operator=(initializer_list<value_type> __l)
 802:C:/Program Files (x86)/Arm GNU Toolchain arm-none-eabi/14.3 rel1/arm-none-eabi/include/c++/14.3.1/bits\stl_vector.h ****       {
 803:C:/Program Files (x86)/Arm GNU Toolchain arm-none-eabi/14.3 rel1/arm-none-eabi/include/c++/14.3.1/bits\stl_vector.h **** 	this->_M_assign_aux(__l.begin(), __l.end(),
 804:C:/Program Files (x86)/Arm GNU Toolchain arm-none-eabi/14.3 rel1/arm-none-eabi/include/c++/14.3.1/bits\stl_vector.h **** 			    random_access_iterator_tag());
 805:C:/Program Files (x86)/Arm GNU Toolchain arm-none-eabi/14.3 rel1/arm-none-eabi/include/c++/14.3.1/bits\stl_vector.h **** 	return *this;
 806:C:/Program Files (x86)/Arm GNU Toolchain arm-none-eabi/14.3 rel1/arm-none-eabi/include/c++/14.3.1/bits\stl_vector.h ****       }
 807:C:/Program Files (x86)/Arm GNU Toolchain arm-none-eabi/14.3 rel1/arm-none-eabi/include/c++/14.3.1/bits\stl_vector.h **** #endif
 808:C:/Program Files (x86)/Arm GNU Toolchain arm-none-eabi/14.3 rel1/arm-none-eabi/include/c++/14.3.1/bits\stl_vector.h **** 
 809:C:/Program Files (x86)/Arm GNU Toolchain arm-none-eabi/14.3 rel1/arm-none-eabi/include/c++/14.3.1/bits\stl_vector.h ****       /**
 810:C:/Program Files (x86)/Arm GNU Toolchain arm-none-eabi/14.3 rel1/arm-none-eabi/include/c++/14.3.1/bits\stl_vector.h ****        *  @brief  Assigns a given value to a %vector.
 811:C:/Program Files (x86)/Arm GNU Toolchain arm-none-eabi/14.3 rel1/arm-none-eabi/include/c++/14.3.1/bits\stl_vector.h ****        *  @param  __n  Number of elements to be assigned.
 812:C:/Program Files (x86)/Arm GNU Toolchain arm-none-eabi/14.3 rel1/arm-none-eabi/include/c++/14.3.1/bits\stl_vector.h ****        *  @param  __val  Value to be assigned.
 813:C:/Program Files (x86)/Arm GNU Toolchain arm-none-eabi/14.3 rel1/arm-none-eabi/include/c++/14.3.1/bits\stl_vector.h ****        *
 814:C:/Program Files (x86)/Arm GNU Toolchain arm-none-eabi/14.3 rel1/arm-none-eabi/include/c++/14.3.1/bits\stl_vector.h ****        *  This function fills a %vector with @a __n copies of the given
 815:C:/Program Files (x86)/Arm GNU Toolchain arm-none-eabi/14.3 rel1/arm-none-eabi/include/c++/14.3.1/bits\stl_vector.h ****        *  value.  Note that the assignment completely changes the
 816:C:/Program Files (x86)/Arm GNU Toolchain arm-none-eabi/14.3 rel1/arm-none-eabi/include/c++/14.3.1/bits\stl_vector.h ****        *  %vector and that the resulting %vector's size is the same as
 817:C:/Program Files (x86)/Arm GNU Toolchain arm-none-eabi/14.3 rel1/arm-none-eabi/include/c++/14.3.1/bits\stl_vector.h ****        *  the number of elements assigned.
 818:C:/Program Files (x86)/Arm GNU Toolchain arm-none-eabi/14.3 rel1/arm-none-eabi/include/c++/14.3.1/bits\stl_vector.h ****        */
 819:C:/Program Files (x86)/Arm GNU Toolchain arm-none-eabi/14.3 rel1/arm-none-eabi/include/c++/14.3.1/bits\stl_vector.h ****       _GLIBCXX20_CONSTEXPR
 820:C:/Program Files (x86)/Arm GNU Toolchain arm-none-eabi/14.3 rel1/arm-none-eabi/include/c++/14.3.1/bits\stl_vector.h ****       void
 821:C:/Program Files (x86)/Arm GNU Toolchain arm-none-eabi/14.3 rel1/arm-none-eabi/include/c++/14.3.1/bits\stl_vector.h ****       assign(size_type __n, const value_type& __val)
 822:C:/Program Files (x86)/Arm GNU Toolchain arm-none-eabi/14.3 rel1/arm-none-eabi/include/c++/14.3.1/bits\stl_vector.h ****       { _M_fill_assign(__n, __val); }
 823:C:/Program Files (x86)/Arm GNU Toolchain arm-none-eabi/14.3 rel1/arm-none-eabi/include/c++/14.3.1/bits\stl_vector.h **** 
 824:C:/Program Files (x86)/Arm GNU Toolchain arm-none-eabi/14.3 rel1/arm-none-eabi/include/c++/14.3.1/bits\stl_vector.h ****       /**
 825:C:/Program Files (x86)/Arm GNU Toolchain arm-none-eabi/14.3 rel1/arm-none-eabi/include/c++/14.3.1/bits\stl_vector.h ****        *  @brief  Assigns a range to a %vector.
 826:C:/Program Files (x86)/Arm GNU Toolchain arm-none-eabi/14.3 rel1/arm-none-eabi/include/c++/14.3.1/bits\stl_vector.h ****        *  @param  __first  An input iterator.
 827:C:/Program Files (x86)/Arm GNU Toolchain arm-none-eabi/14.3 rel1/arm-none-eabi/include/c++/14.3.1/bits\stl_vector.h ****        *  @param  __last   An input iterator.
 828:C:/Program Files (x86)/Arm GNU Toolchain arm-none-eabi/14.3 rel1/arm-none-eabi/include/c++/14.3.1/bits\stl_vector.h ****        *
 829:C:/Program Files (x86)/Arm GNU Toolchain arm-none-eabi/14.3 rel1/arm-none-eabi/include/c++/14.3.1/bits\stl_vector.h ****        *  This function fills a %vector with copies of the elements in the
 830:C:/Program Files (x86)/Arm GNU Toolchain arm-none-eabi/14.3 rel1/arm-none-eabi/include/c++/14.3.1/bits\stl_vector.h ****        *  range [__first,__last).
 831:C:/Program Files (x86)/Arm GNU Toolchain arm-none-eabi/14.3 rel1/arm-none-eabi/include/c++/14.3.1/bits\stl_vector.h ****        *
 832:C:/Program Files (x86)/Arm GNU Toolchain arm-none-eabi/14.3 rel1/arm-none-eabi/include/c++/14.3.1/bits\stl_vector.h ****        *  Note that the assignment completely changes the %vector and
 833:C:/Program Files (x86)/Arm GNU Toolchain arm-none-eabi/14.3 rel1/arm-none-eabi/include/c++/14.3.1/bits\stl_vector.h ****        *  that the resulting %vector's size is the same as the number
 834:C:/Program Files (x86)/Arm GNU Toolchain arm-none-eabi/14.3 rel1/arm-none-eabi/include/c++/14.3.1/bits\stl_vector.h ****        *  of elements assigned.
ARM GAS  C:\Users\Oliver\AppData\Local\Temp\ccukWDDi.s 			page 20


 835:C:/Program Files (x86)/Arm GNU Toolchain arm-none-eabi/14.3 rel1/arm-none-eabi/include/c++/14.3.1/bits\stl_vector.h ****        */
 836:C:/Program Files (x86)/Arm GNU Toolchain arm-none-eabi/14.3 rel1/arm-none-eabi/include/c++/14.3.1/bits\stl_vector.h **** #if __cplusplus >= 201103L
 837:C:/Program Files (x86)/Arm GNU Toolchain arm-none-eabi/14.3 rel1/arm-none-eabi/include/c++/14.3.1/bits\stl_vector.h ****       template<typename _InputIterator,
 838:C:/Program Files (x86)/Arm GNU Toolchain arm-none-eabi/14.3 rel1/arm-none-eabi/include/c++/14.3.1/bits\stl_vector.h **** 	       typename = std::_RequireInputIter<_InputIterator>>
 839:C:/Program Files (x86)/Arm GNU Toolchain arm-none-eabi/14.3 rel1/arm-none-eabi/include/c++/14.3.1/bits\stl_vector.h **** 	_GLIBCXX20_CONSTEXPR
 840:C:/Program Files (x86)/Arm GNU Toolchain arm-none-eabi/14.3 rel1/arm-none-eabi/include/c++/14.3.1/bits\stl_vector.h **** 	void
 841:C:/Program Files (x86)/Arm GNU Toolchain arm-none-eabi/14.3 rel1/arm-none-eabi/include/c++/14.3.1/bits\stl_vector.h **** 	assign(_InputIterator __first, _InputIterator __last)
 842:C:/Program Files (x86)/Arm GNU Toolchain arm-none-eabi/14.3 rel1/arm-none-eabi/include/c++/14.3.1/bits\stl_vector.h **** 	{ _M_assign_aux(__first, __last, std::__iterator_category(__first)); }
 843:C:/Program Files (x86)/Arm GNU Toolchain arm-none-eabi/14.3 rel1/arm-none-eabi/include/c++/14.3.1/bits\stl_vector.h **** #else
 844:C:/Program Files (x86)/Arm GNU Toolchain arm-none-eabi/14.3 rel1/arm-none-eabi/include/c++/14.3.1/bits\stl_vector.h ****       template<typename _InputIterator>
 845:C:/Program Files (x86)/Arm GNU Toolchain arm-none-eabi/14.3 rel1/arm-none-eabi/include/c++/14.3.1/bits\stl_vector.h **** 	void
 846:C:/Program Files (x86)/Arm GNU Toolchain arm-none-eabi/14.3 rel1/arm-none-eabi/include/c++/14.3.1/bits\stl_vector.h **** 	assign(_InputIterator __first, _InputIterator __last)
 847:C:/Program Files (x86)/Arm GNU Toolchain arm-none-eabi/14.3 rel1/arm-none-eabi/include/c++/14.3.1/bits\stl_vector.h **** 	{
 848:C:/Program Files (x86)/Arm GNU Toolchain arm-none-eabi/14.3 rel1/arm-none-eabi/include/c++/14.3.1/bits\stl_vector.h **** 	  // Check whether it's an integral type.  If so, it's not an iterator.
 849:C:/Program Files (x86)/Arm GNU Toolchain arm-none-eabi/14.3 rel1/arm-none-eabi/include/c++/14.3.1/bits\stl_vector.h **** 	  typedef typename std::__is_integer<_InputIterator>::__type _Integral;
 850:C:/Program Files (x86)/Arm GNU Toolchain arm-none-eabi/14.3 rel1/arm-none-eabi/include/c++/14.3.1/bits\stl_vector.h **** 	  _M_assign_dispatch(__first, __last, _Integral());
 851:C:/Program Files (x86)/Arm GNU Toolchain arm-none-eabi/14.3 rel1/arm-none-eabi/include/c++/14.3.1/bits\stl_vector.h **** 	}
 852:C:/Program Files (x86)/Arm GNU Toolchain arm-none-eabi/14.3 rel1/arm-none-eabi/include/c++/14.3.1/bits\stl_vector.h **** #endif
 853:C:/Program Files (x86)/Arm GNU Toolchain arm-none-eabi/14.3 rel1/arm-none-eabi/include/c++/14.3.1/bits\stl_vector.h **** 
 854:C:/Program Files (x86)/Arm GNU Toolchain arm-none-eabi/14.3 rel1/arm-none-eabi/include/c++/14.3.1/bits\stl_vector.h **** #if __cplusplus >= 201103L
 855:C:/Program Files (x86)/Arm GNU Toolchain arm-none-eabi/14.3 rel1/arm-none-eabi/include/c++/14.3.1/bits\stl_vector.h ****       /**
 856:C:/Program Files (x86)/Arm GNU Toolchain arm-none-eabi/14.3 rel1/arm-none-eabi/include/c++/14.3.1/bits\stl_vector.h ****        *  @brief  Assigns an initializer list to a %vector.
 857:C:/Program Files (x86)/Arm GNU Toolchain arm-none-eabi/14.3 rel1/arm-none-eabi/include/c++/14.3.1/bits\stl_vector.h ****        *  @param  __l  An initializer_list.
 858:C:/Program Files (x86)/Arm GNU Toolchain arm-none-eabi/14.3 rel1/arm-none-eabi/include/c++/14.3.1/bits\stl_vector.h ****        *
 859:C:/Program Files (x86)/Arm GNU Toolchain arm-none-eabi/14.3 rel1/arm-none-eabi/include/c++/14.3.1/bits\stl_vector.h ****        *  This function fills a %vector with copies of the elements in the
 860:C:/Program Files (x86)/Arm GNU Toolchain arm-none-eabi/14.3 rel1/arm-none-eabi/include/c++/14.3.1/bits\stl_vector.h ****        *  initializer list @a __l.
 861:C:/Program Files (x86)/Arm GNU Toolchain arm-none-eabi/14.3 rel1/arm-none-eabi/include/c++/14.3.1/bits\stl_vector.h ****        *
 862:C:/Program Files (x86)/Arm GNU Toolchain arm-none-eabi/14.3 rel1/arm-none-eabi/include/c++/14.3.1/bits\stl_vector.h ****        *  Note that the assignment completely changes the %vector and
 863:C:/Program Files (x86)/Arm GNU Toolchain arm-none-eabi/14.3 rel1/arm-none-eabi/include/c++/14.3.1/bits\stl_vector.h ****        *  that the resulting %vector's size is the same as the number
 864:C:/Program Files (x86)/Arm GNU Toolchain arm-none-eabi/14.3 rel1/arm-none-eabi/include/c++/14.3.1/bits\stl_vector.h ****        *  of elements assigned.
 865:C:/Program Files (x86)/Arm GNU Toolchain arm-none-eabi/14.3 rel1/arm-none-eabi/include/c++/14.3.1/bits\stl_vector.h ****        */
 866:C:/Program Files (x86)/Arm GNU Toolchain arm-none-eabi/14.3 rel1/arm-none-eabi/include/c++/14.3.1/bits\stl_vector.h ****       _GLIBCXX20_CONSTEXPR
 867:C:/Program Files (x86)/Arm GNU Toolchain arm-none-eabi/14.3 rel1/arm-none-eabi/include/c++/14.3.1/bits\stl_vector.h ****       void
 868:C:/Program Files (x86)/Arm GNU Toolchain arm-none-eabi/14.3 rel1/arm-none-eabi/include/c++/14.3.1/bits\stl_vector.h ****       assign(initializer_list<value_type> __l)
 869:C:/Program Files (x86)/Arm GNU Toolchain arm-none-eabi/14.3 rel1/arm-none-eabi/include/c++/14.3.1/bits\stl_vector.h ****       {
 870:C:/Program Files (x86)/Arm GNU Toolchain arm-none-eabi/14.3 rel1/arm-none-eabi/include/c++/14.3.1/bits\stl_vector.h **** 	this->_M_assign_aux(__l.begin(), __l.end(),
 871:C:/Program Files (x86)/Arm GNU Toolchain arm-none-eabi/14.3 rel1/arm-none-eabi/include/c++/14.3.1/bits\stl_vector.h **** 			    random_access_iterator_tag());
 872:C:/Program Files (x86)/Arm GNU Toolchain arm-none-eabi/14.3 rel1/arm-none-eabi/include/c++/14.3.1/bits\stl_vector.h ****       }
 873:C:/Program Files (x86)/Arm GNU Toolchain arm-none-eabi/14.3 rel1/arm-none-eabi/include/c++/14.3.1/bits\stl_vector.h **** #endif
 874:C:/Program Files (x86)/Arm GNU Toolchain arm-none-eabi/14.3 rel1/arm-none-eabi/include/c++/14.3.1/bits\stl_vector.h **** 
 875:C:/Program Files (x86)/Arm GNU Toolchain arm-none-eabi/14.3 rel1/arm-none-eabi/include/c++/14.3.1/bits\stl_vector.h ****       /// Get a copy of the memory allocation object.
 876:C:/Program Files (x86)/Arm GNU Toolchain arm-none-eabi/14.3 rel1/arm-none-eabi/include/c++/14.3.1/bits\stl_vector.h ****       using _Base::get_allocator;
 877:C:/Program Files (x86)/Arm GNU Toolchain arm-none-eabi/14.3 rel1/arm-none-eabi/include/c++/14.3.1/bits\stl_vector.h **** 
 878:C:/Program Files (x86)/Arm GNU Toolchain arm-none-eabi/14.3 rel1/arm-none-eabi/include/c++/14.3.1/bits\stl_vector.h ****       // iterators
 879:C:/Program Files (x86)/Arm GNU Toolchain arm-none-eabi/14.3 rel1/arm-none-eabi/include/c++/14.3.1/bits\stl_vector.h ****       /**
 880:C:/Program Files (x86)/Arm GNU Toolchain arm-none-eabi/14.3 rel1/arm-none-eabi/include/c++/14.3.1/bits\stl_vector.h ****        *  Returns a read/write iterator that points to the first
 881:C:/Program Files (x86)/Arm GNU Toolchain arm-none-eabi/14.3 rel1/arm-none-eabi/include/c++/14.3.1/bits\stl_vector.h ****        *  element in the %vector.  Iteration is done in ordinary
 882:C:/Program Files (x86)/Arm GNU Toolchain arm-none-eabi/14.3 rel1/arm-none-eabi/include/c++/14.3.1/bits\stl_vector.h ****        *  element order.
 883:C:/Program Files (x86)/Arm GNU Toolchain arm-none-eabi/14.3 rel1/arm-none-eabi/include/c++/14.3.1/bits\stl_vector.h ****        */
 884:C:/Program Files (x86)/Arm GNU Toolchain arm-none-eabi/14.3 rel1/arm-none-eabi/include/c++/14.3.1/bits\stl_vector.h ****       _GLIBCXX_NODISCARD _GLIBCXX20_CONSTEXPR
 885:C:/Program Files (x86)/Arm GNU Toolchain arm-none-eabi/14.3 rel1/arm-none-eabi/include/c++/14.3.1/bits\stl_vector.h ****       iterator
 886:C:/Program Files (x86)/Arm GNU Toolchain arm-none-eabi/14.3 rel1/arm-none-eabi/include/c++/14.3.1/bits\stl_vector.h ****       begin() _GLIBCXX_NOEXCEPT
 887:C:/Program Files (x86)/Arm GNU Toolchain arm-none-eabi/14.3 rel1/arm-none-eabi/include/c++/14.3.1/bits\stl_vector.h ****       { return iterator(this->_M_impl._M_start); }
 888:C:/Program Files (x86)/Arm GNU Toolchain arm-none-eabi/14.3 rel1/arm-none-eabi/include/c++/14.3.1/bits\stl_vector.h **** 
 889:C:/Program Files (x86)/Arm GNU Toolchain arm-none-eabi/14.3 rel1/arm-none-eabi/include/c++/14.3.1/bits\stl_vector.h ****       /**
 890:C:/Program Files (x86)/Arm GNU Toolchain arm-none-eabi/14.3 rel1/arm-none-eabi/include/c++/14.3.1/bits\stl_vector.h ****        *  Returns a read-only (constant) iterator that points to the
 891:C:/Program Files (x86)/Arm GNU Toolchain arm-none-eabi/14.3 rel1/arm-none-eabi/include/c++/14.3.1/bits\stl_vector.h ****        *  first element in the %vector.  Iteration is done in ordinary
ARM GAS  C:\Users\Oliver\AppData\Local\Temp\ccukWDDi.s 			page 21


 892:C:/Program Files (x86)/Arm GNU Toolchain arm-none-eabi/14.3 rel1/arm-none-eabi/include/c++/14.3.1/bits\stl_vector.h ****        *  element order.
 893:C:/Program Files (x86)/Arm GNU Toolchain arm-none-eabi/14.3 rel1/arm-none-eabi/include/c++/14.3.1/bits\stl_vector.h ****        */
 894:C:/Program Files (x86)/Arm GNU Toolchain arm-none-eabi/14.3 rel1/arm-none-eabi/include/c++/14.3.1/bits\stl_vector.h ****       _GLIBCXX_NODISCARD _GLIBCXX20_CONSTEXPR
 895:C:/Program Files (x86)/Arm GNU Toolchain arm-none-eabi/14.3 rel1/arm-none-eabi/include/c++/14.3.1/bits\stl_vector.h ****       const_iterator
 896:C:/Program Files (x86)/Arm GNU Toolchain arm-none-eabi/14.3 rel1/arm-none-eabi/include/c++/14.3.1/bits\stl_vector.h ****       begin() const _GLIBCXX_NOEXCEPT
 897:C:/Program Files (x86)/Arm GNU Toolchain arm-none-eabi/14.3 rel1/arm-none-eabi/include/c++/14.3.1/bits\stl_vector.h ****       { return const_iterator(this->_M_impl._M_start); }
 898:C:/Program Files (x86)/Arm GNU Toolchain arm-none-eabi/14.3 rel1/arm-none-eabi/include/c++/14.3.1/bits\stl_vector.h **** 
 899:C:/Program Files (x86)/Arm GNU Toolchain arm-none-eabi/14.3 rel1/arm-none-eabi/include/c++/14.3.1/bits\stl_vector.h ****       /**
 900:C:/Program Files (x86)/Arm GNU Toolchain arm-none-eabi/14.3 rel1/arm-none-eabi/include/c++/14.3.1/bits\stl_vector.h ****        *  Returns a read/write iterator that points one past the last
 901:C:/Program Files (x86)/Arm GNU Toolchain arm-none-eabi/14.3 rel1/arm-none-eabi/include/c++/14.3.1/bits\stl_vector.h ****        *  element in the %vector.  Iteration is done in ordinary
 902:C:/Program Files (x86)/Arm GNU Toolchain arm-none-eabi/14.3 rel1/arm-none-eabi/include/c++/14.3.1/bits\stl_vector.h ****        *  element order.
 903:C:/Program Files (x86)/Arm GNU Toolchain arm-none-eabi/14.3 rel1/arm-none-eabi/include/c++/14.3.1/bits\stl_vector.h ****        */
 904:C:/Program Files (x86)/Arm GNU Toolchain arm-none-eabi/14.3 rel1/arm-none-eabi/include/c++/14.3.1/bits\stl_vector.h ****       _GLIBCXX_NODISCARD _GLIBCXX20_CONSTEXPR
 905:C:/Program Files (x86)/Arm GNU Toolchain arm-none-eabi/14.3 rel1/arm-none-eabi/include/c++/14.3.1/bits\stl_vector.h ****       iterator
 906:C:/Program Files (x86)/Arm GNU Toolchain arm-none-eabi/14.3 rel1/arm-none-eabi/include/c++/14.3.1/bits\stl_vector.h ****       end() _GLIBCXX_NOEXCEPT
 907:C:/Program Files (x86)/Arm GNU Toolchain arm-none-eabi/14.3 rel1/arm-none-eabi/include/c++/14.3.1/bits\stl_vector.h ****       { return iterator(this->_M_impl._M_finish); }
 908:C:/Program Files (x86)/Arm GNU Toolchain arm-none-eabi/14.3 rel1/arm-none-eabi/include/c++/14.3.1/bits\stl_vector.h **** 
 909:C:/Program Files (x86)/Arm GNU Toolchain arm-none-eabi/14.3 rel1/arm-none-eabi/include/c++/14.3.1/bits\stl_vector.h ****       /**
 910:C:/Program Files (x86)/Arm GNU Toolchain arm-none-eabi/14.3 rel1/arm-none-eabi/include/c++/14.3.1/bits\stl_vector.h ****        *  Returns a read-only (constant) iterator that points one past
 911:C:/Program Files (x86)/Arm GNU Toolchain arm-none-eabi/14.3 rel1/arm-none-eabi/include/c++/14.3.1/bits\stl_vector.h ****        *  the last element in the %vector.  Iteration is done in
 912:C:/Program Files (x86)/Arm GNU Toolchain arm-none-eabi/14.3 rel1/arm-none-eabi/include/c++/14.3.1/bits\stl_vector.h ****        *  ordinary element order.
 913:C:/Program Files (x86)/Arm GNU Toolchain arm-none-eabi/14.3 rel1/arm-none-eabi/include/c++/14.3.1/bits\stl_vector.h ****        */
 914:C:/Program Files (x86)/Arm GNU Toolchain arm-none-eabi/14.3 rel1/arm-none-eabi/include/c++/14.3.1/bits\stl_vector.h ****       _GLIBCXX_NODISCARD _GLIBCXX20_CONSTEXPR
 915:C:/Program Files (x86)/Arm GNU Toolchain arm-none-eabi/14.3 rel1/arm-none-eabi/include/c++/14.3.1/bits\stl_vector.h ****       const_iterator
 916:C:/Program Files (x86)/Arm GNU Toolchain arm-none-eabi/14.3 rel1/arm-none-eabi/include/c++/14.3.1/bits\stl_vector.h ****       end() const _GLIBCXX_NOEXCEPT
 917:C:/Program Files (x86)/Arm GNU Toolchain arm-none-eabi/14.3 rel1/arm-none-eabi/include/c++/14.3.1/bits\stl_vector.h ****       { return const_iterator(this->_M_impl._M_finish); }
 918:C:/Program Files (x86)/Arm GNU Toolchain arm-none-eabi/14.3 rel1/arm-none-eabi/include/c++/14.3.1/bits\stl_vector.h **** 
 919:C:/Program Files (x86)/Arm GNU Toolchain arm-none-eabi/14.3 rel1/arm-none-eabi/include/c++/14.3.1/bits\stl_vector.h ****       /**
 920:C:/Program Files (x86)/Arm GNU Toolchain arm-none-eabi/14.3 rel1/arm-none-eabi/include/c++/14.3.1/bits\stl_vector.h ****        *  Returns a read/write reverse iterator that points to the
 921:C:/Program Files (x86)/Arm GNU Toolchain arm-none-eabi/14.3 rel1/arm-none-eabi/include/c++/14.3.1/bits\stl_vector.h ****        *  last element in the %vector.  Iteration is done in reverse
 922:C:/Program Files (x86)/Arm GNU Toolchain arm-none-eabi/14.3 rel1/arm-none-eabi/include/c++/14.3.1/bits\stl_vector.h ****        *  element order.
 923:C:/Program Files (x86)/Arm GNU Toolchain arm-none-eabi/14.3 rel1/arm-none-eabi/include/c++/14.3.1/bits\stl_vector.h ****        */
 924:C:/Program Files (x86)/Arm GNU Toolchain arm-none-eabi/14.3 rel1/arm-none-eabi/include/c++/14.3.1/bits\stl_vector.h ****       _GLIBCXX_NODISCARD _GLIBCXX20_CONSTEXPR
 925:C:/Program Files (x86)/Arm GNU Toolchain arm-none-eabi/14.3 rel1/arm-none-eabi/include/c++/14.3.1/bits\stl_vector.h ****       reverse_iterator
 926:C:/Program Files (x86)/Arm GNU Toolchain arm-none-eabi/14.3 rel1/arm-none-eabi/include/c++/14.3.1/bits\stl_vector.h ****       rbegin() _GLIBCXX_NOEXCEPT
 927:C:/Program Files (x86)/Arm GNU Toolchain arm-none-eabi/14.3 rel1/arm-none-eabi/include/c++/14.3.1/bits\stl_vector.h ****       { return reverse_iterator(end()); }
 928:C:/Program Files (x86)/Arm GNU Toolchain arm-none-eabi/14.3 rel1/arm-none-eabi/include/c++/14.3.1/bits\stl_vector.h **** 
 929:C:/Program Files (x86)/Arm GNU Toolchain arm-none-eabi/14.3 rel1/arm-none-eabi/include/c++/14.3.1/bits\stl_vector.h ****       /**
 930:C:/Program Files (x86)/Arm GNU Toolchain arm-none-eabi/14.3 rel1/arm-none-eabi/include/c++/14.3.1/bits\stl_vector.h ****        *  Returns a read-only (constant) reverse iterator that points
 931:C:/Program Files (x86)/Arm GNU Toolchain arm-none-eabi/14.3 rel1/arm-none-eabi/include/c++/14.3.1/bits\stl_vector.h ****        *  to the last element in the %vector.  Iteration is done in
 932:C:/Program Files (x86)/Arm GNU Toolchain arm-none-eabi/14.3 rel1/arm-none-eabi/include/c++/14.3.1/bits\stl_vector.h ****        *  reverse element order.
 933:C:/Program Files (x86)/Arm GNU Toolchain arm-none-eabi/14.3 rel1/arm-none-eabi/include/c++/14.3.1/bits\stl_vector.h ****        */
 934:C:/Program Files (x86)/Arm GNU Toolchain arm-none-eabi/14.3 rel1/arm-none-eabi/include/c++/14.3.1/bits\stl_vector.h ****       _GLIBCXX_NODISCARD _GLIBCXX20_CONSTEXPR
 935:C:/Program Files (x86)/Arm GNU Toolchain arm-none-eabi/14.3 rel1/arm-none-eabi/include/c++/14.3.1/bits\stl_vector.h ****       const_reverse_iterator
 936:C:/Program Files (x86)/Arm GNU Toolchain arm-none-eabi/14.3 rel1/arm-none-eabi/include/c++/14.3.1/bits\stl_vector.h ****       rbegin() const _GLIBCXX_NOEXCEPT
 937:C:/Program Files (x86)/Arm GNU Toolchain arm-none-eabi/14.3 rel1/arm-none-eabi/include/c++/14.3.1/bits\stl_vector.h ****       { return const_reverse_iterator(end()); }
 938:C:/Program Files (x86)/Arm GNU Toolchain arm-none-eabi/14.3 rel1/arm-none-eabi/include/c++/14.3.1/bits\stl_vector.h **** 
 939:C:/Program Files (x86)/Arm GNU Toolchain arm-none-eabi/14.3 rel1/arm-none-eabi/include/c++/14.3.1/bits\stl_vector.h ****       /**
 940:C:/Program Files (x86)/Arm GNU Toolchain arm-none-eabi/14.3 rel1/arm-none-eabi/include/c++/14.3.1/bits\stl_vector.h ****        *  Returns a read/write reverse iterator that points to one
 941:C:/Program Files (x86)/Arm GNU Toolchain arm-none-eabi/14.3 rel1/arm-none-eabi/include/c++/14.3.1/bits\stl_vector.h ****        *  before the first element in the %vector.  Iteration is done
 942:C:/Program Files (x86)/Arm GNU Toolchain arm-none-eabi/14.3 rel1/arm-none-eabi/include/c++/14.3.1/bits\stl_vector.h ****        *  in reverse element order.
 943:C:/Program Files (x86)/Arm GNU Toolchain arm-none-eabi/14.3 rel1/arm-none-eabi/include/c++/14.3.1/bits\stl_vector.h ****        */
 944:C:/Program Files (x86)/Arm GNU Toolchain arm-none-eabi/14.3 rel1/arm-none-eabi/include/c++/14.3.1/bits\stl_vector.h ****       _GLIBCXX_NODISCARD _GLIBCXX20_CONSTEXPR
 945:C:/Program Files (x86)/Arm GNU Toolchain arm-none-eabi/14.3 rel1/arm-none-eabi/include/c++/14.3.1/bits\stl_vector.h ****       reverse_iterator
 946:C:/Program Files (x86)/Arm GNU Toolchain arm-none-eabi/14.3 rel1/arm-none-eabi/include/c++/14.3.1/bits\stl_vector.h ****       rend() _GLIBCXX_NOEXCEPT
 947:C:/Program Files (x86)/Arm GNU Toolchain arm-none-eabi/14.3 rel1/arm-none-eabi/include/c++/14.3.1/bits\stl_vector.h ****       { return reverse_iterator(begin()); }
 948:C:/Program Files (x86)/Arm GNU Toolchain arm-none-eabi/14.3 rel1/arm-none-eabi/include/c++/14.3.1/bits\stl_vector.h **** 
ARM GAS  C:\Users\Oliver\AppData\Local\Temp\ccukWDDi.s 			page 22


 949:C:/Program Files (x86)/Arm GNU Toolchain arm-none-eabi/14.3 rel1/arm-none-eabi/include/c++/14.3.1/bits\stl_vector.h ****       /**
 950:C:/Program Files (x86)/Arm GNU Toolchain arm-none-eabi/14.3 rel1/arm-none-eabi/include/c++/14.3.1/bits\stl_vector.h ****        *  Returns a read-only (constant) reverse iterator that points
 951:C:/Program Files (x86)/Arm GNU Toolchain arm-none-eabi/14.3 rel1/arm-none-eabi/include/c++/14.3.1/bits\stl_vector.h ****        *  to one before the first element in the %vector.  Iteration
 952:C:/Program Files (x86)/Arm GNU Toolchain arm-none-eabi/14.3 rel1/arm-none-eabi/include/c++/14.3.1/bits\stl_vector.h ****        *  is done in reverse element order.
 953:C:/Program Files (x86)/Arm GNU Toolchain arm-none-eabi/14.3 rel1/arm-none-eabi/include/c++/14.3.1/bits\stl_vector.h ****        */
 954:C:/Program Files (x86)/Arm GNU Toolchain arm-none-eabi/14.3 rel1/arm-none-eabi/include/c++/14.3.1/bits\stl_vector.h ****       _GLIBCXX_NODISCARD _GLIBCXX20_CONSTEXPR
 955:C:/Program Files (x86)/Arm GNU Toolchain arm-none-eabi/14.3 rel1/arm-none-eabi/include/c++/14.3.1/bits\stl_vector.h ****       const_reverse_iterator
 956:C:/Program Files (x86)/Arm GNU Toolchain arm-none-eabi/14.3 rel1/arm-none-eabi/include/c++/14.3.1/bits\stl_vector.h ****       rend() const _GLIBCXX_NOEXCEPT
 957:C:/Program Files (x86)/Arm GNU Toolchain arm-none-eabi/14.3 rel1/arm-none-eabi/include/c++/14.3.1/bits\stl_vector.h ****       { return const_reverse_iterator(begin()); }
 958:C:/Program Files (x86)/Arm GNU Toolchain arm-none-eabi/14.3 rel1/arm-none-eabi/include/c++/14.3.1/bits\stl_vector.h **** 
 959:C:/Program Files (x86)/Arm GNU Toolchain arm-none-eabi/14.3 rel1/arm-none-eabi/include/c++/14.3.1/bits\stl_vector.h **** #if __cplusplus >= 201103L
 960:C:/Program Files (x86)/Arm GNU Toolchain arm-none-eabi/14.3 rel1/arm-none-eabi/include/c++/14.3.1/bits\stl_vector.h ****       /**
 961:C:/Program Files (x86)/Arm GNU Toolchain arm-none-eabi/14.3 rel1/arm-none-eabi/include/c++/14.3.1/bits\stl_vector.h ****        *  Returns a read-only (constant) iterator that points to the
 962:C:/Program Files (x86)/Arm GNU Toolchain arm-none-eabi/14.3 rel1/arm-none-eabi/include/c++/14.3.1/bits\stl_vector.h ****        *  first element in the %vector.  Iteration is done in ordinary
 963:C:/Program Files (x86)/Arm GNU Toolchain arm-none-eabi/14.3 rel1/arm-none-eabi/include/c++/14.3.1/bits\stl_vector.h ****        *  element order.
 964:C:/Program Files (x86)/Arm GNU Toolchain arm-none-eabi/14.3 rel1/arm-none-eabi/include/c++/14.3.1/bits\stl_vector.h ****        */
 965:C:/Program Files (x86)/Arm GNU Toolchain arm-none-eabi/14.3 rel1/arm-none-eabi/include/c++/14.3.1/bits\stl_vector.h ****       [[__nodiscard__]] _GLIBCXX20_CONSTEXPR
 966:C:/Program Files (x86)/Arm GNU Toolchain arm-none-eabi/14.3 rel1/arm-none-eabi/include/c++/14.3.1/bits\stl_vector.h ****       const_iterator
 967:C:/Program Files (x86)/Arm GNU Toolchain arm-none-eabi/14.3 rel1/arm-none-eabi/include/c++/14.3.1/bits\stl_vector.h ****       cbegin() const noexcept
 968:C:/Program Files (x86)/Arm GNU Toolchain arm-none-eabi/14.3 rel1/arm-none-eabi/include/c++/14.3.1/bits\stl_vector.h ****       { return const_iterator(this->_M_impl._M_start); }
 969:C:/Program Files (x86)/Arm GNU Toolchain arm-none-eabi/14.3 rel1/arm-none-eabi/include/c++/14.3.1/bits\stl_vector.h **** 
 970:C:/Program Files (x86)/Arm GNU Toolchain arm-none-eabi/14.3 rel1/arm-none-eabi/include/c++/14.3.1/bits\stl_vector.h ****       /**
 971:C:/Program Files (x86)/Arm GNU Toolchain arm-none-eabi/14.3 rel1/arm-none-eabi/include/c++/14.3.1/bits\stl_vector.h ****        *  Returns a read-only (constant) iterator that points one past
 972:C:/Program Files (x86)/Arm GNU Toolchain arm-none-eabi/14.3 rel1/arm-none-eabi/include/c++/14.3.1/bits\stl_vector.h ****        *  the last element in the %vector.  Iteration is done in
 973:C:/Program Files (x86)/Arm GNU Toolchain arm-none-eabi/14.3 rel1/arm-none-eabi/include/c++/14.3.1/bits\stl_vector.h ****        *  ordinary element order.
 974:C:/Program Files (x86)/Arm GNU Toolchain arm-none-eabi/14.3 rel1/arm-none-eabi/include/c++/14.3.1/bits\stl_vector.h ****        */
 975:C:/Program Files (x86)/Arm GNU Toolchain arm-none-eabi/14.3 rel1/arm-none-eabi/include/c++/14.3.1/bits\stl_vector.h ****       [[__nodiscard__]] _GLIBCXX20_CONSTEXPR
 976:C:/Program Files (x86)/Arm GNU Toolchain arm-none-eabi/14.3 rel1/arm-none-eabi/include/c++/14.3.1/bits\stl_vector.h ****       const_iterator
 977:C:/Program Files (x86)/Arm GNU Toolchain arm-none-eabi/14.3 rel1/arm-none-eabi/include/c++/14.3.1/bits\stl_vector.h ****       cend() const noexcept
 978:C:/Program Files (x86)/Arm GNU Toolchain arm-none-eabi/14.3 rel1/arm-none-eabi/include/c++/14.3.1/bits\stl_vector.h ****       { return const_iterator(this->_M_impl._M_finish); }
 979:C:/Program Files (x86)/Arm GNU Toolchain arm-none-eabi/14.3 rel1/arm-none-eabi/include/c++/14.3.1/bits\stl_vector.h **** 
 980:C:/Program Files (x86)/Arm GNU Toolchain arm-none-eabi/14.3 rel1/arm-none-eabi/include/c++/14.3.1/bits\stl_vector.h ****       /**
 981:C:/Program Files (x86)/Arm GNU Toolchain arm-none-eabi/14.3 rel1/arm-none-eabi/include/c++/14.3.1/bits\stl_vector.h ****        *  Returns a read-only (constant) reverse iterator that points
 982:C:/Program Files (x86)/Arm GNU Toolchain arm-none-eabi/14.3 rel1/arm-none-eabi/include/c++/14.3.1/bits\stl_vector.h ****        *  to the last element in the %vector.  Iteration is done in
 983:C:/Program Files (x86)/Arm GNU Toolchain arm-none-eabi/14.3 rel1/arm-none-eabi/include/c++/14.3.1/bits\stl_vector.h ****        *  reverse element order.
 984:C:/Program Files (x86)/Arm GNU Toolchain arm-none-eabi/14.3 rel1/arm-none-eabi/include/c++/14.3.1/bits\stl_vector.h ****        */
 985:C:/Program Files (x86)/Arm GNU Toolchain arm-none-eabi/14.3 rel1/arm-none-eabi/include/c++/14.3.1/bits\stl_vector.h ****       [[__nodiscard__]] _GLIBCXX20_CONSTEXPR
 986:C:/Program Files (x86)/Arm GNU Toolchain arm-none-eabi/14.3 rel1/arm-none-eabi/include/c++/14.3.1/bits\stl_vector.h ****       const_reverse_iterator
 987:C:/Program Files (x86)/Arm GNU Toolchain arm-none-eabi/14.3 rel1/arm-none-eabi/include/c++/14.3.1/bits\stl_vector.h ****       crbegin() const noexcept
 988:C:/Program Files (x86)/Arm GNU Toolchain arm-none-eabi/14.3 rel1/arm-none-eabi/include/c++/14.3.1/bits\stl_vector.h ****       { return const_reverse_iterator(end()); }
 989:C:/Program Files (x86)/Arm GNU Toolchain arm-none-eabi/14.3 rel1/arm-none-eabi/include/c++/14.3.1/bits\stl_vector.h **** 
 990:C:/Program Files (x86)/Arm GNU Toolchain arm-none-eabi/14.3 rel1/arm-none-eabi/include/c++/14.3.1/bits\stl_vector.h ****       /**
 991:C:/Program Files (x86)/Arm GNU Toolchain arm-none-eabi/14.3 rel1/arm-none-eabi/include/c++/14.3.1/bits\stl_vector.h ****        *  Returns a read-only (constant) reverse iterator that points
 992:C:/Program Files (x86)/Arm GNU Toolchain arm-none-eabi/14.3 rel1/arm-none-eabi/include/c++/14.3.1/bits\stl_vector.h ****        *  to one before the first element in the %vector.  Iteration
 993:C:/Program Files (x86)/Arm GNU Toolchain arm-none-eabi/14.3 rel1/arm-none-eabi/include/c++/14.3.1/bits\stl_vector.h ****        *  is done in reverse element order.
 994:C:/Program Files (x86)/Arm GNU Toolchain arm-none-eabi/14.3 rel1/arm-none-eabi/include/c++/14.3.1/bits\stl_vector.h ****        */
 995:C:/Program Files (x86)/Arm GNU Toolchain arm-none-eabi/14.3 rel1/arm-none-eabi/include/c++/14.3.1/bits\stl_vector.h ****       [[__nodiscard__]] _GLIBCXX20_CONSTEXPR
 996:C:/Program Files (x86)/Arm GNU Toolchain arm-none-eabi/14.3 rel1/arm-none-eabi/include/c++/14.3.1/bits\stl_vector.h ****       const_reverse_iterator
 997:C:/Program Files (x86)/Arm GNU Toolchain arm-none-eabi/14.3 rel1/arm-none-eabi/include/c++/14.3.1/bits\stl_vector.h ****       crend() const noexcept
 998:C:/Program Files (x86)/Arm GNU Toolchain arm-none-eabi/14.3 rel1/arm-none-eabi/include/c++/14.3.1/bits\stl_vector.h ****       { return const_reverse_iterator(begin()); }
 999:C:/Program Files (x86)/Arm GNU Toolchain arm-none-eabi/14.3 rel1/arm-none-eabi/include/c++/14.3.1/bits\stl_vector.h **** #endif
1000:C:/Program Files (x86)/Arm GNU Toolchain arm-none-eabi/14.3 rel1/arm-none-eabi/include/c++/14.3.1/bits\stl_vector.h **** 
1001:C:/Program Files (x86)/Arm GNU Toolchain arm-none-eabi/14.3 rel1/arm-none-eabi/include/c++/14.3.1/bits\stl_vector.h ****       // [23.2.4.2] capacity
1002:C:/Program Files (x86)/Arm GNU Toolchain arm-none-eabi/14.3 rel1/arm-none-eabi/include/c++/14.3.1/bits\stl_vector.h ****       /**  Returns the number of elements in the %vector.  */
1003:C:/Program Files (x86)/Arm GNU Toolchain arm-none-eabi/14.3 rel1/arm-none-eabi/include/c++/14.3.1/bits\stl_vector.h ****       _GLIBCXX_NODISCARD _GLIBCXX20_CONSTEXPR
1004:C:/Program Files (x86)/Arm GNU Toolchain arm-none-eabi/14.3 rel1/arm-none-eabi/include/c++/14.3.1/bits\stl_vector.h ****       size_type
1005:C:/Program Files (x86)/Arm GNU Toolchain arm-none-eabi/14.3 rel1/arm-none-eabi/include/c++/14.3.1/bits\stl_vector.h ****       size() const _GLIBCXX_NOEXCEPT
ARM GAS  C:\Users\Oliver\AppData\Local\Temp\ccukWDDi.s 			page 23


1006:C:/Program Files (x86)/Arm GNU Toolchain arm-none-eabi/14.3 rel1/arm-none-eabi/include/c++/14.3.1/bits\stl_vector.h ****       { return size_type(this->_M_impl._M_finish - this->_M_impl._M_start); }
 144              		.loc 2 1006 50 is_stmt 0 view .LVU21
 145 0000 D0E90223 		ldrd	r2, r3, [r0, #8]
 146              	.LBE170:
 147              	.LBE169:
 148              	.LBE168:
 103:effects/streetseffect.cpp ****     // Update parallel delay parameters from our parameters
 149              		.loc 1 103 30 view .LVU22
 150 0004 2DE9F047 		push	{r4, r5, r6, r7, r8, r9, r10, lr}
 151              		.cfi_def_cfa_offset 32
 152              		.cfi_offset 4, -32
 153              		.cfi_offset 5, -28
 154              		.cfi_offset 6, -24
 155              		.cfi_offset 7, -20
 156              		.cfi_offset 8, -16
 157              		.cfi_offset 9, -12
 158              		.cfi_offset 10, -8
 159              		.cfi_offset 14, -4
 160              	.LBB190:
 161              	.LBB172:
 162              	.LBB171:
 163              		.loc 2 1006 50 view .LVU23
 164 0008 9B1A     		subs	r3, r3, r2
 165              	.LBE171:
 166              	.LBE172:
 167              	.LBE190:
 103:effects/streetseffect.cpp ****     // Update parallel delay parameters from our parameters
 168              		.loc 1 103 30 view .LVU24
 169 000a 0446     		mov	r4, r0
 170              	.LVL9:
 171              	.LBB191:
 172              	.LBB173:
 173              	.LBI169:
1005:C:/Program Files (x86)/Arm GNU Toolchain arm-none-eabi/14.3 rel1/arm-none-eabi/include/c++/14.3.1/bits\stl_vector.h ****       { return size_type(this->_M_impl._M_finish - this->_M_impl._M_start); }
 174              		.loc 2 1005 7 is_stmt 1 view .LVU25
1005:C:/Program Files (x86)/Arm GNU Toolchain arm-none-eabi/14.3 rel1/arm-none-eabi/include/c++/14.3.1/bits\stl_vector.h ****       { return size_type(this->_M_impl._M_finish - this->_M_impl._M_start); }
 175              		.loc 2 1005 7 is_stmt 0 view .LVU26
 176              	.LBE173:
 177              		.loc 1 105 51 discriminator 1 view .LVU27
 178 000c 202B     		cmp	r3, #32
 179              	.LBE191:
 103:effects/streetseffect.cpp ****     // Update parallel delay parameters from our parameters
 180              		.loc 1 103 30 view .LVU28
 181 000e 2DED028B 		vpush.64	{d8}
 182              		.cfi_def_cfa_offset 40
 183              		.cfi_offset 80, -40
 184              		.cfi_offset 81, -36
 185              	.LBB192:
 186              		.loc 1 105 51 discriminator 1 view .LVU29
 187 0012 40F20C81 		bls	.L12
 188              		.loc 1 105 36 discriminator 1 view .LVU30
 189 0016 006D     		ldr	r0, [r0, #80]
 190              	.LVL10:
 191              		.loc 1 105 33 discriminator 1 view .LVU31
 192 0018 0028     		cmp	r0, #0
 193 001a 00F00881 		beq	.L12
 194              		.loc 1 105 87 discriminator 3 view .LVU32
ARM GAS  C:\Users\Oliver\AppData\Local\Temp\ccukWDDi.s 			page 24


 195 001e FFF7FEFF 		bl	_ZNK11perspective6Effect17GetParameterCountEv
 196              	.LVL11:
 197              		.loc 1 105 51 discriminator 1 view .LVU33
 198 0022 0928     		cmp	r0, #9
 199 0024 40F20381 		bls	.L12
 200              	.LBB174:
 106:effects/streetseffect.cpp ****         if (parameters_[6]->GetType() != ParameterType::ENCODER ||
 201              		.loc 1 106 9 is_stmt 1 view .LVU34
 202              	.LVL12:
 203              	.LBB175:
 204              	.LBI175:
1007:C:/Program Files (x86)/Arm GNU Toolchain arm-none-eabi/14.3 rel1/arm-none-eabi/include/c++/14.3.1/bits\stl_vector.h **** 
1008:C:/Program Files (x86)/Arm GNU Toolchain arm-none-eabi/14.3 rel1/arm-none-eabi/include/c++/14.3.1/bits\stl_vector.h ****       /**  Returns the size() of the largest possible %vector.  */
1009:C:/Program Files (x86)/Arm GNU Toolchain arm-none-eabi/14.3 rel1/arm-none-eabi/include/c++/14.3.1/bits\stl_vector.h ****       _GLIBCXX_NODISCARD _GLIBCXX20_CONSTEXPR
1010:C:/Program Files (x86)/Arm GNU Toolchain arm-none-eabi/14.3 rel1/arm-none-eabi/include/c++/14.3.1/bits\stl_vector.h ****       size_type
1011:C:/Program Files (x86)/Arm GNU Toolchain arm-none-eabi/14.3 rel1/arm-none-eabi/include/c++/14.3.1/bits\stl_vector.h ****       max_size() const _GLIBCXX_NOEXCEPT
1012:C:/Program Files (x86)/Arm GNU Toolchain arm-none-eabi/14.3 rel1/arm-none-eabi/include/c++/14.3.1/bits\stl_vector.h ****       { return _S_max_size(_M_get_Tp_allocator()); }
1013:C:/Program Files (x86)/Arm GNU Toolchain arm-none-eabi/14.3 rel1/arm-none-eabi/include/c++/14.3.1/bits\stl_vector.h **** 
1014:C:/Program Files (x86)/Arm GNU Toolchain arm-none-eabi/14.3 rel1/arm-none-eabi/include/c++/14.3.1/bits\stl_vector.h **** #if __cplusplus >= 201103L
1015:C:/Program Files (x86)/Arm GNU Toolchain arm-none-eabi/14.3 rel1/arm-none-eabi/include/c++/14.3.1/bits\stl_vector.h ****       /**
1016:C:/Program Files (x86)/Arm GNU Toolchain arm-none-eabi/14.3 rel1/arm-none-eabi/include/c++/14.3.1/bits\stl_vector.h ****        *  @brief  Resizes the %vector to the specified number of elements.
1017:C:/Program Files (x86)/Arm GNU Toolchain arm-none-eabi/14.3 rel1/arm-none-eabi/include/c++/14.3.1/bits\stl_vector.h ****        *  @param  __new_size  Number of elements the %vector should contain.
1018:C:/Program Files (x86)/Arm GNU Toolchain arm-none-eabi/14.3 rel1/arm-none-eabi/include/c++/14.3.1/bits\stl_vector.h ****        *
1019:C:/Program Files (x86)/Arm GNU Toolchain arm-none-eabi/14.3 rel1/arm-none-eabi/include/c++/14.3.1/bits\stl_vector.h ****        *  This function will %resize the %vector to the specified
1020:C:/Program Files (x86)/Arm GNU Toolchain arm-none-eabi/14.3 rel1/arm-none-eabi/include/c++/14.3.1/bits\stl_vector.h ****        *  number of elements.  If the number is smaller than the
1021:C:/Program Files (x86)/Arm GNU Toolchain arm-none-eabi/14.3 rel1/arm-none-eabi/include/c++/14.3.1/bits\stl_vector.h ****        *  %vector's current size the %vector is truncated, otherwise
1022:C:/Program Files (x86)/Arm GNU Toolchain arm-none-eabi/14.3 rel1/arm-none-eabi/include/c++/14.3.1/bits\stl_vector.h ****        *  default constructed elements are appended.
1023:C:/Program Files (x86)/Arm GNU Toolchain arm-none-eabi/14.3 rel1/arm-none-eabi/include/c++/14.3.1/bits\stl_vector.h ****        */
1024:C:/Program Files (x86)/Arm GNU Toolchain arm-none-eabi/14.3 rel1/arm-none-eabi/include/c++/14.3.1/bits\stl_vector.h ****       _GLIBCXX20_CONSTEXPR
1025:C:/Program Files (x86)/Arm GNU Toolchain arm-none-eabi/14.3 rel1/arm-none-eabi/include/c++/14.3.1/bits\stl_vector.h ****       void
1026:C:/Program Files (x86)/Arm GNU Toolchain arm-none-eabi/14.3 rel1/arm-none-eabi/include/c++/14.3.1/bits\stl_vector.h ****       resize(size_type __new_size)
1027:C:/Program Files (x86)/Arm GNU Toolchain arm-none-eabi/14.3 rel1/arm-none-eabi/include/c++/14.3.1/bits\stl_vector.h ****       {
1028:C:/Program Files (x86)/Arm GNU Toolchain arm-none-eabi/14.3 rel1/arm-none-eabi/include/c++/14.3.1/bits\stl_vector.h **** 	if (__new_size > size())
1029:C:/Program Files (x86)/Arm GNU Toolchain arm-none-eabi/14.3 rel1/arm-none-eabi/include/c++/14.3.1/bits\stl_vector.h **** 	  _M_default_append(__new_size - size());
1030:C:/Program Files (x86)/Arm GNU Toolchain arm-none-eabi/14.3 rel1/arm-none-eabi/include/c++/14.3.1/bits\stl_vector.h **** 	else if (__new_size < size())
1031:C:/Program Files (x86)/Arm GNU Toolchain arm-none-eabi/14.3 rel1/arm-none-eabi/include/c++/14.3.1/bits\stl_vector.h **** 	  _M_erase_at_end(this->_M_impl._M_start + __new_size);
1032:C:/Program Files (x86)/Arm GNU Toolchain arm-none-eabi/14.3 rel1/arm-none-eabi/include/c++/14.3.1/bits\stl_vector.h ****       }
1033:C:/Program Files (x86)/Arm GNU Toolchain arm-none-eabi/14.3 rel1/arm-none-eabi/include/c++/14.3.1/bits\stl_vector.h **** 
1034:C:/Program Files (x86)/Arm GNU Toolchain arm-none-eabi/14.3 rel1/arm-none-eabi/include/c++/14.3.1/bits\stl_vector.h ****       /**
1035:C:/Program Files (x86)/Arm GNU Toolchain arm-none-eabi/14.3 rel1/arm-none-eabi/include/c++/14.3.1/bits\stl_vector.h ****        *  @brief  Resizes the %vector to the specified number of elements.
1036:C:/Program Files (x86)/Arm GNU Toolchain arm-none-eabi/14.3 rel1/arm-none-eabi/include/c++/14.3.1/bits\stl_vector.h ****        *  @param  __new_size  Number of elements the %vector should contain.
1037:C:/Program Files (x86)/Arm GNU Toolchain arm-none-eabi/14.3 rel1/arm-none-eabi/include/c++/14.3.1/bits\stl_vector.h ****        *  @param  __x  Data with which new elements should be populated.
1038:C:/Program Files (x86)/Arm GNU Toolchain arm-none-eabi/14.3 rel1/arm-none-eabi/include/c++/14.3.1/bits\stl_vector.h ****        *
1039:C:/Program Files (x86)/Arm GNU Toolchain arm-none-eabi/14.3 rel1/arm-none-eabi/include/c++/14.3.1/bits\stl_vector.h ****        *  This function will %resize the %vector to the specified
1040:C:/Program Files (x86)/Arm GNU Toolchain arm-none-eabi/14.3 rel1/arm-none-eabi/include/c++/14.3.1/bits\stl_vector.h ****        *  number of elements.  If the number is smaller than the
1041:C:/Program Files (x86)/Arm GNU Toolchain arm-none-eabi/14.3 rel1/arm-none-eabi/include/c++/14.3.1/bits\stl_vector.h ****        *  %vector's current size the %vector is truncated, otherwise
1042:C:/Program Files (x86)/Arm GNU Toolchain arm-none-eabi/14.3 rel1/arm-none-eabi/include/c++/14.3.1/bits\stl_vector.h ****        *  the %vector is extended and new elements are populated with
1043:C:/Program Files (x86)/Arm GNU Toolchain arm-none-eabi/14.3 rel1/arm-none-eabi/include/c++/14.3.1/bits\stl_vector.h ****        *  given data.
1044:C:/Program Files (x86)/Arm GNU Toolchain arm-none-eabi/14.3 rel1/arm-none-eabi/include/c++/14.3.1/bits\stl_vector.h ****        */
1045:C:/Program Files (x86)/Arm GNU Toolchain arm-none-eabi/14.3 rel1/arm-none-eabi/include/c++/14.3.1/bits\stl_vector.h ****       _GLIBCXX20_CONSTEXPR
1046:C:/Program Files (x86)/Arm GNU Toolchain arm-none-eabi/14.3 rel1/arm-none-eabi/include/c++/14.3.1/bits\stl_vector.h ****       void
1047:C:/Program Files (x86)/Arm GNU Toolchain arm-none-eabi/14.3 rel1/arm-none-eabi/include/c++/14.3.1/bits\stl_vector.h ****       resize(size_type __new_size, const value_type& __x)
1048:C:/Program Files (x86)/Arm GNU Toolchain arm-none-eabi/14.3 rel1/arm-none-eabi/include/c++/14.3.1/bits\stl_vector.h ****       {
1049:C:/Program Files (x86)/Arm GNU Toolchain arm-none-eabi/14.3 rel1/arm-none-eabi/include/c++/14.3.1/bits\stl_vector.h **** 	if (__new_size > size())
1050:C:/Program Files (x86)/Arm GNU Toolchain arm-none-eabi/14.3 rel1/arm-none-eabi/include/c++/14.3.1/bits\stl_vector.h **** 	  _M_fill_insert(end(), __new_size - size(), __x);
1051:C:/Program Files (x86)/Arm GNU Toolchain arm-none-eabi/14.3 rel1/arm-none-eabi/include/c++/14.3.1/bits\stl_vector.h **** 	else if (__new_size < size())
1052:C:/Program Files (x86)/Arm GNU Toolchain arm-none-eabi/14.3 rel1/arm-none-eabi/include/c++/14.3.1/bits\stl_vector.h **** 	  _M_erase_at_end(this->_M_impl._M_start + __new_size);
ARM GAS  C:\Users\Oliver\AppData\Local\Temp\ccukWDDi.s 			page 25


1053:C:/Program Files (x86)/Arm GNU Toolchain arm-none-eabi/14.3 rel1/arm-none-eabi/include/c++/14.3.1/bits\stl_vector.h ****       }
1054:C:/Program Files (x86)/Arm GNU Toolchain arm-none-eabi/14.3 rel1/arm-none-eabi/include/c++/14.3.1/bits\stl_vector.h **** #else
1055:C:/Program Files (x86)/Arm GNU Toolchain arm-none-eabi/14.3 rel1/arm-none-eabi/include/c++/14.3.1/bits\stl_vector.h ****       /**
1056:C:/Program Files (x86)/Arm GNU Toolchain arm-none-eabi/14.3 rel1/arm-none-eabi/include/c++/14.3.1/bits\stl_vector.h ****        *  @brief  Resizes the %vector to the specified number of elements.
1057:C:/Program Files (x86)/Arm GNU Toolchain arm-none-eabi/14.3 rel1/arm-none-eabi/include/c++/14.3.1/bits\stl_vector.h ****        *  @param  __new_size  Number of elements the %vector should contain.
1058:C:/Program Files (x86)/Arm GNU Toolchain arm-none-eabi/14.3 rel1/arm-none-eabi/include/c++/14.3.1/bits\stl_vector.h ****        *  @param  __x  Data with which new elements should be populated.
1059:C:/Program Files (x86)/Arm GNU Toolchain arm-none-eabi/14.3 rel1/arm-none-eabi/include/c++/14.3.1/bits\stl_vector.h ****        *
1060:C:/Program Files (x86)/Arm GNU Toolchain arm-none-eabi/14.3 rel1/arm-none-eabi/include/c++/14.3.1/bits\stl_vector.h ****        *  This function will %resize the %vector to the specified
1061:C:/Program Files (x86)/Arm GNU Toolchain arm-none-eabi/14.3 rel1/arm-none-eabi/include/c++/14.3.1/bits\stl_vector.h ****        *  number of elements.  If the number is smaller than the
1062:C:/Program Files (x86)/Arm GNU Toolchain arm-none-eabi/14.3 rel1/arm-none-eabi/include/c++/14.3.1/bits\stl_vector.h ****        *  %vector's current size the %vector is truncated, otherwise
1063:C:/Program Files (x86)/Arm GNU Toolchain arm-none-eabi/14.3 rel1/arm-none-eabi/include/c++/14.3.1/bits\stl_vector.h ****        *  the %vector is extended and new elements are populated with
1064:C:/Program Files (x86)/Arm GNU Toolchain arm-none-eabi/14.3 rel1/arm-none-eabi/include/c++/14.3.1/bits\stl_vector.h ****        *  given data.
1065:C:/Program Files (x86)/Arm GNU Toolchain arm-none-eabi/14.3 rel1/arm-none-eabi/include/c++/14.3.1/bits\stl_vector.h ****        */
1066:C:/Program Files (x86)/Arm GNU Toolchain arm-none-eabi/14.3 rel1/arm-none-eabi/include/c++/14.3.1/bits\stl_vector.h ****       _GLIBCXX20_CONSTEXPR
1067:C:/Program Files (x86)/Arm GNU Toolchain arm-none-eabi/14.3 rel1/arm-none-eabi/include/c++/14.3.1/bits\stl_vector.h ****       void
1068:C:/Program Files (x86)/Arm GNU Toolchain arm-none-eabi/14.3 rel1/arm-none-eabi/include/c++/14.3.1/bits\stl_vector.h ****       resize(size_type __new_size, value_type __x = value_type())
1069:C:/Program Files (x86)/Arm GNU Toolchain arm-none-eabi/14.3 rel1/arm-none-eabi/include/c++/14.3.1/bits\stl_vector.h ****       {
1070:C:/Program Files (x86)/Arm GNU Toolchain arm-none-eabi/14.3 rel1/arm-none-eabi/include/c++/14.3.1/bits\stl_vector.h **** 	if (__new_size > size())
1071:C:/Program Files (x86)/Arm GNU Toolchain arm-none-eabi/14.3 rel1/arm-none-eabi/include/c++/14.3.1/bits\stl_vector.h **** 	  _M_fill_insert(end(), __new_size - size(), __x);
1072:C:/Program Files (x86)/Arm GNU Toolchain arm-none-eabi/14.3 rel1/arm-none-eabi/include/c++/14.3.1/bits\stl_vector.h **** 	else if (__new_size < size())
1073:C:/Program Files (x86)/Arm GNU Toolchain arm-none-eabi/14.3 rel1/arm-none-eabi/include/c++/14.3.1/bits\stl_vector.h **** 	  _M_erase_at_end(this->_M_impl._M_start + __new_size);
1074:C:/Program Files (x86)/Arm GNU Toolchain arm-none-eabi/14.3 rel1/arm-none-eabi/include/c++/14.3.1/bits\stl_vector.h ****       }
1075:C:/Program Files (x86)/Arm GNU Toolchain arm-none-eabi/14.3 rel1/arm-none-eabi/include/c++/14.3.1/bits\stl_vector.h **** #endif
1076:C:/Program Files (x86)/Arm GNU Toolchain arm-none-eabi/14.3 rel1/arm-none-eabi/include/c++/14.3.1/bits\stl_vector.h **** 
1077:C:/Program Files (x86)/Arm GNU Toolchain arm-none-eabi/14.3 rel1/arm-none-eabi/include/c++/14.3.1/bits\stl_vector.h **** #if __cplusplus >= 201103L
1078:C:/Program Files (x86)/Arm GNU Toolchain arm-none-eabi/14.3 rel1/arm-none-eabi/include/c++/14.3.1/bits\stl_vector.h ****       /**  A non-binding request to reduce capacity() to size().  */
1079:C:/Program Files (x86)/Arm GNU Toolchain arm-none-eabi/14.3 rel1/arm-none-eabi/include/c++/14.3.1/bits\stl_vector.h ****       _GLIBCXX20_CONSTEXPR
1080:C:/Program Files (x86)/Arm GNU Toolchain arm-none-eabi/14.3 rel1/arm-none-eabi/include/c++/14.3.1/bits\stl_vector.h ****       void
1081:C:/Program Files (x86)/Arm GNU Toolchain arm-none-eabi/14.3 rel1/arm-none-eabi/include/c++/14.3.1/bits\stl_vector.h ****       shrink_to_fit()
1082:C:/Program Files (x86)/Arm GNU Toolchain arm-none-eabi/14.3 rel1/arm-none-eabi/include/c++/14.3.1/bits\stl_vector.h ****       { _M_shrink_to_fit(); }
1083:C:/Program Files (x86)/Arm GNU Toolchain arm-none-eabi/14.3 rel1/arm-none-eabi/include/c++/14.3.1/bits\stl_vector.h **** #endif
1084:C:/Program Files (x86)/Arm GNU Toolchain arm-none-eabi/14.3 rel1/arm-none-eabi/include/c++/14.3.1/bits\stl_vector.h **** 
1085:C:/Program Files (x86)/Arm GNU Toolchain arm-none-eabi/14.3 rel1/arm-none-eabi/include/c++/14.3.1/bits\stl_vector.h ****       /**
1086:C:/Program Files (x86)/Arm GNU Toolchain arm-none-eabi/14.3 rel1/arm-none-eabi/include/c++/14.3.1/bits\stl_vector.h ****        *  Returns the total number of elements that the %vector can
1087:C:/Program Files (x86)/Arm GNU Toolchain arm-none-eabi/14.3 rel1/arm-none-eabi/include/c++/14.3.1/bits\stl_vector.h ****        *  hold before needing to allocate more memory.
1088:C:/Program Files (x86)/Arm GNU Toolchain arm-none-eabi/14.3 rel1/arm-none-eabi/include/c++/14.3.1/bits\stl_vector.h ****        */
1089:C:/Program Files (x86)/Arm GNU Toolchain arm-none-eabi/14.3 rel1/arm-none-eabi/include/c++/14.3.1/bits\stl_vector.h ****       _GLIBCXX_NODISCARD _GLIBCXX20_CONSTEXPR
1090:C:/Program Files (x86)/Arm GNU Toolchain arm-none-eabi/14.3 rel1/arm-none-eabi/include/c++/14.3.1/bits\stl_vector.h ****       size_type
1091:C:/Program Files (x86)/Arm GNU Toolchain arm-none-eabi/14.3 rel1/arm-none-eabi/include/c++/14.3.1/bits\stl_vector.h ****       capacity() const _GLIBCXX_NOEXCEPT
1092:C:/Program Files (x86)/Arm GNU Toolchain arm-none-eabi/14.3 rel1/arm-none-eabi/include/c++/14.3.1/bits\stl_vector.h ****       {
1093:C:/Program Files (x86)/Arm GNU Toolchain arm-none-eabi/14.3 rel1/arm-none-eabi/include/c++/14.3.1/bits\stl_vector.h **** 	return size_type(this->_M_impl._M_end_of_storage
1094:C:/Program Files (x86)/Arm GNU Toolchain arm-none-eabi/14.3 rel1/arm-none-eabi/include/c++/14.3.1/bits\stl_vector.h **** 			   - this->_M_impl._M_start);
1095:C:/Program Files (x86)/Arm GNU Toolchain arm-none-eabi/14.3 rel1/arm-none-eabi/include/c++/14.3.1/bits\stl_vector.h ****       }
1096:C:/Program Files (x86)/Arm GNU Toolchain arm-none-eabi/14.3 rel1/arm-none-eabi/include/c++/14.3.1/bits\stl_vector.h **** 
1097:C:/Program Files (x86)/Arm GNU Toolchain arm-none-eabi/14.3 rel1/arm-none-eabi/include/c++/14.3.1/bits\stl_vector.h ****       /**
1098:C:/Program Files (x86)/Arm GNU Toolchain arm-none-eabi/14.3 rel1/arm-none-eabi/include/c++/14.3.1/bits\stl_vector.h ****        *  Returns true if the %vector is empty.  (Thus begin() would
1099:C:/Program Files (x86)/Arm GNU Toolchain arm-none-eabi/14.3 rel1/arm-none-eabi/include/c++/14.3.1/bits\stl_vector.h ****        *  equal end().)
1100:C:/Program Files (x86)/Arm GNU Toolchain arm-none-eabi/14.3 rel1/arm-none-eabi/include/c++/14.3.1/bits\stl_vector.h ****        */
1101:C:/Program Files (x86)/Arm GNU Toolchain arm-none-eabi/14.3 rel1/arm-none-eabi/include/c++/14.3.1/bits\stl_vector.h ****       _GLIBCXX_NODISCARD _GLIBCXX20_CONSTEXPR
1102:C:/Program Files (x86)/Arm GNU Toolchain arm-none-eabi/14.3 rel1/arm-none-eabi/include/c++/14.3.1/bits\stl_vector.h ****       bool
1103:C:/Program Files (x86)/Arm GNU Toolchain arm-none-eabi/14.3 rel1/arm-none-eabi/include/c++/14.3.1/bits\stl_vector.h ****       empty() const _GLIBCXX_NOEXCEPT
1104:C:/Program Files (x86)/Arm GNU Toolchain arm-none-eabi/14.3 rel1/arm-none-eabi/include/c++/14.3.1/bits\stl_vector.h ****       { return begin() == end(); }
1105:C:/Program Files (x86)/Arm GNU Toolchain arm-none-eabi/14.3 rel1/arm-none-eabi/include/c++/14.3.1/bits\stl_vector.h **** 
1106:C:/Program Files (x86)/Arm GNU Toolchain arm-none-eabi/14.3 rel1/arm-none-eabi/include/c++/14.3.1/bits\stl_vector.h ****       /**
1107:C:/Program Files (x86)/Arm GNU Toolchain arm-none-eabi/14.3 rel1/arm-none-eabi/include/c++/14.3.1/bits\stl_vector.h ****        *  @brief  Attempt to preallocate enough memory for specified number of
1108:C:/Program Files (x86)/Arm GNU Toolchain arm-none-eabi/14.3 rel1/arm-none-eabi/include/c++/14.3.1/bits\stl_vector.h ****        *          elements.
1109:C:/Program Files (x86)/Arm GNU Toolchain arm-none-eabi/14.3 rel1/arm-none-eabi/include/c++/14.3.1/bits\stl_vector.h ****        *  @param  __n  Number of elements required.
ARM GAS  C:\Users\Oliver\AppData\Local\Temp\ccukWDDi.s 			page 26


1110:C:/Program Files (x86)/Arm GNU Toolchain arm-none-eabi/14.3 rel1/arm-none-eabi/include/c++/14.3.1/bits\stl_vector.h ****        *  @throw  std::length_error  If @a n exceeds @c max_size().
1111:C:/Program Files (x86)/Arm GNU Toolchain arm-none-eabi/14.3 rel1/arm-none-eabi/include/c++/14.3.1/bits\stl_vector.h ****        *
1112:C:/Program Files (x86)/Arm GNU Toolchain arm-none-eabi/14.3 rel1/arm-none-eabi/include/c++/14.3.1/bits\stl_vector.h ****        *  This function attempts to reserve enough memory for the
1113:C:/Program Files (x86)/Arm GNU Toolchain arm-none-eabi/14.3 rel1/arm-none-eabi/include/c++/14.3.1/bits\stl_vector.h ****        *  %vector to hold the specified number of elements.  If the
1114:C:/Program Files (x86)/Arm GNU Toolchain arm-none-eabi/14.3 rel1/arm-none-eabi/include/c++/14.3.1/bits\stl_vector.h ****        *  number requested is more than max_size(), length_error is
1115:C:/Program Files (x86)/Arm GNU Toolchain arm-none-eabi/14.3 rel1/arm-none-eabi/include/c++/14.3.1/bits\stl_vector.h ****        *  thrown.
1116:C:/Program Files (x86)/Arm GNU Toolchain arm-none-eabi/14.3 rel1/arm-none-eabi/include/c++/14.3.1/bits\stl_vector.h ****        *
1117:C:/Program Files (x86)/Arm GNU Toolchain arm-none-eabi/14.3 rel1/arm-none-eabi/include/c++/14.3.1/bits\stl_vector.h ****        *  The advantage of this function is that if optimal code is a
1118:C:/Program Files (x86)/Arm GNU Toolchain arm-none-eabi/14.3 rel1/arm-none-eabi/include/c++/14.3.1/bits\stl_vector.h ****        *  necessity and the user can determine the number of elements
1119:C:/Program Files (x86)/Arm GNU Toolchain arm-none-eabi/14.3 rel1/arm-none-eabi/include/c++/14.3.1/bits\stl_vector.h ****        *  that will be required, the user can reserve the memory in
1120:C:/Program Files (x86)/Arm GNU Toolchain arm-none-eabi/14.3 rel1/arm-none-eabi/include/c++/14.3.1/bits\stl_vector.h ****        *  %advance, and thus prevent a possible reallocation of memory
1121:C:/Program Files (x86)/Arm GNU Toolchain arm-none-eabi/14.3 rel1/arm-none-eabi/include/c++/14.3.1/bits\stl_vector.h ****        *  and copying of %vector data.
1122:C:/Program Files (x86)/Arm GNU Toolchain arm-none-eabi/14.3 rel1/arm-none-eabi/include/c++/14.3.1/bits\stl_vector.h ****        */
1123:C:/Program Files (x86)/Arm GNU Toolchain arm-none-eabi/14.3 rel1/arm-none-eabi/include/c++/14.3.1/bits\stl_vector.h ****       _GLIBCXX20_CONSTEXPR
1124:C:/Program Files (x86)/Arm GNU Toolchain arm-none-eabi/14.3 rel1/arm-none-eabi/include/c++/14.3.1/bits\stl_vector.h ****       void
1125:C:/Program Files (x86)/Arm GNU Toolchain arm-none-eabi/14.3 rel1/arm-none-eabi/include/c++/14.3.1/bits\stl_vector.h ****       reserve(size_type __n);
1126:C:/Program Files (x86)/Arm GNU Toolchain arm-none-eabi/14.3 rel1/arm-none-eabi/include/c++/14.3.1/bits\stl_vector.h **** 
1127:C:/Program Files (x86)/Arm GNU Toolchain arm-none-eabi/14.3 rel1/arm-none-eabi/include/c++/14.3.1/bits\stl_vector.h ****       // element access
1128:C:/Program Files (x86)/Arm GNU Toolchain arm-none-eabi/14.3 rel1/arm-none-eabi/include/c++/14.3.1/bits\stl_vector.h ****       /**
1129:C:/Program Files (x86)/Arm GNU Toolchain arm-none-eabi/14.3 rel1/arm-none-eabi/include/c++/14.3.1/bits\stl_vector.h ****        *  @brief  Subscript access to the data contained in the %vector.
1130:C:/Program Files (x86)/Arm GNU Toolchain arm-none-eabi/14.3 rel1/arm-none-eabi/include/c++/14.3.1/bits\stl_vector.h ****        *  @param __n The index of the element for which data should be
1131:C:/Program Files (x86)/Arm GNU Toolchain arm-none-eabi/14.3 rel1/arm-none-eabi/include/c++/14.3.1/bits\stl_vector.h ****        *  accessed.
1132:C:/Program Files (x86)/Arm GNU Toolchain arm-none-eabi/14.3 rel1/arm-none-eabi/include/c++/14.3.1/bits\stl_vector.h ****        *  @return  Read/write reference to data.
1133:C:/Program Files (x86)/Arm GNU Toolchain arm-none-eabi/14.3 rel1/arm-none-eabi/include/c++/14.3.1/bits\stl_vector.h ****        *
1134:C:/Program Files (x86)/Arm GNU Toolchain arm-none-eabi/14.3 rel1/arm-none-eabi/include/c++/14.3.1/bits\stl_vector.h ****        *  This operator allows for easy, array-style, data access.
1135:C:/Program Files (x86)/Arm GNU Toolchain arm-none-eabi/14.3 rel1/arm-none-eabi/include/c++/14.3.1/bits\stl_vector.h ****        *  Note that data access with this operator is unchecked and
1136:C:/Program Files (x86)/Arm GNU Toolchain arm-none-eabi/14.3 rel1/arm-none-eabi/include/c++/14.3.1/bits\stl_vector.h ****        *  out_of_range lookups are not defined. (For checked lookups
1137:C:/Program Files (x86)/Arm GNU Toolchain arm-none-eabi/14.3 rel1/arm-none-eabi/include/c++/14.3.1/bits\stl_vector.h ****        *  see at().)
1138:C:/Program Files (x86)/Arm GNU Toolchain arm-none-eabi/14.3 rel1/arm-none-eabi/include/c++/14.3.1/bits\stl_vector.h ****        */
1139:C:/Program Files (x86)/Arm GNU Toolchain arm-none-eabi/14.3 rel1/arm-none-eabi/include/c++/14.3.1/bits\stl_vector.h ****       _GLIBCXX_NODISCARD _GLIBCXX20_CONSTEXPR
1140:C:/Program Files (x86)/Arm GNU Toolchain arm-none-eabi/14.3 rel1/arm-none-eabi/include/c++/14.3.1/bits\stl_vector.h ****       reference
1141:C:/Program Files (x86)/Arm GNU Toolchain arm-none-eabi/14.3 rel1/arm-none-eabi/include/c++/14.3.1/bits\stl_vector.h ****       operator[](size_type __n) _GLIBCXX_NOEXCEPT
 205              		.loc 2 1141 7 view .LVU35
 206              		.loc 2 1141 7 is_stmt 0 view .LVU36
 207              	.LBE175:
 208              		.loc 1 106 36 discriminator 1 view .LVU37
 209 0028 A368     		ldr	r3, [r4, #8]
 210 002a 9869     		ldr	r0, [r3, #24]
 211 002c 0368     		ldr	r3, [r0]
 212 002e 9B68     		ldr	r3, [r3, #8]
 213 0030 9847     		blx	r3
 214              	.LVL13:
 107:effects/streetseffect.cpp ****             parameters_[7]->GetType() != ParameterType::ENCODER ||
 215              		.loc 1 107 65 view .LVU38
 216 0032 0128     		cmp	r0, #1
 217 0034 40F00D81 		bne	.L10
 218              	.LVL14:
 219              	.LBB176:
 220              	.LBI176:
 221              		.loc 2 1141 7 is_stmt 1 view .LVU39
 222              		.loc 2 1141 7 is_stmt 0 view .LVU40
 223              	.LBE176:
 224              		.loc 1 107 36 discriminator 1 view .LVU41
 225 0038 A368     		ldr	r3, [r4, #8]
 226 003a D869     		ldr	r0, [r3, #28]
 227 003c 0368     		ldr	r3, [r0]
 228 003e 9B68     		ldr	r3, [r3, #8]
ARM GAS  C:\Users\Oliver\AppData\Local\Temp\ccukWDDi.s 			page 27


 229 0040 9847     		blx	r3
 230              	.LVL15:
 106:effects/streetseffect.cpp ****         if (parameters_[6]->GetType() != ParameterType::ENCODER ||
 231              		.loc 1 106 65 view .LVU42
 232 0042 0128     		cmp	r0, #1
 233 0044 40F00581 		bne	.L10
 234              	.LVL16:
 235              	.LBB177:
 236              	.LBI177:
 237              		.loc 2 1141 7 is_stmt 1 view .LVU43
 238              		.loc 2 1141 7 is_stmt 0 view .LVU44
 239              	.LBE177:
 108:effects/streetseffect.cpp ****             parameters_[8]->GetType() != ParameterType::TOGGLE) {
 240              		.loc 1 108 36 discriminator 1 view .LVU45
 241 0048 A368     		ldr	r3, [r4, #8]
 242 004a 186A     		ldr	r0, [r3, #32]
 243 004c 0368     		ldr	r3, [r0]
 244 004e 9B68     		ldr	r3, [r3, #8]
 245 0050 9847     		blx	r3
 246              	.LVL17:
 107:effects/streetseffect.cpp ****             parameters_[7]->GetType() != ParameterType::ENCODER ||
 247              		.loc 1 107 65 discriminator 3 view .LVU46
 248 0052 0228     		cmp	r0, #2
 249 0054 40F0FD80 		bne	.L10
 109:effects/streetseffect.cpp ****             return;
 110:effects/streetseffect.cpp ****         }
 111:effects/streetseffect.cpp **** 
 112:effects/streetseffect.cpp ****         TimeParameter* timeParam1 = static_cast<TimeParameter*>(parameters_[6]);
 250              		.loc 1 112 9 is_stmt 1 view .LVU47
 251              	.LVL18:
 252              	.LBB178:
 253              	.LBI178:
 254              		.loc 2 1141 7 view .LVU48
 255              	.LBB179:
1142:C:/Program Files (x86)/Arm GNU Toolchain arm-none-eabi/14.3 rel1/arm-none-eabi/include/c++/14.3.1/bits\stl_vector.h ****       {
1143:C:/Program Files (x86)/Arm GNU Toolchain arm-none-eabi/14.3 rel1/arm-none-eabi/include/c++/14.3.1/bits\stl_vector.h **** 	__glibcxx_requires_subscript(__n);
1144:C:/Program Files (x86)/Arm GNU Toolchain arm-none-eabi/14.3 rel1/arm-none-eabi/include/c++/14.3.1/bits\stl_vector.h **** 	return *(this->_M_impl._M_start + __n);
 256              		.loc 2 1144 25 is_stmt 0 view .LVU49
 257 0058 A368     		ldr	r3, [r4, #8]
 258              	.LVL19:
 259              		.loc 2 1144 25 view .LVU50
 260              	.LBE179:
 261              	.LBE178:
 113:effects/streetseffect.cpp ****         TimeParameter* timeParam2 = static_cast<TimeParameter*>(parameters_[7]);
 114:effects/streetseffect.cpp ****         ToggleParameter* tempoToggle1 = static_cast<ToggleParameter*>(parameters_[8]);
 262              		.loc 1 114 85 discriminator 1 view .LVU51
 263 005a 1D6A     		ldr	r5, [r3, #32]
 115:effects/streetseffect.cpp **** 
 116:effects/streetseffect.cpp ****         // Force Delay 1 to dotted 8th when using tempo mode, and derive Delay 2 from Delay 1.
 117:effects/streetseffect.cpp ****         float masterMs = tempoToggle1->GetState()
 264              		.loc 1 117 48 view .LVU52
 265 005c 2846     		mov	r0, r5
 113:effects/streetseffect.cpp ****         TimeParameter* timeParam2 = static_cast<TimeParameter*>(parameters_[7]);
 266              		.loc 1 113 79 discriminator 1 view .LVU53
 267 005e D3E90687 		ldrd	r8, r7, [r3, #24]
 268              	.LVL20:
 114:effects/streetseffect.cpp **** 
ARM GAS  C:\Users\Oliver\AppData\Local\Temp\ccukWDDi.s 			page 28


 269              		.loc 1 114 9 is_stmt 1 view .LVU54
 270              		.loc 1 117 9 view .LVU55
 271              		.loc 1 117 48 is_stmt 0 view .LVU56
 272 0062 FFF7FEFF 		bl	_ZNK11perspective15ToggleParameter8GetStateEv
 273              	.LVL21:
 118:effects/streetseffect.cpp ****             ? ((60000.0f / timeParam1->GetValueAsBPM()) * kPrimarySubdivision)
 274              		.loc 1 118 13 view .LVU57
 275 0066 0028     		cmp	r0, #0
 276 0068 00F00881 		beq	.L17
 277              		.loc 1 118 53 discriminator 1 view .LVU58
 278 006c 4046     		mov	r0, r8
 279 006e FFF7FEFF 		bl	_ZNK11perspective13TimeParameter13GetValueAsBPMEv
 280              	.LVL22:
 281              		.loc 1 118 26 discriminator 1 view .LVU59
 282 0072 DFED876A 		vldr.32	s13, .L40
 283              		.loc 1 118 13 discriminator 1 view .LVU60
 284 0076 B6EE087A 		vmov.f32	s14, #7.5e-1
 285              		.loc 1 118 26 discriminator 1 view .LVU61
 286 007a C6EE807A 		vdiv.f32	s15, s13, s0
 287              		.loc 1 118 13 discriminator 1 view .LVU62
 288 007e 27EE870A 		vmul.f32	s0, s15, s14
 289              	.L18:
 119:effects/streetseffect.cpp ****             : timeParam1->GetValueAsMs();
 120:effects/streetseffect.cpp ****         masterMs = std::max(80.0f, std::min(masterMs, 2000.0f));
 290              		.loc 1 120 9 is_stmt 1 view .LVU63
 291              	.LVL23:
 292              		.loc 1 120 9 is_stmt 0 view .LVU64
 293 0082 9FED847A 		vldr.32	s14, .L40+4
 121:effects/streetseffect.cpp **** 
 122:effects/streetseffect.cpp ****         float linkedMs = masterMs * kSecondaryRatio;
 123:effects/streetseffect.cpp ****         linkedMs = std::max(250.0f, std::min(linkedMs, 2000.0f));
 124:effects/streetseffect.cpp **** 
 125:effects/streetseffect.cpp ****         // Keep the visible secondary parameter in sync with the linked value.
 126:effects/streetseffect.cpp ****         if (std::abs(timeParam2->GetValueAsMs() - linkedMs) > 0.5f) {
 294              		.loc 1 126 46 view .LVU65
 295 0086 3846     		mov	r0, r7
 122:effects/streetseffect.cpp ****         linkedMs = std::max(250.0f, std::min(linkedMs, 2000.0f));
 296              		.loc 1 122 35 view .LVU66
 297 0088 9FED836A 		vldr.32	s12, .L40+8
 298 008c B4EEC70A 		vcmpe.f32	s0, s14
 299 0090 DFED825A 		vldr.32	s11, .L40+12
 300 0094 DFED826A 		vldr.32	s13, .L40+16
 301 0098 F1EE10FA 		vmrs	APSR_nzcv, FPSCR
 302 009c 77FE007A 		vselgt.f32	s15, s14, s0
 303              	.LVL24:
 122:effects/streetseffect.cpp ****         linkedMs = std::max(250.0f, std::min(linkedMs, 2000.0f));
 304              		.loc 1 122 9 is_stmt 1 view .LVU67
 122:effects/streetseffect.cpp ****         linkedMs = std::max(250.0f, std::min(linkedMs, 2000.0f));
 305              		.loc 1 122 35 is_stmt 0 view .LVU68
 306 00a0 F4EEC67A 		vcmpe.f32	s15, s12
 307 00a4 F1EE10FA 		vmrs	APSR_nzcv, FPSCR
 308 00a8 77FE867A 		vselgt.f32	s15, s15, s12
 309              	.LVL25:
 122:effects/streetseffect.cpp ****         linkedMs = std::max(250.0f, std::min(linkedMs, 2000.0f));
 310              		.loc 1 122 35 view .LVU69
 311 00ac 67EEA57A 		vmul.f32	s15, s15, s11
 123:effects/streetseffect.cpp **** 
ARM GAS  C:\Users\Oliver\AppData\Local\Temp\ccukWDDi.s 			page 29


 312              		.loc 1 123 9 is_stmt 1 view .LVU70
 313              	.LVL26:
 123:effects/streetseffect.cpp **** 
 314              		.loc 1 123 9 is_stmt 0 view .LVU71
 315 00b0 F4EEC77A 		vcmpe.f32	s15, s14
 316 00b4 F1EE10FA 		vmrs	APSR_nzcv, FPSCR
 317 00b8 37FE277A 		vselgt.f32	s14, s14, s15
 318              	.LVL27:
 123:effects/streetseffect.cpp **** 
 319              		.loc 1 123 9 view .LVU72
 320 00bc B4EEE67A 		vcmpe.f32	s14, s13
 321 00c0 F1EE10FA 		vmrs	APSR_nzcv, FPSCR
 322 00c4 37FE268A 		vselgt.f32	s16, s14, s13
 323              	.LVL28:
 324              		.loc 1 126 9 is_stmt 1 view .LVU73
 325              		.loc 1 126 46 is_stmt 0 view .LVU74
 326 00c8 FFF7FEFF 		bl	_ZNK11perspective13TimeParameter12GetValueAsMsEv
 327              	.LVL29:
 328              	.LBB180:
 329              	.LBI180:
 330              		.file 3 "C:/Program Files (x86)/Arm GNU Toolchain arm-none-eabi/14.3 rel1/arm-none-eabi/include/c+
   1:C:/Program Files (x86)/Arm GNU Toolchain arm-none-eabi/14.3 rel1/arm-none-eabi/include/c++/14.3.1/bits\std_abs.h **** // -*- C++ -*- C library enhancements header.
   2:C:/Program Files (x86)/Arm GNU Toolchain arm-none-eabi/14.3 rel1/arm-none-eabi/include/c++/14.3.1/bits\std_abs.h **** 
   3:C:/Program Files (x86)/Arm GNU Toolchain arm-none-eabi/14.3 rel1/arm-none-eabi/include/c++/14.3.1/bits\std_abs.h **** // Copyright (C) 2016-2024 Free Software Foundation, Inc.
   4:C:/Program Files (x86)/Arm GNU Toolchain arm-none-eabi/14.3 rel1/arm-none-eabi/include/c++/14.3.1/bits\std_abs.h **** //
   5:C:/Program Files (x86)/Arm GNU Toolchain arm-none-eabi/14.3 rel1/arm-none-eabi/include/c++/14.3.1/bits\std_abs.h **** // This file is part of the GNU ISO C++ Library.  This library is free
   6:C:/Program Files (x86)/Arm GNU Toolchain arm-none-eabi/14.3 rel1/arm-none-eabi/include/c++/14.3.1/bits\std_abs.h **** // software; you can redistribute it and/or modify it under the
   7:C:/Program Files (x86)/Arm GNU Toolchain arm-none-eabi/14.3 rel1/arm-none-eabi/include/c++/14.3.1/bits\std_abs.h **** // terms of the GNU General Public License as published by the
   8:C:/Program Files (x86)/Arm GNU Toolchain arm-none-eabi/14.3 rel1/arm-none-eabi/include/c++/14.3.1/bits\std_abs.h **** // Free Software Foundation; either version 3, or (at your option)
   9:C:/Program Files (x86)/Arm GNU Toolchain arm-none-eabi/14.3 rel1/arm-none-eabi/include/c++/14.3.1/bits\std_abs.h **** // any later version.
  10:C:/Program Files (x86)/Arm GNU Toolchain arm-none-eabi/14.3 rel1/arm-none-eabi/include/c++/14.3.1/bits\std_abs.h **** 
  11:C:/Program Files (x86)/Arm GNU Toolchain arm-none-eabi/14.3 rel1/arm-none-eabi/include/c++/14.3.1/bits\std_abs.h **** // This library is distributed in the hope that it will be useful,
  12:C:/Program Files (x86)/Arm GNU Toolchain arm-none-eabi/14.3 rel1/arm-none-eabi/include/c++/14.3.1/bits\std_abs.h **** // but WITHOUT ANY WARRANTY; without even the implied warranty of
  13:C:/Program Files (x86)/Arm GNU Toolchain arm-none-eabi/14.3 rel1/arm-none-eabi/include/c++/14.3.1/bits\std_abs.h **** // MERCHANTABILITY or FITNESS FOR A PARTICULAR PURPOSE.  See the
  14:C:/Program Files (x86)/Arm GNU Toolchain arm-none-eabi/14.3 rel1/arm-none-eabi/include/c++/14.3.1/bits\std_abs.h **** // GNU General Public License for more details.
  15:C:/Program Files (x86)/Arm GNU Toolchain arm-none-eabi/14.3 rel1/arm-none-eabi/include/c++/14.3.1/bits\std_abs.h **** 
  16:C:/Program Files (x86)/Arm GNU Toolchain arm-none-eabi/14.3 rel1/arm-none-eabi/include/c++/14.3.1/bits\std_abs.h **** // Under Section 7 of GPL version 3, you are granted additional
  17:C:/Program Files (x86)/Arm GNU Toolchain arm-none-eabi/14.3 rel1/arm-none-eabi/include/c++/14.3.1/bits\std_abs.h **** // permissions described in the GCC Runtime Library Exception, version
  18:C:/Program Files (x86)/Arm GNU Toolchain arm-none-eabi/14.3 rel1/arm-none-eabi/include/c++/14.3.1/bits\std_abs.h **** // 3.1, as published by the Free Software Foundation.
  19:C:/Program Files (x86)/Arm GNU Toolchain arm-none-eabi/14.3 rel1/arm-none-eabi/include/c++/14.3.1/bits\std_abs.h **** 
  20:C:/Program Files (x86)/Arm GNU Toolchain arm-none-eabi/14.3 rel1/arm-none-eabi/include/c++/14.3.1/bits\std_abs.h **** // You should have received a copy of the GNU General Public License and
  21:C:/Program Files (x86)/Arm GNU Toolchain arm-none-eabi/14.3 rel1/arm-none-eabi/include/c++/14.3.1/bits\std_abs.h **** // a copy of the GCC Runtime Library Exception along with this program;
  22:C:/Program Files (x86)/Arm GNU Toolchain arm-none-eabi/14.3 rel1/arm-none-eabi/include/c++/14.3.1/bits\std_abs.h **** // see the files COPYING3 and COPYING.RUNTIME respectively.  If not, see
  23:C:/Program Files (x86)/Arm GNU Toolchain arm-none-eabi/14.3 rel1/arm-none-eabi/include/c++/14.3.1/bits\std_abs.h **** // <http://www.gnu.org/licenses/>.
  24:C:/Program Files (x86)/Arm GNU Toolchain arm-none-eabi/14.3 rel1/arm-none-eabi/include/c++/14.3.1/bits\std_abs.h **** 
  25:C:/Program Files (x86)/Arm GNU Toolchain arm-none-eabi/14.3 rel1/arm-none-eabi/include/c++/14.3.1/bits\std_abs.h **** /** @file include/bits/std_abs.h
  26:C:/Program Files (x86)/Arm GNU Toolchain arm-none-eabi/14.3 rel1/arm-none-eabi/include/c++/14.3.1/bits\std_abs.h ****  *  This is an internal header file, included by other library headers.
  27:C:/Program Files (x86)/Arm GNU Toolchain arm-none-eabi/14.3 rel1/arm-none-eabi/include/c++/14.3.1/bits\std_abs.h ****  *  Do not attempt to use it directly. @headername{cmath, cstdlib}
  28:C:/Program Files (x86)/Arm GNU Toolchain arm-none-eabi/14.3 rel1/arm-none-eabi/include/c++/14.3.1/bits\std_abs.h ****  */
  29:C:/Program Files (x86)/Arm GNU Toolchain arm-none-eabi/14.3 rel1/arm-none-eabi/include/c++/14.3.1/bits\std_abs.h **** 
  30:C:/Program Files (x86)/Arm GNU Toolchain arm-none-eabi/14.3 rel1/arm-none-eabi/include/c++/14.3.1/bits\std_abs.h **** #ifndef _GLIBCXX_BITS_STD_ABS_H
  31:C:/Program Files (x86)/Arm GNU Toolchain arm-none-eabi/14.3 rel1/arm-none-eabi/include/c++/14.3.1/bits\std_abs.h **** #define _GLIBCXX_BITS_STD_ABS_H
  32:C:/Program Files (x86)/Arm GNU Toolchain arm-none-eabi/14.3 rel1/arm-none-eabi/include/c++/14.3.1/bits\std_abs.h **** 
  33:C:/Program Files (x86)/Arm GNU Toolchain arm-none-eabi/14.3 rel1/arm-none-eabi/include/c++/14.3.1/bits\std_abs.h **** #pragma GCC system_header
  34:C:/Program Files (x86)/Arm GNU Toolchain arm-none-eabi/14.3 rel1/arm-none-eabi/include/c++/14.3.1/bits\std_abs.h **** 
  35:C:/Program Files (x86)/Arm GNU Toolchain arm-none-eabi/14.3 rel1/arm-none-eabi/include/c++/14.3.1/bits\std_abs.h **** #include <bits/c++config.h>
  36:C:/Program Files (x86)/Arm GNU Toolchain arm-none-eabi/14.3 rel1/arm-none-eabi/include/c++/14.3.1/bits\std_abs.h **** 
ARM GAS  C:\Users\Oliver\AppData\Local\Temp\ccukWDDi.s 			page 30


  37:C:/Program Files (x86)/Arm GNU Toolchain arm-none-eabi/14.3 rel1/arm-none-eabi/include/c++/14.3.1/bits\std_abs.h **** #define _GLIBCXX_INCLUDE_NEXT_C_HEADERS
  38:C:/Program Files (x86)/Arm GNU Toolchain arm-none-eabi/14.3 rel1/arm-none-eabi/include/c++/14.3.1/bits\std_abs.h **** #include_next <stdlib.h>
  39:C:/Program Files (x86)/Arm GNU Toolchain arm-none-eabi/14.3 rel1/arm-none-eabi/include/c++/14.3.1/bits\std_abs.h **** #ifdef __CORRECT_ISO_CPP_MATH_H_PROTO
  40:C:/Program Files (x86)/Arm GNU Toolchain arm-none-eabi/14.3 rel1/arm-none-eabi/include/c++/14.3.1/bits\std_abs.h **** # include_next <math.h>
  41:C:/Program Files (x86)/Arm GNU Toolchain arm-none-eabi/14.3 rel1/arm-none-eabi/include/c++/14.3.1/bits\std_abs.h **** #endif
  42:C:/Program Files (x86)/Arm GNU Toolchain arm-none-eabi/14.3 rel1/arm-none-eabi/include/c++/14.3.1/bits\std_abs.h **** #undef _GLIBCXX_INCLUDE_NEXT_C_HEADERS
  43:C:/Program Files (x86)/Arm GNU Toolchain arm-none-eabi/14.3 rel1/arm-none-eabi/include/c++/14.3.1/bits\std_abs.h **** 
  44:C:/Program Files (x86)/Arm GNU Toolchain arm-none-eabi/14.3 rel1/arm-none-eabi/include/c++/14.3.1/bits\std_abs.h **** #undef abs
  45:C:/Program Files (x86)/Arm GNU Toolchain arm-none-eabi/14.3 rel1/arm-none-eabi/include/c++/14.3.1/bits\std_abs.h **** 
  46:C:/Program Files (x86)/Arm GNU Toolchain arm-none-eabi/14.3 rel1/arm-none-eabi/include/c++/14.3.1/bits\std_abs.h **** extern "C++"
  47:C:/Program Files (x86)/Arm GNU Toolchain arm-none-eabi/14.3 rel1/arm-none-eabi/include/c++/14.3.1/bits\std_abs.h **** {
  48:C:/Program Files (x86)/Arm GNU Toolchain arm-none-eabi/14.3 rel1/arm-none-eabi/include/c++/14.3.1/bits\std_abs.h **** namespace std _GLIBCXX_VISIBILITY(default)
  49:C:/Program Files (x86)/Arm GNU Toolchain arm-none-eabi/14.3 rel1/arm-none-eabi/include/c++/14.3.1/bits\std_abs.h **** {
  50:C:/Program Files (x86)/Arm GNU Toolchain arm-none-eabi/14.3 rel1/arm-none-eabi/include/c++/14.3.1/bits\std_abs.h **** _GLIBCXX_BEGIN_NAMESPACE_VERSION
  51:C:/Program Files (x86)/Arm GNU Toolchain arm-none-eabi/14.3 rel1/arm-none-eabi/include/c++/14.3.1/bits\std_abs.h **** 
  52:C:/Program Files (x86)/Arm GNU Toolchain arm-none-eabi/14.3 rel1/arm-none-eabi/include/c++/14.3.1/bits\std_abs.h ****   using ::abs;
  53:C:/Program Files (x86)/Arm GNU Toolchain arm-none-eabi/14.3 rel1/arm-none-eabi/include/c++/14.3.1/bits\std_abs.h **** 
  54:C:/Program Files (x86)/Arm GNU Toolchain arm-none-eabi/14.3 rel1/arm-none-eabi/include/c++/14.3.1/bits\std_abs.h **** #ifndef __CORRECT_ISO_CPP_STDLIB_H_PROTO
  55:C:/Program Files (x86)/Arm GNU Toolchain arm-none-eabi/14.3 rel1/arm-none-eabi/include/c++/14.3.1/bits\std_abs.h ****   inline long
  56:C:/Program Files (x86)/Arm GNU Toolchain arm-none-eabi/14.3 rel1/arm-none-eabi/include/c++/14.3.1/bits\std_abs.h ****   abs(long __i) { return __builtin_labs(__i); }
  57:C:/Program Files (x86)/Arm GNU Toolchain arm-none-eabi/14.3 rel1/arm-none-eabi/include/c++/14.3.1/bits\std_abs.h **** #endif
  58:C:/Program Files (x86)/Arm GNU Toolchain arm-none-eabi/14.3 rel1/arm-none-eabi/include/c++/14.3.1/bits\std_abs.h **** 
  59:C:/Program Files (x86)/Arm GNU Toolchain arm-none-eabi/14.3 rel1/arm-none-eabi/include/c++/14.3.1/bits\std_abs.h **** #ifdef _GLIBCXX_USE_LONG_LONG
  60:C:/Program Files (x86)/Arm GNU Toolchain arm-none-eabi/14.3 rel1/arm-none-eabi/include/c++/14.3.1/bits\std_abs.h ****   inline long long
  61:C:/Program Files (x86)/Arm GNU Toolchain arm-none-eabi/14.3 rel1/arm-none-eabi/include/c++/14.3.1/bits\std_abs.h ****   abs(long long __x) { return __builtin_llabs (__x); }
  62:C:/Program Files (x86)/Arm GNU Toolchain arm-none-eabi/14.3 rel1/arm-none-eabi/include/c++/14.3.1/bits\std_abs.h **** #endif
  63:C:/Program Files (x86)/Arm GNU Toolchain arm-none-eabi/14.3 rel1/arm-none-eabi/include/c++/14.3.1/bits\std_abs.h **** 
  64:C:/Program Files (x86)/Arm GNU Toolchain arm-none-eabi/14.3 rel1/arm-none-eabi/include/c++/14.3.1/bits\std_abs.h **** // _GLIBCXX_RESOLVE_LIB_DEFECTS
  65:C:/Program Files (x86)/Arm GNU Toolchain arm-none-eabi/14.3 rel1/arm-none-eabi/include/c++/14.3.1/bits\std_abs.h **** // 2192. Validity and return type of std::abs(0u) is unclear
  66:C:/Program Files (x86)/Arm GNU Toolchain arm-none-eabi/14.3 rel1/arm-none-eabi/include/c++/14.3.1/bits\std_abs.h **** // 2294. <cstdlib> should declare abs(double)
  67:C:/Program Files (x86)/Arm GNU Toolchain arm-none-eabi/14.3 rel1/arm-none-eabi/include/c++/14.3.1/bits\std_abs.h **** // 2735. std::abs(short), std::abs(signed char) and others should return int
  68:C:/Program Files (x86)/Arm GNU Toolchain arm-none-eabi/14.3 rel1/arm-none-eabi/include/c++/14.3.1/bits\std_abs.h **** 
  69:C:/Program Files (x86)/Arm GNU Toolchain arm-none-eabi/14.3 rel1/arm-none-eabi/include/c++/14.3.1/bits\std_abs.h **** #ifndef __CORRECT_ISO_CPP_MATH_H_PROTO
  70:C:/Program Files (x86)/Arm GNU Toolchain arm-none-eabi/14.3 rel1/arm-none-eabi/include/c++/14.3.1/bits\std_abs.h ****   inline _GLIBCXX_CONSTEXPR double
  71:C:/Program Files (x86)/Arm GNU Toolchain arm-none-eabi/14.3 rel1/arm-none-eabi/include/c++/14.3.1/bits\std_abs.h ****   abs(double __x)
  72:C:/Program Files (x86)/Arm GNU Toolchain arm-none-eabi/14.3 rel1/arm-none-eabi/include/c++/14.3.1/bits\std_abs.h ****   { return __builtin_fabs(__x); }
  73:C:/Program Files (x86)/Arm GNU Toolchain arm-none-eabi/14.3 rel1/arm-none-eabi/include/c++/14.3.1/bits\std_abs.h **** 
  74:C:/Program Files (x86)/Arm GNU Toolchain arm-none-eabi/14.3 rel1/arm-none-eabi/include/c++/14.3.1/bits\std_abs.h ****   inline _GLIBCXX_CONSTEXPR float
  75:C:/Program Files (x86)/Arm GNU Toolchain arm-none-eabi/14.3 rel1/arm-none-eabi/include/c++/14.3.1/bits\std_abs.h ****   abs(float __x)
 331              		.loc 3 75 3 is_stmt 1 view .LVU75
 332              	.LBB181:
  76:C:/Program Files (x86)/Arm GNU Toolchain arm-none-eabi/14.3 rel1/arm-none-eabi/include/c++/14.3.1/bits\std_abs.h ****   { return __builtin_fabsf(__x); }
 333              		.loc 3 76 5 view .LVU76
 334              		.loc 3 76 5 is_stmt 0 view .LVU77
 335              	.LBE181:
 336              	.LBE180:
 337              		.loc 1 126 21 discriminator 1 view .LVU78
 338 00cc 70EE487A 		vsub.f32	s15, s0, s16
 339              		.loc 1 126 9 discriminator 2 view .LVU79
 340 00d0 B6EE007A 		vmov.f32	s14, #5.0e-1
 341              	.LBB183:
 342              	.LBB182:
 343              		.loc 3 76 31 view .LVU80
 344 00d4 F0EEE77A 		vabs.f32	s15, s15
 345              	.LBE182:
 346              	.LBE183:
 347              		.loc 1 126 9 discriminator 2 view .LVU81
ARM GAS  C:\Users\Oliver\AppData\Local\Temp\ccukWDDi.s 			page 31


 348 00d8 F4EEC77A 		vcmpe.f32	s15, s14
 349 00dc F1EE10FA 		vmrs	APSR_nzcv, FPSCR
 350 00e0 09DD     		ble	.L19
 127:effects/streetseffect.cpp ****             timeParam2->SetValue(linkedMs);
 351              		.loc 1 127 13 is_stmt 1 view .LVU82
 352              		.loc 1 127 33 is_stmt 0 view .LVU83
 353 00e2 3B68     		ldr	r3, [r7]
 354 00e4 3846     		mov	r0, r7
 355 00e6 B0EE480A 		vmov.f32	s0, s16
 356 00ea 1B69     		ldr	r3, [r3, #16]
 357 00ec 9847     		blx	r3
 358              	.LVL30:
 128:effects/streetseffect.cpp ****             RequestParameterDisplayUpdate(7);
 359              		.loc 1 128 13 is_stmt 1 view .LVU84
 360              		.loc 1 128 42 is_stmt 0 view .LVU85
 361 00ee 0721     		movs	r1, #7
 362 00f0 2046     		mov	r0, r4
 363 00f2 FFF7FEFF 		bl	_ZN11perspective6Effect29RequestParameterDisplayUpdateEj
 364              	.LVL31:
 365              	.L19:
 129:effects/streetseffect.cpp ****         }
 130:effects/streetseffect.cpp **** 
 131:effects/streetseffect.cpp ****         // Explicitly map streets controls into parallel delay controls.
 132:effects/streetseffect.cpp ****         parallelDelay_->GetParameter(0)->SetValue(parameters_[0]->GetValue());
 366              		.loc 1 132 9 is_stmt 1 view .LVU86
 367              		.loc 1 132 37 is_stmt 0 view .LVU87
 368 00f6 0021     		movs	r1, #0
 369 00f8 206D     		ldr	r0, [r4, #80]
 370 00fa FFF7FEFF 		bl	_ZN11perspective6Effect12GetParameterEj
 371              	.LVL32:
 372              		.loc 1 132 50 discriminator 2 view .LVU88
 373 00fe A368     		ldr	r3, [r4, #8]
 374              		.loc 1 132 37 view .LVU89
 375 0100 0646     		mov	r6, r0
 376              		.loc 1 132 50 discriminator 2 view .LVU90
 377 0102 1868     		ldr	r0, [r3]
 378              		.loc 1 132 50 discriminator 1 view .LVU91
 379 0104 3368     		ldr	r3, [r6]
 380 0106 D3F81090 		ldr	r9, [r3, #16]
 381              	.LVL33:
 382              	.LBB184:
 383              	.LBI184:
1141:C:/Program Files (x86)/Arm GNU Toolchain arm-none-eabi/14.3 rel1/arm-none-eabi/include/c++/14.3.1/bits\stl_vector.h ****       {
 384              		.loc 2 1141 7 is_stmt 1 view .LVU92
1141:C:/Program Files (x86)/Arm GNU Toolchain arm-none-eabi/14.3 rel1/arm-none-eabi/include/c++/14.3.1/bits\stl_vector.h ****       {
 385              		.loc 2 1141 7 is_stmt 0 view .LVU93
 386              	.LBE184:
 387              		.loc 1 132 50 discriminator 2 view .LVU94
 388 010a FFF7FEFF 		bl	_ZNK11perspective15EffectParameter8GetValueEv
 389              	.LVL34:
 390              		.loc 1 132 50 discriminator 3 view .LVU95
 391 010e 3046     		mov	r0, r6
 392 0110 C847     		blx	r9
 393              	.LVL35:
 133:effects/streetseffect.cpp ****         parallelDelay_->GetParameter(1)->SetValue(parameters_[1]->GetValue());
 394              		.loc 1 133 9 is_stmt 1 view .LVU96
 395              		.loc 1 133 37 is_stmt 0 view .LVU97
ARM GAS  C:\Users\Oliver\AppData\Local\Temp\ccukWDDi.s 			page 32


 396 0112 0121     		movs	r1, #1
 397 0114 206D     		ldr	r0, [r4, #80]
 398 0116 FFF7FEFF 		bl	_ZN11perspective6Effect12GetParameterEj
 399              	.LVL36:
 400              		.loc 1 133 50 discriminator 2 view .LVU98
 401 011a A368     		ldr	r3, [r4, #8]
 402              		.loc 1 133 37 view .LVU99
 403 011c 0646     		mov	r6, r0
 404              		.loc 1 133 50 discriminator 2 view .LVU100
 405 011e 5868     		ldr	r0, [r3, #4]
 406              		.loc 1 133 50 discriminator 1 view .LVU101
 407 0120 3368     		ldr	r3, [r6]
 408 0122 D3F81090 		ldr	r9, [r3, #16]
 409              	.LVL37:
 410              	.LBB185:
 411              	.LBI185:
1141:C:/Program Files (x86)/Arm GNU Toolchain arm-none-eabi/14.3 rel1/arm-none-eabi/include/c++/14.3.1/bits\stl_vector.h ****       {
 412              		.loc 2 1141 7 is_stmt 1 view .LVU102
1141:C:/Program Files (x86)/Arm GNU Toolchain arm-none-eabi/14.3 rel1/arm-none-eabi/include/c++/14.3.1/bits\stl_vector.h ****       {
 413              		.loc 2 1141 7 is_stmt 0 view .LVU103
 414              	.LBE185:
 415              		.loc 1 133 50 discriminator 2 view .LVU104
 416 0126 FFF7FEFF 		bl	_ZNK11perspective15EffectParameter8GetValueEv
 417              	.LVL38:
 418              		.loc 1 133 50 discriminator 3 view .LVU105
 419 012a 3046     		mov	r0, r6
 420 012c C847     		blx	r9
 421              	.LVL39:
 134:effects/streetseffect.cpp ****         parallelDelay_->GetParameter(2)->SetValue(tempoToggle1->GetState() ? 2.0f : parameters_[2]-
 422              		.loc 1 134 9 is_stmt 1 view .LVU106
 423              		.loc 1 134 37 is_stmt 0 view .LVU107
 424 012e 0221     		movs	r1, #2
 425 0130 206D     		ldr	r0, [r4, #80]
 426 0132 FFF7FEFF 		bl	_ZN11perspective6Effect12GetParameterEj
 427              	.LVL40:
 428 0136 0646     		mov	r6, r0
 429              		.loc 1 134 73 discriminator 1 view .LVU108
 430 0138 2846     		mov	r0, r5
 431              		.loc 1 134 50 discriminator 1 view .LVU109
 432 013a 3368     		ldr	r3, [r6]
 433 013c D3F81090 		ldr	r9, [r3, #16]
 434              		.loc 1 134 73 discriminator 1 view .LVU110
 435 0140 FFF7FEFF 		bl	_ZNK11perspective15ToggleParameter8GetStateEv
 436              	.LVL41:
 437              		.loc 1 134 50 discriminator 2 view .LVU111
 438 0144 0028     		cmp	r0, #0
 439 0146 00F09D80 		beq	.L38
 440              		.loc 1 134 50 discriminator 1 view .LVU112
 441 014a B0EE000A 		vmov.f32	s0, #2.0e+0
 442              	.L21:
 443              		.loc 1 134 50 discriminator 4 view .LVU113
 444 014e 3046     		mov	r0, r6
 445 0150 C847     		blx	r9
 446              	.LVL42:
 135:effects/streetseffect.cpp ****         parallelDelay_->GetParameter(3)->SetValue(parameters_[3]->GetValue());
 447              		.loc 1 135 9 is_stmt 1 view .LVU114
 448              		.loc 1 135 37 is_stmt 0 view .LVU115
ARM GAS  C:\Users\Oliver\AppData\Local\Temp\ccukWDDi.s 			page 33


 449 0152 0321     		movs	r1, #3
 450 0154 206D     		ldr	r0, [r4, #80]
 451 0156 FFF7FEFF 		bl	_ZN11perspective6Effect12GetParameterEj
 452              	.LVL43:
 453              		.loc 1 135 50 discriminator 2 view .LVU116
 454 015a A368     		ldr	r3, [r4, #8]
 455              		.loc 1 135 37 view .LVU117
 456 015c 0646     		mov	r6, r0
 457              		.loc 1 135 50 discriminator 2 view .LVU118
 458 015e D868     		ldr	r0, [r3, #12]
 459              		.loc 1 135 50 discriminator 1 view .LVU119
 460 0160 3368     		ldr	r3, [r6]
 461 0162 D3F81090 		ldr	r9, [r3, #16]
 462              	.LVL44:
 463              	.LBB186:
 464              	.LBI186:
1141:C:/Program Files (x86)/Arm GNU Toolchain arm-none-eabi/14.3 rel1/arm-none-eabi/include/c++/14.3.1/bits\stl_vector.h ****       {
 465              		.loc 2 1141 7 is_stmt 1 view .LVU120
1141:C:/Program Files (x86)/Arm GNU Toolchain arm-none-eabi/14.3 rel1/arm-none-eabi/include/c++/14.3.1/bits\stl_vector.h ****       {
 466              		.loc 2 1141 7 is_stmt 0 view .LVU121
 467              	.LBE186:
 468              		.loc 1 135 50 discriminator 2 view .LVU122
 469 0166 FFF7FEFF 		bl	_ZNK11perspective15EffectParameter8GetValueEv
 470              	.LVL45:
 471              		.loc 1 135 50 discriminator 3 view .LVU123
 472 016a 3046     		mov	r0, r6
 473 016c C847     		blx	r9
 474              	.LVL46:
 136:effects/streetseffect.cpp ****         parallelDelay_->GetParameter(4)->SetValue(parameters_[4]->GetValue());
 475              		.loc 1 136 9 is_stmt 1 view .LVU124
 476              		.loc 1 136 37 is_stmt 0 view .LVU125
 477 016e 0421     		movs	r1, #4
 478 0170 206D     		ldr	r0, [r4, #80]
 479 0172 FFF7FEFF 		bl	_ZN11perspective6Effect12GetParameterEj
 480              	.LVL47:
 481              		.loc 1 136 50 discriminator 2 view .LVU126
 482 0176 A368     		ldr	r3, [r4, #8]
 483              		.loc 1 136 37 view .LVU127
 484 0178 0646     		mov	r6, r0
 485              		.loc 1 136 50 discriminator 2 view .LVU128
 486 017a 1869     		ldr	r0, [r3, #16]
 487              		.loc 1 136 50 discriminator 1 view .LVU129
 488 017c 3368     		ldr	r3, [r6]
 489 017e D3F81090 		ldr	r9, [r3, #16]
 490              	.LVL48:
 491              	.LBB187:
 492              	.LBI187:
1141:C:/Program Files (x86)/Arm GNU Toolchain arm-none-eabi/14.3 rel1/arm-none-eabi/include/c++/14.3.1/bits\stl_vector.h ****       {
 493              		.loc 2 1141 7 is_stmt 1 view .LVU130
1141:C:/Program Files (x86)/Arm GNU Toolchain arm-none-eabi/14.3 rel1/arm-none-eabi/include/c++/14.3.1/bits\stl_vector.h ****       {
 494              		.loc 2 1141 7 is_stmt 0 view .LVU131
 495              	.LBE187:
 496              		.loc 1 136 50 discriminator 2 view .LVU132
 497 0182 FFF7FEFF 		bl	_ZNK11perspective15EffectParameter8GetValueEv
 498              	.LVL49:
 499              		.loc 1 136 50 discriminator 3 view .LVU133
 500 0186 3046     		mov	r0, r6
ARM GAS  C:\Users\Oliver\AppData\Local\Temp\ccukWDDi.s 			page 34


 501 0188 C847     		blx	r9
 502              	.LVL50:
 137:effects/streetseffect.cpp ****         parallelDelay_->GetParameter(5)->SetValue(3.0f);    // fixed quarter multiplier in time mod
 503              		.loc 1 137 9 is_stmt 1 view .LVU134
 504              		.loc 1 137 37 is_stmt 0 view .LVU135
 505 018a 0521     		movs	r1, #5
 506 018c 206D     		ldr	r0, [r4, #80]
 507 018e FFF7FEFF 		bl	_ZN11perspective6Effect12GetParameterEj
 508              	.LVL51:
 509              		.loc 1 137 50 discriminator 1 view .LVU136
 510 0192 0368     		ldr	r3, [r0]
 511 0194 B0EE080A 		vmov.f32	s0, #3.0e+0
 512 0198 1B69     		ldr	r3, [r3, #16]
 513 019a 9847     		blx	r3
 514              	.LVL52:
 138:effects/streetseffect.cpp ****         parallelDelay_->GetParameter(6)->SetValue(timeParam1->GetValueAsMs());
 515              		.loc 1 138 9 is_stmt 1 view .LVU137
 516              		.loc 1 138 37 is_stmt 0 view .LVU138
 517 019c 0621     		movs	r1, #6
 518 019e 206D     		ldr	r0, [r4, #80]
 519 01a0 FFF7FEFF 		bl	_ZN11perspective6Effect12GetParameterEj
 520              	.LVL53:
 521 01a4 0646     		mov	r6, r0
 522              		.loc 1 138 50 discriminator 1 view .LVU139
 523 01a6 4046     		mov	r0, r8
 524 01a8 3368     		ldr	r3, [r6]
 525 01aa D3F81090 		ldr	r9, [r3, #16]
 526 01ae FFF7FEFF 		bl	_ZNK11perspective13TimeParameter12GetValueAsMsEv
 527              	.LVL54:
 528              		.loc 1 138 50 discriminator 2 view .LVU140
 529 01b2 3046     		mov	r0, r6
 530 01b4 C847     		blx	r9
 531              	.LVL55:
 139:effects/streetseffect.cpp ****         parallelDelay_->GetParameter(7)->SetValue(linkedMs); // linked secondary time
 532              		.loc 1 139 9 is_stmt 1 view .LVU141
 533              		.loc 1 139 37 is_stmt 0 view .LVU142
 534 01b6 0721     		movs	r1, #7
 535 01b8 206D     		ldr	r0, [r4, #80]
 536 01ba FFF7FEFF 		bl	_ZN11perspective6Effect12GetParameterEj
 537              	.LVL56:
 538              		.loc 1 139 50 discriminator 1 view .LVU143
 539 01be 0368     		ldr	r3, [r0]
 540 01c0 B0EE480A 		vmov.f32	s0, s16
 541 01c4 1B69     		ldr	r3, [r3, #16]
 542 01c6 9847     		blx	r3
 543              	.LVL57:
 140:effects/streetseffect.cpp ****         parallelDelay_->GetParameter(8)->SetValue(tempoToggle1->GetState() ? 1.0f : 0.0f);
 544              		.loc 1 140 9 is_stmt 1 view .LVU144
 545              		.loc 1 140 37 is_stmt 0 view .LVU145
 546 01c8 0821     		movs	r1, #8
 547 01ca 206D     		ldr	r0, [r4, #80]
 548 01cc FFF7FEFF 		bl	_ZN11perspective6Effect12GetParameterEj
 549              	.LVL58:
 550 01d0 0646     		mov	r6, r0
 551              		.loc 1 140 73 discriminator 1 view .LVU146
 552 01d2 2846     		mov	r0, r5
 553              		.loc 1 140 50 discriminator 1 view .LVU147
ARM GAS  C:\Users\Oliver\AppData\Local\Temp\ccukWDDi.s 			page 35


 554 01d4 3368     		ldr	r3, [r6]
 555 01d6 D3F81090 		ldr	r9, [r3, #16]
 556              		.loc 1 140 73 discriminator 1 view .LVU148
 557 01da FFF7FEFF 		bl	_ZNK11perspective15ToggleParameter8GetStateEv
 558              	.LVL59:
 559              		.loc 1 140 50 discriminator 2 view .LVU149
 560 01de 0028     		cmp	r0, #0
 561 01e0 49D0     		beq	.L26
 562              		.loc 1 140 50 discriminator 1 view .LVU150
 563 01e2 B7EE000A 		vmov.f32	s0, #1.0e+0
 564              	.L22:
 565              		.loc 1 140 50 discriminator 4 view .LVU151
 566 01e6 3046     		mov	r0, r6
 567 01e8 C847     		blx	r9
 568              	.LVL60:
 141:effects/streetseffect.cpp ****         parallelDelay_->GetParameter(9)->SetValue(0.0f);    // Delay 2 always time mode
 569              		.loc 1 141 9 is_stmt 1 view .LVU152
 570              		.loc 1 141 37 is_stmt 0 view .LVU153
 571 01ea 0921     		movs	r1, #9
 572 01ec 206D     		ldr	r0, [r4, #80]
 573 01ee FFF7FEFF 		bl	_ZN11perspective6Effect12GetParameterEj
 574              	.LVL61:
 575              		.loc 1 141 50 discriminator 1 view .LVU154
 576 01f2 0368     		ldr	r3, [r0]
 577 01f4 9FED2B0A 		vldr.32	s0, .L40+20
 578 01f8 1B69     		ldr	r3, [r3, #16]
 579 01fa 9847     		blx	r3
 580              	.LVL62:
 142:effects/streetseffect.cpp ****         
 143:effects/streetseffect.cpp ****         // Detect tempo mode changes for Delay 1 (toggle index 8) and update our own TimeParameter
 144:effects/streetseffect.cpp ****         bool newTempoMode1 = tempoToggle1->GetState();
 581              		.loc 1 144 9 is_stmt 1 view .LVU155
 582              		.loc 1 144 52 is_stmt 0 view .LVU156
 583 01fc 2846     		mov	r0, r5
 584 01fe FFF7FEFF 		bl	_ZNK11perspective15ToggleParameter8GetStateEv
 585              	.LVL63:
 145:effects/streetseffect.cpp ****         if (newTempoMode1 != tempoMode1_) {
 586              		.loc 1 145 9 view .LVU157
 587 0202 94F85830 		ldrb	r3, [r4, #88]	@ zero_extendqisi2
 144:effects/streetseffect.cpp ****         if (newTempoMode1 != tempoMode1_) {
 588              		.loc 1 144 52 view .LVU158
 589 0206 0146     		mov	r1, r0
 590              	.LVL64:
 591              		.loc 1 145 9 is_stmt 1 view .LVU159
 592 0208 8342     		cmp	r3, r0
 593 020a 08D0     		beq	.L23
 146:effects/streetseffect.cpp ****             tempoMode1_ = newTempoMode1;
 594              		.loc 1 146 13 view .LVU160
 147:effects/streetseffect.cpp ****             timeParam1->SetDisplayMode(tempoMode1_ ? TimeDisplayMode::TEMPO_BPM : TimeDisplayMode::
 595              		.loc 1 147 39 is_stmt 0 discriminator 4 view .LVU161
 596 020c 4046     		mov	r0, r8
 597              	.LVL65:
 146:effects/streetseffect.cpp ****             tempoMode1_ = newTempoMode1;
 598              		.loc 1 146 25 view .LVU162
 599 020e 84F85810 		strb	r1, [r4, #88]
 600              		.loc 1 147 13 is_stmt 1 view .LVU163
 601              		.loc 1 147 39 is_stmt 0 discriminator 4 view .LVU164
ARM GAS  C:\Users\Oliver\AppData\Local\Temp\ccukWDDi.s 			page 36


 602 0212 FFF7FEFF 		bl	_ZN11perspective13TimeParameter14SetDisplayModeENS_15TimeDisplayModeE
 603              	.LVL66:
 148:effects/streetseffect.cpp ****             RequestParameterDisplayUpdate(6);
 604              		.loc 1 148 13 is_stmt 1 view .LVU165
 605              		.loc 1 148 42 is_stmt 0 view .LVU166
 606 0216 0621     		movs	r1, #6
 607 0218 2046     		mov	r0, r4
 608 021a FFF7FEFF 		bl	_ZN11perspective6Effect29RequestParameterDisplayUpdateEj
 609              	.LVL67:
 610              	.L23:
 149:effects/streetseffect.cpp ****         }
 150:effects/streetseffect.cpp **** 
 151:effects/streetseffect.cpp ****         // Delay 2 is always linked milliseconds (not tempo-mode user-controlled).
 152:effects/streetseffect.cpp ****         timeParam2->SetDisplayMode(TimeDisplayMode::TIME_MS);
 611              		.loc 1 152 9 is_stmt 1 view .LVU167
 612              		.loc 1 152 35 is_stmt 0 view .LVU168
 613 021e 3846     		mov	r0, r7
 614 0220 0021     		movs	r1, #0
 615 0222 FFF7FEFF 		bl	_ZN11perspective13TimeParameter14SetDisplayModeENS_15TimeDisplayModeE
 616              	.LVL68:
 153:effects/streetseffect.cpp ****         
 154:effects/streetseffect.cpp ****         // Update the parallel delay
 155:effects/streetseffect.cpp ****         parallelDelay_->Update();
 617              		.loc 1 155 9 is_stmt 1 view .LVU169
 618 0226 206D     		ldr	r0, [r4, #80]
 619              		.loc 1 155 31 is_stmt 0 view .LVU170
 620 0228 0368     		ldr	r3, [r0]
 621 022a 5B69     		ldr	r3, [r3, #20]
 622 022c 9847     		blx	r3
 623              	.LVL69:
 624              	.L12:
 625              		.loc 1 155 31 view .LVU171
 626              	.LBE174:
 627              	.LBE192:
 156:effects/streetseffect.cpp ****     }
 157:effects/streetseffect.cpp ****     
 158:effects/streetseffect.cpp ****     // Update the slapback delay (keep it at 50ms)
 159:effects/streetseffect.cpp ****     if (slapbackDelay_) {
 628              		.loc 1 159 5 is_stmt 1 view .LVU172
 629              		.loc 1 159 9 is_stmt 0 view .LVU173
 630 022e 606D     		ldr	r0, [r4, #84]
 631              		.loc 1 159 5 view .LVU174
 632 0230 78B1     		cbz	r0, .L10
 160:effects/streetseffect.cpp ****         if (slapbackDelay_->GetParameterCount() >= 1 && parameters_.size() > 5) {
 633              		.loc 1 160 9 is_stmt 1 view .LVU175
 634              		.loc 1 160 46 is_stmt 0 view .LVU176
 635 0232 FFF7FEFF 		bl	_ZNK11perspective6Effect17GetParameterCountEv
 636              	.LVL70:
 637              		.loc 1 160 54 discriminator 1 view .LVU177
 638 0236 20B1     		cbz	r0, .L24
 639              	.LVL71:
 640              	.LBB193:
 641              	.LBI193:
1005:C:/Program Files (x86)/Arm GNU Toolchain arm-none-eabi/14.3 rel1/arm-none-eabi/include/c++/14.3.1/bits\stl_vector.h ****       { return size_type(this->_M_impl._M_finish - this->_M_impl._M_start); }
 642              		.loc 2 1005 7 is_stmt 1 view .LVU178
 643              	.LBB194:
1006:C:/Program Files (x86)/Arm GNU Toolchain arm-none-eabi/14.3 rel1/arm-none-eabi/include/c++/14.3.1/bits\stl_vector.h **** 
ARM GAS  C:\Users\Oliver\AppData\Local\Temp\ccukWDDi.s 			page 37


 644              		.loc 2 1006 50 is_stmt 0 view .LVU179
 645 0238 D4E90223 		ldrd	r2, r3, [r4, #8]
 646 023c 9B1A     		subs	r3, r3, r2
 647              	.LBE194:
 648              	.LBE193:
 649              		.loc 1 160 54 discriminator 1 view .LVU180
 650 023e 142B     		cmp	r3, #20
 651 0240 0BD8     		bhi	.L39
 652              	.L24:
 161:effects/streetseffect.cpp ****             slapbackDelay_->GetParameter(0)->SetValue(parameters_[5]->GetValue());
 162:effects/streetseffect.cpp ****         }
 163:effects/streetseffect.cpp ****         slapbackDelay_->Update();
 653              		.loc 1 163 9 is_stmt 1 view .LVU181
 654 0242 606D     		ldr	r0, [r4, #84]
 164:effects/streetseffect.cpp ****     }
 165:effects/streetseffect.cpp **** }
 655              		.loc 1 165 1 is_stmt 0 view .LVU182
 656 0244 BDEC028B 		vldm	sp!, {d8}
 657              		.cfi_remember_state
 658              		.cfi_restore 80
 659              		.cfi_restore 81
 660              		.cfi_def_cfa_offset 32
 163:effects/streetseffect.cpp ****     }
 661              		.loc 1 163 31 view .LVU183
 662 0248 0368     		ldr	r3, [r0]
 663              		.loc 1 165 1 view .LVU184
 664 024a BDE8F047 		pop	{r4, r5, r6, r7, r8, r9, r10, lr}
 665              		.cfi_restore 14
 666              		.cfi_restore 10
 667              		.cfi_restore 9
 668              		.cfi_restore 8
 669              		.cfi_restore 7
 670              		.cfi_restore 6
 671              		.cfi_restore 5
 672              		.cfi_restore 4
 673              		.cfi_def_cfa_offset 0
 674              	.LVL72:
 163:effects/streetseffect.cpp ****     }
 675              		.loc 1 163 31 view .LVU185
 676 024e 5B69     		ldr	r3, [r3, #20]
 677 0250 1847     		bx	r3	@ indirect register sibling call
 678              	.LVL73:
 679              	.L10:
 680              		.cfi_restore_state
 681              		.loc 1 165 1 view .LVU186
 682 0252 BDEC028B 		vldm	sp!, {d8}
 683              		.cfi_remember_state
 684              		.cfi_restore 80
 685              		.cfi_restore 81
 686              		.cfi_def_cfa_offset 32
 687 0256 BDE8F087 		pop	{r4, r5, r6, r7, r8, r9, r10, pc}
 688              	.LVL74:
 689              	.L39:
 690              		.cfi_restore_state
 161:effects/streetseffect.cpp ****             slapbackDelay_->GetParameter(0)->SetValue(parameters_[5]->GetValue());
 691              		.loc 1 161 13 is_stmt 1 view .LVU187
 161:effects/streetseffect.cpp ****             slapbackDelay_->GetParameter(0)->SetValue(parameters_[5]->GetValue());
ARM GAS  C:\Users\Oliver\AppData\Local\Temp\ccukWDDi.s 			page 38


 692              		.loc 1 161 41 is_stmt 0 view .LVU188
 693 025a 0021     		movs	r1, #0
 694 025c 606D     		ldr	r0, [r4, #84]
 695 025e FFF7FEFF 		bl	_ZN11perspective6Effect12GetParameterEj
 696              	.LVL75:
 161:effects/streetseffect.cpp ****             slapbackDelay_->GetParameter(0)->SetValue(parameters_[5]->GetValue());
 697              		.loc 1 161 54 discriminator 2 view .LVU189
 698 0262 A368     		ldr	r3, [r4, #8]
 161:effects/streetseffect.cpp ****             slapbackDelay_->GetParameter(0)->SetValue(parameters_[5]->GetValue());
 699              		.loc 1 161 41 view .LVU190
 700 0264 0546     		mov	r5, r0
 161:effects/streetseffect.cpp ****             slapbackDelay_->GetParameter(0)->SetValue(parameters_[5]->GetValue());
 701              		.loc 1 161 54 discriminator 2 view .LVU191
 702 0266 5869     		ldr	r0, [r3, #20]
 161:effects/streetseffect.cpp ****             slapbackDelay_->GetParameter(0)->SetValue(parameters_[5]->GetValue());
 703              		.loc 1 161 54 discriminator 1 view .LVU192
 704 0268 2B68     		ldr	r3, [r5]
 705 026a 1E69     		ldr	r6, [r3, #16]
 706              	.LVL76:
 707              	.LBB195:
 708              	.LBI195:
1141:C:/Program Files (x86)/Arm GNU Toolchain arm-none-eabi/14.3 rel1/arm-none-eabi/include/c++/14.3.1/bits\stl_vector.h ****       {
 709              		.loc 2 1141 7 is_stmt 1 view .LVU193
1141:C:/Program Files (x86)/Arm GNU Toolchain arm-none-eabi/14.3 rel1/arm-none-eabi/include/c++/14.3.1/bits\stl_vector.h ****       {
 710              		.loc 2 1141 7 is_stmt 0 view .LVU194
 711              	.LBE195:
 161:effects/streetseffect.cpp ****         }
 712              		.loc 1 161 54 discriminator 2 view .LVU195
 713 026c FFF7FEFF 		bl	_ZNK11perspective15EffectParameter8GetValueEv
 714              	.LVL77:
 161:effects/streetseffect.cpp ****         }
 715              		.loc 1 161 54 discriminator 3 view .LVU196
 716 0270 2846     		mov	r0, r5
 717 0272 B047     		blx	r6
 718              	.LVL78:
 719 0274 E5E7     		b	.L24
 720              	.LVL79:
 721              	.L26:
 722              	.LBB196:
 723              	.LBB189:
 140:effects/streetseffect.cpp ****         parallelDelay_->GetParameter(9)->SetValue(0.0f);    // Delay 2 always time mode
 724              		.loc 1 140 50 discriminator 2 view .LVU197
 725 0276 9FED0B0A 		vldr.32	s0, .L40+20
 726 027a B4E7     		b	.L22
 727              	.LVL80:
 728              	.L17:
 119:effects/streetseffect.cpp ****         masterMs = std::max(80.0f, std::min(masterMs, 2000.0f));
 729              		.loc 1 119 39 view .LVU198
 730 027c 4046     		mov	r0, r8
 731 027e FFF7FEFF 		bl	_ZNK11perspective13TimeParameter12GetValueAsMsEv
 732              	.LVL81:
 733 0282 FEE6     		b	.L18
 734              	.LVL82:
 735              	.L38:
 736              	.LBB188:
 737              	.LBI188:
1141:C:/Program Files (x86)/Arm GNU Toolchain arm-none-eabi/14.3 rel1/arm-none-eabi/include/c++/14.3.1/bits\stl_vector.h ****       {
ARM GAS  C:\Users\Oliver\AppData\Local\Temp\ccukWDDi.s 			page 39


 738              		.loc 2 1141 7 is_stmt 1 view .LVU199
1141:C:/Program Files (x86)/Arm GNU Toolchain arm-none-eabi/14.3 rel1/arm-none-eabi/include/c++/14.3.1/bits\stl_vector.h ****       {
 739              		.loc 2 1141 7 is_stmt 0 view .LVU200
 740              	.LBE188:
 134:effects/streetseffect.cpp ****         parallelDelay_->GetParameter(3)->SetValue(parameters_[3]->GetValue());
 741              		.loc 1 134 109 discriminator 1 view .LVU201
 742 0284 A368     		ldr	r3, [r4, #8]
 743 0286 9868     		ldr	r0, [r3, #8]
 744 0288 FFF7FEFF 		bl	_ZNK11perspective15EffectParameter8GetValueEv
 745              	.LVL83:
 746 028c 5FE7     		b	.L21
 747              	.L41:
 748 028e 00BF     		.align	2
 749              	.L40:
 750 0290 00606A47 		.word	1198153728
 751 0294 0000FA44 		.word	1157234688
 752 0298 0000A042 		.word	1117782016
 753 029c 050FB63F 		.word	1068896005
 754 02a0 00007A43 		.word	1132068864
 755 02a4 00000000 		.word	0
 756              	.LBE189:
 757              	.LBE196:
 758              		.cfi_endproc
 759              	.LFE6892:
 761              		.section	.rodata._ZN11perspective13StreetsEffectC2Ev.str1.4,"aMS",%progbits,1
 762              		.align	2
 763              	.LC0:
 764 0000 53747265 		.ascii	"Streets\000"
 764      65747300 
 765              		.section	.text._ZN11perspective13StreetsEffectC2Ev,"ax",%progbits
 766              		.align	1
 767              		.p2align 2,,3
 768              		.global	_ZN11perspective13StreetsEffectC2Ev
 769              		.syntax unified
 770              		.thumb
 771              		.thumb_func
 773              	_ZN11perspective13StreetsEffectC2Ev:
 774              	.LVL84:
 775              	.LFB6885:
  16:effects/streetseffect.cpp ****     : CompoundEffect("Streets", RoutingMode::SERIES)
 776              		.loc 1 16 1 is_stmt 1 view -0
 777              		.cfi_startproc
 778              		@ args = 0, pretend = 0, frame = 0
 779              		@ frame_needed = 0, uses_anonymous_args = 0
  16:effects/streetseffect.cpp ****     : CompoundEffect("Streets", RoutingMode::SERIES)
 780              		.loc 1 16 1 is_stmt 0 view .LVU203
 781 0000 38B5     		push	{r3, r4, r5, lr}
 782              		.cfi_def_cfa_offset 16
 783              		.cfi_offset 3, -16
 784              		.cfi_offset 4, -12
 785              		.cfi_offset 5, -8
 786              		.cfi_offset 14, -4
 787              	.LBB197:
  19:effects/streetseffect.cpp **** {
 788              		.loc 1 19 29 view .LVU204
 789 0002 1249     		ldr	r1, .L44
 790 0004 0022     		movs	r2, #0
ARM GAS  C:\Users\Oliver\AppData\Local\Temp\ccukWDDi.s 			page 40


 791              	.LBE197:
  16:effects/streetseffect.cpp ****     : CompoundEffect("Streets", RoutingMode::SERIES)
 792              		.loc 1 16 1 view .LVU205
 793 0006 0446     		mov	r4, r0
 794              	.LBB198:
  19:effects/streetseffect.cpp **** {
 795              		.loc 1 19 29 view .LVU206
 796 0008 FFF7FEFF 		bl	_ZN11perspective14CompoundEffectC2EPKcNS_11RoutingModeE
 797              	.LVL85:
  18:effects/streetseffect.cpp ****     , slapbackDelay_(nullptr)
 798              		.loc 1 18 7 view .LVU207
 799 000c 0023     		movs	r3, #0
  19:effects/streetseffect.cpp **** {
 800              		.loc 1 19 29 discriminator 1 view .LVU208
 801 000e 104A     		ldr	r2, .L44+4
  22:effects/streetseffect.cpp ****     slapbackDelay_ = new SlapbackDelayEffect();
 802              		.loc 1 22 46 view .LVU209
 803 0010 7C20     		movs	r0, #124
  19:effects/streetseffect.cpp **** {
 804              		.loc 1 19 29 discriminator 1 view .LVU210
 805 0012 2260     		str	r2, [r4]
  19:effects/streetseffect.cpp **** {
 806              		.loc 1 19 29 view .LVU211
 807 0014 84F85830 		strb	r3, [r4, #88]
  22:effects/streetseffect.cpp ****     slapbackDelay_ = new SlapbackDelayEffect();
 808              		.loc 1 22 5 is_stmt 1 view .LVU212
  18:effects/streetseffect.cpp ****     , slapbackDelay_(nullptr)
 809              		.loc 1 18 7 is_stmt 0 view .LVU213
 810 0018 C4E91433 		strd	r3, r3, [r4, #80]
  22:effects/streetseffect.cpp ****     slapbackDelay_ = new SlapbackDelayEffect();
 811              		.loc 1 22 46 view .LVU214
 812 001c FFF7FEFF 		bl	_Znwj
 813              	.LVL86:
 814 0020 0546     		mov	r5, r0
  22:effects/streetseffect.cpp ****     slapbackDelay_ = new SlapbackDelayEffect();
 815              		.loc 1 22 46 discriminator 1 view .LVU215
 816 0022 FFF7FEFF 		bl	_ZN11perspective19ParallelDelayEffectC1Ev
 817              	.LVL87:
  23:effects/streetseffect.cpp ****     
 818              		.loc 1 23 46 view .LVU216
 819 0026 3820     		movs	r0, #56
  22:effects/streetseffect.cpp ****     slapbackDelay_ = new SlapbackDelayEffect();
 820              		.loc 1 22 20 discriminator 2 view .LVU217
 821 0028 2565     		str	r5, [r4, #80]
  23:effects/streetseffect.cpp ****     
 822              		.loc 1 23 5 is_stmt 1 view .LVU218
  23:effects/streetseffect.cpp ****     
 823              		.loc 1 23 46 is_stmt 0 view .LVU219
 824 002a FFF7FEFF 		bl	_Znwj
 825              	.LVL88:
 826 002e 0546     		mov	r5, r0
  23:effects/streetseffect.cpp ****     
 827              		.loc 1 23 46 discriminator 1 view .LVU220
 828 0030 FFF7FEFF 		bl	_ZN11perspective19SlapbackDelayEffectC1Ev
 829              	.LVL89:
  26:effects/streetseffect.cpp ****     AddEffect(slapbackDelay_);
 830              		.loc 1 26 14 view .LVU221
ARM GAS  C:\Users\Oliver\AppData\Local\Temp\ccukWDDi.s 			page 41


 831 0034 216D     		ldr	r1, [r4, #80]
 832 0036 2046     		mov	r0, r4
  23:effects/streetseffect.cpp ****     
 833              		.loc 1 23 20 discriminator 2 view .LVU222
 834 0038 6565     		str	r5, [r4, #84]
  26:effects/streetseffect.cpp ****     AddEffect(slapbackDelay_);
 835              		.loc 1 26 5 is_stmt 1 view .LVU223
  26:effects/streetseffect.cpp ****     AddEffect(slapbackDelay_);
 836              		.loc 1 26 14 is_stmt 0 view .LVU224
 837 003a FFF7FEFF 		bl	_ZN11perspective14CompoundEffect9AddEffectEPNS_6EffectE
 838              	.LVL90:
  27:effects/streetseffect.cpp **** }
 839              		.loc 1 27 5 is_stmt 1 view .LVU225
  27:effects/streetseffect.cpp **** }
 840              		.loc 1 27 14 is_stmt 0 view .LVU226
 841 003e 2046     		mov	r0, r4
 842 0040 616D     		ldr	r1, [r4, #84]
 843 0042 FFF7FEFF 		bl	_ZN11perspective14CompoundEffect9AddEffectEPNS_6EffectE
 844              	.LVL91:
 845              	.LBE198:
  28:effects/streetseffect.cpp **** 
 846              		.loc 1 28 1 view .LVU227
 847 0046 2046     		mov	r0, r4
 848 0048 38BD     		pop	{r3, r4, r5, pc}
 849              	.LVL92:
 850              	.L45:
  28:effects/streetseffect.cpp **** 
 851              		.loc 1 28 1 view .LVU228
 852 004a 00BF     		.align	2
 853              	.L44:
 854 004c 00000000 		.word	.LC0
 855 0050 08000000 		.word	_ZTVN11perspective13StreetsEffectE+8
 856              		.cfi_endproc
 857              	.LFE6885:
 859              		.global	_ZN11perspective13StreetsEffectC1Ev
 860              		.thumb_set _ZN11perspective13StreetsEffectC1Ev,_ZN11perspective13StreetsEffectC2Ev
 861              		.section	.rodata._ZN11perspective13StreetsEffect4InitEf.str1.4,"aMS",%progbits,1
 862              		.align	2
 863              	.LC1:
 864 0000 4B31204D 		.ascii	"K1 Mix\000"
 864      697800
 865 0007 00       		.align	2
 866              	.LC2:
 867 0008 4B322046 		.ascii	"K2 Feedback\000"
 867      65656462 
 867      61636B00 
 868              		.align	2
 869              	.LC3:
 870 0014 4B332053 		.ascii	"K3 Subdivision\000"
 870      75626469 
 870      76697369 
 870      6F6E00
 871 0023 00       		.align	2
 872              	.LC4:
 873 0024 4B34204D 		.ascii	"K4 Mix\000"
 873      697800
 874 002b 00       		.align	2
ARM GAS  C:\Users\Oliver\AppData\Local\Temp\ccukWDDi.s 			page 42


 875              	.LC5:
 876 002c 4B352046 		.ascii	"K5 Feedback\000"
 876      65656462 
 876      61636B00 
 877              		.align	2
 878              	.LC6:
 879 0038 4B362053 		.ascii	"K6 Slap Mix\000"
 879      6C617020 
 879      4D697800 
 880              		.align	2
 881              	.LC7:
 882 0044 45312054 		.ascii	"E1 Tempo\000"
 882      656D706F 
 882      00
 883 004d 000000   		.align	2
 884              	.LC8:
 885 0050 45312054 		.ascii	"E1 Time\000"
 885      696D6500 
 886              		.align	2
 887              	.LC9:
 888 0058 45322050 		.ascii	"E2 Perc\000"
 888      65726300 
 889              		.align	2
 890              	.LC10:
 891 0060 54656D70 		.ascii	"Tempo Mode\000"
 891      6F204D6F 
 891      646500
 892 006b 00       		.align	2
 893              	.LC11:
 894 006c 4F666600 		.ascii	"Off\000"
 895              		.align	2
 896              	.LC12:
 897 0070 4F6E00   		.ascii	"On\000"
 898              		.section	.text._ZN11perspective13StreetsEffect4InitEf,"ax",%progbits
 899              		.align	1
 900              		.p2align 2,,3
 901              		.global	_ZN11perspective13StreetsEffect4InitEf
 902              		.syntax unified
 903              		.thumb
 904              		.thumb_func
 906              	_ZN11perspective13StreetsEffect4InitEf:
 907              	.LVL93:
 908              	.LFB6891:
  34:effects/streetseffect.cpp ****     // Initialize the compound effect (this initializes child effects)
 909              		.loc 1 34 44 is_stmt 1 view -0
 910              		.cfi_startproc
 911              		@ args = 0, pretend = 0, frame = 0
 912              		@ frame_needed = 0, uses_anonymous_args = 0
  36:effects/streetseffect.cpp ****     
 913              		.loc 1 36 5 view .LVU230
  34:effects/streetseffect.cpp ****     // Initialize the compound effect (this initializes child effects)
 914              		.loc 1 34 44 is_stmt 0 view .LVU231
 915 0000 2DE9F047 		push	{r4, r5, r6, r7, r8, r9, r10, lr}
 916              		.cfi_def_cfa_offset 32
 917              		.cfi_offset 4, -32
 918              		.cfi_offset 5, -28
 919              		.cfi_offset 6, -24
ARM GAS  C:\Users\Oliver\AppData\Local\Temp\ccukWDDi.s 			page 43


 920              		.cfi_offset 7, -20
 921              		.cfi_offset 8, -16
 922              		.cfi_offset 9, -12
 923              		.cfi_offset 10, -8
 924              		.cfi_offset 14, -4
 925 0004 0446     		mov	r4, r0
 926 0006 84B0     		sub	sp, sp, #16
 927              		.cfi_def_cfa_offset 48
  36:effects/streetseffect.cpp ****     
 928              		.loc 1 36 25 view .LVU232
 929 0008 FFF7FEFF 		bl	_ZN11perspective14CompoundEffect4InitEf
 930              	.LVL94:
  39:effects/streetseffect.cpp ****         slapbackDelay_->SetWetOnly(false); // Allow slapback to add to the signal
 931              		.loc 1 39 5 is_stmt 1 view .LVU233
  39:effects/streetseffect.cpp ****         slapbackDelay_->SetWetOnly(false); // Allow slapback to add to the signal
 932              		.loc 1 39 9 is_stmt 0 view .LVU234
 933 000c 606D     		ldr	r0, [r4, #84]
  39:effects/streetseffect.cpp ****         slapbackDelay_->SetWetOnly(false); // Allow slapback to add to the signal
 934              		.loc 1 39 5 view .LVU235
 935 000e 10B1     		cbz	r0, .L47
  40:effects/streetseffect.cpp ****     }
 936              		.loc 1 40 9 is_stmt 1 view .LVU236
  40:effects/streetseffect.cpp ****     }
 937              		.loc 1 40 35 is_stmt 0 view .LVU237
 938 0010 0021     		movs	r1, #0
 939 0012 FFF7FEFF 		bl	_ZN11perspective6Effect10SetWetOnlyEb
 940              	.LVL95:
 941              	.L47:
  45:effects/streetseffect.cpp ****     parameters_.back()->SetDisplayType(DisplayType::SCALED);
 942              		.loc 1 45 5 is_stmt 1 view .LVU238
  45:effects/streetseffect.cpp ****     parameters_.back()->SetDisplayType(DisplayType::SCALED);
 943              		.loc 1 45 102 is_stmt 0 discriminator 1 view .LVU239
 944 0016 0025     		movs	r5, #0
  45:effects/streetseffect.cpp ****     parameters_.back()->SetDisplayType(DisplayType::SCALED);
 945              		.loc 1 45 102 view .LVU240
 946 0018 3020     		movs	r0, #48
 947 001a FFF7FEFF 		bl	_Znwj
 948              	.LVL96:
 949 001e 0646     		mov	r6, r0
  45:effects/streetseffect.cpp ****     parameters_.back()->SetDisplayType(DisplayType::SCALED);
 950              		.loc 1 45 102 discriminator 1 view .LVU241
 951 0020 B6EE001A 		vmov.f32	s2, #5.0e-1
 952 0024 2A46     		mov	r2, r5
 953 0026 F7EE000A 		vmov.f32	s1, #1.0e+0
 954 002a 9FEDA30A 		vldr.32	s0, .L56
 955 002e 2B46     		mov	r3, r5
 956 0030 A249     		ldr	r1, .L56+4
 957 0032 0095     		str	r5, [sp]
  62:effects/streetseffect.cpp ****     parameters_.back()->SetDisplayType(DisplayType::SCALED);
 958              		.loc 1 62 107 discriminator 1 view .LVU242
 959 0034 4FF0050A 		mov	r10, #5
  45:effects/streetseffect.cpp ****     parameters_.back()->SetDisplayType(DisplayType::SCALED);
 960              		.loc 1 45 102 discriminator 1 view .LVU243
 961 0038 FFF7FEFF 		bl	_ZN11perspective22PotentiometerParameterC1EPKcfffNS_8PotCurveEii
 962              	.LVL97:
  45:effects/streetseffect.cpp ****     parameters_.back()->SetDisplayType(DisplayType::SCALED);
 963              		.loc 1 45 17 discriminator 2 view .LVU244
ARM GAS  C:\Users\Oliver\AppData\Local\Temp\ccukWDDi.s 			page 44


 964 003c 3146     		mov	r1, r6
 965 003e 2046     		mov	r0, r4
  49:effects/streetseffect.cpp ****     parameters_.back()->SetDisplayType(DisplayType::SCALED);
 966              		.loc 1 49 107 discriminator 1 view .LVU245
 967 0040 0126     		movs	r6, #1
  45:effects/streetseffect.cpp ****     parameters_.back()->SetDisplayType(DisplayType::SCALED);
 968              		.loc 1 45 17 discriminator 2 view .LVU246
 969 0042 FFF7FEFF 		bl	_ZN11perspective6Effect12AddParameterEPNS_15EffectParameterE
 970              	.LVL98:
  46:effects/streetseffect.cpp ****     parameters_.back()->SetScaleFactor(100.0f);
 971              		.loc 1 46 5 is_stmt 1 view .LVU247
 972              	.LBB199:
 973              	.LBI199:
1145:C:/Program Files (x86)/Arm GNU Toolchain arm-none-eabi/14.3 rel1/arm-none-eabi/include/c++/14.3.1/bits\stl_vector.h ****       }
1146:C:/Program Files (x86)/Arm GNU Toolchain arm-none-eabi/14.3 rel1/arm-none-eabi/include/c++/14.3.1/bits\stl_vector.h **** 
1147:C:/Program Files (x86)/Arm GNU Toolchain arm-none-eabi/14.3 rel1/arm-none-eabi/include/c++/14.3.1/bits\stl_vector.h ****       /**
1148:C:/Program Files (x86)/Arm GNU Toolchain arm-none-eabi/14.3 rel1/arm-none-eabi/include/c++/14.3.1/bits\stl_vector.h ****        *  @brief  Subscript access to the data contained in the %vector.
1149:C:/Program Files (x86)/Arm GNU Toolchain arm-none-eabi/14.3 rel1/arm-none-eabi/include/c++/14.3.1/bits\stl_vector.h ****        *  @param __n The index of the element for which data should be
1150:C:/Program Files (x86)/Arm GNU Toolchain arm-none-eabi/14.3 rel1/arm-none-eabi/include/c++/14.3.1/bits\stl_vector.h ****        *  accessed.
1151:C:/Program Files (x86)/Arm GNU Toolchain arm-none-eabi/14.3 rel1/arm-none-eabi/include/c++/14.3.1/bits\stl_vector.h ****        *  @return  Read-only (constant) reference to data.
1152:C:/Program Files (x86)/Arm GNU Toolchain arm-none-eabi/14.3 rel1/arm-none-eabi/include/c++/14.3.1/bits\stl_vector.h ****        *
1153:C:/Program Files (x86)/Arm GNU Toolchain arm-none-eabi/14.3 rel1/arm-none-eabi/include/c++/14.3.1/bits\stl_vector.h ****        *  This operator allows for easy, array-style, data access.
1154:C:/Program Files (x86)/Arm GNU Toolchain arm-none-eabi/14.3 rel1/arm-none-eabi/include/c++/14.3.1/bits\stl_vector.h ****        *  Note that data access with this operator is unchecked and
1155:C:/Program Files (x86)/Arm GNU Toolchain arm-none-eabi/14.3 rel1/arm-none-eabi/include/c++/14.3.1/bits\stl_vector.h ****        *  out_of_range lookups are not defined. (For checked lookups
1156:C:/Program Files (x86)/Arm GNU Toolchain arm-none-eabi/14.3 rel1/arm-none-eabi/include/c++/14.3.1/bits\stl_vector.h ****        *  see at().)
1157:C:/Program Files (x86)/Arm GNU Toolchain arm-none-eabi/14.3 rel1/arm-none-eabi/include/c++/14.3.1/bits\stl_vector.h ****        */
1158:C:/Program Files (x86)/Arm GNU Toolchain arm-none-eabi/14.3 rel1/arm-none-eabi/include/c++/14.3.1/bits\stl_vector.h ****       _GLIBCXX_NODISCARD _GLIBCXX20_CONSTEXPR
1159:C:/Program Files (x86)/Arm GNU Toolchain arm-none-eabi/14.3 rel1/arm-none-eabi/include/c++/14.3.1/bits\stl_vector.h ****       const_reference
1160:C:/Program Files (x86)/Arm GNU Toolchain arm-none-eabi/14.3 rel1/arm-none-eabi/include/c++/14.3.1/bits\stl_vector.h ****       operator[](size_type __n) const _GLIBCXX_NOEXCEPT
1161:C:/Program Files (x86)/Arm GNU Toolchain arm-none-eabi/14.3 rel1/arm-none-eabi/include/c++/14.3.1/bits\stl_vector.h ****       {
1162:C:/Program Files (x86)/Arm GNU Toolchain arm-none-eabi/14.3 rel1/arm-none-eabi/include/c++/14.3.1/bits\stl_vector.h **** 	__glibcxx_requires_subscript(__n);
1163:C:/Program Files (x86)/Arm GNU Toolchain arm-none-eabi/14.3 rel1/arm-none-eabi/include/c++/14.3.1/bits\stl_vector.h **** 	return *(this->_M_impl._M_start + __n);
1164:C:/Program Files (x86)/Arm GNU Toolchain arm-none-eabi/14.3 rel1/arm-none-eabi/include/c++/14.3.1/bits\stl_vector.h ****       }
1165:C:/Program Files (x86)/Arm GNU Toolchain arm-none-eabi/14.3 rel1/arm-none-eabi/include/c++/14.3.1/bits\stl_vector.h **** 
1166:C:/Program Files (x86)/Arm GNU Toolchain arm-none-eabi/14.3 rel1/arm-none-eabi/include/c++/14.3.1/bits\stl_vector.h ****     protected:
1167:C:/Program Files (x86)/Arm GNU Toolchain arm-none-eabi/14.3 rel1/arm-none-eabi/include/c++/14.3.1/bits\stl_vector.h ****       /// Safety check used only from at().
1168:C:/Program Files (x86)/Arm GNU Toolchain arm-none-eabi/14.3 rel1/arm-none-eabi/include/c++/14.3.1/bits\stl_vector.h ****       _GLIBCXX20_CONSTEXPR
1169:C:/Program Files (x86)/Arm GNU Toolchain arm-none-eabi/14.3 rel1/arm-none-eabi/include/c++/14.3.1/bits\stl_vector.h ****       void
1170:C:/Program Files (x86)/Arm GNU Toolchain arm-none-eabi/14.3 rel1/arm-none-eabi/include/c++/14.3.1/bits\stl_vector.h ****       _M_range_check(size_type __n) const
1171:C:/Program Files (x86)/Arm GNU Toolchain arm-none-eabi/14.3 rel1/arm-none-eabi/include/c++/14.3.1/bits\stl_vector.h ****       {
1172:C:/Program Files (x86)/Arm GNU Toolchain arm-none-eabi/14.3 rel1/arm-none-eabi/include/c++/14.3.1/bits\stl_vector.h **** 	if (__n >= this->size())
1173:C:/Program Files (x86)/Arm GNU Toolchain arm-none-eabi/14.3 rel1/arm-none-eabi/include/c++/14.3.1/bits\stl_vector.h **** 	  __throw_out_of_range_fmt(__N("vector::_M_range_check: __n "
1174:C:/Program Files (x86)/Arm GNU Toolchain arm-none-eabi/14.3 rel1/arm-none-eabi/include/c++/14.3.1/bits\stl_vector.h **** 				       "(which is %zu) >= this->size() "
1175:C:/Program Files (x86)/Arm GNU Toolchain arm-none-eabi/14.3 rel1/arm-none-eabi/include/c++/14.3.1/bits\stl_vector.h **** 				       "(which is %zu)"),
1176:C:/Program Files (x86)/Arm GNU Toolchain arm-none-eabi/14.3 rel1/arm-none-eabi/include/c++/14.3.1/bits\stl_vector.h **** 				   __n, this->size());
1177:C:/Program Files (x86)/Arm GNU Toolchain arm-none-eabi/14.3 rel1/arm-none-eabi/include/c++/14.3.1/bits\stl_vector.h ****       }
1178:C:/Program Files (x86)/Arm GNU Toolchain arm-none-eabi/14.3 rel1/arm-none-eabi/include/c++/14.3.1/bits\stl_vector.h **** 
1179:C:/Program Files (x86)/Arm GNU Toolchain arm-none-eabi/14.3 rel1/arm-none-eabi/include/c++/14.3.1/bits\stl_vector.h ****     public:
1180:C:/Program Files (x86)/Arm GNU Toolchain arm-none-eabi/14.3 rel1/arm-none-eabi/include/c++/14.3.1/bits\stl_vector.h ****       /**
1181:C:/Program Files (x86)/Arm GNU Toolchain arm-none-eabi/14.3 rel1/arm-none-eabi/include/c++/14.3.1/bits\stl_vector.h ****        *  @brief  Provides access to the data contained in the %vector.
1182:C:/Program Files (x86)/Arm GNU Toolchain arm-none-eabi/14.3 rel1/arm-none-eabi/include/c++/14.3.1/bits\stl_vector.h ****        *  @param __n The index of the element for which data should be
1183:C:/Program Files (x86)/Arm GNU Toolchain arm-none-eabi/14.3 rel1/arm-none-eabi/include/c++/14.3.1/bits\stl_vector.h ****        *  accessed.
1184:C:/Program Files (x86)/Arm GNU Toolchain arm-none-eabi/14.3 rel1/arm-none-eabi/include/c++/14.3.1/bits\stl_vector.h ****        *  @return  Read/write reference to data.
1185:C:/Program Files (x86)/Arm GNU Toolchain arm-none-eabi/14.3 rel1/arm-none-eabi/include/c++/14.3.1/bits\stl_vector.h ****        *  @throw  std::out_of_range  If @a __n is an invalid index.
1186:C:/Program Files (x86)/Arm GNU Toolchain arm-none-eabi/14.3 rel1/arm-none-eabi/include/c++/14.3.1/bits\stl_vector.h ****        *
1187:C:/Program Files (x86)/Arm GNU Toolchain arm-none-eabi/14.3 rel1/arm-none-eabi/include/c++/14.3.1/bits\stl_vector.h ****        *  This function provides for safer data access.  The parameter
1188:C:/Program Files (x86)/Arm GNU Toolchain arm-none-eabi/14.3 rel1/arm-none-eabi/include/c++/14.3.1/bits\stl_vector.h ****        *  is first checked that it is in the range of the vector.  The
ARM GAS  C:\Users\Oliver\AppData\Local\Temp\ccukWDDi.s 			page 45


1189:C:/Program Files (x86)/Arm GNU Toolchain arm-none-eabi/14.3 rel1/arm-none-eabi/include/c++/14.3.1/bits\stl_vector.h ****        *  function throws out_of_range if the check fails.
1190:C:/Program Files (x86)/Arm GNU Toolchain arm-none-eabi/14.3 rel1/arm-none-eabi/include/c++/14.3.1/bits\stl_vector.h ****        */
1191:C:/Program Files (x86)/Arm GNU Toolchain arm-none-eabi/14.3 rel1/arm-none-eabi/include/c++/14.3.1/bits\stl_vector.h ****       _GLIBCXX_NODISCARD _GLIBCXX20_CONSTEXPR
1192:C:/Program Files (x86)/Arm GNU Toolchain arm-none-eabi/14.3 rel1/arm-none-eabi/include/c++/14.3.1/bits\stl_vector.h ****       reference
1193:C:/Program Files (x86)/Arm GNU Toolchain arm-none-eabi/14.3 rel1/arm-none-eabi/include/c++/14.3.1/bits\stl_vector.h ****       at(size_type __n)
1194:C:/Program Files (x86)/Arm GNU Toolchain arm-none-eabi/14.3 rel1/arm-none-eabi/include/c++/14.3.1/bits\stl_vector.h ****       {
1195:C:/Program Files (x86)/Arm GNU Toolchain arm-none-eabi/14.3 rel1/arm-none-eabi/include/c++/14.3.1/bits\stl_vector.h **** 	_M_range_check(__n);
1196:C:/Program Files (x86)/Arm GNU Toolchain arm-none-eabi/14.3 rel1/arm-none-eabi/include/c++/14.3.1/bits\stl_vector.h **** 	return (*this)[__n];
1197:C:/Program Files (x86)/Arm GNU Toolchain arm-none-eabi/14.3 rel1/arm-none-eabi/include/c++/14.3.1/bits\stl_vector.h ****       }
1198:C:/Program Files (x86)/Arm GNU Toolchain arm-none-eabi/14.3 rel1/arm-none-eabi/include/c++/14.3.1/bits\stl_vector.h **** 
1199:C:/Program Files (x86)/Arm GNU Toolchain arm-none-eabi/14.3 rel1/arm-none-eabi/include/c++/14.3.1/bits\stl_vector.h ****       /**
1200:C:/Program Files (x86)/Arm GNU Toolchain arm-none-eabi/14.3 rel1/arm-none-eabi/include/c++/14.3.1/bits\stl_vector.h ****        *  @brief  Provides access to the data contained in the %vector.
1201:C:/Program Files (x86)/Arm GNU Toolchain arm-none-eabi/14.3 rel1/arm-none-eabi/include/c++/14.3.1/bits\stl_vector.h ****        *  @param __n The index of the element for which data should be
1202:C:/Program Files (x86)/Arm GNU Toolchain arm-none-eabi/14.3 rel1/arm-none-eabi/include/c++/14.3.1/bits\stl_vector.h ****        *  accessed.
1203:C:/Program Files (x86)/Arm GNU Toolchain arm-none-eabi/14.3 rel1/arm-none-eabi/include/c++/14.3.1/bits\stl_vector.h ****        *  @return  Read-only (constant) reference to data.
1204:C:/Program Files (x86)/Arm GNU Toolchain arm-none-eabi/14.3 rel1/arm-none-eabi/include/c++/14.3.1/bits\stl_vector.h ****        *  @throw  std::out_of_range  If @a __n is an invalid index.
1205:C:/Program Files (x86)/Arm GNU Toolchain arm-none-eabi/14.3 rel1/arm-none-eabi/include/c++/14.3.1/bits\stl_vector.h ****        *
1206:C:/Program Files (x86)/Arm GNU Toolchain arm-none-eabi/14.3 rel1/arm-none-eabi/include/c++/14.3.1/bits\stl_vector.h ****        *  This function provides for safer data access.  The parameter
1207:C:/Program Files (x86)/Arm GNU Toolchain arm-none-eabi/14.3 rel1/arm-none-eabi/include/c++/14.3.1/bits\stl_vector.h ****        *  is first checked that it is in the range of the vector.  The
1208:C:/Program Files (x86)/Arm GNU Toolchain arm-none-eabi/14.3 rel1/arm-none-eabi/include/c++/14.3.1/bits\stl_vector.h ****        *  function throws out_of_range if the check fails.
1209:C:/Program Files (x86)/Arm GNU Toolchain arm-none-eabi/14.3 rel1/arm-none-eabi/include/c++/14.3.1/bits\stl_vector.h ****        */
1210:C:/Program Files (x86)/Arm GNU Toolchain arm-none-eabi/14.3 rel1/arm-none-eabi/include/c++/14.3.1/bits\stl_vector.h ****       _GLIBCXX_NODISCARD _GLIBCXX20_CONSTEXPR
1211:C:/Program Files (x86)/Arm GNU Toolchain arm-none-eabi/14.3 rel1/arm-none-eabi/include/c++/14.3.1/bits\stl_vector.h ****       const_reference
1212:C:/Program Files (x86)/Arm GNU Toolchain arm-none-eabi/14.3 rel1/arm-none-eabi/include/c++/14.3.1/bits\stl_vector.h ****       at(size_type __n) const
1213:C:/Program Files (x86)/Arm GNU Toolchain arm-none-eabi/14.3 rel1/arm-none-eabi/include/c++/14.3.1/bits\stl_vector.h ****       {
1214:C:/Program Files (x86)/Arm GNU Toolchain arm-none-eabi/14.3 rel1/arm-none-eabi/include/c++/14.3.1/bits\stl_vector.h **** 	_M_range_check(__n);
1215:C:/Program Files (x86)/Arm GNU Toolchain arm-none-eabi/14.3 rel1/arm-none-eabi/include/c++/14.3.1/bits\stl_vector.h **** 	return (*this)[__n];
1216:C:/Program Files (x86)/Arm GNU Toolchain arm-none-eabi/14.3 rel1/arm-none-eabi/include/c++/14.3.1/bits\stl_vector.h ****       }
1217:C:/Program Files (x86)/Arm GNU Toolchain arm-none-eabi/14.3 rel1/arm-none-eabi/include/c++/14.3.1/bits\stl_vector.h **** 
1218:C:/Program Files (x86)/Arm GNU Toolchain arm-none-eabi/14.3 rel1/arm-none-eabi/include/c++/14.3.1/bits\stl_vector.h ****       /**
1219:C:/Program Files (x86)/Arm GNU Toolchain arm-none-eabi/14.3 rel1/arm-none-eabi/include/c++/14.3.1/bits\stl_vector.h ****        *  Returns a read/write reference to the data at the first
1220:C:/Program Files (x86)/Arm GNU Toolchain arm-none-eabi/14.3 rel1/arm-none-eabi/include/c++/14.3.1/bits\stl_vector.h ****        *  element of the %vector.
1221:C:/Program Files (x86)/Arm GNU Toolchain arm-none-eabi/14.3 rel1/arm-none-eabi/include/c++/14.3.1/bits\stl_vector.h ****        */
1222:C:/Program Files (x86)/Arm GNU Toolchain arm-none-eabi/14.3 rel1/arm-none-eabi/include/c++/14.3.1/bits\stl_vector.h ****       _GLIBCXX_NODISCARD _GLIBCXX20_CONSTEXPR
1223:C:/Program Files (x86)/Arm GNU Toolchain arm-none-eabi/14.3 rel1/arm-none-eabi/include/c++/14.3.1/bits\stl_vector.h ****       reference
1224:C:/Program Files (x86)/Arm GNU Toolchain arm-none-eabi/14.3 rel1/arm-none-eabi/include/c++/14.3.1/bits\stl_vector.h ****       front() _GLIBCXX_NOEXCEPT
1225:C:/Program Files (x86)/Arm GNU Toolchain arm-none-eabi/14.3 rel1/arm-none-eabi/include/c++/14.3.1/bits\stl_vector.h ****       {
1226:C:/Program Files (x86)/Arm GNU Toolchain arm-none-eabi/14.3 rel1/arm-none-eabi/include/c++/14.3.1/bits\stl_vector.h **** 	__glibcxx_requires_nonempty();
1227:C:/Program Files (x86)/Arm GNU Toolchain arm-none-eabi/14.3 rel1/arm-none-eabi/include/c++/14.3.1/bits\stl_vector.h **** 	return *begin();
1228:C:/Program Files (x86)/Arm GNU Toolchain arm-none-eabi/14.3 rel1/arm-none-eabi/include/c++/14.3.1/bits\stl_vector.h ****       }
1229:C:/Program Files (x86)/Arm GNU Toolchain arm-none-eabi/14.3 rel1/arm-none-eabi/include/c++/14.3.1/bits\stl_vector.h **** 
1230:C:/Program Files (x86)/Arm GNU Toolchain arm-none-eabi/14.3 rel1/arm-none-eabi/include/c++/14.3.1/bits\stl_vector.h ****       /**
1231:C:/Program Files (x86)/Arm GNU Toolchain arm-none-eabi/14.3 rel1/arm-none-eabi/include/c++/14.3.1/bits\stl_vector.h ****        *  Returns a read-only (constant) reference to the data at the first
1232:C:/Program Files (x86)/Arm GNU Toolchain arm-none-eabi/14.3 rel1/arm-none-eabi/include/c++/14.3.1/bits\stl_vector.h ****        *  element of the %vector.
1233:C:/Program Files (x86)/Arm GNU Toolchain arm-none-eabi/14.3 rel1/arm-none-eabi/include/c++/14.3.1/bits\stl_vector.h ****        */
1234:C:/Program Files (x86)/Arm GNU Toolchain arm-none-eabi/14.3 rel1/arm-none-eabi/include/c++/14.3.1/bits\stl_vector.h ****       _GLIBCXX_NODISCARD _GLIBCXX20_CONSTEXPR
1235:C:/Program Files (x86)/Arm GNU Toolchain arm-none-eabi/14.3 rel1/arm-none-eabi/include/c++/14.3.1/bits\stl_vector.h ****       const_reference
1236:C:/Program Files (x86)/Arm GNU Toolchain arm-none-eabi/14.3 rel1/arm-none-eabi/include/c++/14.3.1/bits\stl_vector.h ****       front() const _GLIBCXX_NOEXCEPT
1237:C:/Program Files (x86)/Arm GNU Toolchain arm-none-eabi/14.3 rel1/arm-none-eabi/include/c++/14.3.1/bits\stl_vector.h ****       {
1238:C:/Program Files (x86)/Arm GNU Toolchain arm-none-eabi/14.3 rel1/arm-none-eabi/include/c++/14.3.1/bits\stl_vector.h **** 	__glibcxx_requires_nonempty();
1239:C:/Program Files (x86)/Arm GNU Toolchain arm-none-eabi/14.3 rel1/arm-none-eabi/include/c++/14.3.1/bits\stl_vector.h **** 	return *begin();
1240:C:/Program Files (x86)/Arm GNU Toolchain arm-none-eabi/14.3 rel1/arm-none-eabi/include/c++/14.3.1/bits\stl_vector.h ****       }
1241:C:/Program Files (x86)/Arm GNU Toolchain arm-none-eabi/14.3 rel1/arm-none-eabi/include/c++/14.3.1/bits\stl_vector.h **** 
1242:C:/Program Files (x86)/Arm GNU Toolchain arm-none-eabi/14.3 rel1/arm-none-eabi/include/c++/14.3.1/bits\stl_vector.h ****       /**
1243:C:/Program Files (x86)/Arm GNU Toolchain arm-none-eabi/14.3 rel1/arm-none-eabi/include/c++/14.3.1/bits\stl_vector.h ****        *  Returns a read/write reference to the data at the last
1244:C:/Program Files (x86)/Arm GNU Toolchain arm-none-eabi/14.3 rel1/arm-none-eabi/include/c++/14.3.1/bits\stl_vector.h ****        *  element of the %vector.
1245:C:/Program Files (x86)/Arm GNU Toolchain arm-none-eabi/14.3 rel1/arm-none-eabi/include/c++/14.3.1/bits\stl_vector.h ****        */
ARM GAS  C:\Users\Oliver\AppData\Local\Temp\ccukWDDi.s 			page 46


1246:C:/Program Files (x86)/Arm GNU Toolchain arm-none-eabi/14.3 rel1/arm-none-eabi/include/c++/14.3.1/bits\stl_vector.h ****       _GLIBCXX_NODISCARD _GLIBCXX20_CONSTEXPR
1247:C:/Program Files (x86)/Arm GNU Toolchain arm-none-eabi/14.3 rel1/arm-none-eabi/include/c++/14.3.1/bits\stl_vector.h ****       reference
1248:C:/Program Files (x86)/Arm GNU Toolchain arm-none-eabi/14.3 rel1/arm-none-eabi/include/c++/14.3.1/bits\stl_vector.h ****       back() _GLIBCXX_NOEXCEPT
 974              		.loc 2 1248 7 view .LVU248
 975              	.LBB200:
 976              	.LBI200:
 906:C:/Program Files (x86)/Arm GNU Toolchain arm-none-eabi/14.3 rel1/arm-none-eabi/include/c++/14.3.1/bits\stl_vector.h ****       { return iterator(this->_M_impl._M_finish); }
 977              		.loc 2 906 7 view .LVU249
 978              	.LBB201:
 979              	.LBI201:
 980              		.file 4 "C:/Program Files (x86)/Arm GNU Toolchain arm-none-eabi/14.3 rel1/arm-none-eabi/include/c+
   1:C:/Program Files (x86)/Arm GNU Toolchain arm-none-eabi/14.3 rel1/arm-none-eabi/include/c++/14.3.1/bits\stl_iterator.h **** // Iterators -*- C++ -*-
   2:C:/Program Files (x86)/Arm GNU Toolchain arm-none-eabi/14.3 rel1/arm-none-eabi/include/c++/14.3.1/bits\stl_iterator.h **** 
   3:C:/Program Files (x86)/Arm GNU Toolchain arm-none-eabi/14.3 rel1/arm-none-eabi/include/c++/14.3.1/bits\stl_iterator.h **** // Copyright (C) 2001-2024 Free Software Foundation, Inc.
   4:C:/Program Files (x86)/Arm GNU Toolchain arm-none-eabi/14.3 rel1/arm-none-eabi/include/c++/14.3.1/bits\stl_iterator.h **** //
   5:C:/Program Files (x86)/Arm GNU Toolchain arm-none-eabi/14.3 rel1/arm-none-eabi/include/c++/14.3.1/bits\stl_iterator.h **** // This file is part of the GNU ISO C++ Library.  This library is free
   6:C:/Program Files (x86)/Arm GNU Toolchain arm-none-eabi/14.3 rel1/arm-none-eabi/include/c++/14.3.1/bits\stl_iterator.h **** // software; you can redistribute it and/or modify it under the
   7:C:/Program Files (x86)/Arm GNU Toolchain arm-none-eabi/14.3 rel1/arm-none-eabi/include/c++/14.3.1/bits\stl_iterator.h **** // terms of the GNU General Public License as published by the
   8:C:/Program Files (x86)/Arm GNU Toolchain arm-none-eabi/14.3 rel1/arm-none-eabi/include/c++/14.3.1/bits\stl_iterator.h **** // Free Software Foundation; either version 3, or (at your option)
   9:C:/Program Files (x86)/Arm GNU Toolchain arm-none-eabi/14.3 rel1/arm-none-eabi/include/c++/14.3.1/bits\stl_iterator.h **** // any later version.
  10:C:/Program Files (x86)/Arm GNU Toolchain arm-none-eabi/14.3 rel1/arm-none-eabi/include/c++/14.3.1/bits\stl_iterator.h **** 
  11:C:/Program Files (x86)/Arm GNU Toolchain arm-none-eabi/14.3 rel1/arm-none-eabi/include/c++/14.3.1/bits\stl_iterator.h **** // This library is distributed in the hope that it will be useful,
  12:C:/Program Files (x86)/Arm GNU Toolchain arm-none-eabi/14.3 rel1/arm-none-eabi/include/c++/14.3.1/bits\stl_iterator.h **** // but WITHOUT ANY WARRANTY; without even the implied warranty of
  13:C:/Program Files (x86)/Arm GNU Toolchain arm-none-eabi/14.3 rel1/arm-none-eabi/include/c++/14.3.1/bits\stl_iterator.h **** // MERCHANTABILITY or FITNESS FOR A PARTICULAR PURPOSE.  See the
  14:C:/Program Files (x86)/Arm GNU Toolchain arm-none-eabi/14.3 rel1/arm-none-eabi/include/c++/14.3.1/bits\stl_iterator.h **** // GNU General Public License for more details.
  15:C:/Program Files (x86)/Arm GNU Toolchain arm-none-eabi/14.3 rel1/arm-none-eabi/include/c++/14.3.1/bits\stl_iterator.h **** 
  16:C:/Program Files (x86)/Arm GNU Toolchain arm-none-eabi/14.3 rel1/arm-none-eabi/include/c++/14.3.1/bits\stl_iterator.h **** // Under Section 7 of GPL version 3, you are granted additional
  17:C:/Program Files (x86)/Arm GNU Toolchain arm-none-eabi/14.3 rel1/arm-none-eabi/include/c++/14.3.1/bits\stl_iterator.h **** // permissions described in the GCC Runtime Library Exception, version
  18:C:/Program Files (x86)/Arm GNU Toolchain arm-none-eabi/14.3 rel1/arm-none-eabi/include/c++/14.3.1/bits\stl_iterator.h **** // 3.1, as published by the Free Software Foundation.
  19:C:/Program Files (x86)/Arm GNU Toolchain arm-none-eabi/14.3 rel1/arm-none-eabi/include/c++/14.3.1/bits\stl_iterator.h **** 
  20:C:/Program Files (x86)/Arm GNU Toolchain arm-none-eabi/14.3 rel1/arm-none-eabi/include/c++/14.3.1/bits\stl_iterator.h **** // You should have received a copy of the GNU General Public License and
  21:C:/Program Files (x86)/Arm GNU Toolchain arm-none-eabi/14.3 rel1/arm-none-eabi/include/c++/14.3.1/bits\stl_iterator.h **** // a copy of the GCC Runtime Library Exception along with this program;
  22:C:/Program Files (x86)/Arm GNU Toolchain arm-none-eabi/14.3 rel1/arm-none-eabi/include/c++/14.3.1/bits\stl_iterator.h **** // see the files COPYING3 and COPYING.RUNTIME respectively.  If not, see
  23:C:/Program Files (x86)/Arm GNU Toolchain arm-none-eabi/14.3 rel1/arm-none-eabi/include/c++/14.3.1/bits\stl_iterator.h **** // <http://www.gnu.org/licenses/>.
  24:C:/Program Files (x86)/Arm GNU Toolchain arm-none-eabi/14.3 rel1/arm-none-eabi/include/c++/14.3.1/bits\stl_iterator.h **** 
  25:C:/Program Files (x86)/Arm GNU Toolchain arm-none-eabi/14.3 rel1/arm-none-eabi/include/c++/14.3.1/bits\stl_iterator.h **** /*
  26:C:/Program Files (x86)/Arm GNU Toolchain arm-none-eabi/14.3 rel1/arm-none-eabi/include/c++/14.3.1/bits\stl_iterator.h ****  *
  27:C:/Program Files (x86)/Arm GNU Toolchain arm-none-eabi/14.3 rel1/arm-none-eabi/include/c++/14.3.1/bits\stl_iterator.h ****  * Copyright (c) 1994
  28:C:/Program Files (x86)/Arm GNU Toolchain arm-none-eabi/14.3 rel1/arm-none-eabi/include/c++/14.3.1/bits\stl_iterator.h ****  * Hewlett-Packard Company
  29:C:/Program Files (x86)/Arm GNU Toolchain arm-none-eabi/14.3 rel1/arm-none-eabi/include/c++/14.3.1/bits\stl_iterator.h ****  *
  30:C:/Program Files (x86)/Arm GNU Toolchain arm-none-eabi/14.3 rel1/arm-none-eabi/include/c++/14.3.1/bits\stl_iterator.h ****  * Permission to use, copy, modify, distribute and sell this software
  31:C:/Program Files (x86)/Arm GNU Toolchain arm-none-eabi/14.3 rel1/arm-none-eabi/include/c++/14.3.1/bits\stl_iterator.h ****  * and its documentation for any purpose is hereby granted without fee,
  32:C:/Program Files (x86)/Arm GNU Toolchain arm-none-eabi/14.3 rel1/arm-none-eabi/include/c++/14.3.1/bits\stl_iterator.h ****  * provided that the above copyright notice appear in all copies and
  33:C:/Program Files (x86)/Arm GNU Toolchain arm-none-eabi/14.3 rel1/arm-none-eabi/include/c++/14.3.1/bits\stl_iterator.h ****  * that both that copyright notice and this permission notice appear
  34:C:/Program Files (x86)/Arm GNU Toolchain arm-none-eabi/14.3 rel1/arm-none-eabi/include/c++/14.3.1/bits\stl_iterator.h ****  * in supporting documentation.  Hewlett-Packard Company makes no
  35:C:/Program Files (x86)/Arm GNU Toolchain arm-none-eabi/14.3 rel1/arm-none-eabi/include/c++/14.3.1/bits\stl_iterator.h ****  * representations about the suitability of this software for any
  36:C:/Program Files (x86)/Arm GNU Toolchain arm-none-eabi/14.3 rel1/arm-none-eabi/include/c++/14.3.1/bits\stl_iterator.h ****  * purpose.  It is provided "as is" without express or implied warranty.
  37:C:/Program Files (x86)/Arm GNU Toolchain arm-none-eabi/14.3 rel1/arm-none-eabi/include/c++/14.3.1/bits\stl_iterator.h ****  *
  38:C:/Program Files (x86)/Arm GNU Toolchain arm-none-eabi/14.3 rel1/arm-none-eabi/include/c++/14.3.1/bits\stl_iterator.h ****  *
  39:C:/Program Files (x86)/Arm GNU Toolchain arm-none-eabi/14.3 rel1/arm-none-eabi/include/c++/14.3.1/bits\stl_iterator.h ****  * Copyright (c) 1996-1998
  40:C:/Program Files (x86)/Arm GNU Toolchain arm-none-eabi/14.3 rel1/arm-none-eabi/include/c++/14.3.1/bits\stl_iterator.h ****  * Silicon Graphics Computer Systems, Inc.
  41:C:/Program Files (x86)/Arm GNU Toolchain arm-none-eabi/14.3 rel1/arm-none-eabi/include/c++/14.3.1/bits\stl_iterator.h ****  *
  42:C:/Program Files (x86)/Arm GNU Toolchain arm-none-eabi/14.3 rel1/arm-none-eabi/include/c++/14.3.1/bits\stl_iterator.h ****  * Permission to use, copy, modify, distribute and sell this software
  43:C:/Program Files (x86)/Arm GNU Toolchain arm-none-eabi/14.3 rel1/arm-none-eabi/include/c++/14.3.1/bits\stl_iterator.h ****  * and its documentation for any purpose is hereby granted without fee,
  44:C:/Program Files (x86)/Arm GNU Toolchain arm-none-eabi/14.3 rel1/arm-none-eabi/include/c++/14.3.1/bits\stl_iterator.h ****  * provided that the above copyright notice appear in all copies and
  45:C:/Program Files (x86)/Arm GNU Toolchain arm-none-eabi/14.3 rel1/arm-none-eabi/include/c++/14.3.1/bits\stl_iterator.h ****  * that both that copyright notice and this permission notice appear
  46:C:/Program Files (x86)/Arm GNU Toolchain arm-none-eabi/14.3 rel1/arm-none-eabi/include/c++/14.3.1/bits\stl_iterator.h ****  * in supporting documentation.  Silicon Graphics makes no
ARM GAS  C:\Users\Oliver\AppData\Local\Temp\ccukWDDi.s 			page 47


  47:C:/Program Files (x86)/Arm GNU Toolchain arm-none-eabi/14.3 rel1/arm-none-eabi/include/c++/14.3.1/bits\stl_iterator.h ****  * representations about the suitability of this software for any
  48:C:/Program Files (x86)/Arm GNU Toolchain arm-none-eabi/14.3 rel1/arm-none-eabi/include/c++/14.3.1/bits\stl_iterator.h ****  * purpose.  It is provided "as is" without express or implied warranty.
  49:C:/Program Files (x86)/Arm GNU Toolchain arm-none-eabi/14.3 rel1/arm-none-eabi/include/c++/14.3.1/bits\stl_iterator.h ****  */
  50:C:/Program Files (x86)/Arm GNU Toolchain arm-none-eabi/14.3 rel1/arm-none-eabi/include/c++/14.3.1/bits\stl_iterator.h **** 
  51:C:/Program Files (x86)/Arm GNU Toolchain arm-none-eabi/14.3 rel1/arm-none-eabi/include/c++/14.3.1/bits\stl_iterator.h **** /** @file bits/stl_iterator.h
  52:C:/Program Files (x86)/Arm GNU Toolchain arm-none-eabi/14.3 rel1/arm-none-eabi/include/c++/14.3.1/bits\stl_iterator.h ****  *  This is an internal header file, included by other library headers.
  53:C:/Program Files (x86)/Arm GNU Toolchain arm-none-eabi/14.3 rel1/arm-none-eabi/include/c++/14.3.1/bits\stl_iterator.h ****  *  Do not attempt to use it directly. @headername{iterator}
  54:C:/Program Files (x86)/Arm GNU Toolchain arm-none-eabi/14.3 rel1/arm-none-eabi/include/c++/14.3.1/bits\stl_iterator.h ****  *
  55:C:/Program Files (x86)/Arm GNU Toolchain arm-none-eabi/14.3 rel1/arm-none-eabi/include/c++/14.3.1/bits\stl_iterator.h ****  *  This file implements reverse_iterator, back_insert_iterator,
  56:C:/Program Files (x86)/Arm GNU Toolchain arm-none-eabi/14.3 rel1/arm-none-eabi/include/c++/14.3.1/bits\stl_iterator.h ****  *  front_insert_iterator, insert_iterator, __normal_iterator, and their
  57:C:/Program Files (x86)/Arm GNU Toolchain arm-none-eabi/14.3 rel1/arm-none-eabi/include/c++/14.3.1/bits\stl_iterator.h ****  *  supporting functions and overloaded operators.
  58:C:/Program Files (x86)/Arm GNU Toolchain arm-none-eabi/14.3 rel1/arm-none-eabi/include/c++/14.3.1/bits\stl_iterator.h ****  */
  59:C:/Program Files (x86)/Arm GNU Toolchain arm-none-eabi/14.3 rel1/arm-none-eabi/include/c++/14.3.1/bits\stl_iterator.h **** 
  60:C:/Program Files (x86)/Arm GNU Toolchain arm-none-eabi/14.3 rel1/arm-none-eabi/include/c++/14.3.1/bits\stl_iterator.h **** #ifndef _STL_ITERATOR_H
  61:C:/Program Files (x86)/Arm GNU Toolchain arm-none-eabi/14.3 rel1/arm-none-eabi/include/c++/14.3.1/bits\stl_iterator.h **** #define _STL_ITERATOR_H 1
  62:C:/Program Files (x86)/Arm GNU Toolchain arm-none-eabi/14.3 rel1/arm-none-eabi/include/c++/14.3.1/bits\stl_iterator.h **** 
  63:C:/Program Files (x86)/Arm GNU Toolchain arm-none-eabi/14.3 rel1/arm-none-eabi/include/c++/14.3.1/bits\stl_iterator.h **** #include <bits/cpp_type_traits.h>
  64:C:/Program Files (x86)/Arm GNU Toolchain arm-none-eabi/14.3 rel1/arm-none-eabi/include/c++/14.3.1/bits\stl_iterator.h **** #include <bits/stl_iterator_base_types.h>
  65:C:/Program Files (x86)/Arm GNU Toolchain arm-none-eabi/14.3 rel1/arm-none-eabi/include/c++/14.3.1/bits\stl_iterator.h **** #include <ext/type_traits.h>
  66:C:/Program Files (x86)/Arm GNU Toolchain arm-none-eabi/14.3 rel1/arm-none-eabi/include/c++/14.3.1/bits\stl_iterator.h **** #include <bits/move.h>
  67:C:/Program Files (x86)/Arm GNU Toolchain arm-none-eabi/14.3 rel1/arm-none-eabi/include/c++/14.3.1/bits\stl_iterator.h **** #include <bits/ptr_traits.h>
  68:C:/Program Files (x86)/Arm GNU Toolchain arm-none-eabi/14.3 rel1/arm-none-eabi/include/c++/14.3.1/bits\stl_iterator.h **** 
  69:C:/Program Files (x86)/Arm GNU Toolchain arm-none-eabi/14.3 rel1/arm-none-eabi/include/c++/14.3.1/bits\stl_iterator.h **** #if __cplusplus >= 201103L
  70:C:/Program Files (x86)/Arm GNU Toolchain arm-none-eabi/14.3 rel1/arm-none-eabi/include/c++/14.3.1/bits\stl_iterator.h **** # include <type_traits>
  71:C:/Program Files (x86)/Arm GNU Toolchain arm-none-eabi/14.3 rel1/arm-none-eabi/include/c++/14.3.1/bits\stl_iterator.h **** #endif
  72:C:/Program Files (x86)/Arm GNU Toolchain arm-none-eabi/14.3 rel1/arm-none-eabi/include/c++/14.3.1/bits\stl_iterator.h **** 
  73:C:/Program Files (x86)/Arm GNU Toolchain arm-none-eabi/14.3 rel1/arm-none-eabi/include/c++/14.3.1/bits\stl_iterator.h **** #if __cplusplus >= 202002L
  74:C:/Program Files (x86)/Arm GNU Toolchain arm-none-eabi/14.3 rel1/arm-none-eabi/include/c++/14.3.1/bits\stl_iterator.h **** # include <compare>
  75:C:/Program Files (x86)/Arm GNU Toolchain arm-none-eabi/14.3 rel1/arm-none-eabi/include/c++/14.3.1/bits\stl_iterator.h **** # include <new>
  76:C:/Program Files (x86)/Arm GNU Toolchain arm-none-eabi/14.3 rel1/arm-none-eabi/include/c++/14.3.1/bits\stl_iterator.h **** # include <bits/exception_defines.h>
  77:C:/Program Files (x86)/Arm GNU Toolchain arm-none-eabi/14.3 rel1/arm-none-eabi/include/c++/14.3.1/bits\stl_iterator.h **** # include <bits/iterator_concepts.h>
  78:C:/Program Files (x86)/Arm GNU Toolchain arm-none-eabi/14.3 rel1/arm-none-eabi/include/c++/14.3.1/bits\stl_iterator.h **** # include <bits/stl_construct.h>
  79:C:/Program Files (x86)/Arm GNU Toolchain arm-none-eabi/14.3 rel1/arm-none-eabi/include/c++/14.3.1/bits\stl_iterator.h **** #endif
  80:C:/Program Files (x86)/Arm GNU Toolchain arm-none-eabi/14.3 rel1/arm-none-eabi/include/c++/14.3.1/bits\stl_iterator.h **** 
  81:C:/Program Files (x86)/Arm GNU Toolchain arm-none-eabi/14.3 rel1/arm-none-eabi/include/c++/14.3.1/bits\stl_iterator.h **** #if __glibcxx_tuple_like // >= C++23
  82:C:/Program Files (x86)/Arm GNU Toolchain arm-none-eabi/14.3 rel1/arm-none-eabi/include/c++/14.3.1/bits\stl_iterator.h **** # include <bits/utility.h> // for tuple_element_t
  83:C:/Program Files (x86)/Arm GNU Toolchain arm-none-eabi/14.3 rel1/arm-none-eabi/include/c++/14.3.1/bits\stl_iterator.h **** #endif
  84:C:/Program Files (x86)/Arm GNU Toolchain arm-none-eabi/14.3 rel1/arm-none-eabi/include/c++/14.3.1/bits\stl_iterator.h **** 
  85:C:/Program Files (x86)/Arm GNU Toolchain arm-none-eabi/14.3 rel1/arm-none-eabi/include/c++/14.3.1/bits\stl_iterator.h **** namespace std _GLIBCXX_VISIBILITY(default)
  86:C:/Program Files (x86)/Arm GNU Toolchain arm-none-eabi/14.3 rel1/arm-none-eabi/include/c++/14.3.1/bits\stl_iterator.h **** {
  87:C:/Program Files (x86)/Arm GNU Toolchain arm-none-eabi/14.3 rel1/arm-none-eabi/include/c++/14.3.1/bits\stl_iterator.h **** _GLIBCXX_BEGIN_NAMESPACE_VERSION
  88:C:/Program Files (x86)/Arm GNU Toolchain arm-none-eabi/14.3 rel1/arm-none-eabi/include/c++/14.3.1/bits\stl_iterator.h **** 
  89:C:/Program Files (x86)/Arm GNU Toolchain arm-none-eabi/14.3 rel1/arm-none-eabi/include/c++/14.3.1/bits\stl_iterator.h ****   /**
  90:C:/Program Files (x86)/Arm GNU Toolchain arm-none-eabi/14.3 rel1/arm-none-eabi/include/c++/14.3.1/bits\stl_iterator.h ****    * @addtogroup iterators
  91:C:/Program Files (x86)/Arm GNU Toolchain arm-none-eabi/14.3 rel1/arm-none-eabi/include/c++/14.3.1/bits\stl_iterator.h ****    * @{
  92:C:/Program Files (x86)/Arm GNU Toolchain arm-none-eabi/14.3 rel1/arm-none-eabi/include/c++/14.3.1/bits\stl_iterator.h ****    */
  93:C:/Program Files (x86)/Arm GNU Toolchain arm-none-eabi/14.3 rel1/arm-none-eabi/include/c++/14.3.1/bits\stl_iterator.h **** 
  94:C:/Program Files (x86)/Arm GNU Toolchain arm-none-eabi/14.3 rel1/arm-none-eabi/include/c++/14.3.1/bits\stl_iterator.h **** #if __glibcxx_concepts
  95:C:/Program Files (x86)/Arm GNU Toolchain arm-none-eabi/14.3 rel1/arm-none-eabi/include/c++/14.3.1/bits\stl_iterator.h ****   namespace __detail
  96:C:/Program Files (x86)/Arm GNU Toolchain arm-none-eabi/14.3 rel1/arm-none-eabi/include/c++/14.3.1/bits\stl_iterator.h ****   {
  97:C:/Program Files (x86)/Arm GNU Toolchain arm-none-eabi/14.3 rel1/arm-none-eabi/include/c++/14.3.1/bits\stl_iterator.h ****     // Weaken iterator_category _Cat to _Limit if it is derived from that,
  98:C:/Program Files (x86)/Arm GNU Toolchain arm-none-eabi/14.3 rel1/arm-none-eabi/include/c++/14.3.1/bits\stl_iterator.h ****     // otherwise use _Otherwise.
  99:C:/Program Files (x86)/Arm GNU Toolchain arm-none-eabi/14.3 rel1/arm-none-eabi/include/c++/14.3.1/bits\stl_iterator.h ****     template<typename _Cat, typename _Limit, typename _Otherwise = _Cat>
 100:C:/Program Files (x86)/Arm GNU Toolchain arm-none-eabi/14.3 rel1/arm-none-eabi/include/c++/14.3.1/bits\stl_iterator.h ****       using __clamp_iter_cat
 101:C:/Program Files (x86)/Arm GNU Toolchain arm-none-eabi/14.3 rel1/arm-none-eabi/include/c++/14.3.1/bits\stl_iterator.h **** 	= __conditional_t<derived_from<_Cat, _Limit>, _Limit, _Otherwise>;
 102:C:/Program Files (x86)/Arm GNU Toolchain arm-none-eabi/14.3 rel1/arm-none-eabi/include/c++/14.3.1/bits\stl_iterator.h ****   }
 103:C:/Program Files (x86)/Arm GNU Toolchain arm-none-eabi/14.3 rel1/arm-none-eabi/include/c++/14.3.1/bits\stl_iterator.h **** #endif
ARM GAS  C:\Users\Oliver\AppData\Local\Temp\ccukWDDi.s 			page 48


 104:C:/Program Files (x86)/Arm GNU Toolchain arm-none-eabi/14.3 rel1/arm-none-eabi/include/c++/14.3.1/bits\stl_iterator.h **** 
 105:C:/Program Files (x86)/Arm GNU Toolchain arm-none-eabi/14.3 rel1/arm-none-eabi/include/c++/14.3.1/bits\stl_iterator.h **** // Ignore warnings about std::iterator.
 106:C:/Program Files (x86)/Arm GNU Toolchain arm-none-eabi/14.3 rel1/arm-none-eabi/include/c++/14.3.1/bits\stl_iterator.h **** #pragma GCC diagnostic push
 107:C:/Program Files (x86)/Arm GNU Toolchain arm-none-eabi/14.3 rel1/arm-none-eabi/include/c++/14.3.1/bits\stl_iterator.h **** #pragma GCC diagnostic ignored "-Wdeprecated-declarations"
 108:C:/Program Files (x86)/Arm GNU Toolchain arm-none-eabi/14.3 rel1/arm-none-eabi/include/c++/14.3.1/bits\stl_iterator.h **** 
 109:C:/Program Files (x86)/Arm GNU Toolchain arm-none-eabi/14.3 rel1/arm-none-eabi/include/c++/14.3.1/bits\stl_iterator.h ****   // 24.4.1 Reverse iterators
 110:C:/Program Files (x86)/Arm GNU Toolchain arm-none-eabi/14.3 rel1/arm-none-eabi/include/c++/14.3.1/bits\stl_iterator.h ****   /**
 111:C:/Program Files (x86)/Arm GNU Toolchain arm-none-eabi/14.3 rel1/arm-none-eabi/include/c++/14.3.1/bits\stl_iterator.h ****    *  Bidirectional and random access iterators have corresponding reverse
 112:C:/Program Files (x86)/Arm GNU Toolchain arm-none-eabi/14.3 rel1/arm-none-eabi/include/c++/14.3.1/bits\stl_iterator.h ****    *  %iterator adaptors that iterate through the data structure in the
 113:C:/Program Files (x86)/Arm GNU Toolchain arm-none-eabi/14.3 rel1/arm-none-eabi/include/c++/14.3.1/bits\stl_iterator.h ****    *  opposite direction.  They have the same signatures as the corresponding
 114:C:/Program Files (x86)/Arm GNU Toolchain arm-none-eabi/14.3 rel1/arm-none-eabi/include/c++/14.3.1/bits\stl_iterator.h ****    *  iterators.  The fundamental relation between a reverse %iterator and its
 115:C:/Program Files (x86)/Arm GNU Toolchain arm-none-eabi/14.3 rel1/arm-none-eabi/include/c++/14.3.1/bits\stl_iterator.h ****    *  corresponding %iterator @c i is established by the identity:
 116:C:/Program Files (x86)/Arm GNU Toolchain arm-none-eabi/14.3 rel1/arm-none-eabi/include/c++/14.3.1/bits\stl_iterator.h ****    *  @code
 117:C:/Program Files (x86)/Arm GNU Toolchain arm-none-eabi/14.3 rel1/arm-none-eabi/include/c++/14.3.1/bits\stl_iterator.h ****    *      &*(reverse_iterator(i)) == &*(i - 1)
 118:C:/Program Files (x86)/Arm GNU Toolchain arm-none-eabi/14.3 rel1/arm-none-eabi/include/c++/14.3.1/bits\stl_iterator.h ****    *  @endcode
 119:C:/Program Files (x86)/Arm GNU Toolchain arm-none-eabi/14.3 rel1/arm-none-eabi/include/c++/14.3.1/bits\stl_iterator.h ****    *
 120:C:/Program Files (x86)/Arm GNU Toolchain arm-none-eabi/14.3 rel1/arm-none-eabi/include/c++/14.3.1/bits\stl_iterator.h ****    *  <em>This mapping is dictated by the fact that while there is always a
 121:C:/Program Files (x86)/Arm GNU Toolchain arm-none-eabi/14.3 rel1/arm-none-eabi/include/c++/14.3.1/bits\stl_iterator.h ****    *  pointer past the end of an array, there might not be a valid pointer
 122:C:/Program Files (x86)/Arm GNU Toolchain arm-none-eabi/14.3 rel1/arm-none-eabi/include/c++/14.3.1/bits\stl_iterator.h ****    *  before the beginning of an array.</em> [24.4.1]/1,2
 123:C:/Program Files (x86)/Arm GNU Toolchain arm-none-eabi/14.3 rel1/arm-none-eabi/include/c++/14.3.1/bits\stl_iterator.h ****    *
 124:C:/Program Files (x86)/Arm GNU Toolchain arm-none-eabi/14.3 rel1/arm-none-eabi/include/c++/14.3.1/bits\stl_iterator.h ****    *  Reverse iterators can be tricky and surprising at first.  Their
 125:C:/Program Files (x86)/Arm GNU Toolchain arm-none-eabi/14.3 rel1/arm-none-eabi/include/c++/14.3.1/bits\stl_iterator.h ****    *  semantics make sense, however, and the trickiness is a side effect of
 126:C:/Program Files (x86)/Arm GNU Toolchain arm-none-eabi/14.3 rel1/arm-none-eabi/include/c++/14.3.1/bits\stl_iterator.h ****    *  the requirement that the iterators must be safe.
 127:C:/Program Files (x86)/Arm GNU Toolchain arm-none-eabi/14.3 rel1/arm-none-eabi/include/c++/14.3.1/bits\stl_iterator.h ****   */
 128:C:/Program Files (x86)/Arm GNU Toolchain arm-none-eabi/14.3 rel1/arm-none-eabi/include/c++/14.3.1/bits\stl_iterator.h ****   template<typename _Iterator>
 129:C:/Program Files (x86)/Arm GNU Toolchain arm-none-eabi/14.3 rel1/arm-none-eabi/include/c++/14.3.1/bits\stl_iterator.h ****     class reverse_iterator
 130:C:/Program Files (x86)/Arm GNU Toolchain arm-none-eabi/14.3 rel1/arm-none-eabi/include/c++/14.3.1/bits\stl_iterator.h ****     : public iterator<typename iterator_traits<_Iterator>::iterator_category,
 131:C:/Program Files (x86)/Arm GNU Toolchain arm-none-eabi/14.3 rel1/arm-none-eabi/include/c++/14.3.1/bits\stl_iterator.h **** 		      typename iterator_traits<_Iterator>::value_type,
 132:C:/Program Files (x86)/Arm GNU Toolchain arm-none-eabi/14.3 rel1/arm-none-eabi/include/c++/14.3.1/bits\stl_iterator.h **** 		      typename iterator_traits<_Iterator>::difference_type,
 133:C:/Program Files (x86)/Arm GNU Toolchain arm-none-eabi/14.3 rel1/arm-none-eabi/include/c++/14.3.1/bits\stl_iterator.h **** 		      typename iterator_traits<_Iterator>::pointer,
 134:C:/Program Files (x86)/Arm GNU Toolchain arm-none-eabi/14.3 rel1/arm-none-eabi/include/c++/14.3.1/bits\stl_iterator.h ****                       typename iterator_traits<_Iterator>::reference>
 135:C:/Program Files (x86)/Arm GNU Toolchain arm-none-eabi/14.3 rel1/arm-none-eabi/include/c++/14.3.1/bits\stl_iterator.h ****     {
 136:C:/Program Files (x86)/Arm GNU Toolchain arm-none-eabi/14.3 rel1/arm-none-eabi/include/c++/14.3.1/bits\stl_iterator.h ****       template<typename _Iter>
 137:C:/Program Files (x86)/Arm GNU Toolchain arm-none-eabi/14.3 rel1/arm-none-eabi/include/c++/14.3.1/bits\stl_iterator.h **** 	friend class reverse_iterator;
 138:C:/Program Files (x86)/Arm GNU Toolchain arm-none-eabi/14.3 rel1/arm-none-eabi/include/c++/14.3.1/bits\stl_iterator.h **** 
 139:C:/Program Files (x86)/Arm GNU Toolchain arm-none-eabi/14.3 rel1/arm-none-eabi/include/c++/14.3.1/bits\stl_iterator.h **** #if __glibcxx_concepts
 140:C:/Program Files (x86)/Arm GNU Toolchain arm-none-eabi/14.3 rel1/arm-none-eabi/include/c++/14.3.1/bits\stl_iterator.h ****       // _GLIBCXX_RESOLVE_LIB_DEFECTS
 141:C:/Program Files (x86)/Arm GNU Toolchain arm-none-eabi/14.3 rel1/arm-none-eabi/include/c++/14.3.1/bits\stl_iterator.h ****       // 3435. three_way_comparable_with<reverse_iterator<int*>, [...]>
 142:C:/Program Files (x86)/Arm GNU Toolchain arm-none-eabi/14.3 rel1/arm-none-eabi/include/c++/14.3.1/bits\stl_iterator.h ****       template<typename _Iter>
 143:C:/Program Files (x86)/Arm GNU Toolchain arm-none-eabi/14.3 rel1/arm-none-eabi/include/c++/14.3.1/bits\stl_iterator.h **** 	static constexpr bool __convertible = !is_same_v<_Iter, _Iterator>
 144:C:/Program Files (x86)/Arm GNU Toolchain arm-none-eabi/14.3 rel1/arm-none-eabi/include/c++/14.3.1/bits\stl_iterator.h **** 	    && convertible_to<const _Iter&, _Iterator>;
 145:C:/Program Files (x86)/Arm GNU Toolchain arm-none-eabi/14.3 rel1/arm-none-eabi/include/c++/14.3.1/bits\stl_iterator.h **** #endif
 146:C:/Program Files (x86)/Arm GNU Toolchain arm-none-eabi/14.3 rel1/arm-none-eabi/include/c++/14.3.1/bits\stl_iterator.h **** 
 147:C:/Program Files (x86)/Arm GNU Toolchain arm-none-eabi/14.3 rel1/arm-none-eabi/include/c++/14.3.1/bits\stl_iterator.h ****     protected:
 148:C:/Program Files (x86)/Arm GNU Toolchain arm-none-eabi/14.3 rel1/arm-none-eabi/include/c++/14.3.1/bits\stl_iterator.h ****       _Iterator current;
 149:C:/Program Files (x86)/Arm GNU Toolchain arm-none-eabi/14.3 rel1/arm-none-eabi/include/c++/14.3.1/bits\stl_iterator.h **** 
 150:C:/Program Files (x86)/Arm GNU Toolchain arm-none-eabi/14.3 rel1/arm-none-eabi/include/c++/14.3.1/bits\stl_iterator.h ****       typedef iterator_traits<_Iterator>		__traits_type;
 151:C:/Program Files (x86)/Arm GNU Toolchain arm-none-eabi/14.3 rel1/arm-none-eabi/include/c++/14.3.1/bits\stl_iterator.h **** 
 152:C:/Program Files (x86)/Arm GNU Toolchain arm-none-eabi/14.3 rel1/arm-none-eabi/include/c++/14.3.1/bits\stl_iterator.h ****     public:
 153:C:/Program Files (x86)/Arm GNU Toolchain arm-none-eabi/14.3 rel1/arm-none-eabi/include/c++/14.3.1/bits\stl_iterator.h ****       typedef _Iterator					iterator_type;
 154:C:/Program Files (x86)/Arm GNU Toolchain arm-none-eabi/14.3 rel1/arm-none-eabi/include/c++/14.3.1/bits\stl_iterator.h ****       typedef typename __traits_type::pointer		pointer;
 155:C:/Program Files (x86)/Arm GNU Toolchain arm-none-eabi/14.3 rel1/arm-none-eabi/include/c++/14.3.1/bits\stl_iterator.h **** #if ! __glibcxx_concepts
 156:C:/Program Files (x86)/Arm GNU Toolchain arm-none-eabi/14.3 rel1/arm-none-eabi/include/c++/14.3.1/bits\stl_iterator.h ****       typedef typename __traits_type::difference_type	difference_type;
 157:C:/Program Files (x86)/Arm GNU Toolchain arm-none-eabi/14.3 rel1/arm-none-eabi/include/c++/14.3.1/bits\stl_iterator.h ****       typedef typename __traits_type::reference		reference;
 158:C:/Program Files (x86)/Arm GNU Toolchain arm-none-eabi/14.3 rel1/arm-none-eabi/include/c++/14.3.1/bits\stl_iterator.h **** #else
 159:C:/Program Files (x86)/Arm GNU Toolchain arm-none-eabi/14.3 rel1/arm-none-eabi/include/c++/14.3.1/bits\stl_iterator.h ****       using iterator_concept
 160:C:/Program Files (x86)/Arm GNU Toolchain arm-none-eabi/14.3 rel1/arm-none-eabi/include/c++/14.3.1/bits\stl_iterator.h **** 	= __conditional_t<random_access_iterator<_Iterator>,
ARM GAS  C:\Users\Oliver\AppData\Local\Temp\ccukWDDi.s 			page 49


 161:C:/Program Files (x86)/Arm GNU Toolchain arm-none-eabi/14.3 rel1/arm-none-eabi/include/c++/14.3.1/bits\stl_iterator.h **** 			  random_access_iterator_tag,
 162:C:/Program Files (x86)/Arm GNU Toolchain arm-none-eabi/14.3 rel1/arm-none-eabi/include/c++/14.3.1/bits\stl_iterator.h **** 			  bidirectional_iterator_tag>;
 163:C:/Program Files (x86)/Arm GNU Toolchain arm-none-eabi/14.3 rel1/arm-none-eabi/include/c++/14.3.1/bits\stl_iterator.h ****       using iterator_category
 164:C:/Program Files (x86)/Arm GNU Toolchain arm-none-eabi/14.3 rel1/arm-none-eabi/include/c++/14.3.1/bits\stl_iterator.h **** 	= __detail::__clamp_iter_cat<typename __traits_type::iterator_category,
 165:C:/Program Files (x86)/Arm GNU Toolchain arm-none-eabi/14.3 rel1/arm-none-eabi/include/c++/14.3.1/bits\stl_iterator.h **** 				     random_access_iterator_tag>;
 166:C:/Program Files (x86)/Arm GNU Toolchain arm-none-eabi/14.3 rel1/arm-none-eabi/include/c++/14.3.1/bits\stl_iterator.h ****       using value_type = iter_value_t<_Iterator>;
 167:C:/Program Files (x86)/Arm GNU Toolchain arm-none-eabi/14.3 rel1/arm-none-eabi/include/c++/14.3.1/bits\stl_iterator.h ****       using difference_type = iter_difference_t<_Iterator>;
 168:C:/Program Files (x86)/Arm GNU Toolchain arm-none-eabi/14.3 rel1/arm-none-eabi/include/c++/14.3.1/bits\stl_iterator.h ****       using reference = iter_reference_t<_Iterator>;
 169:C:/Program Files (x86)/Arm GNU Toolchain arm-none-eabi/14.3 rel1/arm-none-eabi/include/c++/14.3.1/bits\stl_iterator.h **** #endif
 170:C:/Program Files (x86)/Arm GNU Toolchain arm-none-eabi/14.3 rel1/arm-none-eabi/include/c++/14.3.1/bits\stl_iterator.h **** 
 171:C:/Program Files (x86)/Arm GNU Toolchain arm-none-eabi/14.3 rel1/arm-none-eabi/include/c++/14.3.1/bits\stl_iterator.h ****       /**
 172:C:/Program Files (x86)/Arm GNU Toolchain arm-none-eabi/14.3 rel1/arm-none-eabi/include/c++/14.3.1/bits\stl_iterator.h ****        *  The default constructor value-initializes member @p current.
 173:C:/Program Files (x86)/Arm GNU Toolchain arm-none-eabi/14.3 rel1/arm-none-eabi/include/c++/14.3.1/bits\stl_iterator.h ****        *  If it is a pointer, that means it is zero-initialized.
 174:C:/Program Files (x86)/Arm GNU Toolchain arm-none-eabi/14.3 rel1/arm-none-eabi/include/c++/14.3.1/bits\stl_iterator.h ****       */
 175:C:/Program Files (x86)/Arm GNU Toolchain arm-none-eabi/14.3 rel1/arm-none-eabi/include/c++/14.3.1/bits\stl_iterator.h ****       // _GLIBCXX_RESOLVE_LIB_DEFECTS
 176:C:/Program Files (x86)/Arm GNU Toolchain arm-none-eabi/14.3 rel1/arm-none-eabi/include/c++/14.3.1/bits\stl_iterator.h ****       // 235 No specification of default ctor for reverse_iterator
 177:C:/Program Files (x86)/Arm GNU Toolchain arm-none-eabi/14.3 rel1/arm-none-eabi/include/c++/14.3.1/bits\stl_iterator.h ****       // 1012. reverse_iterator default ctor should value initialize
 178:C:/Program Files (x86)/Arm GNU Toolchain arm-none-eabi/14.3 rel1/arm-none-eabi/include/c++/14.3.1/bits\stl_iterator.h ****       _GLIBCXX17_CONSTEXPR
 179:C:/Program Files (x86)/Arm GNU Toolchain arm-none-eabi/14.3 rel1/arm-none-eabi/include/c++/14.3.1/bits\stl_iterator.h ****       reverse_iterator()
 180:C:/Program Files (x86)/Arm GNU Toolchain arm-none-eabi/14.3 rel1/arm-none-eabi/include/c++/14.3.1/bits\stl_iterator.h ****       _GLIBCXX_NOEXCEPT_IF(noexcept(_Iterator()))
 181:C:/Program Files (x86)/Arm GNU Toolchain arm-none-eabi/14.3 rel1/arm-none-eabi/include/c++/14.3.1/bits\stl_iterator.h ****       : current()
 182:C:/Program Files (x86)/Arm GNU Toolchain arm-none-eabi/14.3 rel1/arm-none-eabi/include/c++/14.3.1/bits\stl_iterator.h ****       { }
 183:C:/Program Files (x86)/Arm GNU Toolchain arm-none-eabi/14.3 rel1/arm-none-eabi/include/c++/14.3.1/bits\stl_iterator.h **** 
 184:C:/Program Files (x86)/Arm GNU Toolchain arm-none-eabi/14.3 rel1/arm-none-eabi/include/c++/14.3.1/bits\stl_iterator.h ****       /**
 185:C:/Program Files (x86)/Arm GNU Toolchain arm-none-eabi/14.3 rel1/arm-none-eabi/include/c++/14.3.1/bits\stl_iterator.h ****        *  This %iterator will move in the opposite direction that @p x does.
 186:C:/Program Files (x86)/Arm GNU Toolchain arm-none-eabi/14.3 rel1/arm-none-eabi/include/c++/14.3.1/bits\stl_iterator.h ****       */
 187:C:/Program Files (x86)/Arm GNU Toolchain arm-none-eabi/14.3 rel1/arm-none-eabi/include/c++/14.3.1/bits\stl_iterator.h ****       explicit _GLIBCXX17_CONSTEXPR
 188:C:/Program Files (x86)/Arm GNU Toolchain arm-none-eabi/14.3 rel1/arm-none-eabi/include/c++/14.3.1/bits\stl_iterator.h ****       reverse_iterator(iterator_type __x)
 189:C:/Program Files (x86)/Arm GNU Toolchain arm-none-eabi/14.3 rel1/arm-none-eabi/include/c++/14.3.1/bits\stl_iterator.h ****       _GLIBCXX_NOEXCEPT_IF(noexcept(_Iterator(__x)))
 190:C:/Program Files (x86)/Arm GNU Toolchain arm-none-eabi/14.3 rel1/arm-none-eabi/include/c++/14.3.1/bits\stl_iterator.h ****       : current(__x)
 191:C:/Program Files (x86)/Arm GNU Toolchain arm-none-eabi/14.3 rel1/arm-none-eabi/include/c++/14.3.1/bits\stl_iterator.h ****       { }
 192:C:/Program Files (x86)/Arm GNU Toolchain arm-none-eabi/14.3 rel1/arm-none-eabi/include/c++/14.3.1/bits\stl_iterator.h **** 
 193:C:/Program Files (x86)/Arm GNU Toolchain arm-none-eabi/14.3 rel1/arm-none-eabi/include/c++/14.3.1/bits\stl_iterator.h ****       /**
 194:C:/Program Files (x86)/Arm GNU Toolchain arm-none-eabi/14.3 rel1/arm-none-eabi/include/c++/14.3.1/bits\stl_iterator.h ****        *  The copy constructor is normal.
 195:C:/Program Files (x86)/Arm GNU Toolchain arm-none-eabi/14.3 rel1/arm-none-eabi/include/c++/14.3.1/bits\stl_iterator.h ****       */
 196:C:/Program Files (x86)/Arm GNU Toolchain arm-none-eabi/14.3 rel1/arm-none-eabi/include/c++/14.3.1/bits\stl_iterator.h ****       _GLIBCXX17_CONSTEXPR
 197:C:/Program Files (x86)/Arm GNU Toolchain arm-none-eabi/14.3 rel1/arm-none-eabi/include/c++/14.3.1/bits\stl_iterator.h ****       reverse_iterator(const reverse_iterator& __x)
 198:C:/Program Files (x86)/Arm GNU Toolchain arm-none-eabi/14.3 rel1/arm-none-eabi/include/c++/14.3.1/bits\stl_iterator.h ****       _GLIBCXX_NOEXCEPT_IF(noexcept(_Iterator(__x.current)))
 199:C:/Program Files (x86)/Arm GNU Toolchain arm-none-eabi/14.3 rel1/arm-none-eabi/include/c++/14.3.1/bits\stl_iterator.h ****       : current(__x.current)
 200:C:/Program Files (x86)/Arm GNU Toolchain arm-none-eabi/14.3 rel1/arm-none-eabi/include/c++/14.3.1/bits\stl_iterator.h ****       { }
 201:C:/Program Files (x86)/Arm GNU Toolchain arm-none-eabi/14.3 rel1/arm-none-eabi/include/c++/14.3.1/bits\stl_iterator.h **** 
 202:C:/Program Files (x86)/Arm GNU Toolchain arm-none-eabi/14.3 rel1/arm-none-eabi/include/c++/14.3.1/bits\stl_iterator.h **** #if __cplusplus >= 201103L
 203:C:/Program Files (x86)/Arm GNU Toolchain arm-none-eabi/14.3 rel1/arm-none-eabi/include/c++/14.3.1/bits\stl_iterator.h ****       reverse_iterator& operator=(const reverse_iterator&) = default;
 204:C:/Program Files (x86)/Arm GNU Toolchain arm-none-eabi/14.3 rel1/arm-none-eabi/include/c++/14.3.1/bits\stl_iterator.h **** #endif
 205:C:/Program Files (x86)/Arm GNU Toolchain arm-none-eabi/14.3 rel1/arm-none-eabi/include/c++/14.3.1/bits\stl_iterator.h **** 
 206:C:/Program Files (x86)/Arm GNU Toolchain arm-none-eabi/14.3 rel1/arm-none-eabi/include/c++/14.3.1/bits\stl_iterator.h ****       /**
 207:C:/Program Files (x86)/Arm GNU Toolchain arm-none-eabi/14.3 rel1/arm-none-eabi/include/c++/14.3.1/bits\stl_iterator.h ****        *  A %reverse_iterator across other types can be copied if the
 208:C:/Program Files (x86)/Arm GNU Toolchain arm-none-eabi/14.3 rel1/arm-none-eabi/include/c++/14.3.1/bits\stl_iterator.h ****        *  underlying %iterator can be converted to the type of @c current.
 209:C:/Program Files (x86)/Arm GNU Toolchain arm-none-eabi/14.3 rel1/arm-none-eabi/include/c++/14.3.1/bits\stl_iterator.h ****       */
 210:C:/Program Files (x86)/Arm GNU Toolchain arm-none-eabi/14.3 rel1/arm-none-eabi/include/c++/14.3.1/bits\stl_iterator.h ****       template<typename _Iter>
 211:C:/Program Files (x86)/Arm GNU Toolchain arm-none-eabi/14.3 rel1/arm-none-eabi/include/c++/14.3.1/bits\stl_iterator.h **** #if __glibcxx_concepts
 212:C:/Program Files (x86)/Arm GNU Toolchain arm-none-eabi/14.3 rel1/arm-none-eabi/include/c++/14.3.1/bits\stl_iterator.h **** 	requires __convertible<_Iter>
 213:C:/Program Files (x86)/Arm GNU Toolchain arm-none-eabi/14.3 rel1/arm-none-eabi/include/c++/14.3.1/bits\stl_iterator.h **** #endif
 214:C:/Program Files (x86)/Arm GNU Toolchain arm-none-eabi/14.3 rel1/arm-none-eabi/include/c++/14.3.1/bits\stl_iterator.h **** 	_GLIBCXX17_CONSTEXPR
 215:C:/Program Files (x86)/Arm GNU Toolchain arm-none-eabi/14.3 rel1/arm-none-eabi/include/c++/14.3.1/bits\stl_iterator.h ****         reverse_iterator(const reverse_iterator<_Iter>& __x)
 216:C:/Program Files (x86)/Arm GNU Toolchain arm-none-eabi/14.3 rel1/arm-none-eabi/include/c++/14.3.1/bits\stl_iterator.h **** 	_GLIBCXX_NOEXCEPT_IF(noexcept(_Iterator(__x.current)))
 217:C:/Program Files (x86)/Arm GNU Toolchain arm-none-eabi/14.3 rel1/arm-none-eabi/include/c++/14.3.1/bits\stl_iterator.h **** 	: current(__x.current)
ARM GAS  C:\Users\Oliver\AppData\Local\Temp\ccukWDDi.s 			page 50


 218:C:/Program Files (x86)/Arm GNU Toolchain arm-none-eabi/14.3 rel1/arm-none-eabi/include/c++/14.3.1/bits\stl_iterator.h **** 	{ }
 219:C:/Program Files (x86)/Arm GNU Toolchain arm-none-eabi/14.3 rel1/arm-none-eabi/include/c++/14.3.1/bits\stl_iterator.h **** 
 220:C:/Program Files (x86)/Arm GNU Toolchain arm-none-eabi/14.3 rel1/arm-none-eabi/include/c++/14.3.1/bits\stl_iterator.h **** #if __cplusplus >= 201103L
 221:C:/Program Files (x86)/Arm GNU Toolchain arm-none-eabi/14.3 rel1/arm-none-eabi/include/c++/14.3.1/bits\stl_iterator.h ****       template<typename _Iter>
 222:C:/Program Files (x86)/Arm GNU Toolchain arm-none-eabi/14.3 rel1/arm-none-eabi/include/c++/14.3.1/bits\stl_iterator.h **** #if __glibcxx_concepts
 223:C:/Program Files (x86)/Arm GNU Toolchain arm-none-eabi/14.3 rel1/arm-none-eabi/include/c++/14.3.1/bits\stl_iterator.h **** 	requires __convertible<_Iter>
 224:C:/Program Files (x86)/Arm GNU Toolchain arm-none-eabi/14.3 rel1/arm-none-eabi/include/c++/14.3.1/bits\stl_iterator.h **** 	  && assignable_from<_Iterator&, const _Iter&>
 225:C:/Program Files (x86)/Arm GNU Toolchain arm-none-eabi/14.3 rel1/arm-none-eabi/include/c++/14.3.1/bits\stl_iterator.h **** #endif
 226:C:/Program Files (x86)/Arm GNU Toolchain arm-none-eabi/14.3 rel1/arm-none-eabi/include/c++/14.3.1/bits\stl_iterator.h **** 	_GLIBCXX17_CONSTEXPR
 227:C:/Program Files (x86)/Arm GNU Toolchain arm-none-eabi/14.3 rel1/arm-none-eabi/include/c++/14.3.1/bits\stl_iterator.h **** 	reverse_iterator&
 228:C:/Program Files (x86)/Arm GNU Toolchain arm-none-eabi/14.3 rel1/arm-none-eabi/include/c++/14.3.1/bits\stl_iterator.h **** 	operator=(const reverse_iterator<_Iter>& __x)
 229:C:/Program Files (x86)/Arm GNU Toolchain arm-none-eabi/14.3 rel1/arm-none-eabi/include/c++/14.3.1/bits\stl_iterator.h **** 	_GLIBCXX_NOEXCEPT_IF(noexcept(current = __x.current))
 230:C:/Program Files (x86)/Arm GNU Toolchain arm-none-eabi/14.3 rel1/arm-none-eabi/include/c++/14.3.1/bits\stl_iterator.h **** 	{
 231:C:/Program Files (x86)/Arm GNU Toolchain arm-none-eabi/14.3 rel1/arm-none-eabi/include/c++/14.3.1/bits\stl_iterator.h **** 	  current = __x.current;
 232:C:/Program Files (x86)/Arm GNU Toolchain arm-none-eabi/14.3 rel1/arm-none-eabi/include/c++/14.3.1/bits\stl_iterator.h **** 	  return *this;
 233:C:/Program Files (x86)/Arm GNU Toolchain arm-none-eabi/14.3 rel1/arm-none-eabi/include/c++/14.3.1/bits\stl_iterator.h **** 	}
 234:C:/Program Files (x86)/Arm GNU Toolchain arm-none-eabi/14.3 rel1/arm-none-eabi/include/c++/14.3.1/bits\stl_iterator.h **** #endif
 235:C:/Program Files (x86)/Arm GNU Toolchain arm-none-eabi/14.3 rel1/arm-none-eabi/include/c++/14.3.1/bits\stl_iterator.h **** 
 236:C:/Program Files (x86)/Arm GNU Toolchain arm-none-eabi/14.3 rel1/arm-none-eabi/include/c++/14.3.1/bits\stl_iterator.h ****       /**
 237:C:/Program Files (x86)/Arm GNU Toolchain arm-none-eabi/14.3 rel1/arm-none-eabi/include/c++/14.3.1/bits\stl_iterator.h ****        *  @return  @c current, the %iterator used for underlying work.
 238:C:/Program Files (x86)/Arm GNU Toolchain arm-none-eabi/14.3 rel1/arm-none-eabi/include/c++/14.3.1/bits\stl_iterator.h ****       */
 239:C:/Program Files (x86)/Arm GNU Toolchain arm-none-eabi/14.3 rel1/arm-none-eabi/include/c++/14.3.1/bits\stl_iterator.h ****       _GLIBCXX_NODISCARD
 240:C:/Program Files (x86)/Arm GNU Toolchain arm-none-eabi/14.3 rel1/arm-none-eabi/include/c++/14.3.1/bits\stl_iterator.h ****       _GLIBCXX17_CONSTEXPR iterator_type
 241:C:/Program Files (x86)/Arm GNU Toolchain arm-none-eabi/14.3 rel1/arm-none-eabi/include/c++/14.3.1/bits\stl_iterator.h ****       base() const
 242:C:/Program Files (x86)/Arm GNU Toolchain arm-none-eabi/14.3 rel1/arm-none-eabi/include/c++/14.3.1/bits\stl_iterator.h ****       _GLIBCXX_NOEXCEPT_IF(noexcept(_Iterator(current)))
 243:C:/Program Files (x86)/Arm GNU Toolchain arm-none-eabi/14.3 rel1/arm-none-eabi/include/c++/14.3.1/bits\stl_iterator.h ****       { return current; }
 244:C:/Program Files (x86)/Arm GNU Toolchain arm-none-eabi/14.3 rel1/arm-none-eabi/include/c++/14.3.1/bits\stl_iterator.h **** 
 245:C:/Program Files (x86)/Arm GNU Toolchain arm-none-eabi/14.3 rel1/arm-none-eabi/include/c++/14.3.1/bits\stl_iterator.h ****       /**
 246:C:/Program Files (x86)/Arm GNU Toolchain arm-none-eabi/14.3 rel1/arm-none-eabi/include/c++/14.3.1/bits\stl_iterator.h ****        *  @return  A reference to the value at @c --current
 247:C:/Program Files (x86)/Arm GNU Toolchain arm-none-eabi/14.3 rel1/arm-none-eabi/include/c++/14.3.1/bits\stl_iterator.h ****        *
 248:C:/Program Files (x86)/Arm GNU Toolchain arm-none-eabi/14.3 rel1/arm-none-eabi/include/c++/14.3.1/bits\stl_iterator.h ****        *  This requires that @c --current is dereferenceable.
 249:C:/Program Files (x86)/Arm GNU Toolchain arm-none-eabi/14.3 rel1/arm-none-eabi/include/c++/14.3.1/bits\stl_iterator.h ****        *
 250:C:/Program Files (x86)/Arm GNU Toolchain arm-none-eabi/14.3 rel1/arm-none-eabi/include/c++/14.3.1/bits\stl_iterator.h ****        *  @warning This implementation requires that for an iterator of the
 251:C:/Program Files (x86)/Arm GNU Toolchain arm-none-eabi/14.3 rel1/arm-none-eabi/include/c++/14.3.1/bits\stl_iterator.h ****        *           underlying iterator type, @c x, a reference obtained by
 252:C:/Program Files (x86)/Arm GNU Toolchain arm-none-eabi/14.3 rel1/arm-none-eabi/include/c++/14.3.1/bits\stl_iterator.h ****        *           @c *x remains valid after @c x has been modified or
 253:C:/Program Files (x86)/Arm GNU Toolchain arm-none-eabi/14.3 rel1/arm-none-eabi/include/c++/14.3.1/bits\stl_iterator.h ****        *           destroyed. This is a bug: http://gcc.gnu.org/PR51823
 254:C:/Program Files (x86)/Arm GNU Toolchain arm-none-eabi/14.3 rel1/arm-none-eabi/include/c++/14.3.1/bits\stl_iterator.h ****       */
 255:C:/Program Files (x86)/Arm GNU Toolchain arm-none-eabi/14.3 rel1/arm-none-eabi/include/c++/14.3.1/bits\stl_iterator.h ****       _GLIBCXX_NODISCARD
 256:C:/Program Files (x86)/Arm GNU Toolchain arm-none-eabi/14.3 rel1/arm-none-eabi/include/c++/14.3.1/bits\stl_iterator.h ****       _GLIBCXX17_CONSTEXPR reference
 257:C:/Program Files (x86)/Arm GNU Toolchain arm-none-eabi/14.3 rel1/arm-none-eabi/include/c++/14.3.1/bits\stl_iterator.h ****       operator*() const
 258:C:/Program Files (x86)/Arm GNU Toolchain arm-none-eabi/14.3 rel1/arm-none-eabi/include/c++/14.3.1/bits\stl_iterator.h ****       {
 259:C:/Program Files (x86)/Arm GNU Toolchain arm-none-eabi/14.3 rel1/arm-none-eabi/include/c++/14.3.1/bits\stl_iterator.h **** 	_Iterator __tmp = current;
 260:C:/Program Files (x86)/Arm GNU Toolchain arm-none-eabi/14.3 rel1/arm-none-eabi/include/c++/14.3.1/bits\stl_iterator.h **** 	return *--__tmp;
 261:C:/Program Files (x86)/Arm GNU Toolchain arm-none-eabi/14.3 rel1/arm-none-eabi/include/c++/14.3.1/bits\stl_iterator.h ****       }
 262:C:/Program Files (x86)/Arm GNU Toolchain arm-none-eabi/14.3 rel1/arm-none-eabi/include/c++/14.3.1/bits\stl_iterator.h **** 
 263:C:/Program Files (x86)/Arm GNU Toolchain arm-none-eabi/14.3 rel1/arm-none-eabi/include/c++/14.3.1/bits\stl_iterator.h ****       /**
 264:C:/Program Files (x86)/Arm GNU Toolchain arm-none-eabi/14.3 rel1/arm-none-eabi/include/c++/14.3.1/bits\stl_iterator.h ****        *  @return  A pointer to the value at @c --current
 265:C:/Program Files (x86)/Arm GNU Toolchain arm-none-eabi/14.3 rel1/arm-none-eabi/include/c++/14.3.1/bits\stl_iterator.h ****        *
 266:C:/Program Files (x86)/Arm GNU Toolchain arm-none-eabi/14.3 rel1/arm-none-eabi/include/c++/14.3.1/bits\stl_iterator.h ****        *  This requires that @c --current is dereferenceable.
 267:C:/Program Files (x86)/Arm GNU Toolchain arm-none-eabi/14.3 rel1/arm-none-eabi/include/c++/14.3.1/bits\stl_iterator.h ****       */
 268:C:/Program Files (x86)/Arm GNU Toolchain arm-none-eabi/14.3 rel1/arm-none-eabi/include/c++/14.3.1/bits\stl_iterator.h ****       _GLIBCXX_NODISCARD
 269:C:/Program Files (x86)/Arm GNU Toolchain arm-none-eabi/14.3 rel1/arm-none-eabi/include/c++/14.3.1/bits\stl_iterator.h ****       _GLIBCXX17_CONSTEXPR pointer
 270:C:/Program Files (x86)/Arm GNU Toolchain arm-none-eabi/14.3 rel1/arm-none-eabi/include/c++/14.3.1/bits\stl_iterator.h ****       operator->() const
 271:C:/Program Files (x86)/Arm GNU Toolchain arm-none-eabi/14.3 rel1/arm-none-eabi/include/c++/14.3.1/bits\stl_iterator.h **** #if __cplusplus > 201703L && __cpp_concepts >= 201907L
 272:C:/Program Files (x86)/Arm GNU Toolchain arm-none-eabi/14.3 rel1/arm-none-eabi/include/c++/14.3.1/bits\stl_iterator.h ****       requires is_pointer_v<_Iterator>
 273:C:/Program Files (x86)/Arm GNU Toolchain arm-none-eabi/14.3 rel1/arm-none-eabi/include/c++/14.3.1/bits\stl_iterator.h **** 	|| requires(const _Iterator __i) { __i.operator->(); }
 274:C:/Program Files (x86)/Arm GNU Toolchain arm-none-eabi/14.3 rel1/arm-none-eabi/include/c++/14.3.1/bits\stl_iterator.h **** #endif
ARM GAS  C:\Users\Oliver\AppData\Local\Temp\ccukWDDi.s 			page 51


 275:C:/Program Files (x86)/Arm GNU Toolchain arm-none-eabi/14.3 rel1/arm-none-eabi/include/c++/14.3.1/bits\stl_iterator.h ****       {
 276:C:/Program Files (x86)/Arm GNU Toolchain arm-none-eabi/14.3 rel1/arm-none-eabi/include/c++/14.3.1/bits\stl_iterator.h **** 	// _GLIBCXX_RESOLVE_LIB_DEFECTS
 277:C:/Program Files (x86)/Arm GNU Toolchain arm-none-eabi/14.3 rel1/arm-none-eabi/include/c++/14.3.1/bits\stl_iterator.h **** 	// 1052. operator-> should also support smart pointers
 278:C:/Program Files (x86)/Arm GNU Toolchain arm-none-eabi/14.3 rel1/arm-none-eabi/include/c++/14.3.1/bits\stl_iterator.h **** 	_Iterator __tmp = current;
 279:C:/Program Files (x86)/Arm GNU Toolchain arm-none-eabi/14.3 rel1/arm-none-eabi/include/c++/14.3.1/bits\stl_iterator.h **** 	--__tmp;
 280:C:/Program Files (x86)/Arm GNU Toolchain arm-none-eabi/14.3 rel1/arm-none-eabi/include/c++/14.3.1/bits\stl_iterator.h **** 	return _S_to_pointer(__tmp);
 281:C:/Program Files (x86)/Arm GNU Toolchain arm-none-eabi/14.3 rel1/arm-none-eabi/include/c++/14.3.1/bits\stl_iterator.h ****       }
 282:C:/Program Files (x86)/Arm GNU Toolchain arm-none-eabi/14.3 rel1/arm-none-eabi/include/c++/14.3.1/bits\stl_iterator.h **** 
 283:C:/Program Files (x86)/Arm GNU Toolchain arm-none-eabi/14.3 rel1/arm-none-eabi/include/c++/14.3.1/bits\stl_iterator.h ****       /**
 284:C:/Program Files (x86)/Arm GNU Toolchain arm-none-eabi/14.3 rel1/arm-none-eabi/include/c++/14.3.1/bits\stl_iterator.h ****        *  @return  @c *this
 285:C:/Program Files (x86)/Arm GNU Toolchain arm-none-eabi/14.3 rel1/arm-none-eabi/include/c++/14.3.1/bits\stl_iterator.h ****        *
 286:C:/Program Files (x86)/Arm GNU Toolchain arm-none-eabi/14.3 rel1/arm-none-eabi/include/c++/14.3.1/bits\stl_iterator.h ****        *  Decrements the underlying iterator.
 287:C:/Program Files (x86)/Arm GNU Toolchain arm-none-eabi/14.3 rel1/arm-none-eabi/include/c++/14.3.1/bits\stl_iterator.h ****       */
 288:C:/Program Files (x86)/Arm GNU Toolchain arm-none-eabi/14.3 rel1/arm-none-eabi/include/c++/14.3.1/bits\stl_iterator.h ****       _GLIBCXX17_CONSTEXPR reverse_iterator&
 289:C:/Program Files (x86)/Arm GNU Toolchain arm-none-eabi/14.3 rel1/arm-none-eabi/include/c++/14.3.1/bits\stl_iterator.h ****       operator++()
 290:C:/Program Files (x86)/Arm GNU Toolchain arm-none-eabi/14.3 rel1/arm-none-eabi/include/c++/14.3.1/bits\stl_iterator.h ****       {
 291:C:/Program Files (x86)/Arm GNU Toolchain arm-none-eabi/14.3 rel1/arm-none-eabi/include/c++/14.3.1/bits\stl_iterator.h **** 	--current;
 292:C:/Program Files (x86)/Arm GNU Toolchain arm-none-eabi/14.3 rel1/arm-none-eabi/include/c++/14.3.1/bits\stl_iterator.h **** 	return *this;
 293:C:/Program Files (x86)/Arm GNU Toolchain arm-none-eabi/14.3 rel1/arm-none-eabi/include/c++/14.3.1/bits\stl_iterator.h ****       }
 294:C:/Program Files (x86)/Arm GNU Toolchain arm-none-eabi/14.3 rel1/arm-none-eabi/include/c++/14.3.1/bits\stl_iterator.h **** 
 295:C:/Program Files (x86)/Arm GNU Toolchain arm-none-eabi/14.3 rel1/arm-none-eabi/include/c++/14.3.1/bits\stl_iterator.h ****       /**
 296:C:/Program Files (x86)/Arm GNU Toolchain arm-none-eabi/14.3 rel1/arm-none-eabi/include/c++/14.3.1/bits\stl_iterator.h ****        *  @return  The original value of @c *this
 297:C:/Program Files (x86)/Arm GNU Toolchain arm-none-eabi/14.3 rel1/arm-none-eabi/include/c++/14.3.1/bits\stl_iterator.h ****        *
 298:C:/Program Files (x86)/Arm GNU Toolchain arm-none-eabi/14.3 rel1/arm-none-eabi/include/c++/14.3.1/bits\stl_iterator.h ****        *  Decrements the underlying iterator.
 299:C:/Program Files (x86)/Arm GNU Toolchain arm-none-eabi/14.3 rel1/arm-none-eabi/include/c++/14.3.1/bits\stl_iterator.h ****       */
 300:C:/Program Files (x86)/Arm GNU Toolchain arm-none-eabi/14.3 rel1/arm-none-eabi/include/c++/14.3.1/bits\stl_iterator.h ****       _GLIBCXX17_CONSTEXPR reverse_iterator
 301:C:/Program Files (x86)/Arm GNU Toolchain arm-none-eabi/14.3 rel1/arm-none-eabi/include/c++/14.3.1/bits\stl_iterator.h ****       operator++(int)
 302:C:/Program Files (x86)/Arm GNU Toolchain arm-none-eabi/14.3 rel1/arm-none-eabi/include/c++/14.3.1/bits\stl_iterator.h ****       {
 303:C:/Program Files (x86)/Arm GNU Toolchain arm-none-eabi/14.3 rel1/arm-none-eabi/include/c++/14.3.1/bits\stl_iterator.h **** 	reverse_iterator __tmp = *this;
 304:C:/Program Files (x86)/Arm GNU Toolchain arm-none-eabi/14.3 rel1/arm-none-eabi/include/c++/14.3.1/bits\stl_iterator.h **** 	--current;
 305:C:/Program Files (x86)/Arm GNU Toolchain arm-none-eabi/14.3 rel1/arm-none-eabi/include/c++/14.3.1/bits\stl_iterator.h **** 	return __tmp;
 306:C:/Program Files (x86)/Arm GNU Toolchain arm-none-eabi/14.3 rel1/arm-none-eabi/include/c++/14.3.1/bits\stl_iterator.h ****       }
 307:C:/Program Files (x86)/Arm GNU Toolchain arm-none-eabi/14.3 rel1/arm-none-eabi/include/c++/14.3.1/bits\stl_iterator.h **** 
 308:C:/Program Files (x86)/Arm GNU Toolchain arm-none-eabi/14.3 rel1/arm-none-eabi/include/c++/14.3.1/bits\stl_iterator.h ****       /**
 309:C:/Program Files (x86)/Arm GNU Toolchain arm-none-eabi/14.3 rel1/arm-none-eabi/include/c++/14.3.1/bits\stl_iterator.h ****        *  @return  @c *this
 310:C:/Program Files (x86)/Arm GNU Toolchain arm-none-eabi/14.3 rel1/arm-none-eabi/include/c++/14.3.1/bits\stl_iterator.h ****        *
 311:C:/Program Files (x86)/Arm GNU Toolchain arm-none-eabi/14.3 rel1/arm-none-eabi/include/c++/14.3.1/bits\stl_iterator.h ****        *  Increments the underlying iterator.
 312:C:/Program Files (x86)/Arm GNU Toolchain arm-none-eabi/14.3 rel1/arm-none-eabi/include/c++/14.3.1/bits\stl_iterator.h ****       */
 313:C:/Program Files (x86)/Arm GNU Toolchain arm-none-eabi/14.3 rel1/arm-none-eabi/include/c++/14.3.1/bits\stl_iterator.h ****       _GLIBCXX17_CONSTEXPR reverse_iterator&
 314:C:/Program Files (x86)/Arm GNU Toolchain arm-none-eabi/14.3 rel1/arm-none-eabi/include/c++/14.3.1/bits\stl_iterator.h ****       operator--()
 315:C:/Program Files (x86)/Arm GNU Toolchain arm-none-eabi/14.3 rel1/arm-none-eabi/include/c++/14.3.1/bits\stl_iterator.h ****       {
 316:C:/Program Files (x86)/Arm GNU Toolchain arm-none-eabi/14.3 rel1/arm-none-eabi/include/c++/14.3.1/bits\stl_iterator.h **** 	++current;
 317:C:/Program Files (x86)/Arm GNU Toolchain arm-none-eabi/14.3 rel1/arm-none-eabi/include/c++/14.3.1/bits\stl_iterator.h **** 	return *this;
 318:C:/Program Files (x86)/Arm GNU Toolchain arm-none-eabi/14.3 rel1/arm-none-eabi/include/c++/14.3.1/bits\stl_iterator.h ****       }
 319:C:/Program Files (x86)/Arm GNU Toolchain arm-none-eabi/14.3 rel1/arm-none-eabi/include/c++/14.3.1/bits\stl_iterator.h **** 
 320:C:/Program Files (x86)/Arm GNU Toolchain arm-none-eabi/14.3 rel1/arm-none-eabi/include/c++/14.3.1/bits\stl_iterator.h ****       /**
 321:C:/Program Files (x86)/Arm GNU Toolchain arm-none-eabi/14.3 rel1/arm-none-eabi/include/c++/14.3.1/bits\stl_iterator.h ****        *  @return  A reverse_iterator with the previous value of @c *this
 322:C:/Program Files (x86)/Arm GNU Toolchain arm-none-eabi/14.3 rel1/arm-none-eabi/include/c++/14.3.1/bits\stl_iterator.h ****        *
 323:C:/Program Files (x86)/Arm GNU Toolchain arm-none-eabi/14.3 rel1/arm-none-eabi/include/c++/14.3.1/bits\stl_iterator.h ****        *  Increments the underlying iterator.
 324:C:/Program Files (x86)/Arm GNU Toolchain arm-none-eabi/14.3 rel1/arm-none-eabi/include/c++/14.3.1/bits\stl_iterator.h ****       */
 325:C:/Program Files (x86)/Arm GNU Toolchain arm-none-eabi/14.3 rel1/arm-none-eabi/include/c++/14.3.1/bits\stl_iterator.h ****       _GLIBCXX17_CONSTEXPR reverse_iterator
 326:C:/Program Files (x86)/Arm GNU Toolchain arm-none-eabi/14.3 rel1/arm-none-eabi/include/c++/14.3.1/bits\stl_iterator.h ****       operator--(int)
 327:C:/Program Files (x86)/Arm GNU Toolchain arm-none-eabi/14.3 rel1/arm-none-eabi/include/c++/14.3.1/bits\stl_iterator.h ****       {
 328:C:/Program Files (x86)/Arm GNU Toolchain arm-none-eabi/14.3 rel1/arm-none-eabi/include/c++/14.3.1/bits\stl_iterator.h **** 	reverse_iterator __tmp = *this;
 329:C:/Program Files (x86)/Arm GNU Toolchain arm-none-eabi/14.3 rel1/arm-none-eabi/include/c++/14.3.1/bits\stl_iterator.h **** 	++current;
 330:C:/Program Files (x86)/Arm GNU Toolchain arm-none-eabi/14.3 rel1/arm-none-eabi/include/c++/14.3.1/bits\stl_iterator.h **** 	return __tmp;
 331:C:/Program Files (x86)/Arm GNU Toolchain arm-none-eabi/14.3 rel1/arm-none-eabi/include/c++/14.3.1/bits\stl_iterator.h ****       }
ARM GAS  C:\Users\Oliver\AppData\Local\Temp\ccukWDDi.s 			page 52


 332:C:/Program Files (x86)/Arm GNU Toolchain arm-none-eabi/14.3 rel1/arm-none-eabi/include/c++/14.3.1/bits\stl_iterator.h **** 
 333:C:/Program Files (x86)/Arm GNU Toolchain arm-none-eabi/14.3 rel1/arm-none-eabi/include/c++/14.3.1/bits\stl_iterator.h ****       /**
 334:C:/Program Files (x86)/Arm GNU Toolchain arm-none-eabi/14.3 rel1/arm-none-eabi/include/c++/14.3.1/bits\stl_iterator.h ****        *  @return  A reverse_iterator that refers to @c current - @a __n
 335:C:/Program Files (x86)/Arm GNU Toolchain arm-none-eabi/14.3 rel1/arm-none-eabi/include/c++/14.3.1/bits\stl_iterator.h ****        *
 336:C:/Program Files (x86)/Arm GNU Toolchain arm-none-eabi/14.3 rel1/arm-none-eabi/include/c++/14.3.1/bits\stl_iterator.h ****        *  The underlying iterator must be a Random Access Iterator.
 337:C:/Program Files (x86)/Arm GNU Toolchain arm-none-eabi/14.3 rel1/arm-none-eabi/include/c++/14.3.1/bits\stl_iterator.h ****       */
 338:C:/Program Files (x86)/Arm GNU Toolchain arm-none-eabi/14.3 rel1/arm-none-eabi/include/c++/14.3.1/bits\stl_iterator.h ****       _GLIBCXX_NODISCARD
 339:C:/Program Files (x86)/Arm GNU Toolchain arm-none-eabi/14.3 rel1/arm-none-eabi/include/c++/14.3.1/bits\stl_iterator.h ****       _GLIBCXX17_CONSTEXPR reverse_iterator
 340:C:/Program Files (x86)/Arm GNU Toolchain arm-none-eabi/14.3 rel1/arm-none-eabi/include/c++/14.3.1/bits\stl_iterator.h ****       operator+(difference_type __n) const
 341:C:/Program Files (x86)/Arm GNU Toolchain arm-none-eabi/14.3 rel1/arm-none-eabi/include/c++/14.3.1/bits\stl_iterator.h ****       { return reverse_iterator(current - __n); }
 342:C:/Program Files (x86)/Arm GNU Toolchain arm-none-eabi/14.3 rel1/arm-none-eabi/include/c++/14.3.1/bits\stl_iterator.h **** 
 343:C:/Program Files (x86)/Arm GNU Toolchain arm-none-eabi/14.3 rel1/arm-none-eabi/include/c++/14.3.1/bits\stl_iterator.h ****       /**
 344:C:/Program Files (x86)/Arm GNU Toolchain arm-none-eabi/14.3 rel1/arm-none-eabi/include/c++/14.3.1/bits\stl_iterator.h ****        *  @return  *this
 345:C:/Program Files (x86)/Arm GNU Toolchain arm-none-eabi/14.3 rel1/arm-none-eabi/include/c++/14.3.1/bits\stl_iterator.h ****        *
 346:C:/Program Files (x86)/Arm GNU Toolchain arm-none-eabi/14.3 rel1/arm-none-eabi/include/c++/14.3.1/bits\stl_iterator.h ****        *  Moves the underlying iterator backwards @a __n steps.
 347:C:/Program Files (x86)/Arm GNU Toolchain arm-none-eabi/14.3 rel1/arm-none-eabi/include/c++/14.3.1/bits\stl_iterator.h ****        *  The underlying iterator must be a Random Access Iterator.
 348:C:/Program Files (x86)/Arm GNU Toolchain arm-none-eabi/14.3 rel1/arm-none-eabi/include/c++/14.3.1/bits\stl_iterator.h ****       */
 349:C:/Program Files (x86)/Arm GNU Toolchain arm-none-eabi/14.3 rel1/arm-none-eabi/include/c++/14.3.1/bits\stl_iterator.h ****       _GLIBCXX17_CONSTEXPR reverse_iterator&
 350:C:/Program Files (x86)/Arm GNU Toolchain arm-none-eabi/14.3 rel1/arm-none-eabi/include/c++/14.3.1/bits\stl_iterator.h ****       operator+=(difference_type __n)
 351:C:/Program Files (x86)/Arm GNU Toolchain arm-none-eabi/14.3 rel1/arm-none-eabi/include/c++/14.3.1/bits\stl_iterator.h ****       {
 352:C:/Program Files (x86)/Arm GNU Toolchain arm-none-eabi/14.3 rel1/arm-none-eabi/include/c++/14.3.1/bits\stl_iterator.h **** 	current -= __n;
 353:C:/Program Files (x86)/Arm GNU Toolchain arm-none-eabi/14.3 rel1/arm-none-eabi/include/c++/14.3.1/bits\stl_iterator.h **** 	return *this;
 354:C:/Program Files (x86)/Arm GNU Toolchain arm-none-eabi/14.3 rel1/arm-none-eabi/include/c++/14.3.1/bits\stl_iterator.h ****       }
 355:C:/Program Files (x86)/Arm GNU Toolchain arm-none-eabi/14.3 rel1/arm-none-eabi/include/c++/14.3.1/bits\stl_iterator.h **** 
 356:C:/Program Files (x86)/Arm GNU Toolchain arm-none-eabi/14.3 rel1/arm-none-eabi/include/c++/14.3.1/bits\stl_iterator.h ****       /**
 357:C:/Program Files (x86)/Arm GNU Toolchain arm-none-eabi/14.3 rel1/arm-none-eabi/include/c++/14.3.1/bits\stl_iterator.h ****        *  @return  A reverse_iterator that refers to @c current - @a __n
 358:C:/Program Files (x86)/Arm GNU Toolchain arm-none-eabi/14.3 rel1/arm-none-eabi/include/c++/14.3.1/bits\stl_iterator.h ****        *
 359:C:/Program Files (x86)/Arm GNU Toolchain arm-none-eabi/14.3 rel1/arm-none-eabi/include/c++/14.3.1/bits\stl_iterator.h ****        *  The underlying iterator must be a Random Access Iterator.
 360:C:/Program Files (x86)/Arm GNU Toolchain arm-none-eabi/14.3 rel1/arm-none-eabi/include/c++/14.3.1/bits\stl_iterator.h ****       */
 361:C:/Program Files (x86)/Arm GNU Toolchain arm-none-eabi/14.3 rel1/arm-none-eabi/include/c++/14.3.1/bits\stl_iterator.h ****       _GLIBCXX_NODISCARD
 362:C:/Program Files (x86)/Arm GNU Toolchain arm-none-eabi/14.3 rel1/arm-none-eabi/include/c++/14.3.1/bits\stl_iterator.h ****       _GLIBCXX17_CONSTEXPR reverse_iterator
 363:C:/Program Files (x86)/Arm GNU Toolchain arm-none-eabi/14.3 rel1/arm-none-eabi/include/c++/14.3.1/bits\stl_iterator.h ****       operator-(difference_type __n) const
 364:C:/Program Files (x86)/Arm GNU Toolchain arm-none-eabi/14.3 rel1/arm-none-eabi/include/c++/14.3.1/bits\stl_iterator.h ****       { return reverse_iterator(current + __n); }
 365:C:/Program Files (x86)/Arm GNU Toolchain arm-none-eabi/14.3 rel1/arm-none-eabi/include/c++/14.3.1/bits\stl_iterator.h **** 
 366:C:/Program Files (x86)/Arm GNU Toolchain arm-none-eabi/14.3 rel1/arm-none-eabi/include/c++/14.3.1/bits\stl_iterator.h ****       /**
 367:C:/Program Files (x86)/Arm GNU Toolchain arm-none-eabi/14.3 rel1/arm-none-eabi/include/c++/14.3.1/bits\stl_iterator.h ****        *  @return  *this
 368:C:/Program Files (x86)/Arm GNU Toolchain arm-none-eabi/14.3 rel1/arm-none-eabi/include/c++/14.3.1/bits\stl_iterator.h ****        *
 369:C:/Program Files (x86)/Arm GNU Toolchain arm-none-eabi/14.3 rel1/arm-none-eabi/include/c++/14.3.1/bits\stl_iterator.h ****        *  Moves the underlying iterator forwards @a __n steps.
 370:C:/Program Files (x86)/Arm GNU Toolchain arm-none-eabi/14.3 rel1/arm-none-eabi/include/c++/14.3.1/bits\stl_iterator.h ****        *  The underlying iterator must be a Random Access Iterator.
 371:C:/Program Files (x86)/Arm GNU Toolchain arm-none-eabi/14.3 rel1/arm-none-eabi/include/c++/14.3.1/bits\stl_iterator.h ****       */
 372:C:/Program Files (x86)/Arm GNU Toolchain arm-none-eabi/14.3 rel1/arm-none-eabi/include/c++/14.3.1/bits\stl_iterator.h ****       _GLIBCXX17_CONSTEXPR reverse_iterator&
 373:C:/Program Files (x86)/Arm GNU Toolchain arm-none-eabi/14.3 rel1/arm-none-eabi/include/c++/14.3.1/bits\stl_iterator.h ****       operator-=(difference_type __n)
 374:C:/Program Files (x86)/Arm GNU Toolchain arm-none-eabi/14.3 rel1/arm-none-eabi/include/c++/14.3.1/bits\stl_iterator.h ****       {
 375:C:/Program Files (x86)/Arm GNU Toolchain arm-none-eabi/14.3 rel1/arm-none-eabi/include/c++/14.3.1/bits\stl_iterator.h **** 	current += __n;
 376:C:/Program Files (x86)/Arm GNU Toolchain arm-none-eabi/14.3 rel1/arm-none-eabi/include/c++/14.3.1/bits\stl_iterator.h **** 	return *this;
 377:C:/Program Files (x86)/Arm GNU Toolchain arm-none-eabi/14.3 rel1/arm-none-eabi/include/c++/14.3.1/bits\stl_iterator.h ****       }
 378:C:/Program Files (x86)/Arm GNU Toolchain arm-none-eabi/14.3 rel1/arm-none-eabi/include/c++/14.3.1/bits\stl_iterator.h **** 
 379:C:/Program Files (x86)/Arm GNU Toolchain arm-none-eabi/14.3 rel1/arm-none-eabi/include/c++/14.3.1/bits\stl_iterator.h ****       /**
 380:C:/Program Files (x86)/Arm GNU Toolchain arm-none-eabi/14.3 rel1/arm-none-eabi/include/c++/14.3.1/bits\stl_iterator.h ****        *  @return  The value at @c current - @a __n - 1
 381:C:/Program Files (x86)/Arm GNU Toolchain arm-none-eabi/14.3 rel1/arm-none-eabi/include/c++/14.3.1/bits\stl_iterator.h ****        *
 382:C:/Program Files (x86)/Arm GNU Toolchain arm-none-eabi/14.3 rel1/arm-none-eabi/include/c++/14.3.1/bits\stl_iterator.h ****        *  The underlying iterator must be a Random Access Iterator.
 383:C:/Program Files (x86)/Arm GNU Toolchain arm-none-eabi/14.3 rel1/arm-none-eabi/include/c++/14.3.1/bits\stl_iterator.h ****       */
 384:C:/Program Files (x86)/Arm GNU Toolchain arm-none-eabi/14.3 rel1/arm-none-eabi/include/c++/14.3.1/bits\stl_iterator.h ****       _GLIBCXX_NODISCARD
 385:C:/Program Files (x86)/Arm GNU Toolchain arm-none-eabi/14.3 rel1/arm-none-eabi/include/c++/14.3.1/bits\stl_iterator.h ****       _GLIBCXX17_CONSTEXPR reference
 386:C:/Program Files (x86)/Arm GNU Toolchain arm-none-eabi/14.3 rel1/arm-none-eabi/include/c++/14.3.1/bits\stl_iterator.h ****       operator[](difference_type __n) const
 387:C:/Program Files (x86)/Arm GNU Toolchain arm-none-eabi/14.3 rel1/arm-none-eabi/include/c++/14.3.1/bits\stl_iterator.h ****       { return *(*this + __n); }
 388:C:/Program Files (x86)/Arm GNU Toolchain arm-none-eabi/14.3 rel1/arm-none-eabi/include/c++/14.3.1/bits\stl_iterator.h **** 
ARM GAS  C:\Users\Oliver\AppData\Local\Temp\ccukWDDi.s 			page 53


 389:C:/Program Files (x86)/Arm GNU Toolchain arm-none-eabi/14.3 rel1/arm-none-eabi/include/c++/14.3.1/bits\stl_iterator.h **** #if __cplusplus > 201703L && __glibcxx_concepts
 390:C:/Program Files (x86)/Arm GNU Toolchain arm-none-eabi/14.3 rel1/arm-none-eabi/include/c++/14.3.1/bits\stl_iterator.h ****       [[nodiscard]]
 391:C:/Program Files (x86)/Arm GNU Toolchain arm-none-eabi/14.3 rel1/arm-none-eabi/include/c++/14.3.1/bits\stl_iterator.h ****       friend constexpr iter_rvalue_reference_t<_Iterator>
 392:C:/Program Files (x86)/Arm GNU Toolchain arm-none-eabi/14.3 rel1/arm-none-eabi/include/c++/14.3.1/bits\stl_iterator.h ****       iter_move(const reverse_iterator& __i)
 393:C:/Program Files (x86)/Arm GNU Toolchain arm-none-eabi/14.3 rel1/arm-none-eabi/include/c++/14.3.1/bits\stl_iterator.h ****       noexcept(is_nothrow_copy_constructible_v<_Iterator>
 394:C:/Program Files (x86)/Arm GNU Toolchain arm-none-eabi/14.3 rel1/arm-none-eabi/include/c++/14.3.1/bits\stl_iterator.h **** 	       && noexcept(ranges::iter_move(--std::declval<_Iterator&>())))
 395:C:/Program Files (x86)/Arm GNU Toolchain arm-none-eabi/14.3 rel1/arm-none-eabi/include/c++/14.3.1/bits\stl_iterator.h ****       {
 396:C:/Program Files (x86)/Arm GNU Toolchain arm-none-eabi/14.3 rel1/arm-none-eabi/include/c++/14.3.1/bits\stl_iterator.h **** 	auto __tmp = __i.base();
 397:C:/Program Files (x86)/Arm GNU Toolchain arm-none-eabi/14.3 rel1/arm-none-eabi/include/c++/14.3.1/bits\stl_iterator.h **** 	return ranges::iter_move(--__tmp);
 398:C:/Program Files (x86)/Arm GNU Toolchain arm-none-eabi/14.3 rel1/arm-none-eabi/include/c++/14.3.1/bits\stl_iterator.h ****       }
 399:C:/Program Files (x86)/Arm GNU Toolchain arm-none-eabi/14.3 rel1/arm-none-eabi/include/c++/14.3.1/bits\stl_iterator.h **** 
 400:C:/Program Files (x86)/Arm GNU Toolchain arm-none-eabi/14.3 rel1/arm-none-eabi/include/c++/14.3.1/bits\stl_iterator.h ****       template<indirectly_swappable<_Iterator> _Iter2>
 401:C:/Program Files (x86)/Arm GNU Toolchain arm-none-eabi/14.3 rel1/arm-none-eabi/include/c++/14.3.1/bits\stl_iterator.h **** 	friend constexpr void
 402:C:/Program Files (x86)/Arm GNU Toolchain arm-none-eabi/14.3 rel1/arm-none-eabi/include/c++/14.3.1/bits\stl_iterator.h **** 	iter_swap(const reverse_iterator& __x,
 403:C:/Program Files (x86)/Arm GNU Toolchain arm-none-eabi/14.3 rel1/arm-none-eabi/include/c++/14.3.1/bits\stl_iterator.h **** 		  const reverse_iterator<_Iter2>& __y)
 404:C:/Program Files (x86)/Arm GNU Toolchain arm-none-eabi/14.3 rel1/arm-none-eabi/include/c++/14.3.1/bits\stl_iterator.h **** 	noexcept(is_nothrow_copy_constructible_v<_Iterator>
 405:C:/Program Files (x86)/Arm GNU Toolchain arm-none-eabi/14.3 rel1/arm-none-eabi/include/c++/14.3.1/bits\stl_iterator.h **** 		 && is_nothrow_copy_constructible_v<_Iter2>
 406:C:/Program Files (x86)/Arm GNU Toolchain arm-none-eabi/14.3 rel1/arm-none-eabi/include/c++/14.3.1/bits\stl_iterator.h **** 		 && noexcept(ranges::iter_swap(--std::declval<_Iterator&>(),
 407:C:/Program Files (x86)/Arm GNU Toolchain arm-none-eabi/14.3 rel1/arm-none-eabi/include/c++/14.3.1/bits\stl_iterator.h **** 					       --std::declval<_Iter2&>())))
 408:C:/Program Files (x86)/Arm GNU Toolchain arm-none-eabi/14.3 rel1/arm-none-eabi/include/c++/14.3.1/bits\stl_iterator.h **** 	{
 409:C:/Program Files (x86)/Arm GNU Toolchain arm-none-eabi/14.3 rel1/arm-none-eabi/include/c++/14.3.1/bits\stl_iterator.h **** 	  auto __xtmp = __x.base();
 410:C:/Program Files (x86)/Arm GNU Toolchain arm-none-eabi/14.3 rel1/arm-none-eabi/include/c++/14.3.1/bits\stl_iterator.h **** 	  auto __ytmp = __y.base();
 411:C:/Program Files (x86)/Arm GNU Toolchain arm-none-eabi/14.3 rel1/arm-none-eabi/include/c++/14.3.1/bits\stl_iterator.h **** 	  ranges::iter_swap(--__xtmp, --__ytmp);
 412:C:/Program Files (x86)/Arm GNU Toolchain arm-none-eabi/14.3 rel1/arm-none-eabi/include/c++/14.3.1/bits\stl_iterator.h **** 	}
 413:C:/Program Files (x86)/Arm GNU Toolchain arm-none-eabi/14.3 rel1/arm-none-eabi/include/c++/14.3.1/bits\stl_iterator.h **** #endif
 414:C:/Program Files (x86)/Arm GNU Toolchain arm-none-eabi/14.3 rel1/arm-none-eabi/include/c++/14.3.1/bits\stl_iterator.h **** 
 415:C:/Program Files (x86)/Arm GNU Toolchain arm-none-eabi/14.3 rel1/arm-none-eabi/include/c++/14.3.1/bits\stl_iterator.h ****     private:
 416:C:/Program Files (x86)/Arm GNU Toolchain arm-none-eabi/14.3 rel1/arm-none-eabi/include/c++/14.3.1/bits\stl_iterator.h ****       template<typename _Tp>
 417:C:/Program Files (x86)/Arm GNU Toolchain arm-none-eabi/14.3 rel1/arm-none-eabi/include/c++/14.3.1/bits\stl_iterator.h **** 	static _GLIBCXX17_CONSTEXPR _Tp*
 418:C:/Program Files (x86)/Arm GNU Toolchain arm-none-eabi/14.3 rel1/arm-none-eabi/include/c++/14.3.1/bits\stl_iterator.h **** 	_S_to_pointer(_Tp* __p)
 419:C:/Program Files (x86)/Arm GNU Toolchain arm-none-eabi/14.3 rel1/arm-none-eabi/include/c++/14.3.1/bits\stl_iterator.h ****         { return __p; }
 420:C:/Program Files (x86)/Arm GNU Toolchain arm-none-eabi/14.3 rel1/arm-none-eabi/include/c++/14.3.1/bits\stl_iterator.h **** 
 421:C:/Program Files (x86)/Arm GNU Toolchain arm-none-eabi/14.3 rel1/arm-none-eabi/include/c++/14.3.1/bits\stl_iterator.h ****       template<typename _Tp>
 422:C:/Program Files (x86)/Arm GNU Toolchain arm-none-eabi/14.3 rel1/arm-none-eabi/include/c++/14.3.1/bits\stl_iterator.h **** 	static _GLIBCXX17_CONSTEXPR pointer
 423:C:/Program Files (x86)/Arm GNU Toolchain arm-none-eabi/14.3 rel1/arm-none-eabi/include/c++/14.3.1/bits\stl_iterator.h **** 	_S_to_pointer(_Tp __t)
 424:C:/Program Files (x86)/Arm GNU Toolchain arm-none-eabi/14.3 rel1/arm-none-eabi/include/c++/14.3.1/bits\stl_iterator.h ****         { return __t.operator->(); }
 425:C:/Program Files (x86)/Arm GNU Toolchain arm-none-eabi/14.3 rel1/arm-none-eabi/include/c++/14.3.1/bits\stl_iterator.h ****     };
 426:C:/Program Files (x86)/Arm GNU Toolchain arm-none-eabi/14.3 rel1/arm-none-eabi/include/c++/14.3.1/bits\stl_iterator.h **** 
 427:C:/Program Files (x86)/Arm GNU Toolchain arm-none-eabi/14.3 rel1/arm-none-eabi/include/c++/14.3.1/bits\stl_iterator.h ****   ///@{
 428:C:/Program Files (x86)/Arm GNU Toolchain arm-none-eabi/14.3 rel1/arm-none-eabi/include/c++/14.3.1/bits\stl_iterator.h ****   /**
 429:C:/Program Files (x86)/Arm GNU Toolchain arm-none-eabi/14.3 rel1/arm-none-eabi/include/c++/14.3.1/bits\stl_iterator.h ****    *  @param  __x  A %reverse_iterator.
 430:C:/Program Files (x86)/Arm GNU Toolchain arm-none-eabi/14.3 rel1/arm-none-eabi/include/c++/14.3.1/bits\stl_iterator.h ****    *  @param  __y  A %reverse_iterator.
 431:C:/Program Files (x86)/Arm GNU Toolchain arm-none-eabi/14.3 rel1/arm-none-eabi/include/c++/14.3.1/bits\stl_iterator.h ****    *  @return  A simple bool.
 432:C:/Program Files (x86)/Arm GNU Toolchain arm-none-eabi/14.3 rel1/arm-none-eabi/include/c++/14.3.1/bits\stl_iterator.h ****    *
 433:C:/Program Files (x86)/Arm GNU Toolchain arm-none-eabi/14.3 rel1/arm-none-eabi/include/c++/14.3.1/bits\stl_iterator.h ****    *  Reverse iterators forward comparisons to their underlying base()
 434:C:/Program Files (x86)/Arm GNU Toolchain arm-none-eabi/14.3 rel1/arm-none-eabi/include/c++/14.3.1/bits\stl_iterator.h ****    *  iterators.
 435:C:/Program Files (x86)/Arm GNU Toolchain arm-none-eabi/14.3 rel1/arm-none-eabi/include/c++/14.3.1/bits\stl_iterator.h ****    *
 436:C:/Program Files (x86)/Arm GNU Toolchain arm-none-eabi/14.3 rel1/arm-none-eabi/include/c++/14.3.1/bits\stl_iterator.h ****   */
 437:C:/Program Files (x86)/Arm GNU Toolchain arm-none-eabi/14.3 rel1/arm-none-eabi/include/c++/14.3.1/bits\stl_iterator.h **** #if __cplusplus <= 201703L || ! defined __glibcxx_concepts
 438:C:/Program Files (x86)/Arm GNU Toolchain arm-none-eabi/14.3 rel1/arm-none-eabi/include/c++/14.3.1/bits\stl_iterator.h ****   template<typename _Iterator>
 439:C:/Program Files (x86)/Arm GNU Toolchain arm-none-eabi/14.3 rel1/arm-none-eabi/include/c++/14.3.1/bits\stl_iterator.h ****     _GLIBCXX_NODISCARD
 440:C:/Program Files (x86)/Arm GNU Toolchain arm-none-eabi/14.3 rel1/arm-none-eabi/include/c++/14.3.1/bits\stl_iterator.h ****     inline _GLIBCXX17_CONSTEXPR bool
 441:C:/Program Files (x86)/Arm GNU Toolchain arm-none-eabi/14.3 rel1/arm-none-eabi/include/c++/14.3.1/bits\stl_iterator.h ****     operator==(const reverse_iterator<_Iterator>& __x,
 442:C:/Program Files (x86)/Arm GNU Toolchain arm-none-eabi/14.3 rel1/arm-none-eabi/include/c++/14.3.1/bits\stl_iterator.h **** 	       const reverse_iterator<_Iterator>& __y)
 443:C:/Program Files (x86)/Arm GNU Toolchain arm-none-eabi/14.3 rel1/arm-none-eabi/include/c++/14.3.1/bits\stl_iterator.h ****     { return __x.base() == __y.base(); }
 444:C:/Program Files (x86)/Arm GNU Toolchain arm-none-eabi/14.3 rel1/arm-none-eabi/include/c++/14.3.1/bits\stl_iterator.h **** 
 445:C:/Program Files (x86)/Arm GNU Toolchain arm-none-eabi/14.3 rel1/arm-none-eabi/include/c++/14.3.1/bits\stl_iterator.h ****   template<typename _Iterator>
ARM GAS  C:\Users\Oliver\AppData\Local\Temp\ccukWDDi.s 			page 54


 446:C:/Program Files (x86)/Arm GNU Toolchain arm-none-eabi/14.3 rel1/arm-none-eabi/include/c++/14.3.1/bits\stl_iterator.h ****     _GLIBCXX_NODISCARD
 447:C:/Program Files (x86)/Arm GNU Toolchain arm-none-eabi/14.3 rel1/arm-none-eabi/include/c++/14.3.1/bits\stl_iterator.h ****     inline _GLIBCXX17_CONSTEXPR bool
 448:C:/Program Files (x86)/Arm GNU Toolchain arm-none-eabi/14.3 rel1/arm-none-eabi/include/c++/14.3.1/bits\stl_iterator.h ****     operator<(const reverse_iterator<_Iterator>& __x,
 449:C:/Program Files (x86)/Arm GNU Toolchain arm-none-eabi/14.3 rel1/arm-none-eabi/include/c++/14.3.1/bits\stl_iterator.h **** 	      const reverse_iterator<_Iterator>& __y)
 450:C:/Program Files (x86)/Arm GNU Toolchain arm-none-eabi/14.3 rel1/arm-none-eabi/include/c++/14.3.1/bits\stl_iterator.h ****     { return __y.base() < __x.base(); }
 451:C:/Program Files (x86)/Arm GNU Toolchain arm-none-eabi/14.3 rel1/arm-none-eabi/include/c++/14.3.1/bits\stl_iterator.h **** 
 452:C:/Program Files (x86)/Arm GNU Toolchain arm-none-eabi/14.3 rel1/arm-none-eabi/include/c++/14.3.1/bits\stl_iterator.h ****   template<typename _Iterator>
 453:C:/Program Files (x86)/Arm GNU Toolchain arm-none-eabi/14.3 rel1/arm-none-eabi/include/c++/14.3.1/bits\stl_iterator.h ****     _GLIBCXX_NODISCARD
 454:C:/Program Files (x86)/Arm GNU Toolchain arm-none-eabi/14.3 rel1/arm-none-eabi/include/c++/14.3.1/bits\stl_iterator.h ****     inline _GLIBCXX17_CONSTEXPR bool
 455:C:/Program Files (x86)/Arm GNU Toolchain arm-none-eabi/14.3 rel1/arm-none-eabi/include/c++/14.3.1/bits\stl_iterator.h ****     operator!=(const reverse_iterator<_Iterator>& __x,
 456:C:/Program Files (x86)/Arm GNU Toolchain arm-none-eabi/14.3 rel1/arm-none-eabi/include/c++/14.3.1/bits\stl_iterator.h **** 	       const reverse_iterator<_Iterator>& __y)
 457:C:/Program Files (x86)/Arm GNU Toolchain arm-none-eabi/14.3 rel1/arm-none-eabi/include/c++/14.3.1/bits\stl_iterator.h ****     { return !(__x == __y); }
 458:C:/Program Files (x86)/Arm GNU Toolchain arm-none-eabi/14.3 rel1/arm-none-eabi/include/c++/14.3.1/bits\stl_iterator.h **** 
 459:C:/Program Files (x86)/Arm GNU Toolchain arm-none-eabi/14.3 rel1/arm-none-eabi/include/c++/14.3.1/bits\stl_iterator.h ****   template<typename _Iterator>
 460:C:/Program Files (x86)/Arm GNU Toolchain arm-none-eabi/14.3 rel1/arm-none-eabi/include/c++/14.3.1/bits\stl_iterator.h ****     _GLIBCXX_NODISCARD
 461:C:/Program Files (x86)/Arm GNU Toolchain arm-none-eabi/14.3 rel1/arm-none-eabi/include/c++/14.3.1/bits\stl_iterator.h ****     inline _GLIBCXX17_CONSTEXPR bool
 462:C:/Program Files (x86)/Arm GNU Toolchain arm-none-eabi/14.3 rel1/arm-none-eabi/include/c++/14.3.1/bits\stl_iterator.h ****     operator>(const reverse_iterator<_Iterator>& __x,
 463:C:/Program Files (x86)/Arm GNU Toolchain arm-none-eabi/14.3 rel1/arm-none-eabi/include/c++/14.3.1/bits\stl_iterator.h **** 	      const reverse_iterator<_Iterator>& __y)
 464:C:/Program Files (x86)/Arm GNU Toolchain arm-none-eabi/14.3 rel1/arm-none-eabi/include/c++/14.3.1/bits\stl_iterator.h ****     { return __y < __x; }
 465:C:/Program Files (x86)/Arm GNU Toolchain arm-none-eabi/14.3 rel1/arm-none-eabi/include/c++/14.3.1/bits\stl_iterator.h **** 
 466:C:/Program Files (x86)/Arm GNU Toolchain arm-none-eabi/14.3 rel1/arm-none-eabi/include/c++/14.3.1/bits\stl_iterator.h ****   template<typename _Iterator>
 467:C:/Program Files (x86)/Arm GNU Toolchain arm-none-eabi/14.3 rel1/arm-none-eabi/include/c++/14.3.1/bits\stl_iterator.h ****     _GLIBCXX_NODISCARD
 468:C:/Program Files (x86)/Arm GNU Toolchain arm-none-eabi/14.3 rel1/arm-none-eabi/include/c++/14.3.1/bits\stl_iterator.h ****     inline _GLIBCXX17_CONSTEXPR bool
 469:C:/Program Files (x86)/Arm GNU Toolchain arm-none-eabi/14.3 rel1/arm-none-eabi/include/c++/14.3.1/bits\stl_iterator.h ****     operator<=(const reverse_iterator<_Iterator>& __x,
 470:C:/Program Files (x86)/Arm GNU Toolchain arm-none-eabi/14.3 rel1/arm-none-eabi/include/c++/14.3.1/bits\stl_iterator.h **** 	       const reverse_iterator<_Iterator>& __y)
 471:C:/Program Files (x86)/Arm GNU Toolchain arm-none-eabi/14.3 rel1/arm-none-eabi/include/c++/14.3.1/bits\stl_iterator.h ****     { return !(__y < __x); }
 472:C:/Program Files (x86)/Arm GNU Toolchain arm-none-eabi/14.3 rel1/arm-none-eabi/include/c++/14.3.1/bits\stl_iterator.h **** 
 473:C:/Program Files (x86)/Arm GNU Toolchain arm-none-eabi/14.3 rel1/arm-none-eabi/include/c++/14.3.1/bits\stl_iterator.h ****   template<typename _Iterator>
 474:C:/Program Files (x86)/Arm GNU Toolchain arm-none-eabi/14.3 rel1/arm-none-eabi/include/c++/14.3.1/bits\stl_iterator.h ****     _GLIBCXX_NODISCARD
 475:C:/Program Files (x86)/Arm GNU Toolchain arm-none-eabi/14.3 rel1/arm-none-eabi/include/c++/14.3.1/bits\stl_iterator.h ****     inline _GLIBCXX17_CONSTEXPR bool
 476:C:/Program Files (x86)/Arm GNU Toolchain arm-none-eabi/14.3 rel1/arm-none-eabi/include/c++/14.3.1/bits\stl_iterator.h ****     operator>=(const reverse_iterator<_Iterator>& __x,
 477:C:/Program Files (x86)/Arm GNU Toolchain arm-none-eabi/14.3 rel1/arm-none-eabi/include/c++/14.3.1/bits\stl_iterator.h **** 	       const reverse_iterator<_Iterator>& __y)
 478:C:/Program Files (x86)/Arm GNU Toolchain arm-none-eabi/14.3 rel1/arm-none-eabi/include/c++/14.3.1/bits\stl_iterator.h ****     { return !(__x < __y); }
 479:C:/Program Files (x86)/Arm GNU Toolchain arm-none-eabi/14.3 rel1/arm-none-eabi/include/c++/14.3.1/bits\stl_iterator.h **** 
 480:C:/Program Files (x86)/Arm GNU Toolchain arm-none-eabi/14.3 rel1/arm-none-eabi/include/c++/14.3.1/bits\stl_iterator.h ****   // _GLIBCXX_RESOLVE_LIB_DEFECTS
 481:C:/Program Files (x86)/Arm GNU Toolchain arm-none-eabi/14.3 rel1/arm-none-eabi/include/c++/14.3.1/bits\stl_iterator.h ****   // DR 280. Comparison of reverse_iterator to const reverse_iterator.
 482:C:/Program Files (x86)/Arm GNU Toolchain arm-none-eabi/14.3 rel1/arm-none-eabi/include/c++/14.3.1/bits\stl_iterator.h **** 
 483:C:/Program Files (x86)/Arm GNU Toolchain arm-none-eabi/14.3 rel1/arm-none-eabi/include/c++/14.3.1/bits\stl_iterator.h ****   template<typename _IteratorL, typename _IteratorR>
 484:C:/Program Files (x86)/Arm GNU Toolchain arm-none-eabi/14.3 rel1/arm-none-eabi/include/c++/14.3.1/bits\stl_iterator.h ****     _GLIBCXX_NODISCARD
 485:C:/Program Files (x86)/Arm GNU Toolchain arm-none-eabi/14.3 rel1/arm-none-eabi/include/c++/14.3.1/bits\stl_iterator.h ****     inline _GLIBCXX17_CONSTEXPR bool
 486:C:/Program Files (x86)/Arm GNU Toolchain arm-none-eabi/14.3 rel1/arm-none-eabi/include/c++/14.3.1/bits\stl_iterator.h ****     operator==(const reverse_iterator<_IteratorL>& __x,
 487:C:/Program Files (x86)/Arm GNU Toolchain arm-none-eabi/14.3 rel1/arm-none-eabi/include/c++/14.3.1/bits\stl_iterator.h **** 	       const reverse_iterator<_IteratorR>& __y)
 488:C:/Program Files (x86)/Arm GNU Toolchain arm-none-eabi/14.3 rel1/arm-none-eabi/include/c++/14.3.1/bits\stl_iterator.h ****     { return __x.base() == __y.base(); }
 489:C:/Program Files (x86)/Arm GNU Toolchain arm-none-eabi/14.3 rel1/arm-none-eabi/include/c++/14.3.1/bits\stl_iterator.h **** 
 490:C:/Program Files (x86)/Arm GNU Toolchain arm-none-eabi/14.3 rel1/arm-none-eabi/include/c++/14.3.1/bits\stl_iterator.h ****   template<typename _IteratorL, typename _IteratorR>
 491:C:/Program Files (x86)/Arm GNU Toolchain arm-none-eabi/14.3 rel1/arm-none-eabi/include/c++/14.3.1/bits\stl_iterator.h ****     _GLIBCXX_NODISCARD
 492:C:/Program Files (x86)/Arm GNU Toolchain arm-none-eabi/14.3 rel1/arm-none-eabi/include/c++/14.3.1/bits\stl_iterator.h ****     inline _GLIBCXX17_CONSTEXPR bool
 493:C:/Program Files (x86)/Arm GNU Toolchain arm-none-eabi/14.3 rel1/arm-none-eabi/include/c++/14.3.1/bits\stl_iterator.h ****     operator<(const reverse_iterator<_IteratorL>& __x,
 494:C:/Program Files (x86)/Arm GNU Toolchain arm-none-eabi/14.3 rel1/arm-none-eabi/include/c++/14.3.1/bits\stl_iterator.h **** 	      const reverse_iterator<_IteratorR>& __y)
 495:C:/Program Files (x86)/Arm GNU Toolchain arm-none-eabi/14.3 rel1/arm-none-eabi/include/c++/14.3.1/bits\stl_iterator.h ****     { return __x.base() > __y.base(); }
 496:C:/Program Files (x86)/Arm GNU Toolchain arm-none-eabi/14.3 rel1/arm-none-eabi/include/c++/14.3.1/bits\stl_iterator.h **** 
 497:C:/Program Files (x86)/Arm GNU Toolchain arm-none-eabi/14.3 rel1/arm-none-eabi/include/c++/14.3.1/bits\stl_iterator.h ****   template<typename _IteratorL, typename _IteratorR>
 498:C:/Program Files (x86)/Arm GNU Toolchain arm-none-eabi/14.3 rel1/arm-none-eabi/include/c++/14.3.1/bits\stl_iterator.h ****     _GLIBCXX_NODISCARD
 499:C:/Program Files (x86)/Arm GNU Toolchain arm-none-eabi/14.3 rel1/arm-none-eabi/include/c++/14.3.1/bits\stl_iterator.h ****     inline _GLIBCXX17_CONSTEXPR bool
 500:C:/Program Files (x86)/Arm GNU Toolchain arm-none-eabi/14.3 rel1/arm-none-eabi/include/c++/14.3.1/bits\stl_iterator.h ****     operator!=(const reverse_iterator<_IteratorL>& __x,
 501:C:/Program Files (x86)/Arm GNU Toolchain arm-none-eabi/14.3 rel1/arm-none-eabi/include/c++/14.3.1/bits\stl_iterator.h **** 	       const reverse_iterator<_IteratorR>& __y)
 502:C:/Program Files (x86)/Arm GNU Toolchain arm-none-eabi/14.3 rel1/arm-none-eabi/include/c++/14.3.1/bits\stl_iterator.h ****     { return __x.base() != __y.base(); }
ARM GAS  C:\Users\Oliver\AppData\Local\Temp\ccukWDDi.s 			page 55


 503:C:/Program Files (x86)/Arm GNU Toolchain arm-none-eabi/14.3 rel1/arm-none-eabi/include/c++/14.3.1/bits\stl_iterator.h **** 
 504:C:/Program Files (x86)/Arm GNU Toolchain arm-none-eabi/14.3 rel1/arm-none-eabi/include/c++/14.3.1/bits\stl_iterator.h ****   template<typename _IteratorL, typename _IteratorR>
 505:C:/Program Files (x86)/Arm GNU Toolchain arm-none-eabi/14.3 rel1/arm-none-eabi/include/c++/14.3.1/bits\stl_iterator.h ****     _GLIBCXX_NODISCARD
 506:C:/Program Files (x86)/Arm GNU Toolchain arm-none-eabi/14.3 rel1/arm-none-eabi/include/c++/14.3.1/bits\stl_iterator.h ****     inline _GLIBCXX17_CONSTEXPR bool
 507:C:/Program Files (x86)/Arm GNU Toolchain arm-none-eabi/14.3 rel1/arm-none-eabi/include/c++/14.3.1/bits\stl_iterator.h ****     operator>(const reverse_iterator<_IteratorL>& __x,
 508:C:/Program Files (x86)/Arm GNU Toolchain arm-none-eabi/14.3 rel1/arm-none-eabi/include/c++/14.3.1/bits\stl_iterator.h **** 	      const reverse_iterator<_IteratorR>& __y)
 509:C:/Program Files (x86)/Arm GNU Toolchain arm-none-eabi/14.3 rel1/arm-none-eabi/include/c++/14.3.1/bits\stl_iterator.h ****     { return __x.base() < __y.base(); }
 510:C:/Program Files (x86)/Arm GNU Toolchain arm-none-eabi/14.3 rel1/arm-none-eabi/include/c++/14.3.1/bits\stl_iterator.h **** 
 511:C:/Program Files (x86)/Arm GNU Toolchain arm-none-eabi/14.3 rel1/arm-none-eabi/include/c++/14.3.1/bits\stl_iterator.h ****   template<typename _IteratorL, typename _IteratorR>
 512:C:/Program Files (x86)/Arm GNU Toolchain arm-none-eabi/14.3 rel1/arm-none-eabi/include/c++/14.3.1/bits\stl_iterator.h ****     inline _GLIBCXX17_CONSTEXPR bool
 513:C:/Program Files (x86)/Arm GNU Toolchain arm-none-eabi/14.3 rel1/arm-none-eabi/include/c++/14.3.1/bits\stl_iterator.h ****     operator<=(const reverse_iterator<_IteratorL>& __x,
 514:C:/Program Files (x86)/Arm GNU Toolchain arm-none-eabi/14.3 rel1/arm-none-eabi/include/c++/14.3.1/bits\stl_iterator.h **** 	       const reverse_iterator<_IteratorR>& __y)
 515:C:/Program Files (x86)/Arm GNU Toolchain arm-none-eabi/14.3 rel1/arm-none-eabi/include/c++/14.3.1/bits\stl_iterator.h ****     { return __x.base() >= __y.base(); }
 516:C:/Program Files (x86)/Arm GNU Toolchain arm-none-eabi/14.3 rel1/arm-none-eabi/include/c++/14.3.1/bits\stl_iterator.h **** 
 517:C:/Program Files (x86)/Arm GNU Toolchain arm-none-eabi/14.3 rel1/arm-none-eabi/include/c++/14.3.1/bits\stl_iterator.h ****   template<typename _IteratorL, typename _IteratorR>
 518:C:/Program Files (x86)/Arm GNU Toolchain arm-none-eabi/14.3 rel1/arm-none-eabi/include/c++/14.3.1/bits\stl_iterator.h ****     _GLIBCXX_NODISCARD
 519:C:/Program Files (x86)/Arm GNU Toolchain arm-none-eabi/14.3 rel1/arm-none-eabi/include/c++/14.3.1/bits\stl_iterator.h ****     inline _GLIBCXX17_CONSTEXPR bool
 520:C:/Program Files (x86)/Arm GNU Toolchain arm-none-eabi/14.3 rel1/arm-none-eabi/include/c++/14.3.1/bits\stl_iterator.h ****     operator>=(const reverse_iterator<_IteratorL>& __x,
 521:C:/Program Files (x86)/Arm GNU Toolchain arm-none-eabi/14.3 rel1/arm-none-eabi/include/c++/14.3.1/bits\stl_iterator.h **** 	       const reverse_iterator<_IteratorR>& __y)
 522:C:/Program Files (x86)/Arm GNU Toolchain arm-none-eabi/14.3 rel1/arm-none-eabi/include/c++/14.3.1/bits\stl_iterator.h ****     { return __x.base() <= __y.base(); }
 523:C:/Program Files (x86)/Arm GNU Toolchain arm-none-eabi/14.3 rel1/arm-none-eabi/include/c++/14.3.1/bits\stl_iterator.h **** #else // C++20
 524:C:/Program Files (x86)/Arm GNU Toolchain arm-none-eabi/14.3 rel1/arm-none-eabi/include/c++/14.3.1/bits\stl_iterator.h ****   template<typename _IteratorL, typename _IteratorR>
 525:C:/Program Files (x86)/Arm GNU Toolchain arm-none-eabi/14.3 rel1/arm-none-eabi/include/c++/14.3.1/bits\stl_iterator.h ****     [[nodiscard]]
 526:C:/Program Files (x86)/Arm GNU Toolchain arm-none-eabi/14.3 rel1/arm-none-eabi/include/c++/14.3.1/bits\stl_iterator.h ****     constexpr bool
 527:C:/Program Files (x86)/Arm GNU Toolchain arm-none-eabi/14.3 rel1/arm-none-eabi/include/c++/14.3.1/bits\stl_iterator.h ****     operator==(const reverse_iterator<_IteratorL>& __x,
 528:C:/Program Files (x86)/Arm GNU Toolchain arm-none-eabi/14.3 rel1/arm-none-eabi/include/c++/14.3.1/bits\stl_iterator.h **** 	       const reverse_iterator<_IteratorR>& __y)
 529:C:/Program Files (x86)/Arm GNU Toolchain arm-none-eabi/14.3 rel1/arm-none-eabi/include/c++/14.3.1/bits\stl_iterator.h ****     requires requires { { __x.base() == __y.base() } -> convertible_to<bool>; }
 530:C:/Program Files (x86)/Arm GNU Toolchain arm-none-eabi/14.3 rel1/arm-none-eabi/include/c++/14.3.1/bits\stl_iterator.h ****     { return __x.base() == __y.base(); }
 531:C:/Program Files (x86)/Arm GNU Toolchain arm-none-eabi/14.3 rel1/arm-none-eabi/include/c++/14.3.1/bits\stl_iterator.h **** 
 532:C:/Program Files (x86)/Arm GNU Toolchain arm-none-eabi/14.3 rel1/arm-none-eabi/include/c++/14.3.1/bits\stl_iterator.h ****   template<typename _IteratorL, typename _IteratorR>
 533:C:/Program Files (x86)/Arm GNU Toolchain arm-none-eabi/14.3 rel1/arm-none-eabi/include/c++/14.3.1/bits\stl_iterator.h ****     [[nodiscard]]
 534:C:/Program Files (x86)/Arm GNU Toolchain arm-none-eabi/14.3 rel1/arm-none-eabi/include/c++/14.3.1/bits\stl_iterator.h ****     constexpr bool
 535:C:/Program Files (x86)/Arm GNU Toolchain arm-none-eabi/14.3 rel1/arm-none-eabi/include/c++/14.3.1/bits\stl_iterator.h ****     operator!=(const reverse_iterator<_IteratorL>& __x,
 536:C:/Program Files (x86)/Arm GNU Toolchain arm-none-eabi/14.3 rel1/arm-none-eabi/include/c++/14.3.1/bits\stl_iterator.h **** 	       const reverse_iterator<_IteratorR>& __y)
 537:C:/Program Files (x86)/Arm GNU Toolchain arm-none-eabi/14.3 rel1/arm-none-eabi/include/c++/14.3.1/bits\stl_iterator.h ****     requires requires { { __x.base() != __y.base() } -> convertible_to<bool>; }
 538:C:/Program Files (x86)/Arm GNU Toolchain arm-none-eabi/14.3 rel1/arm-none-eabi/include/c++/14.3.1/bits\stl_iterator.h ****     { return __x.base() != __y.base(); }
 539:C:/Program Files (x86)/Arm GNU Toolchain arm-none-eabi/14.3 rel1/arm-none-eabi/include/c++/14.3.1/bits\stl_iterator.h **** 
 540:C:/Program Files (x86)/Arm GNU Toolchain arm-none-eabi/14.3 rel1/arm-none-eabi/include/c++/14.3.1/bits\stl_iterator.h ****   template<typename _IteratorL, typename _IteratorR>
 541:C:/Program Files (x86)/Arm GNU Toolchain arm-none-eabi/14.3 rel1/arm-none-eabi/include/c++/14.3.1/bits\stl_iterator.h ****     [[nodiscard]]
 542:C:/Program Files (x86)/Arm GNU Toolchain arm-none-eabi/14.3 rel1/arm-none-eabi/include/c++/14.3.1/bits\stl_iterator.h ****     constexpr bool
 543:C:/Program Files (x86)/Arm GNU Toolchain arm-none-eabi/14.3 rel1/arm-none-eabi/include/c++/14.3.1/bits\stl_iterator.h ****     operator<(const reverse_iterator<_IteratorL>& __x,
 544:C:/Program Files (x86)/Arm GNU Toolchain arm-none-eabi/14.3 rel1/arm-none-eabi/include/c++/14.3.1/bits\stl_iterator.h **** 	      const reverse_iterator<_IteratorR>& __y)
 545:C:/Program Files (x86)/Arm GNU Toolchain arm-none-eabi/14.3 rel1/arm-none-eabi/include/c++/14.3.1/bits\stl_iterator.h ****     requires requires { { __x.base() > __y.base() } -> convertible_to<bool>; }
 546:C:/Program Files (x86)/Arm GNU Toolchain arm-none-eabi/14.3 rel1/arm-none-eabi/include/c++/14.3.1/bits\stl_iterator.h ****     { return __x.base() > __y.base(); }
 547:C:/Program Files (x86)/Arm GNU Toolchain arm-none-eabi/14.3 rel1/arm-none-eabi/include/c++/14.3.1/bits\stl_iterator.h **** 
 548:C:/Program Files (x86)/Arm GNU Toolchain arm-none-eabi/14.3 rel1/arm-none-eabi/include/c++/14.3.1/bits\stl_iterator.h ****   template<typename _IteratorL, typename _IteratorR>
 549:C:/Program Files (x86)/Arm GNU Toolchain arm-none-eabi/14.3 rel1/arm-none-eabi/include/c++/14.3.1/bits\stl_iterator.h ****     [[nodiscard]]
 550:C:/Program Files (x86)/Arm GNU Toolchain arm-none-eabi/14.3 rel1/arm-none-eabi/include/c++/14.3.1/bits\stl_iterator.h ****     constexpr bool
 551:C:/Program Files (x86)/Arm GNU Toolchain arm-none-eabi/14.3 rel1/arm-none-eabi/include/c++/14.3.1/bits\stl_iterator.h ****     operator>(const reverse_iterator<_IteratorL>& __x,
 552:C:/Program Files (x86)/Arm GNU Toolchain arm-none-eabi/14.3 rel1/arm-none-eabi/include/c++/14.3.1/bits\stl_iterator.h **** 	      const reverse_iterator<_IteratorR>& __y)
 553:C:/Program Files (x86)/Arm GNU Toolchain arm-none-eabi/14.3 rel1/arm-none-eabi/include/c++/14.3.1/bits\stl_iterator.h ****     requires requires { { __x.base() < __y.base() } -> convertible_to<bool>; }
 554:C:/Program Files (x86)/Arm GNU Toolchain arm-none-eabi/14.3 rel1/arm-none-eabi/include/c++/14.3.1/bits\stl_iterator.h ****     { return __x.base() < __y.base(); }
 555:C:/Program Files (x86)/Arm GNU Toolchain arm-none-eabi/14.3 rel1/arm-none-eabi/include/c++/14.3.1/bits\stl_iterator.h **** 
 556:C:/Program Files (x86)/Arm GNU Toolchain arm-none-eabi/14.3 rel1/arm-none-eabi/include/c++/14.3.1/bits\stl_iterator.h ****   template<typename _IteratorL, typename _IteratorR>
 557:C:/Program Files (x86)/Arm GNU Toolchain arm-none-eabi/14.3 rel1/arm-none-eabi/include/c++/14.3.1/bits\stl_iterator.h ****     [[nodiscard]]
 558:C:/Program Files (x86)/Arm GNU Toolchain arm-none-eabi/14.3 rel1/arm-none-eabi/include/c++/14.3.1/bits\stl_iterator.h ****     constexpr bool
 559:C:/Program Files (x86)/Arm GNU Toolchain arm-none-eabi/14.3 rel1/arm-none-eabi/include/c++/14.3.1/bits\stl_iterator.h ****     operator<=(const reverse_iterator<_IteratorL>& __x,
ARM GAS  C:\Users\Oliver\AppData\Local\Temp\ccukWDDi.s 			page 56


 560:C:/Program Files (x86)/Arm GNU Toolchain arm-none-eabi/14.3 rel1/arm-none-eabi/include/c++/14.3.1/bits\stl_iterator.h **** 	       const reverse_iterator<_IteratorR>& __y)
 561:C:/Program Files (x86)/Arm GNU Toolchain arm-none-eabi/14.3 rel1/arm-none-eabi/include/c++/14.3.1/bits\stl_iterator.h ****     requires requires { { __x.base() >= __y.base() } -> convertible_to<bool>; }
 562:C:/Program Files (x86)/Arm GNU Toolchain arm-none-eabi/14.3 rel1/arm-none-eabi/include/c++/14.3.1/bits\stl_iterator.h ****     { return __x.base() >= __y.base(); }
 563:C:/Program Files (x86)/Arm GNU Toolchain arm-none-eabi/14.3 rel1/arm-none-eabi/include/c++/14.3.1/bits\stl_iterator.h **** 
 564:C:/Program Files (x86)/Arm GNU Toolchain arm-none-eabi/14.3 rel1/arm-none-eabi/include/c++/14.3.1/bits\stl_iterator.h ****   template<typename _IteratorL, typename _IteratorR>
 565:C:/Program Files (x86)/Arm GNU Toolchain arm-none-eabi/14.3 rel1/arm-none-eabi/include/c++/14.3.1/bits\stl_iterator.h ****     [[nodiscard]]
 566:C:/Program Files (x86)/Arm GNU Toolchain arm-none-eabi/14.3 rel1/arm-none-eabi/include/c++/14.3.1/bits\stl_iterator.h ****     constexpr bool
 567:C:/Program Files (x86)/Arm GNU Toolchain arm-none-eabi/14.3 rel1/arm-none-eabi/include/c++/14.3.1/bits\stl_iterator.h ****     operator>=(const reverse_iterator<_IteratorL>& __x,
 568:C:/Program Files (x86)/Arm GNU Toolchain arm-none-eabi/14.3 rel1/arm-none-eabi/include/c++/14.3.1/bits\stl_iterator.h **** 	       const reverse_iterator<_IteratorR>& __y)
 569:C:/Program Files (x86)/Arm GNU Toolchain arm-none-eabi/14.3 rel1/arm-none-eabi/include/c++/14.3.1/bits\stl_iterator.h ****     requires requires { { __x.base() <= __y.base() } -> convertible_to<bool>; }
 570:C:/Program Files (x86)/Arm GNU Toolchain arm-none-eabi/14.3 rel1/arm-none-eabi/include/c++/14.3.1/bits\stl_iterator.h ****     { return __x.base() <= __y.base(); }
 571:C:/Program Files (x86)/Arm GNU Toolchain arm-none-eabi/14.3 rel1/arm-none-eabi/include/c++/14.3.1/bits\stl_iterator.h **** 
 572:C:/Program Files (x86)/Arm GNU Toolchain arm-none-eabi/14.3 rel1/arm-none-eabi/include/c++/14.3.1/bits\stl_iterator.h ****   template<typename _IteratorL,
 573:C:/Program Files (x86)/Arm GNU Toolchain arm-none-eabi/14.3 rel1/arm-none-eabi/include/c++/14.3.1/bits\stl_iterator.h **** 	   three_way_comparable_with<_IteratorL> _IteratorR>
 574:C:/Program Files (x86)/Arm GNU Toolchain arm-none-eabi/14.3 rel1/arm-none-eabi/include/c++/14.3.1/bits\stl_iterator.h ****     [[nodiscard]]
 575:C:/Program Files (x86)/Arm GNU Toolchain arm-none-eabi/14.3 rel1/arm-none-eabi/include/c++/14.3.1/bits\stl_iterator.h ****     constexpr compare_three_way_result_t<_IteratorL, _IteratorR>
 576:C:/Program Files (x86)/Arm GNU Toolchain arm-none-eabi/14.3 rel1/arm-none-eabi/include/c++/14.3.1/bits\stl_iterator.h ****     operator<=>(const reverse_iterator<_IteratorL>& __x,
 577:C:/Program Files (x86)/Arm GNU Toolchain arm-none-eabi/14.3 rel1/arm-none-eabi/include/c++/14.3.1/bits\stl_iterator.h **** 		const reverse_iterator<_IteratorR>& __y)
 578:C:/Program Files (x86)/Arm GNU Toolchain arm-none-eabi/14.3 rel1/arm-none-eabi/include/c++/14.3.1/bits\stl_iterator.h ****     { return __y.base() <=> __x.base(); }
 579:C:/Program Files (x86)/Arm GNU Toolchain arm-none-eabi/14.3 rel1/arm-none-eabi/include/c++/14.3.1/bits\stl_iterator.h **** 
 580:C:/Program Files (x86)/Arm GNU Toolchain arm-none-eabi/14.3 rel1/arm-none-eabi/include/c++/14.3.1/bits\stl_iterator.h ****   // Additional, non-standard overloads to avoid ambiguities with greedy,
 581:C:/Program Files (x86)/Arm GNU Toolchain arm-none-eabi/14.3 rel1/arm-none-eabi/include/c++/14.3.1/bits\stl_iterator.h ****   // unconstrained overloads in associated namespaces.
 582:C:/Program Files (x86)/Arm GNU Toolchain arm-none-eabi/14.3 rel1/arm-none-eabi/include/c++/14.3.1/bits\stl_iterator.h **** 
 583:C:/Program Files (x86)/Arm GNU Toolchain arm-none-eabi/14.3 rel1/arm-none-eabi/include/c++/14.3.1/bits\stl_iterator.h ****   template<typename _Iterator>
 584:C:/Program Files (x86)/Arm GNU Toolchain arm-none-eabi/14.3 rel1/arm-none-eabi/include/c++/14.3.1/bits\stl_iterator.h ****     [[nodiscard]]
 585:C:/Program Files (x86)/Arm GNU Toolchain arm-none-eabi/14.3 rel1/arm-none-eabi/include/c++/14.3.1/bits\stl_iterator.h ****     constexpr bool
 586:C:/Program Files (x86)/Arm GNU Toolchain arm-none-eabi/14.3 rel1/arm-none-eabi/include/c++/14.3.1/bits\stl_iterator.h ****     operator==(const reverse_iterator<_Iterator>& __x,
 587:C:/Program Files (x86)/Arm GNU Toolchain arm-none-eabi/14.3 rel1/arm-none-eabi/include/c++/14.3.1/bits\stl_iterator.h **** 	       const reverse_iterator<_Iterator>& __y)
 588:C:/Program Files (x86)/Arm GNU Toolchain arm-none-eabi/14.3 rel1/arm-none-eabi/include/c++/14.3.1/bits\stl_iterator.h ****     requires requires { { __x.base() == __y.base() } -> convertible_to<bool>; }
 589:C:/Program Files (x86)/Arm GNU Toolchain arm-none-eabi/14.3 rel1/arm-none-eabi/include/c++/14.3.1/bits\stl_iterator.h ****     { return __x.base() == __y.base(); }
 590:C:/Program Files (x86)/Arm GNU Toolchain arm-none-eabi/14.3 rel1/arm-none-eabi/include/c++/14.3.1/bits\stl_iterator.h **** 
 591:C:/Program Files (x86)/Arm GNU Toolchain arm-none-eabi/14.3 rel1/arm-none-eabi/include/c++/14.3.1/bits\stl_iterator.h ****   template<three_way_comparable _Iterator>
 592:C:/Program Files (x86)/Arm GNU Toolchain arm-none-eabi/14.3 rel1/arm-none-eabi/include/c++/14.3.1/bits\stl_iterator.h ****     [[nodiscard]]
 593:C:/Program Files (x86)/Arm GNU Toolchain arm-none-eabi/14.3 rel1/arm-none-eabi/include/c++/14.3.1/bits\stl_iterator.h ****     constexpr compare_three_way_result_t<_Iterator, _Iterator>
 594:C:/Program Files (x86)/Arm GNU Toolchain arm-none-eabi/14.3 rel1/arm-none-eabi/include/c++/14.3.1/bits\stl_iterator.h ****     operator<=>(const reverse_iterator<_Iterator>& __x,
 595:C:/Program Files (x86)/Arm GNU Toolchain arm-none-eabi/14.3 rel1/arm-none-eabi/include/c++/14.3.1/bits\stl_iterator.h **** 		const reverse_iterator<_Iterator>& __y)
 596:C:/Program Files (x86)/Arm GNU Toolchain arm-none-eabi/14.3 rel1/arm-none-eabi/include/c++/14.3.1/bits\stl_iterator.h ****     { return __y.base() <=> __x.base(); }
 597:C:/Program Files (x86)/Arm GNU Toolchain arm-none-eabi/14.3 rel1/arm-none-eabi/include/c++/14.3.1/bits\stl_iterator.h **** #endif // C++20
 598:C:/Program Files (x86)/Arm GNU Toolchain arm-none-eabi/14.3 rel1/arm-none-eabi/include/c++/14.3.1/bits\stl_iterator.h ****   ///@}
 599:C:/Program Files (x86)/Arm GNU Toolchain arm-none-eabi/14.3 rel1/arm-none-eabi/include/c++/14.3.1/bits\stl_iterator.h **** 
 600:C:/Program Files (x86)/Arm GNU Toolchain arm-none-eabi/14.3 rel1/arm-none-eabi/include/c++/14.3.1/bits\stl_iterator.h **** #if __cplusplus < 201103L
 601:C:/Program Files (x86)/Arm GNU Toolchain arm-none-eabi/14.3 rel1/arm-none-eabi/include/c++/14.3.1/bits\stl_iterator.h ****   template<typename _Iterator>
 602:C:/Program Files (x86)/Arm GNU Toolchain arm-none-eabi/14.3 rel1/arm-none-eabi/include/c++/14.3.1/bits\stl_iterator.h ****     inline typename reverse_iterator<_Iterator>::difference_type
 603:C:/Program Files (x86)/Arm GNU Toolchain arm-none-eabi/14.3 rel1/arm-none-eabi/include/c++/14.3.1/bits\stl_iterator.h ****     operator-(const reverse_iterator<_Iterator>& __x,
 604:C:/Program Files (x86)/Arm GNU Toolchain arm-none-eabi/14.3 rel1/arm-none-eabi/include/c++/14.3.1/bits\stl_iterator.h **** 	      const reverse_iterator<_Iterator>& __y)
 605:C:/Program Files (x86)/Arm GNU Toolchain arm-none-eabi/14.3 rel1/arm-none-eabi/include/c++/14.3.1/bits\stl_iterator.h ****     { return __y.base() - __x.base(); }
 606:C:/Program Files (x86)/Arm GNU Toolchain arm-none-eabi/14.3 rel1/arm-none-eabi/include/c++/14.3.1/bits\stl_iterator.h **** 
 607:C:/Program Files (x86)/Arm GNU Toolchain arm-none-eabi/14.3 rel1/arm-none-eabi/include/c++/14.3.1/bits\stl_iterator.h ****   template<typename _IteratorL, typename _IteratorR>
 608:C:/Program Files (x86)/Arm GNU Toolchain arm-none-eabi/14.3 rel1/arm-none-eabi/include/c++/14.3.1/bits\stl_iterator.h ****     inline typename reverse_iterator<_IteratorL>::difference_type
 609:C:/Program Files (x86)/Arm GNU Toolchain arm-none-eabi/14.3 rel1/arm-none-eabi/include/c++/14.3.1/bits\stl_iterator.h ****     operator-(const reverse_iterator<_IteratorL>& __x,
 610:C:/Program Files (x86)/Arm GNU Toolchain arm-none-eabi/14.3 rel1/arm-none-eabi/include/c++/14.3.1/bits\stl_iterator.h **** 	      const reverse_iterator<_IteratorR>& __y)
 611:C:/Program Files (x86)/Arm GNU Toolchain arm-none-eabi/14.3 rel1/arm-none-eabi/include/c++/14.3.1/bits\stl_iterator.h ****     { return __y.base() - __x.base(); }
 612:C:/Program Files (x86)/Arm GNU Toolchain arm-none-eabi/14.3 rel1/arm-none-eabi/include/c++/14.3.1/bits\stl_iterator.h **** #else
 613:C:/Program Files (x86)/Arm GNU Toolchain arm-none-eabi/14.3 rel1/arm-none-eabi/include/c++/14.3.1/bits\stl_iterator.h ****   // _GLIBCXX_RESOLVE_LIB_DEFECTS
 614:C:/Program Files (x86)/Arm GNU Toolchain arm-none-eabi/14.3 rel1/arm-none-eabi/include/c++/14.3.1/bits\stl_iterator.h ****   // DR 685. reverse_iterator/move_iterator difference has invalid signatures
 615:C:/Program Files (x86)/Arm GNU Toolchain arm-none-eabi/14.3 rel1/arm-none-eabi/include/c++/14.3.1/bits\stl_iterator.h ****   template<typename _IteratorL, typename _IteratorR>
 616:C:/Program Files (x86)/Arm GNU Toolchain arm-none-eabi/14.3 rel1/arm-none-eabi/include/c++/14.3.1/bits\stl_iterator.h ****     [[__nodiscard__]]
ARM GAS  C:\Users\Oliver\AppData\Local\Temp\ccukWDDi.s 			page 57


 617:C:/Program Files (x86)/Arm GNU Toolchain arm-none-eabi/14.3 rel1/arm-none-eabi/include/c++/14.3.1/bits\stl_iterator.h ****     inline _GLIBCXX17_CONSTEXPR auto
 618:C:/Program Files (x86)/Arm GNU Toolchain arm-none-eabi/14.3 rel1/arm-none-eabi/include/c++/14.3.1/bits\stl_iterator.h ****     operator-(const reverse_iterator<_IteratorL>& __x,
 619:C:/Program Files (x86)/Arm GNU Toolchain arm-none-eabi/14.3 rel1/arm-none-eabi/include/c++/14.3.1/bits\stl_iterator.h **** 	      const reverse_iterator<_IteratorR>& __y)
 620:C:/Program Files (x86)/Arm GNU Toolchain arm-none-eabi/14.3 rel1/arm-none-eabi/include/c++/14.3.1/bits\stl_iterator.h ****     -> decltype(__y.base() - __x.base())
 621:C:/Program Files (x86)/Arm GNU Toolchain arm-none-eabi/14.3 rel1/arm-none-eabi/include/c++/14.3.1/bits\stl_iterator.h ****     { return __y.base() - __x.base(); }
 622:C:/Program Files (x86)/Arm GNU Toolchain arm-none-eabi/14.3 rel1/arm-none-eabi/include/c++/14.3.1/bits\stl_iterator.h **** #endif
 623:C:/Program Files (x86)/Arm GNU Toolchain arm-none-eabi/14.3 rel1/arm-none-eabi/include/c++/14.3.1/bits\stl_iterator.h **** 
 624:C:/Program Files (x86)/Arm GNU Toolchain arm-none-eabi/14.3 rel1/arm-none-eabi/include/c++/14.3.1/bits\stl_iterator.h ****   template<typename _Iterator>
 625:C:/Program Files (x86)/Arm GNU Toolchain arm-none-eabi/14.3 rel1/arm-none-eabi/include/c++/14.3.1/bits\stl_iterator.h ****     _GLIBCXX_NODISCARD
 626:C:/Program Files (x86)/Arm GNU Toolchain arm-none-eabi/14.3 rel1/arm-none-eabi/include/c++/14.3.1/bits\stl_iterator.h ****     inline _GLIBCXX17_CONSTEXPR reverse_iterator<_Iterator>
 627:C:/Program Files (x86)/Arm GNU Toolchain arm-none-eabi/14.3 rel1/arm-none-eabi/include/c++/14.3.1/bits\stl_iterator.h ****     operator+(typename reverse_iterator<_Iterator>::difference_type __n,
 628:C:/Program Files (x86)/Arm GNU Toolchain arm-none-eabi/14.3 rel1/arm-none-eabi/include/c++/14.3.1/bits\stl_iterator.h **** 	      const reverse_iterator<_Iterator>& __x)
 629:C:/Program Files (x86)/Arm GNU Toolchain arm-none-eabi/14.3 rel1/arm-none-eabi/include/c++/14.3.1/bits\stl_iterator.h ****     { return reverse_iterator<_Iterator>(__x.base() - __n); }
 630:C:/Program Files (x86)/Arm GNU Toolchain arm-none-eabi/14.3 rel1/arm-none-eabi/include/c++/14.3.1/bits\stl_iterator.h **** 
 631:C:/Program Files (x86)/Arm GNU Toolchain arm-none-eabi/14.3 rel1/arm-none-eabi/include/c++/14.3.1/bits\stl_iterator.h **** #if __cplusplus >= 201103L
 632:C:/Program Files (x86)/Arm GNU Toolchain arm-none-eabi/14.3 rel1/arm-none-eabi/include/c++/14.3.1/bits\stl_iterator.h ****   // Same as C++14 make_reverse_iterator but used in C++11 mode too.
 633:C:/Program Files (x86)/Arm GNU Toolchain arm-none-eabi/14.3 rel1/arm-none-eabi/include/c++/14.3.1/bits\stl_iterator.h ****   template<typename _Iterator>
 634:C:/Program Files (x86)/Arm GNU Toolchain arm-none-eabi/14.3 rel1/arm-none-eabi/include/c++/14.3.1/bits\stl_iterator.h ****     inline _GLIBCXX17_CONSTEXPR reverse_iterator<_Iterator>
 635:C:/Program Files (x86)/Arm GNU Toolchain arm-none-eabi/14.3 rel1/arm-none-eabi/include/c++/14.3.1/bits\stl_iterator.h ****     __make_reverse_iterator(_Iterator __i)
 636:C:/Program Files (x86)/Arm GNU Toolchain arm-none-eabi/14.3 rel1/arm-none-eabi/include/c++/14.3.1/bits\stl_iterator.h ****     { return reverse_iterator<_Iterator>(__i); }
 637:C:/Program Files (x86)/Arm GNU Toolchain arm-none-eabi/14.3 rel1/arm-none-eabi/include/c++/14.3.1/bits\stl_iterator.h **** 
 638:C:/Program Files (x86)/Arm GNU Toolchain arm-none-eabi/14.3 rel1/arm-none-eabi/include/c++/14.3.1/bits\stl_iterator.h **** # ifdef __glibcxx_make_reverse_iterator // C++ >= 14
 639:C:/Program Files (x86)/Arm GNU Toolchain arm-none-eabi/14.3 rel1/arm-none-eabi/include/c++/14.3.1/bits\stl_iterator.h ****   // _GLIBCXX_RESOLVE_LIB_DEFECTS
 640:C:/Program Files (x86)/Arm GNU Toolchain arm-none-eabi/14.3 rel1/arm-none-eabi/include/c++/14.3.1/bits\stl_iterator.h ****   // DR 2285. make_reverse_iterator
 641:C:/Program Files (x86)/Arm GNU Toolchain arm-none-eabi/14.3 rel1/arm-none-eabi/include/c++/14.3.1/bits\stl_iterator.h ****   /// Generator function for reverse_iterator.
 642:C:/Program Files (x86)/Arm GNU Toolchain arm-none-eabi/14.3 rel1/arm-none-eabi/include/c++/14.3.1/bits\stl_iterator.h ****   template<typename _Iterator>
 643:C:/Program Files (x86)/Arm GNU Toolchain arm-none-eabi/14.3 rel1/arm-none-eabi/include/c++/14.3.1/bits\stl_iterator.h ****     [[__nodiscard__]]
 644:C:/Program Files (x86)/Arm GNU Toolchain arm-none-eabi/14.3 rel1/arm-none-eabi/include/c++/14.3.1/bits\stl_iterator.h ****     inline _GLIBCXX17_CONSTEXPR reverse_iterator<_Iterator>
 645:C:/Program Files (x86)/Arm GNU Toolchain arm-none-eabi/14.3 rel1/arm-none-eabi/include/c++/14.3.1/bits\stl_iterator.h ****     make_reverse_iterator(_Iterator __i)
 646:C:/Program Files (x86)/Arm GNU Toolchain arm-none-eabi/14.3 rel1/arm-none-eabi/include/c++/14.3.1/bits\stl_iterator.h ****     { return reverse_iterator<_Iterator>(__i); }
 647:C:/Program Files (x86)/Arm GNU Toolchain arm-none-eabi/14.3 rel1/arm-none-eabi/include/c++/14.3.1/bits\stl_iterator.h **** 
 648:C:/Program Files (x86)/Arm GNU Toolchain arm-none-eabi/14.3 rel1/arm-none-eabi/include/c++/14.3.1/bits\stl_iterator.h **** #  if __cplusplus > 201703L && defined __glibcxx_concepts
 649:C:/Program Files (x86)/Arm GNU Toolchain arm-none-eabi/14.3 rel1/arm-none-eabi/include/c++/14.3.1/bits\stl_iterator.h ****   template<typename _Iterator1, typename _Iterator2>
 650:C:/Program Files (x86)/Arm GNU Toolchain arm-none-eabi/14.3 rel1/arm-none-eabi/include/c++/14.3.1/bits\stl_iterator.h ****     requires (!sized_sentinel_for<_Iterator1, _Iterator2>)
 651:C:/Program Files (x86)/Arm GNU Toolchain arm-none-eabi/14.3 rel1/arm-none-eabi/include/c++/14.3.1/bits\stl_iterator.h ****     inline constexpr bool
 652:C:/Program Files (x86)/Arm GNU Toolchain arm-none-eabi/14.3 rel1/arm-none-eabi/include/c++/14.3.1/bits\stl_iterator.h ****     disable_sized_sentinel_for<reverse_iterator<_Iterator1>,
 653:C:/Program Files (x86)/Arm GNU Toolchain arm-none-eabi/14.3 rel1/arm-none-eabi/include/c++/14.3.1/bits\stl_iterator.h **** 			       reverse_iterator<_Iterator2>> = true;
 654:C:/Program Files (x86)/Arm GNU Toolchain arm-none-eabi/14.3 rel1/arm-none-eabi/include/c++/14.3.1/bits\stl_iterator.h **** #  endif // C++20
 655:C:/Program Files (x86)/Arm GNU Toolchain arm-none-eabi/14.3 rel1/arm-none-eabi/include/c++/14.3.1/bits\stl_iterator.h **** # endif // __glibcxx_make_reverse_iterator
 656:C:/Program Files (x86)/Arm GNU Toolchain arm-none-eabi/14.3 rel1/arm-none-eabi/include/c++/14.3.1/bits\stl_iterator.h **** 
 657:C:/Program Files (x86)/Arm GNU Toolchain arm-none-eabi/14.3 rel1/arm-none-eabi/include/c++/14.3.1/bits\stl_iterator.h ****   template<typename _Iterator>
 658:C:/Program Files (x86)/Arm GNU Toolchain arm-none-eabi/14.3 rel1/arm-none-eabi/include/c++/14.3.1/bits\stl_iterator.h ****     _GLIBCXX20_CONSTEXPR
 659:C:/Program Files (x86)/Arm GNU Toolchain arm-none-eabi/14.3 rel1/arm-none-eabi/include/c++/14.3.1/bits\stl_iterator.h ****     auto
 660:C:/Program Files (x86)/Arm GNU Toolchain arm-none-eabi/14.3 rel1/arm-none-eabi/include/c++/14.3.1/bits\stl_iterator.h ****     __niter_base(reverse_iterator<_Iterator> __it)
 661:C:/Program Files (x86)/Arm GNU Toolchain arm-none-eabi/14.3 rel1/arm-none-eabi/include/c++/14.3.1/bits\stl_iterator.h ****     -> decltype(__make_reverse_iterator(__niter_base(__it.base())))
 662:C:/Program Files (x86)/Arm GNU Toolchain arm-none-eabi/14.3 rel1/arm-none-eabi/include/c++/14.3.1/bits\stl_iterator.h ****     { return __make_reverse_iterator(__niter_base(__it.base())); }
 663:C:/Program Files (x86)/Arm GNU Toolchain arm-none-eabi/14.3 rel1/arm-none-eabi/include/c++/14.3.1/bits\stl_iterator.h **** 
 664:C:/Program Files (x86)/Arm GNU Toolchain arm-none-eabi/14.3 rel1/arm-none-eabi/include/c++/14.3.1/bits\stl_iterator.h ****   template<typename _Iterator>
 665:C:/Program Files (x86)/Arm GNU Toolchain arm-none-eabi/14.3 rel1/arm-none-eabi/include/c++/14.3.1/bits\stl_iterator.h ****     struct __is_move_iterator<reverse_iterator<_Iterator> >
 666:C:/Program Files (x86)/Arm GNU Toolchain arm-none-eabi/14.3 rel1/arm-none-eabi/include/c++/14.3.1/bits\stl_iterator.h ****       : __is_move_iterator<_Iterator>
 667:C:/Program Files (x86)/Arm GNU Toolchain arm-none-eabi/14.3 rel1/arm-none-eabi/include/c++/14.3.1/bits\stl_iterator.h ****     { };
 668:C:/Program Files (x86)/Arm GNU Toolchain arm-none-eabi/14.3 rel1/arm-none-eabi/include/c++/14.3.1/bits\stl_iterator.h **** 
 669:C:/Program Files (x86)/Arm GNU Toolchain arm-none-eabi/14.3 rel1/arm-none-eabi/include/c++/14.3.1/bits\stl_iterator.h ****   template<typename _Iterator>
 670:C:/Program Files (x86)/Arm GNU Toolchain arm-none-eabi/14.3 rel1/arm-none-eabi/include/c++/14.3.1/bits\stl_iterator.h ****     _GLIBCXX20_CONSTEXPR
 671:C:/Program Files (x86)/Arm GNU Toolchain arm-none-eabi/14.3 rel1/arm-none-eabi/include/c++/14.3.1/bits\stl_iterator.h ****     auto
 672:C:/Program Files (x86)/Arm GNU Toolchain arm-none-eabi/14.3 rel1/arm-none-eabi/include/c++/14.3.1/bits\stl_iterator.h ****     __miter_base(reverse_iterator<_Iterator> __it)
 673:C:/Program Files (x86)/Arm GNU Toolchain arm-none-eabi/14.3 rel1/arm-none-eabi/include/c++/14.3.1/bits\stl_iterator.h ****     -> decltype(__make_reverse_iterator(__miter_base(__it.base())))
ARM GAS  C:\Users\Oliver\AppData\Local\Temp\ccukWDDi.s 			page 58


 674:C:/Program Files (x86)/Arm GNU Toolchain arm-none-eabi/14.3 rel1/arm-none-eabi/include/c++/14.3.1/bits\stl_iterator.h ****     { return __make_reverse_iterator(__miter_base(__it.base())); }
 675:C:/Program Files (x86)/Arm GNU Toolchain arm-none-eabi/14.3 rel1/arm-none-eabi/include/c++/14.3.1/bits\stl_iterator.h **** #endif // C++11
 676:C:/Program Files (x86)/Arm GNU Toolchain arm-none-eabi/14.3 rel1/arm-none-eabi/include/c++/14.3.1/bits\stl_iterator.h **** 
 677:C:/Program Files (x86)/Arm GNU Toolchain arm-none-eabi/14.3 rel1/arm-none-eabi/include/c++/14.3.1/bits\stl_iterator.h ****   // 24.4.2.2.1 back_insert_iterator
 678:C:/Program Files (x86)/Arm GNU Toolchain arm-none-eabi/14.3 rel1/arm-none-eabi/include/c++/14.3.1/bits\stl_iterator.h ****   /**
 679:C:/Program Files (x86)/Arm GNU Toolchain arm-none-eabi/14.3 rel1/arm-none-eabi/include/c++/14.3.1/bits\stl_iterator.h ****    *  @brief  Turns assignment into insertion.
 680:C:/Program Files (x86)/Arm GNU Toolchain arm-none-eabi/14.3 rel1/arm-none-eabi/include/c++/14.3.1/bits\stl_iterator.h ****    *
 681:C:/Program Files (x86)/Arm GNU Toolchain arm-none-eabi/14.3 rel1/arm-none-eabi/include/c++/14.3.1/bits\stl_iterator.h ****    *  These are output iterators, constructed from a container-of-T.
 682:C:/Program Files (x86)/Arm GNU Toolchain arm-none-eabi/14.3 rel1/arm-none-eabi/include/c++/14.3.1/bits\stl_iterator.h ****    *  Assigning a T to the iterator appends it to the container using
 683:C:/Program Files (x86)/Arm GNU Toolchain arm-none-eabi/14.3 rel1/arm-none-eabi/include/c++/14.3.1/bits\stl_iterator.h ****    *  push_back.
 684:C:/Program Files (x86)/Arm GNU Toolchain arm-none-eabi/14.3 rel1/arm-none-eabi/include/c++/14.3.1/bits\stl_iterator.h ****    *
 685:C:/Program Files (x86)/Arm GNU Toolchain arm-none-eabi/14.3 rel1/arm-none-eabi/include/c++/14.3.1/bits\stl_iterator.h ****    *  Tip:  Using the back_inserter function to create these iterators can
 686:C:/Program Files (x86)/Arm GNU Toolchain arm-none-eabi/14.3 rel1/arm-none-eabi/include/c++/14.3.1/bits\stl_iterator.h ****    *  save typing.
 687:C:/Program Files (x86)/Arm GNU Toolchain arm-none-eabi/14.3 rel1/arm-none-eabi/include/c++/14.3.1/bits\stl_iterator.h ****   */
 688:C:/Program Files (x86)/Arm GNU Toolchain arm-none-eabi/14.3 rel1/arm-none-eabi/include/c++/14.3.1/bits\stl_iterator.h ****   template<typename _Container>
 689:C:/Program Files (x86)/Arm GNU Toolchain arm-none-eabi/14.3 rel1/arm-none-eabi/include/c++/14.3.1/bits\stl_iterator.h ****     class back_insert_iterator
 690:C:/Program Files (x86)/Arm GNU Toolchain arm-none-eabi/14.3 rel1/arm-none-eabi/include/c++/14.3.1/bits\stl_iterator.h ****     : public iterator<output_iterator_tag, void, void, void, void>
 691:C:/Program Files (x86)/Arm GNU Toolchain arm-none-eabi/14.3 rel1/arm-none-eabi/include/c++/14.3.1/bits\stl_iterator.h ****     {
 692:C:/Program Files (x86)/Arm GNU Toolchain arm-none-eabi/14.3 rel1/arm-none-eabi/include/c++/14.3.1/bits\stl_iterator.h ****     protected:
 693:C:/Program Files (x86)/Arm GNU Toolchain arm-none-eabi/14.3 rel1/arm-none-eabi/include/c++/14.3.1/bits\stl_iterator.h ****       _Container* container;
 694:C:/Program Files (x86)/Arm GNU Toolchain arm-none-eabi/14.3 rel1/arm-none-eabi/include/c++/14.3.1/bits\stl_iterator.h **** 
 695:C:/Program Files (x86)/Arm GNU Toolchain arm-none-eabi/14.3 rel1/arm-none-eabi/include/c++/14.3.1/bits\stl_iterator.h ****     public:
 696:C:/Program Files (x86)/Arm GNU Toolchain arm-none-eabi/14.3 rel1/arm-none-eabi/include/c++/14.3.1/bits\stl_iterator.h ****       /// A nested typedef for the type of whatever container you used.
 697:C:/Program Files (x86)/Arm GNU Toolchain arm-none-eabi/14.3 rel1/arm-none-eabi/include/c++/14.3.1/bits\stl_iterator.h ****       typedef _Container          container_type;
 698:C:/Program Files (x86)/Arm GNU Toolchain arm-none-eabi/14.3 rel1/arm-none-eabi/include/c++/14.3.1/bits\stl_iterator.h **** #if __cplusplus > 201703L
 699:C:/Program Files (x86)/Arm GNU Toolchain arm-none-eabi/14.3 rel1/arm-none-eabi/include/c++/14.3.1/bits\stl_iterator.h ****       using difference_type = ptrdiff_t;
 700:C:/Program Files (x86)/Arm GNU Toolchain arm-none-eabi/14.3 rel1/arm-none-eabi/include/c++/14.3.1/bits\stl_iterator.h **** #endif
 701:C:/Program Files (x86)/Arm GNU Toolchain arm-none-eabi/14.3 rel1/arm-none-eabi/include/c++/14.3.1/bits\stl_iterator.h **** 
 702:C:/Program Files (x86)/Arm GNU Toolchain arm-none-eabi/14.3 rel1/arm-none-eabi/include/c++/14.3.1/bits\stl_iterator.h ****       /// The only way to create this %iterator is with a container.
 703:C:/Program Files (x86)/Arm GNU Toolchain arm-none-eabi/14.3 rel1/arm-none-eabi/include/c++/14.3.1/bits\stl_iterator.h ****       explicit _GLIBCXX20_CONSTEXPR
 704:C:/Program Files (x86)/Arm GNU Toolchain arm-none-eabi/14.3 rel1/arm-none-eabi/include/c++/14.3.1/bits\stl_iterator.h ****       back_insert_iterator(_Container& __x)
 705:C:/Program Files (x86)/Arm GNU Toolchain arm-none-eabi/14.3 rel1/arm-none-eabi/include/c++/14.3.1/bits\stl_iterator.h ****       : container(std::__addressof(__x)) { }
 706:C:/Program Files (x86)/Arm GNU Toolchain arm-none-eabi/14.3 rel1/arm-none-eabi/include/c++/14.3.1/bits\stl_iterator.h **** 
 707:C:/Program Files (x86)/Arm GNU Toolchain arm-none-eabi/14.3 rel1/arm-none-eabi/include/c++/14.3.1/bits\stl_iterator.h ****       /**
 708:C:/Program Files (x86)/Arm GNU Toolchain arm-none-eabi/14.3 rel1/arm-none-eabi/include/c++/14.3.1/bits\stl_iterator.h ****        *  @param  __value  An instance of whatever type
 709:C:/Program Files (x86)/Arm GNU Toolchain arm-none-eabi/14.3 rel1/arm-none-eabi/include/c++/14.3.1/bits\stl_iterator.h ****        *                 container_type::const_reference is; presumably a
 710:C:/Program Files (x86)/Arm GNU Toolchain arm-none-eabi/14.3 rel1/arm-none-eabi/include/c++/14.3.1/bits\stl_iterator.h ****        *                 reference-to-const T for container<T>.
 711:C:/Program Files (x86)/Arm GNU Toolchain arm-none-eabi/14.3 rel1/arm-none-eabi/include/c++/14.3.1/bits\stl_iterator.h ****        *  @return  This %iterator, for chained operations.
 712:C:/Program Files (x86)/Arm GNU Toolchain arm-none-eabi/14.3 rel1/arm-none-eabi/include/c++/14.3.1/bits\stl_iterator.h ****        *
 713:C:/Program Files (x86)/Arm GNU Toolchain arm-none-eabi/14.3 rel1/arm-none-eabi/include/c++/14.3.1/bits\stl_iterator.h ****        *  This kind of %iterator doesn't really have a @a position in the
 714:C:/Program Files (x86)/Arm GNU Toolchain arm-none-eabi/14.3 rel1/arm-none-eabi/include/c++/14.3.1/bits\stl_iterator.h ****        *  container (you can think of the position as being permanently at
 715:C:/Program Files (x86)/Arm GNU Toolchain arm-none-eabi/14.3 rel1/arm-none-eabi/include/c++/14.3.1/bits\stl_iterator.h ****        *  the end, if you like).  Assigning a value to the %iterator will
 716:C:/Program Files (x86)/Arm GNU Toolchain arm-none-eabi/14.3 rel1/arm-none-eabi/include/c++/14.3.1/bits\stl_iterator.h ****        *  always append the value to the end of the container.
 717:C:/Program Files (x86)/Arm GNU Toolchain arm-none-eabi/14.3 rel1/arm-none-eabi/include/c++/14.3.1/bits\stl_iterator.h ****       */
 718:C:/Program Files (x86)/Arm GNU Toolchain arm-none-eabi/14.3 rel1/arm-none-eabi/include/c++/14.3.1/bits\stl_iterator.h **** #if __cplusplus < 201103L
 719:C:/Program Files (x86)/Arm GNU Toolchain arm-none-eabi/14.3 rel1/arm-none-eabi/include/c++/14.3.1/bits\stl_iterator.h ****       back_insert_iterator&
 720:C:/Program Files (x86)/Arm GNU Toolchain arm-none-eabi/14.3 rel1/arm-none-eabi/include/c++/14.3.1/bits\stl_iterator.h ****       operator=(typename _Container::const_reference __value)
 721:C:/Program Files (x86)/Arm GNU Toolchain arm-none-eabi/14.3 rel1/arm-none-eabi/include/c++/14.3.1/bits\stl_iterator.h ****       {
 722:C:/Program Files (x86)/Arm GNU Toolchain arm-none-eabi/14.3 rel1/arm-none-eabi/include/c++/14.3.1/bits\stl_iterator.h **** 	container->push_back(__value);
 723:C:/Program Files (x86)/Arm GNU Toolchain arm-none-eabi/14.3 rel1/arm-none-eabi/include/c++/14.3.1/bits\stl_iterator.h **** 	return *this;
 724:C:/Program Files (x86)/Arm GNU Toolchain arm-none-eabi/14.3 rel1/arm-none-eabi/include/c++/14.3.1/bits\stl_iterator.h ****       }
 725:C:/Program Files (x86)/Arm GNU Toolchain arm-none-eabi/14.3 rel1/arm-none-eabi/include/c++/14.3.1/bits\stl_iterator.h **** #else
 726:C:/Program Files (x86)/Arm GNU Toolchain arm-none-eabi/14.3 rel1/arm-none-eabi/include/c++/14.3.1/bits\stl_iterator.h ****       _GLIBCXX20_CONSTEXPR
 727:C:/Program Files (x86)/Arm GNU Toolchain arm-none-eabi/14.3 rel1/arm-none-eabi/include/c++/14.3.1/bits\stl_iterator.h ****       back_insert_iterator&
 728:C:/Program Files (x86)/Arm GNU Toolchain arm-none-eabi/14.3 rel1/arm-none-eabi/include/c++/14.3.1/bits\stl_iterator.h ****       operator=(const typename _Container::value_type& __value)
 729:C:/Program Files (x86)/Arm GNU Toolchain arm-none-eabi/14.3 rel1/arm-none-eabi/include/c++/14.3.1/bits\stl_iterator.h ****       {
 730:C:/Program Files (x86)/Arm GNU Toolchain arm-none-eabi/14.3 rel1/arm-none-eabi/include/c++/14.3.1/bits\stl_iterator.h **** 	container->push_back(__value);
ARM GAS  C:\Users\Oliver\AppData\Local\Temp\ccukWDDi.s 			page 59


 731:C:/Program Files (x86)/Arm GNU Toolchain arm-none-eabi/14.3 rel1/arm-none-eabi/include/c++/14.3.1/bits\stl_iterator.h **** 	return *this;
 732:C:/Program Files (x86)/Arm GNU Toolchain arm-none-eabi/14.3 rel1/arm-none-eabi/include/c++/14.3.1/bits\stl_iterator.h ****       }
 733:C:/Program Files (x86)/Arm GNU Toolchain arm-none-eabi/14.3 rel1/arm-none-eabi/include/c++/14.3.1/bits\stl_iterator.h **** 
 734:C:/Program Files (x86)/Arm GNU Toolchain arm-none-eabi/14.3 rel1/arm-none-eabi/include/c++/14.3.1/bits\stl_iterator.h ****       _GLIBCXX20_CONSTEXPR
 735:C:/Program Files (x86)/Arm GNU Toolchain arm-none-eabi/14.3 rel1/arm-none-eabi/include/c++/14.3.1/bits\stl_iterator.h ****       back_insert_iterator&
 736:C:/Program Files (x86)/Arm GNU Toolchain arm-none-eabi/14.3 rel1/arm-none-eabi/include/c++/14.3.1/bits\stl_iterator.h ****       operator=(typename _Container::value_type&& __value)
 737:C:/Program Files (x86)/Arm GNU Toolchain arm-none-eabi/14.3 rel1/arm-none-eabi/include/c++/14.3.1/bits\stl_iterator.h ****       {
 738:C:/Program Files (x86)/Arm GNU Toolchain arm-none-eabi/14.3 rel1/arm-none-eabi/include/c++/14.3.1/bits\stl_iterator.h **** 	container->push_back(std::move(__value));
 739:C:/Program Files (x86)/Arm GNU Toolchain arm-none-eabi/14.3 rel1/arm-none-eabi/include/c++/14.3.1/bits\stl_iterator.h **** 	return *this;
 740:C:/Program Files (x86)/Arm GNU Toolchain arm-none-eabi/14.3 rel1/arm-none-eabi/include/c++/14.3.1/bits\stl_iterator.h ****       }
 741:C:/Program Files (x86)/Arm GNU Toolchain arm-none-eabi/14.3 rel1/arm-none-eabi/include/c++/14.3.1/bits\stl_iterator.h **** #endif
 742:C:/Program Files (x86)/Arm GNU Toolchain arm-none-eabi/14.3 rel1/arm-none-eabi/include/c++/14.3.1/bits\stl_iterator.h **** 
 743:C:/Program Files (x86)/Arm GNU Toolchain arm-none-eabi/14.3 rel1/arm-none-eabi/include/c++/14.3.1/bits\stl_iterator.h ****       /// Simply returns *this.
 744:C:/Program Files (x86)/Arm GNU Toolchain arm-none-eabi/14.3 rel1/arm-none-eabi/include/c++/14.3.1/bits\stl_iterator.h ****       _GLIBCXX_NODISCARD _GLIBCXX20_CONSTEXPR
 745:C:/Program Files (x86)/Arm GNU Toolchain arm-none-eabi/14.3 rel1/arm-none-eabi/include/c++/14.3.1/bits\stl_iterator.h ****       back_insert_iterator&
 746:C:/Program Files (x86)/Arm GNU Toolchain arm-none-eabi/14.3 rel1/arm-none-eabi/include/c++/14.3.1/bits\stl_iterator.h ****       operator*()
 747:C:/Program Files (x86)/Arm GNU Toolchain arm-none-eabi/14.3 rel1/arm-none-eabi/include/c++/14.3.1/bits\stl_iterator.h ****       { return *this; }
 748:C:/Program Files (x86)/Arm GNU Toolchain arm-none-eabi/14.3 rel1/arm-none-eabi/include/c++/14.3.1/bits\stl_iterator.h **** 
 749:C:/Program Files (x86)/Arm GNU Toolchain arm-none-eabi/14.3 rel1/arm-none-eabi/include/c++/14.3.1/bits\stl_iterator.h ****       /// Simply returns *this.  (This %iterator does not @a move.)
 750:C:/Program Files (x86)/Arm GNU Toolchain arm-none-eabi/14.3 rel1/arm-none-eabi/include/c++/14.3.1/bits\stl_iterator.h ****       _GLIBCXX20_CONSTEXPR
 751:C:/Program Files (x86)/Arm GNU Toolchain arm-none-eabi/14.3 rel1/arm-none-eabi/include/c++/14.3.1/bits\stl_iterator.h ****       back_insert_iterator&
 752:C:/Program Files (x86)/Arm GNU Toolchain arm-none-eabi/14.3 rel1/arm-none-eabi/include/c++/14.3.1/bits\stl_iterator.h ****       operator++()
 753:C:/Program Files (x86)/Arm GNU Toolchain arm-none-eabi/14.3 rel1/arm-none-eabi/include/c++/14.3.1/bits\stl_iterator.h ****       { return *this; }
 754:C:/Program Files (x86)/Arm GNU Toolchain arm-none-eabi/14.3 rel1/arm-none-eabi/include/c++/14.3.1/bits\stl_iterator.h **** 
 755:C:/Program Files (x86)/Arm GNU Toolchain arm-none-eabi/14.3 rel1/arm-none-eabi/include/c++/14.3.1/bits\stl_iterator.h ****       /// Simply returns *this.  (This %iterator does not @a move.)
 756:C:/Program Files (x86)/Arm GNU Toolchain arm-none-eabi/14.3 rel1/arm-none-eabi/include/c++/14.3.1/bits\stl_iterator.h ****       _GLIBCXX20_CONSTEXPR
 757:C:/Program Files (x86)/Arm GNU Toolchain arm-none-eabi/14.3 rel1/arm-none-eabi/include/c++/14.3.1/bits\stl_iterator.h ****       back_insert_iterator
 758:C:/Program Files (x86)/Arm GNU Toolchain arm-none-eabi/14.3 rel1/arm-none-eabi/include/c++/14.3.1/bits\stl_iterator.h ****       operator++(int)
 759:C:/Program Files (x86)/Arm GNU Toolchain arm-none-eabi/14.3 rel1/arm-none-eabi/include/c++/14.3.1/bits\stl_iterator.h ****       { return *this; }
 760:C:/Program Files (x86)/Arm GNU Toolchain arm-none-eabi/14.3 rel1/arm-none-eabi/include/c++/14.3.1/bits\stl_iterator.h ****     };
 761:C:/Program Files (x86)/Arm GNU Toolchain arm-none-eabi/14.3 rel1/arm-none-eabi/include/c++/14.3.1/bits\stl_iterator.h **** 
 762:C:/Program Files (x86)/Arm GNU Toolchain arm-none-eabi/14.3 rel1/arm-none-eabi/include/c++/14.3.1/bits\stl_iterator.h ****   /**
 763:C:/Program Files (x86)/Arm GNU Toolchain arm-none-eabi/14.3 rel1/arm-none-eabi/include/c++/14.3.1/bits\stl_iterator.h ****    *  @param  __x  A container of arbitrary type.
 764:C:/Program Files (x86)/Arm GNU Toolchain arm-none-eabi/14.3 rel1/arm-none-eabi/include/c++/14.3.1/bits\stl_iterator.h ****    *  @return  An instance of back_insert_iterator working on @p __x.
 765:C:/Program Files (x86)/Arm GNU Toolchain arm-none-eabi/14.3 rel1/arm-none-eabi/include/c++/14.3.1/bits\stl_iterator.h ****    *
 766:C:/Program Files (x86)/Arm GNU Toolchain arm-none-eabi/14.3 rel1/arm-none-eabi/include/c++/14.3.1/bits\stl_iterator.h ****    *  This wrapper function helps in creating back_insert_iterator instances.
 767:C:/Program Files (x86)/Arm GNU Toolchain arm-none-eabi/14.3 rel1/arm-none-eabi/include/c++/14.3.1/bits\stl_iterator.h ****    *  Typing the name of the %iterator requires knowing the precise full
 768:C:/Program Files (x86)/Arm GNU Toolchain arm-none-eabi/14.3 rel1/arm-none-eabi/include/c++/14.3.1/bits\stl_iterator.h ****    *  type of the container, which can be tedious and impedes generic
 769:C:/Program Files (x86)/Arm GNU Toolchain arm-none-eabi/14.3 rel1/arm-none-eabi/include/c++/14.3.1/bits\stl_iterator.h ****    *  programming.  Using this function lets you take advantage of automatic
 770:C:/Program Files (x86)/Arm GNU Toolchain arm-none-eabi/14.3 rel1/arm-none-eabi/include/c++/14.3.1/bits\stl_iterator.h ****    *  template parameter deduction, making the compiler match the correct
 771:C:/Program Files (x86)/Arm GNU Toolchain arm-none-eabi/14.3 rel1/arm-none-eabi/include/c++/14.3.1/bits\stl_iterator.h ****    *  types for you.
 772:C:/Program Files (x86)/Arm GNU Toolchain arm-none-eabi/14.3 rel1/arm-none-eabi/include/c++/14.3.1/bits\stl_iterator.h ****   */
 773:C:/Program Files (x86)/Arm GNU Toolchain arm-none-eabi/14.3 rel1/arm-none-eabi/include/c++/14.3.1/bits\stl_iterator.h ****   template<typename _Container>
 774:C:/Program Files (x86)/Arm GNU Toolchain arm-none-eabi/14.3 rel1/arm-none-eabi/include/c++/14.3.1/bits\stl_iterator.h ****     _GLIBCXX_NODISCARD _GLIBCXX20_CONSTEXPR
 775:C:/Program Files (x86)/Arm GNU Toolchain arm-none-eabi/14.3 rel1/arm-none-eabi/include/c++/14.3.1/bits\stl_iterator.h ****     inline back_insert_iterator<_Container>
 776:C:/Program Files (x86)/Arm GNU Toolchain arm-none-eabi/14.3 rel1/arm-none-eabi/include/c++/14.3.1/bits\stl_iterator.h ****     back_inserter(_Container& __x)
 777:C:/Program Files (x86)/Arm GNU Toolchain arm-none-eabi/14.3 rel1/arm-none-eabi/include/c++/14.3.1/bits\stl_iterator.h ****     { return back_insert_iterator<_Container>(__x); }
 778:C:/Program Files (x86)/Arm GNU Toolchain arm-none-eabi/14.3 rel1/arm-none-eabi/include/c++/14.3.1/bits\stl_iterator.h **** 
 779:C:/Program Files (x86)/Arm GNU Toolchain arm-none-eabi/14.3 rel1/arm-none-eabi/include/c++/14.3.1/bits\stl_iterator.h ****   /**
 780:C:/Program Files (x86)/Arm GNU Toolchain arm-none-eabi/14.3 rel1/arm-none-eabi/include/c++/14.3.1/bits\stl_iterator.h ****    *  @brief  Turns assignment into insertion.
 781:C:/Program Files (x86)/Arm GNU Toolchain arm-none-eabi/14.3 rel1/arm-none-eabi/include/c++/14.3.1/bits\stl_iterator.h ****    *
 782:C:/Program Files (x86)/Arm GNU Toolchain arm-none-eabi/14.3 rel1/arm-none-eabi/include/c++/14.3.1/bits\stl_iterator.h ****    *  These are output iterators, constructed from a container-of-T.
 783:C:/Program Files (x86)/Arm GNU Toolchain arm-none-eabi/14.3 rel1/arm-none-eabi/include/c++/14.3.1/bits\stl_iterator.h ****    *  Assigning a T to the iterator prepends it to the container using
 784:C:/Program Files (x86)/Arm GNU Toolchain arm-none-eabi/14.3 rel1/arm-none-eabi/include/c++/14.3.1/bits\stl_iterator.h ****    *  push_front.
 785:C:/Program Files (x86)/Arm GNU Toolchain arm-none-eabi/14.3 rel1/arm-none-eabi/include/c++/14.3.1/bits\stl_iterator.h ****    *
 786:C:/Program Files (x86)/Arm GNU Toolchain arm-none-eabi/14.3 rel1/arm-none-eabi/include/c++/14.3.1/bits\stl_iterator.h ****    *  Tip:  Using the front_inserter function to create these iterators can
 787:C:/Program Files (x86)/Arm GNU Toolchain arm-none-eabi/14.3 rel1/arm-none-eabi/include/c++/14.3.1/bits\stl_iterator.h ****    *  save typing.
ARM GAS  C:\Users\Oliver\AppData\Local\Temp\ccukWDDi.s 			page 60


 788:C:/Program Files (x86)/Arm GNU Toolchain arm-none-eabi/14.3 rel1/arm-none-eabi/include/c++/14.3.1/bits\stl_iterator.h ****   */
 789:C:/Program Files (x86)/Arm GNU Toolchain arm-none-eabi/14.3 rel1/arm-none-eabi/include/c++/14.3.1/bits\stl_iterator.h ****   template<typename _Container>
 790:C:/Program Files (x86)/Arm GNU Toolchain arm-none-eabi/14.3 rel1/arm-none-eabi/include/c++/14.3.1/bits\stl_iterator.h ****     class front_insert_iterator
 791:C:/Program Files (x86)/Arm GNU Toolchain arm-none-eabi/14.3 rel1/arm-none-eabi/include/c++/14.3.1/bits\stl_iterator.h ****     : public iterator<output_iterator_tag, void, void, void, void>
 792:C:/Program Files (x86)/Arm GNU Toolchain arm-none-eabi/14.3 rel1/arm-none-eabi/include/c++/14.3.1/bits\stl_iterator.h ****     {
 793:C:/Program Files (x86)/Arm GNU Toolchain arm-none-eabi/14.3 rel1/arm-none-eabi/include/c++/14.3.1/bits\stl_iterator.h ****     protected:
 794:C:/Program Files (x86)/Arm GNU Toolchain arm-none-eabi/14.3 rel1/arm-none-eabi/include/c++/14.3.1/bits\stl_iterator.h ****       _Container* container;
 795:C:/Program Files (x86)/Arm GNU Toolchain arm-none-eabi/14.3 rel1/arm-none-eabi/include/c++/14.3.1/bits\stl_iterator.h **** 
 796:C:/Program Files (x86)/Arm GNU Toolchain arm-none-eabi/14.3 rel1/arm-none-eabi/include/c++/14.3.1/bits\stl_iterator.h ****     public:
 797:C:/Program Files (x86)/Arm GNU Toolchain arm-none-eabi/14.3 rel1/arm-none-eabi/include/c++/14.3.1/bits\stl_iterator.h ****       /// A nested typedef for the type of whatever container you used.
 798:C:/Program Files (x86)/Arm GNU Toolchain arm-none-eabi/14.3 rel1/arm-none-eabi/include/c++/14.3.1/bits\stl_iterator.h ****       typedef _Container          container_type;
 799:C:/Program Files (x86)/Arm GNU Toolchain arm-none-eabi/14.3 rel1/arm-none-eabi/include/c++/14.3.1/bits\stl_iterator.h **** #if __cplusplus > 201703L
 800:C:/Program Files (x86)/Arm GNU Toolchain arm-none-eabi/14.3 rel1/arm-none-eabi/include/c++/14.3.1/bits\stl_iterator.h ****       using difference_type = ptrdiff_t;
 801:C:/Program Files (x86)/Arm GNU Toolchain arm-none-eabi/14.3 rel1/arm-none-eabi/include/c++/14.3.1/bits\stl_iterator.h **** #endif
 802:C:/Program Files (x86)/Arm GNU Toolchain arm-none-eabi/14.3 rel1/arm-none-eabi/include/c++/14.3.1/bits\stl_iterator.h **** 
 803:C:/Program Files (x86)/Arm GNU Toolchain arm-none-eabi/14.3 rel1/arm-none-eabi/include/c++/14.3.1/bits\stl_iterator.h ****       /// The only way to create this %iterator is with a container.
 804:C:/Program Files (x86)/Arm GNU Toolchain arm-none-eabi/14.3 rel1/arm-none-eabi/include/c++/14.3.1/bits\stl_iterator.h ****       explicit _GLIBCXX20_CONSTEXPR
 805:C:/Program Files (x86)/Arm GNU Toolchain arm-none-eabi/14.3 rel1/arm-none-eabi/include/c++/14.3.1/bits\stl_iterator.h ****       front_insert_iterator(_Container& __x)
 806:C:/Program Files (x86)/Arm GNU Toolchain arm-none-eabi/14.3 rel1/arm-none-eabi/include/c++/14.3.1/bits\stl_iterator.h ****       : container(std::__addressof(__x)) { }
 807:C:/Program Files (x86)/Arm GNU Toolchain arm-none-eabi/14.3 rel1/arm-none-eabi/include/c++/14.3.1/bits\stl_iterator.h **** 
 808:C:/Program Files (x86)/Arm GNU Toolchain arm-none-eabi/14.3 rel1/arm-none-eabi/include/c++/14.3.1/bits\stl_iterator.h ****       /**
 809:C:/Program Files (x86)/Arm GNU Toolchain arm-none-eabi/14.3 rel1/arm-none-eabi/include/c++/14.3.1/bits\stl_iterator.h ****        *  @param  __value  An instance of whatever type
 810:C:/Program Files (x86)/Arm GNU Toolchain arm-none-eabi/14.3 rel1/arm-none-eabi/include/c++/14.3.1/bits\stl_iterator.h ****        *                 container_type::const_reference is; presumably a
 811:C:/Program Files (x86)/Arm GNU Toolchain arm-none-eabi/14.3 rel1/arm-none-eabi/include/c++/14.3.1/bits\stl_iterator.h ****        *                 reference-to-const T for container<T>.
 812:C:/Program Files (x86)/Arm GNU Toolchain arm-none-eabi/14.3 rel1/arm-none-eabi/include/c++/14.3.1/bits\stl_iterator.h ****        *  @return  This %iterator, for chained operations.
 813:C:/Program Files (x86)/Arm GNU Toolchain arm-none-eabi/14.3 rel1/arm-none-eabi/include/c++/14.3.1/bits\stl_iterator.h ****        *
 814:C:/Program Files (x86)/Arm GNU Toolchain arm-none-eabi/14.3 rel1/arm-none-eabi/include/c++/14.3.1/bits\stl_iterator.h ****        *  This kind of %iterator doesn't really have a @a position in the
 815:C:/Program Files (x86)/Arm GNU Toolchain arm-none-eabi/14.3 rel1/arm-none-eabi/include/c++/14.3.1/bits\stl_iterator.h ****        *  container (you can think of the position as being permanently at
 816:C:/Program Files (x86)/Arm GNU Toolchain arm-none-eabi/14.3 rel1/arm-none-eabi/include/c++/14.3.1/bits\stl_iterator.h ****        *  the front, if you like).  Assigning a value to the %iterator will
 817:C:/Program Files (x86)/Arm GNU Toolchain arm-none-eabi/14.3 rel1/arm-none-eabi/include/c++/14.3.1/bits\stl_iterator.h ****        *  always prepend the value to the front of the container.
 818:C:/Program Files (x86)/Arm GNU Toolchain arm-none-eabi/14.3 rel1/arm-none-eabi/include/c++/14.3.1/bits\stl_iterator.h ****       */
 819:C:/Program Files (x86)/Arm GNU Toolchain arm-none-eabi/14.3 rel1/arm-none-eabi/include/c++/14.3.1/bits\stl_iterator.h **** #if __cplusplus < 201103L
 820:C:/Program Files (x86)/Arm GNU Toolchain arm-none-eabi/14.3 rel1/arm-none-eabi/include/c++/14.3.1/bits\stl_iterator.h ****       front_insert_iterator&
 821:C:/Program Files (x86)/Arm GNU Toolchain arm-none-eabi/14.3 rel1/arm-none-eabi/include/c++/14.3.1/bits\stl_iterator.h ****       operator=(typename _Container::const_reference __value)
 822:C:/Program Files (x86)/Arm GNU Toolchain arm-none-eabi/14.3 rel1/arm-none-eabi/include/c++/14.3.1/bits\stl_iterator.h ****       {
 823:C:/Program Files (x86)/Arm GNU Toolchain arm-none-eabi/14.3 rel1/arm-none-eabi/include/c++/14.3.1/bits\stl_iterator.h **** 	container->push_front(__value);
 824:C:/Program Files (x86)/Arm GNU Toolchain arm-none-eabi/14.3 rel1/arm-none-eabi/include/c++/14.3.1/bits\stl_iterator.h **** 	return *this;
 825:C:/Program Files (x86)/Arm GNU Toolchain arm-none-eabi/14.3 rel1/arm-none-eabi/include/c++/14.3.1/bits\stl_iterator.h ****       }
 826:C:/Program Files (x86)/Arm GNU Toolchain arm-none-eabi/14.3 rel1/arm-none-eabi/include/c++/14.3.1/bits\stl_iterator.h **** #else
 827:C:/Program Files (x86)/Arm GNU Toolchain arm-none-eabi/14.3 rel1/arm-none-eabi/include/c++/14.3.1/bits\stl_iterator.h ****       _GLIBCXX20_CONSTEXPR
 828:C:/Program Files (x86)/Arm GNU Toolchain arm-none-eabi/14.3 rel1/arm-none-eabi/include/c++/14.3.1/bits\stl_iterator.h ****       front_insert_iterator&
 829:C:/Program Files (x86)/Arm GNU Toolchain arm-none-eabi/14.3 rel1/arm-none-eabi/include/c++/14.3.1/bits\stl_iterator.h ****       operator=(const typename _Container::value_type& __value)
 830:C:/Program Files (x86)/Arm GNU Toolchain arm-none-eabi/14.3 rel1/arm-none-eabi/include/c++/14.3.1/bits\stl_iterator.h ****       {
 831:C:/Program Files (x86)/Arm GNU Toolchain arm-none-eabi/14.3 rel1/arm-none-eabi/include/c++/14.3.1/bits\stl_iterator.h **** 	container->push_front(__value);
 832:C:/Program Files (x86)/Arm GNU Toolchain arm-none-eabi/14.3 rel1/arm-none-eabi/include/c++/14.3.1/bits\stl_iterator.h **** 	return *this;
 833:C:/Program Files (x86)/Arm GNU Toolchain arm-none-eabi/14.3 rel1/arm-none-eabi/include/c++/14.3.1/bits\stl_iterator.h ****       }
 834:C:/Program Files (x86)/Arm GNU Toolchain arm-none-eabi/14.3 rel1/arm-none-eabi/include/c++/14.3.1/bits\stl_iterator.h **** 
 835:C:/Program Files (x86)/Arm GNU Toolchain arm-none-eabi/14.3 rel1/arm-none-eabi/include/c++/14.3.1/bits\stl_iterator.h ****       _GLIBCXX20_CONSTEXPR
 836:C:/Program Files (x86)/Arm GNU Toolchain arm-none-eabi/14.3 rel1/arm-none-eabi/include/c++/14.3.1/bits\stl_iterator.h ****       front_insert_iterator&
 837:C:/Program Files (x86)/Arm GNU Toolchain arm-none-eabi/14.3 rel1/arm-none-eabi/include/c++/14.3.1/bits\stl_iterator.h ****       operator=(typename _Container::value_type&& __value)
 838:C:/Program Files (x86)/Arm GNU Toolchain arm-none-eabi/14.3 rel1/arm-none-eabi/include/c++/14.3.1/bits\stl_iterator.h ****       {
 839:C:/Program Files (x86)/Arm GNU Toolchain arm-none-eabi/14.3 rel1/arm-none-eabi/include/c++/14.3.1/bits\stl_iterator.h **** 	container->push_front(std::move(__value));
 840:C:/Program Files (x86)/Arm GNU Toolchain arm-none-eabi/14.3 rel1/arm-none-eabi/include/c++/14.3.1/bits\stl_iterator.h **** 	return *this;
 841:C:/Program Files (x86)/Arm GNU Toolchain arm-none-eabi/14.3 rel1/arm-none-eabi/include/c++/14.3.1/bits\stl_iterator.h ****       }
 842:C:/Program Files (x86)/Arm GNU Toolchain arm-none-eabi/14.3 rel1/arm-none-eabi/include/c++/14.3.1/bits\stl_iterator.h **** #endif
 843:C:/Program Files (x86)/Arm GNU Toolchain arm-none-eabi/14.3 rel1/arm-none-eabi/include/c++/14.3.1/bits\stl_iterator.h **** 
 844:C:/Program Files (x86)/Arm GNU Toolchain arm-none-eabi/14.3 rel1/arm-none-eabi/include/c++/14.3.1/bits\stl_iterator.h ****       /// Simply returns *this.
ARM GAS  C:\Users\Oliver\AppData\Local\Temp\ccukWDDi.s 			page 61


 845:C:/Program Files (x86)/Arm GNU Toolchain arm-none-eabi/14.3 rel1/arm-none-eabi/include/c++/14.3.1/bits\stl_iterator.h ****       _GLIBCXX_NODISCARD _GLIBCXX20_CONSTEXPR
 846:C:/Program Files (x86)/Arm GNU Toolchain arm-none-eabi/14.3 rel1/arm-none-eabi/include/c++/14.3.1/bits\stl_iterator.h ****       front_insert_iterator&
 847:C:/Program Files (x86)/Arm GNU Toolchain arm-none-eabi/14.3 rel1/arm-none-eabi/include/c++/14.3.1/bits\stl_iterator.h ****       operator*()
 848:C:/Program Files (x86)/Arm GNU Toolchain arm-none-eabi/14.3 rel1/arm-none-eabi/include/c++/14.3.1/bits\stl_iterator.h ****       { return *this; }
 849:C:/Program Files (x86)/Arm GNU Toolchain arm-none-eabi/14.3 rel1/arm-none-eabi/include/c++/14.3.1/bits\stl_iterator.h **** 
 850:C:/Program Files (x86)/Arm GNU Toolchain arm-none-eabi/14.3 rel1/arm-none-eabi/include/c++/14.3.1/bits\stl_iterator.h ****       /// Simply returns *this.  (This %iterator does not @a move.)
 851:C:/Program Files (x86)/Arm GNU Toolchain arm-none-eabi/14.3 rel1/arm-none-eabi/include/c++/14.3.1/bits\stl_iterator.h ****       _GLIBCXX20_CONSTEXPR
 852:C:/Program Files (x86)/Arm GNU Toolchain arm-none-eabi/14.3 rel1/arm-none-eabi/include/c++/14.3.1/bits\stl_iterator.h ****       front_insert_iterator&
 853:C:/Program Files (x86)/Arm GNU Toolchain arm-none-eabi/14.3 rel1/arm-none-eabi/include/c++/14.3.1/bits\stl_iterator.h ****       operator++()
 854:C:/Program Files (x86)/Arm GNU Toolchain arm-none-eabi/14.3 rel1/arm-none-eabi/include/c++/14.3.1/bits\stl_iterator.h ****       { return *this; }
 855:C:/Program Files (x86)/Arm GNU Toolchain arm-none-eabi/14.3 rel1/arm-none-eabi/include/c++/14.3.1/bits\stl_iterator.h **** 
 856:C:/Program Files (x86)/Arm GNU Toolchain arm-none-eabi/14.3 rel1/arm-none-eabi/include/c++/14.3.1/bits\stl_iterator.h ****       /// Simply returns *this.  (This %iterator does not @a move.)
 857:C:/Program Files (x86)/Arm GNU Toolchain arm-none-eabi/14.3 rel1/arm-none-eabi/include/c++/14.3.1/bits\stl_iterator.h ****       _GLIBCXX20_CONSTEXPR
 858:C:/Program Files (x86)/Arm GNU Toolchain arm-none-eabi/14.3 rel1/arm-none-eabi/include/c++/14.3.1/bits\stl_iterator.h ****       front_insert_iterator
 859:C:/Program Files (x86)/Arm GNU Toolchain arm-none-eabi/14.3 rel1/arm-none-eabi/include/c++/14.3.1/bits\stl_iterator.h ****       operator++(int)
 860:C:/Program Files (x86)/Arm GNU Toolchain arm-none-eabi/14.3 rel1/arm-none-eabi/include/c++/14.3.1/bits\stl_iterator.h ****       { return *this; }
 861:C:/Program Files (x86)/Arm GNU Toolchain arm-none-eabi/14.3 rel1/arm-none-eabi/include/c++/14.3.1/bits\stl_iterator.h ****     };
 862:C:/Program Files (x86)/Arm GNU Toolchain arm-none-eabi/14.3 rel1/arm-none-eabi/include/c++/14.3.1/bits\stl_iterator.h **** 
 863:C:/Program Files (x86)/Arm GNU Toolchain arm-none-eabi/14.3 rel1/arm-none-eabi/include/c++/14.3.1/bits\stl_iterator.h ****   /**
 864:C:/Program Files (x86)/Arm GNU Toolchain arm-none-eabi/14.3 rel1/arm-none-eabi/include/c++/14.3.1/bits\stl_iterator.h ****    *  @param  __x  A container of arbitrary type.
 865:C:/Program Files (x86)/Arm GNU Toolchain arm-none-eabi/14.3 rel1/arm-none-eabi/include/c++/14.3.1/bits\stl_iterator.h ****    *  @return  An instance of front_insert_iterator working on @p x.
 866:C:/Program Files (x86)/Arm GNU Toolchain arm-none-eabi/14.3 rel1/arm-none-eabi/include/c++/14.3.1/bits\stl_iterator.h ****    *
 867:C:/Program Files (x86)/Arm GNU Toolchain arm-none-eabi/14.3 rel1/arm-none-eabi/include/c++/14.3.1/bits\stl_iterator.h ****    *  This wrapper function helps in creating front_insert_iterator instances.
 868:C:/Program Files (x86)/Arm GNU Toolchain arm-none-eabi/14.3 rel1/arm-none-eabi/include/c++/14.3.1/bits\stl_iterator.h ****    *  Typing the name of the %iterator requires knowing the precise full
 869:C:/Program Files (x86)/Arm GNU Toolchain arm-none-eabi/14.3 rel1/arm-none-eabi/include/c++/14.3.1/bits\stl_iterator.h ****    *  type of the container, which can be tedious and impedes generic
 870:C:/Program Files (x86)/Arm GNU Toolchain arm-none-eabi/14.3 rel1/arm-none-eabi/include/c++/14.3.1/bits\stl_iterator.h ****    *  programming.  Using this function lets you take advantage of automatic
 871:C:/Program Files (x86)/Arm GNU Toolchain arm-none-eabi/14.3 rel1/arm-none-eabi/include/c++/14.3.1/bits\stl_iterator.h ****    *  template parameter deduction, making the compiler match the correct
 872:C:/Program Files (x86)/Arm GNU Toolchain arm-none-eabi/14.3 rel1/arm-none-eabi/include/c++/14.3.1/bits\stl_iterator.h ****    *  types for you.
 873:C:/Program Files (x86)/Arm GNU Toolchain arm-none-eabi/14.3 rel1/arm-none-eabi/include/c++/14.3.1/bits\stl_iterator.h ****   */
 874:C:/Program Files (x86)/Arm GNU Toolchain arm-none-eabi/14.3 rel1/arm-none-eabi/include/c++/14.3.1/bits\stl_iterator.h ****   template<typename _Container>
 875:C:/Program Files (x86)/Arm GNU Toolchain arm-none-eabi/14.3 rel1/arm-none-eabi/include/c++/14.3.1/bits\stl_iterator.h ****     _GLIBCXX_NODISCARD _GLIBCXX20_CONSTEXPR
 876:C:/Program Files (x86)/Arm GNU Toolchain arm-none-eabi/14.3 rel1/arm-none-eabi/include/c++/14.3.1/bits\stl_iterator.h ****     inline front_insert_iterator<_Container>
 877:C:/Program Files (x86)/Arm GNU Toolchain arm-none-eabi/14.3 rel1/arm-none-eabi/include/c++/14.3.1/bits\stl_iterator.h ****     front_inserter(_Container& __x)
 878:C:/Program Files (x86)/Arm GNU Toolchain arm-none-eabi/14.3 rel1/arm-none-eabi/include/c++/14.3.1/bits\stl_iterator.h ****     { return front_insert_iterator<_Container>(__x); }
 879:C:/Program Files (x86)/Arm GNU Toolchain arm-none-eabi/14.3 rel1/arm-none-eabi/include/c++/14.3.1/bits\stl_iterator.h **** 
 880:C:/Program Files (x86)/Arm GNU Toolchain arm-none-eabi/14.3 rel1/arm-none-eabi/include/c++/14.3.1/bits\stl_iterator.h ****   /**
 881:C:/Program Files (x86)/Arm GNU Toolchain arm-none-eabi/14.3 rel1/arm-none-eabi/include/c++/14.3.1/bits\stl_iterator.h ****    *  @brief  Turns assignment into insertion.
 882:C:/Program Files (x86)/Arm GNU Toolchain arm-none-eabi/14.3 rel1/arm-none-eabi/include/c++/14.3.1/bits\stl_iterator.h ****    *
 883:C:/Program Files (x86)/Arm GNU Toolchain arm-none-eabi/14.3 rel1/arm-none-eabi/include/c++/14.3.1/bits\stl_iterator.h ****    *  These are output iterators, constructed from a container-of-T.
 884:C:/Program Files (x86)/Arm GNU Toolchain arm-none-eabi/14.3 rel1/arm-none-eabi/include/c++/14.3.1/bits\stl_iterator.h ****    *  Assigning a T to the iterator inserts it in the container at the
 885:C:/Program Files (x86)/Arm GNU Toolchain arm-none-eabi/14.3 rel1/arm-none-eabi/include/c++/14.3.1/bits\stl_iterator.h ****    *  %iterator's position, rather than overwriting the value at that
 886:C:/Program Files (x86)/Arm GNU Toolchain arm-none-eabi/14.3 rel1/arm-none-eabi/include/c++/14.3.1/bits\stl_iterator.h ****    *  position.
 887:C:/Program Files (x86)/Arm GNU Toolchain arm-none-eabi/14.3 rel1/arm-none-eabi/include/c++/14.3.1/bits\stl_iterator.h ****    *
 888:C:/Program Files (x86)/Arm GNU Toolchain arm-none-eabi/14.3 rel1/arm-none-eabi/include/c++/14.3.1/bits\stl_iterator.h ****    *  (Sequences will actually insert a @e copy of the value before the
 889:C:/Program Files (x86)/Arm GNU Toolchain arm-none-eabi/14.3 rel1/arm-none-eabi/include/c++/14.3.1/bits\stl_iterator.h ****    *  %iterator's position.)
 890:C:/Program Files (x86)/Arm GNU Toolchain arm-none-eabi/14.3 rel1/arm-none-eabi/include/c++/14.3.1/bits\stl_iterator.h ****    *
 891:C:/Program Files (x86)/Arm GNU Toolchain arm-none-eabi/14.3 rel1/arm-none-eabi/include/c++/14.3.1/bits\stl_iterator.h ****    *  Tip:  Using the inserter function to create these iterators can
 892:C:/Program Files (x86)/Arm GNU Toolchain arm-none-eabi/14.3 rel1/arm-none-eabi/include/c++/14.3.1/bits\stl_iterator.h ****    *  save typing.
 893:C:/Program Files (x86)/Arm GNU Toolchain arm-none-eabi/14.3 rel1/arm-none-eabi/include/c++/14.3.1/bits\stl_iterator.h ****   */
 894:C:/Program Files (x86)/Arm GNU Toolchain arm-none-eabi/14.3 rel1/arm-none-eabi/include/c++/14.3.1/bits\stl_iterator.h ****   template<typename _Container>
 895:C:/Program Files (x86)/Arm GNU Toolchain arm-none-eabi/14.3 rel1/arm-none-eabi/include/c++/14.3.1/bits\stl_iterator.h ****     class insert_iterator
 896:C:/Program Files (x86)/Arm GNU Toolchain arm-none-eabi/14.3 rel1/arm-none-eabi/include/c++/14.3.1/bits\stl_iterator.h ****     : public iterator<output_iterator_tag, void, void, void, void>
 897:C:/Program Files (x86)/Arm GNU Toolchain arm-none-eabi/14.3 rel1/arm-none-eabi/include/c++/14.3.1/bits\stl_iterator.h ****     {
 898:C:/Program Files (x86)/Arm GNU Toolchain arm-none-eabi/14.3 rel1/arm-none-eabi/include/c++/14.3.1/bits\stl_iterator.h **** #if __cplusplus > 201703L && defined __glibcxx_concepts
 899:C:/Program Files (x86)/Arm GNU Toolchain arm-none-eabi/14.3 rel1/arm-none-eabi/include/c++/14.3.1/bits\stl_iterator.h ****       using _Iter = std::__detail::__range_iter_t<_Container>;
 900:C:/Program Files (x86)/Arm GNU Toolchain arm-none-eabi/14.3 rel1/arm-none-eabi/include/c++/14.3.1/bits\stl_iterator.h **** #else
 901:C:/Program Files (x86)/Arm GNU Toolchain arm-none-eabi/14.3 rel1/arm-none-eabi/include/c++/14.3.1/bits\stl_iterator.h ****       typedef typename _Container::iterator		_Iter;
ARM GAS  C:\Users\Oliver\AppData\Local\Temp\ccukWDDi.s 			page 62


 902:C:/Program Files (x86)/Arm GNU Toolchain arm-none-eabi/14.3 rel1/arm-none-eabi/include/c++/14.3.1/bits\stl_iterator.h **** #endif
 903:C:/Program Files (x86)/Arm GNU Toolchain arm-none-eabi/14.3 rel1/arm-none-eabi/include/c++/14.3.1/bits\stl_iterator.h ****     protected:
 904:C:/Program Files (x86)/Arm GNU Toolchain arm-none-eabi/14.3 rel1/arm-none-eabi/include/c++/14.3.1/bits\stl_iterator.h ****       _Container* container;
 905:C:/Program Files (x86)/Arm GNU Toolchain arm-none-eabi/14.3 rel1/arm-none-eabi/include/c++/14.3.1/bits\stl_iterator.h ****       _Iter iter;
 906:C:/Program Files (x86)/Arm GNU Toolchain arm-none-eabi/14.3 rel1/arm-none-eabi/include/c++/14.3.1/bits\stl_iterator.h **** 
 907:C:/Program Files (x86)/Arm GNU Toolchain arm-none-eabi/14.3 rel1/arm-none-eabi/include/c++/14.3.1/bits\stl_iterator.h ****     public:
 908:C:/Program Files (x86)/Arm GNU Toolchain arm-none-eabi/14.3 rel1/arm-none-eabi/include/c++/14.3.1/bits\stl_iterator.h ****       /// A nested typedef for the type of whatever container you used.
 909:C:/Program Files (x86)/Arm GNU Toolchain arm-none-eabi/14.3 rel1/arm-none-eabi/include/c++/14.3.1/bits\stl_iterator.h ****       typedef _Container          container_type;
 910:C:/Program Files (x86)/Arm GNU Toolchain arm-none-eabi/14.3 rel1/arm-none-eabi/include/c++/14.3.1/bits\stl_iterator.h **** 
 911:C:/Program Files (x86)/Arm GNU Toolchain arm-none-eabi/14.3 rel1/arm-none-eabi/include/c++/14.3.1/bits\stl_iterator.h **** #if __cplusplus > 201703L && defined __glibcxx_concepts
 912:C:/Program Files (x86)/Arm GNU Toolchain arm-none-eabi/14.3 rel1/arm-none-eabi/include/c++/14.3.1/bits\stl_iterator.h ****       using difference_type = ptrdiff_t;
 913:C:/Program Files (x86)/Arm GNU Toolchain arm-none-eabi/14.3 rel1/arm-none-eabi/include/c++/14.3.1/bits\stl_iterator.h **** #endif
 914:C:/Program Files (x86)/Arm GNU Toolchain arm-none-eabi/14.3 rel1/arm-none-eabi/include/c++/14.3.1/bits\stl_iterator.h **** 
 915:C:/Program Files (x86)/Arm GNU Toolchain arm-none-eabi/14.3 rel1/arm-none-eabi/include/c++/14.3.1/bits\stl_iterator.h ****       /**
 916:C:/Program Files (x86)/Arm GNU Toolchain arm-none-eabi/14.3 rel1/arm-none-eabi/include/c++/14.3.1/bits\stl_iterator.h ****        *  The only way to create this %iterator is with a container and an
 917:C:/Program Files (x86)/Arm GNU Toolchain arm-none-eabi/14.3 rel1/arm-none-eabi/include/c++/14.3.1/bits\stl_iterator.h ****        *  initial position (a normal %iterator into the container).
 918:C:/Program Files (x86)/Arm GNU Toolchain arm-none-eabi/14.3 rel1/arm-none-eabi/include/c++/14.3.1/bits\stl_iterator.h ****       */
 919:C:/Program Files (x86)/Arm GNU Toolchain arm-none-eabi/14.3 rel1/arm-none-eabi/include/c++/14.3.1/bits\stl_iterator.h ****       _GLIBCXX20_CONSTEXPR
 920:C:/Program Files (x86)/Arm GNU Toolchain arm-none-eabi/14.3 rel1/arm-none-eabi/include/c++/14.3.1/bits\stl_iterator.h ****       insert_iterator(_Container& __x, _Iter __i)
 921:C:/Program Files (x86)/Arm GNU Toolchain arm-none-eabi/14.3 rel1/arm-none-eabi/include/c++/14.3.1/bits\stl_iterator.h ****       : container(std::__addressof(__x)), iter(__i) {}
 922:C:/Program Files (x86)/Arm GNU Toolchain arm-none-eabi/14.3 rel1/arm-none-eabi/include/c++/14.3.1/bits\stl_iterator.h **** 
 923:C:/Program Files (x86)/Arm GNU Toolchain arm-none-eabi/14.3 rel1/arm-none-eabi/include/c++/14.3.1/bits\stl_iterator.h ****       /**
 924:C:/Program Files (x86)/Arm GNU Toolchain arm-none-eabi/14.3 rel1/arm-none-eabi/include/c++/14.3.1/bits\stl_iterator.h ****        *  @param  __value  An instance of whatever type
 925:C:/Program Files (x86)/Arm GNU Toolchain arm-none-eabi/14.3 rel1/arm-none-eabi/include/c++/14.3.1/bits\stl_iterator.h ****        *                 container_type::const_reference is; presumably a
 926:C:/Program Files (x86)/Arm GNU Toolchain arm-none-eabi/14.3 rel1/arm-none-eabi/include/c++/14.3.1/bits\stl_iterator.h ****        *                 reference-to-const T for container<T>.
 927:C:/Program Files (x86)/Arm GNU Toolchain arm-none-eabi/14.3 rel1/arm-none-eabi/include/c++/14.3.1/bits\stl_iterator.h ****        *  @return  This %iterator, for chained operations.
 928:C:/Program Files (x86)/Arm GNU Toolchain arm-none-eabi/14.3 rel1/arm-none-eabi/include/c++/14.3.1/bits\stl_iterator.h ****        *
 929:C:/Program Files (x86)/Arm GNU Toolchain arm-none-eabi/14.3 rel1/arm-none-eabi/include/c++/14.3.1/bits\stl_iterator.h ****        *  This kind of %iterator maintains its own position in the
 930:C:/Program Files (x86)/Arm GNU Toolchain arm-none-eabi/14.3 rel1/arm-none-eabi/include/c++/14.3.1/bits\stl_iterator.h ****        *  container.  Assigning a value to the %iterator will insert the
 931:C:/Program Files (x86)/Arm GNU Toolchain arm-none-eabi/14.3 rel1/arm-none-eabi/include/c++/14.3.1/bits\stl_iterator.h ****        *  value into the container at the place before the %iterator.
 932:C:/Program Files (x86)/Arm GNU Toolchain arm-none-eabi/14.3 rel1/arm-none-eabi/include/c++/14.3.1/bits\stl_iterator.h ****        *
 933:C:/Program Files (x86)/Arm GNU Toolchain arm-none-eabi/14.3 rel1/arm-none-eabi/include/c++/14.3.1/bits\stl_iterator.h ****        *  The position is maintained such that subsequent assignments will
 934:C:/Program Files (x86)/Arm GNU Toolchain arm-none-eabi/14.3 rel1/arm-none-eabi/include/c++/14.3.1/bits\stl_iterator.h ****        *  insert values immediately after one another.  For example,
 935:C:/Program Files (x86)/Arm GNU Toolchain arm-none-eabi/14.3 rel1/arm-none-eabi/include/c++/14.3.1/bits\stl_iterator.h ****        *  @code
 936:C:/Program Files (x86)/Arm GNU Toolchain arm-none-eabi/14.3 rel1/arm-none-eabi/include/c++/14.3.1/bits\stl_iterator.h ****        *     // vector v contains A and Z
 937:C:/Program Files (x86)/Arm GNU Toolchain arm-none-eabi/14.3 rel1/arm-none-eabi/include/c++/14.3.1/bits\stl_iterator.h ****        *
 938:C:/Program Files (x86)/Arm GNU Toolchain arm-none-eabi/14.3 rel1/arm-none-eabi/include/c++/14.3.1/bits\stl_iterator.h ****        *     insert_iterator i (v, ++v.begin());
 939:C:/Program Files (x86)/Arm GNU Toolchain arm-none-eabi/14.3 rel1/arm-none-eabi/include/c++/14.3.1/bits\stl_iterator.h ****        *     i = 1;
 940:C:/Program Files (x86)/Arm GNU Toolchain arm-none-eabi/14.3 rel1/arm-none-eabi/include/c++/14.3.1/bits\stl_iterator.h ****        *     i = 2;
 941:C:/Program Files (x86)/Arm GNU Toolchain arm-none-eabi/14.3 rel1/arm-none-eabi/include/c++/14.3.1/bits\stl_iterator.h ****        *     i = 3;
 942:C:/Program Files (x86)/Arm GNU Toolchain arm-none-eabi/14.3 rel1/arm-none-eabi/include/c++/14.3.1/bits\stl_iterator.h ****        *
 943:C:/Program Files (x86)/Arm GNU Toolchain arm-none-eabi/14.3 rel1/arm-none-eabi/include/c++/14.3.1/bits\stl_iterator.h ****        *     // vector v contains A, 1, 2, 3, and Z
 944:C:/Program Files (x86)/Arm GNU Toolchain arm-none-eabi/14.3 rel1/arm-none-eabi/include/c++/14.3.1/bits\stl_iterator.h ****        *  @endcode
 945:C:/Program Files (x86)/Arm GNU Toolchain arm-none-eabi/14.3 rel1/arm-none-eabi/include/c++/14.3.1/bits\stl_iterator.h ****       */
 946:C:/Program Files (x86)/Arm GNU Toolchain arm-none-eabi/14.3 rel1/arm-none-eabi/include/c++/14.3.1/bits\stl_iterator.h **** #if __cplusplus < 201103L
 947:C:/Program Files (x86)/Arm GNU Toolchain arm-none-eabi/14.3 rel1/arm-none-eabi/include/c++/14.3.1/bits\stl_iterator.h ****       insert_iterator&
 948:C:/Program Files (x86)/Arm GNU Toolchain arm-none-eabi/14.3 rel1/arm-none-eabi/include/c++/14.3.1/bits\stl_iterator.h ****       operator=(typename _Container::const_reference __value)
 949:C:/Program Files (x86)/Arm GNU Toolchain arm-none-eabi/14.3 rel1/arm-none-eabi/include/c++/14.3.1/bits\stl_iterator.h ****       {
 950:C:/Program Files (x86)/Arm GNU Toolchain arm-none-eabi/14.3 rel1/arm-none-eabi/include/c++/14.3.1/bits\stl_iterator.h **** 	iter = container->insert(iter, __value);
 951:C:/Program Files (x86)/Arm GNU Toolchain arm-none-eabi/14.3 rel1/arm-none-eabi/include/c++/14.3.1/bits\stl_iterator.h **** 	++iter;
 952:C:/Program Files (x86)/Arm GNU Toolchain arm-none-eabi/14.3 rel1/arm-none-eabi/include/c++/14.3.1/bits\stl_iterator.h **** 	return *this;
 953:C:/Program Files (x86)/Arm GNU Toolchain arm-none-eabi/14.3 rel1/arm-none-eabi/include/c++/14.3.1/bits\stl_iterator.h ****       }
 954:C:/Program Files (x86)/Arm GNU Toolchain arm-none-eabi/14.3 rel1/arm-none-eabi/include/c++/14.3.1/bits\stl_iterator.h **** #else
 955:C:/Program Files (x86)/Arm GNU Toolchain arm-none-eabi/14.3 rel1/arm-none-eabi/include/c++/14.3.1/bits\stl_iterator.h ****       _GLIBCXX20_CONSTEXPR
 956:C:/Program Files (x86)/Arm GNU Toolchain arm-none-eabi/14.3 rel1/arm-none-eabi/include/c++/14.3.1/bits\stl_iterator.h ****       insert_iterator&
 957:C:/Program Files (x86)/Arm GNU Toolchain arm-none-eabi/14.3 rel1/arm-none-eabi/include/c++/14.3.1/bits\stl_iterator.h ****       operator=(const typename _Container::value_type& __value)
 958:C:/Program Files (x86)/Arm GNU Toolchain arm-none-eabi/14.3 rel1/arm-none-eabi/include/c++/14.3.1/bits\stl_iterator.h ****       {
ARM GAS  C:\Users\Oliver\AppData\Local\Temp\ccukWDDi.s 			page 63


 959:C:/Program Files (x86)/Arm GNU Toolchain arm-none-eabi/14.3 rel1/arm-none-eabi/include/c++/14.3.1/bits\stl_iterator.h **** 	iter = container->insert(iter, __value);
 960:C:/Program Files (x86)/Arm GNU Toolchain arm-none-eabi/14.3 rel1/arm-none-eabi/include/c++/14.3.1/bits\stl_iterator.h **** 	++iter;
 961:C:/Program Files (x86)/Arm GNU Toolchain arm-none-eabi/14.3 rel1/arm-none-eabi/include/c++/14.3.1/bits\stl_iterator.h **** 	return *this;
 962:C:/Program Files (x86)/Arm GNU Toolchain arm-none-eabi/14.3 rel1/arm-none-eabi/include/c++/14.3.1/bits\stl_iterator.h ****       }
 963:C:/Program Files (x86)/Arm GNU Toolchain arm-none-eabi/14.3 rel1/arm-none-eabi/include/c++/14.3.1/bits\stl_iterator.h **** 
 964:C:/Program Files (x86)/Arm GNU Toolchain arm-none-eabi/14.3 rel1/arm-none-eabi/include/c++/14.3.1/bits\stl_iterator.h ****       _GLIBCXX20_CONSTEXPR
 965:C:/Program Files (x86)/Arm GNU Toolchain arm-none-eabi/14.3 rel1/arm-none-eabi/include/c++/14.3.1/bits\stl_iterator.h ****       insert_iterator&
 966:C:/Program Files (x86)/Arm GNU Toolchain arm-none-eabi/14.3 rel1/arm-none-eabi/include/c++/14.3.1/bits\stl_iterator.h ****       operator=(typename _Container::value_type&& __value)
 967:C:/Program Files (x86)/Arm GNU Toolchain arm-none-eabi/14.3 rel1/arm-none-eabi/include/c++/14.3.1/bits\stl_iterator.h ****       {
 968:C:/Program Files (x86)/Arm GNU Toolchain arm-none-eabi/14.3 rel1/arm-none-eabi/include/c++/14.3.1/bits\stl_iterator.h **** 	iter = container->insert(iter, std::move(__value));
 969:C:/Program Files (x86)/Arm GNU Toolchain arm-none-eabi/14.3 rel1/arm-none-eabi/include/c++/14.3.1/bits\stl_iterator.h **** 	++iter;
 970:C:/Program Files (x86)/Arm GNU Toolchain arm-none-eabi/14.3 rel1/arm-none-eabi/include/c++/14.3.1/bits\stl_iterator.h **** 	return *this;
 971:C:/Program Files (x86)/Arm GNU Toolchain arm-none-eabi/14.3 rel1/arm-none-eabi/include/c++/14.3.1/bits\stl_iterator.h ****       }
 972:C:/Program Files (x86)/Arm GNU Toolchain arm-none-eabi/14.3 rel1/arm-none-eabi/include/c++/14.3.1/bits\stl_iterator.h **** #endif
 973:C:/Program Files (x86)/Arm GNU Toolchain arm-none-eabi/14.3 rel1/arm-none-eabi/include/c++/14.3.1/bits\stl_iterator.h **** 
 974:C:/Program Files (x86)/Arm GNU Toolchain arm-none-eabi/14.3 rel1/arm-none-eabi/include/c++/14.3.1/bits\stl_iterator.h ****       /// Simply returns *this.
 975:C:/Program Files (x86)/Arm GNU Toolchain arm-none-eabi/14.3 rel1/arm-none-eabi/include/c++/14.3.1/bits\stl_iterator.h ****       _GLIBCXX_NODISCARD _GLIBCXX20_CONSTEXPR
 976:C:/Program Files (x86)/Arm GNU Toolchain arm-none-eabi/14.3 rel1/arm-none-eabi/include/c++/14.3.1/bits\stl_iterator.h ****       insert_iterator&
 977:C:/Program Files (x86)/Arm GNU Toolchain arm-none-eabi/14.3 rel1/arm-none-eabi/include/c++/14.3.1/bits\stl_iterator.h ****       operator*()
 978:C:/Program Files (x86)/Arm GNU Toolchain arm-none-eabi/14.3 rel1/arm-none-eabi/include/c++/14.3.1/bits\stl_iterator.h ****       { return *this; }
 979:C:/Program Files (x86)/Arm GNU Toolchain arm-none-eabi/14.3 rel1/arm-none-eabi/include/c++/14.3.1/bits\stl_iterator.h **** 
 980:C:/Program Files (x86)/Arm GNU Toolchain arm-none-eabi/14.3 rel1/arm-none-eabi/include/c++/14.3.1/bits\stl_iterator.h ****       /// Simply returns *this.  (This %iterator does not @a move.)
 981:C:/Program Files (x86)/Arm GNU Toolchain arm-none-eabi/14.3 rel1/arm-none-eabi/include/c++/14.3.1/bits\stl_iterator.h ****       _GLIBCXX20_CONSTEXPR
 982:C:/Program Files (x86)/Arm GNU Toolchain arm-none-eabi/14.3 rel1/arm-none-eabi/include/c++/14.3.1/bits\stl_iterator.h ****       insert_iterator&
 983:C:/Program Files (x86)/Arm GNU Toolchain arm-none-eabi/14.3 rel1/arm-none-eabi/include/c++/14.3.1/bits\stl_iterator.h ****       operator++()
 984:C:/Program Files (x86)/Arm GNU Toolchain arm-none-eabi/14.3 rel1/arm-none-eabi/include/c++/14.3.1/bits\stl_iterator.h ****       { return *this; }
 985:C:/Program Files (x86)/Arm GNU Toolchain arm-none-eabi/14.3 rel1/arm-none-eabi/include/c++/14.3.1/bits\stl_iterator.h **** 
 986:C:/Program Files (x86)/Arm GNU Toolchain arm-none-eabi/14.3 rel1/arm-none-eabi/include/c++/14.3.1/bits\stl_iterator.h ****       /// Simply returns *this.  (This %iterator does not @a move.)
 987:C:/Program Files (x86)/Arm GNU Toolchain arm-none-eabi/14.3 rel1/arm-none-eabi/include/c++/14.3.1/bits\stl_iterator.h ****       _GLIBCXX20_CONSTEXPR
 988:C:/Program Files (x86)/Arm GNU Toolchain arm-none-eabi/14.3 rel1/arm-none-eabi/include/c++/14.3.1/bits\stl_iterator.h ****       insert_iterator&
 989:C:/Program Files (x86)/Arm GNU Toolchain arm-none-eabi/14.3 rel1/arm-none-eabi/include/c++/14.3.1/bits\stl_iterator.h ****       operator++(int)
 990:C:/Program Files (x86)/Arm GNU Toolchain arm-none-eabi/14.3 rel1/arm-none-eabi/include/c++/14.3.1/bits\stl_iterator.h ****       { return *this; }
 991:C:/Program Files (x86)/Arm GNU Toolchain arm-none-eabi/14.3 rel1/arm-none-eabi/include/c++/14.3.1/bits\stl_iterator.h ****     };
 992:C:/Program Files (x86)/Arm GNU Toolchain arm-none-eabi/14.3 rel1/arm-none-eabi/include/c++/14.3.1/bits\stl_iterator.h **** 
 993:C:/Program Files (x86)/Arm GNU Toolchain arm-none-eabi/14.3 rel1/arm-none-eabi/include/c++/14.3.1/bits\stl_iterator.h **** #pragma GCC diagnostic pop
 994:C:/Program Files (x86)/Arm GNU Toolchain arm-none-eabi/14.3 rel1/arm-none-eabi/include/c++/14.3.1/bits\stl_iterator.h **** 
 995:C:/Program Files (x86)/Arm GNU Toolchain arm-none-eabi/14.3 rel1/arm-none-eabi/include/c++/14.3.1/bits\stl_iterator.h ****   /**
 996:C:/Program Files (x86)/Arm GNU Toolchain arm-none-eabi/14.3 rel1/arm-none-eabi/include/c++/14.3.1/bits\stl_iterator.h ****    *  @param __x  A container of arbitrary type.
 997:C:/Program Files (x86)/Arm GNU Toolchain arm-none-eabi/14.3 rel1/arm-none-eabi/include/c++/14.3.1/bits\stl_iterator.h ****    *  @param __i  An iterator into the container.
 998:C:/Program Files (x86)/Arm GNU Toolchain arm-none-eabi/14.3 rel1/arm-none-eabi/include/c++/14.3.1/bits\stl_iterator.h ****    *  @return  An instance of insert_iterator working on @p __x.
 999:C:/Program Files (x86)/Arm GNU Toolchain arm-none-eabi/14.3 rel1/arm-none-eabi/include/c++/14.3.1/bits\stl_iterator.h ****    *
1000:C:/Program Files (x86)/Arm GNU Toolchain arm-none-eabi/14.3 rel1/arm-none-eabi/include/c++/14.3.1/bits\stl_iterator.h ****    *  This wrapper function helps in creating insert_iterator instances.
1001:C:/Program Files (x86)/Arm GNU Toolchain arm-none-eabi/14.3 rel1/arm-none-eabi/include/c++/14.3.1/bits\stl_iterator.h ****    *  Typing the name of the %iterator requires knowing the precise full
1002:C:/Program Files (x86)/Arm GNU Toolchain arm-none-eabi/14.3 rel1/arm-none-eabi/include/c++/14.3.1/bits\stl_iterator.h ****    *  type of the container, which can be tedious and impedes generic
1003:C:/Program Files (x86)/Arm GNU Toolchain arm-none-eabi/14.3 rel1/arm-none-eabi/include/c++/14.3.1/bits\stl_iterator.h ****    *  programming.  Using this function lets you take advantage of automatic
1004:C:/Program Files (x86)/Arm GNU Toolchain arm-none-eabi/14.3 rel1/arm-none-eabi/include/c++/14.3.1/bits\stl_iterator.h ****    *  template parameter deduction, making the compiler match the correct
1005:C:/Program Files (x86)/Arm GNU Toolchain arm-none-eabi/14.3 rel1/arm-none-eabi/include/c++/14.3.1/bits\stl_iterator.h ****    *  types for you.
1006:C:/Program Files (x86)/Arm GNU Toolchain arm-none-eabi/14.3 rel1/arm-none-eabi/include/c++/14.3.1/bits\stl_iterator.h ****   */
1007:C:/Program Files (x86)/Arm GNU Toolchain arm-none-eabi/14.3 rel1/arm-none-eabi/include/c++/14.3.1/bits\stl_iterator.h **** #if __cplusplus > 201703L && defined __glibcxx_concepts
1008:C:/Program Files (x86)/Arm GNU Toolchain arm-none-eabi/14.3 rel1/arm-none-eabi/include/c++/14.3.1/bits\stl_iterator.h ****   template<typename _Container>
1009:C:/Program Files (x86)/Arm GNU Toolchain arm-none-eabi/14.3 rel1/arm-none-eabi/include/c++/14.3.1/bits\stl_iterator.h ****     [[nodiscard]]
1010:C:/Program Files (x86)/Arm GNU Toolchain arm-none-eabi/14.3 rel1/arm-none-eabi/include/c++/14.3.1/bits\stl_iterator.h ****     constexpr insert_iterator<_Container>
1011:C:/Program Files (x86)/Arm GNU Toolchain arm-none-eabi/14.3 rel1/arm-none-eabi/include/c++/14.3.1/bits\stl_iterator.h ****     inserter(_Container& __x, std::__detail::__range_iter_t<_Container> __i)
1012:C:/Program Files (x86)/Arm GNU Toolchain arm-none-eabi/14.3 rel1/arm-none-eabi/include/c++/14.3.1/bits\stl_iterator.h ****     { return insert_iterator<_Container>(__x, __i); }
1013:C:/Program Files (x86)/Arm GNU Toolchain arm-none-eabi/14.3 rel1/arm-none-eabi/include/c++/14.3.1/bits\stl_iterator.h **** #else
1014:C:/Program Files (x86)/Arm GNU Toolchain arm-none-eabi/14.3 rel1/arm-none-eabi/include/c++/14.3.1/bits\stl_iterator.h ****   template<typename _Container>
1015:C:/Program Files (x86)/Arm GNU Toolchain arm-none-eabi/14.3 rel1/arm-none-eabi/include/c++/14.3.1/bits\stl_iterator.h ****     _GLIBCXX_NODISCARD
ARM GAS  C:\Users\Oliver\AppData\Local\Temp\ccukWDDi.s 			page 64


1016:C:/Program Files (x86)/Arm GNU Toolchain arm-none-eabi/14.3 rel1/arm-none-eabi/include/c++/14.3.1/bits\stl_iterator.h ****     inline insert_iterator<_Container>
1017:C:/Program Files (x86)/Arm GNU Toolchain arm-none-eabi/14.3 rel1/arm-none-eabi/include/c++/14.3.1/bits\stl_iterator.h ****     inserter(_Container& __x, typename _Container::iterator __i)
1018:C:/Program Files (x86)/Arm GNU Toolchain arm-none-eabi/14.3 rel1/arm-none-eabi/include/c++/14.3.1/bits\stl_iterator.h ****     { return insert_iterator<_Container>(__x, __i); }
1019:C:/Program Files (x86)/Arm GNU Toolchain arm-none-eabi/14.3 rel1/arm-none-eabi/include/c++/14.3.1/bits\stl_iterator.h **** #endif
1020:C:/Program Files (x86)/Arm GNU Toolchain arm-none-eabi/14.3 rel1/arm-none-eabi/include/c++/14.3.1/bits\stl_iterator.h **** 
1021:C:/Program Files (x86)/Arm GNU Toolchain arm-none-eabi/14.3 rel1/arm-none-eabi/include/c++/14.3.1/bits\stl_iterator.h ****   /// @} group iterators
1022:C:/Program Files (x86)/Arm GNU Toolchain arm-none-eabi/14.3 rel1/arm-none-eabi/include/c++/14.3.1/bits\stl_iterator.h **** 
1023:C:/Program Files (x86)/Arm GNU Toolchain arm-none-eabi/14.3 rel1/arm-none-eabi/include/c++/14.3.1/bits\stl_iterator.h **** _GLIBCXX_END_NAMESPACE_VERSION
1024:C:/Program Files (x86)/Arm GNU Toolchain arm-none-eabi/14.3 rel1/arm-none-eabi/include/c++/14.3.1/bits\stl_iterator.h **** } // namespace
1025:C:/Program Files (x86)/Arm GNU Toolchain arm-none-eabi/14.3 rel1/arm-none-eabi/include/c++/14.3.1/bits\stl_iterator.h **** 
1026:C:/Program Files (x86)/Arm GNU Toolchain arm-none-eabi/14.3 rel1/arm-none-eabi/include/c++/14.3.1/bits\stl_iterator.h **** namespace __gnu_cxx _GLIBCXX_VISIBILITY(default)
1027:C:/Program Files (x86)/Arm GNU Toolchain arm-none-eabi/14.3 rel1/arm-none-eabi/include/c++/14.3.1/bits\stl_iterator.h **** {
1028:C:/Program Files (x86)/Arm GNU Toolchain arm-none-eabi/14.3 rel1/arm-none-eabi/include/c++/14.3.1/bits\stl_iterator.h **** _GLIBCXX_BEGIN_NAMESPACE_VERSION
1029:C:/Program Files (x86)/Arm GNU Toolchain arm-none-eabi/14.3 rel1/arm-none-eabi/include/c++/14.3.1/bits\stl_iterator.h **** 
1030:C:/Program Files (x86)/Arm GNU Toolchain arm-none-eabi/14.3 rel1/arm-none-eabi/include/c++/14.3.1/bits\stl_iterator.h ****   // This iterator adapter is @a normal in the sense that it does not
1031:C:/Program Files (x86)/Arm GNU Toolchain arm-none-eabi/14.3 rel1/arm-none-eabi/include/c++/14.3.1/bits\stl_iterator.h ****   // change the semantics of any of the operators of its iterator
1032:C:/Program Files (x86)/Arm GNU Toolchain arm-none-eabi/14.3 rel1/arm-none-eabi/include/c++/14.3.1/bits\stl_iterator.h ****   // parameter.  Its primary purpose is to convert an iterator that is
1033:C:/Program Files (x86)/Arm GNU Toolchain arm-none-eabi/14.3 rel1/arm-none-eabi/include/c++/14.3.1/bits\stl_iterator.h ****   // not a class, e.g. a pointer, into an iterator that is a class.
1034:C:/Program Files (x86)/Arm GNU Toolchain arm-none-eabi/14.3 rel1/arm-none-eabi/include/c++/14.3.1/bits\stl_iterator.h ****   // The _Container parameter exists solely so that different containers
1035:C:/Program Files (x86)/Arm GNU Toolchain arm-none-eabi/14.3 rel1/arm-none-eabi/include/c++/14.3.1/bits\stl_iterator.h ****   // using this template can instantiate different types, even if the
1036:C:/Program Files (x86)/Arm GNU Toolchain arm-none-eabi/14.3 rel1/arm-none-eabi/include/c++/14.3.1/bits\stl_iterator.h ****   // _Iterator parameter is the same.
1037:C:/Program Files (x86)/Arm GNU Toolchain arm-none-eabi/14.3 rel1/arm-none-eabi/include/c++/14.3.1/bits\stl_iterator.h ****   template<typename _Iterator, typename _Container>
1038:C:/Program Files (x86)/Arm GNU Toolchain arm-none-eabi/14.3 rel1/arm-none-eabi/include/c++/14.3.1/bits\stl_iterator.h ****     class __normal_iterator
1039:C:/Program Files (x86)/Arm GNU Toolchain arm-none-eabi/14.3 rel1/arm-none-eabi/include/c++/14.3.1/bits\stl_iterator.h ****     {
1040:C:/Program Files (x86)/Arm GNU Toolchain arm-none-eabi/14.3 rel1/arm-none-eabi/include/c++/14.3.1/bits\stl_iterator.h ****     protected:
1041:C:/Program Files (x86)/Arm GNU Toolchain arm-none-eabi/14.3 rel1/arm-none-eabi/include/c++/14.3.1/bits\stl_iterator.h ****       _Iterator _M_current;
1042:C:/Program Files (x86)/Arm GNU Toolchain arm-none-eabi/14.3 rel1/arm-none-eabi/include/c++/14.3.1/bits\stl_iterator.h **** 
1043:C:/Program Files (x86)/Arm GNU Toolchain arm-none-eabi/14.3 rel1/arm-none-eabi/include/c++/14.3.1/bits\stl_iterator.h ****       typedef std::iterator_traits<_Iterator>		__traits_type;
1044:C:/Program Files (x86)/Arm GNU Toolchain arm-none-eabi/14.3 rel1/arm-none-eabi/include/c++/14.3.1/bits\stl_iterator.h **** 
1045:C:/Program Files (x86)/Arm GNU Toolchain arm-none-eabi/14.3 rel1/arm-none-eabi/include/c++/14.3.1/bits\stl_iterator.h **** #if __cplusplus >= 201103L
1046:C:/Program Files (x86)/Arm GNU Toolchain arm-none-eabi/14.3 rel1/arm-none-eabi/include/c++/14.3.1/bits\stl_iterator.h ****       template<typename _Iter>
1047:C:/Program Files (x86)/Arm GNU Toolchain arm-none-eabi/14.3 rel1/arm-none-eabi/include/c++/14.3.1/bits\stl_iterator.h **** 	using __convertible_from
1048:C:/Program Files (x86)/Arm GNU Toolchain arm-none-eabi/14.3 rel1/arm-none-eabi/include/c++/14.3.1/bits\stl_iterator.h **** 	  = std::__enable_if_t<std::is_convertible<_Iter, _Iterator>::value>;
1049:C:/Program Files (x86)/Arm GNU Toolchain arm-none-eabi/14.3 rel1/arm-none-eabi/include/c++/14.3.1/bits\stl_iterator.h **** #endif
1050:C:/Program Files (x86)/Arm GNU Toolchain arm-none-eabi/14.3 rel1/arm-none-eabi/include/c++/14.3.1/bits\stl_iterator.h **** 
1051:C:/Program Files (x86)/Arm GNU Toolchain arm-none-eabi/14.3 rel1/arm-none-eabi/include/c++/14.3.1/bits\stl_iterator.h ****     public:
1052:C:/Program Files (x86)/Arm GNU Toolchain arm-none-eabi/14.3 rel1/arm-none-eabi/include/c++/14.3.1/bits\stl_iterator.h ****       typedef _Iterator					iterator_type;
1053:C:/Program Files (x86)/Arm GNU Toolchain arm-none-eabi/14.3 rel1/arm-none-eabi/include/c++/14.3.1/bits\stl_iterator.h ****       typedef typename __traits_type::iterator_category iterator_category;
1054:C:/Program Files (x86)/Arm GNU Toolchain arm-none-eabi/14.3 rel1/arm-none-eabi/include/c++/14.3.1/bits\stl_iterator.h ****       typedef typename __traits_type::value_type  	value_type;
1055:C:/Program Files (x86)/Arm GNU Toolchain arm-none-eabi/14.3 rel1/arm-none-eabi/include/c++/14.3.1/bits\stl_iterator.h ****       typedef typename __traits_type::difference_type 	difference_type;
1056:C:/Program Files (x86)/Arm GNU Toolchain arm-none-eabi/14.3 rel1/arm-none-eabi/include/c++/14.3.1/bits\stl_iterator.h ****       typedef typename __traits_type::reference 	reference;
1057:C:/Program Files (x86)/Arm GNU Toolchain arm-none-eabi/14.3 rel1/arm-none-eabi/include/c++/14.3.1/bits\stl_iterator.h ****       typedef typename __traits_type::pointer   	pointer;
1058:C:/Program Files (x86)/Arm GNU Toolchain arm-none-eabi/14.3 rel1/arm-none-eabi/include/c++/14.3.1/bits\stl_iterator.h **** 
1059:C:/Program Files (x86)/Arm GNU Toolchain arm-none-eabi/14.3 rel1/arm-none-eabi/include/c++/14.3.1/bits\stl_iterator.h **** #if __cplusplus > 201703L && __glibcxx_concepts
1060:C:/Program Files (x86)/Arm GNU Toolchain arm-none-eabi/14.3 rel1/arm-none-eabi/include/c++/14.3.1/bits\stl_iterator.h ****       using iterator_concept = std::__detail::__iter_concept<_Iterator>;
1061:C:/Program Files (x86)/Arm GNU Toolchain arm-none-eabi/14.3 rel1/arm-none-eabi/include/c++/14.3.1/bits\stl_iterator.h **** #endif
1062:C:/Program Files (x86)/Arm GNU Toolchain arm-none-eabi/14.3 rel1/arm-none-eabi/include/c++/14.3.1/bits\stl_iterator.h **** 
1063:C:/Program Files (x86)/Arm GNU Toolchain arm-none-eabi/14.3 rel1/arm-none-eabi/include/c++/14.3.1/bits\stl_iterator.h ****       _GLIBCXX_CONSTEXPR __normal_iterator() _GLIBCXX_NOEXCEPT
1064:C:/Program Files (x86)/Arm GNU Toolchain arm-none-eabi/14.3 rel1/arm-none-eabi/include/c++/14.3.1/bits\stl_iterator.h ****       : _M_current(_Iterator()) { }
1065:C:/Program Files (x86)/Arm GNU Toolchain arm-none-eabi/14.3 rel1/arm-none-eabi/include/c++/14.3.1/bits\stl_iterator.h **** 
1066:C:/Program Files (x86)/Arm GNU Toolchain arm-none-eabi/14.3 rel1/arm-none-eabi/include/c++/14.3.1/bits\stl_iterator.h ****       explicit _GLIBCXX20_CONSTEXPR
1067:C:/Program Files (x86)/Arm GNU Toolchain arm-none-eabi/14.3 rel1/arm-none-eabi/include/c++/14.3.1/bits\stl_iterator.h ****       __normal_iterator(const _Iterator& __i) _GLIBCXX_NOEXCEPT
 981              		.loc 4 1067 7 view .LVU250
 982              		.loc 4 1067 7 is_stmt 0 view .LVU251
 983              	.LBE201:
 984              	.LBE200:
 985              	.LBB202:
ARM GAS  C:\Users\Oliver\AppData\Local\Temp\ccukWDDi.s 			page 65


 986              	.LBI202:
1068:C:/Program Files (x86)/Arm GNU Toolchain arm-none-eabi/14.3 rel1/arm-none-eabi/include/c++/14.3.1/bits\stl_iterator.h ****       : _M_current(__i) { }
1069:C:/Program Files (x86)/Arm GNU Toolchain arm-none-eabi/14.3 rel1/arm-none-eabi/include/c++/14.3.1/bits\stl_iterator.h **** 
1070:C:/Program Files (x86)/Arm GNU Toolchain arm-none-eabi/14.3 rel1/arm-none-eabi/include/c++/14.3.1/bits\stl_iterator.h ****       // Allow iterator to const_iterator conversion
1071:C:/Program Files (x86)/Arm GNU Toolchain arm-none-eabi/14.3 rel1/arm-none-eabi/include/c++/14.3.1/bits\stl_iterator.h **** #if __cplusplus >= 201103L
1072:C:/Program Files (x86)/Arm GNU Toolchain arm-none-eabi/14.3 rel1/arm-none-eabi/include/c++/14.3.1/bits\stl_iterator.h ****       template<typename _Iter, typename = __convertible_from<_Iter>>
1073:C:/Program Files (x86)/Arm GNU Toolchain arm-none-eabi/14.3 rel1/arm-none-eabi/include/c++/14.3.1/bits\stl_iterator.h **** 	_GLIBCXX20_CONSTEXPR
1074:C:/Program Files (x86)/Arm GNU Toolchain arm-none-eabi/14.3 rel1/arm-none-eabi/include/c++/14.3.1/bits\stl_iterator.h **** 	__normal_iterator(const __normal_iterator<_Iter, _Container>& __i)
1075:C:/Program Files (x86)/Arm GNU Toolchain arm-none-eabi/14.3 rel1/arm-none-eabi/include/c++/14.3.1/bits\stl_iterator.h **** 	noexcept
1076:C:/Program Files (x86)/Arm GNU Toolchain arm-none-eabi/14.3 rel1/arm-none-eabi/include/c++/14.3.1/bits\stl_iterator.h **** #else
1077:C:/Program Files (x86)/Arm GNU Toolchain arm-none-eabi/14.3 rel1/arm-none-eabi/include/c++/14.3.1/bits\stl_iterator.h ****       // N.B. _Container::pointer is not actually in container requirements,
1078:C:/Program Files (x86)/Arm GNU Toolchain arm-none-eabi/14.3 rel1/arm-none-eabi/include/c++/14.3.1/bits\stl_iterator.h ****       // but is present in std::vector and std::basic_string.
1079:C:/Program Files (x86)/Arm GNU Toolchain arm-none-eabi/14.3 rel1/arm-none-eabi/include/c++/14.3.1/bits\stl_iterator.h ****       template<typename _Iter>
1080:C:/Program Files (x86)/Arm GNU Toolchain arm-none-eabi/14.3 rel1/arm-none-eabi/include/c++/14.3.1/bits\stl_iterator.h ****         __normal_iterator(const __normal_iterator<_Iter,
1081:C:/Program Files (x86)/Arm GNU Toolchain arm-none-eabi/14.3 rel1/arm-none-eabi/include/c++/14.3.1/bits\stl_iterator.h **** 			  typename __enable_if<
1082:C:/Program Files (x86)/Arm GNU Toolchain arm-none-eabi/14.3 rel1/arm-none-eabi/include/c++/14.3.1/bits\stl_iterator.h **** 	       (std::__are_same<_Iter, typename _Container::pointer>::__value),
1083:C:/Program Files (x86)/Arm GNU Toolchain arm-none-eabi/14.3 rel1/arm-none-eabi/include/c++/14.3.1/bits\stl_iterator.h **** 		      _Container>::__type>& __i)
1084:C:/Program Files (x86)/Arm GNU Toolchain arm-none-eabi/14.3 rel1/arm-none-eabi/include/c++/14.3.1/bits\stl_iterator.h **** #endif
1085:C:/Program Files (x86)/Arm GNU Toolchain arm-none-eabi/14.3 rel1/arm-none-eabi/include/c++/14.3.1/bits\stl_iterator.h ****         : _M_current(__i.base()) { }
1086:C:/Program Files (x86)/Arm GNU Toolchain arm-none-eabi/14.3 rel1/arm-none-eabi/include/c++/14.3.1/bits\stl_iterator.h **** 
1087:C:/Program Files (x86)/Arm GNU Toolchain arm-none-eabi/14.3 rel1/arm-none-eabi/include/c++/14.3.1/bits\stl_iterator.h ****       // Forward iterator requirements
1088:C:/Program Files (x86)/Arm GNU Toolchain arm-none-eabi/14.3 rel1/arm-none-eabi/include/c++/14.3.1/bits\stl_iterator.h ****       _GLIBCXX20_CONSTEXPR
1089:C:/Program Files (x86)/Arm GNU Toolchain arm-none-eabi/14.3 rel1/arm-none-eabi/include/c++/14.3.1/bits\stl_iterator.h ****       reference
1090:C:/Program Files (x86)/Arm GNU Toolchain arm-none-eabi/14.3 rel1/arm-none-eabi/include/c++/14.3.1/bits\stl_iterator.h ****       operator*() const _GLIBCXX_NOEXCEPT
1091:C:/Program Files (x86)/Arm GNU Toolchain arm-none-eabi/14.3 rel1/arm-none-eabi/include/c++/14.3.1/bits\stl_iterator.h ****       { return *_M_current; }
1092:C:/Program Files (x86)/Arm GNU Toolchain arm-none-eabi/14.3 rel1/arm-none-eabi/include/c++/14.3.1/bits\stl_iterator.h **** 
1093:C:/Program Files (x86)/Arm GNU Toolchain arm-none-eabi/14.3 rel1/arm-none-eabi/include/c++/14.3.1/bits\stl_iterator.h ****       _GLIBCXX20_CONSTEXPR
1094:C:/Program Files (x86)/Arm GNU Toolchain arm-none-eabi/14.3 rel1/arm-none-eabi/include/c++/14.3.1/bits\stl_iterator.h ****       pointer
1095:C:/Program Files (x86)/Arm GNU Toolchain arm-none-eabi/14.3 rel1/arm-none-eabi/include/c++/14.3.1/bits\stl_iterator.h ****       operator->() const _GLIBCXX_NOEXCEPT
1096:C:/Program Files (x86)/Arm GNU Toolchain arm-none-eabi/14.3 rel1/arm-none-eabi/include/c++/14.3.1/bits\stl_iterator.h ****       { return _M_current; }
1097:C:/Program Files (x86)/Arm GNU Toolchain arm-none-eabi/14.3 rel1/arm-none-eabi/include/c++/14.3.1/bits\stl_iterator.h **** 
1098:C:/Program Files (x86)/Arm GNU Toolchain arm-none-eabi/14.3 rel1/arm-none-eabi/include/c++/14.3.1/bits\stl_iterator.h ****       _GLIBCXX20_CONSTEXPR
1099:C:/Program Files (x86)/Arm GNU Toolchain arm-none-eabi/14.3 rel1/arm-none-eabi/include/c++/14.3.1/bits\stl_iterator.h ****       __normal_iterator&
1100:C:/Program Files (x86)/Arm GNU Toolchain arm-none-eabi/14.3 rel1/arm-none-eabi/include/c++/14.3.1/bits\stl_iterator.h ****       operator++() _GLIBCXX_NOEXCEPT
1101:C:/Program Files (x86)/Arm GNU Toolchain arm-none-eabi/14.3 rel1/arm-none-eabi/include/c++/14.3.1/bits\stl_iterator.h ****       {
1102:C:/Program Files (x86)/Arm GNU Toolchain arm-none-eabi/14.3 rel1/arm-none-eabi/include/c++/14.3.1/bits\stl_iterator.h **** 	++_M_current;
1103:C:/Program Files (x86)/Arm GNU Toolchain arm-none-eabi/14.3 rel1/arm-none-eabi/include/c++/14.3.1/bits\stl_iterator.h **** 	return *this;
1104:C:/Program Files (x86)/Arm GNU Toolchain arm-none-eabi/14.3 rel1/arm-none-eabi/include/c++/14.3.1/bits\stl_iterator.h ****       }
1105:C:/Program Files (x86)/Arm GNU Toolchain arm-none-eabi/14.3 rel1/arm-none-eabi/include/c++/14.3.1/bits\stl_iterator.h **** 
1106:C:/Program Files (x86)/Arm GNU Toolchain arm-none-eabi/14.3 rel1/arm-none-eabi/include/c++/14.3.1/bits\stl_iterator.h ****       _GLIBCXX20_CONSTEXPR
1107:C:/Program Files (x86)/Arm GNU Toolchain arm-none-eabi/14.3 rel1/arm-none-eabi/include/c++/14.3.1/bits\stl_iterator.h ****       __normal_iterator
1108:C:/Program Files (x86)/Arm GNU Toolchain arm-none-eabi/14.3 rel1/arm-none-eabi/include/c++/14.3.1/bits\stl_iterator.h ****       operator++(int) _GLIBCXX_NOEXCEPT
1109:C:/Program Files (x86)/Arm GNU Toolchain arm-none-eabi/14.3 rel1/arm-none-eabi/include/c++/14.3.1/bits\stl_iterator.h ****       { return __normal_iterator(_M_current++); }
1110:C:/Program Files (x86)/Arm GNU Toolchain arm-none-eabi/14.3 rel1/arm-none-eabi/include/c++/14.3.1/bits\stl_iterator.h **** 
1111:C:/Program Files (x86)/Arm GNU Toolchain arm-none-eabi/14.3 rel1/arm-none-eabi/include/c++/14.3.1/bits\stl_iterator.h ****       // Bidirectional iterator requirements
1112:C:/Program Files (x86)/Arm GNU Toolchain arm-none-eabi/14.3 rel1/arm-none-eabi/include/c++/14.3.1/bits\stl_iterator.h ****       _GLIBCXX20_CONSTEXPR
1113:C:/Program Files (x86)/Arm GNU Toolchain arm-none-eabi/14.3 rel1/arm-none-eabi/include/c++/14.3.1/bits\stl_iterator.h ****       __normal_iterator&
1114:C:/Program Files (x86)/Arm GNU Toolchain arm-none-eabi/14.3 rel1/arm-none-eabi/include/c++/14.3.1/bits\stl_iterator.h ****       operator--() _GLIBCXX_NOEXCEPT
1115:C:/Program Files (x86)/Arm GNU Toolchain arm-none-eabi/14.3 rel1/arm-none-eabi/include/c++/14.3.1/bits\stl_iterator.h ****       {
1116:C:/Program Files (x86)/Arm GNU Toolchain arm-none-eabi/14.3 rel1/arm-none-eabi/include/c++/14.3.1/bits\stl_iterator.h **** 	--_M_current;
1117:C:/Program Files (x86)/Arm GNU Toolchain arm-none-eabi/14.3 rel1/arm-none-eabi/include/c++/14.3.1/bits\stl_iterator.h **** 	return *this;
1118:C:/Program Files (x86)/Arm GNU Toolchain arm-none-eabi/14.3 rel1/arm-none-eabi/include/c++/14.3.1/bits\stl_iterator.h ****       }
1119:C:/Program Files (x86)/Arm GNU Toolchain arm-none-eabi/14.3 rel1/arm-none-eabi/include/c++/14.3.1/bits\stl_iterator.h **** 
1120:C:/Program Files (x86)/Arm GNU Toolchain arm-none-eabi/14.3 rel1/arm-none-eabi/include/c++/14.3.1/bits\stl_iterator.h ****       _GLIBCXX20_CONSTEXPR
1121:C:/Program Files (x86)/Arm GNU Toolchain arm-none-eabi/14.3 rel1/arm-none-eabi/include/c++/14.3.1/bits\stl_iterator.h ****       __normal_iterator
1122:C:/Program Files (x86)/Arm GNU Toolchain arm-none-eabi/14.3 rel1/arm-none-eabi/include/c++/14.3.1/bits\stl_iterator.h ****       operator--(int) _GLIBCXX_NOEXCEPT
1123:C:/Program Files (x86)/Arm GNU Toolchain arm-none-eabi/14.3 rel1/arm-none-eabi/include/c++/14.3.1/bits\stl_iterator.h ****       { return __normal_iterator(_M_current--); }
ARM GAS  C:\Users\Oliver\AppData\Local\Temp\ccukWDDi.s 			page 66


1124:C:/Program Files (x86)/Arm GNU Toolchain arm-none-eabi/14.3 rel1/arm-none-eabi/include/c++/14.3.1/bits\stl_iterator.h **** 
1125:C:/Program Files (x86)/Arm GNU Toolchain arm-none-eabi/14.3 rel1/arm-none-eabi/include/c++/14.3.1/bits\stl_iterator.h ****       // Random access iterator requirements
1126:C:/Program Files (x86)/Arm GNU Toolchain arm-none-eabi/14.3 rel1/arm-none-eabi/include/c++/14.3.1/bits\stl_iterator.h ****       _GLIBCXX20_CONSTEXPR
1127:C:/Program Files (x86)/Arm GNU Toolchain arm-none-eabi/14.3 rel1/arm-none-eabi/include/c++/14.3.1/bits\stl_iterator.h ****       reference
1128:C:/Program Files (x86)/Arm GNU Toolchain arm-none-eabi/14.3 rel1/arm-none-eabi/include/c++/14.3.1/bits\stl_iterator.h ****       operator[](difference_type __n) const _GLIBCXX_NOEXCEPT
1129:C:/Program Files (x86)/Arm GNU Toolchain arm-none-eabi/14.3 rel1/arm-none-eabi/include/c++/14.3.1/bits\stl_iterator.h ****       { return _M_current[__n]; }
1130:C:/Program Files (x86)/Arm GNU Toolchain arm-none-eabi/14.3 rel1/arm-none-eabi/include/c++/14.3.1/bits\stl_iterator.h **** 
1131:C:/Program Files (x86)/Arm GNU Toolchain arm-none-eabi/14.3 rel1/arm-none-eabi/include/c++/14.3.1/bits\stl_iterator.h ****       _GLIBCXX20_CONSTEXPR
1132:C:/Program Files (x86)/Arm GNU Toolchain arm-none-eabi/14.3 rel1/arm-none-eabi/include/c++/14.3.1/bits\stl_iterator.h ****       __normal_iterator&
1133:C:/Program Files (x86)/Arm GNU Toolchain arm-none-eabi/14.3 rel1/arm-none-eabi/include/c++/14.3.1/bits\stl_iterator.h ****       operator+=(difference_type __n) _GLIBCXX_NOEXCEPT
1134:C:/Program Files (x86)/Arm GNU Toolchain arm-none-eabi/14.3 rel1/arm-none-eabi/include/c++/14.3.1/bits\stl_iterator.h ****       { _M_current += __n; return *this; }
1135:C:/Program Files (x86)/Arm GNU Toolchain arm-none-eabi/14.3 rel1/arm-none-eabi/include/c++/14.3.1/bits\stl_iterator.h **** 
1136:C:/Program Files (x86)/Arm GNU Toolchain arm-none-eabi/14.3 rel1/arm-none-eabi/include/c++/14.3.1/bits\stl_iterator.h ****       _GLIBCXX20_CONSTEXPR
1137:C:/Program Files (x86)/Arm GNU Toolchain arm-none-eabi/14.3 rel1/arm-none-eabi/include/c++/14.3.1/bits\stl_iterator.h ****       __normal_iterator
1138:C:/Program Files (x86)/Arm GNU Toolchain arm-none-eabi/14.3 rel1/arm-none-eabi/include/c++/14.3.1/bits\stl_iterator.h ****       operator+(difference_type __n) const _GLIBCXX_NOEXCEPT
1139:C:/Program Files (x86)/Arm GNU Toolchain arm-none-eabi/14.3 rel1/arm-none-eabi/include/c++/14.3.1/bits\stl_iterator.h ****       { return __normal_iterator(_M_current + __n); }
1140:C:/Program Files (x86)/Arm GNU Toolchain arm-none-eabi/14.3 rel1/arm-none-eabi/include/c++/14.3.1/bits\stl_iterator.h **** 
1141:C:/Program Files (x86)/Arm GNU Toolchain arm-none-eabi/14.3 rel1/arm-none-eabi/include/c++/14.3.1/bits\stl_iterator.h ****       _GLIBCXX20_CONSTEXPR
1142:C:/Program Files (x86)/Arm GNU Toolchain arm-none-eabi/14.3 rel1/arm-none-eabi/include/c++/14.3.1/bits\stl_iterator.h ****       __normal_iterator&
1143:C:/Program Files (x86)/Arm GNU Toolchain arm-none-eabi/14.3 rel1/arm-none-eabi/include/c++/14.3.1/bits\stl_iterator.h ****       operator-=(difference_type __n) _GLIBCXX_NOEXCEPT
1144:C:/Program Files (x86)/Arm GNU Toolchain arm-none-eabi/14.3 rel1/arm-none-eabi/include/c++/14.3.1/bits\stl_iterator.h ****       { _M_current -= __n; return *this; }
1145:C:/Program Files (x86)/Arm GNU Toolchain arm-none-eabi/14.3 rel1/arm-none-eabi/include/c++/14.3.1/bits\stl_iterator.h **** 
1146:C:/Program Files (x86)/Arm GNU Toolchain arm-none-eabi/14.3 rel1/arm-none-eabi/include/c++/14.3.1/bits\stl_iterator.h ****       _GLIBCXX20_CONSTEXPR
1147:C:/Program Files (x86)/Arm GNU Toolchain arm-none-eabi/14.3 rel1/arm-none-eabi/include/c++/14.3.1/bits\stl_iterator.h ****       __normal_iterator
1148:C:/Program Files (x86)/Arm GNU Toolchain arm-none-eabi/14.3 rel1/arm-none-eabi/include/c++/14.3.1/bits\stl_iterator.h ****       operator-(difference_type __n) const _GLIBCXX_NOEXCEPT
 987              		.loc 4 1148 7 is_stmt 1 view .LVU252
 988              	.LBB203:
 989              	.LBI203:
1067:C:/Program Files (x86)/Arm GNU Toolchain arm-none-eabi/14.3 rel1/arm-none-eabi/include/c++/14.3.1/bits\stl_iterator.h ****       : _M_current(__i) { }
 990              		.loc 4 1067 7 view .LVU253
1067:C:/Program Files (x86)/Arm GNU Toolchain arm-none-eabi/14.3 rel1/arm-none-eabi/include/c++/14.3.1/bits\stl_iterator.h ****       : _M_current(__i) { }
 991              		.loc 4 1067 7 is_stmt 0 view .LVU254
 992              	.LBE203:
 993              	.LBE202:
 994              	.LBE199:
  46:effects/streetseffect.cpp ****     parameters_.back()->SetScaleFactor(100.0f);
 995              		.loc 1 46 39 discriminator 1 view .LVU255
 996 0046 E368     		ldr	r3, [r4, #12]
 997 0048 0121     		movs	r1, #1
 998 004a 53F8040C 		ldr	r0, [r3, #-4]
 999 004e FFF7FEFF 		bl	_ZN11perspective15EffectParameter14SetDisplayTypeENS_11DisplayTypeE
 1000              	.LVL99:
  47:effects/streetseffect.cpp ****     
 1001              		.loc 1 47 5 is_stmt 1 view .LVU256
 1002              	.LBB204:
 1003              	.LBI204:
 1004              		.loc 2 1248 7 view .LVU257
 1005              	.LBB205:
 1006              	.LBI205:
 906:C:/Program Files (x86)/Arm GNU Toolchain arm-none-eabi/14.3 rel1/arm-none-eabi/include/c++/14.3.1/bits\stl_vector.h ****       { return iterator(this->_M_impl._M_finish); }
 1007              		.loc 2 906 7 view .LVU258
 1008              	.LBB206:
 1009              	.LBI206:
1067:C:/Program Files (x86)/Arm GNU Toolchain arm-none-eabi/14.3 rel1/arm-none-eabi/include/c++/14.3.1/bits\stl_iterator.h ****       : _M_current(__i) { }
 1010              		.loc 4 1067 7 view .LVU259
1067:C:/Program Files (x86)/Arm GNU Toolchain arm-none-eabi/14.3 rel1/arm-none-eabi/include/c++/14.3.1/bits\stl_iterator.h ****       : _M_current(__i) { }
 1011              		.loc 4 1067 7 is_stmt 0 view .LVU260
ARM GAS  C:\Users\Oliver\AppData\Local\Temp\ccukWDDi.s 			page 67


 1012              	.LBE206:
 1013              	.LBE205:
 1014              	.LBB207:
 1015              	.LBI207:
 1016              		.loc 4 1148 7 is_stmt 1 view .LVU261
 1017              	.LBB208:
 1018              	.LBI208:
1067:C:/Program Files (x86)/Arm GNU Toolchain arm-none-eabi/14.3 rel1/arm-none-eabi/include/c++/14.3.1/bits\stl_iterator.h ****       : _M_current(__i) { }
 1019              		.loc 4 1067 7 view .LVU262
1067:C:/Program Files (x86)/Arm GNU Toolchain arm-none-eabi/14.3 rel1/arm-none-eabi/include/c++/14.3.1/bits\stl_iterator.h ****       : _M_current(__i) { }
 1020              		.loc 4 1067 7 is_stmt 0 view .LVU263
 1021              	.LBE208:
 1022              	.LBE207:
 1023              	.LBE204:
  47:effects/streetseffect.cpp ****     
 1024              		.loc 1 47 39 discriminator 1 view .LVU264
 1025 0052 E368     		ldr	r3, [r4, #12]
 1026 0054 9FED9A0A 		vldr.32	s0, .L56+8
 1027 0058 53F8040C 		ldr	r0, [r3, #-4]
 1028 005c FFF7FEFF 		bl	_ZN11perspective15EffectParameter14SetScaleFactorEf
 1029              	.LVL100:
  49:effects/streetseffect.cpp ****     parameters_.back()->SetDisplayType(DisplayType::SCALED);
 1030              		.loc 1 49 5 is_stmt 1 view .LVU265
  49:effects/streetseffect.cpp ****     parameters_.back()->SetDisplayType(DisplayType::SCALED);
 1031              		.loc 1 49 107 is_stmt 0 view .LVU266
 1032 0060 3020     		movs	r0, #48
 1033 0062 FFF7FEFF 		bl	_Znwj
 1034              	.LVL101:
 1035 0066 0746     		mov	r7, r0
  49:effects/streetseffect.cpp ****     parameters_.back()->SetDisplayType(DisplayType::SCALED);
 1036              		.loc 1 49 107 discriminator 1 view .LVU267
 1037 0068 B6EE001A 		vmov.f32	s2, #5.0e-1
 1038 006c DFED950A 		vldr.32	s1, .L56+12
 1039 0070 2A46     		mov	r2, r5
 1040 0072 9FED910A 		vldr.32	s0, .L56
 1041 0076 3346     		mov	r3, r6
 1042 0078 9349     		ldr	r1, .L56+16
 1043 007a 0096     		str	r6, [sp]
 1044 007c FFF7FEFF 		bl	_ZN11perspective22PotentiometerParameterC1EPKcfffNS_8PotCurveEii
 1045              	.LVL102:
  49:effects/streetseffect.cpp ****     parameters_.back()->SetDisplayType(DisplayType::SCALED);
 1046              		.loc 1 49 17 discriminator 2 view .LVU268
 1047 0080 3946     		mov	r1, r7
 1048 0082 2046     		mov	r0, r4
  53:effects/streetseffect.cpp ****     parameters_.back()->SetDisplayType(DisplayType::DISCRETE);
 1049              		.loc 1 53 109 discriminator 1 view .LVU269
 1050 0084 0227     		movs	r7, #2
  49:effects/streetseffect.cpp ****     parameters_.back()->SetDisplayType(DisplayType::SCALED);
 1051              		.loc 1 49 17 discriminator 2 view .LVU270
 1052 0086 FFF7FEFF 		bl	_ZN11perspective6Effect12AddParameterEPNS_15EffectParameterE
 1053              	.LVL103:
  50:effects/streetseffect.cpp ****     parameters_.back()->SetScaleFactor(100.0f);
 1054              		.loc 1 50 5 is_stmt 1 view .LVU271
 1055              	.LBB209:
 1056              	.LBI209:
 1057              		.loc 2 1248 7 view .LVU272
 1058              	.LBB210:
ARM GAS  C:\Users\Oliver\AppData\Local\Temp\ccukWDDi.s 			page 68


 1059              	.LBI210:
 906:C:/Program Files (x86)/Arm GNU Toolchain arm-none-eabi/14.3 rel1/arm-none-eabi/include/c++/14.3.1/bits\stl_vector.h ****       { return iterator(this->_M_impl._M_finish); }
 1060              		.loc 2 906 7 view .LVU273
 1061              	.LBB211:
 1062              	.LBI211:
1067:C:/Program Files (x86)/Arm GNU Toolchain arm-none-eabi/14.3 rel1/arm-none-eabi/include/c++/14.3.1/bits\stl_iterator.h ****       : _M_current(__i) { }
 1063              		.loc 4 1067 7 view .LVU274
1067:C:/Program Files (x86)/Arm GNU Toolchain arm-none-eabi/14.3 rel1/arm-none-eabi/include/c++/14.3.1/bits\stl_iterator.h ****       : _M_current(__i) { }
 1064              		.loc 4 1067 7 is_stmt 0 view .LVU275
 1065              	.LBE211:
 1066              	.LBE210:
 1067              	.LBB212:
 1068              	.LBI212:
 1069              		.loc 4 1148 7 is_stmt 1 view .LVU276
 1070              	.LBB213:
 1071              	.LBI213:
1067:C:/Program Files (x86)/Arm GNU Toolchain arm-none-eabi/14.3 rel1/arm-none-eabi/include/c++/14.3.1/bits\stl_iterator.h ****       : _M_current(__i) { }
 1072              		.loc 4 1067 7 view .LVU277
1067:C:/Program Files (x86)/Arm GNU Toolchain arm-none-eabi/14.3 rel1/arm-none-eabi/include/c++/14.3.1/bits\stl_iterator.h ****       : _M_current(__i) { }
 1073              		.loc 4 1067 7 is_stmt 0 view .LVU278
 1074              	.LBE213:
 1075              	.LBE212:
 1076              	.LBE209:
  50:effects/streetseffect.cpp ****     parameters_.back()->SetScaleFactor(100.0f);
 1077              		.loc 1 50 39 discriminator 1 view .LVU279
 1078 008a E368     		ldr	r3, [r4, #12]
 1079 008c 3146     		mov	r1, r6
 1080 008e 53F8040C 		ldr	r0, [r3, #-4]
 1081 0092 FFF7FEFF 		bl	_ZN11perspective15EffectParameter14SetDisplayTypeENS_11DisplayTypeE
 1082              	.LVL104:
  51:effects/streetseffect.cpp ****     
 1083              		.loc 1 51 5 is_stmt 1 view .LVU280
 1084              	.LBB214:
 1085              	.LBI214:
 1086              		.loc 2 1248 7 view .LVU281
 1087              	.LBB215:
 1088              	.LBI215:
 906:C:/Program Files (x86)/Arm GNU Toolchain arm-none-eabi/14.3 rel1/arm-none-eabi/include/c++/14.3.1/bits\stl_vector.h ****       { return iterator(this->_M_impl._M_finish); }
 1089              		.loc 2 906 7 view .LVU282
 1090              	.LBB216:
 1091              	.LBI216:
1067:C:/Program Files (x86)/Arm GNU Toolchain arm-none-eabi/14.3 rel1/arm-none-eabi/include/c++/14.3.1/bits\stl_iterator.h ****       : _M_current(__i) { }
 1092              		.loc 4 1067 7 view .LVU283
1067:C:/Program Files (x86)/Arm GNU Toolchain arm-none-eabi/14.3 rel1/arm-none-eabi/include/c++/14.3.1/bits\stl_iterator.h ****       : _M_current(__i) { }
 1093              		.loc 4 1067 7 is_stmt 0 view .LVU284
 1094              	.LBE216:
 1095              	.LBE215:
 1096              	.LBB217:
 1097              	.LBI217:
 1098              		.loc 4 1148 7 is_stmt 1 view .LVU285
 1099              	.LBB218:
 1100              	.LBI218:
1067:C:/Program Files (x86)/Arm GNU Toolchain arm-none-eabi/14.3 rel1/arm-none-eabi/include/c++/14.3.1/bits\stl_iterator.h ****       : _M_current(__i) { }
 1101              		.loc 4 1067 7 view .LVU286
1067:C:/Program Files (x86)/Arm GNU Toolchain arm-none-eabi/14.3 rel1/arm-none-eabi/include/c++/14.3.1/bits\stl_iterator.h ****       : _M_current(__i) { }
 1102              		.loc 4 1067 7 is_stmt 0 view .LVU287
 1103              	.LBE218:
ARM GAS  C:\Users\Oliver\AppData\Local\Temp\ccukWDDi.s 			page 69


 1104              	.LBE217:
 1105              	.LBE214:
  51:effects/streetseffect.cpp ****     
 1106              		.loc 1 51 39 discriminator 1 view .LVU288
 1107 0096 E368     		ldr	r3, [r4, #12]
 1108 0098 9FED890A 		vldr.32	s0, .L56+8
 1109 009c 53F8040C 		ldr	r0, [r3, #-4]
 1110 00a0 FFF7FEFF 		bl	_ZN11perspective15EffectParameter14SetScaleFactorEf
 1111              	.LVL105:
  53:effects/streetseffect.cpp ****     parameters_.back()->SetDisplayType(DisplayType::DISCRETE);
 1112              		.loc 1 53 5 is_stmt 1 view .LVU289
  53:effects/streetseffect.cpp ****     parameters_.back()->SetDisplayType(DisplayType::DISCRETE);
 1113              		.loc 1 53 109 is_stmt 0 view .LVU290
 1114 00a4 3020     		movs	r0, #48
 1115 00a6 FFF7FEFF 		bl	_Znwj
 1116              	.LVL106:
 1117 00aa 8046     		mov	r8, r0
  53:effects/streetseffect.cpp ****     parameters_.back()->SetDisplayType(DisplayType::DISCRETE);
 1118              		.loc 1 53 109 discriminator 1 view .LVU291
 1119 00ac B0EE001A 		vmov.f32	s2, #2.0e+0
 1120 00b0 9FED810A 		vldr.32	s0, .L56
 1121 00b4 F1EE080A 		vmov.f32	s1, #6.0e+0
 1122 00b8 2A46     		mov	r2, r5
 1123 00ba 3B46     		mov	r3, r7
 1124 00bc 8349     		ldr	r1, .L56+20
 1125 00be 0097     		str	r7, [sp]
 1126 00c0 FFF7FEFF 		bl	_ZN11perspective22PotentiometerParameterC1EPKcfffNS_8PotCurveEii
 1127              	.LVL107:
  53:effects/streetseffect.cpp ****     parameters_.back()->SetDisplayType(DisplayType::DISCRETE);
 1128              		.loc 1 53 17 discriminator 2 view .LVU292
 1129 00c4 4146     		mov	r1, r8
 1130 00c6 2046     		mov	r0, r4
  58:effects/streetseffect.cpp ****     parameters_.back()->SetDisplayType(DisplayType::SCALED);
 1131              		.loc 1 58 102 discriminator 1 view .LVU293
 1132 00c8 4FF00408 		mov	r8, #4
  53:effects/streetseffect.cpp ****     parameters_.back()->SetDisplayType(DisplayType::DISCRETE);
 1133              		.loc 1 53 17 discriminator 2 view .LVU294
 1134 00cc FFF7FEFF 		bl	_ZN11perspective6Effect12AddParameterEPNS_15EffectParameterE
 1135              	.LVL108:
  54:effects/streetseffect.cpp ****     parameters_.back()->SetDiscreteValues(subDivisions, 7);
 1136              		.loc 1 54 5 is_stmt 1 view .LVU295
 1137              	.LBB219:
 1138              	.LBI219:
 1139              		.loc 2 1248 7 view .LVU296
 1140              	.LBB220:
 1141              	.LBI220:
 906:C:/Program Files (x86)/Arm GNU Toolchain arm-none-eabi/14.3 rel1/arm-none-eabi/include/c++/14.3.1/bits\stl_vector.h ****       { return iterator(this->_M_impl._M_finish); }
 1142              		.loc 2 906 7 view .LVU297
 1143              	.LBB221:
 1144              	.LBI221:
1067:C:/Program Files (x86)/Arm GNU Toolchain arm-none-eabi/14.3 rel1/arm-none-eabi/include/c++/14.3.1/bits\stl_iterator.h ****       : _M_current(__i) { }
 1145              		.loc 4 1067 7 view .LVU298
1067:C:/Program Files (x86)/Arm GNU Toolchain arm-none-eabi/14.3 rel1/arm-none-eabi/include/c++/14.3.1/bits\stl_iterator.h ****       : _M_current(__i) { }
 1146              		.loc 4 1067 7 is_stmt 0 view .LVU299
 1147              	.LBE221:
 1148              	.LBE220:
 1149              	.LBB222:
ARM GAS  C:\Users\Oliver\AppData\Local\Temp\ccukWDDi.s 			page 70


 1150              	.LBI222:
 1151              		.loc 4 1148 7 is_stmt 1 view .LVU300
 1152              	.LBB223:
 1153              	.LBI223:
1067:C:/Program Files (x86)/Arm GNU Toolchain arm-none-eabi/14.3 rel1/arm-none-eabi/include/c++/14.3.1/bits\stl_iterator.h ****       : _M_current(__i) { }
 1154              		.loc 4 1067 7 view .LVU301
1067:C:/Program Files (x86)/Arm GNU Toolchain arm-none-eabi/14.3 rel1/arm-none-eabi/include/c++/14.3.1/bits\stl_iterator.h ****       : _M_current(__i) { }
 1155              		.loc 4 1067 7 is_stmt 0 view .LVU302
 1156              	.LBE223:
 1157              	.LBE222:
 1158              	.LBE219:
  54:effects/streetseffect.cpp ****     parameters_.back()->SetDiscreteValues(subDivisions, 7);
 1159              		.loc 1 54 39 discriminator 1 view .LVU303
 1160 00d0 E368     		ldr	r3, [r4, #12]
 1161 00d2 3946     		mov	r1, r7
 1162 00d4 53F8040C 		ldr	r0, [r3, #-4]
 1163 00d8 FFF7FEFF 		bl	_ZN11perspective15EffectParameter14SetDisplayTypeENS_11DisplayTypeE
 1164              	.LVL109:
  55:effects/streetseffect.cpp ****     
 1165              		.loc 1 55 5 is_stmt 1 view .LVU304
 1166              	.LBB224:
 1167              	.LBI224:
 1168              		.loc 2 1248 7 view .LVU305
 1169              	.LBB225:
 1170              	.LBI225:
 906:C:/Program Files (x86)/Arm GNU Toolchain arm-none-eabi/14.3 rel1/arm-none-eabi/include/c++/14.3.1/bits\stl_vector.h ****       { return iterator(this->_M_impl._M_finish); }
 1171              		.loc 2 906 7 view .LVU306
 1172              	.LBB226:
 1173              	.LBI226:
1067:C:/Program Files (x86)/Arm GNU Toolchain arm-none-eabi/14.3 rel1/arm-none-eabi/include/c++/14.3.1/bits\stl_iterator.h ****       : _M_current(__i) { }
 1174              		.loc 4 1067 7 view .LVU307
1067:C:/Program Files (x86)/Arm GNU Toolchain arm-none-eabi/14.3 rel1/arm-none-eabi/include/c++/14.3.1/bits\stl_iterator.h ****       : _M_current(__i) { }
 1175              		.loc 4 1067 7 is_stmt 0 view .LVU308
 1176              	.LBE226:
 1177              	.LBE225:
 1178              	.LBB227:
 1179              	.LBI227:
 1180              		.loc 4 1148 7 is_stmt 1 view .LVU309
 1181              	.LBB228:
 1182              	.LBI228:
1067:C:/Program Files (x86)/Arm GNU Toolchain arm-none-eabi/14.3 rel1/arm-none-eabi/include/c++/14.3.1/bits\stl_iterator.h ****       : _M_current(__i) { }
 1183              		.loc 4 1067 7 view .LVU310
1067:C:/Program Files (x86)/Arm GNU Toolchain arm-none-eabi/14.3 rel1/arm-none-eabi/include/c++/14.3.1/bits\stl_iterator.h ****       : _M_current(__i) { }
 1184              		.loc 4 1067 7 is_stmt 0 view .LVU311
 1185              	.LBE228:
 1186              	.LBE227:
 1187              	.LBE224:
  55:effects/streetseffect.cpp ****     
 1188              		.loc 1 55 42 discriminator 1 view .LVU312
 1189 00dc E368     		ldr	r3, [r4, #12]
 1190 00de 0722     		movs	r2, #7
 1191 00e0 7B49     		ldr	r1, .L56+24
 1192 00e2 53F8040C 		ldr	r0, [r3, #-4]
 1193 00e6 FFF7FEFF 		bl	_ZN11perspective15EffectParameter17SetDiscreteValuesEPPKci
 1194              	.LVL110:
  58:effects/streetseffect.cpp ****     parameters_.back()->SetDisplayType(DisplayType::SCALED);
 1195              		.loc 1 58 5 is_stmt 1 view .LVU313
ARM GAS  C:\Users\Oliver\AppData\Local\Temp\ccukWDDi.s 			page 71


  58:effects/streetseffect.cpp ****     parameters_.back()->SetDisplayType(DisplayType::SCALED);
 1196              		.loc 1 58 102 is_stmt 0 view .LVU314
 1197 00ea 3020     		movs	r0, #48
 1198 00ec FFF7FEFF 		bl	_Znwj
 1199              	.LVL111:
 1200 00f0 8146     		mov	r9, r0
  58:effects/streetseffect.cpp ****     parameters_.back()->SetDisplayType(DisplayType::SCALED);
 1201              		.loc 1 58 102 discriminator 1 view .LVU315
 1202 00f2 F7EE000A 		vmov.f32	s1, #1.0e+0
 1203 00f6 9FED771A 		vldr.32	s2, .L56+28
 1204 00fa 2A46     		mov	r2, r5
 1205 00fc 9FED6E0A 		vldr.32	s0, .L56
 1206 0100 0323     		movs	r3, #3
 1207 0102 7549     		ldr	r1, .L56+32
 1208 0104 CDF80080 		str	r8, [sp]
 1209 0108 FFF7FEFF 		bl	_ZN11perspective22PotentiometerParameterC1EPKcfffNS_8PotCurveEii
 1210              	.LVL112:
  58:effects/streetseffect.cpp ****     parameters_.back()->SetDisplayType(DisplayType::SCALED);
 1211              		.loc 1 58 17 discriminator 2 view .LVU316
 1212 010c 4946     		mov	r1, r9
 1213 010e 2046     		mov	r0, r4
 1214 0110 FFF7FEFF 		bl	_ZN11perspective6Effect12AddParameterEPNS_15EffectParameterE
 1215              	.LVL113:
  59:effects/streetseffect.cpp ****     parameters_.back()->SetScaleFactor(100.0f);
 1216              		.loc 1 59 5 is_stmt 1 view .LVU317
 1217              	.LBB229:
 1218              	.LBI229:
 1219              		.loc 2 1248 7 view .LVU318
 1220              	.LBB230:
 1221              	.LBI230:
 906:C:/Program Files (x86)/Arm GNU Toolchain arm-none-eabi/14.3 rel1/arm-none-eabi/include/c++/14.3.1/bits\stl_vector.h ****       { return iterator(this->_M_impl._M_finish); }
 1222              		.loc 2 906 7 view .LVU319
 1223              	.LBB231:
 1224              	.LBI231:
1067:C:/Program Files (x86)/Arm GNU Toolchain arm-none-eabi/14.3 rel1/arm-none-eabi/include/c++/14.3.1/bits\stl_iterator.h ****       : _M_current(__i) { }
 1225              		.loc 4 1067 7 view .LVU320
1067:C:/Program Files (x86)/Arm GNU Toolchain arm-none-eabi/14.3 rel1/arm-none-eabi/include/c++/14.3.1/bits\stl_iterator.h ****       : _M_current(__i) { }
 1226              		.loc 4 1067 7 is_stmt 0 view .LVU321
 1227              	.LBE231:
 1228              	.LBE230:
 1229              	.LBB232:
 1230              	.LBI232:
 1231              		.loc 4 1148 7 is_stmt 1 view .LVU322
 1232              	.LBB233:
 1233              	.LBI233:
1067:C:/Program Files (x86)/Arm GNU Toolchain arm-none-eabi/14.3 rel1/arm-none-eabi/include/c++/14.3.1/bits\stl_iterator.h ****       : _M_current(__i) { }
 1234              		.loc 4 1067 7 view .LVU323
1067:C:/Program Files (x86)/Arm GNU Toolchain arm-none-eabi/14.3 rel1/arm-none-eabi/include/c++/14.3.1/bits\stl_iterator.h ****       : _M_current(__i) { }
 1235              		.loc 4 1067 7 is_stmt 0 view .LVU324
 1236              	.LBE233:
 1237              	.LBE232:
 1238              	.LBE229:
  59:effects/streetseffect.cpp ****     parameters_.back()->SetScaleFactor(100.0f);
 1239              		.loc 1 59 39 discriminator 1 view .LVU325
 1240 0114 E368     		ldr	r3, [r4, #12]
 1241 0116 3146     		mov	r1, r6
 1242 0118 53F8040C 		ldr	r0, [r3, #-4]
ARM GAS  C:\Users\Oliver\AppData\Local\Temp\ccukWDDi.s 			page 72


 1243 011c FFF7FEFF 		bl	_ZN11perspective15EffectParameter14SetDisplayTypeENS_11DisplayTypeE
 1244              	.LVL114:
  60:effects/streetseffect.cpp ****     
 1245              		.loc 1 60 5 is_stmt 1 view .LVU326
 1246              	.LBB234:
 1247              	.LBI234:
 1248              		.loc 2 1248 7 view .LVU327
 1249              	.LBB235:
 1250              	.LBI235:
 906:C:/Program Files (x86)/Arm GNU Toolchain arm-none-eabi/14.3 rel1/arm-none-eabi/include/c++/14.3.1/bits\stl_vector.h ****       { return iterator(this->_M_impl._M_finish); }
 1251              		.loc 2 906 7 view .LVU328
 1252              	.LBB236:
 1253              	.LBI236:
1067:C:/Program Files (x86)/Arm GNU Toolchain arm-none-eabi/14.3 rel1/arm-none-eabi/include/c++/14.3.1/bits\stl_iterator.h ****       : _M_current(__i) { }
 1254              		.loc 4 1067 7 view .LVU329
1067:C:/Program Files (x86)/Arm GNU Toolchain arm-none-eabi/14.3 rel1/arm-none-eabi/include/c++/14.3.1/bits\stl_iterator.h ****       : _M_current(__i) { }
 1255              		.loc 4 1067 7 is_stmt 0 view .LVU330
 1256              	.LBE236:
 1257              	.LBE235:
 1258              	.LBB237:
 1259              	.LBI237:
 1260              		.loc 4 1148 7 is_stmt 1 view .LVU331
 1261              	.LBB238:
 1262              	.LBI238:
1067:C:/Program Files (x86)/Arm GNU Toolchain arm-none-eabi/14.3 rel1/arm-none-eabi/include/c++/14.3.1/bits\stl_iterator.h ****       : _M_current(__i) { }
 1263              		.loc 4 1067 7 view .LVU332
1067:C:/Program Files (x86)/Arm GNU Toolchain arm-none-eabi/14.3 rel1/arm-none-eabi/include/c++/14.3.1/bits\stl_iterator.h ****       : _M_current(__i) { }
 1264              		.loc 4 1067 7 is_stmt 0 view .LVU333
 1265              	.LBE238:
 1266              	.LBE237:
 1267              	.LBE234:
  60:effects/streetseffect.cpp ****     
 1268              		.loc 1 60 39 discriminator 1 view .LVU334
 1269 0120 E368     		ldr	r3, [r4, #12]
 1270 0122 9FED670A 		vldr.32	s0, .L56+8
 1271 0126 53F8040C 		ldr	r0, [r3, #-4]
 1272 012a FFF7FEFF 		bl	_ZN11perspective15EffectParameter14SetScaleFactorEf
 1273              	.LVL115:
  62:effects/streetseffect.cpp ****     parameters_.back()->SetDisplayType(DisplayType::SCALED);
 1274              		.loc 1 62 5 is_stmt 1 view .LVU335
  62:effects/streetseffect.cpp ****     parameters_.back()->SetDisplayType(DisplayType::SCALED);
 1275              		.loc 1 62 107 is_stmt 0 view .LVU336
 1276 012e 3020     		movs	r0, #48
 1277 0130 FFF7FEFF 		bl	_Znwj
 1278              	.LVL116:
 1279 0134 8146     		mov	r9, r0
  62:effects/streetseffect.cpp ****     parameters_.back()->SetDisplayType(DisplayType::SCALED);
 1280              		.loc 1 62 107 discriminator 1 view .LVU337
 1281 0136 B6EE001A 		vmov.f32	s2, #5.0e-1
 1282 013a DFED620A 		vldr.32	s1, .L56+12
 1283 013e 2A46     		mov	r2, r5
 1284 0140 9FED5D0A 		vldr.32	s0, .L56
 1285 0144 4346     		mov	r3, r8
 1286 0146 6549     		ldr	r1, .L56+36
 1287 0148 CDF800A0 		str	r10, [sp]
 1288 014c FFF7FEFF 		bl	_ZN11perspective22PotentiometerParameterC1EPKcfffNS_8PotCurveEii
 1289              	.LVL117:
ARM GAS  C:\Users\Oliver\AppData\Local\Temp\ccukWDDi.s 			page 73


  62:effects/streetseffect.cpp ****     parameters_.back()->SetDisplayType(DisplayType::SCALED);
 1290              		.loc 1 62 17 discriminator 2 view .LVU338
 1291 0150 4946     		mov	r1, r9
 1292 0152 2046     		mov	r0, r4
 1293 0154 FFF7FEFF 		bl	_ZN11perspective6Effect12AddParameterEPNS_15EffectParameterE
 1294              	.LVL118:
  63:effects/streetseffect.cpp ****     parameters_.back()->SetScaleFactor(100.0f);
 1295              		.loc 1 63 5 is_stmt 1 view .LVU339
 1296              	.LBB239:
 1297              	.LBI239:
 1298              		.loc 2 1248 7 view .LVU340
 1299              	.LBB240:
 1300              	.LBI240:
 906:C:/Program Files (x86)/Arm GNU Toolchain arm-none-eabi/14.3 rel1/arm-none-eabi/include/c++/14.3.1/bits\stl_vector.h ****       { return iterator(this->_M_impl._M_finish); }
 1301              		.loc 2 906 7 view .LVU341
 1302              	.LBB241:
 1303              	.LBI241:
1067:C:/Program Files (x86)/Arm GNU Toolchain arm-none-eabi/14.3 rel1/arm-none-eabi/include/c++/14.3.1/bits\stl_iterator.h ****       : _M_current(__i) { }
 1304              		.loc 4 1067 7 view .LVU342
1067:C:/Program Files (x86)/Arm GNU Toolchain arm-none-eabi/14.3 rel1/arm-none-eabi/include/c++/14.3.1/bits\stl_iterator.h ****       : _M_current(__i) { }
 1305              		.loc 4 1067 7 is_stmt 0 view .LVU343
 1306              	.LBE241:
 1307              	.LBE240:
 1308              	.LBB242:
 1309              	.LBI242:
 1310              		.loc 4 1148 7 is_stmt 1 view .LVU344
 1311              	.LBB243:
 1312              	.LBI243:
1067:C:/Program Files (x86)/Arm GNU Toolchain arm-none-eabi/14.3 rel1/arm-none-eabi/include/c++/14.3.1/bits\stl_iterator.h ****       : _M_current(__i) { }
 1313              		.loc 4 1067 7 view .LVU345
1067:C:/Program Files (x86)/Arm GNU Toolchain arm-none-eabi/14.3 rel1/arm-none-eabi/include/c++/14.3.1/bits\stl_iterator.h ****       : _M_current(__i) { }
 1314              		.loc 4 1067 7 is_stmt 0 view .LVU346
 1315              	.LBE243:
 1316              	.LBE242:
 1317              	.LBE239:
  63:effects/streetseffect.cpp ****     parameters_.back()->SetScaleFactor(100.0f);
 1318              		.loc 1 63 39 discriminator 1 view .LVU347
 1319 0158 E368     		ldr	r3, [r4, #12]
 1320 015a 3146     		mov	r1, r6
 1321 015c 53F8040C 		ldr	r0, [r3, #-4]
 1322 0160 FFF7FEFF 		bl	_ZN11perspective15EffectParameter14SetDisplayTypeENS_11DisplayTypeE
 1323              	.LVL119:
  64:effects/streetseffect.cpp ****     
 1324              		.loc 1 64 5 is_stmt 1 view .LVU348
 1325              	.LBB244:
 1326              	.LBI244:
 1327              		.loc 2 1248 7 view .LVU349
 1328              	.LBB245:
 1329              	.LBI245:
 906:C:/Program Files (x86)/Arm GNU Toolchain arm-none-eabi/14.3 rel1/arm-none-eabi/include/c++/14.3.1/bits\stl_vector.h ****       { return iterator(this->_M_impl._M_finish); }
 1330              		.loc 2 906 7 view .LVU350
 1331              	.LBB246:
 1332              	.LBI246:
1067:C:/Program Files (x86)/Arm GNU Toolchain arm-none-eabi/14.3 rel1/arm-none-eabi/include/c++/14.3.1/bits\stl_iterator.h ****       : _M_current(__i) { }
 1333              		.loc 4 1067 7 view .LVU351
1067:C:/Program Files (x86)/Arm GNU Toolchain arm-none-eabi/14.3 rel1/arm-none-eabi/include/c++/14.3.1/bits\stl_iterator.h ****       : _M_current(__i) { }
 1334              		.loc 4 1067 7 is_stmt 0 view .LVU352
ARM GAS  C:\Users\Oliver\AppData\Local\Temp\ccukWDDi.s 			page 74


 1335              	.LBE246:
 1336              	.LBE245:
 1337              	.LBB247:
 1338              	.LBI247:
 1339              		.loc 4 1148 7 is_stmt 1 view .LVU353
 1340              	.LBB248:
 1341              	.LBI248:
1067:C:/Program Files (x86)/Arm GNU Toolchain arm-none-eabi/14.3 rel1/arm-none-eabi/include/c++/14.3.1/bits\stl_iterator.h ****       : _M_current(__i) { }
 1342              		.loc 4 1067 7 view .LVU354
1067:C:/Program Files (x86)/Arm GNU Toolchain arm-none-eabi/14.3 rel1/arm-none-eabi/include/c++/14.3.1/bits\stl_iterator.h ****       : _M_current(__i) { }
 1343              		.loc 4 1067 7 is_stmt 0 view .LVU355
 1344              	.LBE248:
 1345              	.LBE247:
 1346              	.LBE244:
  64:effects/streetseffect.cpp ****     
 1347              		.loc 1 64 39 discriminator 1 view .LVU356
 1348 0164 E368     		ldr	r3, [r4, #12]
 1349 0166 9FED560A 		vldr.32	s0, .L56+8
 1350 016a 53F8040C 		ldr	r0, [r3, #-4]
 1351 016e FFF7FEFF 		bl	_ZN11perspective15EffectParameter14SetScaleFactorEf
 1352              	.LVL120:
  67:effects/streetseffect.cpp ****     parameters_.back()->SetDisplayType(DisplayType::SCALED);
 1353              		.loc 1 67 5 is_stmt 1 view .LVU357
  67:effects/streetseffect.cpp ****     parameters_.back()->SetDisplayType(DisplayType::SCALED);
 1354              		.loc 1 67 108 is_stmt 0 view .LVU358
 1355 0172 3020     		movs	r0, #48
 1356 0174 FFF7FEFF 		bl	_Znwj
 1357              	.LVL121:
  67:effects/streetseffect.cpp ****     parameters_.back()->SetDisplayType(DisplayType::SCALED);
 1358              		.loc 1 67 108 discriminator 1 view .LVU359
 1359 0178 0622     		movs	r2, #6
  67:effects/streetseffect.cpp ****     parameters_.back()->SetDisplayType(DisplayType::SCALED);
 1360              		.loc 1 67 108 view .LVU360
 1361 017a 8146     		mov	r9, r0
  67:effects/streetseffect.cpp ****     parameters_.back()->SetDisplayType(DisplayType::SCALED);
 1362              		.loc 1 67 108 discriminator 1 view .LVU361
 1363 017c B6EE001A 		vmov.f32	s2, #5.0e-1
 1364 0180 F6EE080A 		vmov.f32	s1, #7.5e-1
 1365 0184 9FED4C0A 		vldr.32	s0, .L56
 1366 0188 5346     		mov	r3, r10
 1367 018a 5549     		ldr	r1, .L56+40
 1368 018c 0092     		str	r2, [sp]
 1369 018e 2A46     		mov	r2, r5
 1370 0190 FFF7FEFF 		bl	_ZN11perspective22PotentiometerParameterC1EPKcfffNS_8PotCurveEii
 1371              	.LVL122:
  67:effects/streetseffect.cpp ****     parameters_.back()->SetDisplayType(DisplayType::SCALED);
 1372              		.loc 1 67 17 discriminator 2 view .LVU362
 1373 0194 4946     		mov	r1, r9
 1374 0196 2046     		mov	r0, r4
 1375 0198 FFF7FEFF 		bl	_ZN11perspective6Effect12AddParameterEPNS_15EffectParameterE
 1376              	.LVL123:
  68:effects/streetseffect.cpp ****     parameters_.back()->SetScaleFactor(100.0f);
 1377              		.loc 1 68 5 is_stmt 1 view .LVU363
 1378              	.LBB249:
 1379              	.LBI249:
 1380              		.loc 2 1248 7 view .LVU364
 1381              	.LBB250:
ARM GAS  C:\Users\Oliver\AppData\Local\Temp\ccukWDDi.s 			page 75


 1382              	.LBI250:
 906:C:/Program Files (x86)/Arm GNU Toolchain arm-none-eabi/14.3 rel1/arm-none-eabi/include/c++/14.3.1/bits\stl_vector.h ****       { return iterator(this->_M_impl._M_finish); }
 1383              		.loc 2 906 7 view .LVU365
 1384              	.LBB251:
 1385              	.LBI251:
1067:C:/Program Files (x86)/Arm GNU Toolchain arm-none-eabi/14.3 rel1/arm-none-eabi/include/c++/14.3.1/bits\stl_iterator.h ****       : _M_current(__i) { }
 1386              		.loc 4 1067 7 view .LVU366
1067:C:/Program Files (x86)/Arm GNU Toolchain arm-none-eabi/14.3 rel1/arm-none-eabi/include/c++/14.3.1/bits\stl_iterator.h ****       : _M_current(__i) { }
 1387              		.loc 4 1067 7 is_stmt 0 view .LVU367
 1388              	.LBE251:
 1389              	.LBE250:
 1390              	.LBB252:
 1391              	.LBI252:
 1392              		.loc 4 1148 7 is_stmt 1 view .LVU368
 1393              	.LBB253:
 1394              	.LBI253:
1067:C:/Program Files (x86)/Arm GNU Toolchain arm-none-eabi/14.3 rel1/arm-none-eabi/include/c++/14.3.1/bits\stl_iterator.h ****       : _M_current(__i) { }
 1395              		.loc 4 1067 7 view .LVU369
1067:C:/Program Files (x86)/Arm GNU Toolchain arm-none-eabi/14.3 rel1/arm-none-eabi/include/c++/14.3.1/bits\stl_iterator.h ****       : _M_current(__i) { }
 1396              		.loc 4 1067 7 is_stmt 0 view .LVU370
 1397              	.LBE253:
 1398              	.LBE252:
 1399              	.LBE249:
  68:effects/streetseffect.cpp ****     parameters_.back()->SetScaleFactor(100.0f);
 1400              		.loc 1 68 39 discriminator 1 view .LVU371
 1401 019c E368     		ldr	r3, [r4, #12]
 1402 019e 3146     		mov	r1, r6
 1403 01a0 53F8040C 		ldr	r0, [r3, #-4]
 1404 01a4 FFF7FEFF 		bl	_ZN11perspective15EffectParameter14SetDisplayTypeENS_11DisplayTypeE
 1405              	.LVL124:
  69:effects/streetseffect.cpp **** 
 1406              		.loc 1 69 5 is_stmt 1 view .LVU372
 1407              	.LBB254:
 1408              	.LBI254:
 1409              		.loc 2 1248 7 view .LVU373
 1410              	.LBB255:
 1411              	.LBI255:
 906:C:/Program Files (x86)/Arm GNU Toolchain arm-none-eabi/14.3 rel1/arm-none-eabi/include/c++/14.3.1/bits\stl_vector.h ****       { return iterator(this->_M_impl._M_finish); }
 1412              		.loc 2 906 7 view .LVU374
 1413              	.LBB256:
 1414              	.LBI256:
1067:C:/Program Files (x86)/Arm GNU Toolchain arm-none-eabi/14.3 rel1/arm-none-eabi/include/c++/14.3.1/bits\stl_iterator.h ****       : _M_current(__i) { }
 1415              		.loc 4 1067 7 view .LVU375
1067:C:/Program Files (x86)/Arm GNU Toolchain arm-none-eabi/14.3 rel1/arm-none-eabi/include/c++/14.3.1/bits\stl_iterator.h ****       : _M_current(__i) { }
 1416              		.loc 4 1067 7 is_stmt 0 view .LVU376
 1417              	.LBE256:
 1418              	.LBE255:
 1419              	.LBB257:
 1420              	.LBI257:
 1421              		.loc 4 1148 7 is_stmt 1 view .LVU377
 1422              	.LBB258:
 1423              	.LBI258:
1067:C:/Program Files (x86)/Arm GNU Toolchain arm-none-eabi/14.3 rel1/arm-none-eabi/include/c++/14.3.1/bits\stl_iterator.h ****       : _M_current(__i) { }
 1424              		.loc 4 1067 7 view .LVU378
1067:C:/Program Files (x86)/Arm GNU Toolchain arm-none-eabi/14.3 rel1/arm-none-eabi/include/c++/14.3.1/bits\stl_iterator.h ****       : _M_current(__i) { }
 1425              		.loc 4 1067 7 is_stmt 0 view .LVU379
 1426              	.LBE258:
ARM GAS  C:\Users\Oliver\AppData\Local\Temp\ccukWDDi.s 			page 76


 1427              	.LBE257:
 1428              	.LBE254:
  69:effects/streetseffect.cpp **** 
 1429              		.loc 1 69 39 discriminator 1 view .LVU380
 1430 01a8 E368     		ldr	r3, [r4, #12]
 1431 01aa 9FED450A 		vldr.32	s0, .L56+8
 1432 01ae 53F8040C 		ldr	r0, [r3, #-4]
 1433 01b2 FFF7FEFF 		bl	_ZN11perspective15EffectParameter14SetScaleFactorEf
 1434              	.LVL125:
  72:effects/streetseffect.cpp ****     
 1435              		.loc 1 72 5 is_stmt 1 view .LVU381
  72:effects/streetseffect.cpp ****     
 1436              		.loc 1 72 106 is_stmt 0 view .LVU382
 1437 01b6 4420     		movs	r0, #68
 1438 01b8 FFF7FEFF 		bl	_Znwj
 1439              	.LVL126:
  72:effects/streetseffect.cpp ****     
 1440              		.loc 1 72 106 discriminator 1 view .LVU383
 1441 01bc 0323     		movs	r3, #3
  72:effects/streetseffect.cpp ****     
 1442              		.loc 1 72 106 view .LVU384
 1443 01be 8146     		mov	r9, r0
  72:effects/streetseffect.cpp ****     
 1444              		.loc 1 72 106 discriminator 1 view .LVU385
 1445 01c0 F7EE001A 		vmov.f32	s3, #1.0e+0
 1446 01c4 9FED471A 		vldr.32	s2, .L56+44
 1447 01c8 2A46     		mov	r2, r5
 1448 01ca DFED470A 		vldr.32	s1, .L56+48
 1449 01ce 9FED470A 		vldr.32	s0, .L56+52
 1450 01d2 4749     		ldr	r1, .L56+56
 1451 01d4 0093     		str	r3, [sp]
 1452 01d6 474B     		ldr	r3, .L56+60
 1453 01d8 FFF7FEFF 		bl	_ZN11perspective13TimeParameterC1EPKcffffiS2_i
 1454              	.LVL127:
  72:effects/streetseffect.cpp ****     
 1455              		.loc 1 72 17 discriminator 2 view .LVU386
 1456 01dc 4946     		mov	r1, r9
 1457 01de 2046     		mov	r0, r4
 1458 01e0 FFF7FEFF 		bl	_ZN11perspective6Effect12AddParameterEPNS_15EffectParameterE
 1459              	.LVL128:
  75:effects/streetseffect.cpp ****     
 1460              		.loc 1 75 5 is_stmt 1 view .LVU387
  75:effects/streetseffect.cpp ****     
 1461              		.loc 1 75 105 is_stmt 0 view .LVU388
 1462 01e4 4420     		movs	r0, #68
 1463 01e6 FFF7FEFF 		bl	_Znwj
 1464              	.LVL129:
  75:effects/streetseffect.cpp ****     
 1465              		.loc 1 75 105 discriminator 1 view .LVU389
 1466 01ea 0723     		movs	r3, #7
  75:effects/streetseffect.cpp ****     
 1467              		.loc 1 75 105 view .LVU390
 1468 01ec 8146     		mov	r9, r0
  75:effects/streetseffect.cpp ****     
 1469              		.loc 1 75 105 discriminator 1 view .LVU391
 1470 01ee F7EE001A 		vmov.f32	s3, #1.0e+0
 1471 01f2 0093     		str	r3, [sp]
ARM GAS  C:\Users\Oliver\AppData\Local\Temp\ccukWDDi.s 			page 77


 1472 01f4 3246     		mov	r2, r6
 1473 01f6 404B     		ldr	r3, .L56+64
 1474 01f8 9FED401A 		vldr.32	s2, .L56+68
 1475 01fc DFED3A0A 		vldr.32	s1, .L56+48
 1476 0200 1946     		mov	r1, r3
 1477 0202 9FED3A0A 		vldr.32	s0, .L56+52
 1478 0206 FFF7FEFF 		bl	_ZN11perspective13TimeParameterC1EPKcffffiS2_i
 1479              	.LVL130:
  75:effects/streetseffect.cpp ****     
 1480              		.loc 1 75 17 discriminator 2 view .LVU392
 1481 020a 4946     		mov	r1, r9
 1482 020c 2046     		mov	r0, r4
 1483 020e FFF7FEFF 		bl	_ZN11perspective6Effect12AddParameterEPNS_15EffectParameterE
 1484              	.LVL131:
  78:effects/streetseffect.cpp **** 
 1485              		.loc 1 78 5 is_stmt 1 view .LVU393
  78:effects/streetseffect.cpp **** 
 1486              		.loc 1 78 95 is_stmt 0 view .LVU394
 1487 0212 4020     		movs	r0, #64
 1488 0214 FFF7FEFF 		bl	_Znwj
 1489              	.LVL132:
  78:effects/streetseffect.cpp **** 
 1490              		.loc 1 78 95 discriminator 1 view .LVU395
 1491 0218 4FF0FF32 		mov	r2, #-1
 1492 021c 4346     		mov	r3, r8
  78:effects/streetseffect.cpp **** 
 1493              		.loc 1 78 95 view .LVU396
 1494 021e 8046     		mov	r8, r0
  78:effects/streetseffect.cpp **** 
 1495              		.loc 1 78 95 discriminator 1 view .LVU397
 1496 0220 0292     		str	r2, [sp, #8]
 1497 0222 374A     		ldr	r2, .L56+72
 1498 0224 3749     		ldr	r1, .L56+76
 1499 0226 0192     		str	r2, [sp, #4]
 1500 0228 374A     		ldr	r2, .L56+80
 1501 022a 0092     		str	r2, [sp]
 1502 022c 2A46     		mov	r2, r5
 1503 022e FFF7FEFF 		bl	_ZN11perspective15ToggleParameterC1EPKcbiS2_S2_i
 1504              	.LVL133:
  78:effects/streetseffect.cpp **** 
 1505              		.loc 1 78 17 discriminator 2 view .LVU398
 1506 0232 4146     		mov	r1, r8
 1507 0234 2046     		mov	r0, r4
 1508 0236 FFF7FEFF 		bl	_ZN11perspective6Effect12AddParameterEPNS_15EffectParameterE
 1509              	.LVL134:
  82:effects/streetseffect.cpp ****     parameters_[6]->SetValue(60000.0f / kReferenceBpm);
 1510              		.loc 1 82 5 is_stmt 1 view .LVU399
 1511              	.LBB259:
 1512              	.LBI259:
1141:C:/Program Files (x86)/Arm GNU Toolchain arm-none-eabi/14.3 rel1/arm-none-eabi/include/c++/14.3.1/bits\stl_vector.h ****       {
 1513              		.loc 2 1141 7 view .LVU400
1141:C:/Program Files (x86)/Arm GNU Toolchain arm-none-eabi/14.3 rel1/arm-none-eabi/include/c++/14.3.1/bits\stl_vector.h ****       {
 1514              		.loc 2 1141 7 is_stmt 0 view .LVU401
 1515              	.LBE259:
  82:effects/streetseffect.cpp ****     parameters_[6]->SetValue(60000.0f / kReferenceBpm);
 1516              		.loc 1 82 29 discriminator 1 view .LVU402
 1517 023a A368     		ldr	r3, [r4, #8]
ARM GAS  C:\Users\Oliver\AppData\Local\Temp\ccukWDDi.s 			page 78


 1518 023c B7EE000A 		vmov.f32	s0, #1.0e+0
 1519 0240 186A     		ldr	r0, [r3, #32]
 1520 0242 0368     		ldr	r3, [r0]
 1521 0244 1B69     		ldr	r3, [r3, #16]
 1522 0246 9847     		blx	r3
 1523              	.LVL135:
  83:effects/streetseffect.cpp **** 
 1524              		.loc 1 83 5 is_stmt 1 view .LVU403
 1525              	.LBB260:
 1526              	.LBI260:
1141:C:/Program Files (x86)/Arm GNU Toolchain arm-none-eabi/14.3 rel1/arm-none-eabi/include/c++/14.3.1/bits\stl_vector.h ****       {
 1527              		.loc 2 1141 7 view .LVU404
1141:C:/Program Files (x86)/Arm GNU Toolchain arm-none-eabi/14.3 rel1/arm-none-eabi/include/c++/14.3.1/bits\stl_vector.h ****       {
 1528              		.loc 2 1141 7 is_stmt 0 view .LVU405
 1529              	.LBE260:
  83:effects/streetseffect.cpp **** 
 1530              		.loc 1 83 29 discriminator 1 view .LVU406
 1531 0248 A368     		ldr	r3, [r4, #8]
 1532 024a 9FED300A 		vldr.32	s0, .L56+84
 1533 024e 9869     		ldr	r0, [r3, #24]
 1534 0250 0368     		ldr	r3, [r0]
 1535 0252 1B69     		ldr	r3, [r3, #16]
 1536 0254 9847     		blx	r3
 1537              	.LVL136:
  86:effects/streetseffect.cpp **** 
 1538              		.loc 1 86 5 is_stmt 1 view .LVU407
 1539              	.LBB261:
 1540              	.LBI261:
1141:C:/Program Files (x86)/Arm GNU Toolchain arm-none-eabi/14.3 rel1/arm-none-eabi/include/c++/14.3.1/bits\stl_vector.h ****       {
 1541              		.loc 2 1141 7 view .LVU408
1141:C:/Program Files (x86)/Arm GNU Toolchain arm-none-eabi/14.3 rel1/arm-none-eabi/include/c++/14.3.1/bits\stl_vector.h ****       {
 1542              		.loc 2 1141 7 is_stmt 0 view .LVU409
 1543              	.LBE261:
  86:effects/streetseffect.cpp **** 
 1544              		.loc 1 86 29 discriminator 1 view .LVU410
 1545 0256 A368     		ldr	r3, [r4, #8]
 1546 0258 9FED280A 		vldr.32	s0, .L56+68
 1547 025c D869     		ldr	r0, [r3, #28]
 1548 025e 0368     		ldr	r3, [r0]
 1549 0260 1B69     		ldr	r3, [r3, #16]
 1550 0262 9847     		blx	r3
 1551              	.LVL137:
  91:effects/streetseffect.cpp ****         // Set Time parameter (index 2) to 50ms
 1552              		.loc 1 91 5 is_stmt 1 view .LVU411
  91:effects/streetseffect.cpp ****         // Set Time parameter (index 2) to 50ms
 1553              		.loc 1 91 9 is_stmt 0 view .LVU412
 1554 0264 606D     		ldr	r0, [r4, #84]
  91:effects/streetseffect.cpp ****         // Set Time parameter (index 2) to 50ms
 1555              		.loc 1 91 24 view .LVU413
 1556 0266 18B1     		cbz	r0, .L49
  91:effects/streetseffect.cpp ****         // Set Time parameter (index 2) to 50ms
 1557              		.loc 1 91 60 discriminator 1 view .LVU414
 1558 0268 FFF7FEFF 		bl	_ZNK11perspective6Effect17GetParameterCountEv
 1559              	.LVL138:
  91:effects/streetseffect.cpp ****         // Set Time parameter (index 2) to 50ms
 1560              		.loc 1 91 24 discriminator 1 view .LVU415
 1561 026c B842     		cmp	r0, r7
ARM GAS  C:\Users\Oliver\AppData\Local\Temp\ccukWDDi.s 			page 79


 1562 026e 06D8     		bhi	.L55
 1563              	.L49:
 100:effects/streetseffect.cpp **** }
 1564              		.loc 1 100 5 is_stmt 1 view .LVU416
 100:effects/streetseffect.cpp **** }
 1565              		.loc 1 100 11 is_stmt 0 view .LVU417
 1566 0270 2368     		ldr	r3, [r4]
 1567 0272 2046     		mov	r0, r4
 1568 0274 5B69     		ldr	r3, [r3, #20]
 101:effects/streetseffect.cpp **** 
 1569              		.loc 1 101 1 view .LVU418
 1570 0276 04B0     		add	sp, sp, #16
 1571              		.cfi_remember_state
 1572              		.cfi_def_cfa_offset 32
 1573              		@ sp needed
 1574 0278 BDE8F047 		pop	{r4, r5, r6, r7, r8, r9, r10, lr}
 1575              		.cfi_restore 14
 1576              		.cfi_restore 10
 1577              		.cfi_restore 9
 1578              		.cfi_restore 8
 1579              		.cfi_restore 7
 1580              		.cfi_restore 6
 1581              		.cfi_restore 5
 1582              		.cfi_restore 4
 1583              		.cfi_def_cfa_offset 0
 1584              	.LVL139:
 100:effects/streetseffect.cpp **** }
 1585              		.loc 1 100 11 view .LVU419
 1586 027c 1847     		bx	r3	@ indirect register sibling call
 1587              	.LVL140:
 1588              	.L55:
 1589              		.cfi_restore_state
  93:effects/streetseffect.cpp ****         // Set Mix to 50% (index 0)
 1590              		.loc 1 93 9 is_stmt 1 view .LVU420
  93:effects/streetseffect.cpp ****         // Set Mix to 50% (index 0)
 1591              		.loc 1 93 37 is_stmt 0 view .LVU421
 1592 027e 3946     		mov	r1, r7
 1593 0280 606D     		ldr	r0, [r4, #84]
 1594 0282 FFF7FEFF 		bl	_ZN11perspective6Effect12GetParameterEj
 1595              	.LVL141:
  93:effects/streetseffect.cpp ****         // Set Mix to 50% (index 0)
 1596              		.loc 1 93 50 discriminator 1 view .LVU422
 1597 0286 0368     		ldr	r3, [r0]
 1598 0288 9FED210A 		vldr.32	s0, .L56+88
 1599 028c 1B69     		ldr	r3, [r3, #16]
 1600 028e 9847     		blx	r3
 1601              	.LVL142:
  95:effects/streetseffect.cpp ****         // Set Feedback to 25% (index 1)
 1602              		.loc 1 95 9 is_stmt 1 view .LVU423
  95:effects/streetseffect.cpp ****         // Set Feedback to 25% (index 1)
 1603              		.loc 1 95 37 is_stmt 0 view .LVU424
 1604 0290 2946     		mov	r1, r5
 1605 0292 606D     		ldr	r0, [r4, #84]
 1606 0294 FFF7FEFF 		bl	_ZN11perspective6Effect12GetParameterEj
 1607              	.LVL143:
  95:effects/streetseffect.cpp ****         // Set Feedback to 25% (index 1)
 1608              		.loc 1 95 50 discriminator 1 view .LVU425
ARM GAS  C:\Users\Oliver\AppData\Local\Temp\ccukWDDi.s 			page 80


 1609 0298 0368     		ldr	r3, [r0]
 1610 029a B6EE000A 		vmov.f32	s0, #5.0e-1
 1611 029e 1B69     		ldr	r3, [r3, #16]
 1612 02a0 9847     		blx	r3
 1613              	.LVL144:
  97:effects/streetseffect.cpp ****     }
 1614              		.loc 1 97 9 is_stmt 1 view .LVU426
  97:effects/streetseffect.cpp ****     }
 1615              		.loc 1 97 37 is_stmt 0 view .LVU427
 1616 02a2 3146     		mov	r1, r6
 1617 02a4 606D     		ldr	r0, [r4, #84]
 1618 02a6 FFF7FEFF 		bl	_ZN11perspective6Effect12GetParameterEj
 1619              	.LVL145:
  97:effects/streetseffect.cpp ****     }
 1620              		.loc 1 97 50 discriminator 1 view .LVU428
 1621 02aa 0368     		ldr	r3, [r0]
 1622 02ac B5EE000A 		vmov.f32	s0, #2.5e-1
 1623 02b0 1B69     		ldr	r3, [r3, #16]
 1624 02b2 9847     		blx	r3
 1625              	.LVL146:
 1626 02b4 DCE7     		b	.L49
 1627              	.L57:
 1628 02b6 00BF     		.align	2
 1629              	.L56:
 1630 02b8 00000000 		.word	0
 1631 02bc 00000000 		.word	.LC1
 1632 02c0 0000C842 		.word	1120403456
 1633 02c4 3333733F 		.word	1064514355
 1634 02c8 08000000 		.word	.LC2
 1635 02cc 14000000 		.word	.LC3
 1636 02d0 00000000 		.word	_ZL12subDivisions
 1637 02d4 3333B33E 		.word	1051931443
 1638 02d8 24000000 		.word	.LC4
 1639 02dc 2C000000 		.word	.LC5
 1640 02e0 38000000 		.word	.LC6
 1641 02e4 0000FA43 		.word	1140457472
 1642 02e8 0000FA44 		.word	1157234688
 1643 02ec 00007A43 		.word	1132068864
 1644 02f0 50000000 		.word	.LC8
 1645 02f4 44000000 		.word	.LC7
 1646 02f8 58000000 		.word	.LC9
 1647 02fc 0000FF43 		.word	1140785152
 1648 0300 6C000000 		.word	.LC11
 1649 0304 60000000 		.word	.LC10
 1650 0308 70000000 		.word	.LC12
 1651 030c 380BEF43 		.word	1139739448
 1652 0310 00004842 		.word	1112014848
 1653              		.cfi_endproc
 1654              	.LFE6891:
 1656              		.global	_ZTVN11perspective13StreetsEffectE
 1657              		.section	.rodata._ZTVN11perspective13StreetsEffectE,"a"
 1658              		.align	2
 1661              	_ZTVN11perspective13StreetsEffectE:
 1662 0000 00000000 		.word	0
 1663 0004 00000000 		.word	0
 1664 0008 00000000 		.word	_ZN11perspective13StreetsEffectD1Ev
 1665 000c 00000000 		.word	_ZN11perspective13StreetsEffectD0Ev
ARM GAS  C:\Users\Oliver\AppData\Local\Temp\ccukWDDi.s 			page 81


 1666 0010 00000000 		.word	_ZN11perspective13StreetsEffect4InitEf
 1667 0014 00000000 		.word	_ZN11perspective14CompoundEffect7ProcessEPfS1_j
 1668 0018 00000000 		.word	_ZN11perspective14CompoundEffect13ProcessStereoEPfS1_S1_S1_j
 1669 001c 00000000 		.word	_ZN11perspective13StreetsEffect6UpdateEv
 1670 0020 00000000 		.word	_ZN11perspective14CompoundEffect8SetTempoEf
 1671 0024 00000000 		.word	_ZN11perspective14CompoundEffect19SetMetronomeEnabledEb
 1672 0028 00000000 		.word	_ZNK11perspective14CompoundEffect23GetTempoPulseBrightnessEv
 1673 002c 00000000 		.word	_ZN11perspective14CompoundEffect10OnSelectedEv
 1674 0030 00000000 		.word	_ZN11perspective14CompoundEffect12OnDeselectedEv
 1675              		.section	.rodata.str1.4,"aMS",%progbits,1
 1676              		.align	2
 1677              	.LC13:
 1678 0000 5F00     		.ascii	"_\000"
 1679 0002 0000     		.align	2
 1680              	.LC14:
 1681 0004 5E00     		.ascii	"^\000"
 1682 0006 0000     		.align	2
 1683              	.LC15:
 1684 0008 5E206000 		.ascii	"^ `\000"
 1685              		.align	2
 1686              	.LC16:
 1687 000c 5D00     		.ascii	"]\000"
 1688 000e 0000     		.align	2
 1689              	.LC17:
 1690 0010 5D206020 		.ascii	"] ` `\000"
 1690      6000
 1691 0016 0000     		.align	2
 1692              	.LC18:
 1693 0018 5D206000 		.ascii	"] `\000"
 1694              		.align	2
 1695              	.LC19:
 1696 001c 5C00     		.ascii	"\\\000"
 1697              		.section	.data._ZL12subDivisions,"aw"
 1698              		.align	2
 1701              	_ZL12subDivisions:
 1702 0000 00000000 		.word	.LC13
 1703 0004 04000000 		.word	.LC14
 1704 0008 08000000 		.word	.LC15
 1705 000c 0C000000 		.word	.LC16
 1706 0010 10000000 		.word	.LC17
 1707 0014 18000000 		.word	.LC18
 1708 0018 1C000000 		.word	.LC19
 1709              		.text
 1710              	.Letext0:
 1711              		.file 5 "C:/Program Files (x86)/Arm GNU Toolchain arm-none-eabi/14.3 rel1/arm-none-eabi/include/ma
 1712              		.file 6 "C:/Program Files (x86)/Arm GNU Toolchain arm-none-eabi/14.3 rel1/arm-none-eabi/include/sy
 1713              		.file 7 "C:/Program Files (x86)/Arm GNU Toolchain arm-none-eabi/14.3 rel1/arm-none-eabi/include/st
 1714              		.file 8 "C:/Program Files (x86)/Arm GNU Toolchain arm-none-eabi/14.3 rel1/lib/gcc/arm-none-eabi/14
 1715              		.file 9 "C:/Program Files (x86)/Arm GNU Toolchain arm-none-eabi/14.3 rel1/arm-none-eabi/include/c+
 1716              		.file 10 "C:/Program Files (x86)/Arm GNU Toolchain arm-none-eabi/14.3 rel1/arm-none-eabi/include/c
 1717              		.file 11 "C:/Program Files (x86)/Arm GNU Toolchain arm-none-eabi/14.3 rel1/arm-none-eabi/include/c
 1718              		.file 12 "C:/Program Files (x86)/Arm GNU Toolchain arm-none-eabi/14.3 rel1/arm-none-eabi/include/c
 1719              		.file 13 "C:/Program Files (x86)/Arm GNU Toolchain arm-none-eabi/14.3 rel1/arm-none-eabi/include/c
 1720              		.file 14 "C:/Program Files (x86)/Arm GNU Toolchain arm-none-eabi/14.3 rel1/arm-none-eabi/include/c
 1721              		.file 15 "C:/Program Files (x86)/Arm GNU Toolchain arm-none-eabi/14.3 rel1/arm-none-eabi/include/c
 1722              		.file 16 "C:/Program Files (x86)/Arm GNU Toolchain arm-none-eabi/14.3 rel1/arm-none-eabi/include/c
 1723              		.file 17 "C:/Program Files (x86)/Arm GNU Toolchain arm-none-eabi/14.3 rel1/arm-none-eabi/include/c
ARM GAS  C:\Users\Oliver\AppData\Local\Temp\ccukWDDi.s 			page 82


 1724              		.file 18 "C:/Program Files (x86)/Arm GNU Toolchain arm-none-eabi/14.3 rel1/arm-none-eabi/include/c
 1725              		.file 19 "C:/Program Files (x86)/Arm GNU Toolchain arm-none-eabi/14.3 rel1/arm-none-eabi/include/c
 1726              		.file 20 "C:/Program Files (x86)/Arm GNU Toolchain arm-none-eabi/14.3 rel1/arm-none-eabi/include/c
 1727              		.file 21 "C:/Program Files (x86)/Arm GNU Toolchain arm-none-eabi/14.3 rel1/arm-none-eabi/include/c
 1728              		.file 22 "C:/Program Files (x86)/Arm GNU Toolchain arm-none-eabi/14.3 rel1/arm-none-eabi/include/c
 1729              		.file 23 "C:/Program Files (x86)/Arm GNU Toolchain arm-none-eabi/14.3 rel1/arm-none-eabi/include/c
 1730              		.file 24 "C:/Program Files (x86)/Arm GNU Toolchain arm-none-eabi/14.3 rel1/arm-none-eabi/include/c
 1731              		.file 25 "C:/Program Files (x86)/Arm GNU Toolchain arm-none-eabi/14.3 rel1/arm-none-eabi/include/c
 1732              		.file 26 "C:/Program Files (x86)/Arm GNU Toolchain arm-none-eabi/14.3 rel1/arm-none-eabi/include/c
 1733              		.file 27 "C:/Program Files (x86)/Arm GNU Toolchain arm-none-eabi/14.3 rel1/arm-none-eabi/include/c
 1734              		.file 28 "C:/Program Files (x86)/Arm GNU Toolchain arm-none-eabi/14.3 rel1/arm-none-eabi/include/c
 1735              		.file 29 "C:/Program Files (x86)/Arm GNU Toolchain arm-none-eabi/14.3 rel1/arm-none-eabi/include/c
 1736              		.file 30 "C:/Program Files (x86)/Arm GNU Toolchain arm-none-eabi/14.3 rel1/arm-none-eabi/include/c
 1737              		.file 31 "C:/Program Files (x86)/Arm GNU Toolchain arm-none-eabi/14.3 rel1/arm-none-eabi/include/c
 1738              		.file 32 "C:/Program Files (x86)/Arm GNU Toolchain arm-none-eabi/14.3 rel1/arm-none-eabi/include/c
 1739              		.file 33 "C:/Program Files (x86)/Arm GNU Toolchain arm-none-eabi/14.3 rel1/arm-none-eabi/include/c
 1740              		.file 34 "C:/Program Files (x86)/Arm GNU Toolchain arm-none-eabi/14.3 rel1/arm-none-eabi/include/c
 1741              		.file 35 "C:/Program Files (x86)/Arm GNU Toolchain arm-none-eabi/14.3 rel1/arm-none-eabi/include/c
 1742              		.file 36 "C:/Program Files (x86)/Arm GNU Toolchain arm-none-eabi/14.3 rel1/arm-none-eabi/include/s
 1743              		.file 37 "C:/Program Files (x86)/Arm GNU Toolchain arm-none-eabi/14.3 rel1/arm-none-eabi/include/s
 1744              		.file 38 "C:/Program Files (x86)/Arm GNU Toolchain arm-none-eabi/14.3 rel1/arm-none-eabi/include/s
 1745              		.file 39 "C:/Program Files (x86)/Arm GNU Toolchain arm-none-eabi/14.3 rel1/arm-none-eabi/include/m
 1746              		.file 40 "C:/Program Files (x86)/Arm GNU Toolchain arm-none-eabi/14.3 rel1/arm-none-eabi/include/s
 1747              		.file 41 "C:/Program Files (x86)/Arm GNU Toolchain arm-none-eabi/14.3 rel1/arm-none-eabi/include/c
 1748              		.file 42 "C:/Program Files (x86)/Arm GNU Toolchain arm-none-eabi/14.3 rel1/arm-none-eabi/include/c
 1749              		.file 43 "C:/Program Files (x86)/Arm GNU Toolchain arm-none-eabi/14.3 rel1/arm-none-eabi/include/c
 1750              		.file 44 "dependencies/libDaisy/src/daisy_core.h"
 1751              		.file 45 "dependencies/libDaisy/src/dev/max11300.h"
 1752              		.file 46 "dependencies/libDaisy/src/dev/sr_595.h"
 1753              		.file 47 "dependencies/libDaisy/src/util/wav_format.h"
 1754              		.file 48 "dependencies/libDaisy/src/daisy_seed.h"
 1755              		.file 49 "C:/Program Files (x86)/Arm GNU Toolchain arm-none-eabi/14.3 rel1/arm-none-eabi/include/c
 1756              		.file 50 "C:/Program Files (x86)/Arm GNU Toolchain arm-none-eabi/14.3 rel1/lib/gcc/arm-none-eabi/1
 1757              		.file 51 "C:/Program Files (x86)/Arm GNU Toolchain arm-none-eabi/14.3 rel1/arm-none-eabi/include/s
 1758              		.file 52 "C:/Program Files (x86)/Arm GNU Toolchain arm-none-eabi/14.3 rel1/arm-none-eabi/include/s
 1759              		.file 53 "C:/Program Files (x86)/Arm GNU Toolchain arm-none-eabi/14.3 rel1/arm-none-eabi/include/w
 1760              		.file 54 "dependencies/libDaisy/Middlewares/Third_Party/FatFs/src/integer.h"
 1761              		.file 55 "dependencies/libDaisy/Middlewares/Third_Party/FatFs/src/ff.h"
 1762              		.file 56 "effects/../parameters/effectparameter.h"
 1763              		.file 57 "effects/../parameters/../controls.h"
 1764              		.file 58 "effects/../parameters/potentiometerparameter.h"
 1765              		.file 59 "effects/compoundeffect.h"
 1766              		.file 60 "effects/effect.h"
 1767              		.file 61 "effects/delayeffect.h"
 1768              		.file 62 "effects/streetseffect.h"
 1769              		.file 63 "effects/../parameters/timeparameter.h"
 1770              		.file 64 "effects/paralleldelayeffect.h"
 1771              		.file 65 "effects/slapbackdelayeffect.h"
 1772              		.file 66 "effects/../parameters/toggleparameter.h"
 1773              		.file 67 "dependencies/DaisySP/Source/Control/adenv.h"
 1774              		.file 68 "dependencies/DaisySP/Source/Utility/dsp.h"
 1775              		.file 69 "C:/Program Files (x86)/Arm GNU Toolchain arm-none-eabi/14.3 rel1/arm-none-eabi/include/l
 1776              		.file 70 "effects/tempoeffect.h"
 1777              		.file 71 "C:/Program Files (x86)/Arm GNU Toolchain arm-none-eabi/14.3 rel1/arm-none-eabi/include/c
 1778              		.file 72 "C:/Program Files (x86)/Arm GNU Toolchain arm-none-eabi/14.3 rel1/arm-none-eabi/include/c
 1779              		.file 73 "<built-in>"
ARM GAS  C:\Users\Oliver\AppData\Local\Temp\ccukWDDi.s 			page 83


DEFINED SYMBOLS
                            *ABS*:00000000 streetseffect.cpp
C:\Users\Oliver\AppData\Local\Temp\ccukWDDi.s:20     .text._ZN11perspective13StreetsEffectD2Ev:00000000 $t
C:\Users\Oliver\AppData\Local\Temp\ccukWDDi.s:27     .text._ZN11perspective13StreetsEffectD2Ev:00000000 _ZN11perspective13StreetsEffectD2Ev
C:\Users\Oliver\AppData\Local\Temp\ccukWDDi.s:60     .text._ZN11perspective13StreetsEffectD2Ev:00000010 $d
C:\Users\Oliver\AppData\Local\Temp\ccukWDDi.s:1661   .rodata._ZTVN11perspective13StreetsEffectE:00000000 _ZTVN11perspective13StreetsEffectE
C:\Users\Oliver\AppData\Local\Temp\ccukWDDi.s:27     .text._ZN11perspective13StreetsEffectD2Ev:00000000 _ZN11perspective13StreetsEffectD1Ev
C:\Users\Oliver\AppData\Local\Temp\ccukWDDi.s:67     .text._ZN11perspective13StreetsEffectD0Ev:00000000 $t
C:\Users\Oliver\AppData\Local\Temp\ccukWDDi.s:74     .text._ZN11perspective13StreetsEffectD0Ev:00000000 _ZN11perspective13StreetsEffectD0Ev
C:\Users\Oliver\AppData\Local\Temp\ccukWDDi.s:120    .text._ZN11perspective13StreetsEffectD0Ev:00000018 $d
C:\Users\Oliver\AppData\Local\Temp\ccukWDDi.s:125    .text._ZN11perspective13StreetsEffect6UpdateEv:00000000 $t
C:\Users\Oliver\AppData\Local\Temp\ccukWDDi.s:132    .text._ZN11perspective13StreetsEffect6UpdateEv:00000000 _ZN11perspective13StreetsEffect6UpdateEv
C:\Users\Oliver\AppData\Local\Temp\ccukWDDi.s:750    .text._ZN11perspective13StreetsEffect6UpdateEv:00000290 $d
C:\Users\Oliver\AppData\Local\Temp\ccukWDDi.s:762    .rodata._ZN11perspective13StreetsEffectC2Ev.str1.4:00000000 $d
C:\Users\Oliver\AppData\Local\Temp\ccukWDDi.s:766    .text._ZN11perspective13StreetsEffectC2Ev:00000000 $t
C:\Users\Oliver\AppData\Local\Temp\ccukWDDi.s:773    .text._ZN11perspective13StreetsEffectC2Ev:00000000 _ZN11perspective13StreetsEffectC2Ev
C:\Users\Oliver\AppData\Local\Temp\ccukWDDi.s:854    .text._ZN11perspective13StreetsEffectC2Ev:0000004c $d
C:\Users\Oliver\AppData\Local\Temp\ccukWDDi.s:773    .text._ZN11perspective13StreetsEffectC2Ev:00000000 _ZN11perspective13StreetsEffectC1Ev
C:\Users\Oliver\AppData\Local\Temp\ccukWDDi.s:862    .rodata._ZN11perspective13StreetsEffect4InitEf.str1.4:00000000 $d
C:\Users\Oliver\AppData\Local\Temp\ccukWDDi.s:899    .text._ZN11perspective13StreetsEffect4InitEf:00000000 $t
C:\Users\Oliver\AppData\Local\Temp\ccukWDDi.s:906    .text._ZN11perspective13StreetsEffect4InitEf:00000000 _ZN11perspective13StreetsEffect4InitEf
C:\Users\Oliver\AppData\Local\Temp\ccukWDDi.s:1630   .text._ZN11perspective13StreetsEffect4InitEf:000002b8 $d
C:\Users\Oliver\AppData\Local\Temp\ccukWDDi.s:1701   .data._ZL12subDivisions:00000000 _ZL12subDivisions
C:\Users\Oliver\AppData\Local\Temp\ccukWDDi.s:1658   .rodata._ZTVN11perspective13StreetsEffectE:00000000 $d
C:\Users\Oliver\AppData\Local\Temp\ccukWDDi.s:1676   .rodata.str1.4:00000000 $d
C:\Users\Oliver\AppData\Local\Temp\ccukWDDi.s:1698   .data._ZL12subDivisions:00000000 $d

UNDEFINED SYMBOLS
_ZN11perspective14CompoundEffectD2Ev
_ZdlPvj
_ZNK11perspective6Effect17GetParameterCountEv
_ZNK11perspective15ToggleParameter8GetStateEv
_ZNK11perspective13TimeParameter13GetValueAsBPMEv
_ZNK11perspective13TimeParameter12GetValueAsMsEv
_ZN11perspective6Effect29RequestParameterDisplayUpdateEj
_ZN11perspective6Effect12GetParameterEj
_ZNK11perspective15EffectParameter8GetValueEv
_ZN11perspective13TimeParameter14SetDisplayModeENS_15TimeDisplayModeE
_ZN11perspective14CompoundEffectC2EPKcNS_11RoutingModeE
_Znwj
_ZN11perspective19ParallelDelayEffectC1Ev
_ZN11perspective19SlapbackDelayEffectC1Ev
_ZN11perspective14CompoundEffect9AddEffectEPNS_6EffectE
_ZN11perspective14CompoundEffect4InitEf
_ZN11perspective6Effect10SetWetOnlyEb
_ZN11perspective22PotentiometerParameterC1EPKcfffNS_8PotCurveEii
_ZN11perspective6Effect12AddParameterEPNS_15EffectParameterE
_ZN11perspective15EffectParameter14SetDisplayTypeENS_11DisplayTypeE
_ZN11perspective15EffectParameter14SetScaleFactorEf
_ZN11perspective15EffectParameter17SetDiscreteValuesEPPKci
_ZN11perspective13TimeParameterC1EPKcffffiS2_i
_ZN11perspective15ToggleParameterC1EPKcbiS2_S2_i
_ZN11perspective14CompoundEffect7ProcessEPfS1_j
_ZN11perspective14CompoundEffect13ProcessStereoEPfS1_S1_S1_j
_ZN11perspective14CompoundEffect8SetTempoEf
_ZN11perspective14CompoundEffect19SetMetronomeEnabledEb
_ZNK11perspective14CompoundEffect23GetTempoPulseBrightnessEv
ARM GAS  C:\Users\Oliver\AppData\Local\Temp\ccukWDDi.s 			page 84


_ZN11perspective14CompoundEffect10OnSelectedEv
_ZN11perspective14CompoundEffect12OnDeselectedEv
