ARM GAS  C:\Users\Oliver\AppData\Local\Temp\ccFJcwzV.s 			page 1


   1              		.cpu cortex-m7
   2              		.arch armv7e-m
   3              		.fpu fpv5-d16
   4              		.eabi_attribute 28, 1
   5              		.eabi_attribute 20, 1
   6              		.eabi_attribute 21, 1
   7              		.eabi_attribute 23, 3
   8              		.eabi_attribute 24, 1
   9              		.eabi_attribute 25, 1
  10              		.eabi_attribute 26, 1
  11              		.eabi_attribute 30, 2
  12              		.eabi_attribute 34, 1
  13              		.eabi_attribute 18, 4
  14              		.file	"waheffect.cpp"
  15              		.text
  16              	.Ltext0:
  17              		.cfi_sections	.debug_frame
  18              		.file 1 "effects/waheffect.cpp"
  19              		.section	.text._ZN11perspective9WahEffectD2Ev,"ax",%progbits
  20              		.align	1
  21              		.p2align 2,,3
  22              		.global	_ZN11perspective9WahEffectD2Ev
  23              		.syntax unified
  24              		.thumb
  25              		.thumb_func
  27              	_ZN11perspective9WahEffectD2Ev:
  28              	.LVL0:
  29              	.LFB6888:
   1:effects/waheffect.cpp **** #include "waheffect.h"
   2:effects/waheffect.cpp **** #include "../controls.h"
   3:effects/waheffect.cpp **** 
   4:effects/waheffect.cpp **** using namespace perspective;
   5:effects/waheffect.cpp **** using namespace daisysp;
   6:effects/waheffect.cpp **** 
   7:effects/waheffect.cpp **** WahEffect::WahEffect()
   8:effects/waheffect.cpp ****     : Effect("Wah") {
   9:effects/waheffect.cpp **** }
  10:effects/waheffect.cpp **** 
  11:effects/waheffect.cpp **** WahEffect::~WahEffect() {
  30              		.loc 1 11 1 view -0
  31              		.cfi_startproc
  32              		@ args = 0, pretend = 0, frame = 0
  33              		@ frame_needed = 0, uses_anonymous_args = 0
  34              	.LBB81:
  35              		.loc 1 11 23 is_stmt 0 view .LVU1
  36 0000 034B     		ldr	r3, .L4
  37              	.LBE81:
  38              		.loc 1 11 1 view .LVU2
  39 0002 10B5     		push	{r4, lr}
  40              		.cfi_def_cfa_offset 8
  41              		.cfi_offset 4, -8
  42              		.cfi_offset 14, -4
  43              		.loc 1 11 1 view .LVU3
  44 0004 0446     		mov	r4, r0
  45              	.LBB84:
  46              		.loc 1 11 23 view .LVU4
  47 0006 0360     		str	r3, [r0]
ARM GAS  C:\Users\Oliver\AppData\Local\Temp\ccFJcwzV.s 			page 2


  48              	.LVL1:
  49              	.LBB82:
  50              	.LBI82:
  51              		.file 2 "dependencies/DaisySP/Source/Filters/svf.h"
   1:dependencies/DaisySP/Source/Filters/svf.h **** /*
   2:dependencies/DaisySP/Source/Filters/svf.h **** Copyright (c) 2020 Electrosmith, Corp
   3:dependencies/DaisySP/Source/Filters/svf.h **** 
   4:dependencies/DaisySP/Source/Filters/svf.h **** Use of this source code is governed by an MIT-style
   5:dependencies/DaisySP/Source/Filters/svf.h **** license that can be found in the LICENSE file or at
   6:dependencies/DaisySP/Source/Filters/svf.h **** https://opensource.org/licenses/MIT.
   7:dependencies/DaisySP/Source/Filters/svf.h **** */
   8:dependencies/DaisySP/Source/Filters/svf.h **** 
   9:dependencies/DaisySP/Source/Filters/svf.h **** #pragma once
  10:dependencies/DaisySP/Source/Filters/svf.h **** #ifndef DSY_SVF_H
  11:dependencies/DaisySP/Source/Filters/svf.h **** #define DSY_SVF_H
  12:dependencies/DaisySP/Source/Filters/svf.h **** 
  13:dependencies/DaisySP/Source/Filters/svf.h **** namespace daisysp
  14:dependencies/DaisySP/Source/Filters/svf.h **** {
  15:dependencies/DaisySP/Source/Filters/svf.h **** /**      Double Sampled, Stable State Variable Filter
  16:dependencies/DaisySP/Source/Filters/svf.h **** 
  17:dependencies/DaisySP/Source/Filters/svf.h **** Credit to Andrew Simper from musicdsp.org
  18:dependencies/DaisySP/Source/Filters/svf.h **** 
  19:dependencies/DaisySP/Source/Filters/svf.h **** This is his "State Variable Filter (Double Sampled, Stable)"
  20:dependencies/DaisySP/Source/Filters/svf.h **** 
  21:dependencies/DaisySP/Source/Filters/svf.h **** Additional thanks to Laurent de Soras for stability limit, and 
  22:dependencies/DaisySP/Source/Filters/svf.h **** Stefan Diedrichsen for the correct notch output
  23:dependencies/DaisySP/Source/Filters/svf.h **** 
  24:dependencies/DaisySP/Source/Filters/svf.h **** Ported by: Stephen Hensley
  25:dependencies/DaisySP/Source/Filters/svf.h **** */
  26:dependencies/DaisySP/Source/Filters/svf.h **** class Svf
  27:dependencies/DaisySP/Source/Filters/svf.h **** {
  28:dependencies/DaisySP/Source/Filters/svf.h ****   public:
  29:dependencies/DaisySP/Source/Filters/svf.h ****     Svf() {}
  30:dependencies/DaisySP/Source/Filters/svf.h ****     ~Svf() {}
  52              		.loc 2 30 5 is_stmt 1 view .LVU5
  53              		.loc 2 30 5 is_stmt 0 view .LVU6
  54              	.LBE82:
  55              	.LBB83:
  56              	.LBI83:
  57              		.loc 2 30 5 is_stmt 1 view .LVU7
  58              		.loc 2 30 5 is_stmt 0 view .LVU8
  59              	.LBE83:
  12:effects/waheffect.cpp **** }
  60              		.loc 1 12 1 discriminator 2 view .LVU9
  61 0008 FFF7FEFF 		bl	_ZN11perspective6EffectD2Ev
  62              	.LVL2:
  63              		.loc 1 12 1 discriminator 2 view .LVU10
  64              	.LBE84:
  65              		.loc 1 12 1 view .LVU11
  66 000c 2046     		mov	r0, r4
  67 000e 10BD     		pop	{r4, pc}
  68              	.LVL3:
  69              	.L5:
  70              		.loc 1 12 1 view .LVU12
  71              		.align	2
  72              	.L4:
  73 0010 08000000 		.word	_ZTVN11perspective9WahEffectE+8
ARM GAS  C:\Users\Oliver\AppData\Local\Temp\ccFJcwzV.s 			page 3


  74              		.cfi_endproc
  75              	.LFE6888:
  77              		.global	_ZN11perspective9WahEffectD1Ev
  78              		.thumb_set _ZN11perspective9WahEffectD1Ev,_ZN11perspective9WahEffectD2Ev
  79              		.section	.text._ZN11perspective9WahEffectD0Ev,"ax",%progbits
  80              		.align	1
  81              		.p2align 2,,3
  82              		.global	_ZN11perspective9WahEffectD0Ev
  83              		.syntax unified
  84              		.thumb
  85              		.thumb_func
  87              	_ZN11perspective9WahEffectD0Ev:
  88              	.LVL4:
  89              	.LFB6890:
  11:effects/waheffect.cpp **** }
  90              		.loc 1 11 1 is_stmt 1 view -0
  91              		.cfi_startproc
  92              		@ args = 0, pretend = 0, frame = 0
  93              		@ frame_needed = 0, uses_anonymous_args = 0
  94              	.LBB85:
  95              	.LBB86:
  11:effects/waheffect.cpp **** }
  96              		.loc 1 11 23 is_stmt 0 view .LVU14
  97 0000 054B     		ldr	r3, .L8
  98              	.LBE86:
  99              	.LBE85:
  11:effects/waheffect.cpp **** }
 100              		.loc 1 11 1 view .LVU15
 101 0002 10B5     		push	{r4, lr}
 102              		.cfi_def_cfa_offset 8
 103              		.cfi_offset 4, -8
 104              		.cfi_offset 14, -4
  11:effects/waheffect.cpp **** }
 105              		.loc 1 11 1 view .LVU16
 106 0004 0446     		mov	r4, r0
 107              	.LVL5:
 108              	.LBB90:
 109              	.LBI85:
  11:effects/waheffect.cpp **** }
 110              		.loc 1 11 1 is_stmt 1 view .LVU17
 111              	.LBB89:
  11:effects/waheffect.cpp **** }
 112              		.loc 1 11 23 is_stmt 0 view .LVU18
 113 0006 0360     		str	r3, [r0]
 114              	.LVL6:
 115              	.LBB87:
 116              	.LBI87:
 117              		.loc 2 30 5 is_stmt 1 view .LVU19
 118              		.loc 2 30 5 is_stmt 0 view .LVU20
 119              	.LBE87:
 120              	.LBB88:
 121              	.LBI88:
 122              		.loc 2 30 5 is_stmt 1 view .LVU21
 123              		.loc 2 30 5 is_stmt 0 view .LVU22
 124              	.LBE88:
 125              		.loc 1 12 1 discriminator 2 view .LVU23
 126 0008 FFF7FEFF 		bl	_ZN11perspective6EffectD2Ev
ARM GAS  C:\Users\Oliver\AppData\Local\Temp\ccFJcwzV.s 			page 4


 127              	.LVL7:
 128              		.loc 1 12 1 discriminator 2 view .LVU24
 129              	.LBE89:
 130              	.LBE90:
 131              		.loc 1 12 1 discriminator 1 view .LVU25
 132 000c C821     		movs	r1, #200
 133 000e 2046     		mov	r0, r4
 134 0010 FFF7FEFF 		bl	_ZdlPvj
 135              	.LVL8:
 136              		.loc 1 12 1 view .LVU26
 137 0014 2046     		mov	r0, r4
 138 0016 10BD     		pop	{r4, pc}
 139              	.LVL9:
 140              	.L9:
 141              		.loc 1 12 1 view .LVU27
 142              		.align	2
 143              	.L8:
 144 0018 08000000 		.word	_ZTVN11perspective9WahEffectE+8
 145              		.cfi_endproc
 146              	.LFE6890:
 148              		.section	.rodata._ZN11perspective9WahEffect4InitEf.str1.4,"aMS",%progbits,1
 149              		.align	2
 150              	.LC0:
 151 0000 4B31204D 		.ascii	"K1 Mix\000"
 151      697800
 152 0007 00       		.align	2
 153              	.LC1:
 154 0008 4B322052 		.ascii	"K2 Resonance\000"
 154      65736F6E 
 154      616E6365 
 154      00
 155 0015 000000   		.align	2
 156              	.LC2:
 157 0018 45502053 		.ascii	"EP Sweep\000"
 157      77656570 
 157      00
 158 0021 000000   		.align	2
 159              	.LC3:
 160 0024 4B34204C 		.ascii	"K4 Low Freq\000"
 160      6F772046 
 160      72657100 
 161              		.align	2
 162              	.LC4:
 163 0030 4B352048 		.ascii	"K5 High Freq\000"
 163      69676820 
 163      46726571 
 163      00
 164              		.section	.text._ZN11perspective9WahEffect4InitEf,"ax",%progbits
 165              		.align	1
 166              		.p2align 2,,3
 167              		.global	_ZN11perspective9WahEffect4InitEf
 168              		.syntax unified
 169              		.thumb
 170              		.thumb_func
 172              	_ZN11perspective9WahEffect4InitEf:
 173              	.LVL10:
 174              	.LFB6891:
ARM GAS  C:\Users\Oliver\AppData\Local\Temp\ccFJcwzV.s 			page 5


  13:effects/waheffect.cpp **** 
  14:effects/waheffect.cpp **** void WahEffect::Init(float sampleRate) {
 175              		.loc 1 14 40 is_stmt 1 view -0
 176              		.cfi_startproc
 177              		@ args = 0, pretend = 0, frame = 0
 178              		@ frame_needed = 0, uses_anonymous_args = 0
  15:effects/waheffect.cpp ****     sampleRate_ = sampleRate;
 179              		.loc 1 15 5 view .LVU29
  14:effects/waheffect.cpp ****     sampleRate_ = sampleRate;
 180              		.loc 1 14 40 is_stmt 0 view .LVU30
 181 0000 F0B5     		push	{r4, r5, r6, r7, lr}
 182              		.cfi_def_cfa_offset 20
 183              		.cfi_offset 4, -20
 184              		.cfi_offset 5, -16
 185              		.cfi_offset 6, -12
 186              		.cfi_offset 7, -8
 187              		.cfi_offset 14, -4
 188 0002 0446     		mov	r4, r0
  16:effects/waheffect.cpp **** 
  17:effects/waheffect.cpp ****     // Initialize state variable filters for stereo
  18:effects/waheffect.cpp ****     filterL_.Init(sampleRate);
 189              		.loc 1 18 18 view .LVU31
 190 0004 3030     		adds	r0, r0, #48
 191              	.LVL11:
  19:effects/waheffect.cpp ****     filterR_.Init(sampleRate);
  20:effects/waheffect.cpp **** 
  21:effects/waheffect.cpp ****     // Add parameters: Mix, Resonance, EP sweep, Low Freq, High Freq
  22:effects/waheffect.cpp ****     AddParameter(new PotentiometerParameter("K1 Mix", 0.0f, 1.0f, 0.5f, PotCurve::LIN, KNOB_1_IDX, 
 192              		.loc 1 22 101 discriminator 1 view .LVU32
 193 0006 0026     		movs	r6, #0
  23:effects/waheffect.cpp ****     AddParameter(new PotentiometerParameter("K2 Resonance", 0.0f, 1.0f, 0.85f, PotCurve::LIN, KNOB_
  24:effects/waheffect.cpp ****     AddParameter(new PotentiometerParameter("EP Sweep", 0.0f, 1.0f, 0.5f, PotCurve::REVERSE_LOG, KN
 194              		.loc 1 24 113 discriminator 1 view .LVU33
 195 0008 0427     		movs	r7, #4
  14:effects/waheffect.cpp ****     sampleRate_ = sampleRate;
 196              		.loc 1 14 40 view .LVU34
 197 000a 2DED028B 		vpush.64	{d8}
 198              		.cfi_def_cfa_offset 28
 199              		.cfi_offset 80, -28
 200              		.cfi_offset 81, -24
 201 000e B0EE408A 		vmov.f32	s16, s0
 202 0012 83B0     		sub	sp, sp, #12
 203              		.cfi_def_cfa_offset 40
  15:effects/waheffect.cpp **** 
 204              		.loc 1 15 17 view .LVU35
 205 0014 84ED060A 		vstr.32	s0, [r4, #24]
  18:effects/waheffect.cpp ****     filterR_.Init(sampleRate);
 206              		.loc 1 18 5 is_stmt 1 view .LVU36
  18:effects/waheffect.cpp ****     filterR_.Init(sampleRate);
 207              		.loc 1 18 18 is_stmt 0 view .LVU37
 208 0018 FFF7FEFF 		bl	_ZN7daisysp3Svf4InitEf
 209              	.LVL12:
  19:effects/waheffect.cpp **** 
 210              		.loc 1 19 5 is_stmt 1 view .LVU38
  19:effects/waheffect.cpp **** 
 211              		.loc 1 19 18 is_stmt 0 view .LVU39
 212 001c 04F17C00 		add	r0, r4, #124
ARM GAS  C:\Users\Oliver\AppData\Local\Temp\ccFJcwzV.s 			page 6


 213 0020 B0EE480A 		vmov.f32	s0, s16
  22:effects/waheffect.cpp ****     AddParameter(new PotentiometerParameter("K2 Resonance", 0.0f, 1.0f, 0.85f, PotCurve::LIN, KNOB_
 214              		.loc 1 22 101 discriminator 1 view .LVU40
 215 0024 9FED3A8A 		vldr.32	s16, .L12
 216              	.LVL13:
  19:effects/waheffect.cpp **** 
 217              		.loc 1 19 18 view .LVU41
 218 0028 FFF7FEFF 		bl	_ZN7daisysp3Svf4InitEf
 219              	.LVL14:
  22:effects/waheffect.cpp ****     AddParameter(new PotentiometerParameter("K2 Resonance", 0.0f, 1.0f, 0.85f, PotCurve::LIN, KNOB_
 220              		.loc 1 22 5 is_stmt 1 view .LVU42
  22:effects/waheffect.cpp ****     AddParameter(new PotentiometerParameter("K2 Resonance", 0.0f, 1.0f, 0.85f, PotCurve::LIN, KNOB_
 221              		.loc 1 22 101 is_stmt 0 view .LVU43
 222 002c 3020     		movs	r0, #48
 223 002e FFF7FEFF 		bl	_Znwj
 224              	.LVL15:
 225 0032 0546     		mov	r5, r0
  22:effects/waheffect.cpp ****     AddParameter(new PotentiometerParameter("K2 Resonance", 0.0f, 1.0f, 0.85f, PotCurve::LIN, KNOB_
 226              		.loc 1 22 101 discriminator 1 view .LVU44
 227 0034 B0EE480A 		vmov.f32	s0, s16
 228 0038 3346     		mov	r3, r6
 229 003a 3246     		mov	r2, r6
 230 003c B6EE001A 		vmov.f32	s2, #5.0e-1
 231 0040 F7EE000A 		vmov.f32	s1, #1.0e+0
 232 0044 0096     		str	r6, [sp]
 233 0046 3349     		ldr	r1, .L12+4
 234 0048 FFF7FEFF 		bl	_ZN11perspective22PotentiometerParameterC1EPKcfffNS_8PotCurveEii
 235              	.LVL16:
  22:effects/waheffect.cpp ****     AddParameter(new PotentiometerParameter("K2 Resonance", 0.0f, 1.0f, 0.85f, PotCurve::LIN, KNOB_
 236              		.loc 1 22 17 discriminator 2 view .LVU45
 237 004c 2946     		mov	r1, r5
 238 004e 2046     		mov	r0, r4
  23:effects/waheffect.cpp ****     AddParameter(new PotentiometerParameter("EP Sweep", 0.0f, 1.0f, 0.5f, PotCurve::REVERSE_LOG, KN
 239              		.loc 1 23 108 discriminator 1 view .LVU46
 240 0050 0125     		movs	r5, #1
  22:effects/waheffect.cpp ****     AddParameter(new PotentiometerParameter("K2 Resonance", 0.0f, 1.0f, 0.85f, PotCurve::LIN, KNOB_
 241              		.loc 1 22 17 discriminator 2 view .LVU47
 242 0052 FFF7FEFF 		bl	_ZN11perspective6Effect12AddParameterEPNS_15EffectParameterE
 243              	.LVL17:
  23:effects/waheffect.cpp ****     AddParameter(new PotentiometerParameter("EP Sweep", 0.0f, 1.0f, 0.5f, PotCurve::REVERSE_LOG, KN
 244              		.loc 1 23 5 is_stmt 1 view .LVU48
  23:effects/waheffect.cpp ****     AddParameter(new PotentiometerParameter("EP Sweep", 0.0f, 1.0f, 0.5f, PotCurve::REVERSE_LOG, KN
 245              		.loc 1 23 108 is_stmt 0 view .LVU49
 246 0056 3020     		movs	r0, #48
 247 0058 FFF7FEFF 		bl	_Znwj
 248              	.LVL18:
  23:effects/waheffect.cpp ****     AddParameter(new PotentiometerParameter("EP Sweep", 0.0f, 1.0f, 0.5f, PotCurve::REVERSE_LOG, KN
 249              		.loc 1 23 108 discriminator 1 view .LVU50
 250 005c 3246     		mov	r2, r6
  23:effects/waheffect.cpp ****     AddParameter(new PotentiometerParameter("EP Sweep", 0.0f, 1.0f, 0.5f, PotCurve::REVERSE_LOG, KN
 251              		.loc 1 23 108 view .LVU51
 252 005e 0646     		mov	r6, r0
  23:effects/waheffect.cpp ****     AddParameter(new PotentiometerParameter("EP Sweep", 0.0f, 1.0f, 0.5f, PotCurve::REVERSE_LOG, KN
 253              		.loc 1 23 108 discriminator 1 view .LVU52
 254 0060 B0EE480A 		vmov.f32	s0, s16
 255 0064 2B46     		mov	r3, r5
 256 0066 F7EE000A 		vmov.f32	s1, #1.0e+0
ARM GAS  C:\Users\Oliver\AppData\Local\Temp\ccFJcwzV.s 			page 7


 257 006a 9FED2B1A 		vldr.32	s2, .L12+8
 258 006e 0095     		str	r5, [sp]
 259 0070 2A49     		ldr	r1, .L12+12
 260 0072 FFF7FEFF 		bl	_ZN11perspective22PotentiometerParameterC1EPKcfffNS_8PotCurveEii
 261              	.LVL19:
  23:effects/waheffect.cpp ****     AddParameter(new PotentiometerParameter("EP Sweep", 0.0f, 1.0f, 0.5f, PotCurve::REVERSE_LOG, KN
 262              		.loc 1 23 17 discriminator 2 view .LVU53
 263 0076 3146     		mov	r1, r6
 264 0078 2046     		mov	r0, r4
 265 007a FFF7FEFF 		bl	_ZN11perspective6Effect12AddParameterEPNS_15EffectParameterE
 266              	.LVL20:
 267              		.loc 1 24 5 is_stmt 1 view .LVU54
 268              		.loc 1 24 113 is_stmt 0 view .LVU55
 269 007e 3020     		movs	r0, #48
 270 0080 FFF7FEFF 		bl	_Znwj
 271              	.LVL21:
 272 0084 0646     		mov	r6, r0
 273              		.loc 1 24 113 discriminator 1 view .LVU56
 274 0086 B0EE480A 		vmov.f32	s0, s16
 275 008a 0623     		movs	r3, #6
 276 008c B6EE001A 		vmov.f32	s2, #5.0e-1
 277 0090 0322     		movs	r2, #3
 278 0092 F7EE000A 		vmov.f32	s1, #1.0e+0
 279 0096 2249     		ldr	r1, .L12+16
 280 0098 0097     		str	r7, [sp]
 281 009a FFF7FEFF 		bl	_ZN11perspective22PotentiometerParameterC1EPKcfffNS_8PotCurveEii
 282              	.LVL22:
 283              		.loc 1 24 17 discriminator 2 view .LVU57
 284 009e 3146     		mov	r1, r6
 285 00a0 2046     		mov	r0, r4
  25:effects/waheffect.cpp ****     AddParameter(new PotentiometerParameter("K4 Low Freq", 80.0f, 2000.0f, 400.0f, PotCurve::LOG, K
 286              		.loc 1 25 112 discriminator 1 view .LVU58
 287 00a2 9FED208A 		vldr.32	s16, .L12+20
  24:effects/waheffect.cpp ****     AddParameter(new PotentiometerParameter("K4 Low Freq", 80.0f, 2000.0f, 400.0f, PotCurve::LOG, K
 288              		.loc 1 24 17 discriminator 2 view .LVU59
 289 00a6 FFF7FEFF 		bl	_ZN11perspective6Effect12AddParameterEPNS_15EffectParameterE
 290              	.LVL23:
 291              		.loc 1 25 5 is_stmt 1 view .LVU60
 292              		.loc 1 25 112 is_stmt 0 view .LVU61
 293 00aa 3020     		movs	r0, #48
 294 00ac FFF7FEFF 		bl	_Znwj
 295              	.LVL24:
 296              		.loc 1 25 112 discriminator 1 view .LVU62
 297 00b0 0223     		movs	r3, #2
 298              		.loc 1 25 112 view .LVU63
 299 00b2 0646     		mov	r6, r0
 300              		.loc 1 25 112 discriminator 1 view .LVU64
 301 00b4 F0EE480A 		vmov.f32	s1, s16
 302 00b8 2A46     		mov	r2, r5
 303 00ba 9FED1B1A 		vldr.32	s2, .L12+24
 304 00be 9FED1B0A 		vldr.32	s0, .L12+28
 305 00c2 0093     		str	r3, [sp]
 306 00c4 0323     		movs	r3, #3
 307 00c6 1A49     		ldr	r1, .L12+32
 308 00c8 FFF7FEFF 		bl	_ZN11perspective22PotentiometerParameterC1EPKcfffNS_8PotCurveEii
 309              	.LVL25:
 310              		.loc 1 25 17 discriminator 2 view .LVU65
ARM GAS  C:\Users\Oliver\AppData\Local\Temp\ccFJcwzV.s 			page 8


 311 00cc 3146     		mov	r1, r6
 312 00ce 2046     		mov	r0, r4
 313 00d0 FFF7FEFF 		bl	_ZN11perspective6Effect12AddParameterEPNS_15EffectParameterE
 314              	.LVL26:
  26:effects/waheffect.cpp ****     AddParameter(new PotentiometerParameter("K5 High Freq", 200.0f, 5000.0f, 2000.0f, PotCurve::LOG
 315              		.loc 1 26 5 is_stmt 1 view .LVU66
 316              		.loc 1 26 115 is_stmt 0 view .LVU67
 317 00d4 3020     		movs	r0, #48
 318 00d6 FFF7FEFF 		bl	_Znwj
 319              	.LVL27:
 320              		.loc 1 26 115 discriminator 1 view .LVU68
 321 00da 0321     		movs	r1, #3
 322 00dc 2A46     		mov	r2, r5
 323              		.loc 1 26 115 view .LVU69
 324 00de 0546     		mov	r5, r0
 325              		.loc 1 26 115 discriminator 1 view .LVU70
 326 00e0 3B46     		mov	r3, r7
 327 00e2 B0EE481A 		vmov.f32	s2, s16
 328 00e6 DFED130A 		vldr.32	s1, .L12+36
 329 00ea 9FED130A 		vldr.32	s0, .L12+40
 330 00ee 0091     		str	r1, [sp]
 331 00f0 1249     		ldr	r1, .L12+44
 332 00f2 FFF7FEFF 		bl	_ZN11perspective22PotentiometerParameterC1EPKcfffNS_8PotCurveEii
 333              	.LVL28:
 334              		.loc 1 26 17 discriminator 2 view .LVU71
 335 00f6 2046     		mov	r0, r4
 336 00f8 2946     		mov	r1, r5
 337 00fa FFF7FEFF 		bl	_ZN11perspective6Effect12AddParameterEPNS_15EffectParameterE
 338              	.LVL29:
  27:effects/waheffect.cpp **** 
  28:effects/waheffect.cpp ****     // Set default filter parameters
  29:effects/waheffect.cpp ****     Update();
 339              		.loc 1 29 5 is_stmt 1 view .LVU72
 340              		.loc 1 29 11 is_stmt 0 view .LVU73
 341 00fe 2368     		ldr	r3, [r4]
 342 0100 2046     		mov	r0, r4
 343 0102 5B69     		ldr	r3, [r3, #20]
  30:effects/waheffect.cpp **** }
 344              		.loc 1 30 1 view .LVU74
 345 0104 03B0     		add	sp, sp, #12
 346              		.cfi_def_cfa_offset 28
 347              		@ sp needed
 348 0106 BDEC028B 		vldm	sp!, {d8}
 349              		.cfi_restore 80
 350              		.cfi_restore 81
 351              		.cfi_def_cfa_offset 20
 352 010a BDE8F040 		pop	{r4, r5, r6, r7, lr}
 353              		.cfi_restore 14
 354              		.cfi_restore 7
 355              		.cfi_restore 6
 356              		.cfi_restore 5
 357              		.cfi_restore 4
 358              		.cfi_def_cfa_offset 0
 359              	.LVL30:
  29:effects/waheffect.cpp **** }
 360              		.loc 1 29 11 view .LVU75
 361 010e 1847     		bx	r3	@ indirect register sibling call
ARM GAS  C:\Users\Oliver\AppData\Local\Temp\ccFJcwzV.s 			page 9


 362              	.LVL31:
 363              	.L13:
  29:effects/waheffect.cpp **** }
 364              		.loc 1 29 11 view .LVU76
 365              		.align	2
 366              	.L12:
 367 0110 00000000 		.word	0
 368 0114 00000000 		.word	.LC0
 369 0118 9A99593F 		.word	1062836634
 370 011c 08000000 		.word	.LC1
 371 0120 18000000 		.word	.LC2
 372 0124 0000FA44 		.word	1157234688
 373 0128 0000C843 		.word	1137180672
 374 012c 0000A042 		.word	1117782016
 375 0130 24000000 		.word	.LC3
 376 0134 00409C45 		.word	1167867904
 377 0138 00004843 		.word	1128792064
 378 013c 30000000 		.word	.LC4
 379              		.cfi_endproc
 380              	.LFE6891:
 382              		.section	.text._ZN11perspective9WahEffect6UpdateEv,"ax",%progbits
 383              		.align	1
 384              		.p2align 2,,3
 385              		.global	_ZN11perspective9WahEffect6UpdateEv
 386              		.syntax unified
 387              		.thumb
 388              		.thumb_func
 390              	_ZN11perspective9WahEffect6UpdateEv:
 391              	.LVL32:
 392              	.LFB6894:
  31:effects/waheffect.cpp **** 
  32:effects/waheffect.cpp **** void WahEffect::Process(float* in, float* out, size_t size) {
  33:effects/waheffect.cpp ****     if (!enabled_) {
  34:effects/waheffect.cpp ****         // Bypass - pass through dry signal
  35:effects/waheffect.cpp ****         for (size_t i = 0; i < size; i++) {
  36:effects/waheffect.cpp ****             out[i] = in[i];
  37:effects/waheffect.cpp ****         }
  38:effects/waheffect.cpp ****         return;
  39:effects/waheffect.cpp ****     }
  40:effects/waheffect.cpp **** 
  41:effects/waheffect.cpp ****     // Get mix parameter
  42:effects/waheffect.cpp ****     float mix = parameters_.size() > 0 ? parameters_[0]->GetValue() : 0.5f;
  43:effects/waheffect.cpp **** 
  44:effects/waheffect.cpp ****     // Process with wet/dry blend
  45:effects/waheffect.cpp ****     for (size_t i = 0; i < size; i++) {
  46:effects/waheffect.cpp ****         filterL_.Process(in[i]);
  47:effects/waheffect.cpp ****         float wet = filterL_.Band();
  48:effects/waheffect.cpp ****         out[i] = in[i] * (1.0f - mix) + wet * mix;
  49:effects/waheffect.cpp ****     }
  50:effects/waheffect.cpp **** }
  51:effects/waheffect.cpp **** 
  52:effects/waheffect.cpp **** void WahEffect::ProcessStereo(float* inL, float* inR, float* outL, float* outR, size_t size) {
  53:effects/waheffect.cpp ****     if (!enabled_) {
  54:effects/waheffect.cpp ****         // Bypass - pass through dry signal
  55:effects/waheffect.cpp ****         for (size_t i = 0; i < size; i++) {
  56:effects/waheffect.cpp ****             outL[i] = inL[i];
  57:effects/waheffect.cpp ****             outR[i] = inR[i];
ARM GAS  C:\Users\Oliver\AppData\Local\Temp\ccFJcwzV.s 			page 10


  58:effects/waheffect.cpp ****         }
  59:effects/waheffect.cpp ****         return;
  60:effects/waheffect.cpp ****     }
  61:effects/waheffect.cpp **** 
  62:effects/waheffect.cpp ****     // Get mix parameter
  63:effects/waheffect.cpp ****     float mix = parameters_.size() > 0 ? parameters_[0]->GetValue() : 0.5f;
  64:effects/waheffect.cpp **** 
  65:effects/waheffect.cpp ****     // Process stereo signal with independent filters
  66:effects/waheffect.cpp ****     for (size_t i = 0; i < size; i++) {
  67:effects/waheffect.cpp ****         filterL_.Process(inL[i]);
  68:effects/waheffect.cpp ****         filterR_.Process(inR[i]);
  69:effects/waheffect.cpp **** 
  70:effects/waheffect.cpp ****         float wetL = filterL_.Band();
  71:effects/waheffect.cpp ****         float wetR = filterR_.Band();
  72:effects/waheffect.cpp **** 
  73:effects/waheffect.cpp ****         outL[i] = inL[i] * (1.0f - mix) + wetL * mix;
  74:effects/waheffect.cpp ****         outR[i] = inR[i] * (1.0f - mix) + wetR * mix;
  75:effects/waheffect.cpp ****     }
  76:effects/waheffect.cpp **** }
  77:effects/waheffect.cpp **** 
  78:effects/waheffect.cpp **** void WahEffect::Update() {
 393              		.loc 1 78 26 is_stmt 1 view -0
 394              		.cfi_startproc
 395              		@ args = 0, pretend = 0, frame = 0
 396              		@ frame_needed = 0, uses_anonymous_args = 0
  79:effects/waheffect.cpp ****     // Update filter parameters from effect parameters
  80:effects/waheffect.cpp ****     if (parameters_.size() >= 5) {
 397              		.loc 1 80 5 view .LVU78
 398              	.LBB91:
 399              	.LBB92:
 400              	.LBI92:
 401              		.file 3 "C:/Program Files (x86)/Arm GNU Toolchain arm-none-eabi/14.3 rel1/arm-none-eabi/include/c+
   1:C:/Program Files (x86)/Arm GNU Toolchain arm-none-eabi/14.3 rel1/arm-none-eabi/include/c++/14.3.1/bits\stl_vector.h **** // Vector implementation -*- C++ -*-
   2:C:/Program Files (x86)/Arm GNU Toolchain arm-none-eabi/14.3 rel1/arm-none-eabi/include/c++/14.3.1/bits\stl_vector.h **** 
   3:C:/Program Files (x86)/Arm GNU Toolchain arm-none-eabi/14.3 rel1/arm-none-eabi/include/c++/14.3.1/bits\stl_vector.h **** // Copyright (C) 2001-2024 Free Software Foundation, Inc.
   4:C:/Program Files (x86)/Arm GNU Toolchain arm-none-eabi/14.3 rel1/arm-none-eabi/include/c++/14.3.1/bits\stl_vector.h **** //
   5:C:/Program Files (x86)/Arm GNU Toolchain arm-none-eabi/14.3 rel1/arm-none-eabi/include/c++/14.3.1/bits\stl_vector.h **** // This file is part of the GNU ISO C++ Library.  This library is free
   6:C:/Program Files (x86)/Arm GNU Toolchain arm-none-eabi/14.3 rel1/arm-none-eabi/include/c++/14.3.1/bits\stl_vector.h **** // software; you can redistribute it and/or modify it under the
   7:C:/Program Files (x86)/Arm GNU Toolchain arm-none-eabi/14.3 rel1/arm-none-eabi/include/c++/14.3.1/bits\stl_vector.h **** // terms of the GNU General Public License as published by the
   8:C:/Program Files (x86)/Arm GNU Toolchain arm-none-eabi/14.3 rel1/arm-none-eabi/include/c++/14.3.1/bits\stl_vector.h **** // Free Software Foundation; either version 3, or (at your option)
   9:C:/Program Files (x86)/Arm GNU Toolchain arm-none-eabi/14.3 rel1/arm-none-eabi/include/c++/14.3.1/bits\stl_vector.h **** // any later version.
  10:C:/Program Files (x86)/Arm GNU Toolchain arm-none-eabi/14.3 rel1/arm-none-eabi/include/c++/14.3.1/bits\stl_vector.h **** 
  11:C:/Program Files (x86)/Arm GNU Toolchain arm-none-eabi/14.3 rel1/arm-none-eabi/include/c++/14.3.1/bits\stl_vector.h **** // This library is distributed in the hope that it will be useful,
  12:C:/Program Files (x86)/Arm GNU Toolchain arm-none-eabi/14.3 rel1/arm-none-eabi/include/c++/14.3.1/bits\stl_vector.h **** // but WITHOUT ANY WARRANTY; without even the implied warranty of
  13:C:/Program Files (x86)/Arm GNU Toolchain arm-none-eabi/14.3 rel1/arm-none-eabi/include/c++/14.3.1/bits\stl_vector.h **** // MERCHANTABILITY or FITNESS FOR A PARTICULAR PURPOSE.  See the
  14:C:/Program Files (x86)/Arm GNU Toolchain arm-none-eabi/14.3 rel1/arm-none-eabi/include/c++/14.3.1/bits\stl_vector.h **** // GNU General Public License for more details.
  15:C:/Program Files (x86)/Arm GNU Toolchain arm-none-eabi/14.3 rel1/arm-none-eabi/include/c++/14.3.1/bits\stl_vector.h **** 
  16:C:/Program Files (x86)/Arm GNU Toolchain arm-none-eabi/14.3 rel1/arm-none-eabi/include/c++/14.3.1/bits\stl_vector.h **** // Under Section 7 of GPL version 3, you are granted additional
  17:C:/Program Files (x86)/Arm GNU Toolchain arm-none-eabi/14.3 rel1/arm-none-eabi/include/c++/14.3.1/bits\stl_vector.h **** // permissions described in the GCC Runtime Library Exception, version
  18:C:/Program Files (x86)/Arm GNU Toolchain arm-none-eabi/14.3 rel1/arm-none-eabi/include/c++/14.3.1/bits\stl_vector.h **** // 3.1, as published by the Free Software Foundation.
  19:C:/Program Files (x86)/Arm GNU Toolchain arm-none-eabi/14.3 rel1/arm-none-eabi/include/c++/14.3.1/bits\stl_vector.h **** 
  20:C:/Program Files (x86)/Arm GNU Toolchain arm-none-eabi/14.3 rel1/arm-none-eabi/include/c++/14.3.1/bits\stl_vector.h **** // You should have received a copy of the GNU General Public License and
  21:C:/Program Files (x86)/Arm GNU Toolchain arm-none-eabi/14.3 rel1/arm-none-eabi/include/c++/14.3.1/bits\stl_vector.h **** // a copy of the GCC Runtime Library Exception along with this program;
  22:C:/Program Files (x86)/Arm GNU Toolchain arm-none-eabi/14.3 rel1/arm-none-eabi/include/c++/14.3.1/bits\stl_vector.h **** // see the files COPYING3 and COPYING.RUNTIME respectively.  If not, see
  23:C:/Program Files (x86)/Arm GNU Toolchain arm-none-eabi/14.3 rel1/arm-none-eabi/include/c++/14.3.1/bits\stl_vector.h **** // <http://www.gnu.org/licenses/>.
  24:C:/Program Files (x86)/Arm GNU Toolchain arm-none-eabi/14.3 rel1/arm-none-eabi/include/c++/14.3.1/bits\stl_vector.h **** 
  25:C:/Program Files (x86)/Arm GNU Toolchain arm-none-eabi/14.3 rel1/arm-none-eabi/include/c++/14.3.1/bits\stl_vector.h **** /*
ARM GAS  C:\Users\Oliver\AppData\Local\Temp\ccFJcwzV.s 			page 11


  26:C:/Program Files (x86)/Arm GNU Toolchain arm-none-eabi/14.3 rel1/arm-none-eabi/include/c++/14.3.1/bits\stl_vector.h ****  *
  27:C:/Program Files (x86)/Arm GNU Toolchain arm-none-eabi/14.3 rel1/arm-none-eabi/include/c++/14.3.1/bits\stl_vector.h ****  * Copyright (c) 1994
  28:C:/Program Files (x86)/Arm GNU Toolchain arm-none-eabi/14.3 rel1/arm-none-eabi/include/c++/14.3.1/bits\stl_vector.h ****  * Hewlett-Packard Company
  29:C:/Program Files (x86)/Arm GNU Toolchain arm-none-eabi/14.3 rel1/arm-none-eabi/include/c++/14.3.1/bits\stl_vector.h ****  *
  30:C:/Program Files (x86)/Arm GNU Toolchain arm-none-eabi/14.3 rel1/arm-none-eabi/include/c++/14.3.1/bits\stl_vector.h ****  * Permission to use, copy, modify, distribute and sell this software
  31:C:/Program Files (x86)/Arm GNU Toolchain arm-none-eabi/14.3 rel1/arm-none-eabi/include/c++/14.3.1/bits\stl_vector.h ****  * and its documentation for any purpose is hereby granted without fee,
  32:C:/Program Files (x86)/Arm GNU Toolchain arm-none-eabi/14.3 rel1/arm-none-eabi/include/c++/14.3.1/bits\stl_vector.h ****  * provided that the above copyright notice appear in all copies and
  33:C:/Program Files (x86)/Arm GNU Toolchain arm-none-eabi/14.3 rel1/arm-none-eabi/include/c++/14.3.1/bits\stl_vector.h ****  * that both that copyright notice and this permission notice appear
  34:C:/Program Files (x86)/Arm GNU Toolchain arm-none-eabi/14.3 rel1/arm-none-eabi/include/c++/14.3.1/bits\stl_vector.h ****  * in supporting documentation.  Hewlett-Packard Company makes no
  35:C:/Program Files (x86)/Arm GNU Toolchain arm-none-eabi/14.3 rel1/arm-none-eabi/include/c++/14.3.1/bits\stl_vector.h ****  * representations about the suitability of this software for any
  36:C:/Program Files (x86)/Arm GNU Toolchain arm-none-eabi/14.3 rel1/arm-none-eabi/include/c++/14.3.1/bits\stl_vector.h ****  * purpose.  It is provided "as is" without express or implied warranty.
  37:C:/Program Files (x86)/Arm GNU Toolchain arm-none-eabi/14.3 rel1/arm-none-eabi/include/c++/14.3.1/bits\stl_vector.h ****  *
  38:C:/Program Files (x86)/Arm GNU Toolchain arm-none-eabi/14.3 rel1/arm-none-eabi/include/c++/14.3.1/bits\stl_vector.h ****  *
  39:C:/Program Files (x86)/Arm GNU Toolchain arm-none-eabi/14.3 rel1/arm-none-eabi/include/c++/14.3.1/bits\stl_vector.h ****  * Copyright (c) 1996
  40:C:/Program Files (x86)/Arm GNU Toolchain arm-none-eabi/14.3 rel1/arm-none-eabi/include/c++/14.3.1/bits\stl_vector.h ****  * Silicon Graphics Computer Systems, Inc.
  41:C:/Program Files (x86)/Arm GNU Toolchain arm-none-eabi/14.3 rel1/arm-none-eabi/include/c++/14.3.1/bits\stl_vector.h ****  *
  42:C:/Program Files (x86)/Arm GNU Toolchain arm-none-eabi/14.3 rel1/arm-none-eabi/include/c++/14.3.1/bits\stl_vector.h ****  * Permission to use, copy, modify, distribute and sell this software
  43:C:/Program Files (x86)/Arm GNU Toolchain arm-none-eabi/14.3 rel1/arm-none-eabi/include/c++/14.3.1/bits\stl_vector.h ****  * and its documentation for any purpose is hereby granted without fee,
  44:C:/Program Files (x86)/Arm GNU Toolchain arm-none-eabi/14.3 rel1/arm-none-eabi/include/c++/14.3.1/bits\stl_vector.h ****  * provided that the above copyright notice appear in all copies and
  45:C:/Program Files (x86)/Arm GNU Toolchain arm-none-eabi/14.3 rel1/arm-none-eabi/include/c++/14.3.1/bits\stl_vector.h ****  * that both that copyright notice and this permission notice appear
  46:C:/Program Files (x86)/Arm GNU Toolchain arm-none-eabi/14.3 rel1/arm-none-eabi/include/c++/14.3.1/bits\stl_vector.h ****  * in supporting documentation.  Silicon Graphics makes no
  47:C:/Program Files (x86)/Arm GNU Toolchain arm-none-eabi/14.3 rel1/arm-none-eabi/include/c++/14.3.1/bits\stl_vector.h ****  * representations about the suitability of this  software for any
  48:C:/Program Files (x86)/Arm GNU Toolchain arm-none-eabi/14.3 rel1/arm-none-eabi/include/c++/14.3.1/bits\stl_vector.h ****  * purpose.  It is provided "as is" without express or implied warranty.
  49:C:/Program Files (x86)/Arm GNU Toolchain arm-none-eabi/14.3 rel1/arm-none-eabi/include/c++/14.3.1/bits\stl_vector.h ****  */
  50:C:/Program Files (x86)/Arm GNU Toolchain arm-none-eabi/14.3 rel1/arm-none-eabi/include/c++/14.3.1/bits\stl_vector.h **** 
  51:C:/Program Files (x86)/Arm GNU Toolchain arm-none-eabi/14.3 rel1/arm-none-eabi/include/c++/14.3.1/bits\stl_vector.h **** /** @file bits/stl_vector.h
  52:C:/Program Files (x86)/Arm GNU Toolchain arm-none-eabi/14.3 rel1/arm-none-eabi/include/c++/14.3.1/bits\stl_vector.h ****  *  This is an internal header file, included by other library headers.
  53:C:/Program Files (x86)/Arm GNU Toolchain arm-none-eabi/14.3 rel1/arm-none-eabi/include/c++/14.3.1/bits\stl_vector.h ****  *  Do not attempt to use it directly. @headername{vector}
  54:C:/Program Files (x86)/Arm GNU Toolchain arm-none-eabi/14.3 rel1/arm-none-eabi/include/c++/14.3.1/bits\stl_vector.h ****  */
  55:C:/Program Files (x86)/Arm GNU Toolchain arm-none-eabi/14.3 rel1/arm-none-eabi/include/c++/14.3.1/bits\stl_vector.h **** 
  56:C:/Program Files (x86)/Arm GNU Toolchain arm-none-eabi/14.3 rel1/arm-none-eabi/include/c++/14.3.1/bits\stl_vector.h **** #ifndef _STL_VECTOR_H
  57:C:/Program Files (x86)/Arm GNU Toolchain arm-none-eabi/14.3 rel1/arm-none-eabi/include/c++/14.3.1/bits\stl_vector.h **** #define _STL_VECTOR_H 1
  58:C:/Program Files (x86)/Arm GNU Toolchain arm-none-eabi/14.3 rel1/arm-none-eabi/include/c++/14.3.1/bits\stl_vector.h **** 
  59:C:/Program Files (x86)/Arm GNU Toolchain arm-none-eabi/14.3 rel1/arm-none-eabi/include/c++/14.3.1/bits\stl_vector.h **** #include <bits/stl_iterator_base_funcs.h>
  60:C:/Program Files (x86)/Arm GNU Toolchain arm-none-eabi/14.3 rel1/arm-none-eabi/include/c++/14.3.1/bits\stl_vector.h **** #include <bits/functexcept.h>
  61:C:/Program Files (x86)/Arm GNU Toolchain arm-none-eabi/14.3 rel1/arm-none-eabi/include/c++/14.3.1/bits\stl_vector.h **** #include <bits/concept_check.h>
  62:C:/Program Files (x86)/Arm GNU Toolchain arm-none-eabi/14.3 rel1/arm-none-eabi/include/c++/14.3.1/bits\stl_vector.h **** #if __cplusplus >= 201103L
  63:C:/Program Files (x86)/Arm GNU Toolchain arm-none-eabi/14.3 rel1/arm-none-eabi/include/c++/14.3.1/bits\stl_vector.h **** #include <initializer_list>
  64:C:/Program Files (x86)/Arm GNU Toolchain arm-none-eabi/14.3 rel1/arm-none-eabi/include/c++/14.3.1/bits\stl_vector.h **** #endif
  65:C:/Program Files (x86)/Arm GNU Toolchain arm-none-eabi/14.3 rel1/arm-none-eabi/include/c++/14.3.1/bits\stl_vector.h **** #if __cplusplus >= 202002L
  66:C:/Program Files (x86)/Arm GNU Toolchain arm-none-eabi/14.3 rel1/arm-none-eabi/include/c++/14.3.1/bits\stl_vector.h **** # include <compare>
  67:C:/Program Files (x86)/Arm GNU Toolchain arm-none-eabi/14.3 rel1/arm-none-eabi/include/c++/14.3.1/bits\stl_vector.h **** #endif
  68:C:/Program Files (x86)/Arm GNU Toolchain arm-none-eabi/14.3 rel1/arm-none-eabi/include/c++/14.3.1/bits\stl_vector.h **** #if __glibcxx_concepts // C++ >= C++20
  69:C:/Program Files (x86)/Arm GNU Toolchain arm-none-eabi/14.3 rel1/arm-none-eabi/include/c++/14.3.1/bits\stl_vector.h **** # include <bits/ranges_base.h>          // ranges::distance
  70:C:/Program Files (x86)/Arm GNU Toolchain arm-none-eabi/14.3 rel1/arm-none-eabi/include/c++/14.3.1/bits\stl_vector.h **** #endif
  71:C:/Program Files (x86)/Arm GNU Toolchain arm-none-eabi/14.3 rel1/arm-none-eabi/include/c++/14.3.1/bits\stl_vector.h **** 
  72:C:/Program Files (x86)/Arm GNU Toolchain arm-none-eabi/14.3 rel1/arm-none-eabi/include/c++/14.3.1/bits\stl_vector.h **** #include <debug/assertions.h>
  73:C:/Program Files (x86)/Arm GNU Toolchain arm-none-eabi/14.3 rel1/arm-none-eabi/include/c++/14.3.1/bits\stl_vector.h **** 
  74:C:/Program Files (x86)/Arm GNU Toolchain arm-none-eabi/14.3 rel1/arm-none-eabi/include/c++/14.3.1/bits\stl_vector.h **** #if _GLIBCXX_SANITIZE_STD_ALLOCATOR && _GLIBCXX_SANITIZE_VECTOR
  75:C:/Program Files (x86)/Arm GNU Toolchain arm-none-eabi/14.3 rel1/arm-none-eabi/include/c++/14.3.1/bits\stl_vector.h **** extern "C" void
  76:C:/Program Files (x86)/Arm GNU Toolchain arm-none-eabi/14.3 rel1/arm-none-eabi/include/c++/14.3.1/bits\stl_vector.h **** __sanitizer_annotate_contiguous_container(const void*, const void*,
  77:C:/Program Files (x86)/Arm GNU Toolchain arm-none-eabi/14.3 rel1/arm-none-eabi/include/c++/14.3.1/bits\stl_vector.h **** 					  const void*, const void*);
  78:C:/Program Files (x86)/Arm GNU Toolchain arm-none-eabi/14.3 rel1/arm-none-eabi/include/c++/14.3.1/bits\stl_vector.h **** #endif
  79:C:/Program Files (x86)/Arm GNU Toolchain arm-none-eabi/14.3 rel1/arm-none-eabi/include/c++/14.3.1/bits\stl_vector.h **** 
  80:C:/Program Files (x86)/Arm GNU Toolchain arm-none-eabi/14.3 rel1/arm-none-eabi/include/c++/14.3.1/bits\stl_vector.h **** namespace std _GLIBCXX_VISIBILITY(default)
  81:C:/Program Files (x86)/Arm GNU Toolchain arm-none-eabi/14.3 rel1/arm-none-eabi/include/c++/14.3.1/bits\stl_vector.h **** {
  82:C:/Program Files (x86)/Arm GNU Toolchain arm-none-eabi/14.3 rel1/arm-none-eabi/include/c++/14.3.1/bits\stl_vector.h **** _GLIBCXX_BEGIN_NAMESPACE_VERSION
ARM GAS  C:\Users\Oliver\AppData\Local\Temp\ccFJcwzV.s 			page 12


  83:C:/Program Files (x86)/Arm GNU Toolchain arm-none-eabi/14.3 rel1/arm-none-eabi/include/c++/14.3.1/bits\stl_vector.h **** _GLIBCXX_BEGIN_NAMESPACE_CONTAINER
  84:C:/Program Files (x86)/Arm GNU Toolchain arm-none-eabi/14.3 rel1/arm-none-eabi/include/c++/14.3.1/bits\stl_vector.h **** 
  85:C:/Program Files (x86)/Arm GNU Toolchain arm-none-eabi/14.3 rel1/arm-none-eabi/include/c++/14.3.1/bits\stl_vector.h ****   /// See bits/stl_deque.h's _Deque_base for an explanation.
  86:C:/Program Files (x86)/Arm GNU Toolchain arm-none-eabi/14.3 rel1/arm-none-eabi/include/c++/14.3.1/bits\stl_vector.h ****   template<typename _Tp, typename _Alloc>
  87:C:/Program Files (x86)/Arm GNU Toolchain arm-none-eabi/14.3 rel1/arm-none-eabi/include/c++/14.3.1/bits\stl_vector.h ****     struct _Vector_base
  88:C:/Program Files (x86)/Arm GNU Toolchain arm-none-eabi/14.3 rel1/arm-none-eabi/include/c++/14.3.1/bits\stl_vector.h ****     {
  89:C:/Program Files (x86)/Arm GNU Toolchain arm-none-eabi/14.3 rel1/arm-none-eabi/include/c++/14.3.1/bits\stl_vector.h ****       typedef typename __gnu_cxx::__alloc_traits<_Alloc>::template
  90:C:/Program Files (x86)/Arm GNU Toolchain arm-none-eabi/14.3 rel1/arm-none-eabi/include/c++/14.3.1/bits\stl_vector.h **** 	rebind<_Tp>::other _Tp_alloc_type;
  91:C:/Program Files (x86)/Arm GNU Toolchain arm-none-eabi/14.3 rel1/arm-none-eabi/include/c++/14.3.1/bits\stl_vector.h ****       typedef typename __gnu_cxx::__alloc_traits<_Tp_alloc_type>::pointer
  92:C:/Program Files (x86)/Arm GNU Toolchain arm-none-eabi/14.3 rel1/arm-none-eabi/include/c++/14.3.1/bits\stl_vector.h ****        	pointer;
  93:C:/Program Files (x86)/Arm GNU Toolchain arm-none-eabi/14.3 rel1/arm-none-eabi/include/c++/14.3.1/bits\stl_vector.h **** 
  94:C:/Program Files (x86)/Arm GNU Toolchain arm-none-eabi/14.3 rel1/arm-none-eabi/include/c++/14.3.1/bits\stl_vector.h ****       struct _Vector_impl_data
  95:C:/Program Files (x86)/Arm GNU Toolchain arm-none-eabi/14.3 rel1/arm-none-eabi/include/c++/14.3.1/bits\stl_vector.h ****       {
  96:C:/Program Files (x86)/Arm GNU Toolchain arm-none-eabi/14.3 rel1/arm-none-eabi/include/c++/14.3.1/bits\stl_vector.h **** 	pointer _M_start;
  97:C:/Program Files (x86)/Arm GNU Toolchain arm-none-eabi/14.3 rel1/arm-none-eabi/include/c++/14.3.1/bits\stl_vector.h **** 	pointer _M_finish;
  98:C:/Program Files (x86)/Arm GNU Toolchain arm-none-eabi/14.3 rel1/arm-none-eabi/include/c++/14.3.1/bits\stl_vector.h **** 	pointer _M_end_of_storage;
  99:C:/Program Files (x86)/Arm GNU Toolchain arm-none-eabi/14.3 rel1/arm-none-eabi/include/c++/14.3.1/bits\stl_vector.h **** 
 100:C:/Program Files (x86)/Arm GNU Toolchain arm-none-eabi/14.3 rel1/arm-none-eabi/include/c++/14.3.1/bits\stl_vector.h **** 	_GLIBCXX20_CONSTEXPR
 101:C:/Program Files (x86)/Arm GNU Toolchain arm-none-eabi/14.3 rel1/arm-none-eabi/include/c++/14.3.1/bits\stl_vector.h **** 	_Vector_impl_data() _GLIBCXX_NOEXCEPT
 102:C:/Program Files (x86)/Arm GNU Toolchain arm-none-eabi/14.3 rel1/arm-none-eabi/include/c++/14.3.1/bits\stl_vector.h **** 	: _M_start(), _M_finish(), _M_end_of_storage()
 103:C:/Program Files (x86)/Arm GNU Toolchain arm-none-eabi/14.3 rel1/arm-none-eabi/include/c++/14.3.1/bits\stl_vector.h **** 	{ }
 104:C:/Program Files (x86)/Arm GNU Toolchain arm-none-eabi/14.3 rel1/arm-none-eabi/include/c++/14.3.1/bits\stl_vector.h **** 
 105:C:/Program Files (x86)/Arm GNU Toolchain arm-none-eabi/14.3 rel1/arm-none-eabi/include/c++/14.3.1/bits\stl_vector.h **** #if __cplusplus >= 201103L
 106:C:/Program Files (x86)/Arm GNU Toolchain arm-none-eabi/14.3 rel1/arm-none-eabi/include/c++/14.3.1/bits\stl_vector.h **** 	_GLIBCXX20_CONSTEXPR
 107:C:/Program Files (x86)/Arm GNU Toolchain arm-none-eabi/14.3 rel1/arm-none-eabi/include/c++/14.3.1/bits\stl_vector.h **** 	_Vector_impl_data(_Vector_impl_data&& __x) noexcept
 108:C:/Program Files (x86)/Arm GNU Toolchain arm-none-eabi/14.3 rel1/arm-none-eabi/include/c++/14.3.1/bits\stl_vector.h **** 	: _M_start(__x._M_start), _M_finish(__x._M_finish),
 109:C:/Program Files (x86)/Arm GNU Toolchain arm-none-eabi/14.3 rel1/arm-none-eabi/include/c++/14.3.1/bits\stl_vector.h **** 	  _M_end_of_storage(__x._M_end_of_storage)
 110:C:/Program Files (x86)/Arm GNU Toolchain arm-none-eabi/14.3 rel1/arm-none-eabi/include/c++/14.3.1/bits\stl_vector.h **** 	{ __x._M_start = __x._M_finish = __x._M_end_of_storage = pointer(); }
 111:C:/Program Files (x86)/Arm GNU Toolchain arm-none-eabi/14.3 rel1/arm-none-eabi/include/c++/14.3.1/bits\stl_vector.h **** #endif
 112:C:/Program Files (x86)/Arm GNU Toolchain arm-none-eabi/14.3 rel1/arm-none-eabi/include/c++/14.3.1/bits\stl_vector.h **** 
 113:C:/Program Files (x86)/Arm GNU Toolchain arm-none-eabi/14.3 rel1/arm-none-eabi/include/c++/14.3.1/bits\stl_vector.h **** 	_GLIBCXX20_CONSTEXPR
 114:C:/Program Files (x86)/Arm GNU Toolchain arm-none-eabi/14.3 rel1/arm-none-eabi/include/c++/14.3.1/bits\stl_vector.h **** 	void
 115:C:/Program Files (x86)/Arm GNU Toolchain arm-none-eabi/14.3 rel1/arm-none-eabi/include/c++/14.3.1/bits\stl_vector.h **** 	_M_copy_data(_Vector_impl_data const& __x) _GLIBCXX_NOEXCEPT
 116:C:/Program Files (x86)/Arm GNU Toolchain arm-none-eabi/14.3 rel1/arm-none-eabi/include/c++/14.3.1/bits\stl_vector.h **** 	{
 117:C:/Program Files (x86)/Arm GNU Toolchain arm-none-eabi/14.3 rel1/arm-none-eabi/include/c++/14.3.1/bits\stl_vector.h **** 	  _M_start = __x._M_start;
 118:C:/Program Files (x86)/Arm GNU Toolchain arm-none-eabi/14.3 rel1/arm-none-eabi/include/c++/14.3.1/bits\stl_vector.h **** 	  _M_finish = __x._M_finish;
 119:C:/Program Files (x86)/Arm GNU Toolchain arm-none-eabi/14.3 rel1/arm-none-eabi/include/c++/14.3.1/bits\stl_vector.h **** 	  _M_end_of_storage = __x._M_end_of_storage;
 120:C:/Program Files (x86)/Arm GNU Toolchain arm-none-eabi/14.3 rel1/arm-none-eabi/include/c++/14.3.1/bits\stl_vector.h **** 	}
 121:C:/Program Files (x86)/Arm GNU Toolchain arm-none-eabi/14.3 rel1/arm-none-eabi/include/c++/14.3.1/bits\stl_vector.h **** 
 122:C:/Program Files (x86)/Arm GNU Toolchain arm-none-eabi/14.3 rel1/arm-none-eabi/include/c++/14.3.1/bits\stl_vector.h **** 	_GLIBCXX20_CONSTEXPR
 123:C:/Program Files (x86)/Arm GNU Toolchain arm-none-eabi/14.3 rel1/arm-none-eabi/include/c++/14.3.1/bits\stl_vector.h **** 	void
 124:C:/Program Files (x86)/Arm GNU Toolchain arm-none-eabi/14.3 rel1/arm-none-eabi/include/c++/14.3.1/bits\stl_vector.h **** 	_M_swap_data(_Vector_impl_data& __x) _GLIBCXX_NOEXCEPT
 125:C:/Program Files (x86)/Arm GNU Toolchain arm-none-eabi/14.3 rel1/arm-none-eabi/include/c++/14.3.1/bits\stl_vector.h **** 	{
 126:C:/Program Files (x86)/Arm GNU Toolchain arm-none-eabi/14.3 rel1/arm-none-eabi/include/c++/14.3.1/bits\stl_vector.h **** 	  // Do not use std::swap(_M_start, __x._M_start), etc as it loses
 127:C:/Program Files (x86)/Arm GNU Toolchain arm-none-eabi/14.3 rel1/arm-none-eabi/include/c++/14.3.1/bits\stl_vector.h **** 	  // information used by TBAA.
 128:C:/Program Files (x86)/Arm GNU Toolchain arm-none-eabi/14.3 rel1/arm-none-eabi/include/c++/14.3.1/bits\stl_vector.h **** 	  _Vector_impl_data __tmp;
 129:C:/Program Files (x86)/Arm GNU Toolchain arm-none-eabi/14.3 rel1/arm-none-eabi/include/c++/14.3.1/bits\stl_vector.h **** 	  __tmp._M_copy_data(*this);
 130:C:/Program Files (x86)/Arm GNU Toolchain arm-none-eabi/14.3 rel1/arm-none-eabi/include/c++/14.3.1/bits\stl_vector.h **** 	  _M_copy_data(__x);
 131:C:/Program Files (x86)/Arm GNU Toolchain arm-none-eabi/14.3 rel1/arm-none-eabi/include/c++/14.3.1/bits\stl_vector.h **** 	  __x._M_copy_data(__tmp);
 132:C:/Program Files (x86)/Arm GNU Toolchain arm-none-eabi/14.3 rel1/arm-none-eabi/include/c++/14.3.1/bits\stl_vector.h **** 	}
 133:C:/Program Files (x86)/Arm GNU Toolchain arm-none-eabi/14.3 rel1/arm-none-eabi/include/c++/14.3.1/bits\stl_vector.h ****       };
 134:C:/Program Files (x86)/Arm GNU Toolchain arm-none-eabi/14.3 rel1/arm-none-eabi/include/c++/14.3.1/bits\stl_vector.h **** 
 135:C:/Program Files (x86)/Arm GNU Toolchain arm-none-eabi/14.3 rel1/arm-none-eabi/include/c++/14.3.1/bits\stl_vector.h ****       struct _Vector_impl
 136:C:/Program Files (x86)/Arm GNU Toolchain arm-none-eabi/14.3 rel1/arm-none-eabi/include/c++/14.3.1/bits\stl_vector.h **** 	: public _Tp_alloc_type, public _Vector_impl_data
 137:C:/Program Files (x86)/Arm GNU Toolchain arm-none-eabi/14.3 rel1/arm-none-eabi/include/c++/14.3.1/bits\stl_vector.h ****       {
 138:C:/Program Files (x86)/Arm GNU Toolchain arm-none-eabi/14.3 rel1/arm-none-eabi/include/c++/14.3.1/bits\stl_vector.h **** 	_GLIBCXX20_CONSTEXPR
 139:C:/Program Files (x86)/Arm GNU Toolchain arm-none-eabi/14.3 rel1/arm-none-eabi/include/c++/14.3.1/bits\stl_vector.h **** 	_Vector_impl() _GLIBCXX_NOEXCEPT_IF(
ARM GAS  C:\Users\Oliver\AppData\Local\Temp\ccFJcwzV.s 			page 13


 140:C:/Program Files (x86)/Arm GNU Toolchain arm-none-eabi/14.3 rel1/arm-none-eabi/include/c++/14.3.1/bits\stl_vector.h **** 	    is_nothrow_default_constructible<_Tp_alloc_type>::value)
 141:C:/Program Files (x86)/Arm GNU Toolchain arm-none-eabi/14.3 rel1/arm-none-eabi/include/c++/14.3.1/bits\stl_vector.h **** #if __cpp_lib_concepts
 142:C:/Program Files (x86)/Arm GNU Toolchain arm-none-eabi/14.3 rel1/arm-none-eabi/include/c++/14.3.1/bits\stl_vector.h **** 	requires is_default_constructible_v<_Tp_alloc_type>
 143:C:/Program Files (x86)/Arm GNU Toolchain arm-none-eabi/14.3 rel1/arm-none-eabi/include/c++/14.3.1/bits\stl_vector.h **** #endif
 144:C:/Program Files (x86)/Arm GNU Toolchain arm-none-eabi/14.3 rel1/arm-none-eabi/include/c++/14.3.1/bits\stl_vector.h **** 	: _Tp_alloc_type()
 145:C:/Program Files (x86)/Arm GNU Toolchain arm-none-eabi/14.3 rel1/arm-none-eabi/include/c++/14.3.1/bits\stl_vector.h **** 	{ }
 146:C:/Program Files (x86)/Arm GNU Toolchain arm-none-eabi/14.3 rel1/arm-none-eabi/include/c++/14.3.1/bits\stl_vector.h **** 
 147:C:/Program Files (x86)/Arm GNU Toolchain arm-none-eabi/14.3 rel1/arm-none-eabi/include/c++/14.3.1/bits\stl_vector.h **** 	_GLIBCXX20_CONSTEXPR
 148:C:/Program Files (x86)/Arm GNU Toolchain arm-none-eabi/14.3 rel1/arm-none-eabi/include/c++/14.3.1/bits\stl_vector.h **** 	_Vector_impl(_Tp_alloc_type const& __a) _GLIBCXX_NOEXCEPT
 149:C:/Program Files (x86)/Arm GNU Toolchain arm-none-eabi/14.3 rel1/arm-none-eabi/include/c++/14.3.1/bits\stl_vector.h **** 	: _Tp_alloc_type(__a)
 150:C:/Program Files (x86)/Arm GNU Toolchain arm-none-eabi/14.3 rel1/arm-none-eabi/include/c++/14.3.1/bits\stl_vector.h **** 	{ }
 151:C:/Program Files (x86)/Arm GNU Toolchain arm-none-eabi/14.3 rel1/arm-none-eabi/include/c++/14.3.1/bits\stl_vector.h **** 
 152:C:/Program Files (x86)/Arm GNU Toolchain arm-none-eabi/14.3 rel1/arm-none-eabi/include/c++/14.3.1/bits\stl_vector.h **** #if __cplusplus >= 201103L
 153:C:/Program Files (x86)/Arm GNU Toolchain arm-none-eabi/14.3 rel1/arm-none-eabi/include/c++/14.3.1/bits\stl_vector.h **** 	// Not defaulted, to enforce noexcept(true) even when
 154:C:/Program Files (x86)/Arm GNU Toolchain arm-none-eabi/14.3 rel1/arm-none-eabi/include/c++/14.3.1/bits\stl_vector.h **** 	// !is_nothrow_move_constructible<_Tp_alloc_type>.
 155:C:/Program Files (x86)/Arm GNU Toolchain arm-none-eabi/14.3 rel1/arm-none-eabi/include/c++/14.3.1/bits\stl_vector.h **** 	_GLIBCXX20_CONSTEXPR
 156:C:/Program Files (x86)/Arm GNU Toolchain arm-none-eabi/14.3 rel1/arm-none-eabi/include/c++/14.3.1/bits\stl_vector.h **** 	_Vector_impl(_Vector_impl&& __x) noexcept
 157:C:/Program Files (x86)/Arm GNU Toolchain arm-none-eabi/14.3 rel1/arm-none-eabi/include/c++/14.3.1/bits\stl_vector.h **** 	: _Tp_alloc_type(std::move(__x)), _Vector_impl_data(std::move(__x))
 158:C:/Program Files (x86)/Arm GNU Toolchain arm-none-eabi/14.3 rel1/arm-none-eabi/include/c++/14.3.1/bits\stl_vector.h **** 	{ }
 159:C:/Program Files (x86)/Arm GNU Toolchain arm-none-eabi/14.3 rel1/arm-none-eabi/include/c++/14.3.1/bits\stl_vector.h **** 
 160:C:/Program Files (x86)/Arm GNU Toolchain arm-none-eabi/14.3 rel1/arm-none-eabi/include/c++/14.3.1/bits\stl_vector.h **** 	_GLIBCXX20_CONSTEXPR
 161:C:/Program Files (x86)/Arm GNU Toolchain arm-none-eabi/14.3 rel1/arm-none-eabi/include/c++/14.3.1/bits\stl_vector.h **** 	_Vector_impl(_Tp_alloc_type&& __a) noexcept
 162:C:/Program Files (x86)/Arm GNU Toolchain arm-none-eabi/14.3 rel1/arm-none-eabi/include/c++/14.3.1/bits\stl_vector.h **** 	: _Tp_alloc_type(std::move(__a))
 163:C:/Program Files (x86)/Arm GNU Toolchain arm-none-eabi/14.3 rel1/arm-none-eabi/include/c++/14.3.1/bits\stl_vector.h **** 	{ }
 164:C:/Program Files (x86)/Arm GNU Toolchain arm-none-eabi/14.3 rel1/arm-none-eabi/include/c++/14.3.1/bits\stl_vector.h **** 
 165:C:/Program Files (x86)/Arm GNU Toolchain arm-none-eabi/14.3 rel1/arm-none-eabi/include/c++/14.3.1/bits\stl_vector.h **** 	_GLIBCXX20_CONSTEXPR
 166:C:/Program Files (x86)/Arm GNU Toolchain arm-none-eabi/14.3 rel1/arm-none-eabi/include/c++/14.3.1/bits\stl_vector.h **** 	_Vector_impl(_Tp_alloc_type&& __a, _Vector_impl&& __rv) noexcept
 167:C:/Program Files (x86)/Arm GNU Toolchain arm-none-eabi/14.3 rel1/arm-none-eabi/include/c++/14.3.1/bits\stl_vector.h **** 	: _Tp_alloc_type(std::move(__a)), _Vector_impl_data(std::move(__rv))
 168:C:/Program Files (x86)/Arm GNU Toolchain arm-none-eabi/14.3 rel1/arm-none-eabi/include/c++/14.3.1/bits\stl_vector.h **** 	{ }
 169:C:/Program Files (x86)/Arm GNU Toolchain arm-none-eabi/14.3 rel1/arm-none-eabi/include/c++/14.3.1/bits\stl_vector.h **** #endif
 170:C:/Program Files (x86)/Arm GNU Toolchain arm-none-eabi/14.3 rel1/arm-none-eabi/include/c++/14.3.1/bits\stl_vector.h **** 
 171:C:/Program Files (x86)/Arm GNU Toolchain arm-none-eabi/14.3 rel1/arm-none-eabi/include/c++/14.3.1/bits\stl_vector.h **** #if _GLIBCXX_SANITIZE_STD_ALLOCATOR && _GLIBCXX_SANITIZE_VECTOR
 172:C:/Program Files (x86)/Arm GNU Toolchain arm-none-eabi/14.3 rel1/arm-none-eabi/include/c++/14.3.1/bits\stl_vector.h **** 	template<typename = _Tp_alloc_type>
 173:C:/Program Files (x86)/Arm GNU Toolchain arm-none-eabi/14.3 rel1/arm-none-eabi/include/c++/14.3.1/bits\stl_vector.h **** 	  struct _Asan
 174:C:/Program Files (x86)/Arm GNU Toolchain arm-none-eabi/14.3 rel1/arm-none-eabi/include/c++/14.3.1/bits\stl_vector.h **** 	  {
 175:C:/Program Files (x86)/Arm GNU Toolchain arm-none-eabi/14.3 rel1/arm-none-eabi/include/c++/14.3.1/bits\stl_vector.h **** 	    typedef typename __gnu_cxx::__alloc_traits<_Tp_alloc_type>
 176:C:/Program Files (x86)/Arm GNU Toolchain arm-none-eabi/14.3 rel1/arm-none-eabi/include/c++/14.3.1/bits\stl_vector.h **** 	      ::size_type size_type;
 177:C:/Program Files (x86)/Arm GNU Toolchain arm-none-eabi/14.3 rel1/arm-none-eabi/include/c++/14.3.1/bits\stl_vector.h **** 
 178:C:/Program Files (x86)/Arm GNU Toolchain arm-none-eabi/14.3 rel1/arm-none-eabi/include/c++/14.3.1/bits\stl_vector.h **** 	    static _GLIBCXX20_CONSTEXPR void
 179:C:/Program Files (x86)/Arm GNU Toolchain arm-none-eabi/14.3 rel1/arm-none-eabi/include/c++/14.3.1/bits\stl_vector.h **** 	    _S_shrink(_Vector_impl&, size_type) { }
 180:C:/Program Files (x86)/Arm GNU Toolchain arm-none-eabi/14.3 rel1/arm-none-eabi/include/c++/14.3.1/bits\stl_vector.h **** 	    static _GLIBCXX20_CONSTEXPR void
 181:C:/Program Files (x86)/Arm GNU Toolchain arm-none-eabi/14.3 rel1/arm-none-eabi/include/c++/14.3.1/bits\stl_vector.h **** 	    _S_on_dealloc(_Vector_impl&) { }
 182:C:/Program Files (x86)/Arm GNU Toolchain arm-none-eabi/14.3 rel1/arm-none-eabi/include/c++/14.3.1/bits\stl_vector.h **** 
 183:C:/Program Files (x86)/Arm GNU Toolchain arm-none-eabi/14.3 rel1/arm-none-eabi/include/c++/14.3.1/bits\stl_vector.h **** 	    typedef _Vector_impl& _Reinit;
 184:C:/Program Files (x86)/Arm GNU Toolchain arm-none-eabi/14.3 rel1/arm-none-eabi/include/c++/14.3.1/bits\stl_vector.h **** 
 185:C:/Program Files (x86)/Arm GNU Toolchain arm-none-eabi/14.3 rel1/arm-none-eabi/include/c++/14.3.1/bits\stl_vector.h **** 	    struct _Grow
 186:C:/Program Files (x86)/Arm GNU Toolchain arm-none-eabi/14.3 rel1/arm-none-eabi/include/c++/14.3.1/bits\stl_vector.h **** 	    {
 187:C:/Program Files (x86)/Arm GNU Toolchain arm-none-eabi/14.3 rel1/arm-none-eabi/include/c++/14.3.1/bits\stl_vector.h **** 	      _GLIBCXX20_CONSTEXPR _Grow(_Vector_impl&, size_type) { }
 188:C:/Program Files (x86)/Arm GNU Toolchain arm-none-eabi/14.3 rel1/arm-none-eabi/include/c++/14.3.1/bits\stl_vector.h **** 	      _GLIBCXX20_CONSTEXPR void _M_grew(size_type) { }
 189:C:/Program Files (x86)/Arm GNU Toolchain arm-none-eabi/14.3 rel1/arm-none-eabi/include/c++/14.3.1/bits\stl_vector.h **** 	    };
 190:C:/Program Files (x86)/Arm GNU Toolchain arm-none-eabi/14.3 rel1/arm-none-eabi/include/c++/14.3.1/bits\stl_vector.h **** 	  };
 191:C:/Program Files (x86)/Arm GNU Toolchain arm-none-eabi/14.3 rel1/arm-none-eabi/include/c++/14.3.1/bits\stl_vector.h **** 
 192:C:/Program Files (x86)/Arm GNU Toolchain arm-none-eabi/14.3 rel1/arm-none-eabi/include/c++/14.3.1/bits\stl_vector.h **** 	// Enable ASan annotations for memory obtained from std::allocator.
 193:C:/Program Files (x86)/Arm GNU Toolchain arm-none-eabi/14.3 rel1/arm-none-eabi/include/c++/14.3.1/bits\stl_vector.h **** 	template<typename _Up>
 194:C:/Program Files (x86)/Arm GNU Toolchain arm-none-eabi/14.3 rel1/arm-none-eabi/include/c++/14.3.1/bits\stl_vector.h **** 	  struct _Asan<allocator<_Up> >
 195:C:/Program Files (x86)/Arm GNU Toolchain arm-none-eabi/14.3 rel1/arm-none-eabi/include/c++/14.3.1/bits\stl_vector.h **** 	  {
 196:C:/Program Files (x86)/Arm GNU Toolchain arm-none-eabi/14.3 rel1/arm-none-eabi/include/c++/14.3.1/bits\stl_vector.h **** 	    typedef typename __gnu_cxx::__alloc_traits<_Tp_alloc_type>
ARM GAS  C:\Users\Oliver\AppData\Local\Temp\ccFJcwzV.s 			page 14


 197:C:/Program Files (x86)/Arm GNU Toolchain arm-none-eabi/14.3 rel1/arm-none-eabi/include/c++/14.3.1/bits\stl_vector.h **** 	      ::size_type size_type;
 198:C:/Program Files (x86)/Arm GNU Toolchain arm-none-eabi/14.3 rel1/arm-none-eabi/include/c++/14.3.1/bits\stl_vector.h **** 
 199:C:/Program Files (x86)/Arm GNU Toolchain arm-none-eabi/14.3 rel1/arm-none-eabi/include/c++/14.3.1/bits\stl_vector.h **** 	    // Adjust ASan annotation for [_M_start, _M_end_of_storage) to
 200:C:/Program Files (x86)/Arm GNU Toolchain arm-none-eabi/14.3 rel1/arm-none-eabi/include/c++/14.3.1/bits\stl_vector.h **** 	    // mark end of valid region as __curr instead of __prev.
 201:C:/Program Files (x86)/Arm GNU Toolchain arm-none-eabi/14.3 rel1/arm-none-eabi/include/c++/14.3.1/bits\stl_vector.h **** 	    static _GLIBCXX20_CONSTEXPR void
 202:C:/Program Files (x86)/Arm GNU Toolchain arm-none-eabi/14.3 rel1/arm-none-eabi/include/c++/14.3.1/bits\stl_vector.h **** 	    _S_adjust(_Vector_impl& __impl, pointer __prev, pointer __curr)
 203:C:/Program Files (x86)/Arm GNU Toolchain arm-none-eabi/14.3 rel1/arm-none-eabi/include/c++/14.3.1/bits\stl_vector.h **** 	    {
 204:C:/Program Files (x86)/Arm GNU Toolchain arm-none-eabi/14.3 rel1/arm-none-eabi/include/c++/14.3.1/bits\stl_vector.h **** #if __cpp_lib_is_constant_evaluated
 205:C:/Program Files (x86)/Arm GNU Toolchain arm-none-eabi/14.3 rel1/arm-none-eabi/include/c++/14.3.1/bits\stl_vector.h **** 	      if (std::is_constant_evaluated())
 206:C:/Program Files (x86)/Arm GNU Toolchain arm-none-eabi/14.3 rel1/arm-none-eabi/include/c++/14.3.1/bits\stl_vector.h **** 		return;
 207:C:/Program Files (x86)/Arm GNU Toolchain arm-none-eabi/14.3 rel1/arm-none-eabi/include/c++/14.3.1/bits\stl_vector.h **** #endif
 208:C:/Program Files (x86)/Arm GNU Toolchain arm-none-eabi/14.3 rel1/arm-none-eabi/include/c++/14.3.1/bits\stl_vector.h **** 	      __sanitizer_annotate_contiguous_container(__impl._M_start,
 209:C:/Program Files (x86)/Arm GNU Toolchain arm-none-eabi/14.3 rel1/arm-none-eabi/include/c++/14.3.1/bits\stl_vector.h **** 		  __impl._M_end_of_storage, __prev, __curr);
 210:C:/Program Files (x86)/Arm GNU Toolchain arm-none-eabi/14.3 rel1/arm-none-eabi/include/c++/14.3.1/bits\stl_vector.h **** 	    }
 211:C:/Program Files (x86)/Arm GNU Toolchain arm-none-eabi/14.3 rel1/arm-none-eabi/include/c++/14.3.1/bits\stl_vector.h **** 
 212:C:/Program Files (x86)/Arm GNU Toolchain arm-none-eabi/14.3 rel1/arm-none-eabi/include/c++/14.3.1/bits\stl_vector.h **** 	    static _GLIBCXX20_CONSTEXPR void
 213:C:/Program Files (x86)/Arm GNU Toolchain arm-none-eabi/14.3 rel1/arm-none-eabi/include/c++/14.3.1/bits\stl_vector.h **** 	    _S_grow(_Vector_impl& __impl, size_type __n)
 214:C:/Program Files (x86)/Arm GNU Toolchain arm-none-eabi/14.3 rel1/arm-none-eabi/include/c++/14.3.1/bits\stl_vector.h **** 	    { _S_adjust(__impl, __impl._M_finish, __impl._M_finish + __n); }
 215:C:/Program Files (x86)/Arm GNU Toolchain arm-none-eabi/14.3 rel1/arm-none-eabi/include/c++/14.3.1/bits\stl_vector.h **** 
 216:C:/Program Files (x86)/Arm GNU Toolchain arm-none-eabi/14.3 rel1/arm-none-eabi/include/c++/14.3.1/bits\stl_vector.h **** 	    static _GLIBCXX20_CONSTEXPR void
 217:C:/Program Files (x86)/Arm GNU Toolchain arm-none-eabi/14.3 rel1/arm-none-eabi/include/c++/14.3.1/bits\stl_vector.h **** 	    _S_shrink(_Vector_impl& __impl, size_type __n)
 218:C:/Program Files (x86)/Arm GNU Toolchain arm-none-eabi/14.3 rel1/arm-none-eabi/include/c++/14.3.1/bits\stl_vector.h **** 	    { _S_adjust(__impl, __impl._M_finish + __n, __impl._M_finish); }
 219:C:/Program Files (x86)/Arm GNU Toolchain arm-none-eabi/14.3 rel1/arm-none-eabi/include/c++/14.3.1/bits\stl_vector.h **** 
 220:C:/Program Files (x86)/Arm GNU Toolchain arm-none-eabi/14.3 rel1/arm-none-eabi/include/c++/14.3.1/bits\stl_vector.h **** 	    static _GLIBCXX20_CONSTEXPR void
 221:C:/Program Files (x86)/Arm GNU Toolchain arm-none-eabi/14.3 rel1/arm-none-eabi/include/c++/14.3.1/bits\stl_vector.h **** 	    _S_on_dealloc(_Vector_impl& __impl)
 222:C:/Program Files (x86)/Arm GNU Toolchain arm-none-eabi/14.3 rel1/arm-none-eabi/include/c++/14.3.1/bits\stl_vector.h **** 	    {
 223:C:/Program Files (x86)/Arm GNU Toolchain arm-none-eabi/14.3 rel1/arm-none-eabi/include/c++/14.3.1/bits\stl_vector.h **** 	      if (__impl._M_start)
 224:C:/Program Files (x86)/Arm GNU Toolchain arm-none-eabi/14.3 rel1/arm-none-eabi/include/c++/14.3.1/bits\stl_vector.h **** 		_S_adjust(__impl, __impl._M_finish, __impl._M_end_of_storage);
 225:C:/Program Files (x86)/Arm GNU Toolchain arm-none-eabi/14.3 rel1/arm-none-eabi/include/c++/14.3.1/bits\stl_vector.h **** 	    }
 226:C:/Program Files (x86)/Arm GNU Toolchain arm-none-eabi/14.3 rel1/arm-none-eabi/include/c++/14.3.1/bits\stl_vector.h **** 
 227:C:/Program Files (x86)/Arm GNU Toolchain arm-none-eabi/14.3 rel1/arm-none-eabi/include/c++/14.3.1/bits\stl_vector.h **** 	    // Used on reallocation to tell ASan unused capacity is invalid.
 228:C:/Program Files (x86)/Arm GNU Toolchain arm-none-eabi/14.3 rel1/arm-none-eabi/include/c++/14.3.1/bits\stl_vector.h **** 	    struct _Reinit
 229:C:/Program Files (x86)/Arm GNU Toolchain arm-none-eabi/14.3 rel1/arm-none-eabi/include/c++/14.3.1/bits\stl_vector.h **** 	    {
 230:C:/Program Files (x86)/Arm GNU Toolchain arm-none-eabi/14.3 rel1/arm-none-eabi/include/c++/14.3.1/bits\stl_vector.h **** 	      explicit _GLIBCXX20_CONSTEXPR
 231:C:/Program Files (x86)/Arm GNU Toolchain arm-none-eabi/14.3 rel1/arm-none-eabi/include/c++/14.3.1/bits\stl_vector.h **** 	      _Reinit(_Vector_impl& __impl) : _M_impl(__impl)
 232:C:/Program Files (x86)/Arm GNU Toolchain arm-none-eabi/14.3 rel1/arm-none-eabi/include/c++/14.3.1/bits\stl_vector.h **** 	      {
 233:C:/Program Files (x86)/Arm GNU Toolchain arm-none-eabi/14.3 rel1/arm-none-eabi/include/c++/14.3.1/bits\stl_vector.h **** 		// Mark unused capacity as valid again before deallocating it.
 234:C:/Program Files (x86)/Arm GNU Toolchain arm-none-eabi/14.3 rel1/arm-none-eabi/include/c++/14.3.1/bits\stl_vector.h **** 		_S_on_dealloc(_M_impl);
 235:C:/Program Files (x86)/Arm GNU Toolchain arm-none-eabi/14.3 rel1/arm-none-eabi/include/c++/14.3.1/bits\stl_vector.h **** 	      }
 236:C:/Program Files (x86)/Arm GNU Toolchain arm-none-eabi/14.3 rel1/arm-none-eabi/include/c++/14.3.1/bits\stl_vector.h **** 
 237:C:/Program Files (x86)/Arm GNU Toolchain arm-none-eabi/14.3 rel1/arm-none-eabi/include/c++/14.3.1/bits\stl_vector.h **** 	      _GLIBCXX20_CONSTEXPR
 238:C:/Program Files (x86)/Arm GNU Toolchain arm-none-eabi/14.3 rel1/arm-none-eabi/include/c++/14.3.1/bits\stl_vector.h **** 	      ~_Reinit()
 239:C:/Program Files (x86)/Arm GNU Toolchain arm-none-eabi/14.3 rel1/arm-none-eabi/include/c++/14.3.1/bits\stl_vector.h **** 	      {
 240:C:/Program Files (x86)/Arm GNU Toolchain arm-none-eabi/14.3 rel1/arm-none-eabi/include/c++/14.3.1/bits\stl_vector.h **** 		// Mark unused capacity as invalid after reallocation.
 241:C:/Program Files (x86)/Arm GNU Toolchain arm-none-eabi/14.3 rel1/arm-none-eabi/include/c++/14.3.1/bits\stl_vector.h **** 		if (_M_impl._M_start)
 242:C:/Program Files (x86)/Arm GNU Toolchain arm-none-eabi/14.3 rel1/arm-none-eabi/include/c++/14.3.1/bits\stl_vector.h **** 		  _S_adjust(_M_impl, _M_impl._M_end_of_storage,
 243:C:/Program Files (x86)/Arm GNU Toolchain arm-none-eabi/14.3 rel1/arm-none-eabi/include/c++/14.3.1/bits\stl_vector.h **** 			    _M_impl._M_finish);
 244:C:/Program Files (x86)/Arm GNU Toolchain arm-none-eabi/14.3 rel1/arm-none-eabi/include/c++/14.3.1/bits\stl_vector.h **** 	      }
 245:C:/Program Files (x86)/Arm GNU Toolchain arm-none-eabi/14.3 rel1/arm-none-eabi/include/c++/14.3.1/bits\stl_vector.h **** 
 246:C:/Program Files (x86)/Arm GNU Toolchain arm-none-eabi/14.3 rel1/arm-none-eabi/include/c++/14.3.1/bits\stl_vector.h **** 	      _Vector_impl& _M_impl;
 247:C:/Program Files (x86)/Arm GNU Toolchain arm-none-eabi/14.3 rel1/arm-none-eabi/include/c++/14.3.1/bits\stl_vector.h **** 
 248:C:/Program Files (x86)/Arm GNU Toolchain arm-none-eabi/14.3 rel1/arm-none-eabi/include/c++/14.3.1/bits\stl_vector.h **** #if __cplusplus >= 201103L
 249:C:/Program Files (x86)/Arm GNU Toolchain arm-none-eabi/14.3 rel1/arm-none-eabi/include/c++/14.3.1/bits\stl_vector.h **** 	      _Reinit(const _Reinit&) = delete;
 250:C:/Program Files (x86)/Arm GNU Toolchain arm-none-eabi/14.3 rel1/arm-none-eabi/include/c++/14.3.1/bits\stl_vector.h **** 	      _Reinit& operator=(const _Reinit&) = delete;
 251:C:/Program Files (x86)/Arm GNU Toolchain arm-none-eabi/14.3 rel1/arm-none-eabi/include/c++/14.3.1/bits\stl_vector.h **** #endif
 252:C:/Program Files (x86)/Arm GNU Toolchain arm-none-eabi/14.3 rel1/arm-none-eabi/include/c++/14.3.1/bits\stl_vector.h **** 	    };
 253:C:/Program Files (x86)/Arm GNU Toolchain arm-none-eabi/14.3 rel1/arm-none-eabi/include/c++/14.3.1/bits\stl_vector.h **** 
ARM GAS  C:\Users\Oliver\AppData\Local\Temp\ccFJcwzV.s 			page 15


 254:C:/Program Files (x86)/Arm GNU Toolchain arm-none-eabi/14.3 rel1/arm-none-eabi/include/c++/14.3.1/bits\stl_vector.h **** 	    // Tell ASan when unused capacity is initialized to be valid.
 255:C:/Program Files (x86)/Arm GNU Toolchain arm-none-eabi/14.3 rel1/arm-none-eabi/include/c++/14.3.1/bits\stl_vector.h **** 	    struct _Grow
 256:C:/Program Files (x86)/Arm GNU Toolchain arm-none-eabi/14.3 rel1/arm-none-eabi/include/c++/14.3.1/bits\stl_vector.h **** 	    {
 257:C:/Program Files (x86)/Arm GNU Toolchain arm-none-eabi/14.3 rel1/arm-none-eabi/include/c++/14.3.1/bits\stl_vector.h **** 	      _GLIBCXX20_CONSTEXPR
 258:C:/Program Files (x86)/Arm GNU Toolchain arm-none-eabi/14.3 rel1/arm-none-eabi/include/c++/14.3.1/bits\stl_vector.h **** 	      _Grow(_Vector_impl& __impl, size_type __n)
 259:C:/Program Files (x86)/Arm GNU Toolchain arm-none-eabi/14.3 rel1/arm-none-eabi/include/c++/14.3.1/bits\stl_vector.h **** 	      : _M_impl(__impl), _M_n(__n)
 260:C:/Program Files (x86)/Arm GNU Toolchain arm-none-eabi/14.3 rel1/arm-none-eabi/include/c++/14.3.1/bits\stl_vector.h **** 	      { _S_grow(_M_impl, __n); }
 261:C:/Program Files (x86)/Arm GNU Toolchain arm-none-eabi/14.3 rel1/arm-none-eabi/include/c++/14.3.1/bits\stl_vector.h **** 
 262:C:/Program Files (x86)/Arm GNU Toolchain arm-none-eabi/14.3 rel1/arm-none-eabi/include/c++/14.3.1/bits\stl_vector.h **** 	      _GLIBCXX20_CONSTEXPR
 263:C:/Program Files (x86)/Arm GNU Toolchain arm-none-eabi/14.3 rel1/arm-none-eabi/include/c++/14.3.1/bits\stl_vector.h **** 	      ~_Grow() { if (_M_n) _S_shrink(_M_impl, _M_n); }
 264:C:/Program Files (x86)/Arm GNU Toolchain arm-none-eabi/14.3 rel1/arm-none-eabi/include/c++/14.3.1/bits\stl_vector.h **** 
 265:C:/Program Files (x86)/Arm GNU Toolchain arm-none-eabi/14.3 rel1/arm-none-eabi/include/c++/14.3.1/bits\stl_vector.h **** 	      _GLIBCXX20_CONSTEXPR
 266:C:/Program Files (x86)/Arm GNU Toolchain arm-none-eabi/14.3 rel1/arm-none-eabi/include/c++/14.3.1/bits\stl_vector.h **** 	      void _M_grew(size_type __n) { _M_n -= __n; }
 267:C:/Program Files (x86)/Arm GNU Toolchain arm-none-eabi/14.3 rel1/arm-none-eabi/include/c++/14.3.1/bits\stl_vector.h **** 
 268:C:/Program Files (x86)/Arm GNU Toolchain arm-none-eabi/14.3 rel1/arm-none-eabi/include/c++/14.3.1/bits\stl_vector.h **** #if __cplusplus >= 201103L
 269:C:/Program Files (x86)/Arm GNU Toolchain arm-none-eabi/14.3 rel1/arm-none-eabi/include/c++/14.3.1/bits\stl_vector.h **** 	      _Grow(const _Grow&) = delete;
 270:C:/Program Files (x86)/Arm GNU Toolchain arm-none-eabi/14.3 rel1/arm-none-eabi/include/c++/14.3.1/bits\stl_vector.h **** 	      _Grow& operator=(const _Grow&) = delete;
 271:C:/Program Files (x86)/Arm GNU Toolchain arm-none-eabi/14.3 rel1/arm-none-eabi/include/c++/14.3.1/bits\stl_vector.h **** #endif
 272:C:/Program Files (x86)/Arm GNU Toolchain arm-none-eabi/14.3 rel1/arm-none-eabi/include/c++/14.3.1/bits\stl_vector.h **** 	    private:
 273:C:/Program Files (x86)/Arm GNU Toolchain arm-none-eabi/14.3 rel1/arm-none-eabi/include/c++/14.3.1/bits\stl_vector.h **** 	      _Vector_impl& _M_impl;
 274:C:/Program Files (x86)/Arm GNU Toolchain arm-none-eabi/14.3 rel1/arm-none-eabi/include/c++/14.3.1/bits\stl_vector.h **** 	      size_type _M_n;
 275:C:/Program Files (x86)/Arm GNU Toolchain arm-none-eabi/14.3 rel1/arm-none-eabi/include/c++/14.3.1/bits\stl_vector.h **** 	    };
 276:C:/Program Files (x86)/Arm GNU Toolchain arm-none-eabi/14.3 rel1/arm-none-eabi/include/c++/14.3.1/bits\stl_vector.h **** 	  };
 277:C:/Program Files (x86)/Arm GNU Toolchain arm-none-eabi/14.3 rel1/arm-none-eabi/include/c++/14.3.1/bits\stl_vector.h **** 
 278:C:/Program Files (x86)/Arm GNU Toolchain arm-none-eabi/14.3 rel1/arm-none-eabi/include/c++/14.3.1/bits\stl_vector.h **** #define _GLIBCXX_ASAN_ANNOTATE_REINIT \
 279:C:/Program Files (x86)/Arm GNU Toolchain arm-none-eabi/14.3 rel1/arm-none-eabi/include/c++/14.3.1/bits\stl_vector.h ****   typename _Base::_Vector_impl::template _Asan<>::_Reinit const \
 280:C:/Program Files (x86)/Arm GNU Toolchain arm-none-eabi/14.3 rel1/arm-none-eabi/include/c++/14.3.1/bits\stl_vector.h **** 	__attribute__((__unused__)) __reinit_guard(this->_M_impl)
 281:C:/Program Files (x86)/Arm GNU Toolchain arm-none-eabi/14.3 rel1/arm-none-eabi/include/c++/14.3.1/bits\stl_vector.h **** #define _GLIBCXX_ASAN_ANNOTATE_GROW(n) \
 282:C:/Program Files (x86)/Arm GNU Toolchain arm-none-eabi/14.3 rel1/arm-none-eabi/include/c++/14.3.1/bits\stl_vector.h ****   typename _Base::_Vector_impl::template _Asan<>::_Grow \
 283:C:/Program Files (x86)/Arm GNU Toolchain arm-none-eabi/14.3 rel1/arm-none-eabi/include/c++/14.3.1/bits\stl_vector.h **** 	__attribute__((__unused__)) __grow_guard(this->_M_impl, (n))
 284:C:/Program Files (x86)/Arm GNU Toolchain arm-none-eabi/14.3 rel1/arm-none-eabi/include/c++/14.3.1/bits\stl_vector.h **** #define _GLIBCXX_ASAN_ANNOTATE_GREW(n) __grow_guard._M_grew(n)
 285:C:/Program Files (x86)/Arm GNU Toolchain arm-none-eabi/14.3 rel1/arm-none-eabi/include/c++/14.3.1/bits\stl_vector.h **** #define _GLIBCXX_ASAN_ANNOTATE_SHRINK(n) \
 286:C:/Program Files (x86)/Arm GNU Toolchain arm-none-eabi/14.3 rel1/arm-none-eabi/include/c++/14.3.1/bits\stl_vector.h ****   _Base::_Vector_impl::template _Asan<>::_S_shrink(this->_M_impl, n)
 287:C:/Program Files (x86)/Arm GNU Toolchain arm-none-eabi/14.3 rel1/arm-none-eabi/include/c++/14.3.1/bits\stl_vector.h **** #define _GLIBCXX_ASAN_ANNOTATE_BEFORE_DEALLOC \
 288:C:/Program Files (x86)/Arm GNU Toolchain arm-none-eabi/14.3 rel1/arm-none-eabi/include/c++/14.3.1/bits\stl_vector.h ****   _Base::_Vector_impl::template _Asan<>::_S_on_dealloc(this->_M_impl)
 289:C:/Program Files (x86)/Arm GNU Toolchain arm-none-eabi/14.3 rel1/arm-none-eabi/include/c++/14.3.1/bits\stl_vector.h **** #else // ! (_GLIBCXX_SANITIZE_STD_ALLOCATOR && _GLIBCXX_SANITIZE_VECTOR)
 290:C:/Program Files (x86)/Arm GNU Toolchain arm-none-eabi/14.3 rel1/arm-none-eabi/include/c++/14.3.1/bits\stl_vector.h **** #define _GLIBCXX_ASAN_ANNOTATE_REINIT
 291:C:/Program Files (x86)/Arm GNU Toolchain arm-none-eabi/14.3 rel1/arm-none-eabi/include/c++/14.3.1/bits\stl_vector.h **** #define _GLIBCXX_ASAN_ANNOTATE_GROW(n)
 292:C:/Program Files (x86)/Arm GNU Toolchain arm-none-eabi/14.3 rel1/arm-none-eabi/include/c++/14.3.1/bits\stl_vector.h **** #define _GLIBCXX_ASAN_ANNOTATE_GREW(n)
 293:C:/Program Files (x86)/Arm GNU Toolchain arm-none-eabi/14.3 rel1/arm-none-eabi/include/c++/14.3.1/bits\stl_vector.h **** #define _GLIBCXX_ASAN_ANNOTATE_SHRINK(n)
 294:C:/Program Files (x86)/Arm GNU Toolchain arm-none-eabi/14.3 rel1/arm-none-eabi/include/c++/14.3.1/bits\stl_vector.h **** #define _GLIBCXX_ASAN_ANNOTATE_BEFORE_DEALLOC
 295:C:/Program Files (x86)/Arm GNU Toolchain arm-none-eabi/14.3 rel1/arm-none-eabi/include/c++/14.3.1/bits\stl_vector.h **** #endif // _GLIBCXX_SANITIZE_STD_ALLOCATOR && _GLIBCXX_SANITIZE_VECTOR
 296:C:/Program Files (x86)/Arm GNU Toolchain arm-none-eabi/14.3 rel1/arm-none-eabi/include/c++/14.3.1/bits\stl_vector.h ****       };
 297:C:/Program Files (x86)/Arm GNU Toolchain arm-none-eabi/14.3 rel1/arm-none-eabi/include/c++/14.3.1/bits\stl_vector.h **** 
 298:C:/Program Files (x86)/Arm GNU Toolchain arm-none-eabi/14.3 rel1/arm-none-eabi/include/c++/14.3.1/bits\stl_vector.h ****     public:
 299:C:/Program Files (x86)/Arm GNU Toolchain arm-none-eabi/14.3 rel1/arm-none-eabi/include/c++/14.3.1/bits\stl_vector.h ****       typedef _Alloc allocator_type;
 300:C:/Program Files (x86)/Arm GNU Toolchain arm-none-eabi/14.3 rel1/arm-none-eabi/include/c++/14.3.1/bits\stl_vector.h **** 
 301:C:/Program Files (x86)/Arm GNU Toolchain arm-none-eabi/14.3 rel1/arm-none-eabi/include/c++/14.3.1/bits\stl_vector.h ****       _GLIBCXX20_CONSTEXPR
 302:C:/Program Files (x86)/Arm GNU Toolchain arm-none-eabi/14.3 rel1/arm-none-eabi/include/c++/14.3.1/bits\stl_vector.h ****       _Tp_alloc_type&
 303:C:/Program Files (x86)/Arm GNU Toolchain arm-none-eabi/14.3 rel1/arm-none-eabi/include/c++/14.3.1/bits\stl_vector.h ****       _M_get_Tp_allocator() _GLIBCXX_NOEXCEPT
 304:C:/Program Files (x86)/Arm GNU Toolchain arm-none-eabi/14.3 rel1/arm-none-eabi/include/c++/14.3.1/bits\stl_vector.h ****       { return this->_M_impl; }
 305:C:/Program Files (x86)/Arm GNU Toolchain arm-none-eabi/14.3 rel1/arm-none-eabi/include/c++/14.3.1/bits\stl_vector.h **** 
 306:C:/Program Files (x86)/Arm GNU Toolchain arm-none-eabi/14.3 rel1/arm-none-eabi/include/c++/14.3.1/bits\stl_vector.h ****       _GLIBCXX20_CONSTEXPR
 307:C:/Program Files (x86)/Arm GNU Toolchain arm-none-eabi/14.3 rel1/arm-none-eabi/include/c++/14.3.1/bits\stl_vector.h ****       const _Tp_alloc_type&
 308:C:/Program Files (x86)/Arm GNU Toolchain arm-none-eabi/14.3 rel1/arm-none-eabi/include/c++/14.3.1/bits\stl_vector.h ****       _M_get_Tp_allocator() const _GLIBCXX_NOEXCEPT
 309:C:/Program Files (x86)/Arm GNU Toolchain arm-none-eabi/14.3 rel1/arm-none-eabi/include/c++/14.3.1/bits\stl_vector.h ****       { return this->_M_impl; }
 310:C:/Program Files (x86)/Arm GNU Toolchain arm-none-eabi/14.3 rel1/arm-none-eabi/include/c++/14.3.1/bits\stl_vector.h **** 
ARM GAS  C:\Users\Oliver\AppData\Local\Temp\ccFJcwzV.s 			page 16


 311:C:/Program Files (x86)/Arm GNU Toolchain arm-none-eabi/14.3 rel1/arm-none-eabi/include/c++/14.3.1/bits\stl_vector.h ****       _GLIBCXX20_CONSTEXPR
 312:C:/Program Files (x86)/Arm GNU Toolchain arm-none-eabi/14.3 rel1/arm-none-eabi/include/c++/14.3.1/bits\stl_vector.h ****       allocator_type
 313:C:/Program Files (x86)/Arm GNU Toolchain arm-none-eabi/14.3 rel1/arm-none-eabi/include/c++/14.3.1/bits\stl_vector.h ****       get_allocator() const _GLIBCXX_NOEXCEPT
 314:C:/Program Files (x86)/Arm GNU Toolchain arm-none-eabi/14.3 rel1/arm-none-eabi/include/c++/14.3.1/bits\stl_vector.h ****       { return allocator_type(_M_get_Tp_allocator()); }
 315:C:/Program Files (x86)/Arm GNU Toolchain arm-none-eabi/14.3 rel1/arm-none-eabi/include/c++/14.3.1/bits\stl_vector.h **** 
 316:C:/Program Files (x86)/Arm GNU Toolchain arm-none-eabi/14.3 rel1/arm-none-eabi/include/c++/14.3.1/bits\stl_vector.h **** #if __cplusplus >= 201103L
 317:C:/Program Files (x86)/Arm GNU Toolchain arm-none-eabi/14.3 rel1/arm-none-eabi/include/c++/14.3.1/bits\stl_vector.h ****       _Vector_base() = default;
 318:C:/Program Files (x86)/Arm GNU Toolchain arm-none-eabi/14.3 rel1/arm-none-eabi/include/c++/14.3.1/bits\stl_vector.h **** #else
 319:C:/Program Files (x86)/Arm GNU Toolchain arm-none-eabi/14.3 rel1/arm-none-eabi/include/c++/14.3.1/bits\stl_vector.h ****       _Vector_base() { }
 320:C:/Program Files (x86)/Arm GNU Toolchain arm-none-eabi/14.3 rel1/arm-none-eabi/include/c++/14.3.1/bits\stl_vector.h **** #endif
 321:C:/Program Files (x86)/Arm GNU Toolchain arm-none-eabi/14.3 rel1/arm-none-eabi/include/c++/14.3.1/bits\stl_vector.h **** 
 322:C:/Program Files (x86)/Arm GNU Toolchain arm-none-eabi/14.3 rel1/arm-none-eabi/include/c++/14.3.1/bits\stl_vector.h ****       _GLIBCXX20_CONSTEXPR
 323:C:/Program Files (x86)/Arm GNU Toolchain arm-none-eabi/14.3 rel1/arm-none-eabi/include/c++/14.3.1/bits\stl_vector.h ****       _Vector_base(const allocator_type& __a) _GLIBCXX_NOEXCEPT
 324:C:/Program Files (x86)/Arm GNU Toolchain arm-none-eabi/14.3 rel1/arm-none-eabi/include/c++/14.3.1/bits\stl_vector.h ****       : _M_impl(__a) { }
 325:C:/Program Files (x86)/Arm GNU Toolchain arm-none-eabi/14.3 rel1/arm-none-eabi/include/c++/14.3.1/bits\stl_vector.h **** 
 326:C:/Program Files (x86)/Arm GNU Toolchain arm-none-eabi/14.3 rel1/arm-none-eabi/include/c++/14.3.1/bits\stl_vector.h ****       // Kept for ABI compatibility.
 327:C:/Program Files (x86)/Arm GNU Toolchain arm-none-eabi/14.3 rel1/arm-none-eabi/include/c++/14.3.1/bits\stl_vector.h **** #if !_GLIBCXX_INLINE_VERSION
 328:C:/Program Files (x86)/Arm GNU Toolchain arm-none-eabi/14.3 rel1/arm-none-eabi/include/c++/14.3.1/bits\stl_vector.h ****       _GLIBCXX20_CONSTEXPR
 329:C:/Program Files (x86)/Arm GNU Toolchain arm-none-eabi/14.3 rel1/arm-none-eabi/include/c++/14.3.1/bits\stl_vector.h ****       _Vector_base(size_t __n)
 330:C:/Program Files (x86)/Arm GNU Toolchain arm-none-eabi/14.3 rel1/arm-none-eabi/include/c++/14.3.1/bits\stl_vector.h ****       : _M_impl()
 331:C:/Program Files (x86)/Arm GNU Toolchain arm-none-eabi/14.3 rel1/arm-none-eabi/include/c++/14.3.1/bits\stl_vector.h ****       { _M_create_storage(__n); }
 332:C:/Program Files (x86)/Arm GNU Toolchain arm-none-eabi/14.3 rel1/arm-none-eabi/include/c++/14.3.1/bits\stl_vector.h **** #endif
 333:C:/Program Files (x86)/Arm GNU Toolchain arm-none-eabi/14.3 rel1/arm-none-eabi/include/c++/14.3.1/bits\stl_vector.h **** 
 334:C:/Program Files (x86)/Arm GNU Toolchain arm-none-eabi/14.3 rel1/arm-none-eabi/include/c++/14.3.1/bits\stl_vector.h ****       _GLIBCXX20_CONSTEXPR
 335:C:/Program Files (x86)/Arm GNU Toolchain arm-none-eabi/14.3 rel1/arm-none-eabi/include/c++/14.3.1/bits\stl_vector.h ****       _Vector_base(size_t __n, const allocator_type& __a)
 336:C:/Program Files (x86)/Arm GNU Toolchain arm-none-eabi/14.3 rel1/arm-none-eabi/include/c++/14.3.1/bits\stl_vector.h ****       : _M_impl(__a)
 337:C:/Program Files (x86)/Arm GNU Toolchain arm-none-eabi/14.3 rel1/arm-none-eabi/include/c++/14.3.1/bits\stl_vector.h ****       { _M_create_storage(__n); }
 338:C:/Program Files (x86)/Arm GNU Toolchain arm-none-eabi/14.3 rel1/arm-none-eabi/include/c++/14.3.1/bits\stl_vector.h **** 
 339:C:/Program Files (x86)/Arm GNU Toolchain arm-none-eabi/14.3 rel1/arm-none-eabi/include/c++/14.3.1/bits\stl_vector.h **** #if __cplusplus >= 201103L
 340:C:/Program Files (x86)/Arm GNU Toolchain arm-none-eabi/14.3 rel1/arm-none-eabi/include/c++/14.3.1/bits\stl_vector.h ****       _Vector_base(_Vector_base&&) = default;
 341:C:/Program Files (x86)/Arm GNU Toolchain arm-none-eabi/14.3 rel1/arm-none-eabi/include/c++/14.3.1/bits\stl_vector.h **** 
 342:C:/Program Files (x86)/Arm GNU Toolchain arm-none-eabi/14.3 rel1/arm-none-eabi/include/c++/14.3.1/bits\stl_vector.h ****       // Kept for ABI compatibility.
 343:C:/Program Files (x86)/Arm GNU Toolchain arm-none-eabi/14.3 rel1/arm-none-eabi/include/c++/14.3.1/bits\stl_vector.h **** # if !_GLIBCXX_INLINE_VERSION
 344:C:/Program Files (x86)/Arm GNU Toolchain arm-none-eabi/14.3 rel1/arm-none-eabi/include/c++/14.3.1/bits\stl_vector.h ****       _GLIBCXX20_CONSTEXPR
 345:C:/Program Files (x86)/Arm GNU Toolchain arm-none-eabi/14.3 rel1/arm-none-eabi/include/c++/14.3.1/bits\stl_vector.h ****       _Vector_base(_Tp_alloc_type&& __a) noexcept
 346:C:/Program Files (x86)/Arm GNU Toolchain arm-none-eabi/14.3 rel1/arm-none-eabi/include/c++/14.3.1/bits\stl_vector.h ****       : _M_impl(std::move(__a)) { }
 347:C:/Program Files (x86)/Arm GNU Toolchain arm-none-eabi/14.3 rel1/arm-none-eabi/include/c++/14.3.1/bits\stl_vector.h **** 
 348:C:/Program Files (x86)/Arm GNU Toolchain arm-none-eabi/14.3 rel1/arm-none-eabi/include/c++/14.3.1/bits\stl_vector.h ****       _GLIBCXX20_CONSTEXPR
 349:C:/Program Files (x86)/Arm GNU Toolchain arm-none-eabi/14.3 rel1/arm-none-eabi/include/c++/14.3.1/bits\stl_vector.h ****       _Vector_base(_Vector_base&& __x, const allocator_type& __a)
 350:C:/Program Files (x86)/Arm GNU Toolchain arm-none-eabi/14.3 rel1/arm-none-eabi/include/c++/14.3.1/bits\stl_vector.h ****       : _M_impl(__a)
 351:C:/Program Files (x86)/Arm GNU Toolchain arm-none-eabi/14.3 rel1/arm-none-eabi/include/c++/14.3.1/bits\stl_vector.h ****       {
 352:C:/Program Files (x86)/Arm GNU Toolchain arm-none-eabi/14.3 rel1/arm-none-eabi/include/c++/14.3.1/bits\stl_vector.h **** 	if (__x.get_allocator() == __a)
 353:C:/Program Files (x86)/Arm GNU Toolchain arm-none-eabi/14.3 rel1/arm-none-eabi/include/c++/14.3.1/bits\stl_vector.h **** 	  this->_M_impl._M_swap_data(__x._M_impl);
 354:C:/Program Files (x86)/Arm GNU Toolchain arm-none-eabi/14.3 rel1/arm-none-eabi/include/c++/14.3.1/bits\stl_vector.h **** 	else
 355:C:/Program Files (x86)/Arm GNU Toolchain arm-none-eabi/14.3 rel1/arm-none-eabi/include/c++/14.3.1/bits\stl_vector.h **** 	  {
 356:C:/Program Files (x86)/Arm GNU Toolchain arm-none-eabi/14.3 rel1/arm-none-eabi/include/c++/14.3.1/bits\stl_vector.h **** 	    size_t __n = __x._M_impl._M_finish - __x._M_impl._M_start;
 357:C:/Program Files (x86)/Arm GNU Toolchain arm-none-eabi/14.3 rel1/arm-none-eabi/include/c++/14.3.1/bits\stl_vector.h **** 	    _M_create_storage(__n);
 358:C:/Program Files (x86)/Arm GNU Toolchain arm-none-eabi/14.3 rel1/arm-none-eabi/include/c++/14.3.1/bits\stl_vector.h **** 	  }
 359:C:/Program Files (x86)/Arm GNU Toolchain arm-none-eabi/14.3 rel1/arm-none-eabi/include/c++/14.3.1/bits\stl_vector.h ****       }
 360:C:/Program Files (x86)/Arm GNU Toolchain arm-none-eabi/14.3 rel1/arm-none-eabi/include/c++/14.3.1/bits\stl_vector.h **** # endif
 361:C:/Program Files (x86)/Arm GNU Toolchain arm-none-eabi/14.3 rel1/arm-none-eabi/include/c++/14.3.1/bits\stl_vector.h **** 
 362:C:/Program Files (x86)/Arm GNU Toolchain arm-none-eabi/14.3 rel1/arm-none-eabi/include/c++/14.3.1/bits\stl_vector.h ****       _GLIBCXX20_CONSTEXPR
 363:C:/Program Files (x86)/Arm GNU Toolchain arm-none-eabi/14.3 rel1/arm-none-eabi/include/c++/14.3.1/bits\stl_vector.h ****       _Vector_base(const allocator_type& __a, _Vector_base&& __x)
 364:C:/Program Files (x86)/Arm GNU Toolchain arm-none-eabi/14.3 rel1/arm-none-eabi/include/c++/14.3.1/bits\stl_vector.h ****       : _M_impl(_Tp_alloc_type(__a), std::move(__x._M_impl))
 365:C:/Program Files (x86)/Arm GNU Toolchain arm-none-eabi/14.3 rel1/arm-none-eabi/include/c++/14.3.1/bits\stl_vector.h ****       { }
 366:C:/Program Files (x86)/Arm GNU Toolchain arm-none-eabi/14.3 rel1/arm-none-eabi/include/c++/14.3.1/bits\stl_vector.h **** #endif
 367:C:/Program Files (x86)/Arm GNU Toolchain arm-none-eabi/14.3 rel1/arm-none-eabi/include/c++/14.3.1/bits\stl_vector.h **** 
ARM GAS  C:\Users\Oliver\AppData\Local\Temp\ccFJcwzV.s 			page 17


 368:C:/Program Files (x86)/Arm GNU Toolchain arm-none-eabi/14.3 rel1/arm-none-eabi/include/c++/14.3.1/bits\stl_vector.h ****       _GLIBCXX20_CONSTEXPR
 369:C:/Program Files (x86)/Arm GNU Toolchain arm-none-eabi/14.3 rel1/arm-none-eabi/include/c++/14.3.1/bits\stl_vector.h ****       ~_Vector_base() _GLIBCXX_NOEXCEPT
 370:C:/Program Files (x86)/Arm GNU Toolchain arm-none-eabi/14.3 rel1/arm-none-eabi/include/c++/14.3.1/bits\stl_vector.h ****       {
 371:C:/Program Files (x86)/Arm GNU Toolchain arm-none-eabi/14.3 rel1/arm-none-eabi/include/c++/14.3.1/bits\stl_vector.h **** 	_M_deallocate(_M_impl._M_start,
 372:C:/Program Files (x86)/Arm GNU Toolchain arm-none-eabi/14.3 rel1/arm-none-eabi/include/c++/14.3.1/bits\stl_vector.h **** 		      _M_impl._M_end_of_storage - _M_impl._M_start);
 373:C:/Program Files (x86)/Arm GNU Toolchain arm-none-eabi/14.3 rel1/arm-none-eabi/include/c++/14.3.1/bits\stl_vector.h ****       }
 374:C:/Program Files (x86)/Arm GNU Toolchain arm-none-eabi/14.3 rel1/arm-none-eabi/include/c++/14.3.1/bits\stl_vector.h **** 
 375:C:/Program Files (x86)/Arm GNU Toolchain arm-none-eabi/14.3 rel1/arm-none-eabi/include/c++/14.3.1/bits\stl_vector.h ****     public:
 376:C:/Program Files (x86)/Arm GNU Toolchain arm-none-eabi/14.3 rel1/arm-none-eabi/include/c++/14.3.1/bits\stl_vector.h ****       _Vector_impl _M_impl;
 377:C:/Program Files (x86)/Arm GNU Toolchain arm-none-eabi/14.3 rel1/arm-none-eabi/include/c++/14.3.1/bits\stl_vector.h **** 
 378:C:/Program Files (x86)/Arm GNU Toolchain arm-none-eabi/14.3 rel1/arm-none-eabi/include/c++/14.3.1/bits\stl_vector.h ****       _GLIBCXX20_CONSTEXPR
 379:C:/Program Files (x86)/Arm GNU Toolchain arm-none-eabi/14.3 rel1/arm-none-eabi/include/c++/14.3.1/bits\stl_vector.h ****       pointer
 380:C:/Program Files (x86)/Arm GNU Toolchain arm-none-eabi/14.3 rel1/arm-none-eabi/include/c++/14.3.1/bits\stl_vector.h ****       _M_allocate(size_t __n)
 381:C:/Program Files (x86)/Arm GNU Toolchain arm-none-eabi/14.3 rel1/arm-none-eabi/include/c++/14.3.1/bits\stl_vector.h ****       {
 382:C:/Program Files (x86)/Arm GNU Toolchain arm-none-eabi/14.3 rel1/arm-none-eabi/include/c++/14.3.1/bits\stl_vector.h **** 	typedef __gnu_cxx::__alloc_traits<_Tp_alloc_type> _Tr;
 383:C:/Program Files (x86)/Arm GNU Toolchain arm-none-eabi/14.3 rel1/arm-none-eabi/include/c++/14.3.1/bits\stl_vector.h **** 	return __n != 0 ? _Tr::allocate(_M_impl, __n) : pointer();
 384:C:/Program Files (x86)/Arm GNU Toolchain arm-none-eabi/14.3 rel1/arm-none-eabi/include/c++/14.3.1/bits\stl_vector.h ****       }
 385:C:/Program Files (x86)/Arm GNU Toolchain arm-none-eabi/14.3 rel1/arm-none-eabi/include/c++/14.3.1/bits\stl_vector.h **** 
 386:C:/Program Files (x86)/Arm GNU Toolchain arm-none-eabi/14.3 rel1/arm-none-eabi/include/c++/14.3.1/bits\stl_vector.h ****       _GLIBCXX20_CONSTEXPR
 387:C:/Program Files (x86)/Arm GNU Toolchain arm-none-eabi/14.3 rel1/arm-none-eabi/include/c++/14.3.1/bits\stl_vector.h ****       void
 388:C:/Program Files (x86)/Arm GNU Toolchain arm-none-eabi/14.3 rel1/arm-none-eabi/include/c++/14.3.1/bits\stl_vector.h ****       _M_deallocate(pointer __p, size_t __n)
 389:C:/Program Files (x86)/Arm GNU Toolchain arm-none-eabi/14.3 rel1/arm-none-eabi/include/c++/14.3.1/bits\stl_vector.h ****       {
 390:C:/Program Files (x86)/Arm GNU Toolchain arm-none-eabi/14.3 rel1/arm-none-eabi/include/c++/14.3.1/bits\stl_vector.h **** 	typedef __gnu_cxx::__alloc_traits<_Tp_alloc_type> _Tr;
 391:C:/Program Files (x86)/Arm GNU Toolchain arm-none-eabi/14.3 rel1/arm-none-eabi/include/c++/14.3.1/bits\stl_vector.h **** 	if (__p)
 392:C:/Program Files (x86)/Arm GNU Toolchain arm-none-eabi/14.3 rel1/arm-none-eabi/include/c++/14.3.1/bits\stl_vector.h **** 	  _Tr::deallocate(_M_impl, __p, __n);
 393:C:/Program Files (x86)/Arm GNU Toolchain arm-none-eabi/14.3 rel1/arm-none-eabi/include/c++/14.3.1/bits\stl_vector.h ****       }
 394:C:/Program Files (x86)/Arm GNU Toolchain arm-none-eabi/14.3 rel1/arm-none-eabi/include/c++/14.3.1/bits\stl_vector.h **** 
 395:C:/Program Files (x86)/Arm GNU Toolchain arm-none-eabi/14.3 rel1/arm-none-eabi/include/c++/14.3.1/bits\stl_vector.h ****     protected:
 396:C:/Program Files (x86)/Arm GNU Toolchain arm-none-eabi/14.3 rel1/arm-none-eabi/include/c++/14.3.1/bits\stl_vector.h **** 
 397:C:/Program Files (x86)/Arm GNU Toolchain arm-none-eabi/14.3 rel1/arm-none-eabi/include/c++/14.3.1/bits\stl_vector.h ****       _GLIBCXX20_CONSTEXPR
 398:C:/Program Files (x86)/Arm GNU Toolchain arm-none-eabi/14.3 rel1/arm-none-eabi/include/c++/14.3.1/bits\stl_vector.h ****       void
 399:C:/Program Files (x86)/Arm GNU Toolchain arm-none-eabi/14.3 rel1/arm-none-eabi/include/c++/14.3.1/bits\stl_vector.h ****       _M_create_storage(size_t __n)
 400:C:/Program Files (x86)/Arm GNU Toolchain arm-none-eabi/14.3 rel1/arm-none-eabi/include/c++/14.3.1/bits\stl_vector.h ****       {
 401:C:/Program Files (x86)/Arm GNU Toolchain arm-none-eabi/14.3 rel1/arm-none-eabi/include/c++/14.3.1/bits\stl_vector.h **** 	this->_M_impl._M_start = this->_M_allocate(__n);
 402:C:/Program Files (x86)/Arm GNU Toolchain arm-none-eabi/14.3 rel1/arm-none-eabi/include/c++/14.3.1/bits\stl_vector.h **** 	this->_M_impl._M_finish = this->_M_impl._M_start;
 403:C:/Program Files (x86)/Arm GNU Toolchain arm-none-eabi/14.3 rel1/arm-none-eabi/include/c++/14.3.1/bits\stl_vector.h **** 	this->_M_impl._M_end_of_storage = this->_M_impl._M_start + __n;
 404:C:/Program Files (x86)/Arm GNU Toolchain arm-none-eabi/14.3 rel1/arm-none-eabi/include/c++/14.3.1/bits\stl_vector.h ****       }
 405:C:/Program Files (x86)/Arm GNU Toolchain arm-none-eabi/14.3 rel1/arm-none-eabi/include/c++/14.3.1/bits\stl_vector.h ****     };
 406:C:/Program Files (x86)/Arm GNU Toolchain arm-none-eabi/14.3 rel1/arm-none-eabi/include/c++/14.3.1/bits\stl_vector.h **** 
 407:C:/Program Files (x86)/Arm GNU Toolchain arm-none-eabi/14.3 rel1/arm-none-eabi/include/c++/14.3.1/bits\stl_vector.h ****   /**
 408:C:/Program Files (x86)/Arm GNU Toolchain arm-none-eabi/14.3 rel1/arm-none-eabi/include/c++/14.3.1/bits\stl_vector.h ****    *  @brief A standard container which offers fixed time access to
 409:C:/Program Files (x86)/Arm GNU Toolchain arm-none-eabi/14.3 rel1/arm-none-eabi/include/c++/14.3.1/bits\stl_vector.h ****    *  individual elements in any order.
 410:C:/Program Files (x86)/Arm GNU Toolchain arm-none-eabi/14.3 rel1/arm-none-eabi/include/c++/14.3.1/bits\stl_vector.h ****    *
 411:C:/Program Files (x86)/Arm GNU Toolchain arm-none-eabi/14.3 rel1/arm-none-eabi/include/c++/14.3.1/bits\stl_vector.h ****    *  @ingroup sequences
 412:C:/Program Files (x86)/Arm GNU Toolchain arm-none-eabi/14.3 rel1/arm-none-eabi/include/c++/14.3.1/bits\stl_vector.h ****    *  @headerfile vector
 413:C:/Program Files (x86)/Arm GNU Toolchain arm-none-eabi/14.3 rel1/arm-none-eabi/include/c++/14.3.1/bits\stl_vector.h ****    *  @since C++98
 414:C:/Program Files (x86)/Arm GNU Toolchain arm-none-eabi/14.3 rel1/arm-none-eabi/include/c++/14.3.1/bits\stl_vector.h ****    *
 415:C:/Program Files (x86)/Arm GNU Toolchain arm-none-eabi/14.3 rel1/arm-none-eabi/include/c++/14.3.1/bits\stl_vector.h ****    *  @tparam _Tp  Type of element.
 416:C:/Program Files (x86)/Arm GNU Toolchain arm-none-eabi/14.3 rel1/arm-none-eabi/include/c++/14.3.1/bits\stl_vector.h ****    *  @tparam _Alloc  Allocator type, defaults to allocator<_Tp>.
 417:C:/Program Files (x86)/Arm GNU Toolchain arm-none-eabi/14.3 rel1/arm-none-eabi/include/c++/14.3.1/bits\stl_vector.h ****    *
 418:C:/Program Files (x86)/Arm GNU Toolchain arm-none-eabi/14.3 rel1/arm-none-eabi/include/c++/14.3.1/bits\stl_vector.h ****    *  Meets the requirements of a <a href="tables.html#65">container</a>, a
 419:C:/Program Files (x86)/Arm GNU Toolchain arm-none-eabi/14.3 rel1/arm-none-eabi/include/c++/14.3.1/bits\stl_vector.h ****    *  <a href="tables.html#66">reversible container</a>, and a
 420:C:/Program Files (x86)/Arm GNU Toolchain arm-none-eabi/14.3 rel1/arm-none-eabi/include/c++/14.3.1/bits\stl_vector.h ****    *  <a href="tables.html#67">sequence</a>, including the
 421:C:/Program Files (x86)/Arm GNU Toolchain arm-none-eabi/14.3 rel1/arm-none-eabi/include/c++/14.3.1/bits\stl_vector.h ****    *  <a href="tables.html#68">optional sequence requirements</a> with the
 422:C:/Program Files (x86)/Arm GNU Toolchain arm-none-eabi/14.3 rel1/arm-none-eabi/include/c++/14.3.1/bits\stl_vector.h ****    *  %exception of @c push_front and @c pop_front.
 423:C:/Program Files (x86)/Arm GNU Toolchain arm-none-eabi/14.3 rel1/arm-none-eabi/include/c++/14.3.1/bits\stl_vector.h ****    *
 424:C:/Program Files (x86)/Arm GNU Toolchain arm-none-eabi/14.3 rel1/arm-none-eabi/include/c++/14.3.1/bits\stl_vector.h ****    *  In some terminology a %vector can be described as a dynamic
ARM GAS  C:\Users\Oliver\AppData\Local\Temp\ccFJcwzV.s 			page 18


 425:C:/Program Files (x86)/Arm GNU Toolchain arm-none-eabi/14.3 rel1/arm-none-eabi/include/c++/14.3.1/bits\stl_vector.h ****    *  C-style array, it offers fast and efficient access to individual
 426:C:/Program Files (x86)/Arm GNU Toolchain arm-none-eabi/14.3 rel1/arm-none-eabi/include/c++/14.3.1/bits\stl_vector.h ****    *  elements in any order and saves the user from worrying about
 427:C:/Program Files (x86)/Arm GNU Toolchain arm-none-eabi/14.3 rel1/arm-none-eabi/include/c++/14.3.1/bits\stl_vector.h ****    *  memory and size allocation.  Subscripting ( @c [] ) access is
 428:C:/Program Files (x86)/Arm GNU Toolchain arm-none-eabi/14.3 rel1/arm-none-eabi/include/c++/14.3.1/bits\stl_vector.h ****    *  also provided as with C-style arrays.
 429:C:/Program Files (x86)/Arm GNU Toolchain arm-none-eabi/14.3 rel1/arm-none-eabi/include/c++/14.3.1/bits\stl_vector.h ****   */
 430:C:/Program Files (x86)/Arm GNU Toolchain arm-none-eabi/14.3 rel1/arm-none-eabi/include/c++/14.3.1/bits\stl_vector.h ****   template<typename _Tp, typename _Alloc = std::allocator<_Tp> >
 431:C:/Program Files (x86)/Arm GNU Toolchain arm-none-eabi/14.3 rel1/arm-none-eabi/include/c++/14.3.1/bits\stl_vector.h ****     class vector : protected _Vector_base<_Tp, _Alloc>
 432:C:/Program Files (x86)/Arm GNU Toolchain arm-none-eabi/14.3 rel1/arm-none-eabi/include/c++/14.3.1/bits\stl_vector.h ****     {
 433:C:/Program Files (x86)/Arm GNU Toolchain arm-none-eabi/14.3 rel1/arm-none-eabi/include/c++/14.3.1/bits\stl_vector.h **** #ifdef _GLIBCXX_CONCEPT_CHECKS
 434:C:/Program Files (x86)/Arm GNU Toolchain arm-none-eabi/14.3 rel1/arm-none-eabi/include/c++/14.3.1/bits\stl_vector.h ****       // Concept requirements.
 435:C:/Program Files (x86)/Arm GNU Toolchain arm-none-eabi/14.3 rel1/arm-none-eabi/include/c++/14.3.1/bits\stl_vector.h ****       typedef typename _Alloc::value_type		_Alloc_value_type;
 436:C:/Program Files (x86)/Arm GNU Toolchain arm-none-eabi/14.3 rel1/arm-none-eabi/include/c++/14.3.1/bits\stl_vector.h **** # if __cplusplus < 201103L
 437:C:/Program Files (x86)/Arm GNU Toolchain arm-none-eabi/14.3 rel1/arm-none-eabi/include/c++/14.3.1/bits\stl_vector.h ****       __glibcxx_class_requires(_Tp, _SGIAssignableConcept)
 438:C:/Program Files (x86)/Arm GNU Toolchain arm-none-eabi/14.3 rel1/arm-none-eabi/include/c++/14.3.1/bits\stl_vector.h **** # endif
 439:C:/Program Files (x86)/Arm GNU Toolchain arm-none-eabi/14.3 rel1/arm-none-eabi/include/c++/14.3.1/bits\stl_vector.h ****       __glibcxx_class_requires2(_Tp, _Alloc_value_type, _SameTypeConcept)
 440:C:/Program Files (x86)/Arm GNU Toolchain arm-none-eabi/14.3 rel1/arm-none-eabi/include/c++/14.3.1/bits\stl_vector.h **** #endif
 441:C:/Program Files (x86)/Arm GNU Toolchain arm-none-eabi/14.3 rel1/arm-none-eabi/include/c++/14.3.1/bits\stl_vector.h **** 
 442:C:/Program Files (x86)/Arm GNU Toolchain arm-none-eabi/14.3 rel1/arm-none-eabi/include/c++/14.3.1/bits\stl_vector.h **** #if __cplusplus >= 201103L
 443:C:/Program Files (x86)/Arm GNU Toolchain arm-none-eabi/14.3 rel1/arm-none-eabi/include/c++/14.3.1/bits\stl_vector.h ****       static_assert(is_same<typename remove_cv<_Tp>::type, _Tp>::value,
 444:C:/Program Files (x86)/Arm GNU Toolchain arm-none-eabi/14.3 rel1/arm-none-eabi/include/c++/14.3.1/bits\stl_vector.h **** 	  "std::vector must have a non-const, non-volatile value_type");
 445:C:/Program Files (x86)/Arm GNU Toolchain arm-none-eabi/14.3 rel1/arm-none-eabi/include/c++/14.3.1/bits\stl_vector.h **** # if __cplusplus > 201703L || defined __STRICT_ANSI__
 446:C:/Program Files (x86)/Arm GNU Toolchain arm-none-eabi/14.3 rel1/arm-none-eabi/include/c++/14.3.1/bits\stl_vector.h ****       static_assert(is_same<typename _Alloc::value_type, _Tp>::value,
 447:C:/Program Files (x86)/Arm GNU Toolchain arm-none-eabi/14.3 rel1/arm-none-eabi/include/c++/14.3.1/bits\stl_vector.h **** 	  "std::vector must have the same value_type as its allocator");
 448:C:/Program Files (x86)/Arm GNU Toolchain arm-none-eabi/14.3 rel1/arm-none-eabi/include/c++/14.3.1/bits\stl_vector.h **** # endif
 449:C:/Program Files (x86)/Arm GNU Toolchain arm-none-eabi/14.3 rel1/arm-none-eabi/include/c++/14.3.1/bits\stl_vector.h **** #endif
 450:C:/Program Files (x86)/Arm GNU Toolchain arm-none-eabi/14.3 rel1/arm-none-eabi/include/c++/14.3.1/bits\stl_vector.h **** 
 451:C:/Program Files (x86)/Arm GNU Toolchain arm-none-eabi/14.3 rel1/arm-none-eabi/include/c++/14.3.1/bits\stl_vector.h ****       typedef _Vector_base<_Tp, _Alloc>			_Base;
 452:C:/Program Files (x86)/Arm GNU Toolchain arm-none-eabi/14.3 rel1/arm-none-eabi/include/c++/14.3.1/bits\stl_vector.h ****       typedef typename _Base::_Tp_alloc_type		_Tp_alloc_type;
 453:C:/Program Files (x86)/Arm GNU Toolchain arm-none-eabi/14.3 rel1/arm-none-eabi/include/c++/14.3.1/bits\stl_vector.h ****       typedef __gnu_cxx::__alloc_traits<_Tp_alloc_type>	_Alloc_traits;
 454:C:/Program Files (x86)/Arm GNU Toolchain arm-none-eabi/14.3 rel1/arm-none-eabi/include/c++/14.3.1/bits\stl_vector.h **** 
 455:C:/Program Files (x86)/Arm GNU Toolchain arm-none-eabi/14.3 rel1/arm-none-eabi/include/c++/14.3.1/bits\stl_vector.h ****     public:
 456:C:/Program Files (x86)/Arm GNU Toolchain arm-none-eabi/14.3 rel1/arm-none-eabi/include/c++/14.3.1/bits\stl_vector.h ****       typedef _Tp					value_type;
 457:C:/Program Files (x86)/Arm GNU Toolchain arm-none-eabi/14.3 rel1/arm-none-eabi/include/c++/14.3.1/bits\stl_vector.h ****       typedef typename _Base::pointer			pointer;
 458:C:/Program Files (x86)/Arm GNU Toolchain arm-none-eabi/14.3 rel1/arm-none-eabi/include/c++/14.3.1/bits\stl_vector.h ****       typedef typename _Alloc_traits::const_pointer	const_pointer;
 459:C:/Program Files (x86)/Arm GNU Toolchain arm-none-eabi/14.3 rel1/arm-none-eabi/include/c++/14.3.1/bits\stl_vector.h ****       typedef typename _Alloc_traits::reference		reference;
 460:C:/Program Files (x86)/Arm GNU Toolchain arm-none-eabi/14.3 rel1/arm-none-eabi/include/c++/14.3.1/bits\stl_vector.h ****       typedef typename _Alloc_traits::const_reference	const_reference;
 461:C:/Program Files (x86)/Arm GNU Toolchain arm-none-eabi/14.3 rel1/arm-none-eabi/include/c++/14.3.1/bits\stl_vector.h ****       typedef __gnu_cxx::__normal_iterator<pointer, vector> iterator;
 462:C:/Program Files (x86)/Arm GNU Toolchain arm-none-eabi/14.3 rel1/arm-none-eabi/include/c++/14.3.1/bits\stl_vector.h ****       typedef __gnu_cxx::__normal_iterator<const_pointer, vector>
 463:C:/Program Files (x86)/Arm GNU Toolchain arm-none-eabi/14.3 rel1/arm-none-eabi/include/c++/14.3.1/bits\stl_vector.h ****       const_iterator;
 464:C:/Program Files (x86)/Arm GNU Toolchain arm-none-eabi/14.3 rel1/arm-none-eabi/include/c++/14.3.1/bits\stl_vector.h ****       typedef std::reverse_iterator<const_iterator>	const_reverse_iterator;
 465:C:/Program Files (x86)/Arm GNU Toolchain arm-none-eabi/14.3 rel1/arm-none-eabi/include/c++/14.3.1/bits\stl_vector.h ****       typedef std::reverse_iterator<iterator>		reverse_iterator;
 466:C:/Program Files (x86)/Arm GNU Toolchain arm-none-eabi/14.3 rel1/arm-none-eabi/include/c++/14.3.1/bits\stl_vector.h ****       typedef size_t					size_type;
 467:C:/Program Files (x86)/Arm GNU Toolchain arm-none-eabi/14.3 rel1/arm-none-eabi/include/c++/14.3.1/bits\stl_vector.h ****       typedef ptrdiff_t					difference_type;
 468:C:/Program Files (x86)/Arm GNU Toolchain arm-none-eabi/14.3 rel1/arm-none-eabi/include/c++/14.3.1/bits\stl_vector.h ****       typedef _Alloc					allocator_type;
 469:C:/Program Files (x86)/Arm GNU Toolchain arm-none-eabi/14.3 rel1/arm-none-eabi/include/c++/14.3.1/bits\stl_vector.h **** 
 470:C:/Program Files (x86)/Arm GNU Toolchain arm-none-eabi/14.3 rel1/arm-none-eabi/include/c++/14.3.1/bits\stl_vector.h ****     private:
 471:C:/Program Files (x86)/Arm GNU Toolchain arm-none-eabi/14.3 rel1/arm-none-eabi/include/c++/14.3.1/bits\stl_vector.h **** #if __cplusplus >= 201103L
 472:C:/Program Files (x86)/Arm GNU Toolchain arm-none-eabi/14.3 rel1/arm-none-eabi/include/c++/14.3.1/bits\stl_vector.h ****       static constexpr bool
 473:C:/Program Files (x86)/Arm GNU Toolchain arm-none-eabi/14.3 rel1/arm-none-eabi/include/c++/14.3.1/bits\stl_vector.h ****       _S_nothrow_relocate(true_type)
 474:C:/Program Files (x86)/Arm GNU Toolchain arm-none-eabi/14.3 rel1/arm-none-eabi/include/c++/14.3.1/bits\stl_vector.h ****       {
 475:C:/Program Files (x86)/Arm GNU Toolchain arm-none-eabi/14.3 rel1/arm-none-eabi/include/c++/14.3.1/bits\stl_vector.h **** 	return noexcept(std::__relocate_a(std::declval<pointer>(),
 476:C:/Program Files (x86)/Arm GNU Toolchain arm-none-eabi/14.3 rel1/arm-none-eabi/include/c++/14.3.1/bits\stl_vector.h **** 					  std::declval<pointer>(),
 477:C:/Program Files (x86)/Arm GNU Toolchain arm-none-eabi/14.3 rel1/arm-none-eabi/include/c++/14.3.1/bits\stl_vector.h **** 					  std::declval<pointer>(),
 478:C:/Program Files (x86)/Arm GNU Toolchain arm-none-eabi/14.3 rel1/arm-none-eabi/include/c++/14.3.1/bits\stl_vector.h **** 					  std::declval<_Tp_alloc_type&>()));
 479:C:/Program Files (x86)/Arm GNU Toolchain arm-none-eabi/14.3 rel1/arm-none-eabi/include/c++/14.3.1/bits\stl_vector.h ****       }
 480:C:/Program Files (x86)/Arm GNU Toolchain arm-none-eabi/14.3 rel1/arm-none-eabi/include/c++/14.3.1/bits\stl_vector.h **** 
 481:C:/Program Files (x86)/Arm GNU Toolchain arm-none-eabi/14.3 rel1/arm-none-eabi/include/c++/14.3.1/bits\stl_vector.h ****       static constexpr bool
ARM GAS  C:\Users\Oliver\AppData\Local\Temp\ccFJcwzV.s 			page 19


 482:C:/Program Files (x86)/Arm GNU Toolchain arm-none-eabi/14.3 rel1/arm-none-eabi/include/c++/14.3.1/bits\stl_vector.h ****       _S_nothrow_relocate(false_type)
 483:C:/Program Files (x86)/Arm GNU Toolchain arm-none-eabi/14.3 rel1/arm-none-eabi/include/c++/14.3.1/bits\stl_vector.h ****       { return false; }
 484:C:/Program Files (x86)/Arm GNU Toolchain arm-none-eabi/14.3 rel1/arm-none-eabi/include/c++/14.3.1/bits\stl_vector.h **** 
 485:C:/Program Files (x86)/Arm GNU Toolchain arm-none-eabi/14.3 rel1/arm-none-eabi/include/c++/14.3.1/bits\stl_vector.h ****       static constexpr bool
 486:C:/Program Files (x86)/Arm GNU Toolchain arm-none-eabi/14.3 rel1/arm-none-eabi/include/c++/14.3.1/bits\stl_vector.h ****       _S_use_relocate()
 487:C:/Program Files (x86)/Arm GNU Toolchain arm-none-eabi/14.3 rel1/arm-none-eabi/include/c++/14.3.1/bits\stl_vector.h ****       {
 488:C:/Program Files (x86)/Arm GNU Toolchain arm-none-eabi/14.3 rel1/arm-none-eabi/include/c++/14.3.1/bits\stl_vector.h **** 	// Instantiating std::__relocate_a might cause an error outside the
 489:C:/Program Files (x86)/Arm GNU Toolchain arm-none-eabi/14.3 rel1/arm-none-eabi/include/c++/14.3.1/bits\stl_vector.h **** 	// immediate context (in __relocate_object_a's noexcept-specifier),
 490:C:/Program Files (x86)/Arm GNU Toolchain arm-none-eabi/14.3 rel1/arm-none-eabi/include/c++/14.3.1/bits\stl_vector.h **** 	// so only do it if we know the type can be move-inserted into *this.
 491:C:/Program Files (x86)/Arm GNU Toolchain arm-none-eabi/14.3 rel1/arm-none-eabi/include/c++/14.3.1/bits\stl_vector.h **** 	return _S_nothrow_relocate(__is_move_insertable<_Tp_alloc_type>{});
 492:C:/Program Files (x86)/Arm GNU Toolchain arm-none-eabi/14.3 rel1/arm-none-eabi/include/c++/14.3.1/bits\stl_vector.h ****       }
 493:C:/Program Files (x86)/Arm GNU Toolchain arm-none-eabi/14.3 rel1/arm-none-eabi/include/c++/14.3.1/bits\stl_vector.h **** 
 494:C:/Program Files (x86)/Arm GNU Toolchain arm-none-eabi/14.3 rel1/arm-none-eabi/include/c++/14.3.1/bits\stl_vector.h ****       static pointer
 495:C:/Program Files (x86)/Arm GNU Toolchain arm-none-eabi/14.3 rel1/arm-none-eabi/include/c++/14.3.1/bits\stl_vector.h ****       _S_do_relocate(pointer __first, pointer __last, pointer __result,
 496:C:/Program Files (x86)/Arm GNU Toolchain arm-none-eabi/14.3 rel1/arm-none-eabi/include/c++/14.3.1/bits\stl_vector.h **** 		     _Tp_alloc_type& __alloc, true_type) noexcept
 497:C:/Program Files (x86)/Arm GNU Toolchain arm-none-eabi/14.3 rel1/arm-none-eabi/include/c++/14.3.1/bits\stl_vector.h ****       {
 498:C:/Program Files (x86)/Arm GNU Toolchain arm-none-eabi/14.3 rel1/arm-none-eabi/include/c++/14.3.1/bits\stl_vector.h **** 	return std::__relocate_a(__first, __last, __result, __alloc);
 499:C:/Program Files (x86)/Arm GNU Toolchain arm-none-eabi/14.3 rel1/arm-none-eabi/include/c++/14.3.1/bits\stl_vector.h ****       }
 500:C:/Program Files (x86)/Arm GNU Toolchain arm-none-eabi/14.3 rel1/arm-none-eabi/include/c++/14.3.1/bits\stl_vector.h **** 
 501:C:/Program Files (x86)/Arm GNU Toolchain arm-none-eabi/14.3 rel1/arm-none-eabi/include/c++/14.3.1/bits\stl_vector.h ****       static pointer
 502:C:/Program Files (x86)/Arm GNU Toolchain arm-none-eabi/14.3 rel1/arm-none-eabi/include/c++/14.3.1/bits\stl_vector.h ****       _S_do_relocate(pointer, pointer, pointer __result,
 503:C:/Program Files (x86)/Arm GNU Toolchain arm-none-eabi/14.3 rel1/arm-none-eabi/include/c++/14.3.1/bits\stl_vector.h **** 		     _Tp_alloc_type&, false_type) noexcept
 504:C:/Program Files (x86)/Arm GNU Toolchain arm-none-eabi/14.3 rel1/arm-none-eabi/include/c++/14.3.1/bits\stl_vector.h ****       { return __result; }
 505:C:/Program Files (x86)/Arm GNU Toolchain arm-none-eabi/14.3 rel1/arm-none-eabi/include/c++/14.3.1/bits\stl_vector.h **** 
 506:C:/Program Files (x86)/Arm GNU Toolchain arm-none-eabi/14.3 rel1/arm-none-eabi/include/c++/14.3.1/bits\stl_vector.h ****       static _GLIBCXX20_CONSTEXPR pointer
 507:C:/Program Files (x86)/Arm GNU Toolchain arm-none-eabi/14.3 rel1/arm-none-eabi/include/c++/14.3.1/bits\stl_vector.h ****       _S_relocate(pointer __first, pointer __last, pointer __result,
 508:C:/Program Files (x86)/Arm GNU Toolchain arm-none-eabi/14.3 rel1/arm-none-eabi/include/c++/14.3.1/bits\stl_vector.h **** 		  _Tp_alloc_type& __alloc) noexcept
 509:C:/Program Files (x86)/Arm GNU Toolchain arm-none-eabi/14.3 rel1/arm-none-eabi/include/c++/14.3.1/bits\stl_vector.h ****       {
 510:C:/Program Files (x86)/Arm GNU Toolchain arm-none-eabi/14.3 rel1/arm-none-eabi/include/c++/14.3.1/bits\stl_vector.h **** #if __cpp_if_constexpr
 511:C:/Program Files (x86)/Arm GNU Toolchain arm-none-eabi/14.3 rel1/arm-none-eabi/include/c++/14.3.1/bits\stl_vector.h **** 	// All callers have already checked _S_use_relocate() so just do it.
 512:C:/Program Files (x86)/Arm GNU Toolchain arm-none-eabi/14.3 rel1/arm-none-eabi/include/c++/14.3.1/bits\stl_vector.h **** 	return std::__relocate_a(__first, __last, __result, __alloc);
 513:C:/Program Files (x86)/Arm GNU Toolchain arm-none-eabi/14.3 rel1/arm-none-eabi/include/c++/14.3.1/bits\stl_vector.h **** #else
 514:C:/Program Files (x86)/Arm GNU Toolchain arm-none-eabi/14.3 rel1/arm-none-eabi/include/c++/14.3.1/bits\stl_vector.h **** 	using __do_it = __bool_constant<_S_use_relocate()>;
 515:C:/Program Files (x86)/Arm GNU Toolchain arm-none-eabi/14.3 rel1/arm-none-eabi/include/c++/14.3.1/bits\stl_vector.h **** 	return _S_do_relocate(__first, __last, __result, __alloc, __do_it{});
 516:C:/Program Files (x86)/Arm GNU Toolchain arm-none-eabi/14.3 rel1/arm-none-eabi/include/c++/14.3.1/bits\stl_vector.h **** #endif
 517:C:/Program Files (x86)/Arm GNU Toolchain arm-none-eabi/14.3 rel1/arm-none-eabi/include/c++/14.3.1/bits\stl_vector.h ****       }
 518:C:/Program Files (x86)/Arm GNU Toolchain arm-none-eabi/14.3 rel1/arm-none-eabi/include/c++/14.3.1/bits\stl_vector.h **** #endif // C++11
 519:C:/Program Files (x86)/Arm GNU Toolchain arm-none-eabi/14.3 rel1/arm-none-eabi/include/c++/14.3.1/bits\stl_vector.h **** 
 520:C:/Program Files (x86)/Arm GNU Toolchain arm-none-eabi/14.3 rel1/arm-none-eabi/include/c++/14.3.1/bits\stl_vector.h ****     protected:
 521:C:/Program Files (x86)/Arm GNU Toolchain arm-none-eabi/14.3 rel1/arm-none-eabi/include/c++/14.3.1/bits\stl_vector.h ****       using _Base::_M_allocate;
 522:C:/Program Files (x86)/Arm GNU Toolchain arm-none-eabi/14.3 rel1/arm-none-eabi/include/c++/14.3.1/bits\stl_vector.h ****       using _Base::_M_deallocate;
 523:C:/Program Files (x86)/Arm GNU Toolchain arm-none-eabi/14.3 rel1/arm-none-eabi/include/c++/14.3.1/bits\stl_vector.h ****       using _Base::_M_impl;
 524:C:/Program Files (x86)/Arm GNU Toolchain arm-none-eabi/14.3 rel1/arm-none-eabi/include/c++/14.3.1/bits\stl_vector.h ****       using _Base::_M_get_Tp_allocator;
 525:C:/Program Files (x86)/Arm GNU Toolchain arm-none-eabi/14.3 rel1/arm-none-eabi/include/c++/14.3.1/bits\stl_vector.h **** 
 526:C:/Program Files (x86)/Arm GNU Toolchain arm-none-eabi/14.3 rel1/arm-none-eabi/include/c++/14.3.1/bits\stl_vector.h ****     public:
 527:C:/Program Files (x86)/Arm GNU Toolchain arm-none-eabi/14.3 rel1/arm-none-eabi/include/c++/14.3.1/bits\stl_vector.h ****       // [23.2.4.1] construct/copy/destroy
 528:C:/Program Files (x86)/Arm GNU Toolchain arm-none-eabi/14.3 rel1/arm-none-eabi/include/c++/14.3.1/bits\stl_vector.h ****       // (assign() and get_allocator() are also listed in this section)
 529:C:/Program Files (x86)/Arm GNU Toolchain arm-none-eabi/14.3 rel1/arm-none-eabi/include/c++/14.3.1/bits\stl_vector.h **** 
 530:C:/Program Files (x86)/Arm GNU Toolchain arm-none-eabi/14.3 rel1/arm-none-eabi/include/c++/14.3.1/bits\stl_vector.h ****       /**
 531:C:/Program Files (x86)/Arm GNU Toolchain arm-none-eabi/14.3 rel1/arm-none-eabi/include/c++/14.3.1/bits\stl_vector.h ****        *  @brief  Creates a %vector with no elements.
 532:C:/Program Files (x86)/Arm GNU Toolchain arm-none-eabi/14.3 rel1/arm-none-eabi/include/c++/14.3.1/bits\stl_vector.h ****        */
 533:C:/Program Files (x86)/Arm GNU Toolchain arm-none-eabi/14.3 rel1/arm-none-eabi/include/c++/14.3.1/bits\stl_vector.h **** #if __cplusplus >= 201103L
 534:C:/Program Files (x86)/Arm GNU Toolchain arm-none-eabi/14.3 rel1/arm-none-eabi/include/c++/14.3.1/bits\stl_vector.h ****       vector() = default;
 535:C:/Program Files (x86)/Arm GNU Toolchain arm-none-eabi/14.3 rel1/arm-none-eabi/include/c++/14.3.1/bits\stl_vector.h **** #else
 536:C:/Program Files (x86)/Arm GNU Toolchain arm-none-eabi/14.3 rel1/arm-none-eabi/include/c++/14.3.1/bits\stl_vector.h ****       vector() { }
 537:C:/Program Files (x86)/Arm GNU Toolchain arm-none-eabi/14.3 rel1/arm-none-eabi/include/c++/14.3.1/bits\stl_vector.h **** #endif
 538:C:/Program Files (x86)/Arm GNU Toolchain arm-none-eabi/14.3 rel1/arm-none-eabi/include/c++/14.3.1/bits\stl_vector.h **** 
ARM GAS  C:\Users\Oliver\AppData\Local\Temp\ccFJcwzV.s 			page 20


 539:C:/Program Files (x86)/Arm GNU Toolchain arm-none-eabi/14.3 rel1/arm-none-eabi/include/c++/14.3.1/bits\stl_vector.h ****       /**
 540:C:/Program Files (x86)/Arm GNU Toolchain arm-none-eabi/14.3 rel1/arm-none-eabi/include/c++/14.3.1/bits\stl_vector.h ****        *  @brief  Creates a %vector with no elements.
 541:C:/Program Files (x86)/Arm GNU Toolchain arm-none-eabi/14.3 rel1/arm-none-eabi/include/c++/14.3.1/bits\stl_vector.h ****        *  @param  __a  An allocator object.
 542:C:/Program Files (x86)/Arm GNU Toolchain arm-none-eabi/14.3 rel1/arm-none-eabi/include/c++/14.3.1/bits\stl_vector.h ****        */
 543:C:/Program Files (x86)/Arm GNU Toolchain arm-none-eabi/14.3 rel1/arm-none-eabi/include/c++/14.3.1/bits\stl_vector.h ****       explicit
 544:C:/Program Files (x86)/Arm GNU Toolchain arm-none-eabi/14.3 rel1/arm-none-eabi/include/c++/14.3.1/bits\stl_vector.h ****       _GLIBCXX20_CONSTEXPR
 545:C:/Program Files (x86)/Arm GNU Toolchain arm-none-eabi/14.3 rel1/arm-none-eabi/include/c++/14.3.1/bits\stl_vector.h ****       vector(const allocator_type& __a) _GLIBCXX_NOEXCEPT
 546:C:/Program Files (x86)/Arm GNU Toolchain arm-none-eabi/14.3 rel1/arm-none-eabi/include/c++/14.3.1/bits\stl_vector.h ****       : _Base(__a) { }
 547:C:/Program Files (x86)/Arm GNU Toolchain arm-none-eabi/14.3 rel1/arm-none-eabi/include/c++/14.3.1/bits\stl_vector.h **** 
 548:C:/Program Files (x86)/Arm GNU Toolchain arm-none-eabi/14.3 rel1/arm-none-eabi/include/c++/14.3.1/bits\stl_vector.h **** #if __cplusplus >= 201103L
 549:C:/Program Files (x86)/Arm GNU Toolchain arm-none-eabi/14.3 rel1/arm-none-eabi/include/c++/14.3.1/bits\stl_vector.h ****       /**
 550:C:/Program Files (x86)/Arm GNU Toolchain arm-none-eabi/14.3 rel1/arm-none-eabi/include/c++/14.3.1/bits\stl_vector.h ****        *  @brief  Creates a %vector with default constructed elements.
 551:C:/Program Files (x86)/Arm GNU Toolchain arm-none-eabi/14.3 rel1/arm-none-eabi/include/c++/14.3.1/bits\stl_vector.h ****        *  @param  __n  The number of elements to initially create.
 552:C:/Program Files (x86)/Arm GNU Toolchain arm-none-eabi/14.3 rel1/arm-none-eabi/include/c++/14.3.1/bits\stl_vector.h ****        *  @param  __a  An allocator.
 553:C:/Program Files (x86)/Arm GNU Toolchain arm-none-eabi/14.3 rel1/arm-none-eabi/include/c++/14.3.1/bits\stl_vector.h ****        *
 554:C:/Program Files (x86)/Arm GNU Toolchain arm-none-eabi/14.3 rel1/arm-none-eabi/include/c++/14.3.1/bits\stl_vector.h ****        *  This constructor fills the %vector with @a __n default
 555:C:/Program Files (x86)/Arm GNU Toolchain arm-none-eabi/14.3 rel1/arm-none-eabi/include/c++/14.3.1/bits\stl_vector.h ****        *  constructed elements.
 556:C:/Program Files (x86)/Arm GNU Toolchain arm-none-eabi/14.3 rel1/arm-none-eabi/include/c++/14.3.1/bits\stl_vector.h ****        */
 557:C:/Program Files (x86)/Arm GNU Toolchain arm-none-eabi/14.3 rel1/arm-none-eabi/include/c++/14.3.1/bits\stl_vector.h ****       explicit
 558:C:/Program Files (x86)/Arm GNU Toolchain arm-none-eabi/14.3 rel1/arm-none-eabi/include/c++/14.3.1/bits\stl_vector.h ****       _GLIBCXX20_CONSTEXPR
 559:C:/Program Files (x86)/Arm GNU Toolchain arm-none-eabi/14.3 rel1/arm-none-eabi/include/c++/14.3.1/bits\stl_vector.h ****       vector(size_type __n, const allocator_type& __a = allocator_type())
 560:C:/Program Files (x86)/Arm GNU Toolchain arm-none-eabi/14.3 rel1/arm-none-eabi/include/c++/14.3.1/bits\stl_vector.h ****       : _Base(_S_check_init_len(__n, __a), __a)
 561:C:/Program Files (x86)/Arm GNU Toolchain arm-none-eabi/14.3 rel1/arm-none-eabi/include/c++/14.3.1/bits\stl_vector.h ****       { _M_default_initialize(__n); }
 562:C:/Program Files (x86)/Arm GNU Toolchain arm-none-eabi/14.3 rel1/arm-none-eabi/include/c++/14.3.1/bits\stl_vector.h **** 
 563:C:/Program Files (x86)/Arm GNU Toolchain arm-none-eabi/14.3 rel1/arm-none-eabi/include/c++/14.3.1/bits\stl_vector.h ****       /**
 564:C:/Program Files (x86)/Arm GNU Toolchain arm-none-eabi/14.3 rel1/arm-none-eabi/include/c++/14.3.1/bits\stl_vector.h ****        *  @brief  Creates a %vector with copies of an exemplar element.
 565:C:/Program Files (x86)/Arm GNU Toolchain arm-none-eabi/14.3 rel1/arm-none-eabi/include/c++/14.3.1/bits\stl_vector.h ****        *  @param  __n  The number of elements to initially create.
 566:C:/Program Files (x86)/Arm GNU Toolchain arm-none-eabi/14.3 rel1/arm-none-eabi/include/c++/14.3.1/bits\stl_vector.h ****        *  @param  __value  An element to copy.
 567:C:/Program Files (x86)/Arm GNU Toolchain arm-none-eabi/14.3 rel1/arm-none-eabi/include/c++/14.3.1/bits\stl_vector.h ****        *  @param  __a  An allocator.
 568:C:/Program Files (x86)/Arm GNU Toolchain arm-none-eabi/14.3 rel1/arm-none-eabi/include/c++/14.3.1/bits\stl_vector.h ****        *
 569:C:/Program Files (x86)/Arm GNU Toolchain arm-none-eabi/14.3 rel1/arm-none-eabi/include/c++/14.3.1/bits\stl_vector.h ****        *  This constructor fills the %vector with @a __n copies of @a __value.
 570:C:/Program Files (x86)/Arm GNU Toolchain arm-none-eabi/14.3 rel1/arm-none-eabi/include/c++/14.3.1/bits\stl_vector.h ****        */
 571:C:/Program Files (x86)/Arm GNU Toolchain arm-none-eabi/14.3 rel1/arm-none-eabi/include/c++/14.3.1/bits\stl_vector.h ****       _GLIBCXX20_CONSTEXPR
 572:C:/Program Files (x86)/Arm GNU Toolchain arm-none-eabi/14.3 rel1/arm-none-eabi/include/c++/14.3.1/bits\stl_vector.h ****       vector(size_type __n, const value_type& __value,
 573:C:/Program Files (x86)/Arm GNU Toolchain arm-none-eabi/14.3 rel1/arm-none-eabi/include/c++/14.3.1/bits\stl_vector.h **** 	     const allocator_type& __a = allocator_type())
 574:C:/Program Files (x86)/Arm GNU Toolchain arm-none-eabi/14.3 rel1/arm-none-eabi/include/c++/14.3.1/bits\stl_vector.h ****       : _Base(_S_check_init_len(__n, __a), __a)
 575:C:/Program Files (x86)/Arm GNU Toolchain arm-none-eabi/14.3 rel1/arm-none-eabi/include/c++/14.3.1/bits\stl_vector.h ****       { _M_fill_initialize(__n, __value); }
 576:C:/Program Files (x86)/Arm GNU Toolchain arm-none-eabi/14.3 rel1/arm-none-eabi/include/c++/14.3.1/bits\stl_vector.h **** #else
 577:C:/Program Files (x86)/Arm GNU Toolchain arm-none-eabi/14.3 rel1/arm-none-eabi/include/c++/14.3.1/bits\stl_vector.h ****       /**
 578:C:/Program Files (x86)/Arm GNU Toolchain arm-none-eabi/14.3 rel1/arm-none-eabi/include/c++/14.3.1/bits\stl_vector.h ****        *  @brief  Creates a %vector with copies of an exemplar element.
 579:C:/Program Files (x86)/Arm GNU Toolchain arm-none-eabi/14.3 rel1/arm-none-eabi/include/c++/14.3.1/bits\stl_vector.h ****        *  @param  __n  The number of elements to initially create.
 580:C:/Program Files (x86)/Arm GNU Toolchain arm-none-eabi/14.3 rel1/arm-none-eabi/include/c++/14.3.1/bits\stl_vector.h ****        *  @param  __value  An element to copy.
 581:C:/Program Files (x86)/Arm GNU Toolchain arm-none-eabi/14.3 rel1/arm-none-eabi/include/c++/14.3.1/bits\stl_vector.h ****        *  @param  __a  An allocator.
 582:C:/Program Files (x86)/Arm GNU Toolchain arm-none-eabi/14.3 rel1/arm-none-eabi/include/c++/14.3.1/bits\stl_vector.h ****        *
 583:C:/Program Files (x86)/Arm GNU Toolchain arm-none-eabi/14.3 rel1/arm-none-eabi/include/c++/14.3.1/bits\stl_vector.h ****        *  This constructor fills the %vector with @a __n copies of @a __value.
 584:C:/Program Files (x86)/Arm GNU Toolchain arm-none-eabi/14.3 rel1/arm-none-eabi/include/c++/14.3.1/bits\stl_vector.h ****        */
 585:C:/Program Files (x86)/Arm GNU Toolchain arm-none-eabi/14.3 rel1/arm-none-eabi/include/c++/14.3.1/bits\stl_vector.h ****       explicit
 586:C:/Program Files (x86)/Arm GNU Toolchain arm-none-eabi/14.3 rel1/arm-none-eabi/include/c++/14.3.1/bits\stl_vector.h ****       vector(size_type __n, const value_type& __value = value_type(),
 587:C:/Program Files (x86)/Arm GNU Toolchain arm-none-eabi/14.3 rel1/arm-none-eabi/include/c++/14.3.1/bits\stl_vector.h **** 	     const allocator_type& __a = allocator_type())
 588:C:/Program Files (x86)/Arm GNU Toolchain arm-none-eabi/14.3 rel1/arm-none-eabi/include/c++/14.3.1/bits\stl_vector.h ****       : _Base(_S_check_init_len(__n, __a), __a)
 589:C:/Program Files (x86)/Arm GNU Toolchain arm-none-eabi/14.3 rel1/arm-none-eabi/include/c++/14.3.1/bits\stl_vector.h ****       { _M_fill_initialize(__n, __value); }
 590:C:/Program Files (x86)/Arm GNU Toolchain arm-none-eabi/14.3 rel1/arm-none-eabi/include/c++/14.3.1/bits\stl_vector.h **** #endif
 591:C:/Program Files (x86)/Arm GNU Toolchain arm-none-eabi/14.3 rel1/arm-none-eabi/include/c++/14.3.1/bits\stl_vector.h **** 
 592:C:/Program Files (x86)/Arm GNU Toolchain arm-none-eabi/14.3 rel1/arm-none-eabi/include/c++/14.3.1/bits\stl_vector.h ****       /**
 593:C:/Program Files (x86)/Arm GNU Toolchain arm-none-eabi/14.3 rel1/arm-none-eabi/include/c++/14.3.1/bits\stl_vector.h ****        *  @brief  %Vector copy constructor.
 594:C:/Program Files (x86)/Arm GNU Toolchain arm-none-eabi/14.3 rel1/arm-none-eabi/include/c++/14.3.1/bits\stl_vector.h ****        *  @param  __x  A %vector of identical element and allocator types.
 595:C:/Program Files (x86)/Arm GNU Toolchain arm-none-eabi/14.3 rel1/arm-none-eabi/include/c++/14.3.1/bits\stl_vector.h ****        *
ARM GAS  C:\Users\Oliver\AppData\Local\Temp\ccFJcwzV.s 			page 21


 596:C:/Program Files (x86)/Arm GNU Toolchain arm-none-eabi/14.3 rel1/arm-none-eabi/include/c++/14.3.1/bits\stl_vector.h ****        *  All the elements of @a __x are copied, but any unused capacity in
 597:C:/Program Files (x86)/Arm GNU Toolchain arm-none-eabi/14.3 rel1/arm-none-eabi/include/c++/14.3.1/bits\stl_vector.h ****        *  @a __x  will not be copied
 598:C:/Program Files (x86)/Arm GNU Toolchain arm-none-eabi/14.3 rel1/arm-none-eabi/include/c++/14.3.1/bits\stl_vector.h ****        *  (i.e. capacity() == size() in the new %vector).
 599:C:/Program Files (x86)/Arm GNU Toolchain arm-none-eabi/14.3 rel1/arm-none-eabi/include/c++/14.3.1/bits\stl_vector.h ****        *
 600:C:/Program Files (x86)/Arm GNU Toolchain arm-none-eabi/14.3 rel1/arm-none-eabi/include/c++/14.3.1/bits\stl_vector.h ****        *  The newly-created %vector uses a copy of the allocator object used
 601:C:/Program Files (x86)/Arm GNU Toolchain arm-none-eabi/14.3 rel1/arm-none-eabi/include/c++/14.3.1/bits\stl_vector.h ****        *  by @a __x (unless the allocator traits dictate a different object).
 602:C:/Program Files (x86)/Arm GNU Toolchain arm-none-eabi/14.3 rel1/arm-none-eabi/include/c++/14.3.1/bits\stl_vector.h ****        */
 603:C:/Program Files (x86)/Arm GNU Toolchain arm-none-eabi/14.3 rel1/arm-none-eabi/include/c++/14.3.1/bits\stl_vector.h ****       _GLIBCXX20_CONSTEXPR
 604:C:/Program Files (x86)/Arm GNU Toolchain arm-none-eabi/14.3 rel1/arm-none-eabi/include/c++/14.3.1/bits\stl_vector.h ****       vector(const vector& __x)
 605:C:/Program Files (x86)/Arm GNU Toolchain arm-none-eabi/14.3 rel1/arm-none-eabi/include/c++/14.3.1/bits\stl_vector.h ****       : _Base(__x.size(),
 606:C:/Program Files (x86)/Arm GNU Toolchain arm-none-eabi/14.3 rel1/arm-none-eabi/include/c++/14.3.1/bits\stl_vector.h **** 	_Alloc_traits::_S_select_on_copy(__x._M_get_Tp_allocator()))
 607:C:/Program Files (x86)/Arm GNU Toolchain arm-none-eabi/14.3 rel1/arm-none-eabi/include/c++/14.3.1/bits\stl_vector.h ****       {
 608:C:/Program Files (x86)/Arm GNU Toolchain arm-none-eabi/14.3 rel1/arm-none-eabi/include/c++/14.3.1/bits\stl_vector.h **** 	this->_M_impl._M_finish =
 609:C:/Program Files (x86)/Arm GNU Toolchain arm-none-eabi/14.3 rel1/arm-none-eabi/include/c++/14.3.1/bits\stl_vector.h **** 	  std::__uninitialized_copy_a(__x.begin(), __x.end(),
 610:C:/Program Files (x86)/Arm GNU Toolchain arm-none-eabi/14.3 rel1/arm-none-eabi/include/c++/14.3.1/bits\stl_vector.h **** 				      this->_M_impl._M_start,
 611:C:/Program Files (x86)/Arm GNU Toolchain arm-none-eabi/14.3 rel1/arm-none-eabi/include/c++/14.3.1/bits\stl_vector.h **** 				      _M_get_Tp_allocator());
 612:C:/Program Files (x86)/Arm GNU Toolchain arm-none-eabi/14.3 rel1/arm-none-eabi/include/c++/14.3.1/bits\stl_vector.h ****       }
 613:C:/Program Files (x86)/Arm GNU Toolchain arm-none-eabi/14.3 rel1/arm-none-eabi/include/c++/14.3.1/bits\stl_vector.h **** 
 614:C:/Program Files (x86)/Arm GNU Toolchain arm-none-eabi/14.3 rel1/arm-none-eabi/include/c++/14.3.1/bits\stl_vector.h **** #if __cplusplus >= 201103L
 615:C:/Program Files (x86)/Arm GNU Toolchain arm-none-eabi/14.3 rel1/arm-none-eabi/include/c++/14.3.1/bits\stl_vector.h ****       /**
 616:C:/Program Files (x86)/Arm GNU Toolchain arm-none-eabi/14.3 rel1/arm-none-eabi/include/c++/14.3.1/bits\stl_vector.h ****        *  @brief  %Vector move constructor.
 617:C:/Program Files (x86)/Arm GNU Toolchain arm-none-eabi/14.3 rel1/arm-none-eabi/include/c++/14.3.1/bits\stl_vector.h ****        *
 618:C:/Program Files (x86)/Arm GNU Toolchain arm-none-eabi/14.3 rel1/arm-none-eabi/include/c++/14.3.1/bits\stl_vector.h ****        *  The newly-created %vector contains the exact contents of the
 619:C:/Program Files (x86)/Arm GNU Toolchain arm-none-eabi/14.3 rel1/arm-none-eabi/include/c++/14.3.1/bits\stl_vector.h ****        *  moved instance.
 620:C:/Program Files (x86)/Arm GNU Toolchain arm-none-eabi/14.3 rel1/arm-none-eabi/include/c++/14.3.1/bits\stl_vector.h ****        *  The contents of the moved instance are a valid, but unspecified
 621:C:/Program Files (x86)/Arm GNU Toolchain arm-none-eabi/14.3 rel1/arm-none-eabi/include/c++/14.3.1/bits\stl_vector.h ****        *  %vector.
 622:C:/Program Files (x86)/Arm GNU Toolchain arm-none-eabi/14.3 rel1/arm-none-eabi/include/c++/14.3.1/bits\stl_vector.h ****        */
 623:C:/Program Files (x86)/Arm GNU Toolchain arm-none-eabi/14.3 rel1/arm-none-eabi/include/c++/14.3.1/bits\stl_vector.h ****       vector(vector&&) noexcept = default;
 624:C:/Program Files (x86)/Arm GNU Toolchain arm-none-eabi/14.3 rel1/arm-none-eabi/include/c++/14.3.1/bits\stl_vector.h **** 
 625:C:/Program Files (x86)/Arm GNU Toolchain arm-none-eabi/14.3 rel1/arm-none-eabi/include/c++/14.3.1/bits\stl_vector.h ****       /// Copy constructor with alternative allocator
 626:C:/Program Files (x86)/Arm GNU Toolchain arm-none-eabi/14.3 rel1/arm-none-eabi/include/c++/14.3.1/bits\stl_vector.h ****       _GLIBCXX20_CONSTEXPR
 627:C:/Program Files (x86)/Arm GNU Toolchain arm-none-eabi/14.3 rel1/arm-none-eabi/include/c++/14.3.1/bits\stl_vector.h ****       vector(const vector& __x, const __type_identity_t<allocator_type>& __a)
 628:C:/Program Files (x86)/Arm GNU Toolchain arm-none-eabi/14.3 rel1/arm-none-eabi/include/c++/14.3.1/bits\stl_vector.h ****       : _Base(__x.size(), __a)
 629:C:/Program Files (x86)/Arm GNU Toolchain arm-none-eabi/14.3 rel1/arm-none-eabi/include/c++/14.3.1/bits\stl_vector.h ****       {
 630:C:/Program Files (x86)/Arm GNU Toolchain arm-none-eabi/14.3 rel1/arm-none-eabi/include/c++/14.3.1/bits\stl_vector.h **** 	this->_M_impl._M_finish =
 631:C:/Program Files (x86)/Arm GNU Toolchain arm-none-eabi/14.3 rel1/arm-none-eabi/include/c++/14.3.1/bits\stl_vector.h **** 	  std::__uninitialized_copy_a(__x.begin(), __x.end(),
 632:C:/Program Files (x86)/Arm GNU Toolchain arm-none-eabi/14.3 rel1/arm-none-eabi/include/c++/14.3.1/bits\stl_vector.h **** 				      this->_M_impl._M_start,
 633:C:/Program Files (x86)/Arm GNU Toolchain arm-none-eabi/14.3 rel1/arm-none-eabi/include/c++/14.3.1/bits\stl_vector.h **** 				      _M_get_Tp_allocator());
 634:C:/Program Files (x86)/Arm GNU Toolchain arm-none-eabi/14.3 rel1/arm-none-eabi/include/c++/14.3.1/bits\stl_vector.h ****       }
 635:C:/Program Files (x86)/Arm GNU Toolchain arm-none-eabi/14.3 rel1/arm-none-eabi/include/c++/14.3.1/bits\stl_vector.h **** 
 636:C:/Program Files (x86)/Arm GNU Toolchain arm-none-eabi/14.3 rel1/arm-none-eabi/include/c++/14.3.1/bits\stl_vector.h ****     private:
 637:C:/Program Files (x86)/Arm GNU Toolchain arm-none-eabi/14.3 rel1/arm-none-eabi/include/c++/14.3.1/bits\stl_vector.h ****       _GLIBCXX20_CONSTEXPR
 638:C:/Program Files (x86)/Arm GNU Toolchain arm-none-eabi/14.3 rel1/arm-none-eabi/include/c++/14.3.1/bits\stl_vector.h ****       vector(vector&& __rv, const allocator_type& __m, true_type) noexcept
 639:C:/Program Files (x86)/Arm GNU Toolchain arm-none-eabi/14.3 rel1/arm-none-eabi/include/c++/14.3.1/bits\stl_vector.h ****       : _Base(__m, std::move(__rv))
 640:C:/Program Files (x86)/Arm GNU Toolchain arm-none-eabi/14.3 rel1/arm-none-eabi/include/c++/14.3.1/bits\stl_vector.h ****       { }
 641:C:/Program Files (x86)/Arm GNU Toolchain arm-none-eabi/14.3 rel1/arm-none-eabi/include/c++/14.3.1/bits\stl_vector.h **** 
 642:C:/Program Files (x86)/Arm GNU Toolchain arm-none-eabi/14.3 rel1/arm-none-eabi/include/c++/14.3.1/bits\stl_vector.h ****       _GLIBCXX20_CONSTEXPR
 643:C:/Program Files (x86)/Arm GNU Toolchain arm-none-eabi/14.3 rel1/arm-none-eabi/include/c++/14.3.1/bits\stl_vector.h ****       vector(vector&& __rv, const allocator_type& __m, false_type)
 644:C:/Program Files (x86)/Arm GNU Toolchain arm-none-eabi/14.3 rel1/arm-none-eabi/include/c++/14.3.1/bits\stl_vector.h ****       : _Base(__m)
 645:C:/Program Files (x86)/Arm GNU Toolchain arm-none-eabi/14.3 rel1/arm-none-eabi/include/c++/14.3.1/bits\stl_vector.h ****       {
 646:C:/Program Files (x86)/Arm GNU Toolchain arm-none-eabi/14.3 rel1/arm-none-eabi/include/c++/14.3.1/bits\stl_vector.h **** 	if (__rv.get_allocator() == __m)
 647:C:/Program Files (x86)/Arm GNU Toolchain arm-none-eabi/14.3 rel1/arm-none-eabi/include/c++/14.3.1/bits\stl_vector.h **** 	  this->_M_impl._M_swap_data(__rv._M_impl);
 648:C:/Program Files (x86)/Arm GNU Toolchain arm-none-eabi/14.3 rel1/arm-none-eabi/include/c++/14.3.1/bits\stl_vector.h **** 	else if (!__rv.empty())
 649:C:/Program Files (x86)/Arm GNU Toolchain arm-none-eabi/14.3 rel1/arm-none-eabi/include/c++/14.3.1/bits\stl_vector.h **** 	  {
 650:C:/Program Files (x86)/Arm GNU Toolchain arm-none-eabi/14.3 rel1/arm-none-eabi/include/c++/14.3.1/bits\stl_vector.h **** 	    this->_M_create_storage(__rv.size());
 651:C:/Program Files (x86)/Arm GNU Toolchain arm-none-eabi/14.3 rel1/arm-none-eabi/include/c++/14.3.1/bits\stl_vector.h **** 	    this->_M_impl._M_finish =
 652:C:/Program Files (x86)/Arm GNU Toolchain arm-none-eabi/14.3 rel1/arm-none-eabi/include/c++/14.3.1/bits\stl_vector.h **** 	      std::__uninitialized_move_a(__rv.begin(), __rv.end(),
ARM GAS  C:\Users\Oliver\AppData\Local\Temp\ccFJcwzV.s 			page 22


 653:C:/Program Files (x86)/Arm GNU Toolchain arm-none-eabi/14.3 rel1/arm-none-eabi/include/c++/14.3.1/bits\stl_vector.h **** 					  this->_M_impl._M_start,
 654:C:/Program Files (x86)/Arm GNU Toolchain arm-none-eabi/14.3 rel1/arm-none-eabi/include/c++/14.3.1/bits\stl_vector.h **** 					  _M_get_Tp_allocator());
 655:C:/Program Files (x86)/Arm GNU Toolchain arm-none-eabi/14.3 rel1/arm-none-eabi/include/c++/14.3.1/bits\stl_vector.h **** 	    __rv.clear();
 656:C:/Program Files (x86)/Arm GNU Toolchain arm-none-eabi/14.3 rel1/arm-none-eabi/include/c++/14.3.1/bits\stl_vector.h **** 	  }
 657:C:/Program Files (x86)/Arm GNU Toolchain arm-none-eabi/14.3 rel1/arm-none-eabi/include/c++/14.3.1/bits\stl_vector.h ****       }
 658:C:/Program Files (x86)/Arm GNU Toolchain arm-none-eabi/14.3 rel1/arm-none-eabi/include/c++/14.3.1/bits\stl_vector.h **** 
 659:C:/Program Files (x86)/Arm GNU Toolchain arm-none-eabi/14.3 rel1/arm-none-eabi/include/c++/14.3.1/bits\stl_vector.h ****     public:
 660:C:/Program Files (x86)/Arm GNU Toolchain arm-none-eabi/14.3 rel1/arm-none-eabi/include/c++/14.3.1/bits\stl_vector.h ****       /// Move constructor with alternative allocator
 661:C:/Program Files (x86)/Arm GNU Toolchain arm-none-eabi/14.3 rel1/arm-none-eabi/include/c++/14.3.1/bits\stl_vector.h ****       _GLIBCXX20_CONSTEXPR
 662:C:/Program Files (x86)/Arm GNU Toolchain arm-none-eabi/14.3 rel1/arm-none-eabi/include/c++/14.3.1/bits\stl_vector.h ****       vector(vector&& __rv, const __type_identity_t<allocator_type>& __m)
 663:C:/Program Files (x86)/Arm GNU Toolchain arm-none-eabi/14.3 rel1/arm-none-eabi/include/c++/14.3.1/bits\stl_vector.h ****       noexcept( noexcept(
 664:C:/Program Files (x86)/Arm GNU Toolchain arm-none-eabi/14.3 rel1/arm-none-eabi/include/c++/14.3.1/bits\stl_vector.h **** 	vector(std::declval<vector&&>(), std::declval<const allocator_type&>(),
 665:C:/Program Files (x86)/Arm GNU Toolchain arm-none-eabi/14.3 rel1/arm-none-eabi/include/c++/14.3.1/bits\stl_vector.h **** 	       std::declval<typename _Alloc_traits::is_always_equal>())) )
 666:C:/Program Files (x86)/Arm GNU Toolchain arm-none-eabi/14.3 rel1/arm-none-eabi/include/c++/14.3.1/bits\stl_vector.h ****       : vector(std::move(__rv), __m, typename _Alloc_traits::is_always_equal{})
 667:C:/Program Files (x86)/Arm GNU Toolchain arm-none-eabi/14.3 rel1/arm-none-eabi/include/c++/14.3.1/bits\stl_vector.h ****       { }
 668:C:/Program Files (x86)/Arm GNU Toolchain arm-none-eabi/14.3 rel1/arm-none-eabi/include/c++/14.3.1/bits\stl_vector.h **** 
 669:C:/Program Files (x86)/Arm GNU Toolchain arm-none-eabi/14.3 rel1/arm-none-eabi/include/c++/14.3.1/bits\stl_vector.h ****       /**
 670:C:/Program Files (x86)/Arm GNU Toolchain arm-none-eabi/14.3 rel1/arm-none-eabi/include/c++/14.3.1/bits\stl_vector.h ****        *  @brief  Builds a %vector from an initializer list.
 671:C:/Program Files (x86)/Arm GNU Toolchain arm-none-eabi/14.3 rel1/arm-none-eabi/include/c++/14.3.1/bits\stl_vector.h ****        *  @param  __l  An initializer_list.
 672:C:/Program Files (x86)/Arm GNU Toolchain arm-none-eabi/14.3 rel1/arm-none-eabi/include/c++/14.3.1/bits\stl_vector.h ****        *  @param  __a  An allocator.
 673:C:/Program Files (x86)/Arm GNU Toolchain arm-none-eabi/14.3 rel1/arm-none-eabi/include/c++/14.3.1/bits\stl_vector.h ****        *
 674:C:/Program Files (x86)/Arm GNU Toolchain arm-none-eabi/14.3 rel1/arm-none-eabi/include/c++/14.3.1/bits\stl_vector.h ****        *  Create a %vector consisting of copies of the elements in the
 675:C:/Program Files (x86)/Arm GNU Toolchain arm-none-eabi/14.3 rel1/arm-none-eabi/include/c++/14.3.1/bits\stl_vector.h ****        *  initializer_list @a __l.
 676:C:/Program Files (x86)/Arm GNU Toolchain arm-none-eabi/14.3 rel1/arm-none-eabi/include/c++/14.3.1/bits\stl_vector.h ****        *
 677:C:/Program Files (x86)/Arm GNU Toolchain arm-none-eabi/14.3 rel1/arm-none-eabi/include/c++/14.3.1/bits\stl_vector.h ****        *  This will call the element type's copy constructor N times
 678:C:/Program Files (x86)/Arm GNU Toolchain arm-none-eabi/14.3 rel1/arm-none-eabi/include/c++/14.3.1/bits\stl_vector.h ****        *  (where N is @a __l.size()) and do no memory reallocation.
 679:C:/Program Files (x86)/Arm GNU Toolchain arm-none-eabi/14.3 rel1/arm-none-eabi/include/c++/14.3.1/bits\stl_vector.h ****        */
 680:C:/Program Files (x86)/Arm GNU Toolchain arm-none-eabi/14.3 rel1/arm-none-eabi/include/c++/14.3.1/bits\stl_vector.h ****       _GLIBCXX20_CONSTEXPR
 681:C:/Program Files (x86)/Arm GNU Toolchain arm-none-eabi/14.3 rel1/arm-none-eabi/include/c++/14.3.1/bits\stl_vector.h ****       vector(initializer_list<value_type> __l,
 682:C:/Program Files (x86)/Arm GNU Toolchain arm-none-eabi/14.3 rel1/arm-none-eabi/include/c++/14.3.1/bits\stl_vector.h **** 	     const allocator_type& __a = allocator_type())
 683:C:/Program Files (x86)/Arm GNU Toolchain arm-none-eabi/14.3 rel1/arm-none-eabi/include/c++/14.3.1/bits\stl_vector.h ****       : _Base(__a)
 684:C:/Program Files (x86)/Arm GNU Toolchain arm-none-eabi/14.3 rel1/arm-none-eabi/include/c++/14.3.1/bits\stl_vector.h ****       {
 685:C:/Program Files (x86)/Arm GNU Toolchain arm-none-eabi/14.3 rel1/arm-none-eabi/include/c++/14.3.1/bits\stl_vector.h **** 	_M_range_initialize_n(__l.begin(), __l.end(), __l.size());
 686:C:/Program Files (x86)/Arm GNU Toolchain arm-none-eabi/14.3 rel1/arm-none-eabi/include/c++/14.3.1/bits\stl_vector.h ****       }
 687:C:/Program Files (x86)/Arm GNU Toolchain arm-none-eabi/14.3 rel1/arm-none-eabi/include/c++/14.3.1/bits\stl_vector.h **** #endif
 688:C:/Program Files (x86)/Arm GNU Toolchain arm-none-eabi/14.3 rel1/arm-none-eabi/include/c++/14.3.1/bits\stl_vector.h **** 
 689:C:/Program Files (x86)/Arm GNU Toolchain arm-none-eabi/14.3 rel1/arm-none-eabi/include/c++/14.3.1/bits\stl_vector.h ****       /**
 690:C:/Program Files (x86)/Arm GNU Toolchain arm-none-eabi/14.3 rel1/arm-none-eabi/include/c++/14.3.1/bits\stl_vector.h ****        *  @brief  Builds a %vector from a range.
 691:C:/Program Files (x86)/Arm GNU Toolchain arm-none-eabi/14.3 rel1/arm-none-eabi/include/c++/14.3.1/bits\stl_vector.h ****        *  @param  __first  An input iterator.
 692:C:/Program Files (x86)/Arm GNU Toolchain arm-none-eabi/14.3 rel1/arm-none-eabi/include/c++/14.3.1/bits\stl_vector.h ****        *  @param  __last  An input iterator.
 693:C:/Program Files (x86)/Arm GNU Toolchain arm-none-eabi/14.3 rel1/arm-none-eabi/include/c++/14.3.1/bits\stl_vector.h ****        *  @param  __a  An allocator.
 694:C:/Program Files (x86)/Arm GNU Toolchain arm-none-eabi/14.3 rel1/arm-none-eabi/include/c++/14.3.1/bits\stl_vector.h ****        *
 695:C:/Program Files (x86)/Arm GNU Toolchain arm-none-eabi/14.3 rel1/arm-none-eabi/include/c++/14.3.1/bits\stl_vector.h ****        *  Create a %vector consisting of copies of the elements from
 696:C:/Program Files (x86)/Arm GNU Toolchain arm-none-eabi/14.3 rel1/arm-none-eabi/include/c++/14.3.1/bits\stl_vector.h ****        *  [first,last).
 697:C:/Program Files (x86)/Arm GNU Toolchain arm-none-eabi/14.3 rel1/arm-none-eabi/include/c++/14.3.1/bits\stl_vector.h ****        *
 698:C:/Program Files (x86)/Arm GNU Toolchain arm-none-eabi/14.3 rel1/arm-none-eabi/include/c++/14.3.1/bits\stl_vector.h ****        *  If the iterators are forward, bidirectional, or
 699:C:/Program Files (x86)/Arm GNU Toolchain arm-none-eabi/14.3 rel1/arm-none-eabi/include/c++/14.3.1/bits\stl_vector.h ****        *  random-access, then this will call the elements' copy
 700:C:/Program Files (x86)/Arm GNU Toolchain arm-none-eabi/14.3 rel1/arm-none-eabi/include/c++/14.3.1/bits\stl_vector.h ****        *  constructor N times (where N is distance(first,last)) and do
 701:C:/Program Files (x86)/Arm GNU Toolchain arm-none-eabi/14.3 rel1/arm-none-eabi/include/c++/14.3.1/bits\stl_vector.h ****        *  no memory reallocation.  But if only input iterators are
 702:C:/Program Files (x86)/Arm GNU Toolchain arm-none-eabi/14.3 rel1/arm-none-eabi/include/c++/14.3.1/bits\stl_vector.h ****        *  used, then this will do at most 2N calls to the copy
 703:C:/Program Files (x86)/Arm GNU Toolchain arm-none-eabi/14.3 rel1/arm-none-eabi/include/c++/14.3.1/bits\stl_vector.h ****        *  constructor, and logN memory reallocations.
 704:C:/Program Files (x86)/Arm GNU Toolchain arm-none-eabi/14.3 rel1/arm-none-eabi/include/c++/14.3.1/bits\stl_vector.h ****        */
 705:C:/Program Files (x86)/Arm GNU Toolchain arm-none-eabi/14.3 rel1/arm-none-eabi/include/c++/14.3.1/bits\stl_vector.h **** #if __cplusplus >= 201103L
 706:C:/Program Files (x86)/Arm GNU Toolchain arm-none-eabi/14.3 rel1/arm-none-eabi/include/c++/14.3.1/bits\stl_vector.h ****       template<typename _InputIterator,
 707:C:/Program Files (x86)/Arm GNU Toolchain arm-none-eabi/14.3 rel1/arm-none-eabi/include/c++/14.3.1/bits\stl_vector.h **** 	       typename = std::_RequireInputIter<_InputIterator>>
 708:C:/Program Files (x86)/Arm GNU Toolchain arm-none-eabi/14.3 rel1/arm-none-eabi/include/c++/14.3.1/bits\stl_vector.h **** 	_GLIBCXX20_CONSTEXPR
 709:C:/Program Files (x86)/Arm GNU Toolchain arm-none-eabi/14.3 rel1/arm-none-eabi/include/c++/14.3.1/bits\stl_vector.h **** 	vector(_InputIterator __first, _InputIterator __last,
ARM GAS  C:\Users\Oliver\AppData\Local\Temp\ccFJcwzV.s 			page 23


 710:C:/Program Files (x86)/Arm GNU Toolchain arm-none-eabi/14.3 rel1/arm-none-eabi/include/c++/14.3.1/bits\stl_vector.h **** 	       const allocator_type& __a = allocator_type())
 711:C:/Program Files (x86)/Arm GNU Toolchain arm-none-eabi/14.3 rel1/arm-none-eabi/include/c++/14.3.1/bits\stl_vector.h **** 	: _Base(__a)
 712:C:/Program Files (x86)/Arm GNU Toolchain arm-none-eabi/14.3 rel1/arm-none-eabi/include/c++/14.3.1/bits\stl_vector.h **** 	{
 713:C:/Program Files (x86)/Arm GNU Toolchain arm-none-eabi/14.3 rel1/arm-none-eabi/include/c++/14.3.1/bits\stl_vector.h **** #if __glibcxx_concepts // C++ >= C++20
 714:C:/Program Files (x86)/Arm GNU Toolchain arm-none-eabi/14.3 rel1/arm-none-eabi/include/c++/14.3.1/bits\stl_vector.h **** 	  if constexpr (sized_sentinel_for<_InputIterator, _InputIterator>
 715:C:/Program Files (x86)/Arm GNU Toolchain arm-none-eabi/14.3 rel1/arm-none-eabi/include/c++/14.3.1/bits\stl_vector.h **** 			  || forward_iterator<_InputIterator>)
 716:C:/Program Files (x86)/Arm GNU Toolchain arm-none-eabi/14.3 rel1/arm-none-eabi/include/c++/14.3.1/bits\stl_vector.h **** 	    {
 717:C:/Program Files (x86)/Arm GNU Toolchain arm-none-eabi/14.3 rel1/arm-none-eabi/include/c++/14.3.1/bits\stl_vector.h **** 	      const auto __n
 718:C:/Program Files (x86)/Arm GNU Toolchain arm-none-eabi/14.3 rel1/arm-none-eabi/include/c++/14.3.1/bits\stl_vector.h **** 		= static_cast<size_type>(ranges::distance(__first, __last));
 719:C:/Program Files (x86)/Arm GNU Toolchain arm-none-eabi/14.3 rel1/arm-none-eabi/include/c++/14.3.1/bits\stl_vector.h **** 	      _M_range_initialize_n(__first, __last, __n);
 720:C:/Program Files (x86)/Arm GNU Toolchain arm-none-eabi/14.3 rel1/arm-none-eabi/include/c++/14.3.1/bits\stl_vector.h **** 	      return;
 721:C:/Program Files (x86)/Arm GNU Toolchain arm-none-eabi/14.3 rel1/arm-none-eabi/include/c++/14.3.1/bits\stl_vector.h **** 	    }
 722:C:/Program Files (x86)/Arm GNU Toolchain arm-none-eabi/14.3 rel1/arm-none-eabi/include/c++/14.3.1/bits\stl_vector.h **** 	  else
 723:C:/Program Files (x86)/Arm GNU Toolchain arm-none-eabi/14.3 rel1/arm-none-eabi/include/c++/14.3.1/bits\stl_vector.h **** #endif
 724:C:/Program Files (x86)/Arm GNU Toolchain arm-none-eabi/14.3 rel1/arm-none-eabi/include/c++/14.3.1/bits\stl_vector.h **** 	  _M_range_initialize(__first, __last,
 725:C:/Program Files (x86)/Arm GNU Toolchain arm-none-eabi/14.3 rel1/arm-none-eabi/include/c++/14.3.1/bits\stl_vector.h **** 			      std::__iterator_category(__first));
 726:C:/Program Files (x86)/Arm GNU Toolchain arm-none-eabi/14.3 rel1/arm-none-eabi/include/c++/14.3.1/bits\stl_vector.h **** 	}
 727:C:/Program Files (x86)/Arm GNU Toolchain arm-none-eabi/14.3 rel1/arm-none-eabi/include/c++/14.3.1/bits\stl_vector.h **** #else
 728:C:/Program Files (x86)/Arm GNU Toolchain arm-none-eabi/14.3 rel1/arm-none-eabi/include/c++/14.3.1/bits\stl_vector.h ****       template<typename _InputIterator>
 729:C:/Program Files (x86)/Arm GNU Toolchain arm-none-eabi/14.3 rel1/arm-none-eabi/include/c++/14.3.1/bits\stl_vector.h **** 	vector(_InputIterator __first, _InputIterator __last,
 730:C:/Program Files (x86)/Arm GNU Toolchain arm-none-eabi/14.3 rel1/arm-none-eabi/include/c++/14.3.1/bits\stl_vector.h **** 	       const allocator_type& __a = allocator_type())
 731:C:/Program Files (x86)/Arm GNU Toolchain arm-none-eabi/14.3 rel1/arm-none-eabi/include/c++/14.3.1/bits\stl_vector.h **** 	: _Base(__a)
 732:C:/Program Files (x86)/Arm GNU Toolchain arm-none-eabi/14.3 rel1/arm-none-eabi/include/c++/14.3.1/bits\stl_vector.h **** 	{
 733:C:/Program Files (x86)/Arm GNU Toolchain arm-none-eabi/14.3 rel1/arm-none-eabi/include/c++/14.3.1/bits\stl_vector.h **** 	  // Check whether it's an integral type.  If so, it's not an iterator.
 734:C:/Program Files (x86)/Arm GNU Toolchain arm-none-eabi/14.3 rel1/arm-none-eabi/include/c++/14.3.1/bits\stl_vector.h **** 	  typedef typename std::__is_integer<_InputIterator>::__type _Integral;
 735:C:/Program Files (x86)/Arm GNU Toolchain arm-none-eabi/14.3 rel1/arm-none-eabi/include/c++/14.3.1/bits\stl_vector.h **** 	  _M_initialize_dispatch(__first, __last, _Integral());
 736:C:/Program Files (x86)/Arm GNU Toolchain arm-none-eabi/14.3 rel1/arm-none-eabi/include/c++/14.3.1/bits\stl_vector.h **** 	}
 737:C:/Program Files (x86)/Arm GNU Toolchain arm-none-eabi/14.3 rel1/arm-none-eabi/include/c++/14.3.1/bits\stl_vector.h **** #endif
 738:C:/Program Files (x86)/Arm GNU Toolchain arm-none-eabi/14.3 rel1/arm-none-eabi/include/c++/14.3.1/bits\stl_vector.h **** 
 739:C:/Program Files (x86)/Arm GNU Toolchain arm-none-eabi/14.3 rel1/arm-none-eabi/include/c++/14.3.1/bits\stl_vector.h ****       /**
 740:C:/Program Files (x86)/Arm GNU Toolchain arm-none-eabi/14.3 rel1/arm-none-eabi/include/c++/14.3.1/bits\stl_vector.h ****        *  The dtor only erases the elements, and note that if the
 741:C:/Program Files (x86)/Arm GNU Toolchain arm-none-eabi/14.3 rel1/arm-none-eabi/include/c++/14.3.1/bits\stl_vector.h ****        *  elements themselves are pointers, the pointed-to memory is
 742:C:/Program Files (x86)/Arm GNU Toolchain arm-none-eabi/14.3 rel1/arm-none-eabi/include/c++/14.3.1/bits\stl_vector.h ****        *  not touched in any way.  Managing the pointer is the user's
 743:C:/Program Files (x86)/Arm GNU Toolchain arm-none-eabi/14.3 rel1/arm-none-eabi/include/c++/14.3.1/bits\stl_vector.h ****        *  responsibility.
 744:C:/Program Files (x86)/Arm GNU Toolchain arm-none-eabi/14.3 rel1/arm-none-eabi/include/c++/14.3.1/bits\stl_vector.h ****        */
 745:C:/Program Files (x86)/Arm GNU Toolchain arm-none-eabi/14.3 rel1/arm-none-eabi/include/c++/14.3.1/bits\stl_vector.h ****       _GLIBCXX20_CONSTEXPR
 746:C:/Program Files (x86)/Arm GNU Toolchain arm-none-eabi/14.3 rel1/arm-none-eabi/include/c++/14.3.1/bits\stl_vector.h ****       ~vector() _GLIBCXX_NOEXCEPT
 747:C:/Program Files (x86)/Arm GNU Toolchain arm-none-eabi/14.3 rel1/arm-none-eabi/include/c++/14.3.1/bits\stl_vector.h ****       {
 748:C:/Program Files (x86)/Arm GNU Toolchain arm-none-eabi/14.3 rel1/arm-none-eabi/include/c++/14.3.1/bits\stl_vector.h **** 	std::_Destroy(this->_M_impl._M_start, this->_M_impl._M_finish,
 749:C:/Program Files (x86)/Arm GNU Toolchain arm-none-eabi/14.3 rel1/arm-none-eabi/include/c++/14.3.1/bits\stl_vector.h **** 		      _M_get_Tp_allocator());
 750:C:/Program Files (x86)/Arm GNU Toolchain arm-none-eabi/14.3 rel1/arm-none-eabi/include/c++/14.3.1/bits\stl_vector.h **** 	_GLIBCXX_ASAN_ANNOTATE_BEFORE_DEALLOC;
 751:C:/Program Files (x86)/Arm GNU Toolchain arm-none-eabi/14.3 rel1/arm-none-eabi/include/c++/14.3.1/bits\stl_vector.h ****       }
 752:C:/Program Files (x86)/Arm GNU Toolchain arm-none-eabi/14.3 rel1/arm-none-eabi/include/c++/14.3.1/bits\stl_vector.h **** 
 753:C:/Program Files (x86)/Arm GNU Toolchain arm-none-eabi/14.3 rel1/arm-none-eabi/include/c++/14.3.1/bits\stl_vector.h ****       /**
 754:C:/Program Files (x86)/Arm GNU Toolchain arm-none-eabi/14.3 rel1/arm-none-eabi/include/c++/14.3.1/bits\stl_vector.h ****        *  @brief  %Vector assignment operator.
 755:C:/Program Files (x86)/Arm GNU Toolchain arm-none-eabi/14.3 rel1/arm-none-eabi/include/c++/14.3.1/bits\stl_vector.h ****        *  @param  __x  A %vector of identical element and allocator types.
 756:C:/Program Files (x86)/Arm GNU Toolchain arm-none-eabi/14.3 rel1/arm-none-eabi/include/c++/14.3.1/bits\stl_vector.h ****        *
 757:C:/Program Files (x86)/Arm GNU Toolchain arm-none-eabi/14.3 rel1/arm-none-eabi/include/c++/14.3.1/bits\stl_vector.h ****        *  All the elements of @a __x are copied, but any unused capacity in
 758:C:/Program Files (x86)/Arm GNU Toolchain arm-none-eabi/14.3 rel1/arm-none-eabi/include/c++/14.3.1/bits\stl_vector.h ****        *  @a __x will not be copied.
 759:C:/Program Files (x86)/Arm GNU Toolchain arm-none-eabi/14.3 rel1/arm-none-eabi/include/c++/14.3.1/bits\stl_vector.h ****        *
 760:C:/Program Files (x86)/Arm GNU Toolchain arm-none-eabi/14.3 rel1/arm-none-eabi/include/c++/14.3.1/bits\stl_vector.h ****        *  Whether the allocator is copied depends on the allocator traits.
 761:C:/Program Files (x86)/Arm GNU Toolchain arm-none-eabi/14.3 rel1/arm-none-eabi/include/c++/14.3.1/bits\stl_vector.h ****        */
 762:C:/Program Files (x86)/Arm GNU Toolchain arm-none-eabi/14.3 rel1/arm-none-eabi/include/c++/14.3.1/bits\stl_vector.h ****       _GLIBCXX20_CONSTEXPR
 763:C:/Program Files (x86)/Arm GNU Toolchain arm-none-eabi/14.3 rel1/arm-none-eabi/include/c++/14.3.1/bits\stl_vector.h ****       vector&
 764:C:/Program Files (x86)/Arm GNU Toolchain arm-none-eabi/14.3 rel1/arm-none-eabi/include/c++/14.3.1/bits\stl_vector.h ****       operator=(const vector& __x);
 765:C:/Program Files (x86)/Arm GNU Toolchain arm-none-eabi/14.3 rel1/arm-none-eabi/include/c++/14.3.1/bits\stl_vector.h **** 
 766:C:/Program Files (x86)/Arm GNU Toolchain arm-none-eabi/14.3 rel1/arm-none-eabi/include/c++/14.3.1/bits\stl_vector.h **** #if __cplusplus >= 201103L
ARM GAS  C:\Users\Oliver\AppData\Local\Temp\ccFJcwzV.s 			page 24


 767:C:/Program Files (x86)/Arm GNU Toolchain arm-none-eabi/14.3 rel1/arm-none-eabi/include/c++/14.3.1/bits\stl_vector.h ****       /**
 768:C:/Program Files (x86)/Arm GNU Toolchain arm-none-eabi/14.3 rel1/arm-none-eabi/include/c++/14.3.1/bits\stl_vector.h ****        *  @brief  %Vector move assignment operator.
 769:C:/Program Files (x86)/Arm GNU Toolchain arm-none-eabi/14.3 rel1/arm-none-eabi/include/c++/14.3.1/bits\stl_vector.h ****        *  @param  __x  A %vector of identical element and allocator types.
 770:C:/Program Files (x86)/Arm GNU Toolchain arm-none-eabi/14.3 rel1/arm-none-eabi/include/c++/14.3.1/bits\stl_vector.h ****        *
 771:C:/Program Files (x86)/Arm GNU Toolchain arm-none-eabi/14.3 rel1/arm-none-eabi/include/c++/14.3.1/bits\stl_vector.h ****        *  The contents of @a __x are moved into this %vector (without copying,
 772:C:/Program Files (x86)/Arm GNU Toolchain arm-none-eabi/14.3 rel1/arm-none-eabi/include/c++/14.3.1/bits\stl_vector.h ****        *  if the allocators permit it).
 773:C:/Program Files (x86)/Arm GNU Toolchain arm-none-eabi/14.3 rel1/arm-none-eabi/include/c++/14.3.1/bits\stl_vector.h ****        *  Afterwards @a __x is a valid, but unspecified %vector.
 774:C:/Program Files (x86)/Arm GNU Toolchain arm-none-eabi/14.3 rel1/arm-none-eabi/include/c++/14.3.1/bits\stl_vector.h ****        *
 775:C:/Program Files (x86)/Arm GNU Toolchain arm-none-eabi/14.3 rel1/arm-none-eabi/include/c++/14.3.1/bits\stl_vector.h ****        *  Whether the allocator is moved depends on the allocator traits.
 776:C:/Program Files (x86)/Arm GNU Toolchain arm-none-eabi/14.3 rel1/arm-none-eabi/include/c++/14.3.1/bits\stl_vector.h ****        */
 777:C:/Program Files (x86)/Arm GNU Toolchain arm-none-eabi/14.3 rel1/arm-none-eabi/include/c++/14.3.1/bits\stl_vector.h ****       _GLIBCXX20_CONSTEXPR
 778:C:/Program Files (x86)/Arm GNU Toolchain arm-none-eabi/14.3 rel1/arm-none-eabi/include/c++/14.3.1/bits\stl_vector.h ****       vector&
 779:C:/Program Files (x86)/Arm GNU Toolchain arm-none-eabi/14.3 rel1/arm-none-eabi/include/c++/14.3.1/bits\stl_vector.h ****       operator=(vector&& __x) noexcept(_Alloc_traits::_S_nothrow_move())
 780:C:/Program Files (x86)/Arm GNU Toolchain arm-none-eabi/14.3 rel1/arm-none-eabi/include/c++/14.3.1/bits\stl_vector.h ****       {
 781:C:/Program Files (x86)/Arm GNU Toolchain arm-none-eabi/14.3 rel1/arm-none-eabi/include/c++/14.3.1/bits\stl_vector.h **** 	constexpr bool __move_storage =
 782:C:/Program Files (x86)/Arm GNU Toolchain arm-none-eabi/14.3 rel1/arm-none-eabi/include/c++/14.3.1/bits\stl_vector.h **** 	  _Alloc_traits::_S_propagate_on_move_assign()
 783:C:/Program Files (x86)/Arm GNU Toolchain arm-none-eabi/14.3 rel1/arm-none-eabi/include/c++/14.3.1/bits\stl_vector.h **** 	  || _Alloc_traits::_S_always_equal();
 784:C:/Program Files (x86)/Arm GNU Toolchain arm-none-eabi/14.3 rel1/arm-none-eabi/include/c++/14.3.1/bits\stl_vector.h **** 	_M_move_assign(std::move(__x), __bool_constant<__move_storage>());
 785:C:/Program Files (x86)/Arm GNU Toolchain arm-none-eabi/14.3 rel1/arm-none-eabi/include/c++/14.3.1/bits\stl_vector.h **** 	return *this;
 786:C:/Program Files (x86)/Arm GNU Toolchain arm-none-eabi/14.3 rel1/arm-none-eabi/include/c++/14.3.1/bits\stl_vector.h ****       }
 787:C:/Program Files (x86)/Arm GNU Toolchain arm-none-eabi/14.3 rel1/arm-none-eabi/include/c++/14.3.1/bits\stl_vector.h **** 
 788:C:/Program Files (x86)/Arm GNU Toolchain arm-none-eabi/14.3 rel1/arm-none-eabi/include/c++/14.3.1/bits\stl_vector.h ****       /**
 789:C:/Program Files (x86)/Arm GNU Toolchain arm-none-eabi/14.3 rel1/arm-none-eabi/include/c++/14.3.1/bits\stl_vector.h ****        *  @brief  %Vector list assignment operator.
 790:C:/Program Files (x86)/Arm GNU Toolchain arm-none-eabi/14.3 rel1/arm-none-eabi/include/c++/14.3.1/bits\stl_vector.h ****        *  @param  __l  An initializer_list.
 791:C:/Program Files (x86)/Arm GNU Toolchain arm-none-eabi/14.3 rel1/arm-none-eabi/include/c++/14.3.1/bits\stl_vector.h ****        *
 792:C:/Program Files (x86)/Arm GNU Toolchain arm-none-eabi/14.3 rel1/arm-none-eabi/include/c++/14.3.1/bits\stl_vector.h ****        *  This function fills a %vector with copies of the elements in the
 793:C:/Program Files (x86)/Arm GNU Toolchain arm-none-eabi/14.3 rel1/arm-none-eabi/include/c++/14.3.1/bits\stl_vector.h ****        *  initializer list @a __l.
 794:C:/Program Files (x86)/Arm GNU Toolchain arm-none-eabi/14.3 rel1/arm-none-eabi/include/c++/14.3.1/bits\stl_vector.h ****        *
 795:C:/Program Files (x86)/Arm GNU Toolchain arm-none-eabi/14.3 rel1/arm-none-eabi/include/c++/14.3.1/bits\stl_vector.h ****        *  Note that the assignment completely changes the %vector and
 796:C:/Program Files (x86)/Arm GNU Toolchain arm-none-eabi/14.3 rel1/arm-none-eabi/include/c++/14.3.1/bits\stl_vector.h ****        *  that the resulting %vector's size is the same as the number
 797:C:/Program Files (x86)/Arm GNU Toolchain arm-none-eabi/14.3 rel1/arm-none-eabi/include/c++/14.3.1/bits\stl_vector.h ****        *  of elements assigned.
 798:C:/Program Files (x86)/Arm GNU Toolchain arm-none-eabi/14.3 rel1/arm-none-eabi/include/c++/14.3.1/bits\stl_vector.h ****        */
 799:C:/Program Files (x86)/Arm GNU Toolchain arm-none-eabi/14.3 rel1/arm-none-eabi/include/c++/14.3.1/bits\stl_vector.h ****       _GLIBCXX20_CONSTEXPR
 800:C:/Program Files (x86)/Arm GNU Toolchain arm-none-eabi/14.3 rel1/arm-none-eabi/include/c++/14.3.1/bits\stl_vector.h ****       vector&
 801:C:/Program Files (x86)/Arm GNU Toolchain arm-none-eabi/14.3 rel1/arm-none-eabi/include/c++/14.3.1/bits\stl_vector.h ****       operator=(initializer_list<value_type> __l)
 802:C:/Program Files (x86)/Arm GNU Toolchain arm-none-eabi/14.3 rel1/arm-none-eabi/include/c++/14.3.1/bits\stl_vector.h ****       {
 803:C:/Program Files (x86)/Arm GNU Toolchain arm-none-eabi/14.3 rel1/arm-none-eabi/include/c++/14.3.1/bits\stl_vector.h **** 	this->_M_assign_aux(__l.begin(), __l.end(),
 804:C:/Program Files (x86)/Arm GNU Toolchain arm-none-eabi/14.3 rel1/arm-none-eabi/include/c++/14.3.1/bits\stl_vector.h **** 			    random_access_iterator_tag());
 805:C:/Program Files (x86)/Arm GNU Toolchain arm-none-eabi/14.3 rel1/arm-none-eabi/include/c++/14.3.1/bits\stl_vector.h **** 	return *this;
 806:C:/Program Files (x86)/Arm GNU Toolchain arm-none-eabi/14.3 rel1/arm-none-eabi/include/c++/14.3.1/bits\stl_vector.h ****       }
 807:C:/Program Files (x86)/Arm GNU Toolchain arm-none-eabi/14.3 rel1/arm-none-eabi/include/c++/14.3.1/bits\stl_vector.h **** #endif
 808:C:/Program Files (x86)/Arm GNU Toolchain arm-none-eabi/14.3 rel1/arm-none-eabi/include/c++/14.3.1/bits\stl_vector.h **** 
 809:C:/Program Files (x86)/Arm GNU Toolchain arm-none-eabi/14.3 rel1/arm-none-eabi/include/c++/14.3.1/bits\stl_vector.h ****       /**
 810:C:/Program Files (x86)/Arm GNU Toolchain arm-none-eabi/14.3 rel1/arm-none-eabi/include/c++/14.3.1/bits\stl_vector.h ****        *  @brief  Assigns a given value to a %vector.
 811:C:/Program Files (x86)/Arm GNU Toolchain arm-none-eabi/14.3 rel1/arm-none-eabi/include/c++/14.3.1/bits\stl_vector.h ****        *  @param  __n  Number of elements to be assigned.
 812:C:/Program Files (x86)/Arm GNU Toolchain arm-none-eabi/14.3 rel1/arm-none-eabi/include/c++/14.3.1/bits\stl_vector.h ****        *  @param  __val  Value to be assigned.
 813:C:/Program Files (x86)/Arm GNU Toolchain arm-none-eabi/14.3 rel1/arm-none-eabi/include/c++/14.3.1/bits\stl_vector.h ****        *
 814:C:/Program Files (x86)/Arm GNU Toolchain arm-none-eabi/14.3 rel1/arm-none-eabi/include/c++/14.3.1/bits\stl_vector.h ****        *  This function fills a %vector with @a __n copies of the given
 815:C:/Program Files (x86)/Arm GNU Toolchain arm-none-eabi/14.3 rel1/arm-none-eabi/include/c++/14.3.1/bits\stl_vector.h ****        *  value.  Note that the assignment completely changes the
 816:C:/Program Files (x86)/Arm GNU Toolchain arm-none-eabi/14.3 rel1/arm-none-eabi/include/c++/14.3.1/bits\stl_vector.h ****        *  %vector and that the resulting %vector's size is the same as
 817:C:/Program Files (x86)/Arm GNU Toolchain arm-none-eabi/14.3 rel1/arm-none-eabi/include/c++/14.3.1/bits\stl_vector.h ****        *  the number of elements assigned.
 818:C:/Program Files (x86)/Arm GNU Toolchain arm-none-eabi/14.3 rel1/arm-none-eabi/include/c++/14.3.1/bits\stl_vector.h ****        */
 819:C:/Program Files (x86)/Arm GNU Toolchain arm-none-eabi/14.3 rel1/arm-none-eabi/include/c++/14.3.1/bits\stl_vector.h ****       _GLIBCXX20_CONSTEXPR
 820:C:/Program Files (x86)/Arm GNU Toolchain arm-none-eabi/14.3 rel1/arm-none-eabi/include/c++/14.3.1/bits\stl_vector.h ****       void
 821:C:/Program Files (x86)/Arm GNU Toolchain arm-none-eabi/14.3 rel1/arm-none-eabi/include/c++/14.3.1/bits\stl_vector.h ****       assign(size_type __n, const value_type& __val)
 822:C:/Program Files (x86)/Arm GNU Toolchain arm-none-eabi/14.3 rel1/arm-none-eabi/include/c++/14.3.1/bits\stl_vector.h ****       { _M_fill_assign(__n, __val); }
 823:C:/Program Files (x86)/Arm GNU Toolchain arm-none-eabi/14.3 rel1/arm-none-eabi/include/c++/14.3.1/bits\stl_vector.h **** 
ARM GAS  C:\Users\Oliver\AppData\Local\Temp\ccFJcwzV.s 			page 25


 824:C:/Program Files (x86)/Arm GNU Toolchain arm-none-eabi/14.3 rel1/arm-none-eabi/include/c++/14.3.1/bits\stl_vector.h ****       /**
 825:C:/Program Files (x86)/Arm GNU Toolchain arm-none-eabi/14.3 rel1/arm-none-eabi/include/c++/14.3.1/bits\stl_vector.h ****        *  @brief  Assigns a range to a %vector.
 826:C:/Program Files (x86)/Arm GNU Toolchain arm-none-eabi/14.3 rel1/arm-none-eabi/include/c++/14.3.1/bits\stl_vector.h ****        *  @param  __first  An input iterator.
 827:C:/Program Files (x86)/Arm GNU Toolchain arm-none-eabi/14.3 rel1/arm-none-eabi/include/c++/14.3.1/bits\stl_vector.h ****        *  @param  __last   An input iterator.
 828:C:/Program Files (x86)/Arm GNU Toolchain arm-none-eabi/14.3 rel1/arm-none-eabi/include/c++/14.3.1/bits\stl_vector.h ****        *
 829:C:/Program Files (x86)/Arm GNU Toolchain arm-none-eabi/14.3 rel1/arm-none-eabi/include/c++/14.3.1/bits\stl_vector.h ****        *  This function fills a %vector with copies of the elements in the
 830:C:/Program Files (x86)/Arm GNU Toolchain arm-none-eabi/14.3 rel1/arm-none-eabi/include/c++/14.3.1/bits\stl_vector.h ****        *  range [__first,__last).
 831:C:/Program Files (x86)/Arm GNU Toolchain arm-none-eabi/14.3 rel1/arm-none-eabi/include/c++/14.3.1/bits\stl_vector.h ****        *
 832:C:/Program Files (x86)/Arm GNU Toolchain arm-none-eabi/14.3 rel1/arm-none-eabi/include/c++/14.3.1/bits\stl_vector.h ****        *  Note that the assignment completely changes the %vector and
 833:C:/Program Files (x86)/Arm GNU Toolchain arm-none-eabi/14.3 rel1/arm-none-eabi/include/c++/14.3.1/bits\stl_vector.h ****        *  that the resulting %vector's size is the same as the number
 834:C:/Program Files (x86)/Arm GNU Toolchain arm-none-eabi/14.3 rel1/arm-none-eabi/include/c++/14.3.1/bits\stl_vector.h ****        *  of elements assigned.
 835:C:/Program Files (x86)/Arm GNU Toolchain arm-none-eabi/14.3 rel1/arm-none-eabi/include/c++/14.3.1/bits\stl_vector.h ****        */
 836:C:/Program Files (x86)/Arm GNU Toolchain arm-none-eabi/14.3 rel1/arm-none-eabi/include/c++/14.3.1/bits\stl_vector.h **** #if __cplusplus >= 201103L
 837:C:/Program Files (x86)/Arm GNU Toolchain arm-none-eabi/14.3 rel1/arm-none-eabi/include/c++/14.3.1/bits\stl_vector.h ****       template<typename _InputIterator,
 838:C:/Program Files (x86)/Arm GNU Toolchain arm-none-eabi/14.3 rel1/arm-none-eabi/include/c++/14.3.1/bits\stl_vector.h **** 	       typename = std::_RequireInputIter<_InputIterator>>
 839:C:/Program Files (x86)/Arm GNU Toolchain arm-none-eabi/14.3 rel1/arm-none-eabi/include/c++/14.3.1/bits\stl_vector.h **** 	_GLIBCXX20_CONSTEXPR
 840:C:/Program Files (x86)/Arm GNU Toolchain arm-none-eabi/14.3 rel1/arm-none-eabi/include/c++/14.3.1/bits\stl_vector.h **** 	void
 841:C:/Program Files (x86)/Arm GNU Toolchain arm-none-eabi/14.3 rel1/arm-none-eabi/include/c++/14.3.1/bits\stl_vector.h **** 	assign(_InputIterator __first, _InputIterator __last)
 842:C:/Program Files (x86)/Arm GNU Toolchain arm-none-eabi/14.3 rel1/arm-none-eabi/include/c++/14.3.1/bits\stl_vector.h **** 	{ _M_assign_aux(__first, __last, std::__iterator_category(__first)); }
 843:C:/Program Files (x86)/Arm GNU Toolchain arm-none-eabi/14.3 rel1/arm-none-eabi/include/c++/14.3.1/bits\stl_vector.h **** #else
 844:C:/Program Files (x86)/Arm GNU Toolchain arm-none-eabi/14.3 rel1/arm-none-eabi/include/c++/14.3.1/bits\stl_vector.h ****       template<typename _InputIterator>
 845:C:/Program Files (x86)/Arm GNU Toolchain arm-none-eabi/14.3 rel1/arm-none-eabi/include/c++/14.3.1/bits\stl_vector.h **** 	void
 846:C:/Program Files (x86)/Arm GNU Toolchain arm-none-eabi/14.3 rel1/arm-none-eabi/include/c++/14.3.1/bits\stl_vector.h **** 	assign(_InputIterator __first, _InputIterator __last)
 847:C:/Program Files (x86)/Arm GNU Toolchain arm-none-eabi/14.3 rel1/arm-none-eabi/include/c++/14.3.1/bits\stl_vector.h **** 	{
 848:C:/Program Files (x86)/Arm GNU Toolchain arm-none-eabi/14.3 rel1/arm-none-eabi/include/c++/14.3.1/bits\stl_vector.h **** 	  // Check whether it's an integral type.  If so, it's not an iterator.
 849:C:/Program Files (x86)/Arm GNU Toolchain arm-none-eabi/14.3 rel1/arm-none-eabi/include/c++/14.3.1/bits\stl_vector.h **** 	  typedef typename std::__is_integer<_InputIterator>::__type _Integral;
 850:C:/Program Files (x86)/Arm GNU Toolchain arm-none-eabi/14.3 rel1/arm-none-eabi/include/c++/14.3.1/bits\stl_vector.h **** 	  _M_assign_dispatch(__first, __last, _Integral());
 851:C:/Program Files (x86)/Arm GNU Toolchain arm-none-eabi/14.3 rel1/arm-none-eabi/include/c++/14.3.1/bits\stl_vector.h **** 	}
 852:C:/Program Files (x86)/Arm GNU Toolchain arm-none-eabi/14.3 rel1/arm-none-eabi/include/c++/14.3.1/bits\stl_vector.h **** #endif
 853:C:/Program Files (x86)/Arm GNU Toolchain arm-none-eabi/14.3 rel1/arm-none-eabi/include/c++/14.3.1/bits\stl_vector.h **** 
 854:C:/Program Files (x86)/Arm GNU Toolchain arm-none-eabi/14.3 rel1/arm-none-eabi/include/c++/14.3.1/bits\stl_vector.h **** #if __cplusplus >= 201103L
 855:C:/Program Files (x86)/Arm GNU Toolchain arm-none-eabi/14.3 rel1/arm-none-eabi/include/c++/14.3.1/bits\stl_vector.h ****       /**
 856:C:/Program Files (x86)/Arm GNU Toolchain arm-none-eabi/14.3 rel1/arm-none-eabi/include/c++/14.3.1/bits\stl_vector.h ****        *  @brief  Assigns an initializer list to a %vector.
 857:C:/Program Files (x86)/Arm GNU Toolchain arm-none-eabi/14.3 rel1/arm-none-eabi/include/c++/14.3.1/bits\stl_vector.h ****        *  @param  __l  An initializer_list.
 858:C:/Program Files (x86)/Arm GNU Toolchain arm-none-eabi/14.3 rel1/arm-none-eabi/include/c++/14.3.1/bits\stl_vector.h ****        *
 859:C:/Program Files (x86)/Arm GNU Toolchain arm-none-eabi/14.3 rel1/arm-none-eabi/include/c++/14.3.1/bits\stl_vector.h ****        *  This function fills a %vector with copies of the elements in the
 860:C:/Program Files (x86)/Arm GNU Toolchain arm-none-eabi/14.3 rel1/arm-none-eabi/include/c++/14.3.1/bits\stl_vector.h ****        *  initializer list @a __l.
 861:C:/Program Files (x86)/Arm GNU Toolchain arm-none-eabi/14.3 rel1/arm-none-eabi/include/c++/14.3.1/bits\stl_vector.h ****        *
 862:C:/Program Files (x86)/Arm GNU Toolchain arm-none-eabi/14.3 rel1/arm-none-eabi/include/c++/14.3.1/bits\stl_vector.h ****        *  Note that the assignment completely changes the %vector and
 863:C:/Program Files (x86)/Arm GNU Toolchain arm-none-eabi/14.3 rel1/arm-none-eabi/include/c++/14.3.1/bits\stl_vector.h ****        *  that the resulting %vector's size is the same as the number
 864:C:/Program Files (x86)/Arm GNU Toolchain arm-none-eabi/14.3 rel1/arm-none-eabi/include/c++/14.3.1/bits\stl_vector.h ****        *  of elements assigned.
 865:C:/Program Files (x86)/Arm GNU Toolchain arm-none-eabi/14.3 rel1/arm-none-eabi/include/c++/14.3.1/bits\stl_vector.h ****        */
 866:C:/Program Files (x86)/Arm GNU Toolchain arm-none-eabi/14.3 rel1/arm-none-eabi/include/c++/14.3.1/bits\stl_vector.h ****       _GLIBCXX20_CONSTEXPR
 867:C:/Program Files (x86)/Arm GNU Toolchain arm-none-eabi/14.3 rel1/arm-none-eabi/include/c++/14.3.1/bits\stl_vector.h ****       void
 868:C:/Program Files (x86)/Arm GNU Toolchain arm-none-eabi/14.3 rel1/arm-none-eabi/include/c++/14.3.1/bits\stl_vector.h ****       assign(initializer_list<value_type> __l)
 869:C:/Program Files (x86)/Arm GNU Toolchain arm-none-eabi/14.3 rel1/arm-none-eabi/include/c++/14.3.1/bits\stl_vector.h ****       {
 870:C:/Program Files (x86)/Arm GNU Toolchain arm-none-eabi/14.3 rel1/arm-none-eabi/include/c++/14.3.1/bits\stl_vector.h **** 	this->_M_assign_aux(__l.begin(), __l.end(),
 871:C:/Program Files (x86)/Arm GNU Toolchain arm-none-eabi/14.3 rel1/arm-none-eabi/include/c++/14.3.1/bits\stl_vector.h **** 			    random_access_iterator_tag());
 872:C:/Program Files (x86)/Arm GNU Toolchain arm-none-eabi/14.3 rel1/arm-none-eabi/include/c++/14.3.1/bits\stl_vector.h ****       }
 873:C:/Program Files (x86)/Arm GNU Toolchain arm-none-eabi/14.3 rel1/arm-none-eabi/include/c++/14.3.1/bits\stl_vector.h **** #endif
 874:C:/Program Files (x86)/Arm GNU Toolchain arm-none-eabi/14.3 rel1/arm-none-eabi/include/c++/14.3.1/bits\stl_vector.h **** 
 875:C:/Program Files (x86)/Arm GNU Toolchain arm-none-eabi/14.3 rel1/arm-none-eabi/include/c++/14.3.1/bits\stl_vector.h ****       /// Get a copy of the memory allocation object.
 876:C:/Program Files (x86)/Arm GNU Toolchain arm-none-eabi/14.3 rel1/arm-none-eabi/include/c++/14.3.1/bits\stl_vector.h ****       using _Base::get_allocator;
 877:C:/Program Files (x86)/Arm GNU Toolchain arm-none-eabi/14.3 rel1/arm-none-eabi/include/c++/14.3.1/bits\stl_vector.h **** 
 878:C:/Program Files (x86)/Arm GNU Toolchain arm-none-eabi/14.3 rel1/arm-none-eabi/include/c++/14.3.1/bits\stl_vector.h ****       // iterators
 879:C:/Program Files (x86)/Arm GNU Toolchain arm-none-eabi/14.3 rel1/arm-none-eabi/include/c++/14.3.1/bits\stl_vector.h ****       /**
 880:C:/Program Files (x86)/Arm GNU Toolchain arm-none-eabi/14.3 rel1/arm-none-eabi/include/c++/14.3.1/bits\stl_vector.h ****        *  Returns a read/write iterator that points to the first
ARM GAS  C:\Users\Oliver\AppData\Local\Temp\ccFJcwzV.s 			page 26


 881:C:/Program Files (x86)/Arm GNU Toolchain arm-none-eabi/14.3 rel1/arm-none-eabi/include/c++/14.3.1/bits\stl_vector.h ****        *  element in the %vector.  Iteration is done in ordinary
 882:C:/Program Files (x86)/Arm GNU Toolchain arm-none-eabi/14.3 rel1/arm-none-eabi/include/c++/14.3.1/bits\stl_vector.h ****        *  element order.
 883:C:/Program Files (x86)/Arm GNU Toolchain arm-none-eabi/14.3 rel1/arm-none-eabi/include/c++/14.3.1/bits\stl_vector.h ****        */
 884:C:/Program Files (x86)/Arm GNU Toolchain arm-none-eabi/14.3 rel1/arm-none-eabi/include/c++/14.3.1/bits\stl_vector.h ****       _GLIBCXX_NODISCARD _GLIBCXX20_CONSTEXPR
 885:C:/Program Files (x86)/Arm GNU Toolchain arm-none-eabi/14.3 rel1/arm-none-eabi/include/c++/14.3.1/bits\stl_vector.h ****       iterator
 886:C:/Program Files (x86)/Arm GNU Toolchain arm-none-eabi/14.3 rel1/arm-none-eabi/include/c++/14.3.1/bits\stl_vector.h ****       begin() _GLIBCXX_NOEXCEPT
 887:C:/Program Files (x86)/Arm GNU Toolchain arm-none-eabi/14.3 rel1/arm-none-eabi/include/c++/14.3.1/bits\stl_vector.h ****       { return iterator(this->_M_impl._M_start); }
 888:C:/Program Files (x86)/Arm GNU Toolchain arm-none-eabi/14.3 rel1/arm-none-eabi/include/c++/14.3.1/bits\stl_vector.h **** 
 889:C:/Program Files (x86)/Arm GNU Toolchain arm-none-eabi/14.3 rel1/arm-none-eabi/include/c++/14.3.1/bits\stl_vector.h ****       /**
 890:C:/Program Files (x86)/Arm GNU Toolchain arm-none-eabi/14.3 rel1/arm-none-eabi/include/c++/14.3.1/bits\stl_vector.h ****        *  Returns a read-only (constant) iterator that points to the
 891:C:/Program Files (x86)/Arm GNU Toolchain arm-none-eabi/14.3 rel1/arm-none-eabi/include/c++/14.3.1/bits\stl_vector.h ****        *  first element in the %vector.  Iteration is done in ordinary
 892:C:/Program Files (x86)/Arm GNU Toolchain arm-none-eabi/14.3 rel1/arm-none-eabi/include/c++/14.3.1/bits\stl_vector.h ****        *  element order.
 893:C:/Program Files (x86)/Arm GNU Toolchain arm-none-eabi/14.3 rel1/arm-none-eabi/include/c++/14.3.1/bits\stl_vector.h ****        */
 894:C:/Program Files (x86)/Arm GNU Toolchain arm-none-eabi/14.3 rel1/arm-none-eabi/include/c++/14.3.1/bits\stl_vector.h ****       _GLIBCXX_NODISCARD _GLIBCXX20_CONSTEXPR
 895:C:/Program Files (x86)/Arm GNU Toolchain arm-none-eabi/14.3 rel1/arm-none-eabi/include/c++/14.3.1/bits\stl_vector.h ****       const_iterator
 896:C:/Program Files (x86)/Arm GNU Toolchain arm-none-eabi/14.3 rel1/arm-none-eabi/include/c++/14.3.1/bits\stl_vector.h ****       begin() const _GLIBCXX_NOEXCEPT
 897:C:/Program Files (x86)/Arm GNU Toolchain arm-none-eabi/14.3 rel1/arm-none-eabi/include/c++/14.3.1/bits\stl_vector.h ****       { return const_iterator(this->_M_impl._M_start); }
 898:C:/Program Files (x86)/Arm GNU Toolchain arm-none-eabi/14.3 rel1/arm-none-eabi/include/c++/14.3.1/bits\stl_vector.h **** 
 899:C:/Program Files (x86)/Arm GNU Toolchain arm-none-eabi/14.3 rel1/arm-none-eabi/include/c++/14.3.1/bits\stl_vector.h ****       /**
 900:C:/Program Files (x86)/Arm GNU Toolchain arm-none-eabi/14.3 rel1/arm-none-eabi/include/c++/14.3.1/bits\stl_vector.h ****        *  Returns a read/write iterator that points one past the last
 901:C:/Program Files (x86)/Arm GNU Toolchain arm-none-eabi/14.3 rel1/arm-none-eabi/include/c++/14.3.1/bits\stl_vector.h ****        *  element in the %vector.  Iteration is done in ordinary
 902:C:/Program Files (x86)/Arm GNU Toolchain arm-none-eabi/14.3 rel1/arm-none-eabi/include/c++/14.3.1/bits\stl_vector.h ****        *  element order.
 903:C:/Program Files (x86)/Arm GNU Toolchain arm-none-eabi/14.3 rel1/arm-none-eabi/include/c++/14.3.1/bits\stl_vector.h ****        */
 904:C:/Program Files (x86)/Arm GNU Toolchain arm-none-eabi/14.3 rel1/arm-none-eabi/include/c++/14.3.1/bits\stl_vector.h ****       _GLIBCXX_NODISCARD _GLIBCXX20_CONSTEXPR
 905:C:/Program Files (x86)/Arm GNU Toolchain arm-none-eabi/14.3 rel1/arm-none-eabi/include/c++/14.3.1/bits\stl_vector.h ****       iterator
 906:C:/Program Files (x86)/Arm GNU Toolchain arm-none-eabi/14.3 rel1/arm-none-eabi/include/c++/14.3.1/bits\stl_vector.h ****       end() _GLIBCXX_NOEXCEPT
 907:C:/Program Files (x86)/Arm GNU Toolchain arm-none-eabi/14.3 rel1/arm-none-eabi/include/c++/14.3.1/bits\stl_vector.h ****       { return iterator(this->_M_impl._M_finish); }
 908:C:/Program Files (x86)/Arm GNU Toolchain arm-none-eabi/14.3 rel1/arm-none-eabi/include/c++/14.3.1/bits\stl_vector.h **** 
 909:C:/Program Files (x86)/Arm GNU Toolchain arm-none-eabi/14.3 rel1/arm-none-eabi/include/c++/14.3.1/bits\stl_vector.h ****       /**
 910:C:/Program Files (x86)/Arm GNU Toolchain arm-none-eabi/14.3 rel1/arm-none-eabi/include/c++/14.3.1/bits\stl_vector.h ****        *  Returns a read-only (constant) iterator that points one past
 911:C:/Program Files (x86)/Arm GNU Toolchain arm-none-eabi/14.3 rel1/arm-none-eabi/include/c++/14.3.1/bits\stl_vector.h ****        *  the last element in the %vector.  Iteration is done in
 912:C:/Program Files (x86)/Arm GNU Toolchain arm-none-eabi/14.3 rel1/arm-none-eabi/include/c++/14.3.1/bits\stl_vector.h ****        *  ordinary element order.
 913:C:/Program Files (x86)/Arm GNU Toolchain arm-none-eabi/14.3 rel1/arm-none-eabi/include/c++/14.3.1/bits\stl_vector.h ****        */
 914:C:/Program Files (x86)/Arm GNU Toolchain arm-none-eabi/14.3 rel1/arm-none-eabi/include/c++/14.3.1/bits\stl_vector.h ****       _GLIBCXX_NODISCARD _GLIBCXX20_CONSTEXPR
 915:C:/Program Files (x86)/Arm GNU Toolchain arm-none-eabi/14.3 rel1/arm-none-eabi/include/c++/14.3.1/bits\stl_vector.h ****       const_iterator
 916:C:/Program Files (x86)/Arm GNU Toolchain arm-none-eabi/14.3 rel1/arm-none-eabi/include/c++/14.3.1/bits\stl_vector.h ****       end() const _GLIBCXX_NOEXCEPT
 917:C:/Program Files (x86)/Arm GNU Toolchain arm-none-eabi/14.3 rel1/arm-none-eabi/include/c++/14.3.1/bits\stl_vector.h ****       { return const_iterator(this->_M_impl._M_finish); }
 918:C:/Program Files (x86)/Arm GNU Toolchain arm-none-eabi/14.3 rel1/arm-none-eabi/include/c++/14.3.1/bits\stl_vector.h **** 
 919:C:/Program Files (x86)/Arm GNU Toolchain arm-none-eabi/14.3 rel1/arm-none-eabi/include/c++/14.3.1/bits\stl_vector.h ****       /**
 920:C:/Program Files (x86)/Arm GNU Toolchain arm-none-eabi/14.3 rel1/arm-none-eabi/include/c++/14.3.1/bits\stl_vector.h ****        *  Returns a read/write reverse iterator that points to the
 921:C:/Program Files (x86)/Arm GNU Toolchain arm-none-eabi/14.3 rel1/arm-none-eabi/include/c++/14.3.1/bits\stl_vector.h ****        *  last element in the %vector.  Iteration is done in reverse
 922:C:/Program Files (x86)/Arm GNU Toolchain arm-none-eabi/14.3 rel1/arm-none-eabi/include/c++/14.3.1/bits\stl_vector.h ****        *  element order.
 923:C:/Program Files (x86)/Arm GNU Toolchain arm-none-eabi/14.3 rel1/arm-none-eabi/include/c++/14.3.1/bits\stl_vector.h ****        */
 924:C:/Program Files (x86)/Arm GNU Toolchain arm-none-eabi/14.3 rel1/arm-none-eabi/include/c++/14.3.1/bits\stl_vector.h ****       _GLIBCXX_NODISCARD _GLIBCXX20_CONSTEXPR
 925:C:/Program Files (x86)/Arm GNU Toolchain arm-none-eabi/14.3 rel1/arm-none-eabi/include/c++/14.3.1/bits\stl_vector.h ****       reverse_iterator
 926:C:/Program Files (x86)/Arm GNU Toolchain arm-none-eabi/14.3 rel1/arm-none-eabi/include/c++/14.3.1/bits\stl_vector.h ****       rbegin() _GLIBCXX_NOEXCEPT
 927:C:/Program Files (x86)/Arm GNU Toolchain arm-none-eabi/14.3 rel1/arm-none-eabi/include/c++/14.3.1/bits\stl_vector.h ****       { return reverse_iterator(end()); }
 928:C:/Program Files (x86)/Arm GNU Toolchain arm-none-eabi/14.3 rel1/arm-none-eabi/include/c++/14.3.1/bits\stl_vector.h **** 
 929:C:/Program Files (x86)/Arm GNU Toolchain arm-none-eabi/14.3 rel1/arm-none-eabi/include/c++/14.3.1/bits\stl_vector.h ****       /**
 930:C:/Program Files (x86)/Arm GNU Toolchain arm-none-eabi/14.3 rel1/arm-none-eabi/include/c++/14.3.1/bits\stl_vector.h ****        *  Returns a read-only (constant) reverse iterator that points
 931:C:/Program Files (x86)/Arm GNU Toolchain arm-none-eabi/14.3 rel1/arm-none-eabi/include/c++/14.3.1/bits\stl_vector.h ****        *  to the last element in the %vector.  Iteration is done in
 932:C:/Program Files (x86)/Arm GNU Toolchain arm-none-eabi/14.3 rel1/arm-none-eabi/include/c++/14.3.1/bits\stl_vector.h ****        *  reverse element order.
 933:C:/Program Files (x86)/Arm GNU Toolchain arm-none-eabi/14.3 rel1/arm-none-eabi/include/c++/14.3.1/bits\stl_vector.h ****        */
 934:C:/Program Files (x86)/Arm GNU Toolchain arm-none-eabi/14.3 rel1/arm-none-eabi/include/c++/14.3.1/bits\stl_vector.h ****       _GLIBCXX_NODISCARD _GLIBCXX20_CONSTEXPR
 935:C:/Program Files (x86)/Arm GNU Toolchain arm-none-eabi/14.3 rel1/arm-none-eabi/include/c++/14.3.1/bits\stl_vector.h ****       const_reverse_iterator
 936:C:/Program Files (x86)/Arm GNU Toolchain arm-none-eabi/14.3 rel1/arm-none-eabi/include/c++/14.3.1/bits\stl_vector.h ****       rbegin() const _GLIBCXX_NOEXCEPT
 937:C:/Program Files (x86)/Arm GNU Toolchain arm-none-eabi/14.3 rel1/arm-none-eabi/include/c++/14.3.1/bits\stl_vector.h ****       { return const_reverse_iterator(end()); }
ARM GAS  C:\Users\Oliver\AppData\Local\Temp\ccFJcwzV.s 			page 27


 938:C:/Program Files (x86)/Arm GNU Toolchain arm-none-eabi/14.3 rel1/arm-none-eabi/include/c++/14.3.1/bits\stl_vector.h **** 
 939:C:/Program Files (x86)/Arm GNU Toolchain arm-none-eabi/14.3 rel1/arm-none-eabi/include/c++/14.3.1/bits\stl_vector.h ****       /**
 940:C:/Program Files (x86)/Arm GNU Toolchain arm-none-eabi/14.3 rel1/arm-none-eabi/include/c++/14.3.1/bits\stl_vector.h ****        *  Returns a read/write reverse iterator that points to one
 941:C:/Program Files (x86)/Arm GNU Toolchain arm-none-eabi/14.3 rel1/arm-none-eabi/include/c++/14.3.1/bits\stl_vector.h ****        *  before the first element in the %vector.  Iteration is done
 942:C:/Program Files (x86)/Arm GNU Toolchain arm-none-eabi/14.3 rel1/arm-none-eabi/include/c++/14.3.1/bits\stl_vector.h ****        *  in reverse element order.
 943:C:/Program Files (x86)/Arm GNU Toolchain arm-none-eabi/14.3 rel1/arm-none-eabi/include/c++/14.3.1/bits\stl_vector.h ****        */
 944:C:/Program Files (x86)/Arm GNU Toolchain arm-none-eabi/14.3 rel1/arm-none-eabi/include/c++/14.3.1/bits\stl_vector.h ****       _GLIBCXX_NODISCARD _GLIBCXX20_CONSTEXPR
 945:C:/Program Files (x86)/Arm GNU Toolchain arm-none-eabi/14.3 rel1/arm-none-eabi/include/c++/14.3.1/bits\stl_vector.h ****       reverse_iterator
 946:C:/Program Files (x86)/Arm GNU Toolchain arm-none-eabi/14.3 rel1/arm-none-eabi/include/c++/14.3.1/bits\stl_vector.h ****       rend() _GLIBCXX_NOEXCEPT
 947:C:/Program Files (x86)/Arm GNU Toolchain arm-none-eabi/14.3 rel1/arm-none-eabi/include/c++/14.3.1/bits\stl_vector.h ****       { return reverse_iterator(begin()); }
 948:C:/Program Files (x86)/Arm GNU Toolchain arm-none-eabi/14.3 rel1/arm-none-eabi/include/c++/14.3.1/bits\stl_vector.h **** 
 949:C:/Program Files (x86)/Arm GNU Toolchain arm-none-eabi/14.3 rel1/arm-none-eabi/include/c++/14.3.1/bits\stl_vector.h ****       /**
 950:C:/Program Files (x86)/Arm GNU Toolchain arm-none-eabi/14.3 rel1/arm-none-eabi/include/c++/14.3.1/bits\stl_vector.h ****        *  Returns a read-only (constant) reverse iterator that points
 951:C:/Program Files (x86)/Arm GNU Toolchain arm-none-eabi/14.3 rel1/arm-none-eabi/include/c++/14.3.1/bits\stl_vector.h ****        *  to one before the first element in the %vector.  Iteration
 952:C:/Program Files (x86)/Arm GNU Toolchain arm-none-eabi/14.3 rel1/arm-none-eabi/include/c++/14.3.1/bits\stl_vector.h ****        *  is done in reverse element order.
 953:C:/Program Files (x86)/Arm GNU Toolchain arm-none-eabi/14.3 rel1/arm-none-eabi/include/c++/14.3.1/bits\stl_vector.h ****        */
 954:C:/Program Files (x86)/Arm GNU Toolchain arm-none-eabi/14.3 rel1/arm-none-eabi/include/c++/14.3.1/bits\stl_vector.h ****       _GLIBCXX_NODISCARD _GLIBCXX20_CONSTEXPR
 955:C:/Program Files (x86)/Arm GNU Toolchain arm-none-eabi/14.3 rel1/arm-none-eabi/include/c++/14.3.1/bits\stl_vector.h ****       const_reverse_iterator
 956:C:/Program Files (x86)/Arm GNU Toolchain arm-none-eabi/14.3 rel1/arm-none-eabi/include/c++/14.3.1/bits\stl_vector.h ****       rend() const _GLIBCXX_NOEXCEPT
 957:C:/Program Files (x86)/Arm GNU Toolchain arm-none-eabi/14.3 rel1/arm-none-eabi/include/c++/14.3.1/bits\stl_vector.h ****       { return const_reverse_iterator(begin()); }
 958:C:/Program Files (x86)/Arm GNU Toolchain arm-none-eabi/14.3 rel1/arm-none-eabi/include/c++/14.3.1/bits\stl_vector.h **** 
 959:C:/Program Files (x86)/Arm GNU Toolchain arm-none-eabi/14.3 rel1/arm-none-eabi/include/c++/14.3.1/bits\stl_vector.h **** #if __cplusplus >= 201103L
 960:C:/Program Files (x86)/Arm GNU Toolchain arm-none-eabi/14.3 rel1/arm-none-eabi/include/c++/14.3.1/bits\stl_vector.h ****       /**
 961:C:/Program Files (x86)/Arm GNU Toolchain arm-none-eabi/14.3 rel1/arm-none-eabi/include/c++/14.3.1/bits\stl_vector.h ****        *  Returns a read-only (constant) iterator that points to the
 962:C:/Program Files (x86)/Arm GNU Toolchain arm-none-eabi/14.3 rel1/arm-none-eabi/include/c++/14.3.1/bits\stl_vector.h ****        *  first element in the %vector.  Iteration is done in ordinary
 963:C:/Program Files (x86)/Arm GNU Toolchain arm-none-eabi/14.3 rel1/arm-none-eabi/include/c++/14.3.1/bits\stl_vector.h ****        *  element order.
 964:C:/Program Files (x86)/Arm GNU Toolchain arm-none-eabi/14.3 rel1/arm-none-eabi/include/c++/14.3.1/bits\stl_vector.h ****        */
 965:C:/Program Files (x86)/Arm GNU Toolchain arm-none-eabi/14.3 rel1/arm-none-eabi/include/c++/14.3.1/bits\stl_vector.h ****       [[__nodiscard__]] _GLIBCXX20_CONSTEXPR
 966:C:/Program Files (x86)/Arm GNU Toolchain arm-none-eabi/14.3 rel1/arm-none-eabi/include/c++/14.3.1/bits\stl_vector.h ****       const_iterator
 967:C:/Program Files (x86)/Arm GNU Toolchain arm-none-eabi/14.3 rel1/arm-none-eabi/include/c++/14.3.1/bits\stl_vector.h ****       cbegin() const noexcept
 968:C:/Program Files (x86)/Arm GNU Toolchain arm-none-eabi/14.3 rel1/arm-none-eabi/include/c++/14.3.1/bits\stl_vector.h ****       { return const_iterator(this->_M_impl._M_start); }
 969:C:/Program Files (x86)/Arm GNU Toolchain arm-none-eabi/14.3 rel1/arm-none-eabi/include/c++/14.3.1/bits\stl_vector.h **** 
 970:C:/Program Files (x86)/Arm GNU Toolchain arm-none-eabi/14.3 rel1/arm-none-eabi/include/c++/14.3.1/bits\stl_vector.h ****       /**
 971:C:/Program Files (x86)/Arm GNU Toolchain arm-none-eabi/14.3 rel1/arm-none-eabi/include/c++/14.3.1/bits\stl_vector.h ****        *  Returns a read-only (constant) iterator that points one past
 972:C:/Program Files (x86)/Arm GNU Toolchain arm-none-eabi/14.3 rel1/arm-none-eabi/include/c++/14.3.1/bits\stl_vector.h ****        *  the last element in the %vector.  Iteration is done in
 973:C:/Program Files (x86)/Arm GNU Toolchain arm-none-eabi/14.3 rel1/arm-none-eabi/include/c++/14.3.1/bits\stl_vector.h ****        *  ordinary element order.
 974:C:/Program Files (x86)/Arm GNU Toolchain arm-none-eabi/14.3 rel1/arm-none-eabi/include/c++/14.3.1/bits\stl_vector.h ****        */
 975:C:/Program Files (x86)/Arm GNU Toolchain arm-none-eabi/14.3 rel1/arm-none-eabi/include/c++/14.3.1/bits\stl_vector.h ****       [[__nodiscard__]] _GLIBCXX20_CONSTEXPR
 976:C:/Program Files (x86)/Arm GNU Toolchain arm-none-eabi/14.3 rel1/arm-none-eabi/include/c++/14.3.1/bits\stl_vector.h ****       const_iterator
 977:C:/Program Files (x86)/Arm GNU Toolchain arm-none-eabi/14.3 rel1/arm-none-eabi/include/c++/14.3.1/bits\stl_vector.h ****       cend() const noexcept
 978:C:/Program Files (x86)/Arm GNU Toolchain arm-none-eabi/14.3 rel1/arm-none-eabi/include/c++/14.3.1/bits\stl_vector.h ****       { return const_iterator(this->_M_impl._M_finish); }
 979:C:/Program Files (x86)/Arm GNU Toolchain arm-none-eabi/14.3 rel1/arm-none-eabi/include/c++/14.3.1/bits\stl_vector.h **** 
 980:C:/Program Files (x86)/Arm GNU Toolchain arm-none-eabi/14.3 rel1/arm-none-eabi/include/c++/14.3.1/bits\stl_vector.h ****       /**
 981:C:/Program Files (x86)/Arm GNU Toolchain arm-none-eabi/14.3 rel1/arm-none-eabi/include/c++/14.3.1/bits\stl_vector.h ****        *  Returns a read-only (constant) reverse iterator that points
 982:C:/Program Files (x86)/Arm GNU Toolchain arm-none-eabi/14.3 rel1/arm-none-eabi/include/c++/14.3.1/bits\stl_vector.h ****        *  to the last element in the %vector.  Iteration is done in
 983:C:/Program Files (x86)/Arm GNU Toolchain arm-none-eabi/14.3 rel1/arm-none-eabi/include/c++/14.3.1/bits\stl_vector.h ****        *  reverse element order.
 984:C:/Program Files (x86)/Arm GNU Toolchain arm-none-eabi/14.3 rel1/arm-none-eabi/include/c++/14.3.1/bits\stl_vector.h ****        */
 985:C:/Program Files (x86)/Arm GNU Toolchain arm-none-eabi/14.3 rel1/arm-none-eabi/include/c++/14.3.1/bits\stl_vector.h ****       [[__nodiscard__]] _GLIBCXX20_CONSTEXPR
 986:C:/Program Files (x86)/Arm GNU Toolchain arm-none-eabi/14.3 rel1/arm-none-eabi/include/c++/14.3.1/bits\stl_vector.h ****       const_reverse_iterator
 987:C:/Program Files (x86)/Arm GNU Toolchain arm-none-eabi/14.3 rel1/arm-none-eabi/include/c++/14.3.1/bits\stl_vector.h ****       crbegin() const noexcept
 988:C:/Program Files (x86)/Arm GNU Toolchain arm-none-eabi/14.3 rel1/arm-none-eabi/include/c++/14.3.1/bits\stl_vector.h ****       { return const_reverse_iterator(end()); }
 989:C:/Program Files (x86)/Arm GNU Toolchain arm-none-eabi/14.3 rel1/arm-none-eabi/include/c++/14.3.1/bits\stl_vector.h **** 
 990:C:/Program Files (x86)/Arm GNU Toolchain arm-none-eabi/14.3 rel1/arm-none-eabi/include/c++/14.3.1/bits\stl_vector.h ****       /**
 991:C:/Program Files (x86)/Arm GNU Toolchain arm-none-eabi/14.3 rel1/arm-none-eabi/include/c++/14.3.1/bits\stl_vector.h ****        *  Returns a read-only (constant) reverse iterator that points
 992:C:/Program Files (x86)/Arm GNU Toolchain arm-none-eabi/14.3 rel1/arm-none-eabi/include/c++/14.3.1/bits\stl_vector.h ****        *  to one before the first element in the %vector.  Iteration
 993:C:/Program Files (x86)/Arm GNU Toolchain arm-none-eabi/14.3 rel1/arm-none-eabi/include/c++/14.3.1/bits\stl_vector.h ****        *  is done in reverse element order.
 994:C:/Program Files (x86)/Arm GNU Toolchain arm-none-eabi/14.3 rel1/arm-none-eabi/include/c++/14.3.1/bits\stl_vector.h ****        */
ARM GAS  C:\Users\Oliver\AppData\Local\Temp\ccFJcwzV.s 			page 28


 995:C:/Program Files (x86)/Arm GNU Toolchain arm-none-eabi/14.3 rel1/arm-none-eabi/include/c++/14.3.1/bits\stl_vector.h ****       [[__nodiscard__]] _GLIBCXX20_CONSTEXPR
 996:C:/Program Files (x86)/Arm GNU Toolchain arm-none-eabi/14.3 rel1/arm-none-eabi/include/c++/14.3.1/bits\stl_vector.h ****       const_reverse_iterator
 997:C:/Program Files (x86)/Arm GNU Toolchain arm-none-eabi/14.3 rel1/arm-none-eabi/include/c++/14.3.1/bits\stl_vector.h ****       crend() const noexcept
 998:C:/Program Files (x86)/Arm GNU Toolchain arm-none-eabi/14.3 rel1/arm-none-eabi/include/c++/14.3.1/bits\stl_vector.h ****       { return const_reverse_iterator(begin()); }
 999:C:/Program Files (x86)/Arm GNU Toolchain arm-none-eabi/14.3 rel1/arm-none-eabi/include/c++/14.3.1/bits\stl_vector.h **** #endif
1000:C:/Program Files (x86)/Arm GNU Toolchain arm-none-eabi/14.3 rel1/arm-none-eabi/include/c++/14.3.1/bits\stl_vector.h **** 
1001:C:/Program Files (x86)/Arm GNU Toolchain arm-none-eabi/14.3 rel1/arm-none-eabi/include/c++/14.3.1/bits\stl_vector.h ****       // [23.2.4.2] capacity
1002:C:/Program Files (x86)/Arm GNU Toolchain arm-none-eabi/14.3 rel1/arm-none-eabi/include/c++/14.3.1/bits\stl_vector.h ****       /**  Returns the number of elements in the %vector.  */
1003:C:/Program Files (x86)/Arm GNU Toolchain arm-none-eabi/14.3 rel1/arm-none-eabi/include/c++/14.3.1/bits\stl_vector.h ****       _GLIBCXX_NODISCARD _GLIBCXX20_CONSTEXPR
1004:C:/Program Files (x86)/Arm GNU Toolchain arm-none-eabi/14.3 rel1/arm-none-eabi/include/c++/14.3.1/bits\stl_vector.h ****       size_type
1005:C:/Program Files (x86)/Arm GNU Toolchain arm-none-eabi/14.3 rel1/arm-none-eabi/include/c++/14.3.1/bits\stl_vector.h ****       size() const _GLIBCXX_NOEXCEPT
 402              		.loc 3 1005 7 view .LVU79
 403              	.LBB93:
1006:C:/Program Files (x86)/Arm GNU Toolchain arm-none-eabi/14.3 rel1/arm-none-eabi/include/c++/14.3.1/bits\stl_vector.h ****       { return size_type(this->_M_impl._M_finish - this->_M_impl._M_start); }
 404              		.loc 3 1006 50 is_stmt 0 view .LVU80
 405 0000 D0E90223 		ldrd	r2, r3, [r0, #8]
 406 0004 9B1A     		subs	r3, r3, r2
 407              	.LBE93:
 408              	.LBE92:
 409              		.loc 1 80 5 discriminator 1 view .LVU81
 410 0006 102B     		cmp	r3, #16
 411 0008 00D8     		bhi	.L19
 412 000a 7047     		bx	lr
 413              	.L19:
 414              	.LBB94:
  81:effects/waheffect.cpp ****         // Mix parameter (index 0) - handled in Process
  82:effects/waheffect.cpp **** 
  83:effects/waheffect.cpp ****         float lowFreq = parameters_[3]->GetValue();
 415              		.loc 1 83 9 is_stmt 1 view .LVU82
 416              	.LBE94:
 417              	.LBE91:
  78:effects/waheffect.cpp ****     // Update filter parameters from effect parameters
 418              		.loc 1 78 26 is_stmt 0 view .LVU83
 419 000c 70B5     		push	{r4, r5, r6, lr}
 420              		.cfi_def_cfa_offset 16
 421              		.cfi_offset 4, -16
 422              		.cfi_offset 5, -12
 423              		.cfi_offset 6, -8
 424              		.cfi_offset 14, -4
 425 000e 0446     		mov	r4, r0
 426              	.LBB101:
 427              	.LBB98:
 428              		.loc 1 83 49 discriminator 1 view .LVU84
 429 0010 D068     		ldr	r0, [r2, #12]
 430              	.LVL33:
 431              		.loc 1 83 49 discriminator 1 view .LVU85
 432              	.LBE98:
 433              	.LBE101:
  78:effects/waheffect.cpp ****     // Update filter parameters from effect parameters
 434              		.loc 1 78 26 view .LVU86
 435 0012 2DED028B 		vpush.64	{d8}
 436              		.cfi_def_cfa_offset 24
 437              		.cfi_offset 80, -24
 438              		.cfi_offset 81, -20
 439              	.LBB102:
 440              	.LBB99:
 441              		.loc 1 83 49 discriminator 1 view .LVU87
ARM GAS  C:\Users\Oliver\AppData\Local\Temp\ccFJcwzV.s 			page 29


 442 0016 FFF7FEFF 		bl	_ZNK11perspective15EffectParameter8GetValueEv
 443              	.LVL34:
  84:effects/waheffect.cpp ****         float highFreq = parameters_[4]->GetValue();
 444              		.loc 1 84 50 discriminator 1 view .LVU88
 445 001a A368     		ldr	r3, [r4, #8]
  83:effects/waheffect.cpp ****         float highFreq = parameters_[4]->GetValue();
 446              		.loc 1 83 49 discriminator 1 view .LVU89
 447 001c F0EE408A 		vmov.f32	s17, s0
 448              	.LVL35:
 449              		.loc 1 84 9 is_stmt 1 view .LVU90
 450              	.LBB95:
 451              	.LBI95:
1007:C:/Program Files (x86)/Arm GNU Toolchain arm-none-eabi/14.3 rel1/arm-none-eabi/include/c++/14.3.1/bits\stl_vector.h **** 
1008:C:/Program Files (x86)/Arm GNU Toolchain arm-none-eabi/14.3 rel1/arm-none-eabi/include/c++/14.3.1/bits\stl_vector.h ****       /**  Returns the size() of the largest possible %vector.  */
1009:C:/Program Files (x86)/Arm GNU Toolchain arm-none-eabi/14.3 rel1/arm-none-eabi/include/c++/14.3.1/bits\stl_vector.h ****       _GLIBCXX_NODISCARD _GLIBCXX20_CONSTEXPR
1010:C:/Program Files (x86)/Arm GNU Toolchain arm-none-eabi/14.3 rel1/arm-none-eabi/include/c++/14.3.1/bits\stl_vector.h ****       size_type
1011:C:/Program Files (x86)/Arm GNU Toolchain arm-none-eabi/14.3 rel1/arm-none-eabi/include/c++/14.3.1/bits\stl_vector.h ****       max_size() const _GLIBCXX_NOEXCEPT
1012:C:/Program Files (x86)/Arm GNU Toolchain arm-none-eabi/14.3 rel1/arm-none-eabi/include/c++/14.3.1/bits\stl_vector.h ****       { return _S_max_size(_M_get_Tp_allocator()); }
1013:C:/Program Files (x86)/Arm GNU Toolchain arm-none-eabi/14.3 rel1/arm-none-eabi/include/c++/14.3.1/bits\stl_vector.h **** 
1014:C:/Program Files (x86)/Arm GNU Toolchain arm-none-eabi/14.3 rel1/arm-none-eabi/include/c++/14.3.1/bits\stl_vector.h **** #if __cplusplus >= 201103L
1015:C:/Program Files (x86)/Arm GNU Toolchain arm-none-eabi/14.3 rel1/arm-none-eabi/include/c++/14.3.1/bits\stl_vector.h ****       /**
1016:C:/Program Files (x86)/Arm GNU Toolchain arm-none-eabi/14.3 rel1/arm-none-eabi/include/c++/14.3.1/bits\stl_vector.h ****        *  @brief  Resizes the %vector to the specified number of elements.
1017:C:/Program Files (x86)/Arm GNU Toolchain arm-none-eabi/14.3 rel1/arm-none-eabi/include/c++/14.3.1/bits\stl_vector.h ****        *  @param  __new_size  Number of elements the %vector should contain.
1018:C:/Program Files (x86)/Arm GNU Toolchain arm-none-eabi/14.3 rel1/arm-none-eabi/include/c++/14.3.1/bits\stl_vector.h ****        *
1019:C:/Program Files (x86)/Arm GNU Toolchain arm-none-eabi/14.3 rel1/arm-none-eabi/include/c++/14.3.1/bits\stl_vector.h ****        *  This function will %resize the %vector to the specified
1020:C:/Program Files (x86)/Arm GNU Toolchain arm-none-eabi/14.3 rel1/arm-none-eabi/include/c++/14.3.1/bits\stl_vector.h ****        *  number of elements.  If the number is smaller than the
1021:C:/Program Files (x86)/Arm GNU Toolchain arm-none-eabi/14.3 rel1/arm-none-eabi/include/c++/14.3.1/bits\stl_vector.h ****        *  %vector's current size the %vector is truncated, otherwise
1022:C:/Program Files (x86)/Arm GNU Toolchain arm-none-eabi/14.3 rel1/arm-none-eabi/include/c++/14.3.1/bits\stl_vector.h ****        *  default constructed elements are appended.
1023:C:/Program Files (x86)/Arm GNU Toolchain arm-none-eabi/14.3 rel1/arm-none-eabi/include/c++/14.3.1/bits\stl_vector.h ****        */
1024:C:/Program Files (x86)/Arm GNU Toolchain arm-none-eabi/14.3 rel1/arm-none-eabi/include/c++/14.3.1/bits\stl_vector.h ****       _GLIBCXX20_CONSTEXPR
1025:C:/Program Files (x86)/Arm GNU Toolchain arm-none-eabi/14.3 rel1/arm-none-eabi/include/c++/14.3.1/bits\stl_vector.h ****       void
1026:C:/Program Files (x86)/Arm GNU Toolchain arm-none-eabi/14.3 rel1/arm-none-eabi/include/c++/14.3.1/bits\stl_vector.h ****       resize(size_type __new_size)
1027:C:/Program Files (x86)/Arm GNU Toolchain arm-none-eabi/14.3 rel1/arm-none-eabi/include/c++/14.3.1/bits\stl_vector.h ****       {
1028:C:/Program Files (x86)/Arm GNU Toolchain arm-none-eabi/14.3 rel1/arm-none-eabi/include/c++/14.3.1/bits\stl_vector.h **** 	if (__new_size > size())
1029:C:/Program Files (x86)/Arm GNU Toolchain arm-none-eabi/14.3 rel1/arm-none-eabi/include/c++/14.3.1/bits\stl_vector.h **** 	  _M_default_append(__new_size - size());
1030:C:/Program Files (x86)/Arm GNU Toolchain arm-none-eabi/14.3 rel1/arm-none-eabi/include/c++/14.3.1/bits\stl_vector.h **** 	else if (__new_size < size())
1031:C:/Program Files (x86)/Arm GNU Toolchain arm-none-eabi/14.3 rel1/arm-none-eabi/include/c++/14.3.1/bits\stl_vector.h **** 	  _M_erase_at_end(this->_M_impl._M_start + __new_size);
1032:C:/Program Files (x86)/Arm GNU Toolchain arm-none-eabi/14.3 rel1/arm-none-eabi/include/c++/14.3.1/bits\stl_vector.h ****       }
1033:C:/Program Files (x86)/Arm GNU Toolchain arm-none-eabi/14.3 rel1/arm-none-eabi/include/c++/14.3.1/bits\stl_vector.h **** 
1034:C:/Program Files (x86)/Arm GNU Toolchain arm-none-eabi/14.3 rel1/arm-none-eabi/include/c++/14.3.1/bits\stl_vector.h ****       /**
1035:C:/Program Files (x86)/Arm GNU Toolchain arm-none-eabi/14.3 rel1/arm-none-eabi/include/c++/14.3.1/bits\stl_vector.h ****        *  @brief  Resizes the %vector to the specified number of elements.
1036:C:/Program Files (x86)/Arm GNU Toolchain arm-none-eabi/14.3 rel1/arm-none-eabi/include/c++/14.3.1/bits\stl_vector.h ****        *  @param  __new_size  Number of elements the %vector should contain.
1037:C:/Program Files (x86)/Arm GNU Toolchain arm-none-eabi/14.3 rel1/arm-none-eabi/include/c++/14.3.1/bits\stl_vector.h ****        *  @param  __x  Data with which new elements should be populated.
1038:C:/Program Files (x86)/Arm GNU Toolchain arm-none-eabi/14.3 rel1/arm-none-eabi/include/c++/14.3.1/bits\stl_vector.h ****        *
1039:C:/Program Files (x86)/Arm GNU Toolchain arm-none-eabi/14.3 rel1/arm-none-eabi/include/c++/14.3.1/bits\stl_vector.h ****        *  This function will %resize the %vector to the specified
1040:C:/Program Files (x86)/Arm GNU Toolchain arm-none-eabi/14.3 rel1/arm-none-eabi/include/c++/14.3.1/bits\stl_vector.h ****        *  number of elements.  If the number is smaller than the
1041:C:/Program Files (x86)/Arm GNU Toolchain arm-none-eabi/14.3 rel1/arm-none-eabi/include/c++/14.3.1/bits\stl_vector.h ****        *  %vector's current size the %vector is truncated, otherwise
1042:C:/Program Files (x86)/Arm GNU Toolchain arm-none-eabi/14.3 rel1/arm-none-eabi/include/c++/14.3.1/bits\stl_vector.h ****        *  the %vector is extended and new elements are populated with
1043:C:/Program Files (x86)/Arm GNU Toolchain arm-none-eabi/14.3 rel1/arm-none-eabi/include/c++/14.3.1/bits\stl_vector.h ****        *  given data.
1044:C:/Program Files (x86)/Arm GNU Toolchain arm-none-eabi/14.3 rel1/arm-none-eabi/include/c++/14.3.1/bits\stl_vector.h ****        */
1045:C:/Program Files (x86)/Arm GNU Toolchain arm-none-eabi/14.3 rel1/arm-none-eabi/include/c++/14.3.1/bits\stl_vector.h ****       _GLIBCXX20_CONSTEXPR
1046:C:/Program Files (x86)/Arm GNU Toolchain arm-none-eabi/14.3 rel1/arm-none-eabi/include/c++/14.3.1/bits\stl_vector.h ****       void
1047:C:/Program Files (x86)/Arm GNU Toolchain arm-none-eabi/14.3 rel1/arm-none-eabi/include/c++/14.3.1/bits\stl_vector.h ****       resize(size_type __new_size, const value_type& __x)
1048:C:/Program Files (x86)/Arm GNU Toolchain arm-none-eabi/14.3 rel1/arm-none-eabi/include/c++/14.3.1/bits\stl_vector.h ****       {
1049:C:/Program Files (x86)/Arm GNU Toolchain arm-none-eabi/14.3 rel1/arm-none-eabi/include/c++/14.3.1/bits\stl_vector.h **** 	if (__new_size > size())
1050:C:/Program Files (x86)/Arm GNU Toolchain arm-none-eabi/14.3 rel1/arm-none-eabi/include/c++/14.3.1/bits\stl_vector.h **** 	  _M_fill_insert(end(), __new_size - size(), __x);
1051:C:/Program Files (x86)/Arm GNU Toolchain arm-none-eabi/14.3 rel1/arm-none-eabi/include/c++/14.3.1/bits\stl_vector.h **** 	else if (__new_size < size())
ARM GAS  C:\Users\Oliver\AppData\Local\Temp\ccFJcwzV.s 			page 30


1052:C:/Program Files (x86)/Arm GNU Toolchain arm-none-eabi/14.3 rel1/arm-none-eabi/include/c++/14.3.1/bits\stl_vector.h **** 	  _M_erase_at_end(this->_M_impl._M_start + __new_size);
1053:C:/Program Files (x86)/Arm GNU Toolchain arm-none-eabi/14.3 rel1/arm-none-eabi/include/c++/14.3.1/bits\stl_vector.h ****       }
1054:C:/Program Files (x86)/Arm GNU Toolchain arm-none-eabi/14.3 rel1/arm-none-eabi/include/c++/14.3.1/bits\stl_vector.h **** #else
1055:C:/Program Files (x86)/Arm GNU Toolchain arm-none-eabi/14.3 rel1/arm-none-eabi/include/c++/14.3.1/bits\stl_vector.h ****       /**
1056:C:/Program Files (x86)/Arm GNU Toolchain arm-none-eabi/14.3 rel1/arm-none-eabi/include/c++/14.3.1/bits\stl_vector.h ****        *  @brief  Resizes the %vector to the specified number of elements.
1057:C:/Program Files (x86)/Arm GNU Toolchain arm-none-eabi/14.3 rel1/arm-none-eabi/include/c++/14.3.1/bits\stl_vector.h ****        *  @param  __new_size  Number of elements the %vector should contain.
1058:C:/Program Files (x86)/Arm GNU Toolchain arm-none-eabi/14.3 rel1/arm-none-eabi/include/c++/14.3.1/bits\stl_vector.h ****        *  @param  __x  Data with which new elements should be populated.
1059:C:/Program Files (x86)/Arm GNU Toolchain arm-none-eabi/14.3 rel1/arm-none-eabi/include/c++/14.3.1/bits\stl_vector.h ****        *
1060:C:/Program Files (x86)/Arm GNU Toolchain arm-none-eabi/14.3 rel1/arm-none-eabi/include/c++/14.3.1/bits\stl_vector.h ****        *  This function will %resize the %vector to the specified
1061:C:/Program Files (x86)/Arm GNU Toolchain arm-none-eabi/14.3 rel1/arm-none-eabi/include/c++/14.3.1/bits\stl_vector.h ****        *  number of elements.  If the number is smaller than the
1062:C:/Program Files (x86)/Arm GNU Toolchain arm-none-eabi/14.3 rel1/arm-none-eabi/include/c++/14.3.1/bits\stl_vector.h ****        *  %vector's current size the %vector is truncated, otherwise
1063:C:/Program Files (x86)/Arm GNU Toolchain arm-none-eabi/14.3 rel1/arm-none-eabi/include/c++/14.3.1/bits\stl_vector.h ****        *  the %vector is extended and new elements are populated with
1064:C:/Program Files (x86)/Arm GNU Toolchain arm-none-eabi/14.3 rel1/arm-none-eabi/include/c++/14.3.1/bits\stl_vector.h ****        *  given data.
1065:C:/Program Files (x86)/Arm GNU Toolchain arm-none-eabi/14.3 rel1/arm-none-eabi/include/c++/14.3.1/bits\stl_vector.h ****        */
1066:C:/Program Files (x86)/Arm GNU Toolchain arm-none-eabi/14.3 rel1/arm-none-eabi/include/c++/14.3.1/bits\stl_vector.h ****       _GLIBCXX20_CONSTEXPR
1067:C:/Program Files (x86)/Arm GNU Toolchain arm-none-eabi/14.3 rel1/arm-none-eabi/include/c++/14.3.1/bits\stl_vector.h ****       void
1068:C:/Program Files (x86)/Arm GNU Toolchain arm-none-eabi/14.3 rel1/arm-none-eabi/include/c++/14.3.1/bits\stl_vector.h ****       resize(size_type __new_size, value_type __x = value_type())
1069:C:/Program Files (x86)/Arm GNU Toolchain arm-none-eabi/14.3 rel1/arm-none-eabi/include/c++/14.3.1/bits\stl_vector.h ****       {
1070:C:/Program Files (x86)/Arm GNU Toolchain arm-none-eabi/14.3 rel1/arm-none-eabi/include/c++/14.3.1/bits\stl_vector.h **** 	if (__new_size > size())
1071:C:/Program Files (x86)/Arm GNU Toolchain arm-none-eabi/14.3 rel1/arm-none-eabi/include/c++/14.3.1/bits\stl_vector.h **** 	  _M_fill_insert(end(), __new_size - size(), __x);
1072:C:/Program Files (x86)/Arm GNU Toolchain arm-none-eabi/14.3 rel1/arm-none-eabi/include/c++/14.3.1/bits\stl_vector.h **** 	else if (__new_size < size())
1073:C:/Program Files (x86)/Arm GNU Toolchain arm-none-eabi/14.3 rel1/arm-none-eabi/include/c++/14.3.1/bits\stl_vector.h **** 	  _M_erase_at_end(this->_M_impl._M_start + __new_size);
1074:C:/Program Files (x86)/Arm GNU Toolchain arm-none-eabi/14.3 rel1/arm-none-eabi/include/c++/14.3.1/bits\stl_vector.h ****       }
1075:C:/Program Files (x86)/Arm GNU Toolchain arm-none-eabi/14.3 rel1/arm-none-eabi/include/c++/14.3.1/bits\stl_vector.h **** #endif
1076:C:/Program Files (x86)/Arm GNU Toolchain arm-none-eabi/14.3 rel1/arm-none-eabi/include/c++/14.3.1/bits\stl_vector.h **** 
1077:C:/Program Files (x86)/Arm GNU Toolchain arm-none-eabi/14.3 rel1/arm-none-eabi/include/c++/14.3.1/bits\stl_vector.h **** #if __cplusplus >= 201103L
1078:C:/Program Files (x86)/Arm GNU Toolchain arm-none-eabi/14.3 rel1/arm-none-eabi/include/c++/14.3.1/bits\stl_vector.h ****       /**  A non-binding request to reduce capacity() to size().  */
1079:C:/Program Files (x86)/Arm GNU Toolchain arm-none-eabi/14.3 rel1/arm-none-eabi/include/c++/14.3.1/bits\stl_vector.h ****       _GLIBCXX20_CONSTEXPR
1080:C:/Program Files (x86)/Arm GNU Toolchain arm-none-eabi/14.3 rel1/arm-none-eabi/include/c++/14.3.1/bits\stl_vector.h ****       void
1081:C:/Program Files (x86)/Arm GNU Toolchain arm-none-eabi/14.3 rel1/arm-none-eabi/include/c++/14.3.1/bits\stl_vector.h ****       shrink_to_fit()
1082:C:/Program Files (x86)/Arm GNU Toolchain arm-none-eabi/14.3 rel1/arm-none-eabi/include/c++/14.3.1/bits\stl_vector.h ****       { _M_shrink_to_fit(); }
1083:C:/Program Files (x86)/Arm GNU Toolchain arm-none-eabi/14.3 rel1/arm-none-eabi/include/c++/14.3.1/bits\stl_vector.h **** #endif
1084:C:/Program Files (x86)/Arm GNU Toolchain arm-none-eabi/14.3 rel1/arm-none-eabi/include/c++/14.3.1/bits\stl_vector.h **** 
1085:C:/Program Files (x86)/Arm GNU Toolchain arm-none-eabi/14.3 rel1/arm-none-eabi/include/c++/14.3.1/bits\stl_vector.h ****       /**
1086:C:/Program Files (x86)/Arm GNU Toolchain arm-none-eabi/14.3 rel1/arm-none-eabi/include/c++/14.3.1/bits\stl_vector.h ****        *  Returns the total number of elements that the %vector can
1087:C:/Program Files (x86)/Arm GNU Toolchain arm-none-eabi/14.3 rel1/arm-none-eabi/include/c++/14.3.1/bits\stl_vector.h ****        *  hold before needing to allocate more memory.
1088:C:/Program Files (x86)/Arm GNU Toolchain arm-none-eabi/14.3 rel1/arm-none-eabi/include/c++/14.3.1/bits\stl_vector.h ****        */
1089:C:/Program Files (x86)/Arm GNU Toolchain arm-none-eabi/14.3 rel1/arm-none-eabi/include/c++/14.3.1/bits\stl_vector.h ****       _GLIBCXX_NODISCARD _GLIBCXX20_CONSTEXPR
1090:C:/Program Files (x86)/Arm GNU Toolchain arm-none-eabi/14.3 rel1/arm-none-eabi/include/c++/14.3.1/bits\stl_vector.h ****       size_type
1091:C:/Program Files (x86)/Arm GNU Toolchain arm-none-eabi/14.3 rel1/arm-none-eabi/include/c++/14.3.1/bits\stl_vector.h ****       capacity() const _GLIBCXX_NOEXCEPT
1092:C:/Program Files (x86)/Arm GNU Toolchain arm-none-eabi/14.3 rel1/arm-none-eabi/include/c++/14.3.1/bits\stl_vector.h ****       {
1093:C:/Program Files (x86)/Arm GNU Toolchain arm-none-eabi/14.3 rel1/arm-none-eabi/include/c++/14.3.1/bits\stl_vector.h **** 	return size_type(this->_M_impl._M_end_of_storage
1094:C:/Program Files (x86)/Arm GNU Toolchain arm-none-eabi/14.3 rel1/arm-none-eabi/include/c++/14.3.1/bits\stl_vector.h **** 			   - this->_M_impl._M_start);
1095:C:/Program Files (x86)/Arm GNU Toolchain arm-none-eabi/14.3 rel1/arm-none-eabi/include/c++/14.3.1/bits\stl_vector.h ****       }
1096:C:/Program Files (x86)/Arm GNU Toolchain arm-none-eabi/14.3 rel1/arm-none-eabi/include/c++/14.3.1/bits\stl_vector.h **** 
1097:C:/Program Files (x86)/Arm GNU Toolchain arm-none-eabi/14.3 rel1/arm-none-eabi/include/c++/14.3.1/bits\stl_vector.h ****       /**
1098:C:/Program Files (x86)/Arm GNU Toolchain arm-none-eabi/14.3 rel1/arm-none-eabi/include/c++/14.3.1/bits\stl_vector.h ****        *  Returns true if the %vector is empty.  (Thus begin() would
1099:C:/Program Files (x86)/Arm GNU Toolchain arm-none-eabi/14.3 rel1/arm-none-eabi/include/c++/14.3.1/bits\stl_vector.h ****        *  equal end().)
1100:C:/Program Files (x86)/Arm GNU Toolchain arm-none-eabi/14.3 rel1/arm-none-eabi/include/c++/14.3.1/bits\stl_vector.h ****        */
1101:C:/Program Files (x86)/Arm GNU Toolchain arm-none-eabi/14.3 rel1/arm-none-eabi/include/c++/14.3.1/bits\stl_vector.h ****       _GLIBCXX_NODISCARD _GLIBCXX20_CONSTEXPR
1102:C:/Program Files (x86)/Arm GNU Toolchain arm-none-eabi/14.3 rel1/arm-none-eabi/include/c++/14.3.1/bits\stl_vector.h ****       bool
1103:C:/Program Files (x86)/Arm GNU Toolchain arm-none-eabi/14.3 rel1/arm-none-eabi/include/c++/14.3.1/bits\stl_vector.h ****       empty() const _GLIBCXX_NOEXCEPT
1104:C:/Program Files (x86)/Arm GNU Toolchain arm-none-eabi/14.3 rel1/arm-none-eabi/include/c++/14.3.1/bits\stl_vector.h ****       { return begin() == end(); }
1105:C:/Program Files (x86)/Arm GNU Toolchain arm-none-eabi/14.3 rel1/arm-none-eabi/include/c++/14.3.1/bits\stl_vector.h **** 
1106:C:/Program Files (x86)/Arm GNU Toolchain arm-none-eabi/14.3 rel1/arm-none-eabi/include/c++/14.3.1/bits\stl_vector.h ****       /**
1107:C:/Program Files (x86)/Arm GNU Toolchain arm-none-eabi/14.3 rel1/arm-none-eabi/include/c++/14.3.1/bits\stl_vector.h ****        *  @brief  Attempt to preallocate enough memory for specified number of
1108:C:/Program Files (x86)/Arm GNU Toolchain arm-none-eabi/14.3 rel1/arm-none-eabi/include/c++/14.3.1/bits\stl_vector.h ****        *          elements.
ARM GAS  C:\Users\Oliver\AppData\Local\Temp\ccFJcwzV.s 			page 31


1109:C:/Program Files (x86)/Arm GNU Toolchain arm-none-eabi/14.3 rel1/arm-none-eabi/include/c++/14.3.1/bits\stl_vector.h ****        *  @param  __n  Number of elements required.
1110:C:/Program Files (x86)/Arm GNU Toolchain arm-none-eabi/14.3 rel1/arm-none-eabi/include/c++/14.3.1/bits\stl_vector.h ****        *  @throw  std::length_error  If @a n exceeds @c max_size().
1111:C:/Program Files (x86)/Arm GNU Toolchain arm-none-eabi/14.3 rel1/arm-none-eabi/include/c++/14.3.1/bits\stl_vector.h ****        *
1112:C:/Program Files (x86)/Arm GNU Toolchain arm-none-eabi/14.3 rel1/arm-none-eabi/include/c++/14.3.1/bits\stl_vector.h ****        *  This function attempts to reserve enough memory for the
1113:C:/Program Files (x86)/Arm GNU Toolchain arm-none-eabi/14.3 rel1/arm-none-eabi/include/c++/14.3.1/bits\stl_vector.h ****        *  %vector to hold the specified number of elements.  If the
1114:C:/Program Files (x86)/Arm GNU Toolchain arm-none-eabi/14.3 rel1/arm-none-eabi/include/c++/14.3.1/bits\stl_vector.h ****        *  number requested is more than max_size(), length_error is
1115:C:/Program Files (x86)/Arm GNU Toolchain arm-none-eabi/14.3 rel1/arm-none-eabi/include/c++/14.3.1/bits\stl_vector.h ****        *  thrown.
1116:C:/Program Files (x86)/Arm GNU Toolchain arm-none-eabi/14.3 rel1/arm-none-eabi/include/c++/14.3.1/bits\stl_vector.h ****        *
1117:C:/Program Files (x86)/Arm GNU Toolchain arm-none-eabi/14.3 rel1/arm-none-eabi/include/c++/14.3.1/bits\stl_vector.h ****        *  The advantage of this function is that if optimal code is a
1118:C:/Program Files (x86)/Arm GNU Toolchain arm-none-eabi/14.3 rel1/arm-none-eabi/include/c++/14.3.1/bits\stl_vector.h ****        *  necessity and the user can determine the number of elements
1119:C:/Program Files (x86)/Arm GNU Toolchain arm-none-eabi/14.3 rel1/arm-none-eabi/include/c++/14.3.1/bits\stl_vector.h ****        *  that will be required, the user can reserve the memory in
1120:C:/Program Files (x86)/Arm GNU Toolchain arm-none-eabi/14.3 rel1/arm-none-eabi/include/c++/14.3.1/bits\stl_vector.h ****        *  %advance, and thus prevent a possible reallocation of memory
1121:C:/Program Files (x86)/Arm GNU Toolchain arm-none-eabi/14.3 rel1/arm-none-eabi/include/c++/14.3.1/bits\stl_vector.h ****        *  and copying of %vector data.
1122:C:/Program Files (x86)/Arm GNU Toolchain arm-none-eabi/14.3 rel1/arm-none-eabi/include/c++/14.3.1/bits\stl_vector.h ****        */
1123:C:/Program Files (x86)/Arm GNU Toolchain arm-none-eabi/14.3 rel1/arm-none-eabi/include/c++/14.3.1/bits\stl_vector.h ****       _GLIBCXX20_CONSTEXPR
1124:C:/Program Files (x86)/Arm GNU Toolchain arm-none-eabi/14.3 rel1/arm-none-eabi/include/c++/14.3.1/bits\stl_vector.h ****       void
1125:C:/Program Files (x86)/Arm GNU Toolchain arm-none-eabi/14.3 rel1/arm-none-eabi/include/c++/14.3.1/bits\stl_vector.h ****       reserve(size_type __n);
1126:C:/Program Files (x86)/Arm GNU Toolchain arm-none-eabi/14.3 rel1/arm-none-eabi/include/c++/14.3.1/bits\stl_vector.h **** 
1127:C:/Program Files (x86)/Arm GNU Toolchain arm-none-eabi/14.3 rel1/arm-none-eabi/include/c++/14.3.1/bits\stl_vector.h ****       // element access
1128:C:/Program Files (x86)/Arm GNU Toolchain arm-none-eabi/14.3 rel1/arm-none-eabi/include/c++/14.3.1/bits\stl_vector.h ****       /**
1129:C:/Program Files (x86)/Arm GNU Toolchain arm-none-eabi/14.3 rel1/arm-none-eabi/include/c++/14.3.1/bits\stl_vector.h ****        *  @brief  Subscript access to the data contained in the %vector.
1130:C:/Program Files (x86)/Arm GNU Toolchain arm-none-eabi/14.3 rel1/arm-none-eabi/include/c++/14.3.1/bits\stl_vector.h ****        *  @param __n The index of the element for which data should be
1131:C:/Program Files (x86)/Arm GNU Toolchain arm-none-eabi/14.3 rel1/arm-none-eabi/include/c++/14.3.1/bits\stl_vector.h ****        *  accessed.
1132:C:/Program Files (x86)/Arm GNU Toolchain arm-none-eabi/14.3 rel1/arm-none-eabi/include/c++/14.3.1/bits\stl_vector.h ****        *  @return  Read/write reference to data.
1133:C:/Program Files (x86)/Arm GNU Toolchain arm-none-eabi/14.3 rel1/arm-none-eabi/include/c++/14.3.1/bits\stl_vector.h ****        *
1134:C:/Program Files (x86)/Arm GNU Toolchain arm-none-eabi/14.3 rel1/arm-none-eabi/include/c++/14.3.1/bits\stl_vector.h ****        *  This operator allows for easy, array-style, data access.
1135:C:/Program Files (x86)/Arm GNU Toolchain arm-none-eabi/14.3 rel1/arm-none-eabi/include/c++/14.3.1/bits\stl_vector.h ****        *  Note that data access with this operator is unchecked and
1136:C:/Program Files (x86)/Arm GNU Toolchain arm-none-eabi/14.3 rel1/arm-none-eabi/include/c++/14.3.1/bits\stl_vector.h ****        *  out_of_range lookups are not defined. (For checked lookups
1137:C:/Program Files (x86)/Arm GNU Toolchain arm-none-eabi/14.3 rel1/arm-none-eabi/include/c++/14.3.1/bits\stl_vector.h ****        *  see at().)
1138:C:/Program Files (x86)/Arm GNU Toolchain arm-none-eabi/14.3 rel1/arm-none-eabi/include/c++/14.3.1/bits\stl_vector.h ****        */
1139:C:/Program Files (x86)/Arm GNU Toolchain arm-none-eabi/14.3 rel1/arm-none-eabi/include/c++/14.3.1/bits\stl_vector.h ****       _GLIBCXX_NODISCARD _GLIBCXX20_CONSTEXPR
1140:C:/Program Files (x86)/Arm GNU Toolchain arm-none-eabi/14.3 rel1/arm-none-eabi/include/c++/14.3.1/bits\stl_vector.h ****       reference
1141:C:/Program Files (x86)/Arm GNU Toolchain arm-none-eabi/14.3 rel1/arm-none-eabi/include/c++/14.3.1/bits\stl_vector.h ****       operator[](size_type __n) _GLIBCXX_NOEXCEPT
 452              		.loc 3 1141 7 view .LVU91
 453              		.loc 3 1141 7 is_stmt 0 view .LVU92
 454              	.LBE95:
  85:effects/waheffect.cpp ****         if (highFreq < lowFreq + 10.0f) {
  86:effects/waheffect.cpp ****             highFreq = lowFreq + 10.0f;
  87:effects/waheffect.cpp ****         }
  88:effects/waheffect.cpp **** 
  89:effects/waheffect.cpp ****         // Keep the expression sweep position normalized, but display/value in true frequency.
  90:effects/waheffect.cpp ****         EffectParameter* sweepParam = parameters_[2];
  91:effects/waheffect.cpp ****         float sweepNormalized = sweepParam->GetNormalizedValue();
  92:effects/waheffect.cpp ****         sweepParam->SetRange(lowFreq, highFreq);
  93:effects/waheffect.cpp ****         sweepParam->SetNormalizedValue(sweepNormalized);
  94:effects/waheffect.cpp **** 
  95:effects/waheffect.cpp ****         float frequency = sweepParam->GetValue();
  96:effects/waheffect.cpp ****         filterL_.SetFreq(frequency);
 455              		.loc 1 96 25 view .LVU93
 456 0020 04F13006 		add	r6, r4, #48
  84:effects/waheffect.cpp ****         if (highFreq < lowFreq + 10.0f) {
 457              		.loc 1 84 50 discriminator 1 view .LVU94
 458 0024 1869     		ldr	r0, [r3, #16]
 459 0026 FFF7FEFF 		bl	_ZNK11perspective15EffectParameter8GetValueEv
 460              	.LVL36:
  85:effects/waheffect.cpp ****         if (highFreq < lowFreq + 10.0f) {
 461              		.loc 1 85 32 view .LVU95
ARM GAS  C:\Users\Oliver\AppData\Local\Temp\ccFJcwzV.s 			page 32


 462 002a F2EE040A 		vmov.f32	s1, #1.0e+1
  90:effects/waheffect.cpp ****         float sweepNormalized = sweepParam->GetNormalizedValue();
 463              		.loc 1 90 52 discriminator 1 view .LVU96
 464 002e A368     		ldr	r3, [r4, #8]
 465              	.LVL37:
  85:effects/waheffect.cpp ****         if (highFreq < lowFreq + 10.0f) {
 466              		.loc 1 85 9 is_stmt 1 view .LVU97
  85:effects/waheffect.cpp ****         if (highFreq < lowFreq + 10.0f) {
 467              		.loc 1 85 32 is_stmt 0 view .LVU98
 468 0030 78EEA00A 		vadd.f32	s1, s17, s1
  90:effects/waheffect.cpp ****         float sweepNormalized = sweepParam->GetNormalizedValue();
 469              		.loc 1 90 52 discriminator 1 view .LVU99
 470 0034 9D68     		ldr	r5, [r3, #8]
  91:effects/waheffect.cpp ****         sweepParam->SetRange(lowFreq, highFreq);
 471              		.loc 1 91 63 view .LVU100
 472 0036 2846     		mov	r0, r5
 473 0038 F4EEC00A 		vcmpe.f32	s1, s0
 474 003c F1EE10FA 		vmrs	APSR_nzcv, FPSCR
 475 0040 30FE808A 		vselgt.f32	s16, s1, s0
 476              	.LVL38:
  90:effects/waheffect.cpp ****         float sweepNormalized = sweepParam->GetNormalizedValue();
 477              		.loc 1 90 9 is_stmt 1 view .LVU101
 478              	.LBB96:
 479              	.LBI96:
 480              		.loc 3 1141 7 view .LVU102
 481              		.loc 3 1141 7 is_stmt 0 view .LVU103
 482              	.LBE96:
  91:effects/waheffect.cpp ****         sweepParam->SetRange(lowFreq, highFreq);
 483              		.loc 1 91 9 is_stmt 1 view .LVU104
  91:effects/waheffect.cpp ****         sweepParam->SetRange(lowFreq, highFreq);
 484              		.loc 1 91 63 is_stmt 0 view .LVU105
 485 0044 FFF7FEFF 		bl	_ZNK11perspective15EffectParameter18GetNormalizedValueEv
 486              	.LVL39:
  91:effects/waheffect.cpp ****         sweepParam->SetRange(lowFreq, highFreq);
 487              		.loc 1 91 63 view .LVU106
 488 0048 F0EE407A 		vmov.f32	s15, s0
  92:effects/waheffect.cpp ****         sweepParam->SetNormalizedValue(sweepNormalized);
 489              		.loc 1 92 29 view .LVU107
 490 004c 2846     		mov	r0, r5
 491 004e F0EE480A 		vmov.f32	s1, s16
 492 0052 B0EE680A 		vmov.f32	s0, s17
  91:effects/waheffect.cpp ****         sweepParam->SetRange(lowFreq, highFreq);
 493              		.loc 1 91 63 view .LVU108
 494 0056 B0EE678A 		vmov.f32	s16, s15
 495              	.LVL40:
  92:effects/waheffect.cpp ****         sweepParam->SetNormalizedValue(sweepNormalized);
 496              		.loc 1 92 9 is_stmt 1 view .LVU109
  92:effects/waheffect.cpp ****         sweepParam->SetNormalizedValue(sweepNormalized);
 497              		.loc 1 92 29 is_stmt 0 view .LVU110
 498 005a FFF7FEFF 		bl	_ZN11perspective15EffectParameter8SetRangeEff
 499              	.LVL41:
  93:effects/waheffect.cpp **** 
 500              		.loc 1 93 9 is_stmt 1 view .LVU111
  93:effects/waheffect.cpp **** 
 501              		.loc 1 93 39 is_stmt 0 view .LVU112
 502 005e 2846     		mov	r0, r5
 503 0060 B0EE480A 		vmov.f32	s0, s16
ARM GAS  C:\Users\Oliver\AppData\Local\Temp\ccFJcwzV.s 			page 33


 504 0064 FFF7FEFF 		bl	_ZN11perspective15EffectParameter18SetNormalizedValueEf
 505              	.LVL42:
  95:effects/waheffect.cpp ****         filterL_.SetFreq(frequency);
 506              		.loc 1 95 9 is_stmt 1 view .LVU113
  95:effects/waheffect.cpp ****         filterL_.SetFreq(frequency);
 507              		.loc 1 95 47 is_stmt 0 view .LVU114
 508 0068 2846     		mov	r0, r5
 509 006a FFF7FEFF 		bl	_ZNK11perspective15EffectParameter8GetValueEv
 510              	.LVL43:
 511 006e B0EE408A 		vmov.f32	s16, s0
 512              	.LVL44:
 513              		.loc 1 96 9 is_stmt 1 view .LVU115
  97:effects/waheffect.cpp ****         filterR_.SetFreq(frequency);
 514              		.loc 1 97 25 is_stmt 0 view .LVU116
 515 0072 04F17C05 		add	r5, r4, #124
 516              	.LVL45:
  96:effects/waheffect.cpp ****         filterR_.SetFreq(frequency);
 517              		.loc 1 96 25 view .LVU117
 518 0076 3046     		mov	r0, r6
 519 0078 FFF7FEFF 		bl	_ZN7daisysp3Svf7SetFreqEf
 520              	.LVL46:
 521              		.loc 1 97 9 is_stmt 1 view .LVU118
 522              		.loc 1 97 25 is_stmt 0 view .LVU119
 523 007c B0EE480A 		vmov.f32	s0, s16
 524 0080 2846     		mov	r0, r5
 525 0082 FFF7FEFF 		bl	_ZN7daisysp3Svf7SetFreqEf
 526              	.LVL47:
  98:effects/waheffect.cpp **** 
  99:effects/waheffect.cpp ****         // Ensure EP Sweep display reflects the current mapped frequency.
 100:effects/waheffect.cpp ****         RequestParameterDisplayUpdate(2);
 527              		.loc 1 100 9 is_stmt 1 view .LVU120
 528              		.loc 1 100 38 is_stmt 0 view .LVU121
 529 0086 0221     		movs	r1, #2
 530 0088 2046     		mov	r0, r4
 531 008a FFF7FEFF 		bl	_ZN11perspective6Effect29RequestParameterDisplayUpdateEj
 532              	.LVL48:
 101:effects/waheffect.cpp **** 
 102:effects/waheffect.cpp ****         // Resonance parameter (index 1) maps directly to the SVF resonance input
 103:effects/waheffect.cpp ****         float resonance = parameters_[1]->GetValue();
 533              		.loc 1 103 9 is_stmt 1 view .LVU122
 534              	.LBB97:
 535              	.LBI97:
 536              		.loc 3 1141 7 view .LVU123
 537              		.loc 3 1141 7 is_stmt 0 view .LVU124
 538              	.LBE97:
 539              		.loc 1 103 51 discriminator 1 view .LVU125
 540 008e A368     		ldr	r3, [r4, #8]
 541 0090 5868     		ldr	r0, [r3, #4]
 542 0092 FFF7FEFF 		bl	_ZNK11perspective15EffectParameter8GetValueEv
 543              	.LVL49:
 544 0096 B0EE408A 		vmov.f32	s16, s0
 545              	.LVL50:
 104:effects/waheffect.cpp ****         filterL_.SetRes(resonance);
 546              		.loc 1 104 9 is_stmt 1 view .LVU126
 547              		.loc 1 104 24 is_stmt 0 view .LVU127
 548 009a 3046     		mov	r0, r6
 549 009c FFF7FEFF 		bl	_ZN7daisysp3Svf6SetResEf
ARM GAS  C:\Users\Oliver\AppData\Local\Temp\ccFJcwzV.s 			page 34


 550              	.LVL51:
 105:effects/waheffect.cpp ****         filterR_.SetRes(resonance);
 551              		.loc 1 105 9 is_stmt 1 view .LVU128
 552              		.loc 1 105 24 is_stmt 0 view .LVU129
 553 00a0 2846     		mov	r0, r5
 554 00a2 B0EE480A 		vmov.f32	s0, s16
 555              	.LBE99:
 556              	.LBE102:
 106:effects/waheffect.cpp ****     }
 107:effects/waheffect.cpp **** }
 557              		.loc 1 107 1 view .LVU130
 558 00a6 BDEC028B 		vldm	sp!, {d8}
 559              		.cfi_restore 80
 560              		.cfi_restore 81
 561              		.cfi_def_cfa_offset 16
 562              	.LVL52:
 563              		.loc 1 107 1 view .LVU131
 564 00aa BDE87040 		pop	{r4, r5, r6, lr}
 565              		.cfi_restore 14
 566              		.cfi_restore 6
 567              		.cfi_restore 5
 568              		.cfi_restore 4
 569              		.cfi_def_cfa_offset 0
 570              	.LVL53:
 571              	.LBB103:
 572              	.LBB100:
 105:effects/waheffect.cpp ****         filterR_.SetRes(resonance);
 573              		.loc 1 105 24 view .LVU132
 574 00ae FFF7FEBF 		b	_ZN7daisysp3Svf6SetResEf
 575              	.LVL54:
 105:effects/waheffect.cpp ****         filterR_.SetRes(resonance);
 576              		.loc 1 105 24 view .LVU133
 577              	.LBE100:
 578              	.LBE103:
 579              		.cfi_endproc
 580              	.LFE6894:
 582 00b2 00BF     		.section	.text._ZN11perspective9WahEffect7ProcessEPfS1_j,"ax",%progbits
 583              		.align	1
 584              		.p2align 2,,3
 585              		.global	_ZN11perspective9WahEffect7ProcessEPfS1_j
 586              		.syntax unified
 587              		.thumb
 588              		.thumb_func
 590              	_ZN11perspective9WahEffect7ProcessEPfS1_j:
 591              	.LVL55:
 592              	.LFB6892:
  32:effects/waheffect.cpp ****     if (!enabled_) {
 593              		.loc 1 32 61 is_stmt 1 view -0
 594              		.cfi_startproc
 595              		@ args = 0, pretend = 0, frame = 0
 596              		@ frame_needed = 0, uses_anonymous_args = 0
  33:effects/waheffect.cpp ****         // Bypass - pass through dry signal
 597              		.loc 1 33 5 view .LVU135
  32:effects/waheffect.cpp ****     if (!enabled_) {
 598              		.loc 1 32 61 is_stmt 0 view .LVU136
 599 0000 2DE9F843 		push	{r3, r4, r5, r6, r7, r8, r9, lr}
 600              		.cfi_def_cfa_offset 32
ARM GAS  C:\Users\Oliver\AppData\Local\Temp\ccFJcwzV.s 			page 35


 601              		.cfi_offset 3, -32
 602              		.cfi_offset 4, -28
 603              		.cfi_offset 5, -24
 604              		.cfi_offset 6, -20
 605              		.cfi_offset 7, -16
 606              		.cfi_offset 8, -12
 607              		.cfi_offset 9, -8
 608              		.cfi_offset 14, -4
 609 0004 1F46     		mov	r7, r3
 610              	.LBB125:
  33:effects/waheffect.cpp ****         // Bypass - pass through dry signal
 611              		.loc 1 33 5 view .LVU137
 612 0006 037D     		ldrb	r3, [r0, #20]	@ zero_extendqisi2
 613              	.LVL56:
  33:effects/waheffect.cpp ****         // Bypass - pass through dry signal
 614              		.loc 1 33 5 view .LVU138
 615              	.LBE125:
  32:effects/waheffect.cpp ****     if (!enabled_) {
 616              		.loc 1 32 61 view .LVU139
 617 0008 0C46     		mov	r4, r1
 618 000a 1546     		mov	r5, r2
 619 000c 2DED028B 		vpush.64	{d8}
 620              		.cfi_def_cfa_offset 40
 621              		.cfi_offset 80, -40
 622              		.cfi_offset 81, -36
 623              	.LBB126:
  33:effects/waheffect.cpp ****         // Bypass - pass through dry signal
 624              		.loc 1 33 5 view .LVU140
 625 0010 53B3     		cbz	r3, .L36
 626 0012 8046     		mov	r8, r0
 627              	.LBE126:
  42:effects/waheffect.cpp **** 
 628              		.loc 1 42 5 is_stmt 1 view .LVU141
 629              	.LVL57:
 630              	.LBB127:
 631              	.LBI127:
1005:C:/Program Files (x86)/Arm GNU Toolchain arm-none-eabi/14.3 rel1/arm-none-eabi/include/c++/14.3.1/bits\stl_vector.h ****       { return size_type(this->_M_impl._M_finish - this->_M_impl._M_start); }
 632              		.loc 3 1005 7 view .LVU142
 633              	.LBE127:
  42:effects/waheffect.cpp **** 
 634              		.loc 1 42 40 is_stmt 0 discriminator 1 view .LVU143
 635 0014 D0E90232 		ldrd	r3, r2, [r0, #8]
 636              	.LVL58:
  42:effects/waheffect.cpp **** 
 637              		.loc 1 42 40 discriminator 1 view .LVU144
 638 0018 9342     		cmp	r3, r2
 639 001a 22D0     		beq	.L26
  42:effects/waheffect.cpp **** 
 640              		.loc 1 42 66 discriminator 1 view .LVU145
 641 001c 1868     		ldr	r0, [r3]
 642              	.LVL59:
  42:effects/waheffect.cpp **** 
 643              		.loc 1 42 66 discriminator 1 view .LVU146
 644 001e FFF7FEFF 		bl	_ZNK11perspective15EffectParameter8GetValueEv
 645              	.LVL60:
  42:effects/waheffect.cpp **** 
 646              		.loc 1 42 66 discriminator 1 view .LVU147
ARM GAS  C:\Users\Oliver\AppData\Local\Temp\ccFJcwzV.s 			page 36


 647 0022 B0EE408A 		vmov.f32	s16, s0
 648              	.L24:
 649              	.LVL61:
  45:effects/waheffect.cpp ****         filterL_.Process(in[i]);
 650              		.loc 1 45 5 is_stmt 1 view .LVU148
 651              	.LBB128:
  45:effects/waheffect.cpp ****         filterL_.Process(in[i]);
 652              		.loc 1 45 26 discriminator 1 view .LVU149
 653 0026 C7B1     		cbz	r7, .L20
  45:effects/waheffect.cpp ****         filterL_.Process(in[i]);
 654              		.loc 1 45 17 is_stmt 0 view .LVU150
 655 0028 0026     		movs	r6, #0
 656 002a 08F13009 		add	r9, r8, #48
 657              	.LVL62:
 658              	.L25:
 659              	.LBB129:
  46:effects/waheffect.cpp ****         float wet = filterL_.Band();
 660              		.loc 1 46 9 is_stmt 1 view .LVU151
  46:effects/waheffect.cpp ****         float wet = filterL_.Band();
 661              		.loc 1 46 25 is_stmt 0 view .LVU152
 662 002e 94ED000A 		vldr.32	s0, [r4]
 663 0032 4846     		mov	r0, r9
 664 0034 FFF7FEFF 		bl	_ZN7daisysp3Svf7ProcessEf
 665              	.LVL63:
  47:effects/waheffect.cpp ****         out[i] = in[i] * (1.0f - mix) + wet * mix;
 666              		.loc 1 47 9 is_stmt 1 view .LVU153
 667              	.LBB130:
 668              	.LBI130:
  31:dependencies/DaisySP/Source/Filters/svf.h ****     /** Initializes the filter
  32:dependencies/DaisySP/Source/Filters/svf.h ****         float sample_rate - sample rate of the audio engine being run, and the frequency that the P
  33:dependencies/DaisySP/Source/Filters/svf.h ****     */
  34:dependencies/DaisySP/Source/Filters/svf.h ****     void Init(float sample_rate);
  35:dependencies/DaisySP/Source/Filters/svf.h **** 
  36:dependencies/DaisySP/Source/Filters/svf.h **** 
  37:dependencies/DaisySP/Source/Filters/svf.h ****     /** 
  38:dependencies/DaisySP/Source/Filters/svf.h ****         Process the input signal, updating all of the outputs.
  39:dependencies/DaisySP/Source/Filters/svf.h ****     */
  40:dependencies/DaisySP/Source/Filters/svf.h ****     void Process(float in);
  41:dependencies/DaisySP/Source/Filters/svf.h **** 
  42:dependencies/DaisySP/Source/Filters/svf.h **** 
  43:dependencies/DaisySP/Source/Filters/svf.h ****     /** sets the frequency of the cutoff frequency. 
  44:dependencies/DaisySP/Source/Filters/svf.h ****         f must be between 0.0 and sample_rate / 3
  45:dependencies/DaisySP/Source/Filters/svf.h ****     */
  46:dependencies/DaisySP/Source/Filters/svf.h ****     void SetFreq(float f);
  47:dependencies/DaisySP/Source/Filters/svf.h **** 
  48:dependencies/DaisySP/Source/Filters/svf.h ****     /** sets the resonance of the filter.
  49:dependencies/DaisySP/Source/Filters/svf.h ****         Must be between 0.0 and 1.0 to ensure stability.
  50:dependencies/DaisySP/Source/Filters/svf.h ****     */
  51:dependencies/DaisySP/Source/Filters/svf.h ****     void SetRes(float r);
  52:dependencies/DaisySP/Source/Filters/svf.h **** 
  53:dependencies/DaisySP/Source/Filters/svf.h ****     /** sets the drive of the filter 
  54:dependencies/DaisySP/Source/Filters/svf.h ****         affects the response of the resonance of the filter
  55:dependencies/DaisySP/Source/Filters/svf.h ****     */
  56:dependencies/DaisySP/Source/Filters/svf.h ****     void SetDrive(float d);
  57:dependencies/DaisySP/Source/Filters/svf.h ****     /** lowpass output
  58:dependencies/DaisySP/Source/Filters/svf.h ****         \return low pass output of the filter
  59:dependencies/DaisySP/Source/Filters/svf.h ****     */
ARM GAS  C:\Users\Oliver\AppData\Local\Temp\ccFJcwzV.s 			page 37


  60:dependencies/DaisySP/Source/Filters/svf.h ****     inline float Low() { return out_low_; }
  61:dependencies/DaisySP/Source/Filters/svf.h ****     /** highpass output
  62:dependencies/DaisySP/Source/Filters/svf.h ****         \return high pass output of the filter
  63:dependencies/DaisySP/Source/Filters/svf.h ****     */
  64:dependencies/DaisySP/Source/Filters/svf.h ****     inline float High() { return out_high_; }
  65:dependencies/DaisySP/Source/Filters/svf.h ****     /** bandpass output
  66:dependencies/DaisySP/Source/Filters/svf.h ****         \return band pass output of the filter
  67:dependencies/DaisySP/Source/Filters/svf.h ****     */
  68:dependencies/DaisySP/Source/Filters/svf.h ****     inline float Band() { return out_band_; }
 669              		.loc 2 68 18 view .LVU154
 670              	.LBB131:
 671              		.loc 2 68 27 view .LVU155
 672              		.loc 2 68 27 is_stmt 0 view .LVU156
 673              	.LBE131:
 674              	.LBE130:
  48:effects/waheffect.cpp ****     }
 675              		.loc 1 48 9 is_stmt 1 view .LVU157
  48:effects/waheffect.cpp ****     }
 676              		.loc 1 48 32 is_stmt 0 view .LVU158
 677 0038 B7EE007A 		vmov.f32	s14, #1.0e+0
  48:effects/waheffect.cpp ****     }
 678              		.loc 1 48 45 view .LVU159
 679 003c D8ED1A7A 		vldr.32	s15, [r8, #104]
 680              	.LBE129:
  45:effects/waheffect.cpp ****         filterL_.Process(in[i]);
 681              		.loc 1 45 5 discriminator 3 view .LVU160
 682 0040 0136     		adds	r6, r6, #1
 683              	.LVL64:
 684              	.LBB132:
  48:effects/waheffect.cpp ****     }
 685              		.loc 1 48 39 view .LVU161
 686 0042 F4EC016A 		vldmia.32	r4!, {s13}
  48:effects/waheffect.cpp ****     }
 687              		.loc 1 48 32 view .LVU162
 688 0046 37EE487A 		vsub.f32	s14, s14, s16
 689              	.LBE132:
  45:effects/waheffect.cpp ****         filterL_.Process(in[i]);
 690              		.loc 1 45 26 discriminator 1 view .LVU163
 691 004a B742     		cmp	r7, r6
 692              	.LBB133:
  48:effects/waheffect.cpp ****     }
 693              		.loc 1 48 45 view .LVU164
 694 004c 68EE277A 		vmul.f32	s15, s16, s15
  48:effects/waheffect.cpp ****     }
 695              		.loc 1 48 39 view .LVU165
 696 0050 E6EE877A 		vfma.f32	s15, s13, s14
  48:effects/waheffect.cpp ****     }
 697              		.loc 1 48 16 view .LVU166
 698 0054 E5EC017A 		vstmia.32	r5!, {s15}
 699              	.LVL65:
  48:effects/waheffect.cpp ****     }
 700              		.loc 1 48 16 view .LVU167
 701              	.LBE133:
  45:effects/waheffect.cpp ****         filterL_.Process(in[i]);
 702              		.loc 1 45 5 is_stmt 1 discriminator 3 view .LVU168
  45:effects/waheffect.cpp ****         filterL_.Process(in[i]);
 703              		.loc 1 45 26 discriminator 1 view .LVU169
ARM GAS  C:\Users\Oliver\AppData\Local\Temp\ccFJcwzV.s 			page 38


 704 0058 E9D1     		bne	.L25
 705              	.LVL66:
 706              	.L20:
  45:effects/waheffect.cpp ****         filterL_.Process(in[i]);
 707              		.loc 1 45 26 is_stmt 0 discriminator 1 view .LVU170
 708              	.LBE128:
  50:effects/waheffect.cpp **** 
 709              		.loc 1 50 1 view .LVU171
 710 005a BDEC028B 		vldm	sp!, {d8}
 711              		.cfi_remember_state
 712              		.cfi_restore 80
 713              		.cfi_restore 81
 714              		.cfi_def_cfa_offset 32
 715 005e BDE8F883 		pop	{r3, r4, r5, r6, r7, r8, r9, pc}
 716              	.LVL67:
 717              	.L26:
 718              		.cfi_restore_state
  42:effects/waheffect.cpp **** 
 719              		.loc 1 42 40 discriminator 2 view .LVU172
 720 0062 B6EE008A 		vmov.f32	s16, #5.0e-1
 721 0066 DEE7     		b	.L24
 722              	.LVL68:
 723              	.L36:
 724              	.LBB134:
 725              	.LBB135:
 726              	.LBB136:
  35:effects/waheffect.cpp ****             out[i] = in[i];
 727              		.loc 1 35 30 is_stmt 1 discriminator 1 view .LVU173
 728 0068 002F     		cmp	r7, #0
 729 006a F6D0     		beq	.L20
 730 006c 01EB8707 		add	r7, r1, r7, lsl #2
 731              	.LVL69:
 732              	.L23:
  36:effects/waheffect.cpp ****         }
 733              		.loc 1 36 13 view .LVU174
  36:effects/waheffect.cpp ****         }
 734              		.loc 1 36 26 is_stmt 0 view .LVU175
 735 0070 54F8043B 		ldr	r3, [r4], #4	@ float
  35:effects/waheffect.cpp ****             out[i] = in[i];
 736              		.loc 1 35 30 discriminator 1 view .LVU176
 737 0074 BC42     		cmp	r4, r7
  36:effects/waheffect.cpp ****         }
 738              		.loc 1 36 20 view .LVU177
 739 0076 45F8043B 		str	r3, [r5], #4	@ float
  35:effects/waheffect.cpp ****             out[i] = in[i];
 740              		.loc 1 35 9 is_stmt 1 discriminator 3 view .LVU178
  35:effects/waheffect.cpp ****             out[i] = in[i];
 741              		.loc 1 35 30 discriminator 1 view .LVU179
 742 007a F9D1     		bne	.L23
 743              	.LBE136:
 744              	.LBE135:
 745              	.LBE134:
  50:effects/waheffect.cpp **** 
 746              		.loc 1 50 1 is_stmt 0 view .LVU180
 747 007c BDEC028B 		vldm	sp!, {d8}
 748              		.cfi_restore 80
 749              		.cfi_restore 81
ARM GAS  C:\Users\Oliver\AppData\Local\Temp\ccFJcwzV.s 			page 39


 750              		.cfi_def_cfa_offset 32
 751 0080 BDE8F883 		pop	{r3, r4, r5, r6, r7, r8, r9, pc}
 752              		.cfi_endproc
 753              	.LFE6892:
 755              		.section	.text._ZN11perspective9WahEffect13ProcessStereoEPfS1_S1_S1_j,"ax",%progbits
 756              		.align	1
 757              		.p2align 2,,3
 758              		.global	_ZN11perspective9WahEffect13ProcessStereoEPfS1_S1_S1_j
 759              		.syntax unified
 760              		.thumb
 761              		.thumb_func
 763              	_ZN11perspective9WahEffect13ProcessStereoEPfS1_S1_S1_j:
 764              	.LVL70:
 765              	.LFB6893:
  52:effects/waheffect.cpp ****     if (!enabled_) {
 766              		.loc 1 52 94 is_stmt 1 view -0
 767              		.cfi_startproc
 768              		@ args = 8, pretend = 0, frame = 8
 769              		@ frame_needed = 0, uses_anonymous_args = 0
  53:effects/waheffect.cpp ****         // Bypass - pass through dry signal
 770              		.loc 1 53 5 view .LVU182
  52:effects/waheffect.cpp ****     if (!enabled_) {
 771              		.loc 1 52 94 is_stmt 0 view .LVU183
 772 0000 2DE9F04F 		push	{r4, r5, r6, r7, r8, r9, r10, fp, lr}
 773              		.cfi_def_cfa_offset 36
 774              		.cfi_offset 4, -36
 775              		.cfi_offset 5, -32
 776              		.cfi_offset 6, -28
 777              		.cfi_offset 7, -24
 778              		.cfi_offset 8, -20
 779              		.cfi_offset 9, -16
 780              		.cfi_offset 10, -12
 781              		.cfi_offset 11, -8
 782              		.cfi_offset 14, -4
 783 0004 1E46     		mov	r6, r3
 784              	.LBB154:
  53:effects/waheffect.cpp ****         // Bypass - pass through dry signal
 785              		.loc 1 53 5 view .LVU184
 786 0006 037D     		ldrb	r3, [r0, #20]	@ zero_extendqisi2
 787              	.LVL71:
  53:effects/waheffect.cpp ****         // Bypass - pass through dry signal
 788              		.loc 1 53 5 view .LVU185
 789              	.LBE154:
  52:effects/waheffect.cpp ****     if (!enabled_) {
 790              		.loc 1 52 94 view .LVU186
 791 0008 0C46     		mov	r4, r1
 792 000a 1546     		mov	r5, r2
 793 000c 2DED028B 		vpush.64	{d8}
 794              		.cfi_def_cfa_offset 44
 795              		.cfi_offset 80, -44
 796              		.cfi_offset 81, -40
 797 0010 83B0     		sub	sp, sp, #12
 798              		.cfi_def_cfa_offset 56
  52:effects/waheffect.cpp ****     if (!enabled_) {
 799              		.loc 1 52 94 view .LVU187
 800 0012 0F9F     		ldr	r7, [sp, #60]
 801              	.LBB156:
ARM GAS  C:\Users\Oliver\AppData\Local\Temp\ccFJcwzV.s 			page 40


  53:effects/waheffect.cpp ****         // Bypass - pass through dry signal
 802              		.loc 1 53 5 view .LVU188
 803 0014 002B     		cmp	r3, #0
 804 0016 41D0     		beq	.L53
 805 0018 8046     		mov	r8, r0
 806              	.LVL72:
  53:effects/waheffect.cpp ****         // Bypass - pass through dry signal
 807              		.loc 1 53 5 view .LVU189
 808              	.LBE156:
 809              	.LBB157:
 810              	.LBI157:
  52:effects/waheffect.cpp ****     if (!enabled_) {
 811              		.loc 1 52 6 is_stmt 1 view .LVU190
 812              	.LBB158:
  63:effects/waheffect.cpp **** 
 813              		.loc 1 63 5 view .LVU191
 814              	.LBB159:
 815              	.LBI159:
1005:C:/Program Files (x86)/Arm GNU Toolchain arm-none-eabi/14.3 rel1/arm-none-eabi/include/c++/14.3.1/bits\stl_vector.h ****       { return size_type(this->_M_impl._M_finish - this->_M_impl._M_start); }
 816              		.loc 3 1005 7 view .LVU192
 817              	.LBE159:
  63:effects/waheffect.cpp **** 
 818              		.loc 1 63 40 is_stmt 0 discriminator 1 view .LVU193
 819 001a D0E90232 		ldrd	r3, r2, [r0, #8]
 820              	.LVL73:
  63:effects/waheffect.cpp **** 
 821              		.loc 1 63 40 discriminator 1 view .LVU194
 822 001e 9A42     		cmp	r2, r3
 823 0020 39D0     		beq	.L43
  63:effects/waheffect.cpp **** 
 824              		.loc 1 63 66 discriminator 1 view .LVU195
 825 0022 1868     		ldr	r0, [r3]
 826              	.LVL74:
  63:effects/waheffect.cpp **** 
 827              		.loc 1 63 66 discriminator 1 view .LVU196
 828 0024 FFF7FEFF 		bl	_ZNK11perspective15EffectParameter8GetValueEv
 829              	.LVL75:
  63:effects/waheffect.cpp **** 
 830              		.loc 1 63 66 discriminator 1 view .LVU197
 831 0028 B0EE408A 		vmov.f32	s16, s0
 832              	.L41:
 833              	.LVL76:
  66:effects/waheffect.cpp ****         filterL_.Process(inL[i]);
 834              		.loc 1 66 5 is_stmt 1 view .LVU198
 835              	.LBB160:
  66:effects/waheffect.cpp ****         filterL_.Process(inL[i]);
 836              		.loc 1 66 26 discriminator 1 view .LVU199
 837 002c 77B3     		cbz	r7, .L37
 838 002e 08F17C03 		add	r3, r8, #124
 839 0032 DDF838A0 		ldr	r10, [sp, #56]
  66:effects/waheffect.cpp ****         filterL_.Process(inL[i]);
 840              		.loc 1 66 17 is_stmt 0 view .LVU200
 841 0036 4FF00009 		mov	r9, #0
 842 003a 08F1300B 		add	fp, r8, #48
 843 003e 0193     		str	r3, [sp, #4]
 844              	.LVL77:
 845              	.L42:
ARM GAS  C:\Users\Oliver\AppData\Local\Temp\ccFJcwzV.s 			page 41


 846              	.LBB161:
  67:effects/waheffect.cpp ****         filterR_.Process(inR[i]);
 847              		.loc 1 67 9 is_stmt 1 view .LVU201
  67:effects/waheffect.cpp ****         filterR_.Process(inR[i]);
 848              		.loc 1 67 25 is_stmt 0 view .LVU202
 849 0040 94ED000A 		vldr.32	s0, [r4]
 850 0044 5846     		mov	r0, fp
 851 0046 FFF7FEFF 		bl	_ZN7daisysp3Svf7ProcessEf
 852              	.LVL78:
  68:effects/waheffect.cpp **** 
 853              		.loc 1 68 9 is_stmt 1 view .LVU203
  68:effects/waheffect.cpp **** 
 854              		.loc 1 68 25 is_stmt 0 view .LVU204
 855 004a 95ED000A 		vldr.32	s0, [r5]
 856 004e 0198     		ldr	r0, [sp, #4]
 857              	.LBE161:
  66:effects/waheffect.cpp ****         filterL_.Process(inL[i]);
 858              		.loc 1 66 5 discriminator 3 view .LVU205
 859 0050 09F10109 		add	r9, r9, #1
 860              	.LVL79:
 861              	.LBB168:
  68:effects/waheffect.cpp **** 
 862              		.loc 1 68 25 view .LVU206
 863 0054 FFF7FEFF 		bl	_ZN7daisysp3Svf7ProcessEf
 864              	.LVL80:
  70:effects/waheffect.cpp ****         float wetR = filterR_.Band();
 865              		.loc 1 70 9 is_stmt 1 view .LVU207
 866              	.LBB162:
 867              	.LBI162:
 868              		.loc 2 68 18 view .LVU208
 869              	.LBB163:
 870              		.loc 2 68 27 view .LVU209
 871              		.loc 2 68 27 is_stmt 0 view .LVU210
 872              	.LBE163:
 873              	.LBE162:
  71:effects/waheffect.cpp **** 
 874              		.loc 1 71 9 is_stmt 1 view .LVU211
 875              	.LBB164:
 876              	.LBI164:
 877              		.loc 2 68 18 view .LVU212
 878              	.LBB165:
 879              		.loc 2 68 27 view .LVU213
 880              	.LBE165:
 881              	.LBE164:
  73:effects/waheffect.cpp ****         outR[i] = inR[i] * (1.0f - mix) + wetR * mix;
 882              		.loc 1 73 34 is_stmt 0 view .LVU214
 883 0058 F7EE006A 		vmov.f32	s13, #1.0e+0
  73:effects/waheffect.cpp ****         outR[i] = inR[i] * (1.0f - mix) + wetR * mix;
 884              		.loc 1 73 48 view .LVU215
 885 005c 98ED1A7A 		vldr.32	s14, [r8, #104]
 886              	.LBE168:
  66:effects/waheffect.cpp ****         filterL_.Process(inL[i]);
 887              		.loc 1 66 26 discriminator 1 view .LVU216
 888 0060 4F45     		cmp	r7, r9
 889              	.LBB169:
  73:effects/waheffect.cpp ****         outR[i] = inR[i] * (1.0f - mix) + wetR * mix;
 890              		.loc 1 73 41 view .LVU217
ARM GAS  C:\Users\Oliver\AppData\Local\Temp\ccFJcwzV.s 			page 42


 891 0062 B4EC016A 		vldmia.32	r4!, {s12}
  73:effects/waheffect.cpp ****         outR[i] = inR[i] * (1.0f - mix) + wetR * mix;
 892              		.loc 1 73 34 view .LVU218
 893 0066 76EEC86A 		vsub.f32	s13, s13, s16
 894              	.LBB167:
 895              	.LBB166:
 896              		.loc 2 68 34 view .LVU219
 897 006a D8ED2D7A 		vldr.32	s15, [r8, #180]
 898              	.LVL81:
 899              		.loc 2 68 34 view .LVU220
 900              	.LBE166:
 901              	.LBE167:
  73:effects/waheffect.cpp ****         outR[i] = inR[i] * (1.0f - mix) + wetR * mix;
 902              		.loc 1 73 9 is_stmt 1 view .LVU221
  73:effects/waheffect.cpp ****         outR[i] = inR[i] * (1.0f - mix) + wetR * mix;
 903              		.loc 1 73 48 is_stmt 0 view .LVU222
 904 006e 28EE077A 		vmul.f32	s14, s16, s14
  74:effects/waheffect.cpp ****     }
 905              		.loc 1 74 48 view .LVU223
 906 0072 67EE887A 		vmul.f32	s15, s15, s16
 907              	.LVL82:
  73:effects/waheffect.cpp ****         outR[i] = inR[i] * (1.0f - mix) + wetR * mix;
 908              		.loc 1 73 41 view .LVU224
 909 0076 A6EE267A 		vfma.f32	s14, s12, s13
  73:effects/waheffect.cpp ****         outR[i] = inR[i] * (1.0f - mix) + wetR * mix;
 910              		.loc 1 73 17 view .LVU225
 911 007a A6EC017A 		vstmia.32	r6!, {s14}
 912              	.LVL83:
  74:effects/waheffect.cpp ****     }
 913              		.loc 1 74 9 is_stmt 1 view .LVU226
  74:effects/waheffect.cpp ****     }
 914              		.loc 1 74 41 is_stmt 0 view .LVU227
 915 007e B5EC017A 		vldmia.32	r5!, {s14}
 916 0082 E6EE877A 		vfma.f32	s15, s13, s14
  74:effects/waheffect.cpp ****     }
 917              		.loc 1 74 17 view .LVU228
 918 0086 EAEC017A 		vstmia.32	r10!, {s15}
 919              	.LBE169:
  66:effects/waheffect.cpp ****         filterL_.Process(inL[i]);
 920              		.loc 1 66 5 is_stmt 1 discriminator 3 view .LVU229
 921              	.LVL84:
  66:effects/waheffect.cpp ****         filterL_.Process(inL[i]);
 922              		.loc 1 66 26 discriminator 1 view .LVU230
 923 008a D9D1     		bne	.L42
 924              	.LVL85:
 925              	.L37:
  66:effects/waheffect.cpp ****         filterL_.Process(inL[i]);
 926              		.loc 1 66 26 is_stmt 0 discriminator 1 view .LVU231
 927              	.LBE160:
 928              	.LBE158:
 929              	.LBE157:
  76:effects/waheffect.cpp **** 
 930              		.loc 1 76 1 view .LVU232
 931 008c 03B0     		add	sp, sp, #12
 932              		.cfi_remember_state
 933              		.cfi_def_cfa_offset 44
 934              		@ sp needed
ARM GAS  C:\Users\Oliver\AppData\Local\Temp\ccFJcwzV.s 			page 43


 935 008e BDEC028B 		vldm	sp!, {d8}
 936              		.cfi_restore 80
 937              		.cfi_restore 81
 938              		.cfi_def_cfa_offset 36
 939 0092 BDE8F08F 		pop	{r4, r5, r6, r7, r8, r9, r10, fp, pc}
 940              	.LVL86:
 941              	.L43:
 942              		.cfi_restore_state
 943              	.LBB171:
 944              	.LBB170:
  63:effects/waheffect.cpp **** 
 945              		.loc 1 63 40 discriminator 2 view .LVU233
 946 0096 B6EE008A 		vmov.f32	s16, #5.0e-1
 947 009a C7E7     		b	.L41
 948              	.LVL87:
 949              	.L53:
  63:effects/waheffect.cpp **** 
 950              		.loc 1 63 40 discriminator 2 view .LVU234
 951              	.LBE170:
 952              	.LBE171:
 953              	.LBB172:
 954              	.LBB155:
  55:effects/waheffect.cpp ****             outL[i] = inL[i];
 955              		.loc 1 55 30 is_stmt 1 discriminator 1 view .LVU235
 956 009c 002F     		cmp	r7, #0
 957 009e F5D0     		beq	.L37
 958 00a0 0E9B     		ldr	r3, [sp, #56]
 959 00a2 01EB8707 		add	r7, r1, r7, lsl #2
 960              	.LVL88:
 961              	.L40:
  56:effects/waheffect.cpp ****             outR[i] = inR[i];
 962              		.loc 1 56 13 view .LVU236
  56:effects/waheffect.cpp ****             outR[i] = inR[i];
 963              		.loc 1 56 28 is_stmt 0 view .LVU237
 964 00a6 54F8042B 		ldr	r2, [r4], #4	@ float
  56:effects/waheffect.cpp ****             outR[i] = inR[i];
 965              		.loc 1 56 21 view .LVU238
 966 00aa 46F8042B 		str	r2, [r6], #4	@ float
  57:effects/waheffect.cpp ****         }
 967              		.loc 1 57 13 is_stmt 1 view .LVU239
  55:effects/waheffect.cpp ****             outL[i] = inL[i];
 968              		.loc 1 55 30 is_stmt 0 discriminator 1 view .LVU240
 969 00ae BC42     		cmp	r4, r7
  57:effects/waheffect.cpp ****         }
 970              		.loc 1 57 28 view .LVU241
 971 00b0 55F8042B 		ldr	r2, [r5], #4	@ float
  57:effects/waheffect.cpp ****         }
 972              		.loc 1 57 21 view .LVU242
 973 00b4 43F8042B 		str	r2, [r3], #4	@ float
  55:effects/waheffect.cpp ****             outL[i] = inL[i];
 974              		.loc 1 55 9 is_stmt 1 discriminator 3 view .LVU243
  55:effects/waheffect.cpp ****             outL[i] = inL[i];
 975              		.loc 1 55 30 discriminator 1 view .LVU244
 976 00b8 F5D1     		bne	.L40
 977              	.LBE155:
 978              	.LBE172:
  76:effects/waheffect.cpp **** 
ARM GAS  C:\Users\Oliver\AppData\Local\Temp\ccFJcwzV.s 			page 44


 979              		.loc 1 76 1 is_stmt 0 view .LVU245
 980 00ba 03B0     		add	sp, sp, #12
 981              		.cfi_def_cfa_offset 44
 982              		@ sp needed
 983 00bc BDEC028B 		vldm	sp!, {d8}
 984              		.cfi_restore 80
 985              		.cfi_restore 81
 986              		.cfi_def_cfa_offset 36
 987 00c0 BDE8F08F 		pop	{r4, r5, r6, r7, r8, r9, r10, fp, pc}
  76:effects/waheffect.cpp **** 
 988              		.loc 1 76 1 view .LVU246
 989              		.cfi_endproc
 990              	.LFE6893:
 992              		.section	.rodata._ZN11perspective9WahEffectC2Ev.str1.4,"aMS",%progbits,1
 993              		.align	2
 994              	.LC5:
 995 0000 57616800 		.ascii	"Wah\000"
 996              		.section	.text._ZN11perspective9WahEffectC2Ev,"ax",%progbits
 997              		.align	1
 998              		.p2align 2,,3
 999              		.global	_ZN11perspective9WahEffectC2Ev
 1000              		.syntax unified
 1001              		.thumb
 1002              		.thumb_func
 1004              	_ZN11perspective9WahEffectC2Ev:
 1005              	.LVL89:
 1006              	.LFB6885:
   7:effects/waheffect.cpp ****     : Effect("Wah") {
 1007              		.loc 1 7 1 is_stmt 1 view -0
 1008              		.cfi_startproc
 1009              		@ args = 0, pretend = 0, frame = 0
 1010              		@ frame_needed = 0, uses_anonymous_args = 0
   7:effects/waheffect.cpp ****     : Effect("Wah") {
 1011              		.loc 1 7 1 is_stmt 0 view .LVU248
 1012 0000 10B5     		push	{r4, lr}
 1013              		.cfi_def_cfa_offset 8
 1014              		.cfi_offset 4, -8
 1015              		.cfi_offset 14, -4
 1016              	.LBB173:
   8:effects/waheffect.cpp **** }
 1017              		.loc 1 8 19 view .LVU249
 1018 0002 0449     		ldr	r1, .L56
 1019              	.LBE173:
   7:effects/waheffect.cpp ****     : Effect("Wah") {
 1020              		.loc 1 7 1 view .LVU250
 1021 0004 0446     		mov	r4, r0
 1022              	.LBB176:
   8:effects/waheffect.cpp **** }
 1023              		.loc 1 8 19 view .LVU251
 1024 0006 FFF7FEFF 		bl	_ZN11perspective6EffectC2EPKc
 1025              	.LVL90:
   8:effects/waheffect.cpp **** }
 1026              		.loc 1 8 19 discriminator 1 view .LVU252
 1027 000a 034B     		ldr	r3, .L56+4
 1028              	.LBE176:
   9:effects/waheffect.cpp **** 
 1029              		.loc 1 9 1 view .LVU253
ARM GAS  C:\Users\Oliver\AppData\Local\Temp\ccFJcwzV.s 			page 45


 1030 000c 2046     		mov	r0, r4
 1031              	.LBB177:
   8:effects/waheffect.cpp **** }
 1032              		.loc 1 8 19 discriminator 1 view .LVU254
 1033 000e 2360     		str	r3, [r4]
 1034              	.LVL91:
 1035              	.LBB174:
 1036              	.LBI174:
  29:dependencies/DaisySP/Source/Filters/svf.h ****     ~Svf() {}
 1037              		.loc 2 29 5 is_stmt 1 view .LVU255
  29:dependencies/DaisySP/Source/Filters/svf.h ****     ~Svf() {}
 1038              		.loc 2 29 5 is_stmt 0 view .LVU256
 1039              	.LBE174:
 1040              	.LBB175:
 1041              	.LBI175:
  29:dependencies/DaisySP/Source/Filters/svf.h ****     ~Svf() {}
 1042              		.loc 2 29 5 is_stmt 1 view .LVU257
  29:dependencies/DaisySP/Source/Filters/svf.h ****     ~Svf() {}
 1043              		.loc 2 29 5 is_stmt 0 view .LVU258
 1044              	.LBE175:
 1045              	.LBE177:
   9:effects/waheffect.cpp **** 
 1046              		.loc 1 9 1 view .LVU259
 1047 0010 10BD     		pop	{r4, pc}
 1048              	.LVL92:
 1049              	.L57:
   9:effects/waheffect.cpp **** 
 1050              		.loc 1 9 1 view .LVU260
 1051 0012 00BF     		.align	2
 1052              	.L56:
 1053 0014 00000000 		.word	.LC5
 1054 0018 08000000 		.word	_ZTVN11perspective9WahEffectE+8
 1055              		.cfi_endproc
 1056              	.LFE6885:
 1058              		.global	_ZN11perspective9WahEffectC1Ev
 1059              		.thumb_set _ZN11perspective9WahEffectC1Ev,_ZN11perspective9WahEffectC2Ev
 1060              		.global	_ZTVN11perspective9WahEffectE
 1061              		.section	.rodata._ZTVN11perspective9WahEffectE,"a"
 1062              		.align	2
 1065              	_ZTVN11perspective9WahEffectE:
 1066 0000 00000000 		.word	0
 1067 0004 00000000 		.word	0
 1068 0008 00000000 		.word	_ZN11perspective9WahEffectD1Ev
 1069 000c 00000000 		.word	_ZN11perspective9WahEffectD0Ev
 1070 0010 00000000 		.word	_ZN11perspective9WahEffect4InitEf
 1071 0014 00000000 		.word	_ZN11perspective9WahEffect7ProcessEPfS1_j
 1072 0018 00000000 		.word	_ZN11perspective9WahEffect13ProcessStereoEPfS1_S1_S1_j
 1073 001c 00000000 		.word	_ZN11perspective9WahEffect6UpdateEv
 1074 0020 00000000 		.word	_ZN11perspective6Effect8SetTempoEf
 1075 0024 00000000 		.word	_ZN11perspective6Effect19SetMetronomeEnabledEb
 1076 0028 00000000 		.word	_ZNK11perspective6Effect23GetTempoPulseBrightnessEv
 1077 002c 00000000 		.word	_ZN11perspective6Effect10OnSelectedEv
 1078 0030 00000000 		.word	_ZN11perspective6Effect12OnDeselectedEv
 1079              		.text
 1080              	.Letext0:
 1081              		.file 4 "C:/Program Files (x86)/Arm GNU Toolchain arm-none-eabi/14.3 rel1/arm-none-eabi/include/ma
 1082              		.file 5 "C:/Program Files (x86)/Arm GNU Toolchain arm-none-eabi/14.3 rel1/arm-none-eabi/include/sy
ARM GAS  C:\Users\Oliver\AppData\Local\Temp\ccFJcwzV.s 			page 46


 1083              		.file 6 "C:/Program Files (x86)/Arm GNU Toolchain arm-none-eabi/14.3 rel1/arm-none-eabi/include/st
 1084              		.file 7 "C:/Program Files (x86)/Arm GNU Toolchain arm-none-eabi/14.3 rel1/lib/gcc/arm-none-eabi/14
 1085              		.file 8 "C:/Program Files (x86)/Arm GNU Toolchain arm-none-eabi/14.3 rel1/arm-none-eabi/include/c+
 1086              		.file 9 "C:/Program Files (x86)/Arm GNU Toolchain arm-none-eabi/14.3 rel1/arm-none-eabi/include/c+
 1087              		.file 10 "C:/Program Files (x86)/Arm GNU Toolchain arm-none-eabi/14.3 rel1/arm-none-eabi/include/c
 1088              		.file 11 "C:/Program Files (x86)/Arm GNU Toolchain arm-none-eabi/14.3 rel1/arm-none-eabi/include/c
 1089              		.file 12 "C:/Program Files (x86)/Arm GNU Toolchain arm-none-eabi/14.3 rel1/arm-none-eabi/include/c
 1090              		.file 13 "C:/Program Files (x86)/Arm GNU Toolchain arm-none-eabi/14.3 rel1/arm-none-eabi/include/c
 1091              		.file 14 "C:/Program Files (x86)/Arm GNU Toolchain arm-none-eabi/14.3 rel1/arm-none-eabi/include/c
 1092              		.file 15 "C:/Program Files (x86)/Arm GNU Toolchain arm-none-eabi/14.3 rel1/arm-none-eabi/include/c
 1093              		.file 16 "C:/Program Files (x86)/Arm GNU Toolchain arm-none-eabi/14.3 rel1/arm-none-eabi/include/c
 1094              		.file 17 "C:/Program Files (x86)/Arm GNU Toolchain arm-none-eabi/14.3 rel1/arm-none-eabi/include/c
 1095              		.file 18 "C:/Program Files (x86)/Arm GNU Toolchain arm-none-eabi/14.3 rel1/arm-none-eabi/include/c
 1096              		.file 19 "C:/Program Files (x86)/Arm GNU Toolchain arm-none-eabi/14.3 rel1/arm-none-eabi/include/c
 1097              		.file 20 "C:/Program Files (x86)/Arm GNU Toolchain arm-none-eabi/14.3 rel1/arm-none-eabi/include/c
 1098              		.file 21 "C:/Program Files (x86)/Arm GNU Toolchain arm-none-eabi/14.3 rel1/arm-none-eabi/include/c
 1099              		.file 22 "C:/Program Files (x86)/Arm GNU Toolchain arm-none-eabi/14.3 rel1/arm-none-eabi/include/c
 1100              		.file 23 "C:/Program Files (x86)/Arm GNU Toolchain arm-none-eabi/14.3 rel1/arm-none-eabi/include/c
 1101              		.file 24 "C:/Program Files (x86)/Arm GNU Toolchain arm-none-eabi/14.3 rel1/arm-none-eabi/include/c
 1102              		.file 25 "C:/Program Files (x86)/Arm GNU Toolchain arm-none-eabi/14.3 rel1/arm-none-eabi/include/c
 1103              		.file 26 "C:/Program Files (x86)/Arm GNU Toolchain arm-none-eabi/14.3 rel1/arm-none-eabi/include/c
 1104              		.file 27 "C:/Program Files (x86)/Arm GNU Toolchain arm-none-eabi/14.3 rel1/arm-none-eabi/include/c
 1105              		.file 28 "C:/Program Files (x86)/Arm GNU Toolchain arm-none-eabi/14.3 rel1/arm-none-eabi/include/c
 1106              		.file 29 "C:/Program Files (x86)/Arm GNU Toolchain arm-none-eabi/14.3 rel1/arm-none-eabi/include/c
 1107              		.file 30 "C:/Program Files (x86)/Arm GNU Toolchain arm-none-eabi/14.3 rel1/arm-none-eabi/include/c
 1108              		.file 31 "C:/Program Files (x86)/Arm GNU Toolchain arm-none-eabi/14.3 rel1/arm-none-eabi/include/c
 1109              		.file 32 "C:/Program Files (x86)/Arm GNU Toolchain arm-none-eabi/14.3 rel1/arm-none-eabi/include/c
 1110              		.file 33 "C:/Program Files (x86)/Arm GNU Toolchain arm-none-eabi/14.3 rel1/arm-none-eabi/include/c
 1111              		.file 34 "C:/Program Files (x86)/Arm GNU Toolchain arm-none-eabi/14.3 rel1/arm-none-eabi/include/s
 1112              		.file 35 "C:/Program Files (x86)/Arm GNU Toolchain arm-none-eabi/14.3 rel1/arm-none-eabi/include/s
 1113              		.file 36 "C:/Program Files (x86)/Arm GNU Toolchain arm-none-eabi/14.3 rel1/arm-none-eabi/include/s
 1114              		.file 37 "C:/Program Files (x86)/Arm GNU Toolchain arm-none-eabi/14.3 rel1/arm-none-eabi/include/m
 1115              		.file 38 "C:/Program Files (x86)/Arm GNU Toolchain arm-none-eabi/14.3 rel1/arm-none-eabi/include/s
 1116              		.file 39 "C:/Program Files (x86)/Arm GNU Toolchain arm-none-eabi/14.3 rel1/arm-none-eabi/include/c
 1117              		.file 40 "C:/Program Files (x86)/Arm GNU Toolchain arm-none-eabi/14.3 rel1/arm-none-eabi/include/c
 1118              		.file 41 "C:/Program Files (x86)/Arm GNU Toolchain arm-none-eabi/14.3 rel1/arm-none-eabi/include/c
 1119              		.file 42 "dependencies/libDaisy/src/daisy_core.h"
 1120              		.file 43 "dependencies/libDaisy/src/dev/max11300.h"
 1121              		.file 44 "dependencies/libDaisy/src/dev/sr_595.h"
 1122              		.file 45 "dependencies/libDaisy/src/util/wav_format.h"
 1123              		.file 46 "dependencies/libDaisy/src/daisy_seed.h"
 1124              		.file 47 "C:/Program Files (x86)/Arm GNU Toolchain arm-none-eabi/14.3 rel1/arm-none-eabi/include/c
 1125              		.file 48 "C:/Program Files (x86)/Arm GNU Toolchain arm-none-eabi/14.3 rel1/lib/gcc/arm-none-eabi/1
 1126              		.file 49 "C:/Program Files (x86)/Arm GNU Toolchain arm-none-eabi/14.3 rel1/arm-none-eabi/include/s
 1127              		.file 50 "C:/Program Files (x86)/Arm GNU Toolchain arm-none-eabi/14.3 rel1/arm-none-eabi/include/s
 1128              		.file 51 "C:/Program Files (x86)/Arm GNU Toolchain arm-none-eabi/14.3 rel1/arm-none-eabi/include/w
 1129              		.file 52 "dependencies/libDaisy/Middlewares/Third_Party/FatFs/src/integer.h"
 1130              		.file 53 "dependencies/libDaisy/Middlewares/Third_Party/FatFs/src/ff.h"
 1131              		.file 54 "effects/../parameters/effectparameter.h"
 1132              		.file 55 "effects/../parameters/../controls.h"
 1133              		.file 56 "effects/waheffect.h"
 1134              		.file 57 "effects/effect.h"
 1135              		.file 58 "effects/../parameters/potentiometerparameter.h"
 1136              		.file 59 "dependencies/DaisySP/Source/Control/adenv.h"
 1137              		.file 60 "dependencies/DaisySP/Source/Utility/dsp.h"
 1138              		.file 61 "C:/Program Files (x86)/Arm GNU Toolchain arm-none-eabi/14.3 rel1/arm-none-eabi/include/l
 1139              		.file 62 "C:/Program Files (x86)/Arm GNU Toolchain arm-none-eabi/14.3 rel1/arm-none-eabi/include/c
ARM GAS  C:\Users\Oliver\AppData\Local\Temp\ccFJcwzV.s 			page 47


 1140              		.file 63 "C:/Program Files (x86)/Arm GNU Toolchain arm-none-eabi/14.3 rel1/arm-none-eabi/include/c
 1141              		.file 64 "<built-in>"
ARM GAS  C:\Users\Oliver\AppData\Local\Temp\ccFJcwzV.s 			page 48


DEFINED SYMBOLS
                            *ABS*:00000000 waheffect.cpp
C:\Users\Oliver\AppData\Local\Temp\ccFJcwzV.s:20     .text._ZN11perspective9WahEffectD2Ev:00000000 $t
C:\Users\Oliver\AppData\Local\Temp\ccFJcwzV.s:27     .text._ZN11perspective9WahEffectD2Ev:00000000 _ZN11perspective9WahEffectD2Ev
C:\Users\Oliver\AppData\Local\Temp\ccFJcwzV.s:73     .text._ZN11perspective9WahEffectD2Ev:00000010 $d
C:\Users\Oliver\AppData\Local\Temp\ccFJcwzV.s:1065   .rodata._ZTVN11perspective9WahEffectE:00000000 _ZTVN11perspective9WahEffectE
C:\Users\Oliver\AppData\Local\Temp\ccFJcwzV.s:27     .text._ZN11perspective9WahEffectD2Ev:00000000 _ZN11perspective9WahEffectD1Ev
C:\Users\Oliver\AppData\Local\Temp\ccFJcwzV.s:80     .text._ZN11perspective9WahEffectD0Ev:00000000 $t
C:\Users\Oliver\AppData\Local\Temp\ccFJcwzV.s:87     .text._ZN11perspective9WahEffectD0Ev:00000000 _ZN11perspective9WahEffectD0Ev
C:\Users\Oliver\AppData\Local\Temp\ccFJcwzV.s:144    .text._ZN11perspective9WahEffectD0Ev:00000018 $d
C:\Users\Oliver\AppData\Local\Temp\ccFJcwzV.s:149    .rodata._ZN11perspective9WahEffect4InitEf.str1.4:00000000 $d
C:\Users\Oliver\AppData\Local\Temp\ccFJcwzV.s:165    .text._ZN11perspective9WahEffect4InitEf:00000000 $t
C:\Users\Oliver\AppData\Local\Temp\ccFJcwzV.s:172    .text._ZN11perspective9WahEffect4InitEf:00000000 _ZN11perspective9WahEffect4InitEf
C:\Users\Oliver\AppData\Local\Temp\ccFJcwzV.s:367    .text._ZN11perspective9WahEffect4InitEf:00000110 $d
C:\Users\Oliver\AppData\Local\Temp\ccFJcwzV.s:383    .text._ZN11perspective9WahEffect6UpdateEv:00000000 $t
C:\Users\Oliver\AppData\Local\Temp\ccFJcwzV.s:390    .text._ZN11perspective9WahEffect6UpdateEv:00000000 _ZN11perspective9WahEffect6UpdateEv
C:\Users\Oliver\AppData\Local\Temp\ccFJcwzV.s:583    .text._ZN11perspective9WahEffect7ProcessEPfS1_j:00000000 $t
C:\Users\Oliver\AppData\Local\Temp\ccFJcwzV.s:590    .text._ZN11perspective9WahEffect7ProcessEPfS1_j:00000000 _ZN11perspective9WahEffect7ProcessEPfS1_j
C:\Users\Oliver\AppData\Local\Temp\ccFJcwzV.s:756    .text._ZN11perspective9WahEffect13ProcessStereoEPfS1_S1_S1_j:00000000 $t
C:\Users\Oliver\AppData\Local\Temp\ccFJcwzV.s:763    .text._ZN11perspective9WahEffect13ProcessStereoEPfS1_S1_S1_j:00000000 _ZN11perspective9WahEffect13ProcessStereoEPfS1_S1_S1_j
C:\Users\Oliver\AppData\Local\Temp\ccFJcwzV.s:993    .rodata._ZN11perspective9WahEffectC2Ev.str1.4:00000000 $d
C:\Users\Oliver\AppData\Local\Temp\ccFJcwzV.s:997    .text._ZN11perspective9WahEffectC2Ev:00000000 $t
C:\Users\Oliver\AppData\Local\Temp\ccFJcwzV.s:1004   .text._ZN11perspective9WahEffectC2Ev:00000000 _ZN11perspective9WahEffectC2Ev
C:\Users\Oliver\AppData\Local\Temp\ccFJcwzV.s:1053   .text._ZN11perspective9WahEffectC2Ev:00000014 $d
C:\Users\Oliver\AppData\Local\Temp\ccFJcwzV.s:1004   .text._ZN11perspective9WahEffectC2Ev:00000000 _ZN11perspective9WahEffectC1Ev
C:\Users\Oliver\AppData\Local\Temp\ccFJcwzV.s:1062   .rodata._ZTVN11perspective9WahEffectE:00000000 $d

UNDEFINED SYMBOLS
_ZN11perspective6EffectD2Ev
_ZdlPvj
_ZN7daisysp3Svf4InitEf
_Znwj
_ZN11perspective22PotentiometerParameterC1EPKcfffNS_8PotCurveEii
_ZN11perspective6Effect12AddParameterEPNS_15EffectParameterE
_ZNK11perspective15EffectParameter8GetValueEv
_ZNK11perspective15EffectParameter18GetNormalizedValueEv
_ZN11perspective15EffectParameter8SetRangeEff
_ZN11perspective15EffectParameter18SetNormalizedValueEf
_ZN7daisysp3Svf7SetFreqEf
_ZN11perspective6Effect29RequestParameterDisplayUpdateEj
_ZN7daisysp3Svf6SetResEf
_ZN7daisysp3Svf7ProcessEf
_ZN11perspective6EffectC2EPKc
_ZN11perspective6Effect8SetTempoEf
_ZN11perspective6Effect19SetMetronomeEnabledEb
_ZNK11perspective6Effect23GetTempoPulseBrightnessEv
_ZN11perspective6Effect10OnSelectedEv
_ZN11perspective6Effect12OnDeselectedEv
